player_id,position,season,team_id
MIA_QB_01,QB,32416.0,MIA
MIA_RB_02,RB,34442.0,MIA
MIA_RB_01,RB,24312.0,MIA
MIA_RB_03,RB,34442.0,MIA
MIA_WR_01,WR,34442.0,MIA
MIA_WR_06,WR,34442.0,MIA
MIA_WR_03,WR,34442.0,MIA
MIA_WR_04,WR,10130.0,MIA
MIA_TE_02,TE,34442.0,MIA
MIA_TE_03,TE,30390.0,MIA
MIA_OT_04,OT,28364.0,MIA
MIA_OT_02,OT,34442.0,MIA
MIA_OG_01,OG,32416.0,MIA
MIA_OG_02,OG,28364.0,MIA
MIA_C_01,C,26338.0,MIA
MIA_EDGE_01,EDGE,32416.0,MIA
MIA_EDGE_02,EDGE,30390.0,MIA
MIA_EDGE_04,EDGE,24312.0,MIA
MIA_EDGE_03,EDGE,32416.0,MIA
MIA_DT_01,DT,34442.0,MIA
MIA_DT_04,DT,26338.0,MIA
MIA_DT_02,DT,34442.0,MIA
MIA_LB_03,LB,30390.0,MIA
MIA_LB_05,LB,32416.0,MIA
MIA_LB_04,LB,34442.0,MIA
MIA_CB_03,CB,28364.0,MIA
MIA_CB_01,CB,26338.0,MIA
MIA_CB_02,CB,34442.0,MIA
MIA_CB_05,CB,32416.0,MIA
MIA_S_02,S,28364.0,MIA
MIA_S_03,S,34442.0,MIA
MIA_S_04,S,34442.0,MIA
MIA_K_01,K,34442.0,MIA
MIA_P_01,P,32416.0,MIA
NE_QB_01,QB,34442.0,NE
NE_RB_01,RB,10130.0,NE
NE_RB_03,RB,34442.0,NE
NE_RB_02,RB,18234.0,NE
NE_WR_01,WR,34442.0,NE
NE_WR_03,WR,34442.0,NE
NE_WR_06,WR,34442.0,NE
NE_WR_04,WR,2026.0,NE
NE_TE_01,TE,34442.0,NE
NE_TE_03,TE,32416.0,NE
NE_OT_02,OT,34442.0,NE
NE_OT_03,OT,26338.0,NE
NE_OG_01,OG,34442.0,NE
NE_OG_02,OG,34442.0,NE
NE_C_01,C,34442.0,NE
NE_EDGE_01,EDGE,34442.0,NE
NE_EDGE_02,EDGE,14182.0,NE
NE_EDGE_04,EDGE,32416.0,NE
NE_EDGE_03,EDGE,34442.0,NE
NE_DT_01,DT,22286.0,NE
NE_DT_03,DT,30390.0,NE
NE_DT_04,DT,28364.0,NE
NE_LB_01,LB,34442.0,NE
NE_LB_04,LB,34442.0,NE
NE_LB_02,LB,34442.0,NE
NE_CB_03,CB,34442.0,NE
NE_CB_04,CB,34442.0,NE
NE_CB_01,CB,32416.0,NE
NE_CB_02,CB,34442.0,NE
NE_S_03,S,34442.0,NE
NE_S_02,S,34442.0,NE
NE_S_01,S,34442.0,NE
NE_K_01,K,34442.0,NE
NE_P_01,P,28364.0,NE
CHI_QB_01,QB,34442.0,CHI
CHI_RB_01,RB,34442.0,CHI
CHI_RB_03,RB,34442.0,CHI
CHI_RB_02,RB,34442.0,CHI
CHI_WR_01,WR,34442.0,CHI
CHI_WR_02,WR,28364.0,CHI
CHI_WR_03,WR,34442.0,CHI
CHI_WR_05,WR,28364.0,CHI
CHI_TE_01,TE,26338.0,CHI
CHI_TE_02,TE,34442.0,CHI
CHI_OT_02,OT,34442.0,CHI
CHI_OT_01,OT,32416.0,CHI
CHI_OG_03,OG,34442.0,CHI
CHI_OG_01,OG,34442.0,CHI
CHI_C_01,C,30390.0,CHI
CHI_EDGE_01,EDGE,34442.0,CHI
CHI_EDGE_02,EDGE,34442.0,CHI
CHI_EDGE_05,EDGE,34442.0,CHI
CHI_EDGE_03,EDGE,34442.0,CHI
CHI_DT_02,DT,34442.0,CHI
CHI_DT_01,DT,34442.0,CHI
CHI_DT_03,DT,34442.0,CHI
CHI_LB_02,LB,26338.0,CHI
CHI_LB_04,LB,24312.0,CHI
CHI_LB_01,LB,34442.0,CHI
CHI_CB_01,CB,32416.0,CHI
CHI_CB_03,CB,32416.0,CHI
CHI_CB_02,CB,34442.0,CHI
CHI_CB_04,CB,32416.0,CHI
CHI_S_01,S,34442.0,CHI
CHI_S_02,S,20260.0,CHI
CHI_S_04,S,34442.0,CHI
CHI_K_01,K,32416.0,CHI
CHI_P_01,P,32416.0,CHI
DET_QB_01,QB,34442.0,DET
DET_RB_01,RB,32416.0,DET
DET_RB_02,RB,34442.0,DET
DET_RB_03,RB,30390.0,DET
DET_WR_03,WR,34442.0,DET
DET_WR_02,WR,34442.0,DET
DET_WR_01,WR,34442.0,DET
DET_WR_05,WR,34442.0,DET
DET_TE_01,TE,34442.0,DET
DET_TE_03,TE,34442.0,DET
DET_OT_01,OT,28364.0,DET
DET_OT_02,OT,34442.0,DET
DET_OG_02,OG,34442.0,DET
DET_OG_01,OG,30390.0,DET
DET_C_01,C,34442.0,DET
DET_EDGE_02,EDGE,28364.0,DET
DET_EDGE_01,EDGE,34442.0,DET
DET_EDGE_04,EDGE,30390.0,DET
DET_EDGE_03,EDGE,32416.0,DET
DET_DT_02,DT,34442.0,DET
DET_DT_01,DT,34442.0,DET
DET_DT_05,DT,34442.0,DET
DET_LB_01,LB,32416.0,DET
DET_LB_02,LB,34442.0,DET
DET_LB_05,LB,6078.0,DET
DET_CB_02,CB,24312.0,DET
DET_CB_03,CB,34442.0,DET
DET_CB_01,CB,26338.0,DET
DET_CB_05,CB,30390.0,DET
DET_S_02,S,32416.0,DET
DET_S_04,S,34442.0,DET
DET_S_01,S,34442.0,DET
DET_K_01,K,34442.0,DET
DET_P_01,P,34442.0,DET
GB_QB_01,QB,24312.0,GB
GB_RB_01,RB,34442.0,GB
GB_RB_02,RB,34442.0,GB
GB_RB_03,RB,22286.0,GB
GB_WR_01,WR,34442.0,GB
GB_WR_02,WR,34442.0,GB
GB_WR_03,WR,28364.0,GB
GB_WR_06,WR,32416.0,GB
GB_TE_01,TE,34442.0,GB
GB_TE_03,TE,34442.0,GB
GB_OT_01,OT,34442.0,GB
GB_OT_02,OT,34442.0,GB
GB_OG_02,OG,34442.0,GB
GB_OG_01,OG,34442.0,GB
GB_C_02,C,28364.0,GB
GB_EDGE_01,EDGE,34442.0,GB
GB_EDGE_02,EDGE,34442.0,GB
GB_EDGE_03,EDGE,30390.0,GB
GB_EDGE_04,EDGE,30390.0,GB
GB_DT_01,DT,34442.0,GB
GB_DT_02,DT,28364.0,GB
GB_DT_04,DT,34442.0,GB
GB_LB_02,LB,34442.0,GB
GB_LB_03,LB,34442.0,GB
GB_LB_01,LB,34442.0,GB
GB_CB_03,CB,30390.0,GB
GB_CB_01,CB,34442.0,GB
GB_CB_04,CB,34442.0,GB
GB_CB_02,CB,12156.0,GB
GB_S_02,S,34442.0,GB
GB_S_01,S,32416.0,GB
GB_S_04,S,28364.0,GB
GB_K_01,K,34442.0,GB
GB_P_01,P,34442.0,GB
CIN_QB_01,QB,34442.0,CIN
CIN_RB_01,RB,34442.0,CIN
CIN_RB_02,RB,34442.0,CIN
CIN_RB_03,RB,22286.0,CIN
CIN_WR_01,WR,34442.0,CIN
CIN_WR_04,WR,34442.0,CIN
CIN_WR_02,WR,32416.0,CIN
CIN_WR_03,WR,34442.0,CIN
CIN_TE_01,TE,34442.0,CIN
CIN_TE_03,TE,28364.0,CIN
CIN_OT_01,OT,28364.0,CIN
CIN_OT_03,OT,28364.0,CIN
CIN_OG_02,OG,34442.0,CIN
CIN_OG_03,OG,34442.0,CIN
CIN_C_01,C,32416.0,CIN
CIN_EDGE_02,EDGE,30390.0,CIN
CIN_EDGE_01,EDGE,34442.0,CIN
CIN_EDGE_04,EDGE,34442.0,CIN
CIN_EDGE_03,EDGE,24312.0,CIN
CIN_DT_01,DT,34442.0,CIN
CIN_DT_02,DT,34442.0,CIN
CIN_DT_04,DT,34442.0,CIN
CIN_LB_01,LB,24312.0,CIN
CIN_LB_02,LB,34442.0,CIN
CIN_LB_03,LB,32416.0,CIN
CIN_CB_03,CB,28364.0,CIN
CIN_CB_02,CB,30390.0,CIN
CIN_CB_01,CB,32416.0,CIN
CIN_CB_06,CB,28364.0,CIN
CIN_S_01,S,34442.0,CIN
CIN_S_02,S,34442.0,CIN
CIN_S_04,S,30390.0,CIN
CIN_K_01,K,32416.0,CIN
CIN_P_01,P,34442.0,CIN
SEA_QB_01,QB,34442.0,SEA
SEA_RB_01,RB,34442.0,SEA
SEA_RB_02,RB,34442.0,SEA
SEA_RB_03,RB,34442.0,SEA
SEA_WR_03,WR,26338.0,SEA
SEA_WR_02,WR,34442.0,SEA
SEA_WR_01,WR,34442.0,SEA
SEA_WR_06,WR,34442.0,SEA
SEA_TE_02,TE,34442.0,SEA
SEA_TE_01,TE,34442.0,SEA
SEA_OT_02,OT,34442.0,SEA
SEA_OT_04,OT,4052.0,SEA
SEA_OG_01,OG,34442.0,SEA
SEA_OG_03,OG,34442.0,SEA
SEA_C_01,C,34442.0,SEA
SEA_EDGE_02,EDGE,16208.0,SEA
SEA_EDGE_04,EDGE,8104.0,SEA
SEA_EDGE_01,EDGE,34442.0,SEA
SEA_EDGE_03,EDGE,34442.0,SEA
SEA_DT_02,DT,34442.0,SEA
SEA_DT_01,DT,24312.0,SEA
SEA_DT_04,DT,24312.0,SEA
SEA_LB_01,LB,34442.0,SEA
SEA_LB_02,LB,34442.0,SEA
SEA_LB_04,LB,34442.0,SEA
SEA_CB_02,CB,34442.0,SEA
SEA_CB_03,CB,30390.0,SEA
SEA_CB_01,CB,34442.0,SEA
SEA_CB_04,CB,34442.0,SEA
SEA_S_02,S,34442.0,SEA
SEA_S_01,S,28364.0,SEA
SEA_S_04,S,26338.0,SEA
SEA_K_01,K,34442.0,SEA
SEA_P_01,P,34442.0,SEA
DEN_QB_01,QB,34442.0,DEN
DEN_RB_01,RB,34442.0,DEN
DEN_RB_02,RB,24312.0,DEN
DEN_RB_03,RB,34442.0,DEN
DEN_WR_01,WR,34442.0,DEN
DEN_WR_02,WR,32416.0,DEN
DEN_WR_03,WR,34442.0,DEN
DEN_WR_04,WR,22286.0,DEN
DEN_TE_01,TE,24312.0,DEN
DEN_TE_02,TE,32416.0,DEN
DEN_OT_02,OT,34442.0,DEN
DEN_OT_01,OT,34442.0,DEN
DEN_OG_02,OG,34442.0,DEN
DEN_OG_01,OG,34442.0,DEN
DEN_C_01,C,34442.0,DEN
DEN_EDGE_01,EDGE,24312.0,DEN
DEN_EDGE_02,EDGE,34442.0,DEN
DEN_EDGE_04,EDGE,34442.0,DEN
DEN_EDGE_03,EDGE,34442.0,DEN
DEN_DT_02,DT,34442.0,DEN
DEN_DT_01,DT,34442.0,DEN
DEN_DT_04,DT,22286.0,DEN
DEN_LB_04,LB,32416.0,DEN
DEN_LB_01,LB,32416.0,DEN
DEN_LB_02,LB,34442.0,DEN
DEN_CB_01,CB,34442.0,DEN
DEN_CB_02,CB,34442.0,DEN
DEN_CB_03,CB,34442.0,DEN
DEN_CB_04,CB,26338.0,DEN
DEN_S_01,S,32416.0,DEN
DEN_S_02,S,24312.0,DEN
DEN_S_03,S,34442.0,DEN
DEN_K_01,K,34442.0,DEN
DEN_P_01,P,28364.0,DEN
KC_QB_01,QB,34442.0,KC
KC_RB_01,RB,22286.0,KC
KC_RB_02,RB,34442.0,KC
KC_RB_03,RB,34442.0,KC
KC_WR_03,WR,34442.0,KC
KC_WR_02,WR,34442.0,KC
KC_WR_05,WR,34442.0,KC
KC_WR_04,WR,4052.0,KC
KC_TE_01,TE,34442.0,KC
KC_TE_02,TE,34442.0,KC
KC_OT_01,OT,34442.0,KC
KC_OT_02,OT,22286.0,KC
KC_OG_01,OG,20260.0,KC
KC_OG_02,OG,34442.0,KC
KC_C_01,C,24312.0,KC
KC_EDGE_01,EDGE,34442.0,KC
KC_EDGE_02,EDGE,34442.0,KC
KC_EDGE_04,EDGE,34442.0,KC
KC_EDGE_03,EDGE,32416.0,KC
KC_DT_02,DT,24312.0,KC
KC_DT_01,DT,34442.0,KC
KC_DT_03,DT,34442.0,KC
KC_LB_02,LB,34442.0,KC
KC_LB_03,LB,32416.0,KC
KC_LB_05,LB,6078.0,KC
KC_CB_02,CB,34442.0,KC
KC_CB_03,CB,34442.0,KC
KC_CB_01,CB,30390.0,KC
KC_CB_05,CB,6078.0,KC
KC_S_01,S,30390.0,KC
KC_S_02,S,34442.0,KC
KC_S_04,S,28364.0,KC
KC_K_01,K,34442.0,KC
KC_P_01,P,18234.0,KC
LAR_QB_01,QB,34442.0,LAR
LAR_RB_01,RB,34442.0,LAR
LAR_RB_03,RB,18234.0,LAR
LAR_RB_02,RB,34442.0,LAR
LAR_WR_02,WR,34442.0,LAR
LAR_WR_01,WR,34442.0,LAR
LAR_WR_06,WR,32416.0,LAR
LAR_WR_04,WR,2026.0,LAR
LAR_TE_01,TE,34442.0,LAR
LAR_TE_02,TE,26338.0,LAR
LAR_OT_01,OT,28364.0,LAR
LAR_OT_02,OT,34442.0,LAR
LAR_OG_01,OG,34442.0,LAR
LAR_OG_02,OG,34442.0,LAR
LAR_C_01,C,34442.0,LAR
LAR_EDGE_01,EDGE,20260.0,LAR
LAR_EDGE_02,EDGE,2026.0,LAR
LAR_EDGE_05,EDGE,26338.0,LAR
LAR_EDGE_04,EDGE,34442.0,LAR
LAR_DT_01,DT,34442.0,LAR
LAR_DT_02,DT,30390.0,LAR
LAR_DT_05,DT,34442.0,LAR
LAR_LB_01,LB,34442.0,LAR
LAR_LB_02,LB,34442.0,LAR
LAR_LB_04,LB,34442.0,LAR
LAR_CB_02,CB,34442.0,LAR
LAR_CB_01,CB,34442.0,LAR
LAR_CB_03,CB,24312.0,LAR
LAR_CB_06,CB,34442.0,LAR
LAR_S_02,S,32416.0,LAR
LAR_S_04,S,24312.0,LAR
LAR_S_01,S,34442.0,LAR
LAR_K_01,K,32416.0,LAR
LAR_P_01,P,34442.0,LAR
MIN_QB_01,QB,34442.0,MIN
MIN_RB_01,RB,34442.0,MIN
MIN_RB_03,RB,28364.0,MIN
MIN_RB_02,RB,26338.0,MIN
MIN_WR_01,WR,30390.0,MIN
MIN_WR_02,WR,34442.0,MIN
MIN_WR_03,WR,6078.0,MIN
MIN_WR_04,WR,24312.0,MIN
MIN_TE_01,TE,34442.0,MIN
MIN_TE_02,TE,34442.0,MIN
MIN_OT_01,OT,34442.0,MIN
MIN_OT_02,OT,16208.0,MIN
MIN_OG_02,OG,34442.0,MIN
MIN_OG_04,OG,34442.0,MIN
MIN_C_01,C,32416.0,MIN
MIN_EDGE_02,EDGE,14182.0,MIN
MIN_EDGE_01,EDGE,34442.0,MIN
MIN_EDGE_03,EDGE,34442.0,MIN
MIN_EDGE_04,EDGE,32416.0,MIN
MIN_DT_01,DT,34442.0,MIN
MIN_DT_02,DT,34442.0,MIN
MIN_DT_04,DT,34442.0,MIN
MIN_LB_02,LB,34442.0,MIN
MIN_LB_01,LB,34442.0,MIN
MIN_LB_03,LB,34442.0,MIN
MIN_CB_01,CB,34442.0,MIN
MIN_CB_03,CB,34442.0,MIN
MIN_CB_05,CB,32416.0,MIN
MIN_CB_04,CB,34442.0,MIN
MIN_S_02,S,34442.0,MIN
MIN_S_01,S,22286.0,MIN
MIN_S_03,S,34442.0,MIN
MIN_K_01,K,30390.0,MIN
MIN_P_01,P,24312.0,MIN
ARI_QB_01,QB,30390.0,ARI
ARI_RB_01,RB,28364.0,ARI
ARI_RB_02,RB,24312.0,ARI
ARI_RB_03,RB,34442.0,ARI
ARI_WR_03,WR,26338.0,ARI
ARI_WR_01,WR,34442.0,ARI
ARI_WR_02,WR,34442.0,ARI
ARI_WR_05,WR,34442.0,ARI
ARI_TE_01,TE,34442.0,ARI
ARI_TE_02,TE,34442.0,ARI
ARI_OT_01,OT,34442.0,ARI
ARI_OT_04,OT,10130.0,ARI
ARI_OG_02,OG,22286.0,ARI
ARI_OG_01,OG,34442.0,ARI
ARI_C_01,C,34442.0,ARI
ARI_EDGE_02,EDGE,34442.0,ARI
ARI_EDGE_01,EDGE,30390.0,ARI
ARI_EDGE_03,EDGE,34442.0,ARI
ARI_EDGE_04,EDGE,34442.0,ARI
ARI_DT_01,DT,30390.0,ARI
ARI_DT_04,DT,26338.0,ARI
ARI_DT_02,DT,32416.0,ARI
ARI_LB_01,LB,34442.0,ARI
ARI_LB_03,LB,34442.0,ARI
ARI_LB_05,LB,10130.0,ARI
ARI_CB_01,CB,24312.0,ARI
ARI_CB_04,CB,32416.0,ARI
ARI_CB_02,CB,34442.0,ARI
ARI_CB_06,CB,16208.0,ARI
ARI_S_01,S,34442.0,ARI
ARI_S_02,S,34442.0,ARI
ARI_S_04,S,34442.0,ARI
ARI_K_01,K,22286.0,ARI
ARI_P_01,P,34442.0,ARI
LAC_QB_01,QB,22286.0,LAC
LAC_RB_01,RB,34442.0,LAC
LAC_RB_02,RB,32416.0,LAC
LAC_RB_03,RB,28364.0,LAC
LAC_WR_01,WR,34442.0,LAC
LAC_WR_02,WR,34442.0,LAC
LAC_WR_03,WR,34442.0,LAC
LAC_WR_05,WR,26338.0,LAC
LAC_TE_01,TE,28364.0,LAC
LAC_TE_02,TE,34442.0,LAC
LAC_OT_02,OT,24312.0,LAC
LAC_OT_04,OT,34442.0,LAC
LAC_OG_01,OG,34442.0,LAC
LAC_OG_03,OG,8104.0,LAC
LAC_C_02,C,2026.0,LAC
LAC_EDGE_02,EDGE,20260.0,LAC
LAC_EDGE_03,EDGE,34442.0,LAC
LAC_EDGE_04,EDGE,34442.0,LAC
LAC_EDGE_05,EDGE,18234.0,LAC
LAC_DT_02,DT,30390.0,LAC
LAC_DT_01,DT,28364.0,LAC
LAC_DT_03,DT,34442.0,LAC
LAC_LB_02,LB,28364.0,LAC
LAC_LB_01,LB,30390.0,LAC
LAC_LB_04,LB,4052.0,LAC
LAC_CB_02,CB,26338.0,LAC
LAC_CB_03,CB,34442.0,LAC
LAC_CB_04,CB,26338.0,LAC
LAC_CB_01,CB,34442.0,LAC
LAC_S_02,S,24312.0,LAC
LAC_S_01,S,34442.0,LAC
LAC_S_04,S,26338.0,LAC
LAC_K_01,K,34442.0,LAC
LAC_P_01,P,34442.0,LAC
PHI_QB_01,QB,34442.0,PHI
PHI_RB_01,RB,34442.0,PHI
PHI_RB_03,RB,34442.0,PHI
PHI_RB_02,RB,34442.0,PHI
PHI_WR_03,WR,34442.0,PHI
PHI_WR_02,WR,20260.0,PHI
PHI_WR_01,WR,34442.0,PHI
PHI_WR_04,WR,30390.0,PHI
PHI_TE_01,TE,34442.0,PHI
PHI_TE_02,TE,28364.0,PHI
PHI_OT_02,OT,34442.0,PHI
PHI_OT_01,OT,30390.0,PHI
PHI_OG_01,OG,34442.0,PHI
PHI_OG_02,OG,26338.0,PHI
PHI_C_01,C,34442.0,PHI
PHI_EDGE_01,EDGE,34442.0,PHI
PHI_EDGE_02,EDGE,32416.0,PHI
PHI_EDGE_05,EDGE,34442.0,PHI
PHI_EDGE_03,EDGE,34442.0,PHI
PHI_DT_01,DT,34442.0,PHI
PHI_DT_02,DT,22286.0,PHI
PHI_DT_03,DT,18234.0,PHI
PHI_LB_01,LB,2026.0,PHI
PHI_LB_02,LB,34442.0,PHI
PHI_LB_04,LB,34442.0,PHI
PHI_CB_01,CB,34442.0,PHI
PHI_CB_02,CB,34442.0,PHI
PHI_CB_03,CB,34442.0,PHI
PHI_CB_05,CB,34442.0,PHI
PHI_S_02,S,34442.0,PHI
PHI_S_04,S,34442.0,PHI
PHI_S_03,S,4052.0,PHI
PHI_K_01,K,32416.0,PHI
PHI_P_01,P,34442.0,PHI
WAS_QB_01,QB,34442.0,WAS
WAS_RB_01,RB,26338.0,WAS
WAS_RB_02,RB,34442.0,WAS
WAS_RB_03,RB,18234.0,WAS
WAS_WR_02,WR,22286.0,WAS
WAS_WR_03,WR,34442.0,WAS
WAS_WR_01,WR,34442.0,WAS
WAS_WR_06,WR,34442.0,WAS
WAS_TE_01,TE,34442.0,WAS
WAS_TE_02,TE,34442.0,WAS
WAS_OT_01,OT,34442.0,WAS
WAS_OT_02,OT,34442.0,WAS
WAS_OG_02,OG,34442.0,WAS
WAS_OG_01,OG,34442.0,WAS
WAS_C_01,C,34442.0,WAS
WAS_EDGE_02,EDGE,28364.0,WAS
WAS_EDGE_01,EDGE,34442.0,WAS
WAS_EDGE_05,EDGE,26338.0,WAS
WAS_EDGE_03,EDGE,34442.0,WAS
WAS_DT_02,DT,34442.0,WAS
WAS_DT_01,DT,32416.0,WAS
WAS_DT_04,DT,34442.0,WAS
WAS_LB_02,LB,24312.0,WAS
WAS_LB_01,LB,34442.0,WAS
WAS_LB_04,LB,34442.0,WAS
WAS_CB_02,CB,24312.0,WAS
WAS_CB_01,CB,34442.0,WAS
WAS_CB_04,CB,34442.0,WAS
WAS_CB_03,CB,34442.0,WAS
WAS_S_04,S,34442.0,WAS
WAS_S_03,S,34442.0,WAS
WAS_S_01,S,24312.0,WAS
WAS_K_01,K,34442.0,WAS
WAS_P_01,P,34442.0,WAS
NYG_QB_01,QB,24312.0,NYG
NYG_RB_01,RB,26338.0,NYG
NYG_RB_03,RB,28364.0,NYG
NYG_RB_02,RB,16208.0,NYG
NYG_WR_03,WR,34442.0,NYG
NYG_WR_02,WR,34442.0,NYG
NYG_WR_01,WR,24312.0,NYG
NYG_WR_05,WR,34442.0,NYG
NYG_TE_01,TE,34442.0,NYG
NYG_TE_02,TE,6078.0,NYG
NYG_OT_02,OT,28364.0,NYG
NYG_OT_01,OT,28364.0,NYG
NYG_OG_02,OG,30390.0,NYG
NYG_OG_01,OG,34442.0,NYG
NYG_C_01,C,32416.0,NYG
NYG_EDGE_01,EDGE,34442.0,NYG
NYG_EDGE_02,EDGE,34442.0,NYG
NYG_EDGE_04,EDGE,30390.0,NYG
NYG_EDGE_05,EDGE,34442.0,NYG
NYG_DT_04,DT,32416.0,NYG
NYG_DT_02,DT,24312.0,NYG
NYG_DT_03,DT,34442.0,NYG
NYG_LB_01,LB,34442.0,NYG
NYG_LB_02,LB,24312.0,NYG
NYG_LB_03,LB,34442.0,NYG
NYG_CB_02,CB,30390.0,NYG
NYG_CB_01,CB,34442.0,NYG
NYG_CB_03,CB,34442.0,NYG
NYG_CB_04,CB,12156.0,NYG
NYG_S_01,S,34442.0,NYG
NYG_S_03,S,34442.0,NYG
NYG_S_02,S,34442.0,NYG
NYG_K_01,K,24312.0,NYG
NYG_P_01,P,34442.0,NYG
DAL_QB_02,QB,34442.0,DAL
DAL_RB_01,RB,34442.0,DAL
DAL_RB_03,RB,34442.0,DAL
DAL_RB_02,RB,34442.0,DAL
DAL_WR_02,WR,34442.0,DAL
DAL_WR_03,WR,34442.0,DAL
DAL_WR_01,WR,24312.0,DAL
DAL_WR_05,WR,18234.0,DAL
DAL_TE_01,TE,34442.0,DAL
DAL_TE_03,TE,34442.0,DAL
DAL_OT_02,OT,30390.0,DAL
DAL_OT_04,OT,6078.0,DAL
DAL_OG_02,OG,30390.0,DAL
DAL_OG_01,OG,34442.0,DAL
DAL_C_01,C,34442.0,DAL
DAL_EDGE_02,EDGE,34442.0,DAL
DAL_EDGE_03,EDGE,34442.0,DAL
DAL_EDGE_01,EDGE,34442.0,DAL
DAL_EDGE_05,EDGE,34442.0,DAL
DAL_DT_03,DT,34442.0,DAL
DAL_DT_02,DT,34442.0,DAL
DAL_DT_05,DT,34442.0,DAL
DAL_LB_02,LB,34442.0,DAL
DAL_LB_01,LB,34442.0,DAL
DAL_LB_04,LB,34442.0,DAL
DAL_CB_03,CB,34442.0,DAL
DAL_CB_02,CB,34442.0,DAL
DAL_CB_05,CB,18234.0,DAL
DAL_CB_01,CB,18234.0,DAL
DAL_S_02,S,18234.0,DAL
DAL_S_01,S,34442.0,DAL
DAL_S_04,S,32416.0,DAL
DAL_K_01,K,34442.0,DAL
DAL_P_01,P,34442.0,DAL
NYG_EDGE_03,EDGE,4052.0,NYG
NYG_LB_04,LB,10130.0,NYG
NYG_CB_05,CB,26338.0,NYG
NE_WR_02,WR,32416.0,NE
NE_OT_01,OT,8104.0,NE
BAL_QB_01,QB,34442.0,BAL
BAL_RB_01,RB,34442.0,BAL
BAL_RB_02,RB,34442.0,BAL
BAL_RB_03,RB,34442.0,BAL
BAL_WR_02,WR,34442.0,BAL
BAL_WR_01,WR,34442.0,BAL
BAL_WR_04,WR,28364.0,BAL
BAL_WR_05,WR,10130.0,BAL
BAL_TE_01,TE,34442.0,BAL
BAL_TE_03,TE,34442.0,BAL
BAL_OT_02,OT,26338.0,BAL
BAL_OT_01,OT,34442.0,BAL
BAL_OG_02,OG,34442.0,BAL
BAL_OG_01,OG,30390.0,BAL
BAL_C_01,C,34442.0,BAL
BAL_EDGE_02,EDGE,30390.0,BAL
BAL_EDGE_01,EDGE,34442.0,BAL
BAL_EDGE_03,EDGE,34442.0,BAL
BAL_EDGE_04,EDGE,34442.0,BAL
BAL_DT_01,DT,34442.0,BAL
BAL_DT_02,DT,14182.0,BAL
BAL_DT_03,DT,26338.0,BAL
BAL_LB_02,LB,30390.0,BAL
BAL_LB_01,LB,34442.0,BAL
BAL_LB_03,LB,34442.0,BAL
BAL_CB_03,CB,18234.0,BAL
BAL_CB_01,CB,34442.0,BAL
BAL_CB_02,CB,34442.0,BAL
BAL_CB_06,CB,34442.0,BAL
BAL_S_03,S,26338.0,BAL
BAL_S_02,S,34442.0,BAL
BAL_S_04,S,34442.0,BAL
BAL_K_01,K,34442.0,BAL
DET_EDGE_05,EDGE,12156.0,DET
TEN_QB_01,QB,34442.0,TEN
TEN_RB_01,RB,34442.0,TEN
TEN_RB_02,RB,34442.0,TEN
TEN_RB_03,RB,34442.0,TEN
TEN_WR_01,WR,34442.0,TEN
TEN_WR_03,WR,28364.0,TEN
TEN_WR_02,WR,34442.0,TEN
TEN_WR_05,WR,24312.0,TEN
TEN_TE_03,TE,34442.0,TEN
TEN_TE_01,TE,34442.0,TEN
TEN_OT_01,OT,20260.0,TEN
TEN_OT_04,OT,34442.0,TEN
TEN_OG_04,OG,32416.0,TEN
TEN_OG_01,OG,20260.0,TEN
TEN_C_01,C,28364.0,TEN
TEN_EDGE_02,EDGE,30390.0,TEN
TEN_EDGE_01,EDGE,34442.0,TEN
TEN_EDGE_03,EDGE,34442.0,TEN
TEN_EDGE_05,EDGE,8104.0,TEN
TEN_DT_02,DT,34442.0,TEN
TEN_DT_01,DT,34442.0,TEN
TEN_DT_04,DT,34442.0,TEN
TEN_LB_01,LB,30390.0,TEN
TEN_LB_04,LB,34442.0,TEN
TEN_LB_02,LB,26338.0,TEN
TEN_CB_03,CB,34442.0,TEN
TEN_CB_02,CB,34442.0,TEN
TEN_CB_01,CB,34442.0,TEN
TEN_CB_06,CB,34442.0,TEN
TEN_S_01,S,34442.0,TEN
TEN_S_02,S,34442.0,TEN
TEN_S_03,S,34442.0,TEN
TEN_K_01,K,26338.0,TEN
TEN_P_01,P,34442.0,TEN
TB_QB_01,QB,34442.0,TB
TB_RB_01,RB,34442.0,TB
TB_RB_02,RB,34442.0,TB
TB_RB_03,RB,34442.0,TB
TB_WR_01,WR,18234.0,TB
TB_WR_02,WR,34442.0,TB
TB_WR_04,WR,34442.0,TB
TB_WR_06,WR,24312.0,TB
TB_TE_01,TE,34442.0,TB
TB_TE_03,TE,34442.0,TB
TB_OT_02,OT,34442.0,TB
TB_OT_01,OT,24312.0,TB
TB_OG_01,OG,34442.0,TB
TB_OG_03,OG,34442.0,TB
TB_C_01,C,34442.0,TB
TB_EDGE_02,EDGE,34442.0,TB
TB_EDGE_01,EDGE,28364.0,TB
TB_EDGE_03,EDGE,34442.0,TB
TB_EDGE_04,EDGE,34442.0,TB
TB_DT_02,DT,32416.0,TB
TB_DT_01,DT,34442.0,TB
TB_DT_03,DT,34442.0,TB
TB_LB_02,LB,34442.0,TB
TB_LB_05,LB,32416.0,TB
TB_LB_01,LB,34442.0,TB
TB_CB_03,CB,30390.0,TB
TB_CB_02,CB,34442.0,TB
TB_CB_05,CB,34442.0,TB
TB_CB_04,CB,32416.0,TB
TB_S_01,S,34442.0,TB
TB_S_03,S,34442.0,TB
TB_S_04,S,4052.0,TB
TB_K_01,K,34442.0,TB
TB_P_01,P,34442.0,TB
ARI_WR_04,WR,6078.0,ARI
LAC_C_01,C,32416.0,LAC
NYJ_QB_01,QB,34442.0,NYJ
NYJ_RB_03,RB,34442.0,NYJ
NYJ_RB_01,RB,34442.0,NYJ
NYJ_RB_02,RB,26338.0,NYJ
NYJ_WR_02,WR,34442.0,NYJ
NYJ_WR_03,WR,34442.0,NYJ
NYJ_WR_01,WR,34442.0,NYJ
NYJ_WR_06,WR,34442.0,NYJ
NYJ_TE_01,TE,34442.0,NYJ
NYJ_TE_03,TE,34442.0,NYJ
NYJ_OT_01,OT,32416.0,NYJ
NYJ_OT_04,OT,24312.0,NYJ
NYJ_OG_01,OG,34442.0,NYJ
NYJ_OG_02,OG,34442.0,NYJ
NYJ_C_01,C,34442.0,NYJ
NYJ_EDGE_04,EDGE,28364.0,NYJ
NYJ_EDGE_01,EDGE,34442.0,NYJ
NYJ_EDGE_02,EDGE,30390.0,NYJ
NYJ_EDGE_05,EDGE,34442.0,NYJ
NYJ_DT_02,DT,34442.0,NYJ
NYJ_DT_01,DT,2026.0,NYJ
NYJ_DT_03,DT,32416.0,NYJ
NYJ_LB_01,LB,34442.0,NYJ
NYJ_LB_02,LB,34442.0,NYJ
NYJ_LB_04,LB,34442.0,NYJ
NYJ_CB_03,CB,34442.0,NYJ
NYJ_CB_01,CB,34442.0,NYJ
NYJ_CB_04,CB,34442.0,NYJ
NYJ_CB_06,CB,2026.0,NYJ
NYJ_S_02,S,34442.0,NYJ
NYJ_S_01,S,34442.0,NYJ
NYJ_S_03,S,34442.0,NYJ
NYJ_K_01,K,32416.0,NYJ
NYJ_P_01,P,30390.0,NYJ
DEN_S_04,S,12156.0,DEN
CHI_OT_04,OT,2026.0,CHI
MIA_S_01,S,6078.0,MIA
ATL_QB_01,QB,34442.0,ATL
ATL_RB_01,RB,34442.0,ATL
ATL_RB_02,RB,34442.0,ATL
ATL_RB_03,RB,34442.0,ATL
ATL_WR_01,WR,34442.0,ATL
ATL_WR_03,WR,34442.0,ATL
ATL_WR_02,WR,34442.0,ATL
ATL_WR_05,WR,34442.0,ATL
ATL_TE_01,TE,34442.0,ATL
ATL_TE_02,TE,2026.0,ATL
ATL_OT_01,OT,34442.0,ATL
ATL_OT_02,OT,34442.0,ATL
ATL_OG_01,OG,32416.0,ATL
ATL_OG_02,OG,34442.0,ATL
ATL_C_02,C,34442.0,ATL
ATL_EDGE_01,EDGE,34442.0,ATL
ATL_EDGE_02,EDGE,34442.0,ATL
ATL_EDGE_04,EDGE,28364.0,ATL
ATL_EDGE_03,EDGE,34442.0,ATL
ATL_DT_02,DT,34442.0,ATL
ATL_DT_01,DT,34442.0,ATL
ATL_DT_03,DT,14182.0,ATL
ATL_LB_01,LB,34442.0,ATL
ATL_LB_02,LB,28364.0,ATL
ATL_LB_03,LB,12156.0,ATL
ATL_CB_03,CB,34442.0,ATL
ATL_CB_02,CB,34442.0,ATL
ATL_CB_01,CB,30390.0,ATL
ATL_CB_05,CB,34442.0,ATL
ATL_S_01,S,26338.0,ATL
ATL_S_02,S,34442.0,ATL
ATL_S_04,S,32416.0,ATL
ATL_K_01,K,34442.0,ATL
ATL_P_01,P,34442.0,ATL
CIN_OT_02,OT,12156.0,CIN
CIN_LB_04,LB,12156.0,CIN
KC_CB_04,CB,32416.0,KC
LV_QB_01,QB,34442.0,LV
LV_RB_01,RB,34442.0,LV
LV_RB_02,RB,30390.0,LV
LV_RB_03,RB,34442.0,LV
LV_WR_01,WR,34442.0,LV
LV_WR_02,WR,34442.0,LV
LV_WR_03,WR,34442.0,LV
LV_WR_05,WR,34442.0,LV
LV_TE_01,TE,34442.0,LV
LV_TE_03,TE,34442.0,LV
LV_OT_02,OT,34442.0,LV
LV_OT_01,OT,32416.0,LV
LV_OG_01,OG,26338.0,LV
LV_OG_02,OG,30390.0,LV
LV_C_01,C,32416.0,LV
LV_EDGE_02,EDGE,24312.0,LV
LV_EDGE_04,EDGE,34442.0,LV
LV_EDGE_01,EDGE,34442.0,LV
LV_EDGE_03,EDGE,30390.0,LV
LV_DT_01,DT,30390.0,LV
LV_DT_02,DT,20260.0,LV
LV_DT_03,DT,34442.0,LV
LV_LB_01,LB,34442.0,LV
LV_LB_02,LB,34442.0,LV
LV_LB_03,LB,34442.0,LV
LV_CB_03,CB,34442.0,LV
LV_CB_01,CB,34442.0,LV
LV_CB_02,CB,20260.0,LV
LV_CB_06,CB,34442.0,LV
LV_S_01,S,30390.0,LV
LV_S_02,S,34442.0,LV
LV_S_04,S,34442.0,LV
LV_K_01,K,28364.0,LV
LV_P_01,P,34442.0,LV
CAR_QB_01,QB,34442.0,CAR
CAR_RB_01,RB,34442.0,CAR
CAR_RB_03,RB,26338.0,CAR
CAR_RB_02,RB,32416.0,CAR
CAR_WR_01,WR,26338.0,CAR
CAR_WR_03,WR,34442.0,CAR
CAR_WR_02,WR,26338.0,CAR
CAR_WR_05,WR,32416.0,CAR
CAR_TE_01,TE,34442.0,CAR
CAR_TE_02,TE,34442.0,CAR
CAR_OT_01,OT,32416.0,CAR
CAR_OT_02,OT,34442.0,CAR
CAR_OG_01,OG,34442.0,CAR
CAR_OG_02,OG,30390.0,CAR
CAR_C_01,C,32416.0,CAR
CAR_EDGE_02,EDGE,34442.0,CAR
CAR_EDGE_01,EDGE,26338.0,CAR
CAR_EDGE_05,EDGE,6078.0,CAR
CAR_EDGE_04,EDGE,34442.0,CAR
CAR_DT_02,DT,34442.0,CAR
CAR_DT_01,DT,34442.0,CAR
CAR_DT_04,DT,34442.0,CAR
CAR_LB_01,LB,34442.0,CAR
CAR_LB_03,LB,34442.0,CAR
CAR_LB_02,LB,34442.0,CAR
CAR_CB_01,CB,34442.0,CAR
CAR_CB_03,CB,26338.0,CAR
CAR_CB_02,CB,32416.0,CAR
CAR_CB_04,CB,34442.0,CAR
CAR_S_02,S,34442.0,CAR
CAR_S_03,S,28364.0,CAR
CAR_S_01,S,34442.0,CAR
CAR_K_01,K,34442.0,CAR
CAR_P_01,P,20260.0,CAR
NO_QB_01,QB,34442.0,NO
NO_RB_01,RB,26338.0,NO
NO_RB_03,RB,34442.0,NO
NO_RB_02,RB,34442.0,NO
NO_WR_02,WR,34442.0,NO
NO_WR_03,WR,34442.0,NO
NO_WR_01,WR,34442.0,NO
NO_WR_04,WR,18234.0,NO
NO_TE_02,TE,34442.0,NO
NO_TE_03,TE,14182.0,NO
NO_OT_02,OT,34442.0,NO
NO_OT_01,OT,34442.0,NO
NO_OG_01,OG,34442.0,NO
NO_OG_04,OG,30390.0,NO
NO_C_01,C,34442.0,NO
NO_EDGE_02,EDGE,34442.0,NO
NO_EDGE_01,EDGE,32416.0,NO
NO_EDGE_04,EDGE,34442.0,NO
NO_EDGE_05,EDGE,34442.0,NO
NO_DT_02,DT,34442.0,NO
NO_DT_01,DT,26338.0,NO
NO_DT_04,DT,34442.0,NO
NO_LB_02,LB,34442.0,NO
NO_LB_01,LB,34442.0,NO
NO_LB_04,LB,34442.0,NO
NO_CB_02,CB,22286.0,NO
NO_CB_01,CB,34442.0,NO
NO_CB_03,CB,34442.0,NO
NO_CB_05,CB,32416.0,NO
NO_S_01,S,32416.0,NO
NO_S_02,S,20260.0,NO
NO_S_04,S,34442.0,NO
NO_K_01,K,32416.0,NO
NO_P_01,P,34442.0,NO
CIN_EDGE_05,EDGE,10130.0,CIN
LAC_OT_01,OT,10130.0,LAC
LAC_EDGE_01,EDGE,20260.0,LAC
LAC_LB_03,LB,30390.0,LAC
LV_EDGE_05,EDGE,14182.0,LV
LV_DT_05,DT,16208.0,LV
PHI_WR_05,WR,16208.0,PHI
PHI_LB_03,LB,32416.0,PHI
NYG_WR_04,WR,10130.0,NYG
NYG_OT_04,OT,10130.0,NYG
BUF_QB_01,QB,30390.0,BUF
BUF_RB_01,RB,28364.0,BUF
BUF_RB_02,RB,34442.0,BUF
BUF_RB_03,RB,34442.0,BUF
BUF_WR_03,WR,34442.0,BUF
BUF_WR_02,WR,32416.0,BUF
BUF_WR_01,WR,22286.0,BUF
BUF_WR_04,WR,24312.0,BUF
BUF_TE_03,TE,26338.0,BUF
BUF_TE_01,TE,34442.0,BUF
BUF_OT_02,OT,34442.0,BUF
BUF_OT_01,OT,34442.0,BUF
BUF_OG_01,OG,30390.0,BUF
BUF_OG_02,OG,26338.0,BUF
BUF_C_01,C,28364.0,BUF
BUF_EDGE_01,EDGE,34442.0,BUF
BUF_EDGE_02,EDGE,34442.0,BUF
BUF_EDGE_05,EDGE,34442.0,BUF
BUF_EDGE_04,EDGE,32416.0,BUF
BUF_DT_04,DT,34442.0,BUF
BUF_DT_05,DT,34442.0,BUF
BUF_DT_01,DT,34442.0,BUF
BUF_LB_01,LB,28364.0,BUF
BUF_LB_02,LB,34442.0,BUF
BUF_LB_04,LB,30390.0,BUF
BUF_CB_03,CB,22286.0,BUF
BUF_CB_01,CB,28364.0,BUF
BUF_CB_06,CB,26338.0,BUF
BUF_CB_05,CB,24312.0,BUF
BUF_S_02,S,34442.0,BUF
BUF_S_01,S,34442.0,BUF
BUF_S_04,S,14182.0,BUF
BUF_K_01,K,26338.0,BUF
BUF_P_01,P,34442.0,BUF
CLE_QB_01,QB,34442.0,CLE
CLE_RB_01,RB,34442.0,CLE
CLE_RB_02,RB,26338.0,CLE
CLE_RB_03,RB,34442.0,CLE
CLE_WR_03,WR,34442.0,CLE
CLE_WR_02,WR,26338.0,CLE
CLE_WR_01,WR,34442.0,CLE
CLE_WR_06,WR,34442.0,CLE
CLE_TE_02,TE,34442.0,CLE
CLE_TE_03,TE,8104.0,CLE
CLE_OT_01,OT,34442.0,CLE
CLE_OT_02,OT,32416.0,CLE
CLE_OG_02,OG,34442.0,CLE
CLE_OG_03,OG,26338.0,CLE
CLE_C_02,C,4052.0,CLE
CLE_EDGE_01,EDGE,34442.0,CLE
CLE_EDGE_02,EDGE,14182.0,CLE
CLE_EDGE_03,EDGE,34442.0,CLE
CLE_EDGE_05,EDGE,30390.0,CLE
CLE_DT_01,DT,20260.0,CLE
CLE_DT_03,DT,24312.0,CLE
CLE_DT_05,DT,14182.0,CLE
CLE_LB_02,LB,34442.0,CLE
CLE_LB_04,LB,34442.0,CLE
CLE_LB_03,LB,34442.0,CLE
CLE_CB_02,CB,34442.0,CLE
CLE_CB_01,CB,34442.0,CLE
CLE_CB_03,CB,34442.0,CLE
CLE_CB_05,CB,34442.0,CLE
CLE_S_02,S,34442.0,CLE
CLE_S_03,S,34442.0,CLE
CLE_S_04,S,34442.0,CLE
CLE_K_01,K,32416.0,CLE
CLE_P_01,P,32416.0,CLE
DET_OG_04,OG,4052.0,DET
DAL_OT_01,OT,32416.0,DAL
DAL_S_03,S,12156.0,DAL
ARI_OG_04,OG,12156.0,ARI
ARI_CB_05,CB,4052.0,ARI
JAX_QB_01,QB,34442.0,JAX
JAX_RB_01,RB,34442.0,JAX
JAX_RB_03,RB,32416.0,JAX
JAX_RB_02,RB,20260.0,JAX
JAX_WR_03,WR,32416.0,JAX
JAX_WR_01,WR,34442.0,JAX
JAX_WR_02,WR,34442.0,JAX
JAX_WR_05,WR,8104.0,JAX
JAX_TE_02,TE,34442.0,JAX
JAX_TE_01,TE,34442.0,JAX
JAX_OT_02,OT,34442.0,JAX
JAX_OT_01,OT,34442.0,JAX
JAX_OG_01,OG,34442.0,JAX
JAX_OG_02,OG,34442.0,JAX
JAX_C_01,C,6078.0,JAX
JAX_EDGE_02,EDGE,34442.0,JAX
JAX_EDGE_01,EDGE,34442.0,JAX
JAX_EDGE_03,EDGE,34442.0,JAX
JAX_EDGE_05,EDGE,6078.0,JAX
JAX_DT_02,DT,34442.0,JAX
JAX_DT_01,DT,34442.0,JAX
JAX_DT_04,DT,34442.0,JAX
JAX_LB_02,LB,32416.0,JAX
JAX_LB_01,LB,32416.0,JAX
JAX_LB_05,LB,28364.0,JAX
JAX_CB_03,CB,34442.0,JAX
JAX_CB_02,CB,34442.0,JAX
JAX_CB_06,CB,34442.0,JAX
JAX_CB_05,CB,16208.0,JAX
JAX_S_02,S,34442.0,JAX
JAX_S_01,S,34442.0,JAX
JAX_S_04,S,12156.0,JAX
JAX_K_01,K,34442.0,JAX
JAX_P_01,P,34442.0,JAX
NO_WR_05,WR,16208.0,NO
NE_DT_05,DT,12156.0,NE
HOU_QB_02,QB,4052.0,HOU
HOU_RB_01,RB,34442.0,HOU
HOU_RB_02,RB,30390.0,HOU
HOU_RB_03,RB,34442.0,HOU
HOU_WR_01,WR,34442.0,HOU
HOU_WR_02,WR,34442.0,HOU
HOU_WR_04,WR,34442.0,HOU
HOU_WR_03,WR,34442.0,HOU
HOU_TE_03,TE,34442.0,HOU
HOU_TE_02,TE,28364.0,HOU
HOU_OT_01,OT,34442.0,HOU
HOU_OT_02,OT,34442.0,HOU
HOU_OG_01,OG,28364.0,HOU
HOU_OG_02,OG,30390.0,HOU
HOU_C_01,C,34442.0,HOU
HOU_EDGE_01,EDGE,30390.0,HOU
HOU_EDGE_04,EDGE,34442.0,HOU
HOU_EDGE_02,EDGE,34442.0,HOU
HOU_EDGE_05,EDGE,30390.0,HOU
HOU_DT_01,DT,34442.0,HOU
HOU_DT_02,DT,30390.0,HOU
HOU_DT_03,DT,34442.0,HOU
HOU_LB_03,LB,26338.0,HOU
HOU_LB_01,LB,34442.0,HOU
HOU_LB_02,LB,34442.0,HOU
HOU_CB_03,CB,30390.0,HOU
HOU_CB_02,CB,34442.0,HOU
HOU_CB_05,CB,34442.0,HOU
HOU_CB_01,CB,28364.0,HOU
HOU_S_01,S,4052.0,HOU
HOU_S_03,S,30390.0,HOU
HOU_S_02,S,34442.0,HOU
HOU_K_01,K,34442.0,HOU
HOU_P_01,P,34442.0,HOU
IND_QB_01,QB,34442.0,IND
IND_RB_01,RB,34442.0,IND
IND_RB_02,RB,34442.0,IND
IND_RB_03,RB,34442.0,IND
IND_WR_03,WR,30390.0,IND
IND_WR_02,WR,34442.0,IND
IND_WR_01,WR,28364.0,IND
IND_WR_04,WR,24312.0,IND
IND_TE_01,TE,34442.0,IND
IND_TE_02,TE,26338.0,IND
IND_OT_01,OT,18234.0,IND
IND_OT_02,OT,18234.0,IND
IND_OG_02,OG,30390.0,IND
IND_OG_04,OG,2026.0,IND
IND_C_01,C,16208.0,IND
IND_EDGE_02,EDGE,24312.0,IND
IND_EDGE_01,EDGE,34442.0,IND
IND_EDGE_03,EDGE,30390.0,IND
IND_EDGE_04,EDGE,12156.0,IND
IND_DT_01,DT,34442.0,IND
IND_DT_02,DT,20260.0,IND
IND_DT_04,DT,30390.0,IND
IND_LB_02,LB,20260.0,IND
IND_LB_03,LB,34442.0,IND
IND_LB_05,LB,10130.0,IND
IND_CB_01,CB,22286.0,IND
IND_CB_02,CB,32416.0,IND
IND_CB_03,CB,34442.0,IND
IND_CB_06,CB,34442.0,IND
IND_S_01,S,24312.0,IND
IND_S_02,S,34442.0,IND
IND_S_03,S,12156.0,IND
IND_K_01,K,34442.0,IND
IND_P_01,P,34442.0,IND
LAR_WR_03,WR,32416.0,LAR
LAR_EDGE_03,EDGE,32416.0,LAR
SF_QB_01,QB,28364.0,SF
SF_RB_01,RB,34442.0,SF
SF_RB_03,RB,34442.0,SF
SF_RB_02,RB,30390.0,SF
SF_WR_03,WR,34442.0,SF
SF_WR_01,WR,34442.0,SF
SF_WR_02,WR,34442.0,SF
SF_WR_06,WR,34442.0,SF
SF_TE_01,TE,34442.0,SF
SF_TE_03,TE,26338.0,SF
SF_OT_01,OT,24312.0,SF
SF_OT_02,OT,34442.0,SF
SF_OG_01,OG,34442.0,SF
SF_OG_02,OG,34442.0,SF
SF_C_01,C,26338.0,SF
SF_EDGE_01,EDGE,34442.0,SF
SF_EDGE_02,EDGE,34442.0,SF
SF_EDGE_05,EDGE,24312.0,SF
SF_EDGE_04,EDGE,34442.0,SF
SF_DT_02,DT,34442.0,SF
SF_DT_01,DT,34442.0,SF
SF_DT_05,DT,34442.0,SF
SF_LB_02,LB,34442.0,SF
SF_LB_01,LB,32416.0,SF
SF_LB_04,LB,34442.0,SF
SF_CB_03,CB,34442.0,SF
SF_CB_01,CB,34442.0,SF
SF_CB_02,CB,34442.0,SF
SF_CB_06,CB,34442.0,SF
SF_S_01,S,34442.0,SF
SF_S_02,S,34442.0,SF
SF_S_03,S,2026.0,SF
SF_K_01,K,30390.0,SF
SF_P_01,P,34442.0,SF
BAL_WR_03,WR,30390.0,BAL
LV_CB_04,CB,14182.0,LV
LV_S_03,S,4052.0,LV
KC_WR_01,WR,30390.0,KC
KC_EDGE_05,EDGE,2026.0,KC
KC_LB_01,LB,30390.0,KC
KC_S_03,S,10130.0,KC
SEA_EDGE_05,EDGE,32416.0,SEA
SEA_DT_05,DT,14182.0,SEA
NO_TE_01,TE,20260.0,NO
MIA_LB_01,LB,6078.0,MIA
NYG_QB_02,QB,10130.0,NYG
BUF_WR_06,WR,14182.0,BUF
DEN_TE_03,TE,12156.0,DEN
DEN_LB_03,LB,4052.0,DEN
GB_C_01,C,6078.0,GB
GB_EDGE_05,EDGE,8104.0,GB
GB_DT_05,DT,6078.0,GB
BUF_LB_05,LB,6078.0,BUF
NYJ_EDGE_03,EDGE,10130.0,NYJ
NYJ_DT_04,DT,6078.0,NYJ
NYJ_CB_02,CB,32416.0,NYJ
CIN_TE_02,TE,6078.0,CIN
PIT_QB_01,QB,28364.0,PIT
PIT_RB_01,RB,26338.0,PIT
PIT_RB_02,RB,34442.0,PIT
PIT_RB_03,RB,2026.0,PIT
PIT_WR_01,WR,32416.0,PIT
PIT_WR_02,WR,34442.0,PIT
PIT_WR_03,WR,34442.0,PIT
PIT_WR_04,WR,26338.0,PIT
PIT_TE_01,TE,34442.0,PIT
PIT_TE_02,TE,28364.0,PIT
PIT_OT_01,OT,34442.0,PIT
PIT_OT_02,OT,34442.0,PIT
PIT_OG_02,OG,34442.0,PIT
PIT_OG_01,OG,34442.0,PIT
PIT_C_01,C,34442.0,PIT
PIT_EDGE_02,EDGE,14182.0,PIT
PIT_EDGE_01,EDGE,34442.0,PIT
PIT_EDGE_05,EDGE,30390.0,PIT
PIT_EDGE_04,EDGE,34442.0,PIT
PIT_DT_02,DT,16208.0,PIT
PIT_DT_01,DT,34442.0,PIT
PIT_DT_05,DT,34442.0,PIT
PIT_LB_01,LB,34442.0,PIT
PIT_LB_02,LB,34442.0,PIT
PIT_LB_05,LB,2026.0,PIT
PIT_CB_03,CB,24312.0,PIT
PIT_CB_02,CB,34442.0,PIT
PIT_CB_01,CB,24312.0,PIT
PIT_CB_05,CB,26338.0,PIT
PIT_S_01,S,34442.0,PIT
PIT_S_02,S,34442.0,PIT
PIT_S_03,S,34442.0,PIT
PIT_K_01,K,34442.0,PIT
PIT_P_01,P,30390.0,PIT
TEN_C_02,C,6078.0,TEN
TEN_EDGE_04,EDGE,24312.0,TEN
HOU_QB_01,QB,30390.0,HOU
HOU_OG_03,OG,10130.0,HOU
HOU_CB_06,CB,6078.0,HOU
HOU_S_04,S,30390.0,HOU
JAX_S_03,S,22286.0,JAX
IND_OG_01,OG,32416.0,IND
IND_EDGE_05,EDGE,22286.0,IND
IND_DT_03,DT,18234.0,IND
IND_LB_01,LB,32416.0,IND
LAC_TE_03,TE,6078.0,LAC
LAC_DT_05,DT,10130.0,LAC
LAC_CB_05,CB,16208.0,LAC
LAC_S_03,S,10130.0,LAC
DAL_CB_04,CB,26338.0,DAL
PHI_DT_04,DT,2026.0,PHI
PHI_S_01,S,30390.0,PHI
MIN_WR_05,WR,32416.0,MIN
MIN_C_02,C,2026.0,MIN
MIN_EDGE_05,EDGE,22286.0,MIN
MIN_CB_06,CB,2026.0,MIN
MIN_S_04,S,12156.0,MIN
CAR_EDGE_03,EDGE,30390.0,CAR
TB_WR_03,WR,26338.0,TB
SF_QB_02,QB,6078.0,SF
SF_EDGE_03,EDGE,10130.0,SF
SF_LB_03,LB,2026.0,SF
SF_S_04,S,32416.0,SF
SEA_OT_01,OT,30390.0,SEA
BAL_DT_04,DT,22286.0,BAL
BAL_S_01,S,8104.0,BAL
BAL_P_01,P,28364.0,BAL
LAR_DT_04,DT,4052.0,LAR
LAR_S_03,S,8104.0,LAR
ATL_TE_03,TE,32416.0,ATL
ATL_LB_04,LB,28364.0,ATL
ATL_CB_04,CB,4052.0,ATL
ATL_S_03,S,10130.0,ATL
WAS_DT_05,DT,2026.0,WAS
WAS_LB_05,LB,10130.0,WAS
WAS_CB_06,CB,10130.0,WAS
MIA_TE_01,TE,2026.0,MIA
MIA_OT_03,OT,6078.0,MIA
CLE_WR_04,WR,8104.0,CLE
CLE_DT_04,DT,16208.0,CLE
CLE_DT_02,DT,28364.0,CLE
NYG_TE_03,TE,26338.0,NYG
ARI_OT_03,OT,2026.0,ARI
ARI_DT_03,DT,12156.0,ARI
ARI_CB_03,CB,26338.0,ARI
DET_LB_04,LB,28364.0,DET
BUF_LB_03,LB,4052.0,BUF
BUF_CB_02,CB,28364.0,BUF
NE_DT_02,DT,10130.0,NE
NYJ_DT_05,DT,28364.0,NYJ
MIA_EDGE_05,EDGE,18234.0,MIA
CLE_C_01,C,30390.0,CLE
PIT_EDGE_03,EDGE,24312.0,PIT
PIT_DT_04,DT,18234.0,PIT
PIT_LB_04,LB,32416.0,PIT
PIT_CB_04,CB,18234.0,PIT
HOU_LB_04,LB,6078.0,HOU
GB_QB_02,QB,10130.0,GB
DEN_DT_03,DT,12156.0,DEN
IND_WR_05,WR,14182.0,IND
IND_C_02,C,18234.0,IND
MIN_OT_04,OT,18234.0,MIN
CHI_LB_05,LB,14182.0,CHI
NO_DT_05,DT,8104.0,NO
PHI_TE_03,TE,6078.0,PHI
JAX_WR_04,WR,28364.0,JAX
JAX_C_02,C,28364.0,JAX
JAX_EDGE_04,EDGE,28364.0,JAX
KC_OG_03,OG,14182.0,KC
WAS_EDGE_04,EDGE,6078.0,WAS
ARI_LB_02,LB,24312.0,ARI
LAC_OG_02,OG,26338.0,LAC
TB_S_02,S,30390.0,TB
MIA_WR_02,WR,24312.0,MIA
MIA_OG_04,OG,6078.0,MIA
MIA_OG_03,OG,2026.0,MIA
MIN_WR_06,WR,4052.0,MIN
DET_OT_03,OT,4052.0,DET
DET_LB_03,LB,2026.0,DET
PIT_CB_06,CB,10130.0,PIT
IND_WR_06,WR,6078.0,IND
IND_OT_03,OT,26338.0,IND
DAL_WR_06,WR,22286.0,DAL
DAL_CB_06,CB,6078.0,DAL
GB_CB_06,CB,26338.0,GB
PHI_DT_05,DT,26338.0,PHI
SEA_S_03,S,12156.0,SEA
CLE_TE_01,TE,26338.0,CLE
ARI_OT_02,OT,22286.0,ARI
CAR_CB_05,CB,10130.0,CAR
NO_OG_02,OG,4052.0,NO
NO_CB_06,CB,14182.0,NO
JAX_CB_04,CB,14182.0,JAX
TEN_WR_06,WR,16208.0,TEN
KC_OT_04,OT,12156.0,KC
TB_LB_04,LB,2026.0,TB
TB_CB_06,CB,4052.0,TB
BUF_C_02,C,6078.0,BUF
BUF_EDGE_03,EDGE,2026.0,BUF
BUF_S_03,S,20260.0,BUF
IND_CB_05,CB,14182.0,IND
NYG_OG_04,OG,4052.0,NYG
CHI_WR_04,WR,10130.0,CHI
CHI_LB_03,LB,4052.0,CHI
CHI_CB_05,CB,4052.0,CHI
PIT_QB_02,QB,6078.0,PIT
HOU_LB_05,LB,2026.0,HOU
DET_CB_06,CB,8104.0,DET
SEA_WR_04,WR,8104.0,SEA
BUF_QB_02,QB,4052.0,BUF
BUF_OG_04,OG,2026.0,BUF
NYG_DT_01,DT,8104.0,NYG
PHI_OG_04,OG,8104.0,PHI
SF_TE_02,TE,8104.0,SF
SF_C_02,C,8104.0,SF
BAL_OT_04,OT,8104.0,BAL
BAL_CB_04,CB,16208.0,BAL
KC_C_02,C,10130.0,KC
KC_DT_04,DT,10130.0,KC
CAR_WR_06,WR,18234.0,CAR
CAR_S_04,S,4052.0,CAR
NE_EDGE_05,EDGE,16208.0,NE
CLE_EDGE_04,EDGE,20260.0,CLE
CIN_CB_04,CB,18234.0,CIN
TEN_OT_02,OT,14182.0,TEN
ATL_DT_04,DT,20260.0,ATL
IND_TE_03,TE,8104.0,IND
DET_CB_04,CB,10130.0,DET
PIT_WR_06,WR,10130.0,PIT
TEN_OG_02,OG,16208.0,TEN
LAC_WR_04,WR,8104.0,LAC
LAC_LB_05,LB,10130.0,LAC
PHI_OT_04,OT,4052.0,PHI
ATL_EDGE_05,EDGE,6078.0,ATL
LAR_TE_03,TE,6078.0,LAR
BUF_CB_04,CB,8104.0,BUF
NYJ_OT_02,OT,12156.0,NYJ
CHI_WR_06,WR,2026.0,CHI
CHI_S_03,S,14182.0,CHI
DEN_CB_06,CB,8104.0,DEN
NYG_C_02,C,2026.0,NYG
NYG_DT_05,DT,4052.0,NYG
JAX_LB_03,LB,8104.0,JAX
JAX_LB_04,LB,2026.0,JAX
MIA_C_02,C,8104.0,MIA
MIA_DT_05,DT,8104.0,MIA
MIA_CB_04,CB,10130.0,MIA
MIA_CB_06,CB,6078.0,MIA
LAR_CB_05,CB,10130.0,LAR
SF_OT_04,OT,10130.0,SF
SEA_DT_03,DT,6078.0,SEA
CLE_OG_01,OG,8104.0,CLE
CIN_S_03,S,4052.0,CIN
HOU_CB_04,CB,4052.0,HOU
IND_S_04,S,14182.0,IND
LV_OG_03,OG,12156.0,LV
CHI_C_02,C,4052.0,CHI
WAS_S_02,S,10130.0,WAS
DEN_EDGE_05,EDGE,10130.0,DEN
BUF_WR_05,WR,8104.0,BUF
BUF_OG_03,OG,8104.0,BUF
IND_OG_03,OG,4052.0,IND
TEN_LB_03,LB,12156.0,TEN
WAS_WR_04,WR,12156.0,WAS
GB_WR_05,WR,6078.0,GB
GB_S_03,S,8104.0,GB
CAR_OT_03,OT,2026.0,CAR
ARI_WR_06,WR,2026.0,ARI
BUF_TE_02,TE,8104.0,BUF
BAL_EDGE_05,EDGE,4052.0,BAL
BAL_DT_05,DT,6078.0,BAL
PIT_TE_03,TE,6078.0,PIT
IND_LB_04,LB,6078.0,IND
LAR_OT_03,OT,6078.0,LAR
HOU_TE_01,TE,6078.0,HOU
TB_OT_04,OT,10130.0,TB
CHI_TE_03,TE,8104.0,CHI
LV_DT_04,DT,2026.0,LV
LAC_QB_02,QB,4052.0,LAC
PHI_EDGE_04,EDGE,2026.0,PHI
DAL_OG_03,OG,4052.0,DAL
GB_WR_04,WR,2026.0,GB
ARI_QB_02,QB,4052.0,ARI
ARI_EDGE_05,EDGE,4052.0,ARI
SEA_CB_05,CB,4052.0,SEA
DEN_WR_06,WR,6078.0,DEN
CHI_CB_06,CB,2026.0,CHI
TB_EDGE_05,EDGE,6078.0,TB
CAR_C_02,C,2026.0,CAR
NE_TE_02,TE,2026.0,NE
NE_CB_06,CB,2026.0,NE
BAL_OG_03,OG,2026.0,BAL
BAL_LB_04,LB,2026.0,BAL
CLE_OT_03,OT,2026.0,CLE
LV_OT_03,OT,2026.0,LV
ATL_OG_03,OG,2026.0,ATL
CAR_OG_04,OG,4052.0,CAR
HOU_EDGE_03,EDGE,4052.0,HOU
HOU_DT_05,DT,4052.0,HOU
NO_EDGE_03,EDGE,2026.0,NO
ARI_DT_05,DT,2026.0,ARI
BAL_LB_05,LB,2026.0,BAL
MIA_QB_02,QB,2026.0,MIA
CIN_WR_05,WR,2026.0,CIN
CIN_C_02,C,2026.0,CIN
LAR_WR_05,WR,2026.0,LAR
TB_DT_04,DT,2026.0,TB
TB_CB_01,CB,2026.0,TB
LV_C_02,C,2026.0,LV
TEN_QB_01,QB,8104.0,TEN
TEN_RB_02,RB,8104.0,TEN
TEN_RB_03,RB,8104.0,TEN
TEN_WR_01,WR,8104.0,TEN
TEN_WR_03,WR,8104.0,TEN
TEN_WR_02,WR,8104.0,TEN
TEN_WR_05,WR,8104.0,TEN
TEN_TE_03,TE,8104.0,TEN
TEN_TE_01,TE,8104.0,TEN
TEN_OT_01,OT,8104.0,TEN
TEN_OT_04,OT,8104.0,TEN
TEN_OG_04,OG,8104.0,TEN
TEN_OG_01,OG,8104.0,TEN
TEN_C_01,C,8104.0,TEN
TEN_EDGE_02,EDGE,8104.0,TEN
TEN_EDGE_01,EDGE,8104.0,TEN
TEN_EDGE_03,EDGE,8104.0,TEN
TEN_EDGE_04,EDGE,8104.0,TEN
TEN_DT_01,DT,8104.0,TEN
TEN_DT_04,DT,8104.0,TEN
TEN_DT_03,DT,8104.0,TEN
TEN_LB_01,LB,8104.0,TEN
TEN_LB_04,LB,8104.0,TEN
TEN_LB_02,LB,8104.0,TEN
TEN_CB_03,CB,8104.0,TEN
TEN_CB_02,CB,8104.0,TEN
TEN_CB_06,CB,8104.0,TEN
TEN_CB_05,CB,8104.0,TEN
TEN_S_01,S,8104.0,TEN
TEN_S_02,S,8104.0,TEN
TEN_S_03,S,8104.0,TEN
TEN_K_01,K,8104.0,TEN
TEN_P_01,P,8104.0,TEN
IND_QB_01,QB,2026.0,IND
IND_RB_01,RB,2026.0,IND
IND_RB_02,RB,2026.0,IND
IND_RB_03,RB,2026.0,IND
IND_WR_03,WR,2026.0,IND
IND_WR_02,WR,2026.0,IND
IND_WR_01,WR,2026.0,IND
IND_WR_04,WR,2026.0,IND
IND_TE_01,TE,2026.0,IND
IND_TE_02,TE,2026.0,IND
IND_OT_02,OT,2026.0,IND
IND_OT_03,OT,2026.0,IND
IND_OG_01,OG,2026.0,IND
IND_OG_03,OG,2026.0,IND
IND_C_01,C,2026.0,IND
IND_EDGE_02,EDGE,2026.0,IND
IND_EDGE_01,EDGE,2026.0,IND
IND_EDGE_05,EDGE,2026.0,IND
IND_DT_01,DT,2026.0,IND
IND_DT_02,DT,2026.0,IND
IND_DT_04,DT,2026.0,IND
IND_LB_01,LB,2026.0,IND
IND_LB_03,LB,2026.0,IND
IND_LB_05,LB,2026.0,IND
IND_CB_01,CB,2026.0,IND
IND_CB_03,CB,2026.0,IND
IND_CB_06,CB,2026.0,IND
IND_CB_05,CB,2026.0,IND
IND_S_01,S,2026.0,IND
IND_S_02,S,2026.0,IND
IND_S_04,S,2026.0,IND
IND_K_01,K,2026.0,IND
IND_P_01,P,2026.0,IND
NYJ_QB_01,QB,4052.0,NYJ
NYJ_RB_03,RB,4052.0,NYJ
NYJ_RB_01,RB,4052.0,NYJ
NYJ_RB_02,RB,4052.0,NYJ
NYJ_WR_02,WR,4052.0,NYJ
NYJ_WR_03,WR,4052.0,NYJ
NYJ_WR_01,WR,4052.0,NYJ
NYJ_WR_06,WR,4052.0,NYJ
NYJ_TE_01,TE,4052.0,NYJ
NYJ_TE_03,TE,4052.0,NYJ
NYJ_OT_04,OT,4052.0,NYJ
NYJ_OT_02,OT,4052.0,NYJ
NYJ_OG_01,OG,4052.0,NYJ
NYJ_OG_02,OG,4052.0,NYJ
NYJ_C_01,C,4052.0,NYJ
NYJ_EDGE_01,EDGE,4052.0,NYJ
NYJ_EDGE_02,EDGE,4052.0,NYJ
NYJ_EDGE_05,EDGE,4052.0,NYJ
NYJ_EDGE_03,EDGE,4052.0,NYJ
NYJ_DT_02,DT,4052.0,NYJ
NYJ_DT_03,DT,4052.0,NYJ
NYJ_DT_05,DT,4052.0,NYJ
NYJ_LB_01,LB,4052.0,NYJ
NYJ_LB_02,LB,4052.0,NYJ
NYJ_LB_04,LB,4052.0,NYJ
NYJ_CB_03,CB,4052.0,NYJ
NYJ_CB_02,CB,4052.0,NYJ
NYJ_CB_01,CB,4052.0,NYJ
NYJ_CB_04,CB,4052.0,NYJ
NYJ_S_02,S,4052.0,NYJ
NYJ_S_01,S,4052.0,NYJ
NYJ_S_03,S,4052.0,NYJ
NYJ_K_01,K,4052.0,NYJ
NYJ_P_01,P,4052.0,NYJ
LV_QB_01,QB,2026.0,LV
LV_RB_01,RB,2026.0,LV
LV_RB_02,RB,2026.0,LV
LV_RB_03,RB,2026.0,LV
LV_WR_01,WR,2026.0,LV
LV_WR_02,WR,2026.0,LV
LV_WR_03,WR,2026.0,LV
LV_WR_05,WR,2026.0,LV
LV_TE_01,TE,2026.0,LV
LV_TE_03,TE,2026.0,LV
LV_OT_02,OT,2026.0,LV
LV_OT_01,OT,2026.0,LV
LV_OG_01,OG,2026.0,LV
LV_OG_02,OG,2026.0,LV
LV_EDGE_04,EDGE,2026.0,LV
LV_EDGE_01,EDGE,2026.0,LV
LV_EDGE_03,EDGE,2026.0,LV
LV_EDGE_05,EDGE,2026.0,LV
LV_DT_01,DT,2026.0,LV
LV_DT_02,DT,2026.0,LV
LV_DT_03,DT,2026.0,LV
LV_LB_01,LB,2026.0,LV
LV_LB_02,LB,2026.0,LV
LV_LB_03,LB,2026.0,LV
LV_CB_03,CB,2026.0,LV
LV_CB_01,CB,2026.0,LV
LV_CB_02,CB,2026.0,LV
LV_CB_06,CB,2026.0,LV
LV_S_01,S,2026.0,LV
LV_S_02,S,2026.0,LV
LV_S_04,S,2026.0,LV
LV_K_01,K,2026.0,LV
LV_P_01,P,2026.0,LV
PIT_QB_01,QB,2026.0,PIT
PIT_RB_01,RB,2026.0,PIT
PIT_RB_02,RB,2026.0,PIT
PIT_WR_02,WR,2026.0,PIT
PIT_WR_03,WR,2026.0,PIT
PIT_WR_04,WR,2026.0,PIT
PIT_WR_06,WR,2026.0,PIT
PIT_TE_01,TE,2026.0,PIT
PIT_TE_02,TE,2026.0,PIT
PIT_OT_01,OT,2026.0,PIT
PIT_OT_02,OT,2026.0,PIT
PIT_OG_02,OG,2026.0,PIT
PIT_OG_01,OG,2026.0,PIT
PIT_C_01,C,2026.0,PIT
PIT_EDGE_02,EDGE,2026.0,PIT
PIT_EDGE_01,EDGE,2026.0,PIT
PIT_EDGE_05,EDGE,2026.0,PIT
PIT_EDGE_04,EDGE,2026.0,PIT
PIT_DT_02,DT,2026.0,PIT
PIT_DT_01,DT,2026.0,PIT
PIT_DT_05,DT,2026.0,PIT
PIT_LB_01,LB,2026.0,PIT
PIT_LB_04,LB,2026.0,PIT
PIT_LB_02,LB,2026.0,PIT
PIT_CB_03,CB,2026.0,PIT
PIT_CB_02,CB,2026.0,PIT
PIT_CB_01,CB,2026.0,PIT
PIT_CB_05,CB,2026.0,PIT
PIT_S_01,S,2026.0,PIT
PIT_S_02,S,2026.0,PIT
PIT_S_03,S,2026.0,PIT
PIT_K_01,K,2026.0,PIT
PIT_P_01,P,2026.0,PIT
KC_QB_01,QB,6078.0,KC
KC_RB_01,RB,6078.0,KC
KC_RB_02,RB,6078.0,KC
KC_RB_03,RB,6078.0,KC
KC_WR_03,WR,6078.0,KC
KC_WR_02,WR,6078.0,KC
KC_WR_05,WR,6078.0,KC
KC_WR_04,WR,6078.0,KC
KC_TE_01,TE,6078.0,KC
KC_TE_02,TE,6078.0,KC
KC_OT_01,OT,6078.0,KC
KC_OT_02,OT,6078.0,KC
KC_OG_01,OG,6078.0,KC
KC_OG_02,OG,6078.0,KC
KC_C_01,C,6078.0,KC
KC_EDGE_01,EDGE,6078.0,KC
KC_EDGE_02,EDGE,6078.0,KC
KC_EDGE_04,EDGE,6078.0,KC
KC_EDGE_03,EDGE,6078.0,KC
KC_DT_01,DT,6078.0,KC
KC_DT_03,DT,6078.0,KC
KC_DT_04,DT,6078.0,KC
KC_LB_02,LB,6078.0,KC
KC_LB_01,LB,6078.0,KC
KC_LB_03,LB,6078.0,KC
KC_CB_02,CB,6078.0,KC
KC_CB_03,CB,6078.0,KC
KC_CB_04,CB,6078.0,KC
KC_S_02,S,6078.0,KC
KC_S_04,S,6078.0,KC
KC_S_03,S,6078.0,KC
KC_K_01,K,6078.0,KC
DEN_QB_01,QB,2026.0,DEN
DEN_RB_01,RB,2026.0,DEN
DEN_RB_02,RB,2026.0,DEN
DEN_RB_03,RB,2026.0,DEN
DEN_WR_01,WR,2026.0,DEN
DEN_WR_02,WR,2026.0,DEN
DEN_WR_04,WR,2026.0,DEN
DEN_WR_06,WR,2026.0,DEN
DEN_TE_01,TE,2026.0,DEN
DEN_OT_02,OT,2026.0,DEN
DEN_OT_01,OT,2026.0,DEN
DEN_OG_02,OG,2026.0,DEN
DEN_OG_01,OG,2026.0,DEN
DEN_C_01,C,2026.0,DEN
DEN_EDGE_01,EDGE,2026.0,DEN
DEN_EDGE_02,EDGE,2026.0,DEN
DEN_EDGE_04,EDGE,2026.0,DEN
DEN_EDGE_03,EDGE,2026.0,DEN
DEN_DT_02,DT,2026.0,DEN
DEN_DT_01,DT,2026.0,DEN
DEN_DT_04,DT,2026.0,DEN
DEN_LB_04,LB,2026.0,DEN
DEN_LB_02,LB,2026.0,DEN
DEN_LB_03,LB,2026.0,DEN
DEN_CB_01,CB,2026.0,DEN
DEN_CB_02,CB,2026.0,DEN
DEN_CB_03,CB,2026.0,DEN
DEN_CB_04,CB,2026.0,DEN
DEN_S_01,S,2026.0,DEN
DEN_S_02,S,2026.0,DEN
DEN_S_03,S,2026.0,DEN
DEN_K_01,K,2026.0,DEN
DEN_P_01,P,2026.0,DEN
CAR_QB_01,QB,2026.0,CAR
CAR_RB_01,RB,2026.0,CAR
CAR_RB_03,RB,2026.0,CAR
CAR_RB_02,RB,2026.0,CAR
CAR_WR_01,WR,2026.0,CAR
CAR_WR_03,WR,2026.0,CAR
CAR_WR_02,WR,2026.0,CAR
CAR_WR_05,WR,2026.0,CAR
CAR_TE_01,TE,2026.0,CAR
CAR_TE_02,TE,2026.0,CAR
CAR_OT_01,OT,2026.0,CAR
CAR_OT_02,OT,2026.0,CAR
CAR_OG_01,OG,2026.0,CAR
CAR_OG_04,OG,2026.0,CAR
CAR_C_01,C,2026.0,CAR
CAR_EDGE_02,EDGE,2026.0,CAR
CAR_EDGE_01,EDGE,2026.0,CAR
CAR_EDGE_03,EDGE,2026.0,CAR
CAR_EDGE_04,EDGE,2026.0,CAR
CAR_DT_02,DT,2026.0,CAR
CAR_DT_01,DT,2026.0,CAR
CAR_DT_04,DT,2026.0,CAR
CAR_LB_01,LB,2026.0,CAR
CAR_LB_03,LB,2026.0,CAR
CAR_LB_02,LB,2026.0,CAR
CAR_CB_01,CB,2026.0,CAR
CAR_CB_03,CB,2026.0,CAR
CAR_CB_04,CB,2026.0,CAR
CAR_CB_05,CB,2026.0,CAR
CAR_S_02,S,2026.0,CAR
CAR_S_03,S,2026.0,CAR
CAR_S_01,S,2026.0,CAR
CAR_K_01,K,2026.0,CAR
CAR_P_01,P,2026.0,CAR
LAR_QB_01,QB,4052.0,LAR
LAR_RB_01,RB,4052.0,LAR
LAR_RB_03,RB,4052.0,LAR
LAR_RB_02,RB,4052.0,LAR
LAR_WR_02,WR,4052.0,LAR
LAR_WR_01,WR,4052.0,LAR
LAR_WR_03,WR,4052.0,LAR
LAR_WR_05,WR,4052.0,LAR
LAR_TE_01,TE,4052.0,LAR
LAR_TE_02,TE,4052.0,LAR
LAR_OT_01,OT,4052.0,LAR
LAR_OT_02,OT,4052.0,LAR
LAR_OG_01,OG,4052.0,LAR
LAR_OG_02,OG,4052.0,LAR
LAR_C_01,C,4052.0,LAR
LAR_EDGE_01,EDGE,4052.0,LAR
LAR_EDGE_04,EDGE,4052.0,LAR
LAR_EDGE_03,EDGE,4052.0,LAR
LAR_DT_01,DT,4052.0,LAR
LAR_DT_02,DT,4052.0,LAR
LAR_DT_05,DT,4052.0,LAR
LAR_LB_01,LB,4052.0,LAR
LAR_LB_02,LB,4052.0,LAR
LAR_LB_04,LB,4052.0,LAR
LAR_CB_02,CB,4052.0,LAR
LAR_CB_01,CB,4052.0,LAR
LAR_CB_03,CB,4052.0,LAR
LAR_CB_06,CB,4052.0,LAR
LAR_S_02,S,4052.0,LAR
LAR_S_04,S,4052.0,LAR
LAR_S_01,S,4052.0,LAR
LAR_P_01,P,4052.0,LAR
SF_QB_01,QB,8104.0,SF
SF_RB_01,RB,8104.0,SF
SF_RB_03,RB,8104.0,SF
SF_RB_02,RB,8104.0,SF
SF_WR_03,WR,8104.0,SF
SF_WR_01,WR,8104.0,SF
SF_WR_06,WR,8104.0,SF
SF_WR_04,WR,8104.0,SF
SF_TE_01,TE,8104.0,SF
SF_TE_03,TE,8104.0,SF
SF_OT_01,OT,8104.0,SF
SF_OT_02,OT,8104.0,SF
SF_OG_01,OG,8104.0,SF
SF_OG_02,OG,8104.0,SF
SF_C_01,C,8104.0,SF
SF_EDGE_01,EDGE,8104.0,SF
SF_EDGE_02,EDGE,8104.0,SF
SF_EDGE_05,EDGE,8104.0,SF
SF_EDGE_04,EDGE,8104.0,SF
SF_DT_02,DT,8104.0,SF
SF_DT_01,DT,8104.0,SF
SF_DT_05,DT,8104.0,SF
SF_LB_02,LB,8104.0,SF
SF_LB_01,LB,8104.0,SF
SF_LB_04,LB,8104.0,SF
SF_CB_03,CB,8104.0,SF
SF_CB_01,CB,8104.0,SF
SF_CB_02,CB,8104.0,SF
SF_CB_06,CB,8104.0,SF
SF_S_01,S,8104.0,SF
SF_S_02,S,8104.0,SF
SF_S_04,S,8104.0,SF
SF_K_01,K,8104.0,SF
SF_P_01,P,8104.0,SF
ATL_QB_01,QB,2026.0,ATL
ATL_RB_01,RB,2026.0,ATL
ATL_RB_02,RB,2026.0,ATL
ATL_RB_03,RB,2026.0,ATL
ATL_WR_01,WR,2026.0,ATL
ATL_WR_03,WR,2026.0,ATL
ATL_WR_02,WR,2026.0,ATL
ATL_WR_05,WR,2026.0,ATL
ATL_TE_01,TE,2026.0,ATL
ATL_TE_03,TE,2026.0,ATL
ATL_OT_01,OT,2026.0,ATL
ATL_OT_02,OT,2026.0,ATL
ATL_OG_02,OG,2026.0,ATL
ATL_OG_04,OG,2026.0,ATL
ATL_C_02,C,2026.0,ATL
ATL_EDGE_01,EDGE,2026.0,ATL
ATL_EDGE_02,EDGE,2026.0,ATL
ATL_EDGE_04,EDGE,2026.0,ATL
ATL_EDGE_03,EDGE,2026.0,ATL
ATL_DT_02,DT,2026.0,ATL
ATL_DT_01,DT,2026.0,ATL
ATL_DT_04,DT,2026.0,ATL
ATL_LB_01,LB,2026.0,ATL
ATL_LB_02,LB,2026.0,ATL
ATL_LB_04,LB,2026.0,ATL
ATL_CB_03,CB,2026.0,ATL
ATL_CB_02,CB,2026.0,ATL
ATL_CB_01,CB,2026.0,ATL
ATL_CB_05,CB,2026.0,ATL
ATL_S_01,S,2026.0,ATL
ATL_S_02,S,2026.0,ATL
ATL_S_03,S,2026.0,ATL
ATL_K_01,K,2026.0,ATL
ATL_P_01,P,2026.0,ATL
PHI_QB_01,QB,4052.0,PHI
PHI_RB_01,RB,4052.0,PHI
PHI_RB_02,RB,4052.0,PHI
PHI_WR_03,WR,4052.0,PHI
PHI_WR_02,WR,4052.0,PHI
PHI_WR_01,WR,4052.0,PHI
PHI_WR_04,WR,4052.0,PHI
PHI_TE_01,TE,4052.0,PHI
PHI_TE_02,TE,4052.0,PHI
PHI_OT_02,OT,4052.0,PHI
PHI_OT_01,OT,4052.0,PHI
PHI_OG_01,OG,4052.0,PHI
PHI_OG_04,OG,4052.0,PHI
PHI_C_01,C,4052.0,PHI
PHI_EDGE_01,EDGE,4052.0,PHI
PHI_EDGE_05,EDGE,4052.0,PHI
PHI_EDGE_03,EDGE,4052.0,PHI
PHI_EDGE_04,EDGE,4052.0,PHI
PHI_DT_01,DT,4052.0,PHI
PHI_DT_02,DT,4052.0,PHI
PHI_DT_05,DT,4052.0,PHI
PHI_LB_04,LB,4052.0,PHI
PHI_LB_03,LB,4052.0,PHI
PHI_LB_05,LB,4052.0,PHI
PHI_CB_01,CB,4052.0,PHI
PHI_CB_02,CB,4052.0,PHI
PHI_CB_03,CB,4052.0,PHI
PHI_CB_05,CB,4052.0,PHI
PHI_S_02,S,4052.0,PHI
PHI_S_01,S,4052.0,PHI
PHI_K_01,K,4052.0,PHI
PHI_P_01,P,4052.0,PHI
TB_QB_01,QB,2026.0,TB
TB_RB_01,RB,2026.0,TB
TB_RB_02,RB,2026.0,TB
TB_RB_03,RB,2026.0,TB
TB_WR_01,WR,2026.0,TB
TB_WR_02,WR,2026.0,TB
TB_WR_04,WR,2026.0,TB
TB_WR_06,WR,2026.0,TB
TB_TE_01,TE,2026.0,TB
TB_TE_03,TE,2026.0,TB
TB_OT_02,OT,2026.0,TB
TB_OT_01,OT,2026.0,TB
TB_OG_01,OG,2026.0,TB
TB_OG_03,OG,2026.0,TB
TB_C_01,C,2026.0,TB
TB_EDGE_02,EDGE,2026.0,TB
TB_EDGE_01,EDGE,2026.0,TB
TB_EDGE_03,EDGE,2026.0,TB
TB_EDGE_04,EDGE,2026.0,TB
TB_DT_01,DT,2026.0,TB
TB_DT_03,DT,2026.0,TB
TB_LB_02,LB,2026.0,TB
TB_LB_05,LB,2026.0,TB
TB_LB_01,LB,2026.0,TB
TB_CB_03,CB,2026.0,TB
TB_CB_02,CB,2026.0,TB
TB_CB_05,CB,2026.0,TB
TB_S_01,S,2026.0,TB
TB_S_02,S,2026.0,TB
TB_S_03,S,2026.0,TB
TB_K_01,K,2026.0,TB
TB_P_01,P,2026.0,TB
DET_QB_01,QB,4052.0,DET
DET_RB_02,RB,4052.0,DET
DET_RB_03,RB,4052.0,DET
DET_WR_03,WR,4052.0,DET
DET_WR_02,WR,4052.0,DET
DET_WR_01,WR,4052.0,DET
DET_WR_05,WR,4052.0,DET
DET_TE_01,TE,4052.0,DET
DET_TE_03,TE,4052.0,DET
DET_OT_01,OT,4052.0,DET
DET_OT_02,OT,4052.0,DET
DET_OG_02,OG,4052.0,DET
DET_OG_01,OG,4052.0,DET
DET_C_01,C,4052.0,DET
DET_EDGE_02,EDGE,4052.0,DET
DET_EDGE_01,EDGE,4052.0,DET
DET_EDGE_04,EDGE,4052.0,DET
DET_EDGE_03,EDGE,4052.0,DET
DET_DT_02,DT,4052.0,DET
DET_DT_01,DT,4052.0,DET
DET_DT_05,DT,4052.0,DET
DET_LB_01,LB,4052.0,DET
DET_LB_02,LB,4052.0,DET
DET_LB_04,LB,4052.0,DET
DET_CB_02,CB,4052.0,DET
DET_CB_03,CB,4052.0,DET
DET_CB_01,CB,4052.0,DET
DET_CB_06,CB,4052.0,DET
DET_S_02,S,4052.0,DET
DET_S_04,S,4052.0,DET
DET_S_01,S,4052.0,DET
DET_K_01,K,4052.0,DET
DET_P_01,P,4052.0,DET
CIN_QB_02,QB,34459.0,BUF
IND_RB_01,RB,34459.0,BUF
P100119_WR,WR,34459.0,BUF
BUF_WR_06,WR,34459.0,BUF
P100125_WR,WR,34459.0,BUF
BUF_TE_03,TE,34459.0,BUF
NYJ_TE_03,TE,34459.0,BUF
BUF_OT_02,OT,34459.0,BUF
BUF_OT_01,OT,28378.0,BUF
CAR_OG_01,OG,34459.0,BUF
SEA_OG_04,OG,34459.0,BUF
BUF_C_01,C,34459.0,BUF
SEA_EDGE_02,EDGE,34459.0,BUF
ATL_EDGE_02,EDGE,34459.0,BUF
BUF_EDGE_04,EDGE,34459.0,BUF
BUF_EDGE_03,EDGE,18243.0,BUF
BUF_DT_04,DT,34459.0,BUF
BUF_DT_01,DT,34459.0,BUF
BUF_DT_03,DT,6081.0,BUF
CAR_LB_01,LB,30405.0,BUF
MIN_LB_08,LB,2027.0,BUF
BUF_LB_02,LB,34459.0,BUF
GB_CB_03,CB,26351.0,BUF
BUF_CB_02,CB,34459.0,BUF
BUF_CB_05,CB,30405.0,BUF
BUF_CB_04,CB,2027.0,BUF
BUF_S_02,S,34459.0,BUF
BUF_S_01,S,8108.0,BUF
BUF_S_04,S,34459.0,BUF
BUF_K_01,K,26351.0,BUF
PHI_P_01,P,34459.0,BUF
ATL_QB_02,QB,34459.0,NE
NE_WR_02,WR,34459.0,NE
P100255_WR,WR,34459.0,NE
NE_WR_05,WR,34459.0,NE
NO_TE_02,TE,34459.0,NE
P100274_TE,TE,34459.0,NE
NE_OT_03,OT,32432.0,NE
NE_OT_02,OT,34459.0,NE
NE_OG_01,OG,34459.0,NE
NE_OG_02,OG,34459.0,NE
NE_C_01,C,34459.0,NE
ATL_EDGE_03,EDGE,26351.0,NE
NE_EDGE_05,EDGE,32432.0,NE
NE_DT_01,DT,34459.0,NE
ARI_DT_04,DT,22297.0,NE
PIT_DT_04,DT,30405.0,NE
NE_LB_01,LB,18243.0,NE
NE_LB_04,LB,12162.0,NE
P100233_LB,LB,30405.0,NE
GB_CB_01,CB,34459.0,NE
BAL_CB_02,CB,34459.0,NE
NE_CB_04,CB,26351.0,NE
CIN_CB_06,CB,28378.0,NE
NE_S_03,S,34459.0,NE
NE_S_01,S,16216.0,NE
LAC_K_01,K,34459.0,NE
NO_P_01,P,28378.0,NE
BAL_QB_01,QB,22297.0,BAL
BAL_RB_02,RB,26351.0,BAL
IND_RB_03,RB,34459.0,BAL
ATL_WR_01,WR,34459.0,BAL
BAL_WR_05,WR,34459.0,BAL
BAL_WR_04,WR,34459.0,BAL
BAL_WR_01,WR,34459.0,BAL
CLE_TE_01,TE,34459.0,BAL
MIA_TE_03,TE,34459.0,BAL
P100241_OT,OT,26351.0,BAL
P100242_OT,OT,28378.0,BAL
PIT_OG_02,OG,34459.0,BAL
BAL_C_01,C,34459.0,BAL
BAL_EDGE_01,EDGE,34459.0,BAL
MIN_EDGE_01,EDGE,28378.0,BAL
BAL_EDGE_04,EDGE,34459.0,BAL
SEA_DT_01,DT,34459.0,BAL
P100056_DT,DT,28378.0,BAL
BAL_DT_05,DT,34459.0,BAL
NE_LB_03,LB,20270.0,BAL
WAS_LB_04,LB,28378.0,BAL
BAL_LB_03,LB,34459.0,BAL
BAL_CB_03,CB,34459.0,BAL
DAL_CB_05,CB,34459.0,BAL
PHI_CB_03,CB,34459.0,BAL
BAL_CB_06,CB,34459.0,BAL
JAX_S_02,S,34459.0,BAL
P100243_S,S,34459.0,BAL
P100198_S,S,34459.0,BAL
BAL_K_01,K,30405.0,BAL
ATL_P_01,P,34459.0,BAL
CLE_QB_01,QB,34459.0,CIN
NO_RB_02,RB,4054.0,CIN
CIN_RB_03,RB,34459.0,CIN
CIN_WR_01,WR,34459.0,CIN
CIN_WR_04,WR,28378.0,CIN
HOU_WR_02,WR,32432.0,CIN
LV_WR_03,WR,34459.0,CIN
CIN_TE_01,TE,30405.0,CIN
CIN_TE_03,TE,30405.0,CIN
WAS_OT_01,OT,34459.0,CIN
CIN_OT_02,OT,4054.0,CIN
TEN_OG_01,OG,24324.0,CIN
CIN_OG_02,OG,34459.0,CIN
CIN_C_02,C,30405.0,CIN
CIN_EDGE_04,EDGE,34459.0,CIN
CIN_EDGE_01,EDGE,34459.0,CIN
CIN_EDGE_05,EDGE,34459.0,CIN
DEN_DT_01,DT,22297.0,CIN
CIN_DT_03,DT,34459.0,CIN
CIN_DT_05,DT,34459.0,CIN
SF_LB_01,LB,4054.0,CIN
SEA_LB_02,LB,34459.0,CIN
CIN_LB_02,LB,34459.0,CIN
CIN_CB_02,CB,34459.0,CIN
CIN_CB_01,CB,28378.0,CIN
HOU_CB_05,CB,34459.0,CIN
CIN_CB_04,CB,26351.0,CIN
CIN_S_01,S,20270.0,CIN
CIN_S_02,S,26351.0,CIN
CIN_K_01,K,34459.0,CIN
CIN_P_01,P,22297.0,CIN
LAR_QB_01,QB,34459.0,LAR
CIN_RB_01,RB,34459.0,LAR
LAR_WR_02,WR,34459.0,LAR
PHI_WR_01,WR,24324.0,LAR
NO_WR_03,WR,34459.0,LAR
LAR_WR_01,WR,34459.0,LAR
LAR_TE_02,TE,34459.0,LAR
LAR_TE_03,TE,34459.0,LAR
LAR_OT_01,OT,34459.0,LAR
LAR_OT_02,OT,34459.0,LAR
LAR_OG_01,OG,34459.0,LAR
SEA_OG_05,OG,22297.0,LAR
LAR_C_01,C,34459.0,LAR
ATL_EDGE_04,EDGE,34459.0,LAR
P100134_EDGE,EDGE,34459.0,LAR
P100265_EDGE,EDGE,34459.0,LAR
LAR_EDGE_03,EDGE,2027.0,LAR
LAR_DT_01,DT,26351.0,LAR
LAR_DT_02,DT,24324.0,LAR
GB_DT_05,DT,16216.0,LAR
LAR_LB_04,LB,34459.0,LAR
LAR_LB_03,LB,22297.0,LAR
LAR_LB_05,LB,24324.0,LAR
LAR_CB_02,CB,34459.0,LAR
LAR_CB_01,CB,34459.0,LAR
LAR_CB_03,CB,24324.0,LAR
LAR_CB_05,CB,24324.0,LAR
LAR_S_02,S,34459.0,LAR
LAR_S_04,S,28378.0,LAR
NE_S_02,S,34459.0,LAR
DAL_K_01,K,24324.0,LAR
GB_P_01,P,30405.0,LAR
TB_QB_02,QB,34459.0,ARI
ARI_RB_01,RB,34459.0,ARI
BAL_WR_03,WR,34459.0,ARI
ARI_WR_03,WR,26351.0,ARI
ARI_WR_05,WR,34459.0,ARI
P100165_WR,WR,32432.0,ARI
ARI_TE_01,TE,34459.0,ARI
PHI_TE_01,TE,6081.0,ARI
ARI_OT_01,OT,34459.0,ARI
CAR_OT_03,OT,34459.0,ARI
ARI_OG_02,OG,34459.0,ARI
ARI_OG_04,OG,34459.0,ARI
ARI_EDGE_01,EDGE,34459.0,ARI
ARI_EDGE_03,EDGE,34459.0,ARI
ARI_EDGE_04,EDGE,28378.0,ARI
P100261_EDGE,EDGE,34459.0,ARI
PIT_DT_01,DT,34459.0,ARI
JAX_DT_02,DT,34459.0,ARI
DET_DT_05,DT,2027.0,ARI
ARI_LB_02,LB,34459.0,ARI
ARI_LB_05,LB,34459.0,ARI
ARI_LB_03,LB,2027.0,ARI
ARI_CB_03,CB,24324.0,ARI
ARI_CB_04,CB,34459.0,ARI
CHI_S_01,S,30405.0,ARI
ARI_S_01,S,34459.0,ARI
P100116_S,S,34459.0,ARI
ARI_K_01,K,24324.0,ARI
BAL_P_01,P,34459.0,ARI
GB_QB_01,QB,34459.0,GB
SF_RB_01,RB,34459.0,GB
JAX_RB_01,RB,18243.0,GB
GB_WR_03,WR,18243.0,GB
DET_WR_06,WR,32432.0,GB
GB_WR_06,WR,34459.0,GB
GB_WR_04,WR,34459.0,GB
GB_TE_03,TE,34459.0,GB
GB_TE_02,TE,34459.0,GB
GB_OT_01,OT,28378.0,GB
P100070_OT,OT,8108.0,GB
DET_OG_02,OG,34459.0,GB
JAX_OG_02,OG,34459.0,GB
GB_C_02,C,32432.0,GB
GB_EDGE_01,EDGE,34459.0,GB
GB_EDGE_02,EDGE,24324.0,GB
GB_DT_04,DT,34459.0,GB
LAR_LB_01,LB,26351.0,GB
GB_LB_03,LB,32432.0,GB
P100185_LB,LB,34459.0,GB
DET_CB_01,CB,34459.0,GB
GB_CB_05,CB,16216.0,GB
P100131_CB,CB,34459.0,GB
P100180_CB,CB,26351.0,GB
GB_S_04,S,34459.0,GB
GB_S_03,S,32432.0,GB
P100052_K,K,26351.0,GB
P100074_QB,QB,34459.0,MIA
MIA_RB_02,RB,34459.0,MIA
PHI_WR_03,WR,34459.0,MIA
MIA_WR_06,WR,34459.0,MIA
MIA_WR_02,WR,30405.0,MIA
MIA_TE_02,TE,34459.0,MIA
LV_TE_03,TE,20270.0,MIA
PIT_OT_01,OT,34459.0,MIA
KC_OT_01,OT,28378.0,MIA
KC_OG_01,OG,34459.0,MIA
P100060_OG,OG,34459.0,MIA
NYJ_C_01,C,26351.0,MIA
PIT_EDGE_02,EDGE,22297.0,MIA
MIA_EDGE_01,EDGE,34459.0,MIA
MIA_EDGE_04,EDGE,26351.0,MIA
KC_DT_01,DT,34459.0,MIA
MIA_DT_02,DT,22297.0,MIA
MIA_DT_01,DT,34459.0,MIA
NO_LB_02,LB,30405.0,MIA
CAR_LB_02,LB,34459.0,MIA
FA_LB_118,LB,34459.0,MIA
CIN_CB_03,CB,34459.0,MIA
ATL_CB_02,CB,34459.0,MIA
DET_CB_03,CB,34459.0,MIA
MIA_CB_04,CB,28378.0,MIA
TEN_S_02,S,32432.0,MIA
MIA_S_03,S,34459.0,MIA
MIA_S_01,S,34459.0,MIA
CHI_K_01,K,32432.0,MIA
MIA_P_01,P,34459.0,MIA
CAR_QB_01,QB,34459.0,CLE
CLE_RB_03,RB,34459.0,CLE
TEN_RB_01,RB,34459.0,CLE
CLE_RB_02,RB,34459.0,CLE
CLE_WR_03,WR,24324.0,CLE
CLE_WR_02,WR,34459.0,CLE
CLE_WR_05,WR,34459.0,CLE
CLE_TE_02,TE,34459.0,CLE
CLE_TE_03,TE,34459.0,CLE
TEN_OT_01,OT,34459.0,CLE
CLE_OT_02,OT,34459.0,CLE
CLE_OG_02,OG,34459.0,CLE
CLE_OG_03,OG,32432.0,CLE
CIN_C_01,C,34459.0,CLE
CLE_EDGE_01,EDGE,34459.0,CLE
TB_EDGE_02,EDGE,34459.0,CLE
P100018_EDGE,EDGE,22297.0,CLE
P100146_EDGE,EDGE,30405.0,CLE
CLE_DT_02,DT,34459.0,CLE
CLE_DT_03,DT,34459.0,CLE
NO_LB_01,LB,18243.0,CLE
CLE_LB_02,LB,34459.0,CLE
CLE_LB_04,LB,32432.0,CLE
CLE_CB_02,CB,32432.0,CLE
CLE_CB_05,CB,34459.0,CLE
TB_S_02,S,34459.0,CLE
P100142_S,S,34459.0,CLE
CLE_K_01,K,34459.0,CLE
ATL_QB_01,QB,24324.0,ATL
ATL_RB_01,RB,30405.0,ATL
ATL_RB_03,RB,20270.0,ATL
ATL_WR_03,WR,28378.0,ATL
ATL_WR_05,WR,28378.0,ATL
ATL_WR_06,WR,26351.0,ATL
P100218_WR,WR,18243.0,ATL
ATL_TE_01,TE,32432.0,ATL
CHI_TE_02,TE,34459.0,ATL
HOU_OT_02,OT,34459.0,ATL
ATL_OT_04,OT,26351.0,ATL
ATL_OG_04,OG,34459.0,ATL
ATL_C_02,C,34459.0,ATL
DET_EDGE_02,EDGE,32432.0,ATL
DEN_EDGE_01,EDGE,34459.0,ATL
PIT_DT_02,DT,34459.0,ATL
ATL_DT_01,DT,34459.0,ATL
ATL_DT_05,DT,34459.0,ATL
MIN_LB_02,LB,26351.0,ATL
WAS_LB_01,LB,34459.0,ATL
ATL_LB_05,LB,34459.0,ATL
NYJ_CB_03,CB,34459.0,ATL
P100254_CB,CB,30405.0,ATL
KC_S_02,S,26351.0,ATL
ATL_S_03,S,34459.0,ATL
P100117_S,S,30405.0,ATL
ATL_K_01,K,34459.0,ATL
FA_P_070,P,20270.0,ATL
DEN_QB_01,QB,34459.0,DEN
DEN_RB_01,RB,34459.0,DEN
NYG_RB_01,RB,34459.0,DEN
DEN_RB_03,RB,32432.0,DEN
DEN_WR_01,WR,26351.0,DEN
DEN_WR_02,WR,34459.0,DEN
DEN_WR_04,WR,34459.0,DEN
DEN_TE_02,TE,34459.0,DEN
BAL_OT_02,OT,34459.0,DEN
DEN_OT_04,OT,34459.0,DEN
DEN_OG_04,OG,34459.0,DEN
DEN_C_01,C,12162.0,DEN
BAL_EDGE_02,EDGE,34459.0,DEN
SF_EDGE_01,EDGE,34459.0,DEN
P100114_EDGE,EDGE,34459.0,DEN
DEN_EDGE_05,EDGE,34459.0,DEN
DEN_DT_02,DT,34459.0,DEN
MIN_DT_04,DT,34459.0,DEN
DEN_DT_04,DT,22297.0,DEN
LV_LB_01,LB,34459.0,DEN
DEN_LB_02,LB,34459.0,DEN
DEN_LB_03,LB,24324.0,DEN
DEN_CB_01,CB,34459.0,DEN
DEN_CB_02,CB,34459.0,DEN
DEN_CB_03,CB,34459.0,DEN
DEN_CB_04,CB,34459.0,DEN
DEN_S_02,S,32432.0,DEN
DEN_S_03,S,34459.0,DEN
DEN_K_01,K,34459.0,DEN
P100081_P,P,20270.0,DEN
DAL_QB_02,QB,24324.0,DAL
LAC_WR_02,WR,34459.0,DAL
DAL_WR_02,WR,34459.0,DAL
DAL_WR_03,WR,34459.0,DAL
DAL_WR_06,WR,18243.0,DAL
PIT_TE_01,TE,34459.0,DAL
P100050_TE,TE,32432.0,DAL
DAL_OT_01,OT,34459.0,DAL
DAL_OT_02,OT,34459.0,DAL
DAL_OG_02,OG,26351.0,DAL
TB_OG_01,OG,34459.0,DAL
DAL_C_01,C,24324.0,DAL
CAR_EDGE_02,EDGE,34459.0,DAL
DEN_EDGE_02,EDGE,34459.0,DAL
P100279_EDGE,EDGE,24324.0,DAL
DAL_EDGE_03,EDGE,32432.0,DAL
GB_DT_02,DT,34459.0,DAL
NYJ_DT_02,DT,34459.0,DAL
NYJ_DT_03,DT,22297.0,DAL
DAL_LB_02,LB,34459.0,DAL
PHI_LB_02,LB,34459.0,DAL
MIA_LB_03,LB,12162.0,DAL
DAL_CB_03,CB,30405.0,DAL
GB_CB_04,CB,32432.0,DAL
BAL_CB_01,CB,32432.0,DAL
ATL_CB_05,CB,28378.0,DAL
PIT_S_01,S,34459.0,DAL
GB_S_02,S,34459.0,DAL
P100210_S,S,34459.0,DAL
NE_K_01,K,34459.0,DAL
DAL_P_01,P,34459.0,DAL
TEN_QB_02,QB,30405.0,NYG
NYG_WR_02,WR,20270.0,NYG
LV_WR_02,WR,34459.0,NYG
NYG_WR_04,WR,34459.0,NYG
NYG_WR_06,WR,16216.0,NYG
CAR_TE_02,TE,34459.0,NYG
KC_TE_02,TE,24324.0,NYG
NYG_OT_01,OT,6081.0,NYG
NYG_OT_02,OT,34459.0,NYG
PHI_OG_02,OG,34459.0,NYG
NYG_OG_02,OG,34459.0,NYG
PHI_C_01,C,34459.0,NYG
IND_EDGE_04,EDGE,30405.0,NYG
NYG_EDGE_01,EDGE,34459.0,NYG
NYG_EDGE_02,EDGE,34459.0,NYG
PIT_EDGE_01,EDGE,28378.0,NYG
NYG_DT_04,DT,28378.0,NYG
PIT_DT_05,DT,34459.0,NYG
NYG_DT_03,DT,26351.0,NYG
CHI_LB_04,LB,34459.0,NYG
NYG_LB_03,LB,34459.0,NYG
NYG_LB_04,LB,6081.0,NYG
NYG_CB_02,CB,6081.0,NYG
CHI_CB_03,CB,34459.0,NYG
NYG_CB_05,CB,34459.0,NYG
NYG_S_01,S,34459.0,NYG
NYG_K_01,K,28378.0,NYG
P100226_P,P,34459.0,NYG
WAS_QB_01,QB,34459.0,MIN
LAR_RB_03,RB,34459.0,MIN
FA_RB_021,RB,34459.0,MIN
P100007_RB,RB,34459.0,MIN
CHI_WR_01,WR,30405.0,MIN
MIN_WR_02,WR,34459.0,MIN
MIN_WR_03,WR,34459.0,MIN
MIN_TE_01,TE,30405.0,MIN
NO_TE_03,TE,34459.0,MIN
MIN_OT_01,OT,28378.0,MIN
PHI_OT_01,OT,28378.0,MIN
LAR_OG_02,OG,34459.0,MIN
MIN_OG_01,OG,4054.0,MIN
MIN_C_01,C,30405.0,MIN
ATL_EDGE_01,EDGE,34459.0,MIN
FA_EDGE_182,EDGE,34459.0,MIN
NYJ_EDGE_02,EDGE,34459.0,MIN
MIN_EDGE_03,EDGE,34459.0,MIN
PHI_DT_01,DT,24324.0,MIN
MIN_DT_01,DT,24324.0,MIN
MIN_DT_02,DT,30405.0,MIN
DEN_LB_04,LB,34459.0,MIN
GB_LB_02,LB,34459.0,MIN
FA_LB_159,LB,34459.0,MIN
MIN_CB_03,CB,34459.0,MIN
MIN_CB_01,CB,34459.0,MIN
MIN_CB_05,CB,26351.0,MIN
P100174_CB,CB,34459.0,MIN
TB_S_01,S,28378.0,MIN
ATL_S_01,S,34459.0,MIN
P100042_S,S,8108.0,MIN
FA_K_006,K,34459.0,MIN
BAL_OG_04,OG,32432.0,BAL
CIN_QB_01,QB,34459.0,PIT
PIT_RB_01,RB,34459.0,PIT
PIT_WR_03,WR,30405.0,PIT
PIT_WR_06,WR,34459.0,PIT
PIT_WR_05,WR,34459.0,PIT
PIT_TE_02,TE,22297.0,PIT
PIT_TE_03,TE,34459.0,PIT
LV_OT_01,OT,30405.0,PIT
CIN_OT_01,OT,34459.0,PIT
PIT_OG_01,OG,34459.0,PIT
ARI_OG_01,OG,26351.0,PIT
PIT_C_01,C,34459.0,PIT
CLE_EDGE_02,EDGE,32432.0,PIT
CIN_EDGE_02,EDGE,34459.0,PIT
CIN_DT_01,DT,16216.0,PIT
P100135_DT,DT,34459.0,PIT
PIT_LB_04,LB,34459.0,PIT
LAC_LB_01,LB,30405.0,PIT
MIN_LB_03,LB,34459.0,PIT
PIT_CB_02,CB,18243.0,PIT
NO_CB_01,CB,34459.0,PIT
PIT_CB_05,CB,34459.0,PIT
P100153_CB,CB,22297.0,PIT
PIT_S_02,S,34459.0,PIT
PIT_S_03,S,26351.0,PIT
PIT_S_04,S,26351.0,PIT
LV_P_01,P,34459.0,PIT
HOU_S_03,S,18243.0,CIN
LAC_QB_01,QB,34459.0,LAC
LAC_RB_02,RB,34459.0,LAC
SF_WR_03,WR,34459.0,LAC
GB_WR_01,WR,34459.0,LAC
LAC_WR_03,WR,34459.0,LAC
LAC_WR_05,WR,32432.0,LAC
LAC_TE_02,TE,32432.0,LAC
DEN_OT_02,OT,34459.0,LAC
LAC_OT_01,OT,34459.0,LAC
LAC_OG_02,OG,30405.0,LAC
LAC_OG_03,OG,34459.0,LAC
CHI_C_01,C,34459.0,LAC
NYG_EDGE_04,EDGE,32432.0,LAC
P100009_EDGE,EDGE,34459.0,LAC
SEA_DT_02,DT,34459.0,LAC
JAX_DT_04,DT,34459.0,LAC
DET_DT_03,DT,26351.0,LAC
LAC_LB_02,LB,26351.0,LAC
CIN_LB_03,LB,34459.0,LAC
SF_LB_05,LB,30405.0,LAC
LAC_CB_02,CB,34459.0,LAC
LAC_CB_03,CB,34459.0,LAC
LAC_CB_04,CB,34459.0,LAC
LAC_CB_05,CB,32432.0,LAC
PHI_S_01,S,32432.0,LAC
LAC_S_02,S,34459.0,LAC
P100075_S,S,34459.0,LAC
TEN_K_01,K,24324.0,LAC
LAC_P_01,P,32432.0,LAC
DET_WR_04,WR,32432.0,NYG
PIT_QB_01,QB,32432.0,CAR
CAR_RB_01,RB,32432.0,CAR
CAR_RB_03,RB,34459.0,CAR
CAR_WR_03,WR,34459.0,CAR
CAR_WR_05,WR,20270.0,CAR
CAR_WR_06,WR,34459.0,CAR
CAR_WR_02,WR,34459.0,CAR
CAR_TE_01,TE,34459.0,CAR
CAR_OT_01,OT,34459.0,CAR
SF_OG_01,OG,24324.0,CAR
CAR_OG_03,OG,34459.0,CAR
LAC_C_01,C,26351.0,CAR
KC_EDGE_01,EDGE,34459.0,CAR
CAR_EDGE_05,EDGE,32432.0,CAR
CAR_EDGE_03,EDGE,34459.0,CAR
P100231_EDGE,EDGE,16216.0,CAR
CAR_DT_02,DT,32432.0,CAR
CAR_DT_01,DT,34459.0,CAR
CAR_DT_04,DT,34459.0,CAR
P100176_LB,LB,34459.0,CAR
CAR_LB_05,LB,34459.0,CAR
P100195_LB,LB,34459.0,CAR
CLE_CB_01,CB,32432.0,CAR
GB_CB_02,CB,34459.0,CAR
CAR_S_02,S,20270.0,CAR
CAR_S_03,S,34459.0,CAR
P100283_S,S,34459.0,CAR
LAR_K_01,K,34459.0,CAR
NYJ_P_01,P,34459.0,CAR
NYJ_QB_01,QB,34459.0,NYJ
P100035_RB,RB,34459.0,NYJ
CIN_RB_02,RB,30405.0,NYJ
NYJ_WR_02,WR,28378.0,NYJ
NYJ_WR_03,WR,26351.0,NYJ
JAX_WR_03,WR,30405.0,NYJ
ARI_WR_01,WR,26351.0,NYJ
DEN_TE_01,TE,34459.0,NYJ
NE_TE_01,TE,32432.0,NYJ
NYJ_OT_01,OT,34459.0,NYJ
NYJ_OT_02,OT,34459.0,NYJ
BAL_OG_02,OG,34459.0,NYJ
NYJ_OG_01,OG,30405.0,NYJ
P100300_C,C,34459.0,NYJ
NYJ_EDGE_01,EDGE,24324.0,NYJ
JAX_EDGE_01,EDGE,18243.0,NYJ
NYJ_EDGE_05,EDGE,34459.0,NYJ
CHI_DT_01,DT,28378.0,NYJ
NYJ_DT_05,DT,34459.0,NYJ
NYJ_DT_04,DT,34459.0,NYJ
NYG_LB_02,LB,34459.0,NYJ
CAR_LB_04,LB,26351.0,NYJ
NYJ_LB_02,LB,34459.0,NYJ
JAX_CB_03,CB,26351.0,NYJ
NYJ_CB_02,CB,20270.0,NYJ
CLE_CB_03,CB,18243.0,NYJ
NYJ_CB_01,CB,26351.0,NYJ
CAR_S_01,S,34459.0,NYJ
LAR_S_01,S,34459.0,NYJ
NYJ_S_03,S,10135.0,NYJ
NYJ_K_01,K,24324.0,NYJ
CHI_QB_01,QB,32432.0,DET
DET_RB_02,RB,30405.0,DET
DET_WR_03,WR,22297.0,DET
DET_WR_01,WR,34459.0,DET
P100022_WR,WR,34459.0,DET
DET_TE_01,TE,34459.0,DET
DET_TE_03,TE,20270.0,DET
DET_OT_01,OT,32432.0,DET
DET_OT_02,OT,28378.0,DET
DET_OG_04,OG,30405.0,DET
DEN_OG_02,OG,34459.0,DET
TEN_C_01,C,20270.0,DET
DET_EDGE_01,EDGE,34459.0,DET
ARI_EDGE_02,EDGE,34459.0,DET
PIT_EDGE_03,EDGE,20270.0,DET
DET_EDGE_04,EDGE,34459.0,DET
DET_DT_02,DT,34459.0,DET
SF_DT_02,DT,34459.0,DET
DET_DT_04,DT,34459.0,DET
DET_LB_01,LB,34459.0,DET
DET_LB_02,LB,32432.0,DET
BAL_LB_01,LB,34459.0,DET
DET_CB_02,CB,26351.0,DET
DET_CB_06,CB,34459.0,DET
DET_S_04,S,22297.0,DET
DET_S_01,S,34459.0,DET
ARI_S_02,S,34459.0,DET
DET_K_01,K,28378.0,DET
DET_P_01,P,26351.0,DET
PHI_QB_01,QB,30405.0,PHI
LAR_RB_01,RB,12162.0,PHI
P100058_RB,RB,26351.0,PHI
PIT_WR_02,WR,34459.0,PHI
LAC_WR_01,WR,30405.0,PHI
DET_WR_02,WR,34459.0,PHI
PIT_WR_01,WR,26351.0,PHI
IND_TE_01,TE,34459.0,PHI
PHI_TE_03,TE,34459.0,PHI
ATL_OT_01,OT,34459.0,PHI
PHI_OT_02,OT,34459.0,PHI
PHI_OG_01,OG,34459.0,PHI
PIT_OG_03,OG,26351.0,PHI
CAR_C_01,C,28378.0,PHI
PHI_EDGE_01,EDGE,34459.0,PHI
PHI_EDGE_03,EDGE,34459.0,PHI
PHI_EDGE_04,EDGE,34459.0,PHI
P100214_EDGE,EDGE,34459.0,PHI
DET_DT_01,DT,22297.0,PHI
PHI_DT_02,DT,34459.0,PHI
PHI_LB_04,LB,34459.0,PHI
PHI_LB_03,LB,34459.0,PHI
WAS_CB_02,CB,34459.0,PHI
HOU_CB_03,CB,28378.0,PHI
P100249_CB,CB,30405.0,PHI
PHI_S_02,S,34459.0,PHI
PHI_S_03,S,24324.0,PHI
PHI_S_04,S,34459.0,PHI
P100078_K,K,34459.0,PHI
DEN_P_01,P,34459.0,PHI
LV_QB_01,QB,34459.0,LV
LV_RB_01,RB,34459.0,LV
ARI_RB_02,RB,34459.0,LV
SF_RB_04,RB,34459.0,LV
LV_WR_01,WR,34459.0,LV
BAL_WR_02,WR,28378.0,LV
LV_WR_04,WR,24324.0,LV
P100219_TE,TE,34459.0,LV
P100212_TE,TE,34459.0,LV
LV_OT_02,OT,34459.0,LV
LV_OT_04,OT,34459.0,LV
LV_OG_01,OG,34459.0,LV
LV_OG_03,OG,32432.0,LV
LV_C_01,C,34459.0,LV
KC_EDGE_04,EDGE,34459.0,LV
LV_DT_01,DT,34459.0,LV
LAR_DT_05,DT,32432.0,LV
LV_DT_03,DT,30405.0,LV
PIT_LB_01,LB,34459.0,LV
LV_LB_02,LB,34459.0,LV
LV_LB_05,LB,34459.0,LV
LV_CB_03,CB,30405.0,LV
LV_CB_06,CB,34459.0,LV
PHI_CB_01,CB,24324.0,LV
LV_CB_04,CB,34459.0,LV
LV_S_01,S,34459.0,LV
LAC_S_04,S,30405.0,LV
LV_S_04,S,32432.0,LV
LV_K_01,K,30405.0,LV
CAR_P_01,P,28378.0,LV
SEA_QB_01,QB,34459.0,SEA
PHI_RB_01,RB,34459.0,SEA
P100087_RB,RB,34459.0,SEA
SEA_WR_03,WR,34459.0,SEA
SEA_WR_02,WR,34459.0,SEA
SEA_WR_01,WR,34459.0,SEA
SEA_WR_04,WR,34459.0,SEA
LAC_TE_01,TE,34459.0,SEA
SEA_OT_02,OT,34459.0,SEA
SEA_OT_01,OT,26351.0,SEA
SEA_OG_01,OG,34459.0,SEA
SEA_C_01,C,30405.0,SEA
MIN_EDGE_02,EDGE,34459.0,SEA
BUF_EDGE_01,EDGE,34459.0,SEA
P100066_EDGE,EDGE,34459.0,SEA
P100238_DT,DT,28378.0,SEA
P100012_DT,DT,34459.0,SEA
SEA_DT_05,DT,32432.0,SEA
SEA_LB_01,LB,34459.0,SEA
SEA_LB_05,LB,34459.0,SEA
SEA_CB_02,CB,34459.0,SEA
SEA_CB_03,CB,34459.0,SEA
SEA_CB_06,CB,34459.0,SEA
SEA_S_02,S,30405.0,SEA
SEA_S_01,S,34459.0,SEA
P100166_S,S,34459.0,SEA
SEA_K_01,K,26351.0,SEA
SF_P_01,P,32432.0,SEA
ATL_OG_01,OG,32432.0,ATL
ATL_CB_03,CB,26351.0,ATL
PIT_QB_03,QB,12162.0,BAL
BAL_LB_05,LB,16216.0,BAL
IND_QB_01,QB,34459.0,IND
NYG_RB_03,RB,34459.0,IND
IND_RB_02,RB,34459.0,IND
IND_WR_02,WR,34459.0,IND
IND_WR_01,WR,32432.0,IND
ARI_WR_02,WR,34459.0,IND
IND_WR_05,WR,10135.0,IND
NYJ_TE_01,TE,34459.0,IND
SEA_TE_02,TE,34459.0,IND
MIN_OT_02,OT,34459.0,IND
IND_OT_01,OT,26351.0,IND
GB_OG_01,OG,34459.0,IND
NO_OG_01,OG,34459.0,IND
IND_C_01,C,34459.0,IND
IND_EDGE_02,EDGE,34459.0,IND
IND_EDGE_01,EDGE,32432.0,IND
TB_EDGE_01,EDGE,34459.0,IND
IND_DT_01,DT,34459.0,IND
CLE_DT_04,DT,34459.0,IND
LV_DT_02,DT,34459.0,IND
JAX_LB_02,LB,32432.0,IND
IND_LB_05,LB,34459.0,IND
IND_LB_03,LB,34459.0,IND
IND_CB_01,CB,34459.0,IND
IND_CB_02,CB,32432.0,IND
GB_CB_06,CB,24324.0,IND
IND_CB_03,CB,32432.0,IND
IND_S_02,S,34459.0,IND
IND_S_01,S,32432.0,IND
NO_K_01,K,34459.0,IND
IND_P_01,P,34459.0,IND
TEN_QB_01,QB,26351.0,TEN
KC_RB_02,RB,34459.0,TEN
BAL_RB_03,RB,34459.0,TEN
TEN_RB_03,RB,34459.0,TEN
TEN_WR_03,WR,28378.0,TEN
TEN_WR_01,WR,28378.0,TEN
TEN_WR_02,WR,34459.0,TEN
TEN_WR_05,WR,22297.0,TEN
TEN_TE_03,TE,34459.0,TEN
CLE_OT_01,OT,34459.0,TEN
PIT_OT_02,OT,34459.0,TEN
TEN_OG_04,OG,26351.0,TEN
PIT_OG_04,OG,14189.0,TEN
P100005_C,C,34459.0,TEN
TEN_EDGE_02,EDGE,34459.0,TEN
LAC_EDGE_01,EDGE,28378.0,TEN
BUF_EDGE_02,EDGE,34459.0,TEN
CHI_EDGE_02,EDGE,34459.0,TEN
TEN_DT_02,DT,34459.0,TEN
TEN_DT_01,DT,34459.0,TEN
KC_DT_03,DT,34459.0,TEN
TEN_LB_01,LB,34459.0,TEN
DET_LB_04,LB,34459.0,TEN
TEN_LB_04,LB,34459.0,TEN
TEN_CB_03,CB,34459.0,TEN
PIT_CB_01,CB,34459.0,TEN
TEN_CB_06,CB,34459.0,TEN
TEN_CB_01,CB,22297.0,TEN
TEN_S_01,S,34459.0,TEN
CLE_S_03,S,34459.0,TEN
FA_S_181,S,34459.0,TEN
MIN_K_01,K,34459.0,TEN
TEN_P_01,P,30405.0,TEN
ARI_QB_01,QB,34459.0,KC
KC_RB_01,RB,34459.0,KC
KC_RB_03,RB,34459.0,KC
KC_WR_03,WR,34459.0,KC
P100260_WR,WR,34459.0,KC
P100160_WR,WR,34459.0,KC
KC_TE_01,TE,34459.0,KC
P100186_TE,TE,26351.0,KC
NO_OT_02,OT,30405.0,KC
NYG_OT_04,OT,30405.0,KC
GB_OG_02,OG,34459.0,KC
KC_OG_03,OG,34459.0,KC
KC_C_01,C,34459.0,KC
TEN_EDGE_01,EDGE,26351.0,KC
GB_EDGE_04,EDGE,34459.0,KC
KC_EDGE_03,EDGE,34459.0,KC
KC_EDGE_05,EDGE,34459.0,KC
MIA_DT_04,DT,24324.0,KC
PHI_DT_05,DT,34459.0,KC
KC_LB_02,LB,34459.0,KC
KC_LB_05,LB,34459.0,KC
IND_LB_01,LB,24324.0,KC
KC_CB_02,CB,34459.0,KC
KC_CB_03,CB,26351.0,KC
P100292_CB,CB,34459.0,KC
KC_CB_06,CB,34459.0,KC
KC_S_01,S,34459.0,KC
ATL_S_04,S,34459.0,KC
KC_K_01,K,34459.0,KC
CAR_CB_01,CB,32432.0,CAR
SF_QB_01,QB,20270.0,WAS
WAS_RB_01,RB,34459.0,WAS
P100168_RB,RB,32432.0,WAS
WAS_WR_02,WR,34459.0,WAS
DAL_WR_01,WR,34459.0,WAS
DET_WR_05,WR,28378.0,WAS
WAS_TE_01,TE,28378.0,WAS
WAS_TE_03,TE,20270.0,WAS
WAS_OT_02,OT,34459.0,WAS
WAS_OT_03,OT,32432.0,WAS
WAS_OG_02,OG,34459.0,WAS
WAS_OG_03,OG,18243.0,WAS
GB_C_01,C,34459.0,WAS
P100191_EDGE,EDGE,34459.0,WAS
WAS_EDGE_05,EDGE,30405.0,WAS
WAS_EDGE_04,EDGE,34459.0,WAS
WAS_DT_02,DT,28378.0,WAS
WAS_DT_01,DT,32432.0,WAS
WAS_DT_05,DT,34459.0,WAS
CIN_LB_01,LB,28378.0,WAS
SEA_LB_03,LB,34459.0,WAS
WAS_LB_05,LB,34459.0,WAS
WAS_CB_01,CB,34459.0,WAS
FA_CB_029,CB,22297.0,WAS
WAS_CB_06,CB,34459.0,WAS
WAS_CB_03,CB,30405.0,WAS
WAS_S_04,S,34459.0,WAS
TEN_S_04,S,28378.0,WAS
WAS_S_03,S,24324.0,WAS
WAS_K_01,K,34459.0,WAS
WAS_P_01,P,34459.0,WAS
PHI_RB_03,RB,32432.0,MIA
CIN_WR_02,WR,32432.0,MIA
MIN_OT_04,OT,6081.0,MIN
HOU_OG_01,OG,30405.0,MIN
DET_S_02,S,32432.0,MIN
MIN_P_01,P,32432.0,MIN
GB_OT_02,OT,32432.0,GB
CAR_C_03,C,2027.0,GB
GB_EDGE_03,EDGE,32432.0,GB
GB_S_01,S,32432.0,GB
SEA_P_01,P,30405.0,NYJ
CLE_RB_01,RB,30405.0,NYG
DEN_WR_03,WR,20270.0,DEN
DEN_TE_03,TE,32432.0,DEN
DEN_OG_01,OG,32432.0,DEN
NO_C_01,C,22297.0,DEN
P100224_LB,LB,10135.0,DEN
CLE_LB_01,LB,22297.0,DAL
NYJ_CB_04,CB,8108.0,DAL
NO_RB_03,RB,34459.0,NO
BUF_WR_03,WR,34459.0,NO
CHI_WR_02,WR,30405.0,NO
NO_WR_01,WR,22297.0,NO
NO_WR_06,WR,34459.0,NO
LV_TE_01,TE,34459.0,NO
BUF_OT_03,OT,34459.0,NO
P100143_OT,OT,34459.0,NO
MIN_OG_04,OG,34459.0,NO
NO_OG_02,OG,34459.0,NO
NO_C_02,C,34459.0,NO
NO_EDGE_02,EDGE,32432.0,NO
NO_EDGE_04,EDGE,34459.0,NO
TEN_EDGE_04,EDGE,34459.0,NO
TB_EDGE_03,EDGE,34459.0,NO
NO_DT_02,DT,34459.0,NO
NO_DT_05,DT,24324.0,NO
P100187_DT,DT,24324.0,NO
NE_LB_02,LB,34459.0,NO
NO_LB_05,LB,18243.0,NO
P100284_LB,LB,28378.0,NO
NO_CB_02,CB,34459.0,NO
NO_CB_05,CB,34459.0,NO
P100044_CB,CB,34459.0,NO
NO_S_01,S,34459.0,NO
SF_K_02,K,14189.0,NO
BUF_QB_02,QB,10135.0,ATL
ATL_WR_04,WR,30405.0,ATL
DET_OG_01,OG,28378.0,TEN
TEN_CB_04,CB,12162.0,TEN
LV_EDGE_04,EDGE,30405.0,LV
LV_DT_05,DT,6081.0,LV
BAL_S_04,S,6081.0,LV
MIA_OT_04,OT,6081.0,MIN
TEN_DT_04,DT,24324.0,MIN
LAR_WR_05,WR,10135.0,LAR
PHI_EDGE_02,EDGE,32432.0,LAR
LAR_DT_03,DT,26351.0,LAR
WAS_RB_02,RB,32432.0,WAS
P100021_EDGE,EDGE,32432.0,WAS
KC_WR_01,WR,32432.0,DET
TB_OT_01,OT,8108.0,DET
KC_LB_01,LB,2027.0,DET
P100245_WR,WR,12162.0,PHI
PHI_CB_06,CB,28378.0,PHI
KC_QB_02,QB,34459.0,CHI
CHI_RB_03,RB,32432.0,CHI
MIN_RB_04,RB,34459.0,CHI
CHI_WR_03,WR,34459.0,CHI
CHI_WR_06,WR,34459.0,CHI
CHI_TE_01,TE,34459.0,CHI
CHI_TE_03,TE,32432.0,CHI
CHI_OT_02,OT,30405.0,CHI
SEA_OT_05,OT,30405.0,CHI
CAR_OG_02,OG,34459.0,CHI
IND_OG_01,OG,34459.0,CHI
TB_C_01,C,34459.0,CHI
LAR_EDGE_01,EDGE,34459.0,CHI
CHI_EDGE_01,EDGE,8108.0,CHI
WAS_EDGE_06,EDGE,32432.0,CHI
CHI_EDGE_04,EDGE,34459.0,CHI
CHI_DT_02,DT,34459.0,CHI
CHI_DT_03,DT,26351.0,CHI
CHI_DT_04,DT,34459.0,CHI
WAS_LB_02,LB,34459.0,CHI
CHI_LB_02,LB,34459.0,CHI
ATL_LB_04,LB,26351.0,CHI
CHI_CB_01,CB,34459.0,CHI
CHI_CB_02,CB,34459.0,CHI
P100291_CB,CB,30405.0,CHI
CHI_S_04,S,34459.0,CHI
P100178_S,S,34459.0,CHI
CHI_S_03,S,26351.0,CHI
PIT_K_01,K,34459.0,CHI
CHI_P_01,P,26351.0,CHI
KC_DT_02,DT,30405.0,KC
CIN_DT_04,DT,12162.0,KC
NE_EDGE_04,EDGE,32432.0,NE
ATL_DT_04,DT,16216.0,NE
CLE_DT_01,DT,32432.0,CLE
DET_CB_04,CB,18243.0,CLE
HOU_QB_01,QB,34459.0,HOU
NYJ_RB_03,RB,34459.0,HOU
P100080_RB,RB,34459.0,HOU
PHI_WR_02,WR,10135.0,HOU
P100295_WR,WR,22297.0,HOU
P100010_WR,WR,34459.0,HOU
HOU_WR_06,WR,30405.0,HOU
BAL_TE_01,TE,34459.0,HOU
HOU_TE_03,TE,30405.0,HOU
JAX_OT_01,OT,34459.0,HOU
HOU_OT_04,OT,34459.0,HOU
LV_OG_02,OG,34459.0,HOU
NYJ_OG_02,OG,34459.0,HOU
NE_EDGE_01,EDGE,32432.0,HOU
LV_EDGE_01,EDGE,34459.0,HOU
HOU_EDGE_02,EDGE,28378.0,HOU
HOU_EDGE_05,EDGE,32432.0,HOU
HOU_DT_01,DT,34459.0,HOU
HOU_DT_02,DT,34459.0,HOU
HOU_DT_05,DT,30405.0,HOU
NYG_LB_01,LB,34459.0,HOU
HOU_LB_02,LB,34459.0,HOU
SF_CB_01,CB,32432.0,HOU
TB_CB_02,CB,34459.0,HOU
KC_CB_05,CB,26351.0,HOU
MIA_S_02,S,34459.0,HOU
HOU_S_04,S,34459.0,HOU
HOU_S_02,S,32432.0,HOU
HOU_K_01,K,24324.0,HOU
HOU_P_01,P,28378.0,HOU
TB_RB_01,RB,34459.0,TB
TB_RB_02,RB,34459.0,TB
LAR_RB_04,RB,34459.0,TB
HOU_WR_01,WR,24324.0,TB
TB_WR_06,WR,24324.0,TB
TB_WR_04,WR,34459.0,TB
TB_WR_05,WR,34459.0,TB
TB_TE_01,TE,26351.0,TB
NO_TE_01,TE,34459.0,TB
TB_OT_02,OT,34459.0,TB
ARI_OT_02,OT,32432.0,TB
DAL_OG_01,OG,28378.0,TB
KC_OG_02,OG,34459.0,TB
TB_C_02,C,24324.0,TB
P100095_EDGE,EDGE,34459.0,TB
TB_EDGE_05,EDGE,34459.0,TB
TB_DT_02,DT,28378.0,TB
NO_DT_01,DT,34459.0,TB
SF_DT_03,DT,20270.0,TB
TB_LB_02,LB,34459.0,TB
TB_LB_05,LB,34459.0,TB
TB_LB_01,LB,32432.0,TB
TB_CB_03,CB,34459.0,TB
TB_CB_01,CB,34459.0,TB
CLE_S_02,S,34459.0,TB
BAL_S_03,S,34459.0,TB
TB_S_03,S,34459.0,TB
JAX_K_01,K,34459.0,TB
LAR_P_01,P,34459.0,TB
PIT_QB_02,QB,34459.0,SF
DAL_RB_03,RB,24324.0,SF
SF_RB_03,RB,34459.0,SF
TEN_RB_04,RB,34459.0,SF
SF_WR_01,WR,34459.0,SF
SF_WR_02,WR,34459.0,SF
SF_WR_04,WR,34459.0,SF
SF_WR_05,WR,34459.0,SF
SF_TE_01,TE,34459.0,SF
TEN_TE_01,TE,34459.0,SF
SF_OT_02,OT,34459.0,SF
TEN_OT_04,OT,2027.0,SF
SF_OG_02,OG,34459.0,SF
SF_C_01,C,32432.0,SF
SF_EDGE_02,EDGE,34459.0,SF
SF_EDGE_03,EDGE,34459.0,SF
SF_EDGE_05,EDGE,34459.0,SF
SF_DT_01,DT,32432.0,SF
P100246_DT,DT,28378.0,SF
P100156_DT,DT,10135.0,SF
SF_LB_02,LB,32432.0,SF
TEN_LB_02,LB,34459.0,SF
P100213_LB,LB,34459.0,SF
SF_CB_03,CB,24324.0,SF
P100068_CB,CB,34459.0,SF
SF_CB_05,CB,34459.0,SF
SF_S_01,S,34459.0,SF
SF_S_02,S,28378.0,SF
NO_S_04,S,30405.0,SF
PIT_P_01,P,34459.0,SF
ARI_C_01,C,18243.0,ARI
ARI_DT_01,DT,32432.0,ARI
BUF_DT_02,DT,20270.0,BUF
BUF_LB_01,LB,28378.0,BUF
P100190_CB,CB,32432.0,BUF
JAX_QB_01,QB,34459.0,JAX
LAC_RB_01,RB,34459.0,JAX
P100139_RB,RB,34459.0,JAX
CAR_WR_01,WR,34459.0,JAX
WAS_WR_03,WR,34459.0,JAX
FA_WR_005,WR,34459.0,JAX
P100140_WR,WR,34459.0,JAX
JAX_OT_02,OT,34459.0,JAX
JAX_OG_01,OG,34459.0,JAX
JAX_C_02,C,22297.0,JAX
JAX_EDGE_02,EDGE,34459.0,JAX
SEA_EDGE_01,EDGE,34459.0,JAX
PIT_EDGE_04,EDGE,34459.0,JAX
LAC_EDGE_02,EDGE,6081.0,JAX
CIN_DT_02,DT,34459.0,JAX
JAX_DT_01,DT,34459.0,JAX
JAX_DT_05,DT,34459.0,JAX
JAX_LB_01,LB,34459.0,JAX
JAX_LB_03,LB,34459.0,JAX
JAX_LB_04,LB,34459.0,JAX
JAX_CB_02,CB,34459.0,JAX
P100073_CB,CB,18243.0,JAX
P100008_CB,CB,34459.0,JAX
P100085_CB,CB,30405.0,JAX
JAX_S_03,S,34459.0,JAX
JAX_S_04,S,34459.0,JAX
IND_K_01,K,34459.0,JAX
PIT_CB_03,CB,22297.0,PIT
CAR_OT_02,OT,30405.0,CAR
CAR_C_02,C,8108.0,CAR
SEA_LB_04,LB,32432.0,SEA
SEA_CB_05,CB,32432.0,SEA
GB_DT_01,DT,30405.0,GB
NYG_OT_03,OT,28378.0,NYG
NYG_DT_02,DT,10135.0,NYG
PIT_LB_02,LB,28378.0,NYG
CAR_K_02,K,6081.0,NYG
LAC_OG_04,OG,4054.0,LAC
WAS_EDGE_02,EDGE,30405.0,LAC
P100221_EDGE,EDGE,22297.0,LAC
LAC_LB_05,LB,10135.0,LAC
CIN_WR_06,WR,8108.0,CIN
P100227_OT,OT,30405.0,CIN
ATL_LB_02,LB,30405.0,CIN
ATL_WR_02,WR,18243.0,TEN
P100039_DT,DT,6081.0,DEN
LV_EDGE_02,EDGE,26351.0,LV
P100282_CB,CB,14189.0,LV
DAL_RB_01,RB,26351.0,DAL
P100109_S,S,16216.0,WAS
NYG_DT_05,DT,4054.0,NYG
PHI_K_01,K,8108.0,GB
SF_OT_01,OT,32432.0,SF
P100270_DT,DT,6081.0,SF
IND_WR_03,WR,26351.0,IND
P100104_LB,LB,8108.0,BUF
JAX_CB_06,CB,26351.0,ATL
P100250_OT,OT,4054.0,PIT
PIT_WR_04,WR,8108.0,NYJ
NYJ_S_02,S,24324.0,NYJ
LAR_OG_04,OG,12162.0,LAR
NO_DT_04,DT,10135.0,NO
P100093_DT,DT,10135.0,NO
MIA_C_02,C,4054.0,MIA
P100197_DT,DT,12162.0,CIN
MIN_LB_01,LB,12162.0,CLE
CLE_P_01,P,28378.0,CLE
JAX_TE_02,TE,28378.0,JAX
P100011_EDGE,EDGE,28378.0,JAX
JAX_P_01,P,28378.0,JAX
MIN_QB_01,QB,14189.0,WAS
P100063_CB,CB,16216.0,WAS
ATL_OT_02,OT,8108.0,ATL
P100065_S,S,12162.0,ATL
SF_K_01,K,30405.0,SF
P100088_QB,QB,28378.0,NO
TB_DT_01,DT,14189.0,TB
LV_CB_01,CB,26351.0,TB
ARI_LB_01,LB,28378.0,ARI
DET_TE_02,TE,14189.0,DET
DET_C_01,C,8108.0,DET
PIT_EDGE_05,EDGE,18243.0,PIT
IND_CB_06,CB,14189.0,NE
P100124_EDGE,EDGE,8108.0,HOU
P100175_CB,CB,4054.0,JAX
P100158_S,S,2027.0,LAC
ATL_LB_03,LB,2027.0,ATL
NE_LB_05,LB,22297.0,NE
NYG_WR_03,WR,28378.0,HOU
WAS_K_02,K,10135.0,HOU
BAL_DT_01,DT,26351.0,SF
SEA_DT_03,DT,8108.0,SEA
CHI_OG_03,OG,8108.0,DAL
CHI_OT_04,OT,2027.0,CHI
MIA_K_01,K,2027.0,MIA
CIN_OT_04,OT,6081.0,CHI
P100091_DT,DT,8108.0,CHI
CHI_LB_01,LB,8108.0,CHI
NYG_C_01,C,10135.0,TB
P100013_OG,OG,10135.0,CAR
SEA_OT_03,OT,4054.0,SEA
NYG_EDGE_05,EDGE,6081.0,NYG
MIN_S_01,S,18243.0,NYG
SF_OG_04,OG,22297.0,SF
DAL_S_02,S,8108.0,SF
SF_S_04,S,2027.0,SF
DET_EDGE_05,EDGE,6081.0,DET
TEN_WR_04,WR,6081.0,TEN
NYG_CB_01,CB,24324.0,HOU
IND_CB_05,CB,12162.0,IND
DEN_OT_03,OT,2027.0,BUF
DAL_OG_03,OG,8108.0,PIT
DET_QB_02,QB,2027.0,DET
TB_DT_04,DT,6081.0,TB
LAR_S_03,S,6081.0,LAR
MIA_LB_05,LB,4054.0,MIA
NO_EDGE_05,EDGE,2027.0,NO
CAR_OT_04,OT,4054.0,SEA
NYJ_WR_06,WR,12162.0,NYJ
NYJ_LB_04,LB,8108.0,NYJ
CIN_OG_03,OG,2027.0,CIN
JAX_C_01,C,12162.0,JAX
IND_TE_02,TE,4054.0,HOU
IND_OT_02,OT,14189.0,JAX
MIA_OT_02,OT,6081.0,MIA
TB_DT_03,DT,12162.0,MIA
DET_QB_01,QB,12162.0,TB
P100033_DT,DT,12162.0,DAL
DAL_WR_05,WR,12162.0,DAL
DAL_C_02,C,10135.0,DAL
NYG_TE_03,TE,10135.0,NYG
HOU_LB_01,LB,10135.0,KC
TB_OG_03,OG,6081.0,TB
P100161_OT,OT,4054.0,IND
CIN_TE_02,TE,6081.0,CIN
P100293_WR,WR,6081.0,GB
NYG_RB_02,RB,10135.0,SF
P100077_CB,CB,6081.0,MIA
LAC_DT_04,DT,8108.0,LAC
P100289_WR,WR,10135.0,TB
P100228_DT,DT,8108.0,WAS
NYJ_OG_04,OG,4054.0,NYJ
NE_OT_04,OT,2027.0,NE
HOU_LB_03,LB,4054.0,PIT
HOU_DT_04,DT,4054.0,HOU
NO_QB_01,QB,8108.0,TEN
CLE_S_01,S,2027.0,JAX
P100269_QB,QB,4054.0,NYG
P100229_OG,OG,4054.0,DET
CAR_QB_02,QB,2027.0,CAR
GB_OT_04,OT,2027.0,TB
P100097_C,C,4054.0,SEA
DET_OG_03,OG,2027.0,LV
DAL_TE_02,TE,2027.0,DAL
WAS_OT_04,OT,2027.0,WAS
BUF_OT_04,OT,4054.0,BUF
CAR_DT_03,DT,2027.0,CAR
LAR_EDGE_02,EDGE,2027.0,HOU
LAC_CB_01,CB,2027.0,LAC
TEN_OG_02,OG,2027.0,CLE
CIN_QB_01,QB,4054.0,PIT
PIT_RB_01,RB,4054.0,PIT
PIT_WR_03,WR,4054.0,PIT
PIT_WR_06,WR,4054.0,PIT
PIT_WR_05,WR,4054.0,PIT
PIT_TE_02,TE,4054.0,PIT
PIT_TE_03,TE,4054.0,PIT
CIN_OT_01,OT,4054.0,PIT
PIT_OG_01,OG,4054.0,PIT
ARI_OG_01,OG,4054.0,PIT
PIT_C_01,C,4054.0,PIT
CLE_EDGE_02,EDGE,4054.0,PIT
PIT_EDGE_05,EDGE,4054.0,PIT
CIN_EDGE_02,EDGE,4054.0,PIT
P100135_DT,DT,4054.0,PIT
PIT_LB_04,LB,4054.0,PIT
LAC_LB_01,LB,4054.0,PIT
MIN_LB_03,LB,4054.0,PIT
PIT_CB_03,CB,4054.0,PIT
PIT_CB_02,CB,4054.0,PIT
NO_CB_01,CB,4054.0,PIT
PIT_CB_05,CB,4054.0,PIT
PIT_S_02,S,4054.0,PIT
PIT_S_03,S,4054.0,PIT
PIT_S_04,S,4054.0,PIT
LV_P_01,P,4054.0,PIT
LV_QB_01,QB,2027.0,LV
LV_RB_01,RB,2027.0,LV
ARI_RB_02,RB,2027.0,LV
SF_RB_04,RB,2027.0,LV
LV_WR_01,WR,2027.0,LV
BAL_WR_02,WR,2027.0,LV
LV_WR_04,WR,2027.0,LV
P100219_TE,TE,2027.0,LV
P100212_TE,TE,2027.0,LV
LV_OT_02,OT,2027.0,LV
KC_OT_05,OT,2027.0,LV
LV_OG_01,OG,2027.0,LV
LV_C_01,C,2027.0,LV
LV_EDGE_04,EDGE,2027.0,LV
LV_EDGE_02,EDGE,2027.0,LV
KC_EDGE_04,EDGE,2027.0,LV
LV_DT_01,DT,2027.0,LV
LV_DT_03,DT,2027.0,LV
LV_DT_05,DT,2027.0,LV
PIT_LB_01,LB,2027.0,LV
LV_LB_02,LB,2027.0,LV
LV_LB_05,LB,2027.0,LV
LV_CB_03,CB,2027.0,LV
PHI_CB_01,CB,2027.0,LV
LV_CB_04,CB,2027.0,LV
LV_S_01,S,2027.0,LV
LAC_S_04,S,2027.0,LV
LV_S_04,S,2027.0,LV
LV_K_01,K,2027.0,LV
CAR_P_01,P,2027.0,LV
LAC_QB_02,QB,6081.0,NYJ
P100035_RB,RB,6081.0,NYJ
CIN_RB_02,RB,6081.0,NYJ
NYJ_WR_02,WR,6081.0,NYJ
NYJ_WR_03,WR,6081.0,NYJ
JAX_WR_03,WR,6081.0,NYJ
ARI_WR_01,WR,6081.0,NYJ
DEN_TE_01,TE,6081.0,NYJ
NE_TE_01,TE,6081.0,NYJ
NYJ_OT_01,OT,6081.0,NYJ
HOU_OT_01,OT,6081.0,NYJ
BAL_OG_02,OG,6081.0,NYJ
NYJ_OG_04,OG,6081.0,NYJ
P100300_C,C,6081.0,NYJ
NYJ_EDGE_01,EDGE,6081.0,NYJ
JAX_EDGE_01,EDGE,6081.0,NYJ
NYJ_EDGE_05,EDGE,6081.0,NYJ
CHI_DT_01,DT,6081.0,NYJ
NYJ_DT_05,DT,6081.0,NYJ
NYJ_DT_04,DT,6081.0,NYJ
NYG_LB_02,LB,6081.0,NYJ
CAR_LB_04,LB,6081.0,NYJ
NYJ_LB_02,LB,6081.0,NYJ
JAX_CB_03,CB,6081.0,NYJ
CLE_CB_03,CB,6081.0,NYJ
NYJ_CB_01,CB,6081.0,NYJ
NYJ_S_02,S,6081.0,NYJ
CAR_S_01,S,6081.0,NYJ
LAR_S_01,S,6081.0,NYJ
NYJ_K_01,K,6081.0,NYJ
SEA_P_01,P,6081.0,NYJ
P100074_QB,QB,2027.0,MIA
PHI_RB_03,RB,2027.0,MIA
MIA_RB_02,RB,2027.0,MIA
PHI_WR_03,WR,2027.0,MIA
CIN_WR_02,WR,2027.0,MIA
MIA_WR_06,WR,2027.0,MIA
MIA_WR_02,WR,2027.0,MIA
MIA_TE_02,TE,2027.0,MIA
LV_TE_03,TE,2027.0,MIA
KC_OT_01,OT,2027.0,MIA
MIA_OT_02,OT,2027.0,MIA
KC_OG_01,OG,2027.0,MIA
P100060_OG,OG,2027.0,MIA
NYJ_C_01,C,2027.0,MIA
PIT_EDGE_02,EDGE,2027.0,MIA
MIA_EDGE_01,EDGE,2027.0,MIA
MIA_EDGE_04,EDGE,2027.0,MIA
KC_DT_01,DT,2027.0,MIA
MIA_DT_02,DT,2027.0,MIA
MIA_DT_01,DT,2027.0,MIA
NO_LB_02,LB,2027.0,MIA
CAR_LB_02,LB,2027.0,MIA
FA_LB_118,LB,2027.0,MIA
CIN_CB_03,CB,2027.0,MIA
ATL_CB_02,CB,2027.0,MIA
DET_CB_03,CB,2027.0,MIA
MIA_CB_04,CB,2027.0,MIA
TEN_S_02,S,2027.0,MIA
MIA_S_03,S,2027.0,MIA
MIA_S_01,S,2027.0,MIA
CHI_K_01,K,2027.0,MIA
MIA_P_01,P,2027.0,MIA
IND_QB_01,QB,4054.0,IND
NYG_RB_03,RB,4054.0,IND
IND_RB_02,RB,4054.0,IND
IND_WR_03,WR,4054.0,IND
IND_WR_02,WR,4054.0,IND
IND_WR_01,WR,4054.0,IND
ARI_WR_02,WR,4054.0,IND
NYJ_TE_01,TE,4054.0,IND
SEA_TE_02,TE,4054.0,IND
MIN_OT_02,OT,4054.0,IND
IND_OT_01,OT,4054.0,IND
GB_OG_01,OG,4054.0,IND
NO_OG_01,OG,4054.0,IND
IND_C_01,C,4054.0,IND
IND_EDGE_02,EDGE,4054.0,IND
TB_EDGE_01,EDGE,4054.0,IND
IND_DT_01,DT,4054.0,IND
CLE_DT_04,DT,4054.0,IND
LV_DT_02,DT,4054.0,IND
JAX_LB_02,LB,4054.0,IND
IND_LB_05,LB,4054.0,IND
IND_LB_03,LB,4054.0,IND
IND_CB_01,CB,4054.0,IND
IND_CB_02,CB,4054.0,IND
IND_CB_03,CB,4054.0,IND
IND_CB_05,CB,4054.0,IND
IND_S_02,S,4054.0,IND
IND_S_01,S,4054.0,IND
NO_K_01,K,4054.0,IND
IND_P_01,P,4054.0,IND
CAR_QB_01,QB,2027.0,CLE
CLE_RB_03,RB,2027.0,CLE
TEN_RB_01,RB,2027.0,CLE
CLE_RB_02,RB,2027.0,CLE
CLE_WR_03,WR,2027.0,CLE
CLE_WR_02,WR,2027.0,CLE
CLE_WR_05,WR,2027.0,CLE
CLE_TE_02,TE,2027.0,CLE
CLE_TE_03,TE,2027.0,CLE
TEN_OT_01,OT,2027.0,CLE
CLE_OT_02,OT,2027.0,CLE
CLE_OG_02,OG,2027.0,CLE
CIN_C_01,C,2027.0,CLE
CLE_EDGE_01,EDGE,2027.0,CLE
TB_EDGE_02,EDGE,2027.0,CLE
P100018_EDGE,EDGE,2027.0,CLE
CLE_DT_02,DT,2027.0,CLE
CLE_DT_01,DT,2027.0,CLE
CLE_DT_03,DT,2027.0,CLE
NO_LB_01,LB,2027.0,CLE
CLE_LB_02,LB,2027.0,CLE
MIN_LB_01,LB,2027.0,CLE
CLE_CB_02,CB,2027.0,CLE
DET_CB_04,CB,2027.0,CLE
CLE_CB_05,CB,2027.0,CLE
TB_S_02,S,2027.0,CLE
P100142_S,S,2027.0,CLE
CLE_K_01,K,2027.0,CLE
CLE_P_01,P,2027.0,CLE
DEN_QB_01,QB,6081.0,DEN
DEN_RB_01,RB,6081.0,DEN
NYG_RB_01,RB,6081.0,DEN
DEN_WR_01,WR,6081.0,DEN
DEN_WR_02,WR,6081.0,DEN
DEN_WR_03,WR,6081.0,DEN
DEN_WR_04,WR,6081.0,DEN
DEN_TE_02,TE,6081.0,DEN
DEN_TE_03,TE,6081.0,DEN
BAL_OT_02,OT,6081.0,DEN
DEN_OT_04,OT,6081.0,DEN
DEN_OG_04,OG,6081.0,DEN
NO_C_01,C,6081.0,DEN
BAL_EDGE_02,EDGE,6081.0,DEN
SF_EDGE_01,EDGE,6081.0,DEN
P100114_EDGE,EDGE,6081.0,DEN
DEN_EDGE_05,EDGE,6081.0,DEN
DEN_DT_02,DT,6081.0,DEN
MIN_DT_04,DT,6081.0,DEN
DEN_DT_04,DT,6081.0,DEN
LV_LB_01,LB,6081.0,DEN
DEN_LB_02,LB,6081.0,DEN
DEN_LB_03,LB,6081.0,DEN
DEN_CB_01,CB,6081.0,DEN
DEN_CB_02,CB,6081.0,DEN
DEN_CB_03,CB,6081.0,DEN
DEN_CB_04,CB,6081.0,DEN
DEN_S_02,S,6081.0,DEN
DEN_S_03,S,6081.0,DEN
DEN_K_01,K,6081.0,DEN
P100081_P,P,6081.0,DEN
LAR_QB_01,QB,2027.0,LAR
CIN_RB_01,RB,2027.0,LAR
LAR_WR_02,WR,2027.0,LAR
PHI_WR_01,WR,2027.0,LAR
NO_WR_03,WR,2027.0,LAR
LAR_WR_01,WR,2027.0,LAR
LAR_TE_02,TE,2027.0,LAR
LAR_TE_03,TE,2027.0,LAR
LAR_OT_01,OT,2027.0,LAR
LAR_OT_02,OT,2027.0,LAR
LAR_OG_01,OG,2027.0,LAR
SEA_OG_05,OG,2027.0,LAR
LAR_C_01,C,2027.0,LAR
ATL_EDGE_04,EDGE,2027.0,LAR
P100134_EDGE,EDGE,2027.0,LAR
P100265_EDGE,EDGE,2027.0,LAR
LAR_DT_01,DT,2027.0,LAR
LAR_DT_02,DT,2027.0,LAR
GB_DT_05,DT,2027.0,LAR
LAR_LB_04,LB,2027.0,LAR
LAR_LB_05,LB,2027.0,LAR
LAR_CB_02,CB,2027.0,LAR
LAR_CB_01,CB,2027.0,LAR
LAR_CB_03,CB,2027.0,LAR
LAR_CB_05,CB,2027.0,LAR
LAR_S_02,S,2027.0,LAR
LAR_S_04,S,2027.0,LAR
NE_S_02,S,2027.0,LAR
GB_P_01,P,2027.0,LAR
GB_QB_01,QB,6081.0,GB
SF_RB_01,RB,6081.0,GB
JAX_RB_01,RB,6081.0,GB
GB_WR_06,WR,6081.0,GB
GB_WR_04,WR,6081.0,GB
GB_TE_03,TE,6081.0,GB
GB_TE_02,TE,6081.0,GB
GB_OT_02,OT,6081.0,GB
P100070_OT,OT,6081.0,GB
DET_OG_02,OG,6081.0,GB
JAX_OG_02,OG,6081.0,GB
GB_C_02,C,6081.0,GB
GB_EDGE_01,EDGE,6081.0,GB
GB_EDGE_03,EDGE,6081.0,GB
GB_EDGE_02,EDGE,6081.0,GB
GB_DT_04,DT,6081.0,GB
LAR_LB_01,LB,6081.0,GB
GB_LB_03,LB,6081.0,GB
P100185_LB,LB,6081.0,GB
DET_CB_01,CB,6081.0,GB
GB_CB_05,CB,6081.0,GB
P100131_CB,CB,6081.0,GB
P100180_CB,CB,6081.0,GB
DET_S_03,S,6081.0,GB
GB_S_01,S,6081.0,GB
GB_S_03,S,6081.0,GB
P100052_K,K,6081.0,GB
CHI_QB_01,QB,8108.0,DET
DET_WR_03,WR,8108.0,DET
DET_WR_01,WR,8108.0,DET
KC_WR_01,WR,8108.0,DET
P100022_WR,WR,8108.0,DET
DET_TE_01,TE,8108.0,DET
DET_TE_03,TE,8108.0,DET
DET_OT_01,OT,8108.0,DET
DET_OG_04,OG,8108.0,DET
DEN_OG_02,OG,8108.0,DET
TEN_C_01,C,8108.0,DET
DET_EDGE_01,EDGE,8108.0,DET
ARI_EDGE_02,EDGE,8108.0,DET
PIT_EDGE_03,EDGE,8108.0,DET
DET_EDGE_04,EDGE,8108.0,DET
DET_DT_02,DT,8108.0,DET
SF_DT_02,DT,8108.0,DET
DET_DT_04,DT,8108.0,DET
DET_LB_01,LB,8108.0,DET
DET_LB_02,LB,8108.0,DET
BAL_LB_01,LB,8108.0,DET
DET_CB_02,CB,8108.0,DET
DET_CB_06,CB,8108.0,DET
DET_S_01,S,8108.0,DET
ARI_S_02,S,8108.0,DET
DET_K_01,K,8108.0,DET
DET_P_01,P,8108.0,DET
SEA_QB_01,QB,2027.0,SEA
PHI_RB_01,RB,2027.0,SEA
P100087_RB,RB,2027.0,SEA
SEA_WR_03,WR,2027.0,SEA
SEA_WR_02,WR,2027.0,SEA
SEA_WR_01,WR,2027.0,SEA
SEA_WR_04,WR,2027.0,SEA
LAC_TE_01,TE,2027.0,SEA
SEA_OT_02,OT,2027.0,SEA
SEA_OT_01,OT,2027.0,SEA
SEA_OG_01,OG,2027.0,SEA
SEA_C_01,C,2027.0,SEA
MIN_EDGE_02,EDGE,2027.0,SEA
BUF_EDGE_01,EDGE,2027.0,SEA
P100066_EDGE,EDGE,2027.0,SEA
P100012_DT,DT,2027.0,SEA
SEA_DT_05,DT,2027.0,SEA
SEA_DT_03,DT,2027.0,SEA
SEA_LB_01,LB,2027.0,SEA
SEA_LB_04,LB,2027.0,SEA
SEA_LB_05,LB,2027.0,SEA
SEA_CB_02,CB,2027.0,SEA
SEA_CB_03,CB,2027.0,SEA
SEA_CB_05,CB,2027.0,SEA
SEA_CB_06,CB,2027.0,SEA
SEA_S_02,S,2027.0,SEA
SEA_S_01,S,2027.0,SEA
P100166_S,S,2027.0,SEA
SEA_K_01,K,2027.0,SEA
SF_P_01,P,2027.0,SEA
SF_QB_01,QB,4054.0,WAS
WAS_RB_01,RB,4054.0,WAS
WAS_RB_02,RB,4054.0,WAS
P100168_RB,RB,4054.0,WAS
WAS_WR_02,WR,4054.0,WAS
DAL_WR_01,WR,4054.0,WAS
WAS_TE_01,TE,4054.0,WAS
WAS_OT_02,OT,4054.0,WAS
WAS_OT_04,OT,4054.0,WAS
WAS_OG_02,OG,4054.0,WAS
WAS_OG_03,OG,4054.0,WAS
GB_C_01,C,4054.0,WAS
P100191_EDGE,EDGE,4054.0,WAS
WAS_EDGE_05,EDGE,4054.0,WAS
P100021_EDGE,EDGE,4054.0,WAS
WAS_DT_05,DT,4054.0,WAS
P100228_DT,DT,4054.0,WAS
CIN_LB_01,LB,4054.0,WAS
SEA_LB_03,LB,4054.0,WAS
WAS_LB_05,LB,4054.0,WAS
WAS_CB_01,CB,4054.0,WAS
FA_CB_029,CB,4054.0,WAS
WAS_CB_06,CB,4054.0,WAS
P100063_CB,CB,4054.0,WAS
WAS_S_04,S,4054.0,WAS
TEN_S_04,S,4054.0,WAS
WAS_S_03,S,4054.0,WAS
WAS_K_01,K,4054.0,WAS
WAS_P_01,P,4054.0,WAS
PIT_QB_01,QB,2027.0,CAR
CAR_RB_03,RB,2027.0,CAR
CAR_WR_03,WR,2027.0,CAR
CAR_WR_05,WR,2027.0,CAR
CAR_WR_06,WR,2027.0,CAR
CAR_WR_02,WR,2027.0,CAR
CAR_TE_01,TE,2027.0,CAR
CAR_OT_01,OT,2027.0,CAR
CAR_OT_02,OT,2027.0,CAR
SF_OG_01,OG,2027.0,CAR
CAR_OG_03,OG,2027.0,CAR
LAC_C_01,C,2027.0,CAR
KC_EDGE_01,EDGE,2027.0,CAR
CAR_EDGE_05,EDGE,2027.0,CAR
CAR_EDGE_03,EDGE,2027.0,CAR
P100231_EDGE,EDGE,2027.0,CAR
CAR_DT_01,DT,2027.0,CAR
CAR_DT_04,DT,2027.0,CAR
P100176_LB,LB,2027.0,CAR
CAR_LB_05,LB,2027.0,CAR
P100195_LB,LB,2027.0,CAR
CAR_CB_01,CB,2027.0,CAR
GB_CB_02,CB,2027.0,CAR
CAR_S_02,S,2027.0,CAR
CAR_S_03,S,2027.0,CAR
P100283_S,S,2027.0,CAR
LAR_K_01,K,2027.0,CAR
NYJ_P_01,P,2027.0,CAR
ATL_QB_01,QB,2027.0,ATL
ATL_RB_03,RB,2027.0,ATL
ATL_WR_03,WR,2027.0,ATL
ATL_WR_05,WR,2027.0,ATL
ATL_WR_04,WR,2027.0,ATL
P100218_WR,WR,2027.0,ATL
CHI_TE_02,TE,2027.0,ATL
HOU_OT_02,OT,2027.0,ATL
ATL_OT_04,OT,2027.0,ATL
ATL_OG_01,OG,2027.0,ATL
ATL_OG_04,OG,2027.0,ATL
ATL_C_02,C,2027.0,ATL
DET_EDGE_02,EDGE,2027.0,ATL
DEN_EDGE_01,EDGE,2027.0,ATL
PIT_DT_02,DT,2027.0,ATL
ATL_DT_01,DT,2027.0,ATL
ATL_DT_05,DT,2027.0,ATL
MIN_LB_02,LB,2027.0,ATL
WAS_LB_01,LB,2027.0,ATL
ATL_LB_05,LB,2027.0,ATL
ATL_CB_03,CB,2027.0,ATL
JAX_CB_06,CB,2027.0,ATL
P100254_CB,CB,2027.0,ATL
KC_S_02,S,2027.0,ATL
ATL_S_03,S,2027.0,ATL
P100065_S,S,2027.0,ATL
ATL_K_01,K,2027.0,ATL
FA_P_070,P,2027.0,ATL
ATL_QB_02,QB,34476.0,NE
BAL_RB_02,RB,10140.0,NE
P100343_RB,RB,34476.0,NE
NE_WR_02,WR,34476.0,NE
IND_WR_05,WR,34476.0,NE
P100301_WR,WR,34476.0,NE
P100274_TE,TE,26364.0,NE
NE_OT_03,OT,34476.0,NE
NE_OT_02,OT,34476.0,NE
NE_OG_01,OG,30420.0,NE
NE_OG_02,OG,24336.0,NE
NE_C_01,C,34476.0,NE
P100586_EDGE,EDGE,34476.0,NE
ATL_EDGE_03,EDGE,34476.0,NE
NE_EDGE_05,EDGE,34476.0,NE
ARI_DT_04,DT,32448.0,NE
ATL_DT_04,DT,34476.0,NE
NE_DT_03,DT,6084.0,NE
P100233_LB,LB,6084.0,NE
ATL_LB_05,LB,34476.0,NE
GB_CB_01,CB,24336.0,NE
BAL_CB_02,CB,34476.0,NE
CIN_CB_06,CB,26364.0,NE
NE_CB_04,CB,34476.0,NE
NE_S_03,S,32448.0,NE
BAL_S_01,S,32448.0,NE
LAC_K_01,K,34476.0,NE
NO_P_01,P,34476.0,NE
DAL_QB_02,QB,34476.0,NYJ
P100035_RB,RB,22308.0,NYJ
CIN_RB_02,RB,34476.0,NYJ
NYJ_WR_02,WR,30420.0,NYJ
NYJ_WR_03,WR,24336.0,NYJ
JAX_WR_03,WR,34476.0,NYJ
ARI_WR_01,WR,34476.0,NYJ
DEN_TE_01,TE,34476.0,NYJ
NE_TE_01,TE,32448.0,NYJ
HOU_OT_01,OT,30420.0,NYJ
TEN_OT_04,OT,14196.0,NYJ
BAL_OG_02,OG,34476.0,NYJ
NYJ_OG_01,OG,30420.0,NYJ
P100300_C,C,34476.0,NYJ
DET_EDGE_01,EDGE,24336.0,NYJ
JAX_EDGE_01,EDGE,28392.0,NYJ
NYJ_EDGE_05,EDGE,34476.0,NYJ
TEN_EDGE_05,EDGE,34476.0,NYJ
CHI_DT_01,DT,34476.0,NYJ
BUF_DT_05,DT,34476.0,NYJ
NYJ_DT_05,DT,2028.0,NYJ
NYG_LB_02,LB,34476.0,NYJ
NYJ_LB_02,LB,30420.0,NYJ
CAR_LB_04,LB,34476.0,NYJ
JAX_CB_03,CB,34476.0,NYJ
CLE_CB_03,CB,34476.0,NYJ
NYJ_S_02,S,34476.0,NYJ
PHI_S_01,S,22308.0,NYJ
CAR_S_01,S,26364.0,NYJ
PHI_K_01,K,34476.0,NYJ
SEA_P_01,P,34476.0,NYJ
BAL_QB_01,QB,34476.0,BAL
P100371_RB,RB,34476.0,BAL
IND_RB_03,RB,34476.0,BAL
ATL_WR_01,WR,34476.0,BAL
BAL_WR_05,WR,34476.0,BAL
BAL_WR_04,WR,32448.0,BAL
BAL_WR_01,WR,30420.0,BAL
CLE_TE_01,TE,26364.0,BAL
MIA_TE_03,TE,34476.0,BAL
P100241_OT,OT,34476.0,BAL
P100242_OT,OT,24336.0,BAL
PIT_OG_02,OG,34476.0,BAL
IND_OG_03,OG,26364.0,BAL
BAL_C_01,C,34476.0,BAL
BAL_EDGE_01,EDGE,34476.0,BAL
P100314_EDGE,EDGE,34476.0,BAL
TEN_EDGE_06,EDGE,32448.0,BAL
P100480_EDGE,EDGE,34476.0,BAL
SEA_DT_01,DT,34476.0,BAL
P100056_DT,DT,24336.0,BAL
P100311_DT,DT,28392.0,BAL
WAS_LB_04,LB,20280.0,BAL
NE_LB_03,LB,34476.0,BAL
BAL_CB_03,CB,34476.0,BAL
BAL_CB_06,CB,34476.0,BAL
MIA_CB_01,CB,32448.0,BAL
CAR_CB_02,CB,34476.0,BAL
JAX_S_02,S,34476.0,BAL
P100243_S,S,34476.0,BAL
P100198_S,S,34476.0,BAL
SF_K_01,K,34476.0,BAL
ATL_P_02,P,34476.0,BAL
CAR_QB_01,QB,34476.0,CLE
CLE_RB_03,RB,26364.0,CLE
CLE_WR_02,WR,34476.0,CLE
CLE_WR_06,WR,34476.0,CLE
JAX_WR_02,WR,34476.0,CLE
P100365_WR,WR,30420.0,CLE
CLE_TE_02,TE,34476.0,CLE
MIN_TE_02,TE,34476.0,CLE
TEN_OT_01,OT,34476.0,CLE
CLE_OT_02,OT,34476.0,CLE
CLE_OG_02,OG,34476.0,CLE
CIN_OG_01,OG,6084.0,CLE
NYJ_C_01,C,34476.0,CLE
CLE_EDGE_01,EDGE,34476.0,CLE
TB_EDGE_02,EDGE,34476.0,CLE
P100018_EDGE,EDGE,34476.0,CLE
P100146_EDGE,EDGE,34476.0,CLE
P100324_DT,DT,34476.0,CLE
CLE_DT_02,DT,34476.0,CLE
P100325_DT,DT,20280.0,CLE
CIN_LB_02,LB,24336.0,CLE
KC_LB_02,LB,26364.0,CLE
CLE_LB_02,LB,22308.0,CLE
DAL_CB_05,CB,34476.0,CLE
DET_CB_04,CB,34476.0,CLE
TEN_CB_01,CB,34476.0,CLE
NE_CB_02,CB,34476.0,CLE
NYG_S_01,S,28392.0,CLE
P100462_S,S,26364.0,CLE
P100142_S,S,10140.0,CLE
CLE_K_01,K,32448.0,CLE
TEN_P_01,P,26364.0,CLE
LV_QB_01,QB,22308.0,LV
ARI_RB_02,RB,34476.0,LV
SF_RB_04,RB,34476.0,LV
LV_WR_01,WR,34476.0,LV
BAL_WR_02,WR,34476.0,LV
SEA_WR_03,WR,34476.0,LV
LAR_WR_08,WR,28392.0,LV
P100219_TE,TE,32448.0,LV
P100212_TE,TE,2028.0,LV
LV_OT_02,OT,34476.0,LV
KC_OT_05,OT,22308.0,LV
LV_OG_01,OG,34476.0,LV
DET_OG_03,OG,32448.0,LV
LV_C_02,C,34476.0,LV
LV_EDGE_04,EDGE,32448.0,LV
SF_EDGE_01,EDGE,34476.0,LV
KC_EDGE_04,EDGE,32448.0,LV
P100574_EDGE,EDGE,32448.0,LV
LV_DT_01,DT,34476.0,LV
LV_DT_03,DT,34476.0,LV
LV_DT_05,DT,2028.0,LV
PIT_LB_01,LB,34476.0,LV
P100333_LB,LB,34476.0,LV
BUF_LB_04,LB,34476.0,LV
LV_CB_03,CB,26364.0,LV
LV_CB_06,CB,34476.0,LV
PHI_CB_01,CB,34476.0,LV
LV_CB_04,CB,10140.0,LV
BAL_S_04,S,32448.0,LV
BUF_S_03,S,34476.0,LV
LAC_S_04,S,28392.0,LV
LV_K_01,K,34476.0,LV
CAR_P_01,P,34476.0,LV
DEN_QB_01,QB,18252.0,DEN
NYG_RB_01,RB,34476.0,DEN
DEN_RB_03,RB,34476.0,DEN
DEN_WR_01,WR,32448.0,DEN
ATL_WR_03,WR,20280.0,DEN
DEN_WR_02,WR,30420.0,DEN
CAR_WR_05,WR,34476.0,DEN
CIN_TE_03,TE,34476.0,DEN
GB_OT_01,OT,28392.0,DEN
BAL_OT_02,OT,34476.0,DEN
SF_OG_01,OG,34476.0,DEN
JAX_OG_01,OG,34476.0,DEN
NO_C_01,C,20280.0,DEN
BAL_EDGE_02,EDGE,34476.0,DEN
GB_EDGE_03,EDGE,34476.0,DEN
P100114_EDGE,EDGE,32448.0,DEN
DEN_EDGE_05,EDGE,34476.0,DEN
DEN_DT_02,DT,34476.0,DEN
SF_DT_02,DT,34476.0,DEN
MIN_DT_04,DT,30420.0,DEN
LV_LB_01,LB,26364.0,DEN
P100329_LB,LB,24336.0,DEN
DEN_LB_03,LB,34476.0,DEN
DEN_CB_02,CB,32448.0,DEN
DEN_CB_03,CB,34476.0,DEN
P100366_CB,CB,34476.0,DEN
KC_CB_06,CB,30420.0,DEN
PHI_S_02,S,34476.0,DEN
CAR_S_03,S,28392.0,DEN
IND_S_01,S,30420.0,DEN
NYJ_K_01,K,32448.0,DEN
P100081_P,P,26364.0,DEN
P100074_QB,QB,34476.0,MIA
PHI_RB_03,RB,32448.0,MIA
PIT_WR_03,WR,20280.0,MIA
IND_WR_03,WR,32448.0,MIA
CAR_WR_02,WR,34476.0,MIA
TB_WR_02,WR,16224.0,MIA
MIA_TE_02,TE,34476.0,MIA
WAS_TE_01,TE,34476.0,MIA
KC_OT_01,OT,34476.0,MIA
DET_OT_04,OT,4056.0,MIA
P100060_OG,OG,30420.0,MIA
P100141_OG,OG,4056.0,MIA
MIN_C_01,C,18252.0,MIA
PIT_EDGE_02,EDGE,34476.0,MIA
KC_EDGE_05,EDGE,34476.0,MIA
NO_EDGE_03,EDGE,22308.0,MIA
PHI_EDGE_03,EDGE,24336.0,MIA
KC_DT_01,DT,34476.0,MIA
MIA_DT_01,DT,32448.0,MIA
BUF_DT_02,DT,34476.0,MIA
NO_LB_02,LB,4056.0,MIA
CAR_LB_02,LB,32448.0,MIA
FA_LB_118,LB,34476.0,MIA
ATL_CB_02,CB,34476.0,MIA
CIN_CB_03,CB,34476.0,MIA
NYG_CB_03,CB,32448.0,MIA
BUF_CB_07,CB,34476.0,MIA
P100363_S,S,28392.0,MIA
CHI_S_04,S,24336.0,MIA
ATL_S_05,S,34476.0,MIA
TB_K_01,K,6084.0,MIA
MIA_P_01,P,34476.0,MIA
LAC_QB_01,QB,34476.0,LAC
LAC_RB_02,RB,32448.0,LAC
P100430_RB,RB,30420.0,LAC
SF_WR_03,WR,26364.0,LAC
GB_WR_01,WR,20280.0,LAC
SF_WR_02,WR,24336.0,LAC
ARI_WR_03,WR,32448.0,LAC
KC_TE_04,TE,30420.0,LAC
DEN_OT_02,OT,32448.0,LAC
P100581_OT,OT,34476.0,LAC
LAC_OG_03,OG,30420.0,LAC
P100558_OG,OG,14196.0,LAC
CHI_C_01,C,34476.0,LAC
P100221_EDGE,EDGE,30420.0,LAC
P100009_EDGE,EDGE,34476.0,LAC
P100452_EDGE,EDGE,28392.0,LAC
SEA_DT_02,DT,34476.0,LAC
JAX_DT_04,DT,20280.0,LAC
DET_DT_03,DT,34476.0,LAC
LAC_LB_05,LB,34476.0,LAC
P100422_CB,CB,34476.0,LAC
LAC_CB_02,CB,34476.0,LAC
P100527_CB,CB,30420.0,LAC
P100075_S,S,34476.0,LAC
LAC_S_02,S,34476.0,LAC
P100158_S,S,34476.0,LAC
TEN_K_01,K,34476.0,LAC
LAC_P_01,P,34476.0,LAC
CIN_QB_01,QB,34476.0,PIT
PIT_RB_01,RB,34476.0,PIT
CHI_WR_01,WR,30420.0,PIT
PIT_WR_06,WR,34476.0,PIT
ATL_WR_05,WR,34476.0,PIT
ATL_WR_04,WR,28392.0,PIT
DET_TE_03,TE,22308.0,PIT
LV_OT_01,OT,34476.0,PIT
CIN_OT_01,OT,34476.0,PIT
PIT_OG_01,OG,34476.0,PIT
ARI_OG_01,OG,26364.0,PIT
PIT_C_01,C,34476.0,PIT
CLE_EDGE_02,EDGE,34476.0,PIT
PIT_EDGE_05,EDGE,22308.0,PIT
CIN_EDGE_02,EDGE,28392.0,PIT
DET_EDGE_04,EDGE,32448.0,PIT
DET_DT_04,DT,32448.0,PIT
P100135_DT,DT,24336.0,PIT
PIT_LB_04,LB,26364.0,PIT
SEA_LB_01,LB,30420.0,PIT
LAC_LB_01,LB,30420.0,PIT
PIT_CB_03,CB,22308.0,PIT
PIT_CB_02,CB,32448.0,PIT
PIT_CB_05,CB,34476.0,PIT
DET_CB_07,CB,30420.0,PIT
P100347_S,S,24336.0,PIT
P100428_S,S,34476.0,PIT
P100310_S,S,34476.0,PIT
GB_K_01,K,34476.0,PIT
CLE_P_01,P,34476.0,PIT
NO_QB_01,QB,34476.0,TEN
BAL_RB_03,RB,34476.0,TEN
TEN_WR_03,WR,32448.0,TEN
ATL_WR_02,WR,28392.0,TEN
TEN_WR_01,WR,32448.0,TEN
DAL_WR_03,WR,30420.0,TEN
TEN_TE_03,TE,34476.0,TEN
CLE_OT_01,OT,24336.0,TEN
PIT_OT_02,OT,30420.0,TEN
PIT_OG_04,OG,26364.0,TEN
CAR_OG_04,OG,30420.0,TEN
P100005_C,C,32448.0,TEN
NO_EDGE_02,EDGE,34476.0,TEN
TEN_EDGE_02,EDGE,34476.0,TEN
LAC_EDGE_01,EDGE,34476.0,TEN
BUF_EDGE_02,EDGE,28392.0,TEN
TEN_DT_01,DT,26364.0,TEN
KC_DT_03,DT,24336.0,TEN
LAC_DT_02,DT,28392.0,TEN
TEN_LB_01,LB,32448.0,TEN
DET_LB_04,LB,20280.0,TEN
P100252_LB,LB,18252.0,TEN
TEN_CB_03,CB,26364.0,TEN
PIT_CB_01,CB,34476.0,TEN
LAR_CB_08,CB,34476.0,TEN
TEN_CB_04,CB,34476.0,TEN
TEN_S_01,S,34476.0,TEN
FA_S_181,S,30420.0,TEN
CLE_S_03,S,30420.0,TEN
MIN_K_01,K,34476.0,TEN
CIN_P_01,P,34476.0,TEN
HOU_QB_01,QB,28392.0,DAL
KC_RB_03,RB,30420.0,DAL
DAL_WR_02,WR,32448.0,DAL
DAL_WR_08,WR,34476.0,DAL
PIT_WR_08,WR,34476.0,DAL
P100431_WR,WR,10140.0,DAL
MIN_TE_01,TE,26364.0,DAL
BUF_TE_03,TE,28392.0,DAL
DAL_OT_04,OT,20280.0,DAL
TB_OT_04,OT,10140.0,DAL
TB_OG_01,OG,24336.0,DAL
CHI_OG_03,OG,34476.0,DAL
DET_C_01,C,30420.0,DAL
CAR_EDGE_02,EDGE,34476.0,DAL
DEN_EDGE_02,EDGE,34476.0,DAL
P100279_EDGE,EDGE,34476.0,DAL
DAL_EDGE_03,EDGE,30420.0,DAL
GB_DT_02,DT,34476.0,DAL
NYJ_DT_02,DT,34476.0,DAL
NYJ_DT_03,DT,28392.0,DAL
PHI_LB_02,LB,34476.0,DAL
P100489_LB,LB,28392.0,DAL
CLE_LB_01,LB,34476.0,DAL
DAL_CB_03,CB,34476.0,DAL
GB_CB_04,CB,34476.0,DAL
BAL_CB_01,CB,34476.0,DAL
ATL_CB_05,CB,34476.0,DAL
PIT_S_01,S,34476.0,DAL
P100210_S,S,34476.0,DAL
NE_K_01,K,32448.0,DAL
TB_P_02,P,28392.0,DAL
TB_QB_02,QB,24336.0,ARI
P100464_RB,RB,32448.0,ARI
ARI_RB_01,RB,34476.0,ARI
BAL_WR_03,WR,26364.0,ARI
P100447_WR,WR,34476.0,ARI
NYJ_WR_08,WR,34476.0,ARI
ARI_WR_08,WR,30420.0,ARI
ARI_TE_01,TE,30420.0,ARI
ARI_OT_01,OT,28392.0,ARI
CAR_OT_03,OT,30420.0,ARI
ARI_OG_04,OG,28392.0,ARI
LAC_OG_01,OG,30420.0,ARI
ARI_C_01,C,34476.0,ARI
P100478_EDGE,EDGE,28392.0,ARI
ARI_EDGE_01,EDGE,32448.0,ARI
P100562_EDGE,EDGE,34476.0,ARI
P100561_EDGE,EDGE,34476.0,ARI
JAX_DT_02,DT,30420.0,ARI
ARI_DT_01,DT,34476.0,ARI
DET_DT_05,DT,30420.0,ARI
ARI_LB_02,LB,34476.0,ARI
ARI_LB_01,LB,34476.0,ARI
CAR_CB_01,CB,32448.0,ARI
KC_CB_02,CB,34476.0,ARI
DEN_CB_01,CB,30420.0,ARI
CLE_CB_02,CB,30420.0,ARI
ARI_S_01,S,34476.0,ARI
P100116_S,S,34476.0,ARI
BAL_P_01,P,34476.0,ARI
SF_QB_02,QB,22308.0,SF
DAL_RB_03,RB,34476.0,SF
SF_WR_01,WR,34476.0,SF
SEA_WR_01,WR,26364.0,SF
NO_WR_01,WR,34476.0,SF
CHI_WR_07,WR,22308.0,SF
SF_TE_01,TE,34476.0,SF
TEN_TE_01,TE,28392.0,SF
SF_OT_01,OT,34476.0,SF
SEA_OT_04,OT,14196.0,SF
SF_OG_02,OG,34476.0,SF
SF_OG_04,OG,34476.0,SF
SF_C_01,C,2028.0,SF
SF_EDGE_02,EDGE,34476.0,SF
CIN_EDGE_04,EDGE,34476.0,SF
TEN_EDGE_04,EDGE,34476.0,SF
HOU_EDGE_02,EDGE,34476.0,SF
CHI_DT_02,DT,34476.0,SF
BAL_DT_01,DT,34476.0,SF
P100246_DT,DT,34476.0,SF
DAL_LB_02,LB,30420.0,SF
TEN_LB_02,LB,30420.0,SF
MIA_LB_05,LB,20280.0,SF
SF_CB_03,CB,26364.0,SF
MIN_CB_05,CB,34476.0,SF
LAC_CB_04,CB,34476.0,SF
MIN_CB_04,CB,30420.0,SF
SF_S_01,S,22308.0,SF
SF_S_02,S,34476.0,SF
DAL_S_02,S,14196.0,SF
DET_K_01,K,30420.0,SF
PIT_P_01,P,34476.0,SF
WAS_QB_01,QB,28392.0,MIN
P100007_RB,RB,34476.0,MIN
LAR_RB_03,RB,30420.0,MIN
MIN_WR_02,WR,34476.0,MIN
DEN_WR_03,WR,34476.0,MIN
MIN_WR_05,WR,34476.0,MIN
LV_WR_07,WR,34476.0,MIN
NO_TE_03,TE,34476.0,MIN
NE_TE_03,TE,32448.0,MIN
MIN_OT_01,OT,26364.0,MIN
PHI_OT_01,OT,34476.0,MIN
MIN_OG_01,OG,34476.0,MIN
BUF_OG_01,OG,30420.0,MIN
JAX_C_02,C,20280.0,MIN
NYJ_EDGE_02,EDGE,26364.0,MIN
FA_EDGE_182,EDGE,34476.0,MIN
P100346_EDGE,EDGE,34476.0,MIN
MIN_EDGE_03,EDGE,34476.0,MIN
PHI_DT_01,DT,14196.0,MIN
MIN_DT_01,DT,34476.0,MIN
MIN_DT_02,DT,34476.0,MIN
GB_LB_02,LB,34476.0,MIN
FA_LB_159,LB,34476.0,MIN
CLE_LB_03,LB,34476.0,MIN
MIN_CB_03,CB,34476.0,MIN
MIN_CB_01,CB,34476.0,MIN
LAC_CB_03,CB,34476.0,MIN
CLE_CB_05,CB,34476.0,MIN
TB_S_01,S,34476.0,MIN
DET_S_02,S,34476.0,MIN
PIT_S_03,S,2028.0,MIN
FA_K_006,K,26364.0,MIN
MIN_P_01,P,34476.0,MIN
GB_QB_01,QB,34476.0,GB
SF_RB_01,RB,30420.0,GB
DET_WR_06,WR,34476.0,GB
P100331_WR,WR,34476.0,GB
GB_WR_04,WR,34476.0,GB
P100566_WR,WR,34476.0,GB
CAR_TE_01,TE,18252.0,GB
GB_TE_02,TE,34476.0,GB
DAL_OT_01,OT,34476.0,GB
P100507_OT,OT,34476.0,GB
DET_OG_02,OG,34476.0,GB
JAX_OG_02,OG,30420.0,GB
GB_C_02,C,34476.0,GB
GB_EDGE_01,EDGE,34476.0,GB
DEN_EDGE_03,EDGE,26364.0,GB
P100483_EDGE,EDGE,28392.0,GB
GB_DT_01,DT,34476.0,GB
GB_DT_04,DT,28392.0,GB
LAR_LB_01,LB,26364.0,GB
P100185_LB,LB,34476.0,GB
DET_CB_01,CB,34476.0,GB
P100131_CB,CB,34476.0,GB
P100180_CB,CB,24336.0,GB
DET_S_03,S,32448.0,GB
GB_S_01,S,34476.0,GB
KC_S_04,S,32448.0,GB
P100052_K,K,4056.0,GB
ARI_P_01,P,34476.0,GB
JAX_QB_01,QB,34476.0,JAX
LAC_RB_01,RB,34476.0,JAX
P100139_RB,RB,34476.0,JAX
CAR_WR_01,WR,34476.0,JAX
JAX_WR_01,WR,34476.0,JAX
FA_WR_005,WR,22308.0,JAX
P100512_WR,WR,26364.0,JAX
JAX_TE_02,TE,34476.0,JAX
JAX_OT_02,OT,34476.0,JAX
IND_OT_02,OT,16224.0,JAX
DET_OG_04,OG,34476.0,JAX
P100341_OG,OG,34476.0,JAX
P100321_C,C,34476.0,JAX
JAX_EDGE_02,EDGE,34476.0,JAX
P100011_EDGE,EDGE,22308.0,JAX
SEA_EDGE_01,EDGE,22308.0,JAX
PIT_EDGE_04,EDGE,34476.0,JAX
CIN_DT_02,DT,28392.0,JAX
JAX_DT_01,DT,34476.0,JAX
JAX_DT_05,DT,34476.0,JAX
JAX_LB_01,LB,34476.0,JAX
JAX_LB_03,LB,32448.0,JAX
JAX_CB_02,CB,26364.0,JAX
P100008_CB,CB,34476.0,JAX
P100073_CB,CB,34476.0,JAX
P100175_CB,CB,28392.0,JAX
CLE_S_01,S,34476.0,JAX
WAS_S_02,S,34476.0,JAX
HOU_S_04,S,34476.0,JAX
IND_K_01,K,30420.0,JAX
JAX_P_01,P,34476.0,JAX
P100377_WR,WR,12168.0,NYJ
HOU_OG_01,OG,2028.0,NYJ
WAS_DT_01,DT,32448.0,NYJ
NYJ_CB_02,CB,32448.0,NYJ
PIT_DT_04,DT,30420.0,NE
ARI_QB_01,QB,20280.0,KC
KC_RB_01,RB,34476.0,KC
CAR_RB_03,RB,30420.0,KC
KC_WR_03,WR,34476.0,KC
LAC_WR_07,WR,34476.0,KC
P100160_WR,WR,34476.0,KC
P100260_WR,WR,34476.0,KC
KC_TE_01,TE,34476.0,KC
P100186_TE,TE,34476.0,KC
MIA_OT_01,OT,20280.0,KC
NYG_OT_04,OT,18252.0,KC
ARI_OG_02,OG,34476.0,KC
P100312_OG,OG,34476.0,KC
KC_C_01,C,32448.0,KC
TEN_EDGE_01,EDGE,22308.0,KC
GB_EDGE_04,EDGE,34476.0,KC
P100304_EDGE,EDGE,28392.0,KC
P100595_EDGE,EDGE,34476.0,KC
KC_DT_02,DT,34476.0,KC
MIA_DT_04,DT,34476.0,KC
CIN_DT_04,DT,34476.0,KC
IND_LB_01,LB,34476.0,KC
KC_LB_05,LB,28392.0,KC
KC_LB_04,LB,26364.0,KC
P100292_CB,CB,34476.0,KC
DAL_CB_04,CB,34476.0,KC
PIT_CB_06,CB,34476.0,KC
DEN_CB_04,CB,28392.0,KC
KC_S_01,S,34476.0,KC
ATL_S_04,S,34476.0,KC
KC_K_01,K,34476.0,KC
DAL_P_02,P,14196.0,KC
P100532_QB,QB,16224.0,DEN
IND_QB_01,QB,34476.0,IND
NYG_RB_03,RB,34476.0,IND
IND_RB_02,RB,34476.0,IND
TB_RB_01,RB,28392.0,IND
IND_WR_02,WR,20280.0,IND
IND_WR_01,WR,34476.0,IND
ARI_WR_02,WR,34476.0,IND
NO_WR_05,WR,34476.0,IND
NYJ_TE_01,TE,34476.0,IND
CAR_TE_03,TE,4056.0,IND
MIN_OT_02,OT,34476.0,IND
IND_OT_01,OT,6084.0,IND
GB_OG_01,OG,34476.0,IND
KC_OG_03,OG,28392.0,IND
IND_C_01,C,34476.0,IND
IND_EDGE_02,EDGE,34476.0,IND
IND_EDGE_01,EDGE,34476.0,IND
PIT_EDGE_01,EDGE,30420.0,IND
LV_EDGE_03,EDGE,30420.0,IND
LV_DT_02,DT,34476.0,IND
IND_DT_05,DT,34476.0,IND
JAX_LB_02,LB,32448.0,IND
NYJ_LB_04,LB,2028.0,IND
IND_CB_01,CB,34476.0,IND
IND_CB_02,CB,28392.0,IND
TEN_CB_06,CB,34476.0,IND
IND_CB_03,CB,12168.0,IND
P100491_S,S,32448.0,IND
P100465_S,S,28392.0,IND
NO_K_01,K,34476.0,IND
IND_P_01,P,34476.0,IND
TEN_QB_02,QB,34476.0,NYG
P100534_RB,RB,34476.0,NYG
P100356_RB,RB,34476.0,NYG
P100511_RB,RB,34476.0,NYG
LV_WR_02,WR,34476.0,NYG
WAS_WR_03,WR,32448.0,NYG
DET_WR_04,WR,34476.0,NYG
MIN_WR_04,WR,34476.0,NYG
KC_TE_02,TE,34476.0,NYG
CAR_TE_02,TE,34476.0,NYG
NYG_OT_02,OT,34476.0,NYG
NYG_OT_03,OT,34476.0,NYG
PHI_OG_02,OG,34476.0,NYG
TB_OG_04,OG,24336.0,NYG
PHI_C_01,C,34476.0,NYG
IND_EDGE_04,EDGE,34476.0,NYG
NYG_EDGE_02,EDGE,34476.0,NYG
NYG_EDGE_01,EDGE,34476.0,NYG
NYG_EDGE_05,EDGE,34476.0,NYG
NYG_DT_04,DT,22308.0,NYG
PIT_DT_05,DT,34476.0,NYG
NE_DT_04,DT,34476.0,NYG
PIT_LB_02,LB,34476.0,NYG
CHI_LB_04,LB,30420.0,NYG
P100319_LB,LB,34476.0,NYG
CIN_CB_04,CB,34476.0,NYG
SF_CB_06,CB,34476.0,NYG
MIA_CB_05,CB,28392.0,NYG
MIN_S_01,S,34476.0,NYG
NYG_K_01,K,34476.0,NYG
P100226_P,P,28392.0,NYG
CIN_QB_02,QB,20280.0,BUF
IND_RB_01,RB,34476.0,BUF
JAX_RB_04,RB,34476.0,BUF
SEA_RB_05,RB,24336.0,BUF
P100404_WR,WR,34476.0,BUF
P100119_WR,WR,34476.0,BUF
LV_WR_04,WR,34476.0,BUF
NYJ_WR_05,WR,20280.0,BUF
NYJ_TE_03,TE,28392.0,BUF
WAS_TE_02,TE,22308.0,BUF
BUF_OT_02,OT,22308.0,BUF
BUF_OT_01,OT,34476.0,BUF
SEA_OG_04,OG,20280.0,BUF
BUF_OG_02,OG,10140.0,BUF
BUF_C_01,C,32448.0,BUF
SEA_EDGE_02,EDGE,34476.0,BUF
ATL_EDGE_02,EDGE,30420.0,BUF
P100565_EDGE,EDGE,34476.0,BUF
P100515_EDGE,EDGE,32448.0,BUF
TEN_DT_02,DT,34476.0,BUF
PHI_DT_06,DT,34476.0,BUF
ARI_DT_03,DT,34476.0,BUF
CAR_LB_01,LB,24336.0,BUF
BUF_LB_02,LB,34476.0,BUF
P100104_LB,LB,34476.0,BUF
BUF_CB_02,CB,34476.0,BUF
BUF_CB_05,CB,28392.0,BUF
DEN_K_01,K,22308.0,BUF
PHI_P_01,P,34476.0,BUF
MIA_WR_02,WR,32448.0,MIA
LV_EDGE_07,EDGE,4056.0,MIA
TEN_WR_02,WR,10140.0,TEN
TEN_LB_04,LB,32448.0,TEN
FA_S_152,S,6084.0,TEN
P100337_OT,OT,18252.0,JAX
BAL_K_01,K,4056.0,JAX
P100224_LB,LB,14196.0,DEN
P100028_OT,OT,6084.0,ARI
P100261_EDGE,EDGE,8112.0,ARI
KC_CB_03,CB,8112.0,ARI
KC_QB_02,QB,30420.0,CHI
JAX_RB_01,RB,30420.0,CHI
CHI_RB_03,RB,24336.0,CHI
NYG_WR_02,WR,34476.0,CHI
P100386_WR,WR,24336.0,CHI
CHI_TE_01,TE,34476.0,CHI
CHI_OT_02,OT,34476.0,CHI
SEA_OT_05,OT,30420.0,CHI
CAR_OG_02,OG,34476.0,CHI
IND_OG_01,OG,34476.0,CHI
TB_C_01,C,34476.0,CHI
LAR_EDGE_01,EDGE,34476.0,CHI
CHI_EDGE_03,EDGE,34476.0,CHI
NE_DT_01,DT,34476.0,CHI
CHI_DT_03,DT,34476.0,CHI
PHI_DT_05,DT,34476.0,CHI
WAS_LB_02,LB,34476.0,CHI
ATL_LB_04,LB,34476.0,CHI
CHI_LB_02,LB,18252.0,CHI
CHI_CB_01,CB,30420.0,CHI
CHI_CB_02,CB,34476.0,CHI
P100291_CB,CB,34476.0,CHI
WAS_CB_06,CB,26364.0,CHI
CHI_S_01,S,34476.0,CHI
GB_S_03,S,34476.0,CHI
P100178_S,S,34476.0,CHI
PIT_K_01,K,34476.0,CHI
CHI_P_01,P,26364.0,CHI
LAC_TE_02,TE,32448.0,LAC
P100082_DT,DT,14196.0,LAC
CLE_DT_04,DT,32448.0,IND
GB_CB_06,CB,22308.0,IND
PIT_WR_04,WR,2028.0,NYJ
P100520_LB,LB,4056.0,NYJ
SF_QB_01,QB,34476.0,WAS
WAS_RB_01,RB,34476.0,WAS
WAS_RB_02,RB,18252.0,WAS
P100168_RB,RB,24336.0,WAS
WAS_WR_02,WR,34476.0,WAS
DAL_WR_01,WR,34476.0,WAS
P100313_WR,WR,34476.0,WAS
P100349_TE,TE,34476.0,WAS
WAS_OT_02,OT,34476.0,WAS
NO_OT_03,OT,12168.0,WAS
P100381_OG,OG,22308.0,WAS
P100503_OG,OG,30420.0,WAS
GB_C_01,C,34476.0,WAS
P100191_EDGE,EDGE,34476.0,WAS
WAS_EDGE_03,EDGE,34476.0,WAS
DEN_EDGE_04,EDGE,34476.0,WAS
WAS_EDGE_05,EDGE,28392.0,WAS
CAR_DT_02,DT,34476.0,WAS
WAS_DT_02,DT,20280.0,WAS
P100228_DT,DT,34476.0,WAS
SEA_LB_03,LB,34476.0,WAS
WAS_CB_01,CB,34476.0,WAS
P100426_CB,CB,34476.0,WAS
ARI_CB_03,CB,24336.0,WAS
FA_CB_029,CB,34476.0,WAS
LAR_S_02,S,34476.0,WAS
P100109_S,S,34476.0,WAS
P100352_S,S,2028.0,WAS
PIT_K_02,K,34476.0,WAS
WAS_P_01,P,24336.0,WAS
FA_RB_021,RB,32448.0,MIN
PIT_DT_01,DT,20280.0,MIN
ATL_S_01,S,32448.0,MIN
CIN_QB_03,QB,34476.0,SEA
PHI_RB_01,RB,34476.0,SEA
P100087_RB,RB,26364.0,SEA
P100552_WR,WR,34476.0,SEA
P100557_WR,WR,34476.0,SEA
P100384_WR,WR,34476.0,SEA
P100421_WR,WR,34476.0,SEA
LAC_TE_01,TE,34476.0,SEA
LAR_TE_03,TE,26364.0,SEA
SEA_OT_01,OT,34476.0,SEA
GB_OT_02,OT,24336.0,SEA
TEN_OG_04,OG,34476.0,SEA
GB_OG_02,OG,8112.0,SEA
SEA_C_01,C,16224.0,SEA
MIN_EDGE_02,EDGE,34476.0,SEA
BUF_EDGE_01,EDGE,34476.0,SEA
BAL_EDGE_04,EDGE,34476.0,SEA
ATL_EDGE_05,EDGE,30420.0,SEA
HOU_DT_01,DT,34476.0,SEA
P100238_DT,DT,34476.0,SEA
BUF_DT_04,DT,34476.0,SEA
P100402_LB,LB,34476.0,SEA
SEA_LB_04,LB,34476.0,SEA
SEA_CB_02,CB,34476.0,SEA
SEA_CB_03,CB,34476.0,SEA
SEA_CB_04,CB,34476.0,SEA
CAR_CB_04,CB,34476.0,SEA
PIT_S_02,S,28392.0,SEA
SEA_S_02,S,22308.0,SEA
P100410_S,S,34476.0,SEA
SEA_K_01,K,32448.0,SEA
SF_P_01,P,34476.0,SEA
LAR_QB_01,QB,32448.0,LAR
CIN_RB_01,RB,34476.0,LAR
NYJ_WR_06,WR,34476.0,LAR
PHI_WR_01,WR,20280.0,LAR
NO_WR_03,WR,26364.0,LAR
MIN_WR_03,WR,2028.0,LAR
P100359_TE,TE,12168.0,LAR
LAR_OT_01,OT,22308.0,LAR
LAR_OT_02,OT,16224.0,LAR
LAR_OG_01,OG,12168.0,LAR
SEA_OG_05,OG,34476.0,LAR
ATL_EDGE_04,EDGE,34476.0,LAR
CLE_EDGE_03,EDGE,34476.0,LAR
P100134_EDGE,EDGE,30420.0,LAR
P100594_EDGE,EDGE,22308.0,LAR
LAR_DT_02,DT,34476.0,LAR
MIN_DT_03,DT,34476.0,LAR
GB_DT_05,DT,24336.0,LAR
P100545_LB,LB,34476.0,LAR
P100519_LB,LB,28392.0,LAR
LAR_CB_02,CB,34476.0,LAR
GB_CB_02,CB,34476.0,LAR
HOU_CB_04,CB,34476.0,LAR
P100417_CB,CB,32448.0,LAR
DET_S_01,S,34476.0,LAR
LAR_S_04,S,34476.0,LAR
NE_S_02,S,34476.0,LAR
DAL_K_01,K,28392.0,LAR
DAL_P_01,P,16224.0,LAR
P100255_WR,WR,30420.0,NE
NO_TE_02,TE,30420.0,NE
NE_EDGE_02,EDGE,22308.0,NE
NE_LB_04,LB,30420.0,NE
ATL_QB_01,QB,34476.0,ATL
DAL_RB_01,RB,34476.0,ATL
NO_RB_03,RB,34476.0,ATL
P100382_RB,RB,34476.0,ATL
CLE_WR_04,WR,34476.0,ATL
GB_WR_06,WR,26364.0,ATL
NE_WR_06,WR,34476.0,ATL
P100218_WR,WR,30420.0,ATL
ATL_TE_01,TE,34476.0,ATL
ATL_TE_02,TE,34476.0,ATL
PIT_OT_03,OT,34476.0,ATL
DAL_OG_02,OG,8112.0,ATL
ATL_OG_04,OG,34476.0,ATL
ATL_C_01,C,34476.0,ATL
DET_EDGE_02,EDGE,30420.0,ATL
DEN_EDGE_01,EDGE,2028.0,ATL
NYJ_EDGE_06,EDGE,28392.0,ATL
ATL_EDGE_07,EDGE,34476.0,ATL
PIT_DT_02,DT,34476.0,ATL
ATL_DT_01,DT,34476.0,ATL
ATL_DT_05,DT,28392.0,ATL
MIN_LB_02,LB,26364.0,ATL
WAS_LB_01,LB,34476.0,ATL
NYJ_CB_03,CB,34476.0,ATL
P100406_CB,CB,28392.0,ATL
ATL_S_03,S,34476.0,ATL
P100117_S,S,20280.0,ATL
CAR_K_01,K,32448.0,ATL
GB_P_01,P,34476.0,ATL
P100088_QB,QB,34476.0,NO
P100544_RB,RB,34476.0,NO
CHI_WR_02,WR,34476.0,NO
BUF_WR_03,WR,30420.0,NO
TB_WR_07,WR,34476.0,NO
NO_WR_06,WR,34476.0,NO
LV_TE_01,TE,34476.0,NO
PHI_TE_03,TE,34476.0,NO
P100449_OT,OT,34476.0,NO
CAR_OT_05,OT,34476.0,NO
NO_OG_02,OG,34476.0,NO
MIN_OG_04,OG,26364.0,NO
NYG_C_03,C,14196.0,NO
NO_EDGE_04,EDGE,24336.0,NO
TB_EDGE_03,EDGE,34476.0,NO
P100538_EDGE,EDGE,34476.0,NO
P100412_EDGE,EDGE,34476.0,NO
NO_DT_02,DT,34476.0,NO
NYG_DT_03,DT,34476.0,NO
P100187_DT,DT,28392.0,NO
P100585_LB,LB,34476.0,NO
NE_LB_02,LB,34476.0,NO
P100357_LB,LB,26364.0,NO
NO_CB_02,CB,34476.0,NO
NO_CB_05,CB,34476.0,NO
NO_S_01,S,2028.0,NO
SF_K_02,K,34476.0,NO
P100535_P,P,34476.0,NO
LV_TE_02,TE,2028.0,NYJ
NYJ_OT_02,OT,24336.0,NYJ
P100125_WR,WR,14196.0,BUF
CAR_OG_01,OG,26364.0,BUF
GB_CB_03,CB,32448.0,BUF
P100190_CB,CB,32448.0,BUF
P100496_QB,QB,34476.0,CIN
CIN_WR_04,WR,34476.0,CIN
HOU_WR_02,WR,34476.0,CIN
CIN_WR_03,WR,34476.0,CIN
FA_WR_049,WR,34476.0,CIN
GB_TE_03,TE,34476.0,CIN
P100472_TE,TE,6084.0,CIN
P100227_OT,OT,24336.0,CIN
P100305_OT,OT,14196.0,CIN
TEN_OG_01,OG,34476.0,CIN
CIN_OG_02,OG,34476.0,CIN
CIN_C_02,C,34476.0,CIN
CIN_EDGE_01,EDGE,34476.0,CIN
P100517_EDGE,EDGE,34476.0,CIN
P100368_EDGE,EDGE,14196.0,CIN
DEN_DT_01,DT,34476.0,CIN
P100475_DT,DT,34476.0,CIN
CIN_DT_03,DT,34476.0,CIN
SEA_LB_02,LB,32448.0,CIN
SF_LB_01,LB,32448.0,CIN
ATL_LB_02,LB,34476.0,CIN
HOU_CB_05,CB,34476.0,CIN
CIN_CB_01,CB,34476.0,CIN
SEA_CB_05,CB,34476.0,CIN
NYJ_CB_05,CB,22308.0,CIN
CIN_S_01,S,34476.0,CIN
HOU_S_03,S,32448.0,CIN
CIN_K_01,K,34476.0,CIN
ATL_P_01,P,34476.0,CIN
TB_OG_02,OG,8112.0,BAL
PIT_OG_03,OG,28392.0,CLE
NO_LB_01,LB,30420.0,CLE
TB_S_02,S,32448.0,CLE
DAL_OG_03,OG,8112.0,PIT
P100400_S,S,10140.0,PIT
NO_QB_02,QB,34476.0,HOU
NYJ_RB_03,RB,34476.0,HOU
P100080_RB,RB,30420.0,HOU
P100122_RB,RB,34476.0,HOU
PHI_WR_02,WR,24336.0,HOU
P100295_WR,WR,34476.0,HOU
NYG_WR_03,WR,34476.0,HOU
HOU_WR_05,WR,24336.0,HOU
BAL_TE_01,TE,34476.0,HOU
HOU_TE_03,TE,34476.0,HOU
HOU_OT_04,OT,34476.0,HOU
P100536_OT,OT,8112.0,HOU
LV_OG_02,OG,30420.0,HOU
NYJ_OG_02,OG,34476.0,HOU
LAR_EDGE_02,EDGE,34476.0,HOU
NE_EDGE_01,EDGE,34476.0,HOU
LV_EDGE_01,EDGE,34476.0,HOU
CHI_EDGE_05,EDGE,34476.0,HOU
SF_DT_01,DT,18252.0,HOU
HOU_DT_02,DT,34476.0,HOU
LAC_DT_03,DT,32448.0,HOU
LAC_LB_04,LB,34476.0,HOU
SF_CB_01,CB,28392.0,HOU
TB_CB_02,CB,34476.0,HOU
NYG_CB_01,CB,34476.0,HOU
PHI_CB_03,CB,34476.0,HOU
MIA_S_02,S,34476.0,HOU
WAS_K_02,K,28392.0,HOU
HOU_P_01,P,34476.0,HOU
SEA_TE_02,TE,30420.0,IND
SEA_OT_02,OT,28392.0,IND
GB_LB_03,LB,28392.0,IND
MIN_LB_04,LB,8112.0,IND
IND_CB_05,CB,6084.0,IND
LAC_WR_03,WR,28392.0,LAC
NYG_EDGE_04,EDGE,24336.0,LAC
SF_LB_05,LB,28392.0,LAC
NYG_QB_01,QB,14196.0,KC
NO_OT_02,OT,30420.0,KC
LAR_DT_05,DT,32448.0,LV
P100282_CB,CB,32448.0,LV
DAL_OT_02,OT,28392.0,DAL
GB_S_02,S,28392.0,DAL
TEN_DT_06,DT,12168.0,NYG
JAX_CB_01,CB,28392.0,NYG
WAS_OT_04,OT,12168.0,WAS
WAS_OG_03,OG,12168.0,WAS
TEN_S_04,S,32448.0,WAS
CHI_WR_06,WR,18252.0,CHI
WAS_EDGE_06,EDGE,32448.0,CHI
DEN_CB_08,CB,12168.0,CHI
KC_QB_01,QB,4056.0,DET
P100523_RB,RB,34476.0,DET
DET_WR_03,WR,24336.0,DET
DET_WR_01,WR,34476.0,DET
KC_WR_01,WR,34476.0,DET
P100022_WR,WR,32448.0,DET
DET_TE_01,TE,32448.0,DET
DET_TE_02,TE,30420.0,DET
TB_OT_01,OT,34476.0,DET
ATL_OT_04,OT,4056.0,DET
DEN_OG_02,OG,34476.0,DET
P100229_OG,OG,34476.0,DET
ARI_EDGE_02,EDGE,34476.0,DET
PIT_EDGE_03,EDGE,32448.0,DET
SF_EDGE_03,EDGE,34476.0,DET
NO_EDGE_05,EDGE,22308.0,DET
TB_DT_02,DT,34476.0,DET
DET_DT_02,DT,34476.0,DET
IND_DT_01,DT,34476.0,DET
DET_LB_01,LB,20280.0,DET
DET_LB_02,LB,34476.0,DET
BAL_LB_01,LB,34476.0,DET
DET_CB_06,CB,34476.0,DET
ARI_CB_04,CB,34476.0,DET
DET_CB_08,CB,28392.0,DET
P100486_CB,CB,32448.0,DET
ARI_S_02,S,34476.0,DET
SF_RB_03,RB,32448.0,SF
NO_S_04,S,28392.0,SF
GB_QB_03,QB,10140.0,ARI
ARI_WR_05,WR,12168.0,ARI
PIT_QB_01,QB,34476.0,CAR
CAR_RB_01,RB,34476.0,CAR
LV_RB_02,RB,34476.0,CAR
PHI_WR_03,WR,34476.0,CAR
CAR_WR_03,WR,34476.0,CAR
LAR_WR_02,WR,34476.0,CAR
CAR_WR_06,WR,26364.0,CAR
NYJ_OT_01,OT,34476.0,CAR
CAR_OT_02,OT,14196.0,CAR
P100013_OG,OG,34476.0,CAR
LAC_C_01,C,34476.0,CAR
KC_EDGE_01,EDGE,34476.0,CAR
CAR_EDGE_05,EDGE,34476.0,CAR
CAR_EDGE_03,EDGE,34476.0,CAR
P100231_EDGE,EDGE,34476.0,CAR
CAR_DT_01,DT,34476.0,CAR
P100369_DT,DT,34476.0,CAR
P100492_DT,DT,10140.0,CAR
NE_LB_01,LB,34476.0,CAR
P100176_LB,LB,34476.0,CAR
P100195_LB,LB,34476.0,CAR
CAR_S_02,S,24336.0,CAR
P100283_S,S,34476.0,CAR
ARI_S_04,S,34476.0,CAR
LAR_K_01,K,34476.0,CAR
NYJ_P_01,P,32448.0,CAR
HOU_K_01,K,30420.0,GB
DET_QB_01,QB,34476.0,TB
PIT_RB_03,RB,34476.0,TB
ATL_RB_01,RB,22308.0,TB
HOU_WR_01,WR,34476.0,TB
TB_WR_03,WR,34476.0,TB
MIA_WR_03,WR,26364.0,TB
CAR_WR_08,WR,34476.0,TB
TB_TE_01,TE,34476.0,TB
NO_TE_01,TE,34476.0,TB
TB_OT_02,OT,34476.0,TB
ARI_OT_02,OT,26364.0,TB
DAL_OG_01,OG,34476.0,TB
KC_OG_02,OG,34476.0,TB
NYG_C_01,C,34476.0,TB
MIA_EDGE_01,EDGE,26364.0,TB
P100095_EDGE,EDGE,34476.0,TB
TB_EDGE_05,EDGE,34476.0,TB
MIA_DT_02,DT,34476.0,TB
NO_DT_01,DT,34476.0,TB
SF_DT_03,DT,20280.0,TB
TB_LB_02,LB,34476.0,TB
TB_LB_05,LB,34476.0,TB
TB_LB_01,LB,4056.0,TB
TB_CB_03,CB,34476.0,TB
LV_CB_01,CB,34476.0,TB
TB_CB_01,CB,34476.0,TB
ATL_CB_04,CB,34476.0,TB
LV_S_01,S,34476.0,TB
CLE_S_02,S,34476.0,TB
GB_S_04,S,18252.0,TB
JAX_K_01,K,34476.0,TB
TB_P_01,P,26364.0,TB
PIT_OT_01,OT,30420.0,MIA
DAL_EDGE_06,EDGE,12168.0,MIA
TEN_LB_03,LB,30420.0,MIA
SEA_WR_02,WR,32448.0,LAR
LAR_C_01,C,32448.0,LAR
PHI_QB_01,QB,34476.0,PHI
P100058_RB,RB,34476.0,PHI
PIT_WR_02,WR,34476.0,PHI
DET_WR_02,WR,22308.0,PHI
P100245_WR,WR,34476.0,PHI
PIT_TE_02,TE,34476.0,PHI
IND_TE_01,TE,32448.0,PHI
ATL_OT_01,OT,34476.0,PHI
PHI_OT_04,OT,6084.0,PHI
PHI_OG_01,OG,34476.0,PHI
SEA_OG_01,OG,26364.0,PHI
CAR_C_01,C,14196.0,PHI
PHI_EDGE_01,EDGE,34476.0,PHI
LAC_EDGE_03,EDGE,34476.0,PHI
PHI_EDGE_04,EDGE,34476.0,PHI
P100214_EDGE,EDGE,34476.0,PHI
DET_DT_01,DT,34476.0,PHI
KC_DT_04,DT,34476.0,PHI
WAS_DT_04,DT,34476.0,PHI
PHI_LB_04,LB,34476.0,PHI
PHI_LB_03,LB,34476.0,PHI
P100415_LB,LB,22308.0,PHI
WAS_CB_02,CB,22308.0,PHI
HOU_CB_03,CB,34476.0,PHI
MIN_CB_02,CB,34476.0,PHI
NO_CB_04,CB,32448.0,PHI
BUF_S_02,S,34476.0,PHI
NYJ_S_04,S,34476.0,PHI
P100342_S,S,34476.0,PHI
P100078_K,K,34476.0,PHI
DEN_P_01,P,34476.0,PHI
DEN_OT_04,OT,6084.0,DEN
KC_RB_02,RB,30420.0,TEN
NO_C_03,C,2028.0,TEN
NO_S_02,S,2028.0,TEN
DAL_EDGE_05,EDGE,20280.0,ATL
KC_S_02,S,22308.0,ATL
P100166_S,S,16224.0,SEA
CLE_OG_03,OG,28392.0,MIA
CHI_K_01,K,28392.0,MIA
KC_OT_04,OT,12168.0,BUF
P100588_CB,CB,14196.0,JAX
LAC_OT_04,OT,10140.0,TEN
LAR_OG_03,OG,24336.0,LAC
DAL_QB_01,QB,6084.0,DAL
CHI_QB_01,QB,30420.0,DET
DET_RB_02,RB,30420.0,DET
DET_OT_02,OT,30420.0,DET
P100322_WR,WR,28392.0,CHI
CHI_TE_03,TE,28392.0,CHI
WAS_OG_02,OG,24336.0,CAR
HOU_OT_02,OT,30420.0,ATL
TB_WR_01,WR,8112.0,TB
LAR_LB_04,LB,30420.0,TB
WAS_S_04,S,16224.0,TB
P100010_WR,WR,10140.0,HOU
HOU_WR_06,WR,10140.0,HOU
P100450_LB,LB,22308.0,HOU
PIT_WR_05,WR,10140.0,PIT
WAS_OT_03,OT,28392.0,LAR
JAX_CB_05,CB,2028.0,LAR
IND_LB_02,LB,26364.0,IND
P100501_S,S,10140.0,DEN
KC_P_01,P,20280.0,KC
LV_EDGE_02,EDGE,30420.0,CIN
TEN_LB_06,LB,4056.0,CIN
LV_RB_01,RB,30420.0,NO
CIN_TE_01,TE,28392.0,CIN
JAX_OT_01,OT,26364.0,HOU
NYG_LB_01,LB,26364.0,HOU
P100355_WR,WR,4056.0,LAC
PHI_OT_02,OT,28392.0,PHI
CIN_WR_01,WR,24336.0,CHI
P100373_LB,LB,12168.0,CHI
P100001_OG,OG,4056.0,NO
P100044_CB,CB,28392.0,NO
BAL_QB_02,QB,12168.0,SF
P100399_WR,WR,18252.0,SF
LAC_OG_02,OG,26364.0,SEA
NYJ_EDGE_01,EDGE,28392.0,TB
CAR_DT_04,DT,14196.0,TB
P100458_OG,OG,6084.0,BUF
P100327_WR,WR,8112.0,CAR
CLE_CB_01,CB,26364.0,CAR
P100392_CB,CB,26364.0,CAR
ARI_K_01,K,24336.0,ARI
DAL_WR_06,WR,26364.0,DAL
DAL_C_01,C,4056.0,DAL
P100394_C,C,14196.0,MIN
JAX_QB_02,QB,12168.0,LV
FA_WR_083,WR,6084.0,LV
LAR_TE_02,TE,26364.0,LAR
TEN_C_01,C,20280.0,DET
KC_LB_01,LB,14196.0,DET
DET_P_01,P,26364.0,DET
P100153_CB,CB,16224.0,PIT
HOU_DT_05,DT,18252.0,HOU
MIN_OT_04,OT,8112.0,MIN
P100547_TE,TE,16224.0,GB
BAL_DT_03,DT,10140.0,BAL
BUF_DT_01,DT,6084.0,BAL
LAR_OG_06,OG,10140.0,ARI
LV_OG_03,OG,8112.0,PHI
WAS_CB_08,CB,14196.0,PHI
CIN_WR_02,WR,22308.0,LAR
IND_OG_02,OG,22308.0,LAR
SF_OT_02,OT,18252.0,SF
SF_LB_02,LB,22308.0,SF
CAR_OT_04,OT,10140.0,SEA
P100482_DT,DT,24336.0,CAR
NE_RB_01,RB,16224.0,CHI
ATL_OG_01,OG,24336.0,ATL
NE_EDGE_04,EDGE,20280.0,ATL
NO_C_02,C,20280.0,NO
DET_RB_05,RB,10140.0,BUF
BUF_EDGE_03,EDGE,4056.0,BUF
IND_CB_06,CB,18252.0,NE
CLE_OT_04,OT,10140.0,BAL
P100556_OG,OG,8112.0,TEN
TEN_DT_04,DT,18252.0,TEN
BAL_DT_04,DT,6084.0,TEN
PIT_CB_04,CB,8112.0,TEN
LV_OT_04,OT,12168.0,LV
CAR_OT_01,OT,20280.0,CAR
P100479_EDGE,EDGE,10140.0,NO
P100093_DT,DT,6084.0,NO
CHI_WR_03,WR,2028.0,SF
P100068_CB,CB,10140.0,SF
BUF_K_01,K,2028.0,DEN
TEN_P_02,P,2028.0,DEN
JAX_OG_03,OG,2028.0,NYJ
HOU_WR_04,WR,14196.0,IND
PHI_LB_01,LB,22308.0,WAS
HOU_S_01,S,20280.0,ATL
BUF_WR_06,WR,2028.0,LAC
P100057_S,S,4056.0,DAL
ATL_K_01,K,2028.0,ATL
LAR_CB_01,CB,2028.0,ARI
SF_OT_03,OT,2028.0,LAR
DEN_OT_01,OT,2028.0,SF
WAS_OT_01,OT,20280.0,CIN
ATL_EDGE_01,EDGE,20280.0,CIN
GB_OT_04,OT,8112.0,TB
P100284_LB,LB,8112.0,NO
P100140_WR,WR,12168.0,JAX
LV_C_01,C,14196.0,DEN
LV_S_04,S,8112.0,LV
BUF_EDGE_05,EDGE,14196.0,PIT
MIN_LB_03,LB,10140.0,PIT
P100592_S,S,14196.0,NYJ
BAL_DT_02,DT,14196.0,CLE
CHI_OG_01,OG,2028.0,LV
DET_S_04,S,14196.0,DET
P100066_EDGE,EDGE,4056.0,SEA
LV_OG_04,OG,10140.0,NYG
HOU_LB_03,LB,4056.0,PIT
TEN_WR_04,WR,2028.0,TEN
LAR_S_01,S,6084.0,NYJ
TEN_EDGE_03,EDGE,6084.0,PIT
JAX_WR_05,WR,8112.0,JAX
ATL_WR_06,WR,12168.0,ATL
P100539_DT,DT,6084.0,ATL
PHI_DT_02,DT,10140.0,LAR
JAX_OT_04,OT,2028.0,LAC
CIN_EDGE_03,EDGE,4056.0,DAL
MIA_LB_03,LB,6084.0,DAL
P100376_WR,WR,12168.0,DET
ARI_EDGE_03,EDGE,12168.0,DET
BAL_LB_02,LB,6084.0,BAL
P100514_CB,CB,2028.0,BAL
P100436_LB,LB,12168.0,PHI
SF_C_02,C,10140.0,HOU
KC_CB_05,CB,6084.0,HOU
DEN_LB_02,LB,4056.0,NYG
SEA_WR_06,WR,2028.0,TEN
P100063_CB,CB,10140.0,WAS
KC_P_02,P,6084.0,WAS
JAX_TE_03,TE,6084.0,SF
LAR_P_01,P,8112.0,TB
CHI_OT_04,OT,4056.0,CHI
P100033_DT,DT,6084.0,DAL
P100039_DT,DT,2028.0,DEN
CLE_K_02,K,6084.0,HOU
HOU_OG_03,OG,4056.0,HOU
P100050_TE,TE,8112.0,DAL
BUF_EDGE_04,EDGE,6084.0,WAS
ATL_LB_03,LB,8112.0,ATL
P100097_C,C,6084.0,SEA
DEN_DT_04,DT,2028.0,DEN
CIN_P_02,P,2028.0,CAR
P100388_OG,OG,4056.0,MIN
P100102_EDGE,EDGE,2028.0,DEN
SF_DT_05,DT,2028.0,MIA
ARI_LB_05,LB,2028.0,MIA
NO_CB_08,CB,2028.0,MIA
NYG_WR_04,WR,2028.0,NYG
TEN_OT_02,OT,4056.0,TEN
CHI_EDGE_02,EDGE,6084.0,TEN
P100591_EDGE,EDGE,4056.0,IND
ARI_QB_02,QB,4056.0,CHI
BUF_C_02,C,2028.0,BUF
P100456_LB,LB,2028.0,PIT
P100054_WR,WR,2028.0,BAL
DAL_DT_04,DT,4056.0,ARI
JAX_DT_03,DT,4056.0,ARI
LAC_WR_01,WR,2028.0,PHI
SEA_TE_01,TE,2028.0,PHI
LAR_QB_02,QB,2028.0,LAR
NO_RB_02,RB,2028.0,CIN
DET_EDGE_05,EDGE,2028.0,DET
DET_CB_05,CB,2028.0,DET
P100461_WR,WR,2028.0,BAL
DAL_QB_02,QB,4056.0,NYJ
P100035_RB,RB,4056.0,NYJ
CIN_RB_02,RB,4056.0,NYJ
NYJ_WR_02,WR,4056.0,NYJ
NYJ_WR_03,WR,4056.0,NYJ
JAX_WR_03,WR,4056.0,NYJ
ARI_WR_01,WR,4056.0,NYJ
DEN_TE_01,TE,4056.0,NYJ
NE_TE_01,TE,4056.0,NYJ
HOU_OT_01,OT,4056.0,NYJ
NYJ_OT_02,OT,4056.0,NYJ
BAL_OG_02,OG,4056.0,NYJ
NYJ_OG_01,OG,4056.0,NYJ
P100300_C,C,4056.0,NYJ
DET_EDGE_01,EDGE,4056.0,NYJ
JAX_EDGE_01,EDGE,4056.0,NYJ
NYJ_EDGE_05,EDGE,4056.0,NYJ
TEN_EDGE_05,EDGE,4056.0,NYJ
WAS_DT_01,DT,4056.0,NYJ
BUF_DT_05,DT,4056.0,NYJ
NYJ_DT_05,DT,4056.0,NYJ
NYG_LB_02,LB,4056.0,NYJ
NYJ_LB_02,LB,4056.0,NYJ
CAR_LB_04,LB,4056.0,NYJ
JAX_CB_03,CB,4056.0,NYJ
NYJ_CB_02,CB,4056.0,NYJ
CLE_CB_03,CB,4056.0,NYJ
NYJ_S_02,S,4056.0,NYJ
PHI_S_01,S,4056.0,NYJ
CAR_S_01,S,4056.0,NYJ
PHI_K_01,K,4056.0,NYJ
SEA_P_01,P,4056.0,NYJ
LV_QB_01,QB,2028.0,LV
ARI_RB_02,RB,2028.0,LV
SF_RB_04,RB,2028.0,LV
LV_WR_01,WR,2028.0,LV
BAL_WR_02,WR,2028.0,LV
SEA_WR_03,WR,2028.0,LV
LAR_WR_08,WR,2028.0,LV
P100219_TE,TE,2028.0,LV
LV_OT_02,OT,2028.0,LV
LV_OT_04,OT,2028.0,LV
LV_OG_01,OG,2028.0,LV
DET_OG_03,OG,2028.0,LV
LV_C_02,C,2028.0,LV
LV_EDGE_04,EDGE,2028.0,LV
SF_EDGE_01,EDGE,2028.0,LV
KC_EDGE_04,EDGE,2028.0,LV
P100574_EDGE,EDGE,2028.0,LV
LV_DT_01,DT,2028.0,LV
LAR_DT_05,DT,2028.0,LV
LV_DT_03,DT,2028.0,LV
PIT_LB_01,LB,2028.0,LV
P100333_LB,LB,2028.0,LV
BUF_LB_04,LB,2028.0,LV
LV_CB_03,CB,2028.0,LV
PHI_CB_01,CB,2028.0,LV
P100282_CB,CB,2028.0,LV
LV_CB_04,CB,2028.0,LV
BAL_S_04,S,2028.0,LV
BUF_S_03,S,2028.0,LV
LAC_S_04,S,2028.0,LV
LV_K_01,K,2028.0,LV
CAR_P_01,P,2028.0,LV
CAR_QB_01,QB,6084.0,CLE
CLE_RB_03,RB,6084.0,CLE
CLE_WR_02,WR,6084.0,CLE
CLE_WR_06,WR,6084.0,CLE
JAX_WR_02,WR,6084.0,CLE
P100365_WR,WR,6084.0,CLE
CLE_TE_02,TE,6084.0,CLE
MIN_TE_02,TE,6084.0,CLE
TEN_OT_01,OT,6084.0,CLE
CLE_OT_02,OT,6084.0,CLE
CLE_OG_02,OG,6084.0,CLE
NYJ_C_01,C,6084.0,CLE
CLE_EDGE_01,EDGE,6084.0,CLE
TB_EDGE_02,EDGE,6084.0,CLE
P100018_EDGE,EDGE,6084.0,CLE
P100146_EDGE,EDGE,6084.0,CLE
BAL_DT_02,DT,6084.0,CLE
P100324_DT,DT,6084.0,CLE
CLE_DT_02,DT,6084.0,CLE
NO_LB_01,LB,6084.0,CLE
CIN_LB_02,LB,6084.0,CLE
KC_LB_02,LB,6084.0,CLE
DAL_CB_05,CB,6084.0,CLE
DET_CB_04,CB,6084.0,CLE
TEN_CB_01,CB,6084.0,CLE
NE_CB_02,CB,6084.0,CLE
TB_S_02,S,6084.0,CLE
NYG_S_01,S,6084.0,CLE
P100462_S,S,6084.0,CLE
TEN_P_01,P,6084.0,CLE
P100074_QB,QB,2028.0,MIA
PHI_RB_03,RB,2028.0,MIA
PIT_WR_03,WR,2028.0,MIA
IND_WR_03,WR,2028.0,MIA
CAR_WR_02,WR,2028.0,MIA
TB_WR_02,WR,2028.0,MIA
MIA_TE_02,TE,2028.0,MIA
WAS_TE_01,TE,2028.0,MIA
PIT_OT_01,OT,2028.0,MIA
KC_OT_01,OT,2028.0,MIA
MIN_C_01,C,2028.0,MIA
PIT_EDGE_02,EDGE,2028.0,MIA
KC_EDGE_05,EDGE,2028.0,MIA
NO_EDGE_03,EDGE,2028.0,MIA
PHI_EDGE_03,EDGE,2028.0,MIA
KC_DT_01,DT,2028.0,MIA
BUF_DT_02,DT,2028.0,MIA
CAR_LB_02,LB,2028.0,MIA
FA_LB_118,LB,2028.0,MIA
TEN_LB_03,LB,2028.0,MIA
ATL_CB_02,CB,2028.0,MIA
NYG_CB_03,CB,2028.0,MIA
MIA_CB_04,CB,2028.0,MIA
P100363_S,S,2028.0,MIA
CHI_S_04,S,2028.0,MIA
ATL_S_05,S,2028.0,MIA
CHI_K_01,K,2028.0,MIA
MIA_P_01,P,2028.0,MIA
DEN_QB_01,QB,4056.0,DEN
NYG_RB_01,RB,4056.0,DEN
DEN_RB_03,RB,4056.0,DEN
DEN_WR_01,WR,4056.0,DEN
ATL_WR_03,WR,4056.0,DEN
DEN_WR_02,WR,4056.0,DEN
CAR_WR_05,WR,4056.0,DEN
CIN_TE_03,TE,4056.0,DEN
GB_OT_01,OT,4056.0,DEN
DEN_OT_04,OT,4056.0,DEN
SF_OG_01,OG,4056.0,DEN
P100541_OG,OG,4056.0,DEN
LV_C_01,C,4056.0,DEN
BAL_EDGE_02,EDGE,4056.0,DEN
GB_EDGE_03,EDGE,4056.0,DEN
P100114_EDGE,EDGE,4056.0,DEN
DEN_EDGE_05,EDGE,4056.0,DEN
DEN_DT_02,DT,4056.0,DEN
SF_DT_02,DT,4056.0,DEN
MIN_DT_04,DT,4056.0,DEN
LV_LB_01,LB,4056.0,DEN
DEN_LB_03,LB,4056.0,DEN
P100224_LB,LB,4056.0,DEN
DEN_CB_03,CB,4056.0,DEN
KC_CB_06,CB,4056.0,DEN
PHI_S_02,S,4056.0,DEN
CAR_S_03,S,4056.0,DEN
IND_S_01,S,4056.0,DEN
P100081_P,P,4056.0,DEN
CIN_QB_01,QB,2028.0,PIT
PIT_RB_01,RB,2028.0,PIT
PIT_WR_06,WR,2028.0,PIT
ATL_WR_05,WR,2028.0,PIT
ATL_WR_04,WR,2028.0,PIT
PIT_WR_05,WR,2028.0,PIT
LV_OT_01,OT,2028.0,PIT
CIN_OT_01,OT,2028.0,PIT
PIT_OG_01,OG,2028.0,PIT
ARI_OG_01,OG,2028.0,PIT
PIT_C_01,C,2028.0,PIT
CLE_EDGE_02,EDGE,2028.0,PIT
PIT_EDGE_05,EDGE,2028.0,PIT
CIN_EDGE_02,EDGE,2028.0,PIT
BUF_EDGE_05,EDGE,2028.0,PIT
DET_DT_04,DT,2028.0,PIT
P100135_DT,DT,2028.0,PIT
PIT_LB_04,LB,2028.0,PIT
SEA_LB_01,LB,2028.0,PIT
MIN_LB_03,LB,2028.0,PIT
PIT_CB_03,CB,2028.0,PIT
PIT_CB_02,CB,2028.0,PIT
PIT_CB_05,CB,2028.0,PIT
DET_CB_07,CB,2028.0,PIT
P100347_S,S,2028.0,PIT
P100428_S,S,2028.0,PIT
P100310_S,S,2028.0,PIT
GB_K_01,K,2028.0,PIT
CLE_P_01,P,2028.0,PIT
IND_QB_01,QB,6084.0,IND
NYG_RB_03,RB,6084.0,IND
IND_RB_02,RB,6084.0,IND
TB_RB_01,RB,6084.0,IND
IND_WR_02,WR,6084.0,IND
IND_WR_01,WR,6084.0,IND
ARI_WR_02,WR,6084.0,IND
NO_WR_05,WR,6084.0,IND
NYJ_TE_01,TE,6084.0,IND
SEA_TE_02,TE,6084.0,IND
MIN_OT_02,OT,6084.0,IND
SEA_OT_02,OT,6084.0,IND
GB_OG_01,OG,6084.0,IND
IND_C_01,C,6084.0,IND
IND_EDGE_02,EDGE,6084.0,IND
IND_EDGE_01,EDGE,6084.0,IND
P100591_EDGE,EDGE,6084.0,IND
CLE_DT_04,DT,6084.0,IND
LV_DT_02,DT,6084.0,IND
IND_DT_05,DT,6084.0,IND
GB_LB_03,LB,6084.0,IND
IND_LB_02,LB,6084.0,IND
MIN_LB_04,LB,6084.0,IND
IND_CB_01,CB,6084.0,IND
IND_CB_02,CB,6084.0,IND
GB_CB_06,CB,6084.0,IND
TEN_CB_06,CB,6084.0,IND
P100491_S,S,6084.0,IND
P100465_S,S,6084.0,IND
NO_K_01,K,6084.0,IND
IND_P_01,P,6084.0,IND
DET_QB_01,QB,2028.0,TB
PIT_RB_03,RB,2028.0,TB
ATL_RB_01,RB,2028.0,TB
HOU_WR_01,WR,2028.0,TB
TB_WR_03,WR,2028.0,TB
MIA_WR_03,WR,2028.0,TB
CAR_WR_08,WR,2028.0,TB
TB_TE_01,TE,2028.0,TB
DEN_TE_02,TE,2028.0,TB
TB_OT_02,OT,2028.0,TB
ARI_OT_02,OT,2028.0,TB
DAL_OG_01,OG,2028.0,TB
KC_OG_02,OG,2028.0,TB
NYG_C_01,C,2028.0,TB
NYJ_EDGE_01,EDGE,2028.0,TB
P100095_EDGE,EDGE,2028.0,TB
TB_EDGE_05,EDGE,2028.0,TB
NO_DT_01,DT,2028.0,TB
SF_DT_03,DT,2028.0,TB
CAR_DT_04,DT,2028.0,TB
TB_LB_02,LB,2028.0,TB
TB_LB_05,LB,2028.0,TB
LAR_LB_04,LB,2028.0,TB
TB_CB_03,CB,2028.0,TB
LV_CB_01,CB,2028.0,TB
TB_CB_01,CB,2028.0,TB
ATL_CB_04,CB,2028.0,TB
LV_S_01,S,2028.0,TB
GB_S_04,S,2028.0,TB
WAS_S_04,S,2028.0,TB
JAX_K_01,K,2028.0,TB
TB_P_01,P,2028.0,TB
CHI_QB_01,QB,8112.0,DET
DET_RB_02,RB,8112.0,DET
P100523_RB,RB,8112.0,DET
DET_WR_03,WR,8112.0,DET
DET_WR_01,WR,8112.0,DET
KC_WR_01,WR,8112.0,DET
P100376_WR,WR,8112.0,DET
DET_TE_01,TE,8112.0,DET
DET_TE_02,TE,8112.0,DET
DET_OT_02,OT,8112.0,DET
TB_OT_01,OT,8112.0,DET
DEN_OG_02,OG,8112.0,DET
P100229_OG,OG,8112.0,DET
TEN_C_01,C,8112.0,DET
ARI_EDGE_02,EDGE,8112.0,DET
SF_EDGE_03,EDGE,8112.0,DET
ARI_EDGE_03,EDGE,8112.0,DET
DET_EDGE_05,EDGE,8112.0,DET
TB_DT_02,DT,8112.0,DET
DET_DT_02,DT,8112.0,DET
IND_DT_01,DT,8112.0,DET
DET_LB_01,LB,8112.0,DET
DET_LB_02,LB,8112.0,DET
BAL_LB_01,LB,8112.0,DET
DET_CB_05,CB,8112.0,DET
DET_CB_06,CB,8112.0,DET
ARI_CB_04,CB,8112.0,DET
DET_CB_08,CB,8112.0,DET
DET_S_04,S,8112.0,DET
ARI_S_02,S,8112.0,DET
DET_P_01,P,8112.0,DET
LAR_QB_02,QB,6084.0,LAR
CIN_RB_01,RB,6084.0,LAR
CIN_WR_02,WR,6084.0,LAR
SEA_WR_02,WR,6084.0,LAR
NYJ_WR_06,WR,6084.0,LAR
PHI_WR_01,WR,6084.0,LAR
LAR_TE_02,TE,6084.0,LAR
LAR_OT_01,OT,6084.0,LAR
WAS_OT_03,OT,6084.0,LAR
SEA_OG_05,OG,6084.0,LAR
IND_OG_02,OG,6084.0,LAR
LAR_C_01,C,6084.0,LAR
ATL_EDGE_04,EDGE,6084.0,LAR
CLE_EDGE_03,EDGE,6084.0,LAR
P100134_EDGE,EDGE,6084.0,LAR
P100594_EDGE,EDGE,6084.0,LAR
LAR_DT_02,DT,6084.0,LAR
MIN_DT_03,DT,6084.0,LAR
GB_DT_05,DT,6084.0,LAR
P100545_LB,LB,6084.0,LAR
P100519_LB,LB,6084.0,LAR
LAR_CB_02,CB,6084.0,LAR
GB_CB_02,CB,6084.0,LAR
HOU_CB_04,CB,6084.0,LAR
P100417_CB,CB,6084.0,LAR
DET_S_01,S,6084.0,LAR
LAR_S_04,S,6084.0,LAR
NE_S_02,S,6084.0,LAR
DAL_K_01,K,6084.0,LAR
DAL_P_01,P,6084.0,LAR
ATL_QB_01,QB,2028.0,ATL
DAL_RB_01,RB,2028.0,ATL
NO_RB_03,RB,2028.0,ATL
P100382_RB,RB,2028.0,ATL
ATL_WR_06,WR,2028.0,ATL
CLE_WR_04,WR,2028.0,ATL
NE_WR_06,WR,2028.0,ATL
P100218_WR,WR,2028.0,ATL
ATL_TE_01,TE,2028.0,ATL
ATL_TE_02,TE,2028.0,ATL
HOU_OT_02,OT,2028.0,ATL
PIT_OT_03,OT,2028.0,ATL
ATL_OG_01,OG,2028.0,ATL
ATL_OG_04,OG,2028.0,ATL
ATL_C_01,C,2028.0,ATL
NYJ_EDGE_06,EDGE,2028.0,ATL
ATL_EDGE_07,EDGE,2028.0,ATL
NE_EDGE_04,EDGE,2028.0,ATL
PIT_DT_02,DT,2028.0,ATL
ATL_DT_01,DT,2028.0,ATL
ATL_DT_05,DT,2028.0,ATL
MIN_LB_02,LB,2028.0,ATL
WAS_LB_01,LB,2028.0,ATL
ATL_LB_03,LB,2028.0,ATL
NYJ_CB_03,CB,2028.0,ATL
P100406_CB,CB,2028.0,ATL
KC_S_02,S,2028.0,ATL
HOU_S_01,S,2028.0,ATL
ATL_S_03,S,2028.0,ATL
CAR_K_01,K,2028.0,ATL
GB_P_01,P,2028.0,ATL
HOU_QB_01,QB,2028.0,DAL
KC_RB_03,RB,2028.0,DAL
DAL_WR_08,WR,2028.0,DAL
PIT_WR_08,WR,2028.0,DAL
DAL_WR_06,WR,2028.0,DAL
P100431_WR,WR,2028.0,DAL
BUF_TE_03,TE,2028.0,DAL
P100050_TE,TE,2028.0,DAL
DAL_OT_02,OT,2028.0,DAL
DAL_OT_04,OT,2028.0,DAL
CHI_OG_03,OG,2028.0,DAL
DET_C_01,C,2028.0,DAL
CAR_EDGE_02,EDGE,2028.0,DAL
DEN_EDGE_02,EDGE,2028.0,DAL
P100279_EDGE,EDGE,2028.0,DAL
DAL_EDGE_03,EDGE,2028.0,DAL
GB_DT_02,DT,2028.0,DAL
NYJ_DT_02,DT,2028.0,DAL
NYJ_DT_03,DT,2028.0,DAL
PHI_LB_02,LB,2028.0,DAL
P100489_LB,LB,2028.0,DAL
CLE_LB_01,LB,2028.0,DAL
DAL_CB_03,CB,2028.0,DAL
GB_CB_04,CB,2028.0,DAL
BAL_CB_01,CB,2028.0,DAL
ATL_CB_05,CB,2028.0,DAL
PIT_S_01,S,2028.0,DAL
GB_S_02,S,2028.0,DAL
P100210_S,S,2028.0,DAL
NE_K_01,K,2028.0,DAL
TB_P_02,P,2028.0,DAL
SF_QB_02,QB,4056.0,SF
SF_RB_03,RB,4056.0,SF
DAL_RB_03,RB,4056.0,SF
SF_WR_01,WR,4056.0,SF
SEA_WR_01,WR,4056.0,SF
NO_WR_01,WR,4056.0,SF
CHI_WR_07,WR,4056.0,SF
SF_TE_01,TE,4056.0,SF
TEN_TE_01,TE,4056.0,SF
SF_OT_01,OT,4056.0,SF
SF_OT_02,OT,4056.0,SF
SF_OG_02,OG,4056.0,SF
SF_OG_04,OG,4056.0,SF
SF_EDGE_02,EDGE,4056.0,SF
CIN_EDGE_04,EDGE,4056.0,SF
TEN_EDGE_04,EDGE,4056.0,SF
HOU_EDGE_02,EDGE,4056.0,SF
CHI_DT_02,DT,4056.0,SF
BAL_DT_01,DT,4056.0,SF
P100246_DT,DT,4056.0,SF
SF_LB_02,LB,4056.0,SF
DAL_LB_02,LB,4056.0,SF
TEN_LB_02,LB,4056.0,SF
SF_CB_03,CB,4056.0,SF
MIN_CB_05,CB,4056.0,SF
LAC_CB_04,CB,4056.0,SF
MIN_CB_04,CB,4056.0,SF
SF_S_02,S,4056.0,SF
DAL_S_02,S,4056.0,SF
DET_K_01,K,4056.0,SF
PIT_P_01,P,4056.0,SF
GB_QB_01,QB,2028.0,GB
SF_RB_01,RB,2028.0,GB
DET_WR_06,WR,2028.0,GB
P100331_WR,WR,2028.0,GB
GB_WR_04,WR,2028.0,GB
P100566_WR,WR,2028.0,GB
GB_TE_02,TE,2028.0,GB
P100547_TE,TE,2028.0,GB
DAL_OT_01,OT,2028.0,GB
P100507_OT,OT,2028.0,GB
DET_OG_02,OG,2028.0,GB
GB_C_02,C,2028.0,GB
GB_EDGE_01,EDGE,2028.0,GB
DEN_EDGE_03,EDGE,2028.0,GB
P100483_EDGE,EDGE,2028.0,GB
GB_DT_01,DT,2028.0,GB
GB_DT_04,DT,2028.0,GB
LAR_LB_01,LB,2028.0,GB
P100185_LB,LB,2028.0,GB
DET_CB_01,CB,2028.0,GB
P100131_CB,CB,2028.0,GB
P100180_CB,CB,2028.0,GB
DET_S_03,S,2028.0,GB
GB_S_01,S,2028.0,GB
HOU_K_01,K,2028.0,GB
ARI_P_01,P,2028.0,GB
FA_QB_022,QB,8116.0,NE
P100343_RB,RB,26377.0,NE
TEN_RB_04,RB,34493.0,NE
NE_WR_02,WR,34493.0,NE
LAC_WR_01,WR,18261.0,NE
LAR_WR_02,WR,34493.0,NE
P100255_WR,WR,34493.0,NE
NO_TE_02,TE,34493.0,NE
P100274_TE,TE,34493.0,NE
NE_OT_03,OT,34493.0,NE
NE_OT_02,OT,34493.0,NE
NE_OG_01,OG,26377.0,NE
IND_OG_03,OG,34493.0,NE
P100586_EDGE,EDGE,34493.0,NE
P100804_EDGE,EDGE,32464.0,NE
ATL_EDGE_03,EDGE,34493.0,NE
ARI_DT_04,DT,34493.0,NE
P100420_DT,DT,32464.0,NE
P100540_DT,DT,30435.0,NE
NE_LB_04,LB,10145.0,NE
IND_LB_05,LB,28406.0,NE
GB_CB_01,CB,34493.0,NE
BAL_CB_02,CB,30435.0,NE
IND_CB_06,CB,34493.0,NE
P100583_CB,CB,24348.0,NE
P100788_S,S,22319.0,NE
P100694_S,S,34493.0,NE
P100880_S,S,14203.0,NE
LAC_K_01,K,26377.0,NE
NO_P_01,P,34493.0,NE
P100074_QB,QB,24348.0,MIA
PHI_RB_03,RB,26377.0,MIA
PIT_WR_03,WR,34493.0,MIA
IND_WR_03,WR,34493.0,MIA
TB_WR_02,WR,30435.0,MIA
MIA_WR_02,WR,30435.0,MIA
MIA_TE_02,TE,34493.0,MIA
WAS_TE_01,TE,34493.0,MIA
PIT_OT_01,OT,34493.0,MIA
P100684_OT,OT,34493.0,MIA
CLE_OG_03,OG,34493.0,MIA
LV_OG_04,OG,2029.0,MIA
CAR_C_03,C,4058.0,MIA
SF_EDGE_02,EDGE,22319.0,MIA
PIT_EDGE_02,EDGE,34493.0,MIA
KC_EDGE_05,EDGE,34493.0,MIA
NO_EDGE_03,EDGE,34493.0,MIA
BUF_DT_02,DT,34493.0,MIA
PIT_DT_04,DT,32464.0,MIA
SF_DT_05,DT,34493.0,MIA
CAR_LB_02,LB,32464.0,MIA
FA_LB_118,LB,34493.0,MIA
TEN_LB_03,LB,34493.0,MIA
ATL_CB_02,CB,20290.0,MIA
WAS_CB_02,CB,30435.0,MIA
NYJ_CB_03,CB,34493.0,MIA
SEA_CB_03,CB,26377.0,MIA
P100363_S,S,34493.0,MIA
ATL_S_05,S,34493.0,MIA
CHI_K_01,K,34493.0,MIA
CIN_P_01,P,34493.0,MIA
TB_QB_01,QB,6087.0,CLE
WAS_RB_01,RB,34493.0,CLE
CLE_WR_02,WR,34493.0,CLE
CLE_WR_06,WR,34493.0,CLE
JAX_WR_02,WR,32464.0,CLE
P100365_WR,WR,34493.0,CLE
CLE_TE_02,TE,34493.0,CLE
P100701_TE,TE,34493.0,CLE
TEN_OT_01,OT,34493.0,CLE
CLE_OT_02,OT,34493.0,CLE
CLE_OG_02,OG,30435.0,CLE
NO_OG_03,OG,22319.0,CLE
NYJ_C_01,C,34493.0,CLE
CLE_EDGE_01,EDGE,34493.0,CLE
TB_EDGE_02,EDGE,34493.0,CLE
P100018_EDGE,EDGE,34493.0,CLE
P100146_EDGE,EDGE,26377.0,CLE
BAL_DT_02,DT,32464.0,CLE
P100324_DT,DT,22319.0,CLE
LAC_DT_02,DT,34493.0,CLE
CIN_LB_02,LB,2029.0,CLE
CLE_LB_02,LB,28406.0,CLE
NYJ_LB_02,LB,34493.0,CLE
DAL_CB_05,CB,32464.0,CLE
P100700_CB,CB,34493.0,CLE
DET_CB_04,CB,34493.0,CLE
TEN_CB_07,CB,34493.0,CLE
NYG_S_01,S,34493.0,CLE
P100462_S,S,26377.0,CLE
P100142_S,S,34493.0,CLE
CIN_QB_01,QB,22319.0,PIT
DAL_RB_03,RB,34493.0,PIT
P100854_RB,RB,34493.0,PIT
ATL_WR_04,WR,30435.0,PIT
ATL_WR_05,WR,34493.0,PIT
PIT_WR_05,WR,34493.0,PIT
KC_WR_09,WR,6087.0,PIT
LAC_TE_01,TE,18261.0,PIT
LV_OT_01,OT,34493.0,PIT
KC_OT_01,OT,32464.0,PIT
PIT_OG_01,OG,34493.0,PIT
ARI_OG_01,OG,34493.0,PIT
PIT_C_01,C,34493.0,PIT
NE_EDGE_02,EDGE,30435.0,PIT
TEN_EDGE_03,EDGE,34493.0,PIT
CAR_EDGE_09,EDGE,20290.0,PIT
P100851_DT,DT,34493.0,PIT
DET_DT_04,DT,34493.0,PIT
PIT_LB_04,LB,34493.0,PIT
MIN_LB_03,LB,32464.0,PIT
P100456_LB,LB,2029.0,PIT
LV_CB_03,CB,34493.0,PIT
PIT_CB_03,CB,20290.0,PIT
PIT_CB_02,CB,34493.0,PIT
DET_CB_07,CB,22319.0,PIT
P100347_S,S,34493.0,PIT
P100428_S,S,34493.0,PIT
P100310_S,S,34493.0,PIT
GB_K_01,K,24348.0,PIT
CLE_P_01,P,24348.0,PIT
P100234_QB,QB,34493.0,IND
NYG_RB_03,RB,34493.0,IND
IND_WR_01,WR,30435.0,IND
ARI_WR_02,WR,20290.0,IND
NO_WR_05,WR,34493.0,IND
HOU_WR_04,WR,34493.0,IND
NYJ_TE_01,TE,34493.0,IND
SEA_TE_02,TE,22319.0,IND
MIN_OT_02,OT,34493.0,IND
PHI_OG_01,OG,34493.0,IND
DET_OG_02,OG,26377.0,IND
IND_C_01,C,34493.0,IND
IND_EDGE_01,EDGE,22319.0,IND
IND_EDGE_02,EDGE,34493.0,IND
DET_EDGE_01,EDGE,32464.0,IND
NO_EDGE_06,EDGE,34493.0,IND
PHI_DT_01,DT,34493.0,IND
CLE_DT_04,DT,26377.0,IND
CIN_DT_02,DT,34493.0,IND
PHI_LB_04,LB,34493.0,IND
GB_LB_03,LB,34493.0,IND
IND_LB_02,LB,4058.0,IND
IND_CB_01,CB,34493.0,IND
PIT_CB_01,CB,34493.0,IND
IND_CB_02,CB,34493.0,IND
IND_CB_03,CB,34493.0,IND
CAR_S_02,S,34493.0,IND
MIA_S_02,S,34493.0,IND
P100491_S,S,18261.0,IND
ARI_K_01,K,34493.0,IND
IND_P_01,P,20290.0,IND
SF_QB_01,QB,30435.0,TEN
IND_RB_02,RB,26377.0,TEN
ATL_WR_02,WR,34493.0,TEN
TEN_WR_03,WR,34493.0,TEN
DAL_WR_03,WR,30435.0,TEN
TEN_WR_02,WR,34493.0,TEN
TEN_TE_03,TE,34493.0,TEN
CAR_OT_02,OT,34493.0,TEN
CLE_OT_01,OT,28406.0,TEN
BAL_OG_02,OG,34493.0,TEN
CAR_OG_04,OG,34493.0,TEN
P100005_C,C,34493.0,TEN
NO_EDGE_02,EDGE,34493.0,TEN
LAC_EDGE_01,EDGE,34493.0,TEN
CHI_EDGE_02,EDGE,20290.0,TEN
P100375_EDGE,EDGE,16232.0,TEN
TEN_DT_01,DT,32464.0,TEN
TEN_DT_04,DT,32464.0,TEN
ATL_DT_05,DT,8116.0,TEN
TEN_LB_01,LB,32464.0,TEN
DET_LB_04,LB,34493.0,TEN
TEN_LB_04,LB,34493.0,TEN
CLE_CB_02,CB,34493.0,TEN
LAR_CB_08,CB,34493.0,TEN
PIT_CB_04,CB,34493.0,TEN
TEN_CB_04,CB,34493.0,TEN
TEN_S_01,S,26377.0,TEN
FA_S_181,S,10145.0,TEN
CLE_S_03,S,34493.0,TEN
MIN_K_01,K,28406.0,TEN
PIT_P_01,P,34493.0,TEN
P100809_QB,QB,32464.0,LAC
MIA_RB_04,RB,28406.0,LAC
P100430_RB,RB,34493.0,LAC
HOU_RB_02,RB,26377.0,LAC
SF_WR_02,WR,34493.0,LAC
ARI_WR_03,WR,32464.0,LAC
LAC_WR_03,WR,22319.0,LAC
BUF_WR_06,WR,16232.0,LAC
KC_TE_04,TE,34493.0,LAC
MIN_TE_02,TE,34493.0,LAC
DEN_OT_02,OT,34493.0,LAC
P100581_OT,OT,34493.0,LAC
P100853_OG,OG,24348.0,LAC
LAC_OG_03,OG,34493.0,LAC
GB_C_01,C,34493.0,LAC
P100221_EDGE,EDGE,28406.0,LAC
P100009_EDGE,EDGE,34493.0,LAC
P100452_EDGE,EDGE,34493.0,LAC
SEA_DT_02,DT,30435.0,LAC
JAX_DT_04,DT,28406.0,LAC
DET_DT_03,DT,34493.0,LAC
SF_LB_05,LB,32464.0,LAC
P100710_LB,LB,34493.0,LAC
P100422_CB,CB,34493.0,LAC
LAC_CB_02,CB,30435.0,LAC
P100075_S,S,26377.0,LAC
LAC_S_02,S,34493.0,LAC
P100158_S,S,34493.0,LAC
TEN_K_01,K,30435.0,LAC
LAC_P_01,P,34493.0,LAC
DEN_QB_01,QB,26377.0,DEN
P100857_RB,RB,24348.0,DEN
DEN_WR_01,WR,28406.0,DEN
CAR_WR_05,WR,6087.0,DEN
CAR_WR_06,WR,34493.0,DEN
PIT_WR_07,WR,34493.0,DEN
SF_TE_01,TE,34493.0,DEN
P100730_TE,TE,34493.0,DEN
GB_OT_01,OT,34493.0,DEN
TEN_OT_04,OT,2029.0,DEN
SF_OG_01,OG,32464.0,DEN
P100541_OG,OG,4058.0,DEN
LV_C_01,C,34493.0,DEN
BAL_EDGE_02,EDGE,34493.0,DEN
GB_EDGE_03,EDGE,34493.0,DEN
LV_EDGE_01,EDGE,30435.0,DEN
P100114_EDGE,EDGE,34493.0,DEN
DEN_DT_02,DT,34493.0,DEN
SF_DT_02,DT,34493.0,DEN
P100826_DT,DT,34493.0,DEN
LV_LB_01,LB,32464.0,DEN
TB_LB_01,LB,32464.0,DEN
P100224_LB,LB,6087.0,DEN
DEN_CB_03,CB,26377.0,DEN
NO_CB_02,CB,34493.0,DEN
BAL_CB_01,CB,26377.0,DEN
NYG_CB_01,CB,18261.0,DEN
PHI_S_02,S,34493.0,DEN
BUF_S_02,S,34493.0,DEN
P100501_S,S,4058.0,DEN
P100081_P,P,34493.0,DEN
GB_QB_01,QB,24348.0,GB
P100831_RB,RB,22319.0,GB
P100790_RB,RB,34493.0,GB
NYJ_WR_02,WR,22319.0,GB
LV_WR_01,WR,30435.0,GB
P100331_WR,WR,34493.0,GB
P100566_WR,WR,32464.0,GB
CAR_TE_01,TE,32464.0,GB
P100547_TE,TE,34493.0,GB
P100507_OT,OT,28406.0,GB
P100571_OT,OT,4058.0,GB
ARI_OG_05,OG,22319.0,GB
GB_C_02,C,34493.0,GB
P100882_EDGE,EDGE,28406.0,GB
P100797_EDGE,EDGE,34493.0,GB
P100483_EDGE,EDGE,28406.0,GB
P100869_EDGE,EDGE,34493.0,GB
GB_DT_01,DT,26377.0,GB
GB_DT_04,DT,32464.0,GB
LAR_LB_01,LB,30435.0,GB
NYJ_LB_01,LB,32464.0,GB
P100185_LB,LB,32464.0,GB
DET_CB_01,CB,34493.0,GB
P100131_CB,CB,34493.0,GB
NYJ_CB_01,CB,26377.0,GB
P100180_CB,CB,34493.0,GB
DET_S_03,S,34493.0,GB
HOU_S_04,S,34493.0,GB
MIN_S_05,S,34493.0,GB
P100306_K,K,34493.0,GB
BAL_P_01,P,22319.0,GB
KC_QB_02,QB,22319.0,CHI
NE_RB_01,RB,34493.0,CHI
P100322_WR,WR,34493.0,CHI
P100386_WR,WR,24348.0,CHI
CHI_WR_06,WR,18261.0,CHI
CHI_TE_01,TE,26377.0,CHI
CHI_OT_02,OT,34493.0,CHI
CAR_OT_03,OT,4058.0,CHI
CAR_OG_02,OG,16232.0,CHI
TB_C_02,C,34493.0,CHI
LAR_EDGE_01,EDGE,28406.0,CHI
CHI_EDGE_03,EDGE,34493.0,CHI
ATL_EDGE_05,EDGE,18261.0,CHI
NE_DT_01,DT,34493.0,CHI
P100900_DT,DT,34493.0,CHI
PHI_DT_05,DT,34493.0,CHI
P100783_LB,LB,34493.0,CHI
WAS_LB_02,LB,28406.0,CHI
ATL_LB_04,LB,34493.0,CHI
P100291_CB,CB,34493.0,CHI
CHI_CB_01,CB,34493.0,CHI
DEN_CB_08,CB,34493.0,CHI
CHI_CB_04,CB,34493.0,CHI
CHI_S_01,S,34493.0,CHI
GB_S_03,S,34493.0,CHI
PIT_K_01,K,34493.0,CHI
CHI_P_01,P,24348.0,CHI
DAL_QB_02,QB,34493.0,NYJ
P100035_RB,RB,34493.0,NYJ
CIN_RB_02,RB,34493.0,NYJ
NYJ_WR_03,WR,34493.0,NYJ
ARI_WR_01,WR,34493.0,NYJ
P100377_WR,WR,22319.0,NYJ
DEN_TE_01,TE,34493.0,NYJ
NE_TE_01,TE,34493.0,NYJ
HOU_OT_01,OT,34493.0,NYJ
NYJ_OT_02,OT,24348.0,NYJ
NYJ_OG_01,OG,34493.0,NYJ
HOU_OG_01,OG,32464.0,NYJ
P100300_C,C,34493.0,NYJ
JAX_EDGE_01,EDGE,34493.0,NYJ
NYJ_EDGE_05,EDGE,34493.0,NYJ
TEN_EDGE_05,EDGE,18261.0,NYJ
P100780_EDGE,EDGE,4058.0,NYJ
CHI_DT_03,DT,34493.0,NYJ
WAS_DT_01,DT,34493.0,NYJ
TB_DT_03,DT,34493.0,NYJ
NO_LB_01,LB,34493.0,NYJ
NYG_LB_02,LB,18261.0,NYJ
P100884_LB,LB,34493.0,NYJ
JAX_CB_03,CB,34493.0,NYJ
NYJ_CB_02,CB,34493.0,NYJ
CLE_CB_03,CB,34493.0,NYJ
PHI_CB_01,CB,28406.0,NYJ
CAR_S_03,S,34493.0,NYJ
PHI_S_01,S,34493.0,NYJ
LAR_S_01,S,2029.0,NYJ
PHI_K_01,K,34493.0,NYJ
SEA_P_01,P,34493.0,NYJ
LAR_QB_01,QB,34493.0,LAR
CIN_RB_01,RB,34493.0,LAR
IND_WR_02,WR,34493.0,LAR
SEA_WR_02,WR,34493.0,LAR
NYJ_WR_06,WR,26377.0,LAR
MIN_WR_03,WR,32464.0,LAR
LAR_TE_02,TE,34493.0,LAR
LAR_OT_01,OT,34493.0,LAR
NYG_OT_03,OT,8116.0,LAR
SEA_OG_05,OG,34493.0,LAR
IND_OG_02,OG,30435.0,LAR
DEN_C_03,C,6087.0,LAR
SEA_EDGE_02,EDGE,34493.0,LAR
CLE_EDGE_03,EDGE,26377.0,LAR
ATL_EDGE_07,EDGE,34493.0,LAR
P100134_EDGE,EDGE,34493.0,LAR
LAR_DT_02,DT,34493.0,LAR
MIN_DT_03,DT,32464.0,LAR
GB_DT_05,DT,30435.0,LAR
P100545_LB,LB,34493.0,LAR
P100696_LB,LB,34493.0,LAR
P100519_LB,LB,34493.0,LAR
LAR_CB_02,CB,34493.0,LAR
JAX_CB_05,CB,26377.0,LAR
P100417_CB,CB,34493.0,LAR
LAC_CB_08,CB,34493.0,LAR
DET_S_01,S,34493.0,LAR
LAR_S_04,S,24348.0,LAR
P100676_S,S,28406.0,LAR
DAL_K_01,K,26377.0,LAR
DAL_P_01,P,32464.0,LAR
DET_QB_01,QB,34493.0,TB
PIT_RB_03,RB,34493.0,TB
BUF_RB_04,RB,34493.0,TB
MIN_RB_02,RB,30435.0,TB
HOU_WR_01,WR,24348.0,TB
CAR_WR_08,WR,34493.0,TB
TB_WR_03,WR,34493.0,TB
MIA_WR_03,WR,34493.0,TB
P100868_TE,TE,34493.0,TB
P100634_TE,TE,34493.0,TB
TB_OT_02,OT,34493.0,TB
ARI_OT_02,OT,20290.0,TB
MIN_OG_02,OG,34493.0,TB
TB_OG_03,OG,6087.0,TB
NYG_C_01,C,34493.0,TB
NYJ_EDGE_01,EDGE,34493.0,TB
MIA_EDGE_01,EDGE,34493.0,TB
TEN_EDGE_02,EDGE,24348.0,TB
P100095_EDGE,EDGE,34493.0,TB
NO_DT_01,DT,34493.0,TB
ATL_DT_04,DT,30435.0,TB
CAR_DT_04,DT,6087.0,TB
TB_LB_02,LB,34493.0,TB
TB_LB_05,LB,32464.0,TB
LAR_LB_04,LB,32464.0,TB
LV_CB_01,CB,22319.0,TB
TB_CB_05,CB,34493.0,TB
SF_CB_04,CB,32464.0,TB
NE_CB_06,CB,26377.0,TB
LV_S_01,S,34493.0,TB
GB_S_04,S,20290.0,TB
WAS_S_04,S,34493.0,TB
JAX_K_01,K,34493.0,TB
TB_P_01,P,34493.0,TB
HOU_QB_01,QB,24348.0,DAL
KC_RB_03,RB,34493.0,DAL
TB_RB_02,RB,34493.0,DAL
DAL_WR_08,WR,34493.0,DAL
PIT_WR_08,WR,4058.0,DAL
P100431_WR,WR,20290.0,DAL
P100050_TE,TE,28406.0,DAL
DAL_OT_02,OT,34493.0,DAL
P100682_OT,OT,26377.0,DAL
CHI_OG_03,OG,32464.0,DAL
DET_C_01,C,30435.0,DAL
CAR_EDGE_02,EDGE,34493.0,DAL
P100279_EDGE,EDGE,22319.0,DAL
DEN_EDGE_02,EDGE,30435.0,DAL
DAL_EDGE_03,EDGE,34493.0,DAL
GB_DT_02,DT,26377.0,DAL
NYJ_DT_02,DT,34493.0,DAL
NYJ_DT_03,DT,34493.0,DAL
PHI_LB_02,LB,34493.0,DAL
P100489_LB,LB,34493.0,DAL
CLE_LB_01,LB,34493.0,DAL
GB_CB_04,CB,26377.0,DAL
DAL_CB_08,CB,34493.0,DAL
ATL_CB_05,CB,34493.0,DAL
P100550_CB,CB,34493.0,DAL
GB_S_02,S,34493.0,DAL
P100210_S,S,34493.0,DAL
P100859_S,S,16232.0,DAL
NE_K_01,K,16232.0,DAL
TB_P_02,P,34493.0,DAL
JAX_QB_01,QB,34493.0,JAX
LAR_RB_04,RB,34493.0,JAX
P100139_RB,RB,34493.0,JAX
CAR_WR_01,WR,34493.0,JAX
P100512_WR,WR,26377.0,JAX
JAX_WR_01,WR,34493.0,JAX
P100140_WR,WR,34493.0,JAX
JAX_TE_02,TE,34493.0,JAX
LAC_TE_02,TE,34493.0,JAX
JAX_OT_02,OT,26377.0,JAX
IND_OT_02,OT,34493.0,JAX
DET_OG_04,OG,32464.0,JAX
P100841_OG,OG,34493.0,JAX
P100321_C,C,34493.0,JAX
P100011_EDGE,EDGE,26377.0,JAX
PIT_EDGE_04,EDGE,34493.0,JAX
JAX_DT_01,DT,34493.0,JAX
JAX_DT_05,DT,34493.0,JAX
P100799_DT,DT,34493.0,JAX
P100612_LB,LB,30435.0,JAX
P100669_LB,LB,34493.0,JAX
JAX_CB_02,CB,32464.0,JAX
P100887_CB,CB,34493.0,JAX
P100008_CB,CB,34493.0,JAX
P100073_CB,CB,34493.0,JAX
CLE_S_01,S,34493.0,JAX
LV_S_04,S,28406.0,JAX
ARI_S_05,S,28406.0,JAX
IND_K_01,K,34493.0,JAX
HOU_P_02,P,2029.0,JAX
PIT_QB_01,QB,30435.0,CAR
CAR_RB_01,RB,34493.0,CAR
P100856_RB,RB,34493.0,CAR
PHI_WR_03,WR,34493.0,CAR
CAR_WR_03,WR,28406.0,CAR
P100864_WR,WR,34493.0,CAR
P100327_WR,WR,34493.0,CAR
MIA_TE_01,TE,34493.0,CAR
CAR_OT_01,OT,28406.0,CAR
NYJ_OT_01,OT,22319.0,CAR
WAS_OG_02,OG,34493.0,CAR
P100013_OG,OG,28406.0,CAR
LAC_C_01,C,34493.0,CAR
KC_EDGE_01,EDGE,34493.0,CAR
CAR_EDGE_03,EDGE,28406.0,CAR
P100231_EDGE,EDGE,32464.0,CAR
P100326_EDGE,EDGE,28406.0,CAR
CAR_DT_01,DT,32464.0,CAR
P100482_DT,DT,34493.0,CAR
P100369_DT,DT,32464.0,CAR
NE_LB_01,LB,34493.0,CAR
GB_LB_02,LB,34493.0,CAR
P100176_LB,LB,28406.0,CAR
SF_CB_03,CB,30435.0,CAR
DAL_CB_03,CB,28406.0,CAR
TB_CB_03,CB,34493.0,CAR
P100786_CB,CB,18261.0,CAR
P100283_S,S,34493.0,CAR
NE_S_07,S,34493.0,CAR
LAR_K_01,K,34493.0,CAR
NYJ_P_01,P,34493.0,CAR
CHI_QB_01,QB,34493.0,DET
P100695_RB,RB,34493.0,DET
P100523_RB,RB,34493.0,DET
DET_WR_03,WR,34493.0,DET
DET_WR_01,WR,34493.0,DET
KC_WR_01,WR,16232.0,DET
P100805_WR,WR,30435.0,DET
DET_TE_01,TE,34493.0,DET
DET_TE_02,TE,34493.0,DET
DET_OT_02,OT,34493.0,DET
CIN_OT_03,OT,34493.0,DET
DEN_OG_02,OG,34493.0,DET
P100339_OG,OG,8116.0,DET
TEN_C_01,C,34493.0,DET
ARI_EDGE_02,EDGE,34493.0,DET
P100624_EDGE,EDGE,34493.0,DET
SF_EDGE_03,EDGE,34493.0,DET
DET_EDGE_05,EDGE,32464.0,DET
IND_DT_01,DT,34493.0,DET
SF_DT_03,DT,24348.0,DET
P100184_DT,DT,10145.0,DET
DET_LB_02,LB,34493.0,DET
BAL_LB_01,LB,28406.0,DET
KC_LB_01,LB,32464.0,DET
CLE_CB_01,CB,22319.0,DET
DET_CB_05,CB,20290.0,DET
DET_CB_08,CB,32464.0,DET
P100486_CB,CB,34493.0,DET
DET_S_04,S,32464.0,DET
SEA_S_02,S,34493.0,DET
ARI_S_02,S,24348.0,DET
WAS_K_01,K,34493.0,DET
TEN_P_02,P,22319.0,DET
NYG_WR_02,WR,32464.0,CHI
IND_OG_01,OG,32464.0,CHI
WAS_EDGE_05,EDGE,32464.0,CHI
P100141_OG,OG,14203.0,GB
BAL_OT_02,OT,32464.0,DEN
DEN_OG_01,OG,32464.0,DEN
ATL_QB_01,QB,34493.0,ATL
DAL_RB_01,RB,34493.0,ATL
P100382_RB,RB,30435.0,ATL
P100600_RB,RB,8116.0,ATL
ATL_WR_06,WR,28406.0,ATL
CLE_WR_04,WR,34493.0,ATL
GB_WR_06,WR,34493.0,ATL
P100218_WR,WR,34493.0,ATL
ATL_TE_01,TE,34493.0,ATL
ATL_TE_02,TE,34493.0,ATL
HOU_OT_02,OT,34493.0,ATL
PIT_OT_03,OT,34493.0,ATL
ATL_OG_01,OG,32464.0,ATL
ATL_OG_04,OG,34493.0,ATL
ATL_C_01,C,28406.0,ATL
DET_EDGE_02,EDGE,34493.0,ATL
NE_EDGE_04,EDGE,16232.0,ATL
P100784_EDGE,EDGE,2029.0,ATL
ATL_DT_01,DT,28406.0,ATL
PIT_DT_02,DT,34493.0,ATL
BAL_DT_04,DT,22319.0,ATL
MIN_LB_02,LB,26377.0,ATL
P100681_CB,CB,16232.0,ATL
P100406_CB,CB,34493.0,ATL
HOU_S_01,S,22319.0,ATL
ATL_S_03,S,34493.0,ATL
P100117_S,S,34493.0,ATL
ATL_K_01,K,22319.0,ATL
GB_P_01,P,34493.0,ATL
CHI_WR_01,WR,32464.0,PIT
LAC_LB_01,LB,32464.0,PIT
LV_QB_01,QB,34493.0,LV
ARI_RB_02,RB,34493.0,LV
SF_RB_04,RB,34493.0,LV
BAL_WR_02,WR,34493.0,LV
SEA_WR_03,WR,34493.0,LV
LAR_WR_08,WR,24348.0,LV
FA_WR_083,WR,34493.0,LV
P100219_TE,TE,34493.0,LV
CLE_TE_03,TE,22319.0,LV
ATL_OT_04,OT,24348.0,LV
LV_OT_04,OT,26377.0,LV
LV_OG_01,OG,30435.0,LV
P100656_OG,OG,6087.0,LV
LV_C_02,C,32464.0,LV
KC_EDGE_04,EDGE,34493.0,LV
PHI_EDGE_04,EDGE,34493.0,LV
TB_EDGE_05,EDGE,30435.0,LV
P100574_EDGE,EDGE,34493.0,LV
LAR_DT_05,DT,30435.0,LV
MIA_DT_01,DT,24348.0,LV
LV_DT_03,DT,16232.0,LV
PIT_LB_01,LB,34493.0,LV
BUF_LB_04,LB,34493.0,LV
P100333_LB,LB,34493.0,LV
LV_CB_06,CB,34493.0,LV
P100282_CB,CB,34493.0,LV
IND_CB_05,CB,26377.0,LV
P100798_CB,CB,18261.0,LV
BAL_S_04,S,24348.0,LV
BUF_S_03,S,30435.0,LV
LAC_S_04,S,34493.0,LV
DET_K_01,K,22319.0,LV
JAX_P_01,P,22319.0,LV
P100088_QB,QB,26377.0,NO
P100544_RB,RB,26377.0,NO
TB_RB_01,RB,34493.0,NO
TB_WR_07,WR,30435.0,NO
KC_WR_08,WR,32464.0,NO
LV_TE_01,TE,34493.0,NO
DEN_TE_04,TE,34493.0,NO
P100449_OT,OT,34493.0,NO
P100143_OT,OT,2029.0,NO
NO_OG_02,OG,20290.0,NO
MIN_OG_04,OG,34493.0,NO
JAX_C_02,C,30435.0,NO
NO_EDGE_04,EDGE,34493.0,NO
P100538_EDGE,EDGE,34493.0,NO
P100601_EDGE,EDGE,34493.0,NO
P100787_EDGE,EDGE,34493.0,NO
NO_DT_02,DT,34493.0,NO
NYG_DT_03,DT,34493.0,NO
P100187_DT,DT,4058.0,NO
P100585_LB,LB,28406.0,NO
NE_LB_02,LB,32464.0,NO
P100357_LB,LB,34493.0,NO
NO_CB_05,CB,34493.0,NO
P100803_CB,CB,28406.0,NO
P100628_CB,CB,28406.0,NO
P100044_CB,CB,22319.0,NO
KC_S_02,S,28406.0,NO
P100766_S,S,26377.0,NO
P100686_S,S,34493.0,NO
SF_K_02,K,2029.0,NO
ATL_P_02,P,34493.0,NO
NO_QB_02,QB,32464.0,HOU
NYJ_RB_03,RB,34493.0,HOU
P100080_RB,RB,34493.0,HOU
DAL_RB_04,RB,34493.0,HOU
PHI_WR_02,WR,28406.0,HOU
P100295_WR,WR,32464.0,HOU
P100838_WR,WR,24348.0,HOU
HOU_WR_05,WR,20290.0,HOU
IND_TE_02,TE,28406.0,HOU
HOU_TE_03,TE,22319.0,HOU
P100649_OT,OT,34493.0,HOU
JAX_OT_01,OT,34493.0,HOU
LV_OG_02,OG,20290.0,HOU
NYJ_OG_02,OG,34493.0,HOU
SF_C_02,C,24348.0,HOU
LAR_EDGE_02,EDGE,28406.0,HOU
NE_EDGE_01,EDGE,34493.0,HOU
P100124_EDGE,EDGE,34493.0,HOU
BAL_DT_01,DT,20290.0,HOU
HOU_DT_02,DT,34493.0,HOU
LAC_DT_03,DT,30435.0,HOU
NYG_LB_01,LB,32464.0,HOU
P100450_LB,LB,34493.0,HOU
SF_CB_01,CB,30435.0,HOU
TB_CB_02,CB,20290.0,HOU
PHI_CB_03,CB,34493.0,HOU
P100895_CB,CB,28406.0,HOU
DET_S_05,S,34493.0,HOU
P100623_S,S,34493.0,HOU
WAS_K_02,K,32464.0,HOU
HOU_P_01,P,30435.0,HOU
NE_S_03,S,22319.0,NE
CLE_QB_01,QB,34493.0,BUF
IND_RB_01,RB,32464.0,BUF
TB_RB_04,RB,34493.0,BUF
BAL_RB_05,RB,34493.0,BUF
P100404_WR,WR,34493.0,BUF
P100119_WR,WR,34493.0,BUF
LV_WR_04,WR,30435.0,BUF
P100125_WR,WR,16232.0,BUF
WAS_TE_02,TE,20290.0,BUF
P100756_TE,TE,26377.0,BUF
P100817_OT,OT,34493.0,BUF
CAR_OG_01,OG,26377.0,BUF
SEA_OG_04,OG,22319.0,BUF
BUF_C_01,C,34493.0,BUF
ATL_EDGE_02,EDGE,32464.0,BUF
P100515_EDGE,EDGE,34493.0,BUF
P100565_EDGE,EDGE,34493.0,BUF
P100735_EDGE,EDGE,34493.0,BUF
TEN_DT_02,DT,34493.0,BUF
P100812_DT,DT,34493.0,BUF
PHI_DT_06,DT,32464.0,BUF
CAR_LB_01,LB,34493.0,BUF
P100104_LB,LB,20290.0,BUF
GB_CB_03,CB,34493.0,BUF
BUF_CB_02,CB,34493.0,BUF
P100190_CB,CB,34493.0,BUF
PIT_S_01,S,34493.0,BUF
P100881_S,S,28406.0,BUF
DEN_K_01,K,34493.0,BUF
PHI_P_01,P,34493.0,BUF
CIN_QB_02,QB,32464.0,KC
KC_RB_01,RB,26377.0,KC
KC_WR_03,WR,34493.0,KC
LAC_WR_07,WR,34493.0,KC
P100160_WR,WR,30435.0,KC
P100260_WR,WR,20290.0,KC
KC_TE_01,TE,28406.0,KC
P100186_TE,TE,34493.0,KC
MIA_OT_01,OT,30435.0,KC
NYG_OT_04,OT,32464.0,KC
P100312_OG,OG,2029.0,KC
P100528_OG,OG,18261.0,KC
CHI_C_01,C,34493.0,KC
CLE_EDGE_02,EDGE,18261.0,KC
TEN_EDGE_01,EDGE,24348.0,KC
P100304_EDGE,EDGE,34493.0,KC
P100602_EDGE,EDGE,34493.0,KC
KC_DT_02,DT,32464.0,KC
CIN_DT_04,DT,34493.0,KC
ARI_DT_02,DT,30435.0,KC
IND_LB_01,LB,26377.0,KC
P100781_LB,LB,34493.0,KC
P100726_LB,LB,34493.0,KC
P100292_CB,CB,2029.0,KC
P100846_CB,CB,28406.0,KC
DAL_CB_04,CB,34493.0,KC
LAR_CB_11,CB,34493.0,KC
ATL_S_04,S,34493.0,KC
WAS_S_02,S,34493.0,KC
ARI_S_04,S,32464.0,KC
KC_K_01,K,34493.0,KC
BAL_P_02,P,8116.0,KC
DET_OG_03,OG,32464.0,LV
TEN_QB_02,QB,22319.0,NYG
P100534_RB,RB,26377.0,NYG
P100511_RB,RB,34493.0,NYG
P100334_RB,RB,10145.0,NYG
LV_WR_02,WR,14203.0,NYG
MIN_WR_04,WR,34493.0,NYG
DET_WR_04,WR,34493.0,NYG
SF_WR_05,WR,34493.0,NYG
KC_TE_02,TE,34493.0,NYG
P100833_TE,TE,2029.0,NYG
NYG_OT_02,OT,34493.0,NYG
P100819_OT,OT,2029.0,NYG
PHI_OG_02,OG,34493.0,NYG
PHI_C_01,C,34493.0,NYG
IND_EDGE_04,EDGE,34493.0,NYG
NYG_EDGE_02,EDGE,34493.0,NYG
DEN_EDGE_03,EDGE,28406.0,NYG
NYG_DT_04,DT,26377.0,NYG
PIT_DT_05,DT,34493.0,NYG
NE_DT_04,DT,34493.0,NYG
PIT_LB_02,LB,34493.0,NYG
CHI_LB_04,LB,26377.0,NYG
DEN_LB_02,LB,32464.0,NYG
P100731_CB,CB,34493.0,NYG
JAX_CB_01,CB,30435.0,NYG
P100638_CB,CB,34493.0,NYG
IND_CB_09,CB,34493.0,NYG
JAX_S_03,S,34493.0,NYG
P100065_S,S,4058.0,NYG
SEA_S_06,S,4058.0,NYG
BUF_K_01,K,34493.0,NYG
P100226_P,P,28406.0,NYG
PHI_QB_01,QB,34493.0,PHI
CLE_RB_03,RB,34493.0,PHI
P100058_RB,RB,34493.0,PHI
PIT_WR_02,WR,34493.0,PHI
DET_WR_02,WR,26377.0,PHI
P100615_WR,WR,34493.0,PHI
BAL_WR_03,WR,30435.0,PHI
SEA_TE_01,TE,22319.0,PHI
PIT_TE_02,TE,24348.0,PHI
ATL_OT_01,OT,2029.0,PHI
P100587_OT,OT,14203.0,PHI
SEA_OG_01,OG,30435.0,PHI
LV_OG_03,OG,34493.0,PHI
CAR_C_01,C,34493.0,PHI
BUF_EDGE_01,EDGE,34493.0,PHI
PHI_EDGE_01,EDGE,34493.0,PHI
GB_EDGE_04,EDGE,34493.0,PHI
P100214_EDGE,EDGE,34493.0,PHI
DET_DT_01,DT,30435.0,PHI
CHI_DT_01,DT,34493.0,PHI
NYJ_DT_05,DT,24348.0,PHI
JAX_LB_01,LB,34493.0,PHI
PHI_LB_03,LB,34493.0,PHI
HOU_CB_03,CB,20290.0,PHI
WAS_CB_08,CB,28406.0,PHI
NO_CB_04,CB,34493.0,PHI
P100249_CB,CB,34493.0,PHI
CAR_S_01,S,34493.0,PHI
NYJ_S_04,S,34493.0,PHI
P100342_S,S,34493.0,PHI
P100078_K,K,34493.0,PHI
DEN_P_01,P,30435.0,PHI
P100863_QB,QB,34493.0,WAS
WAS_RB_02,RB,34493.0,WAS
P100168_RB,RB,34493.0,WAS
WAS_WR_02,WR,34493.0,WAS
DAL_WR_01,WR,28406.0,WAS
PIT_WR_06,WR,34493.0,WAS
CHI_WR_07,WR,34493.0,WAS
P100349_TE,TE,34493.0,WAS
CIN_TE_03,TE,34493.0,WAS
WAS_OT_02,OT,32464.0,WAS
ATL_OT_05,OT,34493.0,WAS
P100503_OG,OG,34493.0,WAS
P100381_OG,OG,32464.0,WAS
NO_C_01,C,34493.0,WAS
P100021_EDGE,EDGE,34493.0,WAS
P100191_EDGE,EDGE,34493.0,WAS
WAS_EDGE_03,EDGE,34493.0,WAS
DEN_EDGE_04,EDGE,34493.0,WAS
WAS_DT_02,DT,30435.0,WAS
P100816_DT,DT,24348.0,WAS
P100228_DT,DT,16232.0,WAS
P100867_LB,LB,34493.0,WAS
P100768_LB,LB,18261.0,WAS
P100426_CB,CB,34493.0,WAS
WAS_CB_01,CB,24348.0,WAS
ARI_CB_03,CB,34493.0,WAS
FA_CB_029,CB,34493.0,WAS
LAR_S_02,S,34493.0,WAS
P100109_S,S,34493.0,WAS
P100352_S,S,34493.0,WAS
PIT_K_02,K,34493.0,WAS
LAR_P_01,P,34493.0,WAS
P100653_WR,WR,26377.0,CHI
CAR_OT_05,OT,30435.0,CHI
DET_OT_01,OT,18261.0,CAR
P100723_CB,CB,18261.0,CAR
P100648_CB,CB,8116.0,CAR
KC_S_04,S,22319.0,CAR
WAS_QB_01,QB,30435.0,MIN
P100007_RB,RB,34493.0,MIN
MIN_WR_02,WR,34493.0,MIN
P100722_WR,WR,32464.0,MIN
MIN_WR_05,WR,18261.0,MIN
LV_WR_07,WR,22319.0,MIN
NO_TE_03,TE,26377.0,MIN
ARI_TE_01,TE,34493.0,MIN
MIN_OT_01,OT,34493.0,MIN
PHI_OT_01,OT,32464.0,MIN
MIN_OG_01,OG,34493.0,MIN
P100388_OG,OG,8116.0,MIN
P100394_C,C,30435.0,MIN
P100814_EDGE,EDGE,34493.0,MIN
NYJ_EDGE_02,EDGE,34493.0,MIN
P100346_EDGE,EDGE,34493.0,MIN
FA_EDGE_182,EDGE,34493.0,MIN
MIN_DT_01,DT,34493.0,MIN
MIN_DT_02,DT,34493.0,MIN
PIT_DT_01,DT,34493.0,MIN
FA_LB_159,LB,34493.0,MIN
BUF_LB_02,LB,26377.0,MIN
MIN_LB_08,LB,32464.0,MIN
LAC_CB_03,CB,32464.0,MIN
LV_CB_04,CB,34493.0,MIN
ARI_CB_06,CB,28406.0,MIN
TB_S_01,S,34493.0,MIN
DET_S_02,S,34493.0,MIN
ATL_S_01,S,34493.0,MIN
MIN_P_01,P,34493.0,MIN
P100060_OG,OG,32464.0,MIA
CHI_S_04,S,32464.0,MIA
P100235_RB,RB,2029.0,BUF
BUF_EDGE_02,EDGE,26377.0,TEN
JAX_LB_02,LB,30435.0,IND
KC_P_01,P,14203.0,IND
SF_WR_03,WR,32464.0,LAC
GB_CB_06,CB,20290.0,LV
ARI_CB_04,CB,26377.0,DET
DAL_OT_01,OT,30435.0,GB
JAX_OG_02,OG,30435.0,GB
KC_C_02,C,28406.0,LAR
SF_QB_02,QB,34493.0,SF
PHI_RB_01,RB,34493.0,SF
DEN_WR_02,WR,34493.0,SF
SEA_WR_01,WR,34493.0,SF
NO_WR_01,WR,34493.0,SF
CIN_WR_02,WR,28406.0,SF
TEN_TE_01,TE,34493.0,SF
TB_TE_01,TE,34493.0,SF
SF_OT_01,OT,34493.0,SF
SF_OT_02,OT,14203.0,SF
SF_OG_02,OG,34493.0,SF
KC_OG_02,OG,34493.0,SF
LAR_C_01,C,34493.0,SF
CIN_EDGE_04,EDGE,34493.0,SF
TEN_EDGE_04,EDGE,34493.0,SF
NYG_EDGE_01,EDGE,32464.0,SF
HOU_EDGE_02,EDGE,34493.0,SF
CHI_DT_02,DT,34493.0,SF
P100246_DT,DT,34493.0,SF
LAR_DT_06,DT,34493.0,SF
SF_LB_02,LB,34493.0,SF
DAL_LB_02,LB,16232.0,SF
MIA_LB_05,LB,34493.0,SF
MIN_CB_05,CB,34493.0,SF
NE_CB_04,CB,34493.0,SF
MIN_CB_04,CB,34493.0,SF
P100068_CB,CB,26377.0,SF
TB_S_02,S,34493.0,SF
NO_S_04,S,32464.0,SF
TEN_S_04,S,34493.0,SF
P100794_K,K,34493.0,SF
WAS_P_01,P,34493.0,SF
MIA_DT_02,DT,32464.0,TB
ATL_CB_04,CB,8116.0,TB
DAL_WR_02,WR,32464.0,DAL
P100057_S,S,18261.0,DAL
P100135_DT,DT,16232.0,PIT
GB_LB_05,LB,32464.0,CLE
CLE_K_01,K,32464.0,CLE
TEN_P_01,P,32464.0,CLE
CAR_DT_02,DT,32464.0,WAS
DEN_P_02,P,22319.0,JAX
NO_TE_01,TE,24348.0,CHI
KC_OT_04,OT,16232.0,BUF
P100458_OG,OG,20290.0,BUF
P100659_CB,CB,30435.0,BUF
P100301_WR,WR,16232.0,NE
CLE_C_02,C,30435.0,NE
P100796_S,S,8116.0,NE
NYJ_EDGE_04,EDGE,30435.0,NYJ
PIT_EDGE_03,EDGE,16232.0,NYJ
P100592_S,S,32464.0,NYJ
CAR_WR_02,WR,8116.0,MIA
IND_QB_01,QB,34493.0,BAL
P100371_RB,RB,34493.0,BAL
IND_RB_03,RB,28406.0,BAL
ATL_WR_01,WR,34493.0,BAL
P100643_WR,WR,34493.0,BAL
BAL_WR_05,WR,28406.0,BAL
BAL_WR_04,WR,34493.0,BAL
MIA_TE_03,TE,34493.0,BAL
P100849_TE,TE,34493.0,BAL
P100241_OT,OT,34493.0,BAL
P100242_OT,OT,34493.0,BAL
PIT_OG_02,OG,30435.0,BAL
P100715_OG,OG,8116.0,BAL
CIN_C_02,C,34493.0,BAL
BAL_EDGE_01,EDGE,34493.0,BAL
P100314_EDGE,EDGE,34493.0,BAL
BUF_EDGE_05,EDGE,34493.0,BAL
P100480_EDGE,EDGE,34493.0,BAL
SEA_DT_01,DT,30435.0,BAL
P100056_DT,DT,34493.0,BAL
BAL_DT_03,DT,6087.0,BAL
WAS_LB_04,LB,34493.0,BAL
NE_LB_03,LB,34493.0,BAL
DET_LB_06,LB,34493.0,BAL
CIN_CB_03,CB,32464.0,BAL
BAL_CB_03,CB,34493.0,BAL
MIA_CB_01,CB,30435.0,BAL
P100751_CB,CB,6087.0,BAL
JAX_S_02,S,12174.0,BAL
P100243_S,S,34493.0,BAL
P100198_S,S,34493.0,BAL
SF_K_01,K,34493.0,BAL
JAX_P_02,P,34493.0,BAL
P100496_QB,QB,34493.0,CIN
NO_RB_02,RB,22319.0,CIN
CIN_WR_04,WR,34493.0,CIN
CIN_WR_03,WR,26377.0,CIN
GB_TE_03,TE,34493.0,CIN
P100472_TE,TE,4058.0,CIN
CIN_OT_02,OT,34493.0,CIN
P100660_OT,OT,4058.0,CIN
TEN_OG_01,OG,22319.0,CIN
CIN_OG_02,OG,22319.0,CIN
BAL_C_01,C,34493.0,CIN
ATL_EDGE_01,EDGE,16232.0,CIN
LV_EDGE_02,EDGE,34493.0,CIN
P100663_EDGE,EDGE,24348.0,CIN
DEN_DT_01,DT,34493.0,CIN
P100475_DT,DT,34493.0,CIN
CIN_DT_03,DT,34493.0,CIN
SEA_LB_02,LB,34493.0,CIN
SF_LB_01,LB,34493.0,CIN
ATL_LB_02,LB,34493.0,CIN
HOU_CB_05,CB,34493.0,CIN
CIN_CB_01,CB,34493.0,CIN
SEA_CB_05,CB,34493.0,CIN
NYJ_CB_05,CB,32464.0,CIN
CIN_S_01,S,34493.0,CIN
HOU_S_03,S,34493.0,CIN
BAL_K_01,K,34493.0,CIN
ATL_P_01,P,34493.0,CIN
MIN_LB_01,LB,6087.0,CLE
P100675_WR,WR,14203.0,GB
DAL_P_02,P,12174.0,GB
ARI_QB_02,QB,12174.0,CHI
P100178_S,S,26377.0,CHI
FA_K_006,K,32464.0,MIN
P100516_WR,WR,22319.0,DET
P100010_WR,WR,22319.0,HOU
CHI_EDGE_05,EDGE,32464.0,HOU
LAC_DT_06,DT,14203.0,HOU
P100159_DT,DT,4058.0,HOU
NYJ_WR_07,WR,2029.0,LV
IND_OT_01,OT,12174.0,IND
GB_OG_01,OG,8116.0,IND
P100465_S,S,16232.0,IND
LAR_OG_03,OG,10145.0,LAC
P100356_RB,RB,32464.0,NYG
CAR_TE_02,TE,32464.0,NYG
P100288_OT,OT,2029.0,NYG
TEN_DT_06,DT,8116.0,NYG
TB_QB_02,QB,32464.0,ARI
P100447_WR,WR,28406.0,ARI
NYJ_WR_08,WR,34493.0,ARI
P100165_WR,WR,22319.0,ARI
ARI_WR_08,WR,30435.0,ARI
DET_TE_03,TE,32464.0,ARI
P100629_TE,TE,14203.0,ARI
ARI_OT_01,OT,34493.0,ARI
P100641_OT,OT,34493.0,ARI
ARI_OG_04,OG,24348.0,ARI
LAC_OG_01,OG,22319.0,ARI
ARI_C_01,C,28406.0,ARI
P100707_EDGE,EDGE,30435.0,ARI
P100478_EDGE,EDGE,26377.0,ARI
ARI_EDGE_01,EDGE,28406.0,ARI
P100562_EDGE,EDGE,6087.0,ARI
JAX_DT_02,DT,30435.0,ARI
DET_DT_05,DT,28406.0,ARI
CAR_DT_06,DT,6087.0,ARI
ARI_LB_02,LB,34493.0,ARI
CAR_CB_01,CB,34493.0,ARI
KC_CB_02,CB,34493.0,ARI
LAR_CB_01,CB,34493.0,ARI
KC_CB_03,CB,34493.0,ARI
ARI_S_01,S,32464.0,ARI
GB_S_01,S,34493.0,ARI
P100116_S,S,34493.0,ARI
SEA_K_01,K,34493.0,ARI
LV_RB_02,RB,32464.0,PHI
LV_OT_02,OT,32464.0,PHI
PHI_OT_04,OT,20290.0,PHI
LAC_QB_01,QB,8116.0,DEN
P100366_CB,CB,24348.0,DEN
CLE_S_02,S,30435.0,DEN
NYJ_K_01,K,30435.0,DEN
CHI_WR_02,WR,22319.0,NO
BUF_OT_03,OT,32464.0,NO
P100284_LB,LB,8116.0,NO
NO_RB_03,RB,30435.0,ATL
DEN_EDGE_01,EDGE,20290.0,ATL
DAL_EDGE_05,EDGE,32464.0,ATL
CAR_K_01,K,12174.0,ATL
NYG_QB_01,QB,2029.0,KC
P100385_RB,RB,32464.0,KC
P100408_OG,OG,18261.0,KC
P100746_P,P,26377.0,KC
P100736_QB,QB,12174.0,PIT
PIT_EDGE_05,EDGE,28406.0,PIT
KC_DT_03,DT,30435.0,TEN
P100370_QB,QB,10145.0,DAL
CIN_QB_03,QB,34493.0,SEA
SF_RB_03,RB,34493.0,SEA
CAR_RB_03,RB,28406.0,SEA
FA_RB_021,RB,34493.0,SEA
SF_WR_01,WR,32464.0,SEA
P100557_WR,WR,34493.0,SEA
P100552_WR,WR,34493.0,SEA
P100384_WR,WR,26377.0,SEA
P100720_TE,TE,34493.0,SEA
P100692_TE,TE,34493.0,SEA
SEA_OT_02,OT,26377.0,SEA
BAL_OT_01,OT,10145.0,SEA
TEN_OG_04,OG,34493.0,SEA
LAC_OG_02,OG,34493.0,SEA
SEA_C_01,C,24348.0,SEA
MIN_EDGE_02,EDGE,32464.0,SEA
P100698_EDGE,EDGE,26377.0,SEA
P100066_EDGE,EDGE,34493.0,SEA
P100316_EDGE,EDGE,34493.0,SEA
HOU_DT_01,DT,28406.0,SEA
P100238_DT,DT,34493.0,SEA
NYG_DT_02,DT,34493.0,SEA
P100402_LB,LB,34493.0,SEA
SEA_LB_04,LB,34493.0,SEA
SEA_CB_02,CB,22319.0,SEA
SEA_CB_04,CB,34493.0,SEA
CAR_CB_04,CB,34493.0,SEA
P100836_CB,CB,34493.0,SEA
SF_S_02,S,34493.0,SEA
SF_S_01,S,32464.0,SEA
P100410_S,S,4058.0,SEA
CIN_K_01,K,34493.0,SEA
SF_P_01,P,34493.0,SEA
P100890_LB,LB,30435.0,WAS
DEN_K_02,K,6087.0,NE
CAR_QB_01,QB,28406.0,CLE
CLE_DT_02,DT,14203.0,CLE
SF_S_07,S,8116.0,CLE
P100514_CB,CB,30435.0,BAL
P100401_WR,WR,10145.0,HOU
P100654_RB,RB,28406.0,TEN
LAR_WR_06,WR,28406.0,DEN
SEA_LB_03,LB,28406.0,DEN
P100527_CB,CB,28406.0,LAC
IND_TE_01,TE,22319.0,PHI
GB_OT_03,OT,30435.0,NYG
NO_S_03,S,30435.0,NYG
TB_S_03,S,30435.0,NYG
BUF_OG_01,OG,26377.0,MIN
CHI_RB_03,RB,22319.0,CHI
CHI_EDGE_01,EDGE,22319.0,CHI
ATL_RB_01,RB,4058.0,TB
DAL_OG_01,OG,28406.0,TB
P100758_DT,DT,30435.0,NO
FA_WR_049,WR,10145.0,LAR
LAR_OT_02,OT,26377.0,LAR
NE_S_02,S,10145.0,LAR
P100087_RB,RB,6087.0,SEA
DEN_OT_04,OT,6087.0,SEA
KC_S_01,S,32464.0,SEA
MIN_C_01,C,24348.0,MIA
HOU_WR_02,WR,30435.0,CIN
CIN_WR_06,WR,16232.0,CIN
CIN_TE_01,TE,30435.0,CIN
WAS_OT_01,OT,30435.0,CIN
GB_EDGE_07,EDGE,30435.0,CIN
P100741_WR,WR,14203.0,KC
ARI_OG_02,OG,30435.0,KC
P100084_QB,QB,10145.0,GB
NYJ_TE_03,TE,22319.0,BUF
DAL_S_02,S,2029.0,SF
P100762_WR,WR,6087.0,IND
P100229_OG,OG,26377.0,DET
TB_DT_02,DT,26377.0,DET
P100761_P,P,12174.0,DET
P100840_TE,TE,22319.0,CAR
LV_WR_05,WR,6087.0,LV
LV_DT_01,DT,26377.0,LV
GB_QB_03,QB,2029.0,ARI
PHI_TE_01,TE,22319.0,ARI
JAX_DT_03,DT,4058.0,ARI
MIA_P_01,P,26377.0,ARI
NYJ_EDGE_06,EDGE,30435.0,ATL
P100866_QB,QB,26377.0,NE
P100888_OG,OG,22319.0,CIN
P100609_WR,WR,10145.0,IND
P100245_WR,WR,12174.0,PHI
P100782_CB,CB,12174.0,PHI
PIT_QB_03,QB,4058.0,CAR
P100358_WR,WR,22319.0,ARI
DEN_WR_05,WR,22319.0,BUF
P100813_WR,WR,6087.0,BAL
P100311_DT,DT,28406.0,BAL
KC_WR_07,WR,6087.0,TB
NYJ_QB_03,QB,2029.0,NO
NO_WR_06,WR,26377.0,NO
P100595_EDGE,EDGE,26377.0,KC
DAL_EDGE_06,EDGE,4058.0,MIA
P100252_LB,LB,2029.0,TEN
BAL_S_01,S,24348.0,TEN
P100269_QB,QB,12174.0,NYG
DET_RB_02,RB,24348.0,DEN
CHI_OT_04,OT,18261.0,LV
NYG_WR_04,WR,20290.0,NYG
P100464_RB,RB,28406.0,ARI
P100444_C,C,6087.0,ARI
P100261_EDGE,EDGE,18261.0,ARI
ARI_DT_01,DT,26377.0,ARI
P100594_EDGE,EDGE,6087.0,LAR
HOU_CB_04,CB,8116.0,LAR
P100870_OG,OG,26377.0,BAL
NYG_LB_04,LB,2029.0,MIA
ARI_WR_05,WR,2029.0,CLE
WAS_WR_03,WR,6087.0,SF
ATL_LB_06,LB,6087.0,SF
P100313_WR,WR,6087.0,WAS
P100484_WR,WR,22319.0,CIN
P100709_OG,OG,8116.0,HOU
CAR_OT_04,OT,26377.0,SEA
BUF_OT_01,OT,12174.0,BUF
PHI_EDGE_03,EDGE,8116.0,MIA
CIN_EDGE_03,EDGE,16232.0,DAL
GB_WR_03,WR,8116.0,SEA
NYJ_OT_04,OT,10145.0,NYJ
LAR_WR_03,WR,2029.0,IND
NYG_OT_01,OT,16232.0,IND
MIA_DT_04,DT,6087.0,KC
P100319_LB,LB,2029.0,NYG
SEA_OT_01,OT,16232.0,SF
P100455_OT,OT,6087.0,GB
P100153_CB,CB,14203.0,PIT
DAL_OT_04,OT,8116.0,DAL
CHI_LB_02,LB,6087.0,CHI
P100553_QB,QB,4058.0,MIN
MIN_CB_01,CB,18261.0,MIN
DEN_OT_01,OT,4058.0,SF
P100213_LB,LB,8116.0,SF
SEA_OG_02,OG,2029.0,CIN
BAL_RB_03,RB,14203.0,LAC
IND_S_01,S,10145.0,DET
P100702_CB,CB,12174.0,SEA
P100539_DT,DT,12174.0,ATL
P100561_EDGE,EDGE,22319.0,ARI
LV_DT_02,DT,8116.0,IND
P100438_OT,OT,14203.0,TB
LAR_LB_03,LB,8116.0,NYG
P100520_LB,LB,16232.0,NYJ
GB_QB_02,QB,10145.0,MIA
P100063_CB,CB,8116.0,WAS
NYG_C_03,C,4058.0,NO
P100645_S,S,8116.0,NO
P100779_OG,OG,6087.0,HOU
PHI_TE_03,TE,8116.0,MIN
CIN_DT_01,DT,14203.0,PIT
P100893_CB,CB,12174.0,PIT
LAC_EDGE_03,EDGE,6087.0,TEN
MIA_EDGE_04,EDGE,6087.0,CLE
BUF_OG_02,OG,12174.0,ARI
LAR_TE_03,TE,12174.0,IND
NYG_EDGE_05,EDGE,10145.0,TB
LV_DT_04,DT,6087.0,LV
P100668_OG,OG,8116.0,ARI
CIN_CB_04,CB,2029.0,CIN
P100611_CB,CB,2029.0,JAX
SEA_QB_01,QB,4058.0,TEN
P100293_WR,WR,2029.0,GB
P100001_OG,OG,8116.0,NO
DEN_LB_03,LB,4058.0,SF
WAS_DT_04,DT,14203.0,PHI
PIT_OG_03,OG,10145.0,CLE
P100051_DT,DT,6087.0,ATL
FA_WR_005,WR,8116.0,JAX
ATL_WR_07,WR,6087.0,ATL
P100433_C,C,6087.0,ATL
PHI_DT_02,DT,6087.0,LAR
P100097_C,C,10145.0,SEA
P100492_DT,DT,4058.0,CAR
P100015_LB,LB,6087.0,CAR
P100033_DT,DT,8116.0,DAL
P100570_DT,DT,4058.0,BAL
HOU_EDGE_06,EDGE,2029.0,CLE
SEA_WR_06,WR,4058.0,TEN
P100789_DT,DT,6087.0,SEA
TEN_CB_06,CB,6087.0,NYJ
P100825_DT,DT,6087.0,LAC
MIN_OT_04,OT,2029.0,MIN
P100317_WR,WR,6087.0,CAR
CAR_OG_03,OG,6087.0,CAR
BUF_S_01,S,4058.0,BUF
DAL_DT_05,DT,2029.0,MIA
LAR_OG_06,OG,2029.0,ARI
DAL_DT_04,DT,8116.0,ARI
PIT_OT_02,OT,4058.0,TEN
P100774_CB,CB,4058.0,NYG
DAL_C_01,C,4058.0,DAL
CIN_OG_03,OG,4058.0,PHI
DEN_OT_05,OT,2029.0,WAS
BAL_OG_04,OG,2029.0,WAS
P100871_CB,CB,2029.0,WAS
HOU_LB_02,LB,2029.0,TB
LAC_LB_04,LB,2029.0,TB
P100719_EDGE,EDGE,2029.0,SF
P100174_CB,CB,4058.0,MIN
KC_K_02,K,2029.0,HOU
DAL_C_02,C,2029.0,LV
P100729_CB,CB,2029.0,CLE
NO_OT_02,OT,4058.0,KC
TB_OG_02,OG,2029.0,NYJ
SF_OG_04,OG,2029.0,ATL
NYJ_QB_02,QB,2029.0,LAC
P100341_OG,OG,2029.0,JAX
CAR_CB_02,CB,4058.0,BAL
CHI_OT_01,OT,2029.0,PIT
LAC_LB_02,LB,2029.0,PIT
P100530_QB,QB,2029.0,HOU
ARI_EDGE_03,EDGE,2029.0,DET
ARI_DT_03,DT,2029.0,BUF
P100498_OT,OT,2029.0,TEN
DEN_QB_01,QB,2029.0,DEN
DET_RB_02,RB,2029.0,DEN
P100857_RB,RB,2029.0,DEN
DEN_WR_01,WR,2029.0,DEN
CAR_WR_06,WR,2029.0,DEN
PIT_WR_07,WR,2029.0,DEN
LAR_WR_06,WR,2029.0,DEN
SF_TE_01,TE,2029.0,DEN
P100730_TE,TE,2029.0,DEN
GB_OT_01,OT,2029.0,DEN
BAL_OT_02,OT,2029.0,DEN
SF_OG_01,OG,2029.0,DEN
DEN_OG_01,OG,2029.0,DEN
LV_C_01,C,2029.0,DEN
BAL_EDGE_02,EDGE,2029.0,DEN
GB_EDGE_03,EDGE,2029.0,DEN
P100114_EDGE,EDGE,2029.0,DEN
DEN_DT_02,DT,2029.0,DEN
SF_DT_02,DT,2029.0,DEN
P100826_DT,DT,2029.0,DEN
LV_LB_01,LB,2029.0,DEN
TB_LB_01,LB,2029.0,DEN
SEA_LB_03,LB,2029.0,DEN
DEN_CB_03,CB,2029.0,DEN
NO_CB_02,CB,2029.0,DEN
P100366_CB,CB,2029.0,DEN
BAL_CB_01,CB,2029.0,DEN
PHI_S_02,S,2029.0,DEN
BUF_S_02,S,2029.0,DEN
CLE_S_02,S,2029.0,DEN
NYJ_K_01,K,2029.0,DEN
P100081_P,P,2029.0,DEN
CIN_QB_01,QB,4058.0,PIT
DAL_RB_03,RB,4058.0,PIT
P100854_RB,RB,4058.0,PIT
CHI_WR_01,WR,4058.0,PIT
ATL_WR_04,WR,4058.0,PIT
ATL_WR_05,WR,4058.0,PIT
PIT_WR_05,WR,4058.0,PIT
LAC_TE_01,TE,4058.0,PIT
LV_OT_01,OT,4058.0,PIT
CHI_OT_01,OT,4058.0,PIT
PIT_OG_01,OG,4058.0,PIT
ARI_OG_01,OG,4058.0,PIT
PIT_C_01,C,4058.0,PIT
NE_EDGE_02,EDGE,4058.0,PIT
PIT_EDGE_05,EDGE,4058.0,PIT
TEN_EDGE_03,EDGE,4058.0,PIT
CAR_EDGE_09,EDGE,4058.0,PIT
CIN_DT_01,DT,4058.0,PIT
P100851_DT,DT,4058.0,PIT
DET_DT_04,DT,4058.0,PIT
PIT_LB_04,LB,4058.0,PIT
LAC_LB_02,LB,4058.0,PIT
LAC_LB_01,LB,4058.0,PIT
LV_CB_03,CB,4058.0,PIT
PIT_CB_03,CB,4058.0,PIT
PIT_CB_02,CB,4058.0,PIT
DET_CB_07,CB,4058.0,PIT
P100347_S,S,4058.0,PIT
P100428_S,S,4058.0,PIT
P100310_S,S,4058.0,PIT
GB_K_01,K,4058.0,PIT
CLE_P_01,P,4058.0,PIT
DAL_QB_02,QB,6087.0,NYJ
P100035_RB,RB,6087.0,NYJ
CIN_RB_02,RB,6087.0,NYJ
NYJ_WR_03,WR,6087.0,NYJ
ARI_WR_01,WR,6087.0,NYJ
NE_TE_01,TE,6087.0,NYJ
LV_TE_02,TE,6087.0,NYJ
HOU_OT_01,OT,6087.0,NYJ
NYJ_OT_02,OT,6087.0,NYJ
NYJ_OG_01,OG,6087.0,NYJ
HOU_OG_01,OG,6087.0,NYJ
P100300_C,C,6087.0,NYJ
JAX_EDGE_01,EDGE,6087.0,NYJ
NYJ_EDGE_04,EDGE,6087.0,NYJ
PIT_EDGE_03,EDGE,6087.0,NYJ
NYJ_EDGE_05,EDGE,6087.0,NYJ
WAS_DT_01,DT,6087.0,NYJ
TB_DT_03,DT,6087.0,NYJ
BUF_DT_05,DT,6087.0,NYJ
NO_LB_01,LB,6087.0,NYJ
NYG_LB_02,LB,6087.0,NYJ
P100884_LB,LB,6087.0,NYJ
JAX_CB_03,CB,6087.0,NYJ
NYJ_CB_02,CB,6087.0,NYJ
CLE_CB_03,CB,6087.0,NYJ
CAR_S_03,S,6087.0,NYJ
P100592_S,S,6087.0,NYJ
PHI_S_01,S,6087.0,NYJ
PHI_K_01,K,6087.0,NYJ
SEA_P_01,P,6087.0,NYJ
P100496_QB,QB,2029.0,CIN
NO_RB_02,RB,2029.0,CIN
CIN_WR_04,WR,2029.0,CIN
HOU_WR_02,WR,2029.0,CIN
CIN_WR_03,WR,2029.0,CIN
P100484_WR,WR,2029.0,CIN
GB_TE_03,TE,2029.0,CIN
CIN_TE_01,TE,2029.0,CIN
WAS_OT_01,OT,2029.0,CIN
CIN_OT_02,OT,2029.0,CIN
TEN_OG_01,OG,2029.0,CIN
CIN_OG_02,OG,2029.0,CIN
BAL_C_01,C,2029.0,CIN
ATL_EDGE_01,EDGE,2029.0,CIN
LV_EDGE_02,EDGE,2029.0,CIN
GB_EDGE_07,EDGE,2029.0,CIN
P100663_EDGE,EDGE,2029.0,CIN
DEN_DT_01,DT,2029.0,CIN
P100475_DT,DT,2029.0,CIN
CIN_DT_03,DT,2029.0,CIN
SEA_LB_02,LB,2029.0,CIN
SF_LB_01,LB,2029.0,CIN
ATL_LB_02,LB,2029.0,CIN
HOU_CB_05,CB,2029.0,CIN
CIN_CB_01,CB,2029.0,CIN
SEA_CB_05,CB,2029.0,CIN
NYJ_CB_05,CB,2029.0,CIN
CIN_S_01,S,2029.0,CIN
HOU_S_03,S,2029.0,CIN
BAL_K_01,K,2029.0,CIN
ATL_P_01,P,2029.0,CIN
CAR_QB_01,QB,4058.0,CLE
WAS_RB_01,RB,4058.0,CLE
CLE_WR_02,WR,4058.0,CLE
CLE_WR_06,WR,4058.0,CLE
P100365_WR,WR,4058.0,CLE
IND_WR_05,WR,4058.0,CLE
CLE_TE_02,TE,4058.0,CLE
P100701_TE,TE,4058.0,CLE
TEN_OT_01,OT,4058.0,CLE
CLE_OT_02,OT,4058.0,CLE
CLE_OG_02,OG,4058.0,CLE
PIT_OG_03,OG,4058.0,CLE
NYJ_C_01,C,4058.0,CLE
CLE_EDGE_01,EDGE,4058.0,CLE
TB_EDGE_02,EDGE,4058.0,CLE
P100018_EDGE,EDGE,4058.0,CLE
P100146_EDGE,EDGE,4058.0,CLE
BAL_DT_02,DT,4058.0,CLE
P100324_DT,DT,4058.0,CLE
LAC_DT_02,DT,4058.0,CLE
CLE_LB_02,LB,4058.0,CLE
NYJ_LB_02,LB,4058.0,CLE
GB_LB_05,LB,4058.0,CLE
P100700_CB,CB,4058.0,CLE
DET_CB_04,CB,4058.0,CLE
TEN_CB_07,CB,4058.0,CLE
P100729_CB,CB,4058.0,CLE
NYG_S_01,S,4058.0,CLE
P100462_S,S,4058.0,CLE
P100142_S,S,4058.0,CLE
CLE_K_01,K,4058.0,CLE
TEN_P_01,P,4058.0,CLE
SF_QB_01,QB,2029.0,TEN
IND_RB_02,RB,2029.0,TEN
P100654_RB,RB,2029.0,TEN
ATL_WR_02,WR,2029.0,TEN
TEN_WR_03,WR,2029.0,TEN
DAL_WR_03,WR,2029.0,TEN
TEN_WR_02,WR,2029.0,TEN
TEN_TE_03,TE,2029.0,TEN
CAR_OT_02,OT,2029.0,TEN
BAL_OG_02,OG,2029.0,TEN
CAR_OG_04,OG,2029.0,TEN
P100005_C,C,2029.0,TEN
NO_EDGE_02,EDGE,2029.0,TEN
LAC_EDGE_01,EDGE,2029.0,TEN
BUF_EDGE_02,EDGE,2029.0,TEN
CHI_EDGE_02,EDGE,2029.0,TEN
TEN_DT_01,DT,2029.0,TEN
KC_DT_03,DT,2029.0,TEN
TEN_DT_04,DT,2029.0,TEN
TEN_LB_01,LB,2029.0,TEN
DET_LB_04,LB,2029.0,TEN
TEN_LB_04,LB,2029.0,TEN
CLE_CB_02,CB,2029.0,TEN
LAR_CB_08,CB,2029.0,TEN
PIT_CB_04,CB,2029.0,TEN
TEN_CB_04,CB,2029.0,TEN
TEN_S_01,S,2029.0,TEN
CLE_S_03,S,2029.0,TEN
BAL_S_01,S,2029.0,TEN
MIN_K_01,K,2029.0,TEN
PIT_P_01,P,2029.0,TEN
P100234_QB,QB,6087.0,IND
NYG_RB_03,RB,6087.0,IND
IND_WR_01,WR,6087.0,IND
ARI_WR_02,WR,6087.0,IND
NO_WR_05,WR,6087.0,IND
HOU_WR_04,WR,6087.0,IND
NYJ_TE_01,TE,6087.0,IND
SEA_TE_02,TE,6087.0,IND
MIN_OT_02,OT,6087.0,IND
NYG_OT_01,OT,6087.0,IND
PHI_OG_01,OG,6087.0,IND
DET_OG_02,OG,6087.0,IND
IND_C_01,C,6087.0,IND
IND_EDGE_01,EDGE,6087.0,IND
IND_EDGE_02,EDGE,6087.0,IND
DET_EDGE_01,EDGE,6087.0,IND
NO_EDGE_06,EDGE,6087.0,IND
PHI_DT_01,DT,6087.0,IND
CLE_DT_04,DT,6087.0,IND
CIN_DT_02,DT,6087.0,IND
PHI_LB_04,LB,6087.0,IND
GB_LB_03,LB,6087.0,IND
IND_LB_02,LB,6087.0,IND
IND_CB_01,CB,6087.0,IND
PIT_CB_01,CB,6087.0,IND
IND_CB_03,CB,6087.0,IND
CAR_S_02,S,6087.0,IND
MIA_S_02,S,6087.0,IND
P100491_S,S,6087.0,IND
ARI_K_01,K,6087.0,IND
IND_P_01,P,6087.0,IND
PHI_QB_01,QB,4058.0,PHI
CLE_RB_03,RB,4058.0,PHI
LV_RB_02,RB,4058.0,PHI
P100058_RB,RB,4058.0,PHI
PIT_WR_02,WR,4058.0,PHI
DET_WR_02,WR,4058.0,PHI
P100615_WR,WR,4058.0,PHI
BAL_WR_03,WR,4058.0,PHI
SEA_TE_01,TE,4058.0,PHI
PIT_TE_02,TE,4058.0,PHI
LV_OT_02,OT,4058.0,PHI
PHI_OT_04,OT,4058.0,PHI
LV_OG_03,OG,4058.0,PHI
CAR_C_01,C,4058.0,PHI
BUF_EDGE_01,EDGE,4058.0,PHI
PHI_EDGE_01,EDGE,4058.0,PHI
GB_EDGE_04,EDGE,4058.0,PHI
P100214_EDGE,EDGE,4058.0,PHI
CHI_DT_01,DT,4058.0,PHI
NYJ_DT_05,DT,4058.0,PHI
WAS_DT_04,DT,4058.0,PHI
JAX_LB_01,LB,4058.0,PHI
PHI_LB_03,LB,4058.0,PHI
HOU_CB_03,CB,4058.0,PHI
WAS_CB_08,CB,4058.0,PHI
NO_CB_04,CB,4058.0,PHI
P100249_CB,CB,4058.0,PHI
CAR_S_01,S,4058.0,PHI
NYJ_S_04,S,4058.0,PHI
P100342_S,S,4058.0,PHI
P100078_K,K,4058.0,PHI
DEN_P_01,P,4058.0,PHI
CIN_QB_03,QB,2029.0,SEA
SF_RB_03,RB,2029.0,SEA
CAR_RB_03,RB,2029.0,SEA
FA_RB_021,RB,2029.0,SEA
SF_WR_01,WR,2029.0,SEA
P100557_WR,WR,2029.0,SEA
P100552_WR,WR,2029.0,SEA
P100384_WR,WR,2029.0,SEA
P100720_TE,TE,2029.0,SEA
P100692_TE,TE,2029.0,SEA
CAR_OT_04,OT,2029.0,SEA
BAL_OT_01,OT,2029.0,SEA
TEN_OG_04,OG,2029.0,SEA
LAC_OG_02,OG,2029.0,SEA
SEA_C_01,C,2029.0,SEA
MIN_EDGE_02,EDGE,2029.0,SEA
P100066_EDGE,EDGE,2029.0,SEA
P100316_EDGE,EDGE,2029.0,SEA
HOU_DT_01,DT,2029.0,SEA
P100238_DT,DT,2029.0,SEA
NYG_DT_02,DT,2029.0,SEA
P100402_LB,LB,2029.0,SEA
SEA_LB_04,LB,2029.0,SEA
SEA_CB_04,CB,2029.0,SEA
CAR_CB_04,CB,2029.0,SEA
P100836_CB,CB,2029.0,SEA
P100702_CB,CB,2029.0,SEA
KC_S_01,S,2029.0,SEA
SF_S_02,S,2029.0,SEA
SF_S_01,S,2029.0,SEA
CIN_K_01,K,2029.0,SEA
SF_P_01,P,2029.0,SEA
LAR_QB_01,QB,2029.0,LAR
CIN_RB_01,RB,2029.0,LAR
IND_WR_02,WR,2029.0,LAR
SEA_WR_02,WR,2029.0,LAR
NYJ_WR_06,WR,2029.0,LAR
MIN_WR_03,WR,2029.0,LAR
LAR_TE_02,TE,2029.0,LAR
LAR_OT_01,OT,2029.0,LAR
LAR_OT_02,OT,2029.0,LAR
SEA_OG_05,OG,2029.0,LAR
KC_C_02,C,2029.0,LAR
SEA_EDGE_02,EDGE,2029.0,LAR
CLE_EDGE_03,EDGE,2029.0,LAR
ATL_EDGE_07,EDGE,2029.0,LAR
P100134_EDGE,EDGE,2029.0,LAR
LAR_DT_02,DT,2029.0,LAR
MIN_DT_03,DT,2029.0,LAR
GB_DT_05,DT,2029.0,LAR
P100545_LB,LB,2029.0,LAR
P100696_LB,LB,2029.0,LAR
P100519_LB,LB,2029.0,LAR
LAR_CB_02,CB,2029.0,LAR
JAX_CB_05,CB,2029.0,LAR
P100417_CB,CB,2029.0,LAR
LAC_CB_08,CB,2029.0,LAR
DET_S_01,S,2029.0,LAR
LAR_S_04,S,2029.0,LAR
P100676_S,S,2029.0,LAR
DAL_K_01,K,2029.0,LAR
DAL_P_01,P,2029.0,LAR
DET_QB_01,QB,4058.0,TB
PIT_RB_03,RB,4058.0,TB
BUF_RB_04,RB,4058.0,TB
MIN_RB_02,RB,4058.0,TB
HOU_WR_01,WR,4058.0,TB
CAR_WR_08,WR,4058.0,TB
MIA_WR_03,WR,4058.0,TB
KC_WR_07,WR,4058.0,TB
P100868_TE,TE,4058.0,TB
P100634_TE,TE,4058.0,TB
TB_OT_02,OT,4058.0,TB
ARI_OT_02,OT,4058.0,TB
DAL_OG_01,OG,4058.0,TB
MIN_OG_02,OG,4058.0,TB
NYG_C_01,C,4058.0,TB
NYJ_EDGE_01,EDGE,4058.0,TB
MIA_EDGE_01,EDGE,4058.0,TB
TEN_EDGE_02,EDGE,4058.0,TB
P100095_EDGE,EDGE,4058.0,TB
MIA_DT_02,DT,4058.0,TB
NO_DT_01,DT,4058.0,TB
ATL_DT_04,DT,4058.0,TB
TB_LB_02,LB,4058.0,TB
TB_LB_05,LB,4058.0,TB
LAR_LB_04,LB,4058.0,TB
LV_CB_01,CB,4058.0,TB
TB_CB_05,CB,4058.0,TB
SF_CB_04,CB,4058.0,TB
NE_CB_06,CB,4058.0,TB
LV_S_01,S,4058.0,TB
GB_S_04,S,4058.0,TB
WAS_S_04,S,4058.0,TB
JAX_K_01,K,4058.0,TB
TB_P_01,P,4058.0,TB
WAS_QB_01,QB,2029.0,MIN
P100007_RB,RB,2029.0,MIN
MIN_WR_02,WR,2029.0,MIN
P100722_WR,WR,2029.0,MIN
MIN_WR_05,WR,2029.0,MIN
LV_WR_07,WR,2029.0,MIN
NO_TE_03,TE,2029.0,MIN
ARI_TE_01,TE,2029.0,MIN
MIN_OT_01,OT,2029.0,MIN
PHI_OT_01,OT,2029.0,MIN
MIN_OG_01,OG,2029.0,MIN
P100388_OG,OG,2029.0,MIN
P100814_EDGE,EDGE,2029.0,MIN
NYJ_EDGE_02,EDGE,2029.0,MIN
P100346_EDGE,EDGE,2029.0,MIN
FA_EDGE_182,EDGE,2029.0,MIN
MIN_DT_01,DT,2029.0,MIN
MIN_DT_02,DT,2029.0,MIN
PIT_DT_01,DT,2029.0,MIN
FA_LB_159,LB,2029.0,MIN
BUF_LB_02,LB,2029.0,MIN
MIN_CB_01,CB,2029.0,MIN
LV_CB_04,CB,2029.0,MIN
P100174_CB,CB,2029.0,MIN
ARI_CB_06,CB,2029.0,MIN
TB_S_01,S,2029.0,MIN
DET_S_02,S,2029.0,MIN
ATL_S_01,S,2029.0,MIN
FA_K_006,K,2029.0,MIN
MIN_P_01,P,2029.0,MIN
ATL_QB_01,QB,6087.0,ATL
DAL_RB_01,RB,6087.0,ATL
NO_RB_03,RB,6087.0,ATL
P100382_RB,RB,6087.0,ATL
ATL_WR_06,WR,6087.0,ATL
CLE_WR_04,WR,6087.0,ATL
GB_WR_06,WR,6087.0,ATL
P100218_WR,WR,6087.0,ATL
ATL_TE_01,TE,6087.0,ATL
ATL_TE_02,TE,6087.0,ATL
HOU_OT_02,OT,6087.0,ATL
PIT_OT_03,OT,6087.0,ATL
ATL_OG_01,OG,6087.0,ATL
ATL_OG_04,OG,6087.0,ATL
ATL_C_01,C,6087.0,ATL
DET_EDGE_02,EDGE,6087.0,ATL
DEN_EDGE_01,EDGE,6087.0,ATL
DAL_EDGE_05,EDGE,6087.0,ATL
NYJ_EDGE_06,EDGE,6087.0,ATL
ATL_DT_01,DT,6087.0,ATL
PIT_DT_02,DT,6087.0,ATL
BAL_DT_04,DT,6087.0,ATL
MIN_LB_02,LB,6087.0,ATL
P100681_CB,CB,6087.0,ATL
P100406_CB,CB,6087.0,ATL
HOU_S_01,S,6087.0,ATL
ATL_S_03,S,6087.0,ATL
P100117_S,S,6087.0,ATL
ATL_K_01,K,6087.0,ATL
GB_P_01,P,6087.0,ATL
PIT_QB_01,QB,6087.0,CAR
CAR_RB_01,RB,6087.0,CAR
P100856_RB,RB,6087.0,CAR
PHI_WR_03,WR,6087.0,CAR
P100864_WR,WR,6087.0,CAR
P100327_WR,WR,6087.0,CAR
MIA_TE_01,TE,6087.0,CAR
P100840_TE,TE,6087.0,CAR
CAR_OT_01,OT,6087.0,CAR
NYJ_OT_01,OT,6087.0,CAR
WAS_OG_02,OG,6087.0,CAR
P100013_OG,OG,6087.0,CAR
LAC_C_01,C,6087.0,CAR
P100231_EDGE,EDGE,6087.0,CAR
P100326_EDGE,EDGE,6087.0,CAR
CAR_DT_01,DT,6087.0,CAR
P100482_DT,DT,6087.0,CAR
P100369_DT,DT,6087.0,CAR
NE_LB_01,LB,6087.0,CAR
GB_LB_02,LB,6087.0,CAR
P100176_LB,LB,6087.0,CAR
SF_CB_03,CB,6087.0,CAR
DAL_CB_03,CB,6087.0,CAR
TB_CB_03,CB,6087.0,CAR
P100786_CB,CB,6087.0,CAR
P100283_S,S,6087.0,CAR
NE_S_07,S,6087.0,CAR
LAR_K_01,K,6087.0,CAR
NYJ_P_01,P,6087.0,CAR
TB_QB_01,QB,26390.0,BUF
IND_RB_01,RB,30450.0,BUF
ARI_RB_05,RB,24360.0,BUF
P100620_RB,RB,34510.0,BUF
P100404_WR,WR,34510.0,BUF
P100119_WR,WR,34510.0,BUF
LV_WR_04,WR,34510.0,BUF
P100125_WR,WR,34510.0,BUF
NYJ_TE_03,TE,26390.0,BUF
WAS_TE_02,TE,34510.0,BUF
P100817_OT,OT,26390.0,BUF
KC_OT_04,OT,10150.0,BUF
CAR_OG_01,OG,34510.0,BUF
SEA_OG_04,OG,34510.0,BUF
BAL_C_01,C,34510.0,BUF
IND_EDGE_04,EDGE,28420.0,BUF
P100515_EDGE,EDGE,26390.0,BUF
P100565_EDGE,EDGE,34510.0,BUF
P100735_EDGE,EDGE,34510.0,BUF
P100812_DT,DT,28420.0,BUF
TEN_DT_02,DT,26390.0,BUF
ARI_DT_03,DT,34510.0,BUF
P100104_LB,LB,34510.0,BUF
GB_CB_03,CB,34510.0,BUF
BUF_CB_02,CB,34510.0,BUF
P100190_CB,CB,34510.0,BUF
P100956_CB,CB,24360.0,BUF
PIT_S_01,S,34510.0,BUF
P100881_S,S,34510.0,BUF
P100910_K,K,34510.0,BUF
PHI_P_01,P,34510.0,BUF
P100866_QB,QB,34510.0,NE
P100343_RB,RB,34510.0,NE
P100385_RB,RB,34510.0,NE
LAC_WR_01,WR,32480.0,NE
P100255_WR,WR,34510.0,NE
P100301_WR,WR,26390.0,NE
P100633_WR,WR,28420.0,NE
P101142_TE,TE,34510.0,NE
NO_TE_02,TE,34510.0,NE
NE_OT_03,OT,34510.0,NE
DEN_OT_05,OT,34510.0,NE
P100959_OG,OG,34510.0,NE
P100930_OG,OG,34510.0,NE
P100586_EDGE,EDGE,34510.0,NE
P100804_EDGE,EDGE,34510.0,NE
P100985_EDGE,EDGE,16240.0,NE
ARI_DT_04,DT,34510.0,NE
P100540_DT,DT,20300.0,NE
ATL_LB_07,LB,34510.0,NE
GB_CB_01,CB,34510.0,NE
P100583_CB,CB,34510.0,NE
NE_S_03,S,34510.0,NE
P100788_S,S,26390.0,NE
P100694_S,S,34510.0,NE
MIA_K_01,K,32480.0,NE
GB_P_02,P,34510.0,NE
CIN_QB_01,QB,34510.0,PIT
DAL_RB_03,RB,34510.0,PIT
P100854_RB,RB,34510.0,PIT
ATL_WR_04,WR,34510.0,PIT
PIT_WR_05,WR,34510.0,PIT
KC_WR_08,WR,24360.0,PIT
KC_WR_09,WR,32480.0,PIT
LAC_TE_01,TE,34510.0,PIT
P101121_TE,TE,34510.0,PIT
LV_OT_01,OT,34510.0,PIT
CAR_OT_02,OT,34510.0,PIT
PIT_OG_01,OG,24360.0,PIT
DAL_OG_03,OG,34510.0,PIT
PIT_C_01,C,28420.0,PIT
NE_EDGE_02,EDGE,34510.0,PIT
CAR_EDGE_09,EDGE,24360.0,PIT
ATL_EDGE_05,EDGE,34510.0,PIT
CIN_DT_01,DT,34510.0,PIT
P100851_DT,DT,34510.0,PIT
P100135_DT,DT,34510.0,PIT
PIT_LB_04,LB,34510.0,PIT
LAC_LB_01,LB,34510.0,PIT
MIN_LB_03,LB,34510.0,PIT
LV_CB_03,CB,2030.0,PIT
PIT_CB_03,CB,18270.0,PIT
P101166_CB,CB,34510.0,PIT
DET_CB_07,CB,34510.0,PIT
P100428_S,S,34510.0,PIT
P100347_S,S,34510.0,PIT
P100310_S,S,2030.0,PIT
KC_K_01,K,34510.0,PIT
GB_P_01,P,34510.0,PIT
IND_QB_01,QB,34510.0,BAL
P100371_RB,RB,34510.0,BAL
P101125_WR,WR,34510.0,BAL
P100643_WR,WR,18270.0,BAL
BAL_WR_04,WR,34510.0,BAL
P100813_WR,WR,8120.0,BAL
P101119_TE,TE,28420.0,BAL
P100849_TE,TE,16240.0,BAL
P100242_OT,OT,32480.0,BAL
P100241_OT,OT,24360.0,BAL
PIT_OG_02,OG,34510.0,BAL
P100870_OG,OG,34510.0,BAL
CIN_C_02,C,28420.0,BAL
BAL_EDGE_01,EDGE,32480.0,BAL
P100314_EDGE,EDGE,34510.0,BAL
BUF_EDGE_05,EDGE,24360.0,BAL
P100480_EDGE,EDGE,30450.0,BAL
P100056_DT,DT,34510.0,BAL
P100311_DT,DT,34510.0,BAL
BAL_DT_03,DT,6090.0,BAL
WAS_LB_04,LB,34510.0,BAL
BAL_CB_03,CB,34510.0,BAL
P100514_CB,CB,34510.0,BAL
P101170_CB,CB,16240.0,BAL
P100751_CB,CB,8120.0,BAL
P100243_S,S,34510.0,BAL
P100198_S,S,34510.0,BAL
SF_K_01,K,34510.0,BAL
WAS_P_02,P,34510.0,BAL
DAL_QB_02,QB,34510.0,NYJ
P100035_RB,RB,34510.0,NYJ
CIN_WR_04,WR,34510.0,NYJ
ATL_WR_01,WR,24360.0,NYJ
NYJ_WR_03,WR,34510.0,NYJ
ARI_WR_01,WR,34510.0,NYJ
P100981_TE,TE,34510.0,NYJ
LV_TE_02,TE,4060.0,NYJ
HOU_OT_01,OT,34510.0,NYJ
NYJ_OT_02,OT,34510.0,NYJ
NYJ_OG_01,OG,30450.0,NYJ
IND_OG_02,OG,34510.0,NYJ
PIT_EDGE_03,EDGE,32480.0,NYJ
JAX_EDGE_01,EDGE,26390.0,NYJ
NYJ_EDGE_04,EDGE,26390.0,NYJ
NYJ_EDGE_05,EDGE,20300.0,NYJ
DEN_DT_02,DT,26390.0,NYJ
BUF_DT_05,DT,34510.0,NYJ
PHI_DT_06,DT,10150.0,NYJ
NO_LB_01,LB,34510.0,NYJ
NYG_LB_02,LB,34510.0,NYJ
P100884_LB,LB,34510.0,NYJ
NYJ_CB_02,CB,34510.0,NYJ
PHI_CB_01,CB,32480.0,NYJ
PIT_CB_02,CB,34510.0,NYJ
CHI_CB_02,CB,30450.0,NYJ
CAR_S_03,S,20300.0,NYJ
P100592_S,S,34510.0,NYJ
NYG_S_01,S,34510.0,NYJ
CHI_K_01,K,34510.0,NYJ
SEA_P_01,P,30450.0,NYJ
P100234_QB,QB,28420.0,IND
P100963_RB,RB,34510.0,IND
DET_WR_02,WR,34510.0,IND
IND_WR_01,WR,34510.0,IND
P100762_WR,WR,32480.0,IND
P101088_WR,WR,34510.0,IND
SEA_TE_02,TE,34510.0,IND
CHI_TE_02,TE,34510.0,IND
MIN_OT_02,OT,34510.0,IND
NYG_OT_01,OT,34510.0,IND
SF_OG_02,OG,34510.0,IND
DET_OG_02,OG,34510.0,IND
IND_C_01,C,28420.0,IND
BAL_EDGE_02,EDGE,20300.0,IND
IND_EDGE_01,EDGE,34510.0,IND
DET_EDGE_01,EDGE,30450.0,IND
IND_EDGE_02,EDGE,34510.0,IND
TB_DT_02,DT,30450.0,IND
PHI_DT_01,DT,34510.0,IND
CLE_DT_04,DT,34510.0,IND
JAX_LB_02,LB,34510.0,IND
PHI_LB_04,LB,34510.0,IND
GB_LB_03,LB,24360.0,IND
IND_CB_01,CB,34510.0,IND
CLE_CB_03,CB,28420.0,IND
IND_CB_03,CB,34510.0,IND
CAR_S_02,S,34510.0,IND
P100491_S,S,34510.0,IND
GB_S_02,S,34510.0,IND
ARI_K_01,K,34510.0,IND
IND_P_01,P,30450.0,IND
PHI_QB_01,QB,34510.0,PHI
FA_RB_021,RB,34510.0,PHI
P100931_RB,RB,26390.0,PHI
P100058_RB,RB,34510.0,PHI
PIT_WR_02,WR,34510.0,PHI
P100615_WR,WR,34510.0,PHI
DET_WR_08,WR,24360.0,PHI
P100245_WR,WR,34510.0,PHI
SEA_TE_01,TE,34510.0,PHI
CAR_TE_03,TE,34510.0,PHI
ATL_OT_04,OT,34510.0,PHI
PHI_OT_04,OT,4060.0,PHI
SEA_OG_01,OG,34510.0,PHI
LV_OG_03,OG,26390.0,PHI
CAR_C_01,C,30450.0,PHI
BUF_EDGE_01,EDGE,26390.0,PHI
P100214_EDGE,EDGE,18270.0,PHI
P100435_EDGE,EDGE,28420.0,PHI
P101169_EDGE,EDGE,24360.0,PHI
DET_DT_01,DT,34510.0,PHI
SF_DT_05,DT,34510.0,PHI
NYJ_DT_05,DT,34510.0,PHI
JAX_LB_01,LB,22330.0,PHI
PHI_LB_03,LB,20300.0,PHI
ATL_CB_02,CB,28420.0,PHI
KC_CB_02,CB,22330.0,PHI
JAX_CB_03,CB,24360.0,PHI
WAS_CB_08,CB,26390.0,PHI
NYJ_S_04,S,34510.0,PHI
P100078_K,K,24360.0,PHI
DEN_P_01,P,34510.0,PHI
PIT_QB_01,QB,32480.0,CAR
ARI_RB_02,RB,34510.0,CAR
P100856_RB,RB,34510.0,CAR
CAR_WR_03,WR,22330.0,CAR
ARI_WR_02,WR,34510.0,CAR
P100864_WR,WR,32480.0,CAR
P100317_WR,WR,10150.0,CAR
P101098_TE,TE,24360.0,CAR
P100840_TE,TE,34510.0,CAR
NYJ_OT_01,OT,34510.0,CAR
DET_OT_01,OT,34510.0,CAR
WAS_OG_02,OG,30450.0,CAR
P100013_OG,OG,34510.0,CAR
LAC_C_01,C,34510.0,CAR
P100231_EDGE,EDGE,22330.0,CAR
CIN_EDGE_03,EDGE,34510.0,CAR
P100369_DT,DT,20300.0,CAR
CIN_DT_03,DT,34510.0,CAR
P101154_DT,DT,22330.0,CAR
NE_LB_01,LB,34510.0,CAR
P100015_LB,LB,28420.0,CAR
GB_LB_02,LB,10150.0,CAR
DAL_CB_03,CB,34510.0,CAR
SF_CB_03,CB,30450.0,CAR
TB_CB_03,CB,34510.0,CAR
P100786_CB,CB,32480.0,CAR
DET_S_02,S,16240.0,CAR
P100283_S,S,34510.0,CAR
MIA_S_02,S,32480.0,CAR
LAR_K_01,K,34510.0,CAR
NYJ_P_01,P,34510.0,CAR
P100863_QB,QB,34510.0,WAS
WAS_RB_02,RB,34510.0,WAS
P100952_RB,RB,34510.0,WAS
P101059_WR,WR,34510.0,WAS
WAS_WR_02,WR,22330.0,WAS
PIT_WR_06,WR,34510.0,WAS
CHI_WR_07,WR,30450.0,WAS
P100349_TE,TE,26390.0,WAS
CHI_TE_03,TE,34510.0,WAS
WAS_OT_02,OT,32480.0,WAS
LV_OT_03,OT,34510.0,WAS
P100503_OG,OG,22330.0,WAS
P100381_OG,OG,34510.0,WAS
NO_C_01,C,28420.0,WAS
P100021_EDGE,EDGE,34510.0,WAS
P100191_EDGE,EDGE,34510.0,WAS
WAS_EDGE_03,EDGE,20300.0,WAS
DEN_EDGE_04,EDGE,34510.0,WAS
P101158_DT,DT,34510.0,WAS
P101071_DT,DT,34510.0,WAS
P100228_DT,DT,34510.0,WAS
P100890_LB,LB,28420.0,WAS
P100768_LB,LB,34510.0,WAS
P100426_CB,CB,34510.0,WAS
WAS_CB_01,CB,24360.0,WAS
P100871_CB,CB,24360.0,WAS
P100525_CB,CB,20300.0,WAS
LAR_S_02,S,28420.0,WAS
P100109_S,S,34510.0,WAS
P101076_S,S,34510.0,WAS
PIT_K_02,K,22330.0,WAS
LAR_P_01,P,34510.0,WAS
P100088_QB,QB,34510.0,NO
P101092_RB,RB,32480.0,NO
P101080_WR,WR,34510.0,NO
CHI_WR_02,WR,2030.0,NO
TB_WR_07,WR,34510.0,NO
P101017_WR,WR,24360.0,NO
P101135_TE,TE,34510.0,NO
MIA_TE_01,TE,16240.0,NO
P100449_OT,OT,32480.0,NO
P100143_OT,OT,34510.0,NO
ARI_OG_05,OG,34510.0,NO
JAX_C_02,C,32480.0,NO
P100538_EDGE,EDGE,20300.0,NO
P100601_EDGE,EDGE,34510.0,NO
P100787_EDGE,EDGE,34510.0,NO
P101025_EDGE,EDGE,34510.0,NO
NO_DT_02,DT,34510.0,NO
NYG_DT_03,DT,34510.0,NO
P100758_DT,DT,34510.0,NO
P100585_LB,LB,34510.0,NO
NE_LB_02,LB,34510.0,NO
P100357_LB,LB,34510.0,NO
HOU_CB_03,CB,28420.0,NO
P101027_CB,CB,34510.0,NO
P100628_CB,CB,34510.0,NO
P100913_CB,CB,2030.0,NO
KC_S_02,S,34510.0,NO
P100766_S,S,34510.0,NO
P100686_S,S,34510.0,NO
P100362_K,K,30450.0,NO
ATL_P_02,P,34510.0,NO
SF_QB_02,QB,22330.0,SF
PHI_RB_01,RB,32480.0,SF
P100995_WR,WR,34510.0,SF
SEA_WR_02,WR,34510.0,SF
SEA_WR_01,WR,34510.0,SF
P100399_WR,WR,34510.0,SF
TEN_TE_01,TE,34510.0,SF
TB_TE_01,TE,30450.0,SF
SF_OT_01,OT,34510.0,SF
SF_OT_02,OT,34510.0,SF
KC_OG_02,OG,34510.0,SF
PIT_OG_04,OG,32480.0,SF
SF_C_01,C,4060.0,SF
CIN_EDGE_04,EDGE,34510.0,SF
TEN_EDGE_04,EDGE,34510.0,SF
NYG_EDGE_01,EDGE,22330.0,SF
P100719_EDGE,EDGE,28420.0,SF
CHI_DT_02,DT,34510.0,SF
P100246_DT,DT,28420.0,SF
NYG_DT_04,DT,34510.0,SF
SF_LB_01,LB,28420.0,SF
SF_LB_02,LB,34510.0,SF
NYJ_LB_01,LB,12180.0,SF
MIN_CB_05,CB,34510.0,SF
P100068_CB,CB,6090.0,SF
LAR_CB_05,CB,30450.0,SF
MIN_CB_04,CB,34510.0,SF
TB_S_02,S,32480.0,SF
NO_S_04,S,34510.0,SF
TEN_S_04,S,32480.0,SF
P100794_K,K,34510.0,SF
WAS_P_01,P,34510.0,SF
PIT_QB_02,QB,28420.0,TB
CIN_RB_02,RB,34510.0,TB
MIA_WR_03,WR,34510.0,TB
LAC_TE_02,TE,22330.0,TB
P100868_TE,TE,34510.0,TB
ARI_OT_02,OT,34510.0,TB
CHI_OT_01,OT,18270.0,TB
MIN_OG_02,OG,34510.0,TB
ARI_OG_04,OG,2030.0,TB
NYG_C_01,C,34510.0,TB
MIA_EDGE_01,EDGE,34510.0,TB
NYJ_EDGE_01,EDGE,34510.0,TB
P100095_EDGE,EDGE,20300.0,TB
NYG_EDGE_05,EDGE,34510.0,TB
MIA_DT_02,DT,26390.0,TB
ATL_DT_04,DT,30450.0,TB
NO_DT_01,DT,34510.0,TB
TB_LB_02,LB,34510.0,TB
TB_LB_05,LB,18270.0,TB
LAR_LB_04,LB,24360.0,TB
BAL_CB_02,CB,34510.0,TB
HOU_CB_05,CB,34510.0,TB
SF_CB_04,CB,34510.0,TB
NE_CB_06,CB,30450.0,TB
LV_S_01,S,34510.0,TB
ATL_S_04,S,34510.0,TB
GB_S_04,S,2030.0,TB
DEN_K_01,K,22330.0,TB
TB_P_01,P,18270.0,TB
P100948_QB,QB,34510.0,DAL
KC_RB_03,RB,34510.0,DAL
TEN_RB_04,RB,34510.0,DAL
CHI_WR_01,WR,34510.0,DAL
DAL_WR_02,WR,34510.0,DAL
P100431_WR,WR,34510.0,DAL
P100993_WR,WR,34510.0,DAL
P100050_TE,TE,34510.0,DAL
P100682_OT,OT,34510.0,DAL
DAL_OT_04,OT,34510.0,DAL
PHI_OG_01,OG,34510.0,DAL
P101127_OG,OG,34510.0,DAL
DAL_C_01,C,26390.0,DAL
P100279_EDGE,EDGE,28420.0,DAL
DEN_EDGE_02,EDGE,34510.0,DAL
DAL_EDGE_03,EDGE,28420.0,DAL
P100610_EDGE,EDGE,34510.0,DAL
GB_DT_02,DT,34510.0,DAL
NYJ_DT_03,DT,34510.0,DAL
P100033_DT,DT,34510.0,DAL
PHI_LB_02,LB,34510.0,DAL
P100489_LB,LB,34510.0,DAL
CLE_LB_01,LB,34510.0,DAL
LV_CB_01,CB,34510.0,DAL
GB_CB_04,CB,34510.0,DAL
ATL_CB_05,CB,34510.0,DAL
P100550_CB,CB,18270.0,DAL
P100057_S,S,34510.0,DAL
P100210_S,S,34510.0,DAL
P100859_S,S,34510.0,DAL
NE_K_01,K,34510.0,DAL
TB_P_02,P,32480.0,DAL
LAR_C_01,C,30450.0,SF
LAR_QB_01,QB,34510.0,LAR
CIN_RB_01,RB,34510.0,LAR
ATL_WR_02,WR,20300.0,LAR
IND_WR_02,WR,34510.0,LAR
NYG_WR_09,WR,34510.0,LAR
FA_WR_049,WR,34510.0,LAR
LAR_OT_01,OT,34510.0,LAR
PHI_OT_01,OT,34510.0,LAR
P101197_OG,OG,34510.0,LAR
KC_C_02,C,34510.0,LAR
LAC_EDGE_01,EDGE,34510.0,LAR
TEN_EDGE_01,EDGE,34510.0,LAR
SF_EDGE_03,EDGE,22330.0,LAR
CLE_EDGE_03,EDGE,30450.0,LAR
P101200_DT,DT,26390.0,LAR
LV_DT_01,DT,34510.0,LAR
SF_DT_04,DT,34510.0,LAR
P100545_LB,LB,34510.0,LAR
P100696_LB,LB,34510.0,LAR
KC_LB_01,LB,32480.0,LAR
P100417_CB,CB,34510.0,LAR
JAX_CB_05,CB,34510.0,LAR
LAC_CB_08,CB,34510.0,LAR
NO_CB_07,CB,34510.0,LAR
LAR_S_04,S,30450.0,LAR
P100676_S,S,32480.0,LAR
NE_S_02,S,14210.0,LAR
DAL_K_01,K,32480.0,LAR
DAL_P_01,P,34510.0,LAR
P100904_QB,QB,4060.0,LAC
P100430_RB,RB,34510.0,LAC
MIA_RB_04,RB,34510.0,LAC
CIN_RB_05,RB,34510.0,LAC
SF_WR_03,WR,26390.0,LAC
SF_WR_02,WR,32480.0,LAC
ARI_WR_03,WR,26390.0,LAC
P101164_WR,WR,34510.0,LAC
P101069_TE,TE,34510.0,LAC
P101090_TE,TE,6090.0,LAC
BAL_OT_01,OT,22330.0,LAC
P100581_OT,OT,34510.0,LAC
P100853_OG,OG,32480.0,LAC
P100834_OG,OG,34510.0,LAC
GB_C_01,C,24360.0,LAC
P100221_EDGE,EDGE,30450.0,LAC
P101103_EDGE,EDGE,34510.0,LAC
P100009_EDGE,EDGE,12180.0,LAC
SEA_DT_02,DT,34510.0,LAC
KC_DT_03,DT,24360.0,LAC
JAX_DT_04,DT,34510.0,LAC
P100710_LB,LB,34510.0,LAC
P100422_CB,CB,24360.0,LAC
P100527_CB,CB,34510.0,LAC
P100075_S,S,34510.0,LAC
LAC_S_02,S,34510.0,LAC
P100158_S,S,24360.0,LAC
LAC_K_01,K,34510.0,LAC
LAC_P_01,P,26390.0,LAC
BAL_WR_05,WR,32480.0,BAL
DEN_QB_01,QB,34510.0,DEN
DET_RB_02,RB,34510.0,DEN
CAR_WR_06,WR,34510.0,DEN
ATL_WR_06,WR,34510.0,DEN
PIT_WR_07,WR,34510.0,DEN
LAR_WR_06,WR,34510.0,DEN
SF_TE_01,TE,34510.0,DEN
DAL_OT_02,OT,34510.0,DEN
GB_OT_01,OT,34510.0,DEN
SF_OG_01,OG,8120.0,DEN
DEN_OG_01,OG,34510.0,DEN
LV_C_01,C,30450.0,DEN
SEA_EDGE_02,EDGE,34510.0,DEN
NYG_EDGE_02,EDGE,34510.0,DEN
P100114_EDGE,EDGE,30450.0,DEN
NE_EDGE_04,EDGE,16240.0,DEN
P100826_DT,DT,30450.0,DEN
SF_DT_02,DT,30450.0,DEN
P100820_DT,DT,28420.0,DEN
LV_LB_01,LB,32480.0,DEN
TB_LB_01,LB,26390.0,DEN
DET_LB_06,LB,34510.0,DEN
DEN_CB_03,CB,30450.0,DEN
P100366_CB,CB,34510.0,DEN
NO_CB_02,CB,26390.0,DEN
NYG_CB_01,CB,34510.0,DEN
PHI_S_02,S,32480.0,DEN
BUF_S_02,S,22330.0,DEN
ARI_S_02,S,34510.0,DEN
NYJ_K_01,K,24360.0,DEN
P100081_P,P,28420.0,DEN
NO_QB_01,QB,2030.0,CIN
P101019_RB,RB,34510.0,CIN
P101044_RB,RB,34510.0,CIN
IND_RB_04,RB,16240.0,CIN
DEN_WR_01,WR,34510.0,CIN
HOU_WR_02,WR,28420.0,CIN
CIN_WR_03,WR,34510.0,CIN
P100484_WR,WR,34510.0,CIN
GB_TE_03,TE,30450.0,CIN
P100472_TE,TE,12180.0,CIN
P100660_OT,OT,34510.0,CIN
CIN_OT_02,OT,34510.0,CIN
P100888_OG,OG,30450.0,CIN
CIN_OG_05,OG,34510.0,CIN
TB_C_01,C,34510.0,CIN
ATL_EDGE_01,EDGE,34510.0,CIN
LV_EDGE_02,EDGE,34510.0,CIN
DEN_EDGE_03,EDGE,34510.0,CIN
GB_EDGE_07,EDGE,34510.0,CIN
DEN_DT_01,DT,34510.0,CIN
P100475_DT,DT,28420.0,CIN
P100197_DT,DT,34510.0,CIN
SEA_LB_02,LB,34510.0,CIN
P100750_LB,LB,26390.0,CIN
ATL_LB_03,LB,34510.0,CIN
TB_CB_02,CB,34510.0,CIN
CIN_CB_01,CB,22330.0,CIN
SEA_CB_05,CB,34510.0,CIN
MIA_CB_05,CB,34510.0,CIN
CIN_S_01,S,16240.0,CIN
BAL_K_01,K,18270.0,CIN
ATL_P_01,P,34510.0,CIN
WAS_WR_03,WR,2030.0,NYJ
TEN_QB_02,QB,34510.0,NYG
P100534_RB,RB,34510.0,NYG
P100356_RB,RB,34510.0,NYG
P100511_RB,RB,32480.0,NYG
DAL_WR_01,WR,34510.0,NYG
DEN_WR_02,WR,32480.0,NYG
MIN_WR_04,WR,24360.0,NYG
DET_WR_04,WR,32480.0,NYG
CAR_TE_02,TE,24360.0,NYG
P100833_TE,TE,34510.0,NYG
NYG_OT_02,OT,20300.0,NYG
GB_OT_03,OT,24360.0,NYG
PHI_OG_02,OG,28420.0,NYG
PHI_C_01,C,34510.0,NYG
PHI_EDGE_01,EDGE,28420.0,NYG
NE_EDGE_07,EDGE,34510.0,NYG
P101005_EDGE,EDGE,30450.0,NYG
P101010_EDGE,EDGE,28420.0,NYG
GB_DT_05,DT,34510.0,NYG
PIT_DT_05,DT,20300.0,NYG
NE_DT_04,DT,34510.0,NYG
PIT_LB_02,LB,26390.0,NYG
P100319_LB,LB,34510.0,NYG
CHI_LB_04,LB,34510.0,NYG
P100731_CB,CB,34510.0,NYG
JAX_CB_01,CB,30450.0,NYG
P100638_CB,CB,34510.0,NYG
IND_CB_09,CB,34510.0,NYG
PIT_S_03,S,34510.0,NYG
TB_S_03,S,24360.0,NYG
NO_S_03,S,34510.0,NYG
BUF_K_01,K,30450.0,NYG
IND_CB_06,CB,30450.0,NE
NYG_QB_01,QB,28420.0,KC
KC_RB_01,RB,2030.0,KC
P101086_RB,RB,34510.0,KC
KC_WR_03,WR,34510.0,KC
LAC_WR_07,WR,34510.0,KC
P100160_WR,WR,22330.0,KC
P101198_WR,WR,10150.0,KC
KC_TE_01,TE,16240.0,KC
P100186_TE,TE,34510.0,KC
NO_OT_02,OT,34510.0,KC
MIA_OT_01,OT,34510.0,KC
P100528_OG,OG,34510.0,KC
P100688_OG,OG,34510.0,KC
CHI_C_01,C,34510.0,KC
CLE_EDGE_02,EDGE,34510.0,KC
PIT_EDGE_05,EDGE,34510.0,KC
P100595_EDGE,EDGE,32480.0,KC
P100602_EDGE,EDGE,6090.0,KC
KC_DT_02,DT,24360.0,KC
ARI_DT_02,DT,22330.0,KC
MIA_DT_04,DT,34510.0,KC
CAR_LB_01,LB,32480.0,KC
P100781_LB,LB,34510.0,KC
P100726_LB,LB,34510.0,KC
P100703_CB,CB,34510.0,KC
GB_CB_10,CB,26390.0,KC
P100927_S,S,28420.0,KC
P101188_S,S,34510.0,KC
P101007_S,S,26390.0,KC
FA_K_006,K,34510.0,KC
P100746_P,P,28420.0,KC
P101148_QB,QB,16240.0,HOU
P100080_RB,RB,34510.0,HOU
DAL_RB_04,RB,34510.0,HOU
KC_RB_05,RB,34510.0,HOU
P100295_WR,WR,34510.0,HOU
P100401_WR,WR,32480.0,HOU
HOU_WR_05,WR,30450.0,HOU
P100010_WR,WR,18270.0,HOU
IND_TE_02,TE,34510.0,HOU
HOU_TE_03,TE,30450.0,HOU
P100649_OT,OT,30450.0,HOU
P101100_OT,OT,34510.0,HOU
NYJ_OG_02,OG,26390.0,HOU
P100709_OG,OG,34510.0,HOU
SF_C_02,C,34510.0,HOU
LAR_EDGE_02,EDGE,28420.0,HOU
NE_EDGE_01,EDGE,32480.0,HOU
CHI_EDGE_05,EDGE,34510.0,HOU
P100124_EDGE,EDGE,34510.0,HOU
BAL_DT_01,DT,18270.0,HOU
HOU_DT_02,DT,34510.0,HOU
LAC_DT_06,DT,34510.0,HOU
NYG_LB_01,LB,16240.0,HOU
P100450_LB,LB,32480.0,HOU
SF_CB_01,CB,34510.0,HOU
SEA_CB_03,CB,24360.0,HOU
P100934_CB,CB,32480.0,HOU
P100895_CB,CB,32480.0,HOU
DET_S_05,S,34510.0,HOU
P100623_S,S,34510.0,HOU
P100917_S,S,32480.0,HOU
WAS_K_02,K,34510.0,HOU
P101131_P,P,34510.0,HOU
JAX_QB_01,QB,34510.0,JAX
LAR_RB_04,RB,34510.0,JAX
P100139_RB,RB,34510.0,JAX
P101077_RB,RB,26390.0,JAX
CAR_WR_01,WR,34510.0,JAX
P100512_WR,WR,34510.0,JAX
P100140_WR,WR,26390.0,JAX
JAX_TE_02,TE,26390.0,JAX
DEN_TE_04,TE,34510.0,JAX
JAX_OT_02,OT,30450.0,JAX
P100916_OT,OT,28420.0,JAX
DET_OG_04,OG,34510.0,JAX
P100841_OG,OG,34510.0,JAX
P100321_C,C,34510.0,JAX
P100011_EDGE,EDGE,24360.0,JAX
PIT_EDGE_04,EDGE,34510.0,JAX
JAX_DT_01,DT,28420.0,JAX
JAX_DT_05,DT,34510.0,JAX
P100799_DT,DT,34510.0,JAX
P100669_LB,LB,26390.0,JAX
P100612_LB,LB,20300.0,JAX
P100922_LB,LB,32480.0,JAX
JAX_CB_02,CB,24360.0,JAX
P100887_CB,CB,34510.0,JAX
P100008_CB,CB,34510.0,JAX
P100073_CB,CB,34510.0,JAX
CLE_S_01,S,28420.0,JAX
LAR_S_05,S,34510.0,JAX
ARI_S_05,S,34510.0,JAX
IND_K_01,K,34510.0,JAX
DEN_P_02,P,32480.0,JAX
CIN_QB_03,QB,34510.0,SEA
SF_RB_03,RB,28420.0,SEA
P100087_RB,RB,34510.0,SEA
P101008_RB,RB,24360.0,SEA
P100557_WR,WR,26390.0,SEA
SF_WR_01,WR,28420.0,SEA
P100552_WR,WR,22330.0,SEA
P100384_WR,WR,34510.0,SEA
P100720_TE,TE,22330.0,SEA
P100692_TE,TE,34510.0,SEA
DEN_OT_02,OT,34510.0,SEA
CAR_OT_04,OT,26390.0,SEA
TEN_OG_04,OG,30450.0,SEA
LAC_OG_02,OG,34510.0,SEA
SEA_C_01,C,34510.0,SEA
MIN_EDGE_02,EDGE,34510.0,SEA
P100066_EDGE,EDGE,28420.0,SEA
P100316_EDGE,EDGE,34510.0,SEA
HOU_DT_01,DT,34510.0,SEA
P100789_DT,DT,28420.0,SEA
NYG_DT_02,DT,8120.0,SEA
P100402_LB,LB,24360.0,SEA
SEA_LB_04,LB,34510.0,SEA
KC_CB_03,CB,34510.0,SEA
P101099_CB,CB,34510.0,SEA
CAR_CB_04,CB,30450.0,SEA
P100836_CB,CB,34510.0,SEA
SF_S_02,S,34510.0,SEA
P100410_S,S,34510.0,SEA
CIN_K_01,K,34510.0,SEA
CAR_QB_01,QB,18270.0,ARI
P100464_RB,RB,32480.0,ARI
P100447_WR,WR,34510.0,ARI
P100165_WR,WR,34510.0,ARI
NYJ_WR_08,WR,34510.0,ARI
ARI_WR_08,WR,24360.0,ARI
DET_TE_03,TE,34510.0,ARI
P100629_TE,TE,34510.0,ARI
DET_OT_02,OT,34510.0,ARI
CLE_OT_01,OT,8120.0,ARI
ARI_OG_01,OG,34510.0,ARI
LAC_OG_01,OG,34510.0,ARI
ARI_C_01,C,34510.0,ARI
P100707_EDGE,EDGE,34510.0,ARI
P100478_EDGE,EDGE,34510.0,ARI
P100561_EDGE,EDGE,26390.0,ARI
P100562_EDGE,EDGE,20300.0,ARI
JAX_DT_02,DT,18270.0,ARI
ARI_DT_01,DT,34510.0,ARI
DET_DT_05,DT,34510.0,ARI
P101195_LB,LB,34510.0,ARI
P101113_LB,LB,20300.0,ARI
P100978_LB,LB,34510.0,ARI
CAR_CB_01,CB,32480.0,ARI
LAR_CB_01,CB,34510.0,ARI
PIT_CB_05,CB,34510.0,ARI
P100393_CB,CB,34510.0,ARI
P100116_S,S,24360.0,ARI
SEA_K_01,K,34510.0,ARI
MIA_P_01,P,28420.0,ARI
GB_QB_01,QB,34510.0,GB
CHI_RB_03,RB,28420.0,GB
P100831_RB,RB,34510.0,GB
P100790_RB,RB,34510.0,GB
NYJ_WR_02,WR,32480.0,GB
LV_WR_01,WR,24360.0,GB
P100331_WR,WR,34510.0,GB
FA_WR_005,WR,28420.0,GB
CAR_TE_01,TE,34510.0,GB
ATL_TE_02,TE,34510.0,GB
P100507_OT,OT,34510.0,GB
P100571_OT,OT,16240.0,GB
JAX_OG_02,OG,34510.0,GB
NE_OG_01,OG,34510.0,GB
ATL_EDGE_07,EDGE,26390.0,GB
FA_EDGE_182,EDGE,34510.0,GB
P100797_EDGE,EDGE,26390.0,GB
P100869_EDGE,EDGE,8120.0,GB
GB_DT_01,DT,34510.0,GB
GB_DT_04,DT,30450.0,GB
WAS_DT_04,DT,34510.0,GB
LAR_LB_01,LB,26390.0,GB
P100185_LB,LB,34510.0,GB
DET_CB_01,CB,34510.0,GB
P100131_CB,CB,34510.0,GB
SEA_CB_04,CB,34510.0,GB
P100180_CB,CB,34510.0,GB
P101140_S,S,34510.0,GB
P101036_S,S,34510.0,GB
P101093_S,S,34510.0,GB
P100052_K,K,34510.0,GB
CLE_C_02,C,28420.0,NE
P100420_DT,DT,20300.0,NE
KC_QB_01,QB,22330.0,DET
P100695_RB,RB,34510.0,DET
P100523_RB,RB,32480.0,DET
KC_WR_01,WR,34510.0,DET
DET_WR_03,WR,34510.0,DET
DET_WR_01,WR,34510.0,DET
P100516_WR,WR,4060.0,DET
DET_TE_01,TE,34510.0,DET
KC_TE_02,TE,34510.0,DET
CIN_OT_03,OT,34510.0,DET
PIT_OT_04,OT,34510.0,DET
DEN_OG_02,OG,30450.0,DET
P100229_OG,OG,34510.0,DET
TEN_C_01,C,26390.0,DET
ARI_EDGE_02,EDGE,34510.0,DET
P100624_EDGE,EDGE,34510.0,DET
P100946_EDGE,EDGE,34510.0,DET
DET_EDGE_05,EDGE,34510.0,DET
IND_DT_01,DT,34510.0,DET
DET_DT_03,DT,34510.0,DET
P100184_DT,DT,28420.0,DET
DET_LB_02,LB,26390.0,DET
NE_LB_03,LB,32480.0,DET
P100988_LB,LB,28420.0,DET
P100486_CB,CB,34510.0,DET
DET_CB_08,CB,34510.0,DET
ARI_CB_03,CB,34510.0,DET
ARI_CB_04,CB,26390.0,DET
SEA_S_02,S,30450.0,DET
P100907_S,S,14210.0,DET
WAS_K_01,K,32480.0,DET
TEN_P_02,P,30450.0,DET
P100873_C,C,6090.0,BAL
P100074_QB,QB,34510.0,MIA
P101091_RB,RB,32480.0,MIA
LV_WR_02,WR,34510.0,MIA
PIT_WR_03,WR,34510.0,MIA
IND_WR_03,WR,34510.0,MIA
DAL_WR_08,WR,8120.0,MIA
MIA_TE_02,TE,22330.0,MIA
WAS_TE_01,TE,34510.0,MIA
PIT_OT_01,OT,22330.0,MIA
P100684_OT,OT,34510.0,MIA
CLE_OG_03,OG,34510.0,MIA
P100060_OG,OG,28420.0,MIA
MIN_C_01,C,34510.0,MIA
SF_EDGE_02,EDGE,34510.0,MIA
KC_EDGE_05,EDGE,28420.0,MIA
NO_EDGE_03,EDGE,34510.0,MIA
PHI_EDGE_03,EDGE,26390.0,MIA
CIN_DT_02,DT,34510.0,MIA
BUF_DT_02,DT,24360.0,MIA
PIT_DT_04,DT,32480.0,MIA
CAR_LB_02,LB,30450.0,MIA
FA_LB_118,LB,26390.0,MIA
TEN_LB_03,LB,32480.0,MIA
WAS_CB_02,CB,34510.0,MIA
NYJ_CB_03,CB,34510.0,MIA
LAR_CB_11,CB,34510.0,MIA
DAL_CB_04,CB,34510.0,MIA
P100363_S,S,34510.0,MIA
CHI_S_04,S,34510.0,MIA
ATL_S_05,S,34510.0,MIA
CAR_K_01,K,32480.0,MIA
CIN_P_01,P,34510.0,MIA
P100986_QB,QB,34510.0,CHI
PHI_RB_03,RB,34510.0,CHI
NYG_WR_02,WR,28420.0,CHI
P100386_WR,WR,28420.0,CHI
P101052_WR,WR,16240.0,CHI
CHI_WR_06,WR,8120.0,CHI
CHI_TE_01,TE,20300.0,CHI
P101047_TE,TE,34510.0,CHI
CAR_OT_05,OT,34510.0,CHI
SEA_OT_05,OT,34510.0,CHI
CAR_OG_02,OG,26390.0,CHI
IND_OG_01,OG,32480.0,CHI
TB_C_02,C,34510.0,CHI
LAR_EDGE_01,EDGE,34510.0,CHI
CHI_EDGE_01,EDGE,34510.0,CHI
CHI_EDGE_03,EDGE,34510.0,CHI
NE_DT_01,DT,34510.0,CHI
P100900_DT,DT,34510.0,CHI
PHI_DT_05,DT,28420.0,CHI
P100783_LB,LB,34510.0,CHI
WAS_LB_02,LB,34510.0,CHI
ATL_LB_04,LB,34510.0,CHI
DEN_CB_01,CB,34510.0,CHI
P100291_CB,CB,22330.0,CHI
DEN_CB_08,CB,34510.0,CHI
BAL_CB_01,CB,34510.0,CHI
CHI_S_01,S,34510.0,CHI
P100178_S,S,34510.0,CHI
GB_S_03,S,24360.0,CHI
TEN_K_01,K,34510.0,CHI
CHI_P_01,P,34510.0,CHI
P100968_WR,WR,10150.0,LAC
SF_LB_05,LB,18270.0,LAC
P100063_CB,CB,32480.0,WAS
P100260_WR,WR,22330.0,KC
P101141_DT,DT,12180.0,DEN
SEA_LB_03,LB,6090.0,DEN
TB_QB_02,QB,34510.0,MIN
P100007_RB,RB,26390.0,MIN
P100857_RB,RB,24360.0,MIN
MIN_WR_02,WR,34510.0,MIN
P100722_WR,WR,34510.0,MIN
MIA_WR_02,WR,34510.0,MIN
MIN_WR_05,WR,34510.0,MIN
NO_TE_03,TE,26390.0,MIN
PHI_TE_03,TE,34510.0,MIN
MIN_OT_01,OT,28420.0,MIN
MIN_OT_04,OT,18270.0,MIN
CIN_OG_02,OG,30450.0,MIN
P100388_OG,OG,34510.0,MIN
P100394_C,C,34510.0,MIN
GB_EDGE_03,EDGE,34510.0,MIN
P100814_EDGE,EDGE,34510.0,MIN
NYJ_EDGE_02,EDGE,22330.0,MIN
P100346_EDGE,EDGE,34510.0,MIN
MIN_DT_01,DT,26390.0,MIN
MIN_DT_02,DT,16240.0,MIN
PIT_DT_01,DT,34510.0,MIN
FA_LB_159,LB,34510.0,MIN
BUF_LB_02,LB,34510.0,MIN
P101182_LB,LB,20300.0,MIN
LV_CB_04,CB,24360.0,MIN
P100606_CB,CB,34510.0,MIN
TB_S_01,S,20300.0,MIN
DET_S_03,S,34510.0,MIN
P100042_S,S,34510.0,MIN
P101053_K,K,34510.0,MIN
MIN_P_01,P,32480.0,MIN
DET_S_04,S,24360.0,DET
IND_S_01,S,32480.0,DET
P100761_P,P,4060.0,DET
P101149_OT,OT,12180.0,BAL
P100938_DT,DT,28420.0,BAL
CIN_CB_03,CB,18270.0,BAL
LV_QB_01,QB,34510.0,LV
SF_RB_04,RB,34510.0,LV
LAR_WR_08,WR,24360.0,LV
FA_WR_083,WR,28420.0,LV
LV_WR_05,WR,34510.0,LV
P101114_WR,WR,16240.0,LV
P100212_TE,TE,22330.0,LV
P100219_TE,TE,24360.0,LV
P100361_OT,OT,30450.0,LV
CHI_OT_04,OT,30450.0,LV
LV_OG_01,OG,34510.0,LV
SEA_OG_05,OG,34510.0,LV
DAL_C_02,C,34510.0,LV
KC_EDGE_04,EDGE,34510.0,LV
NO_EDGE_04,EDGE,32480.0,LV
PHI_EDGE_04,EDGE,34510.0,LV
LAC_DT_02,DT,28420.0,LV
MIA_DT_01,DT,32480.0,LV
LAR_DT_05,DT,32480.0,LV
BAL_LB_01,LB,34510.0,LV
BUF_LB_04,LB,26390.0,LV
ATL_LB_05,LB,10150.0,LV
P100282_CB,CB,34510.0,LV
LV_CB_06,CB,34510.0,LV
GB_CB_06,CB,34510.0,LV
DAL_CB_08,CB,34510.0,LV
P101024_S,S,24360.0,LV
BAL_S_04,S,34510.0,LV
LAC_S_04,S,34510.0,LV
DET_K_01,K,26390.0,LV
JAX_P_01,P,34510.0,LV
PIT_OT_02,OT,30450.0,PHI
P100309_EDGE,EDGE,24360.0,PHI
P100249_CB,CB,26390.0,PHI
P100342_S,S,30450.0,PHI
GB_C_02,C,32480.0,GB
BAL_P_01,P,32480.0,GB
P100544_RB,RB,32480.0,NO
P100001_OG,OG,32480.0,NO
P100412_EDGE,EDGE,14210.0,NO
P100803_CB,CB,32480.0,NO
DET_QB_01,QB,28420.0,CLE
P101072_RB,RB,34510.0,CLE
P100990_RB,RB,34510.0,CLE
P100974_RB,RB,34510.0,CLE
CLE_WR_02,WR,26390.0,CLE
JAX_WR_02,WR,28420.0,CLE
CLE_WR_06,WR,34510.0,CLE
P100365_WR,WR,34510.0,CLE
CLE_TE_02,TE,34510.0,CLE
P100701_TE,TE,34510.0,CLE
CLE_OT_02,OT,28420.0,CLE
SEA_OT_04,OT,34510.0,CLE
TEN_OG_01,OG,34510.0,CLE
CLE_OG_02,OG,34510.0,CLE
CIN_C_01,C,34510.0,CLE
CLE_EDGE_01,EDGE,34510.0,CLE
P100018_EDGE,EDGE,14210.0,CLE
P100146_EDGE,EDGE,32480.0,CLE
HOU_EDGE_06,EDGE,26390.0,CLE
BAL_DT_02,DT,34510.0,CLE
P100324_DT,DT,34510.0,CLE
CLE_DT_02,DT,34510.0,CLE
CIN_LB_02,LB,34510.0,CLE
CLE_LB_02,LB,30450.0,CLE
NYJ_LB_02,LB,30450.0,CLE
P100700_CB,CB,34510.0,CLE
DET_CB_04,CB,34510.0,CLE
TEN_CB_07,CB,34510.0,CLE
P100729_CB,CB,34510.0,CLE
P100462_S,S,24360.0,CLE
P100142_S,S,16240.0,CLE
LAR_S_01,S,34510.0,CLE
CLE_K_01,K,28420.0,CLE
TEN_P_01,P,30450.0,CLE
P100327_WR,WR,14210.0,CAR
P101015_WR,WR,4060.0,CAR
KC_EDGE_01,EDGE,18270.0,CAR
P101112_RB,RB,16240.0,MIA
P100237_RB,RB,10150.0,BUF
P100745_RB,RB,4060.0,BUF
BUF_OT_01,OT,32480.0,BUF
P100659_CB,CB,10150.0,BUF
LV_EDGE_01,EDGE,22330.0,DEN
P100809_QB,QB,30450.0,LAC
P100825_DT,DT,10150.0,LAC
P100653_WR,WR,30450.0,CHI
P100882_EDGE,EDGE,30450.0,GB
P100902_EDGE,EDGE,12180.0,MIN
P100176_LB,LB,30450.0,CAR
PHI_WR_02,WR,32480.0,TB
CAR_WR_08,WR,30450.0,TB
CHI_OG_03,OG,8120.0,TB
NO_S_01,S,32480.0,TB
NO_EDGE_06,EDGE,18270.0,IND
P100226_P,P,30450.0,NYG
P100377_WR,WR,8120.0,NYJ
DEN_TE_01,TE,30450.0,NYJ
CHI_DT_03,DT,30450.0,NYJ
P100805_WR,WR,26390.0,DET
SF_S_07,S,28420.0,CLE
P100213_LB,LB,4060.0,SF
IND_CB_02,CB,28420.0,SF
P100304_EDGE,EDGE,30450.0,KC
P101145_S,S,14210.0,KC
P100744_TE,TE,12180.0,SEA
P100238_DT,DT,32480.0,SEA
TEN_EDGE_06,EDGE,14210.0,BAL
MIA_CB_01,CB,26390.0,BAL
P100838_WR,WR,18270.0,HOU
P100936_DT,DT,6090.0,JAX
P100153_CB,CB,32480.0,PIT
P100893_CB,CB,16240.0,PIT
P100400_S,S,32480.0,PIT
SF_QB_01,QB,30450.0,TEN
IND_RB_02,RB,34510.0,TEN
P100654_RB,RB,34510.0,TEN
TEN_WR_03,WR,8120.0,TEN
DAL_WR_03,WR,28420.0,TEN
SEA_WR_06,WR,34510.0,TEN
P101161_WR,WR,32480.0,TEN
TEN_TE_03,TE,34510.0,TEN
TEN_OT_01,OT,8120.0,TEN
LAC_OT_01,OT,34510.0,TEN
ARI_OG_02,OG,34510.0,TEN
LV_OG_02,OG,6090.0,TEN
P100005_C,C,32480.0,TEN
NO_EDGE_02,EDGE,34510.0,TEN
BUF_EDGE_02,EDGE,34510.0,TEN
P100375_EDGE,EDGE,24360.0,TEN
P101061_EDGE,EDGE,32480.0,TEN
TEN_DT_01,DT,34510.0,TEN
IND_DT_05,DT,26390.0,TEN
P101016_DT,DT,2030.0,TEN
TEN_LB_01,LB,22330.0,TEN
DET_LB_04,LB,34510.0,TEN
P100252_LB,LB,18270.0,TEN
CLE_CB_02,CB,34510.0,TEN
TEN_CB_08,CB,34510.0,TEN
TEN_CB_04,CB,20300.0,TEN
TEN_S_01,S,30450.0,TEN
BAL_S_01,S,34510.0,TEN
P101034_S,S,2030.0,TEN
MIN_K_01,K,34510.0,TEN
PIT_P_01,P,28420.0,TEN
CLE_TE_03,TE,22330.0,LV
LV_DT_03,DT,10150.0,LV
PIT_LB_01,LB,32480.0,LV
P100932_WR,WR,14210.0,WAS
P100867_LB,LB,30450.0,WAS
ATL_QB_01,QB,24360.0,ATL
LV_RB_02,RB,24360.0,ATL
P100600_RB,RB,34510.0,ATL
P100382_RB,RB,26390.0,ATL
NE_WR_02,WR,34510.0,ATL
CLE_WR_04,WR,34510.0,ATL
GB_WR_06,WR,34510.0,ATL
ATL_WR_07,WR,2030.0,ATL
ATL_TE_01,TE,28420.0,ATL
HOU_OT_02,OT,34510.0,ATL
P100872_OT,OT,34510.0,ATL
ATL_OG_01,OG,32480.0,ATL
ATL_OG_04,OG,16240.0,ATL
ATL_C_01,C,34510.0,ATL
DET_EDGE_02,EDGE,34510.0,ATL
P101083_EDGE,EDGE,28420.0,ATL
DAL_EDGE_05,EDGE,34510.0,ATL
NYJ_EDGE_06,EDGE,10150.0,ATL
ATL_DT_01,DT,34510.0,ATL
PIT_DT_02,DT,34510.0,ATL
P100539_DT,DT,8120.0,ATL
P101107_LB,LB,30450.0,ATL
IND_LB_01,LB,34510.0,ATL
P100980_LB,LB,34510.0,ATL
P100681_CB,CB,34510.0,ATL
P100406_CB,CB,28420.0,ATL
ATL_S_03,S,34510.0,ATL
HOU_S_03,S,34510.0,ATL
P100117_S,S,6090.0,ATL
ATL_K_01,K,34510.0,ATL
CAR_P_01,P,34510.0,ATL
P100496_QB,QB,32480.0,CIN
CIN_TE_01,TE,20300.0,CIN
P100728_EDGE,EDGE,12180.0,DAL
P101111_CB,CB,16240.0,DAL
P101153_S,S,8120.0,NE
TB_WR_02,WR,26390.0,MIA
P100300_C,C,28420.0,NYJ
ARI_WR_05,WR,14210.0,CLE
MIA_EDGE_04,EDGE,24360.0,CLE
P100536_OT,OT,4060.0,HOU
TEN_WR_04,WR,32480.0,TEN
CAR_OG_04,OG,24360.0,TEN
P100714_DT,DT,22330.0,TEN
CLE_S_03,S,14210.0,TEN
LV_OT_04,OT,8120.0,LV
KC_TE_04,TE,28420.0,LAC
HOU_WR_01,WR,28420.0,TB
P100482_DT,DT,26390.0,CAR
GB_OG_04,OG,2030.0,SF
LAR_DT_06,DT,6090.0,SF
ATL_LB_06,LB,22330.0,SF
CIN_OT_04,OT,8120.0,SEA
KC_S_01,S,30450.0,SEA
P100218_WR,WR,32480.0,ATL
DEN_EDGE_01,EDGE,30450.0,ATL
SF_WR_05,WR,14210.0,NYG
LV_TE_01,TE,30450.0,LAR
PHI_DT_02,DT,8120.0,LAR
DET_S_01,S,26390.0,LAR
P100091_DT,DT,6090.0,CHI
P100358_WR,WR,10150.0,ARI
P100261_EDGE,EDGE,18270.0,ARI
CAR_DT_06,DT,14210.0,ARI
ARI_S_01,S,30450.0,ARI
P100967_CB,CB,8120.0,DET
MIA_TE_03,TE,24360.0,BAL
P100566_WR,WR,14210.0,GB
MIA_OT_04,OT,22330.0,MIN
LAR_TE_02,TE,26390.0,DEN
NO_CB_05,CB,8120.0,DEN
PIT_CB_04,CB,4060.0,DEN
GB_LB_05,LB,8120.0,CLE
P100065_S,S,10150.0,NYG
P100929_RB,RB,6090.0,GB
P100675_WR,WR,4060.0,GB
DAL_OT_01,OT,18270.0,GB
P100322_WR,WR,26390.0,CHI
P101060_DT,DT,18270.0,MIN
TB_OG_01,OG,24360.0,TB
JAX_OT_01,OT,26390.0,ARI
P100955_WR,WR,20300.0,SEA
P100926_TE,TE,4060.0,BUF
P100530_QB,QB,6090.0,HOU
P101187_WR,WR,16240.0,NE
JAX_WR_01,WR,28420.0,JAX
SEA_EDGE_01,EDGE,28420.0,JAX
P100780_EDGE,EDGE,26390.0,NYJ
P100846_CB,CB,14210.0,KC
P100383_P,P,2030.0,KC
PHI_WR_03,WR,20300.0,CAR
P100147_RB,RB,18270.0,CIN
TEN_LB_06,LB,8120.0,CIN
P100738_LB,LB,28420.0,TEN
FA_S_181,S,22330.0,TEN
CAR_DT_02,DT,26390.0,ATL
PHI_LB_06,LB,4060.0,ATL
BUF_S_03,S,28420.0,ATL
P100678_K,K,2030.0,DET
SF_QB_03,QB,10150.0,ATL
P100438_OT,OT,16240.0,TB
HOU_LB_02,LB,18270.0,TB
LV_DT_02,DT,4060.0,IND
GB_DT_03,DT,2030.0,MIA
NYG_LB_04,LB,12180.0,MIA
P100498_OT,OT,26390.0,TEN
TEN_DT_04,DT,18270.0,TEN
P100964_P,P,6090.0,TEN
HOU_EDGE_02,EDGE,18270.0,SF
DEN_LB_03,LB,2030.0,SF
ARI_DT_05,DT,8120.0,MIN
P100483_EDGE,EDGE,12180.0,GB
LAC_DT_03,DT,16240.0,HOU
GB_QB_03,QB,16240.0,ARI
P100723_CB,CB,6090.0,CAR
WAS_OT_01,OT,12180.0,MIA
P101022_QB,QB,4060.0,CLE
KC_C_03,C,6090.0,PIT
LAR_CB_08,CB,22330.0,TEN
NO_QB_02,QB,12180.0,HOU
MIN_TE_01,TE,18270.0,DAL
TB_OG_04,OG,10150.0,CHI
P100233_LB,LB,14210.0,NE
NYJ_QB_02,QB,6090.0,KC
IND_K_02,K,4060.0,NYG
TEN_EDGE_05,EDGE,6090.0,NYJ
P100708_WR,WR,6090.0,PHI
CIN_OG_03,OG,8120.0,PHI
P100782_CB,CB,6090.0,PHI
DET_K_02,K,16240.0,CIN
JAX_OT_04,OT,12180.0,LAC
P100288_OT,OT,12180.0,NYG
DAL_OG_02,OG,20300.0,ATL
P100044_CB,CB,6090.0,NO
P100977_EDGE,EDGE,14210.0,WAS
CHI_QB_01,QB,2030.0,CLE
BUF_OT_06,OT,6090.0,CLE
CAR_EDGE_03,EDGE,18270.0,CAR
P100359_TE,TE,14210.0,LAR
P100134_EDGE,EDGE,12180.0,LAR
P100054_WR,WR,10150.0,BAL
TB_WR_05,WR,4060.0,PHI
TEN_DT_06,DT,14210.0,NYG
DET_QB_02,QB,12180.0,DET
BUF_C_02,C,8120.0,DET
P101043_WR,WR,14210.0,LAR
BAL_RB_02,RB,16240.0,SEA
ARI_QB_01,QB,12180.0,SF
DAL_TE_01,TE,12180.0,TB
CAR_DT_04,DT,12180.0,TB
LAC_LB_04,LB,8120.0,TB
P100352_S,S,6090.0,WAS
HOU_K_01,K,12180.0,WAS
PIT_TE_02,TE,12180.0,MIA
CHI_CB_04,CB,12180.0,CHI
HOU_WR_04,WR,2030.0,IND
P100972_WR,WR,6090.0,CIN
NYJ_CB_05,CB,12180.0,CIN
P100779_OG,OG,8120.0,HOU
P100741_WR,WR,8120.0,KC
P101011_WR,WR,6090.0,KC
P101009_TE,TE,6090.0,MIN
MIN_LB_08,LB,14210.0,MIN
DEN_CB_04,CB,14210.0,MIN
P101106_QB,QB,8120.0,BUF
P100497_DT,DT,8120.0,BUF
DAL_EDGE_06,EDGE,12180.0,MIA
DAL_DT_05,DT,10150.0,MIA
CIN_CB_06,CB,10150.0,NE
LAC_WR_03,WR,8120.0,LAC
NYG_EDGE_04,EDGE,10150.0,LAC
P100168_RB,RB,8120.0,ATL
MIN_OG_04,OG,4060.0,CAR
P100611_CB,CB,10150.0,JAX
P100466_C,C,8120.0,DAL
P100415_LB,LB,10150.0,PHI
BUF_QB_03,QB,6090.0,TB
P100594_EDGE,EDGE,4060.0,LAR
ATL_C_02,C,6090.0,IND
P100141_OG,OG,12180.0,WAS
DEN_LB_02,LB,8120.0,NYG
BAL_OG_03,OG,6090.0,MIA
IND_LB_02,LB,10150.0,IND
LAR_OG_01,OG,8120.0,LAR
PHI_RB_04,RB,8120.0,PHI
TB_CB_05,CB,4060.0,TB
P100819_OT,OT,6090.0,NYG
P100405_DT,DT,6090.0,BUF
P100713_OG,OG,4060.0,MIN
DEN_DT_04,DT,2030.0,DEN
LAC_OG_03,OG,4060.0,NYJ
P100096_DT,DT,6090.0,CIN
P101050_CB,CB,2030.0,ARI
P100022_WR,WR,4060.0,DET
P100339_OG,OG,4060.0,DET
P100337_OT,OT,6090.0,JAX
BAL_EDGE_04,EDGE,6090.0,SEA
P100702_CB,CB,4060.0,SEA
SEA_QB_01,QB,2030.0,TEN
P100556_OG,OG,4060.0,TEN
P100313_WR,WR,2030.0,WAS
ARI_OT_03,OT,6090.0,NYG
KC_C_01,C,4060.0,DEN
LV_EDGE_04,EDGE,4060.0,LV
BAL_OG_04,OG,4060.0,CIN
P100519_LB,LB,2030.0,LAR
KC_P_01,P,4060.0,IND
NE_TE_03,TE,2030.0,MIN
NE_QB_02,QB,2030.0,TEN
NO_C_03,C,2030.0,TEN
P100292_CB,CB,2030.0,KC
P101057_S,S,2030.0,HOU
JAX_OG_01,OG,2030.0,DEN
P101194_CB,CB,4060.0,NYG
SEA_OG_03,OG,4060.0,SEA
NO_C_02,C,2030.0,NE
P101173_P,P,2030.0,JAX
PIT_C_03,C,2030.0,NO
DAL_DT_04,DT,2030.0,ARI
IND_OT_02,OT,2030.0,WAS
TB_DT_03,DT,2030.0,NYJ
P100558_OG,OG,2030.0,LAC
ARI_LB_05,LB,2030.0,MIA
P100334_RB,RB,2030.0,NYG
NYJ_WR_07,WR,2030.0,LV
P100234_QB,QB,4060.0,IND
P100963_RB,RB,4060.0,IND
DET_WR_02,WR,4060.0,IND
IND_WR_01,WR,4060.0,IND
P100762_WR,WR,4060.0,IND
P101088_WR,WR,4060.0,IND
SEA_TE_02,TE,4060.0,IND
CHI_TE_02,TE,4060.0,IND
NYG_OT_01,OT,4060.0,IND
IND_OT_01,OT,4060.0,IND
SF_OG_02,OG,4060.0,IND
DET_OG_02,OG,4060.0,IND
IND_C_01,C,4060.0,IND
BAL_EDGE_02,EDGE,4060.0,IND
IND_EDGE_01,EDGE,4060.0,IND
IND_EDGE_02,EDGE,4060.0,IND
NO_EDGE_06,EDGE,4060.0,IND
TB_DT_02,DT,4060.0,IND
PHI_DT_01,DT,4060.0,IND
CLE_DT_04,DT,4060.0,IND
JAX_LB_02,LB,4060.0,IND
PHI_LB_04,LB,4060.0,IND
GB_LB_03,LB,4060.0,IND
IND_CB_01,CB,4060.0,IND
CLE_CB_03,CB,4060.0,IND
IND_CB_03,CB,4060.0,IND
CAR_S_02,S,4060.0,IND
P100491_S,S,4060.0,IND
GB_S_02,S,4060.0,IND
NO_K_01,K,4060.0,IND
IND_P_01,P,4060.0,IND
P100496_QB,QB,2030.0,CIN
P101019_RB,RB,2030.0,CIN
P101044_RB,RB,2030.0,CIN
IND_RB_04,RB,2030.0,CIN
DEN_WR_01,WR,2030.0,CIN
HOU_WR_02,WR,2030.0,CIN
CIN_WR_03,WR,2030.0,CIN
P100484_WR,WR,2030.0,CIN
GB_TE_03,TE,2030.0,CIN
CIN_TE_01,TE,2030.0,CIN
P100660_OT,OT,2030.0,CIN
CIN_OT_02,OT,2030.0,CIN
P100888_OG,OG,2030.0,CIN
CIN_OG_05,OG,2030.0,CIN
TB_C_01,C,2030.0,CIN
ATL_EDGE_01,EDGE,2030.0,CIN
LV_EDGE_02,EDGE,2030.0,CIN
DEN_EDGE_03,EDGE,2030.0,CIN
GB_EDGE_07,EDGE,2030.0,CIN
P100475_DT,DT,2030.0,CIN
P100197_DT,DT,2030.0,CIN
P100096_DT,DT,2030.0,CIN
SEA_LB_02,LB,2030.0,CIN
P100750_LB,LB,2030.0,CIN
ATL_LB_03,LB,2030.0,CIN
TB_CB_02,CB,2030.0,CIN
CIN_CB_01,CB,2030.0,CIN
SEA_CB_05,CB,2030.0,CIN
MIA_CB_05,CB,2030.0,CIN
CIN_S_01,S,2030.0,CIN
BAL_K_01,K,2030.0,CIN
ATL_P_01,P,2030.0,CIN
CIN_QB_01,QB,8120.0,PIT
P100854_RB,RB,8120.0,PIT
ATL_WR_04,WR,8120.0,PIT
PIT_WR_05,WR,8120.0,PIT
KC_WR_08,WR,8120.0,PIT
LAC_TE_01,TE,8120.0,PIT
P101121_TE,TE,8120.0,PIT
LV_OT_01,OT,8120.0,PIT
CAR_OT_02,OT,8120.0,PIT
PIT_OG_01,OG,8120.0,PIT
DAL_OG_03,OG,8120.0,PIT
PIT_C_01,C,8120.0,PIT
NE_EDGE_02,EDGE,8120.0,PIT
ATL_EDGE_05,EDGE,8120.0,PIT
CIN_DT_01,DT,8120.0,PIT
P100851_DT,DT,8120.0,PIT
P100135_DT,DT,8120.0,PIT
PIT_LB_04,LB,8120.0,PIT
LAC_LB_01,LB,8120.0,PIT
MIN_LB_03,LB,8120.0,PIT
PIT_CB_03,CB,8120.0,PIT
P101166_CB,CB,8120.0,PIT
DET_CB_07,CB,8120.0,PIT
P100153_CB,CB,8120.0,PIT
P100428_S,S,8120.0,PIT
P100347_S,S,8120.0,PIT
P100400_S,S,8120.0,PIT
KC_K_01,K,8120.0,PIT
GB_P_01,P,8120.0,PIT
IND_RB_02,RB,2030.0,TEN
P100654_RB,RB,2030.0,TEN
DAL_WR_03,WR,2030.0,TEN
SEA_WR_06,WR,2030.0,TEN
TEN_WR_04,WR,2030.0,TEN
TEN_TE_03,TE,2030.0,TEN
LAC_OT_01,OT,2030.0,TEN
P100498_OT,OT,2030.0,TEN
ARI_OG_02,OG,2030.0,TEN
CAR_OG_04,OG,2030.0,TEN
NO_EDGE_02,EDGE,2030.0,TEN
BUF_EDGE_02,EDGE,2030.0,TEN
P100375_EDGE,EDGE,2030.0,TEN
P101061_EDGE,EDGE,2030.0,TEN
TEN_DT_01,DT,2030.0,TEN
TEN_DT_04,DT,2030.0,TEN
IND_DT_05,DT,2030.0,TEN
TEN_LB_01,LB,2030.0,TEN
DET_LB_04,LB,2030.0,TEN
P100738_LB,LB,2030.0,TEN
CLE_CB_02,CB,2030.0,TEN
TEN_CB_08,CB,2030.0,TEN
LAR_CB_08,CB,2030.0,TEN
TEN_CB_04,CB,2030.0,TEN
TEN_S_01,S,2030.0,TEN
FA_S_181,S,2030.0,TEN
BAL_S_01,S,2030.0,TEN
MIN_K_01,K,2030.0,TEN
PIT_P_01,P,2030.0,TEN
P100074_QB,QB,2030.0,MIA
P101112_RB,RB,2030.0,MIA
P101091_RB,RB,2030.0,MIA
LV_WR_02,WR,2030.0,MIA
PIT_WR_03,WR,2030.0,MIA
IND_WR_03,WR,2030.0,MIA
TB_WR_02,WR,2030.0,MIA
MIA_TE_02,TE,2030.0,MIA
WAS_TE_01,TE,2030.0,MIA
PIT_OT_01,OT,2030.0,MIA
P100684_OT,OT,2030.0,MIA
CLE_OG_03,OG,2030.0,MIA
P100060_OG,OG,2030.0,MIA
MIN_C_01,C,2030.0,MIA
SF_EDGE_02,EDGE,2030.0,MIA
KC_EDGE_05,EDGE,2030.0,MIA
NO_EDGE_03,EDGE,2030.0,MIA
DAL_EDGE_06,EDGE,2030.0,MIA
CIN_DT_02,DT,2030.0,MIA
BUF_DT_02,DT,2030.0,MIA
PIT_DT_04,DT,2030.0,MIA
FA_LB_118,LB,2030.0,MIA
NYG_LB_04,LB,2030.0,MIA
WAS_CB_02,CB,2030.0,MIA
NYJ_CB_03,CB,2030.0,MIA
LAR_CB_11,CB,2030.0,MIA
DAL_CB_04,CB,2030.0,MIA
P100363_S,S,2030.0,MIA
CHI_S_04,S,2030.0,MIA
ATL_S_05,S,2030.0,MIA
CAR_K_01,K,2030.0,MIA
CIN_P_01,P,2030.0,MIA
DET_QB_01,QB,4060.0,CLE
P101072_RB,RB,4060.0,CLE
P100990_RB,RB,4060.0,CLE
CLE_WR_02,WR,4060.0,CLE
JAX_WR_02,WR,4060.0,CLE
CLE_WR_06,WR,4060.0,CLE
P100365_WR,WR,4060.0,CLE
P100701_TE,TE,4060.0,CLE
CLE_OT_02,OT,4060.0,CLE
SEA_OT_04,OT,4060.0,CLE
TEN_OG_01,OG,4060.0,CLE
CLE_OG_02,OG,4060.0,CLE
CIN_C_01,C,4060.0,CLE
CLE_EDGE_01,EDGE,4060.0,CLE
P100018_EDGE,EDGE,4060.0,CLE
P100146_EDGE,EDGE,4060.0,CLE
MIA_EDGE_04,EDGE,4060.0,CLE
P100324_DT,DT,4060.0,CLE
CLE_DT_02,DT,4060.0,CLE
P100975_DT,DT,4060.0,CLE
CIN_LB_02,LB,4060.0,CLE
CLE_LB_02,LB,4060.0,CLE
NYJ_LB_02,LB,4060.0,CLE
P100700_CB,CB,4060.0,CLE
TEN_CB_07,CB,4060.0,CLE
P100729_CB,CB,4060.0,CLE
NE_CB_02,CB,4060.0,CLE
P100142_S,S,4060.0,CLE
LAR_S_01,S,4060.0,CLE
SF_S_07,S,4060.0,CLE
CLE_K_01,K,4060.0,CLE
TEN_P_01,P,4060.0,CLE
DEN_QB_01,QB,4060.0,DEN
DET_RB_02,RB,4060.0,DEN
CAR_WR_06,WR,4060.0,DEN
ATL_WR_06,WR,4060.0,DEN
PIT_WR_07,WR,4060.0,DEN
LAR_WR_06,WR,4060.0,DEN
SF_TE_01,TE,4060.0,DEN
LAR_TE_02,TE,4060.0,DEN
DAL_OT_02,OT,4060.0,DEN
GB_OT_01,OT,4060.0,DEN
JAX_OG_01,OG,4060.0,DEN
DEN_OG_01,OG,4060.0,DEN
LV_C_01,C,4060.0,DEN
SEA_EDGE_02,EDGE,4060.0,DEN
LV_EDGE_01,EDGE,4060.0,DEN
NYG_EDGE_02,EDGE,4060.0,DEN
P100114_EDGE,EDGE,4060.0,DEN
P100826_DT,DT,4060.0,DEN
P100820_DT,DT,4060.0,DEN
P101141_DT,DT,4060.0,DEN
LV_LB_01,LB,4060.0,DEN
TB_LB_01,LB,4060.0,DEN
DET_LB_06,LB,4060.0,DEN
DEN_CB_03,CB,4060.0,DEN
P100366_CB,CB,4060.0,DEN
NO_CB_02,CB,4060.0,DEN
NYG_CB_01,CB,4060.0,DEN
BUF_S_02,S,4060.0,DEN
ARI_S_02,S,4060.0,DEN
NYJ_K_01,K,4060.0,DEN
P100081_P,P,4060.0,DEN
GB_QB_01,QB,2030.0,GB
CHI_RB_03,RB,2030.0,GB
P100831_RB,RB,2030.0,GB
P100790_RB,RB,2030.0,GB
NYJ_WR_02,WR,2030.0,GB
LV_WR_01,WR,2030.0,GB
P100331_WR,WR,2030.0,GB
FA_WR_005,WR,2030.0,GB
CAR_TE_01,TE,2030.0,GB
PHI_TE_06,TE,2030.0,GB
DAL_OT_01,OT,2030.0,GB
P100507_OT,OT,2030.0,GB
JAX_OG_02,OG,2030.0,GB
NE_OG_01,OG,2030.0,GB
GB_C_02,C,2030.0,GB
P100882_EDGE,EDGE,2030.0,GB
ATL_EDGE_07,EDGE,2030.0,GB
FA_EDGE_182,EDGE,2030.0,GB
P100797_EDGE,EDGE,2030.0,GB
GB_DT_01,DT,2030.0,GB
LAR_LB_01,LB,2030.0,GB
P100185_LB,LB,2030.0,GB
P100131_CB,CB,2030.0,GB
SEA_CB_04,CB,2030.0,GB
P100180_CB,CB,2030.0,GB
P101140_S,S,2030.0,GB
P101036_S,S,2030.0,GB
P101093_S,S,2030.0,GB
P100052_K,K,2030.0,GB
BAL_P_01,P,2030.0,GB
ATL_QB_01,QB,6090.0,ATL
P100600_RB,RB,6090.0,ATL
P100382_RB,RB,6090.0,ATL
P100168_RB,RB,6090.0,ATL
NE_WR_02,WR,6090.0,ATL
CLE_WR_04,WR,6090.0,ATL
GB_WR_06,WR,6090.0,ATL
P100218_WR,WR,6090.0,ATL
ATL_TE_01,TE,6090.0,ATL
HOU_OT_02,OT,6090.0,ATL
P100872_OT,OT,6090.0,ATL
DAL_OG_02,OG,6090.0,ATL
ATL_OG_04,OG,6090.0,ATL
ATL_C_01,C,6090.0,ATL
DET_EDGE_02,EDGE,6090.0,ATL
P101083_EDGE,EDGE,6090.0,ATL
DAL_EDGE_05,EDGE,6090.0,ATL
NYJ_EDGE_06,EDGE,6090.0,ATL
ATL_DT_01,DT,6090.0,ATL
CAR_DT_02,DT,6090.0,ATL
PIT_DT_02,DT,6090.0,ATL
P101107_LB,LB,6090.0,ATL
IND_LB_01,LB,6090.0,ATL
P100980_LB,LB,6090.0,ATL
P100681_CB,CB,6090.0,ATL
P100406_CB,CB,6090.0,ATL
BUF_S_03,S,6090.0,ATL
ATL_S_03,S,6090.0,ATL
HOU_S_03,S,6090.0,ATL
ATL_K_01,K,6090.0,ATL
CAR_P_01,P,6090.0,ATL
PIT_QB_01,QB,2030.0,CAR
ARI_RB_02,RB,2030.0,CAR
P100856_RB,RB,2030.0,CAR
CAR_WR_03,WR,2030.0,CAR
ARI_WR_02,WR,2030.0,CAR
P100864_WR,WR,2030.0,CAR
P100317_WR,WR,2030.0,CAR
P101098_TE,TE,2030.0,CAR
P100840_TE,TE,2030.0,CAR
NYJ_OT_01,OT,2030.0,CAR
DET_OT_01,OT,2030.0,CAR
WAS_OG_02,OG,2030.0,CAR
P100013_OG,OG,2030.0,CAR
LAC_C_01,C,2030.0,CAR
KC_EDGE_01,EDGE,2030.0,CAR
CAR_EDGE_03,EDGE,2030.0,CAR
P100231_EDGE,EDGE,2030.0,CAR
CIN_EDGE_03,EDGE,2030.0,CAR
P100482_DT,DT,2030.0,CAR
P100369_DT,DT,2030.0,CAR
CIN_DT_03,DT,2030.0,CAR
NE_LB_01,LB,2030.0,CAR
P100176_LB,LB,2030.0,CAR
GB_LB_02,LB,2030.0,CAR
DAL_CB_03,CB,2030.0,CAR
SF_CB_03,CB,2030.0,CAR
TB_CB_03,CB,2030.0,CAR
P100723_CB,CB,2030.0,CAR
DET_S_02,S,2030.0,CAR
P100283_S,S,2030.0,CAR
MIA_S_02,S,2030.0,CAR
LAR_K_01,K,2030.0,CAR
NYJ_P_01,P,2030.0,CAR
CAR_QB_01,QB,4060.0,ARI
P100464_RB,RB,4060.0,ARI
P100447_WR,WR,4060.0,ARI
P100165_WR,WR,4060.0,ARI
NYJ_WR_08,WR,4060.0,ARI
ARI_WR_08,WR,4060.0,ARI
DET_TE_03,TE,4060.0,ARI
P100629_TE,TE,4060.0,ARI
JAX_OT_01,OT,4060.0,ARI
DET_OT_02,OT,4060.0,ARI
ARI_OG_01,OG,4060.0,ARI
LAC_OG_01,OG,4060.0,ARI
ARI_C_01,C,4060.0,ARI
P100707_EDGE,EDGE,4060.0,ARI
P100478_EDGE,EDGE,4060.0,ARI
P100561_EDGE,EDGE,4060.0,ARI
P100562_EDGE,EDGE,4060.0,ARI
ARI_DT_01,DT,4060.0,ARI
DET_DT_05,DT,4060.0,ARI
DAL_DT_04,DT,4060.0,ARI
P101195_LB,LB,4060.0,ARI
P101113_LB,LB,4060.0,ARI
P100978_LB,LB,4060.0,ARI
CAR_CB_01,CB,4060.0,ARI
LAR_CB_01,CB,4060.0,ARI
PIT_CB_05,CB,4060.0,ARI
P100393_CB,CB,4060.0,ARI
ARI_S_01,S,4060.0,ARI
P100116_S,S,4060.0,ARI
SEA_K_01,K,4060.0,ARI
MIA_P_01,P,4060.0,ARI
P100948_QB,QB,2030.0,DAL
KC_RB_03,RB,2030.0,DAL
TEN_RB_04,RB,2030.0,DAL
CHI_WR_01,WR,2030.0,DAL
DAL_WR_02,WR,2030.0,DAL
P100431_WR,WR,2030.0,DAL
P100993_WR,WR,2030.0,DAL
MIN_TE_01,TE,2030.0,DAL
P100050_TE,TE,2030.0,DAL
DAL_OT_04,OT,2030.0,DAL
TB_OT_04,OT,2030.0,DAL
PHI_OG_01,OG,2030.0,DAL
P101127_OG,OG,2030.0,DAL
DAL_C_01,C,2030.0,DAL
P100279_EDGE,EDGE,2030.0,DAL
DEN_EDGE_02,EDGE,2030.0,DAL
DAL_EDGE_03,EDGE,2030.0,DAL
P100610_EDGE,EDGE,2030.0,DAL
GB_DT_02,DT,2030.0,DAL
NYJ_DT_03,DT,2030.0,DAL
P100033_DT,DT,2030.0,DAL
PHI_LB_02,LB,2030.0,DAL
P100489_LB,LB,2030.0,DAL
CLE_LB_01,LB,2030.0,DAL
LV_CB_01,CB,2030.0,DAL
GB_CB_04,CB,2030.0,DAL
P100550_CB,CB,2030.0,DAL
P101111_CB,CB,2030.0,DAL
P100057_S,S,2030.0,DAL
P100210_S,S,2030.0,DAL
P100859_S,S,2030.0,DAL
NE_K_01,K,2030.0,DAL
TB_P_02,P,2030.0,DAL
LAR_QB_01,QB,8120.0,LAR
CIN_RB_01,RB,8120.0,LAR
IND_WR_02,WR,8120.0,LAR
NYG_WR_09,WR,8120.0,LAR
FA_WR_049,WR,8120.0,LAR
P101043_WR,WR,8120.0,LAR
LV_TE_01,TE,8120.0,LAR
LAR_OT_01,OT,8120.0,LAR
PHI_OT_01,OT,8120.0,LAR
P101197_OG,OG,8120.0,LAR
KC_C_02,C,8120.0,LAR
LAC_EDGE_01,EDGE,8120.0,LAR
TEN_EDGE_01,EDGE,8120.0,LAR
SF_EDGE_03,EDGE,8120.0,LAR
CLE_EDGE_03,EDGE,8120.0,LAR
P101200_DT,DT,8120.0,LAR
LV_DT_01,DT,8120.0,LAR
SF_DT_04,DT,8120.0,LAR
P100545_LB,LB,8120.0,LAR
P100696_LB,LB,8120.0,LAR
KC_LB_01,LB,8120.0,LAR
P100417_CB,CB,8120.0,LAR
JAX_CB_05,CB,8120.0,LAR
LAC_CB_08,CB,8120.0,LAR
NO_CB_07,CB,8120.0,LAR
DET_S_01,S,8120.0,LAR
LAR_S_04,S,8120.0,LAR
P100676_S,S,8120.0,LAR
DAL_K_01,K,8120.0,LAR
DAL_P_01,P,8120.0,LAR
ARI_QB_01,QB,2030.0,SF
PHI_RB_01,RB,2030.0,SF
P100995_WR,WR,2030.0,SF
SEA_WR_02,WR,2030.0,SF
SEA_WR_01,WR,2030.0,SF
P100399_WR,WR,2030.0,SF
TEN_TE_01,TE,2030.0,SF
TB_TE_01,TE,2030.0,SF
SF_OT_01,OT,2030.0,SF
SF_OT_02,OT,2030.0,SF
KC_OG_02,OG,2030.0,SF
PIT_OG_04,OG,2030.0,SF
LAR_C_01,C,2030.0,SF
CIN_EDGE_04,EDGE,2030.0,SF
TEN_EDGE_04,EDGE,2030.0,SF
P100719_EDGE,EDGE,2030.0,SF
HOU_EDGE_02,EDGE,2030.0,SF
CHI_DT_02,DT,2030.0,SF
NYG_DT_04,DT,2030.0,SF
LAR_DT_06,DT,2030.0,SF
SF_LB_01,LB,2030.0,SF
SF_LB_02,LB,2030.0,SF
NYJ_LB_01,LB,2030.0,SF
MIN_CB_05,CB,2030.0,SF
IND_CB_02,CB,2030.0,SF
LAR_CB_05,CB,2030.0,SF
MIN_CB_04,CB,2030.0,SF
TB_S_02,S,2030.0,SF
NO_S_04,S,2030.0,SF
TEN_S_04,S,2030.0,SF
P100794_K,K,2030.0,SF
WAS_P_01,P,2030.0,SF
P100074_QB,QB,26403.0,MIA
P101112_RB,RB,34527.0,MIA
P101091_RB,RB,34527.0,MIA
PIT_WR_03,WR,34527.0,MIA
DEN_WR_02,WR,34527.0,MIA
TB_WR_02,WR,26403.0,MIA
DAL_WR_08,WR,34527.0,MIA
MIA_TE_02,TE,32496.0,MIA
WAS_TE_01,TE,34527.0,MIA
P100684_OT,OT,34527.0,MIA
P100143_OT,OT,30465.0,MIA
CLE_OG_03,OG,28434.0,MIA
P101261_OG,OG,28434.0,MIA
MIN_C_01,C,34527.0,MIA
SF_EDGE_02,EDGE,34527.0,MIA
NO_EDGE_03,EDGE,34527.0,MIA
BUF_DT_02,DT,34527.0,MIA
CIN_DT_02,DT,34527.0,MIA
P100091_DT,DT,30465.0,MIA
CAR_LB_01,LB,34527.0,MIA
NO_LB_01,LB,34527.0,MIA
DET_LB_04,LB,28434.0,MIA
WAS_CB_02,CB,30465.0,MIA
NYJ_CB_03,CB,34527.0,MIA
P100703_CB,CB,26403.0,MIA
P100363_S,S,34527.0,MIA
P100210_S,S,34527.0,MIA
ATL_S_05,S,34527.0,MIA
NE_K_01,K,34527.0,MIA
CIN_P_01,P,34527.0,MIA
P101106_QB,QB,12186.0,BUF
P101365_RB,RB,26403.0,BUF
P100237_RB,RB,14217.0,BUF
P100235_RB,RB,24372.0,BUF
P100404_WR,WR,34527.0,BUF
P100119_WR,WR,34527.0,BUF
LAC_WR_07,WR,34527.0,BUF
LV_WR_04,WR,34527.0,BUF
WAS_TE_02,TE,34527.0,BUF
P100926_TE,TE,6093.0,BUF
P100817_OT,OT,34527.0,BUF
BUF_OT_01,OT,34527.0,BUF
CAR_OG_01,OG,34527.0,BUF
SEA_OG_04,OG,28434.0,BUF
BAL_C_01,C,34527.0,BUF
IND_EDGE_04,EDGE,34527.0,BUF
P100515_EDGE,EDGE,34527.0,BUF
P100565_EDGE,EDGE,34527.0,BUF
P101425_EDGE,EDGE,28434.0,BUF
P100812_DT,DT,20310.0,BUF
P100405_DT,DT,34527.0,BUF
P100716_DT,DT,16248.0,BUF
PHI_LB_02,LB,30465.0,BUF
P101500_LB,LB,30465.0,BUF
P101410_CB,CB,30465.0,BUF
P100190_CB,CB,34527.0,BUF
BUF_CB_02,CB,24372.0,BUF
P100956_CB,CB,16248.0,BUF
PIT_S_01,S,34527.0,BUF
P100881_S,S,24372.0,BUF
P101156_K,K,34527.0,BUF
PHI_P_01,P,34527.0,BUF
TB_QB_02,QB,34527.0,MIN
P101233_RB,RB,34527.0,MIN
P101350_RB,RB,34527.0,MIN
MIN_WR_02,WR,34527.0,MIN
P100722_WR,WR,34527.0,MIN
MIA_WR_02,WR,34527.0,MIN
MIN_WR_05,WR,34527.0,MIN
NE_TE_03,TE,34527.0,MIN
PHI_TE_03,TE,32496.0,MIN
MIA_OT_04,OT,34527.0,MIN
SF_OT_03,OT,12186.0,MIN
CIN_OG_02,OG,34527.0,MIN
P100388_OG,OG,18279.0,MIN
P100394_C,C,34527.0,MIN
GB_EDGE_03,EDGE,34527.0,MIN
P100814_EDGE,EDGE,20310.0,MIN
P100346_EDGE,EDGE,26403.0,MIN
P101307_EDGE,EDGE,6093.0,MIN
MIN_DT_01,DT,34527.0,MIN
MIN_DT_02,DT,34527.0,MIN
P101060_DT,DT,32496.0,MIN
FA_LB_159,LB,34527.0,MIN
BUF_LB_02,LB,32496.0,MIN
MIN_LB_08,LB,16248.0,MIN
CAR_CB_01,CB,34527.0,MIN
SF_CB_03,CB,34527.0,MIN
MIN_CB_03,CB,34527.0,MIN
P101283_CB,CB,2031.0,MIN
TB_S_01,S,34527.0,MIN
P101053_K,K,34527.0,MIN
DAL_P_01,P,34527.0,MIN
KC_QB_01,QB,34527.0,DET
P100695_RB,RB,30465.0,DET
P100523_RB,RB,34527.0,DET
P101401_RB,RB,34527.0,DET
P100022_WR,WR,34527.0,DET
P100805_WR,WR,34527.0,DET
P100516_WR,WR,34527.0,DET
DET_TE_02,TE,32496.0,DET
CHI_TE_02,TE,18279.0,DET
CIN_OT_03,OT,28434.0,DET
PIT_OT_04,OT,34527.0,DET
P100339_OG,OG,34527.0,DET
SF_OG_05,OG,34527.0,DET
TEN_C_01,C,34527.0,DET
P100624_EDGE,EDGE,28434.0,DET
P100946_EDGE,EDGE,34527.0,DET
DET_EDGE_05,EDGE,24372.0,DET
P101193_EDGE,EDGE,30465.0,DET
MIA_DT_02,DT,26403.0,DET
DET_DT_03,DT,30465.0,DET
P101471_DT,DT,24372.0,DET
P100233_LB,LB,34527.0,DET
NE_LB_03,LB,34527.0,DET
P101470_LB,LB,34527.0,DET
P100486_CB,CB,32496.0,DET
DET_CB_08,CB,30465.0,DET
P100967_CB,CB,24372.0,DET
P101181_CB,CB,8124.0,DET
DET_S_04,S,32496.0,DET
CLE_S_05,S,30465.0,DET
P100907_S,S,34527.0,DET
WAS_K_01,K,34527.0,DET
P100761_P,P,30465.0,DET
TEN_QB_02,QB,34527.0,NYG
P100534_RB,RB,34527.0,NYG
P100356_RB,RB,30465.0,NYG
P100334_RB,RB,6093.0,NYG
DAL_WR_01,WR,34527.0,NYG
DET_WR_04,WR,34527.0,NYG
MIN_WR_04,WR,32496.0,NYG
SF_WR_05,WR,34527.0,NYG
P100833_TE,TE,34527.0,NYG
NYJ_OT_01,OT,34527.0,NYG
ARI_OT_03,OT,28434.0,NYG
NE_OG_01,OG,26403.0,NYG
ARI_OG_01,OG,24372.0,NYG
TB_C_01,C,30465.0,NYG
PHI_EDGE_01,EDGE,28434.0,NYG
NE_EDGE_07,EDGE,34527.0,NYG
P101005_EDGE,EDGE,34527.0,NYG
P101010_EDGE,EDGE,34527.0,NYG
GB_DT_05,DT,34527.0,NYG
NE_DT_04,DT,34527.0,NYG
TEN_DT_06,DT,30465.0,NYG
PIT_LB_02,LB,34527.0,NYG
P100319_LB,LB,28434.0,NYG
CHI_LB_04,LB,34527.0,NYG
P100731_CB,CB,34527.0,NYG
P100638_CB,CB,34527.0,NYG
P101194_CB,CB,34527.0,NYG
P100774_CB,CB,34527.0,NYG
CIN_S_01,S,34527.0,NYG
P101361_S,S,34527.0,NYG
P100065_S,S,34527.0,NYG
P100306_K,K,34527.0,NYG
LAC_P_01,P,28434.0,NYG
CIN_QB_03,QB,28434.0,SEA
P101223_RB,RB,34527.0,SEA
P101008_RB,RB,34527.0,SEA
P101280_RB,RB,34527.0,SEA
P100552_WR,WR,30465.0,SEA
SF_WR_01,WR,34527.0,SEA
P100384_WR,WR,8124.0,SEA
P100955_WR,WR,4062.0,SEA
P100720_TE,TE,26403.0,SEA
P100692_TE,TE,34527.0,SEA
DEN_OT_02,OT,24372.0,SEA
CAR_OT_04,OT,34527.0,SEA
SEA_OG_03,OG,34527.0,SEA
CIN_OG_03,OG,34527.0,SEA
P101286_C,C,34527.0,SEA
MIN_EDGE_02,EDGE,16248.0,SEA
P100191_EDGE,EDGE,24372.0,SEA
P100066_EDGE,EDGE,34527.0,SEA
BAL_EDGE_04,EDGE,20310.0,SEA
SEA_DT_02,DT,34527.0,SEA
CHI_DT_02,DT,28434.0,SEA
PHI_DT_01,DT,32496.0,SEA
P100402_LB,LB,22341.0,SEA
P101099_CB,CB,34527.0,SEA
P101368_CB,CB,34527.0,SEA
CAR_CB_04,CB,28434.0,SEA
P101253_CB,CB,34527.0,SEA
SF_S_02,S,18279.0,SEA
P100410_S,S,34527.0,SEA
CIN_K_01,K,14217.0,SEA
ATL_QB_01,QB,32496.0,ATL
P100600_RB,RB,34527.0,ATL
P100382_RB,RB,34527.0,ATL
P100139_RB,RB,34527.0,ATL
NE_WR_02,WR,34527.0,ATL
P100218_WR,WR,34527.0,ATL
NO_WR_01,WR,34527.0,ATL
ATL_WR_07,WR,34527.0,ATL
ATL_TE_01,TE,34527.0,ATL
HOU_OT_02,OT,34527.0,ATL
P101378_OT,OT,28434.0,ATL
SF_OG_04,OG,24372.0,ATL
ATL_OG_04,OG,10155.0,ATL
ATL_C_01,C,32496.0,ATL
P101256_EDGE,EDGE,34527.0,ATL
P101083_EDGE,EDGE,26403.0,ATL
DAL_EDGE_05,EDGE,32496.0,ATL
P100784_EDGE,EDGE,26403.0,ATL
ATL_DT_01,DT,28434.0,ATL
P100539_DT,DT,24372.0,ATL
SF_DT_04,DT,28434.0,ATL
P101107_LB,LB,20310.0,ATL
P100980_LB,LB,34527.0,ATL
P101020_LB,LB,34527.0,ATL
P100406_CB,CB,34527.0,ATL
ATL_S_03,S,34527.0,ATL
BUF_S_03,S,32496.0,ATL
P100117_S,S,34527.0,ATL
ATL_K_01,K,34527.0,ATL
CAR_P_01,P,34527.0,ATL
P100496_QB,QB,34527.0,CIN
P101019_RB,RB,34527.0,CIN
IND_RB_04,RB,30465.0,CIN
P101196_RB,RB,32496.0,CIN
DEN_WR_01,WR,24372.0,CIN
SF_WR_03,WR,34527.0,CIN
CIN_WR_03,WR,24372.0,CIN
P100484_WR,WR,34527.0,CIN
GB_TE_03,TE,30465.0,CIN
CIN_TE_01,TE,32496.0,CIN
P100660_OT,OT,34527.0,CIN
BUF_OT_06,OT,34527.0,CIN
P100888_OG,OG,26403.0,CIN
CIN_OG_05,OG,34527.0,CIN
PIT_C_03,C,34527.0,CIN
ATL_EDGE_01,EDGE,32496.0,CIN
KC_EDGE_05,EDGE,34527.0,CIN
P100663_EDGE,EDGE,34527.0,CIN
DEN_EDGE_03,EDGE,34527.0,CIN
P100475_DT,DT,28434.0,CIN
CIN_DT_03,DT,34527.0,CIN
SEA_LB_02,LB,34527.0,CIN
P100750_LB,LB,26403.0,CIN
ATL_LB_03,LB,34527.0,CIN
CIN_CB_01,CB,34527.0,CIN
TB_CB_02,CB,34527.0,CIN
SEA_CB_05,CB,34527.0,CIN
CIN_CB_04,CB,34527.0,CIN
DET_S_01,S,26403.0,CIN
P101205_S,S,34527.0,CIN
P100243_S,S,34527.0,CIN
BAL_K_01,K,32496.0,CIN
LAR_QB_01,QB,34527.0,LAR
P101329_RB,RB,34527.0,LAR
P101344_RB,RB,22341.0,LAR
P101492_RB,RB,32496.0,LAR
IND_WR_02,WR,34527.0,LAR
NYG_WR_02,WR,34527.0,LAR
NYG_WR_09,WR,34527.0,LAR
P101374_WR,WR,20310.0,LAR
P100518_TE,TE,22341.0,LAR
LAR_OT_01,OT,34527.0,LAR
TB_OT_01,OT,32496.0,LAR
P101197_OG,OG,34527.0,LAR
P101042_OG,OG,34527.0,LAR
KC_C_02,C,26403.0,LAR
LAC_EDGE_01,EDGE,34527.0,LAR
SF_EDGE_03,EDGE,34527.0,LAR
CLE_EDGE_03,EDGE,34527.0,LAR
P100134_EDGE,EDGE,2031.0,LAR
P101200_DT,DT,34527.0,LAR
LV_DT_01,DT,34527.0,LAR
PHI_DT_02,DT,34527.0,LAR
P100545_LB,LB,34527.0,LAR
P100696_LB,LB,34527.0,LAR
KC_LB_01,LB,34527.0,LAR
P100417_CB,CB,32496.0,LAR
NO_CB_07,CB,26403.0,LAR
JAX_CB_05,CB,28434.0,LAR
P100987_CB,CB,34527.0,LAR
P100676_S,S,32496.0,LAR
NE_S_02,S,34527.0,LAR
DAL_K_01,K,34527.0,LAR
P100226_P,P,30465.0,LAR
P101148_QB,QB,26403.0,HOU
P100080_RB,RB,34527.0,HOU
P100605_RB,RB,34527.0,HOU
PIT_RB_03,RB,34527.0,HOU
P100295_WR,WR,34527.0,HOU
P101304_WR,WR,34527.0,HOU
P100838_WR,WR,34527.0,HOU
P100401_WR,WR,34527.0,HOU
IND_TE_02,TE,34527.0,HOU
HOU_TE_03,TE,30465.0,HOU
P101100_OT,OT,20310.0,HOU
P100536_OT,OT,26403.0,HOU
NYJ_OG_02,OG,34527.0,HOU
P100709_OG,OG,24372.0,HOU
P101371_C,C,20310.0,HOU
LAR_EDGE_02,EDGE,34527.0,HOU
P101353_EDGE,EDGE,34527.0,HOU
P100985_EDGE,EDGE,34527.0,HOU
BAL_DT_01,DT,34527.0,HOU
HOU_DT_02,DT,24372.0,HOU
LAC_DT_06,DT,22341.0,HOU
NYG_LB_01,LB,26403.0,HOU
P100450_LB,LB,30465.0,HOU
P101296_LB,LB,34527.0,HOU
SF_CB_01,CB,26403.0,HOU
P100934_CB,CB,28434.0,HOU
SEA_CB_03,CB,34527.0,HOU
P100895_CB,CB,34527.0,HOU
P100142_S,S,34527.0,HOU
P100623_S,S,34527.0,HOU
P100917_S,S,34527.0,HOU
MIN_K_02,K,34527.0,HOU
P101131_P,P,32496.0,HOU
CAR_QB_01,QB,34527.0,ARI
P100464_RB,RB,34527.0,ARI
HOU_WR_01,WR,34527.0,ARI
CAR_WR_03,WR,34527.0,ARI
CAR_WR_01,WR,34527.0,ARI
P101132_WR,WR,10155.0,ARI
DET_TE_03,TE,30465.0,ARI
KC_TE_04,TE,34527.0,ARI
JAX_OT_01,OT,26403.0,ARI
DET_OT_02,OT,34527.0,ARI
LV_OG_03,OG,34527.0,ARI
BUF_OG_02,OG,26403.0,ARI
ARI_C_01,C,30465.0,ARI
P100707_EDGE,EDGE,34527.0,ARI
P100478_EDGE,EDGE,32496.0,ARI
P100561_EDGE,EDGE,34527.0,ARI
P100562_EDGE,EDGE,30465.0,ARI
JAX_DT_02,DT,34527.0,ARI
ARI_DT_01,DT,34527.0,ARI
DET_DT_05,DT,34527.0,ARI
P101195_LB,LB,34527.0,ARI
P101113_LB,LB,34527.0,ARI
P100978_LB,LB,34527.0,ARI
LAR_CB_01,CB,32496.0,ARI
ATL_CB_04,CB,34527.0,ARI
P100393_CB,CB,34527.0,ARI
P101050_CB,CB,4062.0,ARI
P101299_S,S,34527.0,ARI
P101467_S,S,34527.0,ARI
P101281_S,S,22341.0,ARI
SEA_K_01,K,34527.0,ARI
TEN_P_01,P,34527.0,ARI
P100088_QB,QB,28434.0,NO
P100544_RB,RB,34527.0,NO
P100058_RB,RB,34527.0,NO
P101080_WR,WR,34527.0,NO
P101337_WR,WR,22341.0,NO
P101017_WR,WR,34527.0,NO
P101135_TE,TE,34527.0,NO
LAR_TE_03,TE,34527.0,NO
P101338_OT,OT,28434.0,NO
P101395_OG,OG,34527.0,NO
NYG_OG_03,OG,32496.0,NO
JAX_C_02,C,34527.0,NO
P100538_EDGE,EDGE,34527.0,NO
P100601_EDGE,EDGE,28434.0,NO
P100787_EDGE,EDGE,28434.0,NO
P101025_EDGE,EDGE,34527.0,NO
NO_DT_02,DT,34527.0,NO
P101214_DT,DT,30465.0,NO
P100758_DT,DT,22341.0,NO
P100585_LB,LB,34527.0,NO
P100357_LB,LB,24372.0,NO
P101351_LB,LB,8124.0,NO
HOU_CB_03,CB,32496.0,NO
P100803_CB,CB,34527.0,NO
P101027_CB,CB,30465.0,NO
P100628_CB,CB,34527.0,NO
KC_S_02,S,34527.0,NO
P100686_S,S,26403.0,NO
P100766_S,S,34527.0,NO
DET_K_02,K,34527.0,NO
LAC_P_02,P,20310.0,NO
LAR_QB_02,QB,34527.0,PHI
P100035_RB,RB,34527.0,PHI
P100931_RB,RB,34527.0,PHI
PIT_WR_02,WR,32496.0,PHI
P100615_WR,WR,32496.0,PHI
P100708_WR,WR,32496.0,PHI
WAS_WR_03,WR,30465.0,PHI
SEA_TE_01,TE,34527.0,PHI
CAR_TE_03,TE,26403.0,PHI
PIT_OT_02,OT,34527.0,PHI
ARI_OT_02,OT,2031.0,PHI
SEA_OG_01,OG,30465.0,PHI
BAL_OG_04,OG,34527.0,PHI
CAR_C_01,C,34527.0,PHI
P101435_EDGE,EDGE,30465.0,PHI
P100214_EDGE,EDGE,26403.0,PHI
P100435_EDGE,EDGE,30465.0,PHI
P101169_EDGE,EDGE,26403.0,PHI
DET_DT_01,DT,34527.0,PHI
P100056_DT,DT,34527.0,PHI
P100891_DT,DT,34527.0,PHI
PHI_LB_03,LB,32496.0,PHI
FA_LB_118,LB,28434.0,PHI
P100104_LB,LB,34527.0,PHI
ATL_CB_02,CB,34527.0,PHI
KC_CB_02,CB,34527.0,PHI
JAX_CB_03,CB,34527.0,PHI
P100782_CB,CB,20310.0,PHI
P100057_S,S,22341.0,PHI
NYJ_S_04,S,34527.0,PHI
P100342_S,S,30465.0,PHI
PIT_K_02,K,34527.0,PHI
CLE_QB_01,QB,34527.0,TEN
P100654_RB,RB,34527.0,TEN
TEN_RB_04,RB,28434.0,TEN
SEA_WR_06,WR,34527.0,TEN
TEN_WR_04,WR,4062.0,TEN
P101493_TE,TE,34527.0,TEN
P101327_TE,TE,34527.0,TEN
PIT_OT_01,OT,34527.0,TEN
P100498_OT,OT,34527.0,TEN
ARI_OG_02,OG,32496.0,TEN
P100556_OG,OG,22341.0,TEN
NO_C_03,C,2031.0,TEN
P100375_EDGE,EDGE,20310.0,TEN
BUF_EDGE_02,EDGE,34527.0,TEN
P101061_EDGE,EDGE,24372.0,TEN
TEN_DT_02,DT,26403.0,TEN
TEN_DT_01,DT,34527.0,TEN
HOU_DT_01,DT,26403.0,TEN
TEN_LB_01,LB,28434.0,TEN
P100738_LB,LB,20310.0,TEN
CLE_CB_02,CB,34527.0,TEN
LAC_CB_08,CB,34527.0,TEN
TEN_CB_08,CB,26403.0,TEN
TEN_CB_04,CB,30465.0,TEN
TEN_S_01,S,34527.0,TEN
BAL_S_01,S,34527.0,TEN
P101034_S,S,28434.0,TEN
MIN_K_01,K,28434.0,TEN
PIT_P_01,P,34527.0,TEN
P100511_RB,RB,32496.0,NYG
PHI_OT_04,OT,6093.0,PHI
PIT_QB_02,QB,28434.0,TB
CIN_RB_02,RB,34527.0,TB
PHI_WR_02,WR,34527.0,TB
P100165_WR,WR,28434.0,TB
CAR_WR_08,WR,34527.0,TB
SF_WR_04,WR,4062.0,TB
CAR_TE_01,TE,34527.0,TB
P100868_TE,TE,30465.0,TB
DET_OT_01,OT,26403.0,TB
P100438_OT,OT,2031.0,TB
MIN_OG_02,OG,28434.0,TB
TB_OG_01,OG,10155.0,TB
DEN_C_03,C,34527.0,TB
MIA_EDGE_01,EDGE,34527.0,TB
P100095_EDGE,EDGE,26403.0,TB
NYJ_EDGE_01,EDGE,34527.0,TB
P101323_EDGE,EDGE,34527.0,TB
ATL_DT_04,DT,34527.0,TB
P100318_DT,DT,34527.0,TB
NO_DT_01,DT,34527.0,TB
TB_LB_02,LB,30465.0,TB
P101291_LB,LB,34527.0,TB
LAR_LB_04,LB,34527.0,TB
GB_CB_01,CB,34527.0,TB
SF_CB_04,CB,30465.0,TB
P100918_CB,CB,32496.0,TB
NE_CB_06,CB,28434.0,TB
LV_S_01,S,34527.0,TB
CAR_S_03,S,34527.0,TB
DET_S_05,S,34527.0,TB
DEN_K_01,K,34527.0,TB
IND_QB_01,QB,32496.0,BAL
P100371_RB,RB,34527.0,BAL
P101125_WR,WR,34527.0,BAL
P100643_WR,WR,34527.0,BAL
BAL_WR_04,WR,30465.0,BAL
P101246_WR,WR,34527.0,BAL
P101476_TE,TE,34527.0,BAL
P100241_OT,OT,22341.0,BAL
P101149_OT,OT,14217.0,BAL
PIT_OG_02,OG,34527.0,BAL
P100870_OG,OG,34527.0,BAL
CIN_C_02,C,28434.0,BAL
BAL_EDGE_01,EDGE,34527.0,BAL
P100314_EDGE,EDGE,14217.0,BAL
P100480_EDGE,EDGE,34527.0,BAL
BUF_EDGE_05,EDGE,34527.0,BAL
P100311_DT,DT,34527.0,BAL
P100938_DT,DT,34527.0,BAL
P101244_DT,DT,32496.0,BAL
WAS_LB_04,LB,34527.0,BAL
ATL_LB_07,LB,34527.0,BAL
CIN_CB_03,CB,34527.0,BAL
P100514_CB,CB,22341.0,BAL
P101170_CB,CB,8124.0,BAL
P100751_CB,CB,26403.0,BAL
P100198_S,S,34527.0,BAL
LAR_S_05,S,34527.0,BAL
SF_K_01,K,34527.0,BAL
WAS_P_02,P,34527.0,BAL
P100649_OT,OT,22341.0,HOU
DET_QB_01,QB,34527.0,CLE
P100087_RB,RB,34527.0,CLE
P101072_RB,RB,34527.0,CLE
P100385_RB,RB,34527.0,CLE
CLE_WR_02,WR,34527.0,CLE
CLE_WR_06,WR,34527.0,CLE
JAX_WR_02,WR,34527.0,CLE
P100365_WR,WR,34527.0,CLE
P100701_TE,TE,34527.0,CLE
SEA_OT_04,OT,32496.0,CLE
JAX_OT_04,OT,10155.0,CLE
TEN_OG_01,OG,34527.0,CLE
CLE_OG_02,OG,34527.0,CLE
P101239_C,C,34527.0,CLE
LAR_EDGE_01,EDGE,34527.0,CLE
DET_EDGE_02,EDGE,24372.0,CLE
CLE_EDGE_01,EDGE,34527.0,CLE
P100018_EDGE,EDGE,34527.0,CLE
P101267_DT,DT,34527.0,CLE
CAR_DT_02,DT,28434.0,CLE
KC_DT_02,DT,32496.0,CLE
CIN_LB_02,LB,34527.0,CLE
NYJ_LB_02,LB,26403.0,CLE
GB_LB_05,LB,34527.0,CLE
P100700_CB,CB,34527.0,CLE
DET_CB_04,CB,34527.0,CLE
P100729_CB,CB,34527.0,CLE
P101266_CB,CB,34527.0,CLE
P100462_S,S,30465.0,CLE
CLE_K_01,K,34527.0,CLE
WAS_P_01,P,26403.0,CLE
JAX_QB_01,QB,30465.0,JAX
P101209_RB,RB,34527.0,JAX
P101077_RB,RB,28434.0,JAX
P100512_WR,WR,30465.0,JAX
P100140_WR,WR,34527.0,JAX
P101318_WR,WR,22341.0,JAX
P101301_WR,WR,24372.0,JAX
TEN_TE_03,TE,34527.0,JAX
P100274_TE,TE,28434.0,JAX
JAX_OT_02,OT,32496.0,JAX
ATL_OT_05,OT,34527.0,JAX
DET_OG_04,OG,26403.0,JAX
P100841_OG,OG,34527.0,JAX
P100321_C,C,34527.0,JAX
P100011_EDGE,EDGE,26403.0,JAX
SEA_EDGE_01,EDGE,34527.0,JAX
P101236_EDGE,EDGE,32496.0,JAX
P101232_EDGE,EDGE,34527.0,JAX
PIT_DT_01,DT,34527.0,JAX
JAX_DT_05,DT,28434.0,JAX
P100936_DT,DT,34527.0,JAX
P100612_LB,LB,32496.0,JAX
P100669_LB,LB,34527.0,JAX
P100922_LB,LB,34527.0,JAX
JAX_CB_02,CB,34527.0,JAX
P100008_CB,CB,32496.0,JAX
P100887_CB,CB,34527.0,JAX
P100611_CB,CB,34527.0,JAX
CLE_S_01,S,34527.0,JAX
P100042_S,S,30465.0,JAX
P101373_S,S,34527.0,JAX
HOU_K_01,K,4062.0,JAX
P101173_P,P,2031.0,JAX
PHI_EDGE_03,EDGE,28434.0,MIA
MIN_P_02,P,4062.0,DET
LV_WR_07,WR,30465.0,TEN
DET_WR_08,WR,32496.0,TEN
P100005_C,C,32496.0,TEN
P100744_TE,TE,8124.0,SEA
P100836_CB,CB,6093.0,SEA
DEN_QB_01,QB,34527.0,DEN
DET_RB_02,RB,34527.0,DEN
KC_WR_01,WR,34527.0,DEN
CAR_WR_06,WR,34527.0,DEN
ATL_WR_06,WR,34527.0,DEN
CLE_WR_04,WR,10155.0,DEN
P101393_TE,TE,22341.0,DEN
NO_TE_03,TE,34527.0,DEN
DAL_OT_02,OT,34527.0,DEN
LV_OT_01,OT,34527.0,DEN
WAS_OG_02,OG,20310.0,DEN
JAX_OG_01,OG,34527.0,DEN
KC_C_01,C,34527.0,DEN
SEA_EDGE_02,EDGE,34527.0,DEN
ARI_EDGE_02,EDGE,26403.0,DEN
NYG_EDGE_02,EDGE,30465.0,DEN
P100826_DT,DT,34527.0,DEN
P100820_DT,DT,34527.0,DEN
P101141_DT,DT,34527.0,DEN
TB_LB_01,LB,18279.0,DEN
MIN_LB_03,LB,34527.0,DEN
LAC_LB_01,LB,22341.0,DEN
DEN_CB_03,CB,30465.0,DEN
P100366_CB,CB,24372.0,DEN
PIT_CB_04,CB,34527.0,DEN
NYG_CB_01,CB,34527.0,DEN
BUF_S_02,S,34527.0,DEN
MIA_S_02,S,34527.0,DEN
ARI_S_02,S,6093.0,DEN
NYJ_K_01,K,30465.0,DEN
P101460_P,P,34527.0,DEN
P100863_QB,QB,26403.0,WAS
WAS_RB_02,RB,28434.0,WAS
P100952_RB,RB,34527.0,WAS
P101059_WR,WR,34527.0,WAS
PIT_WR_06,WR,20310.0,WAS
CHI_WR_07,WR,34527.0,WAS
P100932_WR,WR,34527.0,WAS
P100349_TE,TE,34527.0,WAS
MIN_OT_01,OT,34527.0,WAS
P101216_OT,OT,2031.0,WAS
P100381_OG,OG,30465.0,WAS
NO_C_01,C,34527.0,WAS
P100021_EDGE,EDGE,28434.0,WAS
WAS_EDGE_03,EDGE,30465.0,WAS
P101331_EDGE,EDGE,34527.0,WAS
P100977_EDGE,EDGE,34527.0,WAS
P101158_DT,DT,34527.0,WAS
P101071_DT,DT,26403.0,WAS
P100816_DT,DT,34527.0,WAS
P100890_LB,LB,34527.0,WAS
P100867_LB,LB,30465.0,WAS
P100768_LB,LB,34527.0,WAS
P100426_CB,CB,34527.0,WAS
WAS_CB_01,CB,22341.0,WAS
P100871_CB,CB,34527.0,WAS
P100525_CB,CB,30465.0,WAS
DET_S_02,S,34527.0,WAS
P101076_S,S,34527.0,WAS
P101089_S,S,34527.0,WAS
LAC_K_01,K,4062.0,WAS
LAR_P_01,P,34527.0,WAS
P101341_EDGE,EDGE,10155.0,JAX
P100799_DT,DT,6093.0,JAX
DEN_P_02,P,32496.0,JAX
P100329_LB,LB,18279.0,DEN
ATL_QB_02,QB,28434.0,KC
P101443_RB,RB,34527.0,KC
P101465_RB,RB,34527.0,KC
SF_WR_02,WR,28434.0,KC
P101198_WR,WR,34527.0,KC
P100260_WR,WR,34527.0,KC
P100741_WR,WR,34527.0,KC
P100186_TE,TE,34527.0,KC
MIA_OT_01,OT,26403.0,KC
P100163_OT,OT,26403.0,KC
P100688_OG,OG,34527.0,KC
P100408_OG,OG,10155.0,KC
CHI_C_01,C,26403.0,KC
CLE_EDGE_02,EDGE,20310.0,KC
PIT_EDGE_05,EDGE,34527.0,KC
P101381_EDGE,EDGE,34527.0,KC
P100304_EDGE,EDGE,34527.0,KC
ARI_DT_02,DT,34527.0,KC
P100187_DT,DT,26403.0,KC
P100156_DT,DT,34527.0,KC
CAR_LB_02,LB,34527.0,KC
P100726_LB,LB,34527.0,KC
P101452_LB,LB,24372.0,KC
P100292_CB,CB,34527.0,KC
IND_CB_09,CB,26403.0,KC
P101271_CB,CB,28434.0,KC
P100927_S,S,28434.0,KC
P101188_S,S,28434.0,KC
P101007_S,S,28434.0,KC
FA_K_006,K,28434.0,KC
P100746_P,P,34527.0,KC
P100948_QB,QB,24372.0,DAL
KC_RB_03,RB,34527.0,DAL
CHI_WR_01,WR,28434.0,DAL
NYJ_WR_07,WR,34527.0,DAL
P100431_WR,WR,30465.0,DAL
P100993_WR,WR,28434.0,DAL
DET_TE_01,TE,30465.0,DAL
SF_TE_01,TE,34527.0,DAL
P100682_OT,OT,34527.0,DAL
DAL_OT_04,OT,34527.0,DAL
PHI_OG_01,OG,34527.0,DAL
P101127_OG,OG,28434.0,DAL
DAL_C_01,C,34527.0,DAL
P100279_EDGE,EDGE,28434.0,DAL
NO_EDGE_04,EDGE,34527.0,DAL
DAL_EDGE_03,EDGE,34527.0,DAL
P100610_EDGE,EDGE,34527.0,DAL
GB_DT_02,DT,34527.0,DAL
NYJ_DT_03,DT,34527.0,DAL
P100800_DT,DT,2031.0,DAL
P100489_LB,LB,30465.0,DAL
CLE_LB_01,LB,34527.0,DAL
P101491_LB,LB,30465.0,DAL
P101408_CB,CB,34527.0,DAL
ATL_CB_05,CB,34527.0,DAL
P100550_CB,CB,34527.0,DAL
P101420_CB,CB,34527.0,DAL
KC_S_01,S,26403.0,DAL
P100859_S,S,28434.0,DAL
P100604_S,S,34527.0,DAL
P100078_K,K,34527.0,DAL
TB_P_02,P,34527.0,DAL
P101406_OG,OG,18279.0,NYG
WAS_OT_02,OT,32496.0,WAS
PIT_QB_01,QB,34527.0,CAR
P100856_RB,RB,34527.0,CAR
P101086_RB,RB,30465.0,CAR
PHI_WR_03,WR,34527.0,CAR
P100864_WR,WR,34527.0,CAR
CAR_TE_02,TE,32496.0,CAR
P101098_TE,TE,18279.0,CAR
NO_OT_02,OT,34527.0,CAR
CHI_OT_02,OT,24372.0,CAR
P100060_OG,OG,34527.0,CAR
P100001_OG,OG,28434.0,CAR
LAC_C_01,C,30465.0,CAR
P100231_EDGE,EDGE,34527.0,CAR
CAR_EDGE_03,EDGE,34527.0,CAR
NE_EDGE_01,EDGE,34527.0,CAR
NYG_EDGE_05,EDGE,26403.0,CAR
LAR_DT_06,DT,22341.0,CAR
P100482_DT,DT,24372.0,CAR
P100369_DT,DT,30465.0,CAR
NE_LB_01,LB,34527.0,CAR
P100015_LB,LB,28434.0,CAR
P100176_LB,LB,30465.0,CAR
DAL_CB_03,CB,34527.0,CAR
TB_CB_03,CB,34527.0,CAR
GB_CB_04,CB,26403.0,CAR
P100786_CB,CB,34527.0,CAR
P100075_S,S,34527.0,CAR
P100178_S,S,34527.0,CAR
P101303_S,S,34527.0,CAR
LAR_K_01,K,22341.0,CAR
NYJ_P_01,P,32496.0,CAR
GB_QB_01,QB,34527.0,GB
CIN_RB_01,RB,30465.0,GB
P100831_RB,RB,34527.0,GB
P100790_RB,RB,26403.0,GB
NYJ_WR_02,WR,34527.0,GB
P100331_WR,WR,34527.0,GB
FA_WR_005,WR,30465.0,GB
P100566_WR,WR,34527.0,GB
PHI_TE_06,TE,34527.0,GB
P100547_TE,TE,10155.0,GB
DAL_OT_01,OT,34527.0,GB
P100507_OT,OT,20310.0,GB
PHI_OG_02,OG,8124.0,GB
LAR_OG_01,OG,34527.0,GB
GB_C_02,C,24372.0,GB
P100882_EDGE,EDGE,34527.0,GB
ATL_EDGE_07,EDGE,34527.0,GB
FA_EDGE_182,EDGE,34527.0,GB
P100797_EDGE,EDGE,32496.0,GB
GB_DT_04,DT,32496.0,GB
DEN_DT_04,DT,34527.0,GB
SF_DT_05,DT,34527.0,GB
JAX_LB_01,LB,34527.0,GB
P101392_LB,LB,34527.0,GB
P101411_LB,LB,34527.0,GB
DET_CB_01,CB,34527.0,GB
P100131_CB,CB,34527.0,GB
LV_CB_07,CB,20310.0,GB
SEA_CB_04,CB,24372.0,GB
P101140_S,S,34527.0,GB
P101036_S,S,34527.0,GB
P101093_S,S,34527.0,GB
P100052_K,K,34527.0,GB
BAL_P_01,P,34527.0,GB
MIN_OT_02,OT,22341.0,MIN
NYJ_EDGE_02,EDGE,32496.0,MIN
LV_CB_04,CB,32496.0,MIN
P100866_QB,QB,34527.0,NE
P100343_RB,RB,34527.0,NE
P100122_RB,RB,24372.0,NE
LAC_WR_01,WR,34527.0,NE
FA_WR_083,WR,22341.0,NE
P100301_WR,WR,34527.0,NE
P100633_WR,WR,34527.0,NE
P101142_TE,TE,34527.0,NE
NO_TE_02,TE,32496.0,NE
NE_OT_03,OT,26403.0,NE
DEN_OT_05,OT,28434.0,NE
P100959_OG,OG,26403.0,NE
P101026_OG,OG,34527.0,NE
SEA_C_01,C,34527.0,NE
P100586_EDGE,EDGE,34527.0,NE
P100804_EDGE,EDGE,24372.0,NE
P101428_EDGE,EDGE,26403.0,NE
ARI_DT_04,DT,28434.0,NE
P100420_DT,DT,34527.0,NE
P100540_DT,DT,34527.0,NE
P101459_LB,LB,26403.0,NE
P101230_LB,LB,34527.0,NE
P101306_LB,LB,34527.0,NE
P101463_CB,CB,26403.0,NE
CIN_CB_06,CB,34527.0,NE
P100583_CB,CB,16248.0,NE
P100249_CB,CB,12186.0,NE
NE_S_03,S,32496.0,NE
P100788_S,S,20310.0,NE
P100694_S,S,34527.0,NE
MIA_K_01,K,4062.0,NE
GB_P_02,P,34527.0,NE
ARI_QB_01,QB,34527.0,SF
P101387_RB,RB,30465.0,SF
P100995_WR,WR,34527.0,SF
SEA_WR_02,WR,34527.0,SF
P100399_WR,WR,34527.0,SF
DAL_WR_03,WR,6093.0,SF
TEN_TE_01,TE,34527.0,SF
DEN_TE_04,TE,32496.0,SF
SF_OT_01,OT,34527.0,SF
SF_OT_02,OT,34527.0,SF
KC_OG_02,OG,34527.0,SF
DEN_OG_01,OG,34527.0,SF
LAR_C_01,C,34527.0,SF
KC_EDGE_01,EDGE,34527.0,SF
CIN_EDGE_04,EDGE,34527.0,SF
TEN_EDGE_04,EDGE,34527.0,SF
P100719_EDGE,EDGE,34527.0,SF
NYG_DT_04,DT,34527.0,SF
P100270_DT,DT,34527.0,SF
NYJ_DT_05,DT,6093.0,SF
SF_LB_01,LB,32496.0,SF
NE_LB_02,LB,32496.0,SF
SF_LB_02,LB,34527.0,SF
IND_CB_02,CB,20310.0,SF
P100063_CB,CB,34527.0,SF
P100068_CB,CB,34527.0,SF
TB_S_02,S,34527.0,SF
P100283_S,S,34527.0,SF
NO_S_04,S,34527.0,SF
P100794_K,K,26403.0,SF
P101312_P,P,18279.0,SF
P100234_QB,QB,34527.0,IND
P100963_RB,RB,34527.0,IND
P101088_WR,WR,34527.0,IND
P100762_WR,WR,34527.0,IND
SEA_TE_02,TE,34527.0,IND
LV_TE_01,TE,12186.0,IND
NYG_OT_01,OT,34527.0,IND
IND_OT_01,OT,34527.0,IND
DET_OG_02,OG,34527.0,IND
LAR_OG_02,OG,6093.0,IND
IND_C_01,C,24372.0,IND
BAL_EDGE_02,EDGE,34527.0,IND
IND_EDGE_01,EDGE,34527.0,IND
NYJ_EDGE_05,EDGE,26403.0,IND
TEN_EDGE_01,EDGE,34527.0,IND
TB_DT_02,DT,28434.0,IND
CLE_DT_04,DT,34527.0,IND
CLE_DT_02,DT,34527.0,IND
JAX_LB_02,LB,34527.0,IND
PHI_LB_04,LB,30465.0,IND
GB_LB_03,LB,12186.0,IND
IND_CB_01,CB,34527.0,IND
IND_CB_03,CB,26403.0,IND
HOU_CB_05,CB,30465.0,IND
PIT_CB_05,CB,34527.0,IND
ARI_S_01,S,34527.0,IND
CAR_S_02,S,34527.0,IND
P100491_S,S,18279.0,IND
ARI_K_01,K,34527.0,IND
KC_P_01,P,6093.0,IND
DEN_DT_01,DT,32496.0,CIN
TB_QB_01,QB,22341.0,BUF
P100497_DT,DT,32496.0,BUF
P101413_LB,LB,32496.0,BUF
P101128_CB,CB,20310.0,BUF
NYG_OT_03,OT,2031.0,LAR
P100752_C,C,8124.0,LAR
CLE_TE_02,TE,30465.0,CLE
P100813_WR,WR,4062.0,BAL
P100242_OT,OT,32496.0,BAL
P101414_CB,CB,32496.0,BAL
JAX_WR_01,WR,20310.0,JAX
IND_K_01,K,30465.0,JAX
IND_RB_02,RB,30465.0,TEN
P101145_S,S,18279.0,KC
P100587_OT,OT,4062.0,PHI
LAR_S_02,S,16248.0,PHI
DEN_P_01,P,28434.0,PHI
P100228_DT,DT,4062.0,NYG
P100376_WR,WR,30465.0,DET
P101377_EDGE,EDGE,12186.0,DET
ARI_CB_04,CB,16248.0,DET
ARI_CB_03,CB,4062.0,DET
SEA_QB_04,QB,6093.0,CHI
P100007_RB,RB,34527.0,CHI
P101248_RB,RB,20310.0,CHI
P100322_WR,WR,34527.0,CHI
P100386_WR,WR,34527.0,CHI
P100653_WR,WR,34527.0,CHI
PIT_WR_07,WR,34527.0,CHI
CHI_TE_01,TE,26403.0,CHI
P101047_TE,TE,26403.0,CHI
CAR_OT_05,OT,32496.0,CHI
CAR_OT_03,OT,34527.0,CHI
HOU_OG_01,OG,24372.0,CHI
TB_OG_04,OG,32496.0,CHI
TB_C_02,C,34527.0,CHI
DEN_EDGE_01,EDGE,34527.0,CHI
CHI_EDGE_03,EDGE,16248.0,CHI
P100261_EDGE,EDGE,34527.0,CHI
P101231_EDGE,EDGE,34527.0,CHI
NE_DT_01,DT,26403.0,CHI
P100900_DT,DT,34527.0,CHI
P100238_DT,DT,34527.0,CHI
P100783_LB,LB,34527.0,CHI
WAS_LB_02,LB,34527.0,CHI
ATL_LB_04,LB,30465.0,CHI
DEN_CB_01,CB,34527.0,CHI
P100291_CB,CB,32496.0,CHI
DEN_CB_08,CB,34527.0,CHI
P101118_CB,CB,34527.0,CHI
TEN_K_01,K,34527.0,CHI
P100362_K,K,30465.0,WAS
P100246_DT,DT,28434.0,SF
BAL_CB_02,CB,32496.0,SF
P101182_LB,LB,20310.0,MIN
P100620_RB,RB,30465.0,BUF
P100659_CB,CB,12186.0,BUF
ATL_TE_02,TE,20310.0,GB
P100483_EDGE,EDGE,2031.0,GB
TB_CB_05,CB,12186.0,GB
P100146_EDGE,EDGE,30465.0,LAR
HOU_CB_04,CB,16248.0,LAR
P101187_WR,WR,12186.0,NE
CIN_QB_01,QB,34527.0,PIT
DAL_RB_03,RB,26403.0,PIT
P100854_RB,RB,34527.0,PIT
P100857_RB,RB,32496.0,PIT
ATL_WR_04,WR,34527.0,PIT
PIT_WR_05,WR,30465.0,PIT
KC_WR_08,WR,20310.0,PIT
KC_WR_09,WR,34527.0,PIT
P101315_TE,TE,34527.0,PIT
P101121_TE,TE,10155.0,PIT
CAR_OT_02,OT,32496.0,PIT
CAR_OT_01,OT,26403.0,PIT
PIT_OG_01,OG,22341.0,PIT
GB_OG_04,OG,32496.0,PIT
PIT_C_01,C,30465.0,PIT
NE_EDGE_02,EDGE,28434.0,PIT
ATL_EDGE_05,EDGE,34527.0,PIT
P101494_EDGE,EDGE,34527.0,PIT
P100851_DT,DT,34527.0,PIT
JAX_DT_01,DT,34527.0,PIT
P100135_DT,DT,30465.0,PIT
PIT_LB_04,LB,34527.0,PIT
P100456_LB,LB,34527.0,PIT
P101322_LB,LB,34527.0,PIT
PIT_CB_03,CB,34527.0,PIT
P101499_CB,CB,34527.0,PIT
P100893_CB,CB,34527.0,PIT
P101319_CB,CB,6093.0,PIT
P100428_S,S,34527.0,PIT
P100347_S,S,18279.0,PIT
P100400_S,S,34527.0,PIT
KC_K_01,K,34527.0,PIT
GB_P_01,P,34527.0,PIT
P100472_TE,TE,6093.0,CIN
ATL_P_01,P,30465.0,CIN
P100902_EDGE,EDGE,18279.0,MIN
P100160_WR,WR,32496.0,TB
P100323_OT,OT,32496.0,TB
P100916_OT,OT,8124.0,TB
P100081_P,P,28434.0,TB
P101154_DT,DT,24372.0,CAR
GB_LB_02,LB,10155.0,CAR
CLE_OT_01,OT,8124.0,ARI
JAX_CB_01,CB,32496.0,ARI
NYJ_TE_03,TE,28434.0,BUF
DET_LB_06,LB,4062.0,DEN
PHI_S_02,S,28434.0,DEN
LV_QB_01,QB,34527.0,LV
SF_RB_04,RB,24372.0,LV
P101433_WR,WR,34527.0,LV
LAR_WR_08,WR,34527.0,LV
NYJ_WR_04,WR,26403.0,LV
TB_WR_07,WR,34527.0,LV
P100212_TE,TE,34527.0,LV
P100219_TE,TE,34527.0,LV
P100361_OT,OT,34527.0,LV
CHI_OT_04,OT,34527.0,LV
LV_OG_01,OG,34527.0,LV
SEA_OG_05,OG,34527.0,LV
CAR_C_02,C,30465.0,LV
LV_EDGE_04,EDGE,34527.0,LV
KC_EDGE_04,EDGE,34527.0,LV
PHI_EDGE_04,EDGE,34527.0,LV
LAC_DT_02,DT,34527.0,LV
MIA_DT_01,DT,34527.0,LV
LAR_DT_05,DT,26403.0,LV
ATL_LB_05,LB,24372.0,LV
BUF_LB_04,LB,34527.0,LV
P100333_LB,LB,34527.0,LV
P100282_CB,CB,34527.0,LV
GB_CB_06,CB,34527.0,LV
DAL_CB_08,CB,34527.0,LV
P100798_CB,CB,34527.0,LV
P101024_S,S,34527.0,LV
P100109_S,S,26403.0,LV
ARI_S_05,S,34527.0,LV
DET_K_01,K,34527.0,LV
JAX_P_01,P,34527.0,LV
P100781_LB,LB,10155.0,KC
P100873_C,C,6093.0,BAL
LAC_DT_03,DT,22341.0,HOU
TB_WR_05,WR,8124.0,PHI
BUF_EDGE_01,EDGE,20310.0,PHI
P100557_WR,WR,30465.0,SEA
P100421_WR,WR,30465.0,SEA
KC_OT_04,OT,10155.0,SEA
P100316_EDGE,EDGE,28434.0,SEA
ATL_OG_01,OG,18279.0,ATL
P101290_OT,OT,14217.0,GB
P100449_OT,OT,28434.0,NO
P101330_LB,LB,26403.0,NO
DAL_QB_02,QB,34527.0,NYJ
P101447_RB,RB,34527.0,NYJ
CIN_WR_04,WR,34527.0,NYJ
DET_WR_01,WR,26403.0,NYJ
NYJ_WR_03,WR,22341.0,NYJ
ATL_WR_01,WR,34527.0,NYJ
DEN_TE_01,TE,34527.0,NYJ
P100981_TE,TE,34527.0,NYJ
HOU_OT_01,OT,34527.0,NYJ
NYJ_OT_02,OT,2031.0,NYJ
P100013_OG,OG,18279.0,NYJ
IND_OG_01,OG,34527.0,NYJ
P100300_C,C,32496.0,NYJ
PIT_EDGE_03,EDGE,34527.0,NYJ
JAX_EDGE_01,EDGE,30465.0,NYJ
P100780_EDGE,EDGE,34527.0,NYJ
NYJ_EDGE_04,EDGE,34527.0,NYJ
DEN_DT_02,DT,34527.0,NYJ
CHI_DT_03,DT,24372.0,NYJ
JAX_DT_04,DT,22341.0,NYJ
P100884_LB,LB,34527.0,NYJ
P100520_LB,LB,34527.0,NYJ
ATL_LB_02,LB,34527.0,NYJ
GB_CB_03,CB,34527.0,NYJ
NYJ_CB_02,CB,34527.0,NYJ
PHI_CB_01,CB,34527.0,NYJ
P101219_CB,CB,24372.0,NYJ
P100592_S,S,30465.0,NYJ
NYG_S_01,S,34527.0,NYJ
CHI_K_01,K,18279.0,NYJ
SEA_P_01,P,34527.0,NYJ
SF_OG_02,OG,28434.0,IND
P101161_WR,WR,28434.0,TEN
P100809_QB,QB,34527.0,LAC
P100430_RB,RB,34527.0,LAC
CIN_RB_05,RB,34527.0,LAC
HOU_RB_02,RB,34527.0,LAC
ARI_WR_03,WR,34527.0,LAC
P101164_WR,WR,34527.0,LAC
MIA_TE_03,TE,34527.0,LAC
P101069_TE,TE,34527.0,LAC
P100581_OT,OT,34527.0,LAC
P101375_OT,OT,4062.0,LAC
P101240_OG,OG,34527.0,LAC
P100834_OG,OG,6093.0,LAC
GB_C_01,C,34527.0,LAC
P100221_EDGE,EDGE,34527.0,LAC
P101488_EDGE,EDGE,34527.0,LAC
P101103_EDGE,EDGE,12186.0,LAC
P101436_DT,DT,34527.0,LAC
P100825_DT,DT,34527.0,LAC
P101002_DT,DT,8124.0,LAC
SF_LB_05,LB,32496.0,LAC
P100710_LB,LB,24372.0,LAC
P100252_LB,LB,34527.0,LAC
P100153_CB,CB,34527.0,LAC
NE_CB_02,CB,34527.0,LAC
P100527_CB,CB,34527.0,LAC
P100158_S,S,34527.0,LAC
P101495_S,S,16248.0,LAC
P101276_S,S,34527.0,LAC
PIT_K_01,K,6093.0,LAC
MIA_P_01,P,32496.0,LAC
P100324_DT,DT,8124.0,CLE
P101082_OG,OG,6093.0,DAL
P100307_DT,DT,6093.0,DAL
P100377_WR,WR,16248.0,NYJ
NYG_OT_02,OT,32496.0,NYJ
SF_K_02,K,30465.0,NE
JAX_S_02,S,16248.0,BAL
P101044_RB,RB,6093.0,CIN
P100986_QB,QB,28434.0,CHI
P100675_WR,WR,4062.0,GB
P100840_TE,TE,16248.0,CAR
CHI_OG_03,OG,28434.0,TB
MIA_LB_05,LB,10155.0,LV
CAR_EDGE_09,EDGE,32496.0,PIT
PHI_S_03,S,16248.0,IND
P100941_S,S,6093.0,TEN
CLE_OT_02,OT,26403.0,CLE
IND_WR_01,WR,28434.0,SF
BUF_WR_06,WR,20310.0,LAC
GB_QB_02,QB,8124.0,MIA
SF_S_07,S,24372.0,CLE
NE_LB_04,LB,26403.0,IND
IND_P_01,P,22341.0,IND
P100033_DT,DT,26403.0,DAL
ATL_OT_01,OT,22341.0,PHI
DEN_LB_02,LB,6093.0,NYG
JAX_OG_02,OG,26403.0,GB
SF_QB_03,QB,2031.0,ATL
P101202_OG,OG,2031.0,NO
P100412_EDGE,EDGE,12186.0,NO
NYG_DT_03,DT,16248.0,NO
P100913_CB,CB,6093.0,NO
P100897_OT,OT,30465.0,LAC
LAC_OG_03,OG,6093.0,BUF
P101166_CB,CB,28434.0,PIT
P101250_DT,DT,20310.0,DET
CLE_CB_01,CB,22341.0,DET
CHI_TE_03,TE,2031.0,CAR
CHI_P_01,P,26403.0,CHI
CAR_WR_05,WR,24372.0,DEN
IND_LB_01,LB,6093.0,DEN
P101087_CB,CB,10155.0,BAL
IND_RB_01,RB,4062.0,BUF
CIN_OT_04,OT,4062.0,MIA
P101432_TE,TE,2031.0,PIT
P100607_S,S,16248.0,PIT
TEN_EDGE_06,EDGE,8124.0,BAL
P100728_EDGE,EDGE,6093.0,DAL
MIA_QB_03,QB,8124.0,WAS
P101431_DT,DT,8124.0,WAS
DAL_OG_02,OG,16248.0,ATL
P100681_CB,CB,22341.0,ATL
P100447_WR,WR,24372.0,ARI
P101043_WR,WR,10155.0,LAR
P100853_OG,OG,28434.0,LAC
JAX_K_01,K,14217.0,LAC
P100312_OG,OG,24372.0,KC
P101212_QB,QB,8124.0,HOU
P101404_C,C,4062.0,HOU
KC_TE_02,TE,22341.0,IND
HOU_OT_04,OT,6093.0,DET
CHI_CB_02,CB,2031.0,NYJ
LV_OG_04,OG,12186.0,CHI
P100543_WR,WR,8124.0,LV
KC_DT_03,DT,26403.0,LAC
P101001_QB,QB,6093.0,KC
P100595_EDGE,EDGE,10155.0,KC
P100713_OG,OG,16248.0,MIN
LAC_TE_01,TE,22341.0,PIT
CIN_P_02,P,4062.0,NO
NO_P_02,P,2031.0,HOU
P101151_QB,QB,2031.0,JAX
P100288_OT,OT,14217.0,NE
P101399_LB,LB,8124.0,NE
WAS_CB_08,CB,14217.0,PHI
P100184_DT,DT,16248.0,ATL
BUF_QB_03,QB,6093.0,TB
TB_LB_05,LB,2031.0,TB
P100775_OG,OG,12186.0,TEN
IND_DT_05,DT,16248.0,TEN
P100779_OG,OG,10155.0,HOU
IND_CB_06,CB,6093.0,DEN
P100862_OT,OT,14217.0,KC
P100602_EDGE,EDGE,4062.0,KC
ATL_LB_06,LB,4062.0,SF
P100553_QB,QB,6093.0,SEA
P100370_QB,QB,10155.0,DAL
P100818_LB,LB,8124.0,DAL
P100745_RB,RB,4062.0,BUF
P101336_EDGE,EDGE,12186.0,BAL
P100433_C,C,2031.0,ATL
P101480_S,S,12186.0,ARI
IND_DT_01,DT,6093.0,IND
P101448_WR,WR,2031.0,PHI
P101243_WR,WR,14217.0,WAS
P101472_LB,LB,4062.0,WAS
P100819_OT,OT,6093.0,NYG
P101153_S,S,14217.0,NE
P101289_S,S,8124.0,CIN
CHI_EDGE_05,EDGE,10155.0,CLE
P100229_OG,OG,14217.0,DEN
P100541_OG,OG,16248.0,WAS
P101397_WR,WR,4062.0,LAR
CLE_TE_01,TE,14217.0,BAL
ARI_EDGE_03,EDGE,8124.0,CAR
P101321_EDGE,EDGE,18279.0,CHI
NYJ_OG_01,OG,4062.0,NYJ
BUF_DT_05,DT,20310.0,NYJ
PHI_K_01,K,16248.0,NYJ
MIA_WR_03,WR,4062.0,TB
P101067_OT,OT,8124.0,PIT
PHI_C_01,C,10155.0,IND
P100759_WR,WR,8124.0,MIA
CAR_TE_04,TE,2031.0,MIA
P100598_QB,QB,6093.0,NO
TB_OG_02,OG,12186.0,NYJ
IND_LB_05,LB,8124.0,CLE
LV_C_02,C,10155.0,HOU
LV_DT_03,DT,8124.0,LV
NO_CB_05,CB,8124.0,DEN
DEN_K_02,K,14217.0,LAC
P100113_C,C,10155.0,GB
MIN_DT_04,DT,6093.0,ATL
P100880_S,S,2031.0,NE
P100668_OG,OG,8124.0,ARI
P100213_LB,LB,8124.0,PHI
P100723_CB,CB,8124.0,CAR
DAL_OG_03,OG,14217.0,PIT
P100735_EDGE,EDGE,2031.0,BUF
P101229_DT,DT,2031.0,DET
P100789_DT,DT,8124.0,SEA
P100930_OG,OG,8124.0,NE
P100712_QB,QB,2031.0,JAX
NO_TE_01,TE,8124.0,CHI
CAR_OG_04,OG,6093.0,MIA
BAL_OG_03,OG,6093.0,MIA
TEN_LB_03,LB,6093.0,MIA
PIT_WR_08,WR,10155.0,DAL
P100992_C,C,8124.0,KC
P100846_CB,CB,10155.0,KC
P100141_OG,OG,8124.0,CIN
P100629_TE,TE,4062.0,ARI
P100872_OT,OT,6093.0,ATL
HOU_S_03,S,2031.0,ATL
ARI_WR_01,WR,4062.0,NYJ
P101285_DT,DT,8124.0,CHI
P100645_S,S,8124.0,NO
ARI_OG_04,OG,2031.0,TB
P100255_WR,WR,6093.0,KC
P101298_K,K,6093.0,KC
PIT_DT_04,DT,4062.0,MIA
NO_OG_02,OG,6093.0,CAR
HOU_C_01,C,4062.0,CAR
TEN_CB_07,CB,2031.0,TEN
CIN_C_01,C,4062.0,NYG
P100337_OT,OT,2031.0,JAX
P100341_OG,OG,8124.0,JAX
GB_EDGE_07,EDGE,2031.0,CIN
MIN_P_01,P,4062.0,TB
MIN_TE_01,TE,4062.0,DAL
TEN_EDGE_05,EDGE,4062.0,NYJ
PHI_DT_06,DT,2031.0,NYJ
P101065_WR,WR,2031.0,NYG
P101009_TE,TE,2031.0,MIN
ARI_DT_05,DT,2031.0,MIN
KC_C_03,C,4062.0,PIT
DET_DT_04,DT,2031.0,PIT
DAL_C_02,C,4062.0,LV
SEA_OT_05,OT,2031.0,CHI
CHI_LB_02,LB,4062.0,CHI
CHI_CB_04,CB,2031.0,CHI
P100698_EDGE,EDGE,2031.0,SEA
SF_P_01,P,2031.0,SEA
P101208_QB,QB,2031.0,BAL
BAL_DT_03,DT,2031.0,BAL
P101137_CB,CB,2031.0,JAX
ARI_DT_03,DT,2031.0,GB
P100250_OT,OT,2031.0,PIT
P101496_DT,DT,2031.0,PIT
DEN_QB_01,QB,8124.0,DEN
KC_WR_01,WR,8124.0,DEN
CAR_WR_06,WR,8124.0,DEN
ATL_WR_06,WR,8124.0,DEN
CAR_WR_05,WR,8124.0,DEN
P101393_TE,TE,8124.0,DEN
NO_TE_03,TE,8124.0,DEN
DAL_OT_02,OT,8124.0,DEN
LV_OT_01,OT,8124.0,DEN
SF_OG_01,OG,8124.0,DEN
JAX_OG_01,OG,8124.0,DEN
KC_C_01,C,8124.0,DEN
SEA_EDGE_02,EDGE,8124.0,DEN
ARI_EDGE_02,EDGE,8124.0,DEN
NYG_EDGE_02,EDGE,8124.0,DEN
P100826_DT,DT,8124.0,DEN
P100820_DT,DT,8124.0,DEN
P101141_DT,DT,8124.0,DEN
P100329_LB,LB,8124.0,DEN
TB_LB_01,LB,8124.0,DEN
MIN_LB_03,LB,8124.0,DEN
P100366_CB,CB,8124.0,DEN
PIT_CB_04,CB,8124.0,DEN
NYG_CB_01,CB,8124.0,DEN
IND_CB_06,CB,8124.0,DEN
PHI_S_02,S,8124.0,DEN
BUF_S_02,S,8124.0,DEN
MIA_S_02,S,8124.0,DEN
NYJ_K_01,K,8124.0,DEN
CIN_QB_02,QB,2031.0,NYJ
P101447_RB,RB,2031.0,NYJ
CIN_WR_04,WR,2031.0,NYJ
NYJ_WR_03,WR,2031.0,NYJ
ATL_WR_01,WR,2031.0,NYJ
P100377_WR,WR,2031.0,NYJ
DEN_TE_01,TE,2031.0,NYJ
P100981_TE,TE,2031.0,NYJ
NYG_OT_02,OT,2031.0,NYJ
P100013_OG,OG,2031.0,NYJ
IND_OG_01,OG,2031.0,NYJ
PIT_EDGE_03,EDGE,2031.0,NYJ
JAX_EDGE_01,EDGE,2031.0,NYJ
P100780_EDGE,EDGE,2031.0,NYJ
NYJ_EDGE_04,EDGE,2031.0,NYJ
DEN_DT_02,DT,2031.0,NYJ
CHI_DT_03,DT,2031.0,NYJ
JAX_DT_04,DT,2031.0,NYJ
P100884_LB,LB,2031.0,NYJ
P100520_LB,LB,2031.0,NYJ
ATL_LB_02,LB,2031.0,NYJ
GB_CB_03,CB,2031.0,NYJ
NYJ_CB_02,CB,2031.0,NYJ
P101219_CB,CB,2031.0,NYJ
P100592_S,S,2031.0,NYJ
NYG_S_01,S,2031.0,NYJ
PHI_K_01,K,2031.0,NYJ
SEA_P_01,P,2031.0,NYJ
DET_QB_01,QB,4062.0,CLE
P100087_RB,RB,4062.0,CLE
P101072_RB,RB,4062.0,CLE
P100385_RB,RB,4062.0,CLE
CLE_WR_02,WR,4062.0,CLE
CLE_WR_06,WR,4062.0,CLE
JAX_WR_02,WR,4062.0,CLE
P100365_WR,WR,4062.0,CLE
CLE_TE_02,TE,4062.0,CLE
P100701_TE,TE,4062.0,CLE
CLE_OT_02,OT,4062.0,CLE
JAX_OT_04,OT,4062.0,CLE
TEN_OG_01,OG,4062.0,CLE
CLE_OG_02,OG,4062.0,CLE
P101239_C,C,4062.0,CLE
LAR_EDGE_01,EDGE,4062.0,CLE
DET_EDGE_02,EDGE,4062.0,CLE
CLE_EDGE_01,EDGE,4062.0,CLE
P100018_EDGE,EDGE,4062.0,CLE
P101267_DT,DT,4062.0,CLE
CAR_DT_02,DT,4062.0,CLE
KC_DT_02,DT,4062.0,CLE
CIN_LB_02,LB,4062.0,CLE
NYJ_LB_02,LB,4062.0,CLE
GB_LB_05,LB,4062.0,CLE
P100700_CB,CB,4062.0,CLE
DET_CB_04,CB,4062.0,CLE
P100729_CB,CB,4062.0,CLE
P101266_CB,CB,4062.0,CLE
P100462_S,S,4062.0,CLE
SF_S_07,S,4062.0,CLE
CLE_K_01,K,4062.0,CLE
WAS_P_01,P,4062.0,CLE
P100371_RB,RB,2031.0,BAL
P101125_WR,WR,2031.0,BAL
P100643_WR,WR,2031.0,BAL
BAL_WR_04,WR,2031.0,BAL
P101246_WR,WR,2031.0,BAL
P101476_TE,TE,2031.0,BAL
P100242_OT,OT,2031.0,BAL
P100241_OT,OT,2031.0,BAL
PIT_OG_02,OG,2031.0,BAL
P100870_OG,OG,2031.0,BAL
CIN_C_02,C,2031.0,BAL
BAL_EDGE_01,EDGE,2031.0,BAL
P100314_EDGE,EDGE,2031.0,BAL
P100480_EDGE,EDGE,2031.0,BAL
BUF_EDGE_05,EDGE,2031.0,BAL
P100311_DT,DT,2031.0,BAL
P100938_DT,DT,2031.0,BAL
WAS_LB_04,LB,2031.0,BAL
ATL_LB_07,LB,2031.0,BAL
CIN_CB_03,CB,2031.0,BAL
P100514_CB,CB,2031.0,BAL
P100751_CB,CB,2031.0,BAL
P101414_CB,CB,2031.0,BAL
JAX_S_02,S,2031.0,BAL
P100198_S,S,2031.0,BAL
LAR_S_05,S,2031.0,BAL
SF_K_01,K,2031.0,BAL
WAS_P_02,P,2031.0,BAL
P100074_QB,QB,2031.0,MIA
P101112_RB,RB,2031.0,MIA
P101091_RB,RB,2031.0,MIA
PIT_WR_03,WR,2031.0,MIA
DEN_WR_02,WR,2031.0,MIA
TB_WR_02,WR,2031.0,MIA
DAL_WR_08,WR,2031.0,MIA
WAS_TE_01,TE,2031.0,MIA
P100684_OT,OT,2031.0,MIA
P100143_OT,OT,2031.0,MIA
P101261_OG,OG,2031.0,MIA
CAR_OG_04,OG,2031.0,MIA
MIN_C_01,C,2031.0,MIA
SF_EDGE_02,EDGE,2031.0,MIA
NO_EDGE_03,EDGE,2031.0,MIA
PHI_EDGE_03,EDGE,2031.0,MIA
BUF_DT_02,DT,2031.0,MIA
CIN_DT_02,DT,2031.0,MIA
P100091_DT,DT,2031.0,MIA
CAR_LB_01,LB,2031.0,MIA
NO_LB_01,LB,2031.0,MIA
TEN_LB_03,LB,2031.0,MIA
WAS_CB_02,CB,2031.0,MIA
NYJ_CB_03,CB,2031.0,MIA
P100703_CB,CB,2031.0,MIA
P100363_S,S,2031.0,MIA
ATL_S_05,S,2031.0,MIA
CHI_S_04,S,2031.0,MIA
NE_K_01,K,2031.0,MIA
CIN_P_01,P,2031.0,MIA
LV_QB_01,QB,6093.0,LV
SF_RB_04,RB,6093.0,LV
P101433_WR,WR,6093.0,LV
LAR_WR_08,WR,6093.0,LV
NYJ_WR_04,WR,6093.0,LV
TB_WR_07,WR,6093.0,LV
P100212_TE,TE,6093.0,LV
P100219_TE,TE,6093.0,LV
P100361_OT,OT,6093.0,LV
CHI_OT_04,OT,6093.0,LV
SEA_OG_05,OG,6093.0,LV
LAC_OG_01,OG,6093.0,LV
DAL_C_02,C,6093.0,LV
LV_EDGE_04,EDGE,6093.0,LV
KC_EDGE_04,EDGE,6093.0,LV
PHI_EDGE_04,EDGE,6093.0,LV
LAC_DT_02,DT,6093.0,LV
MIA_DT_01,DT,6093.0,LV
LAR_DT_05,DT,6093.0,LV
ATL_LB_05,LB,6093.0,LV
BUF_LB_04,LB,6093.0,LV
P100333_LB,LB,6093.0,LV
P100282_CB,CB,6093.0,LV
DAL_CB_08,CB,6093.0,LV
P100798_CB,CB,6093.0,LV
P101462_CB,CB,6093.0,LV
P101024_S,S,6093.0,LV
P100109_S,S,6093.0,LV
ARI_S_05,S,6093.0,LV
DET_K_01,K,6093.0,LV
JAX_P_01,P,6093.0,LV
P100234_QB,QB,2031.0,IND
P100963_RB,RB,2031.0,IND
P101088_WR,WR,2031.0,IND
P100762_WR,WR,2031.0,IND
SEA_TE_02,TE,2031.0,IND
KC_TE_02,TE,2031.0,IND
NYG_OT_01,OT,2031.0,IND
IND_OT_01,OT,2031.0,IND
DET_OG_02,OG,2031.0,IND
LAR_OG_02,OG,2031.0,IND
IND_C_01,C,2031.0,IND
BAL_EDGE_02,EDGE,2031.0,IND
IND_EDGE_01,EDGE,2031.0,IND
NYJ_EDGE_05,EDGE,2031.0,IND
TEN_EDGE_01,EDGE,2031.0,IND
TB_DT_02,DT,2031.0,IND
CLE_DT_04,DT,2031.0,IND
CLE_DT_02,DT,2031.0,IND
JAX_LB_02,LB,2031.0,IND
NE_LB_04,LB,2031.0,IND
GB_LB_03,LB,2031.0,IND
IND_CB_01,CB,2031.0,IND
IND_CB_03,CB,2031.0,IND
PIT_CB_05,CB,2031.0,IND
ARI_S_01,S,2031.0,IND
CAR_S_02,S,2031.0,IND
PHI_S_03,S,2031.0,IND
ARI_K_01,K,2031.0,IND
IND_P_01,P,2031.0,IND
PIT_QB_01,QB,8124.0,CAR
P100856_RB,RB,8124.0,CAR
P101086_RB,RB,8124.0,CAR
PHI_WR_03,WR,8124.0,CAR
P100864_WR,WR,8124.0,CAR
CAR_TE_02,TE,8124.0,CAR
P101098_TE,TE,8124.0,CAR
NO_OT_02,OT,8124.0,CAR
CHI_OT_02,OT,8124.0,CAR
NO_OG_02,OG,8124.0,CAR
P100060_OG,OG,8124.0,CAR
LAC_C_01,C,8124.0,CAR
P100231_EDGE,EDGE,8124.0,CAR
CAR_EDGE_03,EDGE,8124.0,CAR
NE_EDGE_01,EDGE,8124.0,CAR
NYG_EDGE_05,EDGE,8124.0,CAR
LAR_DT_06,DT,8124.0,CAR
P100482_DT,DT,8124.0,CAR
P100369_DT,DT,8124.0,CAR
NE_LB_01,LB,8124.0,CAR
P100015_LB,LB,8124.0,CAR
P100176_LB,LB,8124.0,CAR
DAL_CB_03,CB,8124.0,CAR
TB_CB_03,CB,8124.0,CAR
P100786_CB,CB,8124.0,CAR
P100075_S,S,8124.0,CAR
P100178_S,S,8124.0,CAR
P101303_S,S,8124.0,CAR
LAR_K_01,K,8124.0,CAR
NYJ_P_01,P,8124.0,CAR
PIT_QB_02,QB,2031.0,TB
CIN_RB_02,RB,2031.0,TB
PHI_WR_02,WR,2031.0,TB
P100165_WR,WR,2031.0,TB
P100160_WR,WR,2031.0,TB
CAR_WR_08,WR,2031.0,TB
CAR_TE_01,TE,2031.0,TB
P100868_TE,TE,2031.0,TB
DET_OT_01,OT,2031.0,TB
P100323_OT,OT,2031.0,TB
MIN_OG_02,OG,2031.0,TB
CHI_OG_03,OG,2031.0,TB
DEN_C_03,C,2031.0,TB
MIA_EDGE_01,EDGE,2031.0,TB
NYJ_EDGE_01,EDGE,2031.0,TB
P101323_EDGE,EDGE,2031.0,TB
ATL_DT_04,DT,2031.0,TB
P100318_DT,DT,2031.0,TB
NO_DT_01,DT,2031.0,TB
TB_LB_02,LB,2031.0,TB
P101291_LB,LB,2031.0,TB
LAR_LB_04,LB,2031.0,TB
GB_CB_01,CB,2031.0,TB
SF_CB_04,CB,2031.0,TB
P100918_CB,CB,2031.0,TB
NE_CB_06,CB,2031.0,TB
LV_S_01,S,2031.0,TB
CAR_S_03,S,2031.0,TB
DET_S_05,S,2031.0,TB
DEN_K_01,K,2031.0,TB
P100081_P,P,2031.0,TB
GB_QB_01,QB,4062.0,GB
CIN_RB_01,RB,4062.0,GB
P100831_RB,RB,4062.0,GB
NYJ_WR_02,WR,4062.0,GB
P100331_WR,WR,4062.0,GB
FA_WR_005,WR,4062.0,GB
P100566_WR,WR,4062.0,GB
ATL_TE_02,TE,4062.0,GB
PHI_TE_06,TE,4062.0,GB
DAL_OT_01,OT,4062.0,GB
P100507_OT,OT,4062.0,GB
LAR_OG_01,OG,4062.0,GB
JAX_OG_02,OG,4062.0,GB
GB_C_02,C,4062.0,GB
P100882_EDGE,EDGE,4062.0,GB
ATL_EDGE_07,EDGE,4062.0,GB
FA_EDGE_182,EDGE,4062.0,GB
P100797_EDGE,EDGE,4062.0,GB
DEN_DT_04,DT,4062.0,GB
SF_DT_05,DT,4062.0,GB
ARI_DT_03,DT,4062.0,GB
JAX_LB_01,LB,4062.0,GB
P101392_LB,LB,4062.0,GB
P101411_LB,LB,4062.0,GB
DET_CB_01,CB,4062.0,GB
P100131_CB,CB,4062.0,GB
LV_CB_07,CB,4062.0,GB
SEA_CB_04,CB,4062.0,GB
P101140_S,S,4062.0,GB
P101036_S,S,4062.0,GB
P101093_S,S,4062.0,GB
P100052_K,K,4062.0,GB
BAL_P_01,P,4062.0,GB
TB_QB_02,QB,2031.0,MIN
P101233_RB,RB,2031.0,MIN
P101350_RB,RB,2031.0,MIN
P100722_WR,WR,2031.0,MIN
MIA_WR_02,WR,2031.0,MIN
MIN_WR_05,WR,2031.0,MIN
P101023_WR,WR,2031.0,MIN
NE_TE_03,TE,2031.0,MIN
MIA_OT_04,OT,2031.0,MIN
SF_OT_03,OT,2031.0,MIN
CIN_OG_02,OG,2031.0,MIN
P100713_OG,OG,2031.0,MIN
P100394_C,C,2031.0,MIN
GB_EDGE_03,EDGE,2031.0,MIN
P100814_EDGE,EDGE,2031.0,MIN
NYJ_EDGE_02,EDGE,2031.0,MIN
P100346_EDGE,EDGE,2031.0,MIN
MIN_DT_01,DT,2031.0,MIN
MIN_DT_02,DT,2031.0,MIN
P101060_DT,DT,2031.0,MIN
FA_LB_159,LB,2031.0,MIN
BUF_LB_02,LB,2031.0,MIN
MIN_LB_08,LB,2031.0,MIN
CAR_CB_01,CB,2031.0,MIN
SF_CB_03,CB,2031.0,MIN
MIN_CB_03,CB,2031.0,MIN
LV_CB_04,CB,2031.0,MIN
TB_S_01,S,2031.0,MIN
P101053_K,K,2031.0,MIN
DAL_P_01,P,2031.0,MIN
LAR_QB_02,QB,4062.0,PHI
P100035_RB,RB,4062.0,PHI
P100931_RB,RB,4062.0,PHI
PIT_WR_02,WR,4062.0,PHI
P100708_WR,WR,4062.0,PHI
WAS_WR_03,WR,4062.0,PHI
TB_WR_05,WR,4062.0,PHI
SEA_TE_01,TE,4062.0,PHI
CAR_TE_03,TE,4062.0,PHI
ATL_OT_01,OT,4062.0,PHI
PIT_OT_02,OT,4062.0,PHI
SEA_OG_01,OG,4062.0,PHI
BAL_OG_04,OG,4062.0,PHI
CAR_C_01,C,4062.0,PHI
BUF_EDGE_01,EDGE,4062.0,PHI
P101435_EDGE,EDGE,4062.0,PHI
P100435_EDGE,EDGE,4062.0,PHI
P101169_EDGE,EDGE,4062.0,PHI
DET_DT_01,DT,4062.0,PHI
P100056_DT,DT,4062.0,PHI
P100891_DT,DT,4062.0,PHI
FA_LB_118,LB,4062.0,PHI
P100104_LB,LB,4062.0,PHI
P100213_LB,LB,4062.0,PHI
ATL_CB_02,CB,4062.0,PHI
KC_CB_02,CB,4062.0,PHI
JAX_CB_03,CB,4062.0,PHI
WAS_CB_08,CB,4062.0,PHI
P100057_S,S,4062.0,PHI
NYJ_S_04,S,4062.0,PHI
LAR_S_02,S,4062.0,PHI
PIT_K_02,K,4062.0,PHI
DEN_P_01,P,4062.0,PHI
ARI_QB_01,QB,2031.0,SF
P101387_RB,RB,2031.0,SF
P100995_WR,WR,2031.0,SF
IND_WR_01,WR,2031.0,SF
SEA_WR_02,WR,2031.0,SF
P100399_WR,WR,2031.0,SF
TEN_TE_01,TE,2031.0,SF
DEN_TE_04,TE,2031.0,SF
SF_OT_01,OT,2031.0,SF
SF_OT_02,OT,2031.0,SF
KC_OG_02,OG,2031.0,SF
DEN_OG_01,OG,2031.0,SF
LAR_C_01,C,2031.0,SF
KC_EDGE_01,EDGE,2031.0,SF
CIN_EDGE_04,EDGE,2031.0,SF
TEN_EDGE_04,EDGE,2031.0,SF
P100719_EDGE,EDGE,2031.0,SF
P100246_DT,DT,2031.0,SF
NYG_DT_04,DT,2031.0,SF
P100270_DT,DT,2031.0,SF
SF_LB_01,LB,2031.0,SF
NE_LB_02,LB,2031.0,SF
SF_LB_02,LB,2031.0,SF
BAL_CB_02,CB,2031.0,SF
P100063_CB,CB,2031.0,SF
P100068_CB,CB,2031.0,SF
TB_S_02,S,2031.0,SF
P100283_S,S,2031.0,SF
NO_S_04,S,2031.0,SF
P100794_K,K,2031.0,SF
CAR_QB_01,QB,4062.0,ARI
P100464_RB,RB,4062.0,ARI
HOU_WR_01,WR,4062.0,ARI
CAR_WR_01,WR,4062.0,ARI
P100447_WR,WR,4062.0,ARI
P101132_WR,WR,4062.0,ARI
DET_TE_03,TE,4062.0,ARI
KC_TE_04,TE,4062.0,ARI
JAX_OT_01,OT,4062.0,ARI
DET_OT_02,OT,4062.0,ARI
BUF_OG_02,OG,4062.0,ARI
P100668_OG,OG,4062.0,ARI
ARI_C_01,C,4062.0,ARI
P100707_EDGE,EDGE,4062.0,ARI
P100478_EDGE,EDGE,4062.0,ARI
P100561_EDGE,EDGE,4062.0,ARI
P100562_EDGE,EDGE,4062.0,ARI
JAX_DT_02,DT,4062.0,ARI
ARI_DT_01,DT,4062.0,ARI
DET_DT_05,DT,4062.0,ARI
P101195_LB,LB,4062.0,ARI
P101113_LB,LB,4062.0,ARI
P100978_LB,LB,4062.0,ARI
LAR_CB_01,CB,4062.0,ARI
ATL_CB_04,CB,4062.0,ARI
P100393_CB,CB,4062.0,ARI
P101281_S,S,4062.0,ARI
P101480_S,S,4062.0,ARI
P101222_S,S,4062.0,ARI
SEA_K_01,K,4062.0,ARI
