assists,batted_passes,big_time_throws,blitz_snaps,broken_tackles,clean_att,competition_type,completions,contested_catches,contested_targets,coverage_snaps,deep_att,deep_comp,deep_targets,display_name,drops,drops_by_receivers,explosive_runs,fg_att,fg_att_30_39,fg_att_40_49,fg_att_50p,fg_att_u30,fg_made,fg_made_30_39,fg_made_40_49,fg_made_50p,fg_made_u30,first_downs,forced_fumbles,forced_incompletions,fumbles,fumbles_lost,games,gross_yards,gw_att,hits_allowed,hurries,hurries_allowed,inside_10,inside_20,int,kickoffs,longest,longest_fg,missed_tackles,missed_tackles_forced,net_yards,pass_att,pass_block_efficiency,pass_block_snaps,pass_breakups,pass_rush_snaps,pass_rush_win_rate,pass_td,pass_yd,passer_rating_allowed,penalties,play_action_att,player_id,position,pressure_att,pressure_comp,pressure_yd,pressures,pressures_allowed,punts,qb_hits,rec,rec_allowed,rec_td,rec_yd,retired,return_yards_allowed,routes,run_block_losses,run_block_snaps,run_block_wins,run_stops,rush_att,rush_td,rush_yd,sack_yards,sacks,sacks_allowed,sacks_taken,scrambles,seasons_played,snaps,solo,starts,tackles,targets,td_allowed,tfl,throwaways,touchbacks,turnover_worthy_plays,week,xp_att,xp_made,yac,yards_after_contact,yards_allowed,yards_before_contact,yards_per_cov_snap
,,31.0,,,383.0,REGULAR_SEASON,331.0,,,,57.0,23.0,,Mikael Moorhead,,30.0,,,,,,,,,,,,156.0,,,4.0,2.0,16.0,,,,,,,,21.0,,,,,,,548.0,,,,,,7.0,3700.0,,,140.0,MIA_QB_01,QB,165.0,70.0,652.0,,,,,,,,,1,,,,,,,57.0,,265.0,251.0,,,39.0,32.0,0,999.0,,16.0,,,,,23.0,,28.0,131.0,,,,,,,
,,,,17.0,,REGULAR_SEASON,,39.0,92.0,,,,78.0,Asa Mortenson,38.0,,34.0,,,,,,,,,,,162.0,,,2.0,,34.0,,,,,,,,,,,,,8.0,,,,196.0,,,,,,,,,MIA_RB_02,RB,,,,,20.0,,,339.0,,,4022.0,1,,306.0,,81.0,,,449.0,5.0,1713.0,,,,,,0,916.0,,,,546.0,,,,,,296.0,,,1577.0,713.0,,1037.0,
,,,,11.0,,REGULAR_SEASON,,8.0,15.0,,,,21.0,Lincoln Karras,2.0,,11.0,,,,,,,,,,,28.0,,,0.0,,12.0,,,,,,,,,,,,,3.0,,,,51.0,,,,,,,,,MIA_RB_01,RB,,,,,2.0,,,63.0,,,745.0,1,,83.0,,18.0,,,87.0,,307.0,,,,,,0,254.0,,,,110.0,,,,,,88.0,,,274.0,92.0,,217.0,
,,,,7.0,,REGULAR_SEASON,,6.0,13.0,,,,19.0,Joaquin Rimington,8.0,,5.0,,,,,,,,,,,22.0,,,0.0,,17.0,,,,,,,,,,,,,0.0,,,,99.0,,,,,,,,,MIA_RB_03,RB,,,,,12.0,,,58.0,,,745.0,1,,97.0,,22.0,,,81.0,,294.0,,,,,,0,299.0,,,,103.0,,,,,,149.0,,,277.0,126.0,,174.0,
,,,,,,REGULAR_SEASON,,27.0,39.0,,,,20.0,Hutch Meacham,11.0,,,,,,,,,,,,,38.0,,,,,17.0,,,,,,,,,,,,,7.0,,,,,,,,,,,,,MIA_WR_01,WR,,,,,,,,93.0,,3.0,1137.0,1,,617.0,,210.0,,,,,,,,,,,0,730.0,,,,187.0,,,,,,149.0,,,455.0,,,,
,,,,,,REGULAR_SEASON,,24.0,48.0,,,,28.0,Vance Danforth,11.0,,,,,,,,,,,,,51.0,,,,,34.0,,,,,,,,,,,,,11.0,,,,,,,,,,,,,MIA_WR_06,WR,,,,,,,,127.0,,2.0,1650.0,1,,1241.0,,423.0,,,,,,,,,,,0,1466.0,,,,249.0,,,,,,296.0,,,642.0,,,,
,,,,,,REGULAR_SEASON,,13.0,42.0,,,,43.0,Ace Wrighster,13.0,,,,,,,,,,,,,40.0,,,,,66.0,,,,,,,,,,,,,30.0,,,,,,,,,,,,,MIA_WR_03,WR,,,,,,,,150.0,,4.0,1987.0,0,,2442.0,,832.0,,,,,,,,,,,0,2877.0,,,,288.0,,,,,,615.0,,,737.0,,,,
,,,,,,REGULAR_SEASON,,2.0,4.0,,,,2.0,Orion Berrios,0.0,,,,,,,,,,,,,0.0,,,,,5.0,,,,,,,,,,,,,2.0,,,,,,,,,,,,,MIA_WR_04,WR,,,,,,,,5.0,,,78.0,1,,185.0,,63.0,,,,,,,,,,,0,218.0,,,,10.0,,,,,,18.0,,,31.0,,,,
,,,,,,REGULAR_SEASON,,40.0,103.0,,,,98.0,Demetrius Callender,36.0,,,,,,,,,,,,,125.0,,,,,95.0,,,,,,,,,,,,,51.0,,,,,,,,,,,,,MIA_TE_02,TE,,,,,,,,326.0,,,4196.0,0,,3200.0,,1089.0,,,,,,,,,,,0,3780.0,,,,613.0,,,,,,829.0,,,1724.0,,,,
,,,,,,REGULAR_SEASON,,32.0,69.0,,,,64.0,Amari Gresham,24.0,,,,,,,,,,,,,61.0,,,,,95.0,,,,,,,,,,,,,44.0,,,,,,,,,,,,,MIA_TE_03,TE,,,,,,,,207.0,,2.0,2760.0,0,,3155.0,,1073.0,,,,,,,,,,,0,3733.0,,,,383.0,,,,,,934.0,,,1072.0,,,,
,,,,,,REGULAR_SEASON,,,,,,,,Weston Ferrante,,,,,,,,,,,,,,,,,,,45.0,,,17.0,,45.0,,,,,,,,,,,4179.7,1657.0,,,,,,,28.0,,MIA_OT_04,OT,,,,,77.0,,,,,,,0,,,117.0,1344.0,544.0,,,,,,,16.0,,,0,3001.0,,45.0,,,,,,,,398.0,,,,,,,
,,,,,,REGULAR_SEASON,,,,,,,,Dupree Dillard,,,,,,,,,,,,,,,,,,,20.0,,,1.0,,17.0,,,,,,,,,,,1913.4,722.0,,,,,,,12.0,,MIA_OT_02,OT,,,,,22.0,,,,,,,1,,,38.0,584.0,261.0,,,,,,,4.0,,,0,1306.0,,20.0,,,,,,,,184.0,,,,,,,
,,,,,,REGULAR_SEASON,,,,,,,,Terrance Oakman,,,,,,,,,,,,,,,,,,,16.0,,,4.0,,13.0,,,,,,,,,,,1523.1,569.0,,,,,,,11.0,,MIA_OG_01,OG,,,,,20.0,,,,,,,1,,,36.0,461.0,187.0,,,,,,,3.0,,,0,1030.0,,16.0,,,,,,,,142.0,,,,,,,
,,,,,,REGULAR_SEASON,,,,,,,,Sergio Mundy,,,,,,,,,,,,,,,,,,,14.0,,,8.0,,30.0,,,,,,,,,,,1234.1,504.0,,,,,,,7.0,,MIA_OG_02,OG,,,,,44.0,,,,,,,1,,,50.0,410.0,163.0,,,,,,,6.0,,,0,914.0,,14.0,,,,,,,,126.0,,,,,,,
,,,,,,REGULAR_SEASON,,,,,,,,Eero Burrage,,,,,,,,,,,,,,,,,,,13.0,,,2.0,,10.0,,,,,,,,,,,1222.6,476.0,,,,,,,10.0,,MIA_C_01,C,,,,,16.0,,,,,,,1,,,35.0,388.0,147.0,,,,,,,5.0,,,0,864.0,,13.0,,,,,,,,102.0,,,,,,,
148.0,12.0,,,,,REGULAR_SEASON,,,,,,,,Jace Rochell,,,,,,,,,,,,,,,12.0,,,,97.0,,,,104.0,,,,,,,,30.0,,,,,,,2373.0,14.0,,,,15.0,,MIA_EDGE_01,EDGE,,,,200.0,,,51.0,,,,,0,,,,,,170.0,,,,,64.0,,,,0,4169.0,121.0,,269.0,,,59.0,,,,872.0,,,,,,,
23.0,2.0,,,,,REGULAR_SEASON,,,,,,,,Montell Tindall,,,,,,,,,,,,,,,2.0,,,,15.0,,,,13.0,,,,,,,,10.0,,,,,,,353.0,1.95,,,,1.0,,MIA_EDGE_02,EDGE,,,,25.0,,,7.0,,,,,1,,,,,,28.0,,,,,9.0,,,,0,625.0,21.0,,44.0,,,10.0,,,,133.0,,,,,,,
61.0,9.0,,,,,REGULAR_SEASON,,,,,,,,Jeremiah Schofield,,,,,,,,,,,,,,,3.0,,,,40.0,,,,43.0,,,,,,,,8.0,,,,,,,989.0,5.08,,,,7.0,,MIA_EDGE_04,EDGE,,,,76.0,,,24.0,,,,,0,,,,,,61.0,,,,,11.0,,,,0,1745.0,50.0,,111.0,,,18.0,,,,381.0,,,,,,,
21.0,1.0,,,,,REGULAR_SEASON,,,,,,,,Sherman Umenyiora,,,,,,,,,,,,,,,0.0,,,,16.0,,,,15.0,,,,,,,,4.0,,,,,,,380.0,1.9,,,,5.0,,MIA_EDGE_03,EDGE,,,,28.0,,,9.0,,,,,1,,,,,,19.0,,,,,4.0,,,,0,665.0,18.0,,39.0,,,6.0,,,,137.0,,,,,,,
149.0,13.0,,,,,REGULAR_SEASON,,,,,,,,Tiberius Burnell,,,,,,,,,,,,,,,7.0,,,,95.0,,,,116.0,,,,,,,,17.0,,,,,,,2018.0,13.67,,,,14.0,,MIA_DT_01,DT,,,,182.0,,,50.0,,,,,0,,,,,,170.0,,,,,27.0,,,,0,3562.0,114.0,,263.0,,,40.0,,,,871.0,,,,,,,
89.0,8.0,,,,,REGULAR_SEASON,,,,,,,,Phelan Braithwaite,,,,,,,,,,,,,,,6.0,,,,62.0,,,,63.0,,,,,,,,10.0,,,,,,,1317.0,7.9,,,,20.0,,MIA_DT_04,DT,,,,110.0,,,31.0,,,,,0,,,,,,94.0,,,,,17.0,,,,0,2323.0,71.0,,160.0,,,29.0,,,,564.0,,,,,,,
124.0,17.0,,,,,REGULAR_SEASON,,,,,,,,Maddox Marlowe,,,,,,,,,,,,,,,9.0,,,,87.0,,,,108.0,,,,,,,,24.0,,,,,,,1864.0,12.44,,,,23.0,,MIA_DT_02,DT,,,,170.0,,,49.0,,,,,0,,,,,,137.0,,,,,20.0,,,,0,3285.0,104.0,,228.0,,,45.0,,,,748.0,,,,,,,
,,,130.0,,,REGULAR_SEASON,,,,821.0,,,,Vaughn Gerhardt,,,,,,,,,,,,,,,,18.0,,,24.0,,,,,,,,3.0,,,,12.0,,,,,,9.0,,,,,2206.2,6.0,,MIA_LB_03,LB,,,,19.0,,,,,75.0,,,0,,,,,,18.0,,,,,1.0,,,,0,1067.0,80.0,,125.0,105.0,4.0,12.0,,,,199.0,,,,,935.0,,28.04
,,,289.0,,,REGULAR_SEASON,,,,1725.0,,,,Obadiah Minshew,,,,,,,,,,,,,,,,30.0,,,50.0,,,,,,,,4.0,,,,20.0,,,,,,15.0,,,,,4060.2,15.0,,MIA_LB_05,LB,,,,37.0,,,,,116.0,,,0,,,,,,37.0,,,,,5.0,,,,0,2243.0,184.0,,288.0,196.0,8.0,48.0,,,,452.0,,,,,1434.0,,41.69
,,,105.0,,,REGULAR_SEASON,,,,568.0,,,,Shea Sandidge,,,,,,,,,,,,,,,,4.0,,,17.0,,,,,,,,1.0,,,,10.0,,,,,,1.0,,,,,1616.1,2.0,,MIA_LB_04,LB,,,,12.0,,,,,65.0,,,1,,,,,,12.0,,,,,0.0,,,,0,739.0,56.0,,90.0,90.0,3.0,18.0,,,,149.0,,,,,742.0,,22.33
,,,,,,REGULAR_SEASON,,,,530.0,,,,Elian Houghton,,,,,,,,,,,,,,,,9.0,,,14.0,,,,,,,,0.0,,,,2.0,,,,,,5.0,,,,,1180.1,1.0,,MIA_CB_03,CB,,,,,,,,,28.0,,,1,,,,,,9.0,,,,,,,,,0,689.0,44.0,,69.0,53.0,3.0,,,,,115.0,,,,,335.0,,8.67
,,,,,,REGULAR_SEASON,,,,2175.0,,,,Angus Stepnoski,,,,,,,,,,,,,,,,39.0,,,57.0,,,,,,,,5.0,,,,25.0,,,,,,19.0,,,,,4673.0,18.0,,MIA_CB_01,CB,,,,,,,,,144.0,,,1,,,,,,33.0,,,,,,,,,0,2821.0,123.0,,205.0,241.0,7.0,,,,,545.0,,,,,1702.0,,44.76
,,,,,,REGULAR_SEASON,,,,675.0,,,,Redmond Woodhead,,,,,,,,,,,,,,,,12.0,,,17.0,,,,,,,,0.0,,,,6.0,,,,,,6.0,,,,,1375.0,5.0,,MIA_CB_02,CB,,,,,,,,,32.0,,,1,,,,,,15.0,,,,,,,,,0,874.0,34.0,,54.0,57.0,0.0,,,,,149.0,,,,,442.0,,11.19
,,,,,,REGULAR_SEASON,,,,1763.0,,,,Pierce Tindall,,,,,,,,,,,,,,,,25.0,,,47.0,,,,,,,,1.0,,,,18.0,,,,,,12.0,,,,,4231.7,12.0,,MIA_CB_05,CB,,,,,,,,,115.0,,,0,,,,,,37.0,,,,,,,,,0,2291.0,100.0,,171.0,179.0,10.0,,,,,407.0,,,,,1281.0,,34.68
,,,,,,REGULAR_SEASON,,,,3849.0,,,,Alden Hickenbotham,,,,,,,,,,,,,,,,53.0,,,98.0,,,,,,,,2.0,,,,33.0,,,,,,29.0,,,,,8064.6,31.0,,MIA_S_02,S,,,,,,,,,218.0,,,1,,,,,,65.0,,,,,,,,,0,4990.0,218.0,,372.0,374.0,15.0,,,,,936.0,,,,,2612.0,,67.02
,,,,,,REGULAR_SEASON,,,,1359.0,,,,Sebastien Berrios,,,,,,,,,,,,,,,,17.0,,,34.0,,,,,,,,0.0,,,,14.0,,,,,,4.0,,,,,2949.9,8.0,,MIA_S_03,S,,,,,,,,,97.0,,,1,,,,,,25.0,,,,,,,,,0,1764.0,93.0,,150.0,163.0,8.0,,,,,296.0,,,,,1097.0,,27.73
,,,,,,REGULAR_SEASON,,,,676.0,,,,Lucian Ugwoegbu,,,,,,,,,,,,,,,,7.0,,,17.0,,,,,,,,0.0,,,,3.0,,,,,,5.0,,,,,1462.2,6.0,,MIA_S_04,S,,,,,,,,,38.0,,,1,,,,,,11.0,,,,,,,,,0,876.0,38.0,,66.0,65.0,2.0,,,,,149.0,,,,,440.0,,11.17
,,,,,,REGULAR_SEASON,,,,,,,,Bishop Kuechly,,,,48.0,12.0,10.0,15.0,16.0,39.0,12.0,8.0,10.0,14.0,,,,,,36.0,,3.0,,,,,,,133.0,,1051.0,,,,,,,,,,,,,,,MIA_K_01,K,,,,,,,,,,,,0,,,,,,,,,,,,,,,0,216.0,,,,,,,,95.0,,293.0,76.0,75.0,,,,,
,,,,,,REGULAR_SEASON,,,,,,,,Ashton Jelks,,,,,,,,,,,,,,,,,,,93.0,15776.0,,,,,50.0,144.0,,,5082.0,,,,14352.0,,,,,,,,,,,,MIA_P_01,P,,,,,,342.0,,,,,,0,1424.0,,,,,,,,,,,,,,0,465.0,,,,,,,,24.0,,886.0,,,,,,,
,,24.0,,,380.0,REGULAR_SEASON,343.0,,,,60.0,22.0,,Gavin Birchfield,,23.0,,,,,,,,,,,,169.0,,,3.0,2.0,17.0,,,,,,,,12.0,,,,,,,549.0,,,,,,10.0,3267.0,,,140.0,NE_QB_01,QB,169.0,63.0,645.0,,,,,,,,,1,,,,,,,58.0,,272.0,295.0,,,46.0,36.0,0,1087.0,,17.0,,,,,32.0,,39.0,154.0,,,,,,,
,,,,40.0,,REGULAR_SEASON,,52.0,116.0,,,,100.0,Jabril Howze,27.0,,42.0,,,,,,,,,,,206.0,,,3.0,,30.0,,,,,,,,,,,,,15.0,,,,169.0,,,,,,,,,NE_RB_01,RB,,,,,8.0,,,404.0,,,4315.0,1,,318.0,,81.0,,,535.0,18.0,2287.0,,,,,,0,954.0,,,,629.0,,,,,,249.0,,,1829.0,940.0,,1356.0,
,,,,15.0,,REGULAR_SEASON,,28.0,72.0,,,,61.0,Zachariah Smallwood,29.0,,19.0,,,,,,,,,,,121.0,,,2.0,,17.0,,,,,,,,,,,,,6.0,,,,90.0,,,,,,,,,NE_RB_03,RB,,,,,8.0,,,242.0,,,2326.0,1,,179.0,,44.0,,,332.0,4.0,1333.0,,,,,,0,537.0,,,,393.0,,,,,,154.0,,,941.0,522.0,,829.0,
,,,,5.0,,REGULAR_SEASON,,4.0,7.0,,,,9.0,Quill Winchester,4.0,,5.0,,,,,,,,,,,15.0,,,0.0,,9.0,,,,,,,,,,,,,4.0,,,,49.0,,,,,,,,,NE_RB_02,RB,,,,,5.0,,,35.0,,,385.0,1,,58.0,,13.0,,,51.0,,230.0,,,,,,0,178.0,,,,57.0,,,,,,67.0,,,163.0,85.0,,145.0,
,,,,,,REGULAR_SEASON,,7.0,22.0,,,,28.0,Darian Milfort,5.0,,,,,,,,,,,,,30.0,,,,,17.0,,,,,,,,,,,,,9.0,,,,,,,,,,,,,NE_WR_01,WR,,,,,,,,71.0,,,773.0,1,,657.0,,223.0,,,,,,,,,,,0,773.0,,,,143.0,,,,,,154.0,,,314.0,,,,
,,,,,,REGULAR_SEASON,,7.0,14.0,,,,21.0,Quentin Blanchard,3.0,,,,,,,,,,,,,18.0,,,,,17.0,,,,,,,,,,,,,13.0,,,,,,,,,,,,,NE_WR_03,WR,,,,,,,,51.0,,2.0,528.0,1,,616.0,,210.0,,,,,,,,,,,0,728.0,,,,94.0,,,,,,154.0,,,235.0,,,,
,,,,,,REGULAR_SEASON,,7.0,20.0,,,,16.0,Redmond Drayton,6.0,,,,,,,,,,,,,19.0,,,,,34.0,,,,,,,,,,,,,12.0,,,,,,,,,,,,,NE_WR_06,WR,,,,,,,,70.0,,4.0,897.0,1,,1295.0,,441.0,,,,,,,,,,,0,1525.0,,,,130.0,,,,,,325.0,,,404.0,,,,
,,,,,,REGULAR_SEASON,,0.0,0.0,,,,1.0,Edison Restrepo,0.0,,,,,,,,,,,,,0.0,,,,,1.0,,,,,,,,,,,,,1.0,,,,,,,,,,,,,NE_WR_04,WR,,,,,,,,1.0,,,16.0,1,,39.0,,13.0,,,,,,,,,,,0,46.0,,,,2.0,,,,,,1.0,,,1.0,,,,
,,,,,,REGULAR_SEASON,,20.0,46.0,,,,34.0,Malachi Lindstrom,9.0,,,,,,,,,,,,,37.0,,,,,66.0,,,,,,,,,,,,,39.0,,,,,,,,,,,,,NE_TE_01,TE,,,,,,,,133.0,,,1644.0,1,,2219.0,,758.0,,,,,,,,,,,0,2621.0,,,,264.0,,,,,,605.0,,,657.0,,,,
,,,,,,REGULAR_SEASON,,15.0,24.0,,,,21.0,Silas Lavender,7.0,,,,,,,,,,,,,27.0,,,,,50.0,,,,,,,,,,,,,21.0,,,,,,,,,,,,,NE_TE_03,TE,,,,,,,,91.0,,,1128.0,0,,1641.0,,560.0,,,,,,,,,,,0,1941.0,,,,173.0,,,,,,448.0,,,423.0,,,,
,,,,,,REGULAR_SEASON,,,,,,,,Kane Ridgeway,,,,,,,,,,,,,,,,,,,68.0,,,27.0,,80.0,,,,,,,,,,,6309.5,2430.0,,,,,,,44.0,,NE_OT_02,OT,,,,,125.0,,,,,,,1,,,174.0,1973.0,815.0,,,,,,,20.0,,,0,4403.0,,68.0,,,,,,,,646.0,,,,,,,
,,,,,,REGULAR_SEASON,,,,,,,,Rudy Wilberforce,,,,,,,,,,,,,,,,,,,93.0,,,25.0,,90.0,,,,,,,,,,,8685.8,3378.0,,,,,,,56.0,,NE_OT_03,OT,,,,,144.0,,,,,,,0,,,193.0,2741.0,1162.0,,,,,,,32.0,,,0,6119.0,,93.0,,,,,,,,884.0,,,,,,,
,,,,,,REGULAR_SEASON,,,,,,,,Izaiah Puglisi,,,,,,,,,,,,,,,,,,,92.0,,,33.0,,79.0,,,,,,,,,,,8573.8,3278.0,,,,,,,33.0,,NE_OG_01,OG,,,,,141.0,,,,,,,0,,,210.0,2672.0,1119.0,,,,,,,32.0,,,0,5950.0,,92.0,,,,,,,,851.0,,,,,,,
,,,,,,REGULAR_SEASON,,,,,,,,Cullen Tindall,,,,,,,,,,,,,,,,,,,46.0,,,17.0,,63.0,,,,,,,,,,,4203.9,1680.0,,,,,,,27.0,,NE_OG_02,OG,,,,,98.0,,,,,,,1,,,146.0,1358.0,500.0,,,,,,,19.0,,,0,3038.0,,46.0,,,,,,,,441.0,,,,,,,
,,,,,,REGULAR_SEASON,,,,,,,,Lincoln Tonyan,,,,,,,,,,,,,,,,,,,51.0,,,23.0,,51.0,,,,,,,,,,,4734.9,1840.0,,,,,,,36.0,,NE_C_01,C,,,,,87.0,,,,,,,1,,,108.0,1488.0,641.0,,,,,,,18.0,,,0,3328.0,,51.0,,,,,,,,468.0,,,,,,,
153.0,11.0,,,,,REGULAR_SEASON,,,,,,,,Efrain Jeffcoat,,,,,,,,,,,,,,,6.0,,,,100.0,,,,137.0,,,,,,,,24.0,,,,,,,2467.0,14.31,,,,18.0,,NE_EDGE_01,EDGE,,,,227.0,,,60.0,,,,,0,,,,,,182.0,,,,,35.0,,,,0,4338.0,127.0,,280.0,,,45.0,,,,1003.0,,,,,,,
106.0,11.0,,,,,REGULAR_SEASON,,,,,,,,Emerson Parham,,,,,,,,,,,,,,,5.0,,,,64.0,,,,90.0,,,,,,,,20.0,,,,,,,1584.0,8.22,,,,11.0,,NE_EDGE_02,EDGE,,,,143.0,,,31.0,,,,,0,,,,,,82.0,,,,,26.0,,,,0,2788.0,84.0,,190.0,,,37.0,,,,543.0,,,,,,,
92.0,5.0,,,,,REGULAR_SEASON,,,,,,,,Jonas Torrence,,,,,,,,,,,,,,,5.0,,,,58.0,,,,61.0,,,,,,,,22.0,,,,,,,1443.0,6.4,,,,18.0,,NE_EDGE_04,EDGE,,,,100.0,,,33.0,,,,,0,,,,,,68.0,,,,,9.0,,,,0,2544.0,78.0,,170.0,,,19.0,,,,534.0,,,,,,,
26.0,2.0,,,,,REGULAR_SEASON,,,,,,,,Murphy Harmon,,,,,,,,,,,,,,,1.0,,,,17.0,,,,30.0,,,,,,,,6.0,,,,,,,442.0,2.17,,,,2.0,,NE_EDGE_03,EDGE,,,,39.0,,,6.0,,,,,1,,,,,,18.0,,,,,3.0,,,,0,780.0,26.0,,52.0,,,7.0,,,,154.0,,,,,,,
141.0,7.0,,,,,REGULAR_SEASON,,,,,,,,Roman Atwater,,,,,,,,,,,,,,,5.0,,,,92.0,,,,142.0,,,,,,,,29.0,,,,,,,1977.0,14.67,,,,16.0,,NE_DT_01,DT,,,,214.0,,,55.0,,,,,0,,,,,,199.0,,,,,21.0,,,,0,3483.0,107.0,,248.0,,,59.0,,,,815.0,,,,,,,
26.0,4.0,,,,,REGULAR_SEASON,,,,,,,,Kenyon Poteat,,,,,,,,,,,,,,,2.0,,,,18.0,,,,15.0,,,,,,,,4.0,,,,,,,396.0,2.06,,,,4.0,,NE_DT_03,DT,,,,25.0,,,6.0,,,,,1,,,,,,26.0,,,,,4.0,,,,0,700.0,24.0,,50.0,,,5.0,,,,165.0,,,,,,,
128.0,11.0,,,,,REGULAR_SEASON,,,,,,,,Ace Kaufusi,,,,,,,,,,,,,,,5.0,,,,82.0,,,,85.0,,,,,,,,18.0,,,,,,,1777.0,11.15,,,,18.0,,NE_DT_04,DT,,,,149.0,,,48.0,,,,,0,,,,,,125.0,,,,,19.0,,,,0,3135.0,101.0,,229.0,,,36.0,,,,744.0,,,,,,,
,,,534.0,,,REGULAR_SEASON,,,,3291.0,,,,Kenzo Iyengar,,,,,,,,,,,,,,,,72.0,,,94.0,,,,,,,,11.0,,,,56.0,,,,,,45.0,,,,,7477.6,25.0,,NE_LB_01,LB,,,,60.0,,,,,203.0,,,0,,,,,,60.0,,,,,9.0,,,,0,4284.0,346.0,,531.0,325.0,12.0,93.0,,,,874.0,,,,,2365.0,,68.95
,,,312.0,,,REGULAR_SEASON,,,,1990.0,,,,Lyle Mayfield,,,,,,,,,,,,,,,,36.0,,,56.0,,,,,,,,5.0,,,,22.0,,,,,,21.0,,,,,4303.2,11.0,,NE_LB_04,LB,,,,36.0,,,,,108.0,,,1,,,,,,37.0,,,,,2.0,,,,0,2584.0,187.0,,299.0,188.0,10.0,53.0,,,,504.0,,,,,1257.0,,36.21
,,,578.0,,,REGULAR_SEASON,,,,3515.0,,,,Kermit Finnegan,,,,,,,,,,,,,,,,68.0,,,100.0,,,,,,,,5.0,,,,56.0,,,,,,36.0,,,,,8120.3,27.0,,NE_LB_02,LB,,,,80.0,,,,,233.0,,,0,,,,,,73.0,,,,,15.0,,,,0,4567.0,384.0,,594.0,394.0,15.0,86.0,,,,957.0,,,,,2660.0,,77.26
,,,,,,REGULAR_SEASON,,,,638.0,,,,Ajani Courtland,,,,,,,,,,,,,,,,12.0,,,17.0,,,,,,,,2.0,,,,7.0,,,,,,3.0,,,,,1490.4,3.0,,NE_CB_03,CB,,,,,,,,,46.0,,,1,,,,,,10.0,,,,,,,,,0,829.0,44.0,,72.0,67.0,2.0,,,,,154.0,,,,,601.0,,16.41
,,,,,,REGULAR_SEASON,,,,2458.0,,,,Amos Wharton,,,,,,,,,,,,,,,,42.0,,,64.0,,,,,,,,5.0,,,,31.0,,,,,,19.0,,,,,5880.3,24.0,,NE_CB_04,CB,,,,,,,,,183.0,,,1,,,,,,40.0,,,,,,,,,0,3194.0,140.0,,240.0,262.0,16.0,,,,,586.0,,,,,2068.0,,53.79
,,,,,,REGULAR_SEASON,,,,606.0,,,,Keon Mostert,,,,,,,,,,,,,,,,8.0,,,16.0,,,,,,,,1.0,,,,6.0,,,,,,4.0,,,,,1335.2,1.0,,NE_CB_01,CB,,,,,,,,,46.0,,,1,,,,,,7.0,,,,,,,,,0,783.0,33.0,,57.0,72.0,3.0,,,,,139.0,,,,,482.0,,12.62
,,,,,,REGULAR_SEASON,,,,1913.0,,,,Parker Hubbard,,,,,,,,,,,,,,,,26.0,,,51.0,,,,,,,,5.0,,,,25.0,,,,,,12.0,,,,,4071.9,14.0,,NE_CB_02,CB,,,,,,,,,139.0,,,1,,,,,,27.0,,,,,,,,,0,2488.0,118.0,,198.0,221.0,6.0,,,,,498.0,,,,,1501.0,,40.76
,,,,,,REGULAR_SEASON,,,,3748.0,,,,Khalil Hartline,,,,,,,,,,,,,,,,70.0,,,94.0,,,,,,,,4.0,,,,48.0,,,,,,33.0,,,,,8579.8,24.0,,NE_S_03,S,,,,,,,,,244.0,,,0,,,,,,69.0,,,,,,,,,0,4863.0,210.0,,357.0,365.0,25.0,,,,,891.0,,,,,2808.0,,70.13
,,,,,,REGULAR_SEASON,,,,3189.0,,,,Rashad Fanning,,,,,,,,,,,,,,,,50.0,,,80.0,,,,,,,,1.0,,,,28.0,,,,,,29.0,,,,,6999.7,25.0,,NE_S_02,S,,,,,,,,,192.0,,,0,,,,,,52.0,,,,,,,,,0,4134.0,185.0,,308.0,303.0,17.0,,,,,737.0,,,,,2208.0,,55.77
,,,,,,REGULAR_SEASON,,,,979.0,,,,Sherman Henderson,,,,,,,,,,,,,,,,13.0,,,25.0,,,,,,,,1.0,,,,16.0,,,,,,5.0,,,,,2410.6,9.0,,NE_S_01,S,,,,,,,,,81.0,,,1,,,,,,15.0,,,,,,,,,0,1272.0,64.0,,108.0,116.0,6.0,,,,,252.0,,,,,982.0,,25.54
,,,,,,REGULAR_SEASON,,,,,,,,Ferris Nailor,,,,138.0,40.0,40.0,29.0,33.0,122.0,33.0,38.0,23.0,25.0,,,,,,92.0,,6.0,,,,,,,331.0,,3374.0,,,,,,,,,,,,,,,NE_K_01,K,,,,,,,,,,,,0,,,,,,,,,,,,,,,0,552.0,,,,,,,,202.0,,830.0,177.0,175.0,,,,,
,,,,,,REGULAR_SEASON,,,,,,,,Theo Jessup,,,,,,,,,,,,,,,,,,,14.0,2453.0,,,,,9.0,21.0,,,791.0,,,,2277.0,,,,,,,,,,,,NE_P_01,P,,,,,,52.0,,,,,,1,176.0,,,,,,,,,,,,,,0,70.0,,,,,,,,6.0,,120.0,,,,,,,
,,220.0,,,1521.0,REGULAR_SEASON,1542.0,,,,228.0,101.0,,Joaquin McCandless,,106.0,,,,,,,,,,,,727.0,,,9.0,7.0,66.0,,,,,,,,40.0,,,,,,,2215.0,,,,,,118.0,17618.0,,,550.0,CHI_QB_01,QB,694.0,338.0,3123.0,,,,,,,,,0,,,,,,,245.0,,910.0,830.0,,,127.0,143.0,0,4255.0,,66.0,,,,,97.0,,45.0,625.0,,,,,,,
,,,,31.0,,REGULAR_SEASON,,28.0,61.0,,,,45.0,Vernon Dubois,20.0,,18.0,,,,,,,,,,,91.0,,,4.0,,17.0,,,,,,,,,,,,,5.0,,,,90.0,,,,,,,,,CHI_RB_01,RB,,,,,4.0,,,198.0,,,2330.0,1,,172.0,,44.0,,,265.0,16.0,1056.0,,,,,,0,518.0,,,,304.0,,,,,,154.0,,,1046.0,407.0,,657.0,
,,,,97.0,,REGULAR_SEASON,,64.0,168.0,,,,134.0,Thurman Markham,61.0,,63.0,,,,,,,,,,,298.0,,,2.0,,70.0,,,,,,,,,,,,,37.0,,,,403.0,,,,,,,,,CHI_RB_03,RB,,,,,35.0,,,626.0,,,7330.0,1,,559.0,,138.0,,,799.0,22.0,3279.0,,,,,,0,1702.0,,,,964.0,,,,,,649.0,,,2888.0,1307.0,,1979.0,
,,,,23.0,,REGULAR_SEASON,,5.0,16.0,,,,9.0,Elias Rathman,1.0,,4.0,,,,,,,,,,,8.0,,,0.0,,17.0,,,,,,,,,,,,,7.0,,,,112.0,,,,,,,,,CHI_RB_02,RB,,,,,6.0,,,37.0,,,516.0,1,,83.0,,17.0,,,54.0,,232.0,,,,,,0,261.0,,,,62.0,,,,,,154.0,,,219.0,110.0,,122.0,
,,,,,,REGULAR_SEASON,,72.0,170.0,,,,160.0,Wolfgang Gerhardt,54.0,,,,,,,,,,,,,276.0,,,,,94.0,,,,,,,,,,,,,63.0,,,,,,,,,,,,,CHI_WR_01,WR,,,,,,,,627.0,,33.0,7419.0,1,,3430.0,,1169.0,,,,,,,,,,,0,4045.0,,,,1089.0,,,,,,854.0,,,3012.0,,,,
,,,,,,REGULAR_SEASON,,38.0,82.0,,,,71.0,Chevy Hufanga,33.0,,,,,,,,,,,,,126.0,,,,,58.0,,,,,,,,,,,,,35.0,,,,,,,,,,,,,CHI_WR_02,WR,,,,,,,,302.0,,17.0,3468.0,0,,2192.0,,749.0,,,,,,,,,,,0,2587.0,,,,563.0,,,,,,566.0,,,1436.0,,,,
,,,,,,REGULAR_SEASON,,27.0,57.0,,,,47.0,Xavier Tillotson,23.0,,,,,,,,,,,,,73.0,,,,,35.0,,,,,,,,,,,,,22.0,,,,,,,,,,,,,CHI_WR_03,WR,,,,,,,,179.0,,8.0,2148.0,1,,1261.0,,431.0,,,,,,,,,,,0,1487.0,,,,337.0,,,,,,335.0,,,932.0,,,,
,,,,,,REGULAR_SEASON,,4.0,8.0,,,,3.0,Trey Lanphier,1.0,,,,,,,,,,,,,2.0,,,,,14.0,,,,,,,,,,,,,9.0,,,,,,,,,,,,,CHI_WR_05,WR,,,,,,,,18.0,,,270.0,1,,511.0,,176.0,,,,,,,,,,,0,604.0,,,,36.0,,,,,,127.0,,,97.0,,,,
,,,,,,REGULAR_SEASON,,50.0,102.0,,,,64.0,Benoit Southall,32.0,,,,,,,,,,,,,99.0,,,,,83.0,,,,,,,,,,,,,43.0,,,,,,,,,,,,,CHI_TE_01,TE,,,,,,,,273.0,,3.0,3376.0,0,,2855.0,,975.0,,,,,,,,,,,0,3369.0,,,,519.0,,,,,,761.0,,,1357.0,,,,
,,,,,,REGULAR_SEASON,,8.0,26.0,,,,22.0,Jethro Waldron,14.0,,,,,,,,,,,,,17.0,,,,,60.0,,,,,,,,,,,,,22.0,,,,,,,,,,,,,CHI_TE_02,TE,,,,,,,,83.0,,,1165.0,0,,1972.0,,672.0,,,,,,,,,,,0,2336.0,,,,160.0,,,,,,540.0,,,439.0,,,,
,,,,,,REGULAR_SEASON,,,,,,,,Ryland Alderman,,,,,,,,,,,,,,,,,,,78.0,,,31.0,,83.0,,,,,,,,,,,7234.3,2861.0,,,,,,,44.0,,CHI_OT_02,OT,,,,,140.0,,,,,,,0,,,191.0,2328.0,988.0,,,,,,,27.0,,,0,5189.0,,78.0,,,,,,,,699.0,,,,,,,
,,,,,,REGULAR_SEASON,,,,,,,,Lyle Paddock,,,,,,,,,,,,,,,,,,,26.0,,,9.0,,32.0,,,,,,,,,,,2392.9,947.0,,,,,,,15.0,,CHI_OT_01,OT,,,,,50.0,,,,,,,0,,,78.0,770.0,313.0,,,,,,,10.0,,,0,1717.0,,26.0,,,,,,,,229.0,,,,,,,
,,,,,,REGULAR_SEASON,,,,,,,,Tyree Wagoner,,,,,,,,,,,,,,,,,,,72.0,,,27.0,,85.0,,,,,,,,,,,6668.2,2593.0,,,,,,,45.0,,CHI_OG_03,OG,,,,,133.0,,,,,,,0,,,189.0,2109.0,885.0,,,,,,,24.0,,,0,4702.0,,72.0,,,,,,,,686.0,,,,,,,
,,,,,,REGULAR_SEASON,,,,,,,,Salem Windham,,,,,,,,,,,,,,,,,,,18.0,,,6.0,,18.0,,,,,,,,,,,1675.8,636.0,,,,,,,10.0,,CHI_OG_01,OG,,,,,29.0,,,,,,,1,,,32.0,518.0,204.0,,,,,,,6.0,,,0,1154.0,,18.0,,,,,,,,165.0,,,,,,,
,,,,,,REGULAR_SEASON,,,,,,,,Grady Lanphier,,,,,,,,,,,,,,,,,,,96.0,,,31.0,,100.0,,,,,,,,,,,9063.5,3433.0,,,,,,,54.0,,CHI_C_01,C,,,,,147.0,,,,,,,1,,,244.0,2789.0,1189.0,,,,,,,18.0,,,0,6222.0,,96.0,,,,,,,,881.0,,,,,,,
78.0,6.0,,,,,REGULAR_SEASON,,,,,,,,Arch Edelman,,,,,,,,,,,,,,,5.0,,,,49.0,,,,74.0,,,,,,,,10.0,,,,,,,1231.0,6.87,,,,10.0,,CHI_EDGE_01,EDGE,,,,116.0,,,30.0,,,,,1,,,,,,74.0,,,,,15.0,,,,0,2174.0,59.0,,137.0,,,34.0,,,,454.0,,,,,,,
68.0,7.0,,,,,REGULAR_SEASON,,,,,,,,Otto Hennessy,,,,,,,,,,,,,,,5.0,,,,47.0,,,,85.0,,,,,,,,12.0,,,,,,,1204.0,6.81,,,,17.0,,CHI_EDGE_02,EDGE,,,,121.0,,,28.0,,,,,1,,,,,,80.0,,,,,8.0,,,,0,2123.0,58.0,,126.0,,,20.0,,,,456.0,,,,,,,
117.0,12.0,,,,,REGULAR_SEASON,,,,,,,,Lawson Merriweather,,,,,,,,,,,,,,,5.0,,,,72.0,,,,110.0,,,,,,,,17.0,,,,,,,1792.0,9.4,,,,8.0,,CHI_EDGE_05,EDGE,,,,168.0,,,49.0,,,,,1,,,,,,118.0,,,,,10.0,,,,0,3153.0,101.0,,218.0,,,35.0,,,,722.0,,,,,,,
119.0,17.0,,,,,REGULAR_SEASON,,,,,,,,Slade Mallett,,,,,,,,,,,,,,,7.0,,,,76.0,,,,100.0,,,,,,,,25.0,,,,,,,1907.0,9.95,,,,11.0,,CHI_EDGE_03,EDGE,,,,160.0,,,44.0,,,,,0,,,,,,120.0,,,,,23.0,,,,0,3357.0,107.0,,226.0,,,42.0,,,,667.0,,,,,,,
155.0,15.0,,,,,REGULAR_SEASON,,,,,,,,Remy Boykin,,,,,,,,,,,,,,,7.0,,,,99.0,,,,153.0,,,,,,,,19.0,,,,,,,2154.0,15.64,,,,23.0,,CHI_DT_02,DT,,,,232.0,,,59.0,,,,,1,,,,,,213.0,,,,,22.0,,,,0,3794.0,116.0,,271.0,,,46.0,,,,924.0,,,,,,,
97.0,7.0,,,,,REGULAR_SEASON,,,,,,,,Darian Rinaldi,,,,,,,,,,,,,,,7.0,,,,65.0,,,,104.0,,,,,,,,11.0,,,,,,,1337.0,10.38,,,,17.0,,CHI_DT_01,DT,,,,151.0,,,34.0,,,,,1,,,,,,153.0,,,,,15.0,,,,0,2366.0,77.0,,174.0,,,38.0,,,,580.0,,,,,,,
122.0,13.0,,,,,REGULAR_SEASON,,,,,,,,Pierson Okorafor,,,,,,,,,,,,,,,6.0,,,,91.0,,,,93.0,,,,,,,,22.0,,,,,,,1994.0,12.52,,,,18.0,,CHI_DT_03,DT,,,,179.0,,,67.0,,,,,0,,,,,,141.0,,,,,24.0,,,,0,3511.0,97.0,,219.0,,,46.0,,,,887.0,,,,,,,
,,,251.0,,,REGULAR_SEASON,,,,1534.0,,,,Thurman Teasdale,,,,,,,,,,,,,,,,32.0,,,44.0,,,,,,,,2.0,,,,25.0,,,,,,15.0,,,,,3611.8,9.0,,CHI_LB_02,LB,,,,36.0,,,,,106.0,,,1,,,,,,24.0,,,,,6.0,,,,0,1991.0,153.0,,240.0,166.0,7.0,31.0,,,,438.0,,,,,1159.0,,33.28
,,,559.0,,,REGULAR_SEASON,,,,3141.0,,,,Terrell Hooker,,,,,,,,,,,,,,,,61.0,,,91.0,,,,,,,,4.0,,,,63.0,,,,,,35.0,,,,,8132.5,27.0,,CHI_LB_04,LB,,,,67.0,,,,,245.0,,,0,,,,,,65.0,,,,,10.0,,,,0,4086.0,292.0,,467.0,378.0,22.0,64.0,,,,804.0,,,,,2822.0,,82.6
,,,116.0,,,REGULAR_SEASON,,,,749.0,,,,Ibrahim Tonyan,,,,,,,,,,,,,,,,10.0,,,21.0,,,,,,,,2.0,,,,12.0,,,,,,6.0,,,,,1559.3,5.0,,CHI_LB_01,LB,,,,10.0,,,,,51.0,,,1,,,,,,11.0,,,,,4.0,,,,0,971.0,80.0,,126.0,90.0,2.0,15.0,,,,196.0,,,,,527.0,,15.07
,,,,,,REGULAR_SEASON,,,,2448.0,,,,Barrett Hawkes,,,,,,,,,,,,,,,,56.0,,,65.0,,,,,,,,8.0,,,,30.0,,,,,,37.0,,,,,5220.1,17.0,,CHI_CB_01,CB,,,,,,,,,152.0,,,1,,,,,,51.0,,,,,,,,,0,3175.0,131.0,,226.0,240.0,10.0,,,,,576.0,,,,,1749.0,,47.16
,,,,,,REGULAR_SEASON,,,,1230.0,,,,Idris Quinones,,,,,,,,,,,,,,,,19.0,,,33.0,,,,,,,,6.0,,,,17.0,,,,,,10.0,,,,,2706.1,10.0,,CHI_CB_03,CB,,,,,,,,,87.0,,,1,,,,,,20.0,,,,,,,,,0,1598.0,83.0,,140.0,135.0,4.0,,,,,293.0,,,,,1046.0,,28.53
,,,,,,REGULAR_SEASON,,,,2566.0,,,,Ryland Pouncey,,,,,,,,,,,,,,,,38.0,,,67.0,,,,,,,,3.0,,,,27.0,,,,,,16.0,,,,,5626.9,20.0,,CHI_CB_02,CB,,,,,,,,,162.0,,,1,,,,,,41.0,,,,,,,,,0,3329.0,142.0,,241.0,265.0,7.0,,,,,644.0,,,,,1984.0,,51.44
,,,,,,REGULAR_SEASON,,,,1533.0,,,,Talon Herrera,,,,,,,,,,,,,,,,26.0,,,40.0,,,,,,,,0.0,,,,15.0,,,,,,16.0,,,,,3232.2,12.0,,CHI_CB_04,CB,,,,,,,,,73.0,,,0,,,,,,26.0,,,,,,,,,0,1990.0,85.0,,142.0,127.0,3.0,,,,,372.0,,,,,949.0,,24.46
,,,,,,REGULAR_SEASON,,,,3281.0,,,,Ryland Welbourne,,,,,,,,,,,,,,,,68.0,,,83.0,,,,,,,,1.0,,,,42.0,,,,,,39.0,,,,,6593.7,23.0,,CHI_S_01,S,,,,,,,,,170.0,,,1,,,,,,55.0,,,,,,,,,0,4245.0,194.0,,328.0,310.0,16.0,,,,,774.0,,,,,2026.0,,51.53
,,,,,,REGULAR_SEASON,,,,393.0,,,,Magnus Washburn,,,,,,,,,,,,,,,,2.0,,,10.0,,,,,,,,1.0,,,,6.0,,,,,,0.0,,,,,991.5,2.0,,CHI_S_02,S,,,,,,,,,40.0,,,1,,,,,,5.0,,,,,,,,,0,510.0,16.0,,28.0,53.0,2.0,,,,,72.0,,,,,436.0,,11.15
,,,,,,REGULAR_SEASON,,,,3120.0,,,,Cullen Fraley,,,,,,,,,,,,,,,,62.0,,,79.0,,,,,,,,3.0,,,,23.0,,,,,,39.0,,,,,6768.8,18.0,,CHI_S_04,S,,,,,,,,,182.0,,,0,,,,,,60.0,,,,,,,,,0,4040.0,175.0,,297.0,300.0,15.0,,,,,751.0,,,,,2246.0,,57.02
,,,,,,REGULAR_SEASON,,,,,,,,Cyrus Sylvester,,,,108.0,21.0,25.0,18.0,21.0,91.0,19.0,20.0,16.0,17.0,,,,,,89.0,,6.0,,,,,,,335.0,,2955.0,,,,,,,,,,,,,,,CHI_K_01,K,,,,,,,,,,,,0,,,,,,,,,,,,,,,0,534.0,,,,,,,,207.0,,835.0,190.0,183.0,,,,,
,,,,,,REGULAR_SEASON,,,,,,,,Orion Sarratt,,,,,,,,,,,,,,,,,,,84.0,14443.0,,,,,43.0,124.0,,,4495.0,,,,13035.0,,,,,,,,,,,,CHI_P_01,P,,,,,,308.0,,,,,,0,1408.0,,,,,,,,,,,,,,0,420.0,,,,,,,,26.0,,809.0,,,,,,,
,,307.0,,,2047.0,REGULAR_SEASON,2073.0,,,,306.0,133.0,,Gavin Wamsley,,139.0,,,,,,,,,,,,979.0,,,15.0,8.0,88.0,,,,,,,,38.0,,,,,,,2978.0,,,,,,180.0,23766.0,,,752.0,DET_QB_01,QB,931.0,443.0,4074.0,,,,,,,,,0,,,,,,,303.0,,1192.0,961.0,,,146.0,189.0,0,5551.0,,88.0,,,,,156.0,,78.0,860.0,,,,,,,
,,,,30.0,,REGULAR_SEASON,,16.0,53.0,,,,50.0,Lionel Oakman,17.0,,15.0,,,,,,,,,,,104.0,,,2.0,,16.0,,,,,,,,,,,,,9.0,,,,102.0,,,,,,,,,DET_RB_01,RB,,,,,7.0,,,215.0,,,2497.0,1,,152.0,,38.0,,,244.0,19.0,1159.0,,,,,,0,459.0,,,,310.0,,,,,,136.0,,,986.0,598.0,,561.0,
,,,,115.0,,REGULAR_SEASON,,198.0,428.0,,,,344.0,Kojo Cantrell,141.0,,126.0,,,,,,,,,,,877.0,,,7.0,,93.0,,,,,,,,,,,,,51.0,,,,554.0,,,,,,,,,DET_RB_02,RB,,,,,48.0,,,1758.0,,,20491.0,0,,1118.0,,288.0,,,1987.0,77.0,8641.0,,,,,,0,3322.0,,,,2474.0,,,,,,889.0,,,8394.0,3578.0,,5104.0,
,,,,16.0,,REGULAR_SEASON,,5.0,11.0,,,,8.0,Kermit Southall,2.0,,0.0,,,,,,,,,,,12.0,,,1.0,,15.0,,,,,,,,,,,,,11.0,,,,96.0,,,,,,,,,DET_RB_03,RB,,,,,6.0,,,45.0,,,573.0,1,,75.0,,15.0,,,50.0,,255.0,,,,,,0,240.0,,,,67.0,,,,,,142.0,,,221.0,136.0,,119.0,
,,,,,,REGULAR_SEASON,,62.0,129.0,,,,94.0,Lorenzo Sappington,41.0,,,,,,,,,,,,,207.0,,,,,74.0,,,,,,,,,,,,,44.0,,,,,,,,,,,,,DET_WR_03,WR,,,,,,,,465.0,,25.0,5543.0,1,,2686.0,,917.0,,,,,,,,,,,0,3166.0,,,,774.0,,,,,,672.0,,,2303.0,,,,
,,,,,,REGULAR_SEASON,,54.0,112.0,,,,74.0,Colston Amaechi,27.0,,,,,,,,,,,,,151.0,,,,,75.0,,,,,,,,,,,,,61.0,,,,,,,,,,,,,DET_WR_02,WR,,,,,,,,361.0,,18.0,4360.0,1,,2779.0,,947.0,,,,,,,,,,,0,3279.0,,,,639.0,,,,,,717.0,,,1796.0,,,,
,,,,,,REGULAR_SEASON,,62.0,137.0,,,,94.0,Kavion Schmitz,37.0,,,,,,,,,,,,,199.0,,,,,98.0,,,,,,,,,,,,,62.0,,,,,,,,,,,,,DET_WR_01,WR,,,,,,,,459.0,,22.0,5617.0,0,,3523.0,,1203.0,,,,,,,,,,,0,4155.0,,,,781.0,,,,,,918.0,,,2273.0,,,,
,,,,,,REGULAR_SEASON,,14.0,27.0,,,,14.0,Ulysses Jelks,7.0,,,,,,,,,,,,,21.0,,,,,31.0,,,,,,,,,,,,,22.0,,,,,,,,,,,,,DET_WR_05,WR,,,,,,,,71.0,,2.0,953.0,1,,1118.0,,378.0,,,,,,,,,,,0,1319.0,,,,132.0,,,,,,297.0,,,398.0,,,,
,,,,,,REGULAR_SEASON,,44.0,101.0,,,,93.0,Dominik Sutherland,35.0,,,,,,,,,,,,,138.0,,,,,99.0,,,,,,,,,,,,,76.0,,,,,,,,,,,,,DET_TE_01,TE,,,,,,,,352.0,,,4459.0,1,,3310.0,,1135.0,,,,,,,,,,,0,3913.0,,,,622.0,,,,,,919.0,,,1810.0,,,,
,,,,,,REGULAR_SEASON,,35.0,76.0,,,,65.0,Jericho Slaughter,30.0,,,,,,,,,,,,,87.0,,,,,86.0,,,,,,,,,,,,,53.0,,,,,,,,,,,,,DET_TE_03,TE,,,,,,,,252.0,,,3208.0,0,,2870.0,,981.0,,,,,,,,,,,0,3387.0,,,,457.0,,,,,,834.0,,,1319.0,,,,
,,,,,,REGULAR_SEASON,,,,,,,,Woodrow Ennis,,,,,,,,,,,,,,,,,,,69.0,,,25.0,,89.0,,,,,,,,,,,6461.2,2522.0,,,,,,,35.0,,DET_OT_01,OT,,,,,126.0,,,,,,,0,,,142.0,2038.0,871.0,,,,,,,14.0,,,0,4560.0,,69.0,,,,,,,,700.0,,,,,,,
,,,,,,REGULAR_SEASON,,,,,,,,Bennie Hadley,,,,,,,,,,,,,,,,,,,97.0,,,37.0,,110.0,,,,,,,,,,,9180.1,3487.0,,,,,,,54.0,,DET_OT_02,OT,,,,,156.0,,,,,,,0,,,217.0,2820.0,1208.0,,,,,,,12.0,,,0,6307.0,,97.0,,,,,,,,883.0,,,,,,,
,,,,,,REGULAR_SEASON,,,,,,,,Blaise Broussard,,,,,,,,,,,,,,,,,,,98.0,,,32.0,,71.0,,,,,,,,,,,9323.5,3559.0,,,,,,,45.0,,DET_OG_02,OG,,,,,122.0,,,,,,,0,,,190.0,2885.0,1284.0,,,,,,,21.0,,,0,6444.0,,98.0,,,,,,,,924.0,,,,,,,
,,,,,,REGULAR_SEASON,,,,,,,,Kolby Garrison,,,,,,,,,,,,,,,,,,,29.0,,,8.0,,27.0,,,,,,,,,,,2743.8,1049.0,,,,,,,16.0,,DET_OG_01,OG,,,,,41.0,,,,,,,1,,,54.0,848.0,393.0,,,,,,,6.0,,,0,1897.0,,29.0,,,,,,,,281.0,,,,,,,
,,,,,,REGULAR_SEASON,,,,,,,,Kamden Hovland,,,,,,,,,,,,,,,,,,,51.0,,,20.0,,73.0,,,,,,,,,,,4742.5,1828.0,,,,,,,25.0,,DET_C_01,C,,,,,103.0,,,,,,,1,,,146.0,1483.0,603.0,,,,,,,10.0,,,0,3311.0,,51.0,,,,,,,,473.0,,,,,,,
133.0,14.0,,,,,REGULAR_SEASON,,,,,,,,Ferris Birchfield,,,,,,,,,,,,,,,5.0,,,,91.0,,,,155.0,,,,,,,,18.0,,,,,,,2280.0,15.63,,,,27.0,,DET_EDGE_02,EDGE,,,,285.0,,,78.0,,,,,0,,,,,,212.0,,,,,56.0,,,,0,4011.0,103.0,,236.0,,,51.0,,,,872.0,,,,,,,
112.0,10.0,,,,,REGULAR_SEASON,,,,,,,,Percival Fanning,,,,,,,,,,,,,,,2.0,,,,77.0,,,,104.0,,,,,,,,16.0,,,,,,,1898.0,11.81,,,,21.0,,DET_EDGE_01,EDGE,,,,213.0,,,70.0,,,,,1,,,,,,152.0,,,,,43.0,,,,0,3347.0,85.0,,197.0,,,40.0,,,,721.0,,,,,,,
77.0,8.0,,,,,REGULAR_SEASON,,,,,,,,Zamir Mabry,,,,,,,,,,,,,,,7.0,,,,48.0,,,,61.0,,,,,,,,14.0,,,,,,,1173.0,6.04,,,,10.0,,DET_EDGE_04,EDGE,,,,97.0,,,27.0,,,,,1,,,,,,59.0,,,,,12.0,,,,0,2069.0,59.0,,136.0,,,27.0,,,,455.0,,,,,,,
19.0,0.0,,,,,REGULAR_SEASON,,,,,,,,Ollie Hankins,,,,,,,,,,,,,,,1.0,,,,16.0,,,,25.0,,,,,,,,3.0,,,,,,,390.0,2.71,,,,8.0,,DET_EDGE_03,EDGE,,,,41.0,,,13.0,,,,,1,,,,,,30.0,,,,,4.0,,,,0,684.0,11.0,,30.0,,,8.0,,,,139.0,,,,,,,
77.0,5.0,,,,,REGULAR_SEASON,,,,,,,,Camden Wheelwright,,,,,,,,,,,,,,,4.0,,,,51.0,,,,58.0,,,,,,,,16.0,,,,,,,1075.0,7.72,,,,9.0,,DET_DT_02,DT,,,,102.0,,,32.0,,,,,1,,,,,,104.0,,,,,17.0,,,,0,1899.0,65.0,,142.0,,,29.0,,,,486.0,,,,,,,
138.0,14.0,,,,,REGULAR_SEASON,,,,,,,,Tate Legette,,,,,,,,,,,,,,,4.0,,,,94.0,,,,111.0,,,,,,,,25.0,,,,,,,1989.0,12.96,,,,27.0,,DET_DT_01,DT,,,,180.0,,,46.0,,,,,0,,,,,,162.0,,,,,34.0,,,,0,3508.0,118.0,,256.0,,,48.0,,,,878.0,,,,,,,
120.0,10.0,,,,,REGULAR_SEASON,,,,,,,,Avery Beecham,,,,,,,,,,,,,,,3.0,,,,81.0,,,,92.0,,,,,,,,19.0,,,,,,,1699.0,11.73,,,,13.0,,DET_DT_05,DT,,,,165.0,,,60.0,,,,,0,,,,,,131.0,,,,,17.0,,,,0,3002.0,105.0,,225.0,,,38.0,,,,743.0,,,,,,,
,,,259.0,,,REGULAR_SEASON,,,,1519.0,,,,Jarvis Sherfield,,,,,,,,,,,,,,,,32.0,,,43.0,,,,,,,,3.0,,,,19.0,,,,,,20.0,,,,,4009.7,16.0,,DET_LB_01,LB,,,,38.0,,,,,105.0,,,1,,,,,,42.0,,,,,9.0,,,,0,1975.0,165.0,,258.0,158.0,9.0,38.0,,,,416.0,,,,,1351.0,,38.28
,,,462.0,,,REGULAR_SEASON,,,,2810.0,,,,Jericho Chenoweth,,,,,,,,,,,,,,,,56.0,,,80.0,,,,,,,,11.0,,,,49.0,,,,,,28.0,,,,,6689.7,20.0,,DET_LB_02,LB,,,,57.0,,,,,191.0,,,1,,,,,,58.0,,,,,13.0,,,,0,3655.0,275.0,,438.0,308.0,17.0,52.0,,,,750.0,,,,,2465.0,,70.67
,,,24.0,,,REGULAR_SEASON,,,,109.0,,,,Reece Rimington,,,,,,,,,,,,,,,,2.0,,,3.0,,,,,,,,0.0,,,,1.0,,,,,,2.0,,,,,278.1,0.0,,DET_LB_05,LB,,,,3.0,,,,,8.0,,,1,,,,,,1.0,,,,,0.0,,,,0,141.0,12.0,,19.0,11.0,1.0,2.0,,,,6.0,,,,,63.0,,1.73
,,,,,,REGULAR_SEASON,,,,965.0,,,,Laurent Rochell,,,,,,,,,,,,,,,,11.0,,,25.0,,,,,,,,3.0,,,,10.0,,,,,,7.0,,,,,2221.5,4.0,,DET_CB_02,CB,,,,,,,,,65.0,,,1,,,,,,12.0,,,,,,,,,0,1252.0,58.0,,101.0,100.0,8.0,,,,,218.0,,,,,728.0,,18.86
,,,,,,REGULAR_SEASON,,,,1310.0,,,,Keon Fahey,,,,,,,,,,,,,,,,28.0,,,34.0,,,,,,,,7.0,,,,13.0,,,,,,10.0,,,,,2652.3,7.0,,DET_CB_03,CB,,,,,,,,,97.0,,,1,,,,,,25.0,,,,,,,,,0,1697.0,73.0,,123.0,151.0,4.0,,,,,300.0,,,,,1197.0,,31.34
,,,,,,REGULAR_SEASON,,,,3735.0,,,,Maxton Bhatt,,,,,,,,,,,,,,,,72.0,,,98.0,,,,,,,,13.0,,,,28.0,,,,,,40.0,,,,,7778.7,19.0,,DET_CB_01,CB,,,,,,,,,226.0,,,1,,,,,,74.0,,,,,,,,,0,4848.0,207.0,,353.0,371.0,13.0,,,,,911.0,,,,,2705.0,,71.68
,,,,,,REGULAR_SEASON,,,,1014.0,,,,Travon Rowlett,,,,,,,,,,,,,,,,15.0,,,26.0,,,,,,,,3.0,,,,13.0,,,,,,4.0,,,,,2195.3,5.0,,DET_CB_05,CB,,,,,,,,,75.0,,,1,,,,,,26.0,,,,,,,,,0,1315.0,59.0,,97.0,121.0,7.0,,,,,248.0,,,,,698.0,,17.82
,,,,,,REGULAR_SEASON,,,,3607.0,,,,Galen Culpepper,,,,,,,,,,,,,,,,80.0,,,91.0,,,,,,,,5.0,,,,22.0,,,,,,55.0,,,,,7452.9,19.0,,DET_S_02,S,,,,,,,,,177.0,,,0,,,,,,76.0,,,,,,,,,0,4683.0,225.0,,369.0,306.0,20.0,,,,,845.0,,,,,2096.0,,53.38
,,,,,,REGULAR_SEASON,,,,3172.0,,,,Whitaker Okorafor,,,,,,,,,,,,,,,,53.0,,,79.0,,,,,,,,5.0,,,,36.0,,,,,,31.0,,,,,6271.2,18.0,,DET_S_04,S,,,,,,,,,182.0,,,0,,,,,,57.0,,,,,,,,,0,4106.0,182.0,,305.0,313.0,7.0,,,,,689.0,,,,,2106.0,,52.74
,,,,,,REGULAR_SEASON,,,,3771.0,,,,Colby Harmon,,,,,,,,,,,,,,,,70.0,,,94.0,,,,,,,,1.0,,,,27.0,,,,,,47.0,,,,,7699.9,24.0,,DET_S_01,S,,,,,,,,,172.0,,,0,,,,,,60.0,,,,,,,,,0,4890.0,227.0,,376.0,304.0,18.0,,,,,899.0,,,,,2046.0,,51.84
,,,,,,REGULAR_SEASON,,,,,,,,Ulysses Metellus,,,,141.0,37.0,30.0,29.0,35.0,125.0,28.0,26.0,21.0,32.0,,,,,,87.0,,7.0,,,,,,,352.0,,3409.0,,,,,,,,,,,,,,,DET_K_01,K,,,,,,,,,,,,0,,,,,,,,,,,,,,,0,522.0,,,,,,,,239.0,,870.0,182.0,175.0,,,,,
,,,,,,REGULAR_SEASON,,,,,,,,Shepard Bergeron,,,,,,,,,,,,,,,,,,,43.0,8497.0,,,,,27.0,80.0,,,2368.0,,,,7745.0,,,,,,,,,,,,DET_P_01,P,,,,,,179.0,,,,,,0,752.0,,,,,,,,,,,,,,0,215.0,,,,,,,,9.0,,418.0,,,,,,,
,,386.0,,,2144.0,REGULAR_SEASON,2235.0,,,,347.0,165.0,,Micah Satterfield,,127.0,,,,,,,,,,,,1087.0,,,8.0,2.0,92.0,,,,,,,,33.0,,,,,,,3181.0,,,,,,198.0,25429.0,,,785.0,GB_QB_01,QB,1037.0,508.0,4759.0,,,,,,,,,0,,,,,,,315.0,,1223.0,853.0,,,135.0,184.0,0,5770.0,,92.0,,,,,156.0,,39.0,874.0,,,,,,,
,,,,44.0,,REGULAR_SEASON,,36.0,54.0,,,,51.0,Lyle Gaskins,10.0,,26.0,,,,,,,,,,,112.0,,,2.0,,17.0,,,,,,,,,,,,,22.0,,,,84.0,,,,,,,,,GB_RB_01,RB,,,,,6.0,,,226.0,,,2797.0,1,,175.0,,46.0,,,286.0,19.0,1242.0,,,,,,0,522.0,,,,346.0,,,,,,158.0,,,1127.0,499.0,,743.0,
,,,,17.0,,REGULAR_SEASON,,16.0,31.0,,,,23.0,Cade Donnelly,9.0,,6.0,,,,,,,,,,,50.0,,,1.0,,17.0,,,,,,,,,,,,,5.0,,,,88.0,,,,,,,,,GB_RB_02,RB,,,,,11.0,,,110.0,,,1395.0,1,,106.0,,27.0,,,141.0,,617.0,,,,,,0,325.0,,,,169.0,,,,,,158.0,,,548.0,249.0,,368.0,
,,,,13.0,,REGULAR_SEASON,,2.0,2.0,,,,4.0,Titus Ricciardi,3.0,,3.0,,,,,,,,,,,9.0,,,0.0,,11.0,,,,,,,,,,,,,2.0,,,,59.0,,,,,,,,,GB_RB_03,RB,,,,,3.0,,,28.0,,,405.0,1,,54.0,,12.0,,,34.0,,158.0,,,,,,0,174.0,,,,42.0,,,,,,113.0,,,162.0,74.0,,84.0,
,,,,,,REGULAR_SEASON,,36.0,76.0,,,,59.0,Josiah Haywood,30.0,,,,,,,,,,,,,106.0,,,,,44.0,,,,,,,,,,,,,35.0,,,,,,,,,,,,,GB_WR_01,WR,,,,,,,,239.0,,10.0,2873.0,1,,1607.0,,547.0,,,,,,,,,,,0,1892.0,,,,440.0,,,,,,415.0,,,1222.0,,,,
,,,,,,REGULAR_SEASON,,17.0,33.0,,,,26.0,Briggs Jelks,4.0,,,,,,,,,,,,,35.0,,,,,17.0,,,,,,,,,,,,,13.0,,,,,,,,,,,,,GB_WR_02,WR,,,,,,,,79.0,,6.0,1072.0,1,,637.0,,218.0,,,,,,,,,,,0,752.0,,,,147.0,,,,,,158.0,,,445.0,,,,
,,,,,,REGULAR_SEASON,,20.0,39.0,,,,27.0,Kolby Harmon,8.0,,,,,,,,,,,,,54.0,,,,,27.0,,,,,,,,,,,,,14.0,,,,,,,,,,,,,GB_WR_03,WR,,,,,,,,121.0,,7.0,1469.0,1,,995.0,,338.0,,,,,,,,,,,0,1174.0,,,,211.0,,,,,,211.0,,,609.0,,,,
,,,,,,REGULAR_SEASON,,41.0,76.0,,,,62.0,Denzel Wrighster,25.0,,,,,,,,,,,,,96.0,,,,,80.0,,,,,,,,,,,,,50.0,,,,,,,,,,,,,GB_WR_06,WR,,,,,,,,280.0,,19.0,3600.0,0,,2942.0,,1005.0,,,,,,,,,,,0,3469.0,,,,483.0,,,,,,761.0,,,1522.0,,,,
,,,,,,REGULAR_SEASON,,8.0,15.0,,,,17.0,Sheridan Hargrave,5.0,,,,,,,,,,,,,26.0,,,,,17.0,,,,,,,,,,,,,8.0,,,,,,,,,,,,,GB_TE_01,TE,,,,,,,,61.0,,,839.0,1,,557.0,,190.0,,,,,,,,,,,0,659.0,,,,113.0,,,,,,158.0,,,340.0,,,,
,,,,,,REGULAR_SEASON,,40.0,90.0,,,,82.0,Arch Grantham,23.0,,,,,,,,,,,,,103.0,,,,,98.0,,,,,,,,,,,,,56.0,,,,,,,,,,,,,GB_TE_03,TE,,,,,,,,287.0,,1.0,3680.0,0,,3324.0,,1132.0,,,,,,,,,,,0,3926.0,,,,519.0,,,,,,958.0,,,1461.0,,,,
,,,,,,REGULAR_SEASON,,,,,,,,Ezekiel Prewitt,,,,,,,,,,,,,,,,,,,79.0,,,30.0,,91.0,,,,,,,,,,,7373.5,2840.0,,,,,,,35.0,,GB_OT_01,OT,,,,,139.0,,,,,,,0,,,183.0,2308.0,957.0,,,,,,,20.0,,,0,5148.0,,79.0,,,,,,,,722.0,,,,,,,
,,,,,,REGULAR_SEASON,,,,,,,,Kieran Herrera,,,,,,,,,,,,,,,,,,,45.0,,,11.0,,50.0,,,,,,,,,,,4234.5,1632.0,,,,,,,24.0,,GB_OT_02,OT,,,,,69.0,,,,,,,1,,,114.0,1327.0,581.0,,,,,,,11.0,,,0,2959.0,,45.0,,,,,,,,422.0,,,,,,,
,,,,,,REGULAR_SEASON,,,,,,,,Giovanni Satterfield,,,,,,,,,,,,,,,,,,,38.0,,,20.0,,32.0,,,,,,,,,,,3549.5,1361.0,,,,,,,17.0,,GB_OG_02,OG,,,,,62.0,,,,,,,1,,,76.0,1101.0,484.0,,,,,,,11.0,,,0,2462.0,,38.0,,,,,,,,326.0,,,,,,,
,,,,,,REGULAR_SEASON,,,,,,,,Lennon Sturdivant,,,,,,,,,,,,,,,,,,,55.0,,,19.0,,66.0,,,,,,,,,,,5115.1,1996.0,,,,,,,36.0,,GB_OG_01,OG,,,,,100.0,,,,,,,0,,,121.0,1619.0,688.0,,,,,,,16.0,,,0,3615.0,,55.0,,,,,,,,498.0,,,,,,,
,,,,,,REGULAR_SEASON,,,,,,,,Arch Harrell,,,,,,,,,,,,,,,,,,,92.0,,,33.0,,113.0,,,,,,,,,,,8605.7,3315.0,,,,,,,50.0,,GB_C_02,C,,,,,164.0,,,,,,,0,,,247.0,2689.0,1068.0,,,,,,,19.0,,,0,6004.0,,92.0,,,,,,,,867.0,,,,,,,
75.0,7.0,,,,,REGULAR_SEASON,,,,,,,,Beckham Lowery,,,,,,,,,,,,,,,2.0,,,,51.0,,,,59.0,,,,,,,,16.0,,,,,,,1238.0,6.97,,,,6.0,,GB_EDGE_01,EDGE,,,,120.0,,,36.0,,,,,1,,,,,,87.0,,,,,34.0,,,,0,2175.0,58.0,,133.0,,,31.0,,,,469.0,,,,,,,
38.0,4.0,,,,,REGULAR_SEASON,,,,,,,,Jarrett Bracken,,,,,,,,,,,,,,,2.0,,,,29.0,,,,39.0,,,,,,,,8.0,,,,,,,702.0,3.82,,,,8.0,,GB_EDGE_02,EDGE,,,,70.0,,,20.0,,,,,1,,,,,,54.0,,,,,12.0,,,,0,1235.0,30.0,,68.0,,,20.0,,,,247.0,,,,,,,
151.0,8.0,,,,,REGULAR_SEASON,,,,,,,,Tyree Oduya,,,,,,,,,,,,,,,6.0,,,,99.0,,,,126.0,,,,,,,,19.0,,,,,,,2435.0,14.21,,,,20.0,,GB_EDGE_03,EDGE,,,,229.0,,,61.0,,,,,0,,,,,,154.0,,,,,55.0,,,,0,4293.0,110.0,,261.0,,,52.0,,,,886.0,,,,,,,
94.0,9.0,,,,,REGULAR_SEASON,,,,,,,,Hakeem Dorsett,,,,,,,,,,,,,,,4.0,,,,66.0,,,,100.0,,,,,,,,12.0,,,,,,,1646.0,9.92,,,,11.0,,GB_EDGE_04,EDGE,,,,159.0,,,46.0,,,,,1,,,,,,110.0,,,,,16.0,,,,0,2893.0,73.0,,167.0,,,28.0,,,,618.0,,,,,,,
122.0,9.0,,,,,REGULAR_SEASON,,,,,,,,Jayceon Stroman,,,,,,,,,,,,,,,0.0,,,,79.0,,,,106.0,,,,,,,,11.0,,,,,,,1684.0,13.19,,,,14.0,,GB_DT_01,DT,,,,190.0,,,64.0,,,,,1,,,,,,180.0,,,,,27.0,,,,0,2964.0,91.0,,213.0,,,48.0,,,,722.0,,,,,,,
149.0,18.0,,,,,REGULAR_SEASON,,,,,,,,Eli Tullis,,,,,,,,,,,,,,,5.0,,,,95.0,,,,121.0,,,,,,,,17.0,,,,,,,2012.0,15.21,,,,23.0,,GB_DT_02,DT,,,,202.0,,,57.0,,,,,0,,,,,,195.0,,,,,28.0,,,,0,3547.0,118.0,,267.0,,,49.0,,,,890.0,,,,,,,
149.0,8.0,,,,,REGULAR_SEASON,,,,,,,,Morgan Westbrook,,,,,,,,,,,,,,,8.0,,,,95.0,,,,116.0,,,,,,,,27.0,,,,,,,1994.0,13.94,,,,19.0,,GB_DT_04,DT,,,,202.0,,,63.0,,,,,0,,,,,,161.0,,,,,30.0,,,,0,3511.0,115.0,,264.0,,,47.0,,,,863.0,,,,,,,
,,,472.0,,,REGULAR_SEASON,,,,2713.0,,,,Maddox Kamara,,,,,,,,,,,,,,,,56.0,,,78.0,,,,,,,,4.0,,,,36.0,,,,,,26.0,,,,,6348.7,21.0,,GB_LB_02,LB,,,,56.0,,,,,166.0,,,1,,,,,,53.0,,,,,8.0,,,,0,3525.0,276.0,,434.0,296.0,14.0,64.0,,,,713.0,,,,,1992.0,,58.14
,,,490.0,,,REGULAR_SEASON,,,,2916.0,,,,Vince Batiste,,,,,,,,,,,,,,,,56.0,,,82.0,,,,,,,,6.0,,,,47.0,,,,,,27.0,,,,,6588.8,21.0,,GB_LB_03,LB,,,,49.0,,,,,177.0,,,1,,,,,,63.0,,,,,8.0,,,,0,3786.0,304.0,,477.0,310.0,14.0,85.0,,,,730.0,,,,,2123.0,,60.24
,,,107.0,,,REGULAR_SEASON,,,,607.0,,,,Hutch Brasher,,,,,,,,,,,,,,,,10.0,,,17.0,,,,,,,,2.0,,,,10.0,,,,,,1.0,,,,,1357.2,4.0,,GB_LB_01,LB,,,,10.0,,,,,46.0,,,1,,,,,,15.0,,,,,1.0,,,,0,788.0,54.0,,85.0,72.0,0.0,6.0,,,,158.0,,,,,491.0,,13.71
,,,,,,REGULAR_SEASON,,,,3576.0,,,,Ajani Whitfield,,,,,,,,,,,,,,,,76.0,,,95.0,,,,,,,,18.0,,,,24.0,,,,,,46.0,,,,,7162.3,27.0,,GB_CB_03,CB,,,,,,,,,192.0,,,0,,,,,,66.0,,,,,,,,,0,4636.0,214.0,,365.0,332.0,18.0,,,,,912.0,,,,,2261.0,,61.21
,,,,,,REGULAR_SEASON,,,,3651.0,,,,Randall Colwell,,,,,,,,,,,,,,,,78.0,,,97.0,,,,,,,,14.0,,,,34.0,,,,,,53.0,,,,,7430.5,31.0,,GB_CB_01,CB,,,,,,,,,194.0,,,0,,,,,,72.0,,,,,,,,,0,4734.0,219.0,,369.0,355.0,16.0,,,,,912.0,,,,,2354.0,,63.12
,,,,,,REGULAR_SEASON,,,,3547.0,,,,Jamari Ruggiero,,,,,,,,,,,,,,,,71.0,,,93.0,,,,,,,,10.0,,,,35.0,,,,,,45.0,,,,,7348.0,25.0,,GB_CB_04,CB,,,,,,,,,201.0,,,0,,,,,,65.0,,,,,,,,,0,4593.0,201.0,,340.0,330.0,14.0,,,,,844.0,,,,,2357.0,,62.64
,,,,,,REGULAR_SEASON,,,,1539.0,,,,Josiah Hammersley,,,,,,,,,,,,,,,,20.0,,,40.0,,,,,,,,3.0,,,,14.0,,,,,,12.0,,,,,3298.9,8.0,,GB_CB_02,CB,,,,,,,,,100.0,,,1,,,,,,31.0,,,,,,,,,0,1995.0,93.0,,159.0,160.0,8.0,,,,,362.0,,,,,1091.0,,28.37
,,,,,,REGULAR_SEASON,,,,3243.0,,,,Gannon Monfort,,,,,,,,,,,,,,,,58.0,,,82.0,,,,,,,,2.0,,,,26.0,,,,,,30.0,,,,,6596.6,28.0,,GB_S_02,S,,,,,,,,,184.0,,,1,,,,,,63.0,,,,,,,,,0,4203.0,180.0,,304.0,329.0,14.0,,,,,801.0,,,,,2094.0,,53.58
,,,,,,REGULAR_SEASON,,,,2624.0,,,,Blaze McDermott,,,,,,,,,,,,,,,,27.0,,,66.0,,,,,,,,2.0,,,,28.0,,,,,,13.0,,,,,5356.8,22.0,,GB_S_01,S,,,,,,,,,162.0,,,1,,,,,,50.0,,,,,,,,,0,3403.0,154.0,,251.0,274.0,13.0,,,,,645.0,,,,,1790.0,,44.88
,,,,,,REGULAR_SEASON,,,,1999.0,,,,Zane Barnhill,,,,,,,,,,,,,,,,42.0,,,51.0,,,,,,,,0.0,,,,19.0,,,,,,25.0,,,,,3974.4,17.0,,GB_S_04,S,,,,,,,,,113.0,,,0,,,,,,32.0,,,,,,,,,0,2595.0,116.0,,194.0,214.0,11.0,,,,,451.0,,,,,1309.0,,33.28
,,,,,,REGULAR_SEASON,,,,,,,,Talon Prendergast,,,,74.0,22.0,12.0,19.0,15.0,63.0,21.0,12.0,14.0,13.0,,,,,,46.0,,4.0,,,,,,,164.0,,1749.0,,,,,,,,,,,,,,,GB_K_01,K,,,,,,,,,,,,1,,,,,,,,,,,,,,,0,276.0,,,,,,,,103.0,,426.0,97.0,93.0,,,,,
,,,,,,REGULAR_SEASON,,,,,,,,Vernon Washburn,,,,,,,,,,,,,,,,,,,100.0,16619.0,,,,,51.0,142.0,,,5449.0,,,,15075.0,,,,,,,,,,,,GB_P_01,P,,,,,,355.0,,,,,,0,1544.0,,,,,,,,,,,,,,0,500.0,,,,,,,,23.0,,985.0,,,,,,,
,,334.0,,,2262.0,REGULAR_SEASON,2317.0,,,,348.0,148.0,,Fritz Wilkerson,,140.0,,,,,,,,,,,,1121.0,,,17.0,11.0,96.0,,,,,,,,31.0,,,,,,,3269.0,,,,,,215.0,26472.0,,,794.0,CIN_QB_01,QB,1007.0,470.0,4339.0,,,,,,,,,0,,,,,,,326.0,,1367.0,882.0,,,142.0,200.0,0,6105.0,,96.0,,,,,173.0,,84.0,917.0,,,,,,,
,,,,200.0,,REGULAR_SEASON,,250.0,494.0,,,,387.0,Arlen Hathaway,122.0,,178.0,,,,,,,,,,,1016.0,,,9.0,,100.0,,,,,,,,,,,,,74.0,,,,553.0,,,,,,,,,CIN_RB_01,RB,,,,,54.0,,,1976.0,,,22607.0,0,,1298.0,,343.0,,,2347.0,91.0,10641.0,,,,,,0,3839.0,,,,2930.0,,,,,,947.0,,,9635.0,4950.0,,5710.0,
,,,,128.0,,REGULAR_SEASON,,170.0,342.0,,,,283.0,Emmett Tonyan,97.0,,119.0,,,,,,,,,,,609.0,,,9.0,,100.0,,,,,,,,,,,,,47.0,,,,559.0,,,,,,,,,CIN_RB_02,RB,,,,,44.0,,,1268.0,,,13887.0,0,,989.0,,256.0,,,1613.0,32.0,6530.0,,,,,,0,2944.0,,,,1918.0,,,,,,925.0,,,5916.0,2540.0,,4018.0,
,,,,26.0,,REGULAR_SEASON,,42.0,100.0,,,,71.0,Harlan Cushing,36.0,,46.0,,,,,,,,,,,182.0,,,8.0,,28.0,,,,,,,,,,,,,13.0,,,,141.0,,,,,,,,,CIN_RB_03,RB,,,,,15.0,,,367.0,,,4167.0,1,,273.0,,70.0,,,470.0,11.0,2064.0,,,,,,0,819.0,,,,572.0,,,,,,246.0,,,1659.0,889.0,,1175.0,
,,,,,,REGULAR_SEASON,,35.0,84.0,,,,61.0,Kamden Lowery,21.0,,,,,,,,,,,,,105.0,,,,,46.0,,,,,,,,,,,,,27.0,,,,,,,,,,,,,CIN_WR_01,WR,,,,,,,,258.0,,19.0,3256.0,1,,1709.0,,584.0,,,,,,,,,,,0,2011.0,,,,475.0,,,,,,438.0,,,1251.0,,,,
,,,,,,REGULAR_SEASON,,60.0,161.0,,,,142.0,Jayceon Yiadom,61.0,,,,,,,,,,,,,248.0,,,,,99.0,,,,,,,,,,,,,64.0,,,,,,,,,,,,,CIN_WR_04,WR,,,,,,,,570.0,,34.0,6829.0,0,,3668.0,,1256.0,,,,,,,,,,,0,4324.0,,,,999.0,,,,,,947.0,,,2903.0,,,,
,,,,,,REGULAR_SEASON,,29.0,70.0,,,,45.0,Dwight Chandler,21.0,,,,,,,,,,,,,80.0,,,,,57.0,,,,,,,,,,,,,29.0,,,,,,,,,,,,,CIN_WR_02,WR,,,,,,,,215.0,,12.0,2755.0,0,,2060.0,,703.0,,,,,,,,,,,0,2432.0,,,,386.0,,,,,,545.0,,,1157.0,,,,
,,,,,,REGULAR_SEASON,,36.0,66.0,,,,57.0,Eli Cribbs,12.0,,,,,,,,,,,,,83.0,,,,,76.0,,,,,,,,,,,,,36.0,,,,,,,,,,,,,CIN_WR_03,WR,,,,,,,,221.0,,11.0,2864.0,0,,2811.0,,961.0,,,,,,,,,,,0,3320.0,,,,400.0,,,,,,718.0,,,1158.0,,,,
,,,,,,REGULAR_SEASON,,29.0,62.0,,,,45.0,Ruben Salvador,25.0,,,,,,,,,,,,,55.0,,,,,87.0,,,,,,,,,,,,,46.0,,,,,,,,,,,,,CIN_TE_01,TE,,,,,,,,193.0,,,2629.0,0,,2874.0,,980.0,,,,,,,,,,,0,3393.0,,,,364.0,,,,,,841.0,,,1086.0,,,,
,,,,,,REGULAR_SEASON,,12.0,34.0,,,,15.0,Sherman Crockett,11.0,,,,,,,,,,,,,17.0,,,,,63.0,,,,,,,,,,,,,27.0,,,,,,,,,,,,,CIN_TE_03,TE,,,,,,,,90.0,,,1131.0,0,,2119.0,,722.0,,,,,,,,,,,0,2504.0,,,,173.0,,,,,,571.0,,,452.0,,,,
,,,,,,REGULAR_SEASON,,,,,,,,Lowell Shepley,,,,,,,,,,,,,,,,,,,48.0,,,18.0,,41.0,,,,,,,,,,,4515.1,1735.0,,,,,,,24.0,,CIN_OT_01,OT,,,,,70.0,,,,,,,1,,,104.0,1411.0,594.0,,,,,,,13.0,,,0,3146.0,,48.0,,,,,,,,459.0,,,,,,,
,,,,,,REGULAR_SEASON,,,,,,,,Kieran Helaire,,,,,,,,,,,,,,,,,,,62.0,,,21.0,,62.0,,,,,,,,,,,5770.8,2273.0,,,,,,,40.0,,CIN_OT_03,OT,,,,,102.0,,,,,,,0,,,160.0,1840.0,790.0,,,,,,,22.0,,,0,4113.0,,62.0,,,,,,,,554.0,,,,,,,
,,,,,,REGULAR_SEASON,,,,,,,,Gavin Hufanga,,,,,,,,,,,,,,,,,,,94.0,,,39.0,,95.0,,,,,,,,,,,8789.2,3395.0,,,,,,,53.0,,CIN_OG_02,OG,,,,,156.0,,,,,,,0,,,228.0,2751.0,1197.0,,,,,,,26.0,,,0,6146.0,,94.0,,,,,,,,876.0,,,,,,,
,,,,,,REGULAR_SEASON,,,,,,,,Ruben Upshaw,,,,,,,,,,,,,,,,,,,41.0,,,8.0,,40.0,,,,,,,,,,,3832.1,1485.0,,,,,,,20.0,,CIN_OG_03,OG,,,,,62.0,,,,,,,0,,,99.0,1207.0,511.0,,,,,,,15.0,,,0,2692.0,,41.0,,,,,,,,378.0,,,,,,,
,,,,,,REGULAR_SEASON,,,,,,,,Jaden Schmitz,,,,,,,,,,,,,,,,,,,52.0,,,17.0,,47.0,,,,,,,,,,,4920.5,1887.0,,,,,,,29.0,,CIN_C_01,C,,,,,74.0,,,,,,,0,,,134.0,1534.0,687.0,,,,,,,11.0,,,0,3421.0,,52.0,,,,,,,,491.0,,,,,,,
64.0,6.0,,,,,REGULAR_SEASON,,,,,,,,Wallace Ashby,,,,,,,,,,,,,,,4.0,,,,46.0,,,,55.0,,,,,,,,16.0,,,,,,,1168.0,6.21,,,,9.0,,CIN_EDGE_02,EDGE,,,,95.0,,,20.0,,,,,1,,,,,,66.0,,,,,25.0,,,,0,2064.0,55.0,,119.0,,,14.0,,,,422.0,,,,,,,
80.0,5.0,,,,,REGULAR_SEASON,,,,,,,,Reginald Dargan,,,,,,,,,,,,,,,6.0,,,,51.0,,,,56.0,,,,,,,,14.0,,,,,,,1276.0,6.59,,,,11.0,,CIN_EDGE_01,EDGE,,,,100.0,,,31.0,,,,,1,,,,,,77.0,,,,,18.0,,,,0,2247.0,68.0,,148.0,,,32.0,,,,476.0,,,,,,,
153.0,13.0,,,,,REGULAR_SEASON,,,,,,,,Manny Harkness,,,,,,,,,,,,,,,6.0,,,,102.0,,,,133.0,,,,,,,,29.0,,,,,,,2524.0,13.7,,,,26.0,,CIN_EDGE_04,EDGE,,,,249.0,,,87.0,,,,,0,,,,,,160.0,,,,,44.0,,,,0,4440.0,127.0,,280.0,,,41.0,,,,954.0,,,,,,,
60.0,8.0,,,,,REGULAR_SEASON,,,,,,,,Fabian Cavanaugh,,,,,,,,,,,,,,,2.0,,,,39.0,,,,43.0,,,,,,,,13.0,,,,,,,959.0,4.5,,,,7.0,,CIN_EDGE_03,EDGE,,,,78.0,,,24.0,,,,,0,,,,,,38.0,,,,,15.0,,,,0,1688.0,47.0,,107.0,,,13.0,,,,384.0,,,,,,,
80.0,10.0,,,,,REGULAR_SEASON,,,,,,,,Cortez Vaughters,,,,,,,,,,,,,,,7.0,,,,49.0,,,,75.0,,,,,,,,12.0,,,,,,,1056.0,6.91,,,,18.0,,CIN_DT_01,DT,,,,107.0,,,21.0,,,,,1,,,,,,91.0,,,,,13.0,,,,0,1864.0,61.0,,141.0,,,28.0,,,,447.0,,,,,,,
162.0,24.0,,,,,REGULAR_SEASON,,,,,,,,Deacon Legette,,,,,,,,,,,,,,,5.0,,,,99.0,,,,123.0,,,,,,,,29.0,,,,,,,2126.0,14.67,,,,23.0,,CIN_DT_02,DT,,,,204.0,,,54.0,,,,,0,,,,,,165.0,,,,,29.0,,,,0,3748.0,125.0,,287.0,,,45.0,,,,901.0,,,,,,,
86.0,8.0,,,,,REGULAR_SEASON,,,,,,,,Hasani Kendricks,,,,,,,,,,,,,,,3.0,,,,57.0,,,,60.0,,,,,,,,19.0,,,,,,,1223.0,7.21,,,,10.0,,CIN_DT_04,DT,,,,106.0,,,37.0,,,,,1,,,,,,82.0,,,,,14.0,,,,0,2162.0,74.0,,160.0,,,27.0,,,,521.0,,,,,,,
,,,158.0,,,REGULAR_SEASON,,,,899.0,,,,Remy Dobbins,,,,,,,,,,,,,,,,25.0,,,26.0,,,,,,,,1.0,,,,16.0,,,,,,13.0,,,,,2225.3,5.0,,CIN_LB_01,LB,,,,18.0,,,,,58.0,,,1,,,,,,22.0,,,,,5.0,,,,0,1168.0,102.0,,159.0,105.0,4.0,19.0,,,,239.0,,,,,705.0,,20.25
,,,466.0,,,REGULAR_SEASON,,,,2828.0,,,,Kingston Hickenbotham,,,,,,,,,,,,,,,,53.0,,,81.0,,,,,,,,6.0,,,,37.0,,,,,,35.0,,,,,6501.1,21.0,,CIN_LB_02,LB,,,,55.0,,,,,182.0,,,0,,,,,,62.0,,,,,10.0,,,,0,3677.0,300.0,,470.0,316.0,13.0,66.0,,,,743.0,,,,,1993.0,,57.2
,,,198.0,,,REGULAR_SEASON,,,,1163.0,,,,Reginald Darboe,,,,,,,,,,,,,,,,12.0,,,33.0,,,,,,,,3.0,,,,25.0,,,,,,6.0,,,,,3199.3,6.0,,CIN_LB_03,LB,,,,18.0,,,,,104.0,,,1,,,,,,19.0,,,,,4.0,,,,0,1514.0,115.0,,181.0,158.0,11.0,22.0,,,,306.0,,,,,1246.0,,35.77
,,,,,,REGULAR_SEASON,,,,3429.0,,,,Fletcher Corrigan,,,,,,,,,,,,,,,,71.0,,,90.0,,,,,,,,16.0,,,,38.0,,,,,,41.0,,,,,7386.6,16.0,,CIN_CB_03,CB,,,,,,,,,198.0,,,1,,,,,,74.0,,,,,,,,,0,4448.0,215.0,,356.0,317.0,16.0,,,,,827.0,,,,,2462.0,,64.81
,,,,,,REGULAR_SEASON,,,,1185.0,,,,Rhys Bagwell,,,,,,,,,,,,,,,,24.0,,,32.0,,,,,,,,2.0,,,,9.0,,,,,,17.0,,,,,2520.8,11.0,,CIN_CB_02,CB,,,,,,,,,69.0,,,1,,,,,,27.0,,,,,,,,,0,1539.0,81.0,,132.0,111.0,3.0,,,,,281.0,,,,,870.0,,23.78
,,,,,,REGULAR_SEASON,,,,3479.0,,,,Brennan Hamlett,,,,,,,,,,,,,,,,67.0,,,92.0,,,,,,,,11.0,,,,35.0,,,,,,32.0,,,,,7409.2,26.0,,CIN_CB_01,CB,,,,,,,,,200.0,,,1,,,,,,58.0,,,,,,,,,0,4517.0,217.0,,357.0,330.0,18.0,,,,,846.0,,,,,2149.0,,56.77
,,,,,,REGULAR_SEASON,,,,2392.0,,,,Rhys Teasdale,,,,,,,,,,,,,,,,39.0,,,63.0,,,,,,,,6.0,,,,21.0,,,,,,25.0,,,,,5309.9,13.0,,CIN_CB_06,CB,,,,,,,,,138.0,,,0,,,,,,37.0,,,,,,,,,0,3106.0,154.0,,260.0,233.0,11.0,,,,,575.0,,,,,1956.0,,51.42
,,,,,,REGULAR_SEASON,,,,3391.0,,,,Otis Kemper,,,,,,,,,,,,,,,,64.0,,,86.0,,,,,,,,2.0,,,,30.0,,,,,,40.0,,,,,7675.8,23.0,,CIN_S_01,S,,,,,,,,,209.0,,,0,,,,,,62.0,,,,,,,,,0,4399.0,177.0,,306.0,317.0,17.0,,,,,797.0,,,,,2526.0,,64.34
,,,,,,REGULAR_SEASON,,,,1220.0,,,,Wallace Cortés,,,,,,,,,,,,,,,,21.0,,,30.0,,,,,,,,1.0,,,,10.0,,,,,,11.0,,,,,2810.4,8.0,,CIN_S_02,S,,,,,,,,,87.0,,,1,,,,,,20.0,,,,,,,,,0,1579.0,78.0,,127.0,124.0,7.0,,,,,276.0,,,,,932.0,,22.74
,,,,,,REGULAR_SEASON,,,,596.0,,,,Hamza Hollins,,,,,,,,,,,,,,,,15.0,,,15.0,,,,,,,,0.0,,,,8.0,,,,,,9.0,,,,,1193.8,5.0,,CIN_S_04,S,,,,,,,,,27.0,,,1,,,,,,6.0,,,,,,,,,0,775.0,41.0,,69.0,53.0,1.0,,,,,118.0,,,,,353.0,,8.97
,,,,,,REGULAR_SEASON,,,,,,,,Dillon Vosburgh,,,,146.0,37.0,31.0,38.0,35.0,113.0,32.0,29.0,29.0,29.0,,,,,,91.0,,3.0,,,,,,,356.0,,3305.0,,,,,,,,,,,,,,,CIN_K_01,K,,,,,,,,,,,,0,,,,,,,,,,,,,,,0,546.0,,,,,,,,231.0,,866.0,187.0,173.0,,,,,
,,,,,,REGULAR_SEASON,,,,,,,,Milo Montgomery,,,,,,,,,,,,,,,,,,,96.0,17531.0,,,,,49.0,160.0,,,5363.0,,,,15883.0,,,,,,,,,,,,CIN_P_01,P,,,,,,374.0,,,,,,0,1648.0,,,,,,,,,,,,,,0,480.0,,,,,,,,28.0,,859.0,,,,,,,
,,90.0,,,867.0,REGULAR_SEASON,837.0,,,,117.0,47.0,,Trace Oakman,,52.0,,,,,,,,,,,,405.0,,,8.0,4.0,37.0,,,,,,,,30.0,,,,,,,1240.0,,,,,,59.0,8769.0,,,313.0,SEA_QB_01,QB,373.0,162.0,1561.0,,,,,,,,,1,,,,,,,128.0,,457.0,500.0,,,78.0,85.0,0,2370.0,,37.0,,,,,55.0,,49.0,354.0,,,,,,,
,,,,37.0,,REGULAR_SEASON,,27.0,46.0,,,,46.0,Garland McQuarters,17.0,,20.0,,,,,,,,,,,105.0,,,0.0,,17.0,,,,,,,,,,,,,6.0,,,,105.0,,,,,,,,,SEA_RB_01,RB,,,,,10.0,,,220.0,,,2461.0,1,,166.0,,40.0,,,265.0,14.0,1182.0,,,,,,0,494.0,,,,327.0,,,,,,148.0,,,1087.0,547.0,,635.0,
,,,,15.0,,REGULAR_SEASON,,11.0,25.0,,,,32.0,Cannon Steinkuhler,11.0,,15.0,,,,,,,,,,,41.0,,,2.0,,17.0,,,,,,,,,,,,,8.0,,,,93.0,,,,,,,,,SEA_RB_02,RB,,,,,10.0,,,104.0,,,1225.0,1,,119.0,,28.0,,,127.0,,586.0,,,,,,0,362.0,,,,160.0,,,,,,148.0,,,486.0,269.0,,317.0,
,,,,10.0,,REGULAR_SEASON,,3.0,11.0,,,,7.0,Thelonious Overstreet,0.0,,2.0,,,,,,,,,,,14.0,,,0.0,,17.0,,,,,,,,,,,,,2.0,,,,102.0,,,,,,,,,SEA_RB_03,RB,,,,,7.0,,,41.0,,,545.0,1,,84.0,,20.0,,,52.0,,259.0,,,,,,0,262.0,,,,67.0,,,,,,148.0,,,233.0,138.0,,121.0,
,,,,,,REGULAR_SEASON,,56.0,102.0,,,,80.0,Lucian Debose,36.0,,,,,,,,,,,,,144.0,,,,,64.0,,,,,,,,,,,,,35.0,,,,,,,,,,,,,SEA_WR_03,WR,,,,,,,,328.0,,24.0,4008.0,1,,2334.0,,797.0,,,,,,,,,,,0,2755.0,,,,584.0,,,,,,595.0,,,1653.0,,,,
,,,,,,REGULAR_SEASON,,70.0,170.0,,,,114.0,Rigby Sagapolutele,60.0,,,,,,,,,,,,,195.0,,,,,101.0,,,,,,,,,,,,,66.0,,,,,,,,,,,,,SEA_WR_02,WR,,,,,,,,477.0,,22.0,5789.0,0,,3742.0,,1281.0,,,,,,,,,,,0,4410.0,,,,860.0,,,,,,948.0,,,2459.0,,,,
,,,,,,REGULAR_SEASON,,44.0,101.0,,,,86.0,Basil Donnelly,26.0,,,,,,,,,,,,,113.0,,,,,81.0,,,,,,,,,,,,,40.0,,,,,,,,,,,,,SEA_WR_01,WR,,,,,,,,296.0,,16.0,3667.0,0,,2968.0,,1013.0,,,,,,,,,,,0,3500.0,,,,551.0,,,,,,772.0,,,1531.0,,,,
,,,,,,REGULAR_SEASON,,25.0,62.0,,,,51.0,Amari Hilliard,25.0,,,,,,,,,,,,,87.0,,,,,54.0,,,,,,,,,,,,,33.0,,,,,,,,,,,,,SEA_WR_06,WR,,,,,,,,211.0,,11.0,2590.0,0,,1993.0,,679.0,,,,,,,,,,,0,2350.0,,,,399.0,,,,,,530.0,,,1050.0,,,,
,,,,,,REGULAR_SEASON,,38.0,82.0,,,,50.0,Lucian Bedard,21.0,,,,,,,,,,,,,80.0,,,,,94.0,,,,,,,,,,,,,59.0,,,,,,,,,,,,,SEA_TE_02,TE,,,,,,,,237.0,,3.0,3034.0,0,,3147.0,,1071.0,,,,,,,,,,,0,3719.0,,,,433.0,,,,,,867.0,,,1165.0,,,,
,,,,,,REGULAR_SEASON,,23.0,51.0,,,,41.0,Dillon Lowery,19.0,,,,,,,,,,,,,65.0,,,,,63.0,,,,,,,,,,,,,26.0,,,,,,,,,,,,,SEA_TE_01,TE,,,,,,,,187.0,,,2398.0,0,,2102.0,,715.0,,,,,,,,,,,0,2486.0,,,,328.0,,,,,,587.0,,,966.0,,,,
,,,,,,REGULAR_SEASON,,,,,,,,Lincoln Dillard,,,,,,,,,,,,,,,,,,,61.0,,,30.0,,61.0,,,,,,,,,,,5653.8,2178.0,,,,,,,32.0,,SEA_OT_02,OT,,,,,108.0,,,,,,,1,,,111.0,1767.0,784.0,,,,,,,21.0,,,0,3945.0,,61.0,,,,,,,,609.0,,,,,,,
,,,,,,REGULAR_SEASON,,,,,,,,Newton Abernathy,,,,,,,,,,,,,,,,,,,42.0,,,10.0,,48.0,,,,,,,,,,,3902.4,1553.0,,,,,,,31.0,,SEA_OT_04,OT,,,,,70.0,,,,,,,0,,,93.0,1259.0,543.0,,,,,,,15.0,,,0,2812.0,,42.0,,,,,,,,358.0,,,,,,,
,,,,,,REGULAR_SEASON,,,,,,,,Jordy Blakeney,,,,,,,,,,,,,,,,,,,94.0,,,29.0,,96.0,,,,,,,,,,,8732.3,3402.0,,,,,,,55.0,,SEA_OG_01,OG,,,,,155.0,,,,,,,0,,,235.0,2759.0,1133.0,,,,,,,35.0,,,0,6161.0,,94.0,,,,,,,,859.0,,,,,,,
,,,,,,REGULAR_SEASON,,,,,,,,Laurent Carvalho,,,,,,,,,,,,,,,,,,,36.0,,,10.0,,34.0,,,,,,,,,,,3418.8,1286.0,,,,,,,12.0,,SEA_OG_03,OG,,,,,50.0,,,,,,,1,,,70.0,1043.0,421.0,,,,,,,6.0,,,0,2329.0,,36.0,,,,,,,,331.0,,,,,,,
,,,,,,REGULAR_SEASON,,,,,,,,Demetrius Warrick,,,,,,,,,,,,,,,,,,,86.0,,,29.0,,72.0,,,,,,,,,,,8076.5,3110.0,,,,,,,45.0,,SEA_C_01,C,,,,,120.0,,,,,,,0,,,215.0,2524.0,1084.0,,,,,,,27.0,,,0,5634.0,,86.0,,,,,,,,796.0,,,,,,,
125.0,8.0,,,,,REGULAR_SEASON,,,,,,,,Sheridan Boone,,,,,,,,,,,,,,,7.0,,,,93.0,,,,148.0,,,,,,,,14.0,,,,,,,2317.0,14.79,,,,18.0,,SEA_EDGE_02,EDGE,,,,254.0,,,66.0,,,,,0,,,,,,179.0,,,,,47.0,,,,0,4076.0,92.0,,217.0,,,40.0,,,,895.0,,,,,,,
5.0,1.0,,,,,REGULAR_SEASON,,,,,,,,Jomari Ridgeway,,,,,,,,,,,,,,,0.0,,,,4.0,,,,5.0,,,,,,,,1.0,,,,,,,97.0,0.77,,,,1.0,,SEA_EDGE_04,EDGE,,,,10.0,,,5.0,,,,,1,,,,,,8.0,,,,,0.0,,,,0,171.0,3.0,,8.0,,,2.0,,,,15.0,,,,,,,
101.0,18.0,,,,,REGULAR_SEASON,,,,,,,,Willem Marchand,,,,,,,,,,,,,,,4.0,,,,76.0,,,,108.0,,,,,,,,19.0,,,,,,,1880.0,10.48,,,,19.0,,SEA_EDGE_01,EDGE,,,,174.0,,,52.0,,,,,0,,,,,,128.0,,,,,21.0,,,,0,3311.0,82.0,,183.0,,,24.0,,,,724.0,,,,,,,
27.0,3.0,,,,,REGULAR_SEASON,,,,,,,,Creed Satterfield,,,,,,,,,,,,,,,0.0,,,,17.0,,,,15.0,,,,,,,,5.0,,,,,,,412.0,1.86,,,,5.0,,SEA_EDGE_03,EDGE,,,,29.0,,,10.0,,,,,1,,,,,,21.0,,,,,5.0,,,,0,728.0,19.0,,46.0,,,6.0,,,,148.0,,,,,,,
161.0,10.0,,,,,REGULAR_SEASON,,,,,,,,Simeon Levasseur,,,,,,,,,,,,,,,13.0,,,,100.0,,,,127.0,,,,,,,,21.0,,,,,,,2115.0,15.03,,,,24.0,,SEA_DT_02,DT,,,,206.0,,,61.0,,,,,0,,,,,,187.0,,,,,20.0,,,,0,3734.0,137.0,,298.0,,,50.0,,,,897.0,,,,,,,
99.0,9.0,,,,,REGULAR_SEASON,,,,,,,,Clay Hickenbotham,,,,,,,,,,,,,,,4.0,,,,61.0,,,,81.0,,,,,,,,16.0,,,,,,,1288.0,9.27,,,,10.0,,SEA_DT_01,DT,,,,129.0,,,34.0,,,,,1,,,,,,115.0,,,,,18.0,,,,0,2271.0,81.0,,180.0,,,36.0,,,,560.0,,,,,,,
25.0,2.0,,,,,REGULAR_SEASON,,,,,,,,Orson Farrow,,,,,,,,,,,,,,,1.0,,,,12.0,,,,12.0,,,,,,,,6.0,,,,,,,251.0,1.44,,,,5.0,,SEA_DT_04,DT,,,,22.0,,,9.0,,,,,1,,,,,,11.0,,,,,1.0,,,,0,445.0,26.0,,51.0,,,6.0,,,,93.0,,,,,,,
,,,276.0,,,REGULAR_SEASON,,,,1727.0,,,,Darian Appleton,,,,,,,,,,,,,,,,24.0,,,49.0,,,,,,,,3.0,,,,25.0,,,,,,10.0,,,,,4133.5,13.0,,SEA_LB_01,LB,,,,29.0,,,,,119.0,,,1,,,,,,29.0,,,,,6.0,,,,0,2242.0,184.0,,290.0,205.0,12.0,35.0,,,,442.0,,,,,1477.0,,42.52
,,,609.0,,,REGULAR_SEASON,,,,3567.0,,,,Bruno Shreve,,,,,,,,,,,,,,,,79.0,,,101.0,,,,,,,,7.0,,,,43.0,,,,,,44.0,,,,,7974.6,24.0,,SEA_LB_02,LB,,,,68.0,,,,,198.0,,,0,,,,,,76.0,,,,,12.0,,,,0,4633.0,341.0,,541.0,345.0,21.0,83.0,,,,965.0,,,,,2311.0,,64.9
,,,491.0,,,REGULAR_SEASON,,,,2968.0,,,,Hank Hickenbotham,,,,,,,,,,,,,,,,48.0,,,84.0,,,,,,,,7.0,,,,50.0,,,,,,29.0,,,,,6368.6,31.0,,SEA_LB_04,LB,,,,48.0,,,,,194.0,,,1,,,,,,53.0,,,,,9.0,,,,0,3861.0,302.0,,473.0,356.0,11.0,71.0,,,,837.0,,,,,2308.0,,66.69
,,,,,,REGULAR_SEASON,,,,2368.0,,,,Sidney Cravens,,,,,,,,,,,,,,,,52.0,,,62.0,,,,,,,,14.0,,,,27.0,,,,,,28.0,,,,,4665.2,23.0,,SEA_CB_02,CB,,,,,,,,,135.0,,,1,,,,,,44.0,,,,,,,,,0,3069.0,156.0,,256.0,236.0,7.0,,,,,589.0,,,,,1647.0,,43.45
,,,,,,REGULAR_SEASON,,,,3458.0,,,,Antoine Benavides,,,,,,,,,,,,,,,,74.0,,,91.0,,,,,,,,3.0,,,,40.0,,,,,,42.0,,,,,7536.1,24.0,,SEA_CB_03,CB,,,,,,,,,205.0,,,0,,,,,,74.0,,,,,,,,,0,4483.0,218.0,,359.0,350.0,21.0,,,,,831.0,,,,,2243.0,,59.35
,,,,,,REGULAR_SEASON,,,,655.0,,,,Niles Greenlaw,,,,,,,,,,,,,,,,10.0,,,17.0,,,,,,,,1.0,,,,7.0,,,,,,5.0,,,,,1281.2,5.0,,SEA_CB_01,CB,,,,,,,,,37.0,,,1,,,,,,9.0,,,,,,,,,0,851.0,35.0,,62.0,69.0,4.0,,,,,148.0,,,,,407.0,,10.81
,,,,,,REGULAR_SEASON,,,,3038.0,,,,Langston Medearis,,,,,,,,,,,,,,,,42.0,,,80.0,,,,,,,,3.0,,,,28.0,,,,,,19.0,,,,,6927.7,14.0,,SEA_CB_04,CB,,,,,,,,,187.0,,,0,,,,,,61.0,,,,,,,,,0,3945.0,185.0,,309.0,308.0,13.0,,,,,760.0,,,,,2292.0,,61.22
,,,,,,REGULAR_SEASON,,,,2964.0,,,,Rowan Debose,,,,,,,,,,,,,,,,52.0,,,75.0,,,,,,,,1.0,,,,40.0,,,,,,26.0,,,,,6161.2,17.0,,SEA_S_02,S,,,,,,,,,163.0,,,1,,,,,,45.0,,,,,,,,,0,3840.0,194.0,,315.0,293.0,10.0,,,,,693.0,,,,,1893.0,,48.27
,,,,,,REGULAR_SEASON,,,,1244.0,,,,Riggs Benavides,,,,,,,,,,,,,,,,26.0,,,31.0,,,,,,,,1.0,,,,7.0,,,,,,12.0,,,,,2547.2,6.0,,SEA_S_01,S,,,,,,,,,57.0,,,1,,,,,,19.0,,,,,,,,,0,1613.0,61.0,,105.0,114.0,7.0,,,,,285.0,,,,,855.0,,21.49
,,,,,,REGULAR_SEASON,,,,515.0,,,,Orson Warrick,,,,,,,,,,,,,,,,5.0,,,13.0,,,,,,,,0.0,,,,3.0,,,,,,3.0,,,,,1041.9,5.0,,SEA_S_04,S,,,,,,,,,33.0,,,1,,,,,,7.0,,,,,,,,,0,667.0,31.0,,50.0,55.0,1.0,,,,,117.0,,,,,343.0,,8.56
,,,,,,REGULAR_SEASON,,,,,,,,Deshaun Wanogho,,,,143.0,28.0,39.0,34.0,38.0,125.0,22.0,34.0,30.0,34.0,,,,,,97.0,,11.0,,,,,,,400.0,,3483.0,,,,,,,,,,,,,,,SEA_K_01,K,,,,,,,,,,,,0,,,,,,,,,,,,,,,0,582.0,,,,,,,,250.0,,913.0,180.0,175.0,,,,,
,,,,,,REGULAR_SEASON,,,,,,,,Mikael Hathaway,,,,,,,,,,,,,,,,,,,98.0,17137.0,,,,,54.0,155.0,,,5193.0,,,,15585.0,,,,,,,,,,,,SEA_P_01,P,,,,,,366.0,,,,,,0,1552.0,,,,,,,,,,,,,,0,490.0,,,,,,,,19.0,,918.0,,,,,,,
,,328.0,,,2069.0,REGULAR_SEASON,2194.0,,,,318.0,133.0,,Sable Kilgore,,124.0,,,,,,,,,,,,1050.0,,,15.0,10.0,90.0,,,,,,,,34.0,,,,,,,3016.0,,,,,,213.0,24953.0,,,768.0,DEN_QB_01,QB,947.0,449.0,4062.0,,,,,,,,,0,,,,,,,346.0,,1282.0,883.0,,,133.0,203.0,0,5688.0,,90.0,,,,,159.0,,72.0,831.0,,,,,,,
,,,,59.0,,REGULAR_SEASON,,52.0,126.0,,,,76.0,Jaxon Egbuna,34.0,,39.0,,,,,,,,,,,236.0,,,2.0,,34.0,,,,,,,,,,,,,23.0,,,,198.0,,,,,,,,,DEN_RB_01,RB,,,,,19.0,,,475.0,,,5598.0,1,,337.0,,81.0,,,542.0,39.0,2277.0,,,,,,0,1004.0,,,,667.0,,,,,,299.0,,,2309.0,943.0,,1357.0,
,,,,13.0,,REGULAR_SEASON,,6.0,16.0,,,,10.0,Byron Ferrante,6.0,,9.0,,,,,,,,,,,33.0,,,0.0,,12.0,,,,,,,,,,,,,6.0,,,,63.0,,,,,,,,,DEN_RB_02,RB,,,,,4.0,,,79.0,,,943.0,1,,77.0,,18.0,,,88.0,,359.0,,,,,,0,237.0,,,,111.0,,,,,,96.0,,,380.0,172.0,,200.0,
,,,,45.0,,REGULAR_SEASON,,28.0,64.0,,,,49.0,Ashton Tenpenny,22.0,,10.0,,,,,,,,,,,93.0,,,5.0,,50.0,,,,,,,,,,,,,20.0,,,,279.0,,,,,,,,,DEN_RB_03,RB,,,,,20.0,,,225.0,,,2722.0,1,,285.0,,67.0,,,277.0,,1271.0,,,,,,0,892.0,,,,344.0,,,,,,435.0,,,1085.0,623.0,,662.0,
,,,,,,REGULAR_SEASON,,75.0,154.0,,,,142.0,Sutton Escalante,50.0,,,,,,,,,,,,,273.0,,,,,89.0,,,,,,,,,,,,,77.0,,,,,,,,,,,,,DEN_WR_01,WR,,,,,,,,619.0,,34.0,7252.0,0,,3271.0,,1119.0,,,,,,,,,,,0,3861.0,,,,1024.0,,,,,,845.0,,,3097.0,,,,
,,,,,,REGULAR_SEASON,,85.0,165.0,,,,107.0,Darnell Tavai,51.0,,,,,,,,,,,,,206.0,,,,,98.0,,,,,,,,,,,,,58.0,,,,,,,,,,,,,DEN_WR_02,WR,,,,,,,,497.0,,29.0,6249.0,0,,3580.0,,1220.0,,,,,,,,,,,0,4223.0,,,,895.0,,,,,,898.0,,,2614.0,,,,
,,,,,,REGULAR_SEASON,,18.0,63.0,,,,47.0,Bennie Shackleford,13.0,,,,,,,,,,,,,71.0,,,,,44.0,,,,,,,,,,,,,31.0,,,,,,,,,,,,,DEN_WR_03,WR,,,,,,,,179.0,,10.0,2165.0,1,,1621.0,,554.0,,,,,,,,,,,0,1911.0,,,,322.0,,,,,,379.0,,,879.0,,,,
,,,,,,REGULAR_SEASON,,9.0,18.0,,,,9.0,Judah Hawkes,7.0,,,,,,,,,,,,,17.0,,,,,28.0,,,,,,,,,,,,,13.0,,,,,,,,,,,,,DEN_WR_04,WR,,,,,,,,58.0,,5.0,821.0,1,,1023.0,,350.0,,,,,,,,,,,0,1207.0,,,,101.0,,,,,,220.0,,,332.0,,,,
,,,,,,REGULAR_SEASON,,49.0,86.0,,,,68.0,Palmer Horvath,30.0,,,,,,,,,,,,,118.0,,,,,95.0,,,,,,,,,,,,,75.0,,,,,,,,,,,,,DEN_TE_01,TE,,,,,,,,317.0,,,3963.0,0,,3236.0,,1106.0,,,,,,,,,,,0,3824.0,,,,558.0,,,,,,930.0,,,1614.0,,,,
,,,,,,REGULAR_SEASON,,15.0,24.0,,,,15.0,Earl Reinhold,7.0,,,,,,,,,,,,,25.0,,,,,33.0,,,,,,,,,,,,,18.0,,,,,,,,,,,,,DEN_TE_02,TE,,,,,,,,75.0,,,1057.0,1,,1112.0,,380.0,,,,,,,,,,,0,1315.0,,,,133.0,,,,,,289.0,,,440.0,,,,
,,,,,,REGULAR_SEASON,,,,,,,,Harrison Nakoa,,,,,,,,,,,,,,,,,,,96.0,,,19.0,,91.0,,,,,,,,,,,9044.1,3427.0,,,,,,,51.0,,DEN_OT_02,OT,,,,,134.0,,,,,,,0,,,217.0,2781.0,1235.0,,,,,,,26.0,,,0,6208.0,,96.0,,,,,,,,895.0,,,,,,,
,,,,,,REGULAR_SEASON,,,,,,,,Augustus Rutledge,,,,,,,,,,,,,,,,,,,20.0,,,7.0,,35.0,,,,,,,,,,,1839.6,727.0,,,,,,,14.0,,DEN_OT_01,OT,,,,,47.0,,,,,,,0,,,71.0,588.0,215.0,,,,,,,5.0,,,0,1315.0,,20.0,,,,,,,,176.0,,,,,,,
,,,,,,REGULAR_SEASON,,,,,,,,Stanton Deakins,,,,,,,,,,,,,,,,,,,83.0,,,30.0,,110.0,,,,,,,,,,,7808.4,3012.0,,,,,,,53.0,,DEN_OG_02,OG,,,,,149.0,,,,,,,0,,,217.0,2444.0,1002.0,,,,,,,12.0,,,0,5456.0,,83.0,,,,,,,,758.0,,,,,,,
,,,,,,REGULAR_SEASON,,,,,,,,Kendrick Durrant,,,,,,,,,,,,,,,,,,,83.0,,,34.0,,95.0,,,,,,,,,,,7666.7,3008.0,,,,,,,66.0,,DEN_OG_01,OG,,,,,158.0,,,,,,,0,,,220.0,2436.0,951.0,,,,,,,29.0,,,0,5444.0,,83.0,,,,,,,,772.0,,,,,,,
,,,,,,REGULAR_SEASON,,,,,,,,Jesse Latimore,,,,,,,,,,,,,,,,,,,23.0,,,5.0,,18.0,,,,,,,,,,,2183.6,852.0,,,,,,,13.0,,DEN_C_01,C,,,,,29.0,,,,,,,0,,,55.0,686.0,301.0,,,,,,,6.0,,,0,1538.0,,23.0,,,,,,,,207.0,,,,,,,
110.0,10.0,,,,,REGULAR_SEASON,,,,,,,,Mekhi Rademacher,,,,,,,,,,,,,,,3.0,,,,72.0,,,,120.0,,,,,,,,21.0,,,,,,,1776.0,11.76,,,,18.0,,DEN_EDGE_01,EDGE,,,,213.0,,,65.0,,,,,0,,,,,,156.0,,,,,35.0,,,,0,3120.0,83.0,,193.0,,,35.0,,,,699.0,,,,,,,
120.0,10.0,,,,,REGULAR_SEASON,,,,,,,,Dillon Prendergast,,,,,,,,,,,,,,,8.0,,,,83.0,,,,124.0,,,,,,,,21.0,,,,,,,2051.0,12.01,,,,19.0,,DEN_EDGE_02,EDGE,,,,203.0,,,49.0,,,,,1,,,,,,136.0,,,,,34.0,,,,0,3605.0,95.0,,215.0,,,44.0,,,,756.0,,,,,,,
99.0,9.0,,,,,REGULAR_SEASON,,,,,,,,Holden Sappington,,,,,,,,,,,,,,,7.0,,,,68.0,,,,95.0,,,,,,,,26.0,,,,,,,1689.0,8.07,,,,9.0,,DEN_EDGE_04,EDGE,,,,141.0,,,31.0,,,,,1,,,,,,94.0,,,,,16.0,,,,0,2974.0,77.0,,176.0,,,27.0,,,,639.0,,,,,,,
125.0,15.0,,,,,REGULAR_SEASON,,,,,,,,Jaxon Batiste,,,,,,,,,,,,,,,6.0,,,,78.0,,,,102.0,,,,,,,,26.0,,,,,,,1910.0,10.44,,,,20.0,,DEN_EDGE_03,EDGE,,,,169.0,,,50.0,,,,,0,,,,,,121.0,,,,,21.0,,,,0,3359.0,100.0,,225.0,,,32.0,,,,774.0,,,,,,,
143.0,10.0,,,,,REGULAR_SEASON,,,,,,,,Egan Sessoms,,,,,,,,,,,,,,,8.0,,,,98.0,,,,130.0,,,,,,,,10.0,,,,,,,2085.0,16.16,,,,17.0,,DEN_DT_02,DT,,,,238.0,,,65.0,,,,,0,,,,,,203.0,,,,,48.0,,,,0,3680.0,119.0,,262.0,,,46.0,,,,910.0,,,,,,,
138.0,17.0,,,,,REGULAR_SEASON,,,,,,,,Reginald Henderson,,,,,,,,,,,,,,,6.0,,,,95.0,,,,132.0,,,,,,,,20.0,,,,,,,2005.0,14.6,,,,15.0,,DEN_DT_01,DT,,,,208.0,,,59.0,,,,,0,,,,,,186.0,,,,,21.0,,,,0,3541.0,109.0,,247.0,,,52.0,,,,930.0,,,,,,,
58.0,7.0,,,,,REGULAR_SEASON,,,,,,,,Emerson Paddock,,,,,,,,,,,,,,,2.0,,,,41.0,,,,46.0,,,,,,,,13.0,,,,,,,855.0,5.84,,,,7.0,,DEN_DT_04,DT,,,,83.0,,,24.0,,,,,0,,,,,,66.0,,,,,15.0,,,,0,1514.0,42.0,,100.0,,,20.0,,,,419.0,,,,,,,
,,,174.0,,,REGULAR_SEASON,,,,1163.0,,,,Stanton Kowalski,,,,,,,,,,,,,,,,25.0,,,33.0,,,,,,,,4.0,,,,22.0,,,,,,17.0,,,,,2487.3,11.0,,DEN_LB_04,LB,,,,25.0,,,,,66.0,,,1,,,,,,23.0,,,,,8.0,,,,0,1514.0,103.0,,168.0,121.0,7.0,15.0,,,,293.0,,,,,868.0,,25.28
,,,95.0,,,REGULAR_SEASON,,,,558.0,,,,Saxon Quarterman,,,,,,,,,,,,,,,,14.0,,,16.0,,,,,,,,2.0,,,,5.0,,,,,,10.0,,,,,1233.3,3.0,,DEN_LB_01,LB,,,,16.0,,,,,35.0,,,1,,,,,,4.0,,,,,3.0,,,,0,726.0,46.0,,75.0,63.0,4.0,11.0,,,,137.0,,,,,325.0,,9.18
,,,366.0,,,REGULAR_SEASON,,,,2088.0,,,,Wilkes Ugwoegbu,,,,,,,,,,,,,,,,32.0,,,59.0,,,,,,,,4.0,,,,35.0,,,,,,18.0,,,,,4864.0,17.0,,DEN_LB_02,LB,,,,51.0,,,,,133.0,,,0,,,,,,35.0,,,,,6.0,,,,0,2712.0,218.0,,344.0,233.0,15.0,51.0,,,,569.0,,,,,1586.0,,45.18
,,,,,,REGULAR_SEASON,,,,3167.0,,,,Ryland Verrett,,,,,,,,,,,,,,,,86.0,,,83.0,,,,,,,,18.0,,,,31.0,,,,,,49.0,,,,,6014.1,14.0,,DEN_CB_01,CB,,,,,,,,,169.0,,,1,,,,,,67.0,,,,,,,,,0,4107.0,195.0,,328.0,285.0,8.0,,,,,782.0,,,,,2174.0,,56.36
,,,,,,REGULAR_SEASON,,,,1912.0,,,,Ansel Gostkowski,,,,,,,,,,,,,,,,49.0,,,50.0,,,,,,,,6.0,,,,23.0,,,,,,30.0,,,,,4114.9,6.0,,DEN_CB_02,CB,,,,,,,,,113.0,,,1,,,,,,38.0,,,,,,,,,0,2479.0,117.0,,193.0,194.0,14.0,,,,,436.0,,,,,1290.0,,34.11
,,,,,,REGULAR_SEASON,,,,3559.0,,,,Kasimir Milfort,,,,,,,,,,,,,,,,69.0,,,94.0,,,,,,,,16.0,,,,35.0,,,,,,48.0,,,,,7466.4,28.0,,DEN_CB_03,CB,,,,,,,,,201.0,,,1,,,,,,54.0,,,,,,,,,0,4616.0,228.0,,378.0,334.0,19.0,,,,,844.0,,,,,2344.0,,62.29
,,,,,,REGULAR_SEASON,,,,1928.0,,,,Chidi Sweatman,,,,,,,,,,,,,,,,32.0,,,51.0,,,,,,,,5.0,,,,29.0,,,,,,17.0,,,,,4639.0,16.0,,DEN_CB_04,CB,,,,,,,,,155.0,,,1,,,,,,34.0,,,,,,,,,0,2505.0,123.0,,200.0,231.0,18.0,,,,,457.0,,,,,1730.0,,45.84
,,,,,,REGULAR_SEASON,,,,630.0,,,,Osmond Saffold,,,,,,,,,,,,,,,,9.0,,,16.0,,,,,,,,1.0,,,,8.0,,,,,,4.0,,,,,1185.6,4.0,,DEN_S_01,S,,,,,,,,,34.0,,,1,,,,,,13.0,,,,,,,,,0,818.0,41.0,,68.0,65.0,5.0,,,,,144.0,,,,,397.0,,10.18
,,,,,,REGULAR_SEASON,,,,1112.0,,,,Darian Peebles,,,,,,,,,,,,,,,,18.0,,,28.0,,,,,,,,0.0,,,,11.0,,,,,,11.0,,,,,2355.0,8.0,,DEN_S_02,S,,,,,,,,,57.0,,,1,,,,,,15.0,,,,,,,,,0,1440.0,84.0,,136.0,94.0,3.0,,,,,251.0,,,,,575.0,,14.48
,,,,,,REGULAR_SEASON,,,,1368.0,,,,Aubrey Sherfield,,,,,,,,,,,,,,,,22.0,,,34.0,,,,,,,,1.0,,,,13.0,,,,,,11.0,,,,,2405.8,11.0,,DEN_S_03,S,,,,,,,,,62.0,,,1,,,,,,25.0,,,,,,,,,0,1772.0,82.0,,137.0,129.0,3.0,,,,,299.0,,,,,648.0,,16.16
,,,,,,REGULAR_SEASON,,,,,,,,Briggs Pinnock,,,,116.0,24.0,35.0,27.0,30.0,95.0,22.0,32.0,15.0,25.0,,,,,,90.0,,9.0,,,,,,,362.0,,2930.0,,,,,,,,,,,,,,,DEN_K_01,K,,,,,,,,,,,,0,,,,,,,,,,,,,,,0,540.0,,,,,,,,214.0,,778.0,170.0,163.0,,,,,
,,,,,,REGULAR_SEASON,,,,,,,,Yosef Shackleford,,,,,,,,,,,,,,,,,,,94.0,16024.0,,,,,30.0,123.0,,,5166.0,,,,14416.0,,,,,,,,,,,,DEN_P_01,P,,,,,,342.0,,,,,,0,1608.0,,,,,,,,,,,,,,0,470.0,,,,,,,,24.0,,874.0,,,,,,,
,,169.0,,,1066.0,REGULAR_SEASON,1074.0,,,,165.0,73.0,,Axel Horvath,,62.0,,,,,,,,,,,,511.0,,,4.0,2.0,47.0,,,,,,,,17.0,,,,,,,1554.0,,,,,,71.0,12120.0,,,364.0,KC_QB_01,QB,488.0,228.0,2183.0,,,,,,,,,0,,,,,,,161.0,,613.0,575.0,,,88.0,94.0,0,2954.0,,47.0,,,,,76.0,,21.0,378.0,,,,,,,
,,,,87.0,,REGULAR_SEASON,,106.0,197.0,,,,167.0,Hugo Thorogood,63.0,,86.0,,,,,,,,,,,401.0,,,7.0,,59.0,,,,,,,,,,,,,42.0,,,,333.0,,,,,,,,,KC_RB_01,RB,,,,,41.0,,,825.0,,,9119.0,1,,632.0,,165.0,,,1036.0,43.0,4555.0,,,,,,0,1887.0,,,,1270.0,,,,,,523.0,,,3717.0,2026.0,,2569.0,
,,,,81.0,,REGULAR_SEASON,,69.0,151.0,,,,114.0,Sidney Horvath,52.0,,48.0,,,,,,,,,,,282.0,,,4.0,,49.0,,,,,,,,,,,,,28.0,,,,248.0,,,,,,,,,KC_RB_02,RB,,,,,19.0,,,607.0,,,6966.0,1,,459.0,,118.0,,,726.0,19.0,3197.0,,,,,,0,1388.0,,,,897.0,,,,,,467.0,,,2952.0,1433.0,,1769.0,
,,,,128.0,,REGULAR_SEASON,,166.0,354.0,,,,323.0,Kelvin Rolle,118.0,,121.0,,,,,,,,,,,654.0,,,9.0,,100.0,,,,,,,,,,,,,58.0,,,,550.0,,,,,,,,,KC_RB_03,RB,,,,,44.0,,,1396.0,,,15584.0,0,,1013.0,,263.0,,,1690.0,38.0,7096.0,,,,,,0,3033.0,,,,2101.0,,,,,,904.0,,,6468.0,2901.0,,4254.0,
,,,,,,REGULAR_SEASON,,76.0,142.0,,,,144.0,Wallace Musgrave,39.0,,,,,,,,,,,,,227.0,,,,,85.0,,,,,,,,,,,,,75.0,,,,,,,,,,,,,KC_WR_03,WR,,,,,,,,504.0,,31.0,5873.0,1,,3139.0,,1073.0,,,,,,,,,,,0,3701.0,,,,924.0,,,,,,773.0,,,2453.0,,,,
,,,,,,REGULAR_SEASON,,5.0,19.0,,,,16.0,Barrett Boateng,3.0,,,,,,,,,,,,,19.0,,,,,17.0,,,,,,,,,,,,,15.0,,,,,,,,,,,,,KC_WR_02,WR,,,,,,,,55.0,,3.0,703.0,1,,613.0,,208.0,,,,,,,,,,,0,722.0,,,,98.0,,,,,,134.0,,,297.0,,,,
,,,,,,REGULAR_SEASON,,4.0,7.0,,,,7.0,Wallace Lowery,5.0,,,,,,,,,,,,,2.0,,,,,17.0,,,,,,,,,,,,,9.0,,,,,,,,,,,,,KC_WR_05,WR,,,,,,,,20.0,,,335.0,1,,622.0,,213.0,,,,,,,,,,,0,735.0,,,,42.0,,,,,,134.0,,,128.0,,,,
,,,,,,REGULAR_SEASON,,0.0,0.0,,,,0.0,Ezra Thibodeaux,0.0,,,,,,,,,,,,,0.0,,,,,2.0,,,,,,,,,,,,,0.0,,,,,,,,,,,,,KC_WR_04,WR,,,,,,,,2.0,,,36.0,1,,84.0,,28.0,,,,,,,,,,,0,98.0,,,,4.0,,,,,,3.0,,,18.0,,,,
,,,,,,REGULAR_SEASON,,33.0,66.0,,,,60.0,Marcell Arnett,9.0,,,,,,,,,,,,,71.0,,,,,73.0,,,,,,,,,,,,,50.0,,,,,,,,,,,,,KC_TE_01,TE,,,,,,,,207.0,,,2605.0,0,,2389.0,,812.0,,,,,,,,,,,0,2821.0,,,,388.0,,,,,,616.0,,,1046.0,,,,
,,,,,,REGULAR_SEASON,,15.0,40.0,,,,35.0,Wallace Sunderland,14.0,,,,,,,,,,,,,27.0,,,,,91.0,,,,,,,,,,,,,66.0,,,,,,,,,,,,,KC_TE_02,TE,,,,,,,,132.0,,,1851.0,0,,3058.0,,1042.0,,,,,,,,,,,0,3614.0,,,,262.0,,,,,,828.0,,,689.0,,,,
,,,,,,REGULAR_SEASON,,,,,,,,Abram Sullivan,,,,,,,,,,,,,,,,,,,64.0,,,16.0,,65.0,,,,,,,,,,,6022.5,2324.0,,,,,,,35.0,,KC_OT_01,OT,,,,,96.0,,,,,,,1,,,167.0,1885.0,834.0,,,,,,,16.0,,,0,4209.0,,64.0,,,,,,,,533.0,,,,,,,
,,,,,,REGULAR_SEASON,,,,,,,,Briggs Shepley,,,,,,,,,,,,,,,,,,,11.0,,,5.0,,20.0,,,,,,,,,,,1003.3,403.0,,,,,,,6.0,,KC_OT_02,OT,,,,,27.0,,,,,,,1,,,29.0,326.0,142.0,,,,,,,3.0,,,0,729.0,,11.0,,,,,,,,76.0,,,,,,,
,,,,,,REGULAR_SEASON,,,,,,,,Kelvin Sweatman,,,,,,,,,,,,,,,,,,,27.0,,,9.0,,29.0,,,,,,,,,,,2527.7,975.0,,,,,,,13.0,,KC_OG_01,OG,,,,,44.0,,,,,,,1,,,55.0,789.0,346.0,,,,,,,7.0,,,0,1764.0,,27.0,,,,,,,,225.0,,,,,,,
,,,,,,REGULAR_SEASON,,,,,,,,Randall Siemian,,,,,,,,,,,,,,,,,,,102.0,,,39.0,,110.0,,,,,,,,,,,9550.3,3713.0,,,,,,,60.0,,KC_OG_02,OG,,,,,174.0,,,,,,,0,,,256.0,3013.0,1271.0,,,,,,,26.0,,,0,6726.0,,102.0,,,,,,,,956.0,,,,,,,
,,,,,,REGULAR_SEASON,,,,,,,,Lamont Joplin,,,,,,,,,,,,,,,,,,,64.0,,,24.0,,73.0,,,,,,,,,,,5962.6,2284.0,,,,,,,35.0,,KC_C_01,C,,,,,113.0,,,,,,,0,,,163.0,1858.0,769.0,,,,,,,17.0,,,0,4142.0,,64.0,,,,,,,,558.0,,,,,,,
145.0,12.0,,,,,REGULAR_SEASON,,,,,,,,Elian Sanborn,,,,,,,,,,,,,,,9.0,,,,94.0,,,,116.0,,,,,,,,21.0,,,,,,,2306.0,14.42,,,,29.0,,KC_EDGE_01,EDGE,,,,220.0,,,61.0,,,,,0,,,,,,172.0,,,,,56.0,,,,0,4049.0,118.0,,263.0,,,48.0,,,,838.0,,,,,,,
24.0,4.0,,,,,REGULAR_SEASON,,,,,,,,Joaquin Dubois,,,,,,,,,,,,,,,0.0,,,,17.0,,,,20.0,,,,,,,,2.0,,,,,,,398.0,2.53,,,,4.0,,KC_EDGE_02,EDGE,,,,45.0,,,11.0,,,,,1,,,,,,31.0,,,,,18.0,,,,0,701.0,19.0,,43.0,,,5.0,,,,134.0,,,,,,,
161.0,19.0,,,,,REGULAR_SEASON,,,,,,,,Kalen Stepnoski,,,,,,,,,,,,,,,6.0,,,,101.0,,,,121.0,,,,,,,,27.0,,,,,,,2499.0,13.92,,,,23.0,,KC_EDGE_04,EDGE,,,,230.0,,,70.0,,,,,0,,,,,,169.0,,,,,45.0,,,,0,4394.0,137.0,,298.0,,,40.0,,,,945.0,,,,,,,
58.0,4.0,,,,,REGULAR_SEASON,,,,,,,,Phineas Wortham,,,,,,,,,,,,,,,5.0,,,,33.0,,,,50.0,,,,,,,,9.0,,,,,,,811.0,4.37,,,,11.0,,KC_EDGE_03,EDGE,,,,80.0,,,17.0,,,,,1,,,,,,54.0,,,,,13.0,,,,0,1426.0,48.0,,106.0,,,14.0,,,,277.0,,,,,,,
127.0,4.0,,,,,REGULAR_SEASON,,,,,,,,Merle Brinkley,,,,,,,,,,,,,,,5.0,,,,88.0,,,,120.0,,,,,,,,11.0,,,,,,,1847.0,14.4,,,,19.0,,KC_DT_02,DT,,,,198.0,,,54.0,,,,,0,,,,,,190.0,,,,,31.0,,,,0,3258.0,99.0,,226.0,,,43.0,,,,835.0,,,,,,,
74.0,7.0,,,,,REGULAR_SEASON,,,,,,,,Jaxton Comeaux,,,,,,,,,,,,,,,1.0,,,,51.0,,,,65.0,,,,,,,,9.0,,,,,,,1089.0,8.26,,,,5.0,,KC_DT_01,DT,,,,115.0,,,36.0,,,,,1,,,,,,102.0,,,,,17.0,,,,0,1925.0,52.0,,126.0,,,27.0,,,,435.0,,,,,,,
127.0,14.0,,,,,REGULAR_SEASON,,,,,,,,Rowan Rathman,,,,,,,,,,,,,,,10.0,,,,86.0,,,,101.0,,,,,,,,20.0,,,,,,,1840.0,12.89,,,,15.0,,KC_DT_03,DT,,,,172.0,,,48.0,,,,,0,,,,,,160.0,,,,,31.0,,,,0,3252.0,102.0,,229.0,,,36.0,,,,838.0,,,,,,,
,,,250.0,,,REGULAR_SEASON,,,,1656.0,,,,Luca Ballinger,,,,,,,,,,,,,,,,39.0,,,47.0,,,,,,,,3.0,,,,27.0,,,,,,24.0,,,,,3810.6,7.0,,KC_LB_02,LB,,,,28.0,,,,,102.0,,,1,,,,,,29.0,,,,,5.0,,,,0,2155.0,202.0,,313.0,170.0,6.0,50.0,,,,423.0,,,,,1225.0,,35.04
,,,112.0,,,REGULAR_SEASON,,,,560.0,,,,Shea Sullivan,,,,,,,,,,,,,,,,11.0,,,16.0,,,,,,,,1.0,,,,12.0,,,,,,4.0,,,,,1337.1,3.0,,KC_LB_03,LB,,,,20.0,,,,,36.0,,,1,,,,,,16.0,,,,,1.0,,,,0,729.0,53.0,,86.0,65.0,2.0,8.0,,,,130.0,,,,,468.0,,13.63
,,,197.0,,,REGULAR_SEASON,,,,1186.0,,,,Quincy Fraley,,,,,,,,,,,,,,,,21.0,,,34.0,,,,,,,,4.0,,,,25.0,,,,,,10.0,,,,,3070.5,11.0,,KC_LB_05,LB,,,,19.0,,,,,90.0,,,1,,,,,,16.0,,,,,3.0,,,,0,1541.0,119.0,,189.0,134.0,9.0,30.0,,,,269.0,,,,,1185.0,,33.65
,,,,,,REGULAR_SEASON,,,,3669.0,,,,Wolfgang Bascomb,,,,,,,,,,,,,,,,91.0,,,96.0,,,,,,,,18.0,,,,27.0,,,,,,63.0,,,,,7013.8,19.0,,KC_CB_02,CB,,,,,,,,,179.0,,,0,,,,,,64.0,,,,,,,,,0,4752.0,240.0,,389.0,306.0,9.0,,,,,898.0,,,,,2019.0,,53.12
,,,,,,REGULAR_SEASON,,,,2604.0,,,,Chevy Nailor,,,,,,,,,,,,,,,,48.0,,,68.0,,,,,,,,9.0,,,,20.0,,,,,,35.0,,,,,5050.6,17.0,,KC_CB_03,CB,,,,,,,,,119.0,,,1,,,,,,50.0,,,,,,,,,0,3381.0,162.0,,277.0,216.0,8.0,,,,,638.0,,,,,1474.0,,38.58
,,,,,,REGULAR_SEASON,,,,560.0,,,,Augustus Wisniewski,,,,,,,,,,,,,,,,12.0,,,15.0,,,,,,,,1.0,,,,4.0,,,,,,7.0,,,,,1288.4,2.0,,KC_CB_01,CB,,,,,,,,,32.0,,,1,,,,,,8.0,,,,,,,,,0,728.0,33.0,,60.0,45.0,1.0,,,,,107.0,,,,,328.0,,8.83
,,,,,,REGULAR_SEASON,,,,716.0,,,,Luka Sendejo,,,,,,,,,,,,,,,,14.0,,,19.0,,,,,,,,3.0,,,,8.0,,,,,,5.0,,,,,1664.0,3.0,,KC_CB_05,CB,,,,,,,,,54.0,,,1,,,,,,12.0,,,,,,,,,0,927.0,40.0,,67.0,75.0,4.0,,,,,199.0,,,,,611.0,,16.17
,,,,,,REGULAR_SEASON,,,,3685.0,,,,Anders Randle,,,,,,,,,,,,,,,,95.0,,,93.0,,,,,,,,3.0,,,,24.0,,,,,,65.0,,,,,7267.8,21.0,,KC_S_01,S,,,,,,,,,183.0,,,0,,,,,,74.0,,,,,,,,,0,4766.0,213.0,,358.0,320.0,9.0,,,,,883.0,,,,,2149.0,,54.31
,,,,,,REGULAR_SEASON,,,,3519.0,,,,Arlen Bracken,,,,,,,,,,,,,,,,67.0,,,89.0,,,,,,,,3.0,,,,36.0,,,,,,35.0,,,,,7195.8,22.0,,KC_S_02,S,,,,,,,,,199.0,,,0,,,,,,54.0,,,,,,,,,0,4566.0,215.0,,355.0,344.0,15.0,,,,,832.0,,,,,2295.0,,59.0
,,,,,,REGULAR_SEASON,,,,1609.0,,,,Holden Pflueger,,,,,,,,,,,,,,,,20.0,,,41.0,,,,,,,,0.0,,,,27.0,,,,,,10.0,,,,,4050.2,9.0,,KC_S_04,S,,,,,,,,,127.0,,,1,,,,,,30.0,,,,,,,,,0,2088.0,94.0,,155.0,182.0,8.0,,,,,355.0,,,,,1583.0,,40.06
,,,,,,REGULAR_SEASON,,,,,,,,Draven Verrett,,,,132.0,39.0,29.0,43.0,30.0,119.0,34.0,25.0,26.0,25.0,,,,,,102.0,,9.0,,,,,,,387.0,,3355.0,,,,,,,,,,,,,,,KC_K_01,K,,,,,,,,,,,,0,,,,,,,,,,,,,,,0,612.0,,,,,,,,236.0,,959.0,177.0,169.0,,,,,
,,,,,,REGULAR_SEASON,,,,,,,,Abram Stanfield,,,,,,,,,,,,,,,,,,,31.0,5406.0,,,,,19.0,44.0,,,1675.0,,,,4918.0,,,,,,,,,,,,KC_P_01,P,,,,,,115.0,,,,,,0,488.0,,,,,,,,,,,,,,0,155.0,,,,,,,,10.0,,275.0,,,,,,,
,,285.0,,,2279.0,REGULAR_SEASON,2288.0,,,,371.0,142.0,,Vito Haddad,,116.0,,,,,,,,,,,,1086.0,,,20.0,13.0,101.0,,,,,,,,63.0,,,,,,,3372.0,,,,,,174.0,25685.0,,,854.0,LAR_QB_01,QB,1093.0,486.0,4483.0,,,,,,,,,0,,,,,,,369.0,,1435.0,1339.0,,,201.0,224.0,0,6426.0,,101.0,,,,,166.0,,133.0,939.0,,,,,,,
,,,,38.0,,REGULAR_SEASON,,45.0,76.0,,,,68.0,Riggs Quinones,27.0,,31.0,,,,,,,,,,,157.0,,,2.0,,23.0,,,,,,,,,,,,,13.0,,,,125.0,,,,,,,,,LAR_RB_01,RB,,,,,16.0,,,313.0,,,3776.0,1,,232.0,,60.0,,,386.0,22.0,1619.0,,,,,,0,694.0,,,,484.0,,,,,,183.0,,,1525.0,714.0,,905.0,
,,,,42.0,,REGULAR_SEASON,,35.0,81.0,,,,64.0,Peyson Hasselby,30.0,,31.0,,,,,,,,,,,134.0,,,2.0,,41.0,,,,,,,,,,,,,20.0,,,,217.0,,,,,,,,,LAR_RB_03,RB,,,,,20.0,,,305.0,,,3548.0,1,,290.0,,69.0,,,370.0,17.0,1785.0,,,,,,0,886.0,,,,466.0,,,,,,371.0,,,1442.0,888.0,,897.0,
,,,,12.0,,REGULAR_SEASON,,4.0,15.0,,,,22.0,Dillon Rapp,8.0,,9.0,,,,,,,,,,,34.0,,,2.0,,17.0,,,,,,,,,,,,,9.0,,,,105.0,,,,,,,,,LAR_RB_02,RB,,,,,12.0,,,77.0,,,977.0,1,,105.0,,24.0,,,95.0,,403.0,,,,,,0,322.0,,,,124.0,,,,,,154.0,,,370.0,175.0,,228.0,
,,,,,,REGULAR_SEASON,,59.0,112.0,,,,89.0,Wesson Hartline,26.0,,,,,,,,,,,,,148.0,,,,,68.0,,,,,,,,,,,,,51.0,,,,,,,,,,,,,LAR_WR_02,WR,,,,,,,,349.0,,23.0,4240.0,1,,2555.0,,872.0,,,,,,,,,,,0,3011.0,,,,615.0,,,,,,649.0,,,1722.0,,,,
,,,,,,REGULAR_SEASON,,15.0,38.0,,,,35.0,Murphy Delacruz,11.0,,,,,,,,,,,,,40.0,,,,,34.0,,,,,,,,,,,,,12.0,,,,,,,,,,,,,LAR_WR_01,WR,,,,,,,,107.0,,6.0,1397.0,1,,1251.0,,427.0,,,,,,,,,,,0,1477.0,,,,196.0,,,,,,311.0,,,569.0,,,,
,,,,,,REGULAR_SEASON,,9.0,21.0,,,,18.0,Dexter Mixson,5.0,,,,,,,,,,,,,7.0,,,,,47.0,,,,,,,,,,,,,29.0,,,,,,,,,,,,,LAR_WR_06,WR,,,,,,,,59.0,,,950.0,0,,1747.0,,598.0,,,,,,,,,,,0,2059.0,,,,114.0,,,,,,442.0,,,371.0,,,,
,,,,,,REGULAR_SEASON,,0.0,1.0,,,,0.0,Quincy Tonyan,0.0,,,,,,,,,,,,,0.0,,,,,1.0,,,,,,,,,,,,,0.0,,,,,,,,,,,,,LAR_WR_04,WR,,,,,,,,1.0,,,14.0,1,,36.0,,12.0,,,,,,,,,,,0,42.0,,,,2.0,,,,,,1.0,,,3.0,,,,
,,,,,,REGULAR_SEASON,,6.0,15.0,,,,9.0,Crosby Kowalski,10.0,,,,,,,,,,,,,26.0,,,,,17.0,,,,,,,,,,,,,4.0,,,,,,,,,,,,,LAR_TE_01,TE,,,,,,,,64.0,,,794.0,1,,577.0,,197.0,,,,,,,,,,,0,681.0,,,,112.0,,,,,,154.0,,,329.0,,,,
,,,,,,REGULAR_SEASON,,23.0,46.0,,,,49.0,Alonzo Wamsley,16.0,,,,,,,,,,,,,70.0,,,,,73.0,,,,,,,,,,,,,46.0,,,,,,,,,,,,,LAR_TE_02,TE,,,,,,,,203.0,,,2626.0,1,,2428.0,,827.0,,,,,,,,,,,0,2869.0,,,,365.0,,,,,,715.0,,,1087.0,,,,
,,,,,,REGULAR_SEASON,,,,,,,,Herschel Hollins,,,,,,,,,,,,,,,,,,,93.0,,,27.0,,105.0,,,,,,,,,,,8678.9,3298.0,,,,,,,56.0,,LAR_OT_01,OT,,,,,155.0,,,,,,,0,,,228.0,2672.0,1086.0,,,,,,,26.0,,,0,5970.0,,93.0,,,,,,,,869.0,,,,,,,
,,,,,,REGULAR_SEASON,,,,,,,,Elian Bradshaw,,,,,,,,,,,,,,,,,,,55.0,,,37.0,,65.0,,,,,,,,,,,5064.2,1985.0,,,,,,,37.0,,LAR_OT_02,OT,,,,,116.0,,,,,,,1,,,155.0,1609.0,657.0,,,,,,,17.0,,,0,3594.0,,55.0,,,,,,,,510.0,,,,,,,
,,,,,,REGULAR_SEASON,,,,,,,,Derrick Sullivan,,,,,,,,,,,,,,,,,,,61.0,,,16.0,,68.0,,,,,,,,,,,5730.4,2196.0,,,,,,,24.0,,LAR_OG_01,OG,,,,,97.0,,,,,,,0,,,143.0,1785.0,767.0,,,,,,,15.0,,,0,3981.0,,61.0,,,,,,,,577.0,,,,,,,
,,,,,,REGULAR_SEASON,,,,,,,,Maurice Wyckoff,,,,,,,,,,,,,,,,,,,37.0,,,6.0,,51.0,,,,,,,,,,,3422.5,1320.0,,,,,,,8.0,,LAR_OG_02,OG,,,,,69.0,,,,,,,0,,,82.0,1067.0,451.0,,,,,,,12.0,,,0,2387.0,,37.0,,,,,,,,330.0,,,,,,,
,,,,,,REGULAR_SEASON,,,,,,,,Weston Fowler,,,,,,,,,,,,,,,,,,,99.0,,,28.0,,118.0,,,,,,,,,,,9218.1,3554.0,,,,,,,43.0,,LAR_C_01,C,,,,,172.0,,,,,,,0,,,211.0,2880.0,1318.0,,,,,,,29.0,,,0,6434.0,,99.0,,,,,,,,939.0,,,,,,,
144.0,9.0,,,,,REGULAR_SEASON,,,,,,,,Fabian Hockenson,,,,,,,,,,,,,,,7.0,,,,92.0,,,,111.0,,,,,,,,34.0,,,,,,,2277.0,14.73,,,,22.0,,LAR_EDGE_01,EDGE,,,,218.0,,,65.0,,,,,0,,,,,,177.0,,,,,54.0,,,,0,4002.0,121.0,,265.0,,,43.0,,,,877.0,,,,,,,
101.0,7.0,,,,,REGULAR_SEASON,,,,,,,,Madden Madubuike,,,,,,,,,,,,,,,6.0,,,,64.0,,,,112.0,,,,,,,,18.0,,,,,,,1602.0,9.06,,,,21.0,,LAR_EDGE_02,EDGE,,,,161.0,,,32.0,,,,,1,,,,,,116.0,,,,,19.0,,,,0,2816.0,80.0,,181.0,,,38.0,,,,604.0,,,,,,,
22.0,2.0,,,,,REGULAR_SEASON,,,,,,,,Easton Bumgarner,,,,,,,,,,,,,,,1.0,,,,13.0,,,,17.0,,,,,,,,4.0,,,,,,,311.0,1.71,,,,3.0,,LAR_EDGE_05,EDGE,,,,26.0,,,4.0,,,,,1,,,,,,25.0,,,,,6.0,,,,0,546.0,18.0,,40.0,,,5.0,,,,96.0,,,,,,,
30.0,3.0,,,,,REGULAR_SEASON,,,,,,,,Merle Kanell,,,,,,,,,,,,,,,1.0,,,,17.0,,,,18.0,,,,,,,,3.0,,,,,,,410.0,1.93,,,,2.0,,LAR_EDGE_04,EDGE,,,,30.0,,,5.0,,,,,1,,,,,,20.0,,,,,9.0,,,,0,723.0,25.0,,55.0,,,10.0,,,,154.0,,,,,,,
47.0,9.0,,,,,REGULAR_SEASON,,,,,,,,Kruz Crockett,,,,,,,,,,,,,,,0.0,,,,30.0,,,,37.0,,,,,,,,6.0,,,,,,,628.0,4.41,,,,9.0,,LAR_DT_01,DT,,,,61.0,,,15.0,,,,,1,,,,,,63.0,,,,,9.0,,,,0,1113.0,39.0,,86.0,,,18.0,,,,291.0,,,,,,,
89.0,6.0,,,,,REGULAR_SEASON,,,,,,,,Jaxton Hadley,,,,,,,,,,,,,,,5.0,,,,61.0,,,,67.0,,,,,,,,16.0,,,,,,,1308.0,8.59,,,,22.0,,LAR_DT_02,DT,,,,110.0,,,33.0,,,,,1,,,,,,128.0,,,,,15.0,,,,0,2304.0,78.0,,167.0,,,30.0,,,,581.0,,,,,,,
129.0,7.0,,,,,REGULAR_SEASON,,,,,,,,Kieran Zabransky,,,,,,,,,,,,,,,7.0,,,,93.0,,,,110.0,,,,,,,,31.0,,,,,,,1945.0,12.01,,,,30.0,,LAR_DT_05,DT,,,,172.0,,,48.0,,,,,0,,,,,,150.0,,,,,21.0,,,,0,3435.0,104.0,,233.0,,,43.0,,,,868.0,,,,,,,
,,,408.0,,,REGULAR_SEASON,,,,2523.0,,,,Omari Cornish,,,,,,,,,,,,,,,,40.0,,,71.0,,,,,,,,5.0,,,,38.0,,,,,,20.0,,,,,6419.4,14.0,,LAR_LB_01,LB,,,,41.0,,,,,175.0,,,1,,,,,,44.0,,,,,7.0,,,,0,3277.0,249.0,,396.0,273.0,13.0,50.0,,,,621.0,,,,,2121.0,,60.21
,,,99.0,,,REGULAR_SEASON,,,,588.0,,,,Leon Sanjuan,,,,,,,,,,,,,,,,14.0,,,17.0,,,,,,,,1.0,,,,16.0,,,,,,9.0,,,,,1313.6,3.0,,LAR_LB_02,LB,,,,9.0,,,,,37.0,,,1,,,,,,12.0,,,,,3.0,,,,0,766.0,61.0,,94.0,66.0,2.0,16.0,,,,154.0,,,,,355.0,,10.1
,,,556.0,,,REGULAR_SEASON,,,,3334.0,,,,Jamir Whitehurst,,,,,,,,,,,,,,,,65.0,,,94.0,,,,,,,,5.0,,,,48.0,,,,,,41.0,,,,,7792.1,25.0,,LAR_LB_04,LB,,,,66.0,,,,,210.0,,,0,,,,,,48.0,,,,,6.0,,,,0,4333.0,359.0,,557.0,365.0,17.0,72.0,,,,866.0,,,,,2495.0,,71.18
,,,,,,REGULAR_SEASON,,,,2603.0,,,,Royce Greaves,,,,,,,,,,,,,,,,54.0,,,68.0,,,,,,,,12.0,,,,17.0,,,,,,37.0,,,,,5214.4,15.0,,LAR_CB_02,CB,,,,,,,,,134.0,,,1,,,,,,42.0,,,,,,,,,0,3373.0,153.0,,254.0,232.0,17.0,,,,,638.0,,,,,1592.0,,42.34
,,,,,,REGULAR_SEASON,,,,3220.0,,,,Forrest Rapp,,,,,,,,,,,,,,,,78.0,,,85.0,,,,,,,,9.0,,,,24.0,,,,,,50.0,,,,,6288.3,22.0,,LAR_CB_01,CB,,,,,,,,,171.0,,,0,,,,,,49.0,,,,,,,,,0,4178.0,190.0,,329.0,308.0,6.0,,,,,819.0,,,,,2068.0,,54.65
,,,,,,REGULAR_SEASON,,,,931.0,,,,Zeb Dobbins,,,,,,,,,,,,,,,,12.0,,,24.0,,,,,,,,2.0,,,,10.0,,,,,,7.0,,,,,2014.9,4.0,,LAR_CB_03,CB,,,,,,,,,60.0,,,1,,,,,,13.0,,,,,,,,,0,1208.0,53.0,,90.0,91.0,3.0,,,,,212.0,,,,,632.0,,16.45
,,,,,,REGULAR_SEASON,,,,658.0,,,,Fritz Vaitai,,,,,,,,,,,,,,,,10.0,,,17.0,,,,,,,,0.0,,,,3.0,,,,,,4.0,,,,,1364.7,5.0,,LAR_CB_06,CB,,,,,,,,,40.0,,,1,,,,,,10.0,,,,,,,,,0,854.0,34.0,,58.0,70.0,2.0,,,,,154.0,,,,,448.0,,11.77
,,,,,,REGULAR_SEASON,,,,3556.0,,,,Kason Fahey,,,,,,,,,,,,,,,,58.0,,,89.0,,,,,,,,1.0,,,,33.0,,,,,,32.0,,,,,7695.5,33.0,,LAR_S_02,S,,,,,,,,,216.0,,,1,,,,,,49.0,,,,,,,,,0,4609.0,226.0,,374.0,357.0,17.0,,,,,837.0,,,,,2523.0,,63.58
,,,,,,REGULAR_SEASON,,,,2807.0,,,,Colton Benavides,,,,,,,,,,,,,,,,44.0,,,70.0,,,,,,,,0.0,,,,25.0,,,,,,24.0,,,,,6137.9,11.0,,LAR_S_04,S,,,,,,,,,164.0,,,1,,,,,,43.0,,,,,,,,,0,3644.0,163.0,,275.0,264.0,13.0,,,,,679.0,,,,,1851.0,,46.68
,,,,,,REGULAR_SEASON,,,,2182.0,,,,Raheem Sorrentino,,,,,,,,,,,,,,,,35.0,,,55.0,,,,,,,,0.0,,,,16.0,,,,,,17.0,,,,,4389.4,16.0,,LAR_S_01,S,,,,,,,,,124.0,,,1,,,,,,42.0,,,,,,,,,0,2832.0,130.0,,214.0,224.0,5.0,,,,,499.0,,,,,1420.0,,35.41
,,,,,,REGULAR_SEASON,,,,,,,,Odin Rombach,,,,137.0,36.0,23.0,38.0,41.0,128.0,28.0,22.0,26.0,32.0,,,,,,95.0,,10.0,,,,,,,384.0,,3520.0,,,,,,,,,,,,,,,LAR_K_01,K,,,,,,,,,,,,0,,,,,,,,,,,,,,,0,570.0,,,,,,,,229.0,,893.0,182.0,175.0,,,,,
,,,,,,REGULAR_SEASON,,,,,,,,Sherman Priestley,,,,,,,,,,,,,,,,,,,89.0,15676.0,,,,,45.0,117.0,,,4902.0,,,,14268.0,,,,,,,,,,,,LAR_P_01,P,,,,,,339.0,,,,,,0,1408.0,,,,,,,,,,,,,,0,445.0,,,,,,,,21.0,,878.0,,,,,,,
,,78.0,,,554.0,REGULAR_SEASON,512.0,,,,83.0,31.0,,Madden Hasselby,,38.0,,,,,,,,,,,,247.0,,,2.0,2.0,24.0,,,,,,,,11.0,,,,,,,789.0,,,,,,36.0,5946.0,,,202.0,MIN_QB_01,QB,235.0,102.0,1004.0,,,,,,,,,1,,,,,,,73.0,,293.0,285.0,,,42.0,39.0,0,1464.0,,24.0,,,,,44.0,,39.0,217.0,,,,,,,
,,,,15.0,,REGULAR_SEASON,,27.0,59.0,,,,51.0,Cato Kroll,13.0,,16.0,,,,,,,,,,,113.0,,,5.0,,17.0,,,,,,,,,,,,,5.0,,,,86.0,,,,,,,,,MIN_RB_01,RB,,,,,11.0,,,224.0,,,2589.0,1,,175.0,,44.0,,,284.0,10.0,1146.0,,,,,,0,522.0,,,,351.0,,,,,,157.0,,,1027.0,422.0,,724.0,
,,,,11.0,,REGULAR_SEASON,,8.0,22.0,,,,16.0,Rocco Ingold,4.0,,5.0,,,,,,,,,,,35.0,,,0.0,,14.0,,,,,,,,,,,,,5.0,,,,74.0,,,,,,,,,MIN_RB_03,RB,,,,,11.0,,,81.0,,,979.0,1,,104.0,,24.0,,,104.0,,443.0,,,,,,0,310.0,,,,127.0,,,,,,126.0,,,375.0,206.0,,238.0,
,,,,26.0,,REGULAR_SEASON,,5.0,16.0,,,,18.0,Asa Cavanaugh,4.0,,8.0,,,,,,,,,,,23.0,,,1.0,,28.0,,,,,,,,,,,,,10.0,,,,167.0,,,,,,,,,MIN_RB_02,RB,,,,,17.0,,,75.0,,,949.0,1,,135.0,,31.0,,,89.0,,415.0,,,,,,0,425.0,,,,118.0,,,,,,263.0,,,377.0,209.0,,206.0,
,,,,,,REGULAR_SEASON,,14.0,27.0,,,,23.0,Stryker Mobley,7.0,,,,,,,,,,,,,40.0,,,,,15.0,,,,,,,,,,,,,14.0,,,,,,,,,,,,,MIN_WR_01,WR,,,,,,,,89.0,,3.0,1024.0,1,,553.0,,188.0,,,,,,,,,,,0,653.0,,,,158.0,,,,,,146.0,,,396.0,,,,
,,,,,,REGULAR_SEASON,,82.0,168.0,,,,180.0,Blaze Bainbridge,60.0,,,,,,,,,,,,,269.0,,,,,102.0,,,,,,,,,,,,,75.0,,,,,,,,,,,,,MIN_WR_02,WR,,,,,,,,593.0,,32.0,6938.0,0,,3764.0,,1285.0,,,,,,,,,,,0,4441.0,,,,1063.0,,,,,,932.0,,,2850.0,,,,
,,,,,,REGULAR_SEASON,,18.0,33.0,,,,25.0,Wallace Kerrigan,16.0,,,,,,,,,,,,,32.0,,,,,37.0,,,,,,,,,,,,,18.0,,,,,,,,,,,,,MIN_WR_03,WR,,,,,,,,99.0,,6.0,1317.0,1,,1347.0,,461.0,,,,,,,,,,,0,1591.0,,,,181.0,,,,,,325.0,,,546.0,,,,
,,,,,,REGULAR_SEASON,,18.0,61.0,,,,49.0,Bryce Medearis,25.0,,,,,,,,,,,,,65.0,,,,,74.0,,,,,,,,,,,,,45.0,,,,,,,,,,,,,MIN_WR_04,WR,,,,,,,,197.0,,11.0,2699.0,0,,2733.0,,935.0,,,,,,,,,,,0,3227.0,,,,394.0,,,,,,674.0,,,1121.0,,,,
,,,,,,REGULAR_SEASON,,20.0,53.0,,,,39.0,Ohan Landry,18.0,,,,,,,,,,,,,55.0,,,,,56.0,,,,,,,,,,,,,27.0,,,,,,,,,,,,,MIN_TE_01,TE,,,,,,,,155.0,,1.0,2093.0,0,,1868.0,,641.0,,,,,,,,,,,0,2204.0,,,,297.0,,,,,,543.0,,,830.0,,,,
,,,,,,REGULAR_SEASON,,4.0,19.0,,,,16.0,Colton Kessler,10.0,,,,,,,,,,,,,4.0,,,,,51.0,,,,,,,,,,,,,15.0,,,,,,,,,,,,,MIN_TE_02,TE,,,,,,,,51.0,,,788.0,1,,1677.0,,568.0,,,,,,,,,,,0,1982.0,,,,107.0,,,,,,490.0,,,309.0,,,,
,,,,,,REGULAR_SEASON,,,,,,,,Keegan Vaitai,,,,,,,,,,,,,,,,,,,92.0,,,25.0,,69.0,,,,,,,,,,,8794.5,3313.0,,,,,,,52.0,,MIN_OT_01,OT,,,,,107.0,,,,,,,0,,,170.0,2696.0,1293.0,,,,,,,15.0,,,0,6009.0,,92.0,,,,,,,,885.0,,,,,,,
,,,,,,REGULAR_SEASON,,,,,,,,Raul Granderson,,,,,,,,,,,,,,,,,,,87.0,,,25.0,,62.0,,,,,,,,,,,8303.0,3141.0,,,,,,,40.0,,MIN_OT_02,OT,,,,,103.0,,,,,,,0,,,159.0,2551.0,1175.0,,,,,,,17.0,,,0,5692.0,,87.0,,,,,,,,802.0,,,,,,,
,,,,,,REGULAR_SEASON,,,,,,,,Yardley Fleener,,,,,,,,,,,,,,,,,,,65.0,,,32.0,,66.0,,,,,,,,,,,6023.0,2332.0,,,,,,,42.0,,MIN_OG_02,OG,,,,,117.0,,,,,,,0,,,184.0,1892.0,758.0,,,,,,,21.0,,,0,4224.0,,65.0,,,,,,,,586.0,,,,,,,
,,,,,,REGULAR_SEASON,,,,,,,,Wilkes Hartline,,,,,,,,,,,,,,,,,,,66.0,,,28.0,,74.0,,,,,,,,,,,6079.8,2356.0,,,,,,,29.0,,MIN_OG_04,OG,,,,,122.0,,,,,,,1,,,180.0,1910.0,807.0,,,,,,,25.0,,,0,4266.0,,66.0,,,,,,,,672.0,,,,,,,
,,,,,,REGULAR_SEASON,,,,,,,,Kobi Kanell,,,,,,,,,,,,,,,,,,,86.0,,,23.0,,76.0,,,,,,,,,,,8156.2,3107.0,,,,,,,37.0,,MIN_C_01,C,,,,,115.0,,,,,,,0,,,175.0,2523.0,1128.0,,,,,,,18.0,,,0,5630.0,,86.0,,,,,,,,752.0,,,,,,,
128.0,9.0,,,,,REGULAR_SEASON,,,,,,,,Norwood Carvalho,,,,,,,,,,,,,,,3.0,,,,82.0,,,,129.0,,,,,,,,7.0,,,,,,,2034.0,14.3,,,,19.0,,MIN_EDGE_02,EDGE,,,,245.0,,,72.0,,,,,0,,,,,,189.0,,,,,50.0,,,,0,3582.0,98.0,,226.0,,,47.0,,,,801.0,,,,,,,
47.0,3.0,,,,,REGULAR_SEASON,,,,,,,,Grayson Bedard,,,,,,,,,,,,,,,6.0,,,,31.0,,,,40.0,,,,,,,,10.0,,,,,,,756.0,3.93,,,,7.0,,MIN_EDGE_01,EDGE,,,,65.0,,,15.0,,,,,1,,,,,,38.0,,,,,13.0,,,,0,1334.0,34.0,,81.0,,,10.0,,,,269.0,,,,,,,
72.0,7.0,,,,,REGULAR_SEASON,,,,,,,,Deacon Wetherall,,,,,,,,,,,,,,,4.0,,,,51.0,,,,58.0,,,,,,,,15.0,,,,,,,1232.0,6.01,,,,12.0,,MIN_EDGE_03,EDGE,,,,91.0,,,28.0,,,,,1,,,,,,59.0,,,,,8.0,,,,0,2170.0,53.0,,125.0,,,22.0,,,,461.0,,,,,,,
23.0,2.0,,,,,REGULAR_SEASON,,,,,,,,Casen Hunnicutt,,,,,,,,,,,,,,,0.0,,,,16.0,,,,18.0,,,,,,,,7.0,,,,,,,396.0,1.73,,,,3.0,,MIN_EDGE_04,EDGE,,,,31.0,,,12.0,,,,,1,,,,,,16.0,,,,,1.0,,,,0,698.0,20.0,,43.0,,,2.0,,,,152.0,,,,,,,
140.0,11.0,,,,,REGULAR_SEASON,,,,,,,,Ruben Radcliffe,,,,,,,,,,,,,,,4.0,,,,93.0,,,,116.0,,,,,,,,25.0,,,,,,,1997.0,14.25,,,,19.0,,MIN_DT_01,DT,,,,212.0,,,61.0,,,,,0,,,,,,187.0,,,,,40.0,,,,0,3519.0,105.0,,245.0,,,42.0,,,,824.0,,,,,,,
138.0,16.0,,,,,REGULAR_SEASON,,,,,,,,Killian Rainsberger,,,,,,,,,,,,,,,5.0,,,,91.0,,,,123.0,,,,,,,,23.0,,,,,,,1930.0,14.28,,,,14.0,,MIN_DT_02,DT,,,,194.0,,,55.0,,,,,0,,,,,,170.0,,,,,18.0,,,,0,3404.0,111.0,,249.0,,,69.0,,,,826.0,,,,,,,
79.0,9.0,,,,,REGULAR_SEASON,,,,,,,,Rhys Selvie,,,,,,,,,,,,,,,4.0,,,,52.0,,,,57.0,,,,,,,,13.0,,,,,,,1132.0,6.92,,,,9.0,,MIN_DT_04,DT,,,,92.0,,,25.0,,,,,1,,,,,,73.0,,,,,14.0,,,,0,1993.0,60.0,,139.0,,,22.0,,,,473.0,,,,,,,
,,,308.0,,,REGULAR_SEASON,,,,1928.0,,,,Simeon Hepburn,,,,,,,,,,,,,,,,25.0,,,56.0,,,,,,,,5.0,,,,35.0,,,,,,15.0,,,,,5091.0,17.0,,MIN_LB_02,LB,,,,43.0,,,,,131.0,,,1,,,,,,38.0,,,,,6.0,,,,0,2510.0,211.0,,328.0,202.0,16.0,42.0,,,,528.0,,,,,1560.0,,45.77
,,,152.0,,,REGULAR_SEASON,,,,912.0,,,,Brogan Ludwig,,,,,,,,,,,,,,,,17.0,,,26.0,,,,,,,,4.0,,,,20.0,,,,,,9.0,,,,,2138.3,6.0,,MIN_LB_01,LB,,,,30.0,,,,,68.0,,,1,,,,,,18.0,,,,,9.0,,,,0,1186.0,94.0,,147.0,104.0,3.0,18.0,,,,237.0,,,,,774.0,,22.62
,,,504.0,,,REGULAR_SEASON,,,,3085.0,,,,Larkin Hemsley,,,,,,,,,,,,,,,,60.0,,,89.0,,,,,,,,5.0,,,,51.0,,,,,,39.0,,,,,7117.8,29.0,,MIN_LB_03,LB,,,,55.0,,,,,181.0,,,0,,,,,,66.0,,,,,11.0,,,,0,4009.0,319.0,,497.0,299.0,14.0,81.0,,,,838.0,,,,,2165.0,,63.43
,,,,,,REGULAR_SEASON,,,,2252.0,,,,Hutch Pilkington,,,,,,,,,,,,,,,,31.0,,,60.0,,,,,,,,8.0,,,,17.0,,,,,,21.0,,,,,4577.6,25.0,,MIN_CB_01,CB,,,,,,,,,122.0,,,1,,,,,,52.0,,,,,,,,,0,2922.0,123.0,,211.0,218.0,15.0,,,,,576.0,,,,,1291.0,,34.81
,,,,,,REGULAR_SEASON,,,,2583.0,,,,Paxton Thistlewood,,,,,,,,,,,,,,,,56.0,,,68.0,,,,,,,,11.0,,,,27.0,,,,,,34.0,,,,,5389.8,19.0,,MIN_CB_03,CB,,,,,,,,,151.0,,,0,,,,,,42.0,,,,,,,,,0,3354.0,167.0,,274.0,246.0,15.0,,,,,604.0,,,,,1629.0,,43.75
,,,,,,REGULAR_SEASON,,,,3039.0,,,,Hugo Oakman,,,,,,,,,,,,,,,,47.0,,,80.0,,,,,,,,9.0,,,,25.0,,,,,,24.0,,,,,6057.5,22.0,,MIN_CB_05,CB,,,,,,,,,192.0,,,1,,,,,,68.0,,,,,,,,,0,3940.0,178.0,,294.0,338.0,8.0,,,,,750.0,,,,,2280.0,,59.95
,,,,,,REGULAR_SEASON,,,,2510.0,,,,Tristan Randle,,,,,,,,,,,,,,,,40.0,,,66.0,,,,,,,,5.0,,,,28.0,,,,,,16.0,,,,,5400.0,17.0,,MIN_CB_04,CB,,,,,,,,,161.0,,,0,,,,,,49.0,,,,,,,,,0,3259.0,148.0,,254.0,274.0,10.0,,,,,616.0,,,,,1916.0,,50.29
,,,,,,REGULAR_SEASON,,,,687.0,,,,Ace Swearinger,,,,,,,,,,,,,,,,12.0,,,17.0,,,,,,,,3.0,,,,6.0,,,,,,6.0,,,,,1357.9,10.0,,MIN_S_02,S,,,,,,,,,33.0,,,1,,,,,,9.0,,,,,,,,,0,887.0,41.0,,69.0,57.0,4.0,,,,,157.0,,,,,410.0,,10.04
,,,,,,REGULAR_SEASON,,,,1462.0,,,,Ludwig Marlowe,,,,,,,,,,,,,,,,24.0,,,37.0,,,,,,,,1.0,,,,10.0,,,,,,14.0,,,,,2942.5,8.0,,MIN_S_01,S,,,,,,,,,80.0,,,1,,,,,,25.0,,,,,,,,,0,1899.0,73.0,,125.0,137.0,2.0,,,,,364.0,,,,,915.0,,23.22
,,,,,,REGULAR_SEASON,,,,691.0,,,,Emmett Avilés,,,,,,,,,,,,,,,,8.0,,,17.0,,,,,,,,1.0,,,,6.0,,,,,,5.0,,,,,1746.7,6.0,,MIN_S_03,S,,,,,,,,,55.0,,,1,,,,,,11.0,,,,,,,,,0,896.0,43.0,,70.0,75.0,4.0,,,,,157.0,,,,,656.0,,16.52
,,,,,,REGULAR_SEASON,,,,,,,,Jalen Dewitt,,,,123.0,29.0,26.0,27.0,36.0,97.0,23.0,22.0,20.0,34.0,,,,,,94.0,,10.0,,,,,,,372.0,,2796.0,,,,,,,,,,,,,,,MIN_K_01,K,,,,,,,,,,,,0,,,,,,,,,,,,,,,0,564.0,,,,,,,,221.0,,916.0,170.0,160.0,,,,,
,,,,,,REGULAR_SEASON,,,,,,,,Moses Dellinger,,,,,,,,,,,,,,,,,,,80.0,14069.0,,,,,51.0,131.0,,,4270.0,,,,12741.0,,,,,,,,,,,,MIN_P_01,P,,,,,,299.0,,,,,,0,1328.0,,,,,,,,,,,,,,0,400.0,,,,,,,,20.0,,737.0,,,,,,,
,,144.0,,,1479.0,REGULAR_SEASON,1450.0,,,,222.0,79.0,,Tavares Navarrete,,88.0,,,,,,,,,,,,683.0,,,9.0,4.0,65.0,,,,,,,,50.0,,,,,,,2140.0,,,,,,111.0,14668.0,,,507.0,ARI_QB_01,QB,661.0,280.0,2640.0,,,,,,,,,0,,,,,,,218.0,,864.0,1101.0,,,155.0,116.0,0,4205.0,,65.0,,,,,118.0,,102.0,589.0,,,,,,,
,,,,71.0,,REGULAR_SEASON,,53.0,156.0,,,,142.0,Ludwig Iyengar,53.0,,57.0,,,,,,,,,,,344.0,,,5.0,,48.0,,,,,,,,,,,,,17.0,,,,255.0,,,,,,,,,ARI_RB_01,RB,,,,,20.0,,,712.0,,,7355.0,1,,502.0,,129.0,,,851.0,15.0,3606.0,,,,,,0,1494.0,,,,1049.0,,,,,,479.0,,,2947.0,1635.0,,2069.0,
,,,,125.0,,REGULAR_SEASON,,99.0,230.0,,,,186.0,Prescott Markham,83.0,,88.0,,,,,,,,,,,456.0,,,10.0,,80.0,,,,,,,,,,,,,45.0,,,,473.0,,,,,,,,,ARI_RB_02,RB,,,,,40.0,,,949.0,,,11366.0,1,,714.0,,176.0,,,1124.0,39.0,4949.0,,,,,,0,2147.0,,,,1412.0,,,,,,699.0,,,4665.0,2304.0,,2664.0,
,,,,15.0,,REGULAR_SEASON,,10.0,26.0,,,,20.0,Jeremiah Brinkley,4.0,,9.0,,,,,,,,,,,28.0,,,0.0,,17.0,,,,,,,,,,,,,5.0,,,,85.0,,,,,,,,,ARI_RB_03,RB,,,,,6.0,,,74.0,,,853.0,1,,94.0,,21.0,,,96.0,,435.0,,,,,,0,296.0,,,,120.0,,,,,,151.0,,,342.0,210.0,,225.0,
,,,,,,REGULAR_SEASON,,55.0,126.0,,,,113.0,Orson Thistlewood,38.0,,,,,,,,,,,,,174.0,,,,,88.0,,,,,,,,,,,,,51.0,,,,,,,,,,,,,ARI_WR_03,WR,,,,,,,,415.0,,20.0,4924.0,0,,3245.0,,1106.0,,,,,,,,,,,0,3830.0,,,,751.0,,,,,,863.0,,,2012.0,,,,
,,,,,,REGULAR_SEASON,,36.0,78.0,,,,68.0,Terrell Halloran,27.0,,,,,,,,,,,,,92.0,,,,,83.0,,,,,,,,,,,,,49.0,,,,,,,,,,,,,ARI_WR_01,WR,,,,,,,,254.0,,16.0,3172.0,0,,3060.0,,1043.0,,,,,,,,,,,0,3605.0,,,,472.0,,,,,,770.0,,,1308.0,,,,
,,,,,,REGULAR_SEASON,,40.0,82.0,,,,72.0,Hendrix Kirkpatrick,37.0,,,,,,,,,,,,,107.0,,,,,78.0,,,,,,,,,,,,,37.0,,,,,,,,,,,,,ARI_WR_02,WR,,,,,,,,276.0,,24.0,3597.0,1,,2853.0,,970.0,,,,,,,,,,,0,3369.0,,,,491.0,,,,,,716.0,,,1450.0,,,,
,,,,,,REGULAR_SEASON,,16.0,48.0,,,,22.0,Enzo Danforth,19.0,,,,,,,,,,,,,32.0,,,,,48.0,,,,,,,,,,,,,16.0,,,,,,,,,,,,,ARI_WR_05,WR,,,,,,,,109.0,,5.0,1397.0,0,,1772.0,,605.0,,,,,,,,,,,0,2087.0,,,,206.0,,,,,,430.0,,,541.0,,,,
,,,,,,REGULAR_SEASON,,27.0,69.0,,,,51.0,Barrett Sutherland,23.0,,,,,,,,,,,,,71.0,,,,,66.0,,,,,,,,,,,,,47.0,,,,,,,,,,,,,ARI_TE_01,TE,,,,,,,,203.0,,,2500.0,1,,2198.0,,752.0,,,,,,,,,,,0,2600.0,,,,380.0,,,,,,619.0,,,978.0,,,,
,,,,,,REGULAR_SEASON,,4.0,9.0,,,,9.0,Knox Colavito,0.0,,,,,,,,,,,,,0.0,,,,,17.0,,,,,,,,,,,,,4.0,,,,,,,,,,,,,ARI_TE_02,TE,,,,,,,,13.0,,,217.0,1,,584.0,,200.0,,,,,,,,,,,0,690.0,,,,29.0,,,,,,151.0,,,81.0,,,,
,,,,,,REGULAR_SEASON,,,,,,,,Harvey Winovich,,,,,,,,,,,,,,,,,,,65.0,,,19.0,,65.0,,,,,,,,,,,6031.8,2344.0,,,,,,,37.0,,ARI_OT_01,OT,,,,,106.0,,,,,,,1,,,147.0,1900.0,847.0,,,,,,,25.0,,,0,4244.0,,65.0,,,,,,,,660.0,,,,,,,
,,,,,,REGULAR_SEASON,,,,,,,,Colby Philbeck,,,,,,,,,,,,,,,,,,,5.0,,,1.0,,5.0,,,,,,,,,,,454.5,183.0,,,,,,,3.0,,ARI_OT_04,OT,,,,,9.0,,,,,,,1,,,15.0,150.0,57.0,,,,,,,3.0,,,0,333.0,,5.0,,,,,,,,16.0,,,,,,,
,,,,,,REGULAR_SEASON,,,,,,,,Emmett Philbeck,,,,,,,,,,,,,,,,,,,93.0,,,24.0,,68.0,,,,,,,,,,,8745.9,3348.0,,,,,,,45.0,,ARI_OG_02,OG,,,,,119.0,,,,,,,0,,,215.0,2711.0,1144.0,,,,,,,32.0,,,0,6059.0,,93.0,,,,,,,,942.0,,,,,,,
,,,,,,REGULAR_SEASON,,,,,,,,Ezra Beecham,,,,,,,,,,,,,,,,,,,89.0,,,23.0,,96.0,,,,,,,,,,,8358.5,3205.0,,,,,,,52.0,,ARI_OG_01,OG,,,,,138.0,,,,,,,0,,,231.0,2602.0,1046.0,,,,,,,22.0,,,0,5807.0,,89.0,,,,,,,,809.0,,,,,,,
,,,,,,REGULAR_SEASON,,,,,,,,Sawyer Robicheaux,,,,,,,,,,,,,,,,,,,89.0,,,33.0,,80.0,,,,,,,,,,,8301.7,3238.0,,,,,,,46.0,,ARI_C_01,C,,,,,140.0,,,,,,,0,,,201.0,2623.0,1130.0,,,,,,,31.0,,,0,5861.0,,89.0,,,,,,,,886.0,,,,,,,
148.0,13.0,,,,,REGULAR_SEASON,,,,,,,,Dax Holbrook,,,,,,,,,,,,,,,6.0,,,,98.0,,,,144.0,,,,,,,,22.0,,,,,,,2418.0,15.0,,,,13.0,,ARI_EDGE_02,EDGE,,,,256.0,,,68.0,,,,,0,,,,,,194.0,,,,,51.0,,,,0,4262.0,117.0,,265.0,,,42.0,,,,902.0,,,,,,,
95.0,5.0,,,,,REGULAR_SEASON,,,,,,,,Porter Poteat,,,,,,,,,,,,,,,4.0,,,,62.0,,,,76.0,,,,,,,,20.0,,,,,,,1528.0,8.37,,,,10.0,,ARI_EDGE_01,EDGE,,,,135.0,,,43.0,,,,,1,,,,,,97.0,,,,,21.0,,,,0,2686.0,77.0,,172.0,,,24.0,,,,614.0,,,,,,,
71.0,11.0,,,,,REGULAR_SEASON,,,,,,,,Mordecai Desormeaux,,,,,,,,,,,,,,,2.0,,,,45.0,,,,73.0,,,,,,,,12.0,,,,,,,1101.0,6.65,,,,11.0,,ARI_EDGE_03,EDGE,,,,109.0,,,25.0,,,,,1,,,,,,94.0,,,,,13.0,,,,0,1936.0,60.0,,131.0,,,34.0,,,,469.0,,,,,,,
53.0,6.0,,,,,REGULAR_SEASON,,,,,,,,Thaddeus Burrage,,,,,,,,,,,,,,,1.0,,,,31.0,,,,35.0,,,,,,,,10.0,,,,,,,769.0,3.71,,,,9.0,,ARI_EDGE_04,EDGE,,,,55.0,,,16.0,,,,,1,,,,,,40.0,,,,,5.0,,,,0,1355.0,40.0,,93.0,,,15.0,,,,305.0,,,,,,,
143.0,4.0,,,,,REGULAR_SEASON,,,,,,,,Lowell Colavito,,,,,,,,,,,,,,,8.0,,,,95.0,,,,109.0,,,,,,,,24.0,,,,,,,2063.0,13.41,,,,16.0,,ARI_DT_01,DT,,,,176.0,,,50.0,,,,,0,,,,,,132.0,,,,,21.0,,,,0,3630.0,106.0,,249.0,,,54.0,,,,922.0,,,,,,,
124.0,15.0,,,,,REGULAR_SEASON,,,,,,,,Jaxon Bustamante,,,,,,,,,,,,,,,4.0,,,,88.0,,,,111.0,,,,,,,,22.0,,,,,,,1863.0,13.09,,,,17.0,,ARI_DT_04,DT,,,,177.0,,,50.0,,,,,0,,,,,,163.0,,,,,18.0,,,,0,3291.0,94.0,,218.0,,,44.0,,,,845.0,,,,,,,
93.0,12.0,,,,,REGULAR_SEASON,,,,,,,,Bruno Siemian,,,,,,,,,,,,,,,4.0,,,,59.0,,,,51.0,,,,,,,,15.0,,,,,,,1277.0,7.63,,,,11.0,,ARI_DT_02,DT,,,,98.0,,,37.0,,,,,0,,,,,,89.0,,,,,11.0,,,,0,2255.0,64.0,,157.0,,,21.0,,,,544.0,,,,,,,
,,,281.0,,,REGULAR_SEASON,,,,1721.0,,,,Wendell Camarillo,,,,,,,,,,,,,,,,20.0,,,48.0,,,,,,,,5.0,,,,21.0,,,,,,15.0,,,,,4161.4,17.0,,ARI_LB_01,LB,,,,21.0,,,,,142.0,,,1,,,,,,27.0,,,,,5.0,,,,0,2237.0,160.0,,254.0,216.0,8.0,25.0,,,,476.0,,,,,1557.0,,43.48
,,,117.0,,,REGULAR_SEASON,,,,624.0,,,,Bennie Spillane,,,,,,,,,,,,,,,,7.0,,,18.0,,,,,,,,0.0,,,,25.0,,,,,,3.0,,,,,1776.4,6.0,,ARI_LB_03,LB,,,,11.0,,,,,53.0,,,1,,,,,,15.0,,,,,0.0,,,,0,810.0,68.0,,105.0,83.0,7.0,8.0,,,,152.0,,,,,646.0,,18.69
,,,133.0,,,REGULAR_SEASON,,,,837.0,,,,Judah Reinhold,,,,,,,,,,,,,,,,9.0,,,24.0,,,,,,,,0.0,,,,16.0,,,,,,2.0,,,,,2183.7,3.0,,ARI_LB_05,LB,,,,9.0,,,,,68.0,,,1,,,,,,18.0,,,,,0.0,,,,0,1088.0,89.0,,139.0,99.0,3.0,21.0,,,,220.0,,,,,758.0,,22.09
,,,,,,REGULAR_SEASON,,,,472.0,,,,Sawyer Fanning,,,,,,,,,,,,,,,,11.0,,,12.0,,,,,,,,1.0,,,,4.0,,,,,,5.0,,,,,1015.4,4.0,,ARI_CB_01,CB,,,,,,,,,36.0,,,1,,,,,,11.0,,,,,,,,,0,612.0,25.0,,44.0,56.0,3.0,,,,,88.0,,,,,365.0,,9.43
,,,,,,REGULAR_SEASON,,,,3232.0,,,,Raul Stinnie,,,,,,,,,,,,,,,,47.0,,,84.0,,,,,,,,8.0,,,,46.0,,,,,,25.0,,,,,6782.8,31.0,,ARI_CB_04,CB,,,,,,,,,202.0,,,0,,,,,,51.0,,,,,,,,,0,4192.0,212.0,,357.0,338.0,12.0,,,,,810.0,,,,,2280.0,,59.16
,,,,,,REGULAR_SEASON,,,,656.0,,,,Keegan Alcott,,,,,,,,,,,,,,,,8.0,,,17.0,,,,,,,,1.0,,,,5.0,,,,,,4.0,,,,,1438.1,9.0,,ARI_CB_02,CB,,,,,,,,,52.0,,,1,,,,,,7.0,,,,,,,,,0,850.0,45.0,,74.0,76.0,0.0,,,,,151.0,,,,,576.0,,14.93
,,,,,,REGULAR_SEASON,,,,834.0,,,,Sheridan Latimore,,,,,,,,,,,,,,,,13.0,,,22.0,,,,,,,,0.0,,,,9.0,,,,,,8.0,,,,,1837.6,9.0,,ARI_CB_06,CB,,,,,,,,,47.0,,,1,,,,,,12.0,,,,,,,,,0,1082.0,46.0,,78.0,82.0,7.0,,,,,184.0,,,,,513.0,,13.89
,,,,,,REGULAR_SEASON,,,,3860.0,,,,Kaiden Perryman,,,,,,,,,,,,,,,,74.0,,,99.0,,,,,,,,6.0,,,,37.0,,,,,,41.0,,,,,8324.0,39.0,,ARI_S_01,S,,,,,,,,,216.0,,,0,,,,,,77.0,,,,,,,,,0,5004.0,217.0,,369.0,360.0,21.0,,,,,981.0,,,,,2561.0,,65.95
,,,,,,REGULAR_SEASON,,,,3284.0,,,,Tristan Sokolowski,,,,,,,,,,,,,,,,51.0,,,83.0,,,,,,,,2.0,,,,32.0,,,,,,33.0,,,,,7216.7,22.0,,ARI_S_02,S,,,,,,,,,202.0,,,1,,,,,,58.0,,,,,,,,,0,4262.0,176.0,,298.0,333.0,16.0,,,,,741.0,,,,,2486.0,,62.83
,,,,,,REGULAR_SEASON,,,,1990.0,,,,Travon Torrence,,,,,,,,,,,,,,,,28.0,,,50.0,,,,,,,,1.0,,,,26.0,,,,,,11.0,,,,,4262.4,13.0,,ARI_S_04,S,,,,,,,,,147.0,,,1,,,,,,28.0,,,,,,,,,0,2576.0,124.0,,206.0,245.0,12.0,,,,,474.0,,,,,1529.0,,38.47
,,,,,,REGULAR_SEASON,,,,,,,,Lennox Gallardo,,,,112.0,22.0,20.0,21.0,29.0,93.0,18.0,18.0,18.0,26.0,,,,,,86.0,,5.0,,,,,,,332.0,,2749.0,,,,,,,,,,,,,,,ARI_K_01,K,,,,,,,,,,,,0,,,,,,,,,,,,,,,0,516.0,,,,,,,,192.0,,864.0,160.0,150.0,,,,,
,,,,,,REGULAR_SEASON,,,,,,,,Randall Broadwater,,,,,,,,,,,,,,,,,,,34.0,5552.0,,,,,17.0,49.0,,,1798.0,,,,4992.0,,,,,,,,,,,,ARI_P_01,P,,,,,,123.0,,,,,,0,560.0,,,,,,,,,,,,,,0,170.0,,,,,,,,7.0,,315.0,,,,,,,
,,94.0,,,1095.0,REGULAR_SEASON,1043.0,,,,182.0,68.0,,Nolan Marchand,,81.0,,,,,,,,,,,,495.0,,,7.0,4.0,49.0,,,,,,,,48.0,,,,,,,1623.0,,,,,,50.0,11127.0,,,401.0,LAC_QB_01,QB,528.0,237.0,2215.0,,,,,,,,,1,,,,,,,197.0,,887.0,926.0,,,136.0,117.0,0,3110.0,,49.0,,,,,87.0,,110.0,413.0,,,,,,,
,,,,72.0,,REGULAR_SEASON,,88.0,192.0,,,,129.0,Gunner Calderón,53.0,,70.0,,,,,,,,,,,318.0,,,4.0,,51.0,,,,,,,,,,,,,20.0,,,,248.0,,,,,,,,,LAC_RB_01,RB,,,,,21.0,,,690.0,,,7670.0,1,,527.0,,133.0,,,874.0,25.0,3608.0,,,,,,0,1574.0,,,,1048.0,,,,,,483.0,,,2834.0,1384.0,,2273.0,
,,,,57.0,,REGULAR_SEASON,,75.0,202.0,,,,146.0,Ridge Casillas,72.0,,74.0,,,,,,,,,,,331.0,,,8.0,,49.0,,,,,,,,,,,,,21.0,,,,261.0,,,,,,,,,LAC_RB_02,RB,,,,,22.0,,,685.0,,,7513.0,1,,537.0,,140.0,,,904.0,12.0,4068.0,,,,,,0,1598.0,,,,1096.0,,,,,,454.0,,,3367.0,1936.0,,2149.0,
,,,,13.0,,REGULAR_SEASON,,5.0,11.0,,,,7.0,Fabian Greaves,2.0,,1.0,,,,,,,,,,,8.0,,,0.0,,14.0,,,,,,,,,,,,,6.0,,,,60.0,,,,,,,,,LAC_RB_03,RB,,,,,4.0,,,29.0,,,430.0,1,,78.0,,16.0,,,46.0,,207.0,,,,,,0,244.0,,,,58.0,,,,,,141.0,,,191.0,97.0,,114.0,
,,,,,,REGULAR_SEASON,,61.0,125.0,,,,107.0,Gerard Panganiban,38.0,,,,,,,,,,,,,163.0,,,,,75.0,,,,,,,,,,,,,42.0,,,,,,,,,,,,,LAC_WR_01,WR,,,,,,,,396.0,,22.0,4892.0,0,,2719.0,,929.0,,,,,,,,,,,0,3211.0,,,,737.0,,,,,,700.0,,,1946.0,,,,
,,,,,,REGULAR_SEASON,,28.0,48.0,,,,53.0,Vince Petitgout,15.0,,,,,,,,,,,,,71.0,,,,,34.0,,,,,,,,,,,,,25.0,,,,,,,,,,,,,LAC_WR_02,WR,,,,,,,,160.0,,10.0,1921.0,1,,1276.0,,435.0,,,,,,,,,,,0,1507.0,,,,327.0,,,,,,315.0,,,820.0,,,,
,,,,,,REGULAR_SEASON,,20.0,46.0,,,,28.0,Eli Calloway,9.0,,,,,,,,,,,,,42.0,,,,,63.0,,,,,,,,,,,,,46.0,,,,,,,,,,,,,LAC_WR_03,WR,,,,,,,,137.0,,4.0,1814.0,1,,2327.0,,795.0,,,,,,,,,,,0,2743.0,,,,274.0,,,,,,619.0,,,734.0,,,,
,,,,,,REGULAR_SEASON,,7.0,13.0,,,,5.0,Lance Lambright,5.0,,,,,,,,,,,,,1.0,,,,,29.0,,,,,,,,,,,,,10.0,,,,,,,,,,,,,LAC_WR_05,WR,,,,,,,,29.0,,,444.0,1,,1044.0,,358.0,,,,,,,,,,,0,1232.0,,,,67.0,,,,,,261.0,,,184.0,,,,
,,,,,,REGULAR_SEASON,,40.0,85.0,,,,67.0,Moses Puglisi,26.0,,,,,,,,,,,,,110.0,,,,,85.0,,,,,,,,,,,,,47.0,,,,,,,,,,,,,LAC_TE_01,TE,,,,,,,,284.0,,,3525.0,0,,2828.0,,967.0,,,,,,,,,,,0,3340.0,,,,514.0,,,,,,835.0,,,1523.0,,,,
,,,,,,REGULAR_SEASON,,25.0,46.0,,,,45.0,Basil Shipley,10.0,,,,,,,,,,,,,46.0,,,,,77.0,,,,,,,,,,,,,46.0,,,,,,,,,,,,,LAC_TE_02,TE,,,,,,,,153.0,,,1927.0,0,,2589.0,,885.0,,,,,,,,,,,0,3060.0,,,,296.0,,,,,,677.0,,,733.0,,,,
,,,,,,REGULAR_SEASON,,,,,,,,Arlo Gainer,,,,,,,,,,,,,,,,,,,12.0,,,8.0,,10.0,,,,,,,,,,,1122.4,428.0,,,,,,,3.0,,LAC_OT_02,OT,,,,,20.0,,,,,,,1,,,30.0,347.0,140.0,,,,,,,3.0,,,0,775.0,,12.0,,,,,,,,133.0,,,,,,,
,,,,,,REGULAR_SEASON,,,,,,,,Malik Tranquill,,,,,,,,,,,,,,,,,,,22.0,,,4.0,,15.0,,,,,,,,,,,2060.3,788.0,,,,,,,8.0,,LAC_OT_04,OT,,,,,27.0,,,,,,,1,,,49.0,642.0,268.0,,,,,,,9.0,,,0,1430.0,,22.0,,,,,,,,201.0,,,,,,,
,,,,,,REGULAR_SEASON,,,,,,,,Lonnie McLendon,,,,,,,,,,,,,,,,,,,60.0,,,23.0,,80.0,,,,,,,,,,,5460.9,2170.0,,,,,,,38.0,,LAC_OG_01,OG,,,,,129.0,,,,,,,0,,,173.0,1758.0,704.0,,,,,,,26.0,,,0,3928.0,,60.0,,,,,,,,570.0,,,,,,,
,,,,,,REGULAR_SEASON,,,,,,,,Tillman Zamora,,,,,,,,,,,,,,,,,,,58.0,,,28.0,,82.0,,,,,,,,,,,5247.0,2090.0,,,,,,,38.0,,LAC_OG_03,OG,,,,,134.0,,,,,,,0,,,176.0,1698.0,642.0,,,,,,,26.0,,,0,3788.0,,58.0,,,,,,,,520.0,,,,,,,
,,,,,,REGULAR_SEASON,,,,,,,,Vince Littlejohn,,,,,,,,,,,,,,,,,,,1.0,,,0.0,,0.0,,,,,,,,,,,90.0,35.0,,,,,,,0.0,,LAC_C_02,C,,,,,1.0,,,,,,,1,,,3.0,28.0,10.0,,,,,,,1.0,,,0,63.0,,1.0,,,,,,,,1.0,,,,,,,
20.0,0.0,,,,,REGULAR_SEASON,,,,,,,,Izaiah Dellinger,,,,,,,,,,,,,,,2.0,,,,13.0,,,,6.0,,,,,,,,2.0,,,,,,,313.0,1.23,,,,4.0,,LAC_EDGE_02,EDGE,,,,15.0,,,6.0,,,,,1,,,,,,12.0,,,,,4.0,,,,0,550.0,15.0,,35.0,,,5.0,,,,105.0,,,,,,,
60.0,10.0,,,,,REGULAR_SEASON,,,,,,,,Lars Marinelli,,,,,,,,,,,,,,,1.0,,,,37.0,,,,36.0,,,,,,,,12.0,,,,,,,915.0,4.52,,,,4.0,,LAC_EDGE_03,EDGE,,,,68.0,,,22.0,,,,,1,,,,,,40.0,,,,,14.0,,,,0,1614.0,55.0,,115.0,,,14.0,,,,370.0,,,,,,,
23.0,4.0,,,,,REGULAR_SEASON,,,,,,,,Mikael Tyree,,,,,,,,,,,,,,,1.0,,,,17.0,,,,22.0,,,,,,,,7.0,,,,,,,410.0,2.38,,,,3.0,,LAC_EDGE_04,EDGE,,,,37.0,,,13.0,,,,,1,,,,,,29.0,,,,,2.0,,,,0,722.0,16.0,,39.0,,,6.0,,,,162.0,,,,,,,
11.0,0.0,,,,,REGULAR_SEASON,,,,,,,,Ulysses McGlinchey,,,,,,,,,,,,,,,0.0,,,,9.0,,,,13.0,,,,,,,,0.0,,,,,,,223.0,1.15,,,,1.0,,LAC_EDGE_05,EDGE,,,,19.0,,,3.0,,,,,1,,,,,,13.0,,,,,3.0,,,,0,396.0,6.0,,17.0,,,3.0,,,,77.0,,,,,,,
113.0,14.0,,,,,REGULAR_SEASON,,,,,,,,Hudson Kilgore,,,,,,,,,,,,,,,7.0,,,,77.0,,,,84.0,,,,,,,,16.0,,,,,,,1624.0,10.62,,,,17.0,,LAC_DT_02,DT,,,,132.0,,,39.0,,,,,1,,,,,,126.0,,,,,13.0,,,,0,2864.0,90.0,,203.0,,,23.0,,,,779.0,,,,,,,
18.0,1.0,,,,,REGULAR_SEASON,,,,,,,,Patton Middlebrooks,,,,,,,,,,,,,,,2.0,,,,14.0,,,,21.0,,,,,,,,3.0,,,,,,,296.0,2.25,,,,1.0,,LAC_DT_01,DT,,,,38.0,,,14.0,,,,,1,,,,,,33.0,,,,,3.0,,,,0,523.0,15.0,,33.0,,,8.0,,,,144.0,,,,,,,
100.0,12.0,,,,,REGULAR_SEASON,,,,,,,,Kalen Cavanaugh,,,,,,,,,,,,,,,5.0,,,,67.0,,,,74.0,,,,,,,,20.0,,,,,,,1410.0,8.79,,,,17.0,,LAC_DT_03,DT,,,,121.0,,,32.0,,,,,0,,,,,,105.0,,,,,21.0,,,,0,2487.0,83.0,,183.0,,,35.0,,,,664.0,,,,,,,
,,,171.0,,,REGULAR_SEASON,,,,1014.0,,,,Niles Hockenson,,,,,,,,,,,,,,,,19.0,,,28.0,,,,,,,,1.0,,,,14.0,,,,,,10.0,,,,,2204.6,6.0,,LAC_LB_02,LB,,,,12.0,,,,,67.0,,,1,,,,,,26.0,,,,,3.0,,,,0,1321.0,113.0,,174.0,111.0,2.0,22.0,,,,250.0,,,,,712.0,,19.95
,,,536.0,,,REGULAR_SEASON,,,,3108.0,,,,Carlisle Sagapolutele,,,,,,,,,,,,,,,,64.0,,,89.0,,,,,,,,5.0,,,,50.0,,,,,,38.0,,,,,7823.1,24.0,,LAC_LB_01,LB,,,,59.0,,,,,236.0,,,0,,,,,,58.0,,,,,11.0,,,,0,4042.0,346.0,,532.0,350.0,21.0,80.0,,,,787.0,,,,,2661.0,,76.82
,,,148.0,,,REGULAR_SEASON,,,,821.0,,,,Hampton Smallwood,,,,,,,,,,,,,,,,13.0,,,24.0,,,,,,,,2.0,,,,7.0,,,,,,8.0,,,,,1819.6,3.0,,LAC_LB_04,LB,,,,21.0,,,,,52.0,,,1,,,,,,14.0,,,,,3.0,,,,0,1068.0,89.0,,139.0,92.0,4.0,11.0,,,,231.0,,,,,568.0,,17.07
,,,,,,REGULAR_SEASON,,,,2377.0,,,,Damarion Sanjuan,,,,,,,,,,,,,,,,52.0,,,62.0,,,,,,,,6.0,,,,22.0,,,,,,32.0,,,,,4659.4,12.0,,LAC_CB_02,CB,,,,,,,,,131.0,,,1,,,,,,42.0,,,,,,,,,0,3084.0,147.0,,252.0,230.0,7.0,,,,,572.0,,,,,1504.0,,39.0
,,,,,,REGULAR_SEASON,,,,2546.0,,,,Wallace McGlinchey,,,,,,,,,,,,,,,,50.0,,,67.0,,,,,,,,6.0,,,,28.0,,,,,,26.0,,,,,5403.1,15.0,,LAC_CB_03,CB,,,,,,,,,149.0,,,1,,,,,,54.0,,,,,,,,,0,3301.0,138.0,,242.0,248.0,8.0,,,,,624.0,,,,,1729.0,,46.41
,,,,,,REGULAR_SEASON,,,,1802.0,,,,Rigby Hagerty,,,,,,,,,,,,,,,,25.0,,,47.0,,,,,,,,3.0,,,,20.0,,,,,,12.0,,,,,3739.4,12.0,,LAC_CB_04,CB,,,,,,,,,102.0,,,1,,,,,,46.0,,,,,,,,,0,2341.0,102.0,,175.0,173.0,5.0,,,,,452.0,,,,,1238.0,,32.49
,,,,,,REGULAR_SEASON,,,,653.0,,,,Noel Copeland,,,,,,,,,,,,,,,,12.0,,,18.0,,,,,,,,0.0,,,,9.0,,,,,,4.0,,,,,1728.8,3.0,,LAC_CB_01,CB,,,,,,,,,61.0,,,1,,,,,,6.0,,,,,,,,,0,851.0,47.0,,80.0,88.0,7.0,,,,,180.0,,,,,655.0,,18.1
,,,,,,REGULAR_SEASON,,,,3186.0,,,,Colton Strahan,,,,,,,,,,,,,,,,54.0,,,80.0,,,,,,,,0.0,,,,38.0,,,,,,29.0,,,,,6959.3,26.0,,LAC_S_02,S,,,,,,,,,211.0,,,1,,,,,,52.0,,,,,,,,,0,4129.0,193.0,,323.0,332.0,17.0,,,,,738.0,,,,,2376.0,,60.48
,,,,,,REGULAR_SEASON,,,,673.0,,,,Wade Mullaney,,,,,,,,,,,,,,,,11.0,,,17.0,,,,,,,,0.0,,,,7.0,,,,,,4.0,,,,,1460.1,6.0,,LAC_S_01,S,,,,,,,,,50.0,,,1,,,,,,6.0,,,,,,,,,0,872.0,43.0,,69.0,83.0,4.0,,,,,162.0,,,,,542.0,,13.6
,,,,,,REGULAR_SEASON,,,,2970.0,,,,Luka Newsome,,,,,,,,,,,,,,,,40.0,,,76.0,,,,,,,,0.0,,,,26.0,,,,,,23.0,,,,,6722.3,25.0,,LAC_S_04,S,,,,,,,,,184.0,,,1,,,,,,45.0,,,,,,,,,0,3849.0,159.0,,267.0,309.0,19.0,,,,,709.0,,,,,2212.0,,56.66
,,,,,,REGULAR_SEASON,,,,,,,,Quill Bainbridge,,,,116.0,28.0,34.0,32.0,27.0,99.0,26.0,30.0,20.0,27.0,,,,,,83.0,,10.0,,,,,,,301.0,,2899.0,,,,,,,,,,,,,,,LAC_K_01,K,,,,,,,,,,,,0,,,,,,,,,,,,,,,0,498.0,,,,,,,,178.0,,787.0,161.0,152.0,,,,,
,,,,,,REGULAR_SEASON,,,,,,,,Colby Cribbs,,,,,,,,,,,,,,,,,,,94.0,17431.0,,,,,55.0,156.0,,,5093.0,,,,15887.0,,,,,,,,,,,,LAC_P_01,P,,,,,,371.0,,,,,,0,1544.0,,,,,,,,,,,,,,0,470.0,,,,,,,,28.0,,844.0,,,,,,,
,,237.0,,,1896.0,REGULAR_SEASON,1871.0,,,,288.0,112.0,,Hamza Boateng,,134.0,,,,,,,,,,,,880.0,,,16.0,9.0,83.0,,,,,,,,48.0,,,,,,,2781.0,,,,,,134.0,21476.0,,,695.0,PHI_QB_01,QB,885.0,394.0,3719.0,,,,,,,,,0,,,,,,,300.0,,1412.0,1127.0,,,172.0,178.0,0,5310.0,,83.0,,,,,153.0,,93.0,759.0,,,,,,,
,,,,145.0,,REGULAR_SEASON,,160.0,363.0,,,,313.0,Micah Arceneaux,119.0,,133.0,,,,,,,,,,,737.0,,,8.0,,84.0,,,,,,,,,,,,,43.0,,,,465.0,,,,,,,,,PHI_RB_01,RB,,,,,37.0,,,1441.0,,,16119.0,1,,995.0,,260.0,,,1777.0,73.0,7800.0,,,,,,0,2952.0,,,,2189.0,,,,,,783.0,,,6633.0,3436.0,,4367.0,
,,,,104.0,,REGULAR_SEASON,,146.0,307.0,,,,302.0,Clay Vickers,114.0,,117.0,,,,,,,,,,,636.0,,,11.0,,79.0,,,,,,,,,,,,,49.0,,,,488.0,,,,,,,,,PHI_RB_03,RB,,,,,34.0,,,1287.0,,,14601.0,1,,957.0,,251.0,,,1679.0,43.0,7491.0,,,,,,0,2831.0,,,,2008.0,,,,,,744.0,,,6003.0,3469.0,,4050.0,
,,,,21.0,,REGULAR_SEASON,,3.0,11.0,,,,10.0,Augustus Hinkley,6.0,,7.0,,,,,,,,,,,12.0,,,0.0,,17.0,,,,,,,,,,,,,6.0,,,,95.0,,,,,,,,,PHI_RB_02,RB,,,,,7.0,,,37.0,,,553.0,1,,88.0,,19.0,,,51.0,,276.0,,,,,,0,271.0,,,,65.0,,,,,,148.0,,,210.0,166.0,,110.0,
,,,,,,REGULAR_SEASON,,97.0,190.0,,,,161.0,Mekhi Trapasso,43.0,,,,,,,,,,,,,305.0,,,,,95.0,,,,,,,,,,,,,83.0,,,,,,,,,,,,,PHI_WR_03,WR,,,,,,,,668.0,,39.0,8139.0,0,,3486.0,,1191.0,,,,,,,,,,,0,4113.0,,,,1137.0,,,,,,881.0,,,3410.0,,,,
,,,,,,REGULAR_SEASON,,55.0,120.0,,,,93.0,Osmond Polamalu,33.0,,,,,,,,,,,,,170.0,,,,,74.0,,,,,,,,,,,,,44.0,,,,,,,,,,,,,PHI_WR_02,WR,,,,,,,,400.0,,24.0,4706.0,0,,2725.0,,931.0,,,,,,,,,,,0,3209.0,,,,729.0,,,,,,722.0,,,1902.0,,,,
,,,,,,REGULAR_SEASON,,21.0,46.0,,,,43.0,Malik Rainsberger,11.0,,,,,,,,,,,,,58.0,,,,,39.0,,,,,,,,,,,,,20.0,,,,,,,,,,,,,PHI_WR_01,WR,,,,,,,,147.0,,12.0,1917.0,1,,1449.0,,496.0,,,,,,,,,,,0,1709.0,,,,265.0,,,,,,360.0,,,785.0,,,,
,,,,,,REGULAR_SEASON,,2.0,5.0,,,,9.0,Quentin Fontenot,3.0,,,,,,,,,,,,,6.0,,,,,15.0,,,,,,,,,,,,,11.0,,,,,,,,,,,,,PHI_WR_04,WR,,,,,,,,27.0,,1.0,386.0,1,,539.0,,183.0,,,,,,,,,,,0,639.0,,,,51.0,,,,,,140.0,,,156.0,,,,
,,,,,,REGULAR_SEASON,,13.0,28.0,,,,19.0,Samir Dunleavy,9.0,,,,,,,,,,,,,25.0,,,,,31.0,,,,,,,,,,,,,11.0,,,,,,,,,,,,,PHI_TE_01,TE,,,,,,,,76.0,,,1005.0,1,,1019.0,,347.0,,,,,,,,,,,0,1204.0,,,,138.0,,,,,,288.0,,,425.0,,,,
,,,,,,REGULAR_SEASON,,1.0,4.0,,,,3.0,Ford Bradshaw,3.0,,,,,,,,,,,,,2.0,,,,,14.0,,,,,,,,,,,,,6.0,,,,,,,,,,,,,PHI_TE_02,TE,,,,,,,,16.0,,,236.0,1,,475.0,,162.0,,,,,,,,,,,0,560.0,,,,31.0,,,,,,128.0,,,86.0,,,,
,,,,,,REGULAR_SEASON,,,,,,,,Barnes Beecham,,,,,,,,,,,,,,,,,,,48.0,,,14.0,,42.0,,,,,,,,,,,4484.6,1771.0,,,,,,,23.0,,PHI_OT_02,OT,,,,,72.0,,,,,,,1,,,116.0,1433.0,627.0,,,,,,,18.0,,,0,3204.0,,48.0,,,,,,,,469.0,,,,,,,
,,,,,,REGULAR_SEASON,,,,,,,,Hudson Boykin,,,,,,,,,,,,,,,,,,,79.0,,,34.0,,81.0,,,,,,,,,,,7399.5,2842.0,,,,,,,41.0,,PHI_OT_01,OT,,,,,131.0,,,,,,,1,,,214.0,2302.0,935.0,,,,,,,20.0,,,0,5144.0,,79.0,,,,,,,,740.0,,,,,,,
,,,,,,REGULAR_SEASON,,,,,,,,Kolby Marlowe,,,,,,,,,,,,,,,,,,,102.0,,,30.0,,86.0,,,,,,,,,,,9521.7,3661.0,,,,,,,64.0,,PHI_OG_01,OG,,,,,149.0,,,,,,,0,,,223.0,2970.0,1342.0,,,,,,,38.0,,,0,6631.0,,102.0,,,,,,,,948.0,,,,,,,
,,,,,,REGULAR_SEASON,,,,,,,,Eero Delacruz,,,,,,,,,,,,,,,,,,,82.0,,,24.0,,74.0,,,,,,,,,,,7610.5,2933.0,,,,,,,48.0,,PHI_OG_02,OG,,,,,128.0,,,,,,,0,,,160.0,2377.0,1086.0,,,,,,,32.0,,,0,5310.0,,82.0,,,,,,,,718.0,,,,,,,
,,,,,,REGULAR_SEASON,,,,,,,,Cyrus Cardenas,,,,,,,,,,,,,,,,,,,90.0,,,34.0,,103.0,,,,,,,,,,,8211.8,3262.0,,,,,,,54.0,,PHI_C_01,C,,,,,176.0,,,,,,,0,,,254.0,2650.0,1047.0,,,,,,,44.0,,,0,5912.0,,90.0,,,,,,,,842.0,,,,,,,
141.0,18.0,,,,,REGULAR_SEASON,,,,,,,,Lazaro Hurlburt,,,,,,,,,,,,,,,5.0,,,,96.0,,,,148.0,,,,,,,,19.0,,,,,,,2337.0,15.85,,,,24.0,,PHI_EDGE_01,EDGE,,,,269.0,,,75.0,,,,,0,,,,,,224.0,,,,,52.0,,,,0,4115.0,109.0,,250.0,,,61.0,,,,933.0,,,,,,,
46.0,8.0,,,,,REGULAR_SEASON,,,,,,,,Walker Warrick,,,,,,,,,,,,,,,2.0,,,,32.0,,,,37.0,,,,,,,,5.0,,,,,,,800.0,4.7,,,,6.0,,PHI_EDGE_02,EDGE,,,,75.0,,,28.0,,,,,1,,,,,,65.0,,,,,14.0,,,,0,1411.0,36.0,,82.0,,,12.0,,,,290.0,,,,,,,
26.0,0.0,,,,,REGULAR_SEASON,,,,,,,,Kason Ferrante,,,,,,,,,,,,,,,1.0,,,,17.0,,,,30.0,,,,,,,,3.0,,,,,,,419.0,2.84,,,,3.0,,PHI_EDGE_05,EDGE,,,,48.0,,,11.0,,,,,1,,,,,,42.0,,,,,8.0,,,,0,738.0,19.0,,45.0,,,11.0,,,,148.0,,,,,,,
119.0,11.0,,,,,REGULAR_SEASON,,,,,,,,Giovanni Schaffner,,,,,,,,,,,,,,,1.0,,,,77.0,,,,107.0,,,,,,,,15.0,,,,,,,1909.0,10.53,,,,22.0,,PHI_EDGE_03,EDGE,,,,183.0,,,67.0,,,,,0,,,,,,113.0,,,,,14.0,,,,0,3364.0,100.0,,219.0,,,38.0,,,,707.0,,,,,,,
129.0,21.0,,,,,REGULAR_SEASON,,,,,,,,Lincoln Langford,,,,,,,,,,,,,,,4.0,,,,86.0,,,,115.0,,,,,,,,18.0,,,,,,,1804.0,14.31,,,,17.0,,PHI_DT_01,DT,,,,202.0,,,64.0,,,,,1,,,,,,182.0,,,,,32.0,,,,0,3185.0,96.0,,225.0,,,40.0,,,,786.0,,,,,,,
89.0,6.0,,,,,REGULAR_SEASON,,,,,,,,Roscoe Thackeray,,,,,,,,,,,,,,,4.0,,,,57.0,,,,49.0,,,,,,,,18.0,,,,,,,1209.0,7.76,,,,10.0,,PHI_DT_02,DT,,,,94.0,,,34.0,,,,,1,,,,,,82.0,,,,,13.0,,,,0,2132.0,75.0,,164.0,,,24.0,,,,549.0,,,,,,,
13.0,0.0,,,,,REGULAR_SEASON,,,,,,,,Otto Carrington,,,,,,,,,,,,,,,0.0,,,,9.0,,,,10.0,,,,,,,,6.0,,,,,,,184.0,1.05,,,,2.0,,PHI_DT_03,DT,,,,14.0,,,2.0,,,,,1,,,,,,5.0,,,,,2.0,,,,0,324.0,8.0,,21.0,,,4.0,,,,59.0,,,,,,,
,,,64.0,,,REGULAR_SEASON,,,,424.0,,,,Horace Reinhold,,,,,,,,,,,,,,,,10.0,,,12.0,,,,,,,,2.0,,,,4.0,,,,,,7.0,,,,,865.0,4.0,,PHI_LB_01,LB,,,,10.0,,,,,13.0,,,1,,,,,,10.0,,,,,2.0,,,,0,551.0,36.0,,58.0,31.0,2.0,9.0,,,,133.0,,,,,189.0,,5.34
,,,628.0,,,REGULAR_SEASON,,,,3557.0,,,,Jarvis Sidibe,,,,,,,,,,,,,,,,73.0,,,100.0,,,,,,,,6.0,,,,73.0,,,,,,38.0,,,,,8242.4,25.0,,PHI_LB_02,LB,,,,78.0,,,,,239.0,,,0,,,,,,75.0,,,,,12.0,,,,0,4620.0,382.0,,595.0,406.0,17.0,86.0,,,,914.0,,,,,2946.0,,82.7
,,,569.0,,,REGULAR_SEASON,,,,3491.0,,,,Harvey Denham,,,,,,,,,,,,,,,,85.0,,,100.0,,,,,,,,7.0,,,,41.0,,,,,,51.0,,,,,8373.3,24.0,,PHI_LB_04,LB,,,,75.0,,,,,232.0,,,0,,,,,,61.0,,,,,10.0,,,,0,4538.0,369.0,,570.0,389.0,18.0,79.0,,,,936.0,,,,,2951.0,,85.37
,,,,,,REGULAR_SEASON,,,,3560.0,,,,Knox Derozan,,,,,,,,,,,,,,,,49.0,,,93.0,,,,,,,,12.0,,,,36.0,,,,,,29.0,,,,,7686.0,26.0,,PHI_CB_01,CB,,,,,,,,,201.0,,,0,,,,,,63.0,,,,,,,,,0,4621.0,221.0,,369.0,341.0,25.0,,,,,871.0,,,,,2325.0,,61.11
,,,,,,REGULAR_SEASON,,,,634.0,,,,Tristan Fournette,,,,,,,,,,,,,,,,11.0,,,17.0,,,,,,,,2.0,,,,8.0,,,,,,5.0,,,,,1386.3,5.0,,PHI_CB_02,CB,,,,,,,,,29.0,,,1,,,,,,14.0,,,,,,,,,0,824.0,42.0,,70.0,53.0,2.0,,,,,148.0,,,,,419.0,,11.68
,,,,,,REGULAR_SEASON,,,,2547.0,,,,Dakari Yeboah,,,,,,,,,,,,,,,,39.0,,,68.0,,,,,,,,3.0,,,,31.0,,,,,,17.0,,,,,6227.1,20.0,,PHI_CB_03,CB,,,,,,,,,191.0,,,1,,,,,,49.0,,,,,,,,,0,3307.0,160.0,,268.0,282.0,17.0,,,,,620.0,,,,,2164.0,,58.71
,,,,,,REGULAR_SEASON,,,,656.0,,,,Neville Marsalis,,,,,,,,,,,,,,,,4.0,,,17.0,,,,,,,,3.0,,,,6.0,,,,,,2.0,,,,,1424.1,5.0,,PHI_CB_05,CB,,,,,,,,,51.0,,,1,,,,,,11.0,,,,,,,,,0,849.0,38.0,,67.0,79.0,4.0,,,,,148.0,,,,,533.0,,13.84
,,,,,,REGULAR_SEASON,,,,3879.0,,,,Royce Vaitai,,,,,,,,,,,,,,,,87.0,,,98.0,,,,,,,,4.0,,,,33.0,,,,,,54.0,,,,,7455.7,20.0,,PHI_S_02,S,,,,,,,,,200.0,,,0,,,,,,73.0,,,,,,,,,0,5030.0,222.0,,374.0,355.0,11.0,,,,,909.0,,,,,2231.0,,56.72
,,,,,,REGULAR_SEASON,,,,1334.0,,,,Percival Forsythe,,,,,,,,,,,,,,,,15.0,,,34.0,,,,,,,,1.0,,,,15.0,,,,,,9.0,,,,,2733.0,8.0,,PHI_S_04,S,,,,,,,,,81.0,,,1,,,,,,21.0,,,,,,,,,0,1731.0,93.0,,147.0,135.0,4.0,,,,,314.0,,,,,936.0,,24.05
,,,,,,REGULAR_SEASON,,,,891.0,,,,Gaspard Cosgrove,,,,,,,,,,,,,,,,11.0,,,22.0,,,,,,,,2.0,,,,15.0,,,,,,7.0,,,,,2138.8,8.0,,PHI_S_03,S,,,,,,,,,69.0,,,1,,,,,,13.0,,,,,,,,,0,1156.0,49.0,,82.0,93.0,5.0,,,,,185.0,,,,,839.0,,20.8
,,,,,,REGULAR_SEASON,,,,,,,,Darian Noteboom,,,,94.0,18.0,19.0,26.0,21.0,80.0,15.0,16.0,16.0,19.0,,,,,,62.0,,4.0,,,,,,,250.0,,2169.0,,,,,,,,,,,,,,,PHI_K_01,K,,,,,,,,,,,,0,,,,,,,,,,,,,,,0,372.0,,,,,,,,150.0,,595.0,98.0,96.0,,,,,
,,,,,,REGULAR_SEASON,,,,,,,,Zane Bainbridge,,,,,,,,,,,,,,,,,,,102.0,16451.0,,,,,61.0,132.0,,,5409.0,,,,14771.0,,,,,,,,,,,,PHI_P_01,P,,,,,,353.0,,,,,,0,1680.0,,,,,,,,,,,,,,0,510.0,,,,,,,,34.0,,931.0,,,,,,,
,,185.0,,,1405.0,REGULAR_SEASON,1348.0,,,,203.0,84.0,,Zion Isbell,,106.0,,,,,,,,,,,,650.0,,,5.0,3.0,63.0,,,,,,,,48.0,,,,,,,2066.0,,,,,,103.0,15228.0,,,525.0,WAS_QB_01,QB,661.0,311.0,2896.0,,,,,,,,,0,,,,,,,218.0,,906.0,969.0,,,146.0,134.0,0,4027.0,,63.0,,,,,109.0,,68.0,570.0,,,,,,,
,,,,101.0,,REGULAR_SEASON,,147.0,282.0,,,,222.0,Tyrell Dumervil,68.0,,95.0,,,,,,,,,,,464.0,,,10.0,,64.0,,,,,,,,,,,,,42.0,,,,374.0,,,,,,,,,WAS_RB_01,RB,,,,,34.0,,,992.0,,,11033.0,1,,721.0,,190.0,,,1250.0,38.0,5188.0,,,,,,0,2146.0,,,,1519.0,,,,,,612.0,,,4369.0,2187.0,,3076.0,
,,,,110.0,,REGULAR_SEASON,,103.0,241.0,,,,217.0,Harvey Jernigan,80.0,,94.0,,,,,,,,,,,445.0,,,5.0,,90.0,,,,,,,,,,,,,51.0,,,,455.0,,,,,,,,,WAS_RB_02,RB,,,,,38.0,,,949.0,,,10679.0,0,,822.0,,209.0,,,1259.0,28.0,5206.0,,,,,,0,2476.0,,,,1498.0,,,,,,847.0,,,4628.0,2262.0,,2964.0,
,,,,15.0,,REGULAR_SEASON,,5.0,11.0,,,,11.0,Kasimir Rademacher,2.0,,3.0,,,,,,,,,,,11.0,,,0.0,,9.0,,,,,,,,,,,,,4.0,,,,43.0,,,,,,,,,WAS_RB_03,RB,,,,,1.0,,,28.0,,,385.0,1,,53.0,,12.0,,,40.0,,198.0,,,,,,0,165.0,,,,46.0,,,,,,69.0,,,152.0,100.0,,98.0,
,,,,,,REGULAR_SEASON,,62.0,139.0,,,,121.0,Royce Waterhouse,40.0,,,,,,,,,,,,,219.0,,,,,73.0,,,,,,,,,,,,,43.0,,,,,,,,,,,,,WAS_WR_02,WR,,,,,,,,484.0,,20.0,5525.0,1,,2731.0,,939.0,,,,,,,,,,,0,3217.0,,,,874.0,,,,,,681.0,,,2428.0,,,,
,,,,,,REGULAR_SEASON,,34.0,79.0,,,,68.0,Zachariah Ridgeway,21.0,,,,,,,,,,,,,102.0,,,,,69.0,,,,,,,,,,,,,30.0,,,,,,,,,,,,,WAS_WR_03,WR,,,,,,,,263.0,,16.0,3427.0,0,,2560.0,,874.0,,,,,,,,,,,0,3019.0,,,,490.0,,,,,,608.0,,,1517.0,,,,
,,,,,,REGULAR_SEASON,,12.0,25.0,,,,11.0,Bandon Gentry,3.0,,,,,,,,,,,,,19.0,,,,,17.0,,,,,,,,,,,,,6.0,,,,,,,,,,,,,WAS_WR_01,WR,,,,,,,,54.0,,4.0,765.0,1,,605.0,,207.0,,,,,,,,,,,0,714.0,,,,109.0,,,,,,154.0,,,314.0,,,,
,,,,,,REGULAR_SEASON,,5.0,12.0,,,,4.0,Vann Sigler,3.0,,,,,,,,,,,,,2.0,,,,,17.0,,,,,,,,,,,,,14.0,,,,,,,,,,,,,WAS_WR_06,WR,,,,,,,,25.0,,,414.0,1,,614.0,,211.0,,,,,,,,,,,0,724.0,,,,53.0,,,,,,154.0,,,193.0,,,,
,,,,,,REGULAR_SEASON,,24.0,50.0,,,,43.0,Patton Kowalski,15.0,,,,,,,,,,,,,37.0,,,,,99.0,,,,,,,,,,,,,43.0,,,,,,,,,,,,,WAS_TE_01,TE,,,,,,,,165.0,,1.0,2312.0,0,,3269.0,,1116.0,,,,,,,,,,,0,3864.0,,,,323.0,,,,,,903.0,,,907.0,,,,
,,,,,,REGULAR_SEASON,,9.0,30.0,,,,32.0,Gaspard Tuanigamanuolepola,10.0,,,,,,,,,,,,,17.0,,,,,72.0,,,,,,,,,,,,,33.0,,,,,,,,,,,,,WAS_TE_02,TE,,,,,,,,92.0,,,1361.0,0,,2444.0,,833.0,,,,,,,,,,,0,2889.0,,,,186.0,,,,,,643.0,,,528.0,,,,
,,,,,,REGULAR_SEASON,,,,,,,,Beckham Chidozie,,,,,,,,,,,,,,,,,,,65.0,,,35.0,,73.0,,,,,,,,,,,5999.8,2361.0,,,,,,,41.0,,WAS_OT_01,OT,,,,,127.0,,,,,,,1,,,182.0,1922.0,777.0,,,,,,,22.0,,,0,4283.0,,65.0,,,,,,,,665.0,,,,,,,
,,,,,,REGULAR_SEASON,,,,,,,,Creed Linscomb,,,,,,,,,,,,,,,,,,,99.0,,,39.0,,109.0,,,,,,,,,,,9123.4,3605.0,,,,,,,56.0,,WAS_OT_02,OT,,,,,181.0,,,,,,,0,,,280.0,2923.0,1216.0,,,,,,,40.0,,,0,6528.0,,99.0,,,,,,,,935.0,,,,,,,
,,,,,,REGULAR_SEASON,,,,,,,,Nehemiah Stonehouse,,,,,,,,,,,,,,,,,,,88.0,,,17.0,,82.0,,,,,,,,,,,8357.8,3189.0,,,,,,,48.0,,WAS_OG_02,OG,,,,,116.0,,,,,,,0,,,187.0,2589.0,1120.0,,,,,,,18.0,,,0,5778.0,,88.0,,,,,,,,792.0,,,,,,,
,,,,,,REGULAR_SEASON,,,,,,,,Hutch Hepburn,,,,,,,,,,,,,,,,,,,17.0,,,9.0,,17.0,,,,,,,,,,,1522.5,601.0,,,,,,,10.0,,WAS_OG_01,OG,,,,,36.0,,,,,,,1,,,55.0,488.0,170.0,,,,,,,11.0,,,0,1089.0,,17.0,,,,,,,,154.0,,,,,,,
,,,,,,REGULAR_SEASON,,,,,,,,Moses Mullaney,,,,,,,,,,,,,,,,,,,17.0,,,11.0,,17.0,,,,,,,,,,,1525.8,604.0,,,,,,,9.0,,WAS_C_01,C,,,,,37.0,,,,,,,1,,,48.0,485.0,196.0,,,,,,,10.0,,,0,1089.0,,17.0,,,,,,,,154.0,,,,,,,
38.0,2.0,,,,,REGULAR_SEASON,,,,,,,,Wesson Langford,,,,,,,,,,,,,,,3.0,,,,29.0,,,,40.0,,,,,,,,4.0,,,,,,,708.0,4.48,,,,7.0,,WAS_EDGE_02,EDGE,,,,74.0,,,18.0,,,,,1,,,,,,52.0,,,,,17.0,,,,0,1243.0,33.0,,71.0,,,11.0,,,,290.0,,,,,,,
26.0,4.0,,,,,REGULAR_SEASON,,,,,,,,Draven Schmitz,,,,,,,,,,,,,,,2.0,,,,17.0,,,,28.0,,,,,,,,4.0,,,,,,,417.0,2.54,,,,3.0,,WAS_EDGE_01,EDGE,,,,43.0,,,12.0,,,,,1,,,,,,22.0,,,,,3.0,,,,0,733.0,21.0,,47.0,,,10.0,,,,154.0,,,,,,,
91.0,4.0,,,,,REGULAR_SEASON,,,,,,,,Wade Barsotti,,,,,,,,,,,,,,,5.0,,,,58.0,,,,83.0,,,,,,,,13.0,,,,,,,1437.0,7.52,,,,14.0,,WAS_EDGE_05,EDGE,,,,120.0,,,21.0,,,,,1,,,,,,66.0,,,,,16.0,,,,0,2526.0,71.0,,162.0,,,25.0,,,,514.0,,,,,,,
110.0,7.0,,,,,REGULAR_SEASON,,,,,,,,Ephraim Gauthier,,,,,,,,,,,,,,,8.0,,,,76.0,,,,111.0,,,,,,,,17.0,,,,,,,1872.0,10.36,,,,14.0,,WAS_EDGE_03,EDGE,,,,171.0,,,39.0,,,,,0,,,,,,111.0,,,,,23.0,,,,0,3298.0,80.0,,190.0,,,30.0,,,,695.0,,,,,,,
89.0,9.0,,,,,REGULAR_SEASON,,,,,,,,Lionel Rutledge,,,,,,,,,,,,,,,3.0,,,,56.0,,,,63.0,,,,,,,,12.0,,,,,,,1185.0,9.42,,,,11.0,,WAS_DT_02,DT,,,,129.0,,,46.0,,,,,1,,,,,,110.0,,,,,20.0,,,,0,2091.0,74.0,,163.0,,,30.0,,,,501.0,,,,,,,
97.0,9.0,,,,,REGULAR_SEASON,,,,,,,,Ludwig Hankins,,,,,,,,,,,,,,,5.0,,,,65.0,,,,67.0,,,,,,,,12.0,,,,,,,1385.0,9.27,,,,14.0,,WAS_DT_01,DT,,,,129.0,,,42.0,,,,,1,,,,,,119.0,,,,,26.0,,,,0,2444.0,72.0,,169.0,,,32.0,,,,615.0,,,,,,,
87.0,11.0,,,,,REGULAR_SEASON,,,,,,,,Kobi Dalrymple,,,,,,,,,,,,,,,4.0,,,,58.0,,,,52.0,,,,,,,,16.0,,,,,,,1226.0,7.3,,,,10.0,,WAS_DT_04,DT,,,,86.0,,,26.0,,,,,0,,,,,,80.0,,,,,12.0,,,,0,2164.0,69.0,,156.0,,,28.0,,,,579.0,,,,,,,
,,,545.0,,,REGULAR_SEASON,,,,3261.0,,,,Creed Turpin,,,,,,,,,,,,,,,,71.0,,,94.0,,,,,,,,8.0,,,,51.0,,,,,,43.0,,,,,7741.6,28.0,,WAS_LB_02,LB,,,,74.0,,,,,224.0,,,0,,,,,,67.0,,,,,13.0,,,,0,4238.0,322.0,,504.0,354.0,18.0,60.0,,,,896.0,,,,,2572.0,,75.14
,,,278.0,,,REGULAR_SEASON,,,,1747.0,,,,Boone Lessard,,,,,,,,,,,,,,,,31.0,,,51.0,,,,,,,,6.0,,,,32.0,,,,,,18.0,,,,,3985.7,13.0,,WAS_LB_01,LB,,,,30.0,,,,,126.0,,,1,,,,,,35.0,,,,,6.0,,,,0,2276.0,169.0,,268.0,212.0,5.0,46.0,,,,481.0,,,,,1337.0,,38.69
,,,565.0,,,REGULAR_SEASON,,,,3259.0,,,,Kamden Hartline,,,,,,,,,,,,,,,,61.0,,,92.0,,,,,,,,5.0,,,,66.0,,,,,,27.0,,,,,7867.0,27.0,,WAS_LB_04,LB,,,,55.0,,,,,248.0,,,0,,,,,,53.0,,,,,12.0,,,,0,4234.0,337.0,,521.0,392.0,15.0,66.0,,,,825.0,,,,,2722.0,,77.28
,,,,,,REGULAR_SEASON,,,,3282.0,,,,Logan Kraft,,,,,,,,,,,,,,,,77.0,,,87.0,,,,,,,,10.0,,,,21.0,,,,,,51.0,,,,,6471.3,21.0,,WAS_CB_02,CB,,,,,,,,,181.0,,,0,,,,,,49.0,,,,,,,,,0,4262.0,204.0,,343.0,308.0,10.0,,,,,841.0,,,,,1986.0,,53.28
,,,,,,REGULAR_SEASON,,,,3224.0,,,,Elian Horvath,,,,,,,,,,,,,,,,53.0,,,86.0,,,,,,,,8.0,,,,28.0,,,,,,32.0,,,,,7035.8,26.0,,WAS_CB_01,CB,,,,,,,,,222.0,,,1,,,,,,54.0,,,,,,,,,0,4181.0,204.0,,340.0,357.0,14.0,,,,,815.0,,,,,2395.0,,64.22
,,,,,,REGULAR_SEASON,,,,637.0,,,,Brantley Durrant,,,,,,,,,,,,,,,,11.0,,,17.0,,,,,,,,1.0,,,,4.0,,,,,,5.0,,,,,1500.5,5.0,,WAS_CB_04,CB,,,,,,,,,45.0,,,1,,,,,,12.0,,,,,,,,,0,825.0,36.0,,63.0,68.0,4.0,,,,,154.0,,,,,515.0,,14.12
,,,,,,REGULAR_SEASON,,,,1224.0,,,,Kavion Beecham,,,,,,,,,,,,,,,,14.0,,,32.0,,,,,,,,3.0,,,,14.0,,,,,,6.0,,,,,2827.1,5.0,,WAS_CB_03,CB,,,,,,,,,83.0,,,1,,,,,,23.0,,,,,,,,,0,1589.0,70.0,,118.0,134.0,10.0,,,,,289.0,,,,,1015.0,,27.0
,,,,,,REGULAR_SEASON,,,,2346.0,,,,Hank Renfrow,,,,,,,,,,,,,,,,34.0,,,59.0,,,,,,,,0.0,,,,29.0,,,,,,19.0,,,,,5114.6,21.0,,WAS_S_04,S,,,,,,,,,146.0,,,1,,,,,,37.0,,,,,,,,,0,3050.0,128.0,,214.0,234.0,13.0,,,,,535.0,,,,,1683.0,,42.08
,,,,,,REGULAR_SEASON,,,,1168.0,,,,Corbin Courtland,,,,,,,,,,,,,,,,17.0,,,29.0,,,,,,,,0.0,,,,10.0,,,,,,13.0,,,,,2385.4,11.0,,WAS_S_03,S,,,,,,,,,75.0,,,1,,,,,,16.0,,,,,,,,,0,1514.0,75.0,,121.0,122.0,3.0,,,,,248.0,,,,,892.0,,22.43
,,,,,,REGULAR_SEASON,,,,465.0,,,,Jorel Levasseur,,,,,,,,,,,,,,,,3.0,,,12.0,,,,,,,,1.0,,,,2.0,,,,,,0.0,,,,,1118.8,5.0,,WAS_S_01,S,,,,,,,,,39.0,,,1,,,,,,8.0,,,,,,,,,0,605.0,30.0,,51.0,60.0,3.0,,,,,93.0,,,,,474.0,,12.08
,,,,,,REGULAR_SEASON,,,,,,,,Manny Olawale,,,,112.0,31.0,29.0,35.0,25.0,94.0,25.0,26.0,24.0,22.0,,,,,,84.0,,6.0,,,,,,,305.0,,2649.0,,,,,,,,,,,,,,,WAS_K_01,K,,,,,,,,,,,,0,,,,,,,,,,,,,,,0,504.0,,,,,,,,204.0,,759.0,163.0,157.0,,,,,
,,,,,,REGULAR_SEASON,,,,,,,,Salvatore Kenney,,,,,,,,,,,,,,,,,,,93.0,16525.0,,,,,51.0,155.0,,,5141.0,,,,15005.0,,,,,,,,,,,,WAS_P_01,P,,,,,,345.0,,,,,,0,1520.0,,,,,,,,,,,,,,0,465.0,,,,,,,,26.0,,855.0,,,,,,,
,,69.0,,,758.0,REGULAR_SEASON,685.0,,,,121.0,43.0,,Ashton Zeitler,,42.0,,,,,,,,,,,,315.0,,,3.0,1.0,34.0,,,,,,,,36.0,,,,,,,1112.0,,,,,,32.0,6992.0,,,286.0,NYG_QB_01,QB,354.0,148.0,1354.0,,,,,,,,,1,,,,,,,120.0,,468.0,543.0,,,83.0,79.0,0,2150.0,,34.0,,,,,48.0,,68.0,329.0,,,,,,,
,,,,55.0,,REGULAR_SEASON,,44.0,126.0,,,,109.0,Torin Doughty,48.0,,55.0,,,,,,,,,,,230.0,,,5.0,,47.0,,,,,,,,,,,,,21.0,,,,257.0,,,,,,,,,NYG_RB_01,RB,,,,,25.0,,,505.0,,,5379.0,1,,417.0,,108.0,,,648.0,12.0,2895.0,,,,,,0,1267.0,,,,780.0,,,,,,424.0,,,2167.0,1336.0,,1559.0,
,,,,83.0,,REGULAR_SEASON,,119.0,275.0,,,,188.0,Amos Yarborough,91.0,,85.0,,,,,,,,,,,454.0,,,6.0,,65.0,,,,,,,,,,,,,34.0,,,,336.0,,,,,,,,,NYG_RB_03,RB,,,,,42.0,,,965.0,,,10945.0,1,,678.0,,175.0,,,1156.0,40.0,5177.0,,,,,,0,2034.0,,,,1444.0,,,,,,584.0,,,4639.0,2244.0,,2963.0,
,,,,6.0,,REGULAR_SEASON,,8.0,16.0,,,,13.0,Tanner Okorafor,8.0,,9.0,,,,,,,,,,,39.0,,,0.0,,13.0,,,,,,,,,,,,,5.0,,,,82.0,,,,,,,,,NYG_RB_02,RB,,,,,8.0,,,82.0,,,795.0,1,,86.0,,19.0,,,105.0,0.0,373.0,,,,,,0,265.0,,,,130.0,,,,,,129.0,,,339.0,129.0,,274.0,
,,,,,,REGULAR_SEASON,,30.0,75.0,,,,64.0,Grayson Musgrave,18.0,,,,,,,,,,,,,94.0,,,,,48.0,,,,,,,,,,,,,27.0,,,,,,,,,,,,,NYG_WR_03,WR,,,,,,,,224.0,,15.0,2596.0,1,,1801.0,,615.0,,,,,,,,,,,0,2127.0,,,,434.0,,,,,,493.0,,,1057.0,,,,
,,,,,,REGULAR_SEASON,,65.0,134.0,,,,117.0,Norwood Thorogood,43.0,,,,,,,,,,,,,197.0,,,,,91.0,,,,,,,,,,,,,64.0,,,,,,,,,,,,,NYG_WR_02,WR,,,,,,,,459.0,,24.0,5402.0,0,,3348.0,,1142.0,,,,,,,,,,,0,3952.0,,,,858.0,,,,,,792.0,,,2229.0,,,,
,,,,,,REGULAR_SEASON,,3.0,8.0,,,,10.0,Nehemiah Eldridge,8.0,,,,,,,,,,,,,10.0,,,,,12.0,,,,,,,,,,,,,3.0,,,,,,,,,,,,,NYG_WR_01,WR,,,,,,,,32.0,,,352.0,1,,449.0,,153.0,,,,,,,,,,,0,531.0,,,,65.0,,,,,,131.0,,,149.0,,,,
,,,,,,REGULAR_SEASON,,5.0,6.0,,,,4.0,Cormac Dellinger,5.0,,,,,,,,,,,,,4.0,,,,,17.0,,,,,,,,,,,,,6.0,,,,,,,,,,,,,NYG_WR_05,WR,,,,,,,,25.0,,,297.0,1,,612.0,,207.0,,,,,,,,,,,0,722.0,,,,51.0,,,,,,156.0,,,121.0,,,,
,,,,,,REGULAR_SEASON,,13.0,23.0,,,,23.0,Idris Houghton,4.0,,,,,,,,,,,,,20.0,,,,,17.0,,,,,,,,,,,,,8.0,,,,,,,,,,,,,NYG_TE_01,TE,,,,,,,,57.0,,,579.0,0,,556.0,,190.0,,,,,,,,,,,0,657.0,,,,108.0,,,,,,156.0,,,248.0,,,,
,,,,,,REGULAR_SEASON,,1.0,1.0,,,,0.0,Owen Carlisle,0.0,,,,,,,,,,,,,0.0,,,,,3.0,,,,,,,,,,,,,2.0,,,,,,,,,,,,,NYG_TE_02,TE,,,,,,,,2.0,,,29.0,1,,115.0,,40.0,,,,,,,,,,,0,135.0,,,,5.0,,,,,,6.0,,,8.0,,,,
,,,,,,REGULAR_SEASON,,,,,,,,Dax Musgrave,,,,,,,,,,,,,,,,,,,91.0,,,41.0,,107.0,,,,,,,,,,,8344.3,3286.0,,,,,,,54.0,,NYG_OT_02,OT,,,,,181.0,,,,,,,0,,,224.0,2663.0,1085.0,,,,,,,37.0,,,0,5949.0,,91.0,,,,,,,,858.0,,,,,,,
,,,,,,REGULAR_SEASON,,,,,,,,Harvey Rapp,,,,,,,,,,,,,,,,,,,59.0,,,32.0,,62.0,,,,,,,,,,,5473.6,2159.0,,,,,,,32.0,,NYG_OT_01,OT,,,,,111.0,,,,,,,0,,,167.0,1753.0,741.0,,,,,,,18.0,,,0,3912.0,,59.0,,,,,,,,581.0,,,,,,,
,,,,,,REGULAR_SEASON,,,,,,,,Leon Faulkner,,,,,,,,,,,,,,,,,,,32.0,,,15.0,,45.0,,,,,,,,,,,2900.9,1154.0,,,,,,,20.0,,NYG_OG_02,OG,,,,,73.0,,,,,,,1,,,96.0,935.0,376.0,,,,,,,14.0,,,0,2089.0,,32.0,,,,,,,,286.0,,,,,,,
,,,,,,REGULAR_SEASON,,,,,,,,Kellan Waskiewicz,,,,,,,,,,,,,,,,,,,17.0,,,7.0,,29.0,,,,,,,,,,,1506.4,624.0,,,,,,,11.0,,NYG_OG_01,OG,,,,,46.0,,,,,,,1,,,49.0,506.0,201.0,,,,,,,10.0,,,0,1130.0,,17.0,,,,,,,,156.0,,,,,,,
,,,,,,REGULAR_SEASON,,,,,,,,Lemuel Neasman,,,,,,,,,,,,,,,,,,,72.0,,,24.0,,73.0,,,,,,,,,,,6772.8,2630.0,,,,,,,43.0,,NYG_C_01,C,,,,,113.0,,,,,,,0,,,190.0,2128.0,906.0,,,,,,,17.0,,,0,4758.0,,72.0,,,,,,,,665.0,,,,,,,
118.0,11.0,,,,,REGULAR_SEASON,,,,,,,,Cassian Ladouceur,,,,,,,,,,,,,,,6.0,,,,78.0,,,,101.0,,,,,,,,28.0,,,,,,,1948.0,10.17,,,,7.0,,NYG_EDGE_01,EDGE,,,,171.0,,,48.0,,,,,1,,,,,,120.0,,,,,32.0,,,,0,3427.0,89.0,,207.0,,,31.0,,,,659.0,,,,,,,
142.0,14.0,,,,,REGULAR_SEASON,,,,,,,,Tobias Somerville,,,,,,,,,,,,,,,7.0,,,,100.0,,,,134.0,,,,,,,,24.0,,,,,,,2448.0,14.19,,,,21.0,,NYG_EDGE_02,EDGE,,,,224.0,,,58.0,,,,,0,,,,,,155.0,,,,,37.0,,,,0,4300.0,109.0,,251.0,,,31.0,,,,899.0,,,,,,,
66.0,5.0,,,,,REGULAR_SEASON,,,,,,,,Nico Alfaro,,,,,,,,,,,,,,,4.0,,,,48.0,,,,58.0,,,,,,,,14.0,,,,,,,1220.0,5.6,,,,9.0,,NYG_EDGE_04,EDGE,,,,101.0,,,32.0,,,,,0,,,,,,66.0,,,,,15.0,,,,0,2147.0,41.0,,107.0,,,13.0,,,,468.0,,,,,,,
114.0,10.0,,,,,REGULAR_SEASON,,,,,,,,Armand Torrence,,,,,,,,,,,,,,,10.0,,,,72.0,,,,116.0,,,,,,,,31.0,,,,,,,1815.0,9.35,,,,19.0,,NYG_EDGE_05,EDGE,,,,164.0,,,41.0,,,,,0,,,,,,97.0,,,,,7.0,,,,0,3195.0,85.0,,199.0,,,33.0,,,,655.0,,,,,,,
136.0,12.0,,,,,REGULAR_SEASON,,,,,,,,Amos McClurg,,,,,,,,,,,,,,,5.0,,,,88.0,,,,97.0,,,,,,,,27.0,,,,,,,1903.0,12.58,,,,15.0,,NYG_DT_04,DT,,,,172.0,,,58.0,,,,,0,,,,,,159.0,,,,,18.0,,,,0,3350.0,109.0,,245.0,,,47.0,,,,817.0,,,,,,,
53.0,10.0,,,,,REGULAR_SEASON,,,,,,,,Saul Ricciardi,,,,,,,,,,,,,,,3.0,,,,38.0,,,,32.0,,,,,,,,6.0,,,,,,,787.0,4.49,,,,7.0,,NYG_DT_02,DT,,,,57.0,,,17.0,,,,,1,,,,,,43.0,,,,,12.0,,,,0,1393.0,45.0,,98.0,,,16.0,,,,370.0,,,,,,,
128.0,16.0,,,,,REGULAR_SEASON,,,,,,,,Gavin Mahaffey,,,,,,,,,,,,,,,7.0,,,,89.0,,,,97.0,,,,,,,,10.0,,,,,,,1857.0,11.72,,,,20.0,,NYG_DT_03,DT,,,,154.0,,,39.0,,,,,0,,,,,,128.0,,,,,23.0,,,,0,3271.0,89.0,,217.0,,,41.0,,,,887.0,,,,,,,
,,,482.0,,,REGULAR_SEASON,,,,2952.0,,,,Salem Rudolph,,,,,,,,,,,,,,,,77.0,,,84.0,,,,,,,,6.0,,,,33.0,,,,,,48.0,,,,,6343.8,13.0,,NYG_LB_01,LB,,,,41.0,,,,,139.0,,,0,,,,,,64.0,,,,,6.0,,,,0,3834.0,324.0,,504.0,265.0,17.0,84.0,,,,794.0,,,,,1578.0,,45.07
,,,404.0,,,REGULAR_SEASON,,,,2499.0,,,,Anders Sunderland,,,,,,,,,,,,,,,,42.0,,,72.0,,,,,,,,4.0,,,,49.0,,,,,,22.0,,,,,6154.7,27.0,,NYG_LB_02,LB,,,,49.0,,,,,196.0,,,0,,,,,,42.0,,,,,6.0,,,,0,3248.0,281.0,,428.0,305.0,15.0,63.0,,,,660.0,,,,,2176.0,,63.16
,,,190.0,,,REGULAR_SEASON,,,,1186.0,,,,Wilder Thistlewood,,,,,,,,,,,,,,,,14.0,,,34.0,,,,,,,,3.0,,,,30.0,,,,,,7.0,,,,,2753.6,9.0,,NYG_LB_03,LB,,,,23.0,,,,,95.0,,,1,,,,,,29.0,,,,,2.0,,,,0,1540.0,121.0,,193.0,153.0,5.0,20.0,,,,303.0,,,,,1083.0,,31.64
,,,,,,REGULAR_SEASON,,,,679.0,,,,Bruno Okorafor,,,,,,,,,,,,,,,,11.0,,,18.0,,,,,,,,1.0,,,,9.0,,,,,,7.0,,,,,1576.5,3.0,,NYG_CB_02,CB,,,,,,,,,41.0,,,1,,,,,,10.0,,,,,,,,,0,882.0,50.0,,83.0,65.0,2.0,,,,,139.0,,,,,467.0,,12.58
,,,,,,REGULAR_SEASON,,,,3360.0,,,,Rafferty Valentino,,,,,,,,,,,,,,,,58.0,,,89.0,,,,,,,,6.0,,,,37.0,,,,,,26.0,,,,,7904.2,28.0,,NYG_CB_01,CB,,,,,,,,,254.0,,,0,,,,,,71.0,,,,,,,,,0,4361.0,208.0,,344.0,388.0,14.0,,,,,840.0,,,,,2861.0,,77.22
,,,,,,REGULAR_SEASON,,,,1278.0,,,,Abram Freeney,,,,,,,,,,,,,,,,24.0,,,33.0,,,,,,,,2.0,,,,12.0,,,,,,13.0,,,,,2788.2,9.0,,NYG_CB_03,CB,,,,,,,,,89.0,,,1,,,,,,18.0,,,,,,,,,0,1654.0,87.0,,141.0,153.0,9.0,,,,,295.0,,,,,943.0,,24.06
,,,,,,REGULAR_SEASON,,,,226.0,,,,Vito Twyman,,,,,,,,,,,,,,,,4.0,,,6.0,,,,,,,,0.0,,,,6.0,,,,,,3.0,,,,,527.4,2.0,,NYG_CB_04,CB,,,,,,,,,15.0,,,1,,,,,,5.0,,,,,,,,,0,294.0,19.0,,29.0,23.0,0.0,,,,,51.0,,,,,167.0,,4.58
,,,,,,REGULAR_SEASON,,,,3911.0,,,,Clovis Philbeck,,,,,,,,,,,,,,,,66.0,,,99.0,,,,,,,,6.0,,,,48.0,,,,,,38.0,,,,,8376.2,23.0,,NYG_S_01,S,,,,,,,,,261.0,,,0,,,,,,69.0,,,,,,,,,0,5074.0,251.0,,418.0,413.0,19.0,,,,,952.0,,,,,2920.0,,74.93
,,,,,,REGULAR_SEASON,,,,668.0,,,,Hugo Yiadom,,,,,,,,,,,,,,,,11.0,,,17.0,,,,,,,,1.0,,,,8.0,,,,,,5.0,,,,,1537.7,6.0,,NYG_S_03,S,,,,,,,,,48.0,,,1,,,,,,9.0,,,,,,,,,0,867.0,40.0,,65.0,71.0,4.0,,,,,156.0,,,,,477.0,,12.16
,,,,,,REGULAR_SEASON,,,,686.0,,,,Zion Tanguay,,,,,,,,,,,,,,,,11.0,,,17.0,,,,,,,,0.0,,,,9.0,,,,,,6.0,,,,,1690.9,5.0,,NYG_S_02,S,,,,,,,,,56.0,,,1,,,,,,12.0,,,,,,,,,0,890.0,36.0,,61.0,74.0,4.0,,,,,156.0,,,,,668.0,,16.96
,,,,,,REGULAR_SEASON,,,,,,,,Jace Gaddis,,,,61.0,20.0,18.0,15.0,10.0,52.0,17.0,16.0,10.0,9.0,,,,,,43.0,,2.0,,,,,,,185.0,,1317.0,,,,,,,,,,,,,,,NYG_K_01,K,,,,,,,,,,,,1,,,,,,,,,,,,,,,0,258.0,,,,,,,,116.0,,374.0,91.0,87.0,,,,,
,,,,,,REGULAR_SEASON,,,,,,,,Merle Oluokun,,,,,,,,,,,,,,,,,,,17.0,3152.0,,,,,5.0,22.0,,,913.0,,,,2912.0,,,,,,,,,,,,NYG_P_01,P,,,,,,71.0,,,,,,1,240.0,,,,,,,,,,,,,,0,85.0,,,,,,,,5.0,,156.0,,,,,,,
,,217.0,,,2257.0,REGULAR_SEASON,2142.0,,,,359.0,133.0,,Javon Gaskins,,138.0,,,,,,,,,,,,1031.0,,,13.0,7.0,97.0,,,,,,,,68.0,,,,,,,3248.0,,,,,,163.0,23679.0,,,803.0,DAL_QB_02,QB,991.0,418.0,3904.0,,,,,,,,,0,,,,,,,321.0,,1369.0,1479.0,,,225.0,198.0,0,6167.0,,97.0,,,,,147.0,,145.0,905.0,,,,,,,
,,,,85.0,,REGULAR_SEASON,,118.0,239.0,,,,205.0,Ike Brisco,77.0,,81.0,,,,,,,,,,,454.0,,,9.0,,64.0,,,,,,,,,,,,,24.0,,,,333.0,,,,,,,,,DAL_RB_01,RB,,,,,35.0,,,926.0,,,10377.0,1,,674.0,,175.0,,,1138.0,51.0,4945.0,,,,,,0,2010.0,,,,1413.0,,,,,,629.0,,,4256.0,2122.0,,2842.0,
,,,,139.0,,REGULAR_SEASON,,121.0,271.0,,,,216.0,Mikael Crockett,81.0,,85.0,,,,,,,,,,,501.0,,,10.0,,93.0,,,,,,,,,,,,,62.0,,,,486.0,,,,,,,,,DAL_RB_03,RB,,,,,47.0,,,1068.0,,,12454.0,0,,834.0,,209.0,,,1284.0,50.0,5403.0,,,,,,0,2522.0,,,,1599.0,,,,,,872.0,,,5222.0,2162.0,,3284.0,
,,,,18.0,,REGULAR_SEASON,,4.0,9.0,,,,9.0,Auden Greenlaw,3.0,,4.0,,,,,,,,,,,12.0,,,1.0,,17.0,,,,,,,,,,,,,7.0,,,,90.0,,,,,,,,,DAL_RB_02,RB,,,,,10.0,,,39.0,,,545.0,1,,83.0,,19.0,,,52.0,,269.0,,,,,,0,265.0,,,,67.0,,,,,,148.0,,,219.0,156.0,,113.0,
,,,,,,REGULAR_SEASON,,67.0,138.0,,,,106.0,Tyree McLendon,54.0,,,,,,,,,,,,,218.0,,,,,83.0,,,,,,,,,,,,,43.0,,,,,,,,,,,,,DAL_WR_02,WR,,,,,,,,491.0,,18.0,5934.0,1,,3093.0,,1060.0,,,,,,,,,,,0,3645.0,,,,905.0,,,,,,766.0,,,2350.0,,,,
,,,,,,REGULAR_SEASON,,42.0,101.0,,,,78.0,Maxton Torrence,19.0,,,,,,,,,,,,,111.0,,,,,81.0,,,,,,,,,,,,,65.0,,,,,,,,,,,,,DAL_WR_03,WR,,,,,,,,301.0,,18.0,3595.0,0,,2972.0,,1020.0,,,,,,,,,,,0,3504.0,,,,564.0,,,,,,761.0,,,1424.0,,,,
,,,,,,REGULAR_SEASON,,71.0,141.0,,,,154.0,Woodrow Smallwood,55.0,,,,,,,,,,,,,219.0,,,,,94.0,,,,,,,,,,,,,72.0,,,,,,,,,,,,,DAL_WR_01,WR,,,,,,,,501.0,,21.0,6122.0,0,,3457.0,,1181.0,,,,,,,,,,,0,4079.0,,,,942.0,,,,,,880.0,,,2497.0,,,,
,,,,,,REGULAR_SEASON,,1.0,4.0,,,,7.0,Kellan Jodeci,1.0,,,,,,,,,,,,,4.0,,,,,15.0,,,,,,,,,,,,,4.0,,,,,,,,,,,,,DAL_WR_05,WR,,,,,,,,18.0,,,273.0,1,,558.0,,191.0,,,,,,,,,,,0,658.0,,,,41.0,,,,,,131.0,,,125.0,,,,
,,,,,,REGULAR_SEASON,,10.0,25.0,,,,17.0,Dakari Obadiah,10.0,,,,,,,,,,,,,23.0,,,,,23.0,,,,,,,,,,,,,13.0,,,,,,,,,,,,,DAL_TE_01,TE,,,,,,,,66.0,,,816.0,1,,749.0,,257.0,,,,,,,,,,,0,887.0,,,,125.0,,,,,,221.0,,,325.0,,,,
,,,,,,REGULAR_SEASON,,3.0,5.0,,,,3.0,Jamari Rodenberg,3.0,,,,,,,,,,,,,3.0,,,,,17.0,,,,,,,,,,,,,4.0,,,,,,,,,,,,,DAL_TE_03,TE,,,,,,,,20.0,,,313.0,1,,566.0,,193.0,,,,,,,,,,,0,669.0,,,,42.0,,,,,,148.0,,,134.0,,,,
,,,,,,REGULAR_SEASON,,,,,,,,Mekhi Tanguay,,,,,,,,,,,,,,,,,,,97.0,,,34.0,,111.0,,,,,,,,,,,9110.1,3541.0,,,,,,,58.0,,DAL_OT_02,OT,,,,,162.0,,,,,,,0,,,231.0,2874.0,1281.0,,,,,,,21.0,,,0,6415.0,,97.0,,,,,,,,898.0,,,,,,,
,,,,,,REGULAR_SEASON,,,,,,,,Sawyer McCandless,,,,,,,,,,,,,,,,,,,51.0,,,31.0,,51.0,,,,,,,,,,,4679.2,1815.0,,,,,,,37.0,,DAL_OT_04,OT,,,,,100.0,,,,,,,0,,,119.0,1472.0,628.0,,,,,,,20.0,,,0,3287.0,,51.0,,,,,,,,494.0,,,,,,,
,,,,,,REGULAR_SEASON,,,,,,,,Soren Atwater,,,,,,,,,,,,,,,,,,,50.0,,,25.0,,45.0,,,,,,,,,,,4734.0,1848.0,,,,,,,26.0,,DAL_OG_02,OG,,,,,77.0,,,,,,,1,,,127.0,1496.0,639.0,,,,,,,9.0,,,0,3344.0,,50.0,,,,,,,,477.0,,,,,,,
,,,,,,REGULAR_SEASON,,,,,,,,Esteban Markham,,,,,,,,,,,,,,,,,,,62.0,,,21.0,,54.0,,,,,,,,,,,5864.8,2225.0,,,,,,,42.0,,DAL_OG_01,OG,,,,,87.0,,,,,,,1,,,138.0,1803.0,777.0,,,,,,,13.0,,,0,4028.0,,62.0,,,,,,,,599.0,,,,,,,
,,,,,,REGULAR_SEASON,,,,,,,,Briggs Marinelli,,,,,,,,,,,,,,,,,,,63.0,,,30.0,,58.0,,,,,,,,,,,5923.1,2261.0,,,,,,,38.0,,DAL_C_01,C,,,,,100.0,,,,,,,1,,,129.0,1837.0,787.0,,,,,,,14.0,,,0,4098.0,,63.0,,,,,,,,549.0,,,,,,,
23.0,3.0,,,,,REGULAR_SEASON,,,,,,,,Maddox Klemm,,,,,,,,,,,,,,,1.0,,,,17.0,,,,24.0,,,,,,,,3.0,,,,,,,423.0,3.01,,,,4.0,,DAL_EDGE_02,EDGE,,,,54.0,,,18.0,,,,,1,,,,,,45.0,,,,,12.0,,,,0,745.0,15.0,,38.0,,,7.0,,,,148.0,,,,,,,
126.0,18.0,,,,,REGULAR_SEASON,,,,,,,,Derrick Redmond,,,,,,,,,,,,,,,10.0,,,,96.0,,,,127.0,,,,,,,,26.0,,,,,,,2382.0,12.56,,,,24.0,,DAL_EDGE_03,EDGE,,,,193.0,,,45.0,,,,,1,,,,,,121.0,,,,,24.0,,,,0,4191.0,98.0,,224.0,,,32.0,,,,888.0,,,,,,,
23.0,1.0,,,,,REGULAR_SEASON,,,,,,,,Tanner Broadwater,,,,,,,,,,,,,,,0.0,,,,17.0,,,,22.0,,,,,,,,3.0,,,,,,,428.0,2.56,,,,4.0,,DAL_EDGE_01,EDGE,,,,41.0,,,12.0,,,,,1,,,,,,29.0,,,,,7.0,,,,0,753.0,15.0,,38.0,,,7.0,,,,148.0,,,,,,,
115.0,12.0,,,,,REGULAR_SEASON,,,,,,,,Zeb Youngblood,,,,,,,,,,,,,,,3.0,,,,76.0,,,,120.0,,,,,,,,24.0,,,,,,,1889.0,10.0,,,,15.0,,DAL_EDGE_05,EDGE,,,,171.0,,,38.0,,,,,1,,,,,,116.0,,,,,16.0,,,,0,3322.0,97.0,,212.0,,,37.0,,,,754.0,,,,,,,
26.0,2.0,,,,,REGULAR_SEASON,,,,,,,,Thelonious Wainwright,,,,,,,,,,,,,,,2.0,,,,17.0,,,,13.0,,,,,,,,4.0,,,,,,,365.0,2.24,,,,3.0,,DAL_DT_03,DT,,,,28.0,,,9.0,,,,,1,,,,,,26.0,,,,,7.0,,,,0,644.0,21.0,,47.0,,,10.0,,,,148.0,,,,,,,
28.0,2.0,,,,,REGULAR_SEASON,,,,,,,,Blaise Chenoweth,,,,,,,,,,,,,,,2.0,,,,17.0,,,,10.0,,,,,,,,5.0,,,,,,,361.0,1.81,,,,4.0,,DAL_DT_02,DT,,,,20.0,,,7.0,,,,,1,,,,,,16.0,,,,,5.0,,,,0,637.0,22.0,,50.0,,,9.0,,,,148.0,,,,,,,
40.0,5.0,,,,,REGULAR_SEASON,,,,,,,,Jabari Dockery,,,,,,,,,,,,,,,1.0,,,,23.0,,,,23.0,,,,,,,,9.0,,,,,,,477.0,2.99,,,,5.0,,DAL_DT_05,DT,,,,42.0,,,12.0,,,,,0,,,,,,37.0,,,,,8.0,,,,0,840.0,29.0,,69.0,,,12.0,,,,227.0,,,,,,,
,,,322.0,,,REGULAR_SEASON,,,,2054.0,,,,Ibrahim Gwaltney,,,,,,,,,,,,,,,,45.0,,,57.0,,,,,,,,12.0,,,,36.0,,,,,,31.0,,,,,4281.8,17.0,,DAL_LB_02,LB,,,,33.0,,,,,126.0,,,1,,,,,,39.0,,,,,8.0,,,,0,2667.0,214.0,,333.0,215.0,10.0,53.0,,,,530.0,,,,,1441.0,,40.31
,,,101.0,,,REGULAR_SEASON,,,,596.0,,,,Trey Panganiban,,,,,,,,,,,,,,,,4.0,,,17.0,,,,,,,,1.0,,,,12.0,,,,,,1.0,,,,,1624.9,7.0,,DAL_LB_01,LB,,,,12.0,,,,,47.0,,,1,,,,,,17.0,,,,,5.0,,,,0,775.0,67.0,,103.0,75.0,5.0,10.0,,,,148.0,,,,,568.0,,16.15
,,,103.0,,,REGULAR_SEASON,,,,615.0,,,,Murphy Finnegan,,,,,,,,,,,,,,,,10.0,,,17.0,,,,,,,,1.0,,,,11.0,,,,,,5.0,,,,,1590.2,2.0,,DAL_LB_04,LB,,,,16.0,,,,,55.0,,,1,,,,,,10.0,,,,,5.0,,,,0,798.0,65.0,,103.0,75.0,4.0,14.0,,,,148.0,,,,,578.0,,16.35
,,,,,,REGULAR_SEASON,,,,3704.0,,,,Julius Fulmer,,,,,,,,,,,,,,,,99.0,,,97.0,,,,,,,,16.0,,,,36.0,,,,,,66.0,,,,,7303.5,23.0,,DAL_CB_03,CB,,,,,,,,,188.0,,,0,,,,,,59.0,,,,,,,,,0,4805.0,224.0,,373.0,322.0,15.0,,,,,909.0,,,,,2089.0,,55.0
,,,,,,REGULAR_SEASON,,,,662.0,,,,Grayson Farrow,,,,,,,,,,,,,,,,12.0,,,17.0,,,,,,,,0.0,,,,5.0,,,,,,8.0,,,,,1782.6,6.0,,DAL_CB_02,CB,,,,,,,,,52.0,,,1,,,,,,11.0,,,,,,,,,0,859.0,45.0,,76.0,73.0,7.0,,,,,148.0,,,,,577.0,,14.96
,,,,,,REGULAR_SEASON,,,,2269.0,,,,Raylan Sabbagh,,,,,,,,,,,,,,,,40.0,,,59.0,,,,,,,,4.0,,,,26.0,,,,,,25.0,,,,,4533.7,18.0,,DAL_CB_05,CB,,,,,,,,,112.0,,,1,,,,,,44.0,,,,,,,,,0,2946.0,127.0,,212.0,208.0,12.0,,,,,520.0,,,,,1203.0,,31.54
,,,,,,REGULAR_SEASON,,,,360.0,,,,Arch Harbaugh,,,,,,,,,,,,,,,,6.0,,,9.0,,,,,,,,1.0,,,,3.0,,,,,,3.0,,,,,572.6,1.0,,DAL_CB_01,CB,,,,,,,,,21.0,,,1,,,,,,7.0,,,,,,,,,0,465.0,18.0,,32.0,40.0,1.0,,,,,51.0,,,,,193.0,,4.74
,,,,,,REGULAR_SEASON,,,,820.0,,,,Samir Finnegan,,,,,,,,,,,,,,,,24.0,,,21.0,,,,,,,,0.0,,,,10.0,,,,,,12.0,,,,,1373.7,2.0,,DAL_S_02,S,,,,,,,,,36.0,,,1,,,,,,15.0,,,,,,,,,0,1059.0,60.0,,98.0,78.0,0.0,,,,,215.0,,,,,396.0,,10.27
,,,,,,REGULAR_SEASON,,,,671.0,,,,Gunnar Worrilow,,,,,,,,,,,,,,,,12.0,,,17.0,,,,,,,,1.0,,,,7.0,,,,,,7.0,,,,,1482.2,2.0,,DAL_S_01,S,,,,,,,,,46.0,,,1,,,,,,8.0,,,,,,,,,0,869.0,38.0,,66.0,77.0,4.0,,,,,148.0,,,,,570.0,,14.59
,,,,,,REGULAR_SEASON,,,,654.0,,,,Thatcher Monfort,,,,,,,,,,,,,,,,8.0,,,16.0,,,,,,,,0.0,,,,9.0,,,,,,1.0,,,,,1377.9,4.0,,DAL_S_04,S,,,,,,,,,37.0,,,1,,,,,,15.0,,,,,,,,,0,845.0,33.0,,57.0,65.0,5.0,,,,,137.0,,,,,433.0,,10.58
,,,,,,REGULAR_SEASON,,,,,,,,Lockett Comeaux,,,,126.0,37.0,37.0,31.0,25.0,114.0,28.0,31.0,20.0,23.0,,,,,,89.0,,3.0,,,,,,,361.0,,2891.0,,,,,,,,,,,,,,,DAL_K_01,K,,,,,,,,,,,,0,,,,,,,,,,,,,,,0,534.0,,,,,,,,228.0,,805.0,209.0,203.0,,,,,
,,,,,,REGULAR_SEASON,,,,,,,,Fletcher Owusu,,,,,,,,,,,,,,,,,,,92.0,15431.0,,,,,42.0,123.0,,,5115.0,,,,13967.0,,,,,,,,,,,,DAL_P_01,P,,,,,,331.0,,,,,,0,1464.0,,,,,,,,,,,,,,0,460.0,,,,,,,,24.0,,849.0,,,,,,,
2.0,1.0,,,,,REGULAR_SEASON,,,,,,,,Trace Ricciardi,,,,,,,,,,,,,,,0.0,,,,2.0,,,,1.0,,,,,,,,2.0,,,,,,,52.0,0.16,,,,0.0,,NYG_EDGE_03,EDGE,,,,2.0,,,0.0,,,,,1,,,,,,2.0,,,,,1.0,,,,0,92.0,1.0,,3.0,,,0.0,,,,5.0,,,,,,,
,,,89.0,,,REGULAR_SEASON,,,,542.0,,,,Dorian Shreve,,,,,,,,,,,,,,,,11.0,,,15.0,,,,,,,,2.0,,,,12.0,,,,,,6.0,,,,,1314.5,3.0,,NYG_LB_04,LB,,,,11.0,,,,,31.0,,,1,,,,,,11.0,,,,,1.0,,,,0,704.0,55.0,,88.0,52.0,4.0,11.0,,,,116.0,,,,,368.0,,10.14
,,,,,,REGULAR_SEASON,,,,1164.0,,,,Arlen Fitzhugh,,,,,,,,,,,,,,,,17.0,,,30.0,,,,,,,,0.0,,,,11.0,,,,,,10.0,,,,,2577.7,14.0,,NYG_CB_05,CB,,,,,,,,,68.0,,,1,,,,,,14.0,,,,,,,,,0,1510.0,63.0,,110.0,118.0,8.0,,,,,275.0,,,,,719.0,,18.71
,,,,,,REGULAR_SEASON,,90.0,178.0,,,,138.0,Kojo Holbrook,59.0,,,,,,,,,,,,,280.0,,,,,101.0,,,,,,,,,,,,,81.0,,,,,,,,,,,,,NE_WR_02,WR,,,,,,,,625.0,,26.0,7225.0,0,,3741.0,,1279.0,,,,,,,,,,,0,4410.0,,,,1124.0,,,,,,988.0,,,3115.0,,,,
,,,,,,REGULAR_SEASON,,,,,,,,Warrick Rhodes,,,,,,,,,,,,,,,,,,,4.0,,,2.0,,2.0,,,,,,,,,,,357.8,155.0,,,,,,,3.0,,NE_OT_01,OT,,,,,6.0,,,,,,,1,,,9.0,124.0,47.0,,,,,,,4.0,,,0,279.0,,4.0,,,,,,,,16.0,,,,,,,
,,137.0,,,989.0,REGULAR_SEASON,953.0,,,,155.0,65.0,,Kane Snodgrass,,51.0,,,,,,,,,,,,454.0,,,1.0,0.0,45.0,,,,,,,,33.0,,,,,,,1460.0,,,,,,56.0,10515.0,,,330.0,BAL_QB_01,QB,471.0,223.0,2138.0,,,,,,,,,1,,,,,,,165.0,,692.0,599.0,,,95.0,103.0,0,2862.0,,45.0,,,,,77.0,,45.0,436.0,,,,,,,
,,,,32.0,,REGULAR_SEASON,,30.0,54.0,,,,34.0,Sebastien Rainsberger,12.0,,15.0,,,,,,,,,,,88.0,,,0.0,,17.0,,,,,,,,,,,,,7.0,,,,113.0,,,,,,,,,BAL_RB_01,RB,,,,,7.0,,,183.0,,,2122.0,1,,163.0,,41.0,,,255.0,9.0,1151.0,,,,,,0,485.0,,,,309.0,,,,,,161.0,,,931.0,514.0,,637.0,
,,,,41.0,,REGULAR_SEASON,,50.0,120.0,,,,83.0,Vaughn Forsythe,36.0,,36.0,,,,,,,,,,,186.0,,,3.0,,43.0,,,,,,,,,,,,,17.0,,,,231.0,,,,,,,,,BAL_RB_02,RB,,,,,17.0,,,386.0,,,4680.0,1,,362.0,,92.0,,,518.0,11.0,2246.0,,,,,,0,1100.0,,,,622.0,,,,,,397.0,,,2004.0,967.0,,1306.0,
,,,,61.0,,REGULAR_SEASON,,37.0,78.0,,,,67.0,Forrest Tullis,33.0,,30.0,,,,,,,,,,,139.0,,,0.0,,58.0,,,,,,,,,,,,,30.0,,,,314.0,,,,,,,,,BAL_RB_03,RB,,,,,25.0,,,312.0,,,3579.0,0,,363.0,,85.0,,,390.0,0.0,1728.0,,,,,,0,1114.0,,,,476.0,,,,,,583.0,,,1393.0,773.0,,957.0,
,,,,,,REGULAR_SEASON,,55.0,107.0,,,,95.0,Delano Kilgore,33.0,,,,,,,,,,,,,137.0,,,,,65.0,,,,,,,,,,,,,31.0,,,,,,,,,,,,,BAL_WR_02,WR,,,,,,,,334.0,,17.0,4225.0,1,,2365.0,,809.0,,,,,,,,,,,0,2787.0,,,,616.0,,,,,,578.0,,,1762.0,,,,
,,,,,,REGULAR_SEASON,,14.0,31.0,,,,22.0,Dakari Moehrig,11.0,,,,,,,,,,,,,20.0,,,,,49.0,,,,,,,,,,,,,19.0,,,,,,,,,,,,,BAL_WR_01,WR,,,,,,,,80.0,,3.0,1114.0,1,,1829.0,,624.0,,,,,,,,,,,0,2159.0,,,,163.0,,,,,,433.0,,,470.0,,,,
,,,,,,REGULAR_SEASON,,36.0,85.0,,,,58.0,Tanner Guilford,14.0,,,,,,,,,,,,,70.0,,,,,96.0,,,,,,,,,,,,,54.0,,,,,,,,,,,,,BAL_WR_04,WR,,,,,,,,225.0,,19.0,2990.0,0,,3590.0,,1225.0,,,,,,,,,,,0,4228.0,,,,415.0,,,,,,900.0,,,1189.0,,,,
,,,,,,REGULAR_SEASON,,27.0,80.0,,,,65.0,Wilkes Brasher,25.0,,,,,,,,,,,,,104.0,,,,,69.0,,,,,,,,,,,,,26.0,,,,,,,,,,,,,BAL_WR_05,WR,,,,,,,,270.0,,18.0,3394.0,0,,2526.0,,865.0,,,,,,,,,,,0,2979.0,,,,487.0,,,,,,625.0,,,1409.0,,,,
,,,,,,REGULAR_SEASON,,20.0,56.0,,,,50.0,Rocco Chidozie,11.0,,,,,,,,,,,,,60.0,,,,,51.0,,,,,,,,,,,,,37.0,,,,,,,,,,,,,BAL_TE_01,TE,,,,,,,,158.0,,,2009.0,1,,1722.0,,588.0,,,,,,,,,,,0,2034.0,,,,315.0,,,,,,516.0,,,802.0,,,,
,,,,,,REGULAR_SEASON,,0.0,5.0,,,,3.0,Lorenzo Spielman,3.0,,,,,,,,,,,,,0.0,,,,,17.0,,,,,,,,,,,,,4.0,,,,,,,,,,,,,BAL_TE_03,TE,,,,,,,,15.0,,,203.0,1,,564.0,,193.0,,,,,,,,,,,0,668.0,,,,29.0,,,,,,161.0,,,77.0,,,,
,,,,,,REGULAR_SEASON,,,,,,,,Carlisle Cornish,,,,,,,,,,,,,,,,,,,63.0,,,21.0,,73.0,,,,,,,,,,,5924.2,2278.0,,,,,,,32.0,,BAL_OT_02,OT,,,,,106.0,,,,,,,0,,,151.0,1853.0,796.0,,,,,,,13.0,,,0,4131.0,,63.0,,,,,,,,583.0,,,,,,,
,,,,,,REGULAR_SEASON,,,,,,,,Zico Steinkuhler,,,,,,,,,,,,,,,,,,,33.0,,,11.0,,59.0,,,,,,,,,,,3054.1,1208.0,,,,,,,15.0,,BAL_OT_01,OT,,,,,75.0,,,,,,,0,,,105.0,979.0,372.0,,,,,,,6.0,,,0,2187.0,,33.0,,,,,,,,295.0,,,,,,,
,,,,,,REGULAR_SEASON,,,,,,,,Reginald Torrence,,,,,,,,,,,,,,,,,,,68.0,,,22.0,,50.0,,,,,,,,,,,6391.5,2459.0,,,,,,,43.0,,BAL_OG_02,OG,,,,,91.0,,,,,,,1,,,148.0,1996.0,906.0,,,,,,,22.0,,,0,4455.0,,68.0,,,,,,,,627.0,,,,,,,
,,,,,,REGULAR_SEASON,,,,,,,,Stryker Medearis,,,,,,,,,,,,,,,,,,,15.0,,,7.0,,18.0,,,,,,,,,,,1393.8,548.0,,,,,,,4.0,,BAL_OG_01,OG,,,,,29.0,,,,,,,1,,,43.0,445.0,193.0,,,,,,,4.0,,,0,993.0,,15.0,,,,,,,,127.0,,,,,,,
,,,,,,REGULAR_SEASON,,,,,,,,Bryce Wolfington,,,,,,,,,,,,,,,,,,,102.0,,,31.0,,88.0,,,,,,,,,,,9589.7,3684.0,,,,,,,54.0,,BAL_C_01,C,,,,,148.0,,,,,,,0,,,260.0,2981.0,1292.0,,,,,,,29.0,,,0,6665.0,,102.0,,,,,,,,938.0,,,,,,,
127.0,15.0,,,,,REGULAR_SEASON,,,,,,,,Sutton Yarborough,,,,,,,,,,,,,,,9.0,,,,93.0,,,,132.0,,,,,,,,15.0,,,,,,,2293.0,15.72,,,,22.0,,BAL_EDGE_02,EDGE,,,,248.0,,,70.0,,,,,0,,,,,,206.0,,,,,65.0,,,,0,4027.0,94.0,,221.0,,,46.0,,,,848.0,,,,,,,
157.0,11.0,,,,,REGULAR_SEASON,,,,,,,,Chevy Marsalis,,,,,,,,,,,,,,,6.0,,,,101.0,,,,120.0,,,,,,,,23.0,,,,,,,2491.0,14.14,,,,18.0,,BAL_EDGE_01,EDGE,,,,236.0,,,73.0,,,,,0,,,,,,169.0,,,,,63.0,,,,0,4380.0,128.0,,285.0,,,58.0,,,,944.0,,,,,,,
26.0,2.0,,,,,REGULAR_SEASON,,,,,,,,Kavon Harkness,,,,,,,,,,,,,,,1.0,,,,17.0,,,,22.0,,,,,,,,5.0,,,,,,,419.0,2.29,,,,5.0,,BAL_EDGE_03,EDGE,,,,39.0,,,14.0,,,,,1,,,,,,27.0,,,,,3.0,,,,0,734.0,22.0,,48.0,,,4.0,,,,161.0,,,,,,,
90.0,5.0,,,,,REGULAR_SEASON,,,,,,,,Wolfgang Forsythe,,,,,,,,,,,,,,,7.0,,,,64.0,,,,88.0,,,,,,,,10.0,,,,,,,1567.0,9.55,,,,11.0,,BAL_EDGE_04,EDGE,,,,153.0,,,49.0,,,,,1,,,,,,102.0,,,,,19.0,,,,0,2761.0,71.0,,161.0,,,21.0,,,,599.0,,,,,,,
120.0,7.0,,,,,REGULAR_SEASON,,,,,,,,Laurent Epperson,,,,,,,,,,,,,,,8.0,,,,83.0,,,,112.0,,,,,,,,9.0,,,,,,,1755.0,13.3,,,,6.0,,BAL_DT_01,DT,,,,191.0,,,56.0,,,,,0,,,,,,170.0,,,,,27.0,,,,0,3098.0,96.0,,216.0,,,43.0,,,,819.0,,,,,,,
75.0,5.0,,,,,REGULAR_SEASON,,,,,,,,Tarik Jarnigan,,,,,,,,,,,,,,,2.0,,,,47.0,,,,86.0,,,,,,,,12.0,,,,,,,1008.0,8.05,,,,16.0,,BAL_DT_02,DT,,,,121.0,,,25.0,,,,,1,,,,,,120.0,,,,,12.0,,,,0,1783.0,61.0,,136.0,,,32.0,,,,433.0,,,,,,,
36.0,6.0,,,,,REGULAR_SEASON,,,,,,,,Reeves Quigley,,,,,,,,,,,,,,,1.0,,,,25.0,,,,26.0,,,,,,,,10.0,,,,,,,516.0,2.95,,,,4.0,,BAL_DT_03,DT,,,,46.0,,,16.0,,,,,1,,,,,,34.0,,,,,4.0,,,,0,914.0,26.0,,62.0,,,12.0,,,,203.0,,,,,,,
,,,102.0,,,REGULAR_SEASON,,,,612.0,,,,Thelonious Petitgout,,,,,,,,,,,,,,,,6.0,,,18.0,,,,,,,,1.0,,,,10.0,,,,,,5.0,,,,,1304.7,3.0,,BAL_LB_02,LB,,,,9.0,,,,,39.0,,,1,,,,,,15.0,,,,,2.0,,,,0,796.0,72.0,,110.0,76.0,2.0,10.0,,,,166.0,,,,,450.0,,13.54
,,,486.0,,,REGULAR_SEASON,,,,2926.0,,,,Derrick Holliday,,,,,,,,,,,,,,,,60.0,,,82.0,,,,,,,,8.0,,,,43.0,,,,,,40.0,,,,,6960.7,25.0,,BAL_LB_01,LB,,,,63.0,,,,,190.0,,,1,,,,,,57.0,,,,,11.0,,,,0,3803.0,288.0,,454.0,310.0,17.0,56.0,,,,806.0,,,,,2475.0,,69.7
,,,169.0,,,REGULAR_SEASON,,,,1207.0,,,,Jamir Broadwater,,,,,,,,,,,,,,,,16.0,,,34.0,,,,,,,,2.0,,,,13.0,,,,,,9.0,,,,,2484.5,9.0,,BAL_LB_03,LB,,,,24.0,,,,,77.0,,,1,,,,,,15.0,,,,,7.0,,,,0,1567.0,123.0,,192.0,142.0,5.0,31.0,,,,293.0,,,,,879.0,,24.41
,,,,,,REGULAR_SEASON,,,,2939.0,,,,Zamir Lasseter,,,,,,,,,,,,,,,,78.0,,,77.0,,,,,,,,7.0,,,,26.0,,,,,,49.0,,,,,5792.2,22.0,,BAL_CB_03,CB,,,,,,,,,122.0,,,1,,,,,,64.0,,,,,,,,,0,3810.0,206.0,,341.0,233.0,10.0,,,,,701.0,,,,,1553.0,,40.92
,,,,,,REGULAR_SEASON,,,,3037.0,,,,Delano Gholston,,,,,,,,,,,,,,,,52.0,,,80.0,,,,,,,,6.0,,,,31.0,,,,,,33.0,,,,,6881.2,25.0,,BAL_CB_01,CB,,,,,,,,,170.0,,,1,,,,,,59.0,,,,,,,,,0,3939.0,178.0,,306.0,271.0,17.0,,,,,778.0,,,,,1985.0,,52.93
,,,,,,REGULAR_SEASON,,,,3796.0,,,,Ezekiel Bancroft,,,,,,,,,,,,,,,,75.0,,,99.0,,,,,,,,14.0,,,,34.0,,,,,,43.0,,,,,7522.8,18.0,,BAL_CB_02,CB,,,,,,,,,222.0,,,0,,,,,,73.0,,,,,,,,,0,4923.0,234.0,,391.0,414.0,15.0,,,,,949.0,,,,,2656.0,,69.84
,,,,,,REGULAR_SEASON,,,,1933.0,,,,Zebulon Boykin,,,,,,,,,,,,,,,,27.0,,,51.0,,,,,,,,3.0,,,,16.0,,,,,,13.0,,,,,4325.7,15.0,,BAL_CB_06,CB,,,,,,,,,109.0,,,1,,,,,,30.0,,,,,,,,,0,2506.0,119.0,,201.0,174.0,11.0,,,,,468.0,,,,,1227.0,,32.66
,,,,,,REGULAR_SEASON,,,,1213.0,,,,Ashton Linscomb,,,,,,,,,,,,,,,,19.0,,,30.0,,,,,,,,3.0,,,,17.0,,,,,,10.0,,,,,2321.4,9.0,,BAL_S_03,S,,,,,,,,,69.0,,,1,,,,,,15.0,,,,,,,,,0,1573.0,73.0,,119.0,125.0,5.0,,,,,311.0,,,,,760.0,,18.81
,,,,,,REGULAR_SEASON,,,,690.0,,,,Quentin Breckenridge,,,,,,,,,,,,,,,,5.0,,,17.0,,,,,,,,0.0,,,,8.0,,,,,,2.0,,,,,1502.3,4.0,,BAL_S_02,S,,,,,,,,,40.0,,,1,,,,,,14.0,,,,,,,,,0,895.0,29.0,,56.0,70.0,4.0,,,,,161.0,,,,,559.0,,13.86
,,,,,,REGULAR_SEASON,,,,2607.0,,,,Alonzo Stallworth,,,,,,,,,,,,,,,,41.0,,,65.0,,,,,,,,1.0,,,,24.0,,,,,,23.0,,,,,6022.3,21.0,,BAL_S_04,S,,,,,,,,,150.0,,,1,,,,,,39.0,,,,,,,,,0,3382.0,147.0,,245.0,245.0,14.0,,,,,622.0,,,,,1806.0,,45.37
,,,,,,REGULAR_SEASON,,,,,,,,Jace Babineaux,,,,118.0,27.0,15.0,32.0,25.0,106.0,20.0,7.0,21.0,17.0,,,,,,76.0,,4.0,,,,,,,289.0,,2672.0,,,,,,,,,,,,,,,BAL_K_01,K,,,,,,,,,,,,0,,,,,,,,,,,,,,,0,456.0,,,,,,,,182.0,,694.0,150.0,145.0,,,,,
93.0,6.0,,,,,REGULAR_SEASON,,,,,,,,Demarco Overstreet,,,,,,,,,,,,,,,4.0,,,,55.0,,,,81.0,,,,,,,,22.0,,,,,,,1367.0,7.1,,,,17.0,,DET_EDGE_05,EDGE,,,,115.0,,,26.0,,,,,0,,,,,,70.0,,,,,8.0,,,,0,2404.0,62.0,,155.0,,,26.0,,,,493.0,,,,,,,
,,69.0,,,685.0,REGULAR_SEASON,703.0,,,,109.0,44.0,,Griffin Sunderland,,41.0,,,,,,,,,,,,332.0,,,4.0,2.0,30.0,,,,,,,,14.0,,,,,,,1007.0,,,,,,59.0,8069.0,,,250.0,TEN_QB_01,QB,322.0,140.0,1327.0,,,,,,,,,1,,,,,,,94.0,,367.0,391.0,,,60.0,62.0,0,1895.0,,30.0,,,,,46.0,,50.0,261.0,,,,,,,
,,,,38.0,,REGULAR_SEASON,,36.0,73.0,,,,75.0,Fenwick Jorgensen,30.0,,18.0,,,,,,,,,,,152.0,,,0.0,,34.0,,,,,,,,,,,,,16.0,,,,182.0,,,,,,,,,TEN_RB_01,RB,,,,,21.0,,,327.0,,,3846.0,1,,281.0,,69.0,,,384.0,15.0,1646.0,,,,,,0,848.0,,,,475.0,,,,,,332.0,,,1643.0,735.0,,915.0,
,,,,16.0,,REGULAR_SEASON,,6.0,22.0,,,,15.0,Griffin Fahey,8.0,,13.0,,,,,,,,,,,46.0,,,1.0,,17.0,,,,,,,,,,,,,8.0,,,,90.0,,,,,,,,,TEN_RB_02,RB,,,,,3.0,,,106.0,,,1277.0,1,,109.0,,24.0,,,125.0,,528.0,,,,,,0,334.0,,,,153.0,,,,,,158.0,,,502.0,231.0,,297.0,
,,,,27.0,,REGULAR_SEASON,,9.0,23.0,,,,16.0,Kingston Hennessy,9.0,,14.0,,,,,,,,,,,23.0,,,0.0,,34.0,,,,,,,,,,,,,9.0,,,,198.0,,,,,,,,,TEN_RB_03,RB,,,,,22.0,,,82.0,,,1160.0,1,,170.0,,35.0,,,106.0,,501.0,,,,,,0,538.0,,,,133.0,,,,,,324.0,,,484.0,245.0,,258.0,
,,,,,,REGULAR_SEASON,,39.0,80.0,,,,53.0,Whitaker Cribbs,18.0,,,,,,,,,,,,,102.0,,,,,47.0,,,,,,,,,,,,,38.0,,,,,,,,,,,,,TEN_WR_01,WR,,,,,,,,249.0,,12.0,3007.0,1,,1717.0,,588.0,,,,,,,,,,,0,2025.0,,,,426.0,,,,,,463.0,,,1209.0,,,,
,,,,,,REGULAR_SEASON,,61.0,110.0,,,,92.0,Ephraim Leavitt,35.0,,,,,,,,,,,,,169.0,,,,,65.0,,,,,,,,,,,,,50.0,,,,,,,,,,,,,TEN_WR_03,WR,,,,,,,,379.0,,23.0,4559.0,1,,2355.0,,803.0,,,,,,,,,,,0,2778.0,,,,663.0,,,,,,624.0,,,1867.0,,,,
,,,,,,REGULAR_SEASON,,25.0,40.0,,,,39.0,Waylon Calderón,9.0,,,,,,,,,,,,,45.0,,,,,56.0,,,,,,,,,,,,,34.0,,,,,,,,,,,,,TEN_WR_02,WR,,,,,,,,146.0,,10.0,1904.0,1,,2112.0,,722.0,,,,,,,,,,,0,2488.0,,,,258.0,,,,,,539.0,,,774.0,,,,
,,,,,,REGULAR_SEASON,,6.0,17.0,,,,11.0,Walker Tyree,2.0,,,,,,,,,,,,,8.0,,,,,23.0,,,,,,,,,,,,,15.0,,,,,,,,,,,,,TEN_WR_05,WR,,,,,,,,40.0,,1.0,586.0,1,,813.0,,278.0,,,,,,,,,,,0,961.0,,,,73.0,,,,,,177.0,,,247.0,,,,
,,,,,,REGULAR_SEASON,,56.0,125.0,,,,87.0,Salem Tatupu,28.0,,,,,,,,,,,,,152.0,,,,,102.0,,,,,,,,,,,,,66.0,,,,,,,,,,,,,TEN_TE_03,TE,,,,,,,,389.0,,,4705.0,0,,3385.0,,1153.0,,,,,,,,,,,0,4005.0,,,,683.0,,,,,,1011.0,,,1877.0,,,,
,,,,,,REGULAR_SEASON,,41.0,74.0,,,,57.0,Sergio Gathers,22.0,,,,,,,,,,,,,68.0,,,,,99.0,,,,,,,,,,,,,53.0,,,,,,,,,,,,,TEN_TE_01,TE,,,,,,,,219.0,,,2851.0,0,,3298.0,,1128.0,,,,,,,,,,,0,3898.0,,,,411.0,,,,,,950.0,,,1110.0,,,,
,,,,,,REGULAR_SEASON,,,,,,,,Killian Windham,,,,,,,,,,,,,,,,,,,65.0,,,18.0,,70.0,,,,,,,,,,,6156.2,2321.0,,,,,,,34.0,,TEN_OT_01,OT,,,,,95.0,,,,,,,0,,,133.0,1886.0,845.0,,,,,,,11.0,,,0,4207.0,,65.0,,,,,,,,599.0,,,,,,,
,,,,,,REGULAR_SEASON,,,,,,,,Madden Bledsoe,,,,,,,,,,,,,,,,,,,26.0,,,11.0,,27.0,,,,,,,,,,,2438.4,920.0,,,,,,,14.0,,TEN_OT_04,OT,,,,,42.0,,,,,,,1,,,67.0,746.0,315.0,,,,,,,6.0,,,0,1666.0,,26.0,,,,,,,,223.0,,,,,,,
,,,,,,REGULAR_SEASON,,,,,,,,Shepard Greenlaw,,,,,,,,,,,,,,,,,,,78.0,,,23.0,,70.0,,,,,,,,,,,7363.2,2836.0,,,,,,,37.0,,TEN_OG_04,OG,,,,,110.0,,,,,,,0,,,167.0,2298.0,1055.0,,,,,,,20.0,,,0,5134.0,,78.0,,,,,,,,781.0,,,,,,,
,,,,,,REGULAR_SEASON,,,,,,,,Arlen Gauthier,,,,,,,,,,,,,,,,,,,84.0,,,20.0,,78.0,,,,,,,,,,,7981.8,3013.0,,,,,,,40.0,,TEN_OG_01,OG,,,,,111.0,,,,,,,0,,,171.0,2452.0,1135.0,,,,,,,16.0,,,0,5465.0,,84.0,,,,,,,,770.0,,,,,,,
,,,,,,REGULAR_SEASON,,,,,,,,Lowell Woolfolk,,,,,,,,,,,,,,,,,,,81.0,,,27.0,,64.0,,,,,,,,,,,7642.8,2922.0,,,,,,,35.0,,TEN_C_01,C,,,,,110.0,,,,,,,0,,,171.0,2367.0,1072.0,,,,,,,23.0,,,0,5289.0,,81.0,,,,,,,,787.0,,,,,,,
90.0,10.0,,,,,REGULAR_SEASON,,,,,,,,Darian Pouncey,,,,,,,,,,,,,,,3.0,,,,61.0,,,,83.0,,,,,,,,18.0,,,,,,,1487.0,9.1,,,,15.0,,TEN_EDGE_02,EDGE,,,,165.0,,,48.0,,,,,1,,,,,,114.0,,,,,41.0,,,,0,2613.0,70.0,,160.0,,,29.0,,,,567.0,,,,,,,
137.0,9.0,,,,,REGULAR_SEASON,,,,,,,,Harrison Markham,,,,,,,,,,,,,,,3.0,,,,87.0,,,,112.0,,,,,,,,23.0,,,,,,,2167.0,11.45,,,,27.0,,TEN_EDGE_01,EDGE,,,,197.0,,,55.0,,,,,0,,,,,,134.0,,,,,38.0,,,,0,3807.0,112.0,,249.0,,,37.0,,,,834.0,,,,,,,
60.0,7.0,,,,,REGULAR_SEASON,,,,,,,,Remy Hilliard,,,,,,,,,,,,,,,0.0,,,,37.0,,,,52.0,,,,,,,,15.0,,,,,,,926.0,5.77,,,,5.0,,TEN_EDGE_03,EDGE,,,,93.0,,,27.0,,,,,1,,,,,,79.0,,,,,15.0,,,,0,1627.0,49.0,,109.0,,,23.0,,,,348.0,,,,,,,
62.0,7.0,,,,,REGULAR_SEASON,,,,,,,,Julius Mendenhall,,,,,,,,,,,,,,,4.0,,,,35.0,,,,54.0,,,,,,,,14.0,,,,,,,869.0,4.81,,,,7.0,,TEN_EDGE_05,EDGE,,,,82.0,,,21.0,,,,,0,,,,,,58.0,,,,,7.0,,,,0,1528.0,50.0,,112.0,,,20.0,,,,319.0,,,,,,,
142.0,14.0,,,,,REGULAR_SEASON,,,,,,,,Juelz Durrant,,,,,,,,,,,,,,,7.0,,,,94.0,,,,132.0,,,,,,,,25.0,,,,,,,2002.0,13.94,,,,18.0,,TEN_DT_02,DT,,,,198.0,,,50.0,,,,,0,,,,,,168.0,,,,,20.0,,,,0,3537.0,113.0,,255.0,,,54.0,,,,861.0,,,,,,,
140.0,16.0,,,,,REGULAR_SEASON,,,,,,,,Zephyr Bancroft,,,,,,,,,,,,,,,5.0,,,,97.0,,,,131.0,,,,,,,,21.0,,,,,,,2060.0,14.31,,,,17.0,,TEN_DT_01,DT,,,,203.0,,,58.0,,,,,0,,,,,,181.0,,,,,19.0,,,,0,3644.0,116.0,,256.0,,,53.0,,,,957.0,,,,,,,
106.0,8.0,,,,,REGULAR_SEASON,,,,,,,,Benoit Dabney,,,,,,,,,,,,,,,4.0,,,,63.0,,,,85.0,,,,,,,,21.0,,,,,,,1367.0,8.99,,,,10.0,,TEN_DT_04,DT,,,,131.0,,,35.0,,,,,0,,,,,,105.0,,,,,13.0,,,,0,2406.0,82.0,,188.0,,,39.0,,,,639.0,,,,,,,
,,,534.0,,,REGULAR_SEASON,,,,3128.0,,,,Waylon Appleton,,,,,,,,,,,,,,,,71.0,,,89.0,,,,,,,,11.0,,,,38.0,,,,,,47.0,,,,,7118.0,23.0,,TEN_LB_01,LB,,,,62.0,,,,,178.0,,,0,,,,,,74.0,,,,,9.0,,,,0,4067.0,325.0,,503.0,308.0,14.0,73.0,,,,841.0,,,,,2322.0,,67.74
,,,394.0,,,REGULAR_SEASON,,,,2348.0,,,,Dorian Vaitai,,,,,,,,,,,,,,,,41.0,,,67.0,,,,,,,,4.0,,,,47.0,,,,,,17.0,,,,,5764.9,20.0,,TEN_LB_04,LB,,,,41.0,,,,,166.0,,,1,,,,,,42.0,,,,,5.0,,,,0,3052.0,234.0,,376.0,266.0,15.0,53.0,,,,660.0,,,,,1945.0,,55.78
,,,263.0,,,REGULAR_SEASON,,,,1606.0,,,,Ibrahim Wyckoff,,,,,,,,,,,,,,,,27.0,,,45.0,,,,,,,,4.0,,,,25.0,,,,,,14.0,,,,,3536.7,12.0,,TEN_LB_02,LB,,,,35.0,,,,,107.0,,,1,,,,,,31.0,,,,,5.0,,,,0,2086.0,153.0,,244.0,184.0,10.0,29.0,,,,435.0,,,,,1225.0,,35.03
,,,,,,REGULAR_SEASON,,,,1771.0,,,,Lazaro Vasher,,,,,,,,,,,,,,,,47.0,,,47.0,,,,,,,,7.0,,,,22.0,,,,,,32.0,,,,,3115.3,13.0,,TEN_CB_03,CB,,,,,,,,,81.0,,,1,,,,,,37.0,,,,,,,,,0,2299.0,105.0,,173.0,158.0,6.0,,,,,456.0,,,,,900.0,,24.08
,,,,,,REGULAR_SEASON,,,,643.0,,,,Gage Simmerman,,,,,,,,,,,,,,,,16.0,,,17.0,,,,,,,,1.0,,,,4.0,,,,,,9.0,,,,,1225.6,4.0,,TEN_CB_02,CB,,,,,,,,,36.0,,,1,,,,,,11.0,,,,,,,,,0,834.0,43.0,,70.0,72.0,3.0,,,,,158.0,,,,,413.0,,11.06
,,,,,,REGULAR_SEASON,,,,1731.0,,,,Landry Granderson,,,,,,,,,,,,,,,,24.0,,,45.0,,,,,,,,0.0,,,,22.0,,,,,,17.0,,,,,4037.3,12.0,,TEN_CB_01,CB,,,,,,,,,127.0,,,1,,,,,,33.0,,,,,,,,,0,2247.0,97.0,,164.0,202.0,8.0,,,,,430.0,,,,,1507.0,,39.06
,,,,,,REGULAR_SEASON,,,,2041.0,,,,Micah Stoutland,,,,,,,,,,,,,,,,39.0,,,54.0,,,,,,,,5.0,,,,12.0,,,,,,20.0,,,,,4868.0,19.0,,TEN_CB_06,CB,,,,,,,,,128.0,,,1,,,,,,32.0,,,,,,,,,0,2649.0,102.0,,182.0,196.0,13.0,,,,,527.0,,,,,1438.0,,38.16
,,,,,,REGULAR_SEASON,,,,3815.0,,,,Kane Crockett,,,,,,,,,,,,,,,,74.0,,,96.0,,,,,,,,3.0,,,,42.0,,,,,,48.0,,,,,7738.8,24.0,,TEN_S_01,S,,,,,,,,,175.0,,,0,,,,,,78.0,,,,,,,,,0,4947.0,202.0,,345.0,329.0,15.0,,,,,937.0,,,,,2225.0,,56.69
,,,,,,REGULAR_SEASON,,,,1332.0,,,,Finley Sherfield,,,,,,,,,,,,,,,,26.0,,,33.0,,,,,,,,0.0,,,,11.0,,,,,,15.0,,,,,2875.3,9.0,,TEN_S_02,S,,,,,,,,,71.0,,,1,,,,,,23.0,,,,,,,,,0,1727.0,64.0,,112.0,130.0,7.0,,,,,302.0,,,,,976.0,,24.56
,,,,,,REGULAR_SEASON,,,,684.0,,,,Isaias Tenpenny,,,,,,,,,,,,,,,,15.0,,,17.0,,,,,,,,0.0,,,,5.0,,,,,,9.0,,,,,1388.1,6.0,,TEN_S_03,S,,,,,,,,,32.0,,,1,,,,,,8.0,,,,,,,,,0,889.0,37.0,,61.0,69.0,6.0,,,,,158.0,,,,,427.0,,10.81
,,,,,,REGULAR_SEASON,,,,,,,,Trace Scarbrough,,,,128.0,31.0,42.0,28.0,34.0,111.0,23.0,37.0,20.0,26.0,,,,,,91.0,,4.0,,,,,,,356.0,,3207.0,,,,,,,,,,,,,,,TEN_K_01,K,,,,,,,,,,,,0,,,,,,,,,,,,,,,0,546.0,,,,,,,,222.0,,866.0,167.0,161.0,,,,,
,,,,,,REGULAR_SEASON,,,,,,,,Rowan Elmore,,,,,,,,,,,,,,,,,,,93.0,16536.0,,,,,37.0,136.0,,,5042.0,,,,14968.0,,,,,,,,,,,,TEN_P_01,P,,,,,,351.0,,,,,,0,1568.0,,,,,,,,,,,,,,0,465.0,,,,,,,,20.0,,861.0,,,,,,,
,,133.0,,,1022.0,REGULAR_SEASON,1022.0,,,,152.0,59.0,,Joaquin Camarillo,,53.0,,,,,,,,,,,,503.0,,,5.0,3.0,44.0,,,,,,,,26.0,,,,,,,1480.0,,,,,,67.0,11020.0,,,352.0,TB_QB_01,QB,458.0,204.0,2108.0,,,,,,,,,0,,,,,,,152.0,,743.0,520.0,,,81.0,93.0,0,2770.0,,44.0,,,,,88.0,,55.0,379.0,,,,,,,
,,,,76.0,,REGULAR_SEASON,,76.0,169.0,,,,131.0,Landry Dubois,54.0,,56.0,,,,,,,,,,,287.0,,,1.0,,65.0,,,,,,,,,,,,,28.0,,,,382.0,,,,,,,,,TB_RB_01,RB,,,,,41.0,,,608.0,,,6762.0,1,,536.0,,131.0,,,764.0,22.0,3183.0,,,,,,0,1618.0,,,,954.0,,,,,,659.0,,,2722.0,1399.0,,1835.0,
,,,,41.0,,REGULAR_SEASON,,44.0,76.0,,,,66.0,Rashad Amaechi,33.0,,21.0,,,,,,,,,,,127.0,,,2.0,,51.0,,,,,,,,,,,,,22.0,,,,261.0,,,,,,,,,TB_RB_02,RB,,,,,19.0,,,306.0,,,3641.0,1,,351.0,,83.0,,,387.0,,1703.0,,,,,,0,1066.0,,,,491.0,,,,,,524.0,,,1383.0,733.0,,976.0,
,,,,14.0,,REGULAR_SEASON,,7.0,17.0,,,,11.0,Vernon Ferrante,5.0,,5.0,,,,,,,,,,,14.0,,,0.0,,17.0,,,,,,,,,,,,,6.0,,,,88.0,,,,,,,,,TB_RB_03,RB,,,,,2.0,,,44.0,,,531.0,1,,87.0,,18.0,,,51.0,,234.0,,,,,,0,275.0,,,,67.0,,,,,,185.0,,,206.0,114.0,,123.0,
,,,,,,REGULAR_SEASON,,4.0,11.0,,,,9.0,Clay Lessard,2.0,,,,,,,,,,,,,19.0,,,,,13.0,,,,,,,,,,,,,5.0,,,,,,,,,,,,,TB_WR_01,WR,,,,,,,,51.0,,1.0,654.0,1,,492.0,,168.0,,,,,,,,,,,0,580.0,,,,89.0,,,,,,116.0,,,278.0,,,,
,,,,,,REGULAR_SEASON,,32.0,57.0,,,,38.0,Xander Paddock,21.0,,,,,,,,,,,,,67.0,,,,,66.0,,,,,,,,,,,,,36.0,,,,,,,,,,,,,TB_WR_02,WR,,,,,,,,196.0,,12.0,2478.0,0,,2397.0,,820.0,,,,,,,,,,,0,2829.0,,,,359.0,,,,,,659.0,,,1053.0,,,,
,,,,,,REGULAR_SEASON,,13.0,38.0,,,,25.0,Landry McGlinchey,22.0,,,,,,,,,,,,,37.0,,,,,34.0,,,,,,,,,,,,,11.0,,,,,,,,,,,,,TB_WR_04,WR,,,,,,,,108.0,,4.0,1342.0,1,,1281.0,,437.0,,,,,,,,,,,0,1510.0,,,,202.0,,,,,,361.0,,,580.0,,,,
,,,,,,REGULAR_SEASON,,5.0,16.0,,,,8.0,Vaughn Brinkley,8.0,,,,,,,,,,,,,17.0,,,,,24.0,,,,,,,,,,,,,11.0,,,,,,,,,,,,,TB_WR_06,WR,,,,,,,,56.0,,1.0,725.0,0,,898.0,,306.0,,,,,,,,,,,0,1060.0,,,,127.0,,,,,,248.0,,,282.0,,,,
,,,,,,REGULAR_SEASON,,32.0,62.0,,,,58.0,Lachlan Sutherland,12.0,,,,,,,,,,,,,59.0,,,,,79.0,,,,,,,,,,,,,38.0,,,,,,,,,,,,,TB_TE_01,TE,,,,,,,,178.0,,,2341.0,1,,2647.0,,906.0,,,,,,,,,,,0,3129.0,,,,337.0,,,,,,786.0,,,923.0,,,,
,,,,,,REGULAR_SEASON,,1.0,3.0,,,,6.0,Arch Buckhalter,3.0,,,,,,,,,,,,,0.0,,,,,17.0,,,,,,,,,,,,,11.0,,,,,,,,,,,,,TB_TE_03,TE,,,,,,,,15.0,,,230.0,1,,573.0,,196.0,,,,,,,,,,,0,677.0,,,,31.0,,,,,,185.0,,,86.0,,,,
,,,,,,REGULAR_SEASON,,,,,,,,Harlan Humphries,,,,,,,,,,,,,,,,,,,68.0,,,22.0,,66.0,,,,,,,,,,,6348.4,2485.0,,,,,,,41.0,,TB_OT_02,OT,,,,,108.0,,,,,,,1,,,159.0,2015.0,903.0,,,,,,,23.0,,,0,4500.0,,68.0,,,,,,,,685.0,,,,,,,
,,,,,,REGULAR_SEASON,,,,,,,,Jonas Amaechi,,,,,,,,,,,,,,,,,,,49.0,,,8.0,,64.0,,,,,,,,,,,4608.8,1807.0,,,,,,,26.0,,TB_OT_01,OT,,,,,81.0,,,,,,,0,,,102.0,1460.0,630.0,,,,,,,11.0,,,0,3267.0,,49.0,,,,,,,,484.0,,,,,,,
,,,,,,REGULAR_SEASON,,,,,,,,Wolfgang Wisniewski,,,,,,,,,,,,,,,,,,,63.0,,,23.0,,75.0,,,,,,,,,,,5931.6,2282.0,,,,,,,31.0,,TB_OG_01,OG,,,,,107.0,,,,,,,1,,,176.0,1848.0,762.0,,,,,,,11.0,,,0,4130.0,,63.0,,,,,,,,597.0,,,,,,,
,,,,,,REGULAR_SEASON,,,,,,,,Peyson Broadwater,,,,,,,,,,,,,,,,,,,23.0,,,7.0,,23.0,,,,,,,,,,,2161.5,838.0,,,,,,,10.0,,TB_OG_03,OG,,,,,35.0,,,,,,,0,,,51.0,679.0,290.0,,,,,,,6.0,,,0,1517.0,,23.0,,,,,,,,234.0,,,,,,,
,,,,,,REGULAR_SEASON,,,,,,,,Malik Canfield,,,,,,,,,,,,,,,,,,,83.0,,,24.0,,78.0,,,,,,,,,,,7785.8,3032.0,,,,,,,37.0,,TB_C_01,C,,,,,124.0,,,,,,,0,,,156.0,2456.0,1065.0,,,,,,,24.0,,,0,5488.0,,83.0,,,,,,,,800.0,,,,,,,
114.0,12.0,,,,,REGULAR_SEASON,,,,,,,,Patton Eubanks,,,,,,,,,,,,,,,6.0,,,,68.0,,,,83.0,,,,,,,,14.0,,,,,,,1675.0,10.44,,,,11.0,,TB_EDGE_02,EDGE,,,,163.0,,,49.0,,,,,1,,,,,,121.0,,,,,41.0,,,,0,2953.0,93.0,,207.0,,,36.0,,,,680.0,,,,,,,
46.0,5.0,,,,,REGULAR_SEASON,,,,,,,,Kamari Wrighster,,,,,,,,,,,,,,,3.0,,,,31.0,,,,40.0,,,,,,,,4.0,,,,,,,757.0,3.51,,,,8.0,,TB_EDGE_01,EDGE,,,,59.0,,,11.0,,,,,1,,,,,,35.0,,,,,10.0,,,,0,1332.0,41.0,,87.0,,,12.0,,,,299.0,,,,,,,
70.0,7.0,,,,,REGULAR_SEASON,,,,,,,,Kane Greenlaw,,,,,,,,,,,,,,,2.0,,,,51.0,,,,58.0,,,,,,,,19.0,,,,,,,1256.0,6.12,,,,6.0,,TB_EDGE_03,EDGE,,,,91.0,,,26.0,,,,,1,,,,,,69.0,,,,,12.0,,,,0,2214.0,51.0,,121.0,,,17.0,,,,522.0,,,,,,,
28.0,1.0,,,,,REGULAR_SEASON,,,,,,,,Maverick Babineaux,,,,,,,,,,,,,,,1.0,,,,17.0,,,,32.0,,,,,,,,4.0,,,,,,,419.0,2.36,,,,4.0,,TB_EDGE_04,EDGE,,,,43.0,,,8.0,,,,,1,,,,,,25.0,,,,,4.0,,,,0,737.0,22.0,,50.0,,,11.0,,,,185.0,,,,,,,
134.0,6.0,,,,,REGULAR_SEASON,,,,,,,,Lyle Manningham,,,,,,,,,,,,,,,11.0,,,,89.0,,,,133.0,,,,,,,,18.0,,,,,,,1884.0,15.08,,,,18.0,,TB_DT_02,DT,,,,223.0,,,60.0,,,,,0,,,,,,206.0,,,,,37.0,,,,0,3316.0,114.0,,248.0,,,47.0,,,,903.0,,,,,,,
33.0,4.0,,,,,REGULAR_SEASON,,,,,,,,Grady Nailor,,,,,,,,,,,,,,,3.0,,,,24.0,,,,30.0,,,,,,,,6.0,,,,,,,510.0,3.01,,,,7.0,,TB_DT_01,DT,,,,42.0,,,9.0,,,,,1,,,,,,37.0,,,,,3.0,,,,0,900.0,24.0,,57.0,,,8.0,,,,249.0,,,,,,,
67.0,8.0,,,,,REGULAR_SEASON,,,,,,,,Hutch Rudolph,,,,,,,,,,,,,,,2.0,,,,41.0,,,,41.0,,,,,,,,15.0,,,,,,,874.0,5.58,,,,6.0,,TB_DT_03,DT,,,,77.0,,,25.0,,,,,1,,,,,,69.0,,,,,11.0,,,,0,1539.0,58.0,,125.0,,,27.0,,,,451.0,,,,,,,
,,,603.0,,,REGULAR_SEASON,,,,3451.0,,,,Otis Latimore,,,,,,,,,,,,,,,,86.0,,,100.0,,,,,,,,5.0,,,,63.0,,,,,,51.0,,,,,7879.6,26.0,,TB_LB_02,LB,,,,68.0,,,,,197.0,,,1,,,,,,81.0,,,,,11.0,,,,0,4485.0,368.0,,571.0,345.0,13.0,99.0,,,,984.0,,,,,2379.0,,68.96
,,,471.0,,,REGULAR_SEASON,,,,2656.0,,,,Abram Harkness,,,,,,,,,,,,,,,,50.0,,,76.0,,,,,,,,10.0,,,,42.0,,,,,,24.0,,,,,5949.5,27.0,,TB_LB_05,LB,,,,51.0,,,,,176.0,,,0,,,,,,56.0,,,,,6.0,,,,0,3453.0,267.0,,417.0,307.0,13.0,56.0,,,,734.0,,,,,2049.0,,59.08
,,,439.0,,,REGULAR_SEASON,,,,2505.0,,,,Tillman Santoro,,,,,,,,,,,,,,,,41.0,,,73.0,,,,,,,,8.0,,,,38.0,,,,,,16.0,,,,,5393.5,24.0,,TB_LB_01,LB,,,,55.0,,,,,153.0,,,0,,,,,,49.0,,,,,15.0,,,,0,3264.0,287.0,,443.0,277.0,6.0,62.0,,,,718.0,,,,,1778.0,,52.7
,,,,,,REGULAR_SEASON,,,,3794.0,,,,Paxton Meacham,,,,,,,,,,,,,,,,79.0,,,100.0,,,,,,,,10.0,,,,50.0,,,,,,48.0,,,,,7934.5,29.0,,TB_CB_03,CB,,,,,,,,,203.0,,,0,,,,,,84.0,,,,,,,,,0,4923.0,248.0,,413.0,333.0,16.0,,,,,994.0,,,,,2411.0,,63.67
,,,,,,REGULAR_SEASON,,,,3621.0,,,,Murphy Villalobos,,,,,,,,,,,,,,,,60.0,,,95.0,,,,,,,,16.0,,,,45.0,,,,,,32.0,,,,,7657.8,25.0,,TB_CB_02,CB,,,,,,,,,219.0,,,0,,,,,,70.0,,,,,,,,,0,4704.0,246.0,,405.0,368.0,20.0,,,,,953.0,,,,,2778.0,,73.87
,,,,,,REGULAR_SEASON,,,,1613.0,,,,Gideon Turpin,,,,,,,,,,,,,,,,29.0,,,42.0,,,,,,,,4.0,,,,18.0,,,,,,18.0,,,,,3407.2,12.0,,TB_CB_05,CB,,,,,,,,,90.0,,,0,,,,,,26.0,,,,,,,,,0,2094.0,115.0,,184.0,145.0,3.0,,,,,422.0,,,,,1169.0,,30.37
,,,,,,REGULAR_SEASON,,,,613.0,,,,Luka Deakins,,,,,,,,,,,,,,,,13.0,,,16.0,,,,,,,,2.0,,,,9.0,,,,,,7.0,,,,,1329.4,5.0,,TB_CB_04,CB,,,,,,,,,35.0,,,1,,,,,,12.0,,,,,,,,,0,796.0,45.0,,75.0,57.0,4.0,,,,,167.0,,,,,385.0,,10.31
,,,,,,REGULAR_SEASON,,,,3703.0,,,,Bruno Tindall,,,,,,,,,,,,,,,,86.0,,,92.0,,,,,,,,7.0,,,,27.0,,,,,,63.0,,,,,7341.8,13.0,,TB_S_01,S,,,,,,,,,187.0,,,0,,,,,,70.0,,,,,,,,,0,4802.0,228.0,,382.0,315.0,11.0,,,,,865.0,,,,,2074.0,,52.05
,,,,,,REGULAR_SEASON,,,,2430.0,,,,Jace Fanning,,,,,,,,,,,,,,,,21.0,,,61.0,,,,,,,,1.0,,,,19.0,,,,,,9.0,,,,,5568.9,16.0,,TB_S_03,S,,,,,,,,,168.0,,,1,,,,,,37.0,,,,,,,,,0,3151.0,142.0,,240.0,259.0,15.0,,,,,658.0,,,,,2038.0,,51.82
,,,,,,REGULAR_SEASON,,,,85.0,,,,Manny Rapp,,,,,,,,,,,,,,,,1.0,,,2.0,,,,,,,,0.0,,,,2.0,,,,,,0.0,,,,,222.8,2.0,,TB_S_04,S,,,,,,,,,6.0,,,1,,,,,,0.0,,,,,,,,,0,110.0,8.0,,13.0,9.0,1.0,,,,,7.0,,,,,80.0,,1.92
,,,,,,REGULAR_SEASON,,,,,,,,Lionel Ballinger,,,,35.0,7.0,13.0,10.0,10.0,28.0,7.0,11.0,6.0,9.0,,,,,,20.0,,2.0,,,,,,,71.0,,766.0,,,,,,,,,,,,,,,TB_K_01,K,,,,,,,,,,,,1,,,,,,,,,,,,,,,0,120.0,,,,,,,,49.0,,194.0,41.0,40.0,,,,,
,,,,,,REGULAR_SEASON,,,,,,,,Ace Poteat,,,,,,,,,,,,,,,,,,,56.0,9549.0,,,,,24.0,76.0,,,3067.0,,,,8677.0,,,,,,,,,,,,TB_P_01,P,,,,,,206.0,,,,,,0,872.0,,,,,,,,,,,,,,0,280.0,,,,,,,,10.0,,535.0,,,,,,,
,,,,,,REGULAR_SEASON,,0.0,2.0,,,,0.0,Moses Ricciardi,0.0,,,,,,,,,,,,,0.0,,,,,3.0,,,,,,,,,,,,,0.0,,,,,,,,,,,,,ARI_WR_04,WR,,,,,,,,3.0,,,49.0,1,,125.0,,43.0,,,,,,,,,,,0,146.0,,,,7.0,,,,,,9.0,,,21.0,,,,
,,,,,,REGULAR_SEASON,,,,,,,,Landry Paschall,,,,,,,,,,,,,,,,,,,95.0,,,36.0,,95.0,,,,,,,,,,,8871.9,3422.0,,,,,,,52.0,,LAC_C_01,C,,,,,155.0,,,,,,,0,,,212.0,2779.0,1188.0,,,,,,,29.0,,,0,6201.0,,95.0,,,,,,,,903.0,,,,,,,
,,99.0,,,786.0,REGULAR_SEASON,773.0,,,,117.0,48.0,,Harlan Windham,,42.0,,,,,,,,,,,,387.0,,,3.0,3.0,34.0,,,,,,,,13.0,,,,,,,1138.0,,,,,,71.0,8842.0,,,286.0,NYJ_QB_01,QB,352.0,159.0,1486.0,,,,,,,,,0,,,,,,,120.0,,486.0,463.0,,,69.0,83.0,0,2164.0,,34.0,,,,,52.0,,39.0,314.0,,,,,,,
,,,,84.0,,REGULAR_SEASON,,97.0,237.0,,,,205.0,Khalil Thorogood,67.0,,85.0,,,,,,,,,,,419.0,,,7.0,,68.0,,,,,,,,,,,,,39.0,,,,358.0,,,,,,,,,NYJ_RB_03,RB,,,,,31.0,,,858.0,,,9934.0,1,,687.0,,171.0,,,1105.0,34.0,4689.0,,,,,,0,2053.0,,,,1356.0,,,,,,695.0,,,4209.0,1845.0,,2869.0,
,,,,25.0,,REGULAR_SEASON,,18.0,31.0,,,,22.0,Waylon Seeley,5.0,,14.0,,,,,,,,,,,47.0,,,1.0,,17.0,,,,,,,,,,,,,12.0,,,,105.0,,,,,,,,,NYJ_RB_01,RB,,,,,8.0,,,103.0,,,1380.0,1,,115.0,,28.0,,,135.0,,638.0,,,,,,0,350.0,,,,164.0,,,,,,166.0,,,620.0,315.0,,323.0,
,,,,9.0,,REGULAR_SEASON,,1.0,7.0,,,,5.0,Niles Saffold,2.0,,1.0,,,,,,,,,,,11.0,,,0.0,,13.0,,,,,,,,,,,,,11.0,,,,66.0,,,,,,,,,NYJ_RB_02,RB,,,,,5.0,,,30.0,,,440.0,1,,59.0,,13.0,,,41.0,,207.0,,,,,,0,189.0,,,,50.0,,,,,,143.0,,,186.0,113.0,,94.0,
,,,,,,REGULAR_SEASON,,90.0,164.0,,,,137.0,Julius Bonner,50.0,,,,,,,,,,,,,252.0,,,,,90.0,,,,,,,,,,,,,58.0,,,,,,,,,,,,,NYJ_WR_02,WR,,,,,,,,574.0,,32.0,6994.0,0,,3301.0,,1128.0,,,,,,,,,,,0,3888.0,,,,989.0,,,,,,841.0,,,2789.0,,,,
,,,,,,REGULAR_SEASON,,63.0,130.0,,,,118.0,Mateo Paddock,40.0,,,,,,,,,,,,,170.0,,,,,87.0,,,,,,,,,,,,,65.0,,,,,,,,,,,,,NYJ_WR_03,WR,,,,,,,,418.0,,27.0,5149.0,1,,3251.0,,1113.0,,,,,,,,,,,0,3833.0,,,,752.0,,,,,,859.0,,,2045.0,,,,
,,,,,,REGULAR_SEASON,,2.0,13.0,,,,9.0,Mekai Lutrell,7.0,,,,,,,,,,,,,18.0,,,,,17.0,,,,,,,,,,,,,12.0,,,,,,,,,,,,,NYJ_WR_01,WR,,,,,,,,51.0,,3.0,721.0,1,,626.0,,213.0,,,,,,,,,,,0,737.0,,,,97.0,,,,,,166.0,,,304.0,,,,
,,,,,,REGULAR_SEASON,,18.0,38.0,,,,31.0,Malcolm Quessenberry,9.0,,,,,,,,,,,,,48.0,,,,,53.0,,,,,,,,,,,,,26.0,,,,,,,,,,,,,NYJ_WR_06,WR,,,,,,,,142.0,,10.0,1897.0,1,,1874.0,,641.0,,,,,,,,,,,0,2217.0,,,,261.0,,,,,,533.0,,,813.0,,,,
,,,,,,REGULAR_SEASON,,37.0,74.0,,,,62.0,Archer Percival,23.0,,,,,,,,,,,,,102.0,,,,,68.0,,,,,,,,,,,,,60.0,,,,,,,,,,,,,NYJ_TE_01,TE,,,,,,,,252.0,,,3280.0,1,,2262.0,,769.0,,,,,,,,,,,0,2674.0,,,,451.0,,,,,,624.0,,,1336.0,,,,
,,,,,,REGULAR_SEASON,,28.0,51.0,,,,59.0,Woodrow Kemper,29.0,,,,,,,,,,,,,96.0,,,,,86.0,,,,,,,,,,,,,56.0,,,,,,,,,,,,,NYJ_TE_03,TE,,,,,,,,263.0,,,3063.0,0,,2914.0,,996.0,,,,,,,,,,,0,3445.0,,,,496.0,,,,,,809.0,,,1247.0,,,,
,,,,,,REGULAR_SEASON,,,,,,,,Roman Tanguay,,,,,,,,,,,,,,,,,,,95.0,,,31.0,,93.0,,,,,,,,,,,8919.0,3424.0,,,,,,,53.0,,NYJ_OT_01,OT,,,,,148.0,,,,,,,0,,,205.0,2769.0,1246.0,,,,,,,25.0,,,0,6193.0,,95.0,,,,,,,,840.0,,,,,,,
,,,,,,REGULAR_SEASON,,,,,,,,Niles Uche,,,,,,,,,,,,,,,,,,,17.0,,,4.0,,22.0,,,,,,,,,,,1610.2,621.0,,,,,,,8.0,,NYJ_OT_04,OT,,,,,28.0,,,,,,,1,,,36.0,499.0,205.0,,,,,,,2.0,,,0,1120.0,,17.0,,,,,,,,157.0,,,,,,,
,,,,,,REGULAR_SEASON,,,,,,,,Levi Gainer,,,,,,,,,,,,,,,,,,,81.0,,,29.0,,107.0,,,,,,,,,,,7393.2,2947.0,,,,,,,64.0,,NYJ_OG_01,OG,,,,,170.0,,,,,,,0,,,203.0,2390.0,980.0,,,,,,,35.0,,,0,5337.0,,81.0,,,,,,,,753.0,,,,,,,
,,,,,,REGULAR_SEASON,,,,,,,,Rhett Leblanc,,,,,,,,,,,,,,,,,,,98.0,,,38.0,,96.0,,,,,,,,,,,9161.8,3572.0,,,,,,,49.0,,NYJ_OG_02,OG,,,,,159.0,,,,,,,0,,,235.0,2899.0,1239.0,,,,,,,30.0,,,0,6471.0,,98.0,,,,,,,,954.0,,,,,,,
,,,,,,REGULAR_SEASON,,,,,,,,Draven Bradshaw,,,,,,,,,,,,,,,,,,,64.0,,,27.0,,56.0,,,,,,,,,,,6055.9,2300.0,,,,,,,50.0,,NYJ_C_01,C,,,,,94.0,,,,,,,1,,,147.0,1863.0,782.0,,,,,,,12.0,,,0,4163.0,,64.0,,,,,,,,605.0,,,,,,,
93.0,8.0,,,,,REGULAR_SEASON,,,,,,,,Zico Vinovich,,,,,,,,,,,,,,,6.0,,,,59.0,,,,94.0,,,,,,,,21.0,,,,,,,1461.0,8.62,,,,12.0,,NYJ_EDGE_04,EDGE,,,,148.0,,,33.0,,,,,1,,,,,,109.0,,,,,24.0,,,,0,2569.0,78.0,,171.0,,,29.0,,,,595.0,,,,,,,
144.0,8.0,,,,,REGULAR_SEASON,,,,,,,,Orson Kowalski,,,,,,,,,,,,,,,6.0,,,,94.0,,,,124.0,,,,,,,,24.0,,,,,,,2317.0,13.98,,,,14.0,,NYJ_EDGE_01,EDGE,,,,217.0,,,62.0,,,,,0,,,,,,158.0,,,,,41.0,,,,0,4076.0,122.0,,266.0,,,51.0,,,,907.0,,,,,,,
121.0,12.0,,,,,REGULAR_SEASON,,,,,,,,Malik Makinen,,,,,,,,,,,,,,,5.0,,,,89.0,,,,136.0,,,,,,,,24.0,,,,,,,2188.0,13.09,,,,19.0,,NYJ_EDGE_02,EDGE,,,,226.0,,,56.0,,,,,0,,,,,,176.0,,,,,40.0,,,,0,3857.0,93.0,,214.0,,,39.0,,,,836.0,,,,,,,
136.0,23.0,,,,,REGULAR_SEASON,,,,,,,,Leon Cornish,,,,,,,,,,,,,,,7.0,,,,91.0,,,,138.0,,,,,,,,21.0,,,,,,,2262.0,13.62,,,,17.0,,NYJ_EDGE_05,EDGE,,,,230.0,,,65.0,,,,,0,,,,,,150.0,,,,,27.0,,,,0,3982.0,106.0,,242.0,,,44.0,,,,848.0,,,,,,,
106.0,8.0,,,,,REGULAR_SEASON,,,,,,,,Deion Sagapolutele,,,,,,,,,,,,,,,2.0,,,,68.0,,,,80.0,,,,,,,,19.0,,,,,,,1446.0,9.24,,,,16.0,,NYJ_DT_02,DT,,,,136.0,,,38.0,,,,,1,,,,,,112.0,,,,,25.0,,,,0,2550.0,87.0,,193.0,,,25.0,,,,654.0,,,,,,,
2.0,0.0,,,,,REGULAR_SEASON,,,,,,,,Otis Osweiler,,,,,,,,,,,,,,,0.0,,,,1.0,,,,0.0,,,,,,,,1.0,,,,,,,17.0,0.08,,,,1.0,,NYJ_DT_01,DT,,,,1.0,,,1.0,,,,,1,,,,,,1.0,,,,,0.0,,,,0,31.0,2.0,,4.0,,,0.0,,,,2.0,,,,,,,
148.0,16.0,,,,,REGULAR_SEASON,,,,,,,,Kane Stonehouse,,,,,,,,,,,,,,,2.0,,,,92.0,,,,120.0,,,,,,,,24.0,,,,,,,1932.0,12.69,,,,17.0,,NYJ_DT_03,DT,,,,181.0,,,47.0,,,,,0,,,,,,148.0,,,,,17.0,,,,0,3410.0,127.0,,275.0,,,48.0,,,,845.0,,,,,,,
,,,240.0,,,REGULAR_SEASON,,,,1338.0,,,,Osmond Swearinger,,,,,,,,,,,,,,,,21.0,,,39.0,,,,,,,,4.0,,,,25.0,,,,,,13.0,,,,,2990.2,12.0,,NYJ_LB_01,LB,,,,33.0,,,,,88.0,,,1,,,,,,23.0,,,,,9.0,,,,0,1743.0,140.0,,218.0,155.0,6.0,39.0,,,,350.0,,,,,1017.0,,29.91
,,,563.0,,,REGULAR_SEASON,,,,3264.0,,,,Gage Canfield,,,,,,,,,,,,,,,,59.0,,,94.0,,,,,,,,3.0,,,,56.0,,,,,,30.0,,,,,8193.4,21.0,,NYJ_LB_02,LB,,,,67.0,,,,,249.0,,,0,,,,,,51.0,,,,,16.0,,,,0,4249.0,335.0,,524.0,409.0,22.0,63.0,,,,875.0,,,,,2879.0,,83.38
,,,123.0,,,REGULAR_SEASON,,,,770.0,,,,Mikael Rivenbark,,,,,,,,,,,,,,,,11.0,,,22.0,,,,,,,,1.0,,,,16.0,,,,,,8.0,,,,,1810.1,4.0,,NYJ_LB_04,LB,,,,21.0,,,,,65.0,,,1,,,,,,20.0,,,,,3.0,,,,0,1003.0,81.0,,126.0,106.0,3.0,15.0,,,,211.0,,,,,713.0,,20.45
,,,,,,REGULAR_SEASON,,,,3917.0,,,,Linus Pinnock,,,,,,,,,,,,,,,,80.0,,,102.0,,,,,,,,11.0,,,,35.0,,,,,,48.0,,,,,7554.5,28.0,,NYJ_CB_03,CB,,,,,,,,,199.0,,,1,,,,,,69.0,,,,,,,,,0,5084.0,240.0,,400.0,353.0,15.0,,,,,959.0,,,,,2294.0,,60.51
,,,,,,REGULAR_SEASON,,,,1665.0,,,,Lincoln Hilliard,,,,,,,,,,,,,,,,24.0,,,43.0,,,,,,,,2.0,,,,19.0,,,,,,15.0,,,,,3806.3,20.0,,NYJ_CB_01,CB,,,,,,,,,105.0,,,1,,,,,,27.0,,,,,,,,,0,2158.0,100.0,,165.0,162.0,9.0,,,,,389.0,,,,,1236.0,,32.27
,,,,,,REGULAR_SEASON,,,,786.0,,,,Weston Markham,,,,,,,,,,,,,,,,14.0,,,21.0,,,,,,,,0.0,,,,9.0,,,,,,7.0,,,,,1950.9,9.0,,NYJ_CB_04,CB,,,,,,,,,65.0,,,1,,,,,,10.0,,,,,,,,,0,1023.0,51.0,,84.0,97.0,6.0,,,,,190.0,,,,,684.0,,17.91
,,,,,,REGULAR_SEASON,,,,37.0,,,,Yusuf Denham,,,,,,,,,,,,,,,,0.0,,,1.0,,,,,,,,0.0,,,,1.0,,,,,,0.0,,,,,39.6,0.0,,NYJ_CB_06,CB,,,,,,,,,0.0,,,1,,,,,,0.0,,,,,,,,,0,48.0,3.0,,5.0,3.0,0.0,,,,,2.0,,,,,7.0,,0.19
,,,,,,REGULAR_SEASON,,,,1844.0,,,,Avery Gathers,,,,,,,,,,,,,,,,35.0,,,46.0,,,,,,,,4.0,,,,15.0,,,,,,22.0,,,,,3193.8,10.0,,NYJ_S_02,S,,,,,,,,,70.0,,,1,,,,,,44.0,,,,,,,,,0,2389.0,109.0,,185.0,149.0,5.0,,,,,447.0,,,,,876.0,,22.05
,,,,,,REGULAR_SEASON,,,,664.0,,,,Raylan Goodson,,,,,,,,,,,,,,,,14.0,,,17.0,,,,,,,,0.0,,,,9.0,,,,,,9.0,,,,,1585.8,7.0,,NYJ_S_01,S,,,,,,,,,47.0,,,1,,,,,,9.0,,,,,,,,,0,861.0,32.0,,53.0,68.0,2.0,,,,,166.0,,,,,560.0,,14.68
,,,,,,REGULAR_SEASON,,,,871.0,,,,Raheem Greaves,,,,,,,,,,,,,,,,10.0,,,22.0,,,,,,,,0.0,,,,10.0,,,,,,1.0,,,,,1987.9,8.0,,NYJ_S_03,S,,,,,,,,,61.0,,,1,,,,,,11.0,,,,,,,,,0,1128.0,51.0,,86.0,87.0,4.0,,,,,185.0,,,,,688.0,,17.38
,,,,,,REGULAR_SEASON,,,,,,,,Marcell Noteboom,,,,124.0,29.0,28.0,38.0,36.0,112.0,24.0,24.0,31.0,34.0,,,,,,86.0,,3.0,,,,,,,349.0,,2912.0,,,,,,,,,,,,,,,NYJ_K_01,K,,,,,,,,,,,,0,,,,,,,,,,,,,,,0,516.0,,,,,,,,221.0,,789.0,154.0,146.0,,,,,
,,,,,,REGULAR_SEASON,,,,,,,,Fowler Finnegan,,,,,,,,,,,,,,,,,,,98.0,17979.0,,,,,50.0,147.0,,,5395.0,,,,16395.0,,,,,,,,,,,,NYJ_P_01,P,,,,,,383.0,,,,,,0,1584.0,,,,,,,,,,,,,,0,490.0,,,,,,,,25.0,,908.0,,,,,,,
,,,,,,REGULAR_SEASON,,,,234.0,,,,Arch Fraley,,,,,,,,,,,,,,,,7.0,,,6.0,,,,,,,,0.0,,,,3.0,,,,,,3.0,,,,,367.4,0.0,,DEN_S_04,S,,,,,,,,,10.0,,,1,,,,,,6.0,,,,,,,,,0,304.0,14.0,,24.0,19.0,0.0,,,,,38.0,,,,,87.0,,2.13
,,,,,,REGULAR_SEASON,,,,,,,,Beckham Finnegan,,,,,,,,,,,,,,,,,,,45.0,,,8.0,,46.0,,,,,,,,,,,4284.3,1630.0,,,,,,,16.0,,CHI_OT_04,OT,,,,,61.0,,,,,,,0,,,88.0,1321.0,629.0,,,,,,,7.0,,,0,2951.0,,45.0,,,,,,,,457.0,,,,,,,
,,,,,,REGULAR_SEASON,,,,802.0,,,,Archer Fleener,,,,,,,,,,,,,,,,17.0,,,20.0,,,,,,,,0.0,,,,15.0,,,,,,7.0,,,,,1617.0,8.0,,MIA_S_01,S,,,,,,,,,47.0,,,1,,,,,,13.0,,,,,,,,,0,1039.0,48.0,,79.0,78.0,2.0,,,,,158.0,,,,,487.0,,12.19
,,261.0,,,2106.0,REGULAR_SEASON,2179.0,,,,313.0,141.0,,Giovanni Sagapolutele,,127.0,,,,,,,,,,,,1048.0,,,15.0,5.0,91.0,,,,,,,,38.0,,,,,,,3051.0,,,,,,162.0,23742.0,,,791.0,ATL_QB_01,QB,945.0,424.0,3924.0,,,,,,,,,0,,,,,,,327.0,,1310.0,1061.0,,,165.0,207.0,0,5856.0,,91.0,,,,,159.0,,91.0,921.0,,,,,,,
,,,,43.0,,REGULAR_SEASON,,64.0,144.0,,,,121.0,Cooper Clevenger,44.0,,66.0,,,,,,,,,,,266.0,,,2.0,,45.0,,,,,,,,,,,,,19.0,,,,253.0,,,,,,,,,ATL_RB_01,RB,,,,,19.0,,,572.0,,,6657.0,1,,420.0,,108.0,,,685.0,26.0,2972.0,,,,,,0,1259.0,,,,843.0,,,,,,410.0,,,2719.0,1387.0,,1606.0,
,,,,14.0,,REGULAR_SEASON,,12.0,25.0,,,,29.0,Ridge Hartline,8.0,,5.0,,,,,,,,,,,43.0,,,0.0,,17.0,,,,,,,,,,,,,6.0,,,,96.0,,,,,,,,,ATL_RB_02,RB,,,,,6.0,,,103.0,,,1274.0,1,,119.0,,27.0,,,122.0,,545.0,,,,,,0,366.0,,,,154.0,,,,,,163.0,,,535.0,245.0,,300.0,
,,,,14.0,,REGULAR_SEASON,,18.0,33.0,,,,25.0,Woodrow Callender,22.0,,16.0,,,,,,,,,,,75.0,,,5.0,,27.0,,,,,,,,,,,,,5.0,,,,157.0,,,,,,,,,ATL_RB_03,RB,,,,,13.0,,,165.0,,,1667.0,1,,162.0,,36.0,,,178.0,0.0,839.0,,,,,,0,499.0,,,,223.0,,,,,,263.0,,,669.0,403.0,,436.0,
,,,,,,REGULAR_SEASON,,80.0,170.0,,,,134.0,Mordecai Jorgensen,43.0,,,,,,,,,,,,,220.0,,,,,97.0,,,,,,,,,,,,,58.0,,,,,,,,,,,,,ATL_WR_01,WR,,,,,,,,512.0,,28.0,6225.0,0,,3579.0,,1226.0,,,,,,,,,,,0,4214.0,,,,900.0,,,,,,958.0,,,2610.0,,,,
,,,,,,REGULAR_SEASON,,35.0,68.0,,,,62.0,Lucius Cavanaugh,21.0,,,,,,,,,,,,,96.0,,,,,41.0,,,,,,,,,,,,,24.0,,,,,,,,,,,,,ATL_WR_03,WR,,,,,,,,221.0,,11.0,2543.0,1,,1527.0,,524.0,,,,,,,,,,,0,1803.0,,,,387.0,,,,,,370.0,,,1026.0,,,,
,,,,,,REGULAR_SEASON,,41.0,103.0,,,,84.0,Emeka Casillas,39.0,,,,,,,,,,,,,136.0,,,,,67.0,,,,,,,,,,,,,46.0,,,,,,,,,,,,,ATL_WR_02,WR,,,,,,,,344.0,,20.0,4138.0,1,,2461.0,,839.0,,,,,,,,,,,0,2906.0,,,,602.0,,,,,,647.0,,,1772.0,,,,
,,,,,,REGULAR_SEASON,,31.0,66.0,,,,58.0,Asa Vaitai,19.0,,,,,,,,,,,,,89.0,,,,,65.0,,,,,,,,,,,,,40.0,,,,,,,,,,,,,ATL_WR_05,WR,,,,,,,,232.0,,13.0,2900.0,1,,2400.0,,816.0,,,,,,,,,,,0,2829.0,,,,404.0,,,,,,588.0,,,1228.0,,,,
,,,,,,REGULAR_SEASON,,53.0,116.0,,,,89.0,Shaquille Doughty,43.0,,,,,,,,,,,,,145.0,,,,,98.0,,,,,,,,,,,,,64.0,,,,,,,,,,,,,ATL_TE_01,TE,,,,,,,,379.0,,,4614.0,0,,3314.0,,1134.0,,,,,,,,,,,0,3913.0,,,,641.0,,,,,,957.0,,,1894.0,,,,
,,,,,,REGULAR_SEASON,,18.0,38.0,,,,27.0,Fritz Morrissey,12.0,,,,,,,,,,,,,13.0,,,,,62.0,,,,,,,,,,,,,31.0,,,,,,,,,,,,,ATL_TE_02,TE,,,,,,,,89.0,,,1326.0,0,,2038.0,,696.0,,,,,,,,,,,0,2412.0,,,,165.0,,,,,,606.0,,,535.0,,,,
,,,,,,REGULAR_SEASON,,,,,,,,Wallace Corrigan,,,,,,,,,,,,,,,,,,,63.0,,,19.0,,54.0,,,,,,,,,,,5948.9,2282.0,,,,,,,27.0,,ATL_OT_01,OT,,,,,87.0,,,,,,,0,,,130.0,1846.0,841.0,,,,,,,16.0,,,0,4128.0,,63.0,,,,,,,,643.0,,,,,,,
,,,,,,REGULAR_SEASON,,,,,,,,Lamont Slocum,,,,,,,,,,,,,,,,,,,21.0,,,8.0,,30.0,,,,,,,,,,,1950.2,753.0,,,,,,,12.0,,ATL_OT_02,OT,,,,,42.0,,,,,,,1,,,49.0,608.0,248.0,,,,,,,5.0,,,0,1361.0,,21.0,,,,,,,,196.0,,,,,,,
,,,,,,REGULAR_SEASON,,,,,,,,Jace Thistlewood,,,,,,,,,,,,,,,,,,,85.0,,,36.0,,86.0,,,,,,,,,,,7883.8,3046.0,,,,,,,43.0,,ATL_OG_01,OG,,,,,146.0,,,,,,,0,,,222.0,2469.0,1061.0,,,,,,,29.0,,,0,5515.0,,85.0,,,,,,,,835.0,,,,,,,
,,,,,,REGULAR_SEASON,,,,,,,,Judah Brinkley,,,,,,,,,,,,,,,,,,,17.0,,,5.0,,15.0,,,,,,,,,,,1618.2,634.0,,,,,,,14.0,,ATL_OG_02,OG,,,,,23.0,,,,,,,1,,,63.0,512.0,201.0,,,,,,,3.0,,,0,1146.0,,17.0,,,,,,,,163.0,,,,,,,
,,,,,,REGULAR_SEASON,,,,,,,,Grady Mastrangelo,,,,,,,,,,,,,,,,,,,37.0,,,10.0,,35.0,,,,,,,,,,,3491.0,1354.0,,,,,,,17.0,,ATL_C_02,C,,,,,54.0,,,,,,,0,,,83.0,1095.0,449.0,,,,,,,9.0,,,0,2449.0,,37.0,,,,,,,,357.0,,,,,,,
133.0,11.0,,,,,REGULAR_SEASON,,,,,,,,Barrett Zapatero,,,,,,,,,,,,,,,6.0,,,,85.0,,,,127.0,,,,,,,,25.0,,,,,,,2125.0,13.01,,,,17.0,,ATL_EDGE_01,EDGE,,,,227.0,,,61.0,,,,,1,,,,,,169.0,,,,,50.0,,,,0,3735.0,107.0,,240.0,,,37.0,,,,828.0,,,,,,,
94.0,8.0,,,,,REGULAR_SEASON,,,,,,,,Flynn Hemsley,,,,,,,,,,,,,,,1.0,,,,65.0,,,,105.0,,,,,,,,20.0,,,,,,,1584.0,9.9,,,,10.0,,ATL_EDGE_02,EDGE,,,,173.0,,,46.0,,,,,1,,,,,,122.0,,,,,28.0,,,,0,2786.0,77.0,,171.0,,,23.0,,,,611.0,,,,,,,
74.0,6.0,,,,,REGULAR_SEASON,,,,,,,,Kendrick Egbuna,,,,,,,,,,,,,,,5.0,,,,48.0,,,,63.0,,,,,,,,12.0,,,,,,,1175.0,6.72,,,,8.0,,ATL_EDGE_04,EDGE,,,,110.0,,,33.0,,,,,1,,,,,,74.0,,,,,20.0,,,,0,2065.0,56.0,,130.0,,,17.0,,,,453.0,,,,,,,
85.0,14.0,,,,,REGULAR_SEASON,,,,,,,,Buck Herrera,,,,,,,,,,,,,,,4.0,,,,64.0,,,,72.0,,,,,,,,11.0,,,,,,,1544.0,8.88,,,,12.0,,ATL_EDGE_03,EDGE,,,,128.0,,,40.0,,,,,1,,,,,,97.0,,,,,22.0,,,,0,2714.0,65.0,,150.0,,,27.0,,,,633.0,,,,,,,
27.0,3.0,,,,,REGULAR_SEASON,,,,,,,,Briggs Butterworth,,,,,,,,,,,,,,,0.0,,,,17.0,,,,24.0,,,,,,,,4.0,,,,,,,355.0,2.4,,,,2.0,,ATL_DT_02,DT,,,,36.0,,,7.0,,,,,1,,,,,,31.0,,,,,8.0,,,,0,627.0,20.0,,47.0,,,5.0,,,,163.0,,,,,,,
136.0,18.0,,,,,REGULAR_SEASON,,,,,,,,Patton Honeycutt,,,,,,,,,,,,,,,6.0,,,,96.0,,,,151.0,,,,,,,,18.0,,,,,,,2069.0,15.95,,,,20.0,,ATL_DT_01,DT,,,,234.0,,,55.0,,,,,0,,,,,,210.0,,,,,30.0,,,,0,3641.0,114.0,,250.0,,,48.0,,,,936.0,,,,,,,
11.0,2.0,,,,,REGULAR_SEASON,,,,,,,,Damarion Ugwoegbu,,,,,,,,,,,,,,,0.0,,,,7.0,,,,10.0,,,,,,,,2.0,,,,,,,149.0,0.79,,,,4.0,,ATL_DT_03,DT,,,,13.0,,,3.0,,,,,1,,,,,,11.0,,,,,1.0,,,,0,261.0,9.0,,20.0,,,6.0,,,,41.0,,,,,,,
,,,106.0,,,REGULAR_SEASON,,,,591.0,,,,Benoit Killebrew,,,,,,,,,,,,,,,,12.0,,,17.0,,,,,,,,3.0,,,,9.0,,,,,,11.0,,,,,1116.1,5.0,,ATL_LB_01,LB,,,,18.0,,,,,32.0,,,1,,,,,,8.0,,,,,3.0,,,,0,770.0,62.0,,97.0,59.0,1.0,14.0,,,,163.0,,,,,335.0,,9.61
,,,483.0,,,REGULAR_SEASON,,,,2777.0,,,,Diallo Duckworth,,,,,,,,,,,,,,,,52.0,,,80.0,,,,,,,,5.0,,,,41.0,,,,,,23.0,,,,,6933.3,20.0,,ATL_LB_02,LB,,,,67.0,,,,,214.0,,,1,,,,,,56.0,,,,,13.0,,,,0,3609.0,272.0,,429.0,329.0,11.0,65.0,,,,802.0,,,,,2692.0,,78.92
,,,249.0,,,REGULAR_SEASON,,,,1556.0,,,,Halsey Trevathan,,,,,,,,,,,,,,,,39.0,,,45.0,,,,,,,,2.0,,,,21.0,,,,,,20.0,,,,,3831.7,12.0,,ATL_LB_03,LB,,,,31.0,,,,,117.0,,,0,,,,,,30.0,,,,,4.0,,,,0,2025.0,147.0,,235.0,171.0,6.0,24.0,,,,464.0,,,,,1110.0,,31.7
,,,,,,REGULAR_SEASON,,,,1186.0,,,,Remy Hitchens,,,,,,,,,,,,,,,,25.0,,,30.0,,,,,,,,6.0,,,,11.0,,,,,,16.0,,,,,2159.3,8.0,,ATL_CB_03,CB,,,,,,,,,78.0,,,1,,,,,,26.0,,,,,,,,,0,1535.0,80.0,,131.0,135.0,2.0,,,,,285.0,,,,,883.0,,22.73
,,,,,,REGULAR_SEASON,,,,3516.0,,,,Tate Rowlett,,,,,,,,,,,,,,,,86.0,,,92.0,,,,,,,,12.0,,,,25.0,,,,,,63.0,,,,,6471.3,23.0,,ATL_CB_02,CB,,,,,,,,,161.0,,,0,,,,,,58.0,,,,,,,,,0,4561.0,224.0,,364.0,314.0,15.0,,,,,814.0,,,,,1854.0,,48.03
,,,,,,REGULAR_SEASON,,,,571.0,,,,Reginald Fraley,,,,,,,,,,,,,,,,12.0,,,15.0,,,,,,,,3.0,,,,8.0,,,,,,8.0,,,,,1304.5,5.0,,ATL_CB_01,CB,,,,,,,,,37.0,,,1,,,,,,12.0,,,,,,,,,0,741.0,40.0,,65.0,56.0,2.0,,,,,153.0,,,,,442.0,,11.74
,,,,,,REGULAR_SEASON,,,,3775.0,,,,Tucker Guilford,,,,,,,,,,,,,,,,60.0,,,99.0,,,,,,,,10.0,,,,51.0,,,,,,33.0,,,,,8819.4,30.0,,ATL_CB_05,CB,,,,,,,,,286.0,,,0,,,,,,63.0,,,,,,,,,0,4898.0,234.0,,391.0,443.0,28.0,,,,,935.0,,,,,3428.0,,90.85
,,,,,,REGULAR_SEASON,,,,2466.0,,,,Porter Sherfield,,,,,,,,,,,,,,,,56.0,,,63.0,,,,,,,,3.0,,,,19.0,,,,,,30.0,,,,,4853.6,12.0,,ATL_S_01,S,,,,,,,,,129.0,,,1,,,,,,35.0,,,,,,,,,0,3200.0,153.0,,254.0,227.0,6.0,,,,,609.0,,,,,1628.0,,42.27
,,,,,,REGULAR_SEASON,,,,685.0,,,,Remy Radcliffe,,,,,,,,,,,,,,,,14.0,,,17.0,,,,,,,,2.0,,,,6.0,,,,,,10.0,,,,,1507.0,2.0,,ATL_S_02,S,,,,,,,,,45.0,,,1,,,,,,15.0,,,,,,,,,0,889.0,43.0,,68.0,68.0,5.0,,,,,163.0,,,,,492.0,,12.44
,,,,,,REGULAR_SEASON,,,,3328.0,,,,Ephraim Gentry,,,,,,,,,,,,,,,,62.0,,,84.0,,,,,,,,3.0,,,,41.0,,,,,,30.0,,,,,6892.8,23.0,,ATL_S_04,S,,,,,,,,,200.0,,,1,,,,,,63.0,,,,,,,,,0,4314.0,206.0,,345.0,336.0,9.0,,,,,776.0,,,,,2144.0,,54.5
,,,,,,REGULAR_SEASON,,,,,,,,Terrell Merriweather,,,,111.0,23.0,26.0,30.0,37.0,92.0,20.0,21.0,22.0,35.0,,,,,,80.0,,4.0,,,,,,,342.0,,2670.0,,,,,,,,,,,,,,,ATL_K_01,K,,,,,,,,,,,,0,,,,,,,,,,,,,,,0,480.0,,,,,,,,223.0,,802.0,145.0,139.0,,,,,
,,,,,,REGULAR_SEASON,,,,,,,,Murphy Grantham,,,,,,,,,,,,,,,,,,,100.0,16704.0,,,,,46.0,136.0,,,5590.0,,,,15192.0,,,,,,,,,,,,ATL_P_01,P,,,,,,357.0,,,,,,0,1512.0,,,,,,,,,,,,,,0,500.0,,,,,,,,23.0,,969.0,,,,,,,
,,,,,,REGULAR_SEASON,,,,,,,,Corbin Flannery,,,,,,,,,,,,,,,,,,,42.0,,,15.0,,48.0,,,,,,,,,,,3874.6,1547.0,,,,,,,32.0,,CIN_OT_02,OT,,,,,78.0,,,,,,,1,,,126.0,1253.0,495.0,,,,,,,16.0,,,0,2800.0,,42.0,,,,,,,,380.0,,,,,,,
,,,30.0,,,REGULAR_SEASON,,,,203.0,,,,Maddox Dupree,,,,,,,,,,,,,,,,3.0,,,6.0,,,,,,,,0.0,,,,2.0,,,,,,1.0,,,,,552.4,3.0,,CIN_LB_04,LB,,,,5.0,,,,,19.0,,,1,,,,,,6.0,,,,,2.0,,,,0,265.0,16.0,,26.0,30.0,2.0,0.0,,,,39.0,,,,,189.0,,5.47
,,,,,,REGULAR_SEASON,,,,628.0,,,,Buck Tuanigamanuolepola,,,,,,,,,,,,,,,,5.0,,,16.0,,,,,,,,2.0,,,,10.0,,,,,,1.0,,,,,1334.8,5.0,,KC_CB_04,CB,,,,,,,,,41.0,,,1,,,,,,10.0,,,,,,,,,0,814.0,35.0,,61.0,69.0,4.0,,,,,133.0,,,,,437.0,,11.03
,,272.0,,,2205.0,REGULAR_SEASON,2205.0,,,,347.0,142.0,,Hamza Urlacher,,133.0,,,,,,,,,,,,1044.0,,,8.0,2.0,96.0,,,,,,,,49.0,,,,,,,3232.0,,,,,,166.0,25093.0,,,821.0,LV_QB_01,QB,1027.0,469.0,4614.0,,,,,,,,,0,,,,,,,335.0,,1319.0,1107.0,,,168.0,191.0,0,6103.0,,96.0,,,,,169.0,,119.0,925.0,,,,,,,
,,,,43.0,,REGULAR_SEASON,,50.0,139.0,,,,114.0,Travon Bagwell,38.0,,53.0,,,,,,,,,,,262.0,,,4.0,,49.0,,,,,,,,,,,,,23.0,,,,274.0,,,,,,,,,LV_RB_01,RB,,,,,26.0,,,537.0,,,6198.0,1,,437.0,,110.0,,,654.0,32.0,2754.0,,,,,,0,1313.0,,,,809.0,,,,,,463.0,,,2498.0,1248.0,,1527.0,
,,,,76.0,,REGULAR_SEASON,,56.0,129.0,,,,90.0,Stefano Kaufusi,39.0,,40.0,,,,,,,,,,,219.0,,,2.0,,60.0,,,,,,,,,,,,,32.0,,,,319.0,,,,,,,,,LV_RB_02,RB,,,,,36.0,,,472.0,,,5530.0,1,,469.0,,115.0,,,550.0,4.0,2496.0,,,,,,0,1411.0,,,,693.0,,,,,,581.0,,,2318.0,1166.0,,1333.0,
,,,,1.0,,REGULAR_SEASON,,6.0,15.0,,,,13.0,Marquise Randle,5.0,,2.0,,,,,,,,,,,23.0,,,0.0,,17.0,,,,,,,,,,,,,5.0,,,,75.0,,,,,,,,,LV_RB_03,RB,,,,,8.0,,,55.0,,,691.0,1,,90.0,,20.0,,,63.0,,290.0,,,,,,0,275.0,,,,83.0,,,,,,160.0,,,278.0,132.0,,159.0,
,,,,,,REGULAR_SEASON,,67.0,138.0,,,,109.0,Xander Granderson,25.0,,,,,,,,,,,,,201.0,,,,,78.0,,,,,,,,,,,,,70.0,,,,,,,,,,,,,LV_WR_01,WR,,,,,,,,485.0,,28.0,5852.0,1,,2915.0,,1000.0,,,,,,,,,,,0,3443.0,,,,838.0,,,,,,723.0,,,2416.0,,,,
,,,,,,REGULAR_SEASON,,59.0,107.0,,,,109.0,Fletcher Satterfield,40.0,,,,,,,,,,,,,174.0,,,,,75.0,,,,,,,,,,,,,46.0,,,,,,,,,,,,,LV_WR_02,WR,,,,,,,,408.0,,18.0,4943.0,1,,2785.0,,947.0,,,,,,,,,,,0,3284.0,,,,740.0,,,,,,673.0,,,1958.0,,,,
,,,,,,REGULAR_SEASON,,10.0,28.0,,,,26.0,Otis Kanell,6.0,,,,,,,,,,,,,27.0,,,,,34.0,,,,,,,,,,,,,18.0,,,,,,,,,,,,,LV_WR_03,WR,,,,,,,,78.0,,4.0,1062.0,1,,1290.0,,441.0,,,,,,,,,,,0,1518.0,,,,152.0,,,,,,317.0,,,451.0,,,,
,,,,,,REGULAR_SEASON,,15.0,29.0,,,,21.0,Patton Toussaint,10.0,,,,,,,,,,,,,35.0,,,,,37.0,,,,,,,,,,,,,18.0,,,,,,,,,,,,,LV_WR_05,WR,,,,,,,,97.0,,6.0,1276.0,1,,1373.0,,468.0,,,,,,,,,,,0,1620.0,,,,175.0,,,,,,364.0,,,542.0,,,,
,,,,,,REGULAR_SEASON,,37.0,78.0,,,,75.0,Jaxton Parham,28.0,,,,,,,,,,,,,91.0,,,,,89.0,,,,,,,,,,,,,62.0,,,,,,,,,,,,,LV_TE_01,TE,,,,,,,,264.0,,,3295.0,0,,2952.0,,1004.0,,,,,,,,,,,0,3488.0,,,,494.0,,,,,,870.0,,,1376.0,,,,
,,,,,,REGULAR_SEASON,,2.0,9.0,,,,10.0,Enzo Arceneaux,6.0,,,,,,,,,,,,,4.0,,,,,27.0,,,,,,,,,,,,,11.0,,,,,,,,,,,,,LV_TE_03,TE,,,,,,,,29.0,,,486.0,1,,874.0,,300.0,,,,,,,,,,,0,1034.0,,,,67.0,,,,,,230.0,,,177.0,,,,
,,,,,,REGULAR_SEASON,,,,,,,,Palmer Chatman,,,,,,,,,,,,,,,,,,,67.0,,,20.0,,60.0,,,,,,,,,,,6333.8,2444.0,,,,,,,19.0,,LV_OT_02,OT,,,,,94.0,,,,,,,1,,,129.0,1986.0,915.0,,,,,,,16.0,,,0,4430.0,,67.0,,,,,,,,627.0,,,,,,,
,,,,,,REGULAR_SEASON,,,,,,,,Saxon Harmon,,,,,,,,,,,,,,,,,,,99.0,,,33.0,,106.0,,,,,,,,,,,9331.7,3627.0,,,,,,,53.0,,LV_OT_01,OT,,,,,156.0,,,,,,,0,,,189.0,2944.0,1310.0,,,,,,,21.0,,,0,6571.0,,99.0,,,,,,,,909.0,,,,,,,
,,,,,,REGULAR_SEASON,,,,,,,,Peyson Metellus,,,,,,,,,,,,,,,,,,,96.0,,,32.0,,111.0,,,,,,,,,,,8952.6,3472.0,,,,,,,53.0,,LV_OG_01,OG,,,,,168.0,,,,,,,0,,,234.0,2823.0,1230.0,,,,,,,26.0,,,0,6295.0,,96.0,,,,,,,,913.0,,,,,,,
,,,,,,REGULAR_SEASON,,,,,,,,Wesson Gilliam,,,,,,,,,,,,,,,,,,,60.0,,,24.0,,76.0,,,,,,,,,,,5471.5,2182.0,,,,,,,43.0,,LV_OG_02,OG,,,,,122.0,,,,,,,1,,,169.0,1768.0,747.0,,,,,,,28.0,,,0,3950.0,,60.0,,,,,,,,591.0,,,,,,,
,,,,,,REGULAR_SEASON,,,,,,,,Clay Hankins,,,,,,,,,,,,,,,,,,,72.0,,,21.0,,83.0,,,,,,,,,,,6766.7,2634.0,,,,,,,40.0,,LV_C_01,C,,,,,120.0,,,,,,,1,,,171.0,2145.0,901.0,,,,,,,16.0,,,0,4779.0,,72.0,,,,,,,,649.0,,,,,,,
113.0,8.0,,,,,REGULAR_SEASON,,,,,,,,Logan Hagerty,,,,,,,,,,,,,,,4.0,,,,74.0,,,,94.0,,,,,,,,20.0,,,,,,,1821.0,10.48,,,,19.0,,LV_EDGE_02,EDGE,,,,168.0,,,47.0,,,,,1,,,,,,105.0,,,,,36.0,,,,0,3207.0,89.0,,202.0,,,36.0,,,,760.0,,,,,,,
101.0,9.0,,,,,REGULAR_SEASON,,,,,,,,Jabari Alcott,,,,,,,,,,,,,,,3.0,,,,67.0,,,,98.0,,,,,,,,9.0,,,,,,,1668.0,10.95,,,,15.0,,LV_EDGE_04,EDGE,,,,184.0,,,58.0,,,,,0,,,,,,150.0,,,,,34.0,,,,0,2946.0,75.0,,176.0,,,30.0,,,,667.0,,,,,,,
118.0,8.0,,,,,REGULAR_SEASON,,,,,,,,Yusuf Arnett,,,,,,,,,,,,,,,8.0,,,,77.0,,,,91.0,,,,,,,,15.0,,,,,,,1904.0,10.32,,,,22.0,,LV_EDGE_01,EDGE,,,,170.0,,,43.0,,,,,1,,,,,,123.0,,,,,41.0,,,,0,3351.0,97.0,,215.0,,,36.0,,,,755.0,,,,,,,
47.0,3.0,,,,,REGULAR_SEASON,,,,,,,,Sawyer Langford,,,,,,,,,,,,,,,0.0,,,,30.0,,,,54.0,,,,,,,,6.0,,,,,,,759.0,4.16,,,,2.0,,LV_EDGE_03,EDGE,,,,84.0,,,26.0,,,,,1,,,,,,52.0,,,,,4.0,,,,0,1334.0,37.0,,84.0,,,13.0,,,,263.0,,,,,,,
148.0,11.0,,,,,REGULAR_SEASON,,,,,,,,Sable Fournette,,,,,,,,,,,,,,,5.0,,,,96.0,,,,127.0,,,,,,,,23.0,,,,,,,2088.0,14.61,,,,16.0,,LV_DT_01,DT,,,,199.0,,,49.0,,,,,1,,,,,,185.0,,,,,27.0,,,,0,3681.0,122.0,,270.0,,,56.0,,,,905.0,,,,,,,
74.0,9.0,,,,,REGULAR_SEASON,,,,,,,,Tavian Rhodes,,,,,,,,,,,,,,,2.0,,,,50.0,,,,56.0,,,,,,,,10.0,,,,,,,1061.0,7.14,,,,13.0,,LV_DT_02,DT,,,,97.0,,,25.0,,,,,1,,,,,,89.0,,,,,18.0,,,,0,1872.0,59.0,,133.0,,,26.0,,,,473.0,,,,,,,
100.0,12.0,,,,,REGULAR_SEASON,,,,,,,,Ford Bledsoe,,,,,,,,,,,,,,,6.0,,,,66.0,,,,71.0,,,,,,,,24.0,,,,,,,1376.0,8.75,,,,19.0,,LV_DT_03,DT,,,,108.0,,,27.0,,,,,0,,,,,,91.0,,,,,13.0,,,,0,2429.0,78.0,,178.0,,,38.0,,,,616.0,,,,,,,
,,,464.0,,,REGULAR_SEASON,,,,2791.0,,,,Marcell Girardi,,,,,,,,,,,,,,,,48.0,,,79.0,,,,,,,,4.0,,,,45.0,,,,,,31.0,,,,,6648.2,19.0,,LV_LB_01,LB,,,,49.0,,,,,180.0,,,1,,,,,,57.0,,,,,8.0,,,,0,3634.0,282.0,,446.0,293.0,6.0,70.0,,,,727.0,,,,,2195.0,,62.23
,,,228.0,,,REGULAR_SEASON,,,,1199.0,,,,Granger Peebles,,,,,,,,,,,,,,,,24.0,,,34.0,,,,,,,,3.0,,,,19.0,,,,,,13.0,,,,,2841.3,12.0,,LV_LB_02,LB,,,,30.0,,,,,81.0,,,1,,,,,,26.0,,,,,2.0,,,,0,1557.0,130.0,,204.0,134.0,12.0,29.0,,,,301.0,,,,,874.0,,24.75
,,,98.0,,,REGULAR_SEASON,,,,621.0,,,,Horace Camarillo,,,,,,,,,,,,,,,,9.0,,,17.0,,,,,,,,1.0,,,,11.0,,,,,,5.0,,,,,1425.4,3.0,,LV_LB_03,LB,,,,8.0,,,,,41.0,,,1,,,,,,4.0,,,,,0.0,,,,0,807.0,58.0,,89.0,54.0,2.0,15.0,,,,160.0,,,,,418.0,,11.33
,,,,,,REGULAR_SEASON,,,,2389.0,,,,Enzo Ugwoegbu,,,,,,,,,,,,,,,,31.0,,,63.0,,,,,,,,8.0,,,,23.0,,,,,,18.0,,,,,4804.1,14.0,,LV_CB_03,CB,,,,,,,,,129.0,,,0,,,,,,48.0,,,,,,,,,0,3099.0,158.0,,267.0,244.0,15.0,,,,,549.0,,,,,1440.0,,37.56
,,,,,,REGULAR_SEASON,,,,2897.0,,,,Gibson Stenberg,,,,,,,,,,,,,,,,66.0,,,75.0,,,,,,,,10.0,,,,35.0,,,,,,40.0,,,,,6451.7,20.0,,LV_CB_01,CB,,,,,,,,,179.0,,,1,,,,,,53.0,,,,,,,,,0,3758.0,188.0,,311.0,285.0,19.0,,,,,719.0,,,,,2087.0,,54.43
,,,,,,REGULAR_SEASON,,,,397.0,,,,Thatcher Girardi,,,,,,,,,,,,,,,,14.0,,,10.0,,,,,,,,1.0,,,,2.0,,,,,,7.0,,,,,784.5,3.0,,LV_CB_02,CB,,,,,,,,,26.0,,,1,,,,,,5.0,,,,,,,,,0,513.0,18.0,,29.0,47.0,2.0,,,,,96.0,,,,,278.0,,7.07
,,,,,,REGULAR_SEASON,,,,3231.0,,,,Emory Kanell,,,,,,,,,,,,,,,,60.0,,,85.0,,,,,,,,8.0,,,,17.0,,,,,,41.0,,,,,6342.5,16.0,,LV_CB_06,CB,,,,,,,,,155.0,,,1,,,,,,43.0,,,,,,,,,0,4194.0,192.0,,315.0,277.0,12.0,,,,,797.0,,,,,1767.0,,46.64
,,,,,,REGULAR_SEASON,,,,3965.0,,,,Luca Slaughter,,,,,,,,,,,,,,,,72.0,,,100.0,,,,,,,,0.0,,,,38.0,,,,,,43.0,,,,,7994.0,27.0,,LV_S_01,S,,,,,,,,,201.0,,,0,,,,,,70.0,,,,,,,,,0,5135.0,243.0,,405.0,367.0,14.0,,,,,932.0,,,,,2302.0,,58.15
,,,,,,REGULAR_SEASON,,,,673.0,,,,Caleb Vasher,,,,,,,,,,,,,,,,12.0,,,17.0,,,,,,,,0.0,,,,5.0,,,,,,7.0,,,,,1795.8,7.0,,LV_S_02,S,,,,,,,,,57.0,,,1,,,,,,11.0,,,,,,,,,0,873.0,40.0,,67.0,80.0,6.0,,,,,160.0,,,,,702.0,,18.0
,,,,,,REGULAR_SEASON,,,,2026.0,,,,Jaxton Melchior,,,,,,,,,,,,,,,,31.0,,,51.0,,,,,,,,0.0,,,,12.0,,,,,,12.0,,,,,4673.8,12.0,,LV_S_04,S,,,,,,,,,131.0,,,1,,,,,,34.0,,,,,,,,,0,2627.0,116.0,,194.0,210.0,11.0,,,,,478.0,,,,,1426.0,,36.75
,,,,,,REGULAR_SEASON,,,,,,,,Milo Fitzhugh,,,,66.0,20.0,13.0,13.0,13.0,58.0,17.0,11.0,11.0,11.0,,,,,,46.0,,1.0,,,,,,,177.0,,1401.0,,,,,,,,,,,,,,,LV_K_01,K,,,,,,,,,,,,0,,,,,,,,,,,,,,,0,276.0,,,,,,,,112.0,,437.0,89.0,86.0,,,,,
,,,,,,REGULAR_SEASON,,,,,,,,Isaiah Lovelace,,,,,,,,,,,,,,,,,,,34.0,6202.0,,,,,17.0,51.0,,,1871.0,,,,5610.0,,,,,,,,,,,,LV_P_01,P,,,,,,129.0,,,,,,1,592.0,,,,,,,,,,,,,,0,170.0,,,,,,,,10.0,,322.0,,,,,,,
,,305.0,,,2111.0,REGULAR_SEASON,2093.0,,,,312.0,124.0,,Chase Durrant,,134.0,,,,,,,,,,,,987.0,,,6.0,3.0,91.0,,,,,,,,51.0,,,,,,,3052.0,,,,,,175.0,23817.0,,,755.0,CAR_QB_01,QB,941.0,452.0,4297.0,,,,,,,,,0,,,,,,,343.0,,1407.0,1080.0,,,165.0,196.0,0,5841.0,,91.0,,,,,163.0,,83.0,877.0,,,,,,,
,,,,107.0,,REGULAR_SEASON,,99.0,220.0,,,,225.0,Tavian Winovich,70.0,,98.0,,,,,,,,,,,485.0,,,7.0,,67.0,,,,,,,,,,,,,41.0,,,,341.0,,,,,,,,,CAR_RB_01,RB,,,,,35.0,,,1014.0,,,11620.0,1,,706.0,,184.0,,,1149.0,68.0,5270.0,,,,,,0,2105.0,,,,1436.0,,,,,,612.0,,,4947.0,2456.0,,2817.0,
,,,,91.0,,REGULAR_SEASON,,47.0,109.0,,,,85.0,Otto Gholston,30.0,,30.0,,,,,,,,,,,178.0,,,2.0,,59.0,,,,,,,,,,,,,39.0,,,,338.0,,,,,,,,,CAR_RB_03,RB,,,,,29.0,,,406.0,,,4788.0,1,,416.0,,100.0,,,490.0,1.0,2259.0,,,,,,0,1267.0,,,,608.0,,,,,,576.0,,,2032.0,1080.0,,1199.0,
,,,,18.0,,REGULAR_SEASON,,7.0,10.0,,,,16.0,Eli Landry,4.0,,6.0,,,,,,,,,,,30.0,,,2.0,,16.0,,,,,,,,,,,,,8.0,,,,100.0,,,,,,,,,CAR_RB_02,RB,,,,,7.0,,,66.0,,,852.0,1,,77.0,,17.0,,,73.0,,364.0,,,,,,0,238.0,,,,94.0,,,,,,145.0,,,293.0,202.0,,162.0,
,,,,,,REGULAR_SEASON,,84.0,171.0,,,,129.0,Jace Dettmer,38.0,,,,,,,,,,,,,262.0,,,,,98.0,,,,,,,,,,,,,68.0,,,,,,,,,,,,,CAR_WR_01,WR,,,,,,,,582.0,,38.0,6874.0,1,,3577.0,,1222.0,,,,,,,,,,,0,4221.0,,,,1008.0,,,,,,936.0,,,2843.0,,,,
,,,,,,REGULAR_SEASON,,95.0,167.0,,,,135.0,Zeb Quinones,37.0,,,,,,,,,,,,,262.0,,,,,93.0,,,,,,,,,,,,,66.0,,,,,,,,,,,,,CAR_WR_03,WR,,,,,,,,580.0,,20.0,6895.0,0,,3457.0,,1182.0,,,,,,,,,,,0,4080.0,,,,944.0,,,,,,863.0,,,2926.0,,,,
,,,,,,REGULAR_SEASON,,25.0,50.0,,,,35.0,Marshall Plunkett,21.0,,,,,,,,,,,,,62.0,,,,,51.0,,,,,,,,,,,,,18.0,,,,,,,,,,,,,CAR_WR_02,WR,,,,,,,,167.0,,7.0,2151.0,1,,1872.0,,637.0,,,,,,,,,,,0,2212.0,,,,289.0,,,,,,447.0,,,914.0,,,,
,,,,,,REGULAR_SEASON,,22.0,45.0,,,,35.0,Bodhi Threadgill,11.0,,,,,,,,,,,,,62.0,,,,,58.0,,,,,,,,,,,,,33.0,,,,,,,,,,,,,CAR_WR_05,WR,,,,,,,,171.0,,8.0,2155.0,1,,2118.0,,726.0,,,,,,,,,,,0,2498.0,,,,294.0,,,,,,542.0,,,830.0,,,,
,,,,,,REGULAR_SEASON,,42.0,95.0,,,,92.0,Rashad Restrepo,28.0,,,,,,,,,,,,,122.0,,,,,93.0,,,,,,,,,,,,,46.0,,,,,,,,,,,,,CAR_TE_01,TE,,,,,,,,341.0,,,4247.0,0,,3172.0,,1082.0,,,,,,,,,,,0,3744.0,,,,584.0,,,,,,860.0,,,1818.0,,,,
,,,,,,REGULAR_SEASON,,27.0,68.0,,,,63.0,Lamont Flannery,19.0,,,,,,,,,,,,,81.0,,,,,95.0,,,,,,,,,,,,,49.0,,,,,,,,,,,,,CAR_TE_02,TE,,,,,,,,243.0,,6.0,3212.0,1,,3199.0,,1097.0,,,,,,,,,,,0,3780.0,,,,460.0,,,,,,909.0,,,1341.0,,,,
,,,,,,REGULAR_SEASON,,,,,,,,Simeon Sorrentino,,,,,,,,,,,,,,,,,,,70.0,,,24.0,,73.0,,,,,,,,,,,6614.5,2554.0,,,,,,,27.0,,CAR_OT_01,OT,,,,,110.0,,,,,,,0,,,137.0,2068.0,941.0,,,,,,,13.0,,,0,4622.0,,70.0,,,,,,,,675.0,,,,,,,
,,,,,,REGULAR_SEASON,,,,,,,,Cooper Rochell,,,,,,,,,,,,,,,,,,,89.0,,,27.0,,90.0,,,,,,,,,,,8390.8,3197.0,,,,,,,65.0,,CAR_OT_02,OT,,,,,135.0,,,,,,,0,,,177.0,2598.0,1127.0,,,,,,,19.0,,,0,5795.0,,89.0,,,,,,,,846.0,,,,,,,
,,,,,,REGULAR_SEASON,,,,,,,,Jorel Copeland,,,,,,,,,,,,,,,,,,,94.0,,,24.0,,81.0,,,,,,,,,,,8766.2,3396.0,,,,,,,43.0,,CAR_OG_01,OG,,,,,138.0,,,,,,,0,,,192.0,2756.0,1254.0,,,,,,,36.0,,,0,6152.0,,94.0,,,,,,,,881.0,,,,,,,
,,,,,,REGULAR_SEASON,,,,,,,,Rowan Verrett,,,,,,,,,,,,,,,,,,,70.0,,,24.0,,72.0,,,,,,,,,,,6585.2,2552.0,,,,,,,31.0,,CAR_OG_02,OG,,,,,111.0,,,,,,,0,,,178.0,2064.0,903.0,,,,,,,16.0,,,0,4616.0,,70.0,,,,,,,,643.0,,,,,,,
,,,,,,REGULAR_SEASON,,,,,,,,Asa Ugwoegbu,,,,,,,,,,,,,,,,,,,86.0,,,22.0,,69.0,,,,,,,,,,,8205.8,3134.0,,,,,,,45.0,,CAR_C_01,C,,,,,104.0,,,,,,,0,,,163.0,2540.0,1169.0,,,,,,,16.0,,,0,5674.0,,86.0,,,,,,,,810.0,,,,,,,
93.0,12.0,,,,,REGULAR_SEASON,,,,,,,,Rocky Tillotson,,,,,,,,,,,,,,,4.0,,,,68.0,,,,81.0,,,,,,,,14.0,,,,,,,1663.0,10.03,,,,18.0,,CAR_EDGE_02,EDGE,,,,172.0,,,61.0,,,,,1,,,,,,111.0,,,,,35.0,,,,0,2926.0,75.0,,168.0,,,25.0,,,,650.0,,,,,,,
22.0,0.0,,,,,REGULAR_SEASON,,,,,,,,Chandler Pinnock,,,,,,,,,,,,,,,1.0,,,,13.0,,,,24.0,,,,,,,,4.0,,,,,,,314.0,2.2,,,,2.0,,CAR_EDGE_01,EDGE,,,,39.0,,,9.0,,,,,1,,,,,,34.0,,,,,6.0,,,,0,552.0,21.0,,43.0,,,8.0,,,,126.0,,,,,,,
45.0,9.0,,,,,REGULAR_SEASON,,,,,,,,Titus Ackerley,,,,,,,,,,,,,,,7.0,,,,36.0,,,,68.0,,,,,,,,10.0,,,,,,,891.0,5.23,,,,8.0,,CAR_EDGE_05,EDGE,,,,100.0,,,23.0,,,,,1,,,,,,65.0,,,,,11.0,,,,0,1567.0,34.0,,79.0,,,7.0,,,,329.0,,,,,,,
25.0,2.0,,,,,REGULAR_SEASON,,,,,,,,Lincoln Bolduc,,,,,,,,,,,,,,,1.0,,,,17.0,,,,16.0,,,,,,,,6.0,,,,,,,430.0,1.78,,,,3.0,,CAR_EDGE_04,EDGE,,,,27.0,,,8.0,,,,,1,,,,,,17.0,,,,,3.0,,,,0,754.0,22.0,,47.0,,,10.0,,,,162.0,,,,,,,
145.0,11.0,,,,,REGULAR_SEASON,,,,,,,,Radcliffe Stoutland,,,,,,,,,,,,,,,7.0,,,,93.0,,,,121.0,,,,,,,,18.0,,,,,,,1966.0,14.49,,,,17.0,,CAR_DT_02,DT,,,,211.0,,,63.0,,,,,1,,,,,,201.0,,,,,30.0,,,,0,3470.0,108.0,,253.0,,,41.0,,,,927.0,,,,,,,
97.0,8.0,,,,,REGULAR_SEASON,,,,,,,,Raul Hartline,,,,,,,,,,,,,,,6.0,,,,67.0,,,,82.0,,,,,,,,16.0,,,,,,,1414.0,10.05,,,,14.0,,CAR_DT_01,DT,,,,130.0,,,30.0,,,,,1,,,,,,148.0,,,,,21.0,,,,0,2496.0,73.0,,170.0,,,35.0,,,,617.0,,,,,,,
71.0,5.0,,,,,REGULAR_SEASON,,,,,,,,Mateo Gainer,,,,,,,,,,,,,,,1.0,,,,50.0,,,,65.0,,,,,,,,9.0,,,,,,,1054.0,7.31,,,,12.0,,CAR_DT_04,DT,,,,110.0,,,34.0,,,,,1,,,,,,79.0,,,,,13.0,,,,0,1863.0,63.0,,134.0,,,18.0,,,,461.0,,,,,,,
,,,494.0,,,REGULAR_SEASON,,,,3290.0,,,,Palmer Verrett,,,,,,,,,,,,,,,,72.0,,,94.0,,,,,,,,5.0,,,,53.0,,,,,,38.0,,,,,7825.6,24.0,,CAR_LB_01,LB,,,,52.0,,,,,226.0,,,0,,,,,,67.0,,,,,9.0,,,,0,4277.0,346.0,,542.0,362.0,12.0,80.0,,,,870.0,,,,,2500.0,,71.94
,,,101.0,,,REGULAR_SEASON,,,,591.0,,,,Flynn Mixson,,,,,,,,,,,,,,,,10.0,,,17.0,,,,,,,,1.0,,,,15.0,,,,,,6.0,,,,,1398.0,4.0,,CAR_LB_03,LB,,,,9.0,,,,,37.0,,,1,,,,,,17.0,,,,,2.0,,,,0,767.0,63.0,,99.0,54.0,1.0,15.0,,,,162.0,,,,,391.0,,11.2
,,,566.0,,,REGULAR_SEASON,,,,3436.0,,,,Joaquin Weatherspoon,,,,,,,,,,,,,,,,58.0,,,98.0,,,,,,,,8.0,,,,56.0,,,,,,35.0,,,,,8024.1,30.0,,CAR_LB_02,LB,,,,60.0,,,,,214.0,,,0,,,,,,84.0,,,,,12.0,,,,0,4472.0,338.0,,529.0,350.0,21.0,69.0,,,,900.0,,,,,2529.0,,73.69
,,,,,,REGULAR_SEASON,,,,3819.0,,,,Madden Grimsley,,,,,,,,,,,,,,,,97.0,,,99.0,,,,,,,,22.0,,,,25.0,,,,,,59.0,,,,,7167.4,12.0,,CAR_CB_01,CB,,,,,,,,,198.0,,,0,,,,,,66.0,,,,,,,,,0,4949.0,228.0,,386.0,347.0,14.0,,,,,944.0,,,,,2249.0,,58.85
,,,,,,REGULAR_SEASON,,,,512.0,,,,Soloman Somerville,,,,,,,,,,,,,,,,13.0,,,13.0,,,,,,,,1.0,,,,6.0,,,,,,10.0,,,,,1030.3,2.0,,CAR_CB_03,CB,,,,,,,,,32.0,,,1,,,,,,9.0,,,,,,,,,0,663.0,31.0,,48.0,53.0,2.0,,,,,116.0,,,,,327.0,,8.22
,,,,,,REGULAR_SEASON,,,,1363.0,,,,Ulises Slaughter,,,,,,,,,,,,,,,,20.0,,,35.0,,,,,,,,1.0,,,,22.0,,,,,,7.0,,,,,2998.2,9.0,,CAR_CB_02,CB,,,,,,,,,97.0,,,1,,,,,,27.0,,,,,,,,,0,1765.0,99.0,,158.0,152.0,4.0,,,,,354.0,,,,,1140.0,,29.37
,,,,,,REGULAR_SEASON,,,,3034.0,,,,Lawson Ricciardi,,,,,,,,,,,,,,,,33.0,,,80.0,,,,,,,,14.0,,,,45.0,,,,,,14.0,,,,,7000.7,17.0,,CAR_CB_04,CB,,,,,,,,,233.0,,,0,,,,,,57.0,,,,,,,,,0,3939.0,187.0,,310.0,367.0,20.0,,,,,791.0,,,,,2873.0,,75.73
,,,,,,REGULAR_SEASON,,,,3564.0,,,,Ace Brannigan,,,,,,,,,,,,,,,,67.0,,,90.0,,,,,,,,7.0,,,,21.0,,,,,,48.0,,,,,7342.6,19.0,,CAR_S_02,S,,,,,,,,,200.0,,,0,,,,,,73.0,,,,,,,,,0,4621.0,184.0,,315.0,337.0,17.0,,,,,828.0,,,,,2335.0,,59.79
,,,,,,REGULAR_SEASON,,,,3554.0,,,,Devante Sessoms,,,,,,,,,,,,,,,,59.0,,,89.0,,,,,,,,6.0,,,,39.0,,,,,,32.0,,,,,7477.4,21.0,,CAR_S_03,S,,,,,,,,,224.0,,,1,,,,,,53.0,,,,,,,,,0,4611.0,198.0,,340.0,361.0,21.0,,,,,848.0,,,,,2673.0,,67.96
,,,,,,REGULAR_SEASON,,,,2548.0,,,,Blaise Rhodes,,,,,,,,,,,,,,,,50.0,,,64.0,,,,,,,,4.0,,,,20.0,,,,,,28.0,,,,,5491.9,25.0,,CAR_S_01,S,,,,,,,,,152.0,,,1,,,,,,37.0,,,,,,,,,0,3305.0,149.0,,247.0,247.0,13.0,,,,,581.0,,,,,1802.0,,46.14
,,,,,,REGULAR_SEASON,,,,,,,,Eero Thorogood,,,,87.0,28.0,19.0,19.0,20.0,74.0,24.0,16.0,11.0,17.0,,,,,,55.0,,3.0,,,,,,,216.0,,2085.0,,,,,,,,,,,,,,,CAR_K_01,K,,,,,,,,,,,,1,,,,,,,,,,,,,,,0,330.0,,,,,,,,132.0,,521.0,87.0,84.0,,,,,
,,,,,,REGULAR_SEASON,,,,,,,,Denzel Seeley,,,,,,,,,,,,,,,,,,,75.0,13866.0,,,,,36.0,114.0,,,4103.0,,,,12586.0,,,,,,,,,,,,CAR_P_01,P,,,,,,297.0,,,,,,0,1280.0,,,,,,,,,,,,,,0,375.0,,,,,,,,26.0,,707.0,,,,,,,
,,78.0,,,881.0,REGULAR_SEASON,871.0,,,,126.0,37.0,,Maddox Mortenson,,50.0,,,,,,,,,,,,409.0,,,2.0,1.0,39.0,,,,,,,,25.0,,,,,,,1311.0,,,,,,48.0,9436.0,,,326.0,NO_QB_01,QB,430.0,177.0,1658.0,,,,,,,,,0,,,,,,,155.0,,796.0,548.0,,,86.0,82.0,0,2448.0,,39.0,,,,,65.0,,57.0,393.0,,,,,,,
,,,,12.0,,REGULAR_SEASON,,18.0,44.0,,,,38.0,Lorenzo Stinnie,13.0,,16.0,,,,,,,,,,,80.0,,,0.0,,13.0,,,,,,,,,,,,,5.0,,,,68.0,,,,,,,,,NO_RB_01,RB,,,,,9.0,,,157.0,,,1919.0,1,,130.0,,31.0,,,195.0,7.0,938.0,,,,,,0,386.0,,,,242.0,,,,,,131.0,,,719.0,446.0,,492.0,
,,,,94.0,,REGULAR_SEASON,,68.0,172.0,,,,152.0,Winston Wiggington,48.0,,45.0,,,,,,,,,,,320.0,,,13.0,,66.0,,,,,,,,,,,,,38.0,,,,371.0,,,,,,,,,NO_RB_03,RB,,,,,47.0,,,663.0,,,7520.0,1,,577.0,,141.0,,,843.0,9.0,3660.0,,,,,,0,1728.0,,,,1034.0,,,,,,651.0,,,3038.0,1593.0,,2073.0,
,,,,38.0,,REGULAR_SEASON,,39.0,88.0,,,,77.0,Luca Tullis,29.0,,32.0,,,,,,,,,,,187.0,,,9.0,,31.0,,,,,,,,,,,,,13.0,,,,189.0,,,,,,,,,NO_RB_02,RB,,,,,18.0,,,366.0,,,4229.0,1,,280.0,,72.0,,,448.0,13.0,1989.0,,,,,,0,847.0,,,,557.0,,,,,,267.0,,,1694.0,829.0,,1160.0,
,,,,,,REGULAR_SEASON,,8.0,24.0,,,,28.0,Mason Ravenel,8.0,,,,,,,,,,,,,44.0,,,,,17.0,,,,,,,,,,,,,6.0,,,,,,,,,,,,,NO_WR_02,WR,,,,,,,,101.0,,7.0,1244.0,1,,632.0,,214.0,,,,,,,,,,,0,744.0,,,,184.0,,,,,,157.0,,,564.0,,,,
,,,,,,REGULAR_SEASON,,19.0,40.0,,,,36.0,Maddox Steinkuhler,13.0,,,,,,,,,,,,,50.0,,,,,47.0,,,,,,,,,,,,,28.0,,,,,,,,,,,,,NO_WR_03,WR,,,,,,,,152.0,,9.0,1987.0,1,,1715.0,,587.0,,,,,,,,,,,0,2024.0,,,,291.0,,,,,,430.0,,,811.0,,,,
,,,,,,REGULAR_SEASON,,35.0,72.0,,,,58.0,Kasimir Serrano,21.0,,,,,,,,,,,,,91.0,,,,,79.0,,,,,,,,,,,,,44.0,,,,,,,,,,,,,NO_WR_01,WR,,,,,,,,249.0,,18.0,3104.0,0,,2944.0,,1008.0,,,,,,,,,,,0,3469.0,,,,463.0,,,,,,750.0,,,1259.0,,,,
,,,,,,REGULAR_SEASON,,1.0,2.0,,,,4.0,Trenton Vaitai,0.0,,,,,,,,,,,,,0.0,,,,,9.0,,,,,,,,,,,,,7.0,,,,,,,,,,,,,NO_WR_04,WR,,,,,,,,9.0,,,148.0,1,,338.0,,115.0,,,,,,,,,,,0,399.0,,,,19.0,,,,,,89.0,,,69.0,,,,
,,,,,,REGULAR_SEASON,,27.0,67.0,,,,60.0,Lucian Cantrell,29.0,,,,,,,,,,,,,65.0,,,,,99.0,,,,,,,,,,,,,51.0,,,,,,,,,,,,,NO_TE_02,TE,,,,,,,,211.0,,,2837.0,0,,3230.0,,1098.0,,,,,,,,,,,0,3817.0,,,,415.0,,,,,,939.0,,,1143.0,,,,
,,,,,,REGULAR_SEASON,,40.0,80.0,,,,61.0,Lance Dombrowski,16.0,,,,,,,,,,,,,84.0,,,,,84.0,,,,,,,,,,,,,54.0,,,,,,,,,,,,,NO_TE_03,TE,,,,,,,,240.0,,,2960.0,0,,2842.0,,972.0,,,,,,,,,,,0,3354.0,,,,441.0,,,,,,732.0,,,1150.0,,,,
,,,,,,REGULAR_SEASON,,,,,,,,Joaquin Drayton,,,,,,,,,,,,,,,,,,,83.0,,,34.0,,80.0,,,,,,,,,,,7752.1,3002.0,,,,,,,37.0,,NO_OT_02,OT,,,,,137.0,,,,,,,0,,,176.0,2436.0,1105.0,,,,,,,24.0,,,0,5438.0,,83.0,,,,,,,,799.0,,,,,,,
,,,,,,REGULAR_SEASON,,,,,,,,Merle Zabransky,,,,,,,,,,,,,,,,,,,17.0,,,9.0,,11.0,,,,,,,,,,,1553.6,636.0,,,,,,,7.0,,NO_OT_01,OT,,,,,29.0,,,,,,,1,,,41.0,517.0,226.0,,,,,,,10.0,,,0,1153.0,,17.0,,,,,,,,157.0,,,,,,,
,,,,,,REGULAR_SEASON,,,,,,,,Kenji Sarratt,,,,,,,,,,,,,,,,,,,34.0,,,17.0,,31.0,,,,,,,,,,,3202.7,1255.0,,,,,,,14.0,,NO_OG_01,OG,,,,,55.0,,,,,,,1,,,71.0,1017.0,429.0,,,,,,,8.0,,,0,2272.0,,34.0,,,,,,,,314.0,,,,,,,
,,,,,,REGULAR_SEASON,,,,,,,,Vito Upshaw,,,,,,,,,,,,,,,,,,,15.0,,,5.0,,11.0,,,,,,,,,,,1398.2,550.0,,,,,,,7.0,,NO_OG_04,OG,,,,,22.0,,,,,,,1,,,36.0,446.0,181.0,,,,,,,6.0,,,0,996.0,,15.0,,,,,,,,133.0,,,,,,,
,,,,,,REGULAR_SEASON,,,,,,,,Rafferty Timmerman,,,,,,,,,,,,,,,,,,,86.0,,,21.0,,70.0,,,,,,,,,,,8130.1,3102.0,,,,,,,48.0,,NO_C_01,C,,,,,112.0,,,,,,,1,,,180.0,2512.0,1121.0,,,,,,,23.0,,,0,5614.0,,86.0,,,,,,,,767.0,,,,,,,
116.0,15.0,,,,,REGULAR_SEASON,,,,,,,,Tadeo Kaufusi,,,,,,,,,,,,,,,6.0,,,,84.0,,,,139.0,,,,,,,,16.0,,,,,,,2087.0,13.94,,,,16.0,,NO_EDGE_02,EDGE,,,,241.0,,,67.0,,,,,1,,,,,,187.0,,,,,43.0,,,,0,3679.0,91.0,,207.0,,,39.0,,,,830.0,,,,,,,
25.0,4.0,,,,,REGULAR_SEASON,,,,,,,,Julius Willingham,,,,,,,,,,,,,,,1.0,,,,16.0,,,,21.0,,,,,,,,5.0,,,,,,,380.0,2.5,,,,1.0,,NO_EDGE_01,EDGE,,,,30.0,,,7.0,,,,,1,,,,,,25.0,,,,,2.0,,,,0,672.0,21.0,,46.0,,,8.0,,,,140.0,,,,,,,
148.0,18.0,,,,,REGULAR_SEASON,,,,,,,,Salvatore Ahearn,,,,,,,,,,,,,,,11.0,,,,96.0,,,,144.0,,,,,,,,21.0,,,,,,,2382.0,13.9,,,,24.0,,NO_EDGE_04,EDGE,,,,230.0,,,60.0,,,,,0,,,,,,177.0,,,,,31.0,,,,0,4193.0,108.0,,256.0,,,49.0,,,,955.0,,,,,,,
44.0,4.0,,,,,REGULAR_SEASON,,,,,,,,Peyson Stroman,,,,,,,,,,,,,,,2.0,,,,29.0,,,,27.0,,,,,,,,8.0,,,,,,,710.0,3.4,,,,6.0,,NO_EDGE_05,EDGE,,,,61.0,,,29.0,,,,,1,,,,,,34.0,,,,,7.0,,,,0,1251.0,35.0,,79.0,,,13.0,,,,252.0,,,,,,,
152.0,18.0,,,,,REGULAR_SEASON,,,,,,,,Kareem Mathurin,,,,,,,,,,,,,,,9.0,,,,102.0,,,,116.0,,,,,,,,20.0,,,,,,,2152.0,13.78,,,,19.0,,NO_DT_02,DT,,,,197.0,,,58.0,,,,,0,,,,,,181.0,,,,,28.0,,,,0,3792.0,110.0,,262.0,,,58.0,,,,985.0,,,,,,,
149.0,12.0,,,,,REGULAR_SEASON,,,,,,,,Peyton Simmerman,,,,,,,,,,,,,,,10.0,,,,98.0,,,,116.0,,,,,,,,23.0,,,,,,,2103.0,13.95,,,,26.0,,NO_DT_01,DT,,,,193.0,,,65.0,,,,,0,,,,,,167.0,,,,,16.0,,,,0,3712.0,119.0,,268.0,,,53.0,,,,943.0,,,,,,,
39.0,4.0,,,,,REGULAR_SEASON,,,,,,,,Esteban Yancey,,,,,,,,,,,,,,,0.0,,,,22.0,,,,30.0,,,,,,,,8.0,,,,,,,487.0,3.34,,,,7.0,,NO_DT_04,DT,,,,43.0,,,10.0,,,,,1,,,,,,48.0,,,,,3.0,,,,0,860.0,31.0,,70.0,,,14.0,,,,193.0,,,,,,,
,,,210.0,,,REGULAR_SEASON,,,,1159.0,,,,Kaden Sigler,,,,,,,,,,,,,,,,15.0,,,34.0,,,,,,,,0.0,,,,24.0,,,,,,11.0,,,,,3138.7,11.0,,NO_LB_02,LB,,,,26.0,,,,,84.0,,,1,,,,,,17.0,,,,,8.0,,,,0,1508.0,131.0,,208.0,138.0,9.0,27.0,,,,288.0,,,,,943.0,,28.14
,,,571.0,,,REGULAR_SEASON,,,,3285.0,,,,Ansel Rutledge,,,,,,,,,,,,,,,,63.0,,,92.0,,,,,,,,10.0,,,,72.0,,,,,,34.0,,,,,6992.5,22.0,,NO_LB_01,LB,,,,79.0,,,,,186.0,,,0,,,,,,64.0,,,,,8.0,,,,0,4265.0,336.0,,525.0,340.0,11.0,69.0,,,,881.0,,,,,2167.0,,61.01
,,,112.0,,,REGULAR_SEASON,,,,604.0,,,,Byron Gwaltney,,,,,,,,,,,,,,,,12.0,,,17.0,,,,,,,,2.0,,,,7.0,,,,,,6.0,,,,,1383.4,4.0,,NO_LB_04,LB,,,,19.0,,,,,41.0,,,1,,,,,,10.0,,,,,3.0,,,,0,783.0,64.0,,99.0,63.0,3.0,11.0,,,,157.0,,,,,470.0,,13.14
,,,,,,REGULAR_SEASON,,,,2808.0,,,,Odell Fraley,,,,,,,,,,,,,,,,45.0,,,75.0,,,,,,,,11.0,,,,29.0,,,,,,22.0,,,,,6503.3,25.0,,NO_CB_02,CB,,,,,,,,,186.0,,,1,,,,,,47.0,,,,,,,,,0,3642.0,190.0,,312.0,297.0,16.0,,,,,723.0,,,,,2437.0,,65.59
,,,,,,REGULAR_SEASON,,,,1293.0,,,,Adair Iyengar,,,,,,,,,,,,,,,,19.0,,,34.0,,,,,,,,6.0,,,,20.0,,,,,,11.0,,,,,2688.3,9.0,,NO_CB_01,CB,,,,,,,,,74.0,,,1,,,,,,21.0,,,,,,,,,0,1677.0,94.0,,152.0,124.0,12.0,,,,,319.0,,,,,874.0,,22.85
,,,,,,REGULAR_SEASON,,,,650.0,,,,Saxon Ramczyk,,,,,,,,,,,,,,,,14.0,,,17.0,,,,,,,,2.0,,,,2.0,,,,,,9.0,,,,,1430.5,6.0,,NO_CB_03,CB,,,,,,,,,41.0,,,1,,,,,,11.0,,,,,,,,,0,839.0,38.0,,64.0,64.0,1.0,,,,,157.0,,,,,530.0,,13.62
,,,,,,REGULAR_SEASON,,,,2877.0,,,,Zion Nunnally,,,,,,,,,,,,,,,,47.0,,,75.0,,,,,,,,6.0,,,,28.0,,,,,,29.0,,,,,5931.6,15.0,,NO_CB_05,CB,,,,,,,,,162.0,,,0,,,,,,59.0,,,,,,,,,0,3728.0,171.0,,277.0,278.0,10.0,,,,,743.0,,,,,2010.0,,53.32
,,,,,,REGULAR_SEASON,,,,1976.0,,,,Theo Beauchamp,,,,,,,,,,,,,,,,37.0,,,50.0,,,,,,,,0.0,,,,20.0,,,,,,22.0,,,,,4356.3,12.0,,NO_S_01,S,,,,,,,,,112.0,,,1,,,,,,31.0,,,,,,,,,0,2561.0,112.0,,192.0,185.0,9.0,,,,,458.0,,,,,1410.0,,35.96
,,,,,,REGULAR_SEASON,,,,431.0,,,,Marcell Tindall,,,,,,,,,,,,,,,,3.0,,,11.0,,,,,,,,0.0,,,,2.0,,,,,,2.0,,,,,968.7,1.0,,NO_S_02,S,,,,,,,,,26.0,,,1,,,,,,8.0,,,,,,,,,0,560.0,21.0,,35.0,42.0,2.0,,,,,76.0,,,,,335.0,,8.56
,,,,,,REGULAR_SEASON,,,,3858.0,,,,Thurman Waldron,,,,,,,,,,,,,,,,70.0,,,96.0,,,,,,,,1.0,,,,49.0,,,,,,40.0,,,,,8603.1,27.0,,NO_S_04,S,,,,,,,,,235.0,,,1,,,,,,68.0,,,,,,,,,0,5003.0,226.0,,382.0,365.0,19.0,,,,,920.0,,,,,2713.0,,68.17
,,,,,,REGULAR_SEASON,,,,,,,,Riggs Malbrough,,,,59.0,16.0,14.0,11.0,9.0,52.0,13.0,11.0,8.0,9.0,,,,,,50.0,,3.0,,,,,,,192.0,,1463.0,,,,,,,,,,,,,,,NO_K_01,K,,,,,,,,,,,,0,,,,,,,,,,,,,,,0,300.0,,,,,,,,108.0,,455.0,96.0,90.0,,,,,
,,,,,,REGULAR_SEASON,,,,,,,,Gideon Gandy,,,,,,,,,,,,,,,,,,,65.0,12172.0,,,,,36.0,96.0,,,3508.0,,,,11012.0,,,,,,,,,,,,NO_P_01,P,,,,,,263.0,,,,,,1,1160.0,,,,,,,,,,,,,,0,325.0,,,,,,,,29.0,,625.0,,,,,,,
36.0,4.0,,,,,REGULAR_SEASON,,,,,,,,Clay Isbell,,,,,,,,,,,,,,,1.0,,,,22.0,,,,31.0,,,,,,,,9.0,,,,,,,534.0,2.8,,,,1.0,,CIN_EDGE_05,EDGE,,,,45.0,,,11.0,,,,,1,,,,,,29.0,,,,,3.0,,,,0,941.0,27.0,,63.0,,,7.0,,,,194.0,,,,,,,
,,,,,,REGULAR_SEASON,,,,,,,,Cyrus Trevathan,,,,,,,,,,,,,,,,,,,39.0,,,21.0,,45.0,,,,,,,,,,,3593.6,1411.0,,,,,,,24.0,,LAC_OT_01,OT,,,,,76.0,,,,,,,1,,,124.0,1144.0,479.0,,,,,,,14.0,,,0,2555.0,,39.0,,,,,,,,370.0,,,,,,,
127.0,16.0,,,,,REGULAR_SEASON,,,,,,,,Fritz Lanphier,,,,,,,,,,,,,,,9.0,,,,92.0,,,,126.0,,,,,,,,29.0,,,,,,,2267.0,12.9,,,,25.0,,LAC_EDGE_01,EDGE,,,,211.0,,,57.0,,,,,0,,,,,,157.0,,,,,39.0,,,,0,3986.0,100.0,,227.0,,,40.0,,,,913.0,,,,,,,
,,,84.0,,,REGULAR_SEASON,,,,528.0,,,,Vance Ferrante,,,,,,,,,,,,,,,,5.0,,,15.0,,,,,,,,0.0,,,,7.0,,,,,,0.0,,,,,1417.3,6.0,,LAC_LB_03,LB,,,,12.0,,,,,55.0,,,1,,,,,,9.0,,,,,2.0,,,,0,686.0,52.0,,83.0,78.0,3.0,4.0,,,,159.0,,,,,606.0,,17.58
10.0,0.0,,,,,REGULAR_SEASON,,,,,,,,Pascal Bedard,,,,,,,,,,,,,,,0.0,,,,7.0,,,,8.0,,,,,,,,2.0,,,,,,,165.0,0.93,,,,1.0,,LV_EDGE_05,EDGE,,,,12.0,,,4.0,,,,,1,,,,,,17.0,,,,,0.0,,,,0,288.0,8.0,,18.0,,,1.0,,,,57.0,,,,,,,
19.0,3.0,,,,,REGULAR_SEASON,,,,,,,,Ladarius Desormeaux,,,,,,,,,,,,,,,0.0,,,,12.0,,,,11.0,,,,,,,,3.0,,,,,,,245.0,1.6,,,,3.0,,LV_DT_05,DT,,,,23.0,,,6.0,,,,,1,,,,,,16.0,,,,,6.0,,,,0,436.0,16.0,,35.0,,,6.0,,,,93.0,,,,,,,
,,,,,,REGULAR_SEASON,,2.0,4.0,,,,3.0,Jeremiah Nangle,2.0,,,,,,,,,,,,,1.0,,,,,8.0,,,,,,,,,,,,,4.0,,,,,,,,,,,,,PHI_WR_05,WR,,,,,,,,10.0,,,150.0,1,,296.0,,101.0,,,,,,,,,,,0,349.0,,,,20.0,,,,,,63.0,,,64.0,,,,
,,,549.0,,,REGULAR_SEASON,,,,3233.0,,,,Lonnie Bradshaw,,,,,,,,,,,,,,,,56.0,,,93.0,,,,,,,,7.0,,,,48.0,,,,,,28.0,,,,,8189.0,15.0,,PHI_LB_03,LB,,,,64.0,,,,,257.0,,,0,,,,,,61.0,,,,,8.0,,,,0,4206.0,336.0,,519.0,400.0,15.0,68.0,,,,889.0,,,,,3100.0,,90.02
,,,,,,REGULAR_SEASON,,10.0,17.0,,,,13.0,Vicente Granderson,4.0,,,,,,,,,,,,,6.0,,,,,33.0,,,,,,,,,,,,,11.0,,,,,,,,,,,,,NYG_WR_04,WR,,,,,,,,44.0,,,622.0,0,,1255.0,,429.0,,,,,,,,,,,0,1476.0,,,,95.0,,,,,,304.0,,,240.0,,,,
,,,,,,REGULAR_SEASON,,,,,,,,Diallo Hammersley,,,,,,,,,,,,,,,,,,,45.0,,,24.0,,61.0,,,,,,,,,,,4149.8,1623.0,,,,,,,20.0,,NYG_OT_04,OT,,,,,97.0,,,,,,,1,,,120.0,1316.0,507.0,,,,,,,12.0,,,0,2939.0,,45.0,,,,,,,,410.0,,,,,,,
,,30.0,,,325.0,REGULAR_SEASON,322.0,,,,48.0,22.0,,Emeka Isbell,,19.0,,,,,,,,,,,,158.0,,,3.0,1.0,15.0,,,,,,,,8.0,,,,,,,499.0,,,,,,19.0,3370.0,,,123.0,BUF_QB_01,QB,174.0,76.0,699.0,,,,,,,,,1,,,,,,,42.0,,131.0,184.0,,,28.0,22.0,0,967.0,,15.0,,,,,25.0,,24.0,151.0,,,,,,,
,,,,19.0,,REGULAR_SEASON,,21.0,48.0,,,,35.0,Gunnar Bradshaw,10.0,,13.0,,,,,,,,,,,73.0,,,2.0,,14.0,,,,,,,,,,,,,4.0,,,,85.0,,,,,,,,,BUF_RB_01,RB,,,,,9.0,,,164.0,,,1742.0,1,,127.0,,31.0,,,217.0,6.0,908.0,,,,,,0,383.0,,,,260.0,,,,,,146.0,,,786.0,400.0,,508.0,
,,,,10.0,,REGULAR_SEASON,,14.0,40.0,,,,31.0,Lawson Rainsberger,13.0,,15.0,,,,,,,,,,,52.0,,,0.0,,17.0,,,,,,,,,,,,,4.0,,,,92.0,,,,,,,,,BUF_RB_02,RB,,,,,6.0,,,117.0,,,1285.0,1,,128.0,,32.0,,,157.0,1.0,619.0,,,,,,0,389.0,,,,192.0,,,,,,170.0,,,459.0,254.0,,374.0,
,,,,14.0,,REGULAR_SEASON,,5.0,15.0,,,,10.0,Marquise Wilkerson,5.0,,3.0,,,,,,,,,,,16.0,,,0.0,,17.0,,,,,,,,,,,,,8.0,,,,97.0,,,,,,,,,BUF_RB_03,RB,,,,,6.0,,,53.0,,,592.0,1,,99.0,,24.0,,,70.0,,283.0,,,,,,0,306.0,,,,86.0,,,,,,170.0,,,250.0,123.0,,160.0,
,,,,,,REGULAR_SEASON,,29.0,76.0,,,,85.0,Gannon Kenney,26.0,,,,,,,,,,,,,117.0,,,,,49.0,,,,,,,,,,,,,25.0,,,,,,,,,,,,,BUF_WR_03,WR,,,,,,,,273.0,,16.0,3101.0,1,,1884.0,,642.0,,,,,,,,,,,0,2215.0,,,,513.0,,,,,,489.0,,,1274.0,,,,
,,,,,,REGULAR_SEASON,,14.0,25.0,,,,21.0,Zaire Piscopo,9.0,,,,,,,,,,,,,27.0,,,,,16.0,,,,,,,,,,,,,12.0,,,,,,,,,,,,,BUF_WR_02,WR,,,,,,,,70.0,,7.0,815.0,1,,605.0,,207.0,,,,,,,,,,,0,717.0,,,,135.0,,,,,,154.0,,,309.0,,,,
,,,,,,REGULAR_SEASON,,6.0,11.0,,,,13.0,Keegan Swearinger,5.0,,,,,,,,,,,,,8.0,,,,,11.0,,,,,,,,,,,,,10.0,,,,,,,,,,,,,BUF_WR_01,WR,,,,,,,,30.0,,,363.0,1,,389.0,,132.0,,,,,,,,,,,0,459.0,,,,63.0,,,,,,103.0,,,147.0,,,,
,,,,,,REGULAR_SEASON,,3.0,6.0,,,,3.0,Duncan Judkins,1.0,,,,,,,,,,,,,2.0,,,,,12.0,,,,,,,,,,,,,5.0,,,,,,,,,,,,,BUF_WR_04,WR,,,,,,,,15.0,,1.0,202.0,1,,426.0,,145.0,,,,,,,,,,,0,503.0,,,,32.0,,,,,,107.0,,,84.0,,,,
,,,,,,REGULAR_SEASON,,9.0,29.0,,,,23.0,Onyx Dargan,8.0,,,,,,,,,,,,,20.0,,,,,44.0,,,,,,,,,,,,,15.0,,,,,,,,,,,,,BUF_TE_03,TE,,,,,,,,84.0,,,1027.0,1,,1439.0,,493.0,,,,,,,,,,,0,1704.0,,,,167.0,,,,,,445.0,,,411.0,,,,
,,,,,,REGULAR_SEASON,,4.0,7.0,,,,5.0,Odin Yoshida,5.0,,,,,,,,,,,,,5.0,,,,,17.0,,,,,,,,,,,,,13.0,,,,,,,,,,,,,BUF_TE_01,TE,,,,,,,,23.0,,,303.0,1,,575.0,,197.0,,,,,,,,,,,0,679.0,,,,48.0,,,,,,170.0,,,130.0,,,,
,,,,,,REGULAR_SEASON,,,,,,,,Cooper Trufant,,,,,,,,,,,,,,,,,,,45.0,,,20.0,,42.0,,,,,,,,,,,4137.8,1603.0,,,,,,,19.0,,BUF_OT_02,OT,,,,,79.0,,,,,,,1,,,94.0,1303.0,575.0,,,,,,,20.0,,,0,2906.0,,45.0,,,,,,,,441.0,,,,,,,
,,,,,,REGULAR_SEASON,,,,,,,,Roman Zamora,,,,,,,,,,,,,,,,,,,87.0,,,27.0,,78.0,,,,,,,,,,,8153.3,3147.0,,,,,,,43.0,,BUF_OT_01,OT,,,,,129.0,,,,,,,0,,,186.0,2550.0,1077.0,,,,,,,28.0,,,0,5697.0,,87.0,,,,,,,,825.0,,,,,,,
,,,,,,REGULAR_SEASON,,,,,,,,Ashton Jorgensen,,,,,,,,,,,,,,,,,,,43.0,,,15.0,,39.0,,,,,,,,,,,4006.7,1562.0,,,,,,,34.0,,BUF_OG_01,OG,,,,,67.0,,,,,,,0,,,108.0,1270.0,530.0,,,,,,,16.0,,,0,2832.0,,43.0,,,,,,,,395.0,,,,,,,
,,,,,,REGULAR_SEASON,,,,,,,,Colston Brinkley,,,,,,,,,,,,,,,,,,,37.0,,,20.0,,49.0,,,,,,,,,,,3440.3,1364.0,,,,,,,19.0,,BUF_OG_02,OG,,,,,73.0,,,,,,,0,,,117.0,1106.0,424.0,,,,,,,8.0,,,0,2470.0,,37.0,,,,,,,,328.0,,,,,,,
,,,,,,REGULAR_SEASON,,,,,,,,Draven Mixson,,,,,,,,,,,,,,,,,,,64.0,,,25.0,,68.0,,,,,,,,,,,5862.2,2277.0,,,,,,,41.0,,BUF_C_01,C,,,,,121.0,,,,,,,0,,,158.0,1847.0,752.0,,,,,,,29.0,,,0,4124.0,,64.0,,,,,,,,611.0,,,,,,,
145.0,10.0,,,,,REGULAR_SEASON,,,,,,,,Lars Stanfield,,,,,,,,,,,,,,,7.0,,,,91.0,,,,148.0,,,,,,,,16.0,,,,,,,2261.0,13.71,,,,22.0,,BUF_EDGE_01,EDGE,,,,256.0,,,74.0,,,,,0,,,,,,185.0,,,,,42.0,,,,0,3976.0,110.0,,255.0,,,45.0,,,,900.0,,,,,,,
142.0,15.0,,,,,REGULAR_SEASON,,,,,,,,Bishop Ayers,,,,,,,,,,,,,,,5.0,,,,95.0,,,,132.0,,,,,,,,24.0,,,,,,,2347.0,13.42,,,,27.0,,BUF_EDGE_02,EDGE,,,,220.0,,,59.0,,,,,0,,,,,,157.0,,,,,37.0,,,,0,4125.0,114.0,,256.0,,,43.0,,,,927.0,,,,,,,
109.0,6.0,,,,,REGULAR_SEASON,,,,,,,,Pascal Yeboah,,,,,,,,,,,,,,,7.0,,,,70.0,,,,108.0,,,,,,,,17.0,,,,,,,1748.0,9.76,,,,20.0,,BUF_EDGE_05,EDGE,,,,163.0,,,46.0,,,,,0,,,,,,117.0,,,,,9.0,,,,0,3076.0,84.0,,193.0,,,34.0,,,,715.0,,,,,,,
58.0,3.0,,,,,REGULAR_SEASON,,,,,,,,Raylan Wolfington,,,,,,,,,,,,,,,3.0,,,,36.0,,,,45.0,,,,,,,,11.0,,,,,,,886.0,4.68,,,,11.0,,BUF_EDGE_04,EDGE,,,,75.0,,,27.0,,,,,1,,,,,,52.0,,,,,4.0,,,,0,1563.0,52.0,,110.0,,,18.0,,,,380.0,,,,,,,
78.0,7.0,,,,,REGULAR_SEASON,,,,,,,,Bexley Sandidge,,,,,,,,,,,,,,,3.0,,,,51.0,,,,57.0,,,,,,,,17.0,,,,,,,1087.0,6.46,,,,9.0,,BUF_DT_04,DT,,,,87.0,,,24.0,,,,,1,,,,,,61.0,,,,,9.0,,,,0,1919.0,69.0,,147.0,,,25.0,,,,509.0,,,,,,,
86.0,13.0,,,,,REGULAR_SEASON,,,,,,,,Thelonious Wanogho,,,,,,,,,,,,,,,4.0,,,,61.0,,,,61.0,,,,,,,,10.0,,,,,,,1282.0,7.53,,,,13.0,,BUF_DT_05,DT,,,,95.0,,,25.0,,,,,0,,,,,,79.0,,,,,16.0,,,,0,2261.0,64.0,,150.0,,,20.0,,,,615.0,,,,,,,
62.0,7.0,,,,,REGULAR_SEASON,,,,,,,,Augustus McCourty,,,,,,,,,,,,,,,2.0,,,,37.0,,,,55.0,,,,,,,,12.0,,,,,,,782.0,5.15,,,,10.0,,BUF_DT_01,DT,,,,78.0,,,18.0,,,,,1,,,,,,57.0,,,,,5.0,,,,0,1381.0,55.0,,117.0,,,19.0,,,,371.0,,,,,,,
,,,166.0,,,REGULAR_SEASON,,,,1015.0,,,,Wesley Selvie,,,,,,,,,,,,,,,,26.0,,,28.0,,,,,,,,2.0,,,,22.0,,,,,,13.0,,,,,2310.0,7.0,,BUF_LB_01,LB,,,,19.0,,,,,63.0,,,1,,,,,,17.0,,,,,4.0,,,,0,1318.0,105.0,,164.0,112.0,7.0,23.0,,,,315.0,,,,,779.0,,21.97
,,,570.0,,,REGULAR_SEASON,,,,3429.0,,,,Rufus Fetterman,,,,,,,,,,,,,,,,57.0,,,97.0,,,,,,,,12.0,,,,65.0,,,,,,30.0,,,,,7377.8,30.0,,BUF_LB_02,LB,,,,66.0,,,,,235.0,,,0,,,,,,80.0,,,,,14.0,,,,0,4453.0,318.0,,502.0,406.0,16.0,58.0,,,,926.0,,,,,2637.0,,75.11
,,,434.0,,,REGULAR_SEASON,,,,2728.0,,,,Stryker Vanderveer,,,,,,,,,,,,,,,,44.0,,,79.0,,,,,,,,7.0,,,,52.0,,,,,,25.0,,,,,6609.1,24.0,,BUF_LB_04,LB,,,,46.0,,,,,218.0,,,0,,,,,,49.0,,,,,8.0,,,,0,3545.0,300.0,,465.0,337.0,13.0,48.0,,,,801.0,,,,,2467.0,,72.35
,,,,,,REGULAR_SEASON,,,,425.0,,,,Leland Callender,,,,,,,,,,,,,,,,13.0,,,11.0,,,,,,,,0.0,,,,6.0,,,,,,7.0,,,,,934.6,3.0,,BUF_CB_03,CB,,,,,,,,,27.0,,,1,,,,,,8.0,,,,,,,,,0,552.0,28.0,,47.0,48.0,2.0,,,,,84.0,,,,,360.0,,9.23
,,,,,,REGULAR_SEASON,,,,536.0,,,,Enzo Deakins,,,,,,,,,,,,,,,,8.0,,,14.0,,,,,,,,1.0,,,,7.0,,,,,,5.0,,,,,1088.7,3.0,,BUF_CB_01,CB,,,,,,,,,38.0,,,1,,,,,,13.0,,,,,,,,,0,696.0,28.0,,46.0,58.0,0.0,,,,,143.0,,,,,439.0,,11.45
,,,,,,REGULAR_SEASON,,,,497.0,,,,Tristan Lucchese,,,,,,,,,,,,,,,,1.0,,,13.0,,,,,,,,0.0,,,,7.0,,,,,,0.0,,,,,1231.6,4.0,,BUF_CB_06,CB,,,,,,,,,40.0,,,1,,,,,,7.0,,,,,,,,,0,648.0,25.0,,43.0,57.0,3.0,,,,,115.0,,,,,449.0,,12.05
,,,,,,REGULAR_SEASON,,,,1548.0,,,,Hank Rimington,,,,,,,,,,,,,,,,27.0,,,41.0,,,,,,,,2.0,,,,21.0,,,,,,13.0,,,,,3704.2,10.0,,BUF_CB_05,CB,,,,,,,,,107.0,,,0,,,,,,33.0,,,,,,,,,0,2008.0,101.0,,167.0,158.0,8.0,,,,,418.0,,,,,1251.0,,33.99
,,,,,,REGULAR_SEASON,,,,3820.0,,,,Radcliffe Schaffner,,,,,,,,,,,,,,,,63.0,,,96.0,,,,,,,,5.0,,,,36.0,,,,,,36.0,,,,,7941.6,15.0,,BUF_S_02,S,,,,,,,,,218.0,,,0,,,,,,66.0,,,,,,,,,0,4952.0,227.0,,381.0,369.0,18.0,,,,,933.0,,,,,2394.0,,60.71
,,,,,,REGULAR_SEASON,,,,901.0,,,,Carlisle Vickers,,,,,,,,,,,,,,,,11.0,,,23.0,,,,,,,,1.0,,,,12.0,,,,,,9.0,,,,,1834.8,3.0,,BUF_S_01,S,,,,,,,,,57.0,,,1,,,,,,22.0,,,,,,,,,0,1169.0,58.0,,94.0,93.0,3.0,,,,,233.0,,,,,563.0,,14.33
,,,,,,REGULAR_SEASON,,,,976.0,,,,Vince Finnegan,,,,,,,,,,,,,,,,12.0,,,24.0,,,,,,,,0.0,,,,21.0,,,,,,5.0,,,,,2334.7,5.0,,BUF_S_04,S,,,,,,,,,65.0,,,1,,,,,,15.0,,,,,,,,,0,1264.0,58.0,,98.0,104.0,7.0,,,,,224.0,,,,,815.0,,20.11
,,,,,,REGULAR_SEASON,,,,,,,,Ansel Schmitz,,,,90.0,21.0,25.0,24.0,22.0,75.0,20.0,18.0,20.0,15.0,,,,,,59.0,,6.0,,,,,,,240.0,,1951.0,,,,,,,,,,,,,,,BUF_K_01,K,,,,,,,,,,,,0,,,,,,,,,,,,,,,0,354.0,,,,,,,,152.0,,610.0,106.0,99.0,,,,,
,,,,,,REGULAR_SEASON,,,,,,,,Kellan Danforth,,,,,,,,,,,,,,,,,,,17.0,2719.0,,,,,9.0,19.0,,,942.0,,,,2439.0,,,,,,,,,,,,BUF_P_01,P,,,,,,60.0,,,,,,1,280.0,,,,,,,,,,,,,,0,85.0,,,,,,,,3.0,,170.0,,,,,,,
,,156.0,,,1532.0,REGULAR_SEASON,1446.0,,,,228.0,85.0,,Vance Zamora,,97.0,,,,,,,,,,,,682.0,,,5.0,3.0,68.0,,,,,,,,47.0,,,,,,,2252.0,,,,,,89.0,15988.0,,,542.0,CLE_QB_01,QB,720.0,321.0,3057.0,,,,,,,,,0,,,,,,,238.0,,1020.0,1065.0,,,167.0,159.0,0,4338.0,,68.0,,,,,138.0,,96.0,633.0,,,,,,,
,,,,49.0,,REGULAR_SEASON,,77.0,150.0,,,,119.0,Finley Dalrymple,38.0,,62.0,,,,,,,,,,,249.0,,,3.0,,32.0,,,,,,,,,,,,,20.0,,,,162.0,,,,,,,,,CLE_RB_01,RB,,,,,10.0,,,505.0,,,5390.0,1,,381.0,,99.0,,,683.0,15.0,3005.0,,,,,,0,1128.0,,,,813.0,,,,,,310.0,,,2304.0,1244.0,,1761.0,
,,,,32.0,,REGULAR_SEASON,,19.0,36.0,,,,29.0,Maverick Horvath,10.0,,10.0,,,,,,,,,,,45.0,,,0.0,,30.0,,,,,,,,,,,,,11.0,,,,162.0,,,,,,,,,CLE_RB_02,RB,,,,,19.0,,,117.0,,,1436.0,1,,160.0,,38.0,,,150.0,,734.0,,,,,,0,503.0,,,,187.0,,,,,,316.0,,,620.0,386.0,,348.0,
,,,,90.0,,REGULAR_SEASON,,86.0,213.0,,,,158.0,Trey Devereaux,66.0,,65.0,,,,,,,,,,,351.0,,,7.0,,64.0,,,,,,,,,,,,,28.0,,,,342.0,,,,,,,,,CLE_RB_03,RB,,,,,19.0,,,758.0,,,9018.0,1,,591.0,,147.0,,,959.0,33.0,4430.0,,,,,,0,1769.0,,,,1168.0,,,,,,623.0,,,3627.0,2257.0,,2178.0,
,,,,,,REGULAR_SEASON,,25.0,59.0,,,,35.0,Duke Moehrig,14.0,,,,,,,,,,,,,75.0,,,,,29.0,,,,,,,,,,,,,29.0,,,,,,,,,,,,,CLE_WR_03,WR,,,,,,,,178.0,,13.0,2096.0,1,,1074.0,,364.0,,,,,,,,,,,0,1267.0,,,,326.0,,,,,,300.0,,,845.0,,,,
,,,,,,REGULAR_SEASON,,61.0,162.0,,,,137.0,Zaire Prewitt,45.0,,,,,,,,,,,,,231.0,,,,,94.0,,,,,,,,,,,,,61.0,,,,,,,,,,,,,CLE_WR_02,WR,,,,,,,,556.0,,23.0,6841.0,0,,3410.0,,1167.0,,,,,,,,,,,0,4023.0,,,,981.0,,,,,,939.0,,,2798.0,,,,
,,,,,,REGULAR_SEASON,,11.0,18.0,,,,9.0,Gannon Rhodes,5.0,,,,,,,,,,,,,21.0,,,,,17.0,,,,,,,,,,,,,3.0,,,,,,,,,,,,,CLE_WR_01,WR,,,,,,,,54.0,,2.0,658.0,1,,622.0,,212.0,,,,,,,,,,,0,732.0,,,,108.0,,,,,,166.0,,,252.0,,,,
,,,,,,REGULAR_SEASON,,41.0,87.0,,,,83.0,Garland Bellinger,35.0,,,,,,,,,,,,,128.0,,,,,85.0,,,,,,,,,,,,,50.0,,,,,,,,,,,,,CLE_WR_06,WR,,,,,,,,326.0,,24.0,4197.0,0,,3127.0,,1062.0,,,,,,,,,,,0,3687.0,,,,596.0,,,,,,815.0,,,1632.0,,,,
,,,,,,REGULAR_SEASON,,44.0,100.0,,,,65.0,Harlan Sudfeld,26.0,,,,,,,,,,,,,99.0,,,,,100.0,,,,,,,,,,,,,54.0,,,,,,,,,,,,,CLE_TE_02,TE,,,,,,,,294.0,,1.0,3843.0,0,,3338.0,,1138.0,,,,,,,,,,,0,3946.0,,,,538.0,,,,,,984.0,,,1625.0,,,,
,,,,,,REGULAR_SEASON,,13.0,34.0,,,,23.0,Antoine Fulmer,14.0,,,,,,,,,,,,,32.0,,,,,43.0,,,,,,,,,,,,,19.0,,,,,,,,,,,,,CLE_TE_03,TE,,,,,,,,100.0,,,1335.0,0,,1440.0,,493.0,,,,,,,,,,,0,1704.0,,,,189.0,,,,,,409.0,,,550.0,,,,
,,,,,,REGULAR_SEASON,,,,,,,,Chase Jimerson,,,,,,,,,,,,,,,,,,,68.0,,,16.0,,52.0,,,,,,,,,,,6414.8,2436.0,,,,,,,39.0,,CLE_OT_01,OT,,,,,86.0,,,,,,,1,,,137.0,1976.0,908.0,,,,,,,20.0,,,0,4412.0,,68.0,,,,,,,,623.0,,,,,,,
,,,,,,REGULAR_SEASON,,,,,,,,Sanford Rombach,,,,,,,,,,,,,,,,,,,94.0,,,25.0,,83.0,,,,,,,,,,,8923.3,3409.0,,,,,,,49.0,,CLE_OT_02,OT,,,,,127.0,,,,,,,0,,,205.0,2765.0,1186.0,,,,,,,19.0,,,0,6174.0,,94.0,,,,,,,,927.0,,,,,,,
,,,,,,REGULAR_SEASON,,,,,,,,Mateo Elmore,,,,,,,,,,,,,,,,,,,100.0,,,25.0,,121.0,,,,,,,,,,,9361.3,3622.0,,,,,,,47.0,,CLE_OG_02,OG,,,,,169.0,,,,,,,0,,,272.0,2935.0,1183.0,,,,,,,25.0,,,0,6557.0,,100.0,,,,,,,,977.0,,,,,,,
,,,,,,REGULAR_SEASON,,,,,,,,Gunnar Onwuasor,,,,,,,,,,,,,,,,,,,91.0,,,40.0,,109.0,,,,,,,,,,,8461.7,3293.0,,,,,,,55.0,,CLE_OG_03,OG,,,,,169.0,,,,,,,1,,,245.0,2670.0,1155.0,,,,,,,25.0,,,0,5963.0,,91.0,,,,,,,,843.0,,,,,,,
,,,,,,REGULAR_SEASON,,,,,,,,Fowler Ludwig,,,,,,,,,,,,,,,,,,,31.0,,,15.0,,33.0,,,,,,,,,,,2872.2,1124.0,,,,,,,18.0,,CLE_C_02,C,,,,,57.0,,,,,,,1,,,73.0,915.0,373.0,,,,,,,10.0,,,0,2039.0,,31.0,,,,,,,,306.0,,,,,,,
152.0,13.0,,,,,REGULAR_SEASON,,,,,,,,Bellamy Stanback,,,,,,,,,,,,,,,12.0,,,,102.0,,,,193.0,,,,,,,,21.0,,,,,,,2534.0,17.46,,,,21.0,,CLE_EDGE_01,EDGE,,,,313.0,,,79.0,,,,,0,,,,,,245.0,,,,,44.0,,,,0,4455.0,120.0,,272.0,,,67.0,,,,989.0,,,,,,,
129.0,9.0,,,,,REGULAR_SEASON,,,,,,,,Lonnie Killebrew,,,,,,,,,,,,,,,8.0,,,,76.0,,,,99.0,,,,,,,,16.0,,,,,,,1857.0,11.08,,,,18.0,,CLE_EDGE_02,EDGE,,,,174.0,,,48.0,,,,,1,,,,,,133.0,,,,,42.0,,,,0,3275.0,109.0,,238.0,,,49.0,,,,716.0,,,,,,,
123.0,11.0,,,,,REGULAR_SEASON,,,,,,,,Vito Wainwright,,,,,,,,,,,,,,,10.0,,,,79.0,,,,94.0,,,,,,,,14.0,,,,,,,1955.0,9.75,,,,12.0,,CLE_EDGE_03,EDGE,,,,159.0,,,45.0,,,,,0,,,,,,102.0,,,,,28.0,,,,0,3436.0,101.0,,224.0,,,31.0,,,,751.0,,,,,,,
24.0,2.0,,,,,REGULAR_SEASON,,,,,,,,Seamus Dalrymple,,,,,,,,,,,,,,,1.0,,,,15.0,,,,20.0,,,,,,,,3.0,,,,,,,383.0,1.71,,,,3.0,,CLE_EDGE_05,EDGE,,,,32.0,,,8.0,,,,,1,,,,,,15.0,,,,,4.0,,,,0,673.0,21.0,,45.0,,,9.0,,,,138.0,,,,,,,
36.0,6.0,,,,,REGULAR_SEASON,,,,,,,,Mason Fitzhugh,,,,,,,,,,,,,,,2.0,,,,26.0,,,,31.0,,,,,,,,7.0,,,,,,,562.0,3.86,,,,7.0,,CLE_DT_01,DT,,,,50.0,,,13.0,,,,,1,,,,,,39.0,,,,,6.0,,,,0,992.0,32.0,,68.0,,,10.0,,,,289.0,,,,,,,
40.0,7.0,,,,,REGULAR_SEASON,,,,,,,,Enzo Stallworth,,,,,,,,,,,,,,,8.0,,,,29.0,,,,25.0,,,,,,,,13.0,,,,,,,638.0,3.25,,,,6.0,,CLE_DT_03,DT,,,,48.0,,,18.0,,,,,1,,,,,,36.0,,,,,7.0,,,,0,1120.0,29.0,,69.0,,,12.0,,,,270.0,,,,,,,
13.0,2.0,,,,,REGULAR_SEASON,,,,,,,,Ruben Galbraith,,,,,,,,,,,,,,,0.0,,,,7.0,,,,7.0,,,,,,,,3.0,,,,,,,145.0,1.07,,,,1.0,,CLE_DT_05,DT,,,,17.0,,,5.0,,,,,1,,,,,,15.0,,,,,5.0,,,,0,256.0,9.0,,22.0,,,3.0,,,,75.0,,,,,,,
,,,423.0,,,REGULAR_SEASON,,,,2600.0,,,,Thaddeus Zamora,,,,,,,,,,,,,,,,53.0,,,74.0,,,,,,,,6.0,,,,49.0,,,,,,29.0,,,,,6205.9,13.0,,CLE_LB_02,LB,,,,51.0,,,,,186.0,,,1,,,,,,56.0,,,,,12.0,,,,0,3369.0,270.0,,421.0,300.0,13.0,53.0,,,,706.0,,,,,2111.0,,60.2
,,,224.0,,,REGULAR_SEASON,,,,1163.0,,,,Eero Jorgensen,,,,,,,,,,,,,,,,28.0,,,33.0,,,,,,,,3.0,,,,22.0,,,,,,22.0,,,,,2573.9,6.0,,CLE_LB_04,LB,,,,32.0,,,,,71.0,,,1,,,,,,21.0,,,,,5.0,,,,0,1510.0,114.0,,179.0,126.0,5.0,31.0,,,,322.0,,,,,771.0,,22.26
,,,183.0,,,REGULAR_SEASON,,,,1174.0,,,,Mikael Trevathan,,,,,,,,,,,,,,,,23.0,,,34.0,,,,,,,,0.0,,,,16.0,,,,,,10.0,,,,,3041.3,3.0,,CLE_LB_03,LB,,,,23.0,,,,,76.0,,,1,,,,,,21.0,,,,,4.0,,,,0,1529.0,111.0,,180.0,123.0,7.0,29.0,,,,319.0,,,,,848.0,,24.64
,,,,,,REGULAR_SEASON,,,,3787.0,,,,Alden Wadsworth,,,,,,,,,,,,,,,,73.0,,,99.0,,,,,,,,20.0,,,,33.0,,,,,,50.0,,,,,7318.4,23.0,,CLE_CB_02,CB,,,,,,,,,216.0,,,1,,,,,,69.0,,,,,,,,,0,4913.0,255.0,,424.0,360.0,10.0,,,,,993.0,,,,,2496.0,,65.37
,,,,,,REGULAR_SEASON,,,,2590.0,,,,Deion Dargan,,,,,,,,,,,,,,,,42.0,,,68.0,,,,,,,,6.0,,,,20.0,,,,,,23.0,,,,,5572.5,20.0,,CLE_CB_01,CB,,,,,,,,,166.0,,,0,,,,,,44.0,,,,,,,,,0,3359.0,163.0,,274.0,279.0,13.0,,,,,631.0,,,,,2027.0,,53.89
,,,,,,REGULAR_SEASON,,,,2799.0,,,,Sable Chidozie,,,,,,,,,,,,,,,,51.0,,,74.0,,,,,,,,2.0,,,,27.0,,,,,,32.0,,,,,6299.9,15.0,,CLE_CB_03,CB,,,,,,,,,164.0,,,1,,,,,,50.0,,,,,,,,,0,3640.0,173.0,,289.0,264.0,10.0,,,,,728.0,,,,,1896.0,,49.98
,,,,,,REGULAR_SEASON,,,,1959.0,,,,Theo Oakman,,,,,,,,,,,,,,,,25.0,,,51.0,,,,,,,,6.0,,,,26.0,,,,,,13.0,,,,,4346.3,15.0,,CLE_CB_05,CB,,,,,,,,,146.0,,,1,,,,,,38.0,,,,,,,,,0,2537.0,119.0,,198.0,235.0,10.0,,,,,493.0,,,,,1744.0,,45.23
,,,,,,REGULAR_SEASON,,,,2593.0,,,,Moses Stanback,,,,,,,,,,,,,,,,50.0,,,66.0,,,,,,,,2.0,,,,25.0,,,,,,28.0,,,,,5299.2,21.0,,CLE_S_02,S,,,,,,,,,143.0,,,1,,,,,,51.0,,,,,,,,,0,3368.0,147.0,,249.0,260.0,12.0,,,,,665.0,,,,,1774.0,,45.09
,,,,,,REGULAR_SEASON,,,,2909.0,,,,Cormac Merriweather,,,,,,,,,,,,,,,,44.0,,,73.0,,,,,,,,6.0,,,,33.0,,,,,,24.0,,,,,5621.3,20.0,,CLE_S_03,S,,,,,,,,,163.0,,,1,,,,,,45.0,,,,,,,,,0,3776.0,178.0,,293.0,289.0,11.0,,,,,734.0,,,,,1837.0,,46.3
,,,,,,REGULAR_SEASON,,,,679.0,,,,Colston Dumervil,,,,,,,,,,,,,,,,12.0,,,17.0,,,,,,,,0.0,,,,7.0,,,,,,7.0,,,,,1535.4,3.0,,CLE_S_04,S,,,,,,,,,44.0,,,1,,,,,,13.0,,,,,,,,,0,882.0,52.0,,79.0,69.0,4.0,,,,,166.0,,,,,456.0,,11.49
,,,,,,REGULAR_SEASON,,,,,,,,Gerard Ballinger,,,,152.0,33.0,42.0,40.0,39.0,135.0,29.0,37.0,26.0,35.0,,,,,,96.0,,5.0,,,,,,,359.0,,3466.0,,,,,,,,,,,,,,,CLE_K_01,K,,,,,,,,,,,,0,,,,,,,,,,,,,,,0,576.0,,,,,,,,228.0,,936.0,179.0,172.0,,,,,
,,,,,,REGULAR_SEASON,,,,,,,,Eero Pouncey,,,,,,,,,,,,,,,,,,,59.0,9353.0,,,,,29.0,74.0,,,3177.0,,,,8481.0,,,,,,,,,,,,CLE_P_01,P,,,,,,199.0,,,,,,0,872.0,,,,,,,,,,,,,,0,295.0,,,,,,,,17.0,,566.0,,,,,,,
,,,,,,REGULAR_SEASON,,,,,,,,Cassian Calloway,,,,,,,,,,,,,,,,,,,80.0,,,32.0,,107.0,,,,,,,,,,,7362.0,2895.0,,,,,,,40.0,,DET_OG_04,OG,,,,,164.0,,,,,,,0,,,208.0,2349.0,956.0,,,,,,,27.0,,,0,5244.0,,80.0,,,,,,,,729.0,,,,,,,
,,,,,,REGULAR_SEASON,,,,,,,,Lorenzo Farrow,,,,,,,,,,,,,,,,,,,91.0,,,18.0,,85.0,,,,,,,,,,,8553.7,3294.0,,,,,,,41.0,,DAL_OT_01,OT,,,,,129.0,,,,,,,1,,,197.0,2661.0,1213.0,,,,,,,27.0,,,0,5955.0,,91.0,,,,,,,,894.0,,,,,,,
,,,,,,REGULAR_SEASON,,,,236.0,,,,Cade Clevenger,,,,,,,,,,,,,,,,2.0,,,6.0,,,,,,,,0.0,,,,2.0,,,,,,0.0,,,,,492.9,2.0,,DAL_S_03,S,,,,,,,,,16.0,,,1,,,,,,2.0,,,,,,,,,0,306.0,14.0,,24.0,25.0,0.0,,,,,36.0,,,,,169.0,,4.38
,,,,,,REGULAR_SEASON,,,,,,,,Mateo Flannery,,,,,,,,,,,,,,,,,,,51.0,,,23.0,,49.0,,,,,,,,,,,4686.6,1843.0,,,,,,,32.0,,ARI_OG_04,OG,,,,,91.0,,,,,,,0,,,119.0,1494.0,651.0,,,,,,,23.0,,,0,3337.0,,51.0,,,,,,,,488.0,,,,,,,
,,,,,,REGULAR_SEASON,,,,75.0,,,,Chandler Wilberforce,,,,,,,,,,,,,,,,0.0,,,2.0,,,,,,,,0.0,,,,0.0,,,,,,0.0,,,,,178.7,3.0,,ARI_CB_05,CB,,,,,,,,,7.0,,,1,,,,,,3.0,,,,,,,,,0,98.0,5.0,,9.0,12.0,1.0,,,,,17.0,,,,,76.0,,2.11
,,262.0,,,2297.0,REGULAR_SEASON,2217.0,,,,340.0,144.0,,Nehemiah McClurg,,133.0,,,,,,,,,,,,1065.0,,,18.0,10.0,100.0,,,,,,,,71.0,,,,,,,3288.0,,,,,,150.0,23901.0,,,802.0,JAX_QB_01,QB,991.0,437.0,3949.0,,,,,,,,,0,,,,,,,358.0,,1539.0,1393.0,,,212.0,232.0,0,6278.0,,100.0,,,,,178.0,,158.0,969.0,,,,,,,
,,,,80.0,,REGULAR_SEASON,,60.0,131.0,,,,110.0,Maverick Taliaferro,34.0,,55.0,,,,,,,,,,,243.0,,,5.0,,41.0,,,,,,,,,,,,,30.0,,,,229.0,,,,,,,,,JAX_RB_01,RB,,,,,30.0,,,490.0,,,5684.0,1,,394.0,,98.0,,,631.0,14.0,2813.0,,,,,,0,1184.0,,,,765.0,,,,,,376.0,,,2429.0,1279.0,,1541.0,
,,,,21.0,,REGULAR_SEASON,,9.0,23.0,,,,25.0,Fritz Cortés,9.0,,14.0,,,,,,,,,,,46.0,,,2.0,,16.0,,,,,,,,,,,,,12.0,,,,86.0,,,,,,,,,JAX_RB_03,RB,,,,,8.0,,,101.0,,,1120.0,1,,109.0,,27.0,,,123.0,,519.0,,,,,,0,333.0,,,,153.0,,,,,,142.0,,,456.0,206.0,,313.0,
,,,,15.0,,REGULAR_SEASON,,6.0,9.0,,,,6.0,Tate Sherfield,4.0,,3.0,,,,,,,,,,,8.0,,,1.0,,10.0,,,,,,,,,,,,,9.0,,,,43.0,,,,,,,,,JAX_RB_02,RB,,,,,4.0,,,24.0,,,320.0,1,,44.0,,9.0,,,29.0,,141.0,,,,,,0,145.0,,,,37.0,,,,,,96.0,,,118.0,70.0,,71.0,
,,,,,,REGULAR_SEASON,,28.0,66.0,,,,71.0,Heath Driscoll,15.0,,,,,,,,,,,,,89.0,,,,,48.0,,,,,,,,,,,,,28.0,,,,,,,,,,,,,JAX_WR_03,WR,,,,,,,,225.0,,16.0,2646.0,1,,1748.0,,600.0,,,,,,,,,,,0,2068.0,,,,393.0,,,,,,429.0,,,1010.0,,,,
,,,,,,REGULAR_SEASON,,54.0,113.0,,,,90.0,Theo Houghton,25.0,,,,,,,,,,,,,115.0,,,,,75.0,,,,,,,,,,,,,35.0,,,,,,,,,,,,,JAX_WR_01,WR,,,,,,,,300.0,,15.0,3624.0,1,,2795.0,,953.0,,,,,,,,,,,0,3294.0,,,,541.0,,,,,,748.0,,,1523.0,,,,
,,,,,,REGULAR_SEASON,,34.0,76.0,,,,74.0,Tiberius Ladouceur,25.0,,,,,,,,,,,,,101.0,,,,,81.0,,,,,,,,,,,,,48.0,,,,,,,,,,,,,JAX_WR_02,WR,,,,,,,,277.0,,15.0,3588.0,0,,2961.0,,1017.0,,,,,,,,,,,0,3497.0,,,,506.0,,,,,,772.0,,,1472.0,,,,
,,,,,,REGULAR_SEASON,,0.0,2.0,,,,2.0,Ludwig Rinaldi,0.0,,,,,,,,,,,,,0.0,,,,,8.0,,,,,,,,,,,,,2.0,,,,,,,,,,,,,JAX_WR_05,WR,,,,,,,,8.0,,,132.0,0,,311.0,,106.0,,,,,,,,,,,0,367.0,,,,16.0,,,,,,80.0,,,52.0,,,,
,,,,,,REGULAR_SEASON,,35.0,85.0,,,,67.0,Ridge Shreve,29.0,,,,,,,,,,,,,104.0,,,,,78.0,,,,,,,,,,,,,34.0,,,,,,,,,,,,,JAX_TE_02,TE,,,,,,,,272.0,,,3302.0,1,,2586.0,,882.0,,,,,,,,,,,0,3050.0,,,,487.0,,,,,,763.0,,,1420.0,,,,
,,,,,,REGULAR_SEASON,,2.0,5.0,,,,4.0,Kavon Lawlor,0.0,,,,,,,,,,,,,0.0,,,,,17.0,,,,,,,,,,,,,6.0,,,,,,,,,,,,,JAX_TE_01,TE,,,,,,,,15.0,,,215.0,1,,578.0,,197.0,,,,,,,,,,,0,682.0,,,,29.0,,,,,,159.0,,,85.0,,,,
,,,,,,REGULAR_SEASON,,,,,,,,Roman Vaughters,,,,,,,,,,,,,,,,,,,95.0,,,26.0,,97.0,,,,,,,,,,,8918.9,3428.0,,,,,,,39.0,,JAX_OT_02,OT,,,,,144.0,,,,,,,0,,,198.0,2777.0,1237.0,,,,,,,26.0,,,0,6205.0,,95.0,,,,,,,,908.0,,,,,,,
,,,,,,REGULAR_SEASON,,,,,,,,Jace Telfer,,,,,,,,,,,,,,,,,,,90.0,,,28.0,,84.0,,,,,,,,,,,8365.8,3258.0,,,,,,,45.0,,JAX_OT_01,OT,,,,,144.0,,,,,,,0,,,197.0,2639.0,1194.0,,,,,,,34.0,,,0,5897.0,,90.0,,,,,,,,933.0,,,,,,,
,,,,,,REGULAR_SEASON,,,,,,,,Errol Tullis,,,,,,,,,,,,,,,,,,,69.0,,,23.0,,78.0,,,,,,,,,,,6452.9,2528.0,,,,,,,37.0,,JAX_OG_01,OG,,,,,117.0,,,,,,,0,,,162.0,2045.0,890.0,,,,,,,19.0,,,0,4573.0,,69.0,,,,,,,,647.0,,,,,,,
,,,,,,REGULAR_SEASON,,,,,,,,Hasani Sanborn,,,,,,,,,,,,,,,,,,,94.0,,,28.0,,102.0,,,,,,,,,,,8827.6,3435.0,,,,,,,59.0,,JAX_OG_02,OG,,,,,152.0,,,,,,,0,,,233.0,2779.0,1165.0,,,,,,,23.0,,,0,6214.0,,94.0,,,,,,,,898.0,,,,,,,
,,,,,,REGULAR_SEASON,,,,,,,,Paxton Quinones,,,,,,,,,,,,,,,,,,,9.0,,,4.0,,15.0,,,,,,,,,,,825.7,318.0,,,,,,,8.0,,JAX_C_01,C,,,,,21.0,,,,,,,1,,,26.0,257.0,84.0,,,,,,,2.0,,,0,575.0,,9.0,,,,,,,,78.0,,,,,,,
75.0,5.0,,,,,REGULAR_SEASON,,,,,,,,Orson Lilliard,,,,,,,,,,,,,,,7.0,,,,51.0,,,,72.0,,,,,,,,12.0,,,,,,,1288.0,7.51,,,,13.0,,JAX_EDGE_02,EDGE,,,,118.0,,,29.0,,,,,1,,,,,,89.0,,,,,23.0,,,,0,2260.0,56.0,,131.0,,,22.0,,,,480.0,,,,,,,
136.0,21.0,,,,,REGULAR_SEASON,,,,,,,,Vito Brockman,,,,,,,,,,,,,,,8.0,,,,85.0,,,,144.0,,,,,,,,18.0,,,,,,,2127.0,13.81,,,,19.0,,JAX_EDGE_01,EDGE,,,,244.0,,,67.0,,,,,0,,,,,,174.0,,,,,39.0,,,,0,3735.0,105.0,,241.0,,,39.0,,,,762.0,,,,,,,
23.0,0.0,,,,,REGULAR_SEASON,,,,,,,,Jalen Rutledge,,,,,,,,,,,,,,,0.0,,,,17.0,,,,14.0,,,,,,,,2.0,,,,,,,415.0,1.84,,,,6.0,,JAX_EDGE_03,EDGE,,,,23.0,,,7.0,,,,,1,,,,,,17.0,,,,,3.0,,,,0,728.0,18.0,,41.0,,,7.0,,,,159.0,,,,,,,
5.0,1.0,,,,,REGULAR_SEASON,,,,,,,,Lockett Rentschler,,,,,,,,,,,,,,,0.0,,,,3.0,,,,2.0,,,,,,,,0.0,,,,,,,69.0,0.42,,,,0.0,,JAX_EDGE_05,EDGE,,,,4.0,,,2.0,,,,,1,,,,,,4.0,,,,,0.0,,,,0,122.0,3.0,,8.0,,,3.0,,,,12.0,,,,,,,
134.0,12.0,,,,,REGULAR_SEASON,,,,,,,,Peyson Brasher,,,,,,,,,,,,,,,9.0,,,,90.0,,,,98.0,,,,,,,,22.0,,,,,,,1941.0,12.71,,,,22.0,,JAX_DT_02,DT,,,,172.0,,,57.0,,,,,1,,,,,,145.0,,,,,25.0,,,,0,3420.0,115.0,,249.0,,,37.0,,,,882.0,,,,,,,
153.0,14.0,,,,,REGULAR_SEASON,,,,,,,,Colby Crouch,,,,,,,,,,,,,,,8.0,,,,99.0,,,,118.0,,,,,,,,16.0,,,,,,,2092.0,14.59,,,,21.0,,JAX_DT_01,DT,,,,196.0,,,56.0,,,,,1,,,,,,168.0,,,,,28.0,,,,0,3693.0,125.0,,278.0,,,42.0,,,,981.0,,,,,,,
130.0,11.0,,,,,REGULAR_SEASON,,,,,,,,Terrance Beauchamp,,,,,,,,,,,,,,,1.0,,,,86.0,,,,100.0,,,,,,,,23.0,,,,,,,1818.0,12.48,,,,18.0,,JAX_DT_04,DT,,,,170.0,,,57.0,,,,,1,,,,,,150.0,,,,,20.0,,,,0,3204.0,103.0,,233.0,,,38.0,,,,812.0,,,,,,,
,,,583.0,,,REGULAR_SEASON,,,,3365.0,,,,Corbin Mostert,,,,,,,,,,,,,,,,69.0,,,97.0,,,,,,,,10.0,,,,53.0,,,,,,46.0,,,,,7616.9,22.0,,JAX_LB_02,LB,,,,61.0,,,,,198.0,,,0,,,,,,68.0,,,,,9.0,,,,0,4378.0,365.0,,567.0,343.0,19.0,85.0,,,,914.0,,,,,2401.0,,70.31
,,,570.0,,,REGULAR_SEASON,,,,3333.0,,,,Gaspard Gentry,,,,,,,,,,,,,,,,66.0,,,95.0,,,,,,,,6.0,,,,44.0,,,,,,47.0,,,,,7474.2,18.0,,JAX_LB_01,LB,,,,55.0,,,,,190.0,,,0,,,,,,68.0,,,,,10.0,,,,0,4335.0,340.0,,538.0,339.0,9.0,72.0,,,,896.0,,,,,2464.0,,70.35
,,,92.0,,,REGULAR_SEASON,,,,509.0,,,,Zane Strahan,,,,,,,,,,,,,,,,12.0,,,14.0,,,,,,,,1.0,,,,9.0,,,,,,7.0,,,,,1151.0,3.0,,JAX_LB_05,LB,,,,14.0,,,,,28.0,,,1,,,,,,10.0,,,,,1.0,,,,0,662.0,52.0,,83.0,48.0,1.0,11.0,,,,127.0,,,,,402.0,,11.06
,,,,,,REGULAR_SEASON,,,,3539.0,,,,Kwame Ashby,,,,,,,,,,,,,,,,54.0,,,93.0,,,,,,,,9.0,,,,34.0,,,,,,34.0,,,,,7304.1,19.0,,JAX_CB_03,CB,,,,,,,,,206.0,,,0,,,,,,61.0,,,,,,,,,0,4593.0,215.0,,370.0,337.0,12.0,,,,,855.0,,,,,2478.0,,65.31
,,,,,,REGULAR_SEASON,,,,3518.0,,,,Ramsey Bradshaw,,,,,,,,,,,,,,,,81.0,,,92.0,,,,,,,,5.0,,,,31.0,,,,,,54.0,,,,,7224.0,15.0,,JAX_CB_02,CB,,,,,,,,,158.0,,,0,,,,,,64.0,,,,,,,,,0,4559.0,221.0,,361.0,281.0,13.0,,,,,888.0,,,,,1969.0,,51.93
,,,,,,REGULAR_SEASON,,,,1131.0,,,,Willem Trapasso,,,,,,,,,,,,,,,,23.0,,,30.0,,,,,,,,1.0,,,,13.0,,,,,,17.0,,,,,2554.2,5.0,,JAX_CB_06,CB,,,,,,,,,69.0,,,1,,,,,,19.0,,,,,,,,,0,1467.0,70.0,,118.0,112.0,4.0,,,,,303.0,,,,,751.0,,20.25
,,,,,,REGULAR_SEASON,,,,1989.0,,,,Heath Cavanaugh,,,,,,,,,,,,,,,,31.0,,,53.0,,,,,,,,6.0,,,,27.0,,,,,,13.0,,,,,4065.8,13.0,,JAX_CB_05,CB,,,,,,,,,139.0,,,0,,,,,,41.0,,,,,,,,,0,2586.0,115.0,,196.0,228.0,9.0,,,,,490.0,,,,,1397.0,,37.66
,,,,,,REGULAR_SEASON,,,,2596.0,,,,Nathanial Malbrough,,,,,,,,,,,,,,,,50.0,,,65.0,,,,,,,,1.0,,,,30.0,,,,,,32.0,,,,,5398.5,18.0,,JAX_S_02,S,,,,,,,,,141.0,,,1,,,,,,43.0,,,,,,,,,0,3358.0,160.0,,261.0,239.0,10.0,,,,,595.0,,,,,1725.0,,43.26
,,,,,,REGULAR_SEASON,,,,677.0,,,,Samir Burnell,,,,,,,,,,,,,,,,9.0,,,17.0,,,,,,,,0.0,,,,13.0,,,,,,3.0,,,,,1639.1,2.0,,JAX_S_01,S,,,,,,,,,60.0,,,1,,,,,,13.0,,,,,,,,,0,878.0,48.0,,78.0,85.0,5.0,,,,,159.0,,,,,747.0,,19.18
,,,,,,REGULAR_SEASON,,,,918.0,,,,Torin Slocum,,,,,,,,,,,,,,,,8.0,,,23.0,,,,,,,,2.0,,,,9.0,,,,,,4.0,,,,,2046.2,8.0,,JAX_S_04,S,,,,,,,,,67.0,,,1,,,,,,20.0,,,,,,,,,0,1191.0,61.0,,100.0,101.0,3.0,,,,,220.0,,,,,809.0,,20.27
,,,,,,REGULAR_SEASON,,,,,,,,Zephyr Middlebrooks,,,,105.0,22.0,22.0,18.0,33.0,96.0,20.0,16.0,11.0,29.0,,,,,,75.0,,7.0,,,,,,,282.0,,2681.0,,,,,,,,,,,,,,,JAX_K_01,K,,,,,,,,,,,,1,,,,,,,,,,,,,,,0,450.0,,,,,,,,173.0,,727.0,130.0,124.0,,,,,
,,,,,,REGULAR_SEASON,,,,,,,,Benoit Partridge,,,,,,,,,,,,,,,,,,,93.0,16054.0,,,,,42.0,130.0,,,5108.0,,,,14486.0,,,,,,,,,,,,JAX_P_01,P,,,,,,345.0,,,,,,0,1568.0,,,,,,,,,,,,,,0,465.0,,,,,,,,29.0,,903.0,,,,,,,
,,,,,,REGULAR_SEASON,,14.0,35.0,,,,25.0,Dorian Ashby,10.0,,,,,,,,,,,,,33.0,,,,,42.0,,,,,,,,,,,,,25.0,,,,,,,,,,,,,NO_WR_05,WR,,,,,,,,104.0,,6.0,1427.0,1,,1553.0,,529.0,,,,,,,,,,,0,1828.0,,,,200.0,,,,,,369.0,,,611.0,,,,
4.0,0.0,,,,,REGULAR_SEASON,,,,,,,,Basil Mixson,,,,,,,,,,,,,,,0.0,,,,6.0,,,,5.0,,,,,,,,0.0,,,,,,,127.0,0.86,,,,1.0,,NE_DT_05,DT,,,,12.0,,,5.0,,,,,1,,,,,,9.0,,,,,4.0,,,,0,223.0,4.0,,8.0,,,2.0,,,,55.0,,,,,,,
,,0.0,,,47.0,REGULAR_SEASON,40.0,,,,8.0,1.0,,Nikolai Mullaney,,2.0,,,,,,,,,,,,22.0,,,0.0,0.0,2.0,,,,,,,,2.0,,,,,,,65.0,,,,,,1.0,341.0,,,16.0,HOU_QB_02,QB,18.0,6.0,38.0,,,,,,,,,1,,,,,,,6.0,,33.0,36.0,,,5.0,3.0,0,125.0,,2.0,,,,,1.0,,5.0,7.0,,,,,,,
,,,,24.0,,REGULAR_SEASON,,33.0,58.0,,,,42.0,Tavian Gainer,12.0,,21.0,,,,,,,,,,,90.0,,,1.0,,17.0,,,,,,,,,,,,,10.0,,,,105.0,,,,,,,,,HOU_RB_01,RB,,,,,4.0,,,186.0,,,2063.0,1,,157.0,,39.0,,,267.0,9.0,1080.0,,,,,,0,471.0,,,,310.0,,,,,,162.0,,,949.0,431.0,,651.0,
,,,,49.0,,REGULAR_SEASON,,19.0,38.0,,,,35.0,Jethro Shreve,11.0,,17.0,,,,,,,,,,,66.0,,,2.0,,45.0,,,,,,,,,,,,,21.0,,,,231.0,,,,,,,,,HOU_RB_02,RB,,,,,21.0,,,166.0,,,2005.0,0,,260.0,,60.0,,,219.0,,968.0,,,,,,0,791.0,,,,269.0,,,,,,439.0,,,811.0,465.0,,503.0,
,,,,12.0,,REGULAR_SEASON,,6.0,10.0,,,,13.0,Dakari Kolodziej,5.0,,8.0,,,,,,,,,,,12.0,,,0.0,,17.0,,,,,,,,,,,,,6.0,,,,103.0,,,,,,,,,HOU_RB_03,RB,,,,,9.0,,,39.0,,,513.0,1,,88.0,,20.0,,,63.0,,274.0,,,,,,0,275.0,,,,75.0,,,,,,162.0,,,174.0,118.0,,156.0,
,,,,,,REGULAR_SEASON,,77.0,156.0,,,,145.0,Devante McKissic,51.0,,,,,,,,,,,,,231.0,,,,,89.0,,,,,,,,,,,,,71.0,,,,,,,,,,,,,HOU_WR_01,WR,,,,,,,,537.0,,22.0,6377.0,0,,3328.0,,1136.0,,,,,,,,,,,0,3926.0,,,,960.0,,,,,,829.0,,,2650.0,,,,
,,,,,,REGULAR_SEASON,,58.0,114.0,,,,97.0,Brogan Wagoner,23.0,,,,,,,,,,,,,139.0,,,,,79.0,,,,,,,,,,,,,51.0,,,,,,,,,,,,,HOU_WR_02,WR,,,,,,,,335.0,,17.0,4034.0,1,,2890.0,,989.0,,,,,,,,,,,0,3410.0,,,,624.0,,,,,,788.0,,,1711.0,,,,
,,,,,,REGULAR_SEASON,,14.0,31.0,,,,28.0,Warrick Ironside,5.0,,,,,,,,,,,,,23.0,,,,,42.0,,,,,,,,,,,,,24.0,,,,,,,,,,,,,HOU_WR_04,WR,,,,,,,,89.0,,5.0,1168.0,1,,1515.0,,518.0,,,,,,,,,,,0,1789.0,,,,175.0,,,,,,390.0,,,470.0,,,,
,,,,,,REGULAR_SEASON,,2.0,4.0,,,,6.0,Micah Ashby,3.0,,,,,,,,,,,,,0.0,,,,,17.0,,,,,,,,,,,,,6.0,,,,,,,,,,,,,HOU_WR_03,WR,,,,,,,,17.0,,,237.0,1,,629.0,,214.0,,,,,,,,,,,0,741.0,,,,34.0,,,,,,162.0,,,100.0,,,,
,,,,,,REGULAR_SEASON,,22.0,52.0,,,,42.0,Zico Fowler,19.0,,,,,,,,,,,,,26.0,,,,,90.0,,,,,,,,,,,,,35.0,,,,,,,,,,,,,HOU_TE_03,TE,,,,,,,,129.0,,,1772.0,1,,3021.0,,1030.0,,,,,,,,,,,0,3567.0,,,,279.0,,,,,,842.0,,,701.0,,,,
,,,,,,REGULAR_SEASON,,2.0,3.0,,,,2.0,Zebulon Casillas,0.0,,,,,,,,,,,,,0.0,,,,,14.0,,,,,,,,,,,,,8.0,,,,,,,,,,,,,HOU_TE_02,TE,,,,,,,,9.0,,,159.0,1,,479.0,,166.0,,,,,,,,,,,0,568.0,,,,23.0,,,,,,122.0,,,58.0,,,,
,,,,,,REGULAR_SEASON,,,,,,,,Zico Sherfield,,,,,,,,,,,,,,,,,,,83.0,,,31.0,,86.0,,,,,,,,,,,7701.6,2996.0,,,,,,,44.0,,HOU_OT_01,OT,,,,,142.0,,,,,,,0,,,182.0,2428.0,1045.0,,,,,,,30.0,,,0,5424.0,,83.0,,,,,,,,806.0,,,,,,,
,,,,,,REGULAR_SEASON,,,,,,,,Reginald Navarrete,,,,,,,,,,,,,,,,,,,100.0,,,37.0,,96.0,,,,,,,,,,,9259.2,3641.0,,,,,,,48.0,,HOU_OT_02,OT,,,,,170.0,,,,,,,0,,,241.0,2949.0,1267.0,,,,,,,39.0,,,0,6590.0,,100.0,,,,,,,,994.0,,,,,,,
,,,,,,REGULAR_SEASON,,,,,,,,Larkin Havili,,,,,,,,,,,,,,,,,,,58.0,,,23.0,,63.0,,,,,,,,,,,5377.0,2114.0,,,,,,,25.0,,HOU_OG_01,OG,,,,,104.0,,,,,,,1,,,161.0,1712.0,740.0,,,,,,,21.0,,,0,3826.0,,58.0,,,,,,,,558.0,,,,,,,
,,,,,,REGULAR_SEASON,,,,,,,,Jaden Flannery,,,,,,,,,,,,,,,,,,,15.0,,,9.0,,22.0,,,,,,,,,,,1356.6,541.0,,,,,,,4.0,,HOU_OG_02,OG,,,,,36.0,,,,,,,1,,,40.0,440.0,188.0,,,,,,,6.0,,,0,981.0,,15.0,,,,,,,,127.0,,,,,,,
,,,,,,REGULAR_SEASON,,,,,,,,Milo Stinnie,,,,,,,,,,,,,,,,,,,19.0,,,8.0,,15.0,,,,,,,,,,,1723.0,687.0,,,,,,,14.0,,HOU_C_01,C,,,,,34.0,,,,,,,0,,,50.0,558.0,218.0,,,,,,,12.0,,,0,1245.0,,19.0,,,,,,,,191.0,,,,,,,
21.0,4.0,,,,,REGULAR_SEASON,,,,,,,,Deshaun Kincaid,,,,,,,,,,,,,,,1.0,,,,15.0,,,,18.0,,,,,,,,1.0,,,,,,,368.0,2.08,,,,5.0,,HOU_EDGE_01,EDGE,,,,38.0,,,15.0,,,,,1,,,,,,32.0,,,,,8.0,,,,0,649.0,14.0,,35.0,,,6.0,,,,127.0,,,,,,,
30.0,3.0,,,,,REGULAR_SEASON,,,,,,,,Emory Restrepo,,,,,,,,,,,,,,,0.0,,,,17.0,,,,25.0,,,,,,,,2.0,,,,,,,428.0,2.16,,,,5.0,,HOU_EDGE_04,EDGE,,,,34.0,,,8.0,,,,,1,,,,,,24.0,,,,,1.0,,,,0,755.0,30.0,,60.0,,,6.0,,,,162.0,,,,,,,
115.0,12.0,,,,,REGULAR_SEASON,,,,,,,,Deacon Mabry,,,,,,,,,,,,,,,2.0,,,,74.0,,,,99.0,,,,,,,,18.0,,,,,,,1831.0,8.58,,,,15.0,,HOU_EDGE_02,EDGE,,,,141.0,,,38.0,,,,,1,,,,,,103.0,,,,,7.0,,,,0,3229.0,84.0,,199.0,,,32.0,,,,775.0,,,,,,,
48.0,2.0,,,,,REGULAR_SEASON,,,,,,,,Isaiah Toussaint,,,,,,,,,,,,,,,1.0,,,,31.0,,,,33.0,,,,,,,,15.0,,,,,,,783.0,3.7,,,,9.0,,HOU_EDGE_05,EDGE,,,,55.0,,,18.0,,,,,1,,,,,,31.0,,,,,4.0,,,,0,1377.0,35.0,,83.0,,,12.0,,,,298.0,,,,,,,
141.0,25.0,,,,,REGULAR_SEASON,,,,,,,,Patton Kelleher,,,,,,,,,,,,,,,11.0,,,,95.0,,,,105.0,,,,,,,,24.0,,,,,,,2040.0,12.16,,,,18.0,,HOU_DT_01,DT,,,,168.0,,,40.0,,,,,0,,,,,,130.0,,,,,33.0,,,,0,3605.0,112.0,,253.0,,,36.0,,,,934.0,,,,,,,
145.0,11.0,,,,,REGULAR_SEASON,,,,,,,,Madden Brightwell,,,,,,,,,,,,,,,8.0,,,,95.0,,,,129.0,,,,,,,,19.0,,,,,,,2051.0,13.42,,,,24.0,,HOU_DT_02,DT,,,,198.0,,,53.0,,,,,0,,,,,,168.0,,,,,20.0,,,,0,3615.0,103.0,,248.0,,,50.0,,,,931.0,,,,,,,
27.0,4.0,,,,,REGULAR_SEASON,,,,,,,,Cade Seeley,,,,,,,,,,,,,,,0.0,,,,17.0,,,,13.0,,,,,,,,5.0,,,,,,,362.0,1.8,,,,2.0,,HOU_DT_03,DT,,,,24.0,,,8.0,,,,,1,,,,,,22.0,,,,,4.0,,,,0,635.0,24.0,,51.0,,,6.0,,,,162.0,,,,,,,
,,,93.0,,,REGULAR_SEASON,,,,583.0,,,,Cannon Gilliam,,,,,,,,,,,,,,,,11.0,,,17.0,,,,,,,,1.0,,,,5.0,,,,,,3.0,,,,,1518.2,4.0,,HOU_LB_03,LB,,,,5.0,,,,,42.0,,,0,,,,,,11.0,,,,,1.0,,,,0,760.0,61.0,,95.0,67.0,5.0,6.0,,,,190.0,,,,,524.0,,15.37
,,,131.0,,,REGULAR_SEASON,,,,761.0,,,,Byron Brannigan,,,,,,,,,,,,,,,,6.0,,,22.0,,,,,,,,1.0,,,,15.0,,,,,,2.0,,,,,2015.3,8.0,,HOU_LB_01,LB,,,,16.0,,,,,68.0,,,1,,,,,,18.0,,,,,2.0,,,,0,987.0,94.0,,147.0,94.0,7.0,14.0,,,,228.0,,,,,665.0,,19.26
,,,258.0,,,REGULAR_SEASON,,,,1525.0,,,,Colby Ellington,,,,,,,,,,,,,,,,18.0,,,44.0,,,,,,,,5.0,,,,28.0,,,,,,5.0,,,,,3864.4,15.0,,HOU_LB_02,LB,,,,29.0,,,,,129.0,,,0,,,,,,29.0,,,,,5.0,,,,0,1983.0,149.0,,234.0,194.0,11.0,24.0,,,,462.0,,,,,1615.0,,47.12
,,,,,,REGULAR_SEASON,,,,3234.0,,,,Linus Orlovsky,,,,,,,,,,,,,,,,53.0,,,86.0,,,,,,,,10.0,,,,24.0,,,,,,35.0,,,,,7040.7,24.0,,HOU_CB_03,CB,,,,,,,,,182.0,,,0,,,,,,55.0,,,,,,,,,0,4198.0,195.0,,329.0,307.0,18.0,,,,,787.0,,,,,2077.0,,55.87
,,,,,,REGULAR_SEASON,,,,632.0,,,,Kason Cosgrove,,,,,,,,,,,,,,,,11.0,,,17.0,,,,,,,,1.0,,,,6.0,,,,,,4.0,,,,,1483.1,7.0,,HOU_CB_02,CB,,,,,,,,,45.0,,,1,,,,,,14.0,,,,,,,,,0,823.0,38.0,,64.0,76.0,4.0,,,,,162.0,,,,,525.0,,14.21
,,,,,,REGULAR_SEASON,,,,3788.0,,,,Omari Helaire,,,,,,,,,,,,,,,,72.0,,,100.0,,,,,,,,6.0,,,,55.0,,,,,,39.0,,,,,7616.8,32.0,,HOU_CB_05,CB,,,,,,,,,214.0,,,1,,,,,,74.0,,,,,,,,,0,4915.0,239.0,,396.0,376.0,10.0,,,,,940.0,,,,,2282.0,,60.62
,,,,,,REGULAR_SEASON,,,,534.0,,,,Nikolai Hankins,,,,,,,,,,,,,,,,12.0,,,14.0,,,,,,,,0.0,,,,4.0,,,,,,5.0,,,,,1139.2,3.0,,HOU_CB_01,CB,,,,,,,,,30.0,,,1,,,,,,8.0,,,,,,,,,0,694.0,28.0,,47.0,56.0,1.0,,,,,146.0,,,,,344.0,,9.12
,,,,,,REGULAR_SEASON,,,,910.0,,,,Ward Lambright,,,,,,,,,,,,,,,,11.0,,,23.0,,,,,,,,4.0,,,,10.0,,,,,,6.0,,,,,1919.9,8.0,,HOU_S_01,S,,,,,,,,,56.0,,,1,,,,,,14.0,,,,,,,,,0,1182.0,52.0,,88.0,88.0,5.0,,,,,231.0,,,,,683.0,,17.65
,,,,,,REGULAR_SEASON,,,,2959.0,,,,Julius Galbraith,,,,,,,,,,,,,,,,57.0,,,75.0,,,,,,,,3.0,,,,28.0,,,,,,29.0,,,,,6285.5,24.0,,HOU_S_03,S,,,,,,,,,173.0,,,0,,,,,,62.0,,,,,,,,,0,3836.0,178.0,,297.0,289.0,13.0,,,,,714.0,,,,,2130.0,,53.69
,,,,,,REGULAR_SEASON,,,,1321.0,,,,Malcolm Bainbridge,,,,,,,,,,,,,,,,16.0,,,33.0,,,,,,,,2.0,,,,24.0,,,,,,3.0,,,,,2631.1,8.0,,HOU_S_02,S,,,,,,,,,93.0,,,1,,,,,,25.0,,,,,,,,,0,1714.0,88.0,,142.0,148.0,2.0,,,,,335.0,,,,,1178.0,,29.62
,,,,,,REGULAR_SEASON,,,,,,,,Nash Ballinger,,,,72.0,16.0,15.0,17.0,19.0,66.0,14.0,13.0,11.0,16.0,,,,,,52.0,,4.0,,,,,,,197.0,,1895.0,,,,,,,,,,,,,,,HOU_K_01,K,,,,,,,,,,,,0,,,,,,,,,,,,,,,0,312.0,,,,,,,,126.0,,544.0,98.0,95.0,,,,,
,,,,,,REGULAR_SEASON,,,,,,,,Wesson Ashby,,,,,,,,,,,,,,,,,,,63.0,10853.0,,,,,29.0,97.0,,,3461.0,,,,9949.0,,,,,,,,,,,,HOU_P_01,P,,,,,,234.0,,,,,,1,904.0,,,,,,,,,,,,,,0,315.0,,,,,,,,15.0,,622.0,,,,,,,
,,351.0,,,2368.0,REGULAR_SEASON,2378.0,,,,368.0,166.0,,Rafferty Sunderland,,147.0,,,,,,,,,,,,1151.0,,,15.0,7.0,101.0,,,,,,,,34.0,,,,,,,3423.0,,,,,,232.0,27111.0,,,829.0,IND_QB_01,QB,1055.0,495.0,4795.0,,,,,,,,,0,,,,,,,347.0,,1386.0,1020.0,,,156.0,217.0,0,6358.0,,101.0,,,,,170.0,,92.0,954.0,,,,,,,
,,,,111.0,,REGULAR_SEASON,,131.0,280.0,,,,242.0,Lachlan Mattison,92.0,,110.0,,,,,,,,,,,575.0,,,8.0,,84.0,,,,,,,,,,,,,46.0,,,,479.0,,,,,,,,,IND_RB_01,RB,,,,,34.0,,,1163.0,,,12201.0,1,,877.0,,225.0,,,1491.0,60.0,6386.0,,,,,,0,2623.0,,,,1812.0,,,,,,817.0,,,5104.0,2765.0,,3684.0,
,,,,74.0,,REGULAR_SEASON,,117.0,268.0,,,,211.0,Rafferty Langford,92.0,,81.0,,,,,,,,,,,449.0,,,7.0,,96.0,,,,,,,,,,,,,34.0,,,,580.0,,,,,,,,,IND_RB_02,RB,,,,,47.0,,,971.0,,,11347.0,0,,807.0,,203.0,,,1198.0,21.0,5044.0,,,,,,0,2428.0,,,,1488.0,,,,,,944.0,,,4915.0,2079.0,,2992.0,
,,,,80.0,,REGULAR_SEASON,,51.0,124.0,,,,97.0,Pierce Cundiff,44.0,,44.0,,,,,,,,,,,197.0,,,7.0,,65.0,,,,,,,,,,,,,29.0,,,,349.0,,,,,,,,,IND_RB_03,RB,,,,,33.0,,,431.0,,,5011.0,1,,460.0,,107.0,,,549.0,1.0,2290.0,,,,,,0,1397.0,,,,666.0,,,,,,632.0,,,2124.0,1049.0,,1256.0,
,,,,,,REGULAR_SEASON,,54.0,121.0,,,,84.0,Willem Freeney,33.0,,,,,,,,,,,,,168.0,,,,,78.0,,,,,,,,,,,,,44.0,,,,,,,,,,,,,IND_WR_03,WR,,,,,,,,402.0,,13.0,4917.0,1,,2904.0,,989.0,,,,,,,,,,,0,3420.0,,,,703.0,,,,,,751.0,,,2012.0,,,,
,,,,,,REGULAR_SEASON,,73.0,172.0,,,,145.0,Ridge Kirkpatrick,55.0,,,,,,,,,,,,,255.0,,,,,95.0,,,,,,,,,,,,,71.0,,,,,,,,,,,,,IND_WR_02,WR,,,,,,,,573.0,,32.0,6981.0,0,,3520.0,,1203.0,,,,,,,,,,,0,4150.0,,,,999.0,,,,,,889.0,,,2821.0,,,,
,,,,,,REGULAR_SEASON,,70.0,135.0,,,,110.0,Warner Kirkpatrick,38.0,,,,,,,,,,,,,186.0,,,,,93.0,,,,,,,,,,,,,57.0,,,,,,,,,,,,,IND_WR_01,WR,,,,,,,,443.0,,21.0,5376.0,0,,3418.0,,1168.0,,,,,,,,,,,0,4030.0,,,,782.0,,,,,,894.0,,,2242.0,,,,
,,,,,,REGULAR_SEASON,,5.0,9.0,,,,5.0,Obadiah Kelleher,3.0,,,,,,,,,,,,,3.0,,,,,12.0,,,,,,,,,,,,,6.0,,,,,,,,,,,,,IND_WR_04,WR,,,,,,,,17.0,,,253.0,1,,442.0,,153.0,,,,,,,,,,,0,521.0,,,,33.0,,,,,,133.0,,,91.0,,,,
,,,,,,REGULAR_SEASON,,23.0,58.0,,,,47.0,Casen Cortés,16.0,,,,,,,,,,,,,59.0,,,,,61.0,,,,,,,,,,,,,36.0,,,,,,,,,,,,,IND_TE_01,TE,,,,,,,,184.0,,,2307.0,1,,2008.0,,683.0,,,,,,,,,,,0,2373.0,,,,329.0,,,,,,604.0,,,915.0,,,,
,,,,,,REGULAR_SEASON,,35.0,62.0,,,,50.0,Lorenzo Marsalis,25.0,,,,,,,,,,,,,57.0,,,,,63.0,,,,,,,,,,,,,32.0,,,,,,,,,,,,,IND_TE_02,TE,,,,,,,,170.0,,,2174.0,0,,2138.0,,731.0,,,,,,,,,,,0,2522.0,,,,330.0,,,,,,580.0,,,918.0,,,,
,,,,,,REGULAR_SEASON,,,,,,,,Harrison Courtland,,,,,,,,,,,,,,,,,,,48.0,,,20.0,,62.0,,,,,,,,,,,4462.5,1729.0,,,,,,,21.0,,IND_OT_01,OT,,,,,92.0,,,,,,,0,,,129.0,1396.0,601.0,,,,,,,12.0,,,0,3125.0,,48.0,,,,,,,,405.0,,,,,,,
,,,,,,REGULAR_SEASON,,,,,,,,Hasani Malbrough,,,,,,,,,,,,,,,,,,,42.0,,,23.0,,47.0,,,,,,,,,,,3835.9,1495.0,,,,,,,38.0,,IND_OT_02,OT,,,,,85.0,,,,,,,1,,,123.0,1212.0,509.0,,,,,,,18.0,,,0,2707.0,,42.0,,,,,,,,408.0,,,,,,,
,,,,,,REGULAR_SEASON,,,,,,,,Malik Milfort,,,,,,,,,,,,,,,,,,,58.0,,,27.0,,64.0,,,,,,,,,,,5397.4,2085.0,,,,,,,31.0,,IND_OG_02,OG,,,,,106.0,,,,,,,0,,,163.0,1693.0,692.0,,,,,,,16.0,,,0,3778.0,,58.0,,,,,,,,558.0,,,,,,,
,,,,,,REGULAR_SEASON,,,,,,,,Logan Beckwith,,,,,,,,,,,,,,,,,,,1.0,,,1.0,,3.0,,,,,,,,,,,89.2,37.0,,,,,,,0.0,,IND_OG_04,OG,,,,,4.0,,,,,,,1,,,4.0,30.0,11.0,,,,,,,0.0,,,0,67.0,,1.0,,,,,,,,3.0,,,,,,,
,,,,,,REGULAR_SEASON,,,,,,,,Kalen Kamara,,,,,,,,,,,,,,,,,,,85.0,,,30.0,,70.0,,,,,,,,,,,8060.4,3054.0,,,,,,,37.0,,IND_C_01,C,,,,,113.0,,,,,,,0,,,167.0,2471.0,1144.0,,,,,,,18.0,,,0,5525.0,,85.0,,,,,,,,791.0,,,,,,,
117.0,11.0,,,,,REGULAR_SEASON,,,,,,,,Griffin Hunnicutt,,,,,,,,,,,,,,,1.0,,,,80.0,,,,114.0,,,,,,,,19.0,,,,,,,2005.0,12.01,,,,13.0,,IND_EDGE_02,EDGE,,,,201.0,,,51.0,,,,,1,,,,,,141.0,,,,,49.0,,,,0,3527.0,95.0,,212.0,,,33.0,,,,770.0,,,,,,,
137.0,12.0,,,,,REGULAR_SEASON,,,,,,,,Rafferty Ugwoegbu,,,,,,,,,,,,,,,9.0,,,,95.0,,,,146.0,,,,,,,,16.0,,,,,,,2345.0,15.0,,,,29.0,,IND_EDGE_01,EDGE,,,,264.0,,,73.0,,,,,0,,,,,,185.0,,,,,55.0,,,,0,4122.0,119.0,,256.0,,,60.0,,,,909.0,,,,,,,
21.0,1.0,,,,,REGULAR_SEASON,,,,,,,,Dax Winovich,,,,,,,,,,,,,,,2.0,,,,15.0,,,,14.0,,,,,,,,4.0,,,,,,,369.0,1.55,,,,3.0,,IND_EDGE_03,EDGE,,,,31.0,,,15.0,,,,,1,,,,,,16.0,,,,,6.0,,,,0,649.0,16.0,,37.0,,,6.0,,,,134.0,,,,,,,
122.0,13.0,,,,,REGULAR_SEASON,,,,,,,,Buck Honeycutt,,,,,,,,,,,,,,,11.0,,,,86.0,,,,127.0,,,,,,,,22.0,,,,,,,2166.0,12.8,,,,15.0,,IND_EDGE_04,EDGE,,,,223.0,,,68.0,,,,,0,,,,,,157.0,,,,,33.0,,,,0,3805.0,92.0,,214.0,,,49.0,,,,790.0,,,,,,,
132.0,9.0,,,,,REGULAR_SEASON,,,,,,,,Teagan Treadwell,,,,,,,,,,,,,,,4.0,,,,88.0,,,,120.0,,,,,,,,22.0,,,,,,,1870.0,12.44,,,,19.0,,IND_DT_01,DT,,,,175.0,,,36.0,,,,,0,,,,,,154.0,,,,,23.0,,,,0,3299.0,103.0,,235.0,,,37.0,,,,833.0,,,,,,,
20.0,4.0,,,,,REGULAR_SEASON,,,,,,,,Xander Clanton,,,,,,,,,,,,,,,1.0,,,,10.0,,,,11.0,,,,,,,,4.0,,,,,,,217.0,1.5,,,,0.0,,IND_DT_02,DT,,,,21.0,,,9.0,,,,,1,,,,,,18.0,,,,,1.0,,,,0,382.0,21.0,,41.0,,,8.0,,,,107.0,,,,,,,
20.0,2.0,,,,,REGULAR_SEASON,,,,,,,,Enzo Quigley,,,,,,,,,,,,,,,0.0,,,,15.0,,,,15.0,,,,,,,,5.0,,,,,,,337.0,1.45,,,,2.0,,IND_DT_04,DT,,,,29.0,,,10.0,,,,,1,,,,,,21.0,,,,,6.0,,,,0,596.0,17.0,,37.0,,,8.0,,,,134.0,,,,,,,
,,,164.0,,,REGULAR_SEASON,,,,1073.0,,,,Zebulon Galbraith,,,,,,,,,,,,,,,,16.0,,,30.0,,,,,,,,4.0,,,,15.0,,,,,,9.0,,,,,2376.2,8.0,,IND_LB_02,LB,,,,16.0,,,,,75.0,,,0,,,,,,19.0,,,,,6.0,,,,0,1399.0,97.0,,154.0,122.0,4.0,23.0,,,,286.0,,,,,914.0,,25.97
,,,213.0,,,REGULAR_SEASON,,,,1194.0,,,,Trey Ansley,,,,,,,,,,,,,,,,22.0,,,34.0,,,,,,,,0.0,,,,23.0,,,,,,10.0,,,,,2993.5,8.0,,IND_LB_03,LB,,,,23.0,,,,,75.0,,,1,,,,,,19.0,,,,,3.0,,,,0,1552.0,132.0,,206.0,130.0,9.0,31.0,,,,324.0,,,,,916.0,,25.74
,,,221.0,,,REGULAR_SEASON,,,,1409.0,,,,Wallace Sullivan,,,,,,,,,,,,,,,,27.0,,,40.0,,,,,,,,5.0,,,,35.0,,,,,,11.0,,,,,3576.1,11.0,,IND_LB_05,LB,,,,41.0,,,,,122.0,,,0,,,,,,28.0,,,,,8.0,,,,0,1830.0,152.0,,236.0,182.0,11.0,29.0,,,,399.0,,,,,1360.0,,38.68
,,,,,,REGULAR_SEASON,,,,3643.0,,,,Reeves Milfort,,,,,,,,,,,,,,,,91.0,,,96.0,,,,,,,,15.0,,,,44.0,,,,,,60.0,,,,,7190.6,18.0,,IND_CB_01,CB,,,,,,,,,194.0,,,0,,,,,,73.0,,,,,,,,,0,4727.0,227.0,,378.0,338.0,17.0,,,,,907.0,,,,,2152.0,,57.1
,,,,,,REGULAR_SEASON,,,,3310.0,,,,Micah Gathers,,,,,,,,,,,,,,,,65.0,,,87.0,,,,,,,,7.0,,,,39.0,,,,,,37.0,,,,,6978.2,24.0,,IND_CB_02,CB,,,,,,,,,203.0,,,0,,,,,,61.0,,,,,,,,,0,4297.0,196.0,,328.0,330.0,12.0,,,,,819.0,,,,,2367.0,,62.78
,,,,,,REGULAR_SEASON,,,,3244.0,,,,Whitaker Cromartie,,,,,,,,,,,,,,,,57.0,,,86.0,,,,,,,,6.0,,,,38.0,,,,,,27.0,,,,,6929.3,22.0,,IND_CB_03,CB,,,,,,,,,187.0,,,0,,,,,,53.0,,,,,,,,,0,4204.0,192.0,,328.0,343.0,14.0,,,,,808.0,,,,,2249.0,,60.17
,,,,,,REGULAR_SEASON,,,,2605.0,,,,Odell Wainwright,,,,,,,,,,,,,,,,50.0,,,68.0,,,,,,,,4.0,,,,31.0,,,,,,28.0,,,,,5314.4,10.0,,IND_CB_06,CB,,,,,,,,,170.0,,,1,,,,,,43.0,,,,,,,,,0,3379.0,168.0,,278.0,272.0,6.0,,,,,690.0,,,,,1671.0,,43.67
,,,,,,REGULAR_SEASON,,,,2561.0,,,,Kolby Cosgrove,,,,,,,,,,,,,,,,37.0,,,64.0,,,,,,,,0.0,,,,24.0,,,,,,20.0,,,,,5435.7,20.0,,IND_S_01,S,,,,,,,,,164.0,,,1,,,,,,40.0,,,,,,,,,0,3322.0,152.0,,254.0,276.0,12.0,,,,,594.0,,,,,1921.0,,48.54
,,,,,,REGULAR_SEASON,,,,1346.0,,,,Slade Legette,,,,,,,,,,,,,,,,28.0,,,34.0,,,,,,,,0.0,,,,12.0,,,,,,18.0,,,,,2997.5,11.0,,IND_S_02,S,,,,,,,,,75.0,,,1,,,,,,26.0,,,,,,,,,0,1742.0,87.0,,146.0,121.0,7.0,,,,,324.0,,,,,817.0,,20.57
,,,,,,REGULAR_SEASON,,,,234.0,,,,Yusuf Comeaux,,,,,,,,,,,,,,,,4.0,,,6.0,,,,,,,,0.0,,,,2.0,,,,,,1.0,,,,,490.0,1.0,,IND_S_03,S,,,,,,,,,15.0,,,1,,,,,,2.0,,,,,,,,,0,304.0,11.0,,18.0,24.0,0.0,,,,,34.0,,,,,182.0,,4.77
,,,,,,REGULAR_SEASON,,,,,,,,Phelan Boateng,,,,147.0,43.0,37.0,25.0,31.0,133.0,32.0,35.0,21.0,31.0,,,,,,98.0,,4.0,,,,,,,400.0,,3268.0,,,,,,,,,,,,,,,IND_K_01,K,,,,,,,,,,,,0,,,,,,,,,,,,,,,0,588.0,,,,,,,,255.0,,977.0,191.0,181.0,,,,,
,,,,,,REGULAR_SEASON,,,,,,,,Palmer Wiggington,,,,,,,,,,,,,,,,,,,87.0,14511.0,,,,,46.0,133.0,,,4752.0,,,,13215.0,,,,,,,,,,,,IND_P_01,P,,,,,,315.0,,,,,,0,1296.0,,,,,,,,,,,,,,0,435.0,,,,,,,,24.0,,816.0,,,,,,,
,,,,,,REGULAR_SEASON,,4.0,17.0,,,,11.0,Ryland Bowersox,5.0,,,,,,,,,,,,,19.0,,,,,17.0,,,,,,,,,,,,,9.0,,,,,,,,,,,,,LAR_WR_03,WR,,,,,,,,50.0,,2.0,671.0,1,,651.0,,221.0,,,,,,,,,,,0,767.0,,,,96.0,,,,,,162.0,,,260.0,,,,
24.0,3.0,,,,,REGULAR_SEASON,,,,,,,,Kavon Rademacher,,,,,,,,,,,,,,,2.0,,,,17.0,,,,20.0,,,,,,,,4.0,,,,,,,424.0,1.8,,,,5.0,,LAR_EDGE_03,EDGE,,,,32.0,,,7.0,,,,,0,,,,,,19.0,,,,,5.0,,,,0,748.0,16.0,,40.0,,,5.0,,,,154.0,,,,,,,
,,182.0,,,1639.0,REGULAR_SEASON,1599.0,,,,257.0,104.0,,Cyrus Warrick,,98.0,,,,,,,,,,,,768.0,,,11.0,7.0,71.0,,,,,,,,62.0,,,,,,,2387.0,,,,,,131.0,17280.0,,,605.0,SF_QB_01,QB,748.0,325.0,3083.0,,,,,,,,,1,,,,,,,262.0,,1088.0,863.0,,,134.0,158.0,0,4503.0,,71.0,,,,,136.0,,100.0,692.0,,,,,,,
,,,,86.0,,REGULAR_SEASON,,115.0,238.0,,,,223.0,Mordecai Lilliard,71.0,,71.0,,,,,,,,,,,462.0,,,6.0,,49.0,,,,,,,,,,,,,40.0,,,,270.0,,,,,,,,,SF_RB_01,RB,,,,,24.0,,,935.0,,,10838.0,1,,597.0,,157.0,,,1057.0,41.0,4865.0,,,,,,0,1770.0,,,,1351.0,,,,,,434.0,,,4693.0,2284.0,,2641.0,
,,,,60.0,,REGULAR_SEASON,,90.0,241.0,,,,164.0,Ruben Withersby,77.0,,81.0,,,,,,,,,,,375.0,,,16.0,,81.0,,,,,,,,,,,,,27.0,,,,452.0,,,,,,,,,SF_RB_03,RB,,,,,48.0,,,794.0,,,9123.0,1,,695.0,,177.0,,,1023.0,27.0,4567.0,,,,,,0,2096.0,,,,1254.0,,,,,,826.0,,,3720.0,2157.0,,2443.0,
,,,,6.0,,REGULAR_SEASON,,2.0,6.0,,,,5.0,Duke Bustamante,6.0,,2.0,,,,,,,,,,,14.0,,,1.0,,15.0,,,,,,,,,,,,,3.0,,,,96.0,,,,,,,,,SF_RB_02,RB,,,,,8.0,,,38.0,,,522.0,1,,69.0,,17.0,,,47.0,,250.0,,,,,,0,224.0,,,,60.0,,,,,,135.0,,,227.0,143.0,,107.0,
,,,,,,REGULAR_SEASON,,76.0,164.0,,,,136.0,Lonnie Haywood,56.0,,,,,,,,,,,,,259.0,,,,,93.0,,,,,,,,,,,,,75.0,,,,,,,,,,,,,SF_WR_03,WR,,,,,,,,574.0,,32.0,6827.0,0,,3456.0,,1181.0,,,,,,,,,,,0,4080.0,,,,1035.0,,,,,,837.0,,,2873.0,,,,
,,,,,,REGULAR_SEASON,,64.0,141.0,,,,130.0,Mateo Teasdale,47.0,,,,,,,,,,,,,199.0,,,,,98.0,,,,,,,,,,,,,66.0,,,,,,,,,,,,,SF_WR_01,WR,,,,,,,,478.0,,29.0,5884.0,1,,3599.0,,1230.0,,,,,,,,,,,0,4244.0,,,,891.0,,,,,,979.0,,,2382.0,,,,
,,,,,,REGULAR_SEASON,,71.0,130.0,,,,98.0,Alonzo Fitzhugh,42.0,,,,,,,,,,,,,176.0,,,,,93.0,,,,,,,,,,,,,59.0,,,,,,,,,,,,,SF_WR_02,WR,,,,,,,,429.0,,24.0,5119.0,1,,3465.0,,1185.0,,,,,,,,,,,0,4089.0,,,,784.0,,,,,,878.0,,,2145.0,,,,
,,,,,,REGULAR_SEASON,,0.0,4.0,,,,6.0,Lennon Blakeney,3.0,,,,,,,,,,,,,1.0,,,,,17.0,,,,,,,,,,,,,13.0,,,,,,,,,,,,,SF_WR_06,WR,,,,,,,,18.0,,,310.0,1,,633.0,,217.0,,,,,,,,,,,0,745.0,,,,36.0,,,,,,153.0,,,116.0,,,,
,,,,,,REGULAR_SEASON,,50.0,105.0,,,,80.0,Marshall Vitiello,32.0,,,,,,,,,,,,,116.0,,,,,102.0,,,,,,,,,,,,,53.0,,,,,,,,,,,,,SF_TE_01,TE,,,,,,,,326.0,,,4194.0,0,,3392.0,,1159.0,,,,,,,,,,,0,4012.0,,,,589.0,,,,,,992.0,,,1728.0,,,,
,,,,,,REGULAR_SEASON,,1.0,3.0,,,,3.0,Tavian Polamalu,3.0,,,,,,,,,,,,,0.0,,,,,13.0,,,,,,,,,,,,,8.0,,,,,,,,,,,,,SF_TE_03,TE,,,,,,,,12.0,,,204.0,1,,451.0,,155.0,,,,,,,,,,,0,534.0,,,,26.0,,,,,,115.0,,,82.0,,,,
,,,,,,REGULAR_SEASON,,,,,,,,Antoine Casillas,,,,,,,,,,,,,,,,,,,96.0,,,33.0,,79.0,,,,,,,,,,,9099.4,3476.0,,,,,,,48.0,,SF_OT_01,OT,,,,,128.0,,,,,,,0,,,174.0,2813.0,1280.0,,,,,,,21.0,,,0,6289.0,,96.0,,,,,,,,915.0,,,,,,,
,,,,,,REGULAR_SEASON,,,,,,,,Lincoln Mascarenas,,,,,,,,,,,,,,,,,,,84.0,,,19.0,,63.0,,,,,,,,,,,8000.9,3064.0,,,,,,,37.0,,SF_OT_02,OT,,,,,99.0,,,,,,,0,,,154.0,2485.0,1131.0,,,,,,,19.0,,,0,5549.0,,84.0,,,,,,,,819.0,,,,,,,
,,,,,,REGULAR_SEASON,,,,,,,,Alonzo Wozniak,,,,,,,,,,,,,,,,,,,66.0,,,13.0,,61.0,,,,,,,,,,,6264.9,2393.0,,,,,,,36.0,,SF_OG_01,OG,,,,,87.0,,,,,,,0,,,146.0,1944.0,844.0,,,,,,,14.0,,,0,4337.0,,66.0,,,,,,,,581.0,,,,,,,
,,,,,,REGULAR_SEASON,,,,,,,,Micah Washburn,,,,,,,,,,,,,,,,,,,99.0,,,45.0,,106.0,,,,,,,,,,,9256.5,3565.0,,,,,,,60.0,,SF_OG_02,OG,,,,,171.0,,,,,,,0,,,205.0,2895.0,1272.0,,,,,,,25.0,,,0,6460.0,,99.0,,,,,,,,991.0,,,,,,,
,,,,,,REGULAR_SEASON,,,,,,,,Errol Kirkpatrick,,,,,,,,,,,,,,,,,,,32.0,,,15.0,,43.0,,,,,,,,,,,2931.8,1153.0,,,,,,,13.0,,SF_C_01,C,,,,,69.0,,,,,,,0,,,82.0,933.0,376.0,,,,,,,11.0,,,0,2086.0,,32.0,,,,,,,,297.0,,,,,,,
70.0,6.0,,,,,REGULAR_SEASON,,,,,,,,Andre Southall,,,,,,,,,,,,,,,4.0,,,,51.0,,,,69.0,,,,,,,,2.0,,,,,,,1259.0,7.62,,,,11.0,,SF_EDGE_01,EDGE,,,,127.0,,,38.0,,,,,1,,,,,,84.0,,,,,24.0,,,,0,2212.0,56.0,,126.0,,,22.0,,,,469.0,,,,,,,
147.0,15.0,,,,,REGULAR_SEASON,,,,,,,,Riggs Epperson,,,,,,,,,,,,,,,4.0,,,,96.0,,,,150.0,,,,,,,,23.0,,,,,,,2409.0,15.63,,,,19.0,,SF_EDGE_02,EDGE,,,,271.0,,,71.0,,,,,0,,,,,,197.0,,,,,57.0,,,,0,4232.0,118.0,,265.0,,,47.0,,,,921.0,,,,,,,
41.0,2.0,,,,,REGULAR_SEASON,,,,,,,,Riggs Ovadia,,,,,,,,,,,,,,,2.0,,,,29.0,,,,29.0,,,,,,,,3.0,,,,,,,734.0,3.55,,,,8.0,,SF_EDGE_05,EDGE,,,,55.0,,,20.0,,,,,1,,,,,,42.0,,,,,7.0,,,,0,1292.0,36.0,,77.0,,,11.0,,,,304.0,,,,,,,
27.0,2.0,,,,,REGULAR_SEASON,,,,,,,,Roderick Sagapolutele,,,,,,,,,,,,,,,0.0,,,,17.0,,,,22.0,,,,,,,,5.0,,,,,,,422.0,2.16,,,,4.0,,SF_EDGE_04,EDGE,,,,33.0,,,10.0,,,,,1,,,,,,28.0,,,,,1.0,,,,0,742.0,21.0,,48.0,,,9.0,,,,153.0,,,,,,,
126.0,12.0,,,,,REGULAR_SEASON,,,,,,,,Odin Yeboah,,,,,,,,,,,,,,,5.0,,,,83.0,,,,106.0,,,,,,,,24.0,,,,,,,1755.0,11.95,,,,15.0,,SF_DT_02,DT,,,,165.0,,,36.0,,,,,0,,,,,,151.0,,,,,30.0,,,,0,3100.0,109.0,,235.0,,,41.0,,,,756.0,,,,,,,
60.0,5.0,,,,,REGULAR_SEASON,,,,,,,,Lorenzo Ironside,,,,,,,,,,,,,,,1.0,,,,42.0,,,,36.0,,,,,,,,10.0,,,,,,,889.0,5.46,,,,11.0,,SF_DT_01,DT,,,,66.0,,,19.0,,,,,1,,,,,,54.0,,,,,18.0,,,,0,1568.0,54.0,,114.0,,,12.0,,,,400.0,,,,,,,
104.0,12.0,,,,,REGULAR_SEASON,,,,,,,,Jaxton Beauchamp,,,,,,,,,,,,,,,6.0,,,,69.0,,,,86.0,,,,,,,,15.0,,,,,,,1474.0,9.9,,,,17.0,,SF_DT_05,DT,,,,141.0,,,35.0,,,,,0,,,,,,118.0,,,,,22.0,,,,0,2597.0,77.0,,181.0,,,30.0,,,,640.0,,,,,,,
,,,566.0,,,REGULAR_SEASON,,,,3300.0,,,,Tristan Stroman,,,,,,,,,,,,,,,,76.0,,,95.0,,,,,,,,4.0,,,,62.0,,,,,,42.0,,,,,7787.3,20.0,,SF_LB_02,LB,,,,73.0,,,,,217.0,,,0,,,,,,71.0,,,,,4.0,,,,0,4295.0,328.0,,514.0,370.0,19.0,93.0,,,,935.0,,,,,2521.0,,73.08
,,,425.0,,,REGULAR_SEASON,,,,2783.0,,,,Porter Kortright,,,,,,,,,,,,,,,,55.0,,,81.0,,,,,,,,5.0,,,,46.0,,,,,,35.0,,,,,6678.7,30.0,,SF_LB_01,LB,,,,53.0,,,,,181.0,,,0,,,,,,48.0,,,,,11.0,,,,0,3615.0,340.0,,521.0,295.0,11.0,84.0,,,,763.0,,,,,2121.0,,62.15
,,,96.0,,,REGULAR_SEASON,,,,596.0,,,,Alonzo Onwuasor,,,,,,,,,,,,,,,,10.0,,,17.0,,,,,,,,1.0,,,,11.0,,,,,,4.0,,,,,1325.6,4.0,,SF_LB_04,LB,,,,11.0,,,,,33.0,,,1,,,,,,11.0,,,,,1.0,,,,0,776.0,59.0,,92.0,63.0,3.0,14.0,,,,153.0,,,,,365.0,,10.64
,,,,,,REGULAR_SEASON,,,,3387.0,,,,Samir Mostert,,,,,,,,,,,,,,,,74.0,,,89.0,,,,,,,,16.0,,,,30.0,,,,,,54.0,,,,,6442.6,20.0,,SF_CB_03,CB,,,,,,,,,168.0,,,0,,,,,,50.0,,,,,,,,,0,4394.0,212.0,,347.0,304.0,11.0,,,,,838.0,,,,,1961.0,,52.46
,,,,,,REGULAR_SEASON,,,,3473.0,,,,Javon Jolliff,,,,,,,,,,,,,,,,83.0,,,92.0,,,,,,,,10.0,,,,31.0,,,,,,52.0,,,,,7426.2,29.0,,SF_CB_01,CB,,,,,,,,,190.0,,,0,,,,,,65.0,,,,,,,,,0,4509.0,243.0,,393.0,322.0,11.0,,,,,890.0,,,,,2474.0,,66.09
,,,,,,REGULAR_SEASON,,,,644.0,,,,Axel Ravenel,,,,,,,,,,,,,,,,12.0,,,17.0,,,,,,,,5.0,,,,15.0,,,,,,7.0,,,,,1368.1,6.0,,SF_CB_02,CB,,,,,,,,,45.0,,,1,,,,,,7.0,,,,,,,,,0,835.0,41.0,,69.0,67.0,2.0,,,,,153.0,,,,,543.0,,14.49
,,,,,,REGULAR_SEASON,,,,1252.0,,,,Zaire Birchfield,,,,,,,,,,,,,,,,27.0,,,34.0,,,,,,,,6.0,,,,15.0,,,,,,17.0,,,,,2513.8,12.0,,SF_CB_06,CB,,,,,,,,,76.0,,,1,,,,,,28.0,,,,,,,,,0,1627.0,81.0,,135.0,132.0,6.0,,,,,292.0,,,,,864.0,,23.44
,,,,,,REGULAR_SEASON,,,,2408.0,,,,Lorenzo Colwell,,,,,,,,,,,,,,,,50.0,,,61.0,,,,,,,,3.0,,,,20.0,,,,,,32.0,,,,,5065.2,15.0,,SF_S_01,S,,,,,,,,,128.0,,,1,,,,,,45.0,,,,,,,,,0,3124.0,155.0,,256.0,218.0,11.0,,,,,611.0,,,,,1582.0,,40.19
,,,,,,REGULAR_SEASON,,,,3585.0,,,,Damarion Brisco,,,,,,,,,,,,,,,,71.0,,,91.0,,,,,,,,3.0,,,,34.0,,,,,,41.0,,,,,6816.6,19.0,,SF_S_02,S,,,,,,,,,167.0,,,0,,,,,,48.0,,,,,,,,,0,4648.0,229.0,,379.0,328.0,8.0,,,,,914.0,,,,,2035.0,,51.95
,,,,,,REGULAR_SEASON,,,,42.0,,,,Magnus Scovel,,,,,,,,,,,,,,,,0.0,,,1.0,,,,,,,,0.0,,,,0.0,,,,,,0.0,,,,,64.6,0.0,,SF_S_03,S,,,,,,,,,3.0,,,1,,,,,,0.0,,,,,,,,,0,55.0,5.0,,7.0,5.0,0.0,,,,,3.0,,,,,10.0,,0.24
,,,,,,REGULAR_SEASON,,,,,,,,Killian Beauchamp,,,,150.0,29.0,46.0,39.0,41.0,125.0,28.0,42.0,28.0,34.0,,,,,,98.0,,9.0,,,,,,,381.0,,3256.0,,,,,,,,,,,,,,,SF_K_01,K,,,,,,,,,,,,0,,,,,,,,,,,,,,,0,588.0,,,,,,,,240.0,,960.0,192.0,186.0,,,,,
,,,,,,REGULAR_SEASON,,,,,,,,Ruben Debose,,,,,,,,,,,,,,,,,,,68.0,11298.0,,,,,36.0,95.0,,,3842.0,,,,10202.0,,,,,,,,,,,,SF_P_01,P,,,,,,242.0,,,,,,0,1096.0,,,,,,,,,,,,,,0,340.0,,,,,,,,20.0,,674.0,,,,,,,
,,,,,,REGULAR_SEASON,,52.0,94.0,,,,86.0,Miller Schmitz,22.0,,,,,,,,,,,,,127.0,,,,,60.0,,,,,,,,,,,,,42.0,,,,,,,,,,,,,BAL_WR_03,WR,,,,,,,,306.0,,12.0,3622.0,1,,2215.0,,753.0,,,,,,,,,,,0,2616.0,,,,562.0,,,,,,620.0,,,1498.0,,,,
,,,,,,REGULAR_SEASON,,,,2815.0,,,,Nikolai Trapasso,,,,,,,,,,,,,,,,50.0,,,74.0,,,,,,,,8.0,,,,36.0,,,,,,18.0,,,,,6057.8,28.0,,LV_CB_04,CB,,,,,,,,,188.0,,,0,,,,,,57.0,,,,,,,,,0,3650.0,156.0,,266.0,303.0,9.0,,,,,670.0,,,,,2142.0,,56.89
,,,,,,REGULAR_SEASON,,,,81.0,,,,Slade Dunleavy,,,,,,,,,,,,,,,,0.0,,,2.0,,,,,,,,0.0,,,,2.0,,,,,,0.0,,,,,284.6,2.0,,LV_S_03,S,,,,,,,,,9.0,,,1,,,,,,1.0,,,,,,,,,0,104.0,4.0,,7.0,11.0,3.0,,,,,9.0,,,,,95.0,,2.35
,,,,,,REGULAR_SEASON,,52.0,119.0,,,,101.0,Tyrell Creswell,32.0,,,,,,,,,,,,,195.0,,,,,90.0,,,,,,,,,,,,,66.0,,,,,,,,,,,,,KC_WR_01,WR,,,,,,,,464.0,,31.0,5700.0,0,,3354.0,,1142.0,,,,,,,,,,,0,3957.0,,,,775.0,,,,,,850.0,,,2313.0,,,,
131.0,21.0,,,,,REGULAR_SEASON,,,,,,,,Yardley Howze,,,,,,,,,,,,,,,8.0,,,,83.0,,,,98.0,,,,,,,,21.0,,,,,,,2039.0,10.63,,,,19.0,,KC_EDGE_05,EDGE,,,,171.0,,,49.0,,,,,0,,,,,,123.0,,,,,30.0,,,,0,3588.0,107.0,,238.0,,,39.0,,,,753.0,,,,,,,
,,,462.0,,,REGULAR_SEASON,,,,2540.0,,,,Ohan Neasman,,,,,,,,,,,,,,,,56.0,,,72.0,,,,,,,,6.0,,,,29.0,,,,,,29.0,,,,,5849.3,22.0,,KC_LB_01,LB,,,,53.0,,,,,166.0,,,1,,,,,,48.0,,,,,6.0,,,,0,3297.0,242.0,,386.0,282.0,13.0,54.0,,,,644.0,,,,,2035.0,,58.09
,,,,,,REGULAR_SEASON,,,,206.0,,,,Malcolm Burnell,,,,,,,,,,,,,,,,2.0,,,5.0,,,,,,,,0.0,,,,3.0,,,,,,1.0,,,,,408.7,1.0,,KC_S_03,S,,,,,,,,,8.0,,,1,,,,,,0.0,,,,,,,,,0,267.0,14.0,,23.0,16.0,1.0,,,,,32.0,,,,,91.0,,2.28
25.0,2.0,,,,,REGULAR_SEASON,,,,,,,,Tarrell Fennell,,,,,,,,,,,,,,,0.0,,,,16.0,,,,6.0,,,,,,,,8.0,,,,,,,388.0,1.04,,,,7.0,,SEA_EDGE_05,EDGE,,,,11.0,,,3.0,,,,,1,,,,,,1.0,,,,,3.0,,,,0,679.0,19.0,,44.0,,,3.0,,,,147.0,,,,,,,
34.0,3.0,,,,,REGULAR_SEASON,,,,,,,,Angus Halloran,,,,,,,,,,,,,,,2.0,,,,23.0,,,,22.0,,,,,,,,8.0,,,,,,,481.0,3.1,,,,1.0,,SEA_DT_05,DT,,,,37.0,,,12.0,,,,,1,,,,,,38.0,,,,,6.0,,,,0,851.0,27.0,,61.0,,,9.0,,,,230.0,,,,,,,
,,,,,,REGULAR_SEASON,,13.0,33.0,,,,25.0,Kaleo Sylvester,8.0,,,,,,,,,,,,,18.0,,,,,60.0,,,,,,,,,,,,,27.0,,,,,,,,,,,,,NO_TE_01,TE,,,,,,,,82.0,,,1228.0,0,,1994.0,,683.0,,,,,,,,,,,0,2356.0,,,,175.0,,,,,,611.0,,,491.0,,,,
,,,11.0,,,REGULAR_SEASON,,,,101.0,,,,Levi Lambright,,,,,,,,,,,,,,,,2.0,,,3.0,,,,,,,,0.0,,,,3.0,,,,,,0.0,,,,,263.1,0.0,,MIA_LB_01,LB,,,,6.0,,,,,5.0,,,0,,,,,,3.0,,,,,2.0,,,,0,131.0,15.0,,23.0,9.0,2.0,3.0,,,,36.0,,,,,14.0,,0.42
,,14.0,,,128.0,REGULAR_SEASON,108.0,,,,18.0,11.0,,Warrick Fraley,,8.0,,,,,,,,,,,,56.0,,,1.0,1.0,5.0,,,,,,,,8.0,,,,,,,168.0,,,,,,5.0,961.0,,,39.0,NYG_QB_02,QB,40.0,18.0,170.0,,,,,,,,,1,,,,,,,19.0,,67.0,77.0,,,13.0,14.0,0,320.0,,5.0,,,,,5.0,,10.0,30.0,,,,,,,
,,,,,,REGULAR_SEASON,,13.0,27.0,,,,47.0,Reeves Tullis,20.0,,,,,,,,,,,,,52.0,,,,,43.0,,,,,,,,,,,,,21.0,,,,,,,,,,,,,BUF_WR_06,WR,,,,,,,,144.0,,6.0,1642.0,0,,1570.0,,537.0,,,,,,,,,,,0,1851.0,,,,273.0,,,,,,425.0,,,708.0,,,,
,,,,,,REGULAR_SEASON,,4.0,12.0,,,,13.0,Jorel Prewitt,3.0,,,,,,,,,,,,,16.0,,,,,22.0,,,,,,,,,,,,,15.0,,,,,,,,,,,,,DEN_TE_03,TE,,,,,,,,53.0,,,717.0,1,,738.0,,251.0,,,,,,,,,,,0,871.0,,,,92.0,,,,,,191.0,,,353.0,,,,
,,,190.0,,,REGULAR_SEASON,,,,1185.0,,,,Ace Hobbs,,,,,,,,,,,,,,,,26.0,,,34.0,,,,,,,,6.0,,,,23.0,,,,,,13.0,,,,,2864.3,9.0,,DEN_LB_03,LB,,,,21.0,,,,,79.0,,,0,,,,,,25.0,,,,,1.0,,,,0,1542.0,114.0,,183.0,141.0,12.0,29.0,,,,327.0,,,,,875.0,,25.12
,,,,,,REGULAR_SEASON,,,,,,,,Landry Courtland,,,,,,,,,,,,,,,,,,,83.0,,,29.0,,81.0,,,,,,,,,,,7665.1,2987.0,,,,,,,53.0,,GB_C_01,C,,,,,140.0,,,,,,,0,,,224.0,2425.0,1016.0,,,,,,,35.0,,,0,5412.0,,83.0,,,,,,,,796.0,,,,,,,
7.0,0.0,,,,,REGULAR_SEASON,,,,,,,,Galen Kendricks,,,,,,,,,,,,,,,1.0,,,,4.0,,,,6.0,,,,,,,,1.0,,,,,,,100.0,0.52,,,,0.0,,GB_EDGE_05,EDGE,,,,8.0,,,1.0,,,,,1,,,,,,9.0,,,,,1.0,,,,0,176.0,6.0,,13.0,,,3.0,,,,42.0,,,,,,,
109.0,13.0,,,,,REGULAR_SEASON,,,,,,,,Palmer Hamlett,,,,,,,,,,,,,,,3.0,,,,72.0,,,,83.0,,,,,,,,20.0,,,,,,,1547.0,10.17,,,,12.0,,GB_DT_05,DT,,,,144.0,,,42.0,,,,,0,,,,,,120.0,,,,,25.0,,,,0,2730.0,85.0,,194.0,,,31.0,,,,629.0,,,,,,,
,,,22.0,,,REGULAR_SEASON,,,,106.0,,,,Owen Desormeaux,,,,,,,,,,,,,,,,3.0,,,3.0,,,,,,,,0.0,,,,1.0,,,,,,1.0,,,,,274.7,1.0,,BUF_LB_05,LB,,,,3.0,,,,,7.0,,,1,,,,,,3.0,,,,,2.0,,,,0,138.0,10.0,,15.0,11.0,1.0,0.0,,,,17.0,,,,,84.0,,2.47
6.0,0.0,,,,,REGULAR_SEASON,,,,,,,,Creed Estrada,,,,,,,,,,,,,,,1.0,,,,5.0,,,,5.0,,,,,,,,3.0,,,,,,,122.0,0.42,,,,1.0,,NYJ_EDGE_03,EDGE,,,,8.0,,,1.0,,,,,1,,,,,,8.0,,,,,2.0,,,,0,215.0,4.0,,10.0,,,0.0,,,,58.0,,,,,,,
31.0,5.0,,,,,REGULAR_SEASON,,,,,,,,Zaire Sylvester,,,,,,,,,,,,,,,3.0,,,,20.0,,,,14.0,,,,,,,,9.0,,,,,,,428.0,2.07,,,,8.0,,NYJ_DT_04,DT,,,,25.0,,,7.0,,,,,1,,,,,,10.0,,,,,7.0,,,,0,751.0,29.0,,60.0,,,7.0,,,,169.0,,,,,,,
,,,,,,REGULAR_SEASON,,,,3588.0,,,,Keon Kerrigan,,,,,,,,,,,,,,,,69.0,,,93.0,,,,,,,,11.0,,,,32.0,,,,,,44.0,,,,,6835.0,22.0,,NYJ_CB_02,CB,,,,,,,,,195.0,,,0,,,,,,65.0,,,,,,,,,0,4655.0,208.0,,357.0,354.0,12.0,,,,,896.0,,,,,2274.0,,58.65
,,,,,,REGULAR_SEASON,,2.0,2.0,,,,1.0,Yosef Legette,1.0,,,,,,,,,,,,,1.0,,,,,6.0,,,,,,,,,,,,,2.0,,,,,,,,,,,,,CIN_TE_02,TE,,,,,,,,8.0,,,124.0,1,,208.0,,70.0,,,,,,,,,,,0,244.0,,,,16.0,,,,,,60.0,,,53.0,,,,
,,342.0,,,2111.0,REGULAR_SEASON,2252.0,,,,343.0,155.0,,Victor Winovich,,154.0,,,,,,,,,,,,1071.0,,,20.0,9.0,95.0,,,,,,,,47.0,,,,,,,3165.0,,,,,,185.0,25249.0,,,769.0,PIT_QB_01,QB,1054.0,492.0,4656.0,,,,,,,,,0,,,,,,,302.0,,1026.0,1038.0,,,152.0,183.0,0,6009.0,,95.0,,,,,167.0,,65.0,899.0,,,,,,,
,,,,67.0,,REGULAR_SEASON,,123.0,270.0,,,,214.0,Devante Vinovich,77.0,,112.0,,,,,,,,,,,529.0,,,6.0,,47.0,,,,,,,,,,,,,34.0,,,,261.0,,,,,,,,,PIT_RB_01,RB,,,,,23.0,,,1042.0,,,11268.0,1,,615.0,,161.0,,,1172.0,44.0,5238.0,,,,,,0,1826.0,,,,1444.0,,,,,,465.0,,,4821.0,2296.0,,2969.0,
,,,,34.0,,REGULAR_SEASON,,32.0,62.0,,,,39.0,Quill Hasselby,12.0,,9.0,,,,,,,,,,,96.0,,,0.0,,17.0,,,,,,,,,,,,,13.0,,,,93.0,,,,,,,,,PIT_RB_02,RB,,,,,9.0,,,188.0,,,2027.0,1,,147.0,,37.0,,,218.0,6.0,1123.0,,,,,,0,432.0,,,,271.0,,,,,,172.0,,,900.0,575.0,,548.0,
,,,,51.0,,REGULAR_SEASON,,67.0,157.0,,,,124.0,Shepard Prioleau,57.0,,66.0,,,,,,,,,,,267.0,,,3.0,,52.0,,,,,,,,,,,,,18.0,,,,320.0,,,,,,,,,PIT_RB_03,RB,,,,,23.0,,,572.0,,,6653.0,1,,461.0,,114.0,,,671.0,28.0,2907.0,,,,,,0,1382.0,,,,847.0,,,,,,469.0,,,2910.0,1325.0,,1585.0,
,,,,,,REGULAR_SEASON,,16.0,38.0,,,,32.0,Mariano Hobbs,6.0,,,,,,,,,,,,,46.0,,,,,29.0,,,,,,,,,,,,,18.0,,,,,,,,,,,,,PIT_WR_01,WR,,,,,,,,119.0,,6.0,1398.0,1,,1055.0,,361.0,,,,,,,,,,,0,1245.0,,,,209.0,,,,,,300.0,,,572.0,,,,
,,,,,,REGULAR_SEASON,,93.0,193.0,,,,127.0,Deion Sessoms,39.0,,,,,,,,,,,,,284.0,,,,,101.0,,,,,,,,,,,,,90.0,,,,,,,,,,,,,PIT_WR_02,WR,,,,,,,,636.0,,34.0,7564.0,0,,3708.0,,1262.0,,,,,,,,,,,0,4371.0,,,,1101.0,,,,,,973.0,,,3197.0,,,,
,,,,,,REGULAR_SEASON,,74.0,156.0,,,,142.0,Braxton Snodgrass,46.0,,,,,,,,,,,,,224.0,,,,,93.0,,,,,,,,,,,,,58.0,,,,,,,,,,,,,PIT_WR_03,WR,,,,,,,,521.0,,31.0,6343.0,0,,3420.0,,1164.0,,,,,,,,,,,0,4033.0,,,,926.0,,,,,,853.0,,,2609.0,,,,
,,,,,,REGULAR_SEASON,,2.0,10.0,,,,6.0,Lazaro Purifoy,1.0,,,,,,,,,,,,,3.0,,,,,18.0,,,,,,,,,,,,,11.0,,,,,,,,,,,,,PIT_WR_04,WR,,,,,,,,25.0,,,352.0,1,,652.0,,222.0,,,,,,,,,,,0,769.0,,,,49.0,,,,,,165.0,,,148.0,,,,
,,,,,,REGULAR_SEASON,,26.0,48.0,,,,29.0,Kyrie Lyerly,10.0,,,,,,,,,,,,,37.0,,,,,34.0,,,,,,,,,,,,,26.0,,,,,,,,,,,,,PIT_TE_01,TE,,,,,,,,113.0,,,1368.0,1,,1116.0,,384.0,,,,,,,,,,,0,1319.0,,,,217.0,,,,,,325.0,,,577.0,,,,
,,,,,,REGULAR_SEASON,,10.0,20.0,,,,28.0,Zane Alderman,8.0,,,,,,,,,,,,,24.0,,,,,60.0,,,,,,,,,,,,,35.0,,,,,,,,,,,,,PIT_TE_02,TE,,,,,,,,103.0,,2.0,1466.0,0,,1980.0,,675.0,,,,,,,,,,,0,2341.0,,,,200.0,,,,,,564.0,,,578.0,,,,
,,,,,,REGULAR_SEASON,,,,,,,,Levi Tyree,,,,,,,,,,,,,,,,,,,94.0,,,34.0,,96.0,,,,,,,,,,,8777.2,3398.0,,,,,,,59.0,,PIT_OT_01,OT,,,,,155.0,,,,,,,0,,,204.0,2758.0,1221.0,,,,,,,28.0,,,0,6156.0,,94.0,,,,,,,,888.0,,,,,,,
,,,,,,REGULAR_SEASON,,,,,,,,Giovanni Hopkins,,,,,,,,,,,,,,,,,,,83.0,,,32.0,,108.0,,,,,,,,,,,7780.4,2996.0,,,,,,,47.0,,PIT_OT_02,OT,,,,,153.0,,,,,,,0,,,196.0,2419.0,1002.0,,,,,,,14.0,,,0,5415.0,,83.0,,,,,,,,809.0,,,,,,,
,,,,,,REGULAR_SEASON,,,,,,,,Vaughn Killebrew,,,,,,,,,,,,,,,,,,,100.0,,,36.0,,78.0,,,,,,,,,,,9444.7,3622.0,,,,,,,45.0,,PIT_OG_02,OG,,,,,137.0,,,,,,,0,,,189.0,2937.0,1385.0,,,,,,,26.0,,,0,6559.0,,100.0,,,,,,,,956.0,,,,,,,
,,,,,,REGULAR_SEASON,,,,,,,,Zion Fielder,,,,,,,,,,,,,,,,,,,91.0,,,21.0,,64.0,,,,,,,,,,,8735.8,3307.0,,,,,,,48.0,,PIT_OG_01,OG,,,,,98.0,,,,,,,0,,,197.0,2682.0,1223.0,,,,,,,14.0,,,0,5989.0,,91.0,,,,,,,,844.0,,,,,,,
,,,,,,REGULAR_SEASON,,,,,,,,Kamden Berrios,,,,,,,,,,,,,,,,,,,97.0,,,25.0,,94.0,,,,,,,,,,,9140.2,3520.0,,,,,,,51.0,,PIT_C_01,C,,,,,140.0,,,,,,,0,,,195.0,2855.0,1291.0,,,,,,,24.0,,,0,6375.0,,97.0,,,,,,,,923.0,,,,,,,
76.0,7.0,,,,,REGULAR_SEASON,,,,,,,,Javon Partridge,,,,,,,,,,,,,,,2.0,,,,52.0,,,,73.0,,,,,,,,14.0,,,,,,,1308.0,7.88,,,,6.0,,PIT_EDGE_02,EDGE,,,,141.0,,,35.0,,,,,1,,,,,,98.0,,,,,47.0,,,,0,2299.0,61.0,,137.0,,,18.0,,,,468.0,,,,,,,
73.0,3.0,,,,,REGULAR_SEASON,,,,,,,,Gavin McGlinchey,,,,,,,,,,,,,,,4.0,,,,46.0,,,,56.0,,,,,,,,8.0,,,,,,,1127.0,6.18,,,,5.0,,PIT_EDGE_01,EDGE,,,,95.0,,,31.0,,,,,1,,,,,,76.0,,,,,11.0,,,,0,1983.0,51.0,,124.0,,,25.0,,,,413.0,,,,,,,
132.0,10.0,,,,,REGULAR_SEASON,,,,,,,,Hayes Bancroft,,,,,,,,,,,,,,,6.0,,,,83.0,,,,115.0,,,,,,,,19.0,,,,,,,2046.0,11.56,,,,14.0,,PIT_EDGE_05,EDGE,,,,196.0,,,51.0,,,,,0,,,,,,132.0,,,,,36.0,,,,0,3604.0,102.0,,234.0,,,48.0,,,,827.0,,,,,,,
127.0,16.0,,,,,REGULAR_SEASON,,,,,,,,Ashton Sorrentino,,,,,,,,,,,,,,,9.0,,,,85.0,,,,95.0,,,,,,,,22.0,,,,,,,2132.0,10.14,,,,27.0,,PIT_EDGE_04,EDGE,,,,168.0,,,57.0,,,,,1,,,,,,106.0,,,,,21.0,,,,0,3751.0,102.0,,229.0,,,40.0,,,,834.0,,,,,,,
117.0,9.0,,,,,REGULAR_SEASON,,,,,,,,Yosef Drayton,,,,,,,,,,,,,,,11.0,,,,76.0,,,,90.0,,,,,,,,16.0,,,,,,,1661.0,10.98,,,,22.0,,PIT_DT_02,DT,,,,154.0,,,40.0,,,,,1,,,,,,153.0,,,,,31.0,,,,0,2921.0,85.0,,202.0,,,32.0,,,,773.0,,,,,,,
139.0,13.0,,,,,REGULAR_SEASON,,,,,,,,Otis Stinnie,,,,,,,,,,,,,,,8.0,,,,95.0,,,,114.0,,,,,,,,19.0,,,,,,,2017.0,13.77,,,,20.0,,PIT_DT_01,DT,,,,172.0,,,43.0,,,,,0,,,,,,151.0,,,,,17.0,,,,0,3558.0,112.0,,251.0,,,37.0,,,,929.0,,,,,,,
114.0,13.0,,,,,REGULAR_SEASON,,,,,,,,Tarik McCandless,,,,,,,,,,,,,,,4.0,,,,78.0,,,,86.0,,,,,,,,16.0,,,,,,,1664.0,11.52,,,,13.0,,PIT_DT_05,DT,,,,147.0,,,37.0,,,,,1,,,,,,139.0,,,,,27.0,,,,0,2940.0,88.0,,202.0,,,37.0,,,,701.0,,,,,,,
,,,514.0,,,REGULAR_SEASON,,,,2942.0,,,,Norwood Courtland,,,,,,,,,,,,,,,,80.0,,,84.0,,,,,,,,8.0,,,,37.0,,,,,,56.0,,,,,7210.5,19.0,,PIT_LB_01,LB,,,,70.0,,,,,175.0,,,1,,,,,,50.0,,,,,10.0,,,,0,3820.0,279.0,,442.0,270.0,15.0,83.0,,,,805.0,,,,,2056.0,,59.0
,,,591.0,,,REGULAR_SEASON,,,,3300.0,,,,Maurice Vosburgh,,,,,,,,,,,,,,,,75.0,,,95.0,,,,,,,,7.0,,,,51.0,,,,,,48.0,,,,,7124.3,25.0,,PIT_LB_02,LB,,,,59.0,,,,,175.0,,,0,,,,,,69.0,,,,,10.0,,,,0,4294.0,335.0,,530.0,315.0,5.0,80.0,,,,879.0,,,,,2223.0,,65.36
,,,7.0,,,REGULAR_SEASON,,,,37.0,,,,Maurice Pastrana,,,,,,,,,,,,,,,,0.0,,,1.0,,,,,,,,0.0,,,,0.0,,,,,,0.0,,,,,114.6,0.0,,PIT_LB_05,LB,,,,1.0,,,,,2.0,,,1,,,,,,0.0,,,,,0.0,,,,0,48.0,2.0,,4.0,4.0,1.0,0.0,,,,5.0,,,,,30.0,,0.81
,,,,,,REGULAR_SEASON,,,,2660.0,,,,Rhys Lucchese,,,,,,,,,,,,,,,,44.0,,,70.0,,,,,,,,7.0,,,,27.0,,,,,,27.0,,,,,5823.9,19.0,,PIT_CB_03,CB,,,,,,,,,157.0,,,0,,,,,,42.0,,,,,,,,,0,3450.0,177.0,,289.0,256.0,15.0,,,,,707.0,,,,,1723.0,,45.88
,,,,,,REGULAR_SEASON,,,,2892.0,,,,Chase Tillotson,,,,,,,,,,,,,,,,60.0,,,76.0,,,,,,,,6.0,,,,28.0,,,,,,33.0,,,,,5903.1,27.0,,PIT_CB_02,CB,,,,,,,,,166.0,,,1,,,,,,48.0,,,,,,,,,0,3750.0,180.0,,293.0,300.0,12.0,,,,,704.0,,,,,1966.0,,51.91
,,,,,,REGULAR_SEASON,,,,2411.0,,,,Wallace Vasher,,,,,,,,,,,,,,,,36.0,,,63.0,,,,,,,,6.0,,,,25.0,,,,,,17.0,,,,,4994.0,12.0,,PIT_CB_01,CB,,,,,,,,,143.0,,,1,,,,,,49.0,,,,,,,,,0,3126.0,155.0,,257.0,242.0,11.0,,,,,613.0,,,,,1655.0,,43.47
,,,,,,REGULAR_SEASON,,,,3084.0,,,,Uriah Faulkner,,,,,,,,,,,,,,,,56.0,,,81.0,,,,,,,,3.0,,,,29.0,,,,,,31.0,,,,,6587.3,19.0,,PIT_CB_05,CB,,,,,,,,,175.0,,,1,,,,,,57.0,,,,,,,,,0,4000.0,171.0,,295.0,295.0,15.0,,,,,792.0,,,,,1944.0,,51.87
,,,,,,REGULAR_SEASON,,,,4088.0,,,,Jarrett Killebrew,,,,,,,,,,,,,,,,60.0,,,102.0,,,,,,,,2.0,,,,53.0,,,,,,30.0,,,,,8643.2,24.0,,PIT_S_01,S,,,,,,,,,243.0,,,1,,,,,,66.0,,,,,,,,,0,5299.0,253.0,,424.0,397.0,15.0,,,,,945.0,,,,,2904.0,,73.58
,,,,,,REGULAR_SEASON,,,,1919.0,,,,Otto Selvie,,,,,,,,,,,,,,,,34.0,,,48.0,,,,,,,,0.0,,,,18.0,,,,,,23.0,,,,,3939.8,17.0,,PIT_S_02,S,,,,,,,,,92.0,,,1,,,,,,28.0,,,,,,,,,0,2487.0,118.0,,195.0,145.0,4.0,,,,,455.0,,,,,1104.0,,27.76
,,,,,,REGULAR_SEASON,,,,1910.0,,,,Teagan Valentino,,,,,,,,,,,,,,,,25.0,,,48.0,,,,,,,,0.0,,,,25.0,,,,,,17.0,,,,,4558.8,18.0,,PIT_S_03,S,,,,,,,,,120.0,,,0,,,,,,31.0,,,,,,,,,0,2475.0,111.0,,191.0,194.0,13.0,,,,,472.0,,,,,1417.0,,35.77
,,,,,,REGULAR_SEASON,,,,,,,,Pierce Kortright,,,,98.0,33.0,25.0,17.0,21.0,76.0,30.0,22.0,12.0,19.0,,,,,,71.0,,6.0,,,,,,,275.0,,2376.0,,,,,,,,,,,,,,,PIT_K_01,K,,,,,,,,,,,,0,,,,,,,,,,,,,,,0,426.0,,,,,,,,190.0,,659.0,132.0,129.0,,,,,
,,,,,,REGULAR_SEASON,,,,,,,,Onyx Stoutland,,,,,,,,,,,,,,,,,,,97.0,15954.0,,,,,44.0,124.0,,,5334.0,,,,14394.0,,,,,,,,,,,,PIT_P_01,P,,,,,,342.0,,,,,,0,1560.0,,,,,,,,,,,,,,0,485.0,,,,,,,,29.0,,994.0,,,,,,,
,,,,,,REGULAR_SEASON,,,,,,,,Damon Lilliard,,,,,,,,,,,,,,,,,,,3.0,,,0.0,,4.0,,,,,,,,,,,280.0,109.0,,,,,,,1.0,,TEN_C_02,C,,,,,5.0,,,,,,,1,,,11.0,88.0,36.0,,,,,,,1.0,,,0,197.0,,3.0,,,,,,,,16.0,,,,,,,
142.0,16.0,,,,,REGULAR_SEASON,,,,,,,,Trey Rudolph,,,,,,,,,,,,,,,9.0,,,,97.0,,,,121.0,,,,,,,,33.0,,,,,,,2395.0,12.55,,,,17.0,,TEN_EDGE_04,EDGE,,,,205.0,,,64.0,,,,,0,,,,,,149.0,,,,,28.0,,,,0,4225.0,116.0,,258.0,,,31.0,,,,928.0,,,,,,,
,,137.0,,,1320.0,REGULAR_SEASON,1245.0,,,,216.0,85.0,,Kenji Woodhead,,71.0,,,,,,,,,,,,600.0,,,8.0,1.0,58.0,,,,,,,,63.0,,,,,,,1915.0,,,,,,57.0,13782.0,,,453.0,HOU_QB_01,QB,595.0,241.0,2127.0,,,,,,,,,1,,,,,,,204.0,,767.0,898.0,,,131.0,123.0,0,3643.0,,58.0,,,,,101.0,,106.0,609.0,,,,,,,
,,,,,,REGULAR_SEASON,,,,,,,,Ulises Nunnally,,,,,,,,,,,,,,,,,,,7.0,,,3.0,,4.0,,,,,,,,,,,647.4,249.0,,,,,,,4.0,,HOU_OG_03,OG,,,,,9.0,,,,,,,0,,,16.0,204.0,89.0,,,,,,,4.0,,,0,453.0,,7.0,,,,,,,,80.0,,,,,,,
,,,,,,REGULAR_SEASON,,,,115.0,,,,Esteban Twyman,,,,,,,,,,,,,,,,3.0,,,3.0,,,,,,,,0.0,,,,1.0,,,,,,1.0,,,,,348.7,1.0,,HOU_CB_06,CB,,,,,,,,,11.0,,,1,,,,,,2.0,,,,,,,,,0,150.0,6.0,,10.0,12.0,1.0,,,,,16.0,,,,,105.0,,2.67
,,,,,,REGULAR_SEASON,,,,2624.0,,,,Shea Kirkpatrick,,,,,,,,,,,,,,,,42.0,,,66.0,,,,,,,,0.0,,,,26.0,,,,,,24.0,,,,,5533.6,22.0,,HOU_S_04,S,,,,,,,,,164.0,,,1,,,,,,34.0,,,,,,,,,0,3401.0,148.0,,252.0,262.0,9.0,,,,,657.0,,,,,1895.0,,47.87
,,,,,,REGULAR_SEASON,,,,1790.0,,,,Fritz Roscoe,,,,,,,,,,,,,,,,19.0,,,45.0,,,,,,,,1.0,,,,30.0,,,,,,7.0,,,,,3785.8,14.0,,JAX_S_03,S,,,,,,,,,116.0,,,0,,,,,,34.0,,,,,,,,,0,2322.0,118.0,,189.0,200.0,11.0,,,,,444.0,,,,,1280.0,,32.01
,,,,,,REGULAR_SEASON,,,,,,,,Hampton Brockman,,,,,,,,,,,,,,,,,,,99.0,,,33.0,,96.0,,,,,,,,,,,9280.7,3604.0,,,,,,,42.0,,IND_OG_01,OG,,,,,152.0,,,,,,,0,,,201.0,2918.0,1288.0,,,,,,,30.0,,,0,6522.0,,99.0,,,,,,,,959.0,,,,,,,
18.0,4.0,,,,,REGULAR_SEASON,,,,,,,,Gunner Schmitz,,,,,,,,,,,,,,,1.0,,,,11.0,,,,15.0,,,,,,,,3.0,,,,,,,274.0,1.5,,,,5.0,,IND_EDGE_05,EDGE,,,,23.0,,,6.0,,,,,1,,,,,,18.0,,,,,2.0,,,,0,479.0,14.0,,32.0,,,2.0,,,,101.0,,,,,,,
14.0,1.0,,,,,REGULAR_SEASON,,,,,,,,Yardley Fowler,,,,,,,,,,,,,,,3.0,,,,9.0,,,,10.0,,,,,,,,2.0,,,,,,,199.0,1.33,,,,1.0,,IND_DT_03,DT,,,,19.0,,,6.0,,,,,0,,,,,,17.0,,,,,3.0,,,,0,348.0,10.0,,24.0,,,4.0,,,,93.0,,,,,,,
,,,458.0,,,REGULAR_SEASON,,,,2723.0,,,,Fletcher Killebrew,,,,,,,,,,,,,,,,45.0,,,78.0,,,,,,,,9.0,,,,49.0,,,,,,21.0,,,,,6570.9,17.0,,IND_LB_01,LB,,,,61.0,,,,,206.0,,,0,,,,,,56.0,,,,,12.0,,,,0,3539.0,286.0,,453.0,321.0,19.0,55.0,,,,726.0,,,,,2479.0,,72.18
,,,,,,REGULAR_SEASON,,0.0,1.0,,,,0.0,Fletcher Oluokun,0.0,,,,,,,,,,,,,0.0,,,,,3.0,,,,,,,,,,,,,1.0,,,,,,,,,,,,,LAC_TE_03,TE,,,,,,,,3.0,,,34.0,1,,100.0,,34.0,,,,,,,,,,,0,118.0,,,,6.0,,,,,,18.0,,,14.0,,,,
6.0,1.0,,,,,REGULAR_SEASON,,,,,,,,Xander Mathurin,,,,,,,,,,,,,,,0.0,,,,5.0,,,,8.0,,,,,,,,2.0,,,,,,,101.0,0.67,,,,3.0,,LAC_DT_05,DT,,,,10.0,,,2.0,,,,,1,,,,,,12.0,,,,,0.0,,,,0,181.0,5.0,,11.0,,,1.0,,,,35.0,,,,,,,
,,,,,,REGULAR_SEASON,,,,935.0,,,,Heath Schreiber,,,,,,,,,,,,,,,,12.0,,,24.0,,,,,,,,0.0,,,,8.0,,,,,,6.0,,,,,2218.8,8.0,,LAC_CB_05,CB,,,,,,,,,75.0,,,1,,,,,,20.0,,,,,,,,,0,1211.0,48.0,,85.0,106.0,5.0,,,,,213.0,,,,,793.0,,20.21
,,,,,,REGULAR_SEASON,,,,192.0,,,,Jabril Fitzhugh,,,,,,,,,,,,,,,,3.0,,,5.0,,,,,,,,0.0,,,,3.0,,,,,,0.0,,,,,468.8,1.0,,LAC_S_03,S,,,,,,,,,12.0,,,1,,,,,,3.0,,,,,,,,,0,249.0,9.0,,18.0,19.0,1.0,,,,,47.0,,,,,157.0,,4.08
,,,,,,REGULAR_SEASON,,,,2400.0,,,,Kenzo Callender,,,,,,,,,,,,,,,,36.0,,,64.0,,,,,,,,7.0,,,,25.0,,,,,,18.0,,,,,4779.1,17.0,,DAL_CB_04,CB,,,,,,,,,151.0,,,1,,,,,,44.0,,,,,,,,,0,3115.0,150.0,,252.0,267.0,9.0,,,,,631.0,,,,,1693.0,,45.89
1.0,0.0,,,,,REGULAR_SEASON,,,,,,,,Duncan Monfort,,,,,,,,,,,,,,,0.0,,,,1.0,,,,2.0,,,,,,,,0.0,,,,,,,20.0,0.15,,,,0.0,,PHI_DT_04,DT,,,,3.0,,,1.0,,,,,0,,,,,,2.0,,,,,0.0,,,,0,35.0,0.0,,1.0,,,0.0,,,,5.0,,,,,,,
,,,,,,REGULAR_SEASON,,,,2323.0,,,,Jamir Byrd,,,,,,,,,,,,,,,,42.0,,,59.0,,,,,,,,4.0,,,,29.0,,,,,,27.0,,,,,4661.8,16.0,,PHI_S_01,S,,,,,,,,,129.0,,,1,,,,,,48.0,,,,,,,,,0,3010.0,138.0,,234.0,221.0,8.0,,,,,544.0,,,,,1440.0,,36.59
,,,,,,REGULAR_SEASON,,25.0,56.0,,,,42.0,Hakeem Hunnicutt,17.0,,,,,,,,,,,,,44.0,,,,,76.0,,,,,,,,,,,,,32.0,,,,,,,,,,,,,MIN_WR_05,WR,,,,,,,,161.0,,9.0,2096.0,0,,2805.0,,959.0,,,,,,,,,,,0,3306.0,,,,311.0,,,,,,706.0,,,833.0,,,,
,,,,,,REGULAR_SEASON,,,,,,,,Tyree Shanahan,,,,,,,,,,,,,,,,,,,1.0,,,1.0,,0.0,,,,,,,,,,,97.1,34.0,,,,,,,1.0,,MIN_C_02,C,,,,,1.0,,,,,,,1,,,2.0,27.0,4.0,,,,,,,0.0,,,0,61.0,,1.0,,,,,,,,5.0,,,,,,,
12.0,3.0,,,,,REGULAR_SEASON,,,,,,,,Cassian Holliday,,,,,,,,,,,,,,,0.0,,,,11.0,,,,15.0,,,,,,,,1.0,,,,,,,272.0,1.45,,,,3.0,,MIN_EDGE_05,EDGE,,,,20.0,,,5.0,,,,,1,,,,,,11.0,,,,,0.0,,,,0,479.0,9.0,,21.0,,,3.0,,,,90.0,,,,,,,
,,,,,,REGULAR_SEASON,,,,40.0,,,,Tristan Lyerly,,,,,,,,,,,,,,,,1.0,,,1.0,,,,,,,,0.0,,,,0.0,,,,,,1.0,,,,,96.5,0.0,,MIN_CB_06,CB,,,,,,,,,4.0,,,1,,,,,,0.0,,,,,,,,,0,52.0,0.0,,0.0,6.0,0.0,,,,,5.0,,,,,56.0,,1.4
,,,,,,REGULAR_SEASON,,,,244.0,,,,Barrett Adeyemi,,,,,,,,,,,,,,,,4.0,,,6.0,,,,,,,,0.0,,,,3.0,,,,,,3.0,,,,,556.3,2.0,,MIN_S_04,S,,,,,,,,,13.0,,,1,,,,,,3.0,,,,,,,,,0,316.0,20.0,,31.0,18.0,0.0,,,,,41.0,,,,,158.0,,3.8
145.0,10.0,,,,,REGULAR_SEASON,,,,,,,,Jamir Dettmer,,,,,,,,,,,,,,,5.0,,,,89.0,,,,126.0,,,,,,,,16.0,,,,,,,2196.0,13.07,,,,23.0,,CAR_EDGE_03,EDGE,,,,205.0,,,51.0,,,,,0,,,,,,155.0,,,,,43.0,,,,0,3868.0,123.0,,268.0,,,45.0,,,,863.0,,,,,,,
,,,,,,REGULAR_SEASON,,31.0,75.0,,,,57.0,Nehemiah Tranquill,17.0,,,,,,,,,,,,,96.0,,,,,47.0,,,,,,,,,,,,,23.0,,,,,,,,,,,,,TB_WR_03,WR,,,,,,,,237.0,,16.0,2771.0,1,,1722.0,,585.0,,,,,,,,,,,0,2032.0,,,,401.0,,,,,,457.0,,,1140.0,,,,
,,119.0,,,963.0,REGULAR_SEASON,881.0,,,,146.0,61.0,,Radcliffe Guilford,,58.0,,,,,,,,,,,,407.0,,,4.0,1.0,42.0,,,,,,,,31.0,,,,,,,1379.0,,,,,,74.0,10176.0,,,322.0,SF_QB_02,QB,416.0,180.0,1565.0,,,,,,,,,0,,,,,,,159.0,,651.0,525.0,,,78.0,95.0,0,2640.0,,42.0,,,,,74.0,,55.0,362.0,,,,,,,
132.0,17.0,,,,,REGULAR_SEASON,,,,,,,,Vernon Bordelon,,,,,,,,,,,,,,,5.0,,,,84.0,,,,113.0,,,,,,,,21.0,,,,,,,2073.0,11.59,,,,18.0,,SF_EDGE_03,EDGE,,,,189.0,,,57.0,,,,,0,,,,,,120.0,,,,,23.0,,,,0,3650.0,114.0,,246.0,,,41.0,,,,779.0,,,,,,,
,,,3.0,,,REGULAR_SEASON,,,,25.0,,,,Andre Paddock,,,,,,,,,,,,,,,,1.0,,,1.0,,,,,,,,0.0,,,,0.0,,,,,,1.0,,,,,148.8,0.0,,SF_LB_03,LB,,,,0.0,,,,,4.0,,,1,,,,,,2.0,,,,,0.0,,,,0,33.0,2.0,,3.0,5.0,1.0,1.0,,,,5.0,,,,,51.0,,2.04
,,,,,,REGULAR_SEASON,,,,664.0,,,,Kobe Kinlaw,,,,,,,,,,,,,,,,15.0,,,17.0,,,,,,,,0.0,,,,7.0,,,,,,6.0,,,,,1412.1,7.0,,SF_S_04,S,,,,,,,,,33.0,,,1,,,,,,12.0,,,,,,,,,0,863.0,36.0,,60.0,60.0,4.0,,,,,159.0,,,,,426.0,,10.88
,,,,,,REGULAR_SEASON,,,,,,,,Soren Grissom,,,,,,,,,,,,,,,,,,,53.0,,,17.0,,52.0,,,,,,,,,,,4953.6,1918.0,,,,,,,31.0,,SEA_OT_01,OT,,,,,84.0,,,,,,,1,,,114.0,1557.0,678.0,,,,,,,17.0,,,0,3475.0,,53.0,,,,,,,,528.0,,,,,,,
32.0,4.0,,,,,REGULAR_SEASON,,,,,,,,Warrick Sokolowski,,,,,,,,,,,,,,,1.0,,,,25.0,,,,14.0,,,,,,,,6.0,,,,,,,529.0,3.1,,,,7.0,,BAL_DT_04,DT,,,,32.0,,,11.0,,,,,1,,,,,,28.0,,,,,8.0,,,,0,936.0,22.0,,54.0,,,6.0,,,,260.0,,,,,,,
,,,,,,REGULAR_SEASON,,,,2661.0,,,,Wendell Lowery,,,,,,,,,,,,,,,,38.0,,,66.0,,,,,,,,0.0,,,,33.0,,,,,,15.0,,,,,6049.3,22.0,,BAL_S_01,S,,,,,,,,,178.0,,,1,,,,,,52.0,,,,,,,,,0,3450.0,154.0,,258.0,284.0,15.0,,,,,647.0,,,,,2097.0,,52.51
,,,,,,REGULAR_SEASON,,,,,,,,Quentin Coulombe,,,,,,,,,,,,,,,,,,,92.0,15120.0,,,,,55.0,132.0,,,4974.0,,,,13680.0,,,,,,,,,,,,BAL_P_01,P,,,,,,323.0,,,,,,0,1440.0,,,,,,,,,,,,,,0,460.0,,,,,,,,31.0,,914.0,,,,,,,
4.0,1.0,,,,,REGULAR_SEASON,,,,,,,,Desmond Fulmer,,,,,,,,,,,,,,,0.0,,,,2.0,,,,5.0,,,,,,,,0.0,,,,,,,43.0,0.3,,,,0.0,,LAR_DT_04,DT,,,,5.0,,,0.0,,,,,1,,,,,,2.0,,,,,0.0,,,,0,76.0,3.0,,7.0,,,3.0,,,,10.0,,,,,,,
,,,,,,REGULAR_SEASON,,,,275.0,,,,Elian Zylstra,,,,,,,,,,,,,,,,6.0,,,7.0,,,,,,,,0.0,,,,6.0,,,,,,3.0,,,,,636.2,2.0,,LAR_S_03,S,,,,,,,,,26.0,,,1,,,,,,5.0,,,,,,,,,0,356.0,14.0,,24.0,37.0,0.0,,,,,56.0,,,,,282.0,,7.15
,,,,,,REGULAR_SEASON,,3.0,7.0,,,,2.0,Parker Hickenbotham,2.0,,,,,,,,,,,,,0.0,,,,,16.0,,,,,,,,,,,,,3.0,,,,,,,,,,,,,ATL_TE_03,TE,,,,,,,,14.0,,,224.0,1,,539.0,,185.0,,,,,,,,,,,0,637.0,,,,29.0,,,,,,161.0,,,89.0,,,,
,,,541.0,,,REGULAR_SEASON,,,,3237.0,,,,Jomari Debose,,,,,,,,,,,,,,,,48.0,,,93.0,,,,,,,,8.0,,,,41.0,,,,,,23.0,,,,,8018.7,26.0,,ATL_LB_04,LB,,,,57.0,,,,,242.0,,,0,,,,,,81.0,,,,,7.0,,,,0,4210.0,322.0,,511.0,391.0,25.0,46.0,,,,876.0,,,,,2615.0,,75.45
,,,,,,REGULAR_SEASON,,,,1527.0,,,,Mekai Gaddis,,,,,,,,,,,,,,,,37.0,,,40.0,,,,,,,,6.0,,,,14.0,,,,,,24.0,,,,,3667.4,11.0,,ATL_CB_04,CB,,,,,,,,,107.0,,,0,,,,,,30.0,,,,,,,,,0,1975.0,89.0,,149.0,157.0,9.0,,,,,371.0,,,,,1289.0,,33.88
,,,,,,REGULAR_SEASON,,,,3575.0,,,,Lonnie Bowersox,,,,,,,,,,,,,,,,54.0,,,90.0,,,,,,,,5.0,,,,38.0,,,,,,26.0,,,,,7540.5,24.0,,ATL_S_03,S,,,,,,,,,233.0,,,0,,,,,,71.0,,,,,,,,,0,4632.0,217.0,,363.0,396.0,21.0,,,,,881.0,,,,,2696.0,,67.94
28.0,1.0,,,,,REGULAR_SEASON,,,,,,,,Augustus Winchester,,,,,,,,,,,,,,,0.0,,,,18.0,,,,15.0,,,,,,,,5.0,,,,,,,371.0,2.02,,,,6.0,,WAS_DT_05,DT,,,,25.0,,,10.0,,,,,0,,,,,,25.0,,,,,2.0,,,,0,655.0,19.0,,47.0,,,6.0,,,,164.0,,,,,,,
,,,136.0,,,REGULAR_SEASON,,,,776.0,,,,Obadiah Dungy,,,,,,,,,,,,,,,,17.0,,,22.0,,,,,,,,1.0,,,,9.0,,,,,,5.0,,,,,1524.7,6.0,,WAS_LB_05,LB,,,,15.0,,,,,46.0,,,1,,,,,,16.0,,,,,6.0,,,,0,1012.0,84.0,,128.0,90.0,3.0,21.0,,,,192.0,,,,,430.0,,12.31
,,,,,,REGULAR_SEASON,,,,1363.0,,,,Zeke Legette,,,,,,,,,,,,,,,,19.0,,,35.0,,,,,,,,1.0,,,,13.0,,,,,,6.0,,,,,3385.3,10.0,,WAS_CB_06,CB,,,,,,,,,90.0,,,1,,,,,,26.0,,,,,,,,,0,1767.0,76.0,,132.0,140.0,13.0,,,,,329.0,,,,,1151.0,,29.77
,,,,,,REGULAR_SEASON,,12.0,33.0,,,,30.0,Benoit Magnusson,7.0,,,,,,,,,,,,,35.0,,,,,26.0,,,,,,,,,,,,,10.0,,,,,,,,,,,,,MIA_TE_01,TE,,,,,,,,91.0,,,1151.0,0,,865.0,,295.0,,,,,,,,,,,0,1020.0,,,,165.0,,,,,,225.0,,,441.0,,,,
,,,,,,REGULAR_SEASON,,,,,,,,Torin Hagerty,,,,,,,,,,,,,,,,,,,3.0,,,3.0,,3.0,,,,,,,,,,,274.7,111.0,,,,,,,2.0,,MIA_OT_03,OT,,,,,7.0,,,,,,,1,,,7.0,90.0,40.0,,,,,,,1.0,,,0,201.0,,3.0,,,,,,,,18.0,,,,,,,
,,,,,,REGULAR_SEASON,,33.0,70.0,,,,61.0,Percival Ingold,25.0,,,,,,,,,,,,,134.0,,,,,60.0,,,,,,,,,,,,,39.0,,,,,,,,,,,,,CLE_WR_04,WR,,,,,,,,303.0,,15.0,3708.0,0,,2197.0,,749.0,,,,,,,,,,,0,2588.0,,,,505.0,,,,,,571.0,,,1459.0,,,,
130.0,14.0,,,,,REGULAR_SEASON,,,,,,,,Ajani Glenn,,,,,,,,,,,,,,,3.0,,,,88.0,,,,118.0,,,,,,,,21.0,,,,,,,1886.0,12.69,,,,17.0,,CLE_DT_04,DT,,,,183.0,,,46.0,,,,,0,,,,,,160.0,,,,,24.0,,,,0,3321.0,98.0,,228.0,,,44.0,,,,819.0,,,,,,,
142.0,12.0,,,,,REGULAR_SEASON,,,,,,,,Elian Ugwoegbu,,,,,,,,,,,,,,,11.0,,,,89.0,,,,99.0,,,,,,,,19.0,,,,,,,1866.0,12.48,,,,24.0,,CLE_DT_02,DT,,,,159.0,,,47.0,,,,,0,,,,,,144.0,,,,,18.0,,,,0,3293.0,108.0,,250.0,,,46.0,,,,866.0,,,,,,,
,,,,,,REGULAR_SEASON,,3.0,6.0,,,,3.0,Idris Kolodziej,2.0,,,,,,,,,,,,,0.0,,,,,18.0,,,,,,,,,,,,,5.0,,,,,,,,,,,,,NYG_TE_03,TE,,,,,,,,15.0,,,194.0,1,,622.0,,212.0,,,,,,,,,,,0,735.0,,,,30.0,,,,,,210.0,,,68.0,,,,
,,,,,,REGULAR_SEASON,,,,,,,,Hayes Hilliard,,,,,,,,,,,,,,,,,,,18.0,,,8.0,,15.0,,,,,,,,,,,1669.8,639.0,,,,,,,7.0,,ARI_OT_03,OT,,,,,29.0,,,,,,,0,,,54.0,522.0,208.0,,,,,,,7.0,,,0,1161.0,,18.0,,,,,,,,162.0,,,,,,,
67.0,6.0,,,,,REGULAR_SEASON,,,,,,,,Chandler Wentworth,,,,,,,,,,,,,,,1.0,,,,42.0,,,,56.0,,,,,,,,5.0,,,,,,,911.0,5.6,,,,8.0,,ARI_DT_03,DT,,,,75.0,,,15.0,,,,,0,,,,,,64.0,,,,,5.0,,,,0,1603.0,47.0,,114.0,,,16.0,,,,417.0,,,,,,,
,,,,,,REGULAR_SEASON,,,,2750.0,,,,Madden Noteboom,,,,,,,,,,,,,,,,41.0,,,73.0,,,,,,,,5.0,,,,36.0,,,,,,22.0,,,,,6050.5,22.0,,ARI_CB_03,CB,,,,,,,,,182.0,,,0,,,,,,57.0,,,,,,,,,0,3570.0,165.0,,282.0,305.0,10.0,,,,,704.0,,,,,2175.0,,58.3
,,,530.0,,,REGULAR_SEASON,,,,3095.0,,,,Quill Sudfeld,,,,,,,,,,,,,,,,51.0,,,89.0,,,,,,,,6.0,,,,71.0,,,,,,32.0,,,,,7842.9,27.0,,DET_LB_04,LB,,,,61.0,,,,,220.0,,,0,,,,,,62.0,,,,,9.0,,,,0,4026.0,312.0,,496.0,340.0,16.0,72.0,,,,857.0,,,,,2649.0,,76.53
,,,7.0,,,REGULAR_SEASON,,,,70.0,,,,Gunner Hopkins,,,,,,,,,,,,,,,,3.0,,,2.0,,,,,,,,0.0,,,,2.0,,,,,,1.0,,,,,147.9,0.0,,BUF_LB_03,LB,,,,2.0,,,,,6.0,,,1,,,,,,1.0,,,,,0.0,,,,0,91.0,4.0,,8.0,7.0,0.0,3.0,,,,12.0,,,,,60.0,,1.71
,,,,,,REGULAR_SEASON,,,,3601.0,,,,Leon Gaskins,,,,,,,,,,,,,,,,61.0,,,94.0,,,,,,,,7.0,,,,41.0,,,,,,32.0,,,,,8393.0,32.0,,BUF_CB_02,CB,,,,,,,,,260.0,,,0,,,,,,63.0,,,,,,,,,0,4672.0,219.0,,371.0,389.0,13.0,,,,,880.0,,,,,3062.0,,80.85
7.0,0.0,,,,,REGULAR_SEASON,,,,,,,,Stryker Shreve,,,,,,,,,,,,,,,0.0,,,,5.0,,,,5.0,,,,,,,,1.0,,,,,,,101.0,0.51,,,,1.0,,NE_DT_02,DT,,,,7.0,,,2.0,,,,,1,,,,,,6.0,,,,,0.0,,,,0,179.0,5.0,,12.0,,,2.0,,,,60.0,,,,,,,
104.0,6.0,,,,,REGULAR_SEASON,,,,,,,,Madden Lanphier,,,,,,,,,,,,,,,3.0,,,,64.0,,,,80.0,,,,,,,,17.0,,,,,,,1377.0,8.6,,,,15.0,,NYJ_DT_05,DT,,,,119.0,,,27.0,,,,,0,,,,,,96.0,,,,,16.0,,,,0,2421.0,80.0,,184.0,,,22.0,,,,573.0,,,,,,,
15.0,2.0,,,,,REGULAR_SEASON,,,,,,,,Yardley Cordray,,,,,,,,,,,,,,,1.0,,,,9.0,,,,3.0,,,,,,,,3.0,,,,,,,220.0,1.0,,,,1.0,,MIA_EDGE_05,EDGE,,,,10.0,,,5.0,,,,,1,,,,,,8.0,,,,,4.0,,,,0,390.0,9.0,,24.0,,,5.0,,,,85.0,,,,,,,
,,,,,,REGULAR_SEASON,,,,,,,,Jorel Crouch,,,,,,,,,,,,,,,,,,,15.0,,,1.0,,19.0,,,,,,,,,,,1387.3,551.0,,,,,,,8.0,,CLE_C_01,C,,,,,26.0,,,,,,,1,,,39.0,445.0,175.0,,,,,,,6.0,,,0,996.0,,15.0,,,,,,,,158.0,,,,,,,
125.0,10.0,,,,,REGULAR_SEASON,,,,,,,,Sherman Whitcomb,,,,,,,,,,,,,,,6.0,,,,79.0,,,,103.0,,,,,,,,28.0,,,,,,,1964.0,10.92,,,,17.0,,PIT_EDGE_03,EDGE,,,,173.0,,,52.0,,,,,0,,,,,,124.0,,,,,24.0,,,,0,3452.0,100.0,,225.0,,,38.0,,,,795.0,,,,,,,
116.0,12.0,,,,,REGULAR_SEASON,,,,,,,,Trace Tullis,,,,,,,,,,,,,,,3.0,,,,73.0,,,,94.0,,,,,,,,18.0,,,,,,,1554.0,10.39,,,,9.0,,PIT_DT_04,DT,,,,144.0,,,36.0,,,,,1,,,,,,130.0,,,,,19.0,,,,0,2739.0,95.0,,211.0,,,36.0,,,,680.0,,,,,,,
,,,600.0,,,REGULAR_SEASON,,,,3418.0,,,,Chandler Makinen,,,,,,,,,,,,,,,,76.0,,,97.0,,,,,,,,9.0,,,,54.0,,,,,,46.0,,,,,7541.3,17.0,,PIT_LB_04,LB,,,,64.0,,,,,193.0,,,0,,,,,,72.0,,,,,7.0,,,,0,4442.0,355.0,,553.0,342.0,15.0,87.0,,,,932.0,,,,,2324.0,,66.63
,,,,,,REGULAR_SEASON,,,,1901.0,,,,Murphy Mobley,,,,,,,,,,,,,,,,27.0,,,49.0,,,,,,,,5.0,,,,33.0,,,,,,11.0,,,,,3709.9,13.0,,PIT_CB_04,CB,,,,,,,,,117.0,,,0,,,,,,30.0,,,,,,,,,0,2465.0,109.0,,180.0,208.0,7.0,,,,,443.0,,,,,1254.0,,32.86
,,,17.0,,,REGULAR_SEASON,,,,99.0,,,,Gerard Rolle,,,,,,,,,,,,,,,,2.0,,,3.0,,,,,,,,1.0,,,,1.0,,,,,,1.0,,,,,221.0,0.0,,HOU_LB_04,LB,,,,4.0,,,,,9.0,,,1,,,,,,1.0,,,,,0.0,,,,0,129.0,8.0,,14.0,14.0,1.0,2.0,,,,20.0,,,,,67.0,,2.06
,,29.0,,,316.0,REGULAR_SEASON,284.0,,,,51.0,29.0,,Redmond Chappell,,21.0,,,,,,,,,,,,131.0,,,2.0,2.0,14.0,,,,,,,,14.0,,,,,,,451.0,,,,,,16.0,3264.0,,,103.0,GB_QB_02,QB,135.0,58.0,538.0,,,,,,,,,0,,,,,,,47.0,,170.0,176.0,,,26.0,28.0,0,902.0,,14.0,,,,,21.0,,27.0,127.0,,,,,,,
9.0,2.0,,,,,REGULAR_SEASON,,,,,,,,Theo Bradshaw,,,,,,,,,,,,,,,0.0,,,,6.0,,,,8.0,,,,,,,,0.0,,,,,,,120.0,0.85,,,,0.0,,DEN_DT_03,DT,,,,11.0,,,3.0,,,,,0,,,,,,11.0,,,,,0.0,,,,0,210.0,9.0,,18.0,,,3.0,,,,45.0,,,,,,,
,,,,,,REGULAR_SEASON,,19.0,36.0,,,,22.0,Yusuf Markham,10.0,,,,,,,,,,,,,35.0,,,,,29.0,,,,,,,,,,,,,15.0,,,,,,,,,,,,,IND_WR_05,WR,,,,,,,,91.0,,1.0,1192.0,1,,1061.0,,362.0,,,,,,,,,,,0,1250.0,,,,181.0,,,,,,248.0,,,486.0,,,,
,,,,,,REGULAR_SEASON,,,,,,,,Vance Dalrymple,,,,,,,,,,,,,,,,,,,9.0,,,5.0,,15.0,,,,,,,,,,,781.6,312.0,,,,,,,3.0,,IND_C_02,C,,,,,26.0,,,,,,,1,,,31.0,257.0,85.0,,,,,,,6.0,,,0,569.0,,9.0,,,,,,,,74.0,,,,,,,
,,,,,,REGULAR_SEASON,,,,,,,,Santiago Birchfield,,,,,,,,,,,,,,,,,,,26.0,,,9.0,,17.0,,,,,,,,,,,2444.0,924.0,,,,,,,24.0,,MIN_OT_04,OT,,,,,33.0,,,,,,,0,,,80.0,750.0,308.0,,,,,,,9.0,,,0,1674.0,,26.0,,,,,,,,207.0,,,,,,,
,,,43.0,,,REGULAR_SEASON,,,,244.0,,,,Landry Brody,,,,,,,,,,,,,,,,5.0,,,7.0,,,,,,,,1.0,,,,4.0,,,,,,2.0,,,,,504.6,1.0,,CHI_LB_05,LB,,,,2.0,,,,,14.0,,,1,,,,,,7.0,,,,,1.0,,,,0,317.0,24.0,,37.0,25.0,1.0,3.0,,,,62.0,,,,,112.0,,3.5
28.0,3.0,,,,,REGULAR_SEASON,,,,,,,,Kwame Veilleux,,,,,,,,,,,,,,,1.0,,,,16.0,,,,7.0,,,,,,,,3.0,,,,,,,330.0,1.51,,,,7.0,,NO_DT_05,DT,,,,18.0,,,7.0,,,,,1,,,,,,12.0,,,,,6.0,,,,0,580.0,25.0,,53.0,,,4.0,,,,160.0,,,,,,,
,,,,,,REGULAR_SEASON,,11.0,18.0,,,,23.0,Kenji Alfaro,10.0,,,,,,,,,,,,,11.0,,,,,74.0,,,,,,,,,,,,,27.0,,,,,,,,,,,,,PHI_TE_03,TE,,,,,,,,88.0,,,1172.0,0,,2485.0,,848.0,,,,,,,,,,,0,2938.0,,,,170.0,,,,,,694.0,,,464.0,,,,
,,,,,,REGULAR_SEASON,,2.0,4.0,,,,2.0,Nolan Shipley,2.0,,,,,,,,,,,,,1.0,,,,,14.0,,,,,,,,,,,,,4.0,,,,,,,,,,,,,JAX_WR_04,WR,,,,,,,,17.0,,,244.0,1,,490.0,,168.0,,,,,,,,,,,0,579.0,,,,34.0,,,,,,147.0,,,88.0,,,,
,,,,,,REGULAR_SEASON,,,,,,,,Onyx Sagapolutele,,,,,,,,,,,,,,,,,,,83.0,,,31.0,,86.0,,,,,,,,,,,7688.4,3022.0,,,,,,,49.0,,JAX_C_02,C,,,,,144.0,,,,,,,0,,,237.0,2449.0,989.0,,,,,,,31.0,,,0,5471.0,,83.0,,,,,,,,787.0,,,,,,,
20.0,3.0,,,,,REGULAR_SEASON,,,,,,,,Bruno Gainer,,,,,,,,,,,,,,,0.0,,,,14.0,,,,21.0,,,,,,,,1.0,,,,,,,340.0,2.02,,,,2.0,,JAX_EDGE_04,EDGE,,,,31.0,,,10.0,,,,,1,,,,,,22.0,,,,,1.0,,,,0,598.0,19.0,,39.0,,,5.0,,,,147.0,,,,,,,
,,,,,,REGULAR_SEASON,,,,,,,,Briggs Brody,,,,,,,,,,,,,,,,,,,38.0,,,11.0,,39.0,,,,,,,,,,,3500.5,1389.0,,,,,,,28.0,,KC_OG_03,OG,,,,,66.0,,,,,,,0,,,103.0,1124.0,458.0,,,,,,,17.0,,,0,2513.0,,38.0,,,,,,,,313.0,,,,,,,
34.0,3.0,,,,,REGULAR_SEASON,,,,,,,,Kenyon Turpin,,,,,,,,,,,,,,,2.0,,,,20.0,,,,21.0,,,,,,,,2.0,,,,,,,497.0,1.84,,,,4.0,,WAS_EDGE_04,EDGE,,,,31.0,,,8.0,,,,,1,,,,,,18.0,,,,,3.0,,,,0,878.0,26.0,,60.0,,,8.0,,,,185.0,,,,,,,
,,,380.0,,,REGULAR_SEASON,,,,2198.0,,,,Pascal Meacham,,,,,,,,,,,,,,,,48.0,,,63.0,,,,,,,,3.0,,,,31.0,,,,,,26.0,,,,,5537.9,8.0,,ARI_LB_02,LB,,,,45.0,,,,,146.0,,,1,,,,,,39.0,,,,,14.0,,,,0,2861.0,225.0,,354.0,226.0,14.0,47.0,,,,667.0,,,,,1757.0,,50.36
,,,,,,REGULAR_SEASON,,,,,,,,Gunnar Skowronek,,,,,,,,,,,,,,,,,,,75.0,,,21.0,,79.0,,,,,,,,,,,6988.8,2733.0,,,,,,,48.0,,LAC_OG_02,OG,,,,,124.0,,,,,,,1,,,175.0,2214.0,983.0,,,,,,,25.0,,,0,4947.0,,75.0,,,,,,,,805.0,,,,,,,
,,,,,,REGULAR_SEASON,,,,3920.0,,,,Rigby Delacruz,,,,,,,,,,,,,,,,80.0,,,98.0,,,,,,,,6.0,,,,31.0,,,,,,52.0,,,,,7522.1,23.0,,TB_S_02,S,,,,,,,,,199.0,,,0,,,,,,66.0,,,,,,,,,0,5081.0,239.0,,398.0,367.0,11.0,,,,,983.0,,,,,2207.0,,55.4
,,,,,,REGULAR_SEASON,,39.0,66.0,,,,39.0,Fenwick Fetterman,15.0,,,,,,,,,,,,,44.0,,,,,92.0,,,,,,,,,,,,,52.0,,,,,,,,,,,,,MIA_WR_02,WR,,,,,,,,171.0,,8.0,2352.0,0,,3372.0,,1149.0,,,,,,,,,,,0,3973.0,,,,326.0,,,,,,866.0,,,963.0,,,,
,,,,,,REGULAR_SEASON,,,,,,,,Kalen Chidozie,,,,,,,,,,,,,,,,,,,3.0,,,0.0,,2.0,,,,,,,,,,,293.9,111.0,,,,,,,3.0,,MIA_OG_04,OG,,,,,2.0,,,,,,,1,,,12.0,90.0,33.0,,,,,,,0.0,,,0,201.0,,3.0,,,,,,,,23.0,,,,,,,
,,,,,,REGULAR_SEASON,,,,,,,,Otto Aubert,,,,,,,,,,,,,,,,,,,1.0,,,0.0,,3.0,,,,,,,,,,,91.4,35.0,,,,,,,0.0,,MIA_OG_03,OG,,,,,3.0,,,,,,,1,,,2.0,29.0,10.0,,,,,,,0.0,,,0,64.0,,1.0,,,,,,,,7.0,,,,,,,
,,,,,,REGULAR_SEASON,,2.0,2.0,,,,1.0,Zeke Gradkowski,0.0,,,,,,,,,,,,,0.0,,,,,2.0,,,,,,,,,,,,,0.0,,,,,,,,,,,,,MIN_WR_06,WR,,,,,,,,2.0,,,36.0,1,,78.0,,26.0,,,,,,,,,,,0,91.0,,,,4.0,,,,,,14.0,,,11.0,,,,
,,,,,,REGULAR_SEASON,,,,,,,,Torin Ledbetter,,,,,,,,,,,,,,,,,,,2.0,,,2.0,,8.0,,,,,,,,,,,164.3,75.0,,,,,,,2.0,,DET_OT_03,OT,,,,,11.0,,,,,,,1,,,7.0,61.0,20.0,,,,,,,1.0,,,0,136.0,,2.0,,,,,,,,15.0,,,,,,,
,,,5.0,,,REGULAR_SEASON,,,,35.0,,,,Garland Driscoll,,,,,,,,,,,,,,,,1.0,,,1.0,,,,,,,,0.0,,,,0.0,,,,,,1.0,,,,,63.2,0.0,,DET_LB_03,LB,,,,1.0,,,,,1.0,,,1,,,,,,1.0,,,,,0.0,,,,0,45.0,4.0,,6.0,3.0,0.0,1.0,,,,7.0,,,,,24.0,,0.69
,,,,,,REGULAR_SEASON,,,,851.0,,,,Saul McKissic,,,,,,,,,,,,,,,,11.0,,,22.0,,,,,,,,2.0,,,,12.0,,,,,,7.0,,,,,2051.0,10.0,,PIT_CB_06,CB,,,,,,,,,64.0,,,1,,,,,,13.0,,,,,,,,,0,1101.0,52.0,,84.0,95.0,7.0,,,,,195.0,,,,,734.0,,19.14
,,,,,,REGULAR_SEASON,,0.0,0.0,,,,2.0,Peyson Burrage,0.0,,,,,,,,,,,,,0.0,,,,,3.0,,,,,,,,,,,,,1.0,,,,,,,,,,,,,IND_WR_06,WR,,,,,,,,3.0,,,46.0,1,,110.0,,37.0,,,,,,,,,,,0,131.0,,,,6.0,,,,,,22.0,,,21.0,,,,
,,,,,,REGULAR_SEASON,,,,,,,,Ohan Chidozie,,,,,,,,,,,,,,,,,,,13.0,,,8.0,,16.0,,,,,,,,,,,1213.6,469.0,,,,,,,14.0,,IND_OT_03,OT,,,,,26.0,,,,,,,0,,,43.0,378.0,152.0,,,,,,,2.0,,,0,847.0,,13.0,,,,,,,,147.0,,,,,,,
,,,,,,REGULAR_SEASON,,6.0,11.0,,,,13.0,Galen Twyman,2.0,,,,,,,,,,,,,6.0,,,,,33.0,,,,,,,,,,,,,13.0,,,,,,,,,,,,,DAL_WR_06,WR,,,,,,,,44.0,,,644.0,1,,1226.0,,419.0,,,,,,,,,,,0,1445.0,,,,86.0,,,,,,327.0,,,243.0,,,,
,,,,,,REGULAR_SEASON,,,,108.0,,,,Keon Deakins,,,,,,,,,,,,,,,,1.0,,,3.0,,,,,,,,0.0,,,,0.0,,,,,,0.0,,,,,205.2,2.0,,DAL_CB_06,CB,,,,,,,,,4.0,,,1,,,,,,1.0,,,,,,,,,0,140.0,6.0,,10.0,8.0,0.0,,,,,35.0,,,,,43.0,,1.13
,,,,,,REGULAR_SEASON,,,,2985.0,,,,Axel Timmerman,,,,,,,,,,,,,,,,61.0,,,80.0,,,,,,,,5.0,,,,32.0,,,,,,31.0,,,,,6410.0,18.0,,GB_CB_06,CB,,,,,,,,,170.0,,,0,,,,,,53.0,,,,,,,,,0,3878.0,194.0,,321.0,309.0,12.0,,,,,818.0,,,,,2073.0,,55.59
122.0,5.0,,,,,REGULAR_SEASON,,,,,,,,Zuri Farrow,,,,,,,,,,,,,,,2.0,,,,78.0,,,,93.0,,,,,,,,24.0,,,,,,,1653.0,11.22,,,,18.0,,PHI_DT_05,DT,,,,154.0,,,41.0,,,,,0,,,,,,141.0,,,,,25.0,,,,0,2910.0,98.0,,220.0,,,39.0,,,,719.0,,,,,,,
,,,,,,REGULAR_SEASON,,,,239.0,,,,Merle Piscopo,,,,,,,,,,,,,,,,3.0,,,6.0,,,,,,,,0.0,,,,1.0,,,,,,2.0,,,,,514.4,0.0,,SEA_S_03,S,,,,,,,,,15.0,,,1,,,,,,1.0,,,,,,,,,0,310.0,10.0,,16.0,25.0,1.0,,,,,51.0,,,,,203.0,,5.03
,,,,,,REGULAR_SEASON,,28.0,53.0,,,,52.0,Dante Kalapana,13.0,,,,,,,,,,,,,69.0,,,,,50.0,,,,,,,,,,,,,48.0,,,,,,,,,,,,,CLE_TE_01,TE,,,,,,,,172.0,,,2123.0,0,,1639.0,,557.0,,,,,,,,,,,0,1936.0,,,,315.0,,,,,,485.0,,,889.0,,,,
,,,,,,REGULAR_SEASON,,,,,,,,Juelz Prescott,,,,,,,,,,,,,,,,,,,68.0,,,41.0,,96.0,,,,,,,,,,,6163.5,2445.0,,,,,,,33.0,,ARI_OT_02,OT,,,,,162.0,,,,,,,0,,,184.0,1988.0,750.0,,,,,,,26.0,,,0,4433.0,,68.0,,,,,,,,637.0,,,,,,,
,,,,,,REGULAR_SEASON,,,,190.0,,,,Harlan Roache,,,,,,,,,,,,,,,,2.0,,,5.0,,,,,,,,0.0,,,,4.0,,,,,,0.0,,,,,432.9,4.0,,CAR_CB_05,CB,,,,,,,,,20.0,,,1,,,,,,4.0,,,,,,,,,0,248.0,11.0,,19.0,30.0,0.0,,,,,64.0,,,,,241.0,,6.33
,,,,,,REGULAR_SEASON,,,,,,,,Colton Buckner,,,,,,,,,,,,,,,,,,,49.0,,,15.0,,44.0,,,,,,,,,,,4529.9,1777.0,,,,,,,24.0,,NO_OG_02,OG,,,,,80.0,,,,,,,0,,,116.0,1438.0,605.0,,,,,,,22.0,,,0,3215.0,,49.0,,,,,,,,481.0,,,,,,,
,,,,,,REGULAR_SEASON,,,,262.0,,,,Clay Poindexter,,,,,,,,,,,,,,,,4.0,,,7.0,,,,,,,,0.0,,,,1.0,,,,,,1.0,,,,,585.5,1.0,,NO_CB_06,CB,,,,,,,,,23.0,,,1,,,,,,6.0,,,,,,,,,0,340.0,14.0,,25.0,37.0,0.0,,,,,70.0,,,,,250.0,,6.63
,,,,,,REGULAR_SEASON,,,,263.0,,,,Caleb Meacham,,,,,,,,,,,,,,,,4.0,,,7.0,,,,,,,,0.0,,,,2.0,,,,,,1.0,,,,,621.7,0.0,,JAX_CB_04,CB,,,,,,,,,27.0,,,1,,,,,,2.0,,,,,,,,,0,342.0,18.0,,29.0,39.0,1.0,,,,,70.0,,,,,289.0,,8.08
,,,,,,REGULAR_SEASON,,0.0,3.0,,,,4.0,Cade Crockett,2.0,,,,,,,,,,,,,0.0,,,,,8.0,,,,,,,,,,,,,6.0,,,,,,,,,,,,,TEN_WR_06,WR,,,,,,,,8.0,,,137.0,1,,288.0,,98.0,,,,,,,,,,,0,340.0,,,,17.0,,,,,,86.0,,,51.0,,,,
,,,,,,REGULAR_SEASON,,,,,,,,Forrest Chidozie,,,,,,,,,,,,,,,,,,,30.0,,,17.0,,53.0,,,,,,,,,,,2712.9,1092.0,,,,,,,16.0,,KC_OT_04,OT,,,,,79.0,,,,,,,0,,,96.0,883.0,339.0,,,,,,,10.0,,,0,1975.0,,30.0,,,,,,,,275.0,,,,,,,
,,,6.0,,,REGULAR_SEASON,,,,36.0,,,,Terrance Kenney,,,,,,,,,,,,,,,,1.0,,,1.0,,,,,,,,0.0,,,,0.0,,,,,,1.0,,,,,39.6,1.0,,TB_LB_04,LB,,,,0.0,,,,,0.0,,,1,,,,,,0.0,,,,,0.0,,,,0,47.0,2.0,,4.0,1.0,0.0,0.0,,,,8.0,,,,,0.0,,0.0
,,,,,,REGULAR_SEASON,,,,79.0,,,,Buck Grissom,,,,,,,,,,,,,,,,0.0,,,2.0,,,,,,,,0.0,,,,3.0,,,,,,0.0,,,,,206.9,1.0,,TB_CB_06,CB,,,,,,,,,6.0,,,1,,,,,,0.0,,,,,,,,,0,103.0,4.0,,7.0,9.0,0.0,,,,,17.0,,,,,97.0,,2.45
,,,,,,REGULAR_SEASON,,,,,,,,Wallace Roscoe,,,,,,,,,,,,,,,,,,,8.0,,,4.0,,9.0,,,,,,,,,,,748.3,292.0,,,,,,,3.0,,BUF_C_02,C,,,,,14.0,,,,,,,0,,,17.0,235.0,92.0,,,,,,,2.0,,,0,527.0,,8.0,,,,,,,,90.0,,,,,,,
16.0,1.0,,,,,REGULAR_SEASON,,,,,,,,Morgan Marsalis,,,,,,,,,,,,,,,1.0,,,,12.0,,,,20.0,,,,,,,,1.0,,,,,,,293.0,1.66,,,,2.0,,BUF_EDGE_03,EDGE,,,,23.0,,,1.0,,,,,1,,,,,,18.0,,,,,2.0,,,,0,517.0,11.0,,27.0,,,6.0,,,,103.0,,,,,,,
,,,,,,REGULAR_SEASON,,,,2870.0,,,,Brogan Diallo,,,,,,,,,,,,,,,,38.0,,,72.0,,,,,,,,1.0,,,,29.0,,,,,,16.0,,,,,6571.2,22.0,,BUF_S_03,S,,,,,,,,,202.0,,,0,,,,,,43.0,,,,,,,,,0,3722.0,168.0,,282.0,297.0,12.0,,,,,721.0,,,,,2408.0,,60.75
,,,,,,REGULAR_SEASON,,,,1096.0,,,,Javon Lessard,,,,,,,,,,,,,,,,21.0,,,29.0,,,,,,,,1.0,,,,12.0,,,,,,14.0,,,,,2448.0,6.0,,IND_CB_05,CB,,,,,,,,,65.0,,,1,,,,,,20.0,,,,,,,,,0,1422.0,64.0,,112.0,119.0,6.0,,,,,261.0,,,,,865.0,,22.79
,,,,,,REGULAR_SEASON,,,,,,,,Emeka Karras,,,,,,,,,,,,,,,,,,,2.0,,,3.0,,3.0,,,,,,,,,,,176.2,79.0,,,,,,,3.0,,NYG_OG_04,OG,,,,,7.0,,,,,,,1,,,8.0,64.0,26.0,,,,,,,1.0,,,0,143.0,,2.0,,,,,,,,17.0,,,,,,,
,,,,,,REGULAR_SEASON,,3.0,4.0,,,,3.0,Damon Sinnott,0.0,,,,,,,,,,,,,1.0,,,,,5.0,,,,,,,,,,,,,2.0,,,,,,,,,,,,,CHI_WR_04,WR,,,,,,,,7.0,,,97.0,1,,189.0,,63.0,,,,,,,,,,,0,223.0,,,,13.0,,,,,,49.0,,,37.0,,,,
,,,16.0,,,REGULAR_SEASON,,,,77.0,,,,Ashton Chatman,,,,,,,,,,,,,,,,1.0,,,2.0,,,,,,,,0.0,,,,3.0,,,,,,1.0,,,,,197.3,0.0,,CHI_LB_03,LB,,,,0.0,,,,,5.0,,,1,,,,,,2.0,,,,,0.0,,,,0,100.0,10.0,,15.0,8.0,1.0,1.0,,,,17.0,,,,,62.0,,1.62
,,,,,,REGULAR_SEASON,,,,79.0,,,,Stanton Broadwater,,,,,,,,,,,,,,,,0.0,,,2.0,,,,,,,,0.0,,,,1.0,,,,,,0.0,,,,,120.2,2.0,,CHI_CB_05,CB,,,,,,,,,4.0,,,1,,,,,,0.0,,,,,,,,,0,102.0,7.0,,12.0,11.0,0.0,,,,,22.0,,,,,34.0,,0.85
,,120.0,,,1080.0,REGULAR_SEASON,1024.0,,,,174.0,75.0,,Redmond Barsotti,,77.0,,,,,,,,,,,,486.0,,,10.0,7.0,48.0,,,,,,,,34.0,,,,,,,1557.0,,,,,,74.0,11062.0,,,361.0,PIT_QB_02,QB,477.0,196.0,1859.0,,,,,,,,,1,,,,,,,176.0,,816.0,787.0,,,119.0,117.0,0,3051.0,,48.0,,,,,83.0,,66.0,456.0,,,,,,,
,,,3.0,,,REGULAR_SEASON,,,,32.0,,,,Sullivan Minshew,,,,,,,,,,,,,,,,0.0,,,1.0,,,,,,,,0.0,,,,5.0,,,,,,0.0,,,,,153.3,1.0,,HOU_LB_05,LB,,,,0.0,,,,,7.0,,,1,,,,,,0.0,,,,,0.0,,,,0,42.0,7.0,,10.0,7.0,1.0,0.0,,,,8.0,,,,,79.0,,2.47
,,,,,,REGULAR_SEASON,,,,1472.0,,,,Arch Carrington,,,,,,,,,,,,,,,,16.0,,,38.0,,,,,,,,6.0,,,,18.0,,,,,,8.0,,,,,3003.4,9.0,,DET_CB_06,CB,,,,,,,,,89.0,,,1,,,,,,32.0,,,,,,,,,0,1909.0,92.0,,151.0,154.0,9.0,,,,,381.0,,,,,1028.0,,26.82
,,,,,,REGULAR_SEASON,,1.0,5.0,,,,7.0,Zamir Sandidge,4.0,,,,,,,,,,,,,0.0,,,,,21.0,,,,,,,,,,,,,10.0,,,,,,,,,,,,,SEA_WR_04,WR,,,,,,,,21.0,,,340.0,1,,776.0,,266.0,,,,,,,,,,,0,913.0,,,,43.0,,,,,,203.0,,,142.0,,,,
,,16.0,,,156.0,REGULAR_SEASON,133.0,,,,29.0,13.0,,Morgan Lombardo,,9.0,,,,,,,,,,,,59.0,,,1.0,1.0,7.0,,,,,,,,3.0,,,,,,,226.0,,,,,,5.0,1527.0,,,58.0,BUF_QB_02,QB,70.0,26.0,235.0,,,,,,,,,0,,,,,,,29.0,,132.0,157.0,,,21.0,15.0,0,454.0,,7.0,,,,,9.0,,14.0,49.0,,,,,,,
,,,,,,REGULAR_SEASON,,,,,,,,Keegan Brody,,,,,,,,,,,,,,,,,,,1.0,,,2.0,,3.0,,,,,,,,,,,86.8,38.0,,,,,,,0.0,,BUF_OG_04,OG,,,,,5.0,,,,,,,1,,,5.0,31.0,15.0,,,,,,,0.0,,,0,69.0,,1.0,,,,,,,,9.0,,,,,,,
8.0,1.0,,,,,REGULAR_SEASON,,,,,,,,Denzel Carmody,,,,,,,,,,,,,,,0.0,,,,4.0,,,,6.0,,,,,,,,0.0,,,,,,,80.0,0.57,,,,1.0,,NYG_DT_01,DT,,,,7.0,,,1.0,,,,,1,,,,,,8.0,,,,,0.0,,,,0,143.0,6.0,,14.0,,,2.0,,,,45.0,,,,,,,
,,,,,,REGULAR_SEASON,,,,,,,,Gage Willingham,,,,,,,,,,,,,,,,,,,4.0,,,0.0,,3.0,,,,,,,,,,,391.4,139.0,,,,,,,4.0,,PHI_OG_04,OG,,,,,3.0,,,,,,,1,,,9.0,114.0,37.0,,,,,,,0.0,,,0,253.0,,4.0,,,,,,,,39.0,,,,,,,
,,,,,,REGULAR_SEASON,,0.0,1.0,,,,0.0,Redmond McClurg,0.0,,,,,,,,,,,,,0.0,,,,,4.0,,,,,,,,,,,,,1.0,,,,,,,,,,,,,SF_TE_02,TE,,,,,,,,3.0,,,46.0,1,,132.0,,45.0,,,,,,,,,,,0,157.0,,,,6.0,,,,,,38.0,,,13.0,,,,
,,,,,,REGULAR_SEASON,,,,,,,,Easton Zenner,,,,,,,,,,,,,,,,,,,38.0,,,14.0,,32.0,,,,,,,,,,,3516.5,1390.0,,,,,,,20.0,,SF_C_02,C,,,,,61.0,,,,,,,1,,,98.0,1126.0,440.0,,,,,,,17.0,,,0,2516.0,,38.0,,,,,,,,407.0,,,,,,,
,,,,,,REGULAR_SEASON,,,,,,,,Jeremiah Moorhead,,,,,,,,,,,,,,,,,,,4.0,,,3.0,,8.0,,,,,,,,,,,359.6,139.0,,,,,,,3.0,,BAL_OT_04,OT,,,,,12.0,,,,,,,1,,,12.0,111.0,42.0,,,,,,,1.0,,,0,250.0,,4.0,,,,,,,,40.0,,,,,,,
,,,,,,REGULAR_SEASON,,,,317.0,,,,Elias Delacruz,,,,,,,,,,,,,,,,1.0,,,8.0,,,,,,,,1.0,,,,5.0,,,,,,0.0,,,,,554.2,3.0,,BAL_CB_04,CB,,,,,,,,,21.0,,,1,,,,,,3.0,,,,,,,,,0,410.0,20.0,,34.0,36.0,1.0,,,,,92.0,,,,,189.0,,4.75
,,,,,,REGULAR_SEASON,,,,,,,,Denzel Withersby,,,,,,,,,,,,,,,,,,,49.0,,,24.0,,49.0,,,,,,,,,,,4551.6,1779.0,,,,,,,45.0,,KC_C_02,C,,,,,87.0,,,,,,,0,,,126.0,1442.0,575.0,,,,,,,16.0,,,0,3221.0,,49.0,,,,,,,,499.0,,,,,,,
36.0,3.0,,,,,REGULAR_SEASON,,,,,,,,Antoine Warrick,,,,,,,,,,,,,,,2.0,,,,22.0,,,,18.0,,,,,,,,4.0,,,,,,,476.0,2.93,,,,6.0,,KC_DT_04,DT,,,,39.0,,,16.0,,,,,1,,,,,,30.0,,,,,6.0,,,,0,847.0,26.0,,62.0,,,14.0,,,,222.0,,,,,,,
,,,,,,REGULAR_SEASON,,52.0,107.0,,,,108.0,Bronson Ulbrich,32.0,,,,,,,,,,,,,165.0,,,,,90.0,,,,,,,,,,,,,69.0,,,,,,,,,,,,,CAR_WR_06,WR,,,,,,,,404.0,,22.0,5185.0,0,,3260.0,,1114.0,,,,,,,,,,,0,3850.0,,,,683.0,,,,,,859.0,,,2226.0,,,,
,,,,,,REGULAR_SEASON,,,,83.0,,,,Luka Bandele,,,,,,,,,,,,,,,,0.0,,,2.0,,,,,,,,0.0,,,,1.0,,,,,,0.0,,,,,245.8,1.0,,CAR_S_04,S,,,,,,,,,7.0,,,1,,,,,,0.0,,,,,,,,,0,108.0,4.0,,8.0,9.0,2.0,,,,,18.0,,,,,93.0,,2.24
63.0,7.0,,,,,REGULAR_SEASON,,,,,,,,Vaughn Minshew,,,,,,,,,,,,,,,2.0,,,,41.0,,,,44.0,,,,,,,,15.0,,,,,,,1002.0,4.17,,,,7.0,,NE_EDGE_05,EDGE,,,,66.0,,,17.0,,,,,1,,,,,,39.0,,,,,12.0,,,,0,1765.0,50.0,,113.0,,,14.0,,,,399.0,,,,,,,
18.0,1.0,,,,,REGULAR_SEASON,,,,,,,,Asa Onwuasor,,,,,,,,,,,,,,,0.0,,,,10.0,,,,8.0,,,,,,,,4.0,,,,,,,242.0,1.41,,,,1.0,,CLE_EDGE_04,EDGE,,,,17.0,,,9.0,,,,,1,,,,,,14.0,,,,,1.0,,,,0,426.0,15.0,,33.0,,,7.0,,,,115.0,,,,,,,
,,,,,,REGULAR_SEASON,,,,2128.0,,,,Rashad Elmore,,,,,,,,,,,,,,,,32.0,,,57.0,,,,,,,,2.0,,,,17.0,,,,,,17.0,,,,,4885.1,23.0,,CIN_CB_04,CB,,,,,,,,,142.0,,,1,,,,,,48.0,,,,,,,,,0,2767.0,136.0,,227.0,245.0,14.0,,,,,528.0,,,,,1817.0,,49.13
,,,,,,REGULAR_SEASON,,,,,,,,Larkin Brasher,,,,,,,,,,,,,,,,,,,9.0,,,2.0,,19.0,,,,,,,,,,,806.5,329.0,,,,,,,6.0,,TEN_OT_02,OT,,,,,25.0,,,,,,,1,,,32.0,266.0,95.0,,,,,,,4.0,,,0,595.0,,9.0,,,,,,,,109.0,,,,,,,
129.0,18.0,,,,,REGULAR_SEASON,,,,,,,,Whitaker Gerhardt,,,,,,,,,,,,,,,5.0,,,,82.0,,,,86.0,,,,,,,,24.0,,,,,,,1745.0,10.43,,,,17.0,,ATL_DT_04,DT,,,,147.0,,,43.0,,,,,0,,,,,,117.0,,,,,23.0,,,,0,3073.0,102.0,,231.0,,,33.0,,,,779.0,,,,,,,
,,,,,,REGULAR_SEASON,,1.0,3.0,,,,1.0,Malcolm Faulkner,0.0,,,,,,,,,,,,,0.0,,,,,4.0,,,,,,,,,,,,,1.0,,,,,,,,,,,,,IND_TE_03,TE,,,,,,,,4.0,,,63.0,1,,144.0,,49.0,,,,,,,,,,,0,169.0,,,,7.0,,,,,,40.0,,,25.0,,,,
,,,,,,REGULAR_SEASON,,,,3150.0,,,,Salem Dillard,,,,,,,,,,,,,,,,49.0,,,82.0,,,,,,,,9.0,,,,38.0,,,,,,24.0,,,,,6667.4,33.0,,DET_CB_04,CB,,,,,,,,,207.0,,,0,,,,,,41.0,,,,,,,,,0,4086.0,206.0,,344.0,339.0,20.0,,,,,816.0,,,,,2246.0,,59.18
,,,,,,REGULAR_SEASON,,49.0,135.0,,,,94.0,Diallo Priestley,33.0,,,,,,,,,,,,,160.0,,,,,83.0,,,,,,,,,,,,,45.0,,,,,,,,,,,,,PIT_WR_06,WR,,,,,,,,385.0,,23.0,4478.0,0,,3004.0,,1026.0,,,,,,,,,,,0,3547.0,,,,668.0,,,,,,780.0,,,1852.0,,,,
,,,,,,REGULAR_SEASON,,,,,,,,Stone Bowersox,,,,,,,,,,,,,,,,,,,9.0,,,4.0,,11.0,,,,,,,,,,,850.4,330.0,,,,,,,4.0,,TEN_OG_02,OG,,,,,16.0,,,,,,,1,,,21.0,269.0,105.0,,,,,,,1.0,,,0,599.0,,9.0,,,,,,,,115.0,,,,,,,
,,,,,,REGULAR_SEASON,,0.0,1.0,,,,2.0,Fitz Ayers,0.0,,,,,,,,,,,,,0.0,,,,,4.0,,,,,,,,,,,,,1.0,,,,,,,,,,,,,LAC_WR_04,WR,,,,,,,,4.0,,,67.0,1,,151.0,,52.0,,,,,,,,,,,0,178.0,,,,8.0,,,,,,44.0,,,31.0,,,,
,,,139.0,,,REGULAR_SEASON,,,,943.0,,,,Kenyon Quinones,,,,,,,,,,,,,,,,19.0,,,27.0,,,,,,,,4.0,,,,17.0,,,,,,10.0,,,,,1943.5,9.0,,LAC_LB_05,LB,,,,21.0,,,,,52.0,,,1,,,,,,13.0,,,,,4.0,,,,0,1226.0,92.0,,145.0,98.0,3.0,16.0,,,,273.0,,,,,673.0,,19.68
,,,,,,REGULAR_SEASON,,,,,,,,Victor Wyckoff,,,,,,,,,,,,,,,,,,,20.0,,,4.0,,24.0,,,,,,,,,,,1893.1,723.0,,,,,,,9.0,,PHI_OT_04,OT,,,,,31.0,,,,,,,0,,,54.0,588.0,227.0,,,,,,,3.0,,,0,1311.0,,20.0,,,,,,,,153.0,,,,,,,
90.0,8.0,,,,,REGULAR_SEASON,,,,,,,,Zachariah Vasher,,,,,,,,,,,,,,,4.0,,,,61.0,,,,68.0,,,,,,,,19.0,,,,,,,1507.0,7.15,,,,10.0,,ATL_EDGE_05,EDGE,,,,121.0,,,40.0,,,,,0,,,,,,85.0,,,,,18.0,,,,0,2652.0,71.0,,161.0,,,22.0,,,,563.0,,,,,,,
,,,,,,REGULAR_SEASON,,3.0,19.0,,,,19.0,Forrest Maunakea,10.0,,,,,,,,,,,,,21.0,,,,,56.0,,,,,,,,,,,,,23.0,,,,,,,,,,,,,LAR_TE_03,TE,,,,,,,,88.0,,,1133.0,0,,1865.0,,634.0,,,,,,,,,,,0,2201.0,,,,166.0,,,,,,563.0,,,455.0,,,,
,,,,,,REGULAR_SEASON,,,,185.0,,,,Lennox Harkness,,,,,,,,,,,,,,,,3.0,,,5.0,,,,,,,,0.0,,,,0.0,,,,,,1.0,,,,,336.6,2.0,,BUF_CB_04,CB,,,,,,,,,15.0,,,1,,,,,,7.0,,,,,,,,,0,241.0,12.0,,20.0,28.0,0.0,,,,,56.0,,,,,165.0,,4.49
,,,,,,REGULAR_SEASON,,,,,,,,Peyton Dungy,,,,,,,,,,,,,,,,,,,65.0,,,26.0,,78.0,,,,,,,,,,,5910.4,2395.0,,,,,,,35.0,,NYJ_OT_02,OT,,,,,135.0,,,,,,,0,,,158.0,1948.0,841.0,,,,,,,32.0,,,0,4343.0,,65.0,,,,,,,,631.0,,,,,,,
,,,,,,REGULAR_SEASON,,14.0,39.0,,,,33.0,Blaise Ruggiero,13.0,,,,,,,,,,,,,47.0,,,,,40.0,,,,,,,,,,,,,11.0,,,,,,,,,,,,,CHI_WR_06,WR,,,,,,,,126.0,,4.0,1586.0,1,,1513.0,,514.0,,,,,,,,,,,0,1784.0,,,,246.0,,,,,,374.0,,,665.0,,,,
,,,,,,REGULAR_SEASON,,,,797.0,,,,Ivan Cornish,,,,,,,,,,,,,,,,11.0,,,20.0,,,,,,,,0.0,,,,6.0,,,,,,7.0,,,,,1784.2,7.0,,CHI_S_03,S,,,,,,,,,39.0,,,1,,,,,,14.0,,,,,,,,,0,1034.0,44.0,,75.0,67.0,3.0,,,,,205.0,,,,,471.0,,11.81
,,,,,,REGULAR_SEASON,,,,154.0,,,,Sergio Labriola,,,,,,,,,,,,,,,,1.0,,,4.0,,,,,,,,0.0,,,,1.0,,,,,,0.0,,,,,379.3,2.0,,DEN_CB_06,CB,,,,,,,,,12.0,,,1,,,,,,4.0,,,,,,,,,0,201.0,7.0,,12.0,17.0,0.0,,,,,46.0,,,,,155.0,,3.92
,,,,,,REGULAR_SEASON,,,,,,,,Forrest Macalister,,,,,,,,,,,,,,,,,,,1.0,,,1.0,,3.0,,,,,,,,,,,68.6,35.0,,,,,,,0.0,,NYG_C_02,C,,,,,6.0,,,,,,,1,,,3.0,28.0,14.0,,,,,,,2.0,,,0,63.0,,1.0,,,,,,,,10.0,,,,,,,
7.0,0.0,,,,,REGULAR_SEASON,,,,,,,,Neville Lovelace,,,,,,,,,,,,,,,0.0,,,,4.0,,,,6.0,,,,,,,,2.0,,,,,,,97.0,0.47,,,,1.0,,NYG_DT_05,DT,,,,6.0,,,0.0,,,,,1,,,,,,3.0,,,,,0.0,,,,0,170.0,4.0,,11.0,,,1.0,,,,38.0,,,,,,,
,,,236.0,,,REGULAR_SEASON,,,,1284.0,,,,Cortez Slaughter,,,,,,,,,,,,,,,,26.0,,,37.0,,,,,,,,1.0,,,,23.0,,,,,,14.0,,,,,2790.5,5.0,,JAX_LB_03,LB,,,,34.0,,,,,83.0,,,1,,,,,,26.0,,,,,6.0,,,,0,1666.0,127.0,,202.0,156.0,5.0,29.0,,,,352.0,,,,,914.0,,27.19
,,,98.0,,,REGULAR_SEASON,,,,632.0,,,,Zebulon Stallworth,,,,,,,,,,,,,,,,13.0,,,18.0,,,,,,,,0.0,,,,9.0,,,,,,6.0,,,,,1729.6,5.0,,JAX_LB_04,LB,,,,13.0,,,,,51.0,,,1,,,,,,15.0,,,,,2.0,,,,0,823.0,59.0,,95.0,70.0,5.0,14.0,,,,174.0,,,,,562.0,,15.96
,,,,,,REGULAR_SEASON,,,,,,,,Hampton Prescott,,,,,,,,,,,,,,,,,,,6.0,,,0.0,,9.0,,,,,,,,,,,553.8,207.0,,,,,,,3.0,,MIA_C_02,C,,,,,11.0,,,,,,,1,,,17.0,169.0,63.0,,,,,,,2.0,,,0,376.0,,6.0,,,,,,,,60.0,,,,,,,
8.0,0.0,,,,,REGULAR_SEASON,,,,,,,,Leon Hardison,,,,,,,,,,,,,,,0.0,,,,4.0,,,,4.0,,,,,,,,0.0,,,,,,,86.0,0.58,,,,0.0,,MIA_DT_05,DT,,,,8.0,,,3.0,,,,,1,,,,,,8.0,,,,,1.0,,,,0,151.0,8.0,,16.0,,,3.0,,,,47.0,,,,,,,
,,,,,,REGULAR_SEASON,,,,717.0,,,,Percival Morrissey,,,,,,,,,,,,,,,,11.0,,,19.0,,,,,,,,1.0,,,,4.0,,,,,,6.0,,,,,1663.5,5.0,,MIA_CB_04,CB,,,,,,,,,54.0,,,0,,,,,,16.0,,,,,,,,,0,928.0,42.0,,76.0,83.0,3.0,,,,,167.0,,,,,690.0,,18.79
,,,,,,REGULAR_SEASON,,,,109.0,,,,Jorel Orlovsky,,,,,,,,,,,,,,,,1.0,,,3.0,,,,,,,,0.0,,,,1.0,,,,,,1.0,,,,,277.2,2.0,,MIA_CB_06,CB,,,,,,,,,7.0,,,0,,,,,,1.0,,,,,,,,,0,142.0,6.0,,10.0,10.0,0.0,,,,,34.0,,,,,80.0,,2.12
,,,,,,REGULAR_SEASON,,,,1182.0,,,,Palmer Ludwig,,,,,,,,,,,,,,,,22.0,,,32.0,,,,,,,,1.0,,,,18.0,,,,,,10.0,,,,,2688.8,7.0,,LAR_CB_05,CB,,,,,,,,,80.0,,,0,,,,,,21.0,,,,,,,,,0,1536.0,81.0,,132.0,131.0,6.0,,,,,282.0,,,,,888.0,,24.08
,,,,,,REGULAR_SEASON,,,,,,,,Nash Prescott,,,,,,,,,,,,,,,,,,,5.0,,,1.0,,8.0,,,,,,,,,,,456.3,181.0,,,,,,,3.0,,SF_OT_04,OT,,,,,11.0,,,,,,,1,,,16.0,147.0,54.0,,,,,,,2.0,,,0,328.0,,5.0,,,,,,,,65.0,,,,,,,
12.0,0.0,,,,,REGULAR_SEASON,,,,,,,,Onyx Rousseau,,,,,,,,,,,,,,,0.0,,,,7.0,,,,9.0,,,,,,,,3.0,,,,,,,159.0,0.91,,,,2.0,,SEA_DT_03,DT,,,,14.0,,,5.0,,,,,1,,,,,,10.0,,,,,0.0,,,,0,281.0,8.0,,20.0,,,2.0,,,,89.0,,,,,,,
,,,,,,REGULAR_SEASON,,,,,,,,Judah Roscoe,,,,,,,,,,,,,,,,,,,4.0,,,2.0,,3.0,,,,,,,,,,,386.5,151.0,,,,,,,1.0,,CLE_OG_01,OG,,,,,5.0,,,,,,,1,,,12.0,121.0,56.0,,,,,,,0.0,,,0,272.0,,4.0,,,,,,,,49.0,,,,,,,
,,,,,,REGULAR_SEASON,,,,78.0,,,,Colby Hubbard,,,,,,,,,,,,,,,,0.0,,,2.0,,,,,,,,0.0,,,,0.0,,,,,,0.0,,,,,244.1,0.0,,CIN_S_03,S,,,,,,,,,5.0,,,1,,,,,,0.0,,,,,,,,,0,101.0,3.0,,6.0,7.0,1.0,,,,,29.0,,,,,68.0,,1.74
,,,,,,REGULAR_SEASON,,,,1186.0,,,,Arlo Beecham,,,,,,,,,,,,,,,,11.0,,,31.0,,,,,,,,2.0,,,,16.0,,,,,,8.0,,,,,2802.7,9.0,,HOU_CB_04,CB,,,,,,,,,98.0,,,1,,,,,,22.0,,,,,,,,,0,1540.0,63.0,,106.0,147.0,5.0,,,,,297.0,,,,,1185.0,,30.99
,,,,,,REGULAR_SEASON,,,,275.0,,,,Lamont Dorsett,,,,,,,,,,,,,,,,2.0,,,7.0,,,,,,,,0.0,,,,0.0,,,,,,0.0,,,,,651.9,2.0,,IND_S_04,S,,,,,,,,,25.0,,,1,,,,,,3.0,,,,,,,,,0,357.0,19.0,,30.0,40.0,1.0,,,,,96.0,,,,,331.0,,8.71
,,,,,,REGULAR_SEASON,,,,,,,,Redmond Lanphier,,,,,,,,,,,,,,,,,,,73.0,,,27.0,,74.0,,,,,,,,,,,6836.2,2626.0,,,,,,,39.0,,LV_OG_03,OG,,,,,118.0,,,,,,,0,,,185.0,2126.0,906.0,,,,,,,20.0,,,0,4752.0,,73.0,,,,,,,,659.0,,,,,,,
,,,,,,REGULAR_SEASON,,,,,,,,Lincoln Courtland,,,,,,,,,,,,,,,,,,,2.0,,,2.0,,5.0,,,,,,,,,,,180.8,73.0,,,,,,,0.0,,CHI_C_02,C,,,,,7.0,,,,,,,1,,,5.0,59.0,21.0,,,,,,,0.0,,,0,132.0,,2.0,,,,,,,,22.0,,,,,,,
,,,,,,REGULAR_SEASON,,,,1560.0,,,,Randall Alcott,,,,,,,,,,,,,,,,20.0,,,39.0,,,,,,,,2.0,,,,23.0,,,,,,11.0,,,,,3489.1,13.0,,WAS_S_02,S,,,,,,,,,117.0,,,0,,,,,,19.0,,,,,,,,,0,2022.0,92.0,,158.0,176.0,10.0,,,,,399.0,,,,,1350.0,,33.56
55.0,4.0,,,,,REGULAR_SEASON,,,,,,,,Jesse Pflueger,,,,,,,,,,,,,,,5.0,,,,39.0,,,,45.0,,,,,,,,11.0,,,,,,,981.0,4.68,,,,7.0,,DEN_EDGE_05,EDGE,,,,73.0,,,20.0,,,,,1,,,,,,42.0,,,,,8.0,,,,0,1726.0,45.0,,100.0,,,12.0,,,,370.0,,,,,,,
,,,,,,REGULAR_SEASON,,2.0,4.0,,,,0.0,Omari Appleton,0.0,,,,,,,,,,,,,0.0,,,,,4.0,,,,,,,,,,,,,1.0,,,,,,,,,,,,,BUF_WR_05,WR,,,,,,,,4.0,,,67.0,1,,144.0,,49.0,,,,,,,,,,,0,170.0,,,,8.0,,,,,,49.0,,,27.0,,,,
,,,,,,REGULAR_SEASON,,,,,,,,Finley Drayton,,,,,,,,,,,,,,,,,,,4.0,,,3.0,,4.0,,,,,,,,,,,371.4,149.0,,,,,,,1.0,,BUF_OG_03,OG,,,,,8.0,,,,,,,0,,,8.0,120.0,46.0,,,,,,,1.0,,,0,269.0,,4.0,,,,,,,,57.0,,,,,,,
,,,,,,REGULAR_SEASON,,,,,,,,Kieran Mendenhall,,,,,,,,,,,,,,,,,,,32.0,,,11.0,,27.0,,,,,,,,,,,3007.6,1155.0,,,,,,,22.0,,IND_OG_03,OG,,,,,46.0,,,,,,,1,,,98.0,934.0,371.0,,,,,,,9.0,,,0,2089.0,,32.0,,,,,,,,356.0,,,,,,,
,,,314.0,,,REGULAR_SEASON,,,,1997.0,,,,Kolby Kincaid,,,,,,,,,,,,,,,,29.0,,,57.0,,,,,,,,5.0,,,,30.0,,,,,,13.0,,,,,4715.7,14.0,,TEN_LB_03,LB,,,,40.0,,,,,136.0,,,0,,,,,,28.0,,,,,7.0,,,,0,2597.0,191.0,,301.0,213.0,10.0,48.0,,,,580.0,,,,,1461.0,,42.33
,,,,,,REGULAR_SEASON,,0.0,1.0,,,,2.0,Kenzo Sorrentino,0.0,,,,,,,,,,,,,0.0,,,,,6.0,,,,,,,,,,,,,4.0,,,,,,,,,,,,,WAS_WR_04,WR,,,,,,,,6.0,,,99.0,1,,232.0,,79.0,,,,,,,,,,,0,274.0,,,,12.0,,,,,,78.0,,,44.0,,,,
,,,,,,REGULAR_SEASON,,1.0,2.0,,,,2.0,Corbin Gauthier,0.0,,,,,,,,,,,,,1.0,,,,,3.0,,,,,,,,,,,,,3.0,,,,,,,,,,,,,GB_WR_05,WR,,,,,,,,5.0,,1.0,89.0,1,,119.0,,41.0,,,,,,,,,,,0,140.0,,,,10.0,,,,,,39.0,,,42.0,,,,
,,,,,,REGULAR_SEASON,,,,2611.0,,,,Neville Rinaldi,,,,,,,,,,,,,,,,43.0,,,66.0,,,,,,,,0.0,,,,37.0,,,,,,25.0,,,,,5814.7,17.0,,GB_S_03,S,,,,,,,,,154.0,,,0,,,,,,54.0,,,,,,,,,0,3384.0,163.0,,268.0,255.0,13.0,,,,,578.0,,,,,2058.0,,52.39
,,,,,,REGULAR_SEASON,,,,,,,,Saul Treadwell,,,,,,,,,,,,,,,,,,,52.0,,,24.0,,56.0,,,,,,,,,,,4745.6,1881.0,,,,,,,31.0,,CAR_OT_03,OT,,,,,102.0,,,,,,,0,,,135.0,1526.0,611.0,,,,,,,25.0,,,0,3407.0,,52.0,,,,,,,,519.0,,,,,,,
,,,,,,REGULAR_SEASON,,0.0,0.0,,,,1.0,Marlon Tomlinson,0.0,,,,,,,,,,,,,0.0,,,,,1.0,,,,,,,,,,,,,0.0,,,,,,,,,,,,,ARI_WR_06,WR,,,,,,,,1.0,,,20.0,1,,38.0,,13.0,,,,,,,,,,,0,45.0,,,,2.0,,,,,,12.0,,,7.0,,,,
,,,,,,REGULAR_SEASON,,0.0,0.0,,,,1.0,Logan Oosterhout,0.0,,,,,,,,,,,,,1.0,,,,,4.0,,,,,,,,,,,,,2.0,,,,,,,,,,,,,BUF_TE_02,TE,,,,,,,,7.0,,,75.0,1,,137.0,,46.0,,,,,,,,,,,0,162.0,,,,12.0,,,,,,55.0,,,35.0,,,,
4.0,0.0,,,,,REGULAR_SEASON,,,,,,,,Langston Mobley,,,,,,,,,,,,,,,0.0,,,,2.0,,,,2.0,,,,,,,,1.0,,,,,,,51.0,0.23,,,,1.0,,BAL_EDGE_05,EDGE,,,,4.0,,,2.0,,,,,1,,,,,,4.0,,,,,0.0,,,,0,91.0,5.0,,9.0,,,2.0,,,,26.0,,,,,,,
32.0,4.0,,,,,REGULAR_SEASON,,,,,,,,Newton Yeboah,,,,,,,,,,,,,,,0.0,,,,20.0,,,,14.0,,,,,,,,12.0,,,,,,,419.0,2.1,,,,8.0,,BAL_DT_05,DT,,,,24.0,,,7.0,,,,,1,,,,,,21.0,,,,,7.0,,,,0,743.0,27.0,,59.0,,,12.0,,,,172.0,,,,,,,
,,,,,,REGULAR_SEASON,,3.0,14.0,,,,18.0,Gaspard Comeaux,6.0,,,,,,,,,,,,,18.0,,,,,20.0,,,,,,,,,,,,,8.0,,,,,,,,,,,,,PIT_TE_03,TE,,,,,,,,57.0,,,703.0,1,,697.0,,238.0,,,,,,,,,,,0,824.0,,,,94.0,,,,,,202.0,,,290.0,,,,
,,,20.0,,,REGULAR_SEASON,,,,108.0,,,,Sherman Mobley,,,,,,,,,,,,,,,,3.0,,,3.0,,,,,,,,0.0,,,,8.0,,,,,,2.0,,,,,159.8,0.0,,IND_LB_04,LB,,,,1.0,,,,,6.0,,,1,,,,,,2.0,,,,,0.0,,,,0,141.0,14.0,,22.0,14.0,0.0,2.0,,,,40.0,,,,,62.0,,1.74
,,,,,,REGULAR_SEASON,,,,,,,,Sinclair Tatupu,,,,,,,,,,,,,,,,,,,3.0,,,2.0,,9.0,,,,,,,,,,,257.8,104.0,,,,,,,1.0,,LAR_OT_03,OT,,,,,12.0,,,,,,,1,,,6.0,86.0,33.0,,,,,,,1.0,,,0,190.0,,3.0,,,,,,,,40.0,,,,,,,
,,,,,,REGULAR_SEASON,,0.0,0.0,,,,1.0,Quade McCourty,0.0,,,,,,,,,,,,,0.0,,,,,3.0,,,,,,,,,,,,,0.0,,,,,,,,,,,,,HOU_TE_01,TE,,,,,,,,3.0,,,34.0,1,,107.0,,36.0,,,,,,,,,,,0,127.0,,,,5.0,,,,,,40.0,,,9.0,,,,
,,,,,,REGULAR_SEASON,,,,,,,,Nico Seeley,,,,,,,,,,,,,,,,,,,10.0,,,3.0,,16.0,,,,,,,,,,,912.0,367.0,,,,,,,4.0,,TB_OT_04,OT,,,,,22.0,,,,,,,0,,,18.0,296.0,118.0,,,,,,,4.0,,,0,663.0,,10.0,,,,,,,,113.0,,,,,,,
,,,,,,REGULAR_SEASON,,6.0,19.0,,,,14.0,Dupree Benavides,5.0,,,,,,,,,,,,,8.0,,,,,52.0,,,,,,,,,,,,,22.0,,,,,,,,,,,,,CHI_TE_03,TE,,,,,,,,62.0,,,912.0,0,,1724.0,,591.0,,,,,,,,,,,0,2036.0,,,,128.0,,,,,,527.0,,,344.0,,,,
7.0,0.0,,,,,REGULAR_SEASON,,,,,,,,Hiram Umenyiora,,,,,,,,,,,,,,,0.0,,,,4.0,,,,2.0,,,,,,,,1.0,,,,,,,90.0,0.28,,,,2.0,,LV_DT_04,DT,,,,4.0,,,1.0,,,,,1,,,,,,4.0,,,,,1.0,,,,0,158.0,5.0,,12.0,,,1.0,,,,51.0,,,,,,,
,,6.0,,,45.0,REGULAR_SEASON,32.0,,,,9.0,6.0,,Cannon Navarrete,,3.0,,,,,,,,,,,,15.0,,,0.0,0.0,2.0,,,,,,,,1.0,,,,,,,63.0,,,,,,1.0,434.0,,,19.0,LAC_QB_02,QB,18.0,8.0,81.0,,,,,,,,,0,,,,,,,6.0,,24.0,45.0,,,6.0,3.0,0,121.0,,2.0,,,,,3.0,,1.0,29.0,,,,,,,
124.0,10.0,,,,,REGULAR_SEASON,,,,,,,,Ruben Knighton,,,,,,,,,,,,,,,4.0,,,,86.0,,,,99.0,,,,,,,,24.0,,,,,,,2144.0,10.52,,,,19.0,,PHI_EDGE_04,EDGE,,,,168.0,,,50.0,,,,,0,,,,,,105.0,,,,,22.0,,,,0,3775.0,97.0,,221.0,,,31.0,,,,864.0,,,,,,,
,,,,,,REGULAR_SEASON,,,,,,,,Brennan Macalister,,,,,,,,,,,,,,,,,,,34.0,,,19.0,,40.0,,,,,,,,,,,3208.6,1239.0,,,,,,,25.0,,DAL_OG_03,OG,,,,,62.0,,,,,,,0,,,90.0,1008.0,392.0,,,,,,,3.0,,,0,2247.0,,34.0,,,,,,,,361.0,,,,,,,
,,,,,,REGULAR_SEASON,,10.0,20.0,,,,25.0,Kane Slaughter,8.0,,,,,,,,,,,,,32.0,,,,,35.0,,,,,,,,,,,,,10.0,,,,,,,,,,,,,GB_WR_04,WR,,,,,,,,102.0,,12.0,1325.0,1,,1307.0,,446.0,,,,,,,,,,,0,1540.0,,,,171.0,,,,,,325.0,,,533.0,,,,
,,12.0,,,210.0,REGULAR_SEASON,185.0,,,,29.0,11.0,,Victor Davenport,,20.0,,,,,,,,,,,,91.0,,,0.0,0.0,10.0,,,,,,,,5.0,,,,,,,312.0,,,,,,14.0,2114.0,,,80.0,ARI_QB_02,QB,102.0,50.0,423.0,,,,,,,,,0,,,,,,,47.0,,159.0,157.0,,,24.0,24.0,0,607.0,,10.0,,,,,22.0,,22.0,130.0,,,,,,,
2.0,0.0,,,,,REGULAR_SEASON,,,,,,,,Redmond Hufanga,,,,,,,,,,,,,,,0.0,,,,2.0,,,,4.0,,,,,,,,0.0,,,,,,,43.0,0.29,,,,0.0,,ARI_EDGE_05,EDGE,,,,5.0,,,1.0,,,,,1,,,,,,2.0,,,,,0.0,,,,0,76.0,2.0,,4.0,,,0.0,,,,30.0,,,,,,,
,,,,,,REGULAR_SEASON,,,,3225.0,,,,Colston Paulson,,,,,,,,,,,,,,,,67.0,,,86.0,,,,,,,,6.0,,,,28.0,,,,,,34.0,,,,,7195.6,20.0,,SEA_CB_05,CB,,,,,,,,,190.0,,,0,,,,,,49.0,,,,,,,,,0,4185.0,167.0,,291.0,313.0,14.0,,,,,870.0,,,,,2156.0,,57.71
,,,,,,REGULAR_SEASON,,2.0,2.0,,,,2.0,Keegan Heggins,0.0,,,,,,,,,,,,,1.0,,,,,3.0,,,,,,,,,,,,,1.0,,,,,,,,,,,,,DEN_WR_06,WR,,,,,,,,5.0,,,61.0,1,,103.0,,35.0,,,,,,,,,,,0,122.0,,,,7.0,,,,,,43.0,,,24.0,,,,
,,,,,,REGULAR_SEASON,,,,42.0,,,,Kojo Cardenas,,,,,,,,,,,,,,,,0.0,,,1.0,,,,,,,,0.0,,,,1.0,,,,,,0.0,,,,,103.6,0.0,,CHI_CB_06,CB,,,,,,,,,6.0,,,1,,,,,,0.0,,,,,,,,,0,55.0,4.0,,6.0,7.0,0.0,,,,,14.0,,,,,62.0,,1.48
83.0,8.0,,,,,REGULAR_SEASON,,,,,,,,Sutton Harbaugh,,,,,,,,,,,,,,,2.0,,,,52.0,,,,67.0,,,,,,,,16.0,,,,,,,1302.0,6.71,,,,10.0,,TB_EDGE_05,EDGE,,,,107.0,,,27.0,,,,,0,,,,,,74.0,,,,,15.0,,,,0,2289.0,70.0,,153.0,,,22.0,,,,512.0,,,,,,,
,,,,,,REGULAR_SEASON,,,,,,,,Thelonious Puglisi,,,,,,,,,,,,,,,,,,,20.0,,,4.0,,20.0,,,,,,,,,,,1903.6,716.0,,,,,,,14.0,,CAR_C_02,C,,,,,27.0,,,,,,,0,,,49.0,581.0,254.0,,,,,,,3.0,,,0,1297.0,,20.0,,,,,,,,185.0,,,,,,,
,,,,,,REGULAR_SEASON,,0.0,1.0,,,,0.0,Cassian Massengale,0.0,,,,,,,,,,,,,0.0,,,,,1.0,,,,,,,,,,,,,0.0,,,,,,,,,,,,,NE_TE_02,TE,,,,,,,,0.0,,,8.0,1,,30.0,,10.0,,,,,,,,,,,0,36.0,,,,2.0,,,,,,15.0,,,3.0,,,,
,,,,,,REGULAR_SEASON,,,,1686.0,,,,Emmett Dumervil,,,,,,,,,,,,,,,,20.0,,,43.0,,,,,,,,1.0,,,,21.0,,,,,,7.0,,,,,3812.8,10.0,,NE_CB_06,CB,,,,,,,,,115.0,,,0,,,,,,24.0,,,,,,,,,0,2187.0,109.0,,180.0,173.0,11.0,,,,,396.0,,,,,1204.0,,30.95
,,,,,,REGULAR_SEASON,,,,,,,,Onyx Fanning,,,,,,,,,,,,,,,,,,,7.0,,,0.0,,4.0,,,,,,,,,,,689.0,259.0,,,,,,,6.0,,BAL_OG_03,OG,,,,,4.0,,,,,,,1,,,22.0,208.0,75.0,,,,,,,0.0,,,0,467.0,,7.0,,,,,,,,98.0,,,,,,,
,,,10.0,,,REGULAR_SEASON,,,,41.0,,,,Yannick Serrano,,,,,,,,,,,,,,,,0.0,,,1.0,,,,,,,,0.0,,,,1.0,,,,,,0.0,,,,,59.0,0.0,,BAL_LB_04,LB,,,,1.0,,,,,2.0,,,1,,,,,,0.0,,,,,0.0,,,,0,53.0,2.0,,4.0,6.0,0.0,1.0,,,,16.0,,,,,42.0,,1.02
,,,,,,REGULAR_SEASON,,,,,,,,Paxton Passmore,,,,,,,,,,,,,,,,,,,1.0,,,0.0,,1.0,,,,,,,,,,,86.4,33.0,,,,,,,0.0,,CLE_OT_03,OT,,,,,2.0,,,,,,,1,,,3.0,26.0,9.0,,,,,,,1.0,,,0,59.0,,1.0,,,,,,,,16.0,,,,,,,
,,,,,,REGULAR_SEASON,,,,,,,,Beckham Rhodes,,,,,,,,,,,,,,,,,,,18.0,,,4.0,,15.0,,,,,,,,,,,1680.6,649.0,,,,,,,18.0,,LV_OT_03,OT,,,,,25.0,,,,,,,0,,,39.0,529.0,233.0,,,,,,,7.0,,,0,1178.0,,18.0,,,,,,,,180.0,,,,,,,
,,,,,,REGULAR_SEASON,,,,,,,,Teagan Crandall,,,,,,,,,,,,,,,,,,,1.0,,,0.0,,0.0,,,,,,,,,,,89.4,33.0,,,,,,,0.0,,ATL_OG_03,OG,,,,,1.0,,,,,,,1,,,2.0,26.0,9.0,,,,,,,1.0,,,0,59.0,,1.0,,,,,,,,17.0,,,,,,,
,,,,,,REGULAR_SEASON,,,,,,,,Tillman Madubuike,,,,,,,,,,,,,,,,,,,49.0,,,20.0,,70.0,,,,,,,,,,,4538.6,1775.0,,,,,,,29.0,,CAR_OG_04,OG,,,,,100.0,,,,,,,0,,,133.0,1440.0,584.0,,,,,,,12.0,,,0,3215.0,,49.0,,,,,,,,514.0,,,,,,,
3.0,0.0,,,,,REGULAR_SEASON,,,,,,,,Wolfgang Panganiban,,,,,,,,,,,,,,,0.0,,,,2.0,,,,1.0,,,,,,,,0.0,,,,,,,50.0,0.18,,,,1.0,,HOU_EDGE_03,EDGE,,,,1.0,,,0.0,,,,,1,,,,,,1.0,,,,,0.0,,,,0,88.0,3.0,,6.0,,,2.0,,,,35.0,,,,,,,
38.0,2.0,,,,,REGULAR_SEASON,,,,,,,,Davion Dabney,,,,,,,,,,,,,,,1.0,,,,26.0,,,,24.0,,,,,,,,5.0,,,,,,,541.0,2.84,,,,5.0,,HOU_DT_05,DT,,,,42.0,,,14.0,,,,,1,,,,,,24.0,,,,,5.0,,,,0,957.0,30.0,,68.0,,,12.0,,,,294.0,,,,,,,
106.0,5.0,,,,,REGULAR_SEASON,,,,,,,,Slade Camarillo,,,,,,,,,,,,,,,5.0,,,,63.0,,,,81.0,,,,,,,,27.0,,,,,,,1548.0,8.22,,,,19.0,,NO_EDGE_03,EDGE,,,,126.0,,,31.0,,,,,0,,,,,,85.0,,,,,18.0,,,,0,2724.0,84.0,,190.0,,,30.0,,,,593.0,,,,,,,
10.0,2.0,,,,,REGULAR_SEASON,,,,,,,,Bain Driscoll,,,,,,,,,,,,,,,0.0,,,,6.0,,,,5.0,,,,,,,,2.0,,,,,,,115.0,0.75,,,,1.0,,ARI_DT_05,DT,,,,7.0,,,1.0,,,,,0,,,,,,12.0,,,,,1.0,,,,0,203.0,9.0,,19.0,,,1.0,,,,68.0,,,,,,,
,,,64.0,,,REGULAR_SEASON,,,,320.0,,,,Saxon Shattuck,,,,,,,,,,,,,,,,2.0,,,9.0,,,,,,,,0.0,,,,6.0,,,,,,0.0,,,,,787.1,4.0,,BAL_LB_05,LB,,,,5.0,,,,,22.0,,,1,,,,,,5.0,,,,,0.0,,,,0,415.0,35.0,,55.0,34.0,1.0,7.0,,,,69.0,,,,,227.0,,6.32
,,4.0,,,20.0,REGULAR_SEASON,14.0,,,,5.0,4.0,,Sheridan Bergeron,,2.0,,,,,,,,,,,,7.0,,,0.0,0.0,1.0,,,,,,,,3.0,,,,,,,29.0,,,,,,0.0,138.0,,,11.0,MIA_QB_02,QB,9.0,5.0,52.0,,,,,,,,,1,,,,,,,5.0,,19.0,44.0,,,6.0,4.0,0,62.0,,1.0,,,,,1.0,,1.0,18.0,,,,,,,
,,,,,,REGULAR_SEASON,,1.0,1.0,,,,0.0,Benoit Ogletree,0.0,,,,,,,,,,,,,0.0,,,,,1.0,,,,,,,,,,,,,1.0,,,,,,,,,,,,,CIN_WR_05,WR,,,,,,,,1.0,,,20.0,1,,37.0,,13.0,,,,,,,,,,,0,44.0,,,,2.0,,,,,,18.0,,,7.0,,,,
,,,,,,REGULAR_SEASON,,,,,,,,Dashawn Beauchamp,,,,,,,,,,,,,,,,,,,78.0,,,39.0,,88.0,,,,,,,,,,,7242.6,2831.0,,,,,,,41.0,,CIN_C_02,C,,,,,147.0,,,,,,,0,,,201.0,2301.0,883.0,,,,,,,22.0,,,0,5132.0,,78.0,,,,,,,,781.0,,,,,,,
,,,,,,REGULAR_SEASON,,1.0,2.0,,,,2.0,Lamont Hardison,0.0,,,,,,,,,,,,,0.0,,,,,6.0,,,,,,,,,,,,,3.0,,,,,,,,,,,,,LAR_WR_05,WR,,,,,,,,6.0,,,93.0,1,,234.0,,80.0,,,,,,,,,,,0,276.0,,,,12.0,,,,,,45.0,,,40.0,,,,
8.0,0.0,,,,,REGULAR_SEASON,,,,,,,,Nikolai Wilkerson,,,,,,,,,,,,,,,0.0,,,,4.0,,,,8.0,,,,,,,,2.0,,,,,,,91.0,0.7,,,,0.0,,TB_DT_04,DT,,,,10.0,,,2.0,,,,,1,,,,,,8.0,,,,,0.0,,,,0,160.0,7.0,,15.0,,,2.0,,,,49.0,,,,,,,
,,,,,,REGULAR_SEASON,,,,1348.0,,,,Galen Dargan,,,,,,,,,,,,,,,,26.0,,,35.0,,,,,,,,3.0,,,,20.0,,,,,,11.0,,,,,2711.3,7.0,,TB_CB_01,CB,,,,,,,,,80.0,,,1,,,,,,20.0,,,,,,,,,0,1748.0,71.0,,122.0,147.0,5.0,,,,,363.0,,,,,935.0,,24.95
,,,,,,REGULAR_SEASON,,,,,,,,Lance Meacham,,,,,,,,,,,,,,,,,,,39.0,,,14.0,,40.0,,,,,,,,,,,3671.1,1396.0,,,,,,,21.0,,LV_C_02,C,,,,,61.0,,,,,,,0,,,99.0,1134.0,451.0,,,,,,,8.0,,,0,2530.0,,39.0,,,,,,,,385.0,,,,,,,
,,111.0,,,969.0,REGULAR_SEASON,873.0,,,,148.0,59.0,,Hendrix Chappell,,56.0,,,,,,,,,,,,419.0,,,8.0,1.0,43.0,,,,,,,,45.0,,,,,,,1408.0,,,,,,44.0,9130.0,,,322.0,CIN_QB_02,QB,439.0,193.0,1749.0,,,,,,,,,0,,,,,,,160.0,,760.0,820.0,,,114.0,101.0,0,2745.0,,43.0,,,,,76.0,,67.0,425.0,,,,,,,
,,,,,,REGULAR_SEASON,,62.0,140.0,,,,111.0,Hamza Hollins,41.0,,,,,,,,,,,,,181.0,,,,,85.0,,,,,,,,,,,,,48.0,,,,,,,,,,,,,P100119_WR,WR,,,,,,,,424.0,,20.0,4743.0,0,,3168.0,,1082.0,,,,,,,,,,,0,3732.0,,,,786.0,,,,,,783.0,,,1943.0,,,,
,,,,,,REGULAR_SEASON,,15.0,34.0,,,,24.0,Riggs Tartt,9.0,,,,,,,,,,,,,21.0,,,,,49.0,,,,,,,,,,,,,24.0,,,,,,,,,,,,,P100125_WR,WR,,,,,,,,84.0,,3.0,1054.0,0,,1822.0,,622.0,,,,,,,,,,,0,2150.0,,,,173.0,,,,,,432.0,,,411.0,,,,
,,,,,,REGULAR_SEASON,,,,,,,,Kamden Hasselby,,,,,,,,,,,,,,,,,,,69.0,,,28.0,,74.0,,,,,,,,,,,6319.9,2468.0,,,,,,,37.0,,SEA_OG_04,OG,,,,,127.0,,,,,,,0,,,191.0,2004.0,792.0,,,,,,,32.0,,,0,4472.0,,69.0,,,,,,,,680.0,,,,,,,
4.0,0.0,,,,,REGULAR_SEASON,,,,,,,,Hayes Okorafor,,,,,,,,,,,,,,,0.0,,,,3.0,,,,2.0,,,,,,,,1.0,,,,,,,63.0,0.26,,,,0.0,,BUF_DT_03,DT,,,,4.0,,,1.0,,,,,1,,,,,,5.0,,,,,1.0,,,,0,111.0,4.0,,8.0,,,0.0,,,,27.0,,,,,,,
,,,202.0,,,REGULAR_SEASON,,,,1115.0,,,,Cormac Wisniewski,,,,,,,,,,,,,,,,15.0,,,32.0,,,,,,,,1.0,,,,24.0,,,,,,8.0,,,,,2670.0,8.0,,MIN_LB_08,LB,,,,37.0,,,,,64.0,,,0,,,,,,23.0,,,,,5.0,,,,0,1447.0,120.0,,184.0,119.0,4.0,18.0,,,,283.0,,,,,937.0,,26.82
,,123.0,,,1055.0,REGULAR_SEASON,982.0,,,,171.0,63.0,,Hampton Youngblood,,62.0,,,,,,,,,,,,477.0,,,7.0,4.0,48.0,,,,,,,,39.0,,,,,,,1555.0,,,,,,49.0,10427.0,,,377.0,ATL_QB_02,QB,500.0,214.0,2003.0,,,,,,,,,0,,,,,,,185.0,,723.0,770.0,,,114.0,117.0,0,3063.0,,48.0,,,,,90.0,,85.0,454.0,,,,,,,
,,,,,,REGULAR_SEASON,,27.0,77.0,,,,68.0,Noel Rowlett,23.0,,,,,,,,,,,,,94.0,,,,,69.0,,,,,,,,,,,,,30.0,,,,,,,,,,,,,P100255_WR,WR,,,,,,,,235.0,,10.0,2823.0,0,,2556.0,,877.0,,,,,,,,,,,0,3015.0,,,,445.0,,,,,,678.0,,,1140.0,,,,
,,,,,,REGULAR_SEASON,,8.0,20.0,,,,9.0,Nash Kenney,2.0,,,,,,,,,,,,,16.0,,,,,17.0,,,,,,,,,,,,,10.0,,,,,,,,,,,,,NE_WR_05,WR,,,,,,,,50.0,,,595.0,1,,601.0,,206.0,,,,,,,,,,,0,711.0,,,,98.0,,,,,,164.0,,,231.0,,,,
,,,,,,REGULAR_SEASON,,19.0,37.0,,,,31.0,Basil Fraley,10.0,,,,,,,,,,,,,26.0,,,,,61.0,,,,,,,,,,,,,14.0,,,,,,,,,,,,,P100274_TE,TE,,,,,,,,105.0,,,1360.0,0,,2008.0,,686.0,,,,,,,,,,,0,2374.0,,,,213.0,,,,,,582.0,,,543.0,,,,
,,,264.0,,,REGULAR_SEASON,,,,1469.0,,,,Kieran Mendenhall,,,,,,,,,,,,,,,,35.0,,,42.0,,,,,,,,5.0,,,,23.0,,,,,,22.0,,,,,3373.8,11.0,,P100233_LB,LB,,,,32.0,,,,,95.0,,,0,,,,,,35.0,,,,,7.0,,,,0,1910.0,143.0,,222.0,163.0,10.0,36.0,,,,368.0,,,,,1070.0,,30.92
,,,,,,REGULAR_SEASON,,,,,,,,Terrance Mortenson,,,,,,,,,,,,,,,,,,,70.0,,,33.0,,84.0,,,,,,,,,,,6510.9,2524.0,,,,,,,33.0,,P100241_OT,OT,,,,,132.0,,,,,,,0,,,169.0,2061.0,843.0,,,,,,,18.0,,,0,4585.0,,70.0,,,,,,,,678.0,,,,,,,
,,,,,,REGULAR_SEASON,,,,,,,,Zamir Casillas,,,,,,,,,,,,,,,,,,,75.0,,,21.0,,81.0,,,,,,,,,,,7008.0,2690.0,,,,,,,33.0,,P100242_OT,OT,,,,,122.0,,,,,,,0,,,156.0,2183.0,925.0,,,,,,,21.0,,,0,4873.0,,75.0,,,,,,,,719.0,,,,,,,
104.0,10.0,,,,,REGULAR_SEASON,,,,,,,,Davion Wanogho,,,,,,,,,,,,,,,2.0,,,,77.0,,,,67.0,,,,,,,,13.0,,,,,,,1654.0,10.35,,,,16.0,,P100056_DT,DT,,,,134.0,,,41.0,,,,,0,,,,,,114.0,,,,,32.0,,,,0,2919.0,78.0,,182.0,,,31.0,,,,736.0,,,,,,,
,,,453.0,,,REGULAR_SEASON,,,,2697.0,,,,Vaughn Galbraith,,,,,,,,,,,,,,,,46.0,,,77.0,,,,,,,,4.0,,,,41.0,,,,,,19.0,,,,,6316.7,21.0,,NE_LB_03,LB,,,,45.0,,,,,190.0,,,1,,,,,,56.0,,,,,5.0,,,,0,3506.0,265.0,,417.0,322.0,12.0,50.0,,,,740.0,,,,,2274.0,,66.65
,,,,,,REGULAR_SEASON,,,,3391.0,,,,Kelvin Hathaway,,,,,,,,,,,,,,,,44.0,,,85.0,,,,,,,,5.0,,,,45.0,,,,,,17.0,,,,,7793.2,24.0,,P100243_S,S,,,,,,,,,236.0,,,0,,,,,,63.0,,,,,,,,,0,4392.0,224.0,,372.0,359.0,19.0,,,,,791.0,,,,,2864.0,,72.24
,,,,,,REGULAR_SEASON,,,,3392.0,,,,Lars Howze,,,,,,,,,,,,,,,,48.0,,,85.0,,,,,,,,1.0,,,,41.0,,,,,,22.0,,,,,7500.6,17.0,,P100198_S,S,,,,,,,,,229.0,,,0,,,,,,60.0,,,,,,,,,0,4397.0,193.0,,328.0,354.0,17.0,,,,,797.0,,,,,2672.0,,67.44
131.0,12.0,,,,,REGULAR_SEASON,,,,,,,,Dax Paddock,,,,,,,,,,,,,,,4.0,,,,85.0,,,,99.0,,,,,,,,25.0,,,,,,,1775.0,11.15,,,,21.0,,CIN_DT_03,DT,,,,150.0,,,38.0,,,,,0,,,,,,124.0,,,,,16.0,,,,0,3133.0,107.0,,238.0,,,45.0,,,,822.0,,,,,,,
28.0,6.0,,,,,REGULAR_SEASON,,,,,,,,Merrick Cravens,,,,,,,,,,,,,,,1.0,,,,17.0,,,,17.0,,,,,,,,7.0,,,,,,,366.0,2.4,,,,1.0,,CIN_DT_05,DT,,,,36.0,,,12.0,,,,,1,,,,,,29.0,,,,,7.0,,,,0,646.0,23.0,,51.0,,,8.0,,,,157.0,,,,,,,
,,,,,,REGULAR_SEASON,,,,,,,,Khalil Aubert,,,,,,,,,,,,,,,,,,,79.0,,,29.0,,87.0,,,,,,,,,,,7361.1,2833.0,,,,,,,44.0,,SEA_OG_05,OG,,,,,137.0,,,,,,,0,,,192.0,2298.0,984.0,,,,,,,21.0,,,0,5131.0,,79.0,,,,,,,,792.0,,,,,,,
74.0,9.0,,,,,REGULAR_SEASON,,,,,,,,Devante McKissic,,,,,,,,,,,,,,,5.0,,,,56.0,,,,88.0,,,,,,,,11.0,,,,,,,1401.0,7.86,,,,16.0,,P100134_EDGE,EDGE,,,,133.0,,,39.0,,,,,0,,,,,,95.0,,,,,7.0,,,,0,2472.0,60.0,,134.0,,,25.0,,,,528.0,,,,,,,
22.0,5.0,,,,,REGULAR_SEASON,,,,,,,,Randall Navarrete,,,,,,,,,,,,,,,0.0,,,,17.0,,,,28.0,,,,,,,,3.0,,,,,,,409.0,2.34,,,,2.0,,P100265_EDGE,EDGE,,,,41.0,,,12.0,,,,,1,,,,,,32.0,,,,,2.0,,,,0,719.0,15.0,,37.0,,,3.0,,,,157.0,,,,,,,
,,,72.0,,,REGULAR_SEASON,,,,524.0,,,,Fenwick Bowersox,,,,,,,,,,,,,,,,12.0,,,15.0,,,,,,,,1.0,,,,12.0,,,,,,6.0,,,,,958.8,4.0,,LAR_LB_03,LB,,,,8.0,,,,,22.0,,,1,,,,,,10.0,,,,,1.0,,,,0,683.0,47.0,,77.0,52.0,0.0,11.0,,,,124.0,,,,,250.0,,7.15
,,,73.0,,,REGULAR_SEASON,,,,420.0,,,,Vann Shockley,,,,,,,,,,,,,,,,5.0,,,12.0,,,,,,,,0.0,,,,8.0,,,,,,2.0,,,,,1184.2,4.0,,LAR_LB_05,LB,,,,13.0,,,,,37.0,,,1,,,,,,5.0,,,,,3.0,,,,0,546.0,51.0,,76.0,48.0,2.0,9.0,,,,113.0,,,,,381.0,,11.33
,,203.0,,,1810.0,REGULAR_SEASON,1784.0,,,,282.0,122.0,,Miles Gathers,,104.0,,,,,,,,,,,,841.0,,,5.0,2.0,79.0,,,,,,,,72.0,,,,,,,2620.0,,,,,,93.0,18723.0,,,628.0,TB_QB_02,QB,810.0,365.0,3413.0,,,,,,,,,0,,,,,,,270.0,,1046.0,1221.0,,,177.0,168.0,0,4987.0,,79.0,,,,,131.0,,101.0,788.0,,,,,,,
,,,,,,REGULAR_SEASON,,21.0,55.0,,,,62.0,Bodhi Legette,24.0,,,,,,,,,,,,,81.0,,,,,58.0,,,,,,,,,,,,,30.0,,,,,,,,,,,,,P100165_WR,WR,,,,,,,,211.0,,13.0,2589.0,0,,2160.0,,737.0,,,,,,,,,,,0,2546.0,,,,391.0,,,,,,579.0,,,1130.0,,,,
87.0,11.0,,,,,REGULAR_SEASON,,,,,,,,Bexley Ladouceur,,,,,,,,,,,,,,,4.0,,,,56.0,,,,81.0,,,,,,,,17.0,,,,,,,1394.0,7.07,,,,13.0,,P100261_EDGE,EDGE,,,,118.0,,,31.0,,,,,0,,,,,,79.0,,,,,6.0,,,,0,2459.0,67.0,,154.0,,,24.0,,,,558.0,,,,,,,
,,,,,,REGULAR_SEASON,,,,2492.0,,,,Otis Kemper,,,,,,,,,,,,,,,,38.0,,,63.0,,,,,,,,0.0,,,,21.0,,,,,,22.0,,,,,5568.7,22.0,,P100116_S,S,,,,,,,,,149.0,,,0,,,,,,37.0,,,,,,,,,0,3231.0,136.0,,234.0,235.0,15.0,,,,,629.0,,,,,1716.0,,43.4
,,,,,,REGULAR_SEASON,,26.0,56.0,,,,56.0,Saxon Mastrangelo,20.0,,,,,,,,,,,,,96.0,,,,,33.0,,,,,,,,,,,,,16.0,,,,,,,,,,,,,DET_WR_06,WR,,,,,,,,215.0,,15.0,2613.0,1,,1185.0,,401.0,,,,,,,,,,,0,1397.0,,,,361.0,,,,,,296.0,,,1120.0,,,,
,,,,,,REGULAR_SEASON,,10.0,24.0,,,,19.0,Jace Sinnott,10.0,,,,,,,,,,,,,20.0,,,,,34.0,,,,,,,,,,,,,17.0,,,,,,,,,,,,,GB_TE_02,TE,,,,,,,,73.0,,,1026.0,1,,1170.0,,399.0,,,,,,,,,,,0,1378.0,,,,135.0,,,,,,311.0,,,408.0,,,,
,,,,,,REGULAR_SEASON,,,,,,,,Ruben Salvador,,,,,,,,,,,,,,,,,,,4.0,,,0.0,,12.0,,,,,,,,,,,357.4,148.0,,,,,,,5.0,,P100070_OT,OT,,,,,13.0,,,,,,,1,,,26.0,120.0,31.0,,,,,,,1.0,,,0,268.0,,4.0,,,,,,,,33.0,,,,,,,
,,,403.0,,,REGULAR_SEASON,,,,2302.0,,,,Stefano Nakoa,,,,,,,,,,,,,,,,33.0,,,67.0,,,,,,,,4.0,,,,52.0,,,,,,14.0,,,,,6073.5,21.0,,P100185_LB,LB,,,,36.0,,,,,181.0,,,1,,,,,,37.0,,,,,6.0,,,,0,2994.0,284.0,,437.0,275.0,19.0,48.0,,,,622.0,,,,,2000.0,,59.28
,,,,,,REGULAR_SEASON,,,,303.0,,,,Baylor Gaskins,,,,,,,,,,,,,,,,1.0,,,8.0,,,,,,,,0.0,,,,1.0,,,,,,1.0,,,,,822.1,1.0,,GB_CB_05,CB,,,,,,,,,38.0,,,1,,,,,,8.0,,,,,,,,,0,394.0,12.0,,21.0,50.0,2.0,,,,,63.0,,,,,436.0,,11.38
,,,,,,REGULAR_SEASON,,,,3276.0,,,,Dakari Kolodziej,,,,,,,,,,,,,,,,48.0,,,85.0,,,,,,,,5.0,,,,40.0,,,,,,20.0,,,,,7272.6,25.0,,P100131_CB,CB,,,,,,,,,233.0,,,0,,,,,,53.0,,,,,,,,,0,4245.0,206.0,,347.0,371.0,12.0,,,,,795.0,,,,,2847.0,,74.44
,,,,,,REGULAR_SEASON,,,,2274.0,,,,Sinclair Derozan,,,,,,,,,,,,,,,,30.0,,,59.0,,,,,,,,2.0,,,,38.0,,,,,,14.0,,,,,5562.5,14.0,,P100180_CB,CB,,,,,,,,,173.0,,,0,,,,,,46.0,,,,,,,,,0,2947.0,149.0,,240.0,255.0,13.0,,,,,513.0,,,,,1978.0,,51.45
,,,,,,REGULAR_SEASON,,,,,,,,Hendrix Chappell,,,,70.0,22.0,18.0,15.0,11.0,60.0,22.0,17.0,8.0,9.0,,,,,,49.0,,2.0,,,,,,,176.0,,1680.0,,,,,,,,,,,,,,,P100052_K,K,,,,,,,,,,,,0,,,,,,,,,,,,,,,0,294.0,,,,,,,,111.0,,454.0,103.0,100.0,,,,,
,,193.0,,,1760.0,REGULAR_SEASON,1693.0,,,,299.0,104.0,,Leon Gaddis,,102.0,,,,,,,,,,,,796.0,,,7.0,4.0,76.0,,,,,,,,54.0,,,,,,,2567.0,,,,,,121.0,19388.0,,,650.0,P100074_QB,QB,807.0,356.0,3257.0,,,,,,,,,0,,,,,,,244.0,,1035.0,851.0,,,135.0,135.0,0,4801.0,,76.0,,,,,131.0,,106.0,676.0,,,,,,,
,,,,,,REGULAR_SEASON,,,,,,,,Colton Petitgout,,,,,,,,,,,,,,,,,,,79.0,,,40.0,,91.0,,,,,,,,,,,7320.0,2868.0,,,,,,,47.0,,P100060_OG,OG,,,,,152.0,,,,,,,0,,,198.0,2323.0,923.0,,,,,,,23.0,,,0,5191.0,,79.0,,,,,,,,739.0,,,,,,,
,,,452.0,,,REGULAR_SEASON,,,,2699.0,,,,Vicente Tindall,,,,,,,,,,,,,,,,54.0,,,78.0,,,,,,,,8.0,,,,63.0,,,,,,21.0,,,,,6313.4,25.0,,FA_LB_118,LB,,,,55.0,,,,,176.0,,,0,,,,,,52.0,,,,,15.0,,,,0,3515.0,286.0,,448.0,313.0,10.0,54.0,,,,710.0,,,,,2117.0,,62.07
,,,,,,REGULAR_SEASON,,7.0,29.0,,,,10.0,Solomon Quessenberry,10.0,,,,,,,,,,,,,31.0,,,,,17.0,,,,,,,,,,,,,7.0,,,,,,,,,,,,,CLE_WR_05,WR,,,,,,,,75.0,,3.0,932.0,1,,635.0,,218.0,,,,,,,,,,,0,749.0,,,,130.0,,,,,,174.0,,,359.0,,,,
108.0,7.0,,,,,REGULAR_SEASON,,,,,,,,Zamir Padgett,,,,,,,,,,,,,,,3.0,,,,69.0,,,,98.0,,,,,,,,23.0,,,,,,,1706.0,8.49,,,,10.0,,P100018_EDGE,EDGE,,,,143.0,,,36.0,,,,,0,,,,,,100.0,,,,,11.0,,,,0,2993.0,92.0,,200.0,,,32.0,,,,687.0,,,,,,,
119.0,14.0,,,,,REGULAR_SEASON,,,,,,,,Arlen Bedard,,,,,,,,,,,,,,,6.0,,,,76.0,,,,102.0,,,,,,,,23.0,,,,,,,1915.0,8.62,,,,18.0,,P100146_EDGE,EDGE,,,,150.0,,,42.0,,,,,0,,,,,,88.0,,,,,7.0,,,,0,3367.0,98.0,,217.0,,,32.0,,,,706.0,,,,,,,
,,,,,,REGULAR_SEASON,,,,2535.0,,,,Silas Bainbridge,,,,,,,,,,,,,,,,43.0,,,64.0,,,,,,,,4.0,,,,33.0,,,,,,20.0,,,,,5373.0,19.0,,P100142_S,S,,,,,,,,,176.0,,,0,,,,,,34.0,,,,,,,,,0,3286.0,162.0,,265.0,269.0,9.0,,,,,586.0,,,,,2039.0,,51.59
,,,,,,REGULAR_SEASON,,46.0,98.0,,,,89.0,Isaias Daigle,23.0,,,,,,,,,,,,,134.0,,,,,67.0,,,,,,,,,,,,,28.0,,,,,,,,,,,,,ATL_WR_06,WR,,,,,,,,326.0,,22.0,4082.0,0,,2518.0,,858.0,,,,,,,,,,,0,2967.0,,,,553.0,,,,,,664.0,,,1651.0,,,,
,,,,,,REGULAR_SEASON,,16.0,44.0,,,,41.0,Seamus Garrison,24.0,,,,,,,,,,,,,47.0,,,,,74.0,,,,,,,,,,,,,38.0,,,,,,,,,,,,,P100218_WR,WR,,,,,,,,163.0,,5.0,2175.0,0,,2703.0,,921.0,,,,,,,,,,,0,3187.0,,,,287.0,,,,,,715.0,,,852.0,,,,
,,,,,,REGULAR_SEASON,,,,,,,,Ajani Ridgeway,,,,,,,,,,,,,,,,,,,44.0,,,17.0,,53.0,,,,,,,,,,,4109.1,1607.0,,,,,,,26.0,,ATL_OT_04,OT,,,,,79.0,,,,,,,1,,,102.0,1304.0,568.0,,,,,,,11.0,,,0,2911.0,,44.0,,,,,,,,368.0,,,,,,,
,,,,,,REGULAR_SEASON,,,,,,,,Ramsey Ravenel,,,,,,,,,,,,,,,,,,,64.0,,,28.0,,84.0,,,,,,,,,,,5899.8,2290.0,,,,,,,44.0,,ATL_OG_04,OG,,,,,130.0,,,,,,,0,,,160.0,1859.0,773.0,,,,,,,20.0,,,0,4149.0,,64.0,,,,,,,,617.0,,,,,,,
60.0,4.0,,,,,REGULAR_SEASON,,,,,,,,Cortez Waterhouse,,,,,,,,,,,,,,,0.0,,,,35.0,,,,30.0,,,,,,,,13.0,,,,,,,760.0,4.34,,,,8.0,,ATL_DT_05,DT,,,,57.0,,,19.0,,,,,1,,,,,,37.0,,,,,14.0,,,,0,1341.0,43.0,,103.0,,,9.0,,,,312.0,,,,,,,
,,,314.0,,,REGULAR_SEASON,,,,1787.0,,,,Cannon Darboe,,,,,,,,,,,,,,,,20.0,,,51.0,,,,,,,,5.0,,,,32.0,,,,,,11.0,,,,,4062.7,13.0,,ATL_LB_05,LB,,,,40.0,,,,,124.0,,,0,,,,,,37.0,,,,,4.0,,,,0,2319.0,193.0,,304.0,211.0,6.0,45.0,,,,470.0,,,,,1365.0,,39.65
,,,,,,REGULAR_SEASON,,,,575.0,,,,Wolfgang Timmerman,,,,,,,,,,,,,,,,10.0,,,15.0,,,,,,,,1.0,,,,8.0,,,,,,4.0,,,,,1184.3,5.0,,P100254_CB,CB,,,,,,,,,42.0,,,1,,,,,,8.0,,,,,,,,,0,745.0,39.0,,64.0,72.0,4.0,,,,,133.0,,,,,463.0,,12.03
,,,,,,REGULAR_SEASON,,,,2431.0,,,,Graham Sagapolutele,,,,,,,,,,,,,,,,49.0,,,62.0,,,,,,,,0.0,,,,28.0,,,,,,29.0,,,,,5243.4,13.0,,P100117_S,S,,,,,,,,,145.0,,,0,,,,,,49.0,,,,,,,,,0,3154.0,146.0,,239.0,229.0,6.0,,,,,543.0,,,,,1566.0,,39.96
,,,,,,REGULAR_SEASON,,,,,,,,Shaquille Latimore,,,,,,,,,,,,,,,,,,,10.0,1548.0,,,,,4.0,13.0,,,489.0,,,,1396.0,,,,,,,,,,,,FA_P_070,P,,,,,,34.0,,,,,,1,152.0,,,,,,,,,,,,,,0,50.0,,,,,,,,4.0,,96.0,,,,,,,
,,,,,,REGULAR_SEASON,,,,,,,,Bryce Schreiber,,,,,,,,,,,,,,,,,,,23.0,,,11.0,,25.0,,,,,,,,,,,2104.4,830.0,,,,,,,16.0,,DEN_OT_04,OT,,,,,46.0,,,,,,,0,,,74.0,674.0,263.0,,,,,,,10.0,,,0,1504.0,,23.0,,,,,,,,190.0,,,,,,,
,,,,,,REGULAR_SEASON,,,,,,,,Malik Gallardo,,,,,,,,,,,,,,,,,,,17.0,,,6.0,,22.0,,,,,,,,,,,1574.5,628.0,,,,,,,7.0,,DEN_OG_04,OG,,,,,33.0,,,,,,,1,,,46.0,504.0,213.0,,,,,,,5.0,,,0,1132.0,,17.0,,,,,,,,153.0,,,,,,,
106.0,14.0,,,,,REGULAR_SEASON,,,,,,,,Vaughn Zapatero,,,,,,,,,,,,,,,7.0,,,,65.0,,,,73.0,,,,,,,,26.0,,,,,,,1586.0,7.53,,,,8.0,,P100114_EDGE,EDGE,,,,118.0,,,37.0,,,,,0,,,,,,68.0,,,,,10.0,,,,0,2794.0,88.0,,194.0,,,29.0,,,,595.0,,,,,,,
,,,,,,REGULAR_SEASON,,,,,,,,Gavin Hufanga,,,,,,,,,,,,,,,,,,,68.0,12969.0,,,,,30.0,106.0,,,3827.0,,,,11769.0,,,,,,,,,,,,P100081_P,P,,,,,,273.0,,,,,,0,1200.0,,,,,,,,,,,,,,0,340.0,,,,,,,,23.0,,647.0,,,,,,,
,,,,,,REGULAR_SEASON,,12.0,30.0,,,,37.0,Otto Zenner,11.0,,,,,,,,,,,,,32.0,,,,,51.0,,,,,,,,,,,,,23.0,,,,,,,,,,,,,P100050_TE,TE,,,,,,,,100.0,,,1368.0,0,,1735.0,,595.0,,,,,,,,,,,0,2050.0,,,,197.0,,,,,,497.0,,,590.0,,,,
110.0,12.0,,,,,REGULAR_SEASON,,,,,,,,Hasani Desormeaux,,,,,,,,,,,,,,,9.0,,,,68.0,,,,111.0,,,,,,,,13.0,,,,,,,1690.0,10.6,,,,15.0,,P100279_EDGE,EDGE,,,,188.0,,,59.0,,,,,0,,,,,,125.0,,,,,22.0,,,,0,2983.0,93.0,,203.0,,,46.0,,,,643.0,,,,,,,
,,,,,,REGULAR_SEASON,,,,3453.0,,,,Ludwig Sanborn,,,,,,,,,,,,,,,,54.0,,,85.0,,,,,,,,3.0,,,,36.0,,,,,,25.0,,,,,7300.4,27.0,,P100210_S,S,,,,,,,,,195.0,,,0,,,,,,68.0,,,,,,,,,0,4469.0,211.0,,347.0,312.0,18.0,,,,,777.0,,,,,2267.0,,56.06
,,183.0,,,1748.0,REGULAR_SEASON,1565.0,,,,259.0,99.0,,Maddox Kowalski,,109.0,,,,,,,,,,,,740.0,,,10.0,5.0,77.0,,,,,,,,58.0,,,,,,,2521.0,,,,,,101.0,18250.0,,,604.0,TEN_QB_02,QB,773.0,349.0,3249.0,,,,,,,,,0,,,,,,,269.0,,1004.0,1126.0,,,168.0,174.0,0,4937.0,,77.0,,,,,134.0,,105.0,683.0,,,,,,,
,,,,,,REGULAR_SEASON,,0.0,4.0,,,,3.0,Conrad Tanguay,0.0,,,,,,,,,,,,,0.0,,,,,8.0,,,,,,,,,,,,,2.0,,,,,,,,,,,,,NYG_WR_06,WR,,,,,,,,6.0,,,109.0,1,,284.0,,96.0,,,,,,,,,,,0,333.0,,,,16.0,,,,,,81.0,,,43.0,,,,
,,,,,,REGULAR_SEASON,,,,,,,,Ibrahim Ochoa,,,,,,,,,,,,,,,,,,,75.0,13097.0,,,,,44.0,115.0,,,3888.0,,,,11857.0,,,,,,,,,,,,P100226_P,P,,,,,,283.0,,,,,,0,1240.0,,,,,,,,,,,,,,0,375.0,,,,,,,,13.0,,694.0,,,,,,,
,,,,85.0,,REGULAR_SEASON,,62.0,131.0,,,,92.0,Efrain Teasdale,36.0,,52.0,,,,,,,,,,,206.0,,,4.0,,67.0,,,,,,,,,,,,,44.0,,,,376.0,,,,,,,,,FA_RB_021,RB,,,,,26.0,,,462.0,,,5493.0,1,,468.0,,112.0,,,564.0,12.0,2582.0,,,,,,0,1434.0,,,,706.0,,,,,,630.0,,,2161.0,1182.0,,1416.0,
,,,,124.0,,REGULAR_SEASON,,150.0,304.0,,,,245.0,Jamari Herrera,79.0,,94.0,,,,,,,,,,,512.0,,,5.0,,81.0,,,,,,,,,,,,,51.0,,,,439.0,,,,,,,,,P100007_RB,RB,,,,,37.0,,,1070.0,,,11633.0,1,,825.0,,214.0,,,1394.0,32.0,5958.0,,,,,,0,2478.0,,,,1684.0,,,,,,762.0,,,5005.0,2430.0,,3567.0,
,,,,,,REGULAR_SEASON,,,,,,,,Walker Granderson,,,,,,,,,,,,,,,,,,,36.0,,,17.0,,44.0,,,,,,,,,,,3279.4,1311.0,,,,,,,17.0,,MIN_OG_01,OG,,,,,74.0,,,,,,,1,,,96.0,1066.0,438.0,,,,,,,17.0,,,0,2377.0,,36.0,,,,,,,,330.0,,,,,,,
128.0,11.0,,,,,REGULAR_SEASON,,,,,,,,Hakeem Merriweather,,,,,,,,,,,,,,,5.0,,,,85.0,,,,104.0,,,,,,,,25.0,,,,,,,2120.0,11.57,,,,23.0,,FA_EDGE_182,EDGE,,,,198.0,,,72.0,,,,,0,,,,,,146.0,,,,,27.0,,,,0,3734.0,112.0,,240.0,,,41.0,,,,798.0,,,,,,,
,,,486.0,,,REGULAR_SEASON,,,,3001.0,,,,Finnian Bowersox,,,,,,,,,,,,,,,,53.0,,,85.0,,,,,,,,7.0,,,,52.0,,,,,,32.0,,,,,7084.3,17.0,,FA_LB_159,LB,,,,58.0,,,,,209.0,,,0,,,,,,66.0,,,,,7.0,,,,0,3893.0,340.0,,524.0,324.0,12.0,65.0,,,,775.0,,,,,2391.0,,68.98
,,,,,,REGULAR_SEASON,,,,740.0,,,,Levi Reinhold,,,,,,,,,,,,,,,,14.0,,,19.0,,,,,,,,3.0,,,,11.0,,,,,,8.0,,,,,1376.4,8.0,,P100174_CB,CB,,,,,,,,,46.0,,,1,,,,,,13.0,,,,,,,,,0,958.0,44.0,,74.0,74.0,2.0,,,,,185.0,,,,,455.0,,11.82
,,,,,,REGULAR_SEASON,,,,1469.0,,,,Jaheim Schofield,,,,,,,,,,,,,,,,12.0,,,36.0,,,,,,,,2.0,,,,10.0,,,,,,5.0,,,,,3558.1,7.0,,P100042_S,S,,,,,,,,,120.0,,,0,,,,,,26.0,,,,,,,,,0,1899.0,81.0,,132.0,166.0,8.0,,,,,365.0,,,,,1451.0,,35.86
,,,,,,REGULAR_SEASON,,,,,,,,Duncan Hilliard,,,,119.0,28.0,30.0,37.0,23.0,111.0,26.0,30.0,32.0,19.0,,,,,,77.0,,8.0,,,,,,,303.0,,2960.0,,,,,,,,,,,,,,,FA_K_006,K,,,,,,,,,,,,0,,,,,,,,,,,,,,,0,462.0,,,,,,,,186.0,,698.0,153.0,146.0,,,,,
,,,,,,REGULAR_SEASON,,,,,,,,Linus Batiste,,,,,,,,,,,,,,,,,,,36.0,,,12.0,,38.0,,,,,,,,,,,3364.3,1310.0,,,,,,,18.0,,BAL_OG_04,OG,,,,,59.0,,,,,,,0,,,102.0,1057.0,424.0,,,,,,,11.0,,,0,2367.0,,36.0,,,,,,,,340.0,,,,,,,
,,,,,,REGULAR_SEASON,,32.0,82.0,,,,65.0,Hamza Dargan,26.0,,,,,,,,,,,,,110.0,,,,,71.0,,,,,,,,,,,,,29.0,,,,,,,,,,,,,PIT_WR_05,WR,,,,,,,,283.0,,23.0,3582.0,0,,2593.0,,886.0,,,,,,,,,,,0,3056.0,,,,477.0,,,,,,674.0,,,1506.0,,,,
108.0,9.0,,,,,REGULAR_SEASON,,,,,,,,Braxton Finnegan,,,,,,,,,,,,,,,2.0,,,,69.0,,,,64.0,,,,,,,,20.0,,,,,,,1437.0,8.4,,,,17.0,,P100135_DT,DT,,,,109.0,,,29.0,,,,,0,,,,,,86.0,,,,,19.0,,,,0,2537.0,93.0,,201.0,,,29.0,,,,639.0,,,,,,,
,,,,,,REGULAR_SEASON,,,,2259.0,,,,Jaden Flannery,,,,,,,,,,,,,,,,25.0,,,59.0,,,,,,,,7.0,,,,33.0,,,,,,15.0,,,,,4973.5,15.0,,P100153_CB,CB,,,,,,,,,155.0,,,0,,,,,,52.0,,,,,,,,,0,2928.0,127.0,,211.0,253.0,17.0,,,,,595.0,,,,,1741.0,,45.41
,,,,,,REGULAR_SEASON,,,,517.0,,,,Easton Ledbetter,,,,,,,,,,,,,,,,10.0,,,13.0,,,,,,,,1.0,,,,3.0,,,,,,6.0,,,,,1068.6,3.0,,PIT_S_04,S,,,,,,,,,33.0,,,1,,,,,,9.0,,,,,,,,,0,671.0,35.0,,58.0,58.0,3.0,,,,,120.0,,,,,329.0,,8.27
86.0,10.0,,,,,REGULAR_SEASON,,,,,,,,Jaden Carvalho,,,,,,,,,,,,,,,1.0,,,,57.0,,,,72.0,,,,,,,,21.0,,,,,,,1398.0,7.23,,,,9.0,,P100009_EDGE,EDGE,,,,114.0,,,32.0,,,,,0,,,,,,86.0,,,,,12.0,,,,0,2458.0,76.0,,162.0,,,25.0,,,,501.0,,,,,,,
115.0,11.0,,,,,REGULAR_SEASON,,,,,,,,Kolby Rolle,,,,,,,,,,,,,,,6.0,,,,79.0,,,,107.0,,,,,,,,13.0,,,,,,,1682.0,11.93,,,,11.0,,DET_DT_03,DT,,,,166.0,,,41.0,,,,,0,,,,,,137.0,,,,,23.0,,,,0,2959.0,94.0,,209.0,,,43.0,,,,700.0,,,,,,,
,,,393.0,,,REGULAR_SEASON,,,,2453.0,,,,Palmer Jorgensen,,,,,,,,,,,,,,,,43.0,,,70.0,,,,,,,,5.0,,,,36.0,,,,,,23.0,,,,,5635.8,19.0,,SF_LB_05,LB,,,,51.0,,,,,164.0,,,0,,,,,,47.0,,,,,6.0,,,,0,3183.0,244.0,,388.0,272.0,10.0,65.0,,,,685.0,,,,,1801.0,,51.43
,,,,,,REGULAR_SEASON,,,,3267.0,,,,Barrett Wiggington,,,,,,,,,,,,,,,,60.0,,,81.0,,,,,,,,4.0,,,,29.0,,,,,,33.0,,,,,6067.4,16.0,,P100075_S,S,,,,,,,,,141.0,,,0,,,,,,53.0,,,,,,,,,0,4240.0,189.0,,321.0,269.0,15.0,,,,,754.0,,,,,1569.0,,39.46
,,,,,,REGULAR_SEASON,,45.0,94.0,,,,87.0,Clay Thackeray,25.0,,,,,,,,,,,,,92.0,,,,,83.0,,,,,,,,,,,,,51.0,,,,,,,,,,,,,DET_WR_04,WR,,,,,,,,270.0,,15.0,3530.0,0,,3048.0,,1037.0,,,,,,,,,,,0,3593.0,,,,528.0,,,,,,750.0,,,1445.0,,,,
,,,,,,REGULAR_SEASON,,,,,,,,Clovis Gholston,,,,,,,,,,,,,,,,,,,20.0,,,4.0,,24.0,,,,,,,,,,,1860.6,721.0,,,,,,,16.0,,CAR_OG_03,OG,,,,,34.0,,,,,,,0,,,52.0,586.0,260.0,,,,,,,6.0,,,0,1307.0,,20.0,,,,,,,,200.0,,,,,,,
100.0,11.0,,,,,REGULAR_SEASON,,,,,,,,Dorian Yiadom,,,,,,,,,,,,,,,3.0,,,,69.0,,,,88.0,,,,,,,,22.0,,,,,,,1716.0,8.94,,,,17.0,,P100231_EDGE,EDGE,,,,154.0,,,51.0,,,,,0,,,,,,107.0,,,,,19.0,,,,0,3024.0,72.0,,172.0,,,26.0,,,,618.0,,,,,,,
,,,473.0,,,REGULAR_SEASON,,,,2700.0,,,,Cullen Hagerty,,,,,,,,,,,,,,,,69.0,,,78.0,,,,,,,,8.0,,,,36.0,,,,,,42.0,,,,,6091.8,19.0,,P100176_LB,LB,,,,49.0,,,,,152.0,,,0,,,,,,50.0,,,,,6.0,,,,0,3511.0,285.0,,448.0,271.0,14.0,60.0,,,,720.0,,,,,1914.0,,55.29
,,,101.0,,,REGULAR_SEASON,,,,595.0,,,,Griffin Jorgensen,,,,,,,,,,,,,,,,8.0,,,17.0,,,,,,,,6.0,,,,11.0,,,,,,6.0,,,,,1221.3,6.0,,CAR_LB_05,LB,,,,11.0,,,,,49.0,,,1,,,,,,12.0,,,,,4.0,,,,0,774.0,59.0,,93.0,79.0,3.0,12.0,,,,155.0,,,,,540.0,,15.57
,,,185.0,,,REGULAR_SEASON,,,,1179.0,,,,Jeremiah Hufanga,,,,,,,,,,,,,,,,26.0,,,34.0,,,,,,,,3.0,,,,24.0,,,,,,10.0,,,,,2882.7,15.0,,P100195_LB,LB,,,,33.0,,,,,91.0,,,0,,,,,,21.0,,,,,4.0,,,,0,1532.0,128.0,,196.0,147.0,6.0,26.0,,,,315.0,,,,,1006.0,,29.75
,,,,,,REGULAR_SEASON,,,,3381.0,,,,Zane Marchand,,,,,,,,,,,,,,,,64.0,,,85.0,,,,,,,,1.0,,,,34.0,,,,,,34.0,,,,,7757.7,21.0,,P100283_S,S,,,,,,,,,209.0,,,0,,,,,,48.0,,,,,,,,,0,4385.0,196.0,,326.0,328.0,13.0,,,,,791.0,,,,,2583.0,,65.31
,,,,141.0,,REGULAR_SEASON,,136.0,304.0,,,,251.0,Lemuel Kroll,96.0,,134.0,,,,,,,,,,,647.0,,,10.0,,79.0,,,,,,,,,,,,,51.0,,,,449.0,,,,,,,,,P100035_RB,RB,,,,,45.0,,,1285.0,,,14690.0,0,,888.0,,231.0,,,1614.0,70.0,7091.0,,,,,,0,2645.0,,,,1931.0,,,,,,752.0,,,5974.0,3230.0,,3875.0,
,,,,,,REGULAR_SEASON,,,,,,,,Vernon Cromartie,,,,,,,,,,,,,,,,,,,81.0,,,28.0,,92.0,,,,,,,,,,,7443.2,2912.0,,,,,,,39.0,,P100300_C,C,,,,,151.0,,,,,,,0,,,200.0,2359.0,972.0,,,,,,,34.0,,,0,5271.0,,81.0,,,,,,,,792.0,,,,,,,
,,,193.0,,,REGULAR_SEASON,,,,1078.0,,,,Fitz Lemieux,,,,,,,,,,,,,,,,21.0,,,30.0,,,,,,,,2.0,,,,23.0,,,,,,14.0,,,,,2325.3,11.0,,CAR_LB_04,LB,,,,17.0,,,,,57.0,,,1,,,,,,16.0,,,,,1.0,,,,0,1398.0,121.0,,187.0,108.0,7.0,25.0,,,,257.0,,,,,620.0,,17.4
,,,,,,REGULAR_SEASON,,17.0,47.0,,,,54.0,Lorenzo Gaddis,21.0,,,,,,,,,,,,,67.0,,,,,52.0,,,,,,,,,,,,,31.0,,,,,,,,,,,,,P100022_WR,WR,,,,,,,,179.0,,8.0,2271.0,0,,1925.0,,657.0,,,,,,,,,,,0,2270.0,,,,311.0,,,,,,490.0,,,900.0,,,,
82.0,7.0,,,,,REGULAR_SEASON,,,,,,,,Quade Harkness,,,,,,,,,,,,,,,3.0,,,,51.0,,,,67.0,,,,,,,,18.0,,,,,,,1090.0,7.31,,,,12.0,,DET_DT_04,DT,,,,108.0,,,27.0,,,,,0,,,,,,90.0,,,,,21.0,,,,0,1922.0,60.0,,142.0,,,23.0,,,,489.0,,,,,,,
,,,,93.0,,REGULAR_SEASON,,102.0,209.0,,,,195.0,Camden McKissic,75.0,,81.0,,,,,,,,,,,369.0,,,8.0,,81.0,,,,,,,,,,,,,36.0,,,,438.0,,,,,,,,,P100058_RB,RB,,,,,55.0,,,790.0,,,8936.0,0,,676.0,,166.0,,,996.0,22.0,4264.0,,,,,,0,2041.0,,,,1205.0,,,,,,764.0,,,3748.0,1752.0,,2534.0,
,,,,,,REGULAR_SEASON,,,,,,,,Renard Salvador,,,,,,,,,,,,,,,,,,,32.0,,,16.0,,27.0,,,,,,,,,,,3008.4,1166.0,,,,,,,20.0,,PIT_OG_03,OG,,,,,50.0,,,,,,,1,,,87.0,945.0,388.0,,,,,,,8.0,,,0,2111.0,,32.0,,,,,,,,311.0,,,,,,,
111.0,14.0,,,,,REGULAR_SEASON,,,,,,,,Ferris Southall,,,,,,,,,,,,,,,7.0,,,,73.0,,,,95.0,,,,,,,,19.0,,,,,,,1803.0,9.08,,,,14.0,,P100214_EDGE,EDGE,,,,144.0,,,44.0,,,,,0,,,,,,91.0,,,,,8.0,,,,0,3181.0,94.0,,205.0,,,26.0,,,,686.0,,,,,,,
,,,,,,REGULAR_SEASON,,,,1974.0,,,,Riordan Chenoweth,,,,,,,,,,,,,,,,19.0,,,51.0,,,,,,,,5.0,,,,23.0,,,,,,7.0,,,,,4352.4,23.0,,P100249_CB,CB,,,,,,,,,133.0,,,0,,,,,,39.0,,,,,,,,,0,2558.0,133.0,,223.0,200.0,7.0,,,,,485.0,,,,,1565.0,,40.8
,,,,,,REGULAR_SEASON,,,,,,,,Silas Dumervil,,,,120.0,34.0,29.0,27.0,29.0,97.0,28.0,26.0,19.0,27.0,,,,,,80.0,,11.0,,,,,,,314.0,,2704.0,,,,,,,,,,,,,,,P100078_K,K,,,,,,,,,,,,0,,,,,,,,,,,,,,,0,480.0,,,,,,,,188.0,,748.0,165.0,154.0,,,,,
,,,,84.0,,REGULAR_SEASON,,112.0,241.0,,,,211.0,Clay Mostert,81.0,,80.0,,,,,,,,,,,471.0,,,5.0,,80.0,,,,,,,,,,,,,39.0,,,,416.0,,,,,,,,,SF_RB_04,RB,,,,,30.0,,,958.0,,,11182.0,0,,720.0,,178.0,,,1135.0,29.0,4749.0,,,,,,0,2166.0,,,,1426.0,,,,,,765.0,,,4769.0,1940.0,,2826.0,
,,,,,,REGULAR_SEASON,,29.0,81.0,,,,54.0,Ludwig Atwater,24.0,,,,,,,,,,,,,70.0,,,,,78.0,,,,,,,,,,,,,29.0,,,,,,,,,,,,,LV_WR_04,WR,,,,,,,,206.0,,13.0,2538.0,0,,2891.0,,985.0,,,,,,,,,,,0,3407.0,,,,382.0,,,,,,663.0,,,1056.0,,,,
,,,,,,REGULAR_SEASON,,24.0,67.0,,,,54.0,Theo Killebrew,18.0,,,,,,,,,,,,,70.0,,,,,79.0,,,,,,,,,,,,,47.0,,,,,,,,,,,,,P100219_TE,TE,,,,,,,,212.0,,4.0,2822.0,0,,2685.0,,916.0,,,,,,,,,,,0,3174.0,,,,381.0,,,,,,766.0,,,1177.0,,,,
,,,,,,REGULAR_SEASON,,17.0,51.0,,,,44.0,Willem Freeney,20.0,,,,,,,,,,,,,60.0,,,,,46.0,,,,,,,,,,,,,19.0,,,,,,,,,,,,,P100212_TE,TE,,,,,,,,158.0,,,2027.0,0,,1538.0,,521.0,,,,,,,,,,,0,1811.0,,,,280.0,,,,,,415.0,,,819.0,,,,
,,,,,,REGULAR_SEASON,,,,,,,,Warner Hinkley,,,,,,,,,,,,,,,,,,,40.0,,,16.0,,55.0,,,,,,,,,,,3720.7,1437.0,,,,,,,18.0,,LV_OT_04,OT,,,,,78.0,,,,,,,1,,,102.0,1164.0,477.0,,,,,,,9.0,,,0,2601.0,,40.0,,,,,,,,381.0,,,,,,,
,,,101.0,,,REGULAR_SEASON,,,,610.0,,,,Langston Latimore,,,,,,,,,,,,,,,,10.0,,,17.0,,,,,,,,2.0,,,,9.0,,,,,,2.0,,,,,1340.4,5.0,,LV_LB_05,LB,,,,13.0,,,,,46.0,,,1,,,,,,11.0,,,,,2.0,,,,0,790.0,63.0,,96.0,75.0,3.0,14.0,,,,141.0,,,,,483.0,,13.66
,,,,68.0,,REGULAR_SEASON,,60.0,139.0,,,,106.0,Peyson Aguilar,44.0,,44.0,,,,,,,,,,,232.0,,,8.0,,67.0,,,,,,,,,,,,,23.0,,,,371.0,,,,,,,,,P100087_RB,RB,,,,,36.0,,,516.0,,,5882.0,0,,507.0,,121.0,,,626.0,16.0,2750.0,,,,,,0,1528.0,,,,773.0,,,,,,647.0,,,2469.0,1166.0,,1595.0,
98.0,12.0,,,,,REGULAR_SEASON,,,,,,,,Arch McCourty,,,,,,,,,,,,,,,5.0,,,,67.0,,,,85.0,,,,,,,,13.0,,,,,,,1632.0,8.47,,,,14.0,,P100066_EDGE,EDGE,,,,135.0,,,38.0,,,,,0,,,,,,104.0,,,,,16.0,,,,0,2870.0,74.0,,172.0,,,34.0,,,,675.0,,,,,,,
118.0,10.0,,,,,REGULAR_SEASON,,,,,,,,Norwood Dinkins,,,,,,,,,,,,,,,3.0,,,,81.0,,,,86.0,,,,,,,,23.0,,,,,,,1757.0,10.62,,,,16.0,,P100238_DT,DT,,,,153.0,,,46.0,,,,,0,,,,,,121.0,,,,,22.0,,,,0,3086.0,98.0,,216.0,,,25.0,,,,817.0,,,,,,,
27.0,4.0,,,,,REGULAR_SEASON,,,,,,,,Baldwin Dubois,,,,,,,,,,,,,,,1.0,,,,17.0,,,,13.0,,,,,,,,6.0,,,,,,,374.0,1.32,,,,5.0,,P100012_DT,DT,,,,24.0,,,8.0,,,,,1,,,,,,16.0,,,,,7.0,,,,0,659.0,19.0,,46.0,,,3.0,,,,166.0,,,,,,,
,,,92.0,,,REGULAR_SEASON,,,,595.0,,,,Mekai Babineaux,,,,,,,,,,,,,,,,10.0,,,17.0,,,,,,,,1.0,,,,8.0,,,,,,5.0,,,,,1573.1,5.0,,SEA_LB_05,LB,,,,5.0,,,,,57.0,,,1,,,,,,10.0,,,,,1.0,,,,0,772.0,58.0,,91.0,77.0,2.0,13.0,,,,166.0,,,,,650.0,,18.78
,,,,,,REGULAR_SEASON,,,,675.0,,,,Jabari Pepperell,,,,,,,,,,,,,,,,6.0,,,17.0,,,,,,,,1.0,,,,8.0,,,,,,2.0,,,,,1569.2,12.0,,SEA_CB_06,CB,,,,,,,,,60.0,,,1,,,,,,11.0,,,,,,,,,0,879.0,32.0,,56.0,84.0,2.0,,,,,166.0,,,,,641.0,,16.22
,,,,,,REGULAR_SEASON,,,,994.0,,,,Idris Poindexter,,,,,,,,,,,,,,,,12.0,,,25.0,,,,,,,,1.0,,,,9.0,,,,,,0.0,,,,,2101.4,12.0,,P100166_S,S,,,,,,,,,76.0,,,0,,,,,,13.0,,,,,,,,,0,1291.0,60.0,,102.0,119.0,2.0,,,,,241.0,,,,,884.0,,22.48
,,5.0,,,168.0,REGULAR_SEASON,146.0,,,,30.0,13.0,,Derrick Welbourne,,10.0,,,,,,,,,,,,65.0,,,1.0,1.0,8.0,,,,,,,,8.0,,,,,,,248.0,,,,,,10.0,1484.0,,,62.0,PIT_QB_03,QB,80.0,30.0,278.0,,,,,,,,,0,,,,,,,37.0,,148.0,191.0,,,27.0,22.0,0,504.0,,8.0,,,,,14.0,,19.0,46.0,,,,,,,
,,,,,,REGULAR_SEASON,,,,,,,,Zamir Pouncey,,,,,,,,,,,,,,,,,,,36.0,,,13.0,,47.0,,,,,,,,,,,3346.6,1292.0,,,,,,,20.0,,PIT_OG_04,OG,,,,,68.0,,,,,,,0,,,91.0,1044.0,432.0,,,,,,,9.0,,,0,2336.0,,36.0,,,,,,,,326.0,,,,,,,
,,,,,,REGULAR_SEASON,,,,,,,,Lincoln Clanton,,,,,,,,,,,,,,,,,,,82.0,,,36.0,,78.0,,,,,,,,,,,7635.9,2977.0,,,,,,,34.0,,P100005_C,C,,,,,139.0,,,,,,,0,,,213.0,2415.0,970.0,,,,,,,27.0,,,0,5392.0,,82.0,,,,,,,,820.0,,,,,,,
,,,,,,REGULAR_SEASON,,,,1934.0,,,,Duncan Lessard,,,,,,,,,,,,,,,,35.0,,,48.0,,,,,,,,0.0,,,,22.0,,,,,,19.0,,,,,3725.3,14.0,,FA_S_181,S,,,,,,,,,98.0,,,1,,,,,,26.0,,,,,,,,,0,2506.0,124.0,,203.0,181.0,5.0,,,,,471.0,,,,,1127.0,,27.7
,,,,,,REGULAR_SEASON,,24.0,69.0,,,,41.0,Matias Gradkowski,12.0,,,,,,,,,,,,,63.0,,,,,72.0,,,,,,,,,,,,,41.0,,,,,,,,,,,,,P100260_WR,WR,,,,,,,,189.0,,7.0,2225.0,0,,2684.0,,923.0,,,,,,,,,,,0,3166.0,,,,351.0,,,,,,655.0,,,897.0,,,,
,,,,,,REGULAR_SEASON,,24.0,65.0,,,,42.0,Alden Hemsley,18.0,,,,,,,,,,,,,81.0,,,,,76.0,,,,,,,,,,,,,32.0,,,,,,,,,,,,,P100160_WR,WR,,,,,,,,221.0,,16.0,2741.0,0,,2812.0,,959.0,,,,,,,,,,,0,3309.0,,,,432.0,,,,,,705.0,,,1119.0,,,,
,,,,,,REGULAR_SEASON,,37.0,64.0,,,,48.0,Maddox Hickenbotham,15.0,,,,,,,,,,,,,62.0,,,,,81.0,,,,,,,,,,,,,47.0,,,,,,,,,,,,,P100186_TE,TE,,,,,,,,185.0,,,2272.0,0,,2713.0,,926.0,,,,,,,,,,,0,3206.0,,,,362.0,,,,,,785.0,,,943.0,,,,
,,,,,,REGULAR_SEASON,,,,2019.0,,,,Winston Mastrangelo,,,,,,,,,,,,,,,,41.0,,,53.0,,,,,,,,5.0,,,,24.0,,,,,,23.0,,,,,4232.5,18.0,,P100292_CB,CB,,,,,,,,,138.0,,,1,,,,,,40.0,,,,,,,,,0,2617.0,118.0,,199.0,221.0,7.0,,,,,491.0,,,,,1529.0,,40.48
,,,,,,REGULAR_SEASON,,,,1230.0,,,,Zamir Mullaney,,,,,,,,,,,,,,,,16.0,,,32.0,,,,,,,,4.0,,,,18.0,,,,,,10.0,,,,,2719.5,8.0,,KC_CB_06,CB,,,,,,,,,69.0,,,1,,,,,,19.0,,,,,,,,,0,1595.0,84.0,,136.0,120.0,9.0,,,,,289.0,,,,,841.0,,22.08
,,,,45.0,,REGULAR_SEASON,,21.0,51.0,,,,52.0,Peyson Bancroft,20.0,,21.0,,,,,,,,,,,90.0,,,3.0,,49.0,,,,,,,,,,,,,16.0,,,,299.0,,,,,,,,,P100168_RB,RB,,,,,25.0,,,219.0,,,2502.0,0,,299.0,,70.0,,,289.0,,1262.0,,,,,,0,922.0,,,,351.0,,,,,,481.0,,,1043.0,526.0,,748.0,
,,,,,,REGULAR_SEASON,,1.0,5.0,,,,9.0,Heath Estrada,6.0,,,,,,,,,,,,,7.0,,,,,10.0,,,,,,,,,,,,,0.0,,,,,,,,,,,,,WAS_TE_03,TE,,,,,,,,27.0,,,353.0,1,,341.0,,115.0,,,,,,,,,,,0,403.0,,,,48.0,,,,,,67.0,,,165.0,,,,
,,,,,,REGULAR_SEASON,,,,,,,,Forrest Heggins,,,,,,,,,,,,,,,,,,,30.0,,,14.0,,33.0,,,,,,,,,,,2790.9,1084.0,,,,,,,18.0,,WAS_OT_03,OT,,,,,55.0,,,,,,,0,,,86.0,881.0,341.0,,,,,,,8.0,,,0,1965.0,,30.0,,,,,,,,293.0,,,,,,,
,,,,,,REGULAR_SEASON,,,,,,,,Kermit Shepley,,,,,,,,,,,,,,,,,,,15.0,,,6.0,,25.0,,,,,,,,,,,1379.8,540.0,,,,,,,11.0,,WAS_OG_03,OG,,,,,34.0,,,,,,,1,,,54.0,438.0,171.0,,,,,,,4.0,,,0,978.0,,15.0,,,,,,,,125.0,,,,,,,
116.0,14.0,,,,,REGULAR_SEASON,,,,,,,,Briggs Buckhalter,,,,,,,,,,,,,,,5.0,,,,80.0,,,,96.0,,,,,,,,19.0,,,,,,,1964.0,12.14,,,,16.0,,P100191_EDGE,EDGE,,,,186.0,,,47.0,,,,,0,,,,,,152.0,,,,,49.0,,,,0,3463.0,89.0,,205.0,,,36.0,,,,750.0,,,,,,,
,,,296.0,,,REGULAR_SEASON,,,,1778.0,,,,Vance Rutledge,,,,,,,,,,,,,,,,21.0,,,51.0,,,,,,,,6.0,,,,32.0,,,,,,6.0,,,,,4543.9,13.0,,SEA_LB_03,LB,,,,29.0,,,,,146.0,,,1,,,,,,36.0,,,,,8.0,,,,0,2310.0,190.0,,294.0,222.0,12.0,50.0,,,,503.0,,,,,1709.0,,49.05
,,,,,,REGULAR_SEASON,,,,1746.0,,,,Tadeo Roundtree,,,,,,,,,,,,,,,,27.0,,,45.0,,,,,,,,5.0,,,,24.0,,,,,,10.0,,,,,3770.8,13.0,,FA_CB_029,CB,,,,,,,,,119.0,,,1,,,,,,26.0,,,,,,,,,0,2264.0,104.0,,174.0,183.0,5.0,,,,,439.0,,,,,1348.0,,35.34
,,,,,,REGULAR_SEASON,,,,2507.0,,,,Tomas Zylstra,,,,,,,,,,,,,,,,43.0,,,63.0,,,,,,,,3.0,,,,25.0,,,,,,21.0,,,,,5515.4,15.0,,TEN_S_04,S,,,,,,,,,179.0,,,0,,,,,,44.0,,,,,,,,,0,3251.0,130.0,,226.0,273.0,10.0,,,,,612.0,,,,,2114.0,,53.42
,,,,,,REGULAR_SEASON,,,,,,,,Terrell Tegeler,,,,,,,,,,,,,,,,,,,3.0,,,3.0,,3.0,,,,,,,,,,,285.0,103.0,,,,,,,0.0,,CAR_C_03,C,,,,,6.0,,,,,,,0,,,7.0,83.0,33.0,,,,,,,0.0,,,0,186.0,,3.0,,,,,,,,9.0,,,,,,,
,,,99.0,,,REGULAR_SEASON,,,,537.0,,,,Grady Ayers,,,,,,,,,,,,,,,,6.0,,,15.0,,,,,,,,2.0,,,,8.0,,,,,,2.0,,,,,1274.8,7.0,,P100224_LB,LB,,,,9.0,,,,,42.0,,,0,,,,,,10.0,,,,,3.0,,,,0,697.0,48.0,,77.0,67.0,5.0,7.0,,,,94.0,,,,,499.0,,13.98
,,,473.0,,,REGULAR_SEASON,,,,2758.0,,,,Conrad Hilliard,,,,,,,,,,,,,,,,36.0,,,79.0,,,,,,,,2.0,,,,43.0,,,,,,23.0,,,,,6908.2,20.0,,CLE_LB_01,LB,,,,61.0,,,,,202.0,,,0,,,,,,64.0,,,,,10.0,,,,0,3588.0,295.0,,462.0,324.0,16.0,68.0,,,,764.0,,,,,2320.0,,66.34
,,,,,,REGULAR_SEASON,,13.0,32.0,,,,20.0,Judah Dobbins,7.0,,,,,,,,,,,,,18.0,,,,,47.0,,,,,,,,,,,,,35.0,,,,,,,,,,,,,NO_WR_06,WR,,,,,,,,83.0,,5.0,1093.0,1,,1724.0,,586.0,,,,,,,,,,,0,2035.0,,,,168.0,,,,,,497.0,,,456.0,,,,
,,,,,,REGULAR_SEASON,,,,,,,,Kellan Santoro,,,,,,,,,,,,,,,,,,,33.0,,,15.0,,28.0,,,,,,,,,,,3027.3,1200.0,,,,,,,25.0,,BUF_OT_03,OT,,,,,57.0,,,,,,,0,,,77.0,969.0,417.0,,,,,,,17.0,,,0,2169.0,,33.0,,,,,,,,343.0,,,,,,,
,,,,,,REGULAR_SEASON,,,,,,,,Quade McCourty,,,,,,,,,,,,,,,,,,,50.0,,,20.0,,53.0,,,,,,,,,,,4676.4,1805.0,,,,,,,23.0,,P100143_OT,OT,,,,,84.0,,,,,,,0,,,124.0,1464.0,625.0,,,,,,,13.0,,,0,3269.0,,50.0,,,,,,,,446.0,,,,,,,
,,,,,,REGULAR_SEASON,,,,,,,,Sherman Pellegrini,,,,,,,,,,,,,,,,,,,28.0,,,10.0,,33.0,,,,,,,,,,,2607.2,1022.0,,,,,,,19.0,,NO_C_02,C,,,,,48.0,,,,,,,1,,,80.0,832.0,350.0,,,,,,,8.0,,,0,1854.0,,28.0,,,,,,,,294.0,,,,,,,
64.0,7.0,,,,,REGULAR_SEASON,,,,,,,,Draven Shepley,,,,,,,,,,,,,,,7.0,,,,41.0,,,,34.0,,,,,,,,21.0,,,,,,,853.0,4.65,,,,6.0,,P100187_DT,DT,,,,54.0,,,13.0,,,,,0,,,,,,43.0,,,,,9.0,,,,0,1508.0,60.0,,124.0,,,17.0,,,,419.0,,,,,,,
,,,52.0,,,REGULAR_SEASON,,,,309.0,,,,Ohan Haywood,,,,,,,,,,,,,,,,4.0,,,9.0,,,,,,,,2.0,,,,6.0,,,,,,2.0,,,,,672.5,0.0,,NO_LB_05,LB,,,,9.0,,,,,24.0,,,1,,,,,,8.0,,,,,2.0,,,,0,401.0,33.0,,52.0,40.0,2.0,9.0,,,,95.0,,,,,293.0,,8.44
,,,124.0,,,REGULAR_SEASON,,,,749.0,,,,Mack Wamsley,,,,,,,,,,,,,,,,5.0,,,22.0,,,,,,,,0.0,,,,12.0,,,,,,1.0,,,,,2008.5,11.0,,P100284_LB,LB,,,,10.0,,,,,69.0,,,1,,,,,,14.0,,,,,3.0,,,,0,975.0,78.0,,123.0,108.0,5.0,7.0,,,,198.0,,,,,835.0,,24.55
,,,,,,REGULAR_SEASON,,,,1759.0,,,,Desmond Nunnally,,,,,,,,,,,,,,,,19.0,,,45.0,,,,,,,,0.0,,,,19.0,,,,,,7.0,,,,,4200.0,22.0,,P100044_CB,CB,,,,,,,,,144.0,,,0,,,,,,39.0,,,,,,,,,0,2281.0,100.0,,161.0,209.0,10.0,,,,,455.0,,,,,1601.0,,41.21
,,,,,,REGULAR_SEASON,,,,,,,,Marlon Sappington,,,,70.0,14.0,18.0,24.0,23.0,61.0,12.0,15.0,20.0,17.0,,,,,,40.0,,2.0,,,,,,,163.0,,1660.0,,,,,,,,,,,,,,,SF_K_02,K,,,,,,,,,,,,0,,,,,,,,,,,,,,,0,240.0,,,,,,,,118.0,,375.0,74.0,73.0,,,,,
,,,,,,REGULAR_SEASON,,47.0,97.0,,,,82.0,Patton Hunnicutt,27.0,,,,,,,,,,,,,163.0,,,,,78.0,,,,,,,,,,,,,46.0,,,,,,,,,,,,,ATL_WR_04,WR,,,,,,,,388.0,,20.0,4835.0,0,,2898.0,,985.0,,,,,,,,,,,0,3412.0,,,,650.0,,,,,,769.0,,,2153.0,,,,
,,,,,,REGULAR_SEASON,,,,2494.0,,,,Rufus Keeler,,,,,,,,,,,,,,,,49.0,,,65.0,,,,,,,,7.0,,,,27.0,,,,,,32.0,,,,,5197.0,18.0,,TEN_CB_04,CB,,,,,,,,,164.0,,,0,,,,,,47.0,,,,,,,,,0,3231.0,145.0,,242.0,276.0,10.0,,,,,610.0,,,,,1811.0,,47.74
21.0,2.0,,,,,REGULAR_SEASON,,,,,,,,Percival Sendejo,,,,,,,,,,,,,,,0.0,,,,13.0,,,,9.0,,,,,,,,2.0,,,,,,,253.0,1.57,,,,4.0,,LAR_DT_03,DT,,,,22.0,,,7.0,,,,,1,,,,,,13.0,,,,,7.0,,,,0,446.0,15.0,,36.0,,,7.0,,,,112.0,,,,,,,
83.0,5.0,,,,,REGULAR_SEASON,,,,,,,,Ajani Glenn,,,,,,,,,,,,,,,5.0,,,,64.0,,,,82.0,,,,,,,,11.0,,,,,,,1545.0,9.26,,,,13.0,,P100021_EDGE,EDGE,,,,148.0,,,40.0,,,,,0,,,,,,104.0,,,,,32.0,,,,0,2722.0,63.0,,146.0,,,28.0,,,,613.0,,,,,,,
,,,,,,REGULAR_SEASON,,20.0,40.0,,,,36.0,Amari Diallo,14.0,,,,,,,,,,,,,37.0,,,,,46.0,,,,,,,,,,,,,22.0,,,,,,,,,,,,,P100245_WR,WR,,,,,,,,115.0,,7.0,1524.0,0,,1709.0,,583.0,,,,,,,,,,,0,2018.0,,,,214.0,,,,,,440.0,,,563.0,,,,
,,,,,,REGULAR_SEASON,,,,523.0,,,,Obadiah Whitehurst,,,,,,,,,,,,,,,,5.0,,,14.0,,,,,,,,0.0,,,,7.0,,,,,,1.0,,,,,1223.8,5.0,,PHI_CB_06,CB,,,,,,,,,30.0,,,1,,,,,,13.0,,,,,,,,,0,678.0,28.0,,46.0,49.0,2.0,,,,,129.0,,,,,369.0,,10.1
,,112.0,,,939.0,REGULAR_SEASON,881.0,,,,150.0,56.0,,Kelvin Quinones,,50.0,,,,,,,,,,,,414.0,,,6.0,2.0,43.0,,,,,,,,42.0,,,,,,,1382.0,,,,,,62.0,9745.0,,,323.0,KC_QB_02,QB,443.0,193.0,1844.0,,,,,,,,,1,,,,,,,153.0,,656.0,768.0,,,112.0,92.0,0,2703.0,,43.0,,,,,70.0,,68.0,369.0,,,,,,,
,,,,8.0,,REGULAR_SEASON,,14.0,30.0,,,,22.0,Bandon Jelks,13.0,,12.0,,,,,,,,,,,52.0,,,1.0,,17.0,,,,,,,,,,,,,5.0,,,,92.0,,,,,,,,,MIN_RB_04,RB,,,,,9.0,,,115.0,,,1356.0,1,,122.0,,30.0,,,163.0,1.0,675.0,,,,,,0,372.0,,,,194.0,,,,,,172.0,,,558.0,291.0,,386.0,
,,,,,,REGULAR_SEASON,,,,,,,,Sebastien Dellinger,,,,,,,,,,,,,,,,,,,48.0,,,24.0,,64.0,,,,,,,,,,,4363.6,1759.0,,,,,,,29.0,,SEA_OT_05,OT,,,,,105.0,,,,,,,0,,,140.0,1426.0,542.0,,,,,,,21.0,,,0,3185.0,,48.0,,,,,,,,465.0,,,,,,,
42.0,6.0,,,,,REGULAR_SEASON,,,,,,,,Tristan Denham,,,,,,,,,,,,,,,4.0,,,,32.0,,,,50.0,,,,,,,,6.0,,,,,,,820.0,4.17,,,,8.0,,WAS_EDGE_06,EDGE,,,,76.0,,,18.0,,,,,1,,,,,,46.0,,,,,8.0,,,,0,1441.0,28.0,,70.0,,,11.0,,,,314.0,,,,,,,
26.0,1.0,,,,,REGULAR_SEASON,,,,,,,,Judah Buckner,,,,,,,,,,,,,,,2.0,,,,17.0,,,,24.0,,,,,,,,5.0,,,,,,,427.0,1.76,,,,2.0,,CHI_EDGE_04,EDGE,,,,30.0,,,6.0,,,,,1,,,,,,19.0,,,,,1.0,,,,0,753.0,21.0,,47.0,,,5.0,,,,172.0,,,,,,,
24.0,5.0,,,,,REGULAR_SEASON,,,,,,,,Tucker Beecham,,,,,,,,,,,,,,,0.0,,,,17.0,,,,5.0,,,,,,,,4.0,,,,,,,360.0,1.73,,,,3.0,,CHI_DT_04,DT,,,,17.0,,,4.0,,,,,1,,,,,,21.0,,,,,11.0,,,,0,633.0,19.0,,43.0,,,4.0,,,,172.0,,,,,,,
,,,,,,REGULAR_SEASON,,,,2869.0,,,,Wesson Priestley,,,,,,,,,,,,,,,,49.0,,,76.0,,,,,,,,8.0,,,,32.0,,,,,,25.0,,,,,6554.5,17.0,,P100291_CB,CB,,,,,,,,,193.0,,,0,,,,,,58.0,,,,,,,,,0,3726.0,186.0,,308.0,319.0,17.0,,,,,679.0,,,,,2241.0,,59.67
,,,,,,REGULAR_SEASON,,,,3177.0,,,,Woodrow Monfort,,,,,,,,,,,,,,,,52.0,,,81.0,,,,,,,,0.0,,,,31.0,,,,,,26.0,,,,,7472.6,19.0,,P100178_S,S,,,,,,,,,231.0,,,0,,,,,,54.0,,,,,,,,,0,4126.0,191.0,,315.0,370.0,20.0,,,,,787.0,,,,,2821.0,,72.29
,,,,124.0,,REGULAR_SEASON,,73.0,156.0,,,,154.0,Raylan Hightower,51.0,,62.0,,,,,,,,,,,321.0,,,4.0,,83.0,,,,,,,,,,,,,43.0,,,,472.0,,,,,,,,,P100080_RB,RB,,,,,30.0,,,695.0,,,7904.0,0,,663.0,,161.0,,,890.0,17.0,3630.0,,,,,,0,1988.0,,,,1104.0,,,,,,813.0,,,3104.0,1553.0,,2108.0,
,,,,,,REGULAR_SEASON,,63.0,126.0,,,,108.0,Herschel Wrighster,37.0,,,,,,,,,,,,,166.0,,,,,78.0,,,,,,,,,,,,,38.0,,,,,,,,,,,,,P100295_WR,WR,,,,,,,,404.0,,13.0,4770.0,0,,2911.0,,998.0,,,,,,,,,,,0,3433.0,,,,759.0,,,,,,766.0,,,1988.0,,,,
,,,,,,REGULAR_SEASON,,18.0,37.0,,,,21.0,Flynn Iheanacho,14.0,,,,,,,,,,,,,33.0,,,,,42.0,,,,,,,,,,,,,10.0,,,,,,,,,,,,,P100010_WR,WR,,,,,,,,106.0,,3.0,1379.0,0,,1514.0,,516.0,,,,,,,,,,,0,1789.0,,,,209.0,,,,,,424.0,,,593.0,,,,
,,,,,,REGULAR_SEASON,,5.0,11.0,,,,7.0,Fowler Montgomery,2.0,,,,,,,,,,,,,8.0,,,,,20.0,,,,,,,,,,,,,3.0,,,,,,,,,,,,,HOU_WR_06,WR,,,,,,,,34.0,,,488.0,0,,754.0,,257.0,,,,,,,,,,,0,890.0,,,,68.0,,,,,,188.0,,,206.0,,,,
,,,,,,REGULAR_SEASON,,,,,,,,Camden Desormeaux,,,,,,,,,,,,,,,,,,,37.0,,,12.0,,42.0,,,,,,,,,,,3387.0,1337.0,,,,,,,25.0,,HOU_OT_04,OT,,,,,70.0,,,,,,,0,,,96.0,1081.0,429.0,,,,,,,17.0,,,0,2418.0,,37.0,,,,,,,,381.0,,,,,,,
,,,,51.0,,REGULAR_SEASON,,59.0,145.0,,,,112.0,Andre Fraley,36.0,,44.0,,,,,,,,,,,236.0,,,2.0,,51.0,,,,,,,,,,,,,13.0,,,,282.0,,,,,,,,,LAR_RB_04,RB,,,,,24.0,,,494.0,,,5610.0,1,,413.0,,103.0,,,621.0,27.0,2519.0,,,,,,0,1254.0,,,,765.0,,,,,,517.0,,,2335.0,1076.0,,1458.0,
,,,,,,REGULAR_SEASON,,10.0,19.0,,,,18.0,Ezra Freeney,4.0,,,,,,,,,,,,,13.0,,,,,23.0,,,,,,,,,,,,,8.0,,,,,,,,,,,,,TB_WR_05,WR,,,,,,,,45.0,,1.0,636.0,0,,870.0,,297.0,,,,,,,,,,,0,1025.0,,,,89.0,,,,,,244.0,,,242.0,,,,
,,,,,,REGULAR_SEASON,,,,,,,,Houston Dunleavy,,,,,,,,,,,,,,,,,,,63.0,,,28.0,,62.0,,,,,,,,,,,5862.6,2296.0,,,,,,,35.0,,TB_C_02,C,,,,,108.0,,,,,,,0,,,155.0,1859.0,815.0,,,,,,,20.0,,,0,4155.0,,63.0,,,,,,,,602.0,,,,,,,
107.0,12.0,,,,,REGULAR_SEASON,,,,,,,,Bandon Olawale,,,,,,,,,,,,,,,3.0,,,,74.0,,,,93.0,,,,,,,,15.0,,,,,,,1846.0,10.78,,,,12.0,,P100095_EDGE,EDGE,,,,165.0,,,46.0,,,,,0,,,,,,117.0,,,,,37.0,,,,0,3244.0,79.0,,186.0,,,33.0,,,,727.0,,,,,,,
40.0,4.0,,,,,REGULAR_SEASON,,,,,,,,Damarion Klemm,,,,,,,,,,,,,,,2.0,,,,32.0,,,,42.0,,,,,,,,7.0,,,,,,,678.0,4.65,,,,8.0,,SF_DT_03,DT,,,,68.0,,,20.0,,,,,1,,,,,,56.0,,,,,7.0,,,,0,1194.0,34.0,,74.0,,,23.0,,,,319.0,,,,,,,
,,,,77.0,,REGULAR_SEASON,,48.0,101.0,,,,75.0,Heath Corrigan,36.0,,30.0,,,,,,,,,,,165.0,,,1.0,,65.0,,,,,,,,,,,,,31.0,,,,389.0,,,,,,,,,TEN_RB_04,RB,,,,,35.0,,,371.0,,,4617.0,1,,432.0,,104.0,,,492.0,0.0,1986.0,,,,,,0,1316.0,,,,605.0,,,,,,645.0,,,1746.0,794.0,,1204.0,
,,,,,,REGULAR_SEASON,,4.0,20.0,,,,16.0,Jamir Gwaltney,7.0,,,,,,,,,,,,,16.0,,,,,19.0,,,,,,,,,,,,,9.0,,,,,,,,,,,,,SF_WR_04,WR,,,,,,,,53.0,,2.0,654.0,0,,726.0,,248.0,,,,,,,,,,,0,857.0,,,,100.0,,,,,,199.0,,,250.0,,,,
,,,,,,REGULAR_SEASON,,13.0,31.0,,,,18.0,Jethro Tatupu,9.0,,,,,,,,,,,,,13.0,,,,,58.0,,,,,,,,,,,,,21.0,,,,,,,,,,,,,SF_WR_05,WR,,,,,,,,79.0,,1.0,1180.0,1,,2095.0,,712.0,,,,,,,,,,,0,2473.0,,,,158.0,,,,,,566.0,,,433.0,,,,
107.0,11.0,,,,,REGULAR_SEASON,,,,,,,,Pascal Merriweather,,,,,,,,,,,,,,,7.0,,,,76.0,,,,99.0,,,,,,,,14.0,,,,,,,1616.0,11.57,,,,14.0,,P100246_DT,DT,,,,163.0,,,54.0,,,,,0,,,,,,141.0,,,,,12.0,,,,0,2859.0,85.0,,192.0,,,33.0,,,,764.0,,,,,,,
33.0,7.0,,,,,REGULAR_SEASON,,,,,,,,Cooper Schmitz,,,,,,,,,,,,,,,0.0,,,,22.0,,,,29.0,,,,,,,,4.0,,,,,,,466.0,2.56,,,,4.0,,P100156_DT,DT,,,,39.0,,,6.0,,,,,0,,,,,,21.0,,,,,6.0,,,,0,824.0,28.0,,61.0,,,10.0,,,,211.0,,,,,,,
,,,180.0,,,REGULAR_SEASON,,,,966.0,,,,Zion Kamara,,,,,,,,,,,,,,,,13.0,,,27.0,,,,,,,,4.0,,,,19.0,,,,,,8.0,,,,,2170.9,6.0,,P100213_LB,LB,,,,23.0,,,,,76.0,,,0,,,,,,18.0,,,,,4.0,,,,0,1255.0,99.0,,155.0,114.0,3.0,18.0,,,,291.0,,,,,870.0,,24.36
,,,,,,REGULAR_SEASON,,,,2135.0,,,,Ward Zapatero,,,,,,,,,,,,,,,,46.0,,,55.0,,,,,,,,5.0,,,,30.0,,,,,,22.0,,,,,4539.3,9.0,,P100068_CB,CB,,,,,,,,,122.0,,,0,,,,,,41.0,,,,,,,,,0,2771.0,140.0,,226.0,212.0,12.0,,,,,547.0,,,,,1380.0,,35.78
,,,,,,REGULAR_SEASON,,,,640.0,,,,Aubrey Roache,,,,,,,,,,,,,,,,9.0,,,17.0,,,,,,,,2.0,,,,7.0,,,,,,1.0,,,,,1490.8,8.0,,SF_CB_05,CB,,,,,,,,,61.0,,,1,,,,,,14.0,,,,,,,,,0,832.0,41.0,,65.0,92.0,3.0,,,,,182.0,,,,,649.0,,17.2
106.0,6.0,,,,,REGULAR_SEASON,,,,,,,,Radcliffe Bumgarner,,,,,,,,,,,,,,,6.0,,,,73.0,,,,84.0,,,,,,,,19.0,,,,,,,1559.0,10.32,,,,15.0,,BUF_DT_02,DT,,,,137.0,,,40.0,,,,,0,,,,,,141.0,,,,,23.0,,,,0,2754.0,87.0,,193.0,,,32.0,,,,649.0,,,,,,,
,,,,,,REGULAR_SEASON,,,,3218.0,,,,Ward Lambright,,,,,,,,,,,,,,,,51.0,,,83.0,,,,,,,,4.0,,,,39.0,,,,,,25.0,,,,,7383.6,22.0,,P100190_CB,CB,,,,,,,,,245.0,,,0,,,,,,63.0,,,,,,,,,0,4170.0,192.0,,323.0,376.0,18.0,,,,,779.0,,,,,2810.0,,72.51
,,,,83.0,,REGULAR_SEASON,,63.0,139.0,,,,120.0,Jarrett Fahey,38.0,,59.0,,,,,,,,,,,229.0,,,4.0,,85.0,,,,,,,,,,,,,31.0,,,,473.0,,,,,,,,,P100139_RB,RB,,,,,34.0,,,512.0,,,5845.0,0,,546.0,,127.0,,,630.0,,2596.0,,,,,,0,1671.0,,,,772.0,,,,,,820.0,,,2435.0,1061.0,,1553.0,
,,,,,,REGULAR_SEASON,,18.0,53.0,,,,47.0,Marquise Finnegan,13.0,,,,,,,,,,,,,59.0,,,,,61.0,,,,,,,,,,,,,20.0,,,,,,,,,,,,,FA_WR_005,WR,,,,,,,,175.0,,12.0,2269.0,1,,2270.0,,773.0,,,,,,,,,,,0,2683.0,,,,311.0,,,,,,598.0,,,885.0,,,,
,,,,,,REGULAR_SEASON,,22.0,48.0,,,,39.0,Kareem Tenpenny,14.0,,,,,,,,,,,,,49.0,,,,,70.0,,,,,,,,,,,,,22.0,,,,,,,,,,,,,P100140_WR,WR,,,,,,,,164.0,,7.0,2157.0,0,,2573.0,,877.0,,,,,,,,,,,0,3034.0,,,,300.0,,,,,,688.0,,,822.0,,,,
128.0,8.0,,,,,REGULAR_SEASON,,,,,,,,Blaze Joplin,,,,,,,,,,,,,,,1.0,,,,82.0,,,,111.0,,,,,,,,15.0,,,,,,,1731.0,11.68,,,,21.0,,JAX_DT_05,DT,,,,175.0,,,44.0,,,,,1,,,,,,142.0,,,,,24.0,,,,0,3055.0,100.0,,228.0,,,44.0,,,,820.0,,,,,,,
,,,,,,REGULAR_SEASON,,,,2301.0,,,,Jabari Lamarque,,,,,,,,,,,,,,,,27.0,,,60.0,,,,,,,,5.0,,,,22.0,,,,,,13.0,,,,,5535.1,20.0,,P100073_CB,CB,,,,,,,,,180.0,,,0,,,,,,40.0,,,,,,,,,0,2980.0,134.0,,224.0,261.0,12.0,,,,,570.0,,,,,2107.0,,55.71
,,,,,,REGULAR_SEASON,,,,3181.0,,,,Norwood Heggins,,,,,,,,,,,,,,,,41.0,,,84.0,,,,,,,,6.0,,,,41.0,,,,,,21.0,,,,,7715.7,22.0,,P100008_CB,CB,,,,,,,,,242.0,,,0,,,,,,51.0,,,,,,,,,0,4136.0,210.0,,340.0,366.0,26.0,,,,,814.0,,,,,2876.0,,76.38
,,,,,,REGULAR_SEASON,,,,567.0,,,,Dashawn Beauchamp,,,,,,,,,,,,,,,,8.0,,,15.0,,,,,,,,1.0,,,,4.0,,,,,,2.0,,,,,1645.0,4.0,,P100085_CB,CB,,,,,,,,,59.0,,,1,,,,,,13.0,,,,,,,,,0,736.0,33.0,,54.0,82.0,6.0,,,,,148.0,,,,,704.0,,18.89
,,,,,,REGULAR_SEASON,,,,,,,,Lamont Gorsuch,,,,,,,,,,,,,,,,,,,36.0,,,15.0,,39.0,,,,,,,,,,,3296.5,1298.0,,,,,,,20.0,,NYG_OT_03,OT,,,,,70.0,,,,,,,0,,,104.0,1050.0,396.0,,,,,,,16.0,,,0,2348.0,,36.0,,,,,,,,298.0,,,,,,,
,,,,,,REGULAR_SEASON,,,,,,,,Axel Carlisle,,,,7.0,2.0,1.0,3.0,0.0,4.0,2.0,1.0,1.0,0.0,,,,,,3.0,,0.0,,,,,,,9.0,,106.0,,,,,,,,,,,,,,,CAR_K_02,K,,,,,,,,,,,,1,,,,,,,,,,,,,,,0,18.0,,,,,,,,6.0,,17.0,8.0,8.0,,,,,
,,,,,,REGULAR_SEASON,,,,,,,,Enzo Odenigbo,,,,,,,,,,,,,,,,,,,2.0,,,3.0,,10.0,,,,,,,,,,,153.7,71.0,,,,,,,1.0,,LAC_OG_04,OG,,,,,14.0,,,,,,,1,,,5.0,59.0,17.0,,,,,,,1.0,,,0,130.0,,2.0,,,,,,,,11.0,,,,,,,
103.0,5.0,,,,,REGULAR_SEASON,,,,,,,,Neville Ovadia,,,,,,,,,,,,,,,7.0,,,,72.0,,,,95.0,,,,,,,,17.0,,,,,,,1784.0,10.76,,,,22.0,,P100221_EDGE,EDGE,,,,173.0,,,52.0,,,,,0,,,,,,135.0,,,,,30.0,,,,0,3136.0,77.0,,180.0,,,37.0,,,,717.0,,,,,,,
,,,,,,REGULAR_SEASON,,5.0,5.0,,,,4.0,Giovanni Zylstra,1.0,,,,,,,,,,,,,0.0,,,,,12.0,,,,,,,,,,,,,4.0,,,,,,,,,,,,,CIN_WR_06,WR,,,,,,,,12.0,,,178.0,0,,430.0,,147.0,,,,,,,,,,,0,506.0,,,,25.0,,,,,,146.0,,,69.0,,,,
,,,,,,REGULAR_SEASON,,,,,,,,Ohan Chidozie,,,,,,,,,,,,,,,,,,,27.0,,,12.0,,44.0,,,,,,,,,,,2459.5,979.0,,,,,,,16.0,,P100227_OT,OT,,,,,64.0,,,,,,,0,,,73.0,793.0,291.0,,,,,,,9.0,,,0,1772.0,,27.0,,,,,,,,289.0,,,,,,,
6.0,1.0,,,,,REGULAR_SEASON,,,,,,,,Cedric Doughty,,,,,,,,,,,,,,,1.0,,,,4.0,,,,3.0,,,,,,,,0.0,,,,,,,87.0,0.53,,,,0.0,,P100039_DT,DT,,,,6.0,,,3.0,,,,,1,,,,,,4.0,,,,,0.0,,,,0,154.0,3.0,,9.0,,,1.0,,,,34.0,,,,,,,
,,,,,,REGULAR_SEASON,,,,2885.0,,,,Lawson Ackerley,,,,,,,,,,,,,,,,44.0,,,74.0,,,,,,,,7.0,,,,30.0,,,,,,21.0,,,,,6355.0,26.0,,P100282_CB,CB,,,,,,,,,174.0,,,0,,,,,,54.0,,,,,,,,,0,3736.0,182.0,,299.0,289.0,19.0,,,,,733.0,,,,,2220.0,,57.26
,,,,,,REGULAR_SEASON,,,,2870.0,,,,Axel Quarterman,,,,,,,,,,,,,,,,39.0,,,72.0,,,,,,,,0.0,,,,34.0,,,,,,18.0,,,,,6709.0,17.0,,P100109_S,S,,,,,,,,,215.0,,,0,,,,,,38.0,,,,,,,,,0,3717.0,172.0,,284.0,308.0,11.0,,,,,727.0,,,,,2412.0,,60.58
35.0,3.0,,,,,REGULAR_SEASON,,,,,,,,Cyrus Barnhill,,,,,,,,,,,,,,,2.0,,,,20.0,,,,20.0,,,,,,,,5.0,,,,,,,426.0,2.53,,,,3.0,,P100270_DT,DT,,,,36.0,,,12.0,,,,,0,,,,,,31.0,,,,,4.0,,,,0,754.0,31.0,,66.0,,,7.0,,,,181.0,,,,,,,
,,,392.0,,,REGULAR_SEASON,,,,2295.0,,,,Maddox Dupree,,,,,,,,,,,,,,,,38.0,,,65.0,,,,,,,,8.0,,,,41.0,,,,,,17.0,,,,,5146.6,21.0,,P100104_LB,LB,,,,53.0,,,,,165.0,,,0,,,,,,45.0,,,,,12.0,,,,0,2978.0,216.0,,345.0,278.0,8.0,56.0,,,,626.0,,,,,1944.0,,55.74
,,,,,,REGULAR_SEASON,,,,,,,,Lyle Rademacher,,,,,,,,,,,,,,,,,,,3.0,,,2.0,,4.0,,,,,,,,,,,275.4,112.0,,,,,,,2.0,,P100250_OT,OT,,,,,7.0,,,,,,,0,,,6.0,92.0,37.0,,,,,,,1.0,,,0,204.0,,3.0,,,,,,,,42.0,,,,,,,
,,,,,,REGULAR_SEASON,,,,,,,,Efrain Bancroft,,,,,,,,,,,,,,,,,,,6.0,,,3.0,,13.0,,,,,,,,,,,547.5,224.0,,,,,,,3.0,,LAR_OG_04,OG,,,,,17.0,,,,,,,1,,,23.0,181.0,67.0,,,,,,,1.0,,,0,405.0,,6.0,,,,,,,,49.0,,,,,,,
13.0,1.0,,,,,REGULAR_SEASON,,,,,,,,Cairo Estrada,,,,,,,,,,,,,,,0.0,,,,8.0,,,,7.0,,,,,,,,3.0,,,,,,,172.0,0.74,,,,0.0,,P100093_DT,DT,,,,10.0,,,3.0,,,,,0,,,,,,7.0,,,,,0.0,,,,0,306.0,10.0,,23.0,,,1.0,,,,64.0,,,,,,,
35.0,0.0,,,,,REGULAR_SEASON,,,,,,,,Anders Halloran,,,,,,,,,,,,,,,0.0,,,,23.0,,,,27.0,,,,,,,,9.0,,,,,,,498.0,3.14,,,,3.0,,P100197_DT,DT,,,,39.0,,,9.0,,,,,0,,,,,,45.0,,,,,4.0,,,,0,880.0,29.0,,64.0,,,6.0,,,,225.0,,,,,,,
103.0,7.0,,,,,REGULAR_SEASON,,,,,,,,Lonnie Killebrew,,,,,,,,,,,,,,,3.0,,,,63.0,,,,88.0,,,,,,,,19.0,,,,,,,1590.0,8.96,,,,10.0,,P100011_EDGE,EDGE,,,,163.0,,,56.0,,,,,0,,,,,,113.0,,,,,28.0,,,,0,2797.0,86.0,,189.0,,,33.0,,,,638.0,,,,,,,
,,,,,,REGULAR_SEASON,,,,1875.0,,,,Conrad Zenner,,,,,,,,,,,,,,,,36.0,,,50.0,,,,,,,,3.0,,,,18.0,,,,,,15.0,,,,,4576.4,11.0,,P100063_CB,CB,,,,,,,,,140.0,,,0,,,,,,35.0,,,,,,,,,0,2433.0,103.0,,176.0,210.0,15.0,,,,,513.0,,,,,1572.0,,41.97
,,,,,,REGULAR_SEASON,,,,1196.0,,,,Mekhi Hemsley,,,,,,,,,,,,,,,,15.0,,,30.0,,,,,,,,1.0,,,,16.0,,,,,,7.0,,,,,2747.3,10.0,,P100065_S,S,,,,,,,,,89.0,,,0,,,,,,26.0,,,,,,,,,0,1548.0,71.0,,118.0,132.0,9.0,,,,,249.0,,,,,935.0,,24.11
,,201.0,,,1681.0,REGULAR_SEASON,1568.0,,,,245.0,97.0,,Fabian Cavanaugh,,100.0,,,,,,,,,,,,754.0,,,14.0,8.0,75.0,,,,,,,,65.0,,,,,,,2434.0,,,,,,114.0,17059.0,,,634.0,P100088_QB,QB,753.0,325.0,3098.0,,,,,,,,,0,,,,,,,252.0,,935.0,1345.0,,,203.0,152.0,0,4736.0,,75.0,,,,,118.0,,103.0,753.0,,,,,,,
,,,,,,REGULAR_SEASON,,17.0,38.0,,,,31.0,Roderick Beecham,8.0,,,,,,,,,,,,,33.0,,,,,55.0,,,,,,,,,,,,,33.0,,,,,,,,,,,,,DET_TE_02,TE,,,,,,,,116.0,,,1594.0,0,,1854.0,,634.0,,,,,,,,,,,0,2193.0,,,,205.0,,,,,,510.0,,,674.0,,,,
53.0,4.0,,,,,REGULAR_SEASON,,,,,,,,Milo Montgomery,,,,,,,,,,,,,,,0.0,,,,38.0,,,,58.0,,,,,,,,11.0,,,,,,,955.0,5.51,,,,6.0,,P100124_EDGE,EDGE,,,,88.0,,,24.0,,,,,1,,,,,,59.0,,,,,7.0,,,,0,1676.0,43.0,,96.0,,,16.0,,,,372.0,,,,,,,
,,,,,,REGULAR_SEASON,,,,605.0,,,,Cannon Gilliam,,,,,,,,,,,,,,,,8.0,,,16.0,,,,,,,,2.0,,,,14.0,,,,,,5.0,,,,,1218.7,6.0,,P100175_CB,CB,,,,,,,,,40.0,,,0,,,,,,8.0,,,,,,,,,0,786.0,42.0,,70.0,64.0,1.0,,,,,131.0,,,,,366.0,,9.78
,,,,,,REGULAR_SEASON,,,,2593.0,,,,Gaspard Rimington,,,,,,,,,,,,,,,,43.0,,,64.0,,,,,,,,2.0,,,,25.0,,,,,,22.0,,,,,5686.4,18.0,,P100158_S,S,,,,,,,,,174.0,,,0,,,,,,40.0,,,,,,,,,0,3365.0,131.0,,227.0,266.0,11.0,,,,,606.0,,,,,1951.0,,48.54
,,,60.0,,,REGULAR_SEASON,,,,373.0,,,,Braxton Emerson,,,,,,,,,,,,,,,,4.0,,,11.0,,,,,,,,0.0,,,,6.0,,,,,,1.0,,,,,923.6,6.0,,NE_LB_05,LB,,,,12.0,,,,,33.0,,,0,,,,,,10.0,,,,,2.0,,,,0,486.0,46.0,,71.0,58.0,2.0,14.0,,,,134.0,,,,,359.0,,10.58
,,,,,,REGULAR_SEASON,,,,,,,,Julius Whitlow,,,,70.0,18.0,16.0,17.0,18.0,57.0,15.0,13.0,14.0,18.0,,,,,,52.0,,2.0,,,,,,,211.0,,1627.0,,,,,,,,,,,,,,,WAS_K_02,K,,,,,,,,,,,,0,,,,,,,,,,,,,,,0,312.0,,,,,,,,127.0,,493.0,94.0,87.0,,,,,
,,,,,,REGULAR_SEASON,,,,,,,,Stone Milliner,,,,,,,,,,,,,,,,,,,9.0,,,0.0,,7.0,,,,,,,,,,,854.6,327.0,,,,,,,6.0,,CIN_OT_04,OT,,,,,10.0,,,,,,,0,,,21.0,266.0,106.0,,,,,,,3.0,,,0,593.0,,9.0,,,,,,,,104.0,,,,,,,
28.0,0.0,,,,,REGULAR_SEASON,,,,,,,,Fritz Zenner,,,,,,,,,,,,,,,1.0,,,,22.0,,,,26.0,,,,,,,,8.0,,,,,,,458.0,3.08,,,,11.0,,P100091_DT,DT,,,,37.0,,,10.0,,,,,0,,,,,,35.0,,,,,3.0,,,,0,811.0,27.0,,55.0,,,8.0,,,,174.0,,,,,,,
,,,,,,REGULAR_SEASON,,,,,,,,Giovanni Seabrook,,,,,,,,,,,,,,,,,,,62.0,,,24.0,,62.0,,,,,,,,,,,5823.6,2211.0,,,,,,,46.0,,P100013_OG,OG,,,,,99.0,,,,,,,0,,,154.0,1796.0,745.0,,,,,,,14.0,,,0,4007.0,,62.0,,,,,,,,563.0,,,,,,,
,,,,,,REGULAR_SEASON,,,,,,,,Hakeem Bumgarner,,,,,,,,,,,,,,,,,,,2.0,,,0.0,,0.0,,,,,,,,,,,189.7,72.0,,,,,,,2.0,,SEA_OT_03,OT,,,,,1.0,,,,,,,1,,,7.0,58.0,23.0,,,,,,,1.0,,,0,130.0,,2.0,,,,,,,,18.0,,,,,,,
,,,,,,REGULAR_SEASON,,,,,,,,Zico Durrant,,,,,,,,,,,,,,,,,,,41.0,,,17.0,,50.0,,,,,,,,,,,3834.6,1496.0,,,,,,,28.0,,SF_OG_04,OG,,,,,75.0,,,,,,,0,,,111.0,1214.0,462.0,,,,,,,9.0,,,0,2710.0,,41.0,,,,,,,,443.0,,,,,,,
,,,,,,REGULAR_SEASON,,8.0,14.0,,,,13.0,Wendell Minshew,10.0,,,,,,,,,,,,,24.0,,,,,22.0,,,,,,,,,,,,,19.0,,,,,,,,,,,,,TEN_WR_04,WR,,,,,,,,70.0,,6.0,799.0,0,,839.0,,286.0,,,,,,,,,,,0,987.0,,,,129.0,,,,,,218.0,,,296.0,,,,
,,,,,,REGULAR_SEASON,,,,,,,,Malik Freeney,,,,,,,,,,,,,,,,,,,1.0,,,1.0,,1.0,,,,,,,,,,,85.5,38.0,,,,,,,1.0,,DEN_OT_03,OT,,,,,3.0,,,,,,,1,,,1.0,30.0,14.0,,,,,,,1.0,,,0,68.0,,1.0,,,,,,,,10.0,,,,,,,
,,15.0,,,161.0,REGULAR_SEASON,155.0,,,,27.0,7.0,,Fabian Rowlett,,11.0,,,,,,,,,,,,73.0,,,1.0,1.0,7.0,,,,,,,,7.0,,,,,,,236.0,,,,,,11.0,1421.0,,,62.0,DET_QB_02,QB,75.0,32.0,315.0,,,,,,,,,0,,,,,,,26.0,,126.0,123.0,,,20.0,16.0,0,451.0,,7.0,,,,,18.0,,13.0,82.0,,,,,,,
,,,,,,REGULAR_SEASON,,,,,,,,Theo Warrick,,,,,,,,,,,,,,,,,,,50.0,,,27.0,,55.0,,,,,,,,,,,4585.9,1822.0,,,,,,,31.0,,CAR_OT_04,OT,,,,,98.0,,,,,,,0,,,136.0,1477.0,585.0,,,,,,,21.0,,,0,3299.0,,50.0,,,,,,,,503.0,,,,,,,
65.0,7.0,,,,,REGULAR_SEASON,,,,,,,,Sable Chidozie,,,,,,,,,,,,,,,2.0,,,,43.0,,,,40.0,,,,,,,,15.0,,,,,,,909.0,5.62,,,,10.0,,P100033_DT,DT,,,,70.0,,,22.0,,,,,0,,,,,,66.0,,,,,11.0,,,,0,1606.0,53.0,,118.0,,,21.0,,,,476.0,,,,,,,
,,,,,,REGULAR_SEASON,,,,,,,,Sherman Wattenberg,,,,,,,,,,,,,,,,,,,25.0,,,14.0,,35.0,,,,,,,,,,,2287.0,918.0,,,,,,,10.0,,DAL_C_02,C,,,,,57.0,,,,,,,0,,,59.0,747.0,288.0,,,,,,,8.0,,,0,1665.0,,25.0,,,,,,,,291.0,,,,,,,
,,,,,,REGULAR_SEASON,,,,,,,,Maurice Beckwith,,,,,,,,,,,,,,,,,,,2.0,,,1.0,,0.0,,,,,,,,,,,197.2,72.0,,,,,,,0.0,,P100161_OT,OT,,,,,1.0,,,,,,,0,,,9.0,60.0,22.0,,,,,,,0.0,,,0,132.0,,2.0,,,,,,,,24.0,,,,,,,
,,,,,,REGULAR_SEASON,,1.0,1.0,,,,2.0,Samir Lemieux,1.0,,,,,,,,,,,,,1.0,,,,,4.0,,,,,,,,,,,,,1.0,,,,,,,,,,,,,P100293_WR,WR,,,,,,,,5.0,,,79.0,0,,147.0,,50.0,,,,,,,,,,,0,174.0,,,,11.0,,,,,,54.0,,,29.0,,,,
,,,,,,REGULAR_SEASON,,,,110.0,,,,Milo Valentino,,,,,,,,,,,,,,,,1.0,,,3.0,,,,,,,,0.0,,,,0.0,,,,,,0.0,,,,,217.0,1.0,,P100077_CB,CB,,,,,,,,,6.0,,,1,,,,,,1.0,,,,,,,,,0,143.0,5.0,,10.0,11.0,0.0,,,,,41.0,,,,,58.0,,1.59
7.0,0.0,,,,,REGULAR_SEASON,,,,,,,,Bram Lemieux,,,,,,,,,,,,,,,0.0,,,,4.0,,,,8.0,,,,,,,,1.0,,,,,,,90.0,0.52,,,,0.0,,LAC_DT_04,DT,,,,9.0,,,1.0,,,,,1,,,,,,6.0,,,,,0.0,,,,0,158.0,4.0,,11.0,,,1.0,,,,59.0,,,,,,,
,,,,,,REGULAR_SEASON,,1.0,4.0,,,,3.0,Damon Estrada,3.0,,,,,,,,,,,,,6.0,,,,,5.0,,,,,,,,,,,,,0.0,,,,,,,,,,,,,P100289_WR,WR,,,,,,,,17.0,,1.0,236.0,1,,193.0,,67.0,,,,,,,,,,,0,228.0,,,,30.0,,,,,,78.0,,,109.0,,,,
70.0,8.0,,,,,REGULAR_SEASON,,,,,,,,Stryker Roscoe,,,,,,,,,,,,,,,2.0,,,,48.0,,,,54.0,,,,,,,,12.0,,,,,,,1025.0,6.59,,,,11.0,,P100228_DT,DT,,,,77.0,,,15.0,,,,,0,,,,,,64.0,,,,,12.0,,,,0,1812.0,60.0,,130.0,,,20.0,,,,455.0,,,,,,,
,,,,,,REGULAR_SEASON,,,,,,,,Carlisle Stenberg,,,,,,,,,,,,,,,,,,,2.0,,,2.0,,6.0,,,,,,,,,,,178.7,75.0,,,,,,,1.0,,NYJ_OG_04,OG,,,,,8.0,,,,,,,1,,,9.0,60.0,28.0,,,,,,,0.0,,,0,135.0,,2.0,,,,,,,,30.0,,,,,,,
,,,,,,REGULAR_SEASON,,,,,,,,Granger Hubbard,,,,,,,,,,,,,,,,,,,1.0,,,0.0,,0.0,,,,,,,,,,,100.0,33.0,,,,,,,0.0,,NE_OT_04,OT,,,,,0.0,,,,,,,1,,,1.0,27.0,11.0,,,,,,,0.0,,,0,60.0,,1.0,,,,,,,,14.0,,,,,,,
3.0,0.0,,,,,REGULAR_SEASON,,,,,,,,Magnus Wanogho,,,,,,,,,,,,,,,0.0,,,,2.0,,,,2.0,,,,,,,,0.0,,,,,,,43.0,0.23,,,,0.0,,HOU_DT_04,DT,,,,3.0,,,1.0,,,,,1,,,,,,1.0,,,,,0.0,,,,0,77.0,2.0,,5.0,,,1.0,,,,28.0,,,,,,,
,,,,,,REGULAR_SEASON,,,,2628.0,,,,Rocco Oosterhout,,,,,,,,,,,,,,,,45.0,,,66.0,,,,,,,,0.0,,,,18.0,,,,,,24.0,,,,,5159.4,16.0,,CLE_S_01,S,,,,,,,,,131.0,,,1,,,,,,54.0,,,,,,,,,0,3409.0,141.0,,245.0,233.0,7.0,,,,,664.0,,,,,1583.0,,40.08
,,12.0,,,185.0,REGULAR_SEASON,155.0,,,,25.0,8.0,,Izaiah Boykin,,13.0,,,,,,,,,,,,77.0,,,0.0,0.0,8.0,,,,,,,,10.0,,,,,,,255.0,,,,,,11.0,1780.0,,,56.0,P100269_QB,QB,70.0,29.0,307.0,,,,,,,,,0,,,,,,,30.0,,115.0,158.0,,,25.0,20.0,0,518.0,,8.0,,,,,10.0,,14.0,85.0,,,,,,,
,,,,,,REGULAR_SEASON,,,,,,,,Axel Quigley,,,,,,,,,,,,,,,,,,,56.0,,,22.0,,75.0,,,,,,,,,,,5166.9,2031.0,,,,,,,29.0,,P100229_OG,OG,,,,,113.0,,,,,,,0,,,151.0,1648.0,675.0,,,,,,,18.0,,,0,3679.0,,56.0,,,,,,,,583.0,,,,,,,
,,1.0,,,21.0,REGULAR_SEASON,22.0,,,,2.0,1.0,,Renard Dunleavy,,1.0,,,,,,,,,,,,13.0,,,0.0,0.0,1.0,,,,,,,,0.0,,,,,,,33.0,,,,,,0.0,185.0,,,8.0,CAR_QB_02,QB,12.0,5.0,69.0,,,,,,,,,0,,,,,,,3.0,,14.0,17.0,,,2.0,2.0,0,69.0,,1.0,,,,,2.0,,2.0,14.0,,,,,,,
,,,,,,REGULAR_SEASON,,,,,,,,Otto Elmore,,,,,,,,,,,,,,,,,,,5.0,,,0.0,,9.0,,,,,,,,,,,465.9,180.0,,,,,,,1.0,,GB_OT_04,OT,,,,,10.0,,,,,,,0,,,14.0,146.0,63.0,,,,,,,1.0,,,0,326.0,,5.0,,,,,,,,56.0,,,,,,,
,,,,,,REGULAR_SEASON,,,,,,,,Marshall Toussaint,,,,,,,,,,,,,,,,,,,10.0,,,3.0,,15.0,,,,,,,,,,,912.7,363.0,,,,,,,4.0,,P100097_C,C,,,,,22.0,,,,,,,0,,,37.0,295.0,119.0,,,,,,,4.0,,,0,658.0,,10.0,,,,,,,,141.0,,,,,,,
,,,,,,REGULAR_SEASON,,,,,,,,Levi Manningham,,,,,,,,,,,,,,,,,,,33.0,,,14.0,,41.0,,,,,,,,,,,3059.7,1196.0,,,,,,,26.0,,DET_OG_03,OG,,,,,64.0,,,,,,,0,,,90.0,968.0,375.0,,,,,,,9.0,,,0,2164.0,,33.0,,,,,,,,320.0,,,,,,,
,,,,,,REGULAR_SEASON,,0.0,1.0,,,,0.0,Micah Atwater,0.0,,,,,,,,,,,,,0.0,,,,,1.0,,,,,,,,,,,,,0.0,,,,,,,,,,,,,DAL_TE_02,TE,,,,,,,,1.0,,,14.0,1,,36.0,,12.0,,,,,,,,,,,0,43.0,,,,1.0,,,,,,16.0,,,6.0,,,,
,,,,,,REGULAR_SEASON,,,,,,,,Eli Loflin,,,,,,,,,,,,,,,,,,,7.0,,,4.0,,12.0,,,,,,,,,,,627.7,259.0,,,,,,,6.0,,WAS_OT_04,OT,,,,,19.0,,,,,,,0,,,25.0,211.0,66.0,,,,,,,3.0,,,0,470.0,,7.0,,,,,,,,61.0,,,,,,,
,,,,,,REGULAR_SEASON,,,,,,,,Vicente Cosgrove,,,,,,,,,,,,,,,,,,,2.0,,,0.0,,1.0,,,,,,,,,,,176.2,67.0,,,,,,,3.0,,BUF_OT_04,OT,,,,,3.0,,,,,,,1,,,3.0,54.0,28.0,,,,,,,2.0,,,0,121.0,,2.0,,,,,,,,34.0,,,,,,,
2.0,0.0,,,,,REGULAR_SEASON,,,,,,,,Earl Lambright,,,,,,,,,,,,,,,0.0,,,,1.0,,,,1.0,,,,,,,,0.0,,,,,,,23.0,0.2,,,,0.0,,CAR_DT_03,DT,,,,2.0,,,0.0,,,,,1,,,,,,3.0,,,,,1.0,,,,0,40.0,3.0,,5.0,,,0.0,,,,18.0,,,,,,,
,,,,77.0,,REGULAR_SEASON,,131.0,271.0,,,,245.0,Jace Knighton,89.0,,98.0,,,,,,,,,,,478.0,,,9.0,,64.0,,,,,,,,,,,,,35.0,,,,332.0,,,,,,,,,P100343_RB,RB,,,,,33.0,,,983.0,,,11019.0,0,,729.0,,191.0,,,1252.0,41.0,5361.0,,,,,,0,2174.0,,,,1519.0,,,,,,587.0,,,4649.0,2355.0,,3031.0,
,,,,,,REGULAR_SEASON,,19.0,44.0,,,,34.0,Roman Vaughters,10.0,,,,,,,,,,,,,36.0,,,,,55.0,,,,,,,,,,,,,25.0,,,,,,,,,,,,,P100301_WR,WR,,,,,,,,126.0,,8.0,1688.0,0,,2053.0,,704.0,,,,,,,,,,,0,2422.0,,,,247.0,,,,,,487.0,,,683.0,,,,
101.0,7.0,,,,,REGULAR_SEASON,,,,,,,,Rowan Yancey,,,,,,,,,,,,,,,2.0,,,,68.0,,,,94.0,,,,,,,,11.0,,,,,,,1699.0,10.64,,,,15.0,,P100586_EDGE,EDGE,,,,182.0,,,46.0,,,,,0,,,,,,119.0,,,,,51.0,,,,0,2987.0,73.0,,174.0,,,36.0,,,,637.0,,,,,,,
,,,,64.0,,REGULAR_SEASON,,128.0,313.0,,,,246.0,Riordan Sidibe,92.0,,115.0,,,,,,,,,,,651.0,,,13.0,,68.0,,,,,,,,,,,,,27.0,,,,362.0,,,,,,,,,P100371_RB,RB,,,,,29.0,,,1327.0,,,14965.0,0,,841.0,,218.0,,,1547.0,64.0,6479.0,,,,,,0,2490.0,,,,1906.0,,,,,,665.0,,,6421.0,2577.0,,3928.0,
91.0,9.0,,,,,REGULAR_SEASON,,,,,,,,Quincy Philbeck,,,,,,,,,,,,,,,3.0,,,,58.0,,,,68.0,,,,,,,,13.0,,,,,,,1420.0,8.05,,,,14.0,,P100314_EDGE,EDGE,,,,117.0,,,32.0,,,,,0,,,,,,85.0,,,,,23.0,,,,0,2502.0,77.0,,168.0,,,22.0,,,,556.0,,,,,,,
30.0,4.0,,,,,REGULAR_SEASON,,,,,,,,Pierson Girardi,,,,,,,,,,,,,,,2.0,,,,27.0,,,,35.0,,,,,,,,5.0,,,,,,,671.0,3.45,,,,7.0,,TEN_EDGE_06,EDGE,,,,53.0,,,14.0,,,,,0,,,,,,35.0,,,,,4.0,,,,0,1180.0,22.0,,52.0,,,7.0,,,,277.0,,,,,,,
100.0,15.0,,,,,REGULAR_SEASON,,,,,,,,Kaiden Hemsley,,,,,,,,,,,,,,,8.0,,,,66.0,,,,105.0,,,,,,,,12.0,,,,,,,1634.0,9.29,,,,16.0,,P100480_EDGE,EDGE,,,,149.0,,,36.0,,,,,0,,,,,,106.0,,,,,10.0,,,,0,2881.0,79.0,,179.0,,,25.0,,,,635.0,,,,,,,
92.0,8.0,,,,,REGULAR_SEASON,,,,,,,,Paxton Quinones,,,,,,,,,,,,,,,1.0,,,,62.0,,,,71.0,,,,,,,,10.0,,,,,,,1289.0,8.21,,,,11.0,,P100311_DT,DT,,,,115.0,,,36.0,,,,,0,,,,,,86.0,,,,,10.0,,,,0,2271.0,76.0,,168.0,,,34.0,,,,623.0,,,,,,,
,,,,,,REGULAR_SEASON,,,,,,,,Titus Sigler,,,,,,,,,,,,,,,,,,,51.0,8599.0,,,,,21.0,66.0,,,2816.0,,,,7703.0,,,,,,,,,,,,ATL_P_02,P,,,,,,190.0,,,,,,1,896.0,,,,,,,,,,,,,,0,255.0,,,,,,,,9.0,,508.0,,,,,,,
,,,,,,REGULAR_SEASON,,24.0,36.0,,,,24.0,Wendell Minshew,10.0,,,,,,,,,,,,,9.0,,,,,66.0,,,,,,,,,,,,,39.0,,,,,,,,,,,,,P100365_WR,WR,,,,,,,,87.0,,2.0,1344.0,0,,2438.0,,835.0,,,,,,,,,,,0,2873.0,,,,164.0,,,,,,629.0,,,526.0,,,,
,,,,,,REGULAR_SEASON,,,,,,,,Stone Batiste,,,,,,,,,,,,,,,,,,,3.0,,,2.0,,5.0,,,,,,,,,,,271.3,111.0,,,,,,,3.0,,CIN_OG_01,OG,,,,,8.0,,,,,,,1,,,7.0,89.0,37.0,,,,,,,1.0,,,0,200.0,,3.0,,,,,,,,26.0,,,,,,,
78.0,8.0,,,,,REGULAR_SEASON,,,,,,,,Nash Chatman,,,,,,,,,,,,,,,2.0,,,,49.0,,,,63.0,,,,,,,,9.0,,,,,,,1050.0,7.07,,,,10.0,,P100324_DT,DT,,,,96.0,,,22.0,,,,,0,,,,,,90.0,,,,,13.0,,,,0,1855.0,65.0,,143.0,,,33.0,,,,467.0,,,,,,,
13.0,1.0,,,,,REGULAR_SEASON,,,,,,,,Vaughn Westbrook,,,,,,,,,,,,,,,0.0,,,,10.0,,,,13.0,,,,,,,,0.0,,,,,,,210.0,1.49,,,,3.0,,P100325_DT,DT,,,,23.0,,,8.0,,,,,0,,,,,,20.0,,,,,2.0,,,,0,371.0,9.0,,22.0,,,6.0,,,,70.0,,,,,,,
,,,,,,REGULAR_SEASON,,,,2103.0,,,,Roscoe Dettmer,,,,,,,,,,,,,,,,33.0,,,53.0,,,,,,,,1.0,,,,18.0,,,,,,18.0,,,,,4426.6,15.0,,P100462_S,S,,,,,,,,,118.0,,,0,,,,,,43.0,,,,,,,,,0,2727.0,115.0,,192.0,201.0,12.0,,,,,505.0,,,,,1352.0,,34.19
,,,,,,REGULAR_SEASON,,24.0,60.0,,,,52.0,Andre Smallwood,20.0,,,,,,,,,,,,,88.0,,,,,55.0,,,,,,,,,,,,,22.0,,,,,,,,,,,,,LAR_WR_08,WR,,,,,,,,218.0,,18.0,2875.0,0,,2049.0,,698.0,,,,,,,,,,,0,2416.0,,,,396.0,,,,,,563.0,,,1165.0,,,,
,,,,,,REGULAR_SEASON,,,,,,,,Gideon Haywood,,,,,,,,,,,,,,,,,,,11.0,,,3.0,,9.0,,,,,,,,,,,1017.9,390.0,,,,,,,3.0,,KC_OT_05,OT,,,,,16.0,,,,,,,0,,,30.0,315.0,122.0,,,,,,,5.0,,,0,705.0,,11.0,,,,,,,,90.0,,,,,,,
49.0,2.0,,,,,REGULAR_SEASON,,,,,,,,Yardley Ruggiero,,,,,,,,,,,,,,,1.0,,,,33.0,,,,47.0,,,,,,,,5.0,,,,,,,802.0,4.15,,,,10.0,,P100574_EDGE,EDGE,,,,63.0,,,13.0,,,,,0,,,,,,49.0,,,,,4.0,,,,0,1412.0,38.0,,87.0,,,12.0,,,,303.0,,,,,,,
,,,292.0,,,REGULAR_SEASON,,,,1749.0,,,,Marlon Cardenas,,,,,,,,,,,,,,,,25.0,,,51.0,,,,,,,,3.0,,,,31.0,,,,,,11.0,,,,,4429.8,17.0,,P100333_LB,LB,,,,32.0,,,,,135.0,,,0,,,,,,30.0,,,,,3.0,,,,0,2274.0,175.0,,277.0,224.0,10.0,28.0,,,,497.0,,,,,1569.0,,46.08
,,,122.0,,,REGULAR_SEASON,,,,724.0,,,,Zebulon Stallworth,,,,,,,,,,,,,,,,18.0,,,21.0,,,,,,,,2.0,,,,9.0,,,,,,10.0,,,,,1723.9,9.0,,P100329_LB,LB,,,,14.0,,,,,50.0,,,0,,,,,,15.0,,,,,3.0,,,,0,943.0,69.0,,108.0,87.0,3.0,20.0,,,,224.0,,,,,701.0,,20.27
,,,,,,REGULAR_SEASON,,,,2193.0,,,,Jelani Welbourne,,,,,,,,,,,,,,,,45.0,,,58.0,,,,,,,,9.0,,,,27.0,,,,,,25.0,,,,,4465.0,15.0,,P100366_CB,CB,,,,,,,,,139.0,,,0,,,,,,43.0,,,,,,,,,0,2845.0,126.0,,213.0,232.0,6.0,,,,,541.0,,,,,1584.0,,41.94
,,,,,,REGULAR_SEASON,,,,,,,,Graham Drayton,,,,,,,,,,,,,,,,,,,2.0,,,3.0,,3.0,,,,,,,,,,,182.9,70.0,,,,,,,2.0,,DET_OT_04,OT,,,,,6.0,,,,,,,1,,,3.0,57.0,24.0,,,,,,,0.0,,,0,127.0,,2.0,,,,,,,,4.0,,,,,,,
,,,,,,REGULAR_SEASON,,,,,,,,Rudy Aubert,,,,,,,,,,,,,,,,,,,19.0,,,14.0,,26.0,,,,,,,,,,,1683.9,688.0,,,,,,,13.0,,P100141_OG,OG,,,,,51.0,,,,,,,0,,,55.0,555.0,233.0,,,,,,,11.0,,,0,1243.0,,19.0,,,,,,,,208.0,,,,,,,
,,,,,,REGULAR_SEASON,,,,647.0,,,,Soren Edelman,,,,,,,,,,,,,,,,12.0,,,17.0,,,,,,,,1.0,,,,7.0,,,,,,7.0,,,,,1607.1,6.0,,BUF_CB_07,CB,,,,,,,,,55.0,,,1,,,,,,9.0,,,,,,,,,0,841.0,45.0,,72.0,81.0,7.0,,,,,154.0,,,,,611.0,,15.87
,,,,,,REGULAR_SEASON,,,,2566.0,,,,Waylon Calderón,,,,,,,,,,,,,,,,53.0,,,65.0,,,,,,,,1.0,,,,20.0,,,,,,33.0,,,,,5035.1,13.0,,P100363_S,S,,,,,,,,,147.0,,,0,,,,,,44.0,,,,,,,,,0,3331.0,130.0,,221.0,243.0,3.0,,,,,585.0,,,,,1627.0,,41.84
,,,,,,REGULAR_SEASON,,,,2713.0,,,,Marlon Whitlow,,,,,,,,,,,,,,,,47.0,,,68.0,,,,,,,,0.0,,,,34.0,,,,,,23.0,,,,,6239.1,21.0,,ATL_S_05,S,,,,,,,,,192.0,,,0,,,,,,52.0,,,,,,,,,0,3515.0,163.0,,270.0,307.0,14.0,,,,,620.0,,,,,2186.0,,54.99
,,,,68.0,,REGULAR_SEASON,,73.0,152.0,,,,143.0,Leland Cortés,47.0,,61.0,,,,,,,,,,,312.0,,,4.0,,66.0,,,,,,,,,,,,,31.0,,,,366.0,,,,,,,,,P100430_RB,RB,,,,,41.0,,,667.0,,,7669.0,0,,558.0,,141.0,,,829.0,19.0,3471.0,,,,,,0,1677.0,,,,1028.0,,,,,,637.0,,,3195.0,1455.0,,2041.0,
,,,,,,REGULAR_SEASON,,36.0,71.0,,,,48.0,Wesley Cahill,18.0,,,,,,,,,,,,,71.0,,,,,63.0,,,,,,,,,,,,,28.0,,,,,,,,,,,,,KC_TE_04,TE,,,,,,,,190.0,,,2296.0,0,,2096.0,,717.0,,,,,,,,,,,0,2477.0,,,,345.0,,,,,,602.0,,,927.0,,,,
,,,,,,REGULAR_SEASON,,,,,,,,Xavier Judkins,,,,,,,,,,,,,,,,,,,68.0,,,29.0,,70.0,,,,,,,,,,,6335.5,2457.0,,,,,,,42.0,,P100581_OT,OT,,,,,116.0,,,,,,,0,,,182.0,1991.0,819.0,,,,,,,21.0,,,0,4448.0,,68.0,,,,,,,,647.0,,,,,,,
,,,,,,REGULAR_SEASON,,,,,,,,Bexley Fairbanks,,,,,,,,,,,,,,,,,,,8.0,,,3.0,,7.0,,,,,,,,,,,731.4,288.0,,,,,,,3.0,,P100558_OG,OG,,,,,14.0,,,,,,,0,,,28.0,231.0,86.0,,,,,,,4.0,,,0,519.0,,8.0,,,,,,,,48.0,,,,,,,
47.0,9.0,,,,,REGULAR_SEASON,,,,,,,,Randall Jorgensen,,,,,,,,,,,,,,,3.0,,,,31.0,,,,35.0,,,,,,,,7.0,,,,,,,759.0,3.5,,,,5.0,,P100452_EDGE,EDGE,,,,54.0,,,10.0,,,,,1,,,,,,31.0,,,,,10.0,,,,0,1336.0,42.0,,89.0,,,12.0,,,,280.0,,,,,,,
,,,,,,REGULAR_SEASON,,,,1745.0,,,,Fowler Skowronek,,,,,,,,,,,,,,,,34.0,,,46.0,,,,,,,,6.0,,,,13.0,,,,,,22.0,,,,,3795.7,7.0,,P100422_CB,CB,,,,,,,,,89.0,,,0,,,,,,35.0,,,,,,,,,0,2266.0,103.0,,177.0,141.0,8.0,,,,,399.0,,,,,1095.0,,29.15
,,,,,,REGULAR_SEASON,,,,2422.0,,,,Hakeem Legette,,,,,,,,,,,,,,,,32.0,,,63.0,,,,,,,,5.0,,,,24.0,,,,,,15.0,,,,,5352.4,20.0,,P100527_CB,CB,,,,,,,,,171.0,,,0,,,,,,49.0,,,,,,,,,0,3140.0,144.0,,250.0,260.0,9.0,,,,,627.0,,,,,1831.0,,47.54
,,,,,,REGULAR_SEASON,,,,1656.0,,,,Nolan Henderson,,,,,,,,,,,,,,,,30.0,,,43.0,,,,,,,,3.0,,,,24.0,,,,,,10.0,,,,,3702.8,9.0,,DET_CB_07,CB,,,,,,,,,111.0,,,1,,,,,,29.0,,,,,,,,,0,2150.0,118.0,,185.0,172.0,7.0,,,,,375.0,,,,,1267.0,,33.35
,,,,,,REGULAR_SEASON,,,,2182.0,,,,Redmond Alcott,,,,,,,,,,,,,,,,47.0,,,55.0,,,,,,,,1.0,,,,32.0,,,,,,30.0,,,,,4352.5,24.0,,P100347_S,S,,,,,,,,,122.0,,,0,,,,,,39.0,,,,,,,,,0,2831.0,123.0,,207.0,214.0,4.0,,,,,534.0,,,,,1334.0,,34.2
,,,,,,REGULAR_SEASON,,,,2709.0,,,,Damon Paulson,,,,,,,,,,,,,,,,53.0,,,68.0,,,,,,,,2.0,,,,33.0,,,,,,30.0,,,,,5148.6,15.0,,P100428_S,S,,,,,,,,,133.0,,,0,,,,,,49.0,,,,,,,,,0,3511.0,153.0,,258.0,253.0,10.0,,,,,651.0,,,,,1448.0,,36.34
,,,,,,REGULAR_SEASON,,,,1379.0,,,,Anders Tatupu,,,,,,,,,,,,,,,,28.0,,,35.0,,,,,,,,0.0,,,,13.0,,,,,,13.0,,,,,2836.5,8.0,,P100310_S,S,,,,,,,,,73.0,,,0,,,,,,23.0,,,,,,,,,0,1789.0,76.0,,133.0,133.0,9.0,,,,,311.0,,,,,781.0,,19.78
,,,195.0,,,REGULAR_SEASON,,,,1267.0,,,,Braxton Fraley,,,,,,,,,,,,,,,,24.0,,,36.0,,,,,,,,1.0,,,,22.0,,,,,,9.0,,,,,3180.2,10.0,,P100252_LB,LB,,,,22.0,,,,,84.0,,,0,,,,,,25.0,,,,,3.0,,,,0,1646.0,135.0,,210.0,128.0,10.0,31.0,,,,357.0,,,,,1033.0,,29.78
,,,,,,REGULAR_SEASON,,,,1703.0,,,,Kelvin Holbrook,,,,,,,,,,,,,,,,29.0,,,45.0,,,,,,,,6.0,,,,15.0,,,,,,19.0,,,,,3688.9,9.0,,LAR_CB_08,CB,,,,,,,,,106.0,,,1,,,,,,36.0,,,,,,,,,0,2207.0,110.0,,180.0,174.0,10.0,,,,,477.0,,,,,1182.0,,31.73
,,,,,,REGULAR_SEASON,,30.0,71.0,,,,52.0,Camden Vitiello,24.0,,,,,,,,,,,,,89.0,,,,,55.0,,,,,,,,,,,,,23.0,,,,,,,,,,,,,DAL_WR_08,WR,,,,,,,,228.0,,4.0,2815.0,0,,2057.0,,701.0,,,,,,,,,,,0,2427.0,,,,414.0,,,,,,492.0,,,1060.0,,,,
,,,,,,REGULAR_SEASON,,13.0,29.0,,,,26.0,Ibrahim Claiborne,9.0,,,,,,,,,,,,,33.0,,,,,24.0,,,,,,,,,,,,,13.0,,,,,,,,,,,,,PIT_WR_08,WR,,,,,,,,84.0,,3.0,995.0,0,,881.0,,300.0,,,,,,,,,,,0,1040.0,,,,147.0,,,,,,254.0,,,387.0,,,,
,,,,,,REGULAR_SEASON,,19.0,41.0,,,,28.0,Soren Ahearn,22.0,,,,,,,,,,,,,48.0,,,,,47.0,,,,,,,,,,,,,26.0,,,,,,,,,,,,,P100431_WR,WR,,,,,,,,142.0,,9.0,1828.0,0,,1711.0,,585.0,,,,,,,,,,,0,2019.0,,,,263.0,,,,,,417.0,,,698.0,,,,
,,,381.0,,,REGULAR_SEASON,,,,2213.0,,,,Morgan Taliaferro,,,,,,,,,,,,,,,,48.0,,,63.0,,,,,,,,5.0,,,,39.0,,,,,,26.0,,,,,4986.2,28.0,,P100489_LB,LB,,,,48.0,,,,,147.0,,,0,,,,,,37.0,,,,,7.0,,,,0,2878.0,223.0,,352.0,257.0,12.0,64.0,,,,594.0,,,,,1719.0,,49.95
,,,,,,REGULAR_SEASON,,,,,,,,Cortez Pepperell,,,,,,,,,,,,,,,,,,,64.0,11328.0,,,,,41.0,94.0,,,3430.0,,,,10136.0,,,,,,,,,,,,TB_P_02,P,,,,,,243.0,,,,,,0,1192.0,,,,,,,,,,,,,,0,320.0,,,,,,,,18.0,,593.0,,,,,,,
,,,,83.0,,REGULAR_SEASON,,161.0,350.0,,,,256.0,Cannon Finnegan,99.0,,124.0,,,,,,,,,,,637.0,,,9.0,,63.0,,,,,,,,,,,,,33.0,,,,374.0,,,,,,,,,P100464_RB,RB,,,,,29.0,,,1300.0,,,14497.0,0,,828.0,,216.0,,,1561.0,36.0,6467.0,,,,,,0,2454.0,,,,1923.0,,,,,,626.0,,,6219.0,2661.0,,3901.0,
,,,,,,REGULAR_SEASON,,40.0,74.0,,,,77.0,Roscoe Gaskins,28.0,,,,,,,,,,,,,124.0,,,,,60.0,,,,,,,,,,,,,37.0,,,,,,,,,,,,,P100447_WR,WR,,,,,,,,288.0,,10.0,3474.0,0,,2237.0,,763.0,,,,,,,,,,,0,2637.0,,,,524.0,,,,,,622.0,,,1417.0,,,,
,,,,,,REGULAR_SEASON,,24.0,63.0,,,,56.0,Jamari Hennessy,26.0,,,,,,,,,,,,,72.0,,,,,51.0,,,,,,,,,,,,,23.0,,,,,,,,,,,,,NYJ_WR_08,WR,,,,,,,,192.0,,14.0,2341.0,0,,1898.0,,651.0,,,,,,,,,,,0,2240.0,,,,358.0,,,,,,518.0,,,988.0,,,,
,,,,,,REGULAR_SEASON,,10.0,15.0,,,,24.0,Kermit Zenner,8.0,,,,,,,,,,,,,14.0,,,,,42.0,,,,,,,,,,,,,14.0,,,,,,,,,,,,,ARI_WR_08,WR,,,,,,,,67.0,,3.0,933.0,1,,1584.0,,538.0,,,,,,,,,,,0,1864.0,,,,136.0,,,,,,434.0,,,405.0,,,,
79.0,7.0,,,,,REGULAR_SEASON,,,,,,,,Saxon Quarterman,,,,,,,,,,,,,,,3.0,,,,60.0,,,,58.0,,,,,,,,18.0,,,,,,,1481.0,7.79,,,,12.0,,P100478_EDGE,EDGE,,,,113.0,,,32.0,,,,,0,,,,,,63.0,,,,,34.0,,,,0,2604.0,67.0,,146.0,,,28.0,,,,565.0,,,,,,,
60.0,4.0,,,,,REGULAR_SEASON,,,,,,,,Kelvin Desormeaux,,,,,,,,,,,,,,,2.0,,,,45.0,,,,53.0,,,,,,,,10.0,,,,,,,1108.0,5.36,,,,9.0,,P100562_EDGE,EDGE,,,,78.0,,,18.0,,,,,0,,,,,,54.0,,,,,7.0,,,,0,1948.0,48.0,,108.0,,,16.0,,,,428.0,,,,,,,
98.0,10.0,,,,,REGULAR_SEASON,,,,,,,,Lucian Schmitz,,,,,,,,,,,,,,,4.0,,,,58.0,,,,76.0,,,,,,,,27.0,,,,,,,1430.0,7.38,,,,13.0,,P100561_EDGE,EDGE,,,,122.0,,,30.0,,,,,0,,,,,,75.0,,,,,19.0,,,,0,2524.0,81.0,,179.0,,,37.0,,,,588.0,,,,,,,
,,,,,,REGULAR_SEASON,,16.0,33.0,,,,30.0,Hasani Trapasso,11.0,,,,,,,,,,,,,38.0,,,,,60.0,,,,,,,,,,,,,18.0,,,,,,,,,,,,,CHI_WR_07,WR,,,,,,,,125.0,,10.0,1617.0,0,,2243.0,,764.0,,,,,,,,,,,0,2646.0,,,,247.0,,,,,,561.0,,,641.0,,,,
,,,,,,REGULAR_SEASON,,19.0,36.0,,,,32.0,Rowan Yancey,6.0,,,,,,,,,,,,,28.0,,,,,43.0,,,,,,,,,,,,,12.0,,,,,,,,,,,,,LV_WR_07,WR,,,,,,,,100.0,,4.0,1314.0,0,,1613.0,,552.0,,,,,,,,,,,0,1903.0,,,,192.0,,,,,,398.0,,,532.0,,,,
96.0,14.0,,,,,REGULAR_SEASON,,,,,,,,Magnus Longacre,,,,,,,,,,,,,,,5.0,,,,64.0,,,,89.0,,,,,,,,15.0,,,,,,,1579.0,8.8,,,,16.0,,P100346_EDGE,EDGE,,,,147.0,,,50.0,,,,,0,,,,,,96.0,,,,,13.0,,,,0,2779.0,76.0,,172.0,,,24.0,,,,569.0,,,,,,,
,,,,,,REGULAR_SEASON,,37.0,93.0,,,,74.0,Hamza Sendejo,39.0,,,,,,,,,,,,,132.0,,,,,68.0,,,,,,,,,,,,,29.0,,,,,,,,,,,,,P100331_WR,WR,,,,,,,,314.0,,20.0,3878.0,0,,2493.0,,848.0,,,,,,,,,,,0,2938.0,,,,541.0,,,,,,648.0,,,1641.0,,,,
,,,,,,REGULAR_SEASON,,6.0,19.0,,,,23.0,Chandler Kirkpatrick,9.0,,,,,,,,,,,,,17.0,,,,,57.0,,,,,,,,,,,,,27.0,,,,,,,,,,,,,P100566_WR,WR,,,,,,,,89.0,,5.0,1279.0,0,,2076.0,,710.0,,,,,,,,,,,0,2448.0,,,,164.0,,,,,,544.0,,,493.0,,,,
,,,,,,REGULAR_SEASON,,,,,,,,Darnell Coulombe,,,,,,,,,,,,,,,,,,,58.0,,,17.0,,39.0,,,,,,,,,,,5507.6,2075.0,,,,,,,29.0,,P100507_OT,OT,,,,,68.0,,,,,,,0,,,154.0,1684.0,712.0,,,,,,,15.0,,,0,3759.0,,58.0,,,,,,,,564.0,,,,,,,
50.0,3.0,,,,,REGULAR_SEASON,,,,,,,,Hakeem Ridgeway,,,,,,,,,,,,,,,3.0,,,,35.0,,,,39.0,,,,,,,,10.0,,,,,,,871.0,4.23,,,,3.0,,P100483_EDGE,EDGE,,,,70.0,,,26.0,,,,,0,,,,,,40.0,,,,,6.0,,,,0,1536.0,44.0,,94.0,,,14.0,,,,359.0,,,,,,,
,,,,,,REGULAR_SEASON,,,,2012.0,,,,Ridge Edelman,,,,,,,,,,,,,,,,35.0,,,50.0,,,,,,,,4.0,,,,28.0,,,,,,17.0,,,,,4218.7,16.0,,DET_S_03,S,,,,,,,,,129.0,,,1,,,,,,25.0,,,,,,,,,0,2610.0,107.0,,181.0,194.0,7.0,,,,,468.0,,,,,1523.0,,38.13
,,,,,,REGULAR_SEASON,,36.0,80.0,,,,58.0,Ivan Appleton,26.0,,,,,,,,,,,,,103.0,,,,,58.0,,,,,,,,,,,,,40.0,,,,,,,,,,,,,P100512_WR,WR,,,,,,,,250.0,,13.0,3020.0,0,,2113.0,,720.0,,,,,,,,,,,0,2494.0,,,,452.0,,,,,,554.0,,,1215.0,,,,
,,,,,,REGULAR_SEASON,,,,,,,,Saul Zimmerman,,,,,,,,,,,,,,,,,,,22.0,,,10.0,,32.0,,,,,,,,,,,2016.6,783.0,,,,,,,10.0,,P100341_OG,OG,,,,,48.0,,,,,,,0,,,67.0,636.0,257.0,,,,,,,7.0,,,0,1419.0,,22.0,,,,,,,,240.0,,,,,,,
,,,,,,REGULAR_SEASON,,,,,,,,Peyson Brasher,,,,,,,,,,,,,,,,,,,68.0,,,25.0,,50.0,,,,,,,,,,,6378.1,2420.0,,,,,,,42.0,,P100321_C,C,,,,,95.0,,,,,,,0,,,176.0,1961.0,867.0,,,,,,,22.0,,,0,4381.0,,68.0,,,,,,,,668.0,,,,,,,
,,,,,,REGULAR_SEASON,,8.0,21.0,,,,18.0,Mack Carvalho,6.0,,,,,,,,,,,,,13.0,,,,,29.0,,,,,,,,,,,,,18.0,,,,,,,,,,,,,P100377_WR,WR,,,,,,,,53.0,,5.0,737.0,0,,1066.0,,363.0,,,,,,,,,,,0,1261.0,,,,105.0,,,,,,245.0,,,291.0,,,,
,,,,,,REGULAR_SEASON,,39.0,86.0,,,,79.0,Jace Langford,25.0,,,,,,,,,,,,,105.0,,,,,68.0,,,,,,,,,,,,,40.0,,,,,,,,,,,,,LAC_WR_07,WR,,,,,,,,272.0,,12.0,3332.0,0,,2503.0,,854.0,,,,,,,,,,,0,2948.0,,,,527.0,,,,,,628.0,,,1381.0,,,,
,,,,,,REGULAR_SEASON,,,,,,,,Cassian Harmon,,,,,,,,,,,,,,,,,,,55.0,,,20.0,,70.0,,,,,,,,,,,5073.4,1974.0,,,,,,,43.0,,MIA_OT_01,OT,,,,,106.0,,,,,,,0,,,178.0,1605.0,600.0,,,,,,,19.0,,,0,3579.0,,55.0,,,,,,,,493.0,,,,,,,
,,,,,,REGULAR_SEASON,,,,,,,,Onyx Sagapolutele,,,,,,,,,,,,,,,,,,,30.0,,,12.0,,38.0,,,,,,,,,,,2765.2,1086.0,,,,,,,18.0,,P100312_OG,OG,,,,,59.0,,,,,,,0,,,70.0,879.0,346.0,,,,,,,10.0,,,0,1965.0,,30.0,,,,,,,,302.0,,,,,,,
88.0,5.0,,,,,REGULAR_SEASON,,,,,,,,Esteban Quessenberry,,,,,,,,,,,,,,,4.0,,,,63.0,,,,58.0,,,,,,,,11.0,,,,,,,1539.0,6.56,,,,13.0,,P100304_EDGE,EDGE,,,,101.0,,,33.0,,,,,0,,,,,,49.0,,,,,16.0,,,,0,2707.0,77.0,,165.0,,,15.0,,,,638.0,,,,,,,
71.0,7.0,,,,,REGULAR_SEASON,,,,,,,,Samir Sistrunk,,,,,,,,,,,,,,,1.0,,,,51.0,,,,57.0,,,,,,,,18.0,,,,,,,1268.0,5.43,,,,15.0,,P100595_EDGE,EDGE,,,,75.0,,,15.0,,,,,0,,,,,,45.0,,,,,4.0,,,,0,2235.0,50.0,,121.0,,,11.0,,,,508.0,,,,,,,
,,,84.0,,,REGULAR_SEASON,,,,456.0,,,,Deion Casillas,,,,,,,,,,,,,,,,7.0,,,13.0,,,,,,,,1.0,,,,5.0,,,,,,3.0,,,,,1044.6,5.0,,KC_LB_04,LB,,,,11.0,,,,,36.0,,,1,,,,,,7.0,,,,,1.0,,,,0,594.0,50.0,,79.0,55.0,2.0,11.0,,,,133.0,,,,,363.0,,10.49
,,,,,,REGULAR_SEASON,,,,,,,,Deshaun Crandall,,,,,,,,,,,,,,,,,,,13.0,2130.0,,,,,8.0,14.0,,,707.0,,,,1922.0,,,,,,,,,,,,DAL_P_02,P,,,,,,46.0,,,,,,0,208.0,,,,,,,,,,,,,,0,65.0,,,,,,,,3.0,,112.0,,,,,,,
,,12.0,,,167.0,REGULAR_SEASON,147.0,,,,30.0,17.0,,Randall Siemian,,9.0,,,,,,,,,,,,70.0,,,2.0,1.0,8.0,,,,,,,,9.0,,,,,,,262.0,,,,,,11.0,1552.0,,,59.0,P100532_QB,QB,95.0,43.0,404.0,,,,,,,,,1,,,,,,,25.0,,102.0,178.0,,,28.0,15.0,0,508.0,,8.0,,,,,12.0,,20.0,65.0,,,,,,,
,,,,,,REGULAR_SEASON,,5.0,14.0,,,,7.0,Willem Kessler,2.0,,,,,,,,,,,,,0.0,,,,,32.0,,,,,,,,,,,,,12.0,,,,,,,,,,,,,CAR_TE_03,TE,,,,,,,,31.0,,,471.0,0,,1060.0,,364.0,,,,,,,,,,,0,1252.0,,,,60.0,,,,,,259.0,,,184.0,,,,
52.0,9.0,,,,,REGULAR_SEASON,,,,,,,,Lyle Rademacher,,,,,,,,,,,,,,,1.0,,,,38.0,,,,41.0,,,,,,,,9.0,,,,,,,812.0,4.46,,,,7.0,,IND_DT_05,DT,,,,63.0,,,12.0,,,,,0,,,,,,47.0,,,,,14.0,,,,0,1432.0,38.0,,90.0,,,11.0,,,,394.0,,,,,,,
,,,,,,REGULAR_SEASON,,,,2047.0,,,,Auden Kraft,,,,,,,,,,,,,,,,37.0,,,51.0,,,,,,,,2.0,,,,18.0,,,,,,20.0,,,,,4720.3,13.0,,P100491_S,S,,,,,,,,,123.0,,,0,,,,,,35.0,,,,,,,,,0,2655.0,108.0,,181.0,191.0,10.0,,,,,489.0,,,,,1569.0,,39.17
,,,,,,REGULAR_SEASON,,,,875.0,,,,Holden Sappington,,,,,,,,,,,,,,,,17.0,,,22.0,,,,,,,,2.0,,,,11.0,,,,,,5.0,,,,,2130.6,6.0,,P100465_S,S,,,,,,,,,63.0,,,0,,,,,,16.0,,,,,,,,,0,1135.0,53.0,,86.0,92.0,8.0,,,,,190.0,,,,,718.0,,18.38
,,,,94.0,,REGULAR_SEASON,,97.0,190.0,,,,180.0,Roderick Pflueger,57.0,,66.0,,,,,,,,,,,348.0,,,6.0,,64.0,,,,,,,,,,,,,46.0,,,,314.0,,,,,,,,,P100534_RB,RB,,,,,29.0,,,733.0,,,8957.0,0,,623.0,,160.0,,,974.0,42.0,4259.0,,,,,,0,1867.0,,,,1191.0,,,,,,597.0,,,3490.0,1929.0,,2337.0,
,,,,106.0,,REGULAR_SEASON,,48.0,104.0,,,,97.0,Kermit Marinelli,36.0,,46.0,,,,,,,,,,,166.0,,,7.0,,65.0,,,,,,,,,,,,,39.0,,,,334.0,,,,,,,,,P100356_RB,RB,,,,,28.0,,,376.0,,,4794.0,0,,449.0,,104.0,,,507.0,1.0,2272.0,,,,,,0,1359.0,,,,623.0,,,,,,604.0,,,1876.0,1064.0,,1209.0,
,,,,100.0,,REGULAR_SEASON,,28.0,52.0,,,,33.0,Gaspard Brommell,17.0,,13.0,,,,,,,,,,,51.0,,,3.0,,66.0,,,,,,,,,,,,,44.0,,,,373.0,,,,,,,,,P100511_RB,RB,,,,,38.0,,,161.0,,,2291.0,0,,337.0,,75.0,,,233.0,,1069.0,,,,,,0,1056.0,,,,288.0,,,,,,602.0,,,903.0,523.0,,548.0,
,,,,,,REGULAR_SEASON,,,,,,,,Zeke Cavanaugh,,,,,,,,,,,,,,,,,,,33.0,,,12.0,,49.0,,,,,,,,,,,2974.2,1177.0,,,,,,,23.0,,TB_OG_04,OG,,,,,77.0,,,,,,,0,,,104.0,956.0,380.0,,,,,,,16.0,,,0,2133.0,,33.0,,,,,,,,300.0,,,,,,,
,,,295.0,,,REGULAR_SEASON,,,,1695.0,,,,Egan Forsythe,,,,,,,,,,,,,,,,23.0,,,49.0,,,,,,,,2.0,,,,21.0,,,,,,16.0,,,,,4030.8,13.0,,P100319_LB,LB,,,,35.0,,,,,112.0,,,0,,,,,,40.0,,,,,5.0,,,,0,2207.0,183.0,,287.0,187.0,7.0,31.0,,,,431.0,,,,,1306.0,,37.62
,,,,21.0,,REGULAR_SEASON,,6.0,27.0,,,,15.0,Derrick Mabry,6.0,,9.0,,,,,,,,,,,39.0,,,0.0,,17.0,,,,,,,,,,,,,6.0,,,,85.0,,,,,,,,,JAX_RB_04,RB,,,,,8.0,,,86.0,,,902.0,1,,122.0,,29.0,,,133.0,,576.0,,,,,,0,372.0,,,,150.0,,,,,,160.0,,,366.0,241.0,,335.0,
,,,,9.0,,REGULAR_SEASON,,5.0,9.0,,,,3.0,Odell Tindall,0.0,,1.0,,,,,,,,,,,9.0,,,0.0,,12.0,,,,,,,,,,,,,4.0,,,,73.0,,,,,,,,,SEA_RB_05,RB,,,,,8.0,,,26.0,,,283.0,1,,67.0,,15.0,,,38.0,,177.0,,,,,,0,207.0,,,,45.0,,,,,,106.0,,,110.0,94.0,,83.0,
,,,,,,REGULAR_SEASON,,67.0,124.0,,,,94.0,Zephyr Sokolowski,35.0,,,,,,,,,,,,,179.0,,,,,68.0,,,,,,,,,,,,,55.0,,,,,,,,,,,,,P100404_WR,WR,,,,,,,,417.0,,16.0,4682.0,0,,2522.0,,858.0,,,,,,,,,,,0,2972.0,,,,739.0,,,,,,608.0,,,2005.0,,,,
,,,,,,REGULAR_SEASON,,4.0,4.0,,,,3.0,Enzo Shackleford,0.0,,,,,,,,,,,,,0.0,,,,,10.0,,,,,,,,,,,,,7.0,,,,,,,,,,,,,NYJ_WR_05,WR,,,,,,,,10.0,,,134.0,1,,367.0,,126.0,,,,,,,,,,,0,433.0,,,,24.0,,,,,,115.0,,,45.0,,,,
97.0,15.0,,,,,REGULAR_SEASON,,,,,,,,Fritz Schreiber,,,,,,,,,,,,,,,7.0,,,,68.0,,,,97.0,,,,,,,,9.0,,,,,,,1686.0,8.69,,,,18.0,,P100565_EDGE,EDGE,,,,142.0,,,35.0,,,,,0,,,,,,105.0,,,,,16.0,,,,0,2968.0,82.0,,179.0,,,23.0,,,,608.0,,,,,,,
105.0,10.0,,,,,REGULAR_SEASON,,,,,,,,Deion Benavides,,,,,,,,,,,,,,,3.0,,,,63.0,,,,92.0,,,,,,,,16.0,,,,,,,1560.0,8.22,,,,17.0,,P100515_EDGE,EDGE,,,,143.0,,,42.0,,,,,0,,,,,,99.0,,,,,13.0,,,,0,2753.0,86.0,,191.0,,,28.0,,,,561.0,,,,,,,
67.0,1.0,,,,,REGULAR_SEASON,,,,,,,,Kaiden Kirkpatrick,,,,,,,,,,,,,,,1.0,,,,39.0,,,,25.0,,,,,,,,8.0,,,,,,,812.0,4.93,,,,6.0,,PHI_DT_06,DT,,,,53.0,,,20.0,,,,,0,,,,,,44.0,,,,,15.0,,,,0,1437.0,55.0,,122.0,,,25.0,,,,335.0,,,,,,,
4.0,0.0,,,,,REGULAR_SEASON,,,,,,,,Ferris Neasman,,,,,,,,,,,,,,,0.0,,,,2.0,,,,3.0,,,,,,,,1.0,,,,,,,46.0,0.26,,,,0.0,,LV_EDGE_07,EDGE,,,,6.0,,,3.0,,,,,1,,,,,,4.0,,,,,0.0,,,,0,81.0,2.0,,6.0,,,0.0,,,,12.0,,,,,,,
,,,,,,REGULAR_SEASON,,,,117.0,,,,Hadley Dunleavy,,,,,,,,,,,,,,,,3.0,,,3.0,,,,,,,,0.0,,,,2.0,,,,,,0.0,,,,,215.0,0.0,,FA_S_152,S,,,,,,,,,7.0,,,1,,,,,,0.0,,,,,,,,,0,151.0,10.0,,15.0,11.0,0.0,,,,,14.0,,,,,68.0,,1.66
,,,,,,REGULAR_SEASON,,,,,,,,Vince McCourty,,,,,,,,,,,,,,,,,,,13.0,,,6.0,,18.0,,,,,,,,,,,1189.6,474.0,,,,,,,8.0,,P100337_OT,OT,,,,,28.0,,,,,,,0,,,40.0,385.0,137.0,,,,,,,5.0,,,0,859.0,,13.0,,,,,,,,146.0,,,,,,,
,,,,,,REGULAR_SEASON,,,,,,,,Vince Latimore,,,,,,,,,,,,,,,,,,,3.0,,,0.0,,3.0,,,,,,,,,,,271.7,106.0,,,,,,,1.0,,P100028_OT,OT,,,,,5.0,,,,,,,0,,,9.0,87.0,33.0,,,,,,,2.0,,,0,193.0,,3.0,,,,,,,,22.0,,,,,,,
,,,,,,REGULAR_SEASON,,25.0,55.0,,,,57.0,Deion Beecham,20.0,,,,,,,,,,,,,70.0,,,,,55.0,,,,,,,,,,,,,25.0,,,,,,,,,,,,,P100386_WR,WR,,,,,,,,182.0,,10.0,2181.0,0,,2070.0,,707.0,,,,,,,,,,,0,2443.0,,,,361.0,,,,,,497.0,,,881.0,,,,
10.0,1.0,,,,,REGULAR_SEASON,,,,,,,,Zion Benavides,,,,,,,,,,,,,,,1.0,,,,7.0,,,,7.0,,,,,,,,2.0,,,,,,,142.0,1.3,,,,1.0,,P100082_DT,DT,,,,17.0,,,6.0,,,,,0,,,,,,13.0,,,,,5.0,,,,0,250.0,10.0,,20.0,,,6.0,,,,36.0,,,,,,,
,,,139.0,,,REGULAR_SEASON,,,,920.0,,,,Beckham Wheelwright,,,,,,,,,,,,,,,,13.0,,,27.0,,,,,,,,3.0,,,,23.0,,,,,,6.0,,,,,2512.8,6.0,,P100520_LB,LB,,,,17.0,,,,,81.0,,,0,,,,,,24.0,,,,,2.0,,,,0,1194.0,86.0,,140.0,130.0,10.0,14.0,,,,290.0,,,,,1032.0,,30.77
,,,,,,REGULAR_SEASON,,9.0,25.0,,,,16.0,Quincy Wrighster,9.0,,,,,,,,,,,,,32.0,,,,,21.0,,,,,,,,,,,,,7.0,,,,,,,,,,,,,P100313_WR,WR,,,,,,,,80.0,,5.0,867.0,1,,789.0,,272.0,,,,,,,,,,,0,932.0,,,,138.0,,,,,,209.0,,,366.0,,,,
,,,,,,REGULAR_SEASON,,20.0,47.0,,,,51.0,Sawyer Batiste,20.0,,,,,,,,,,,,,66.0,,,,,64.0,,,,,,,,,,,,,32.0,,,,,,,,,,,,,P100349_TE,TE,,,,,,,,193.0,,,2267.0,0,,2112.0,,718.0,,,,,,,,,,,0,2491.0,,,,360.0,,,,,,602.0,,,901.0,,,,
,,,,,,REGULAR_SEASON,,,,,,,,Kenzo Wrighster,,,,,,,,,,,,,,,,,,,6.0,,,0.0,,9.0,,,,,,,,,,,575.6,216.0,,,,,,,3.0,,NO_OT_03,OT,,,,,9.0,,,,,,,0,,,17.0,178.0,80.0,,,,,,,0.0,,,0,394.0,,6.0,,,,,,,,72.0,,,,,,,
,,,,,,REGULAR_SEASON,,,,,,,,Galen Hubbard,,,,,,,,,,,,,,,,,,,59.0,,,24.0,,69.0,,,,,,,,,,,5484.8,2147.0,,,,,,,30.0,,P100381_OG,OG,,,,,108.0,,,,,,,0,,,155.0,1744.0,704.0,,,,,,,18.0,,,0,3891.0,,59.0,,,,,,,,579.0,,,,,,,
,,,,,,REGULAR_SEASON,,,,,,,,Grady Deakins,,,,,,,,,,,,,,,,,,,43.0,,,16.0,,61.0,,,,,,,,,,,3939.1,1566.0,,,,,,,21.0,,P100503_OG,OG,,,,,92.0,,,,,,,0,,,121.0,1269.0,519.0,,,,,,,16.0,,,0,2835.0,,43.0,,,,,,,,396.0,,,,,,,
,,,,,,REGULAR_SEASON,,,,2608.0,,,,Hudson Vasher,,,,,,,,,,,,,,,,54.0,,,68.0,,,,,,,,9.0,,,,27.0,,,,,,33.0,,,,,5511.0,16.0,,P100426_CB,CB,,,,,,,,,160.0,,,0,,,,,,51.0,,,,,,,,,0,3382.0,164.0,,278.0,262.0,11.0,,,,,658.0,,,,,1889.0,,49.46
,,,,,,REGULAR_SEASON,,,,824.0,,,,Damon Rudolph,,,,,,,,,,,,,,,,13.0,,,21.0,,,,,,,,0.0,,,,7.0,,,,,,3.0,,,,,1921.4,4.0,,P100352_S,S,,,,,,,,,59.0,,,1,,,,,,16.0,,,,,,,,,0,1071.0,47.0,,80.0,94.0,4.0,,,,,198.0,,,,,737.0,,19.03
,,,,,,REGULAR_SEASON,,,,,,,,Wendell Obadiah,,,,96.0,20.0,23.0,24.0,20.0,81.0,17.0,21.0,16.0,19.0,,,,,,62.0,,1.0,,,,,,,230.0,,2249.0,,,,,,,,,,,,,,,PIT_K_02,K,,,,,,,,,,,,0,,,,,,,,,,,,,,,0,372.0,,,,,,,,143.0,,579.0,143.0,137.0,,,,,
,,156.0,,,1491.0,REGULAR_SEASON,1377.0,,,,217.0,88.0,,Ladarius Godwin,,94.0,,,,,,,,,,,,656.0,,,14.0,5.0,65.0,,,,,,,,47.0,,,,,,,2122.0,,,,,,86.0,14886.0,,,548.0,CIN_QB_03,QB,631.0,260.0,2329.0,,,,,,,,,0,,,,,,,227.0,,1032.0,1009.0,,,151.0,136.0,0,4172.0,,65.0,,,,,108.0,,101.0,641.0,,,,,,,
,,,,,,REGULAR_SEASON,,36.0,79.0,,,,64.0,Halsey Roundtree,24.0,,,,,,,,,,,,,105.0,,,,,60.0,,,,,,,,,,,,,30.0,,,,,,,,,,,,,P100552_WR,WR,,,,,,,,257.0,,17.0,3076.0,0,,2203.0,,751.0,,,,,,,,,,,0,2597.0,,,,484.0,,,,,,590.0,,,1242.0,,,,
,,,,,,REGULAR_SEASON,,53.0,110.0,,,,95.0,Riordan Stanback,31.0,,,,,,,,,,,,,133.0,,,,,62.0,,,,,,,,,,,,,28.0,,,,,,,,,,,,,P100557_WR,WR,,,,,,,,312.0,,23.0,3657.0,0,,2322.0,,789.0,,,,,,,,,,,0,2737.0,,,,569.0,,,,,,639.0,,,1490.0,,,,
,,,,,,REGULAR_SEASON,,16.0,36.0,,,,24.0,Lorenzo Nangle,16.0,,,,,,,,,,,,,31.0,,,,,51.0,,,,,,,,,,,,,15.0,,,,,,,,,,,,,P100384_WR,WR,,,,,,,,116.0,,4.0,1467.0,0,,1897.0,,647.0,,,,,,,,,,,0,2240.0,,,,218.0,,,,,,503.0,,,575.0,,,,
,,,,,,REGULAR_SEASON,,4.0,14.0,,,,10.0,Ellis Vickers,4.0,,,,,,,,,,,,,2.0,,,,,32.0,,,,,,,,,,,,,6.0,,,,,,,,,,,,,P100421_WR,WR,,,,,,,,35.0,,1.0,525.0,0,,1173.0,,400.0,,,,,,,,,,,0,1384.0,,,,71.0,,,,,,309.0,,,208.0,,,,
,,,346.0,,,REGULAR_SEASON,,,,2009.0,,,,Tomas Vaughters,,,,,,,,,,,,,,,,44.0,,,57.0,,,,,,,,6.0,,,,36.0,,,,,,21.0,,,,,4338.1,13.0,,P100402_LB,LB,,,,42.0,,,,,145.0,,,0,,,,,,41.0,,,,,5.0,,,,0,2612.0,209.0,,322.0,230.0,3.0,42.0,,,,557.0,,,,,1614.0,,45.86
,,,,,,REGULAR_SEASON,,,,2103.0,,,,Abram Partridge,,,,,,,,,,,,,,,,36.0,,,53.0,,,,,,,,1.0,,,,16.0,,,,,,22.0,,,,,4846.1,18.0,,P100410_S,S,,,,,,,,,163.0,,,0,,,,,,38.0,,,,,,,,,0,2725.0,122.0,,208.0,238.0,8.0,,,,,509.0,,,,,1926.0,,49.52
,,,,,,REGULAR_SEASON,,4.0,11.0,,,,6.0,Heath Corrigan,2.0,,,,,,,,,,,,,8.0,,,,,13.0,,,,,,,,,,,,,4.0,,,,,,,,,,,,,P100359_TE,TE,,,,,,,,26.0,,,344.0,0,,432.0,,146.0,,,,,,,,,,,0,510.0,,,,45.0,,,,,,115.0,,,147.0,,,,
19.0,6.0,,,,,REGULAR_SEASON,,,,,,,,Idris Rademacher,,,,,,,,,,,,,,,1.0,,,,16.0,,,,24.0,,,,,,,,4.0,,,,,,,400.0,2.25,,,,3.0,,P100594_EDGE,EDGE,,,,37.0,,,10.0,,,,,0,,,,,,29.0,,,,,3.0,,,,0,703.0,16.0,,35.0,,,11.0,,,,141.0,,,,,,,
50.0,3.0,,,,,REGULAR_SEASON,,,,,,,,Tiberius Simmerman,,,,,,,,,,,,,,,1.0,,,,33.0,,,,42.0,,,,,,,,2.0,,,,,,,714.0,4.46,,,,8.0,,MIN_DT_03,DT,,,,66.0,,,16.0,,,,,0,,,,,,53.0,,,,,11.0,,,,0,1261.0,41.0,,91.0,,,22.0,,,,314.0,,,,,,,
,,,404.0,,,REGULAR_SEASON,,,,2385.0,,,,Jaxton Comeaux,,,,,,,,,,,,,,,,49.0,,,68.0,,,,,,,,9.0,,,,45.0,,,,,,34.0,,,,,5480.5,14.0,,P100545_LB,LB,,,,52.0,,,,,145.0,,,0,,,,,,43.0,,,,,12.0,,,,0,3099.0,238.0,,373.0,247.0,17.0,51.0,,,,645.0,,,,,1728.0,,49.36
,,,175.0,,,REGULAR_SEASON,,,,1167.0,,,,Ivan Restrepo,,,,,,,,,,,,,,,,18.0,,,32.0,,,,,,,,1.0,,,,18.0,,,,,,11.0,,,,,2398.9,7.0,,P100519_LB,LB,,,,24.0,,,,,55.0,,,0,,,,,,27.0,,,,,4.0,,,,0,1519.0,130.0,,202.0,112.0,3.0,31.0,,,,303.0,,,,,685.0,,18.69
,,,,,,REGULAR_SEASON,,,,2524.0,,,,Kingston Marlowe,,,,,,,,,,,,,,,,36.0,,,66.0,,,,,,,,11.0,,,,26.0,,,,,,19.0,,,,,5414.4,21.0,,P100417_CB,CB,,,,,,,,,152.0,,,0,,,,,,37.0,,,,,,,,,0,3273.0,162.0,,271.0,241.0,12.0,,,,,635.0,,,,,1868.0,,48.62
,,,,61.0,,REGULAR_SEASON,,23.0,60.0,,,,53.0,Fabian Judkins,21.0,,21.0,,,,,,,,,,,95.0,,,2.0,,62.0,,,,,,,,,,,,,25.0,,,,340.0,,,,,,,,,P100382_RB,RB,,,,,26.0,,,245.0,,,2998.0,0,,343.0,,75.0,,,282.0,,1234.0,,,,,,0,1061.0,,,,357.0,,,,,,617.0,,,1196.0,566.0,,700.0,
,,,,,,REGULAR_SEASON,,,,,,,,Nathanial Lombardo,,,,,,,,,,,,,,,,,,,34.0,,,11.0,,27.0,,,,,,,,,,,3214.2,1206.0,,,,,,,17.0,,PIT_OT_03,OT,,,,,46.0,,,,,,,1,,,91.0,983.0,414.0,,,,,,,8.0,,,0,2189.0,,34.0,,,,,,,,342.0,,,,,,,
,,,,,,REGULAR_SEASON,,,,,,,,Nikolai Mortenson,,,,,,,,,,,,,,,,,,,64.0,,,18.0,,62.0,,,,,,,,,,,6038.3,2308.0,,,,,,,35.0,,ATL_C_01,C,,,,,93.0,,,,,,,0,,,161.0,1882.0,794.0,,,,,,,15.0,,,0,4190.0,,64.0,,,,,,,,635.0,,,,,,,
55.0,5.0,,,,,REGULAR_SEASON,,,,,,,,Blaze Jelks,,,,,,,,,,,,,,,1.0,,,,34.0,,,,37.0,,,,,,,,10.0,,,,,,,829.0,4.14,,,,4.0,,NYJ_EDGE_06,EDGE,,,,66.0,,,20.0,,,,,1,,,,,,52.0,,,,,11.0,,,,0,1462.0,52.0,,107.0,,,17.0,,,,357.0,,,,,,,
90.0,6.0,,,,,REGULAR_SEASON,,,,,,,,Jericho Adeyemi,,,,,,,,,,,,,,,5.0,,,,64.0,,,,71.0,,,,,,,,15.0,,,,,,,1577.0,8.1,,,,26.0,,ATL_EDGE_07,EDGE,,,,122.0,,,37.0,,,,,0,,,,,,84.0,,,,,23.0,,,,0,2774.0,76.0,,166.0,,,31.0,,,,631.0,,,,,,,
,,,,,,REGULAR_SEASON,,,,2368.0,,,,Ike Tegeler,,,,,,,,,,,,,,,,53.0,,,62.0,,,,,,,,8.0,,,,25.0,,,,,,29.0,,,,,5113.7,10.0,,P100406_CB,CB,,,,,,,,,143.0,,,0,,,,,,45.0,,,,,,,,,0,3072.0,134.0,,230.0,226.0,10.0,,,,,612.0,,,,,1678.0,,44.53
,,,,115.0,,REGULAR_SEASON,,96.0,232.0,,,,184.0,Vernon Vannett,68.0,,91.0,,,,,,,,,,,425.0,,,7.0,,63.0,,,,,,,,,,,,,46.0,,,,356.0,,,,,,,,,P100544_RB,RB,,,,,38.0,,,880.0,,,9575.0,0,,672.0,,174.0,,,1144.0,42.0,4520.0,,,,,,0,2008.0,,,,1393.0,,,,,,603.0,,,4002.0,1651.0,,2890.0,
,,,,,,REGULAR_SEASON,,31.0,70.0,,,,67.0,Benoit Gresham,29.0,,,,,,,,,,,,,94.0,,,,,66.0,,,,,,,,,,,,,27.0,,,,,,,,,,,,,TB_WR_07,WR,,,,,,,,247.0,,14.0,3028.0,1,,2475.0,,849.0,,,,,,,,,,,0,2920.0,,,,469.0,,,,,,671.0,,,1289.0,,,,
,,,,,,REGULAR_SEASON,,,,,,,,Malik Freeney,,,,,,,,,,,,,,,,,,,64.0,,,26.0,,67.0,,,,,,,,,,,5925.2,2312.0,,,,,,,31.0,,P100449_OT,OT,,,,,114.0,,,,,,,0,,,135.0,1875.0,817.0,,,,,,,22.0,,,0,4187.0,,64.0,,,,,,,,638.0,,,,,,,
,,,,,,REGULAR_SEASON,,,,,,,,Vance Pflueger,,,,,,,,,,,,,,,,,,,65.0,,,25.0,,57.0,,,,,,,,,,,6070.1,2383.0,,,,,,,45.0,,CAR_OT_05,OT,,,,,100.0,,,,,,,0,,,165.0,1939.0,779.0,,,,,,,23.0,,,0,4322.0,,65.0,,,,,,,,627.0,,,,,,,
,,,,,,REGULAR_SEASON,,,,,,,,Randall Bonner,,,,,,,,,,,,,,,,,,,9.0,,,2.0,,11.0,,,,,,,,,,,834.7,315.0,,,,,,,4.0,,NYG_C_03,C,,,,,16.0,,,,,,,0,,,31.0,259.0,98.0,,,,,,,3.0,,,0,574.0,,9.0,,,,,,,,83.0,,,,,,,
85.0,8.0,,,,,REGULAR_SEASON,,,,,,,,Landry Dargan,,,,,,,,,,,,,,,5.0,,,,61.0,,,,68.0,,,,,,,,24.0,,,,,,,1508.0,7.39,,,,14.0,,P100538_EDGE,EDGE,,,,105.0,,,25.0,,,,,0,,,,,,85.0,,,,,16.0,,,,0,2652.0,68.0,,153.0,,,24.0,,,,618.0,,,,,,,
41.0,4.0,,,,,REGULAR_SEASON,,,,,,,,Fenwick Prewitt,,,,,,,,,,,,,,,4.0,,,,30.0,,,,22.0,,,,,,,,6.0,,,,,,,733.0,2.92,,,,2.0,,P100412_EDGE,EDGE,,,,39.0,,,12.0,,,,,0,,,,,,21.0,,,,,6.0,,,,0,1286.0,29.0,,70.0,,,13.0,,,,282.0,,,,,,,
,,,407.0,,,REGULAR_SEASON,,,,2337.0,,,,Hakeem Keeler,,,,,,,,,,,,,,,,47.0,,,65.0,,,,,,,,3.0,,,,41.0,,,,,,31.0,,,,,5295.7,16.0,,P100585_LB,LB,,,,51.0,,,,,147.0,,,0,,,,,,39.0,,,,,9.0,,,,0,3036.0,232.0,,363.0,264.0,9.0,42.0,,,,645.0,,,,,1913.0,,53.68
,,,351.0,,,REGULAR_SEASON,,,,2052.0,,,,Anders Stallworth,,,,,,,,,,,,,,,,43.0,,,59.0,,,,,,,,2.0,,,,29.0,,,,,,25.0,,,,,4661.9,13.0,,P100357_LB,LB,,,,42.0,,,,,131.0,,,0,,,,,,36.0,,,,,7.0,,,,0,2669.0,214.0,,326.0,218.0,6.0,33.0,,,,583.0,,,,,1463.0,,42.31
,,,,,,REGULAR_SEASON,,,,,,,,Willem Edelman,,,,,,,,,,,,,,,,,,,17.0,2885.0,,,,,11.0,29.0,,,950.0,,,,2669.0,,,,,,,,,,,,P100535_P,P,,,,,,65.0,,,,,,1,216.0,,,,,,,,,,,,,,0,85.0,,,,,,,,7.0,,171.0,,,,,,,
,,,,,,REGULAR_SEASON,,0.0,0.0,,,,1.0,Eli Ledbetter,0.0,,,,,,,,,,,,,0.0,,,,,3.0,,,,,,,,,,,,,2.0,,,,,,,,,,,,,LV_TE_02,TE,,,,,,,,3.0,,,43.0,0,,103.0,,35.0,,,,,,,,,,,0,122.0,,,,4.0,,,,,,8.0,,,10.0,,,,
,,186.0,,,1511.0,REGULAR_SEASON,1522.0,,,,242.0,107.0,,Ridge Nailor,,83.0,,,,,,,,,,,,749.0,,,8.0,1.0,67.0,,,,,,,,37.0,,,,,,,2225.0,,,,,,92.0,16939.0,,,561.0,P100496_QB,QB,714.0,320.0,3011.0,,,,,,,,,0,,,,,,,237.0,,935.0,860.0,,,126.0,156.0,0,4248.0,,67.0,,,,,124.0,,93.0,676.0,,,,,,,
,,,,,,REGULAR_SEASON,,9.0,18.0,,,,13.0,Josiah Benavides,7.0,,,,,,,,,,,,,10.0,,,,,39.0,,,,,,,,,,,,,14.0,,,,,,,,,,,,,FA_WR_049,WR,,,,,,,,55.0,,4.0,804.0,1,,1436.0,,487.0,,,,,,,,,,,0,1693.0,,,,107.0,,,,,,387.0,,,296.0,,,,
,,,,,,REGULAR_SEASON,,4.0,7.0,,,,2.0,Declan Helaire,4.0,,,,,,,,,,,,,1.0,,,,,14.0,,,,,,,,,,,,,7.0,,,,,,,,,,,,,P100472_TE,TE,,,,,,,,16.0,,,199.0,0,,471.0,,162.0,,,,,,,,,,,0,558.0,,,,26.0,,,,,,108.0,,,71.0,,,,
,,,,,,REGULAR_SEASON,,,,,,,,Remy Torrence,,,,,,,,,,,,,,,,,,,7.0,,,3.0,,10.0,,,,,,,,,,,634.5,251.0,,,,,,,5.0,,P100305_OT,OT,,,,,16.0,,,,,,,1,,,23.0,204.0,77.0,,,,,,,3.0,,,0,455.0,,7.0,,,,,,,,47.0,,,,,,,
24.0,3.0,,,,,REGULAR_SEASON,,,,,,,,Jalen Bordelon,,,,,,,,,,,,,,,1.0,,,,17.0,,,,28.0,,,,,,,,8.0,,,,,,,417.0,2.14,,,,4.0,,P100517_EDGE,EDGE,,,,45.0,,,14.0,,,,,1,,,,,,31.0,,,,,3.0,,,,0,732.0,17.0,,41.0,,,7.0,,,,172.0,,,,,,,
12.0,1.0,,,,,REGULAR_SEASON,,,,,,,,Ferris Obadiah,,,,,,,,,,,,,,,0.0,,,,7.0,,,,12.0,,,,,,,,2.0,,,,,,,172.0,0.91,,,,1.0,,P100368_EDGE,EDGE,,,,17.0,,,5.0,,,,,1,,,,,,9.0,,,,,0.0,,,,0,302.0,8.0,,20.0,,,6.0,,,,47.0,,,,,,,
93.0,8.0,,,,,REGULAR_SEASON,,,,,,,,Porter Copeland,,,,,,,,,,,,,,,0.0,,,,62.0,,,,49.0,,,,,,,,16.0,,,,,,,1314.0,7.1,,,,12.0,,P100475_DT,DT,,,,85.0,,,22.0,,,,,0,,,,,,74.0,,,,,18.0,,,,0,2320.0,75.0,,168.0,,,31.0,,,,618.0,,,,,,,
,,,,,,REGULAR_SEASON,,,,1252.0,,,,Isaiah Linscomb,,,,,,,,,,,,,,,,23.0,,,33.0,,,,,,,,3.0,,,,21.0,,,,,,14.0,,,,,2839.8,6.0,,NYJ_CB_05,CB,,,,,,,,,89.0,,,1,,,,,,21.0,,,,,,,,,0,1625.0,92.0,,148.0,137.0,6.0,,,,,349.0,,,,,965.0,,26.03
,,,,,,REGULAR_SEASON,,,,,,,,Ridge Vaitai,,,,,,,,,,,,,,,,,,,11.0,,,5.0,,14.0,,,,,,,,,,,1002.3,392.0,,,,,,,2.0,,TB_OG_02,OG,,,,,23.0,,,,,,,0,,,30.0,320.0,129.0,,,,,,,5.0,,,0,712.0,,11.0,,,,,,,,121.0,,,,,,,
,,,,,,REGULAR_SEASON,,,,1501.0,,,,Nasir Beauchamp,,,,,,,,,,,,,,,,20.0,,,38.0,,,,,,,,0.0,,,,16.0,,,,,,11.0,,,,,3322.0,2.0,,P100400_S,S,,,,,,,,,94.0,,,0,,,,,,30.0,,,,,,,,,0,1943.0,93.0,,156.0,148.0,4.0,,,,,372.0,,,,,1194.0,,30.4
,,60.0,,,887.0,REGULAR_SEASON,811.0,,,,138.0,48.0,,Travon Buckhalter,,43.0,,,,,,,,,,,,398.0,,,8.0,3.0,39.0,,,,,,,,32.0,,,,,,,1285.0,,,,,,44.0,8707.0,,,348.0,NO_QB_02,QB,398.0,165.0,1567.0,,,,,,,,,0,,,,,,,132.0,,532.0,670.0,,,101.0,77.0,0,2474.0,,39.0,,,,,65.0,,98.0,382.0,,,,,,,
,,,,10.0,,REGULAR_SEASON,,11.0,37.0,,,,20.0,Gibson Dellinger,16.0,,6.0,,,,,,,,,,,49.0,,,2.0,,29.0,,,,,,,,,,,,,4.0,,,,171.0,,,,,,,,,P100122_RB,RB,,,,,22.0,,,127.0,,,1528.0,0,,173.0,,41.0,,,164.0,,762.0,,,,,,0,539.0,,,,204.0,,,,,,275.0,,,602.0,364.0,,398.0,
,,,,,,REGULAR_SEASON,,9.0,21.0,,,,14.0,Legend Belanger,11.0,,,,,,,,,,,,,15.0,,,,,37.0,,,,,,,,,,,,,15.0,,,,,,,,,,,,,HOU_WR_05,WR,,,,,,,,66.0,,1.0,874.0,1,,1325.0,,452.0,,,,,,,,,,,0,1564.0,,,,130.0,,,,,,402.0,,,343.0,,,,
,,,,,,REGULAR_SEASON,,,,,,,,Lamont Joplin,,,,,,,,,,,,,,,,,,,19.0,,,8.0,,20.0,,,,,,,,,,,1793.7,697.0,,,,,,,13.0,,P100536_OT,OT,,,,,31.0,,,,,,,0,,,39.0,565.0,247.0,,,,,,,3.0,,,0,1262.0,,19.0,,,,,,,,163.0,,,,,,,
,,,31.0,,,REGULAR_SEASON,,,,147.0,,,,Atticus Dalrymple,,,,,,,,,,,,,,,,1.0,,,4.0,,,,,,,,0.0,,,,3.0,,,,,,0.0,,,,,438.5,1.0,,MIN_LB_04,LB,,,,5.0,,,,,15.0,,,0,,,,,,3.0,,,,,2.0,,,,0,190.0,18.0,,27.0,18.0,0.0,4.0,,,,44.0,,,,,209.0,,5.64
51.0,9.0,,,,,REGULAR_SEASON,,,,,,,,Andre Gathers,,,,,,,,,,,,,,,2.0,,,,32.0,,,,40.0,,,,,,,,6.0,,,,,,,703.0,4.7,,,,8.0,,TEN_DT_06,DT,,,,67.0,,,22.0,,,,,0,,,,,,65.0,,,,,5.0,,,,0,1237.0,45.0,,96.0,,,14.0,,,,297.0,,,,,,,
,,,,,,REGULAR_SEASON,,,,2311.0,,,,Nathanial Chandler,,,,,,,,,,,,,,,,28.0,,,60.0,,,,,,,,7.0,,,,32.0,,,,,,14.0,,,,,4733.2,14.0,,JAX_CB_01,CB,,,,,,,,,145.0,,,1,,,,,,39.0,,,,,,,,,0,3001.0,128.0,,215.0,234.0,10.0,,,,,558.0,,,,,1580.0,,41.05
,,,,,,REGULAR_SEASON,,,,2176.0,,,,Ulises Valdejuli,,,,,,,,,,,,,,,,44.0,,,57.0,,,,,,,,1.0,,,,22.0,,,,,,23.0,,,,,5113.9,13.0,,DEN_CB_08,CB,,,,,,,,,162.0,,,0,,,,,,38.0,,,,,,,,,0,2817.0,119.0,,205.0,253.0,13.0,,,,,530.0,,,,,1835.0,,48.43
,,,,78.0,,REGULAR_SEASON,,63.0,141.0,,,,97.0,Seamus Kalapana,56.0,,44.0,,,,,,,,,,,254.0,,,4.0,,67.0,,,,,,,,,,,,,31.0,,,,397.0,,,,,,,,,P100523_RB,RB,,,,,35.0,,,540.0,,,6344.0,0,,481.0,,116.0,,,617.0,1.0,2719.0,,,,,,0,1467.0,,,,777.0,,,,,,611.0,,,2511.0,1226.0,,1507.0,
,,,,,,REGULAR_SEASON,,,,2366.0,,,,Ridge Gradkowski,,,,,,,,,,,,,,,,36.0,,,62.0,,,,,,,,2.0,,,,31.0,,,,,,16.0,,,,,5472.8,19.0,,DET_CB_08,CB,,,,,,,,,150.0,,,0,,,,,,44.0,,,,,,,,,0,3071.0,180.0,,289.0,245.0,15.0,,,,,563.0,,,,,1740.0,,46.12
,,,,,,REGULAR_SEASON,,,,2470.0,,,,Ansel Gostkowski,,,,,,,,,,,,,,,,37.0,,,66.0,,,,,,,,5.0,,,,23.0,,,,,,27.0,,,,,5784.9,18.0,,P100486_CB,CB,,,,,,,,,171.0,,,0,,,,,,37.0,,,,,,,,,0,3211.0,151.0,,255.0,268.0,8.0,,,,,593.0,,,,,2138.0,,58.29
,,22.0,,,326.0,REGULAR_SEASON,274.0,,,,52.0,18.0,,Saul Ballinger,,22.0,,,,,,,,,,,,134.0,,,3.0,2.0,14.0,,,,,,,,10.0,,,,,,,460.0,,,,,,10.0,3019.0,,,119.0,GB_QB_03,QB,134.0,54.0,427.0,,,,,,,,,0,,,,,,,47.0,,211.0,246.0,,,39.0,32.0,0,916.0,,14.0,,,,,22.0,,34.0,128.0,,,,,,,
86.0,6.0,,,,,REGULAR_SEASON,,,,,,,,Giovanni Jeffcoat,,,,,,,,,,,,,,,5.0,,,,58.0,,,,64.0,,,,,,,,14.0,,,,,,,1221.0,7.75,,,,14.0,,P100369_DT,DT,,,,115.0,,,37.0,,,,,0,,,,,,100.0,,,,,21.0,,,,0,2153.0,66.0,,152.0,,,26.0,,,,520.0,,,,,,,
11.0,2.0,,,,,REGULAR_SEASON,,,,,,,,Horace Holbrook,,,,,,,,,,,,,,,1.0,,,,7.0,,,,3.0,,,,,,,,1.0,,,,,,,148.0,0.72,,,,0.0,,P100492_DT,DT,,,,9.0,,,4.0,,,,,0,,,,,,2.0,,,,,3.0,,,,0,264.0,8.0,,19.0,,,3.0,,,,58.0,,,,,,,
,,,,,,REGULAR_SEASON,,31.0,62.0,,,,54.0,Milo Hankins,16.0,,,,,,,,,,,,,69.0,,,,,66.0,,,,,,,,,,,,,38.0,,,,,,,,,,,,,CAR_WR_08,WR,,,,,,,,191.0,,8.0,2425.0,0,,2397.0,,817.0,,,,,,,,,,,0,2828.0,,,,349.0,,,,,,625.0,,,930.0,,,,
21.0,2.0,,,,,REGULAR_SEASON,,,,,,,,Nasir Carvalho,,,,,,,,,,,,,,,0.0,,,,14.0,,,,14.0,,,,,,,,6.0,,,,,,,344.0,1.68,,,,0.0,,DAL_EDGE_06,EDGE,,,,23.0,,,8.0,,,,,1,,,,,,15.0,,,,,1.0,,,,0,603.0,13.0,,34.0,,,6.0,,,,138.0,,,,,,,
,,,85.0,,,REGULAR_SEASON,,,,539.0,,,,Monte Bancroft,,,,,,,,,,,,,,,,8.0,,,16.0,,,,,,,,3.0,,,,10.0,,,,,,4.0,,,,,1332.4,4.0,,P100415_LB,LB,,,,12.0,,,,,37.0,,,0,,,,,,11.0,,,,,4.0,,,,0,701.0,63.0,,97.0,57.0,2.0,13.0,,,,158.0,,,,,446.0,,13.15
,,,,,,REGULAR_SEASON,,,,653.0,,,,Kian Burnell,,,,,,,,,,,,,,,,8.0,,,17.0,,,,,,,,2.0,,,,5.0,,,,,,3.0,,,,,1485.6,7.0,,MIN_CB_02,CB,,,,,,,,,45.0,,,1,,,,,,10.0,,,,,,,,,0,850.0,38.0,,63.0,73.0,5.0,,,,,172.0,,,,,501.0,,13.15
,,,,,,REGULAR_SEASON,,,,1262.0,,,,Josiah Prescott,,,,,,,,,,,,,,,,19.0,,,33.0,,,,,,,,5.0,,,,13.0,,,,,,10.0,,,,,2714.2,11.0,,NO_CB_04,CB,,,,,,,,,87.0,,,1,,,,,,21.0,,,,,,,,,0,1640.0,78.0,,131.0,136.0,6.0,,,,,325.0,,,,,969.0,,25.54
,,,,,,REGULAR_SEASON,,,,2750.0,,,,Gavin Boateng,,,,,,,,,,,,,,,,38.0,,,68.0,,,,,,,,1.0,,,,27.0,,,,,,19.0,,,,,5696.5,18.0,,NYJ_S_04,S,,,,,,,,,156.0,,,0,,,,,,53.0,,,,,,,,,0,3563.0,168.0,,274.0,265.0,16.0,,,,,640.0,,,,,1600.0,,39.89
,,,,,,REGULAR_SEASON,,,,2517.0,,,,Dupree Hollins,,,,,,,,,,,,,,,,35.0,,,64.0,,,,,,,,0.0,,,,27.0,,,,,,26.0,,,,,5858.0,12.0,,P100342_S,S,,,,,,,,,179.0,,,0,,,,,,40.0,,,,,,,,,0,3260.0,150.0,,258.0,282.0,16.0,,,,,602.0,,,,,2094.0,,54.06
,,,,,,REGULAR_SEASON,,,,,,,,Kwame Metellus,,,,,,,,,,,,,,,,,,,3.0,,,0.0,,2.0,,,,,,,,,,,284.3,105.0,,,,,,,2.0,,NO_C_03,C,,,,,3.0,,,,,,,0,,,8.0,85.0,37.0,,,,,,,1.0,,,0,190.0,,3.0,,,,,,,,23.0,,,,,,,
,,,,,,REGULAR_SEASON,,,,275.0,,,,Yannick Fontenot,,,,,,,,,,,,,,,,4.0,,,7.0,,,,,,,,0.0,,,,3.0,,,,,,0.0,,,,,704.6,4.0,,P100588_CB,CB,,,,,,,,,26.0,,,0,,,,,,4.0,,,,,,,,,0,357.0,14.0,,24.0,31.0,0.0,,,,,68.0,,,,,303.0,,7.69
,,,,,,REGULAR_SEASON,,,,,,,,Adair Jelks,,,,,,,,,,,,,,,,,,,17.0,,,6.0,,21.0,,,,,,,,,,,1560.0,623.0,,,,,,,17.0,,LAR_OG_03,OG,,,,,34.0,,,,,,,1,,,45.0,504.0,203.0,,,,,,,7.0,,,0,1127.0,,17.0,,,,,,,,167.0,,,,,,,
,,7.0,,,72.0,REGULAR_SEASON,71.0,,,,11.0,3.0,,Camden Radcliffe,,3.0,,,,,,,,,,,,39.0,,,1.0,1.0,3.0,,,,,,,,2.0,,,,,,,104.0,,,,,,4.0,851.0,,,30.0,DAL_QB_01,QB,32.0,15.0,147.0,,,,,,,,,1,,,,,,,15.0,,62.0,44.0,,,6.0,10.0,0,201.0,,3.0,,,,,1.0,,5.0,19.0,,,,,,,
,,,,,,REGULAR_SEASON,,46.0,90.0,,,,93.0,Phelan Honeycutt,38.0,,,,,,,,,,,,,134.0,,,,,61.0,,,,,,,,,,,,,40.0,,,,,,,,,,,,,P100322_WR,WR,,,,,,,,312.0,,17.0,3462.0,0,,2255.0,,768.0,,,,,,,,,,,0,2657.0,,,,587.0,,,,,,602.0,,,1433.0,,,,
,,,371.0,,,REGULAR_SEASON,,,,2052.0,,,,Miller Beecham,,,,,,,,,,,,,,,,33.0,,,59.0,,,,,,,,3.0,,,,38.0,,,,,,14.0,,,,,5115.9,24.0,,P100450_LB,LB,,,,50.0,,,,,168.0,,,0,,,,,,34.0,,,,,10.0,,,,0,2669.0,218.0,,341.0,251.0,8.0,48.0,,,,553.0,,,,,1886.0,,54.17
,,,,,,REGULAR_SEASON,,,,270.0,,,,Yosef Shackleford,,,,,,,,,,,,,,,,5.0,,,7.0,,,,,,,,0.0,,,,0.0,,,,,,3.0,,,,,400.1,0.0,,P100501_S,S,,,,,,,,,7.0,,,0,,,,,,6.0,,,,,,,,,0,350.0,13.0,,20.0,28.0,1.0,,,,,50.0,,,,,93.0,,2.33
,,,35.0,,,REGULAR_SEASON,,,,217.0,,,,Quincy Spielman,,,,,,,,,,,,,,,,4.0,,,6.0,,,,,,,,0.0,,,,2.0,,,,,,1.0,,,,,641.1,2.0,,TEN_LB_06,LB,,,,4.0,,,,,19.0,,,0,,,,,,1.0,,,,,0.0,,,,0,282.0,18.0,,31.0,31.0,4.0,1.0,,,,57.0,,,,,187.0,,5.17
,,,,,,REGULAR_SEASON,,0.0,0.0,,,,0.0,Lincoln Babineaux,0.0,,,,,,,,,,,,,0.0,,,,,2.0,,,,,,,,,,,,,0.0,,,,,,,,,,,,,P100355_WR,WR,,,,,,,,2.0,,,41.0,1,,71.0,,24.0,,,,,,,,,,,0,84.0,,,,4.0,,,,,,15.0,,,16.0,,,,
,,,31.0,,,REGULAR_SEASON,,,,203.0,,,,Orion Rutledge,,,,,,,,,,,,,,,,2.0,,,6.0,,,,,,,,1.0,,,,2.0,,,,,,2.0,,,,,398.7,0.0,,P100373_LB,LB,,,,4.0,,,,,16.0,,,0,,,,,,2.0,,,,,0.0,,,,0,266.0,22.0,,33.0,33.0,1.0,3.0,,,,51.0,,,,,130.0,,3.83
,,,,,,REGULAR_SEASON,,,,,,,,Mikael Selvie,,,,,,,,,,,,,,,,,,,36.0,,,19.0,,54.0,,,,,,,,,,,3253.2,1315.0,,,,,,,26.0,,P100001_OG,OG,,,,,87.0,,,,,,,0,,,89.0,1065.0,416.0,,,,,,,16.0,,,0,2380.0,,36.0,,,,,,,,341.0,,,,,,,
,,9.0,,,120.0,REGULAR_SEASON,117.0,,,,14.0,2.0,,Jabril Darboe,,9.0,,,,,,,,,,,,57.0,,,2.0,2.0,6.0,,,,,,,,3.0,,,,,,,181.0,,,,,,4.0,1220.0,,,40.0,BAL_QB_02,QB,61.0,24.0,206.0,,,,,,,,,0,,,,,,,20.0,,70.0,71.0,,,10.0,14.0,0,380.0,,6.0,,,,,15.0,,11.0,67.0,,,,,,,
,,,,,,REGULAR_SEASON,,8.0,18.0,,,,15.0,Paxton Ladouceur,5.0,,,,,,,,,,,,,2.0,,,,,43.0,,,,,,,,,,,,,26.0,,,,,,,,,,,,,P100399_WR,WR,,,,,,,,49.0,,1.0,732.0,0,,1580.0,,541.0,,,,,,,,,,,0,1864.0,,,,103.0,,,,,,401.0,,,304.0,,,,
,,,,,,REGULAR_SEASON,,,,,,,,Warrick Cortés,,,,,,,,,,,,,,,,,,,13.0,,,4.0,,9.0,,,,,,,,,,,1172.3,459.0,,,,,,,2.0,,P100458_OG,OG,,,,,22.0,,,,,,,0,,,39.0,374.0,138.0,,,,,,,9.0,,,0,833.0,,13.0,,,,,,,,97.0,,,,,,,
,,,,,,REGULAR_SEASON,,3.0,6.0,,,,7.0,Corbin Mostert,4.0,,,,,,,,,,,,,11.0,,,,,28.0,,,,,,,,,,,,,8.0,,,,,,,,,,,,,P100327_WR,WR,,,,,,,,44.0,,1.0,675.0,1,,1044.0,,355.0,,,,,,,,,,,0,1231.0,,,,82.0,,,,,,236.0,,,268.0,,,,
,,,,,,REGULAR_SEASON,,,,509.0,,,,Radcliffe Wimbush,,,,,,,,,,,,,,,,3.0,,,13.0,,,,,,,,1.0,,,,6.0,,,,,,0.0,,,,,1285.9,4.0,,P100392_CB,CB,,,,,,,,,50.0,,,0,,,,,,4.0,,,,,,,,,0,660.0,30.0,,51.0,65.0,3.0,,,,,138.0,,,,,537.0,,13.81
,,,,,,REGULAR_SEASON,,,,,,,,Pierson Girardi,,,,,,,,,,,,,,,,,,,56.0,,,26.0,,73.0,,,,,,,,,,,5157.5,1978.0,,,,,,,24.0,,P100394_C,C,,,,,114.0,,,,,,,0,,,151.0,1597.0,662.0,,,,,,,17.0,,,0,3575.0,,56.0,,,,,,,,498.0,,,,,,,
,,27.0,,,129.0,REGULAR_SEASON,121.0,,,,23.0,6.0,,Yusuf Meacham,,8.0,,,,,,,,,,,,57.0,,,1.0,0.0,6.0,,,,,,,,8.0,,,,,,,201.0,,,,,,8.0,1478.0,,,55.0,JAX_QB_02,QB,72.0,35.0,331.0,,,,,,,,,0,,,,,,,19.0,,49.0,103.0,,,14.0,7.0,0,373.0,,6.0,,,,,7.0,,6.0,51.0,,,,,,,
,,,,,,REGULAR_SEASON,,27.0,49.0,,,,43.0,Kavion Lanphier,20.0,,,,,,,,,,,,,69.0,,,,,45.0,,,,,,,,,,,,,30.0,,,,,,,,,,,,,FA_WR_083,WR,,,,,,,,171.0,,10.0,2095.0,1,,1690.0,,579.0,,,,,,,,,,,0,1990.0,,,,300.0,,,,,,453.0,,,820.0,,,,
,,,,,,REGULAR_SEASON,,7.0,14.0,,,,11.0,Sanford Trevathan,6.0,,,,,,,,,,,,,2.0,,,,,30.0,,,,,,,,,,,,,10.0,,,,,,,,,,,,,P100547_TE,TE,,,,,,,,32.0,,,453.0,0,,986.0,,335.0,,,,,,,,,,,0,1170.0,,,,66.0,,,,,,304.0,,,177.0,,,,
,,,,,,REGULAR_SEASON,,,,,,,,Ladarius Bowersox,,,,,,,,,,,,,,,,,,,6.0,,,4.0,,11.0,,,,,,,,,,,539.8,218.0,,,,,,,4.0,,LAR_OG_06,OG,,,,,17.0,,,,,,,0,,,16.0,175.0,56.0,,,,,,,2.0,,,0,393.0,,6.0,,,,,,,,76.0,,,,,,,
,,,,,,REGULAR_SEASON,,,,1595.0,,,,Ansel Alcott,,,,,,,,,,,,,,,,17.0,,,41.0,,,,,,,,3.0,,,,19.0,,,,,,7.0,,,,,3603.1,13.0,,WAS_CB_08,CB,,,,,,,,,120.0,,,1,,,,,,28.0,,,,,,,,,0,2067.0,101.0,,168.0,175.0,8.0,,,,,408.0,,,,,1443.0,,37.1
87.0,7.0,,,,,REGULAR_SEASON,,,,,,,,Finley Ovadia,,,,,,,,,,,,,,,4.0,,,,54.0,,,,58.0,,,,,,,,12.0,,,,,,,1143.0,7.89,,,,8.0,,P100482_DT,DT,,,,112.0,,,42.0,,,,,0,,,,,,90.0,,,,,16.0,,,,0,2013.0,69.0,,156.0,,,24.0,,,,531.0,,,,,,,
,,,,4.0,,REGULAR_SEASON,,2.0,2.0,,,,2.0,Ramsey Hickenbotham,0.0,,2.0,,,,,,,,,,,2.0,,,0.0,,5.0,,,,,,,,,,,,,1.0,,,,23.0,,,,,,,,,DET_RB_05,RB,,,,,0.0,,,9.0,,,118.0,1,,27.0,,6.0,,,15.0,,76.0,,,,,,0,85.0,,,,17.0,,,,,,54.0,,,47.0,37.0,,39.0,
,,,,,,REGULAR_SEASON,,,,,,,,Royce Bradshaw,,,,,,,,,,,,,,,,,,,5.0,,,2.0,,4.0,,,,,,,,,,,452.6,181.0,,,,,,,4.0,,CLE_OT_04,OT,,,,,9.0,,,,,,,0,,,13.0,147.0,62.0,,,,,,,3.0,,,0,328.0,,5.0,,,,,,,,51.0,,,,,,,
,,,,,,REGULAR_SEASON,,,,,,,,Jarvis Lilliard,,,,,,,,,,,,,,,,,,,17.0,,,2.0,,13.0,,,,,,,,,,,1601.0,627.0,,,,,,,9.0,,P100556_OG,OG,,,,,21.0,,,,,,,0,,,53.0,505.0,198.0,,,,,,,6.0,,,0,1132.0,,17.0,,,,,,,,155.0,,,,,,,
8.0,2.0,,,,,REGULAR_SEASON,,,,,,,,Wilkes Ugwoegbu,,,,,,,,,,,,,,,0.0,,,,5.0,,,,8.0,,,,,,,,3.0,,,,,,,127.0,0.69,,,,2.0,,P100479_EDGE,EDGE,,,,11.0,,,3.0,,,,,0,,,,,,6.0,,,,,0.0,,,,0,224.0,5.0,,13.0,,,3.0,,,,50.0,,,,,,,
,,,,,,REGULAR_SEASON,,,,,,,,Amos Soderberg,,,,,,,,,,,,,,,,,,,27.0,4447.0,,,,,14.0,40.0,,,1505.0,,,,3999.0,,,,,,,,,,,,TEN_P_02,P,,,,,,99.0,,,,,,0,448.0,,,,,,,,,,,,,,0,135.0,,,,,,,,7.0,,266.0,,,,,,,
,,,,,,REGULAR_SEASON,,,,,,,,Montell Udoh,,,,,,,,,,,,,,,,,,,1.0,,,0.0,,7.0,,,,,,,,,,,82.1,39.0,,,,,,,0.0,,JAX_OG_03,OG,,,,,7.0,,,,,,,1,,,4.0,32.0,12.0,,,,,,,0.0,,,0,71.0,,1.0,,,,,,,,9.0,,,,,,,
,,,,,,REGULAR_SEASON,,,,1559.0,,,,Hamza Somerville,,,,,,,,,,,,,,,,14.0,,,39.0,,,,,,,,0.0,,,,26.0,,,,,,6.0,,,,,3791.6,16.0,,P100057_S,S,,,,,,,,,122.0,,,0,,,,,,23.0,,,,,,,,,0,2025.0,87.0,,148.0,174.0,12.0,,,,,393.0,,,,,1367.0,,33.98
,,,,,,REGULAR_SEASON,,,,,,,,Lachlan Hubbard,,,,,,,,,,,,,,,,,,,7.0,,,3.0,,4.0,,,,,,,,,,,665.1,269.0,,,,,,,4.0,,SF_OT_03,OT,,,,,8.0,,,,,,,0,,,20.0,217.0,99.0,,,,,,,2.0,,,0,486.0,,7.0,,,,,,,,68.0,,,,,,,
,,,,,,REGULAR_SEASON,,,,2166.0,,,,Enzo Arceneaux,,,,,,,,,,,,,,,,41.0,,,55.0,,,,,,,,2.0,,,,29.0,,,,,,13.0,,,,,5292.9,16.0,,P100592_S,S,,,,,,,,,166.0,,,0,,,,,,31.0,,,,,,,,,0,2808.0,121.0,,207.0,234.0,16.0,,,,,580.0,,,,,1948.0,,49.79
,,,,,,REGULAR_SEASON,,,,,,,,Simeon Tonyan,,,,,,,,,,,,,,,,,,,12.0,,,1.0,,10.0,,,,,,,,,,,1109.4,429.0,,,,,,,6.0,,LV_OG_04,OG,,,,,17.0,,,,,,,0,,,32.0,349.0,144.0,,,,,,,6.0,,,0,778.0,,12.0,,,,,,,,134.0,,,,,,,
36.0,5.0,,,,,REGULAR_SEASON,,,,,,,,Heath Selvie,,,,,,,,,,,,,,,1.0,,,,25.0,,,,22.0,,,,,,,,4.0,,,,,,,527.0,3.28,,,,6.0,,P100539_DT,DT,,,,37.0,,,10.0,,,,,0,,,,,,47.0,,,,,6.0,,,,0,929.0,30.0,,66.0,,,6.0,,,,227.0,,,,,,,
,,,,,,REGULAR_SEASON,,,,,,,,Malik Padgett,,,,,,,,,,,,,,,,,,,12.0,,,7.0,,11.0,,,,,,,,,,,1125.0,433.0,,,,,,,9.0,,JAX_OT_04,OT,,,,,20.0,,,,,,,0,,,40.0,351.0,145.0,,,,,,,3.0,,,0,784.0,,12.0,,,,,,,,110.0,,,,,,,
,,,,,,REGULAR_SEASON,,1.0,3.0,,,,6.0,Ezekiel Broussard,2.0,,,,,,,,,,,,,1.0,,,,,21.0,,,,,,,,,,,,,11.0,,,,,,,,,,,,,P100376_WR,WR,,,,,,,,23.0,,,390.0,0,,778.0,,267.0,,,,,,,,,,,0,917.0,,,,46.0,,,,,,224.0,,,155.0,,,,
,,,,,,REGULAR_SEASON,,,,1658.0,,,,Joaquin Calloway,,,,,,,,,,,,,,,,31.0,,,44.0,,,,,,,,1.0,,,,20.0,,,,,,14.0,,,,,3684.5,20.0,,P100514_CB,CB,,,,,,,,,105.0,,,0,,,,,,26.0,,,,,,,,,0,2148.0,92.0,,162.0,176.0,8.0,,,,,453.0,,,,,1233.0,,32.88
,,,43.0,,,REGULAR_SEASON,,,,212.0,,,,Anders Monfort,,,,,,,,,,,,,,,,6.0,,,6.0,,,,,,,,1.0,,,,7.0,,,,,,2.0,,,,,521.3,3.0,,P100436_LB,LB,,,,7.0,,,,,24.0,,,1,,,,,,2.0,,,,,2.0,,,,0,276.0,24.0,,36.0,32.0,0.0,2.0,,,,82.0,,,,,249.0,,7.16
,,,,,,REGULAR_SEASON,,,,,,,,Yardley Ruggiero,,,,,,,,,,,,,,,,,,,3.0,496.0,,,,,0.0,4.0,,,153.0,,,,416.0,,,,,,,,,,,,KC_P_02,P,,,,,,11.0,,,,,,0,80.0,,,,,,,,,,,,,,0,15.0,,,,,,,,0.0,,41.0,,,,,,,
,,,,,,REGULAR_SEASON,,0.0,0.0,,,,2.0,Slade Dockery,0.0,,,,,,,,,,,,,0.0,,,,,3.0,,,,,,,,,,,,,1.0,,,,,,,,,,,,,JAX_TE_03,TE,,,,,,,,3.0,,,30.0,1,,103.0,,35.0,,,,,,,,,,,0,122.0,,,,5.0,,,,,,40.0,,,15.0,,,,
,,,,,,REGULAR_SEASON,,,,,,,,Marcell Mullaney,,,,2.0,1.0,1.0,1.0,1.0,2.0,1.0,1.0,1.0,0.0,,,,,,3.0,,0.0,,,,,,,11.0,,99.0,,,,,,,,,,,,,,,CLE_K_02,K,,,,,,,,,,,,0,,,,,,,,,,,,,,,0,18.0,,,,,,,,6.0,,42.0,6.0,6.0,,,,,
,,,,,,REGULAR_SEASON,,,,,,,,Phineas Rivenbark,,,,,,,,,,,,,,,,,,,3.0,580.0,,,,,2.0,6.0,,,170.0,,,,532.0,,,,,,,,,,,,CIN_P_02,P,,,,,,12.0,,,,,,0,48.0,,,,,,,,,,,,,,0,15.0,,,,,,,,0.0,,41.0,,,,,,,
,,,,,,REGULAR_SEASON,,,,,,,,Garland Bonner,,,,,,,,,,,,,,,,,,,32.0,,,8.0,,28.0,,,,,,,,,,,3004.1,1164.0,,,,,,,21.0,,P100388_OG,OG,,,,,46.0,,,,,,,0,,,86.0,948.0,387.0,,,,,,,10.0,,,0,2112.0,,32.0,,,,,,,,268.0,,,,,,,
1.0,0.0,,,,,REGULAR_SEASON,,,,,,,,Kingston Hickenbotham,,,,,,,,,,,,,,,1.0,,,,1.0,,,,2.0,,,,,,,,0.0,,,,,,,23.0,0.12,,,,0.0,,P100102_EDGE,EDGE,,,,2.0,,,0.0,,,,,1,,,,,,2.0,,,,,0.0,,,,0,40.0,0.0,,1.0,,,0.0,,,,15.0,,,,,,,
,,,,,,REGULAR_SEASON,,,,46.0,,,,Laurent Lucchese,,,,,,,,,,,,,,,,2.0,,,1.0,,,,,,,,0.0,,,,0.0,,,,,,1.0,,,,,101.0,0.0,,NO_CB_08,CB,,,,,,,,,4.0,,,1,,,,,,0.0,,,,,,,,,0,59.0,1.0,,2.0,4.0,0.0,,,,,15.0,,,,,33.0,,0.72
3.0,0.0,,,,,REGULAR_SEASON,,,,,,,,Eli Ledbetter,,,,,,,,,,,,,,,0.0,,,,2.0,,,,2.0,,,,,,,,0.0,,,,,,,50.0,0.32,,,,2.0,,P100591_EDGE,EDGE,,,,4.0,,,0.0,,,,,0,,,,,,2.0,,,,,2.0,,,,0,89.0,3.0,,6.0,,,1.0,,,,34.0,,,,,,,
,,,102.0,,,REGULAR_SEASON,,,,663.0,,,,Wallace Delacruz,,,,,,,,,,,,,,,,12.0,,,19.0,,,,,,,,2.0,,,,9.0,,,,,,9.0,,,,,1489.5,4.0,,P100456_LB,LB,,,,9.0,,,,,44.0,,,0,,,,,,6.0,,,,,3.0,,,,0,860.0,55.0,,88.0,74.0,2.0,13.0,,,,196.0,,,,,493.0,,14.49
,,,,,,REGULAR_SEASON,,3.0,3.0,,,,2.0,Riordan Ahearn,0.0,,,,,,,,,,,,,0.0,,,,,6.0,,,,,,,,,,,,,5.0,,,,,,,,,,,,,P100054_WR,WR,,,,,,,,6.0,,,107.0,0,,227.0,,78.0,,,,,,,,,,,0,269.0,,,,12.0,,,,,,79.0,,,37.0,,,,
12.0,0.0,,,,,REGULAR_SEASON,,,,,,,,Carlisle Hadley,,,,,,,,,,,,,,,0.0,,,,7.0,,,,8.0,,,,,,,,4.0,,,,,,,155.0,0.92,,,,2.0,,DAL_DT_04,DT,,,,15.0,,,4.0,,,,,0,,,,,,7.0,,,,,3.0,,,,0,273.0,8.0,,20.0,,,3.0,,,,116.0,,,,,,,
8.0,1.0,,,,,REGULAR_SEASON,,,,,,,,Horace Hinkley,,,,,,,,,,,,,,,2.0,,,,4.0,,,,6.0,,,,,,,,3.0,,,,,,,89.0,0.57,,,,0.0,,JAX_DT_03,DT,,,,6.0,,,0.0,,,,,1,,,,,,7.0,,,,,0.0,,,,0,156.0,8.0,,16.0,,,3.0,,,,48.0,,,,,,,
,,46.0,,,421.0,REGULAR_SEASON,413.0,,,,72.0,30.0,,Otis Seabrook,,31.0,,,,,,,,,,,,202.0,,,3.0,2.0,18.0,,,,,,,,11.0,,,,,,,614.0,,,,,,35.0,4657.0,,,152.0,LAR_QB_02,QB,193.0,77.0,736.0,,,,,,,,,0,,,,,,,75.0,,274.0,171.0,,,26.0,48.0,0,1120.0,,18.0,,,,,24.0,,31.0,177.0,,,,,,,
,,,,,,REGULAR_SEASON,,0.0,0.0,,,,0.0,Mekai Middlebrooks,0.0,,,,,,,,,,,,,1.0,,,,,1.0,,,,,,,,,,,,,1.0,,,,,,,,,,,,,P100461_WR,WR,,,,,,,,3.0,,,42.0,0,,38.0,,13.0,,,,,,,,,,,0,45.0,,,,6.0,,,,,,18.0,,,12.0,,,,
,,9.0,,,98.0,REGULAR_SEASON,82.0,,,,16.0,9.0,,Sergio Gostkowski,,8.0,,,,,,,,,,,,41.0,,,1.0,1.0,4.0,,,,,,,,2.0,,,,,,,135.0,,,,,,3.0,955.0,,,40.0,FA_QB_022,QB,37.0,17.0,172.0,,,,,,,,,0,,,,,,,18.0,,70.0,81.0,,,12.0,10.0,0,259.0,,4.0,,,,,4.0,,5.0,15.0,,,,,,,
65.0,5.0,,,,,REGULAR_SEASON,,,,,,,,Mekhi Trapasso,,,,,,,,,,,,,,,3.0,,,,45.0,,,,74.0,,,,,,,,13.0,,,,,,,1123.0,7.05,,,,7.0,,P100804_EDGE,EDGE,,,,125.0,,,35.0,,,,,0,,,,,,88.0,,,,,18.0,,,,0,1970.0,50.0,,115.0,,,20.0,,,,448.0,,,,,,,
75.0,5.0,,,,,REGULAR_SEASON,,,,,,,,Tate Waterhouse,,,,,,,,,,,,,,,6.0,,,,43.0,,,,47.0,,,,,,,,12.0,,,,,,,912.0,5.23,,,,16.0,,P100420_DT,DT,,,,67.0,,,15.0,,,,,0,,,,,,61.0,,,,,7.0,,,,0,1608.0,65.0,,140.0,,,13.0,,,,428.0,,,,,,,
66.0,6.0,,,,,REGULAR_SEASON,,,,,,,,Clay Swaggerty,,,,,,,,,,,,,,,4.0,,,,42.0,,,,28.0,,,,,,,,12.0,,,,,,,887.0,4.81,,,,13.0,,P100540_DT,DT,,,,55.0,,,16.0,,,,,0,,,,,,44.0,,,,,13.0,,,,0,1559.0,66.0,,132.0,,,17.0,,,,445.0,,,,,,,
,,,,,,REGULAR_SEASON,,,,1432.0,,,,Newton Blakeney,,,,,,,,,,,,,,,,20.0,,,37.0,,,,,,,,1.0,,,,17.0,,,,,,8.0,,,,,3390.9,11.0,,P100583_CB,CB,,,,,,,,,97.0,,,0,,,,,,24.0,,,,,,,,,0,1854.0,98.0,,161.0,152.0,8.0,,,,,317.0,,,,,1117.0,,28.81
,,,,,,REGULAR_SEASON,,,,1335.0,,,,Adonis Breckenridge,,,,,,,,,,,,,,,,19.0,,,34.0,,,,,,,,1.0,,,,8.0,,,,,,8.0,,,,,2716.2,9.0,,P100788_S,S,,,,,,,,,87.0,,,0,,,,,,28.0,,,,,,,,,0,1735.0,76.0,,128.0,144.0,9.0,,,,,309.0,,,,,841.0,,21.44
,,,,,,REGULAR_SEASON,,,,2017.0,,,,Salem Valentino,,,,,,,,,,,,,,,,39.0,,,51.0,,,,,,,,2.0,,,,24.0,,,,,,15.0,,,,,4270.3,14.0,,P100694_S,S,,,,,,,,,140.0,,,0,,,,,,44.0,,,,,,,,,0,2612.0,112.0,,188.0,230.0,10.0,,,,,487.0,,,,,1542.0,,39.01
,,,,,,REGULAR_SEASON,,,,309.0,,,,Kenzo Sorrentino,,,,,,,,,,,,,,,,7.0,,,8.0,,,,,,,,0.0,,,,5.0,,,,,,3.0,,,,,705.6,2.0,,P100880_S,S,,,,,,,,,20.0,,,0,,,,,,8.0,,,,,,,,,0,401.0,14.0,,26.0,32.0,2.0,,,,,75.0,,,,,203.0,,5.36
,,,,,,REGULAR_SEASON,,,,,,,,Mikael Tyree,,,,,,,,,,,,,,,,,,,51.0,,,27.0,,49.0,,,,,,,,,,,4710.5,1830.0,,,,,,,31.0,,P100684_OT,OT,,,,,93.0,,,,,,,0,,,128.0,1493.0,617.0,,,,,,,19.0,,,0,3323.0,,51.0,,,,,,,,466.0,,,,,,,
,,,,,,REGULAR_SEASON,,11.0,22.0,,,,19.0,Darian Cordray,2.0,,,,,,,,,,,,,3.0,,,,,51.0,,,,,,,,,,,,,31.0,,,,,,,,,,,,,P100701_TE,TE,,,,,,,,55.0,,,807.0,0,,1688.0,,579.0,,,,,,,,,,,0,1998.0,,,,105.0,,,,,,484.0,,,330.0,,,,
,,,,,,REGULAR_SEASON,,,,,,,,Dante Valdejuli,,,,,,,,,,,,,,,,,,,11.0,,,1.0,,17.0,,,,,,,,,,,1035.8,382.0,,,,,,,7.0,,NO_OG_03,OG,,,,,19.0,,,,,,,0,,,24.0,311.0,136.0,,,,,,,1.0,,,0,693.0,,11.0,,,,,,,,81.0,,,,,,,
,,,,,,REGULAR_SEASON,,,,1921.0,,,,Nikolai Marinelli,,,,,,,,,,,,,,,,38.0,,,51.0,,,,,,,,9.0,,,,18.0,,,,,,19.0,,,,,3951.3,12.0,,P100700_CB,CB,,,,,,,,,124.0,,,0,,,,,,37.0,,,,,,,,,0,2495.0,117.0,,198.0,192.0,8.0,,,,,484.0,,,,,1461.0,,39.57
,,,,,,REGULAR_SEASON,,,,1319.0,,,,Granger Hammersley,,,,,,,,,,,,,,,,20.0,,,35.0,,,,,,,,1.0,,,,18.0,,,,,,10.0,,,,,3251.4,6.0,,TEN_CB_07,CB,,,,,,,,,105.0,,,0,,,,,,23.0,,,,,,,,,0,1711.0,88.0,,143.0,163.0,11.0,,,,,329.0,,,,,1159.0,,30.9
,,,,54.0,,REGULAR_SEASON,,45.0,109.0,,,,92.0,Mason Mallett,28.0,,42.0,,,,,,,,,,,191.0,,,3.0,,51.0,,,,,,,,,,,,,14.0,,,,289.0,,,,,,,,,P100854_RB,RB,,,,,29.0,,,404.0,,,4841.0,0,,364.0,,91.0,,,471.0,5.0,1905.0,,,,,,0,1110.0,,,,587.0,,,,,,492.0,,,1972.0,822.0,,1093.0,
,,,,,,REGULAR_SEASON,,11.0,26.0,,,,16.0,Alaric Philbeck,6.0,,,,,,,,,,,,,22.0,,,,,36.0,,,,,,,,,,,,,6.0,,,,,,,,,,,,,KC_WR_09,WR,,,,,,,,76.0,,5.0,1072.0,0,,1324.0,,456.0,,,,,,,,,,,0,1562.0,,,,130.0,,,,,,342.0,,,407.0,,,,
61.0,8.0,,,,,REGULAR_SEASON,,,,,,,,Dupree Brockman,,,,,,,,,,,,,,,2.0,,,,38.0,,,,43.0,,,,,,,,11.0,,,,,,,909.0,4.81,,,,6.0,,CAR_EDGE_09,EDGE,,,,72.0,,,20.0,,,,,0,,,,,,48.0,,,,,9.0,,,,0,1605.0,49.0,,110.0,,,15.0,,,,369.0,,,,,,,
75.0,12.0,,,,,REGULAR_SEASON,,,,,,,,Chidi Pepperell,,,,,,,,,,,,,,,3.0,,,,51.0,,,,75.0,,,,,,,,6.0,,,,,,,1078.0,7.65,,,,9.0,,P100851_DT,DT,,,,106.0,,,25.0,,,,,0,,,,,,91.0,,,,,7.0,,,,0,1901.0,66.0,,141.0,,,16.0,,,,492.0,,,,,,,
,,99.0,,,1095.0,REGULAR_SEASON,1090.0,,,,163.0,61.0,,Chase Fanning,,64.0,,,,,,,,,,,,516.0,,,9.0,3.0,48.0,,,,,,,,27.0,,,,,,,1594.0,,,,,,86.0,11800.0,,,388.0,P100234_QB,QB,499.0,210.0,2068.0,,,,,,,,,0,,,,,,,164.0,,652.0,674.0,,,100.0,102.0,0,3027.0,,48.0,,,,,86.0,,93.0,469.0,,,,,,,
43.0,3.0,,,,,REGULAR_SEASON,,,,,,,,Conrad Calderón,,,,,,,,,,,,,,,2.0,,,,26.0,,,,39.0,,,,,,,,6.0,,,,,,,648.0,3.79,,,,8.0,,NO_EDGE_06,EDGE,,,,65.0,,,21.0,,,,,0,,,,,,38.0,,,,,6.0,,,,0,1141.0,40.0,,83.0,,,15.0,,,,245.0,,,,,,,
42.0,3.0,,,,,REGULAR_SEASON,,,,,,,,Roderick Paddock,,,,,,,,,,,,,,,1.0,,,,30.0,,,,41.0,,,,,,,,6.0,,,,,,,737.0,4.5,,,,9.0,,P100375_EDGE,EDGE,,,,75.0,,,27.0,,,,,0,,,,,,59.0,,,,,7.0,,,,0,1300.0,28.0,,70.0,,,17.0,,,,261.0,,,,,,,
,,123.0,,,1112.0,REGULAR_SEASON,1102.0,,,,179.0,71.0,,Quill Tabaracci,,77.0,,,,,,,,,,,,528.0,,,5.0,3.0,48.0,,,,,,,,29.0,,,,,,,1651.0,,,,,,63.0,11954.0,,,393.0,P100809_QB,QB,539.0,252.0,2334.0,,,,,,,,,0,,,,,,,165.0,,689.0,701.0,,,106.0,105.0,0,3052.0,,48.0,,,,,81.0,,59.0,483.0,,,,,,,
,,,,21.0,,REGULAR_SEASON,,23.0,67.0,,,,57.0,Ignacio Cahill,20.0,,30.0,,,,,,,,,,,127.0,,,2.0,,31.0,,,,,,,,,,,,,10.0,,,,174.0,,,,,,,,,MIA_RB_04,RB,,,,,17.0,,,277.0,,,3070.0,1,,252.0,,64.0,,,341.0,6.0,1423.0,,,,,,0,763.0,,,,428.0,,,,,,294.0,,,1372.0,634.0,,807.0,
,,,,,,REGULAR_SEASON,,,,,,,,Pierson Eckhardt,,,,,,,,,,,,,,,,,,,42.0,,,16.0,,46.0,,,,,,,,,,,3915.3,1520.0,,,,,,,22.0,,P100853_OG,OG,,,,,73.0,,,,,,,0,,,102.0,1232.0,545.0,,,,,,,12.0,,,0,2752.0,,42.0,,,,,,,,426.0,,,,,,,
,,,280.0,,,REGULAR_SEASON,,,,1628.0,,,,Yosef Birchfield,,,,,,,,,,,,,,,,22.0,,,46.0,,,,,,,,0.0,,,,38.0,,,,,,11.0,,,,,4087.8,8.0,,P100710_LB,LB,,,,40.0,,,,,110.0,,,0,,,,,,30.0,,,,,3.0,,,,0,2114.0,182.0,,280.0,177.0,9.0,44.0,,,,448.0,,,,,1437.0,,41.11
,,,,52.0,,REGULAR_SEASON,,32.0,88.0,,,,60.0,Royce Vaitai,25.0,,27.0,,,,,,,,,,,155.0,,,0.0,,40.0,,,,,,,,,,,,,19.0,,,,224.0,,,,,,,,,P100857_RB,RB,,,,,23.0,,,341.0,,,3805.0,0,,300.0,,75.0,,,396.0,3.0,1748.0,,,,,,0,919.0,,,,494.0,,,,,,376.0,,,1558.0,797.0,,951.0,
,,,,,,REGULAR_SEASON,,15.0,36.0,,,,28.0,Mekai Schmitz,17.0,,,,,,,,,,,,,41.0,,,,,51.0,,,,,,,,,,,,,18.0,,,,,,,,,,,,,PIT_WR_07,WR,,,,,,,,126.0,,6.0,1690.0,0,,1913.0,,651.0,,,,,,,,,,,0,2253.0,,,,225.0,,,,,,489.0,,,664.0,,,,
,,,,,,REGULAR_SEASON,,4.0,11.0,,,,7.0,Duke Brisco,1.0,,,,,,,,,,,,,5.0,,,,,17.0,,,,,,,,,,,,,12.0,,,,,,,,,,,,,P100730_TE,TE,,,,,,,,27.0,,,373.0,0,,573.0,,195.0,,,,,,,,,,,0,678.0,,,,50.0,,,,,,157.0,,,133.0,,,,
,,,,,,REGULAR_SEASON,,,,,,,,Cairo Satterfield,,,,,,,,,,,,,,,,,,,10.0,,,2.0,,10.0,,,,,,,,,,,915.9,347.0,,,,,,,3.0,,P100541_OG,OG,,,,,17.0,,,,,,,0,,,24.0,281.0,115.0,,,,,,,5.0,,,0,628.0,,10.0,,,,,,,,114.0,,,,,,,
77.0,6.0,,,,,REGULAR_SEASON,,,,,,,,Levi Makinen,,,,,,,,,,,,,,,6.0,,,,49.0,,,,67.0,,,,,,,,4.0,,,,,,,1029.0,6.75,,,,9.0,,P100826_DT,DT,,,,103.0,,,27.0,,,,,0,,,,,,79.0,,,,,9.0,,,,0,1813.0,64.0,,141.0,,,34.0,,,,441.0,,,,,,,
,,,,42.0,,REGULAR_SEASON,,34.0,109.0,,,,86.0,Zachariah Yancey,26.0,,35.0,,,,,,,,,,,216.0,,,0.0,,45.0,,,,,,,,,,,,,21.0,,,,230.0,,,,,,,,,P100831_RB,RB,,,,,26.0,,,439.0,,,5095.0,0,,355.0,,87.0,,,512.0,14.0,2138.0,,,,,,0,1071.0,,,,644.0,,,,,,427.0,,,2098.0,952.0,,1190.0,
,,,,39.0,,REGULAR_SEASON,,37.0,65.0,,,,75.0,Harlan Yeboah,30.0,,27.0,,,,,,,,,,,140.0,,,1.0,,47.0,,,,,,,,,,,,,24.0,,,,261.0,,,,,,,,,P100790_RB,RB,,,,,22.0,,,299.0,,,3289.0,0,,302.0,,72.0,,,377.0,4.0,1510.0,,,,,,0,935.0,,,,455.0,,,,,,435.0,,,1397.0,573.0,,960.0,
,,,,,,REGULAR_SEASON,,,,,,,,Kason Crockett,,,,,,,,,,,,,,,,,,,10.0,,,1.0,,17.0,,,,,,,,,,,924.9,371.0,,,,,,,4.0,,P100571_OT,OT,,,,,21.0,,,,,,,0,,,26.0,298.0,122.0,,,,,,,3.0,,,0,669.0,,10.0,,,,,,,,53.0,,,,,,,
,,,,,,REGULAR_SEASON,,,,,,,,Tillman Yeboah,,,,,,,,,,,,,,,,,,,28.0,,,12.0,,36.0,,,,,,,,,,,2574.1,1022.0,,,,,,,14.0,,ARI_OG_05,OG,,,,,58.0,,,,,,,0,,,62.0,828.0,367.0,,,,,,,10.0,,,0,1850.0,,28.0,,,,,,,,254.0,,,,,,,
65.0,7.0,,,,,REGULAR_SEASON,,,,,,,,Ambrose Rutledge,,,,,,,,,,,,,,,1.0,,,,46.0,,,,48.0,,,,,,,,9.0,,,,,,,1126.0,6.16,,,,7.0,,P100882_EDGE,EDGE,,,,94.0,,,25.0,,,,,0,,,,,,71.0,,,,,30.0,,,,0,1981.0,42.0,,107.0,,,20.0,,,,441.0,,,,,,,
65.0,9.0,,,,,REGULAR_SEASON,,,,,,,,Micah Arceneaux,,,,,,,,,,,,,,,7.0,,,,46.0,,,,67.0,,,,,,,,1.0,,,,,,,1137.0,6.72,,,,11.0,,P100797_EDGE,EDGE,,,,100.0,,,27.0,,,,,0,,,,,,88.0,,,,,8.0,,,,0,1999.0,54.0,,119.0,,,27.0,,,,421.0,,,,,,,
31.0,3.0,,,,,REGULAR_SEASON,,,,,,,,Quincy McCourty,,,,,,,,,,,,,,,1.0,,,,21.0,,,,22.0,,,,,,,,7.0,,,,,,,528.0,2.26,,,,1.0,,P100869_EDGE,EDGE,,,,36.0,,,12.0,,,,,0,,,,,,20.0,,,,,5.0,,,,0,926.0,19.0,,50.0,,,12.0,,,,177.0,,,,,,,
,,,,,,REGULAR_SEASON,,,,684.0,,,,Hank Iheanacho,,,,,,,,,,,,,,,,12.0,,,17.0,,,,,,,,0.0,,,,6.0,,,,,,8.0,,,,,1316.5,5.0,,MIN_S_05,S,,,,,,,,,34.0,,,1,,,,,,10.0,,,,,,,,,0,887.0,45.0,,76.0,57.0,2.0,,,,,156.0,,,,,352.0,,8.65
,,,,,,REGULAR_SEASON,,,,,,,,Kason Perryman,,,,46.0,11.0,14.0,11.0,9.0,42.0,9.0,14.0,7.0,7.0,,,,,,34.0,,3.0,,,,,,,122.0,,1302.0,,,,,,,,,,,,,,,P100306_K,K,,,,,,,,,,,,0,,,,,,,,,,,,,,,0,204.0,,,,,,,,80.0,,294.0,70.0,67.0,,,,,
77.0,10.0,,,,,REGULAR_SEASON,,,,,,,,Kwame Jessup,,,,,,,,,,,,,,,3.0,,,,51.0,,,,58.0,,,,,,,,16.0,,,,,,,1083.0,7.54,,,,8.0,,P100900_DT,DT,,,,90.0,,,27.0,,,,,0,,,,,,85.0,,,,,9.0,,,,0,1915.0,67.0,,144.0,,,28.0,,,,475.0,,,,,,,
,,,303.0,,,REGULAR_SEASON,,,,1787.0,,,,Aubrey Daigle,,,,,,,,,,,,,,,,59.0,,,51.0,,,,,,,,2.0,,,,18.0,,,,,,36.0,,,,,3781.7,12.0,,P100783_LB,LB,,,,42.0,,,,,91.0,,,0,,,,,,34.0,,,,,5.0,,,,0,2322.0,181.0,,283.0,168.0,5.0,43.0,,,,475.0,,,,,1131.0,,31.95
52.0,1.0,,,,,REGULAR_SEASON,,,,,,,,Eli Fairbanks,,,,,,,,,,,,,,,2.0,,,,32.0,,,,57.0,,,,,,,,11.0,,,,,,,797.0,4.29,,,,2.0,,P100780_EDGE,EDGE,,,,81.0,,,21.0,,,,,0,,,,,,54.0,,,,,5.0,,,,0,1399.0,42.0,,94.0,,,15.0,,,,337.0,,,,,,,
,,,328.0,,,REGULAR_SEASON,,,,1787.0,,,,Angus Hockenson,,,,,,,,,,,,,,,,31.0,,,51.0,,,,,,,,5.0,,,,46.0,,,,,,14.0,,,,,4030.4,13.0,,P100884_LB,LB,,,,39.0,,,,,142.0,,,0,,,,,,48.0,,,,,5.0,,,,0,2322.0,204.0,,313.0,214.0,4.0,35.0,,,,516.0,,,,,1480.0,,42.36
,,,,,,REGULAR_SEASON,,,,,,,,Jamir Tolbert,,,,,,,,,,,,,,,,,,,20.0,,,4.0,,17.0,,,,,,,,,,,1884.1,733.0,,,,,,,10.0,,DEN_C_03,C,,,,,27.0,,,,,,,0,,,50.0,595.0,242.0,,,,,,,6.0,,,0,1328.0,,20.0,,,,,,,,184.0,,,,,,,
,,,325.0,,,REGULAR_SEASON,,,,1761.0,,,,Tanner Benavides,,,,,,,,,,,,,,,,37.0,,,51.0,,,,,,,,4.0,,,,17.0,,,,,,26.0,,,,,4143.6,14.0,,P100696_LB,LB,,,,38.0,,,,,104.0,,,0,,,,,,31.0,,,,,2.0,,,,0,2294.0,184.0,,285.0,171.0,7.0,46.0,,,,481.0,,,,,1197.0,,35.16
,,,,,,REGULAR_SEASON,,,,1954.0,,,,Hudson Fleener,,,,,,,,,,,,,,,,28.0,,,51.0,,,,,,,,5.0,,,,33.0,,,,,,12.0,,,,,4527.6,12.0,,LAC_CB_08,CB,,,,,,,,,139.0,,,1,,,,,,41.0,,,,,,,,,0,2535.0,119.0,,196.0,218.0,14.0,,,,,492.0,,,,,1642.0,,43.42
,,,,,,REGULAR_SEASON,,,,1796.0,,,,Ezra Clanton,,,,,,,,,,,,,,,,30.0,,,46.0,,,,,,,,0.0,,,,13.0,,,,,,17.0,,,,,3500.0,9.0,,P100676_S,S,,,,,,,,,86.0,,,0,,,,,,30.0,,,,,,,,,0,2327.0,95.0,,168.0,162.0,5.0,,,,,419.0,,,,,1058.0,,27.22
,,,,18.0,,REGULAR_SEASON,,9.0,26.0,,,,23.0,Hayes Wainwright,7.0,,4.0,,,,,,,,,,,45.0,,,0.0,,17.0,,,,,,,,,,,,,7.0,,,,85.0,,,,,,,,,BUF_RB_04,RB,,,,,10.0,,,110.0,,,1290.0,1,,110.0,,26.0,,,127.0,,556.0,,,,,,0,334.0,,,,161.0,,,,,,155.0,,,502.0,211.0,,345.0,
,,,,,,REGULAR_SEASON,,21.0,44.0,,,,30.0,Miles Harrell,16.0,,,,,,,,,,,,,34.0,,,,,49.0,,,,,,,,,,,,,26.0,,,,,,,,,,,,,P100868_TE,TE,,,,,,,,110.0,,,1387.0,0,,1667.0,,568.0,,,,,,,,,,,0,1969.0,,,,200.0,,,,,,454.0,,,559.0,,,,
,,,,,,REGULAR_SEASON,,2.0,4.0,,,,7.0,Jordy Hagerty,1.0,,,,,,,,,,,,,5.0,,,,,17.0,,,,,,,,,,,,,5.0,,,,,,,,,,,,,P100634_TE,TE,,,,,,,,25.0,,,315.0,0,,575.0,,195.0,,,,,,,,,,,0,680.0,,,,43.0,,,,,,155.0,,,131.0,,,,
,,,,,,REGULAR_SEASON,,,,1851.0,,,,Milo Eubanks,,,,,,,,,,,,,,,,36.0,,,48.0,,,,,,,,3.0,,,,19.0,,,,,,22.0,,,,,3845.7,13.0,,SF_CB_04,CB,,,,,,,,,103.0,,,1,,,,,,40.0,,,,,,,,,0,2400.0,106.0,,180.0,167.0,7.0,,,,,431.0,,,,,1080.0,,28.67
,,,,,,REGULAR_SEASON,,,,,,,,Dexter Freeney,,,,,,,,,,,,,,,,,,,47.0,,,14.0,,37.0,,,,,,,,,,,4384.0,1687.0,,,,,,,30.0,,P100682_OT,OT,,,,,68.0,,,,,,,0,,,108.0,1369.0,621.0,,,,,,,18.0,,,0,3056.0,,47.0,,,,,,,,440.0,,,,,,,
,,,,,,REGULAR_SEASON,,,,1919.0,,,,Bexley Wolfington,,,,,,,,,,,,,,,,35.0,,,51.0,,,,,,,,5.0,,,,19.0,,,,,,23.0,,,,,4647.1,11.0,,DAL_CB_08,CB,,,,,,,,,135.0,,,0,,,,,,32.0,,,,,,,,,0,2490.0,128.0,,208.0,202.0,11.0,,,,,520.0,,,,,1720.0,,45.89
,,,,,,REGULAR_SEASON,,,,1591.0,,,,Yosef Coulombe,,,,,,,,,,,,,,,,26.0,,,43.0,,,,,,,,3.0,,,,19.0,,,,,,18.0,,,,,3507.7,11.0,,P100550_CB,CB,,,,,,,,,111.0,,,0,,,,,,26.0,,,,,,,,,0,2068.0,101.0,,168.0,179.0,8.0,,,,,425.0,,,,,1229.0,,33.97
,,,,,,REGULAR_SEASON,,,,1546.0,,,,Morgan Hilliard,,,,,,,,,,,,,,,,21.0,,,39.0,,,,,,,,0.0,,,,10.0,,,,,,9.0,,,,,3610.7,14.0,,P100859_S,S,,,,,,,,,113.0,,,0,,,,,,24.0,,,,,,,,,0,2005.0,78.0,,133.0,178.0,14.0,,,,,362.0,,,,,1294.0,,32.84
,,,,,,REGULAR_SEASON,,,,,,,,Avery Sorrentino,,,,,,,,,,,,,,,,,,,51.0,,,20.0,,55.0,,,,,,,,,,,4772.7,1830.0,,,,,,,34.0,,P100841_OG,OG,,,,,85.0,,,,,,,0,,,120.0,1483.0,620.0,,,,,,,13.0,,,0,3313.0,,51.0,,,,,,,,511.0,,,,,,,
66.0,6.0,,,,,REGULAR_SEASON,,,,,,,,Sidney Rochell,,,,,,,,,,,,,,,3.0,,,,37.0,,,,30.0,,,,,,,,10.0,,,,,,,789.0,4.87,,,,10.0,,P100799_DT,DT,,,,54.0,,,19.0,,,,,0,,,,,,47.0,,,,,9.0,,,,0,1389.0,63.0,,129.0,,,15.0,,,,353.0,,,,,,,
,,,252.0,,,REGULAR_SEASON,,,,1454.0,,,,Jamari Waterhouse,,,,,,,,,,,,,,,,27.0,,,41.0,,,,,,,,3.0,,,,29.0,,,,,,17.0,,,,,3505.3,15.0,,P100612_LB,LB,,,,45.0,,,,,99.0,,,0,,,,,,29.0,,,,,9.0,,,,0,1892.0,155.0,,245.0,153.0,7.0,39.0,,,,392.0,,,,,1169.0,,33.03
,,,270.0,,,REGULAR_SEASON,,,,1619.0,,,,Axel Hockenson,,,,,,,,,,,,,,,,29.0,,,47.0,,,,,,,,3.0,,,,25.0,,,,,,16.0,,,,,3918.0,13.0,,P100669_LB,LB,,,,33.0,,,,,123.0,,,0,,,,,,32.0,,,,,2.0,,,,0,2103.0,152.0,,244.0,199.0,5.0,33.0,,,,455.0,,,,,1500.0,,43.55
,,,,,,REGULAR_SEASON,,,,1927.0,,,,Zuri Poindexter,,,,,,,,,,,,,,,,40.0,,,51.0,,,,,,,,2.0,,,,14.0,,,,,,22.0,,,,,4177.7,17.0,,P100887_CB,CB,,,,,,,,,105.0,,,0,,,,,,34.0,,,,,,,,,0,2500.0,121.0,,203.0,185.0,12.0,,,,,511.0,,,,,1301.0,,34.55
,,,,,,REGULAR_SEASON,,,,1854.0,,,,Renard Dargan,,,,,,,,,,,,,,,,32.0,,,48.0,,,,,,,,0.0,,,,18.0,,,,,,14.0,,,,,4540.9,7.0,,ARI_S_05,S,,,,,,,,,126.0,,,0,,,,,,42.0,,,,,,,,,0,2408.0,111.0,,189.0,195.0,14.0,,,,,490.0,,,,,1461.0,,37.94
,,,,,,REGULAR_SEASON,,,,,,,,Harrison Lyerly,,,,,,,,,,,,,,,,,,,1.0,315.0,,,,,1.0,2.0,,,53.0,,,,267.0,,,,,,,,,,,,HOU_P_02,P,,,,,,6.0,,,,,,1,48.0,,,,,,,,,,,,,,0,5.0,,,,,,,,0.0,,1.0,,,,,,,
,,,,54.0,,REGULAR_SEASON,,59.0,122.0,,,,112.0,Silas Middlebrooks,53.0,,53.0,,,,,,,,,,,251.0,,,4.0,,51.0,,,,,,,,,,,,,23.0,,,,253.0,,,,,,,,,P100856_RB,RB,,,,,19.0,,,521.0,,,6237.0,0,,415.0,,105.0,,,609.0,9.0,2821.0,,,,,,0,1257.0,,,,756.0,,,,,,481.0,,,2609.0,1333.0,,1488.0,
,,,,,,REGULAR_SEASON,,36.0,82.0,,,,65.0,Quentin Medearis,19.0,,,,,,,,,,,,,89.0,,,,,50.0,,,,,,,,,,,,,22.0,,,,,,,,,,,,,P100864_WR,WR,,,,,,,,214.0,,10.0,2755.0,0,,1845.0,,630.0,,,,,,,,,,,0,2181.0,,,,368.0,,,,,,477.0,,,1101.0,,,,
23.0,0.0,,,,,REGULAR_SEASON,,,,,,,,Laurent Jolliff,,,,,,,,,,,,,,,1.0,,,,14.0,,,,17.0,,,,,,,,2.0,,,,,,,343.0,1.77,,,,2.0,,P100326_EDGE,EDGE,,,,28.0,,,9.0,,,,,1,,,,,,17.0,,,,,2.0,,,,0,604.0,19.0,,42.0,,,3.0,,,,123.0,,,,,,,
,,,,,,REGULAR_SEASON,,,,1583.0,,,,Rowan Bancroft,,,,,,,,,,,,,,,,28.0,,,42.0,,,,,,,,1.0,,,,16.0,,,,,,13.0,,,,,3621.6,5.0,,P100786_CB,CB,,,,,,,,,104.0,,,0,,,,,,33.0,,,,,,,,,0,2049.0,80.0,,138.0,179.0,9.0,,,,,373.0,,,,,1211.0,,32.3
,,,,,,REGULAR_SEASON,,,,659.0,,,,Cormac Tucker,,,,,,,,,,,,,,,,12.0,,,17.0,,,,,,,,0.0,,,,5.0,,,,,,3.0,,,,,1708.0,8.0,,NE_S_07,S,,,,,,,,,50.0,,,0,,,,,,11.0,,,,,,,,,0,857.0,38.0,,64.0,74.0,7.0,,,,,153.0,,,,,526.0,,13.5
,,,,73.0,,REGULAR_SEASON,,83.0,185.0,,,,147.0,Carlisle Sagapolutele,53.0,,52.0,,,,,,,,,,,351.0,,,7.0,,49.0,,,,,,,,,,,,,37.0,,,,249.0,,,,,,,,,P100695_RB,RB,,,,,19.0,,,732.0,,,8414.0,0,,504.0,,131.0,,,851.0,35.0,3766.0,,,,,,0,1521.0,,,,1051.0,,,,,,439.0,,,3394.0,1701.0,,2079.0,
,,,,,,REGULAR_SEASON,,18.0,53.0,,,,42.0,Mordecai Rentschler,17.0,,,,,,,,,,,,,47.0,,,,,45.0,,,,,,,,,,,,,17.0,,,,,,,,,,,,,P100805_WR,WR,,,,,,,,136.0,,6.0,1791.0,0,,1655.0,,564.0,,,,,,,,,,,0,1956.0,,,,242.0,,,,,,391.0,,,713.0,,,,
,,,,,,REGULAR_SEASON,,,,,,,,Malachi Snodgrass,,,,,,,,,,,,,,,,,,,23.0,,,13.0,,22.0,,,,,,,,,,,2134.6,844.0,,,,,,,10.0,,P100339_OG,OG,,,,,41.0,,,,,,,0,,,58.0,686.0,283.0,,,,,,,8.0,,,0,1530.0,,23.0,,,,,,,,191.0,,,,,,,
64.0,11.0,,,,,REGULAR_SEASON,,,,,,,,Jonas Cribbs,,,,,,,,,,,,,,,3.0,,,,48.0,,,,63.0,,,,,,,,11.0,,,,,,,1186.0,6.95,,,,9.0,,P100624_EDGE,EDGE,,,,115.0,,,26.0,,,,,0,,,,,,96.0,,,,,31.0,,,,0,2092.0,55.0,,119.0,,,24.0,,,,437.0,,,,,,,
47.0,1.0,,,,,REGULAR_SEASON,,,,,,,,Omari Helaire,,,,,,,,,,,,,,,3.0,,,,27.0,,,,35.0,,,,,,,,2.0,,,,,,,564.0,3.99,,,,9.0,,P100184_DT,DT,,,,57.0,,,15.0,,,,,0,,,,,,53.0,,,,,8.0,,,,0,995.0,40.0,,87.0,,,16.0,,,,250.0,,,,,,,
,,,,40.0,,REGULAR_SEASON,,47.0,99.0,,,,71.0,Emerson Gostkowski,41.0,,42.0,,,,,,,,,,,186.0,,,3.0,,38.0,,,,,,,,,,,,,13.0,,,,224.0,,,,,,,,,P100600_RB,RB,,,,,22.0,,,402.0,,,4451.0,0,,333.0,,84.0,,,445.0,21.0,1830.0,,,,,,0,1003.0,,,,561.0,,,,,,368.0,,,1845.0,831.0,,1020.0,
20.0,0.0,,,,,REGULAR_SEASON,,,,,,,,Bishop Jelks,,,,,,,,,,,,,,,0.0,,,,14.0,,,,24.0,,,,,,,,3.0,,,,,,,361.0,1.71,,,,4.0,,P100784_EDGE,EDGE,,,,32.0,,,7.0,,,,,0,,,,,,19.0,,,,,2.0,,,,0,634.0,13.0,,33.0,,,8.0,,,,139.0,,,,,,,
,,,,,,REGULAR_SEASON,,,,1384.0,,,,Vernon Colavito,,,,,,,,,,,,,,,,21.0,,,36.0,,,,,,,,5.0,,,,13.0,,,,,,12.0,,,,,2795.3,11.0,,P100681_CB,CB,,,,,,,,,83.0,,,0,,,,,,25.0,,,,,,,,,0,1796.0,93.0,,154.0,146.0,10.0,,,,,404.0,,,,,857.0,,21.77
,,,,,,REGULAR_SEASON,,,,,,,,Gerard Panganiban,,,,,,,,,,,,,,,,,,,3.0,,,3.0,,4.0,,,,,,,,,,,262.3,111.0,,,,,,,1.0,,P100656_OG,OG,,,,,9.0,,,,,,,0,,,4.0,91.0,36.0,,,,,,,2.0,,,0,202.0,,3.0,,,,,,,,9.0,,,,,,,
,,,,,,REGULAR_SEASON,,,,937.0,,,,Warner Bergeron,,,,,,,,,,,,,,,,15.0,,,26.0,,,,,,,,1.0,,,,6.0,,,,,,8.0,,,,,2182.3,9.0,,P100798_CB,CB,,,,,,,,,65.0,,,0,,,,,,21.0,,,,,,,,,0,1215.0,61.0,,99.0,114.0,7.0,,,,,245.0,,,,,785.0,,22.67
,,,,,,REGULAR_SEASON,,20.0,52.0,,,,30.0,Jalen Bordelon,11.0,,,,,,,,,,,,,53.0,,,,,38.0,,,,,,,,,,,,,14.0,,,,,,,,,,,,,KC_WR_08,WR,,,,,,,,136.0,,11.0,1664.0,0,,1401.0,,481.0,,,,,,,,,,,0,1652.0,,,,247.0,,,,,,401.0,,,654.0,,,,
,,,,,,REGULAR_SEASON,,8.0,30.0,,,,24.0,Thelonious Greaves,11.0,,,,,,,,,,,,,23.0,,,,,50.0,,,,,,,,,,,,,21.0,,,,,,,,,,,,,DEN_TE_04,TE,,,,,,,,89.0,,,1158.0,0,,1667.0,,567.0,,,,,,,,,,,0,1969.0,,,,185.0,,,,,,509.0,,,492.0,,,,
66.0,9.0,,,,,REGULAR_SEASON,,,,,,,,Jalen Paschall,,,,,,,,,,,,,,,3.0,,,,48.0,,,,70.0,,,,,,,,18.0,,,,,,,1183.0,7.06,,,,8.0,,P100601_EDGE,EDGE,,,,108.0,,,25.0,,,,,0,,,,,,82.0,,,,,15.0,,,,0,2081.0,55.0,,121.0,,,22.0,,,,467.0,,,,,,,
85.0,6.0,,,,,REGULAR_SEASON,,,,,,,,Thatcher Monfort,,,,,,,,,,,,,,,2.0,,,,48.0,,,,55.0,,,,,,,,12.0,,,,,,,1179.0,5.56,,,,6.0,,P100787_EDGE,EDGE,,,,78.0,,,15.0,,,,,0,,,,,,59.0,,,,,11.0,,,,0,2078.0,67.0,,152.0,,,22.0,,,,448.0,,,,,,,
,,,,,,REGULAR_SEASON,,,,1811.0,,,,Osmond Polamalu,,,,,,,,,,,,,,,,30.0,,,47.0,,,,,,,,5.0,,,,14.0,,,,,,15.0,,,,,4222.1,10.0,,P100803_CB,CB,,,,,,,,,129.0,,,0,,,,,,35.0,,,,,,,,,0,2347.0,120.0,,194.0,193.0,10.0,,,,,439.0,,,,,1517.0,,39.94
,,,,,,REGULAR_SEASON,,,,1820.0,,,,Rhett Zimmerman,,,,,,,,,,,,,,,,26.0,,,48.0,,,,,,,,1.0,,,,27.0,,,,,,13.0,,,,,4434.5,8.0,,P100628_CB,CB,,,,,,,,,132.0,,,0,,,,,,37.0,,,,,,,,,0,2359.0,130.0,,216.0,198.0,13.0,,,,,474.0,,,,,1591.0,,42.25
,,,,,,REGULAR_SEASON,,,,1842.0,,,,Malachi Uche,,,,,,,,,,,,,,,,37.0,,,47.0,,,,,,,,0.0,,,,19.0,,,,,,21.0,,,,,4001.2,17.0,,P100766_S,S,,,,,,,,,115.0,,,0,,,,,,31.0,,,,,,,,,0,2390.0,100.0,,171.0,188.0,8.0,,,,,441.0,,,,,1195.0,,30.69
,,,,,,REGULAR_SEASON,,,,1831.0,,,,Forrest Sweatman,,,,,,,,,,,,,,,,28.0,,,47.0,,,,,,,,0.0,,,,19.0,,,,,,10.0,,,,,3805.5,15.0,,P100686_S,S,,,,,,,,,124.0,,,0,,,,,,32.0,,,,,,,,,0,2373.0,110.0,,185.0,196.0,3.0,,,,,430.0,,,,,1390.0,,36.54
,,,,50.0,,REGULAR_SEASON,,22.0,43.0,,,,36.0,Jamari Tatupu,10.0,,16.0,,,,,,,,,,,51.0,,,2.0,,34.0,,,,,,,,,,,,,14.0,,,,199.0,,,,,,,,,DAL_RB_04,RB,,,,,16.0,,,130.0,,,1641.0,1,,206.0,,50.0,,,175.0,,719.0,,,,,,0,642.0,,,,217.0,,,,,,340.0,,,669.0,333.0,,400.0,
,,,,,,REGULAR_SEASON,,14.0,40.0,,,,46.0,Otto Carrington,14.0,,,,,,,,,,,,,51.0,,,,,38.0,,,,,,,,,,,,,25.0,,,,,,,,,,,,,P100838_WR,WR,,,,,,,,132.0,,8.0,1602.0,0,,1386.0,,475.0,,,,,,,,,,,0,1636.0,,,,255.0,,,,,,358.0,,,647.0,,,,
,,,,,,REGULAR_SEASON,,,,,,,,Cannon Navarrete,,,,,,,,,,,,,,,,,,,43.0,,,18.0,,48.0,,,,,,,,,,,3990.5,1569.0,,,,,,,16.0,,P100649_OT,OT,,,,,79.0,,,,,,,0,,,110.0,1266.0,557.0,,,,,,,14.0,,,0,2835.0,,43.0,,,,,,,,425.0,,,,,,,
,,,,,,REGULAR_SEASON,,,,1821.0,,,,Eli Loflin,,,,,,,,,,,,,,,,22.0,,,47.0,,,,,,,,3.0,,,,31.0,,,,,,8.0,,,,,4103.6,13.0,,P100895_CB,CB,,,,,,,,,127.0,,,0,,,,,,31.0,,,,,,,,,0,2360.0,118.0,,195.0,194.0,8.0,,,,,426.0,,,,,1498.0,,38.7
,,,,,,REGULAR_SEASON,,,,1971.0,,,,Warrick Ansley,,,,,,,,,,,,,,,,27.0,,,51.0,,,,,,,,2.0,,,,25.0,,,,,,15.0,,,,,3897.5,18.0,,DET_S_05,S,,,,,,,,,132.0,,,0,,,,,,25.0,,,,,,,,,0,2557.0,115.0,,195.0,233.0,5.0,,,,,510.0,,,,,1517.0,,39.27
,,,,,,REGULAR_SEASON,,,,2063.0,,,,Granger Peebles,,,,,,,,,,,,,,,,34.0,,,51.0,,,,,,,,0.0,,,,14.0,,,,,,19.0,,,,,4346.7,10.0,,P100623_S,S,,,,,,,,,140.0,,,0,,,,,,27.0,,,,,,,,,0,2678.0,110.0,,185.0,215.0,5.0,,,,,480.0,,,,,1527.0,,37.59
,,,,31.0,,REGULAR_SEASON,,15.0,29.0,,,,17.0,Egan Malbrough,6.0,,8.0,,,,,,,,,,,47.0,,,0.0,,17.0,,,,,,,,,,,,,11.0,,,,103.0,,,,,,,,,TB_RB_04,RB,,,,,8.0,,,105.0,,,1258.0,1,,119.0,,28.0,,,132.0,1.0,614.0,,,,,,0,357.0,,,,161.0,,,,,,150.0,,,536.0,290.0,,324.0,
,,,,26.0,,REGULAR_SEASON,,3.0,9.0,,,,11.0,Cooper Tabaracci,4.0,,3.0,,,,,,,,,,,14.0,,,0.0,,17.0,,,,,,,,,,,,,10.0,,,,95.0,,,,,,,,,BAL_RB_05,RB,,,,,7.0,,,43.0,,,569.0,0,,83.0,,19.0,,,54.0,,274.0,,,,,,0,264.0,,,,70.0,,,,,,150.0,,,237.0,142.0,,132.0,
,,,,,,REGULAR_SEASON,,0.0,4.0,,,,2.0,Adonis Westbrook,0.0,,,,,,,,,,,,,0.0,,,,,13.0,,,,,,,,,,,,,2.0,,,,,,,,,,,,,P100756_TE,TE,,,,,,,,13.0,,,169.0,1,,441.0,,149.0,,,,,,,,,,,0,520.0,,,,23.0,,,,,,97.0,,,66.0,,,,
,,,,,,REGULAR_SEASON,,,,,,,,Kenzo Mbaka,,,,,,,,,,,,,,,,,,,47.0,,,8.0,,34.0,,,,,,,,,,,4448.1,1695.0,,,,,,,18.0,,P100817_OT,OT,,,,,54.0,,,,,,,0,,,82.0,1376.0,656.0,,,,,,,15.0,,,0,3071.0,,47.0,,,,,,,,392.0,,,,,,,
51.0,8.0,,,,,REGULAR_SEASON,,,,,,,,Dakari Obadiah,,,,,,,,,,,,,,,3.0,,,,35.0,,,,36.0,,,,,,,,9.0,,,,,,,884.0,3.61,,,,10.0,,P100735_EDGE,EDGE,,,,57.0,,,16.0,,,,,0,,,,,,29.0,,,,,6.0,,,,0,1556.0,32.0,,83.0,,,13.0,,,,324.0,,,,,,,
60.0,4.0,,,,,REGULAR_SEASON,,,,,,,,Declan Harmon,,,,,,,,,,,,,,,4.0,,,,41.0,,,,51.0,,,,,,,,13.0,,,,,,,879.0,5.92,,,,3.0,,P100812_DT,DT,,,,86.0,,,24.0,,,,,0,,,,,,77.0,,,,,14.0,,,,0,1548.0,53.0,,113.0,,,27.0,,,,371.0,,,,,,,
,,,,,,REGULAR_SEASON,,,,1728.0,,,,Kaden Tindall,,,,,,,,,,,,,,,,22.0,,,43.0,,,,,,,,1.0,,,,18.0,,,,,,7.0,,,,,3648.2,11.0,,P100881_S,S,,,,,,,,,113.0,,,0,,,,,,27.0,,,,,,,,,0,2245.0,100.0,,165.0,191.0,8.0,,,,,359.0,,,,,1204.0,,30.53
,,,,,,REGULAR_SEASON,,,,,,,,Mekai Carrington,,,,,,,,,,,,,,,,,,,26.0,,,19.0,,31.0,,,,,,,,,,,2307.8,928.0,,,,,,,16.0,,P100528_OG,OG,,,,,64.0,,,,,,,1,,,95.0,751.0,285.0,,,,,,,16.0,,,0,1679.0,,26.0,,,,,,,,226.0,,,,,,,
24.0,3.0,,,,,REGULAR_SEASON,,,,,,,,Percival Boateng,,,,,,,,,,,,,,,1.0,,,,22.0,,,,22.0,,,,,,,,7.0,,,,,,,540.0,2.06,,,,6.0,,P100602_EDGE,EDGE,,,,31.0,,,8.0,,,,,1,,,,,,20.0,,,,,1.0,,,,0,951.0,19.0,,43.0,,,7.0,,,,217.0,,,,,,,
,,,241.0,,,REGULAR_SEASON,,,,1365.0,,,,Vann Fowler,,,,,,,,,,,,,,,,28.0,,,39.0,,,,,,,,2.0,,,,23.0,,,,,,17.0,,,,,3214.0,13.0,,P100781_LB,LB,,,,34.0,,,,,86.0,,,0,,,,,,26.0,,,,,5.0,,,,0,1777.0,133.0,,208.0,140.0,6.0,29.0,,,,387.0,,,,,939.0,,27.19
,,,315.0,,,REGULAR_SEASON,,,,1762.0,,,,Woodrow Smallwood,,,,,,,,,,,,,,,,25.0,,,51.0,,,,,,,,4.0,,,,30.0,,,,,,10.0,,,,,4441.2,20.0,,P100726_LB,LB,,,,36.0,,,,,148.0,,,0,,,,,,41.0,,,,,6.0,,,,0,2294.0,192.0,,297.0,238.0,10.0,33.0,,,,504.0,,,,,1836.0,,53.34
,,,,,,REGULAR_SEASON,,,,991.0,,,,Harlan Zapatero,,,,,,,,,,,,,,,,20.0,,,26.0,,,,,,,,5.0,,,,8.0,,,,,,9.0,,,,,1824.6,7.0,,P100846_CB,CB,,,,,,,,,58.0,,,0,,,,,,21.0,,,,,,,,,0,1288.0,61.0,,99.0,97.0,3.0,,,,,308.0,,,,,601.0,,15.84
,,,,,,REGULAR_SEASON,,,,1275.0,,,,Mikael Boateng,,,,,,,,,,,,,,,,27.0,,,34.0,,,,,,,,2.0,,,,15.0,,,,,,13.0,,,,,2968.1,6.0,,LAR_CB_11,CB,,,,,,,,,83.0,,,0,,,,,,22.0,,,,,,,,,0,1652.0,86.0,,141.0,130.0,6.0,,,,,348.0,,,,,1036.0,,27.59
,,,,,,REGULAR_SEASON,,,,,,,,Soren Cahill,,,,,,,,,,,,,,,,,,,4.0,466.0,,,,,2.0,4.0,,,239.0,,,,434.0,,,,,,,,,,,,BAL_P_02,P,,,,,,10.0,,,,,,1,32.0,,,,,,,,,,,,,,0,20.0,,,,,,,,0.0,,33.0,,,,,,,
,,,,8.0,,REGULAR_SEASON,,5.0,12.0,,,,3.0,Ramsey Bradshaw,2.0,,1.0,,,,,,,,,,,7.0,,,2.0,,9.0,,,,,,,,,,,,,4.0,,,,45.0,,,,,,,,,P100334_RB,RB,,,,,8.0,,,20.0,,,276.0,0,,42.0,,8.0,,,29.0,,125.0,,,,,,0,130.0,,,,35.0,,,,,,60.0,,,123.0,54.0,,71.0,
,,,,,,REGULAR_SEASON,,15.0,26.0,,,,17.0,Maxton Swearinger,6.0,,,,,,,,,,,,,31.0,,,,,35.0,,,,,,,,,,,,,25.0,,,,,,,,,,,,,P100833_TE,TE,,,,,,,,83.0,,,1235.0,0,,1162.0,,394.0,,,,,,,,,,,0,1372.0,,,,174.0,,,,,,308.0,,,537.0,,,,
,,,,,,REGULAR_SEASON,,,,,,,,Cedric Jarnigan,,,,,,,,,,,,,,,,,,,7.0,,,3.0,,8.0,,,,,,,,,,,660.4,253.0,,,,,,,8.0,,P100819_OT,OT,,,,,12.0,,,,,,,0,,,24.0,203.0,81.0,,,,,,,1.0,,,0,456.0,,7.0,,,,,,,,79.0,,,,,,,
,,,,,,REGULAR_SEASON,,,,1889.0,,,,Grady Mabry,,,,,,,,,,,,,,,,42.0,,,51.0,,,,,,,,4.0,,,,20.0,,,,,,24.0,,,,,3804.8,14.0,,P100731_CB,CB,,,,,,,,,104.0,,,0,,,,,,37.0,,,,,,,,,0,2450.0,108.0,,183.0,180.0,5.0,,,,,482.0,,,,,1102.0,,30.17
,,,,,,REGULAR_SEASON,,,,1891.0,,,,Ruben Youngblood,,,,,,,,,,,,,,,,28.0,,,51.0,,,,,,,,2.0,,,,27.0,,,,,,12.0,,,,,4339.1,11.0,,P100638_CB,CB,,,,,,,,,125.0,,,0,,,,,,31.0,,,,,,,,,0,2459.0,103.0,,181.0,194.0,11.0,,,,,482.0,,,,,1253.0,,34.46
,,,,,,REGULAR_SEASON,,,,1793.0,,,,Chidi Fairbanks,,,,,,,,,,,,,,,,47.0,,,47.0,,,,,,,,2.0,,,,18.0,,,,,,28.0,,,,,3608.4,12.0,,IND_CB_09,CB,,,,,,,,,85.0,,,0,,,,,,36.0,,,,,,,,,0,2323.0,118.0,,197.0,147.0,11.0,,,,,466.0,,,,,973.0,,26.15
,,,,,,REGULAR_SEASON,,,,74.0,,,,Tiberius Kamara,,,,,,,,,,,,,,,,1.0,,,2.0,,,,,,,,0.0,,,,1.0,,,,,,0.0,,,,,152.1,1.0,,SEA_S_06,S,,,,,,,,,7.0,,,1,,,,,,1.0,,,,,,,,,0,95.0,6.0,,10.0,11.0,0.0,,,,,8.0,,,,,50.0,,1.33
,,,,,,REGULAR_SEASON,,27.0,61.0,,,,47.0,Izaiah Hargrave,17.0,,,,,,,,,,,,,92.0,,,,,50.0,,,,,,,,,,,,,42.0,,,,,,,,,,,,,P100615_WR,WR,,,,,,,,227.0,,13.0,2823.0,0,,1836.0,,628.0,,,,,,,,,,,0,2166.0,,,,394.0,,,,,,450.0,,,1246.0,,,,
,,,,,,REGULAR_SEASON,,,,,,,,Jethro Zaccheaus,,,,,,,,,,,,,,,,,,,9.0,,,2.0,,10.0,,,,,,,,,,,838.9,326.0,,,,,,,7.0,,P100587_OT,OT,,,,,15.0,,,,,,,0,,,21.0,263.0,114.0,,,,,,,3.0,,,0,589.0,,9.0,,,,,,,,74.0,,,,,,,
,,119.0,,,1060.0,REGULAR_SEASON,976.0,,,,162.0,71.0,,Darian Noteboom,,80.0,,,,,,,,,,,,462.0,,,6.0,0.0,47.0,,,,,,,,51.0,,,,,,,1533.0,,,,,,64.0,10233.0,,,387.0,P100863_QB,QB,473.0,187.0,1818.0,,,,,,,,,0,,,,,,,156.0,,636.0,845.0,,,136.0,93.0,0,3011.0,,47.0,,,,,71.0,,66.0,452.0,,,,,,,
,,,,,,REGULAR_SEASON,,,,,,,,Newton Beecham,,,,,,,,,,,,,,,,,,,34.0,,,21.0,,29.0,,,,,,,,,,,3149.9,1239.0,,,,,,,27.0,,ATL_OT_05,OT,,,,,61.0,,,,,,,0,,,104.0,1004.0,401.0,,,,,,,12.0,,,0,2243.0,,34.0,,,,,,,,331.0,,,,,,,
45.0,7.0,,,,,REGULAR_SEASON,,,,,,,,Vance Ironside,,,,,,,,,,,,,,,3.0,,,,29.0,,,,33.0,,,,,,,,7.0,,,,,,,610.0,3.94,,,,6.0,,P100816_DT,DT,,,,56.0,,,20.0,,,,,0,,,,,,44.0,,,,,5.0,,,,0,1074.0,33.0,,78.0,,,15.0,,,,292.0,,,,,,,
,,,265.0,,,REGULAR_SEASON,,,,1669.0,,,,Kenji Ratliff,,,,,,,,,,,,,,,,30.0,,,47.0,,,,,,,,1.0,,,,28.0,,,,,,17.0,,,,,3783.3,11.0,,P100867_LB,LB,,,,39.0,,,,,105.0,,,0,,,,,,32.0,,,,,5.0,,,,0,2171.0,164.0,,260.0,174.0,8.0,36.0,,,,465.0,,,,,1117.0,,31.22
,,,266.0,,,REGULAR_SEASON,,,,1493.0,,,,Trey Panganiban,,,,,,,,,,,,,,,,22.0,,,43.0,,,,,,,,1.0,,,,23.0,,,,,,11.0,,,,,3901.8,19.0,,P100768_LB,LB,,,,27.0,,,,,121.0,,,0,,,,,,28.0,,,,,5.0,,,,0,1941.0,158.0,,249.0,181.0,9.0,29.0,,,,395.0,,,,,1388.0,,40.28
,,,,,,REGULAR_SEASON,,22.0,47.0,,,,26.0,Phineas Buckhalter,13.0,,,,,,,,,,,,,31.0,,,,,45.0,,,,,,,,,,,,,20.0,,,,,,,,,,,,,P100653_WR,WR,,,,,,,,99.0,,5.0,1223.0,0,,1648.0,,566.0,,,,,,,,,,,0,1945.0,,,,196.0,,,,,,425.0,,,428.0,,,,
,,,,,,REGULAR_SEASON,,,,601.0,,,,Ike Brisco,,,,,,,,,,,,,,,,7.0,,,16.0,,,,,,,,1.0,,,,9.0,,,,,,2.0,,,,,1316.0,3.0,,P100723_CB,CB,,,,,,,,,39.0,,,0,,,,,,20.0,,,,,,,,,0,780.0,35.0,,59.0,68.0,4.0,,,,,183.0,,,,,382.0,,10.15
,,,,,,REGULAR_SEASON,,,,152.0,,,,Wyatt Wallenstein,,,,,,,,,,,,,,,,1.0,,,4.0,,,,,,,,0.0,,,,2.0,,,,,,1.0,,,,,326.4,2.0,,P100648_CB,CB,,,,,,,,,5.0,,,0,,,,,,2.0,,,,,,,,,0,198.0,11.0,,18.0,11.0,0.0,,,,,38.0,,,,,103.0,,2.78
,,,,,,REGULAR_SEASON,,35.0,82.0,,,,70.0,Shaquille Sullivan,32.0,,,,,,,,,,,,,97.0,,,,,50.0,,,,,,,,,,,,,16.0,,,,,,,,,,,,,P100722_WR,WR,,,,,,,,238.0,,13.0,2870.0,0,,1839.0,,627.0,,,,,,,,,,,0,2168.0,,,,432.0,,,,,,455.0,,,1189.0,,,,
62.0,11.0,,,,,REGULAR_SEASON,,,,,,,,Kenji Alfaro,,,,,,,,,,,,,,,2.0,,,,44.0,,,,70.0,,,,,,,,10.0,,,,,,,1087.0,6.84,,,,15.0,,P100814_EDGE,EDGE,,,,110.0,,,24.0,,,,,0,,,,,,87.0,,,,,20.0,,,,0,1917.0,44.0,,106.0,,,26.0,,,,424.0,,,,,,,
,,,,11.0,,REGULAR_SEASON,,5.0,9.0,,,,7.0,Errol Donnelly,5.0,,4.0,,,,,,,,,,,17.0,,,1.0,,13.0,,,,,,,,,,,,,6.0,,,,87.0,,,,,,,,,P100235_RB,RB,,,,,6.0,,,46.0,,,541.0,0,,73.0,,17.0,,,55.0,,268.0,,,,,,0,227.0,,,,71.0,,,,,,79.0,,,218.0,144.0,,124.0,
52.0,1.0,,,,,REGULAR_SEASON,,,,,,,,Yosef Sullivan,,,,,,,,,,,,,,,3.0,,,,31.0,,,,39.0,,,,,,,,8.0,,,,,,,671.0,4.63,,,,11.0,,LAR_DT_06,DT,,,,68.0,,,22.0,,,,,0,,,,,,63.0,,,,,9.0,,,,0,1179.0,48.0,,100.0,,,15.0,,,,308.0,,,,,,,
,,,,,,REGULAR_SEASON,,,,,,,,Hamza Boateng,,,,74.0,20.0,15.0,15.0,16.0,59.0,18.0,12.0,10.0,12.0,,,,,,47.0,,3.0,,,,,,,181.0,,1613.0,,,,,,,,,,,,,,,P100794_K,K,,,,,,,,,,,,0,,,,,,,,,,,,,,,0,282.0,,,,,,,,101.0,,432.0,89.0,84.0,,,,,
,,,229.0,,,REGULAR_SEASON,,,,1280.0,,,,Garrett Mortenson,,,,,,,,,,,,,,,,22.0,,,37.0,,,,,,,,2.0,,,,19.0,,,,,,14.0,,,,,3348.6,9.0,,GB_LB_05,LB,,,,23.0,,,,,92.0,,,0,,,,,,27.0,,,,,2.0,,,,0,1665.0,139.0,,216.0,145.0,13.0,30.0,,,,364.0,,,,,1124.0,,32.45
,,,,,,REGULAR_SEASON,,,,,,,,Bronson Pettaway,,,,,,,,,,,,,,,,,,,43.0,6679.0,,,,,24.0,52.0,,,2336.0,,,,6095.0,,,,,,,,,,,,DEN_P_02,P,,,,,,144.0,,,,,,0,584.0,,,,,,,,,,,,,,0,215.0,,,,,,,,10.0,,449.0,,,,,,,
,,,,,,REGULAR_SEASON,,,,1001.0,,,,Heath Swearinger,,,,,,,,,,,,,,,,16.0,,,26.0,,,,,,,,1.0,,,,11.0,,,,,,9.0,,,,,2112.1,4.0,,P100659_CB,CB,,,,,,,,,60.0,,,0,,,,,,12.0,,,,,,,,,0,1297.0,62.0,,103.0,104.0,6.0,,,,,221.0,,,,,641.0,,16.89
,,,,,,REGULAR_SEASON,,,,161.0,,,,Yannick Glenn,,,,,,,,,,,,,,,,2.0,,,4.0,,,,,,,,0.0,,,,1.0,,,,,,0.0,,,,,457.4,2.0,,P100796_S,S,,,,,,,,,19.0,,,0,,,,,,2.0,,,,,,,,,0,208.0,10.0,,16.0,20.0,0.0,,,,,29.0,,,,,235.0,,5.91
,,,,,,REGULAR_SEASON,,43.0,74.0,,,,53.0,Deshaun Landry,13.0,,,,,,,,,,,,,94.0,,,,,43.0,,,,,,,,,,,,,31.0,,,,,,,,,,,,,P100643_WR,WR,,,,,,,,219.0,,14.0,2668.0,0,,1605.0,,552.0,,,,,,,,,,,0,1896.0,,,,375.0,,,,,,419.0,,,1102.0,,,,
,,,,,,REGULAR_SEASON,,1.0,4.0,,,,1.0,Declan Bledsoe,0.0,,,,,,,,,,,,,0.0,,,,,25.0,,,,,,,,,,,,,3.0,,,,,,,,,,,,,P100849_TE,TE,,,,,,,,23.0,,,362.0,1,,861.0,,296.0,,,,,,,,,,,0,1019.0,,,,46.0,,,,,,243.0,,,135.0,,,,
,,,,,,REGULAR_SEASON,,,,,,,,Randall Ellington,,,,,,,,,,,,,,,,,,,4.0,,,1.0,,5.0,,,,,,,,,,,373.5,152.0,,,,,,,1.0,,P100715_OG,OG,,,,,7.0,,,,,,,0,,,15.0,124.0,46.0,,,,,,,1.0,,,0,276.0,,4.0,,,,,,,,23.0,,,,,,,
,,,198.0,,,REGULAR_SEASON,,,,1283.0,,,,Talon Harkness,,,,,,,,,,,,,,,,22.0,,,36.0,,,,,,,,1.0,,,,11.0,,,,,,14.0,,,,,3205.6,14.0,,DET_LB_06,LB,,,,28.0,,,,,91.0,,,0,,,,,,30.0,,,,,1.0,,,,0,1670.0,113.0,,183.0,144.0,5.0,32.0,,,,353.0,,,,,1084.0,,30.25
,,,,,,REGULAR_SEASON,,,,742.0,,,,Fenwick Sokolowski,,,,,,,,,,,,,,,,11.0,,,20.0,,,,,,,,3.0,,,,9.0,,,,,,4.0,,,,,1520.6,8.0,,P100751_CB,CB,,,,,,,,,45.0,,,1,,,,,,8.0,,,,,,,,,0,961.0,43.0,,76.0,74.0,2.0,,,,,172.0,,,,,512.0,,13.99
,,,,,,REGULAR_SEASON,,,,,,,,Hudson Garrison,,,,,,,,,,,,,,,,,,,17.0,2744.0,,,,,12.0,25.0,,,928.0,,,,2480.0,,,,,,,,,,,,JAX_P_02,P,,,,,,60.0,,,,,,1,264.0,,,,,,,,,,,,,,0,85.0,,,,,,,,2.0,,185.0,,,,,,,
,,,,,,REGULAR_SEASON,,,,,,,,Auden Klemm,,,,,,,,,,,,,,,,,,,36.0,,,12.0,,31.0,,,,,,,,,,,3423.4,1289.0,,,,,,,25.0,,P100660_OT,OT,,,,,48.0,,,,,,,0,,,94.0,1044.0,431.0,,,,,,,6.0,,,0,2333.0,,36.0,,,,,,,,344.0,,,,,,,
40.0,5.0,,,,,REGULAR_SEASON,,,,,,,,Ellis Tuanigamanuolepola,,,,,,,,,,,,,,,1.0,,,,29.0,,,,31.0,,,,,,,,6.0,,,,,,,720.0,3.8,,,,5.0,,P100663_EDGE,EDGE,,,,55.0,,,19.0,,,,,0,,,,,,41.0,,,,,9.0,,,,0,1267.0,26.0,,66.0,,,8.0,,,,287.0,,,,,,,
,,,,,,REGULAR_SEASON,,1.0,4.0,,,,8.0,Warner Okorafor,2.0,,,,,,,,,,,,,1.0,,,,,11.0,,,,,,,,,,,,,2.0,,,,,,,,,,,,,P100675_WR,WR,,,,,,,,12.0,,,196.0,0,,410.0,,139.0,,,,,,,,,,,0,484.0,,,,28.0,,,,,,88.0,,,78.0,,,,
,,,,,,REGULAR_SEASON,,5.0,20.0,,,,14.0,Colton McCandless,7.0,,,,,,,,,,,,,24.0,,,,,30.0,,,,,,,,,,,,,10.0,,,,,,,,,,,,,P100516_WR,WR,,,,,,,,71.0,,2.0,943.0,0,,1098.0,,375.0,,,,,,,,,,,0,1296.0,,,,125.0,,,,,,253.0,,,383.0,,,,
52.0,4.0,,,,,REGULAR_SEASON,,,,,,,,Gage Kemper,,,,,,,,,,,,,,,0.0,,,,35.0,,,,39.0,,,,,,,,9.0,,,,,,,749.0,4.26,,,,12.0,,LAC_DT_06,DT,,,,60.0,,,18.0,,,,,0,,,,,,40.0,,,,,6.0,,,,0,1320.0,45.0,,97.0,,,18.0,,,,302.0,,,,,,,
3.0,0.0,,,,,REGULAR_SEASON,,,,,,,,Torin Cromartie,,,,,,,,,,,,,,,0.0,,,,2.0,,,,3.0,,,,,,,,0.0,,,,,,,36.0,0.2,,,,0.0,,P100159_DT,DT,,,,3.0,,,0.0,,,,,1,,,,,,5.0,,,,,0.0,,,,0,63.0,2.0,,5.0,,,5.0,,,,10.0,,,,,,,
,,,,,,REGULAR_SEASON,,14.0,30.0,,,,20.0,Harlan Shattuck,9.0,,,,,,,,,,,,,33.0,,,,,19.0,,,,,,,,,,,,,8.0,,,,,,,,,,,,,NYJ_WR_07,WR,,,,,,,,93.0,,4.0,1097.0,0,,697.0,,239.0,,,,,,,,,,,0,821.0,,,,165.0,,,,,,193.0,,,440.0,,,,
,,,,,,REGULAR_SEASON,,,,,,,,Killian Dettmer,,,,,,,,,,,,,,,,,,,14.0,,,6.0,,17.0,,,,,,,,,,,1296.2,507.0,,,,,,,11.0,,P100288_OT,OT,,,,,27.0,,,,,,,0,,,38.0,413.0,146.0,,,,,,,4.0,,,0,920.0,,14.0,,,,,,,,160.0,,,,,,,
,,,,,,REGULAR_SEASON,,1.0,9.0,,,,6.0,Mateo Melchior,2.0,,,,,,,,,,,,,0.0,,,,,26.0,,,,,,,,,,,,,9.0,,,,,,,,,,,,,P100629_TE,TE,,,,,,,,25.0,,,348.0,0,,883.0,,300.0,,,,,,,,,,,0,1042.0,,,,48.0,,,,,,262.0,,,130.0,,,,
,,,,,,REGULAR_SEASON,,,,,,,,Barrett Sweatman,,,,,,,,,,,,,,,,,,,17.0,,,9.0,,28.0,,,,,,,,,,,1546.1,608.0,,,,,,,11.0,,P100641_OT,OT,,,,,42.0,,,,,,,0,,,58.0,494.0,176.0,,,,,,,5.0,,,0,1102.0,,17.0,,,,,,,,194.0,,,,,,,
69.0,7.0,,,,,REGULAR_SEASON,,,,,,,,Draven Aguilar,,,,,,,,,,,,,,,2.0,,,,49.0,,,,84.0,,,,,,,,10.0,,,,,,,1221.0,8.37,,,,10.0,,P100707_EDGE,EDGE,,,,154.0,,,45.0,,,,,0,,,,,,122.0,,,,,28.0,,,,0,2155.0,51.0,,120.0,,,26.0,,,,485.0,,,,,,,
14.0,1.0,,,,,REGULAR_SEASON,,,,,,,,Lennon Threadgill,,,,,,,,,,,,,,,0.0,,,,10.0,,,,11.0,,,,,,,,0.0,,,,,,,207.0,1.36,,,,2.0,,CAR_DT_06,DT,,,,17.0,,,3.0,,,,,0,,,,,,13.0,,,,,3.0,,,,0,365.0,13.0,,27.0,,,3.0,,,,70.0,,,,,,,
,,,,40.0,,REGULAR_SEASON,,36.0,79.0,,,,73.0,Ferris Zimmerman,22.0,,28.0,,,,,,,,,,,138.0,,,3.0,,50.0,,,,,,,,,,,,,12.0,,,,294.0,,,,,,,,,P100385_RB,RB,,,,,26.0,,,303.0,,,3638.0,0,,342.0,,83.0,,,411.0,1.0,1812.0,,,,,,0,1035.0,,,,492.0,,,,,,491.0,,,1454.0,796.0,,1038.0,
,,,,,,REGULAR_SEASON,,,,,,,,Landry Granderson,,,,,,,,,,,,,,,,,,,14.0,,,10.0,,16.0,,,,,,,,,,,1276.0,504.0,,,,,,,6.0,,P100408_OG,OG,,,,,30.0,,,,,,,0,,,38.0,411.0,162.0,,,,,,,6.0,,,0,915.0,,14.0,,,,,,,,140.0,,,,,,,
,,,,,,REGULAR_SEASON,,,,,,,,Knox Madubuike,,,,,,,,,,,,,,,,,,,44.0,7294.0,,,,,22.0,62.0,,,2441.0,,,,6662.0,,,,,,,,,,,,P100746_P,P,,,,,,155.0,,,,,,0,632.0,,,,,,,,,,,,,,0,220.0,,,,,,,,16.0,,447.0,,,,,,,
,,14.0,,,129.0,REGULAR_SEASON,115.0,,,,18.0,6.0,,Santiago Judkins,,7.0,,,,,,,,,,,,51.0,,,0.0,0.0,6.0,,,,,,,,3.0,,,,,,,196.0,,,,,,7.0,1107.0,,,52.0,P100736_QB,QB,67.0,22.0,194.0,,,,,,,,,0,,,,,,,16.0,,47.0,108.0,,,19.0,7.0,0,388.0,,6.0,,,,,15.0,,11.0,43.0,,,,,,,
,,14.0,,,235.0,REGULAR_SEASON,221.0,,,,35.0,16.0,,Mikael Butterworth,,9.0,,,,,,,,,,,,101.0,,,1.0,0.0,10.0,,,,,,,,8.0,,,,,,,344.0,,,,,,8.0,2278.0,,,95.0,P100370_QB,QB,109.0,48.0,461.0,,,,,,,,,0,,,,,,,42.0,,245.0,133.0,,,19.0,21.0,0,625.0,,10.0,,,,,21.0,,19.0,111.0,,,,,,,
,,,,,,REGULAR_SEASON,,22.0,49.0,,,,34.0,Roderick Salvador,10.0,,,,,,,,,,,,,48.0,,,,,41.0,,,,,,,,,,,,,26.0,,,,,,,,,,,,,P100720_TE,TE,,,,,,,,131.0,,,1709.0,0,,1382.0,,473.0,,,,,,,,,,,0,1633.0,,,,256.0,,,,,,449.0,,,682.0,,,,
,,,,,,REGULAR_SEASON,,10.0,25.0,,,,11.0,Rafferty Zamora,11.0,,,,,,,,,,,,,10.0,,,,,51.0,,,,,,,,,,,,,20.0,,,,,,,,,,,,,P100692_TE,TE,,,,,,,,62.0,,,908.0,0,,1710.0,,587.0,,,,,,,,,,,0,2022.0,,,,124.0,,,,,,509.0,,,355.0,,,,
20.0,1.0,,,,,REGULAR_SEASON,,,,,,,,Deshaun Arceneaux,,,,,,,,,,,,,,,1.0,,,,14.0,,,,31.0,,,,,,,,3.0,,,,,,,353.0,2.46,,,,5.0,,P100698_EDGE,EDGE,,,,47.0,,,9.0,,,,,0,,,,,,38.0,,,,,7.0,,,,0,620.0,17.0,,37.0,,,6.0,,,,140.0,,,,,,,
69.0,9.0,,,,,REGULAR_SEASON,,,,,,,,Obadiah Oduya,,,,,,,,,,,,,,,3.0,,,,48.0,,,,59.0,,,,,,,,16.0,,,,,,,1153.0,6.5,,,,14.0,,P100316_EDGE,EDGE,,,,95.0,,,30.0,,,,,0,,,,,,70.0,,,,,8.0,,,,0,2031.0,53.0,,122.0,,,16.0,,,,489.0,,,,,,,
,,,,,,REGULAR_SEASON,,,,1418.0,,,,Tucker Ackerley,,,,,,,,,,,,,,,,23.0,,,37.0,,,,,,,,3.0,,,,23.0,,,,,,6.0,,,,,3397.6,16.0,,P100836_CB,CB,,,,,,,,,122.0,,,0,,,,,,26.0,,,,,,,,,0,1837.0,89.0,,151.0,183.0,6.0,,,,,373.0,,,,,1539.0,,40.84
,,,266.0,,,REGULAR_SEASON,,,,1630.0,,,,Sable Thistlewood,,,,,,,,,,,,,,,,34.0,,,46.0,,,,,,,,2.0,,,,19.0,,,,,,18.0,,,,,3607.7,7.0,,P100890_LB,LB,,,,22.0,,,,,89.0,,,0,,,,,,32.0,,,,,6.0,,,,0,2117.0,155.0,,246.0,158.0,8.0,26.0,,,,443.0,,,,,1026.0,,29.49
,,,,,,REGULAR_SEASON,,,,,,,,Lowell Parham,,,,17.0,2.0,3.0,5.0,6.0,16.0,2.0,3.0,4.0,6.0,,,,,,10.0,,0.0,,,,,,,44.0,,371.0,,,,,,,,,,,,,,,DEN_K_02,K,,,,,,,,,,,,0,,,,,,,,,,,,,,,0,60.0,,,,,,,,28.0,,114.0,22.0,22.0,,,,,
,,,,,,REGULAR_SEASON,,,,1212.0,,,,Shepard Castellan,,,,,,,,,,,,,,,,21.0,,,30.0,,,,,,,,0.0,,,,21.0,,,,,,9.0,,,,,2601.4,7.0,,SF_S_07,S,,,,,,,,,81.0,,,0,,,,,,23.0,,,,,,,,,0,1569.0,73.0,,122.0,132.0,7.0,,,,,309.0,,,,,865.0,,21.04
,,,,,,REGULAR_SEASON,,18.0,30.0,,,,11.0,Trace Chenoweth,5.0,,,,,,,,,,,,,21.0,,,,,38.0,,,,,,,,,,,,,19.0,,,,,,,,,,,,,P100401_WR,WR,,,,,,,,80.0,,3.0,1050.0,0,,1379.0,,471.0,,,,,,,,,,,0,1628.0,,,,156.0,,,,,,346.0,,,410.0,,,,
,,,,60.0,,REGULAR_SEASON,,54.0,114.0,,,,92.0,Vince Carrington,27.0,,24.0,,,,,,,,,,,184.0,,,3.0,,48.0,,,,,,,,,,,,,24.0,,,,257.0,,,,,,,,,P100654_RB,RB,,,,,27.0,,,409.0,,,4459.0,0,,369.0,,92.0,,,499.0,3.0,2077.0,,,,,,0,1116.0,,,,620.0,,,,,,496.0,,,1713.0,863.0,,1234.0,
,,,,,,REGULAR_SEASON,,,,,,,,Odell Kelleher,,,,,,,,,,,,,,,,,,,27.0,,,8.0,,33.0,,,,,,,,,,,2441.1,979.0,,,,,,,17.0,,GB_OT_03,OT,,,,,56.0,,,,,,,1,,,88.0,794.0,327.0,,,,,,,15.0,,,0,1773.0,,27.0,,,,,,,,258.0,,,,,,,
,,,,,,REGULAR_SEASON,,,,1245.0,,,,Rashad Eldridge,,,,,,,,,,,,,,,,22.0,,,32.0,,,,,,,,1.0,,,,12.0,,,,,,12.0,,,,,2620.7,5.0,,NO_S_03,S,,,,,,,,,68.0,,,1,,,,,,18.0,,,,,,,,,0,1617.0,69.0,,114.0,120.0,6.0,,,,,336.0,,,,,798.0,,20.49
57.0,5.0,,,,,REGULAR_SEASON,,,,,,,,Barnes Ulbrich,,,,,,,,,,,,,,,2.0,,,,43.0,,,,48.0,,,,,,,,11.0,,,,,,,910.0,5.02,,,,7.0,,P100758_DT,DT,,,,64.0,,,13.0,,,,,0,,,,,,52.0,,,,,5.0,,,,0,1609.0,45.0,,102.0,,,18.0,,,,413.0,,,,,,,
53.0,3.0,,,,,REGULAR_SEASON,,,,,,,,Buck Fraley,,,,,,,,,,,,,,,5.0,,,,33.0,,,,36.0,,,,,,,,9.0,,,,,,,829.0,4.21,,,,9.0,,GB_EDGE_07,EDGE,,,,65.0,,,22.0,,,,,0,,,,,,51.0,,,,,8.0,,,,0,1462.0,45.0,,98.0,,,14.0,,,,352.0,,,,,,,
,,,,,,REGULAR_SEASON,,6.0,15.0,,,,11.0,Kareem Fetterman,6.0,,,,,,,,,,,,,11.0,,,,,28.0,,,,,,,,,,,,,10.0,,,,,,,,,,,,,P100741_WR,WR,,,,,,,,48.0,,1.0,596.0,0,,1048.0,,359.0,,,,,,,,,,,0,1235.0,,,,89.0,,,,,,312.0,,,247.0,,,,
,,5.0,,,112.0,REGULAR_SEASON,94.0,,,,18.0,3.0,,Jaden Schmitz,,10.0,,,,,,,,,,,,41.0,,,1.0,1.0,5.0,,,,,,,,6.0,,,,,,,156.0,,,,,,5.0,826.0,,,41.0,P100084_QB,QB,44.0,14.0,121.0,,,,,,,,,0,,,,,,,16.0,,91.0,127.0,,,19.0,9.0,0,326.0,,5.0,,,,,7.0,,16.0,43.0,,,,,,,
,,,,,,REGULAR_SEASON,,17.0,49.0,,,,43.0,Zane Aubert,12.0,,,,,,,,,,,,,65.0,,,,,36.0,,,,,,,,,,,,,22.0,,,,,,,,,,,,,P100762_WR,WR,,,,,,,,164.0,,8.0,1938.0,0,,1374.0,,471.0,,,,,,,,,,,0,1621.0,,,,282.0,,,,,,358.0,,,774.0,,,,
,,,,,,REGULAR_SEASON,,,,,,,,Lazaro Humphries,,,,,,,,,,,,,,,,,,,23.0,3543.0,,,,,10.0,25.0,,,1236.0,,,,3143.0,,,,,,,,,,,,P100761_P,P,,,,,,77.0,,,,,,0,400.0,,,,,,,,,,,,,,0,115.0,,,,,,,,1.0,,191.0,,,,,,,
,,,,,,REGULAR_SEASON,,9.0,20.0,,,,11.0,Maxton Montgomery,3.0,,,,,,,,,,,,,16.0,,,,,36.0,,,,,,,,,,,,,15.0,,,,,,,,,,,,,P100840_TE,TE,,,,,,,,59.0,,,825.0,0,,1208.0,,415.0,,,,,,,,,,,0,1427.0,,,,103.0,,,,,,345.0,,,352.0,,,,
,,126.0,,,1046.0,REGULAR_SEASON,1018.0,,,,171.0,73.0,,Vance Dungy,,71.0,,,,,,,,,,,,484.0,,,7.0,5.0,47.0,,,,,,,,38.0,,,,,,,1544.0,,,,,,61.0,11247.0,,,375.0,P100866_QB,QB,498.0,209.0,1947.0,,,,,,,,,0,,,,,,,177.0,,687.0,628.0,,,97.0,115.0,0,2968.0,,47.0,,,,,83.0,,74.0,472.0,,,,,,,
,,,,,,REGULAR_SEASON,,,,,,,,Gaspard Tuanigamanuolepola,,,,,,,,,,,,,,,,,,,39.0,,,17.0,,50.0,,,,,,,,,,,3631.7,1379.0,,,,,,,23.0,,P100888_OG,OG,,,,,74.0,,,,,,,0,,,85.0,1118.0,477.0,,,,,,,8.0,,,0,2497.0,,39.0,,,,,,,,352.0,,,,,,,
,,,,,,REGULAR_SEASON,,2.0,3.0,,,,2.0,Sawyer Langford,3.0,,,,,,,,,,,,,1.0,,,,,5.0,,,,,,,,,,,,,2.0,,,,,,,,,,,,,P100609_WR,WR,,,,,,,,8.0,,1.0,107.0,0,,185.0,,63.0,,,,,,,,,,,0,218.0,,,,15.0,,,,,,39.0,,,35.0,,,,
,,,,,,REGULAR_SEASON,,,,695.0,,,,Murphy Cromartie,,,,,,,,,,,,,,,,9.0,,,19.0,,,,,,,,2.0,,,,7.0,,,,,,3.0,,,,,1444.5,7.0,,P100782_CB,CB,,,,,,,,,50.0,,,0,,,,,,12.0,,,,,,,,,0,899.0,41.0,,72.0,84.0,2.0,,,,,157.0,,,,,574.0,,16.13
,,,,,,REGULAR_SEASON,,1.0,4.0,,,,4.0,Sterling Dubois,2.0,,,,,,,,,,,,,0.0,,,,,16.0,,,,,,,,,,,,,6.0,,,,,,,,,,,,,P100358_WR,WR,,,,,,,,16.0,,,270.0,0,,580.0,,198.0,,,,,,,,,,,0,686.0,,,,34.0,,,,,,157.0,,,104.0,,,,
,,,,,,REGULAR_SEASON,,1.0,6.0,,,,2.0,Killian Levasseur,0.0,,,,,,,,,,,,,2.0,,,,,11.0,,,,,,,,,,,,,7.0,,,,,,,,,,,,,DEN_WR_05,WR,,,,,,,,14.0,,,219.0,1,,416.0,,142.0,,,,,,,,,,,0,491.0,,,,30.0,,,,,,121.0,,,78.0,,,,
,,,,,,REGULAR_SEASON,,1.0,3.0,,,,2.0,Kieran Carmody,0.0,,,,,,,,,,,,,0.0,,,,,9.0,,,,,,,,,,,,,4.0,,,,,,,,,,,,,P100813_WR,WR,,,,,,,,10.0,,,174.0,0,,336.0,,116.0,,,,,,,,,,,0,395.0,,,,18.0,,,,,,61.0,,,72.0,,,,
,,,,,,REGULAR_SEASON,,0.0,1.0,,,,1.0,Halsey Tegeler,0.0,,,,,,,,,,,,,0.0,,,,,3.0,,,,,,,,,,,,,2.0,,,,,,,,,,,,,KC_WR_07,WR,,,,,,,,3.0,,,43.0,1,,106.0,,36.0,,,,,,,,,,,0,125.0,,,,6.0,,,,,,23.0,,,11.0,,,,
,,0.0,,,28.0,REGULAR_SEASON,31.0,,,,1.0,1.0,,Zeke Ugwoegbu,,0.0,,,,,,,,,,,,15.0,,,0.0,0.0,1.0,,,,,,,,2.0,,,,,,,38.0,,,,,,3.0,321.0,,,11.0,NYJ_QB_03,QB,10.0,4.0,52.0,,,,,,,,,1,,,,,,,6.0,,17.0,31.0,,,4.0,4.0,0,64.0,,1.0,,,,,3.0,,3.0,7.0,,,,,,,
,,,,,,REGULAR_SEASON,,,,,,,,Atticus Moehrig,,,,,,,,,,,,,,,,,,,3.0,,,2.0,,4.0,,,,,,,,,,,264.7,110.0,,,,,,,2.0,,P100444_C,C,,,,,8.0,,,,,,,0,,,11.0,89.0,35.0,,,,,,,2.0,,,0,199.0,,3.0,,,,,,,,25.0,,,,,,,
,,,,,,REGULAR_SEASON,,,,,,,,Emeka Rudolph,,,,,,,,,,,,,,,,,,,47.0,,,22.0,,52.0,,,,,,,,,,,4386.7,1747.0,,,,,,,34.0,,P100870_OG,OG,,,,,83.0,,,,,,,0,,,137.0,1415.0,591.0,,,,,,,13.0,,,0,3162.0,,47.0,,,,,,,,467.0,,,,,,,
,,,95.0,,,REGULAR_SEASON,,,,544.0,,,,Uriah Ulbrich,,,,,,,,,,,,,,,,9.0,,,16.0,,,,,,,,1.0,,,,13.0,,,,,,5.0,,,,,1453.1,2.0,,ATL_LB_06,LB,,,,20.0,,,,,39.0,,,0,,,,,,16.0,,,,,3.0,,,,0,709.0,61.0,,95.0,64.0,4.0,14.0,,,,167.0,,,,,453.0,,13.68
,,,,,,REGULAR_SEASON,,8.0,25.0,,,,24.0,Ollie Bledsoe,8.0,,,,,,,,,,,,,21.0,,,,,45.0,,,,,,,,,,,,,22.0,,,,,,,,,,,,,P100484_WR,WR,,,,,,,,86.0,,3.0,1263.0,0,,1648.0,,564.0,,,,,,,,,,,0,1943.0,,,,162.0,,,,,,452.0,,,547.0,,,,
,,,,,,REGULAR_SEASON,,,,,,,,Trace Tavai,,,,,,,,,,,,,,,,,,,33.0,,,14.0,,31.0,,,,,,,,,,,3041.6,1194.0,,,,,,,19.0,,P100709_OG,OG,,,,,58.0,,,,,,,0,,,84.0,969.0,411.0,,,,,,,15.0,,,0,2163.0,,33.0,,,,,,,,284.0,,,,,,,
,,,,,,REGULAR_SEASON,,,,,,,,Josiah Belanger,,,,,,,,,,,,,,,,,,,3.0,,,2.0,,9.0,,,,,,,,,,,250.3,108.0,,,,,,,1.0,,P100455_OT,OT,,,,,13.0,,,,,,,1,,,9.0,87.0,34.0,,,,,,,2.0,,,0,195.0,,3.0,,,,,,,,30.0,,,,,,,
,,12.0,,,108.0,REGULAR_SEASON,92.0,,,,17.0,7.0,,Legend Renfrow,,8.0,,,,,,,,,,,,44.0,,,1.0,1.0,5.0,,,,,,,,3.0,,,,,,,161.0,,,,,,6.0,1095.0,,,40.0,P100553_QB,QB,53.0,20.0,189.0,,,,,,,,,0,,,,,,,20.0,,91.0,110.0,,,16.0,14.0,0,302.0,,5.0,,,,,14.0,,11.0,52.0,,,,,,,
,,,,,,REGULAR_SEASON,,,,,,,,Kenyon Jelks,,,,,,,,,,,,,,,,,,,1.0,,,1.0,,0.0,,,,,,,,,,,91.2,40.0,,,,,,,0.0,,SEA_OG_02,OG,,,,,1.0,,,,,,,0,,,0.0,33.0,17.0,,,,,,,1.0,,,0,73.0,,1.0,,,,,,,,10.0,,,,,,,
,,,,,,REGULAR_SEASON,,,,312.0,,,,Seamus Hammersley,,,,,,,,,,,,,,,,3.0,,,8.0,,,,,,,,0.0,,,,4.0,,,,,,3.0,,,,,753.2,2.0,,P100702_CB,CB,,,,,,,,,24.0,,,0,,,,,,7.0,,,,,,,,,0,404.0,24.0,,37.0,36.0,1.0,,,,,106.0,,,,,310.0,,8.08
,,,,,,REGULAR_SEASON,,,,,,,,Keegan Heggins,,,,,,,,,,,,,,,,,,,16.0,,,5.0,,22.0,,,,,,,,,,,1514.4,567.0,,,,,,,12.0,,P100438_OT,OT,,,,,28.0,,,,,,,0,,,45.0,461.0,184.0,,,,,,,1.0,,,0,1028.0,,16.0,,,,,,,,173.0,,,,,,,
,,,,,,REGULAR_SEASON,,,,322.0,,,,Riordan Boateng,,,,,,,,,,,,,,,,0.0,,,8.0,,,,,,,,0.0,,,,2.0,,,,,,0.0,,,,,803.2,2.0,,P100645_S,S,,,,,,,,,26.0,,,0,,,,,,4.0,,,,,,,,,0,417.0,16.0,,30.0,35.0,3.0,,,,,111.0,,,,,349.0,,8.73
,,,,,,REGULAR_SEASON,,,,,,,,Keon Deakins,,,,,,,,,,,,,,,,,,,12.0,,,5.0,,19.0,,,,,,,,,,,1107.2,437.0,,,,,,,13.0,,P100779_OG,OG,,,,,27.0,,,,,,,0,,,36.0,356.0,118.0,,,,,,,3.0,,,0,793.0,,12.0,,,,,,,,141.0,,,,,,,
,,,,,,REGULAR_SEASON,,,,1193.0,,,,Creed Linscomb,,,,,,,,,,,,,,,,18.0,,,31.0,,,,,,,,0.0,,,,11.0,,,,,,5.0,,,,,2819.1,10.0,,P100893_CB,CB,,,,,,,,,93.0,,,0,,,,,,19.0,,,,,,,,,0,1547.0,59.0,,102.0,139.0,6.0,,,,,309.0,,,,,1068.0,,28.41
,,,,,,REGULAR_SEASON,,,,,,,,Miller Ochoa,,,,,,,,,,,,,,,,,,,8.0,,,5.0,,13.0,,,,,,,,,,,730.6,287.0,,,,,,,6.0,,P100668_OG,OG,,,,,20.0,,,,,,,0,,,22.0,234.0,86.0,,,,,,,2.0,,,0,521.0,,8.0,,,,,,,,101.0,,,,,,,
,,,,,,REGULAR_SEASON,,,,890.0,,,,Pascal Bedard,,,,,,,,,,,,,,,,8.0,,,23.0,,,,,,,,1.0,,,,12.0,,,,,,3.0,,,,,2340.8,12.0,,P100611_CB,CB,,,,,,,,,75.0,,,0,,,,,,14.0,,,,,,,,,0,1154.0,58.0,,96.0,108.0,10.0,,,,,247.0,,,,,871.0,,23.04
5.0,0.0,,,,,REGULAR_SEASON,,,,,,,,Fritz Wilkerson,,,,,,,,,,,,,,,0.0,,,,3.0,,,,2.0,,,,,,,,1.0,,,,,,,59.0,0.39,,,,0.0,,P100051_DT,DT,,,,4.0,,,0.0,,,,,0,,,,,,4.0,,,,,2.0,,,,0,104.0,4.0,,9.0,,,0.0,,,,38.0,,,,,,,
,,,,,,REGULAR_SEASON,,4.0,8.0,,,,3.0,Axel Kinlaw,1.0,,,,,,,,,,,,,2.0,,,,,21.0,,,,,,,,,,,,,7.0,,,,,,,,,,,,,ATL_WR_07,WR,,,,,,,,23.0,,,378.0,0,,788.0,,270.0,,,,,,,,,,,0,931.0,,,,45.0,,,,,,203.0,,,146.0,,,,
,,,,,,REGULAR_SEASON,,,,,,,,Galen Owusu,,,,,,,,,,,,,,,,,,,4.0,,,1.0,,2.0,,,,,,,,,,,380.2,135.0,,,,,,,4.0,,P100433_C,C,,,,,4.0,,,,,,,0,,,10.0,112.0,41.0,,,,,,,1.0,,,0,247.0,,4.0,,,,,,,,50.0,,,,,,,
,,,176.0,,,REGULAR_SEASON,,,,1092.0,,,,Mekai Piscopo,,,,,,,,,,,,,,,,17.0,,,31.0,,,,,,,,4.0,,,,10.0,,,,,,7.0,,,,,2421.7,8.0,,P100015_LB,LB,,,,18.0,,,,,64.0,,,0,,,,,,19.0,,,,,1.0,,,,0,1417.0,111.0,,175.0,115.0,5.0,30.0,,,,306.0,,,,,719.0,,20.37
3.0,1.0,,,,,REGULAR_SEASON,,,,,,,,Corbin Claiborne,,,,,,,,,,,,,,,0.0,,,,2.0,,,,4.0,,,,,,,,1.0,,,,,,,45.0,0.35,,,,3.0,,P100570_DT,DT,,,,6.0,,,2.0,,,,,0,,,,,,6.0,,,,,0.0,,,,0,78.0,3.0,,6.0,,,1.0,,,,28.0,,,,,,,
21.0,2.0,,,,,REGULAR_SEASON,,,,,,,,Peyton Bonner,,,,,,,,,,,,,,,1.0,,,,14.0,,,,16.0,,,,,,,,3.0,,,,,,,343.0,1.51,,,,2.0,,HOU_EDGE_06,EDGE,,,,23.0,,,6.0,,,,,1,,,,,,17.0,,,,,3.0,,,,0,603.0,16.0,,37.0,,,7.0,,,,119.0,,,,,,,
33.0,3.0,,,,,REGULAR_SEASON,,,,,,,,Walker Fulmer,,,,,,,,,,,,,,,2.0,,,,21.0,,,,24.0,,,,,,,,11.0,,,,,,,456.0,2.65,,,,0.0,,P100789_DT,DT,,,,33.0,,,5.0,,,,,0,,,,,,27.0,,,,,5.0,,,,0,805.0,32.0,,65.0,,,6.0,,,,237.0,,,,,,,
34.0,2.0,,,,,REGULAR_SEASON,,,,,,,,Bronson Boone,,,,,,,,,,,,,,,3.0,,,,25.0,,,,26.0,,,,,,,,10.0,,,,,,,521.0,2.98,,,,7.0,,P100825_DT,DT,,,,41.0,,,8.0,,,,,0,,,,,,29.0,,,,,9.0,,,,0,922.0,27.0,,61.0,,,12.0,,,,257.0,,,,,,,
,,,,,,REGULAR_SEASON,,1.0,4.0,,,,5.0,Khalil Kamara,2.0,,,,,,,,,,,,,6.0,,,,,8.0,,,,,,,,,,,,,1.0,,,,,,,,,,,,,P100317_WR,WR,,,,,,,,19.0,,2.0,267.0,1,,283.0,,97.0,,,,,,,,,,,0,332.0,,,,31.0,,,,,,78.0,,,102.0,,,,
,,,,,,REGULAR_SEASON,,,,721.0,,,,Winston Rudolph,,,,,,,,,,,,,,,,7.0,,,19.0,,,,,,,,1.0,,,,6.0,,,,,,2.0,,,,,1474.6,3.0,,P100774_CB,CB,,,,,,,,,49.0,,,0,,,,,,17.0,,,,,,,,,0,937.0,40.0,,70.0,82.0,1.0,,,,,169.0,,,,,513.0,,13.25
,,,,,,REGULAR_SEASON,,,,,,,,Randall Jorgensen,,,,,,,,,,,,,,,,,,,32.0,,,11.0,,51.0,,,,,,,,,,,2940.9,1161.0,,,,,,,17.0,,DEN_OT_05,OT,,,,,70.0,,,,,,,0,,,116.0,942.0,344.0,,,,,,,9.0,,,0,2103.0,,32.0,,,,,,,,287.0,,,,,,,
,,,,,,REGULAR_SEASON,,,,1138.0,,,,Milo McCandless,,,,,,,,,,,,,,,,19.0,,,30.0,,,,,,,,3.0,,,,9.0,,,,,,11.0,,,,,2579.9,11.0,,P100871_CB,CB,,,,,,,,,69.0,,,0,,,,,,21.0,,,,,,,,,0,1478.0,67.0,,114.0,105.0,4.0,,,,,308.0,,,,,908.0,,23.94
44.0,8.0,,,,,REGULAR_SEASON,,,,,,,,Ike Underwood,,,,,,,,,,,,,,,4.0,,,,32.0,,,,53.0,,,,,,,,10.0,,,,,,,822.0,4.7,,,,12.0,,P100719_EDGE,EDGE,,,,87.0,,,28.0,,,,,0,,,,,,52.0,,,,,6.0,,,,0,1444.0,36.0,,80.0,,,17.0,,,,300.0,,,,,,,
,,,,,,REGULAR_SEASON,,,,,,,,Roscoe Mortenson,,,,2.0,1.0,0.0,0.0,0.0,2.0,1.0,0.0,0.0,0.0,,,,,,1.0,,1.0,,,,,,,3.0,,43.0,,,,,,,,,,,,,,,KC_K_02,K,,,,,,,,,,,,0,,,,,,,,,,,,,,,0,6.0,,,,,,,,1.0,,16.0,1.0,1.0,,,,,
,,,,,,REGULAR_SEASON,,,,1356.0,,,,Sinclair Faulkner,,,,,,,,,,,,,,,,21.0,,,35.0,,,,,,,,0.0,,,,14.0,,,,,,9.0,,,,,3017.5,11.0,,P100729_CB,CB,,,,,,,,,102.0,,,0,,,,,,33.0,,,,,,,,,0,1761.0,80.0,,132.0,160.0,7.0,,,,,344.0,,,,,1080.0,,27.94
,,12.0,,,80.0,REGULAR_SEASON,72.0,,,,15.0,3.0,,Lucian Blanchard,,10.0,,,,,,,,,,,,32.0,,,1.0,0.0,4.0,,,,,,,,2.0,,,,,,,131.0,,,,,,4.0,711.0,,,28.0,NYJ_QB_02,QB,51.0,26.0,284.0,,,,,,,,,0,,,,,,,13.0,,38.0,61.0,,,10.0,6.0,0,245.0,,4.0,,,,,6.0,,3.0,47.0,,,,,,,
,,5.0,,,93.0,REGULAR_SEASON,91.0,,,,11.0,5.0,,Isaias Valentino,,5.0,,,,,,,,,,,,50.0,,,0.0,0.0,4.0,,,,,,,,8.0,,,,,,,142.0,,,,,,4.0,793.0,,,36.0,P100530_QB,QB,49.0,22.0,212.0,,,,,,,,,0,,,,,,,20.0,,64.0,70.0,,,10.0,9.0,0,253.0,,4.0,,,,,8.0,,8.0,40.0,,,,,,,
,,,,,,REGULAR_SEASON,,,,,,,,Morgan Wharton,,,,,,,,,,,,,,,,,,,31.0,,,13.0,,40.0,,,,,,,,,,,2870.6,1118.0,,,,,,,27.0,,P100498_OT,OT,,,,,60.0,,,,,,,0,,,86.0,902.0,367.0,,,,,,,9.0,,,0,2020.0,,31.0,,,,,,,,334.0,,,,,,,
,,,,13.0,,REGULAR_SEASON,,10.0,24.0,,,,22.0,Maddox Morrissey,5.0,,10.0,,,,,,,,,,,31.0,,,0.0,,12.0,,,,,,,,,,,,,7.0,,,,75.0,,,,,,,,,ARI_RB_05,RB,,,,,6.0,,,75.0,,,873.0,1,,83.0,,22.0,,,94.0,,346.0,,,,,,0,250.0,,,,115.0,,,,,,132.0,,,354.0,146.0,,211.0,
,,,,28.0,,REGULAR_SEASON,,21.0,47.0,,,,34.0,Barnes Diallo,17.0,,15.0,,,,,,,,,,,74.0,,,2.0,,32.0,,,,,,,,,,,,,7.0,,,,146.0,,,,,,,,,P100620_RB,RB,,,,,14.0,,,177.0,,,1970.0,0,,217.0,,51.0,,,208.0,7.0,953.0,,,,,,0,666.0,,,,258.0,,,,,,294.0,,,758.0,441.0,,515.0,
,,,,,,REGULAR_SEASON,,,,778.0,,,,Emeka Schmitz,,,,,,,,,,,,,,,,13.0,,,20.0,,,,,,,,0.0,,,,13.0,,,,,,7.0,,,,,1774.8,4.0,,P100956_CB,CB,,,,,,,,,56.0,,,0,,,,,,15.0,,,,,,,,,0,1011.0,48.0,,83.0,86.0,5.0,,,,,194.0,,,,,674.0,,17.23
,,,,,,REGULAR_SEASON,,,,,,,,Trace Roundtree,,,,26.0,9.0,6.0,6.0,2.0,21.0,8.0,6.0,1.0,2.0,,,,,,17.0,,3.0,,,,,,,62.0,,583.0,,,,,,,,,,,,,,,P100910_K,K,,,,,,,,,,,,0,,,,,,,,,,,,,,,0,102.0,,,,,,,,42.0,,162.0,39.0,38.0,,,,,
,,,,,,REGULAR_SEASON,,8.0,17.0,,,,17.0,Zaire Vaitai,9.0,,,,,,,,,,,,,13.0,,,,,31.0,,,,,,,,,,,,,15.0,,,,,,,,,,,,,P100633_WR,WR,,,,,,,,55.0,,2.0,737.0,0,,1165.0,,399.0,,,,,,,,,,,0,1372.0,,,,100.0,,,,,,287.0,,,314.0,,,,
,,,,,,REGULAR_SEASON,,17.0,39.0,,,,30.0,Bryce Medearis,9.0,,,,,,,,,,,,,49.0,,,,,34.0,,,,,,,,,,,,,32.0,,,,,,,,,,,,,P101142_TE,TE,,,,,,,,120.0,,,1466.0,0,,1129.0,,382.0,,,,,,,,,,,0,1332.0,,,,215.0,,,,,,309.0,,,594.0,,,,
,,,,,,REGULAR_SEASON,,,,,,,,Lennox Hulbert,,,,,,,,,,,,,,,,,,,30.0,,,7.0,,31.0,,,,,,,,,,,2806.7,1086.0,,,,,,,22.0,,P100959_OG,OG,,,,,47.0,,,,,,,0,,,74.0,887.0,398.0,,,,,,,9.0,,,0,1973.0,,30.0,,,,,,,,255.0,,,,,,,
,,,,,,REGULAR_SEASON,,,,,,,,Kellan Lasseter,,,,,,,,,,,,,,,,,,,21.0,,,10.0,,19.0,,,,,,,,,,,1941.1,778.0,,,,,,,15.0,,P100930_OG,OG,,,,,37.0,,,,,,,0,,,47.0,630.0,263.0,,,,,,,8.0,,,0,1408.0,,21.0,,,,,,,,198.0,,,,,,,
37.0,6.0,,,,,REGULAR_SEASON,,,,,,,,Cyrus Sylvester,,,,,,,,,,,,,,,6.0,,,,25.0,,,,30.0,,,,,,,,5.0,,,,,,,617.0,3.65,,,,11.0,,P100985_EDGE,EDGE,,,,58.0,,,24.0,,,,,0,,,,,,44.0,,,,,6.0,,,,0,1089.0,32.0,,69.0,,,10.0,,,,201.0,,,,,,,
,,,195.0,,,REGULAR_SEASON,,,,1197.0,,,,Draven Polamalu,,,,,,,,,,,,,,,,24.0,,,34.0,,,,,,,,1.0,,,,27.0,,,,,,11.0,,,,,2864.8,10.0,,ATL_LB_07,LB,,,,28.0,,,,,94.0,,,0,,,,,,18.0,,,,,4.0,,,,0,1552.0,127.0,,198.0,147.0,6.0,19.0,,,,309.0,,,,,1087.0,,31.57
,,,,,,REGULAR_SEASON,,,,,,,,Kobi Clevenger,,,,,,,,,,,,,,,,,,,34.0,6002.0,,,,,14.0,52.0,,,1855.0,,,,5466.0,,,,,,,,,,,,GB_P_02,P,,,,,,129.0,,,,,,0,536.0,,,,,,,,,,,,,,0,170.0,,,,,,,,3.0,,309.0,,,,,,,
,,,,,,REGULAR_SEASON,,8.0,16.0,,,,11.0,Wesley Lattimore,3.0,,,,,,,,,,,,,15.0,,,,,22.0,,,,,,,,,,,,,13.0,,,,,,,,,,,,,P101121_TE,TE,,,,,,,,53.0,,,702.0,0,,744.0,,253.0,,,,,,,,,,,0,878.0,,,,92.0,,,,,,194.0,,,287.0,,,,
,,,,,,REGULAR_SEASON,,,,1145.0,,,,Baylor Coulombe,,,,,,,,,,,,,,,,17.0,,,31.0,,,,,,,,2.0,,,,11.0,,,,,,9.0,,,,,2565.5,12.0,,P101166_CB,CB,,,,,,,,,68.0,,,0,,,,,,18.0,,,,,,,,,0,1489.0,65.0,,109.0,112.0,5.0,,,,,324.0,,,,,797.0,,21.6
,,,,,,REGULAR_SEASON,,23.0,63.0,,,,39.0,Caleb Woolfolk,18.0,,,,,,,,,,,,,92.0,,,,,34.0,,,,,,,,,,,,,35.0,,,,,,,,,,,,,P101125_WR,WR,,,,,,,,216.0,,12.0,2714.0,0,,1263.0,,434.0,,,,,,,,,,,0,1490.0,,,,367.0,,,,,,305.0,,,1120.0,,,,
,,,,,,REGULAR_SEASON,,7.0,10.0,,,,5.0,Arch Dorsett,3.0,,,,,,,,,,,,,9.0,,,,,14.0,,,,,,,,,,,,,9.0,,,,,,,,,,,,,P101119_TE,TE,,,,,,,,29.0,,,397.0,0,,462.0,,157.0,,,,,,,,,,,0,547.0,,,,49.0,,,,,,97.0,,,139.0,,,,
,,,,,,REGULAR_SEASON,,,,456.0,,,,Casen Hunnicutt,,,,,,,,,,,,,,,,2.0,,,12.0,,,,,,,,2.0,,,,7.0,,,,,,0.0,,,,,1276.8,4.0,,P101170_CB,CB,,,,,,,,,41.0,,,0,,,,,,7.0,,,,,,,,,0,592.0,40.0,,64.0,54.0,7.0,,,,,75.0,,,,,438.0,,11.63
,,,,,,REGULAR_SEASON,,,,,,,,Rigby Brockman,,,,,,,,,,,,,,,,,,,34.0,6533.0,,,,,17.0,49.0,,,1847.0,,,,5941.0,,,,,,,,,,,,WAS_P_02,P,,,,,,139.0,,,,,,0,592.0,,,,,,,,,,,,,,0,170.0,,,,,,,,9.0,,305.0,,,,,,,
,,,,,,REGULAR_SEASON,,5.0,14.0,,,,9.0,Lennox Stepnoski,3.0,,,,,,,,,,,,,2.0,,,,,34.0,,,,,,,,,,,,,20.0,,,,,,,,,,,,,P100981_TE,TE,,,,,,,,36.0,,,526.0,0,,1131.0,,386.0,,,,,,,,,,,0,1338.0,,,,71.0,,,,,,344.0,,,184.0,,,,
,,,,55.0,,REGULAR_SEASON,,93.0,206.0,,,,125.0,Ibrahim Tonyan,56.0,,89.0,,,,,,,,,,,377.0,,,7.0,,34.0,,,,,,,,,,,,,24.0,,,,181.0,,,,,,,,,P100963_RB,RB,,,,,15.0,,,766.0,,,8343.0,0,,492.0,,129.0,,,898.0,18.0,4099.0,,,,,,0,1446.0,,,,1128.0,,,,,,342.0,,,3659.0,1757.0,,2368.0,
,,,,,,REGULAR_SEASON,,15.0,47.0,,,,36.0,Fritz Hooker,9.0,,,,,,,,,,,,,71.0,,,,,34.0,,,,,,,,,,,,,18.0,,,,,,,,,,,,,P101088_WR,WR,,,,,,,,166.0,,4.0,1947.0,0,,1303.0,,443.0,,,,,,,,,,,0,1532.0,,,,278.0,,,,,,342.0,,,835.0,,,,
,,,,31.0,,REGULAR_SEASON,,25.0,59.0,,,,52.0,Derrick Sylvester,16.0,,18.0,,,,,,,,,,,93.0,,,0.0,,30.0,,,,,,,,,,,,,7.0,,,,162.0,,,,,,,,,P100931_RB,RB,,,,,18.0,,,209.0,,,2485.0,0,,212.0,,50.0,,,250.0,,1113.0,,,,,,0,649.0,,,,310.0,,,,,,246.0,,,1016.0,532.0,,595.0,
,,,,,,REGULAR_SEASON,,12.0,28.0,,,,19.0,Trenton Creswell,4.0,,,,,,,,,,,,,28.0,,,,,28.0,,,,,,,,,,,,,13.0,,,,,,,,,,,,,DET_WR_08,WR,,,,,,,,82.0,,3.0,1093.0,0,,1044.0,,357.0,,,,,,,,,,,0,1226.0,,,,157.0,,,,,,244.0,,,454.0,,,,
38.0,5.0,,,,,REGULAR_SEASON,,,,,,,,Damon Upshaw,,,,,,,,,,,,,,,2.0,,,,29.0,,,,31.0,,,,,,,,6.0,,,,,,,733.0,3.25,,,,7.0,,P100435_EDGE,EDGE,,,,49.0,,,15.0,,,,,0,,,,,,27.0,,,,,5.0,,,,0,1293.0,26.0,,64.0,,,5.0,,,,243.0,,,,,,,
36.0,3.0,,,,,REGULAR_SEASON,,,,,,,,Deacon Wetherall,,,,,,,,,,,,,,,1.0,,,,25.0,,,,41.0,,,,,,,,7.0,,,,,,,622.0,3.16,,,,8.0,,P101169_EDGE,EDGE,,,,62.0,,,18.0,,,,,0,,,,,,30.0,,,,,3.0,,,,0,1093.0,24.0,,60.0,,,5.0,,,,237.0,,,,,,,
,,,,,,REGULAR_SEASON,,10.0,18.0,,,,15.0,Ezra Kortright,3.0,,,,,,,,,,,,,21.0,,,,,21.0,,,,,,,,,,,,,7.0,,,,,,,,,,,,,P101098_TE,TE,,,,,,,,57.0,,,808.0,0,,685.0,,234.0,,,,,,,,,,,0,809.0,,,,102.0,,,,,,209.0,,,327.0,,,,
35.0,2.0,,,,,REGULAR_SEASON,,,,,,,,Levi Tindall,,,,,,,,,,,,,,,3.0,,,,23.0,,,,21.0,,,,,,,,5.0,,,,,,,484.0,2.62,,,,6.0,,P101154_DT,DT,,,,35.0,,,7.0,,,,,0,,,,,,18.0,,,,,10.0,,,,0,855.0,21.0,,56.0,,,7.0,,,,222.0,,,,,,,
,,,,33.0,,REGULAR_SEASON,,39.0,67.0,,,,58.0,Lawson Merriweather,28.0,,34.0,,,,,,,,,,,124.0,,,1.0,,34.0,,,,,,,,,,,,,17.0,,,,180.0,,,,,,,,,P100952_RB,RB,,,,,11.0,,,273.0,,,2997.0,0,,254.0,,63.0,,,359.0,3.0,1432.0,,,,,,0,766.0,,,,433.0,,,,,,329.0,,,1244.0,614.0,,828.0,
,,,,,,REGULAR_SEASON,,34.0,64.0,,,,54.0,Saul Ballinger,18.0,,,,,,,,,,,,,88.0,,,,,34.0,,,,,,,,,,,,,19.0,,,,,,,,,,,,,P101059_WR,WR,,,,,,,,202.0,,9.0,2367.0,0,,1311.0,,447.0,,,,,,,,,,,0,1540.0,,,,376.0,,,,,,329.0,,,996.0,,,,
51.0,3.0,,,,,REGULAR_SEASON,,,,,,,,Cortez Melchior,,,,,,,,,,,,,,,1.0,,,,34.0,,,,50.0,,,,,,,,3.0,,,,,,,721.0,5.33,,,,7.0,,P101158_DT,DT,,,,77.0,,,21.0,,,,,0,,,,,,77.0,,,,,7.0,,,,0,1275.0,35.0,,86.0,,,17.0,,,,329.0,,,,,,,
33.0,3.0,,,,,REGULAR_SEASON,,,,,,,,Sawyer Lafleur,,,,,,,,,,,,,,,1.0,,,,30.0,,,,26.0,,,,,,,,2.0,,,,,,,643.0,4.0,,,,6.0,,P101071_DT,DT,,,,49.0,,,16.0,,,,,0,,,,,,55.0,,,,,9.0,,,,0,1134.0,25.0,,58.0,,,10.0,,,,291.0,,,,,,,
,,,,,,REGULAR_SEASON,,,,929.0,,,,Yusuf Valdejuli,,,,,,,,,,,,,,,,10.0,,,25.0,,,,,,,,2.0,,,,10.0,,,,,,6.0,,,,,2116.4,9.0,,P100525_CB,CB,,,,,,,,,74.0,,,0,,,,,,16.0,,,,,,,,,0,1203.0,55.0,,94.0,110.0,3.0,,,,,224.0,,,,,803.0,,22.28
,,,,,,REGULAR_SEASON,,,,1359.0,,,,Axel Terrazas,,,,,,,,,,,,,,,,26.0,,,34.0,,,,,,,,0.0,,,,15.0,,,,,,10.0,,,,,3102.2,11.0,,P101076_S,S,,,,,,,,,100.0,,,0,,,,,,17.0,,,,,,,,,0,1760.0,85.0,,141.0,159.0,9.0,,,,,329.0,,,,,1151.0,,28.64
,,,,15.0,,REGULAR_SEASON,,9.0,26.0,,,,31.0,Deacon Markham,6.0,,8.0,,,,,,,,,,,49.0,,,1.0,,16.0,,,,,,,,,,,,,13.0,,,,85.0,,,,,,,,,P101092_RB,RB,,,,,11.0,,,119.0,,,1417.0,0,,117.0,,28.0,,,154.0,0.0,601.0,,,,,,0,354.0,,,,191.0,,,,,,136.0,,,585.0,198.0,,405.0,
,,,,,,REGULAR_SEASON,,34.0,65.0,,,,64.0,Zion Gentry,20.0,,,,,,,,,,,,,108.0,,,,,34.0,,,,,,,,,,,,,30.0,,,,,,,,,,,,,P101080_WR,WR,,,,,,,,241.0,,8.0,2806.0,0,,1262.0,,431.0,,,,,,,,,,,0,1491.0,,,,437.0,,,,,,312.0,,,1168.0,,,,
,,,,,,REGULAR_SEASON,,23.0,45.0,,,,31.0,Dupree Drayton,8.0,,,,,,,,,,,,,45.0,,,,,29.0,,,,,,,,,,,,,4.0,,,,,,,,,,,,,P101017_WR,WR,,,,,,,,107.0,,10.0,1307.0,0,,1061.0,,362.0,,,,,,,,,,,0,1253.0,,,,203.0,,,,,,257.0,,,509.0,,,,
,,,,,,REGULAR_SEASON,,9.0,22.0,,,,27.0,Duncan Labriola,10.0,,,,,,,,,,,,,21.0,,,,,34.0,,,,,,,,,,,,,12.0,,,,,,,,,,,,,P101135_TE,TE,,,,,,,,74.0,,2.0,999.0,0,,1130.0,,389.0,,,,,,,,,,,0,1336.0,,,,144.0,,,,,,312.0,,,428.0,,,,
55.0,4.0,,,,,REGULAR_SEASON,,,,,,,,Dillon Ingold,,,,,,,,,,,,,,,1.0,,,,34.0,,,,40.0,,,,,,,,10.0,,,,,,,851.0,3.63,,,,10.0,,P101025_EDGE,EDGE,,,,56.0,,,15.0,,,,,0,,,,,,37.0,,,,,2.0,,,,0,1499.0,48.0,,103.0,,,11.0,,,,312.0,,,,,,,
,,,,,,REGULAR_SEASON,,,,1210.0,,,,Desmond Nakoa,,,,,,,,,,,,,,,,16.0,,,32.0,,,,,,,,0.0,,,,20.0,,,,,,11.0,,,,,2758.4,8.0,,P101027_CB,CB,,,,,,,,,77.0,,,0,,,,,,18.0,,,,,,,,,0,1568.0,82.0,,136.0,131.0,4.0,,,,,297.0,,,,,889.0,,23.74
,,,,,,REGULAR_SEASON,,,,147.0,,,,Alden Linscomb,,,,,,,,,,,,,,,,1.0,,,4.0,,,,,,,,0.0,,,,1.0,,,,,,1.0,,,,,388.8,0.0,,P100913_CB,CB,,,,,,,,,9.0,,,0,,,,,,2.0,,,,,,,,,0,191.0,11.0,,18.0,17.0,1.0,,,,,34.0,,,,,171.0,,4.66
,,,,,,REGULAR_SEASON,,,,,,,,Whitaker Cribbs,,,,35.0,8.0,7.0,6.0,9.0,29.0,8.0,5.0,3.0,8.0,,,,,,30.0,,6.0,,,,,,,112.0,,899.0,,,,,,,,,,,,,,,P100362_K,K,,,,,,,,,,,,0,,,,,,,,,,,,,,,0,180.0,,,,,,,,69.0,,305.0,68.0,64.0,,,,,
,,,,,,REGULAR_SEASON,,21.0,57.0,,,,48.0,Sterling Quessenberry,20.0,,,,,,,,,,,,,90.0,,,,,34.0,,,,,,,,,,,,,19.0,,,,,,,,,,,,,P100995_WR,WR,,,,,,,,206.0,,13.0,2336.0,0,,1246.0,,425.0,,,,,,,,,,,0,1467.0,,,,362.0,,,,,,311.0,,,1051.0,,,,
,,67.0,,,660.0,REGULAR_SEASON,629.0,,,,95.0,35.0,,Casen Nakoa,,26.0,,,,,,,,,,,,313.0,,,2.0,1.0,29.0,,,,,,,,15.0,,,,,,,959.0,,,,,,38.0,7321.0,,,224.0,P100948_QB,QB,299.0,134.0,1187.0,,,,,,,,,0,,,,,,,129.0,,523.0,466.0,,,74.0,73.0,0,1823.0,,29.0,,,,,49.0,,46.0,259.0,,,,,,,
,,,,,,REGULAR_SEASON,,7.0,12.0,,,,13.0,Kojo Cantrell,5.0,,,,,,,,,,,,,3.0,,,,,31.0,,,,,,,,,,,,,14.0,,,,,,,,,,,,,P100993_WR,WR,,,,,,,,37.0,,2.0,608.0,0,,1127.0,,385.0,,,,,,,,,,,0,1329.0,,,,77.0,,,,,,271.0,,,224.0,,,,
,,,,,,REGULAR_SEASON,,,,,,,,Talon Prendergast,,,,,,,,,,,,,,,,,,,31.0,,,12.0,,36.0,,,,,,,,,,,2871.9,1125.0,,,,,,,22.0,,P101127_OG,OG,,,,,58.0,,,,,,,0,,,84.0,912.0,392.0,,,,,,,10.0,,,0,2037.0,,31.0,,,,,,,,302.0,,,,,,,
50.0,3.0,,,,,REGULAR_SEASON,,,,,,,,Aubrey Thackeray,,,,,,,,,,,,,,,2.0,,,,34.0,,,,24.0,,,,,,,,10.0,,,,,,,850.0,3.51,,,,9.0,,P100610_EDGE,EDGE,,,,46.0,,,16.0,,,,,0,,,,,,23.0,,,,,8.0,,,,0,1491.0,36.0,,86.0,,,9.0,,,,319.0,,,,,,,
,,,,,,REGULAR_SEASON,,15.0,41.0,,,,31.0,Arlo Mahaffey,14.0,,,,,,,,,,,,,47.0,,,,,34.0,,,,,,,,,,,,,12.0,,,,,,,,,,,,,NYG_WR_09,WR,,,,,,,,132.0,,2.0,1595.0,0,,1222.0,,421.0,,,,,,,,,,,0,1444.0,,,,228.0,,,,,,318.0,,,654.0,,,,
,,,,,,REGULAR_SEASON,,,,,,,,Emory Jodeci,,,,,,,,,,,,,,,,,,,34.0,,,11.0,,27.0,,,,,,,,,,,3223.8,1256.0,,,,,,,19.0,,P101197_OG,OG,,,,,45.0,,,,,,,0,,,71.0,1021.0,449.0,,,,,,,8.0,,,0,2277.0,,34.0,,,,,,,,318.0,,,,,,,
50.0,1.0,,,,,REGULAR_SEASON,,,,,,,,Micah Oduya,,,,,,,,,,,,,,,2.0,,,,30.0,,,,35.0,,,,,,,,9.0,,,,,,,661.0,5.05,,,,7.0,,P101200_DT,DT,,,,72.0,,,27.0,,,,,0,,,,,,68.0,,,,,16.0,,,,0,1162.0,41.0,,91.0,,,20.0,,,,289.0,,,,,,,
52.0,2.0,,,,,REGULAR_SEASON,,,,,,,,Ollie Gentry,,,,,,,,,,,,,,,4.0,,,,31.0,,,,33.0,,,,,,,,12.0,,,,,,,649.0,4.25,,,,5.0,,SF_DT_04,DT,,,,54.0,,,20.0,,,,,1,,,,,,59.0,,,,,2.0,,,,0,1148.0,46.0,,98.0,,,17.0,,,,290.0,,,,,,,
,,,,,,REGULAR_SEASON,,,,1160.0,,,,Tyree Wetherall,,,,,,,,,,,,,,,,23.0,,,30.0,,,,,,,,4.0,,,,11.0,,,,,,13.0,,,,,2338.1,9.0,,NO_CB_07,CB,,,,,,,,,78.0,,,0,,,,,,14.0,,,,,,,,,0,1503.0,64.0,,106.0,128.0,1.0,,,,,284.0,,,,,848.0,,22.45
,,3.0,,,47.0,REGULAR_SEASON,43.0,,,,9.0,5.0,,Blaise Cadwell,,2.0,,,,,,,,,,,,21.0,,,0.0,0.0,2.0,,,,,,,,1.0,,,,,,,68.0,,,,,,2.0,517.0,,,19.0,P100904_QB,QB,21.0,6.0,76.0,,,,,,,,,0,,,,,,,6.0,,41.0,31.0,,,5.0,3.0,0,127.0,,2.0,,,,,3.0,,7.0,5.0,,,,,,,
,,,,17.0,,REGULAR_SEASON,,25.0,52.0,,,,35.0,Woodrow Jimerson,11.0,,11.0,,,,,,,,,,,57.0,,,0.0,,34.0,,,,,,,,,,,,,8.0,,,,191.0,,,,,,,,,CIN_RB_05,RB,,,,,24.0,,,140.0,,,1847.0,1,,180.0,,40.0,,,179.0,,789.0,,,,,,0,572.0,,,,230.0,,,,,,337.0,,,789.0,365.0,,427.0,
,,,,,,REGULAR_SEASON,,15.0,41.0,,,,32.0,Kobi Kanell,13.0,,,,,,,,,,,,,50.0,,,,,34.0,,,,,,,,,,,,,23.0,,,,,,,,,,,,,P101164_WR,WR,,,,,,,,132.0,,4.0,1712.0,0,,1254.0,,426.0,,,,,,,,,,,0,1478.0,,,,245.0,,,,,,337.0,,,725.0,,,,
,,,,,,REGULAR_SEASON,,16.0,29.0,,,,21.0,Denzel Wrighster,8.0,,,,,,,,,,,,,19.0,,,,,34.0,,,,,,,,,,,,,10.0,,,,,,,,,,,,,P101069_TE,TE,,,,,,,,74.0,,,1014.0,0,,1135.0,,388.0,,,,,,,,,,,0,1343.0,,,,143.0,,,,,,337.0,,,371.0,,,,
,,,,,,REGULAR_SEASON,,0.0,0.0,,,,0.0,Santiago Hopkins,0.0,,,,,,,,,,,,,0.0,,,,,3.0,,,,,,,,,,,,,1.0,,,,,,,,,,,,,P101090_TE,TE,,,,,,,,2.0,,,41.0,0,,105.0,,36.0,,,,,,,,,,,0,124.0,,,,6.0,,,,,,10.0,,,15.0,,,,
,,,,,,REGULAR_SEASON,,,,,,,,Peyton Grimsley,,,,,,,,,,,,,,,,,,,20.0,,,7.0,,24.0,,,,,,,,,,,1856.7,729.0,,,,,,,13.0,,P100834_OG,OG,,,,,37.0,,,,,,,0,,,56.0,590.0,247.0,,,,,,,6.0,,,0,1319.0,,20.0,,,,,,,,176.0,,,,,,,
37.0,4.0,,,,,REGULAR_SEASON,,,,,,,,Tate Bancroft,,,,,,,,,,,,,,,4.0,,,,23.0,,,,30.0,,,,,,,,7.0,,,,,,,576.0,2.75,,,,7.0,,P101103_EDGE,EDGE,,,,43.0,,,8.0,,,,,0,,,,,,31.0,,,,,7.0,,,,0,1011.0,34.0,,71.0,,,12.0,,,,208.0,,,,,,,
47.0,3.0,,,,,REGULAR_SEASON,,,,,,,,Bishop Ironside,,,,,,,,,,,,,,,3.0,,,,31.0,,,,31.0,,,,,,,,8.0,,,,,,,669.0,3.88,,,,8.0,,P100820_DT,DT,,,,55.0,,,17.0,,,,,0,,,,,,42.0,,,,,9.0,,,,0,1181.0,41.0,,88.0,,,14.0,,,,297.0,,,,,,,
,,,,47.0,,REGULAR_SEASON,,45.0,104.0,,,,77.0,Rocky Hunnicutt,27.0,,26.0,,,,,,,,,,,215.0,,,4.0,,34.0,,,,,,,,,,,,,18.0,,,,187.0,,,,,,,,,P101019_RB,RB,,,,,11.0,,,445.0,,,5179.0,0,,316.0,,78.0,,,530.0,34.0,2214.0,,,,,,0,949.0,,,,646.0,,,,,,334.0,,,2180.0,877.0,,1341.0,
,,,,12.0,,REGULAR_SEASON,,11.0,29.0,,,,22.0,Nolan Henderson,13.0,,13.0,,,,,,,,,,,48.0,,,0.0,,20.0,,,,,,,,,,,,,4.0,,,,127.0,,,,,,,,,P101044_RB,RB,,,,,8.0,,,114.0,,,1308.0,0,,125.0,,29.0,,,139.0,,597.0,,,,,,0,385.0,,,,168.0,,,,,,206.0,,,545.0,268.0,,330.0,
,,,,32.0,,REGULAR_SEASON,,13.0,30.0,,,,22.0,Clay Kaufusi,7.0,,9.0,,,,,,,,,,,48.0,,,2.0,,23.0,,,,,,,,,,,,,10.0,,,,130.0,,,,,,,,,IND_RB_04,RB,,,,,15.0,,,113.0,,,1467.0,0,,143.0,,34.0,,,135.0,,607.0,,,,,,0,434.0,,,,171.0,,,,,,233.0,,,578.0,261.0,,351.0,
,,,,,,REGULAR_SEASON,,,,,,,,Lennox Macalister,,,,,,,,,,,,,,,,,,,34.0,,,18.0,,35.0,,,,,,,,,,,3155.5,1241.0,,,,,,,22.0,,CIN_OG_05,OG,,,,,62.0,,,,,,,0,,,87.0,1007.0,443.0,,,,,,,11.0,,,0,2248.0,,34.0,,,,,,,,334.0,,,,,,,
,,,131.0,,,REGULAR_SEASON,,,,909.0,,,,Roman Marlowe,,,,,,,,,,,,,,,,13.0,,,26.0,,,,,,,,2.0,,,,19.0,,,,,,7.0,,,,,2202.0,10.0,,P100750_LB,LB,,,,12.0,,,,,74.0,,,0,,,,,,20.0,,,,,2.0,,,,0,1184.0,99.0,,153.0,124.0,4.0,21.0,,,,241.0,,,,,937.0,,27.09
53.0,5.0,,,,,REGULAR_SEASON,,,,,,,,Maddox Belanger,,,,,,,,,,,,,,,2.0,,,,34.0,,,,36.0,,,,,,,,6.0,,,,,,,840.0,4.19,,,,15.0,,NE_EDGE_07,EDGE,,,,70.0,,,26.0,,,,,0,,,,,,51.0,,,,,10.0,,,,0,1483.0,42.0,,95.0,,,11.0,,,,305.0,,,,,,,
46.0,4.0,,,,,REGULAR_SEASON,,,,,,,,Arlo Freeney,,,,,,,,,,,,,,,2.0,,,,32.0,,,,36.0,,,,,,,,9.0,,,,,,,797.0,3.77,,,,5.0,,P101005_EDGE,EDGE,,,,63.0,,,19.0,,,,,0,,,,,,38.0,,,,,8.0,,,,0,1401.0,32.0,,78.0,,,12.0,,,,282.0,,,,,,,
50.0,4.0,,,,,REGULAR_SEASON,,,,,,,,Stone Musgrave,,,,,,,,,,,,,,,2.0,,,,31.0,,,,51.0,,,,,,,,9.0,,,,,,,761.0,4.32,,,,3.0,,P101010_EDGE,EDGE,,,,73.0,,,21.0,,,,,0,,,,,,52.0,,,,,1.0,,,,0,1347.0,44.0,,94.0,,,10.0,,,,275.0,,,,,,,
,,,,35.0,,REGULAR_SEASON,,44.0,116.0,,,,101.0,Cato Taliaferro,46.0,,36.0,,,,,,,,,,,223.0,,,3.0,,32.0,,,,,,,,,,,,,19.0,,,,192.0,,,,,,,,,P101086_RB,RB,,,,,10.0,,,440.0,,,4663.0,0,,338.0,,87.0,,,573.0,12.0,2402.0,,,,,,0,996.0,,,,691.0,,,,,,294.0,,,1817.0,958.0,,1461.0,
,,,,,,REGULAR_SEASON,,10.0,22.0,,,,22.0,Bruno Wanogho,9.0,,,,,,,,,,,,,30.0,,,,,22.0,,,,,,,,,,,,,9.0,,,,,,,,,,,,,P101198_WR,WR,,,,,,,,88.0,,4.0,1026.0,0,,823.0,,279.0,,,,,,,,,,,0,971.0,,,,166.0,,,,,,217.0,,,396.0,,,,
,,,,,,REGULAR_SEASON,,,,,,,,Carsen Dombrowski,,,,,,,,,,,,,,,,,,,34.0,,,18.0,,34.0,,,,,,,,,,,3211.6,1228.0,,,,,,,20.0,,P100688_OG,OG,,,,,56.0,,,,,,,0,,,67.0,999.0,448.0,,,,,,,5.0,,,0,2227.0,,34.0,,,,,,,,323.0,,,,,,,
,,,,,,REGULAR_SEASON,,,,1152.0,,,,Damarion Sanjuan,,,,,,,,,,,,,,,,23.0,,,30.0,,,,,,,,3.0,,,,16.0,,,,,,12.0,,,,,2766.1,13.0,,P100703_CB,CB,,,,,,,,,87.0,,,0,,,,,,23.0,,,,,,,,,0,1493.0,73.0,,124.0,130.0,14.0,,,,,250.0,,,,,1041.0,,27.19
,,,,,,REGULAR_SEASON,,,,495.0,,,,Gunnar Westbrook,,,,,,,,,,,,,,,,6.0,,,13.0,,,,,,,,0.0,,,,4.0,,,,,,4.0,,,,,1142.0,4.0,,GB_CB_10,CB,,,,,,,,,31.0,,,1,,,,,,10.0,,,,,,,,,0,642.0,29.0,,49.0,49.0,4.0,,,,,107.0,,,,,277.0,,7.27
,,,,,,REGULAR_SEASON,,,,1132.0,,,,Kenzo Lawlor,,,,,,,,,,,,,,,,22.0,,,28.0,,,,,,,,1.0,,,,7.0,,,,,,12.0,,,,,2356.6,10.0,,P100927_S,S,,,,,,,,,59.0,,,0,,,,,,16.0,,,,,,,,,0,1466.0,53.0,,90.0,100.0,4.0,,,,,240.0,,,,,861.0,,21.62
,,,,,,REGULAR_SEASON,,,,1205.0,,,,Sylas Hasselby,,,,,,,,,,,,,,,,22.0,,,31.0,,,,,,,,1.0,,,,9.0,,,,,,16.0,,,,,2612.0,6.0,,P101188_S,S,,,,,,,,,71.0,,,0,,,,,,24.0,,,,,,,,,0,1562.0,80.0,,132.0,115.0,4.0,,,,,308.0,,,,,867.0,,22.22
,,,,,,REGULAR_SEASON,,,,1087.0,,,,Dominik Sutherland,,,,,,,,,,,,,,,,19.0,,,27.0,,,,,,,,1.0,,,,9.0,,,,,,8.0,,,,,2787.4,8.0,,P101007_S,S,,,,,,,,,81.0,,,0,,,,,,22.0,,,,,,,,,0,1406.0,71.0,,119.0,107.0,8.0,,,,,264.0,,,,,952.0,,23.79
,,46.0,,,473.0,REGULAR_SEASON,436.0,,,,68.0,29.0,,Randall Radcliffe,,34.0,,,,,,,,,,,,208.0,,,3.0,1.0,21.0,,,,,,,,20.0,,,,,,,676.0,,,,,,31.0,4845.0,,,166.0,P101148_QB,QB,203.0,85.0,820.0,,,,,,,,,0,,,,,,,69.0,,321.0,367.0,,,53.0,41.0,0,1286.0,,21.0,,,,,28.0,,36.0,186.0,,,,,,,
,,,,14.0,,REGULAR_SEASON,,9.0,11.0,,,,9.0,Thurman Bolduc,6.0,,3.0,,,,,,,,,,,14.0,,,0.0,,17.0,,,,,,,,,,,,,4.0,,,,85.0,,,,,,,,,KC_RB_05,RB,,,,,9.0,,,37.0,,,516.0,0,,75.0,,17.0,,,50.0,,215.0,,,,,,0,242.0,,,,66.0,,,,,,166.0,,,197.0,96.0,,120.0,
,,,,,,REGULAR_SEASON,,,,,,,,Manny Gauthier,,,,,,,,,,,,,,,,,,,27.0,,,10.0,,27.0,,,,,,,,,,,2534.8,965.0,,,,,,,17.0,,P101100_OT,OT,,,,,41.0,,,,,,,0,,,53.0,784.0,326.0,,,,,,,7.0,,,0,1749.0,,27.0,,,,,,,,220.0,,,,,,,
,,,,,,REGULAR_SEASON,,,,1133.0,,,,Zuri Tanguay,,,,,,,,,,,,,,,,21.0,,,30.0,,,,,,,,2.0,,,,17.0,,,,,,11.0,,,,,2540.7,6.0,,P100934_CB,CB,,,,,,,,,69.0,,,0,,,,,,27.0,,,,,,,,,0,1469.0,66.0,,113.0,105.0,5.0,,,,,248.0,,,,,763.0,,20.22
,,,,,,REGULAR_SEASON,,,,1324.0,,,,Travon Hitchens,,,,,,,,,,,,,,,,16.0,,,33.0,,,,,,,,0.0,,,,16.0,,,,,,6.0,,,,,2926.3,8.0,,P100917_S,S,,,,,,,,,83.0,,,0,,,,,,23.0,,,,,,,,,0,1714.0,87.0,,146.0,137.0,10.0,,,,,289.0,,,,,946.0,,23.67
,,,,,,REGULAR_SEASON,,,,,,,,Yardley Hunnicutt,,,,,,,,,,,,,,,,,,,33.0,5363.0,,,,,15.0,54.0,,,1819.0,,,,4859.0,,,,,,,,,,,,P101131_P,P,,,,,,113.0,,,,,,0,504.0,,,,,,,,,,,,,,0,165.0,,,,,,,,5.0,,297.0,,,,,,,
,,,,26.0,,REGULAR_SEASON,,18.0,32.0,,,,28.0,Lucius Isbell,12.0,,13.0,,,,,,,,,,,54.0,,,2.0,,27.0,,,,,,,,,,,,,3.0,,,,145.0,,,,,,,,,P101077_RB,RB,,,,,9.0,,,129.0,,,1495.0,0,,158.0,,35.0,,,157.0,,666.0,,,,,,0,488.0,,,,196.0,,,,,,246.0,,,586.0,288.0,,385.0,
,,,,,,REGULAR_SEASON,,,,,,,,Kaiden Colwell,,,,,,,,,,,,,,,,,,,18.0,,,10.0,,21.0,,,,,,,,,,,1698.9,649.0,,,,,,,13.0,,P100916_OT,OT,,,,,32.0,,,,,,,0,,,42.0,524.0,225.0,,,,,,,2.0,,,0,1173.0,,18.0,,,,,,,,157.0,,,,,,,
,,,179.0,,,REGULAR_SEASON,,,,1135.0,,,,Ulises Selvie,,,,,,,,,,,,,,,,22.0,,,33.0,,,,,,,,3.0,,,,11.0,,,,,,12.0,,,,,3119.6,5.0,,P100922_LB,LB,,,,16.0,,,,,90.0,,,0,,,,,,23.0,,,,,1.0,,,,0,1478.0,105.0,,169.0,120.0,8.0,21.0,,,,346.0,,,,,1055.0,,31.34
,,,,,,REGULAR_SEASON,,,,1364.0,,,,Weston Moorhead,,,,,,,,,,,,,,,,29.0,,,34.0,,,,,,,,2.0,,,,15.0,,,,,,14.0,,,,,2947.0,12.0,,LAR_S_05,S,,,,,,,,,96.0,,,0,,,,,,21.0,,,,,,,,,0,1764.0,74.0,,127.0,146.0,7.0,,,,,348.0,,,,,1068.0,,26.91
,,,,23.0,,REGULAR_SEASON,,14.0,24.0,,,,28.0,Cedric Ayers,16.0,,10.0,,,,,,,,,,,44.0,,,1.0,,29.0,,,,,,,,,,,,,14.0,,,,165.0,,,,,,,,,P101008_RB,RB,,,,,7.0,,,119.0,,,1482.0,0,,165.0,,40.0,,,159.0,,661.0,,,,,,0,509.0,,,,198.0,,,,,,255.0,,,613.0,272.0,,396.0,
,,,,,,REGULAR_SEASON,,,,1305.0,,,,Colby Burnell,,,,,,,,,,,,,,,,17.0,,,34.0,,,,,,,,7.0,,,,12.0,,,,,,9.0,,,,,2355.6,11.0,,P101099_CB,CB,,,,,,,,,69.0,,,0,,,,,,21.0,,,,,,,,,0,1689.0,66.0,,115.0,126.0,4.0,,,,,324.0,,,,,799.0,,21.15
,,,199.0,,,REGULAR_SEASON,,,,1186.0,,,,Sebastien Coulombe,,,,,,,,,,,,,,,,26.0,,,34.0,,,,,,,,3.0,,,,27.0,,,,,,19.0,,,,,2602.9,7.0,,P101195_LB,LB,,,,28.0,,,,,65.0,,,0,,,,,,24.0,,,,,1.0,,,,0,1546.0,130.0,,201.0,113.0,6.0,29.0,,,,310.0,,,,,687.0,,19.47
,,,158.0,,,REGULAR_SEASON,,,,927.0,,,,Josiah Hammersley,,,,,,,,,,,,,,,,15.0,,,27.0,,,,,,,,3.0,,,,12.0,,,,,,8.0,,,,,2243.9,11.0,,P101113_LB,LB,,,,12.0,,,,,74.0,,,0,,,,,,19.0,,,,,2.0,,,,0,1206.0,104.0,,160.0,114.0,2.0,26.0,,,,242.0,,,,,879.0,,26.15
,,,218.0,,,REGULAR_SEASON,,,,1207.0,,,,Baylor Gathers,,,,,,,,,,,,,,,,23.0,,,34.0,,,,,,,,4.0,,,,9.0,,,,,,13.0,,,,,2872.5,7.0,,P100978_LB,LB,,,,16.0,,,,,87.0,,,0,,,,,,25.0,,,,,4.0,,,,0,1571.0,110.0,,178.0,140.0,8.0,29.0,,,,310.0,,,,,983.0,,28.45
,,,,,,REGULAR_SEASON,,,,1351.0,,,,Julius Mendenhall,,,,,,,,,,,,,,,,18.0,,,34.0,,,,,,,,1.0,,,,13.0,,,,,,6.0,,,,,2711.7,12.0,,P100393_CB,CB,,,,,,,,,82.0,,,0,,,,,,15.0,,,,,,,,,0,1750.0,79.0,,132.0,151.0,8.0,,,,,310.0,,,,,805.0,,20.17
,,,,,,REGULAR_SEASON,,,,1386.0,,,,Jomari Calloway,,,,,,,,,,,,,,,,16.0,,,34.0,,,,,,,,0.0,,,,9.0,,,,,,10.0,,,,,3049.4,8.0,,P101140_S,S,,,,,,,,,86.0,,,0,,,,,,21.0,,,,,,,,,0,1799.0,88.0,,150.0,134.0,6.0,,,,,328.0,,,,,1077.0,,26.45
,,,,,,REGULAR_SEASON,,,,1356.0,,,,Jarvis Sherfield,,,,,,,,,,,,,,,,29.0,,,34.0,,,,,,,,0.0,,,,11.0,,,,,,15.0,,,,,3095.8,10.0,,P101036_S,S,,,,,,,,,77.0,,,0,,,,,,23.0,,,,,,,,,0,1755.0,78.0,,132.0,131.0,13.0,,,,,328.0,,,,,971.0,,24.39
,,,,,,REGULAR_SEASON,,,,1334.0,,,,Tyree Oduya,,,,,,,,,,,,,,,,23.0,,,34.0,,,,,,,,0.0,,,,9.0,,,,,,9.0,,,,,2903.3,14.0,,P101093_S,S,,,,,,,,,83.0,,,0,,,,,,20.0,,,,,,,,,0,1731.0,70.0,,122.0,143.0,6.0,,,,,328.0,,,,,978.0,,25.32
,,,,,,REGULAR_SEASON,,,,,,,,Redmond Rivenbark,,,,,,,,,,,,,,,,,,,34.0,,,9.0,,26.0,,,,,,,,,,,3235.7,1220.0,,,,,,,15.0,,PIT_OT_04,OT,,,,,41.0,,,,,,,0,,,78.0,991.0,408.0,,,,,,,7.0,,,0,2211.0,,34.0,,,,,,,,306.0,,,,,,,
49.0,4.0,,,,,REGULAR_SEASON,,,,,,,,Grady Lanphier,,,,,,,,,,,,,,,3.0,,,,34.0,,,,42.0,,,,,,,,5.0,,,,,,,849.0,5.21,,,,7.0,,P100946_EDGE,EDGE,,,,84.0,,,27.0,,,,,0,,,,,,68.0,,,,,19.0,,,,0,1497.0,36.0,,85.0,,,17.0,,,,306.0,,,,,,,
,,,79.0,,,REGULAR_SEASON,,,,476.0,,,,Ivan Kemper,,,,,,,,,,,,,,,,10.0,,,14.0,,,,,,,,1.0,,,,12.0,,,,,,5.0,,,,,1072.6,5.0,,P100988_LB,LB,,,,9.0,,,,,36.0,,,0,,,,,,8.0,,,,,1.0,,,,0,618.0,58.0,,89.0,61.0,1.0,12.0,,,,121.0,,,,,387.0,,11.63
,,,,,,REGULAR_SEASON,,,,953.0,,,,Merle Oluokun,,,,,,,,,,,,,,,,12.0,,,24.0,,,,,,,,0.0,,,,11.0,,,,,,4.0,,,,,2405.6,5.0,,P100907_S,S,,,,,,,,,81.0,,,0,,,,,,16.0,,,,,,,,,0,1235.0,60.0,,100.0,103.0,4.0,,,,,223.0,,,,,854.0,,21.86
,,,,,,REGULAR_SEASON,,,,,,,,Draven Gorsuch,,,,,,,,,,,,,,,,,,,6.0,,,0.0,,4.0,,,,,,,,,,,579.6,217.0,,,,,,,4.0,,P100873_C,C,,,,,5.0,,,,,,,0,,,19.0,174.0,61.0,,,,,,,1.0,,,0,391.0,,6.0,,,,,,,,32.0,,,,,,,
,,,,53.0,,REGULAR_SEASON,,39.0,80.0,,,,82.0,Morgan Arnett,28.0,,26.0,,,,,,,,,,,176.0,,,0.0,,33.0,,,,,,,,,,,,,18.0,,,,175.0,,,,,,,,,P101091_RB,RB,,,,,18.0,,,367.0,,,4308.0,0,,292.0,,71.0,,,462.0,6.0,2181.0,,,,,,0,877.0,,,,564.0,,,,,,299.0,,,1740.0,1094.0,,1095.0,
,,79.0,,,695.0,REGULAR_SEASON,626.0,,,,97.0,38.0,,Lockett Greaves,,40.0,,,,,,,,,,,,301.0,,,3.0,2.0,31.0,,,,,,,,21.0,,,,,,,1003.0,,,,,,41.0,6308.0,,,264.0,P100986_QB,QB,308.0,135.0,1271.0,,,,,,,,,0,,,,,,,104.0,,381.0,525.0,,,75.0,59.0,0,1963.0,,31.0,,,,,53.0,,53.0,323.0,,,,,,,
,,,,,,REGULAR_SEASON,,2.0,2.0,,,,5.0,Spencer Jeffcoat,2.0,,,,,,,,,,,,,3.0,,,,,8.0,,,,,,,,,,,,,1.0,,,,,,,,,,,,,P101052_WR,WR,,,,,,,,15.0,,1.0,201.0,0,,296.0,,102.0,,,,,,,,,,,0,349.0,,,,29.0,,,,,,74.0,,,74.0,,,,
,,,,,,REGULAR_SEASON,,9.0,19.0,,,,17.0,Graham Kincaid,7.0,,,,,,,,,,,,,15.0,,,,,30.0,,,,,,,,,,,,,14.0,,,,,,,,,,,,,P101047_TE,TE,,,,,,,,51.0,,,637.0,0,,1028.0,,351.0,,,,,,,,,,,0,1213.0,,,,111.0,,,,,,283.0,,,232.0,,,,
,,,,,,REGULAR_SEASON,,1.0,3.0,,,,1.0,Malachi Olawale,1.0,,,,,,,,,,,,,1.0,,,,,5.0,,,,,,,,,,,,,1.0,,,,,,,,,,,,,P100968_WR,WR,,,,,,,,6.0,,,82.0,0,,200.0,,69.0,,,,,,,,,,,0,235.0,,,,11.0,,,,,,31.0,,,27.0,,,,
42.0,7.0,,,,,REGULAR_SEASON,,,,,,,,Briggs Burrage,,,,,,,,,,,,,,,1.0,,,,23.0,,,,31.0,,,,,,,,5.0,,,,,,,488.0,3.67,,,,4.0,,P101141_DT,DT,,,,51.0,,,14.0,,,,,0,,,,,,45.0,,,,,7.0,,,,0,861.0,39.0,,81.0,,,16.0,,,,212.0,,,,,,,
,,,103.0,,,REGULAR_SEASON,,,,685.0,,,,Judah Pettaway,,,,,,,,,,,,,,,,10.0,,,20.0,,,,,,,,1.0,,,,7.0,,,,,,2.0,,,,,1885.6,7.0,,P101182_LB,LB,,,,11.0,,,,,72.0,,,0,,,,,,19.0,,,,,2.0,,,,0,891.0,62.0,,96.0,103.0,6.0,14.0,,,,179.0,,,,,832.0,,24.17
,,,,,,REGULAR_SEASON,,,,647.0,,,,Clay Hankins,,,,,,,,,,,,,,,,14.0,,,17.0,,,,,,,,1.0,,,,7.0,,,,,,8.0,,,,,1636.2,6.0,,P100606_CB,CB,,,,,,,,,49.0,,,0,,,,,,11.0,,,,,,,,,0,839.0,38.0,,67.0,70.0,8.0,,,,,162.0,,,,,573.0,,15.1
,,,,,,REGULAR_SEASON,,,,,,,,Zephyr Sanborn,,,,54.0,12.0,8.0,11.0,11.0,52.0,8.0,7.0,7.0,10.0,,,,,,34.0,,2.0,,,,,,,134.0,,1395.0,,,,,,,,,,,,,,,P101053_K,K,,,,,,,,,,,,0,,,,,,,,,,,,,,,0,204.0,,,,,,,,86.0,,305.0,71.0,71.0,,,,,
,,,,,,REGULAR_SEASON,,,,,,,,Cyrus Trevathan,,,,,,,,,,,,,,,,,,,13.0,,,3.0,,14.0,,,,,,,,,,,1215.7,477.0,,,,,,,9.0,,P101149_OT,OT,,,,,20.0,,,,,,,0,,,37.0,384.0,173.0,,,,,,,4.0,,,0,861.0,,13.0,,,,,,,,119.0,,,,,,,
45.0,2.0,,,,,REGULAR_SEASON,,,,,,,,Ulises Arnett,,,,,,,,,,,,,,,2.0,,,,31.0,,,,26.0,,,,,,,,9.0,,,,,,,635.0,3.36,,,,2.0,,P100938_DT,DT,,,,45.0,,,12.0,,,,,0,,,,,,30.0,,,,,7.0,,,,0,1121.0,33.0,,78.0,,,8.0,,,,299.0,,,,,,,
,,,,,,REGULAR_SEASON,,2.0,5.0,,,,6.0,Axel Hemsley,1.0,,,,,,,,,,,,,6.0,,,,,8.0,,,,,,,,,,,,,2.0,,,,,,,,,,,,,P101114_WR,WR,,,,,,,,18.0,,1.0,245.0,0,,281.0,,96.0,,,,,,,,,,,0,332.0,,,,34.0,,,,,,63.0,,,110.0,,,,
,,,,,,REGULAR_SEASON,,,,,,,,Warner Yeboah,,,,,,,,,,,,,,,,,,,32.0,,,13.0,,29.0,,,,,,,,,,,3022.5,1190.0,,,,,,,16.0,,P100361_OT,OT,,,,,48.0,,,,,,,0,,,75.0,964.0,417.0,,,,,,,7.0,,,0,2154.0,,32.0,,,,,,,,344.0,,,,,,,
,,,,,,REGULAR_SEASON,,,,1169.0,,,,Rufus Pflueger,,,,,,,,,,,,,,,,24.0,,,29.0,,,,,,,,0.0,,,,13.0,,,,,,17.0,,,,,2077.6,2.0,,P101024_S,S,,,,,,,,,37.0,,,0,,,,,,21.0,,,,,,,,,0,1516.0,72.0,,116.0,76.0,1.0,,,,,287.0,,,,,485.0,,11.99
20.0,2.0,,,,,REGULAR_SEASON,,,,,,,,Ansel Farrow,,,,,,,,,,,,,,,1.0,,,,12.0,,,,19.0,,,,,,,,1.0,,,,,,,294.0,1.44,,,,1.0,,P100309_EDGE,EDGE,,,,22.0,,,3.0,,,,,0,,,,,,16.0,,,,,0.0,,,,0,516.0,16.0,,36.0,,,9.0,,,,96.0,,,,,,,
,,,,41.0,,REGULAR_SEASON,,33.0,78.0,,,,63.0,Hampton Meacham,21.0,,39.0,,,,,,,,,,,164.0,,,3.0,,34.0,,,,,,,,,,,,,11.0,,,,186.0,,,,,,,,,P101072_RB,RB,,,,,18.0,,,331.0,,,4048.0,0,,284.0,,71.0,,,388.0,11.0,1583.0,,,,,,0,854.0,,,,484.0,,,,,,328.0,,,1682.0,635.0,,960.0,
,,,,15.0,,REGULAR_SEASON,,5.0,8.0,,,,14.0,Ike Camarillo,14.0,,12.0,,,,,,,,,,,44.0,,,1.0,,17.0,,,,,,,,,,,,,5.0,,,,111.0,,,,,,,,,P100990_RB,RB,,,,,15.0,,,105.0,,,1363.0,0,,106.0,,23.0,,,125.0,,496.0,,,,,,0,324.0,,,,162.0,,,,,,159.0,,,540.0,192.0,,305.0,
,,,,17.0,,REGULAR_SEASON,,8.0,11.0,,,,8.0,Langston Threadgill,6.0,,6.0,,,,,,,,,,,14.0,,,1.0,,17.0,,,,,,,,,,,,,7.0,,,,105.0,,,,,,,,,P100974_RB,RB,,,,,12.0,,,43.0,,,605.0,0,,92.0,,21.0,,,53.0,,218.0,,,,,,0,286.0,,,,68.0,,,,,,159.0,,,253.0,106.0,,112.0,
,,,,,,REGULAR_SEASON,,1.0,1.0,,,,1.0,Miller Lowery,0.0,,,,,,,,,,,,,0.0,,,,,2.0,,,,,,,,,,,,,2.0,,,,,,,,,,,,,P101015_WR,WR,,,,,,,,2.0,,,47.0,0,,77.0,,26.0,,,,,,,,,,,0,91.0,,,,4.0,,,,,,10.0,,,17.0,,,,
,,,,37.0,,REGULAR_SEASON,,46.0,98.0,,,,82.0,Randall Colwell,35.0,,30.0,,,,,,,,,,,181.0,,,3.0,,25.0,,,,,,,,,,,,,18.0,,,,143.0,,,,,,,,,P101112_RB,RB,,,,,15.0,,,375.0,,,4173.0,0,,261.0,,67.0,,,456.0,21.0,2168.0,,,,,,0,784.0,,,,563.0,,,,,,214.0,,,1651.0,1018.0,,1157.0,
,,,,22.0,,REGULAR_SEASON,,5.0,12.0,,,,17.0,Harlan Alfaro,4.0,,7.0,,,,,,,,,,,27.0,,,1.0,,12.0,,,,,,,,,,,,,5.0,,,,65.0,,,,,,,,,P100237_RB,RB,,,,,4.0,,,62.0,,,716.0,1,,78.0,,19.0,,,76.0,,336.0,,,,,,0,237.0,,,,95.0,,,,,,95.0,,,270.0,164.0,,172.0,
,,,,3.0,,REGULAR_SEASON,,1.0,3.0,,,,3.0,Augustus Quinones,0.0,,2.0,,,,,,,,,,,4.0,,,0.0,,4.0,,,,,,,,,,,,,4.0,,,,24.0,,,,,,,,,P100745_RB,RB,,,,,3.0,,,11.0,,,114.0,0,,17.0,,3.0,,,13.0,,64.0,,,,,,0,57.0,,,,14.0,,,,,,30.0,,,46.0,35.0,,29.0,
21.0,2.0,,,,,REGULAR_SEASON,,,,,,,,Sutton Aubert,,,,,,,,,,,,,,,1.0,,,,15.0,,,,26.0,,,,,,,,1.0,,,,,,,369.0,2.63,,,,3.0,,P100902_EDGE,EDGE,,,,42.0,,,12.0,,,,,0,,,,,,34.0,,,,,4.0,,,,0,648.0,10.0,,31.0,,,4.0,,,,120.0,,,,,,,
,,,,,,REGULAR_SEASON,,,,622.0,,,,Waylon Fielder,,,,,,,,,,,,,,,,15.0,,,16.0,,,,,,,,0.0,,,,8.0,,,,,,6.0,,,,,1487.7,6.0,,P101145_S,S,,,,,,,,,51.0,,,0,,,,,,14.0,,,,,,,,,0,808.0,40.0,,65.0,71.0,3.0,,,,,157.0,,,,,501.0,,13.06
,,,,,,REGULAR_SEASON,,4.0,10.0,,,,5.0,Langston Callender,3.0,,,,,,,,,,,,,3.0,,,,,10.0,,,,,,,,,,,,,7.0,,,,,,,,,,,,,P100744_TE,TE,,,,,,,,16.0,,,207.0,0,,321.0,,108.0,,,,,,,,,,,0,380.0,,,,34.0,,,,,,60.0,,,95.0,,,,
30.0,4.0,,,,,REGULAR_SEASON,,,,,,,,Laurent Oosterhout,,,,,,,,,,,,,,,3.0,,,,20.0,,,,14.0,,,,,,,,10.0,,,,,,,431.0,2.51,,,,3.0,,P100936_DT,DT,,,,30.0,,,10.0,,,,,0,,,,,,23.0,,,,,9.0,,,,0,758.0,21.0,,51.0,,,7.0,,,,188.0,,,,,,,
,,,,,,REGULAR_SEASON,,5.0,10.0,,,,6.0,Yardley Fleener,5.0,,,,,,,,,,,,,1.0,,,,,30.0,,,,,,,,,,,,,12.0,,,,,,,,,,,,,P101161_WR,WR,,,,,,,,31.0,,,526.0,0,,1089.0,,370.0,,,,,,,,,,,0,1285.0,,,,68.0,,,,,,316.0,,,211.0,,,,
42.0,2.0,,,,,REGULAR_SEASON,,,,,,,,Lyle Gaskins,,,,,,,,,,,,,,,5.0,,,,28.0,,,,31.0,,,,,,,,10.0,,,,,,,677.0,3.23,,,,8.0,,P101061_EDGE,EDGE,,,,47.0,,,8.0,,,,,0,,,,,,37.0,,,,,8.0,,,,0,1192.0,37.0,,79.0,,,12.0,,,,259.0,,,,,,,
1.0,0.0,,,,,REGULAR_SEASON,,,,,,,,Kolby Garrison,,,,,,,,,,,,,,,0.0,,,,1.0,,,,1.0,,,,,,,,0.0,,,,,,,19.0,0.07,,,,0.0,,P101016_DT,DT,,,,1.0,,,0.0,,,,,0,,,,,,1.0,,,,,0.0,,,,0,34.0,0.0,,1.0,,,0.0,,,,5.0,,,,,,,
,,,,,,REGULAR_SEASON,,,,1149.0,,,,Kavion Sigler,,,,,,,,,,,,,,,,14.0,,,30.0,,,,,,,,0.0,,,,12.0,,,,,,8.0,,,,,2551.7,5.0,,TEN_CB_08,CB,,,,,,,,,68.0,,,0,,,,,,20.0,,,,,,,,,0,1491.0,69.0,,113.0,118.0,5.0,,,,,278.0,,,,,777.0,,20.34
,,,,,,REGULAR_SEASON,,,,582.0,,,,Tucker Stonehouse,,,,,,,,,,,,,,,,5.0,,,15.0,,,,,,,,0.0,,,,6.0,,,,,,1.0,,,,,1412.1,1.0,,P101034_S,S,,,,,,,,,38.0,,,0,,,,,,9.0,,,,,,,,,0,754.0,32.0,,55.0,61.0,3.0,,,,,144.0,,,,,479.0,,12.49
,,,,,,REGULAR_SEASON,,4.0,14.0,,,,10.0,Dupree Benavides,7.0,,,,,,,,,,,,,7.0,,,,,24.0,,,,,,,,,,,,,8.0,,,,,,,,,,,,,P100932_WR,WR,,,,,,,,36.0,,2.0,528.0,0,,901.0,,307.0,,,,,,,,,,,0,1062.0,,,,79.0,,,,,,230.0,,,217.0,,,,
,,,,,,REGULAR_SEASON,,,,,,,,Osmond Wanogho,,,,,,,,,,,,,,,,,,,20.0,,,9.0,,34.0,,,,,,,,,,,1833.4,715.0,,,,,,,13.0,,P100872_OT,OT,,,,,48.0,,,,,,,0,,,70.0,581.0,214.0,,,,,,,5.0,,,0,1296.0,,20.0,,,,,,,,226.0,,,,,,,
44.0,4.0,,,,,REGULAR_SEASON,,,,,,,,Zaire Obadiah,,,,,,,,,,,,,,,4.0,,,,27.0,,,,35.0,,,,,,,,9.0,,,,,,,637.0,3.21,,,,7.0,,P101083_EDGE,EDGE,,,,49.0,,,5.0,,,,,0,,,,,,35.0,,,,,10.0,,,,0,1126.0,39.0,,83.0,,,11.0,,,,281.0,,,,,,,
,,,136.0,,,REGULAR_SEASON,,,,876.0,,,,Vince Batiste,,,,,,,,,,,,,,,,19.0,,,25.0,,,,,,,,2.0,,,,14.0,,,,,,8.0,,,,,1743.7,8.0,,P101107_LB,LB,,,,17.0,,,,,46.0,,,0,,,,,,19.0,,,,,3.0,,,,0,1139.0,86.0,,138.0,87.0,1.0,15.0,,,,245.0,,,,,555.0,,16.09
,,,214.0,,,REGULAR_SEASON,,,,1172.0,,,,Tucker Creswell,,,,,,,,,,,,,,,,14.0,,,34.0,,,,,,,,3.0,,,,25.0,,,,,,5.0,,,,,2790.3,13.0,,P100980_LB,LB,,,,20.0,,,,,94.0,,,0,,,,,,20.0,,,,,4.0,,,,0,1522.0,126.0,,194.0,142.0,1.0,21.0,,,,343.0,,,,,1200.0,,35.65
12.0,1.0,,,,,REGULAR_SEASON,,,,,,,,Maxton Torrence,,,,,,,,,,,,,,,1.0,,,,9.0,,,,7.0,,,,,,,,2.0,,,,,,,223.0,0.7,,,,0.0,,P100728_EDGE,EDGE,,,,10.0,,,3.0,,,,,1,,,,,,7.0,,,,,0.0,,,,0,393.0,8.0,,20.0,,,1.0,,,,69.0,,,,,,,
,,,,,,REGULAR_SEASON,,,,295.0,,,,Porter Donnelly,,,,,,,,,,,,,,,,7.0,,,8.0,,,,,,,,0.0,,,,4.0,,,,,,2.0,,,,,768.2,0.0,,P101111_CB,CB,,,,,,,,,27.0,,,0,,,,,,7.0,,,,,,,,,0,384.0,17.0,,29.0,43.0,3.0,,,,,57.0,,,,,301.0,,8.35
,,,,,,REGULAR_SEASON,,,,447.0,,,,Stellan Weatherspoon,,,,,,,,,,,,,,,,9.0,,,11.0,,,,,,,,0.0,,,,4.0,,,,,,3.0,,,,,1060.2,2.0,,P101153_S,S,,,,,,,,,33.0,,,0,,,,,,9.0,,,,,,,,,0,579.0,23.0,,41.0,46.0,1.0,,,,,116.0,,,,,405.0,,9.97
17.0,1.0,,,,,REGULAR_SEASON,,,,,,,,Larkin Mabry,,,,,,,,,,,,,,,1.0,,,,11.0,,,,7.0,,,,,,,,1.0,,,,,,,236.0,1.14,,,,1.0,,P100714_DT,DT,,,,11.0,,,2.0,,,,,0,,,,,,12.0,,,,,3.0,,,,0,415.0,13.0,,30.0,,,3.0,,,,124.0,,,,,,,
,,,,,,REGULAR_SEASON,,,,,,,,Carsen Brockman,,,,,,,,,,,,,,,,,,,17.0,,,4.0,,17.0,,,,,,,,,,,1625.5,629.0,,,,,,,7.0,,GB_OG_04,OG,,,,,23.0,,,,,,,0,,,41.0,510.0,232.0,,,,,,,2.0,,,0,1139.0,,17.0,,,,,,,,166.0,,,,,,,
,,,,,,REGULAR_SEASON,,,,616.0,,,,Wolfgang Tolbert,,,,,,,,,,,,,,,,6.0,,,16.0,,,,,,,,0.0,,,,13.0,,,,,,4.0,,,,,1312.7,9.0,,P100967_CB,CB,,,,,,,,,35.0,,,0,,,,,,12.0,,,,,,,,,0,799.0,39.0,,65.0,65.0,3.0,,,,,114.0,,,,,377.0,,9.89
,,,,2.0,,REGULAR_SEASON,,0.0,2.0,,,,1.0,Mariano Cundiff,0.0,,0.0,,,,,,,,,,,3.0,,,0.0,,3.0,,,,,,,,,,,,,2.0,,,,14.0,,,,,,,,,P100929_RB,RB,,,,,1.0,,,7.0,,,93.0,0,,14.0,,3.0,,,9.0,,41.0,,,,,,0,44.0,,,,12.0,,,,,,22.0,,,26.0,21.0,,20.0,
40.0,4.0,,,,,REGULAR_SEASON,,,,,,,,Tomas Wallenstein,,,,,,,,,,,,,,,1.0,,,,25.0,,,,32.0,,,,,,,,7.0,,,,,,,541.0,3.18,,,,3.0,,P101060_DT,DT,,,,45.0,,,8.0,,,,,0,,,,,,32.0,,,,,7.0,,,,0,953.0,33.0,,73.0,,,8.0,,,,213.0,,,,,,,
,,,,,,REGULAR_SEASON,,1.0,6.0,,,,4.0,Zane Landry,0.0,,,,,,,,,,,,,2.0,,,,,12.0,,,,,,,,,,,,,3.0,,,,,,,,,,,,,P100955_WR,WR,,,,,,,,16.0,,1.0,254.0,0,,449.0,,153.0,,,,,,,,,,,0,529.0,,,,36.0,,,,,,101.0,,,106.0,,,,
,,,,,,REGULAR_SEASON,,0.0,0.0,,,,1.0,Eero Telfer,0.0,,,,,,,,,,,,,0.0,,,,,5.0,,,,,,,,,,,,,1.0,,,,,,,,,,,,,P100926_TE,TE,,,,,,,,5.0,,,65.0,0,,170.0,,57.0,,,,,,,,,,,0,200.0,,,,9.0,,,,,,22.0,,,24.0,,,,
,,,,,,REGULAR_SEASON,,2.0,3.0,,,,6.0,Roderick Shreve,3.0,,,,,,,,,,,,,0.0,,,,,14.0,,,,,,,,,,,,,6.0,,,,,,,,,,,,,P101187_WR,WR,,,,,,,,14.0,,,221.0,0,,522.0,,179.0,,,,,,,,,,,0,615.0,,,,28.0,,,,,,130.0,,,88.0,,,,
,,,,,,REGULAR_SEASON,,,,,,,,Osiris Roundtree,,,,,,,,,,,,,,,,,,,1.0,233.0,,,,,0.0,0.0,,,59.0,,,,201.0,,,,,,,,,,,,P100383_P,P,,,,,,5.0,,,,,,0,32.0,,,,,,,,,,,,,,0,5.0,,,,,,,,0.0,,7.0,,,,,,,
,,,,4.0,,REGULAR_SEASON,,2.0,2.0,,,,3.0,Maverick Sullivan,3.0,,1.0,,,,,,,,,,,5.0,,,0.0,,9.0,,,,,,,,,,,,,2.0,,,,48.0,,,,,,,,,P100147_RB,RB,,,,,5.0,,,23.0,,,293.0,0,,37.0,,8.0,,,28.0,,136.0,,,,,,0,119.0,,,,36.0,,,,,,88.0,,,125.0,76.0,,60.0,
,,,145.0,,,REGULAR_SEASON,,,,854.0,,,,Yardley Hooker,,,,,,,,,,,,,,,,14.0,,,24.0,,,,,,,,1.0,,,,16.0,,,,,,9.0,,,,,1742.8,5.0,,P100738_LB,LB,,,,23.0,,,,,48.0,,,0,,,,,,18.0,,,,,4.0,,,,0,1108.0,99.0,,151.0,85.0,2.0,26.0,,,,268.0,,,,,500.0,,14.18
,,,13.0,,,REGULAR_SEASON,,,,66.0,,,,Dax Eldridge,,,,,,,,,,,,,,,,4.0,,,2.0,,,,,,,,0.0,,,,0.0,,,,,,2.0,,,,,301.4,1.0,,PHI_LB_06,LB,,,,3.0,,,,,6.0,,,0,,,,,,2.0,,,,,0.0,,,,0,86.0,7.0,,11.0,7.0,3.0,4.0,,,,15.0,,,,,75.0,,2.34
,,,,,,REGULAR_SEASON,,,,,,,,Onyx Ratliff,,,,2.0,1.0,1.0,0.0,2.0,0.0,0.0,1.0,0.0,2.0,,,,,,1.0,,1.0,,,,,,,5.0,,0.0,,,,,,,,,,,,,,,P100678_K,K,,,,,,,,,,,,0,,,,,,,,,,,,,,,0,6.0,,,,,,,,3.0,,8.0,2.0,2.0,,,,,
,,15.0,,,135.0,REGULAR_SEASON,137.0,,,,25.0,11.0,,Ellis Vitiello,,8.0,,,,,,,,,,,,67.0,,,1.0,1.0,6.0,,,,,,,,2.0,,,,,,,197.0,,,,,,7.0,1505.0,,,54.0,SF_QB_03,QB,62.0,29.0,261.0,,,,,,,,,0,,,,,,,17.0,,57.0,65.0,,,11.0,12.0,0,370.0,,6.0,,,,,11.0,,11.0,53.0,,,,,,,
2.0,0.0,,,,,REGULAR_SEASON,,,,,,,,Manny Gauthier,,,,,,,,,,,,,,,0.0,,,,1.0,,,,0.0,,,,,,,,0.0,,,,,,,23.0,0.16,,,,1.0,,GB_DT_03,DT,,,,2.0,,,1.0,,,,,1,,,,,,1.0,,,,,1.0,,,,0,41.0,2.0,,4.0,,,1.0,,,,8.0,,,,,,,
,,,,,,REGULAR_SEASON,,,,,,,,Stefano Zimmerman,,,,,,,,,,,,,,,,,,,3.0,668.0,,,,,1.0,2.0,,,180.0,,,,596.0,,,,,,,,,,,,P100964_P,P,,,,,,15.0,,,,,,0,72.0,,,,,,,,,,,,,,0,15.0,,,,,,,,1.0,,25.0,,,,,,,
,,0.0,,,44.0,REGULAR_SEASON,44.0,,,,9.0,6.0,,Atticus Sagapolutele,,5.0,,,,,,,,,,,,22.0,,,0.0,0.0,2.0,,,,,,,,4.0,,,,,,,69.0,,,,,,4.0,551.0,,,20.0,P101022_QB,QB,25.0,6.0,44.0,,,,,,,,,0,,,,,,,11.0,,46.0,25.0,,,4.0,7.0,0,126.0,,2.0,,,,,4.0,,10.0,18.0,,,,,,,
,,,,,,REGULAR_SEASON,,,,,,,,Quill Danforth,,,,,,,,,,,,,,,,,,,5.0,,,1.0,,8.0,,,,,,,,,,,475.4,181.0,,,,,,,1.0,,KC_C_03,C,,,,,9.0,,,,,,,0,,,15.0,148.0,67.0,,,,,,,0.0,,,0,329.0,,5.0,,,,,,,,62.0,,,,,,,
,,,,,,REGULAR_SEASON,,,,,,,,Jaheim Labriola,,,,5.0,2.0,2.0,1.0,1.0,4.0,2.0,2.0,1.0,1.0,,,,,,2.0,,0.0,,,,,,,9.0,,90.0,,,,,,,,,,,,,,,IND_K_02,K,,,,,,,,,,,,0,,,,,,,,,,,,,,,0,12.0,,,,,,,,9.0,,19.0,3.0,2.0,,,,,
,,,,,,REGULAR_SEASON,,8.0,17.0,,,,20.0,Seamus Santoro,7.0,,,,,,,,,,,,,21.0,,,,,19.0,,,,,,,,,,,,,13.0,,,,,,,,,,,,,P100708_WR,WR,,,,,,,,57.0,,8.0,769.0,0,,708.0,,242.0,,,,,,,,,,,0,835.0,,,,105.0,,,,,,184.0,,,312.0,,,,
,,,,,,REGULAR_SEASON,,,,,,,,Crosby Wanogho,,,,38.0,10.0,9.0,10.0,5.0,32.0,7.0,5.0,8.0,4.0,,,,,,25.0,,2.0,,,,,,,91.0,,942.0,,,,,,,,,,,,,,,DET_K_02,K,,,,,,,,,,,,0,,,,,,,,,,,,,,,0,150.0,,,,,,,,60.0,,254.0,40.0,38.0,,,,,
34.0,6.0,,,,,REGULAR_SEASON,,,,,,,,Manny Langford,,,,,,,,,,,,,,,1.0,,,,24.0,,,,33.0,,,,,,,,5.0,,,,,,,586.0,3.39,,,,5.0,,P100977_EDGE,EDGE,,,,56.0,,,17.0,,,,,0,,,,,,39.0,,,,,6.0,,,,0,1031.0,29.0,,63.0,,,9.0,,,,249.0,,,,,,,
,,,,,,REGULAR_SEASON,,,,,,,,Kruz Buckner,,,,,,,,,,,,,,,,,,,20.0,,,9.0,,23.0,,,,,,,,,,,1880.4,718.0,,,,,,,10.0,,BUF_OT_06,OT,,,,,35.0,,,,,,,0,,,56.0,588.0,230.0,,,,,,,3.0,,,0,1306.0,,20.0,,,,,,,,191.0,,,,,,,
,,,,,,REGULAR_SEASON,,2.0,4.0,,,,5.0,Travon Rowlett,2.0,,,,,,,,,,,,,1.0,,,,,12.0,,,,,,,,,,,,,3.0,,,,,,,,,,,,,P101043_WR,WR,,,,,,,,16.0,,,223.0,0,,459.0,,155.0,,,,,,,,,,,0,540.0,,,,30.0,,,,,,139.0,,,86.0,,,,
,,,,,,REGULAR_SEASON,,0.0,0.0,,,,1.0,Rocky Hennessy,0.0,,,,,,,,,,,,,0.0,,,,,3.0,,,,,,,,,,,,,0.0,,,,,,,,,,,,,P100972_WR,WR,,,,,,,,3.0,,,57.0,0,,104.0,,35.0,,,,,,,,,,,0,123.0,,,,6.0,,,,,,35.0,,,19.0,,,,
,,,,,,REGULAR_SEASON,,0.0,1.0,,,,1.0,Woodrow Ennis,1.0,,,,,,,,,,,,,0.0,,,,,3.0,,,,,,,,,,,,,1.0,,,,,,,,,,,,,P101011_WR,WR,,,,,,,,4.0,,,50.0,0,,113.0,,38.0,,,,,,,,,,,0,133.0,,,,8.0,,,,,,35.0,,,25.0,,,,
,,,,,,REGULAR_SEASON,,1.0,1.0,,,,3.0,Lawson McGlinchey,0.0,,,,,,,,,,,,,0.0,,,,,4.0,,,,,,,,,,,,,1.0,,,,,,,,,,,,,P101009_TE,TE,,,,,,,,4.0,,,57.0,0,,128.0,,44.0,,,,,,,,,,,0,151.0,,,,6.0,,,,,,50.0,,,19.0,,,,
,,24.0,,,231.0,REGULAR_SEASON,227.0,,,,35.0,16.0,,Yosef Jernigan,,9.0,,,,,,,,,,,,110.0,,,1.0,1.0,10.0,,,,,,,,10.0,,,,,,,334.0,,,,,,18.0,2259.0,,,90.0,P101106_QB,QB,103.0,42.0,394.0,,,,,,,,,0,,,,,,,21.0,,112.0,164.0,,,22.0,10.0,0,632.0,,10.0,,,,,10.0,,18.0,114.0,,,,,,,
23.0,5.0,,,,,REGULAR_SEASON,,,,,,,,Demetrius Joplin,,,,,,,,,,,,,,,2.0,,,,20.0,,,,23.0,,,,,,,,5.0,,,,,,,434.0,2.62,,,,5.0,,P100497_DT,DT,,,,40.0,,,13.0,,,,,0,,,,,,30.0,,,,,4.0,,,,0,764.0,21.0,,44.0,,,7.0,,,,187.0,,,,,,,
,,,,,,REGULAR_SEASON,,,,,,,,Ollie Jessup,,,,,,,,,,,,,,,,,,,4.0,,,3.0,,6.0,,,,,,,,,,,360.2,158.0,,,,,,,1.0,,P100466_C,C,,,,,11.0,,,,,,,0,,,13.0,125.0,47.0,,,,,,,2.0,,,0,283.0,,4.0,,,,,,,,55.0,,,,,,,
,,14.0,,,127.0,REGULAR_SEASON,129.0,,,,16.0,6.0,,Mikael Calloway,,12.0,,,,,,,,,,,,59.0,,,0.0,0.0,6.0,,,,,,,,3.0,,,,,,,193.0,,,,,,9.0,1239.0,,,36.0,BUF_QB_03,QB,66.0,28.0,247.0,,,,,,,,,0,,,,,,,17.0,,50.0,108.0,,,15.0,7.0,0,373.0,,6.0,,,,,9.0,,10.0,67.0,,,,,,,
,,,,0.0,,REGULAR_SEASON,,1.0,2.0,,,,5.0,Terrell Cordray,0.0,,2.0,,,,,,,,,,,3.0,,,0.0,,4.0,,,,,,,,,,,,,0.0,,,,16.0,,,,,,,,,PHI_RB_04,RB,,,,,2.0,,,9.0,,,144.0,1,,27.0,,6.0,,,11.0,,55.0,,,,,,0,81.0,,,,16.0,,,,,,56.0,,,45.0,31.0,,24.0,
31.0,3.0,,,,,REGULAR_SEASON,,,,,,,,Corbin Wilkerson,,,,,,,,,,,,,,,0.0,,,,20.0,,,,20.0,,,,,,,,4.0,,,,,,,424.0,2.67,,,,6.0,,P100405_DT,DT,,,,34.0,,,13.0,,,,,0,,,,,,27.0,,,,,2.0,,,,0,749.0,24.0,,55.0,,,7.0,,,,176.0,,,,,,,
,,,,,,REGULAR_SEASON,,,,,,,,Miles Ingold,,,,,,,,,,,,,,,,,,,10.0,,,6.0,,20.0,,,,,,,,,,,909.0,362.0,,,,,,,2.0,,P100713_OG,OG,,,,,28.0,,,,,,,0,,,24.0,293.0,105.0,,,,,,,2.0,,,0,655.0,,10.0,,,,,,,,123.0,,,,,,,
4.0,1.0,,,,,REGULAR_SEASON,,,,,,,,Stellan Bracken,,,,,,,,,,,,,,,0.0,,,,3.0,,,,4.0,,,,,,,,0.0,,,,,,,63.0,0.54,,,,0.0,,P100096_DT,DT,,,,5.0,,,0.0,,,,,0,,,,,,7.0,,,,,1.0,,,,0,111.0,3.0,,7.0,,,2.0,,,,44.0,,,,,,,
,,,,,,REGULAR_SEASON,,,,118.0,,,,Harlan Hadley,,,,,,,,,,,,,,,,2.0,,,3.0,,,,,,,,0.0,,,,0.0,,,,,,1.0,,,,,225.0,2.0,,P101050_CB,CB,,,,,,,,,6.0,,,0,,,,,,3.0,,,,,,,,,0,154.0,2.0,,5.0,12.0,0.0,,,,,21.0,,,,,47.0,,1.18
,,4.0,,,30.0,REGULAR_SEASON,25.0,,,,6.0,3.0,,Hector Whitehurst,,1.0,,,,,,,,,,,,11.0,,,0.0,0.0,1.0,,,,,,,,1.0,,,,,,,38.0,,,,,,1.0,176.0,,,14.0,NE_QB_02,QB,8.0,2.0,19.0,,,,,,,,,0,,,,,,,4.0,,11.0,19.0,,,3.0,2.0,0,61.0,,1.0,,,,,1.0,,2.0,17.0,,,,,,,
,,,,,,REGULAR_SEASON,,,,42.0,,,,Brogan Siemian,,,,,,,,,,,,,,,,0.0,,,1.0,,,,,,,,0.0,,,,1.0,,,,,,0.0,,,,,99.2,0.0,,P101057_S,S,,,,,,,,,5.0,,,0,,,,,,0.0,,,,,,,,,0,55.0,2.0,,3.0,5.0,0.0,,,,,17.0,,,,,39.0,,0.93
,,,,,,REGULAR_SEASON,,,,695.0,,,,Tristan Randle,,,,,,,,,,,,,,,,10.0,,,19.0,,,,,,,,2.0,,,,7.0,,,,,,5.0,,,,,1757.8,1.0,,P101194_CB,CB,,,,,,,,,52.0,,,0,,,,,,15.0,,,,,,,,,0,899.0,42.0,,71.0,81.0,5.0,,,,,173.0,,,,,577.0,,15.9
,,,,,,REGULAR_SEASON,,,,,,,,Nasir Deakins,,,,,,,,,,,,,,,,,,,2.0,324.0,,,,,2.0,3.0,,,97.0,,,,292.0,,,,,,,,,,,,P101173_P,P,,,,,,7.0,,,,,,0,32.0,,,,,,,,,,,,,,0,10.0,,,,,,,,0.0,,19.0,,,,,,,
,,,,,,REGULAR_SEASON,,,,,,,,Hudson Milliner,,,,,,,,,,,,,,,,,,,18.0,,,9.0,,19.0,,,,,,,,,,,1681.2,648.0,,,,,,,12.0,,PIT_C_03,C,,,,,32.0,,,,,,,0,,,61.0,524.0,197.0,,,,,,,4.0,,,0,1172.0,,18.0,,,,,,,,177.0,,,,,,,
,,,,,,REGULAR_SEASON,,,,,,,,Marlon Dashiell,,,,,,,,,,,,,,,,,,,14.0,,,4.0,,15.0,,,,,,,,,,,1327.4,502.0,,,,,,,9.0,,P101261_OG,OG,,,,,21.0,,,,,,,0,,,26.0,406.0,183.0,,,,,,,2.0,,,0,908.0,,14.0,,,,,,,,99.0,,,,,,,
,,,,29.0,,REGULAR_SEASON,,20.0,34.0,,,,31.0,Kojo Dargan,15.0,,23.0,,,,,,,,,,,84.0,,,0.0,,13.0,,,,,,,,,,,,,11.0,,,,71.0,,,,,,,,,P101365_RB,RB,,,,,4.0,,,171.0,,,1876.0,0,,135.0,,33.0,,,200.0,7.0,915.0,,,,,,0,405.0,,,,249.0,,,,,,99.0,,,675.0,447.0,,468.0,
23.0,1.0,,,,,REGULAR_SEASON,,,,,,,,Juelz Rainsberger,,,,,,,,,,,,,,,2.0,,,,14.0,,,,17.0,,,,,,,,3.0,,,,,,,349.0,1.34,,,,2.0,,P101425_EDGE,EDGE,,,,24.0,,,6.0,,,,,0,,,,,,13.0,,,,,1.0,,,,0,613.0,20.0,,43.0,,,8.0,,,,97.0,,,,,,,
12.0,1.0,,,,,REGULAR_SEASON,,,,,,,,Quill Bainbridge,,,,,,,,,,,,,,,1.0,,,,8.0,,,,11.0,,,,,,,,4.0,,,,,,,176.0,1.21,,,,2.0,,P100716_DT,DT,,,,19.0,,,6.0,,,,,0,,,,,,15.0,,,,,3.0,,,,0,309.0,10.0,,22.0,,,7.0,,,,38.0,,,,,,,
,,,80.0,,,REGULAR_SEASON,,,,497.0,,,,Kobe Willingham,,,,,,,,,,,,,,,,11.0,,,15.0,,,,,,,,0.0,,,,3.0,,,,,,8.0,,,,,1384.0,5.0,,P101500_LB,LB,,,,7.0,,,,,40.0,,,0,,,,,,15.0,,,,,1.0,,,,0,647.0,43.0,,68.0,57.0,2.0,8.0,,,,109.0,,,,,477.0,,14.59
,,,,,,REGULAR_SEASON,,,,583.0,,,,Warrick Crandall,,,,,,,,,,,,,,,,11.0,,,15.0,,,,,,,,2.0,,,,3.0,,,,,,7.0,,,,,1025.2,5.0,,P101410_CB,CB,,,,,,,,,25.0,,,0,,,,,,7.0,,,,,,,,,0,756.0,31.0,,55.0,46.0,0.0,,,,,129.0,,,,,334.0,,8.71
,,,,,,REGULAR_SEASON,,,,,,,,Isaias Kilgore,,,,25.0,7.0,5.0,6.0,8.0,19.0,6.0,3.0,4.0,5.0,,,,,,17.0,,2.0,,,,,,,68.0,,506.0,,,,,,,,,,,,,,,P101156_K,K,,,,,,,,,,,,0,,,,,,,,,,,,,,,0,102.0,,,,,,,,41.0,,136.0,30.0,30.0,,,,,
,,,,29.0,,REGULAR_SEASON,,32.0,58.0,,,,63.0,Sylas Cadwell,17.0,,32.0,,,,,,,,,,,130.0,,,2.0,,17.0,,,,,,,,,,,,,7.0,,,,83.0,,,,,,,,,P101233_RB,RB,,,,,9.0,,,256.0,,,2696.0,0,,173.0,,45.0,,,290.0,8.0,1226.0,,,,,,0,520.0,,,,370.0,,,,,,143.0,,,1062.0,529.0,,697.0,
,,,,35.0,,REGULAR_SEASON,,14.0,24.0,,,,16.0,Wolfgang Wisniewski,12.0,,14.0,,,,,,,,,,,63.0,,,1.0,,17.0,,,,,,,,,,,,,11.0,,,,92.0,,,,,,,,,P101350_RB,RB,,,,,7.0,,,126.0,,,1344.0,0,,118.0,,28.0,,,142.0,,609.0,,,,,,0,367.0,,,,182.0,,,,,,143.0,,,496.0,282.0,,327.0,
3.0,2.0,,,,,REGULAR_SEASON,,,,,,,,Demetrius Ravenel,,,,,,,,,,,,,,,0.0,,,,3.0,,,,2.0,,,,,,,,2.0,,,,,,,81.0,0.32,,,,0.0,,P101307_EDGE,EDGE,,,,4.0,,,1.0,,,,,0,,,,,,7.0,,,,,1.0,,,,0,143.0,2.0,,5.0,,,1.0,,,,30.0,,,,,,,
,,,,,,REGULAR_SEASON,,,,36.0,,,,Cooper Windham,,,,,,,,,,,,,,,,0.0,,,1.0,,,,,,,,0.0,,,,0.0,,,,,,0.0,,,,,95.8,0.0,,P101283_CB,CB,,,,,,,,,4.0,,,0,,,,,,2.0,,,,,,,,,0,47.0,2.0,,4.0,6.0,0.0,,,,,1.0,,,,,55.0,,1.53
,,,,27.0,,REGULAR_SEASON,,7.0,11.0,,,,13.0,Ward Dobbins,1.0,,2.0,,,,,,,,,,,19.0,,,0.0,,17.0,,,,,,,,,,,,,12.0,,,,93.0,,,,,,,,,P101401_RB,RB,,,,,7.0,,,51.0,,,669.0,0,,82.0,,18.0,,,59.0,,293.0,,,,,,0,263.0,,,,78.0,,,,,,145.0,,,241.0,151.0,,142.0,
,,,,,,REGULAR_SEASON,,,,,,,,Kruz Carvalho,,,,,,,,,,,,,,,,,,,17.0,,,5.0,,14.0,,,,,,,,,,,1565.6,626.0,,,,,,,6.0,,SF_OG_05,OG,,,,,26.0,,,,,,,0,,,52.0,507.0,201.0,,,,,,,10.0,,,0,1133.0,,17.0,,,,,,,,145.0,,,,,,,
23.0,1.0,,,,,REGULAR_SEASON,,,,,,,,Axel Jessup,,,,,,,,,,,,,,,2.0,,,,15.0,,,,24.0,,,,,,,,5.0,,,,,,,393.0,2.05,,,,2.0,,P101193_EDGE,EDGE,,,,34.0,,,9.0,,,,,0,,,,,,22.0,,,,,1.0,,,,0,693.0,16.0,,39.0,,,8.0,,,,136.0,,,,,,,
19.0,0.0,,,,,REGULAR_SEASON,,,,,,,,Merrick Gwaltney,,,,,,,,,,,,,,,0.0,,,,12.0,,,,10.0,,,,,,,,6.0,,,,,,,245.0,1.17,,,,3.0,,P101471_DT,DT,,,,15.0,,,4.0,,,,,0,,,,,,10.0,,,,,2.0,,,,0,433.0,20.0,,39.0,,,7.0,,,,78.0,,,,,,,
,,,110.0,,,REGULAR_SEASON,,,,618.0,,,,Kaden Ulbrich,,,,,,,,,,,,,,,,13.0,,,17.0,,,,,,,,0.0,,,,5.0,,,,,,9.0,,,,,1327.4,4.0,,P101470_LB,LB,,,,16.0,,,,,41.0,,,0,,,,,,15.0,,,,,2.0,,,,0,801.0,61.0,,98.0,72.0,1.0,19.0,,,,145.0,,,,,428.0,,11.54
,,,,,,REGULAR_SEASON,,,,160.0,,,,Boone Cavanaugh,,,,,,,,,,,,,,,,3.0,,,4.0,,,,,,,,0.0,,,,1.0,,,,,,0.0,,,,,417.4,0.0,,P101181_CB,CB,,,,,,,,,8.0,,,0,,,,,,0.0,,,,,,,,,0,208.0,7.0,,12.0,12.0,1.0,,,,,22.0,,,,,98.0,,2.38
,,,,,,REGULAR_SEASON,,,,593.0,,,,Desmond Nunnally,,,,,,,,,,,,,,,,7.0,,,15.0,,,,,,,,0.0,,,,9.0,,,,,,3.0,,,,,1473.3,5.0,,CLE_S_05,S,,,,,,,,,47.0,,,0,,,,,,9.0,,,,,,,,,0,771.0,31.0,,52.0,75.0,5.0,,,,,124.0,,,,,582.0,,14.68
,,,,,,REGULAR_SEASON,,,,667.0,,,,Braxton Garrison,,,,,,,,,,,,,,,,6.0,,,17.0,,,,,,,,0.0,,,,4.0,,,,,,3.0,,,,,1710.7,8.0,,P101361_S,S,,,,,,,,,57.0,,,0,,,,,,16.0,,,,,,,,,0,867.0,40.0,,66.0,84.0,6.0,,,,,138.0,,,,,749.0,,19.23
,,,,15.0,,REGULAR_SEASON,,27.0,51.0,,,,34.0,Palmer Verrett,23.0,,28.0,,,,,,,,,,,100.0,,,1.0,,17.0,,,,,,,,,,,,,9.0,,,,106.0,,,,,,,,,P101223_RB,RB,,,,,5.0,,,196.0,,,2317.0,0,,161.0,,41.0,,,258.0,12.0,1012.0,,,,,,0,485.0,,,,313.0,,,,,,148.0,,,930.0,373.0,,666.0,
,,,,17.0,,REGULAR_SEASON,,2.0,10.0,,,,6.0,Rafferty Timmerman,3.0,,4.0,,,,,,,,,,,11.0,,,1.0,,17.0,,,,,,,,,,,,,2.0,,,,91.0,,,,,,,,,P101280_RB,RB,,,,,15.0,,,37.0,,,512.0,0,,89.0,,19.0,,,51.0,,219.0,,,,,,0,275.0,,,,64.0,,,,,,148.0,,,227.0,97.0,,122.0,
,,,,,,REGULAR_SEASON,,,,,,,,Fabian Dupree,,,,,,,,,,,,,,,,,,,17.0,,,9.0,,16.0,,,,,,,,,,,1591.2,613.0,,,,,,,6.0,,P101286_C,C,,,,,29.0,,,,,,,0,,,42.0,492.0,194.0,,,,,,,4.0,,,0,1105.0,,17.0,,,,,,,,148.0,,,,,,,
,,,,,,REGULAR_SEASON,,,,657.0,,,,Weston Slocum,,,,,,,,,,,,,,,,11.0,,,17.0,,,,,,,,3.0,,,,2.0,,,,,,8.0,,,,,1314.4,3.0,,P101368_CB,CB,,,,,,,,,32.0,,,0,,,,,,12.0,,,,,,,,,0,853.0,37.0,,62.0,56.0,3.0,,,,,148.0,,,,,421.0,,11.05
,,,,,,REGULAR_SEASON,,,,656.0,,,,Saxon Fleener,,,,,,,,,,,,,,,,10.0,,,17.0,,,,,,,,1.0,,,,8.0,,,,,,5.0,,,,,1670.1,6.0,,P101253_CB,CB,,,,,,,,,44.0,,,0,,,,,,13.0,,,,,,,,,0,850.0,34.0,,62.0,64.0,6.0,,,,,148.0,,,,,570.0,,14.84
,,,,,,REGULAR_SEASON,,,,,,,,Ford Crandall,,,,,,,,,,,,,,,,,,,14.0,,,7.0,,15.0,,,,,,,,,,,1320.3,519.0,,,,,,,6.0,,P101378_OT,OT,,,,,24.0,,,,,,,0,,,27.0,421.0,193.0,,,,,,,2.0,,,0,940.0,,14.0,,,,,,,,117.0,,,,,,,
28.0,4.0,,,,,REGULAR_SEASON,,,,,,,,Jomari Padgett,,,,,,,,,,,,,,,2.0,,,,17.0,,,,13.0,,,,,,,,5.0,,,,,,,416.0,2.09,,,,5.0,,P101256_EDGE,EDGE,,,,26.0,,,6.0,,,,,0,,,,,,20.0,,,,,9.0,,,,0,734.0,22.0,,50.0,,,3.0,,,,158.0,,,,,,,
,,,120.0,,,REGULAR_SEASON,,,,581.0,,,,Ludwig Zeitler,,,,,,,,,,,,,,,,7.0,,,17.0,,,,,,,,0.0,,,,13.0,,,,,,4.0,,,,,1574.9,6.0,,P101020_LB,LB,,,,15.0,,,,,49.0,,,0,,,,,,14.0,,,,,2.0,,,,0,755.0,62.0,,95.0,76.0,4.0,11.0,,,,158.0,,,,,614.0,,17.57
,,,,20.0,,REGULAR_SEASON,,4.0,12.0,,,,9.0,Tristan Lyerly,4.0,,5.0,,,,,,,,,,,19.0,,,1.0,,16.0,,,,,,,,,,,,,5.0,,,,96.0,,,,,,,,,P101196_RB,RB,,,,,12.0,,,48.0,,,662.0,0,,90.0,,21.0,,,54.0,,243.0,,,,,,0,279.0,,,,71.0,,,,,,141.0,,,274.0,119.0,,124.0,
,,,,,,REGULAR_SEASON,,,,685.0,,,,Asa Ugwoegbu,,,,,,,,,,,,,,,,14.0,,,17.0,,,,,,,,0.0,,,,10.0,,,,,,9.0,,,,,1562.4,3.0,,P101205_S,S,,,,,,,,,45.0,,,0,,,,,,13.0,,,,,,,,,0,887.0,44.0,,76.0,67.0,6.0,,,,,159.0,,,,,456.0,,11.32
,,,,22.0,,REGULAR_SEASON,,24.0,53.0,,,,51.0,Egan Malbrough,7.0,,16.0,,,,,,,,,,,116.0,,,1.0,,17.0,,,,,,,,,,,,,13.0,,,,92.0,,,,,,,,,P101329_RB,RB,,,,,12.0,,,234.0,,,2628.0,0,,169.0,,43.0,,,277.0,10.0,1157.0,,,,,,0,502.0,,,,339.0,,,,,,149.0,,,1111.0,493.0,,664.0,
,,,,9.0,,REGULAR_SEASON,,9.0,18.0,,,,13.0,Trey Kerrigan,7.0,,7.0,,,,,,,,,,,31.0,,,1.0,,11.0,,,,,,,,,,,,,2.0,,,,61.0,,,,,,,,,P101344_RB,RB,,,,,5.0,,,70.0,,,812.0,0,,70.0,,19.0,,,83.0,,351.0,,,,,,0,213.0,,,,101.0,,,,,,102.0,,,327.0,151.0,,200.0,
,,,,7.0,,REGULAR_SEASON,,9.0,24.0,,,,14.0,Jelani Ratliff,4.0,,5.0,,,,,,,,,,,25.0,,,0.0,,16.0,,,,,,,,,,,,,3.0,,,,88.0,,,,,,,,,P101492_RB,RB,,,,,6.0,,,68.0,,,837.0,0,,95.0,,22.0,,,81.0,,361.0,,,,,,0,298.0,,,,103.0,,,,,,135.0,,,357.0,176.0,,185.0,
,,,,,,REGULAR_SEASON,,1.0,6.0,,,,4.0,Camden Washburn,3.0,,,,,,,,,,,,,1.0,,,,,10.0,,,,,,,,,,,,,4.0,,,,,,,,,,,,,P101374_WR,WR,,,,,,,,11.0,,,182.0,0,,379.0,,130.0,,,,,,,,,,,0,447.0,,,,23.0,,,,,,82.0,,,91.0,,,,
,,,,,,REGULAR_SEASON,,4.0,8.0,,,,15.0,Emmett Fanning,5.0,,,,,,,,,,,,,20.0,,,,,11.0,,,,,,,,,,,,,8.0,,,,,,,,,,,,,P100518_TE,TE,,,,,,,,45.0,,,540.0,0,,365.0,,125.0,,,,,,,,,,,0,432.0,,,,75.0,,,,,,102.0,,,217.0,,,,
,,,,,,REGULAR_SEASON,,,,,,,,Terrell Donnelly,,,,,,,,,,,,,,,,,,,17.0,,,6.0,,12.0,,,,,,,,,,,1611.5,604.0,,,,,,,9.0,,P101042_OG,OG,,,,,22.0,,,,,,,0,,,44.0,495.0,186.0,,,,,,,4.0,,,0,1099.0,,17.0,,,,,,,,149.0,,,,,,,
,,,,,,REGULAR_SEASON,,,,638.0,,,,Woodrow Wyckoff,,,,,,,,,,,,,,,,12.0,,,17.0,,,,,,,,2.0,,,,4.0,,,,,,5.0,,,,,1514.8,3.0,,P100987_CB,CB,,,,,,,,,53.0,,,0,,,,,,13.0,,,,,,,,,0,824.0,36.0,,59.0,78.0,4.0,,,,,149.0,,,,,573.0,,15.58
,,,,17.0,,REGULAR_SEASON,,11.0,24.0,,,,20.0,Kermit Quigley,6.0,,10.0,,,,,,,,,,,41.0,,,1.0,,17.0,,,,,,,,,,,,,12.0,,,,89.0,,,,,,,,,P100605_RB,RB,,,,,6.0,,,96.0,,,1080.0,0,,114.0,,28.0,,,120.0,,515.0,,,,,,0,348.0,,,,152.0,,,,,,140.0,,,461.0,219.0,,298.0,
,,,,,,REGULAR_SEASON,,6.0,21.0,,,,22.0,Ivan Tranquill,7.0,,,,,,,,,,,,,28.0,,,,,17.0,,,,,,,,,,,,,10.0,,,,,,,,,,,,,P101304_WR,WR,,,,,,,,73.0,,3.0,878.0,0,,642.0,,218.0,,,,,,,,,,,0,758.0,,,,143.0,,,,,,140.0,,,344.0,,,,
,,,,,,REGULAR_SEASON,,,,,,,,Terrell Ballinger,,,,,,,,,,,,,,,,,,,10.0,,,6.0,,16.0,,,,,,,,,,,904.9,357.0,,,,,,,5.0,,P101371_C,C,,,,,24.0,,,,,,,0,,,24.0,291.0,107.0,,,,,,,4.0,,,0,648.0,,10.0,,,,,,,,58.0,,,,,,,
27.0,3.0,,,,,REGULAR_SEASON,,,,,,,,Jesse Bouchard,,,,,,,,,,,,,,,1.0,,,,17.0,,,,22.0,,,,,,,,11.0,,,,,,,427.0,1.97,,,,3.0,,P101353_EDGE,EDGE,,,,35.0,,,3.0,,,,,0,,,,,,23.0,,,,,10.0,,,,0,752.0,18.0,,45.0,,,8.0,,,,140.0,,,,,,,
,,,105.0,,,REGULAR_SEASON,,,,621.0,,,,Jaheim Coulombe,,,,,,,,,,,,,,,,9.0,,,17.0,,,,,,,,0.0,,,,12.0,,,,,,3.0,,,,,1428.3,5.0,,P101296_LB,LB,,,,13.0,,,,,38.0,,,0,,,,,,12.0,,,,,2.0,,,,0,805.0,59.0,,92.0,69.0,4.0,12.0,,,,140.0,,,,,439.0,,12.38
,,,,,,REGULAR_SEASON,,,,,,,,Ollie Zabransky,,,,26.0,6.0,11.0,7.0,5.0,25.0,5.0,9.0,6.0,5.0,,,,,,17.0,,0.0,,,,,,,73.0,,628.0,,,,,,,,,,,,,,,MIN_K_02,K,,,,,,,,,,,,0,,,,,,,,,,,,,,,0,102.0,,,,,,,,42.0,,140.0,30.0,28.0,,,,,
,,,,,,REGULAR_SEASON,,0.0,3.0,,,,1.0,Rudy Rapp,0.0,,,,,,,,,,,,,2.0,,,,,5.0,,,,,,,,,,,,,6.0,,,,,,,,,,,,,P101132_WR,WR,,,,,,,,7.0,,,91.0,0,,193.0,,66.0,,,,,,,,,,,0,228.0,,,,11.0,,,,,,24.0,,,38.0,,,,
,,,,,,REGULAR_SEASON,,,,669.0,,,,Vann Dellinger,,,,,,,,,,,,,,,,18.0,,,17.0,,,,,,,,0.0,,,,6.0,,,,,,10.0,,,,,1352.2,1.0,,P101299_S,S,,,,,,,,,39.0,,,0,,,,,,16.0,,,,,,,,,0,867.0,41.0,,69.0,64.0,1.0,,,,,151.0,,,,,389.0,,9.92
,,,,,,REGULAR_SEASON,,,,672.0,,,,Bruno Henderson,,,,,,,,,,,,,,,,12.0,,,17.0,,,,,,,,0.0,,,,6.0,,,,,,5.0,,,,,1451.8,2.0,,P101467_S,S,,,,,,,,,45.0,,,0,,,,,,11.0,,,,,,,,,0,871.0,37.0,,62.0,65.0,1.0,,,,,151.0,,,,,500.0,,12.83
,,,,,,REGULAR_SEASON,,,,437.0,,,,Vernon Rentschler,,,,,,,,,,,,,,,,7.0,,,11.0,,,,,,,,0.0,,,,4.0,,,,,,3.0,,,,,783.6,3.0,,P101281_S,S,,,,,,,,,22.0,,,0,,,,,,8.0,,,,,,,,,0,568.0,18.0,,33.0,45.0,0.0,,,,,85.0,,,,,239.0,,5.97
,,,,,,REGULAR_SEASON,,5.0,12.0,,,,12.0,Hasani Gorsuch,6.0,,,,,,,,,,,,,20.0,,,,,11.0,,,,,,,,,,,,,1.0,,,,,,,,,,,,,P101337_WR,WR,,,,,,,,53.0,,2.0,632.0,0,,400.0,,137.0,,,,,,,,,,,0,473.0,,,,98.0,,,,,,93.0,,,251.0,,,,
,,,,,,REGULAR_SEASON,,,,,,,,Roman Farrow,,,,,,,,,,,,,,,,,,,14.0,,,9.0,,19.0,,,,,,,,,,,1282.4,503.0,,,,,,,14.0,,P101338_OT,OT,,,,,32.0,,,,,,,0,,,44.0,407.0,139.0,,,,,,,4.0,,,0,910.0,,14.0,,,,,,,,131.0,,,,,,,
,,,,,,REGULAR_SEASON,,,,,,,,Lucian Gwaltney,,,,,,,,,,,,,,,,,,,17.0,,,8.0,,20.0,,,,,,,,,,,1573.9,606.0,,,,,,,13.0,,P101395_OG,OG,,,,,31.0,,,,,,,0,,,41.0,490.0,220.0,,,,,,,6.0,,,0,1096.0,,17.0,,,,,,,,158.0,,,,,,,
,,,,,,REGULAR_SEASON,,,,,,,,Jomari Billups,,,,,,,,,,,,,,,,,,,16.0,,,8.0,,12.0,,,,,,,,,,,1451.6,576.0,,,,,,,9.0,,NYG_OG_03,OG,,,,,28.0,,,,,,,0,,,35.0,466.0,196.0,,,,,,,10.0,,,0,1042.0,,16.0,,,,,,,,151.0,,,,,,,
26.0,3.0,,,,,REGULAR_SEASON,,,,,,,,Royce Dargan,,,,,,,,,,,,,,,3.0,,,,15.0,,,,10.0,,,,,,,,4.0,,,,,,,324.0,2.0,,,,1.0,,P101214_DT,DT,,,,24.0,,,12.0,,,,,0,,,,,,23.0,,,,,4.0,,,,0,573.0,20.0,,46.0,,,9.0,,,,125.0,,,,,,,
,,,25.0,,,REGULAR_SEASON,,,,146.0,,,,Darian Sendejo,,,,,,,,,,,,,,,,2.0,,,4.0,,,,,,,,0.0,,,,1.0,,,,,,0.0,,,,,283.7,3.0,,P101351_LB,LB,,,,5.0,,,,,5.0,,,0,,,,,,3.0,,,,,1.0,,,,0,190.0,17.0,,26.0,11.0,0.0,1.0,,,,24.0,,,,,48.0,,1.39
,,,,,,REGULAR_SEASON,,,,,,,,Yardley Mundy,,,,,,,,,,,,,,,,,,,10.0,1698.0,,,,,3.0,9.0,,,542.0,,,,1546.0,,,,,,,,,,,,LAC_P_02,P,,,,,,36.0,,,,,,0,152.0,,,,,,,,,,,,,,0,50.0,,,,,,,,3.0,,102.0,,,,,,,
21.0,4.0,,,,,REGULAR_SEASON,,,,,,,,Porter Poteat,,,,,,,,,,,,,,,1.0,,,,15.0,,,,15.0,,,,,,,,5.0,,,,,,,358.0,2.3,,,,3.0,,P101435_EDGE,EDGE,,,,38.0,,,14.0,,,,,0,,,,,,28.0,,,,,10.0,,,,0,629.0,20.0,,41.0,,,4.0,,,,131.0,,,,,,,
26.0,2.0,,,,,REGULAR_SEASON,,,,,,,,Barnes Yiadom,,,,,,,,,,,,,,,0.0,,,,17.0,,,,16.0,,,,,,,,3.0,,,,,,,345.0,2.26,,,,3.0,,P100891_DT,DT,,,,27.0,,,11.0,,,,,0,,,,,,27.0,,,,,1.0,,,,0,612.0,20.0,,46.0,,,3.0,,,,160.0,,,,,,,
,,,,,,REGULAR_SEASON,,4.0,11.0,,,,15.0,Andre Smallwood,6.0,,,,,,,,,,,,,18.0,,,,,17.0,,,,,,,,,,,,,9.0,,,,,,,,,,,,,P101493_TE,TE,,,,,,,,53.0,,,670.0,0,,555.0,,189.0,,,,,,,,,,,0,657.0,,,,101.0,,,,,,160.0,,,280.0,,,,
,,,,,,REGULAR_SEASON,,0.0,3.0,,,,9.0,Landry Dubois,4.0,,,,,,,,,,,,,2.0,,,,,17.0,,,,,,,,,,,,,8.0,,,,,,,,,,,,,P101327_TE,TE,,,,,,,,19.0,,,279.0,0,,558.0,,190.0,,,,,,,,,,,0,658.0,,,,40.0,,,,,,160.0,,,101.0,,,,
21.0,3.0,,,,,REGULAR_SEASON,,,,,,,,Joaquin Camarillo,,,,,,,,,,,,,,,2.0,,,,17.0,,,,24.0,,,,,,,,0.0,,,,,,,424.0,2.34,,,,1.0,,P101323_EDGE,EDGE,,,,39.0,,,13.0,,,,,0,,,,,,28.0,,,,,2.0,,,,0,746.0,17.0,,38.0,,,6.0,,,,170.0,,,,,,,
29.0,3.0,,,,,REGULAR_SEASON,,,,,,,,Sergio Santoro,,,,,,,,,,,,,,,0.0,,,,17.0,,,,20.0,,,,,,,,8.0,,,,,,,362.0,2.44,,,,3.0,,P100318_DT,DT,,,,30.0,,,6.0,,,,,0,,,,,,29.0,,,,,5.0,,,,0,635.0,27.0,,56.0,,,8.0,,,,170.0,,,,,,,
,,,93.0,,,REGULAR_SEASON,,,,603.0,,,,Kenyon Mayfield,,,,,,,,,,,,,,,,9.0,,,17.0,,,,,,,,1.0,,,,12.0,,,,,,6.0,,,,,1337.7,4.0,,P101291_LB,LB,,,,17.0,,,,,32.0,,,0,,,,,,15.0,,,,,2.0,,,,0,785.0,67.0,,102.0,54.0,2.0,16.0,,,,170.0,,,,,378.0,,10.28
,,,,,,REGULAR_SEASON,,,,612.0,,,,Cullen Snodgrass,,,,,,,,,,,,,,,,6.0,,,16.0,,,,,,,,1.0,,,,7.0,,,,,,2.0,,,,,1389.8,4.0,,P100918_CB,CB,,,,,,,,,43.0,,,0,,,,,,9.0,,,,,,,,,0,794.0,38.0,,64.0,71.0,3.0,,,,,155.0,,,,,521.0,,13.79
,,,,,,REGULAR_SEASON,,4.0,11.0,,,,7.0,Corbin Yoshida,1.0,,,,,,,,,,,,,3.0,,,,,17.0,,,,,,,,,,,,,8.0,,,,,,,,,,,,,P101246_WR,WR,,,,,,,,24.0,,1.0,367.0,0,,611.0,,209.0,,,,,,,,,,,0,720.0,,,,45.0,,,,,,165.0,,,154.0,,,,
,,,,,,REGULAR_SEASON,,7.0,15.0,,,,11.0,Finley Devereaux,4.0,,,,,,,,,,,,,15.0,,,,,17.0,,,,,,,,,,,,,11.0,,,,,,,,,,,,,P101476_TE,TE,,,,,,,,49.0,,,611.0,0,,553.0,,188.0,,,,,,,,,,,0,653.0,,,,80.0,,,,,,165.0,,,233.0,,,,
27.0,2.0,,,,,REGULAR_SEASON,,,,,,,,Arlo Brannigan,,,,,,,,,,,,,,,2.0,,,,16.0,,,,13.0,,,,,,,,7.0,,,,,,,337.0,1.88,,,,2.0,,P101244_DT,DT,,,,27.0,,,6.0,,,,,0,,,,,,24.0,,,,,8.0,,,,0,590.0,23.0,,50.0,,,10.0,,,,147.0,,,,,,,
,,,,,,REGULAR_SEASON,,,,,,,,Ace Brannigan,,,,,,,,,,,,,,,,,,,17.0,,,12.0,,18.0,,,,,,,,,,,1574.8,628.0,,,,,,,12.0,,P101239_C,C,,,,,34.0,,,,,,,0,,,43.0,508.0,196.0,,,,,,,5.0,,,0,1136.0,,17.0,,,,,,,,169.0,,,,,,,
27.0,1.0,,,,,REGULAR_SEASON,,,,,,,,Omari Pinnock,,,,,,,,,,,,,,,6.0,,,,17.0,,,,21.0,,,,,,,,6.0,,,,,,,362.0,2.54,,,,2.0,,P101267_DT,DT,,,,36.0,,,9.0,,,,,0,,,,,,31.0,,,,,7.0,,,,0,639.0,26.0,,53.0,,,14.0,,,,169.0,,,,,,,
,,,,,,REGULAR_SEASON,,,,655.0,,,,Elias Neasman,,,,,,,,,,,,,,,,17.0,,,17.0,,,,,,,,1.0,,,,8.0,,,,,,7.0,,,,,1637.2,6.0,,P101266_CB,CB,,,,,,,,,46.0,,,0,,,,,,7.0,,,,,,,,,0,848.0,32.0,,57.0,66.0,8.0,,,,,169.0,,,,,465.0,,12.18
,,,,20.0,,REGULAR_SEASON,,28.0,72.0,,,,63.0,Dupree Quinones,13.0,,35.0,,,,,,,,,,,137.0,,,0.0,,17.0,,,,,,,,,,,,,10.0,,,,82.0,,,,,,,,,P101209_RB,RB,,,,,10.0,,,267.0,,,2942.0,0,,206.0,,55.0,,,328.0,9.0,1346.0,,,,,,0,610.0,,,,395.0,,,,,,170.0,,,1294.0,521.0,,828.0,
,,,,,,REGULAR_SEASON,,2.0,8.0,,,,5.0,Matias Ruggiero,2.0,,,,,,,,,,,,,6.0,,,,,11.0,,,,,,,,,,,,,3.0,,,,,,,,,,,,,P101318_WR,WR,,,,,,,,23.0,,,298.0,0,,407.0,,138.0,,,,,,,,,,,0,479.0,,,,39.0,,,,,,122.0,,,123.0,,,,
,,,,,,REGULAR_SEASON,,2.0,8.0,,,,3.0,Bronson Gandy,2.0,,,,,,,,,,,,,3.0,,,,,12.0,,,,,,,,,,,,,2.0,,,,,,,,,,,,,P101301_WR,WR,,,,,,,,19.0,,,264.0,0,,433.0,,148.0,,,,,,,,,,,0,513.0,,,,38.0,,,,,,110.0,,,109.0,,,,
26.0,1.0,,,,,REGULAR_SEASON,,,,,,,,Izaiah Wagoner,,,,,,,,,,,,,,,1.0,,,,16.0,,,,21.0,,,,,,,,7.0,,,,,,,389.0,2.55,,,,2.0,,P101236_EDGE,EDGE,,,,37.0,,,13.0,,,,,0,,,,,,31.0,,,,,4.0,,,,0,685.0,23.0,,49.0,,,8.0,,,,167.0,,,,,,,
20.0,2.0,,,,,REGULAR_SEASON,,,,,,,,Lawson Ricciardi,,,,,,,,,,,,,,,0.0,,,,17.0,,,,23.0,,,,,,,,1.0,,,,,,,422.0,1.68,,,,5.0,,P101232_EDGE,EDGE,,,,31.0,,,8.0,,,,,0,,,,,,15.0,,,,,1.0,,,,0,741.0,16.0,,36.0,,,7.0,,,,170.0,,,,,,,
,,,,,,REGULAR_SEASON,,,,684.0,,,,Otis Latimore,,,,,,,,,,,,,,,,7.0,,,17.0,,,,,,,,2.0,,,,6.0,,,,,,4.0,,,,,1805.0,7.0,,P101373_S,S,,,,,,,,,59.0,,,0,,,,,,16.0,,,,,,,,,0,885.0,44.0,,71.0,73.0,6.0,,,,,170.0,,,,,669.0,,16.72
,,,,,,REGULAR_SEASON,,,,,,,,Kellan Rutledge,,,,,,,,,,,,,,,,,,,2.0,284.0,,,,,0.0,2.0,,,93.0,,,,252.0,,,,,,,,,,,,MIN_P_02,P,,,,,,7.0,,,,,,0,32.0,,,,,,,,,,,,,,0,10.0,,,,,,,,1.0,,6.0,,,,,,,
,,,,,,REGULAR_SEASON,,3.0,15.0,,,,14.0,Yusuf Cadwell,0.0,,,,,,,,,,,,,18.0,,,,,11.0,,,,,,,,,,,,,8.0,,,,,,,,,,,,,P101393_TE,TE,,,,,,,,49.0,,,625.0,0,,383.0,,131.0,,,,,,,,,,,0,452.0,,,,76.0,,,,,,77.0,,,287.0,,,,
,,,,,,REGULAR_SEASON,,,,,,,,Magnus Belanger,,,,,,,,,,,,,,,,,,,17.0,3493.0,,,,,7.0,26.0,,,937.0,,,,3109.0,,,,,,,,,,,,P101460_P,P,,,,,,77.0,,,,,,0,384.0,,,,,,,,,,,,,,0,85.0,,,,,,,,6.0,,154.0,,,,,,,
,,,,,,REGULAR_SEASON,,,,,,,,Dupree Brockman,,,,,,,,,,,,,,,,,,,1.0,,,1.0,,0.0,,,,,,,,,,,76.5,34.0,,,,,,,1.0,,P101216_OT,OT,,,,,3.0,,,,,,,0,,,2.0,27.0,11.0,,,,,,,2.0,,,0,61.0,,1.0,,,,,,,,2.0,,,,,,,
24.0,2.0,,,,,REGULAR_SEASON,,,,,,,,Clay Lessard,,,,,,,,,,,,,,,2.0,,,,17.0,,,,19.0,,,,,,,,5.0,,,,,,,402.0,2.31,,,,4.0,,P101331_EDGE,EDGE,,,,36.0,,,8.0,,,,,0,,,,,,26.0,,,,,10.0,,,,0,706.0,15.0,,39.0,,,8.0,,,,165.0,,,,,,,
,,,,,,REGULAR_SEASON,,,,661.0,,,,Ibrahim Greaves,,,,,,,,,,,,,,,,8.0,,,17.0,,,,,,,,0.0,,,,5.0,,,,,,3.0,,,,,1504.8,6.0,,P101089_S,S,,,,,,,,,46.0,,,0,,,,,,9.0,,,,,,,,,0,856.0,44.0,,75.0,77.0,3.0,,,,,165.0,,,,,540.0,,13.79
7.0,0.0,,,,,REGULAR_SEASON,,,,,,,,Lionel Schmitz,,,,,,,,,,,,,,,0.0,,,,5.0,,,,4.0,,,,,,,,1.0,,,,,,,123.0,0.45,,,,1.0,,P101341_EDGE,EDGE,,,,7.0,,,3.0,,,,,0,,,,,,5.0,,,,,1.0,,,,0,216.0,6.0,,13.0,,,2.0,,,,47.0,,,,,,,
,,,,24.0,,REGULAR_SEASON,,36.0,71.0,,,,42.0,Isaiah Sutherland,24.0,,18.0,,,,,,,,,,,115.0,,,0.0,,17.0,,,,,,,,,,,,,15.0,,,,87.0,,,,,,,,,P101443_RB,RB,,,,,7.0,,,234.0,,,2480.0,0,,177.0,,45.0,,,303.0,8.0,1349.0,,,,,,0,527.0,,,,358.0,,,,,,168.0,,,1018.0,553.0,,805.0,
,,,,28.0,,REGULAR_SEASON,,17.0,32.0,,,,25.0,Alonzo Dockery,6.0,,14.0,,,,,,,,,,,52.0,,,1.0,,17.0,,,,,,,,,,,,,12.0,,,,85.0,,,,,,,,,P101465_RB,RB,,,,,7.0,,,115.0,,,1238.0,0,,116.0,,28.0,,,148.0,,670.0,,,,,,0,355.0,,,,177.0,,,,,,168.0,,,502.0,316.0,,364.0,
,,,,,,REGULAR_SEASON,,,,,,,,Peyton Bonner,,,,,,,,,,,,,,,,,,,13.0,,,5.0,,23.0,,,,,,,,,,,1214.3,468.0,,,,,,,6.0,,P100163_OT,OT,,,,,29.0,,,,,,,0,,,43.0,379.0,144.0,,,,,,,1.0,,,0,847.0,,13.0,,,,,,,,110.0,,,,,,,
24.0,3.0,,,,,REGULAR_SEASON,,,,,,,,Paxton Meacham,,,,,,,,,,,,,,,0.0,,,,17.0,,,,19.0,,,,,,,,2.0,,,,,,,413.0,2.14,,,,4.0,,P101381_EDGE,EDGE,,,,30.0,,,8.0,,,,,0,,,,,,23.0,,,,,3.0,,,,0,726.0,15.0,,39.0,,,6.0,,,,168.0,,,,,,,
,,,83.0,,,REGULAR_SEASON,,,,427.0,,,,Fabian Plunkett,,,,,,,,,,,,,,,,2.0,,,12.0,,,,,,,,1.0,,,,11.0,,,,,,0.0,,,,,1298.4,4.0,,P101452_LB,LB,,,,11.0,,,,,56.0,,,0,,,,,,10.0,,,,,0.0,,,,0,555.0,42.0,,67.0,68.0,6.0,2.0,,,,117.0,,,,,640.0,,18.4
,,,,,,REGULAR_SEASON,,,,546.0,,,,Joaquin Drayton,,,,,,,,,,,,,,,,8.0,,,14.0,,,,,,,,0.0,,,,5.0,,,,,,3.0,,,,,1348.9,4.0,,P101271_CB,CB,,,,,,,,,44.0,,,0,,,,,,7.0,,,,,,,,,0,708.0,38.0,,60.0,67.0,4.0,,,,,150.0,,,,,554.0,,14.29
2.0,0.0,,,,,REGULAR_SEASON,,,,,,,,Asa McGlinchey,,,,,,,,,,,,,,,0.0,,,,1.0,,,,1.0,,,,,,,,0.0,,,,,,,19.0,0.13,,,,0.0,,P100800_DT,DT,,,,2.0,,,1.0,,,,,0,,,,,,0.0,,,,,0.0,,,,0,34.0,1.0,,3.0,,,0.0,,,,3.0,,,,,,,
,,,90.0,,,REGULAR_SEASON,,,,537.0,,,,Rudy Brannigan,,,,,,,,,,,,,,,,11.0,,,15.0,,,,,,,,2.0,,,,12.0,,,,,,5.0,,,,,1274.3,4.0,,P101491_LB,LB,,,,9.0,,,,,40.0,,,0,,,,,,12.0,,,,,1.0,,,,0,697.0,53.0,,82.0,69.0,7.0,6.0,,,,135.0,,,,,486.0,,13.54
,,,,,,REGULAR_SEASON,,,,626.0,,,,Ambrose Gostkowski,,,,,,,,,,,,,,,,8.0,,,17.0,,,,,,,,1.0,,,,7.0,,,,,,4.0,,,,,1396.0,2.0,,P101408_CB,CB,,,,,,,,,43.0,,,0,,,,,,12.0,,,,,,,,,0,811.0,35.0,,61.0,74.0,4.0,,,,,170.0,,,,,509.0,,13.69
,,,,,,REGULAR_SEASON,,,,635.0,,,,Draven Varnadore,,,,,,,,,,,,,,,,10.0,,,17.0,,,,,,,,0.0,,,,12.0,,,,,,6.0,,,,,1734.5,6.0,,P101420_CB,CB,,,,,,,,,54.0,,,0,,,,,,13.0,,,,,,,,,0,826.0,37.0,,64.0,77.0,6.0,,,,,170.0,,,,,635.0,,17.12
,,,,,,REGULAR_SEASON,,,,686.0,,,,Simeon Tonyan,,,,,,,,,,,,,,,,8.0,,,17.0,,,,,,,,0.0,,,,10.0,,,,,,0.0,,,,,1557.7,3.0,,P100604_S,S,,,,,,,,,55.0,,,0,,,,,,14.0,,,,,,,,,0,890.0,47.0,,77.0,81.0,3.0,,,,,170.0,,,,,530.0,,13.22
,,,,,,REGULAR_SEASON,,,,,,,,Wallace Robicheaux,,,,,,,,,,,,,,,,,,,9.0,,,3.0,,9.0,,,,,,,,,,,845.9,324.0,,,,,,,4.0,,P101406_OG,OG,,,,,14.0,,,,,,,0,,,29.0,264.0,92.0,,,,,,,2.0,,,0,588.0,,9.0,,,,,,,,59.0,,,,,,,
,,,,,,REGULAR_SEASON,,,,680.0,,,,Saul Dombrowski,,,,,,,,,,,,,,,,13.0,,,17.0,,,,,,,,0.0,,,,6.0,,,,,,6.0,,,,,1388.2,4.0,,P101303_S,S,,,,,,,,,38.0,,,0,,,,,,9.0,,,,,,,,,0,881.0,46.0,,76.0,66.0,2.0,,,,,166.0,,,,,427.0,,10.77
,,,,,,REGULAR_SEASON,,5.0,11.0,,,,8.0,Dax Eastland,1.0,,,,,,,,,,,,,11.0,,,,,17.0,,,,,,,,,,,,,5.0,,,,,,,,,,,,,PHI_TE_06,TE,,,,,,,,42.0,,,500.0,0,,587.0,,201.0,,,,,,,,,,,0,694.0,,,,70.0,,,,,,171.0,,,178.0,,,,
,,,99.0,,,REGULAR_SEASON,,,,618.0,,,,Rigby Zenner,,,,,,,,,,,,,,,,15.0,,,17.0,,,,,,,,0.0,,,,15.0,,,,,,6.0,,,,,1543.4,7.0,,P101392_LB,LB,,,,15.0,,,,,44.0,,,0,,,,,,11.0,,,,,5.0,,,,0,803.0,78.0,,117.0,74.0,3.0,19.0,,,,171.0,,,,,571.0,,15.97
,,,106.0,,,REGULAR_SEASON,,,,596.0,,,,Jesse Ochoa,,,,,,,,,,,,,,,,9.0,,,17.0,,,,,,,,1.0,,,,13.0,,,,,,5.0,,,,,1556.9,1.0,,P101411_LB,LB,,,,13.0,,,,,41.0,,,0,,,,,,15.0,,,,,2.0,,,,0,776.0,63.0,,98.0,63.0,5.0,11.0,,,,171.0,,,,,469.0,,13.31
,,,,,,REGULAR_SEASON,,,,356.0,,,,Riordan Hooker,,,,,,,,,,,,,,,,8.0,,,10.0,,,,,,,,1.0,,,,4.0,,,,,,4.0,,,,,787.9,2.0,,LV_CB_07,CB,,,,,,,,,26.0,,,0,,,,,,9.0,,,,,,,,,0,464.0,22.0,,38.0,40.0,0.0,,,,,99.0,,,,,333.0,,9.35
,,,,,,REGULAR_SEASON,,,,,,,,Byron Knighton,,,,,,,,,,,,,,,,,,,17.0,,,15.0,,15.0,,,,,,,,,,,1550.5,620.0,,,,,,,8.0,,P101026_OG,OG,,,,,37.0,,,,,,,0,,,58.0,505.0,175.0,,,,,,,7.0,,,0,1125.0,,17.0,,,,,,,,165.0,,,,,,,
20.0,1.0,,,,,REGULAR_SEASON,,,,,,,,Orson Kessler,,,,,,,,,,,,,,,0.0,,,,13.0,,,,14.0,,,,,,,,3.0,,,,,,,319.0,1.7,,,,1.0,,P101428_EDGE,EDGE,,,,24.0,,,10.0,,,,,0,,,,,,17.0,,,,,1.0,,,,0,561.0,17.0,,37.0,,,6.0,,,,132.0,,,,,,,
,,,79.0,,,REGULAR_SEASON,,,,451.0,,,,Lazaro Burrage,,,,,,,,,,,,,,,,13.0,,,13.0,,,,,,,,0.0,,,,9.0,,,,,,8.0,,,,,1110.9,7.0,,P101459_LB,LB,,,,8.0,,,,,27.0,,,0,,,,,,15.0,,,,,2.0,,,,0,589.0,51.0,,79.0,47.0,1.0,14.0,,,,124.0,,,,,369.0,,10.76
,,,109.0,,,REGULAR_SEASON,,,,606.0,,,,Blaise Bumgarner,,,,,,,,,,,,,,,,9.0,,,17.0,,,,,,,,0.0,,,,11.0,,,,,,3.0,,,,,1773.2,4.0,,P101230_LB,LB,,,,9.0,,,,,61.0,,,0,,,,,,12.0,,,,,0.0,,,,0,787.0,58.0,,91.0,88.0,7.0,12.0,,,,165.0,,,,,616.0,,17.46
,,,103.0,,,REGULAR_SEASON,,,,563.0,,,,Kwame Gallardo,,,,,,,,,,,,,,,,11.0,,,17.0,,,,,,,,1.0,,,,7.0,,,,,,1.0,,,,,1467.0,4.0,,P101306_LB,LB,,,,10.0,,,,,39.0,,,0,,,,,,17.0,,,,,4.0,,,,0,736.0,68.0,,103.0,64.0,4.0,13.0,,,,165.0,,,,,388.0,,12.04
,,,,,,REGULAR_SEASON,,,,503.0,,,,Augustus Strahan,,,,,,,,,,,,,,,,13.0,,,13.0,,,,,,,,1.0,,,,6.0,,,,,,9.0,,,,,1021.2,3.0,,P101463_CB,CB,,,,,,,,,31.0,,,0,,,,,,2.0,,,,,,,,,0,653.0,26.0,,42.0,51.0,4.0,,,,,139.0,,,,,303.0,,8.02
,,,,16.0,,REGULAR_SEASON,,27.0,70.0,,,,65.0,Arlen Pepperell,34.0,,27.0,,,,,,,,,,,168.0,,,3.0,,15.0,,,,,,,,,,,,,11.0,,,,86.0,,,,,,,,,P101387_RB,RB,,,,,11.0,,,342.0,,,3396.0,0,,206.0,,55.0,,,416.0,12.0,1755.0,,,,,,0,608.0,,,,494.0,,,,,,140.0,,,1552.0,716.0,,1039.0,
,,,,,,REGULAR_SEASON,,,,,,,,Julius Coulombe,,,,,,,,,,,,,,,,,,,9.0,1442.0,,,,,6.0,13.0,,,520.0,,,,1338.0,,,,,,,,,,,,P101312_P,P,,,,,,32.0,,,,,,0,104.0,,,,,,,,,,,,,,0,45.0,,,,,,,,3.0,,58.0,,,,,,,
,,,99.0,,,REGULAR_SEASON,,,,554.0,,,,Idris Joplin,,,,,,,,,,,,,,,,8.0,,,16.0,,,,,,,,1.0,,,,15.0,,,,,,4.0,,,,,1056.9,4.0,,P101413_LB,LB,,,,7.0,,,,,31.0,,,0,,,,,,9.0,,,,,1.0,,,,0,720.0,60.0,,94.0,66.0,1.0,12.0,,,,135.0,,,,,360.0,,10.7
,,,,,,REGULAR_SEASON,,,,375.0,,,,Wesson Cosgrove,,,,,,,,,,,,,,,,9.0,,,10.0,,,,,,,,0.0,,,,4.0,,,,,,5.0,,,,,883.9,4.0,,P101128_CB,CB,,,,,,,,,22.0,,,0,,,,,,5.0,,,,,,,,,0,487.0,20.0,,36.0,35.0,2.0,,,,,94.0,,,,,242.0,,6.47
,,,,,,REGULAR_SEASON,,,,,,,,Uriah Colavito,,,,,,,,,,,,,,,,,,,4.0,,,0.0,,1.0,,,,,,,,,,,386.5,145.0,,,,,,,4.0,,P100752_C,C,,,,,2.0,,,,,,,0,,,11.0,117.0,48.0,,,,,,,1.0,,,0,262.0,,4.0,,,,,,,,18.0,,,,,,,
,,,,,,REGULAR_SEASON,,,,602.0,,,,Thelonious Mundy,,,,,,,,,,,,,,,,9.0,,,16.0,,,,,,,,1.0,,,,8.0,,,,,,3.0,,,,,1307.8,2.0,,P101414_CB,CB,,,,,,,,,41.0,,,0,,,,,,8.0,,,,,,,,,0,780.0,37.0,,64.0,67.0,2.0,,,,,163.0,,,,,451.0,,11.81
10.0,0.0,,,,,REGULAR_SEASON,,,,,,,,Tanner Sylvester,,,,,,,,,,,,,,,1.0,,,,6.0,,,,5.0,,,,,,,,2.0,,,,,,,153.0,0.43,,,,2.0,,P101377_EDGE,EDGE,,,,8.0,,,1.0,,,,,0,,,,,,5.0,,,,,2.0,,,,0,268.0,8.0,,18.0,,,2.0,,,,36.0,,,,,,,
,,7.0,,,63.0,REGULAR_SEASON,58.0,,,,9.0,4.0,,Brantley Kroll,,5.0,,,,,,,,,,,,28.0,,,0.0,0.0,3.0,,,,,,,,2.0,,,,,,,92.0,,,,,,2.0,558.0,,,27.0,SEA_QB_04,QB,29.0,9.0,97.0,,,,,,,,,0,,,,,,,18.0,,51.0,49.0,,,8.0,12.0,0,197.0,,3.0,,,,,6.0,,8.0,14.0,,,,,,,
,,,,13.0,,REGULAR_SEASON,,9.0,20.0,,,,17.0,Ace Chandler,3.0,,10.0,,,,,,,,,,,30.0,,,1.0,,10.0,,,,,,,,,,,,,7.0,,,,46.0,,,,,,,,,P101248_RB,RB,,,,,7.0,,,62.0,,,610.0,0,,73.0,,18.0,,,91.0,,344.0,,,,,,0,221.0,,,,103.0,,,,,,125.0,,,211.0,117.0,,227.0,
25.0,5.0,,,,,REGULAR_SEASON,,,,,,,,Dax Stroman,,,,,,,,,,,,,,,2.0,,,,17.0,,,,20.0,,,,,,,,1.0,,,,,,,411.0,2.28,,,,3.0,,P101231_EDGE,EDGE,,,,31.0,,,9.0,,,,,0,,,,,,25.0,,,,,3.0,,,,0,725.0,18.0,,43.0,,,4.0,,,,175.0,,,,,,,
,,,,,,REGULAR_SEASON,,,,621.0,,,,Gannon Ayers,,,,,,,,,,,,,,,,16.0,,,17.0,,,,,,,,1.0,,,,8.0,,,,,,8.0,,,,,1337.1,3.0,,P101118_CB,CB,,,,,,,,,41.0,,,0,,,,,,16.0,,,,,,,,,0,809.0,38.0,,62.0,66.0,1.0,,,,,175.0,,,,,425.0,,11.94
,,,,,,REGULAR_SEASON,,5.0,9.0,,,,8.0,Marcell Tindall,5.0,,,,,,,,,,,,,10.0,,,,,17.0,,,,,,,,,,,,,8.0,,,,,,,,,,,,,P101315_TE,TE,,,,,,,,35.0,,,495.0,0,,566.0,,192.0,,,,,,,,,,,0,670.0,,,,61.0,,,,,,178.0,,,184.0,,,,
24.0,5.0,,,,,REGULAR_SEASON,,,,,,,,Maddox Bonner,,,,,,,,,,,,,,,1.0,,,,17.0,,,,23.0,,,,,,,,5.0,,,,,,,431.0,1.96,,,,4.0,,P101494_EDGE,EDGE,,,,36.0,,,13.0,,,,,0,,,,,,15.0,,,,,0.0,,,,0,763.0,20.0,,44.0,,,6.0,,,,178.0,,,,,,,
,,,102.0,,,REGULAR_SEASON,,,,592.0,,,,Chandler Fowler,,,,,,,,,,,,,,,,12.0,,,17.0,,,,,,,,0.0,,,,18.0,,,,,,5.0,,,,,1797.2,5.0,,P101322_LB,LB,,,,15.0,,,,,62.0,,,0,,,,,,11.0,,,,,1.0,,,,0,772.0,61.0,,95.0,80.0,6.0,12.0,,,,178.0,,,,,727.0,,20.64
,,,,,,REGULAR_SEASON,,,,633.0,,,,Chase Daigle,,,,,,,,,,,,,,,,15.0,,,17.0,,,,,,,,1.0,,,,9.0,,,,,,8.0,,,,,1330.2,4.0,,P101499_CB,CB,,,,,,,,,35.0,,,0,,,,,,12.0,,,,,,,,,0,824.0,37.0,,61.0,60.0,1.0,,,,,178.0,,,,,408.0,,10.78
,,,,,,REGULAR_SEASON,,,,106.0,,,,Elian Atwater,,,,,,,,,,,,,,,,2.0,,,3.0,,,,,,,,0.0,,,,1.0,,,,,,1.0,,,,,265.3,2.0,,P101319_CB,CB,,,,,,,,,10.0,,,0,,,,,,3.0,,,,,,,,,0,138.0,7.0,,12.0,16.0,0.0,,,,,17.0,,,,,121.0,,3.44
,,,,,,REGULAR_SEASON,,,,,,,,Blaze Joplin,,,,,,,,,,,,,,,,,,,16.0,,,11.0,,17.0,,,,,,,,,,,1464.7,580.0,,,,,,,12.0,,P100323_OT,OT,,,,,34.0,,,,,,,0,,,37.0,471.0,198.0,,,,,,,6.0,,,0,1051.0,,16.0,,,,,,,,168.0,,,,,,,
,,,,,,REGULAR_SEASON,,18.0,36.0,,,,26.0,Renard Tabaracci,12.0,,,,,,,,,,,,,50.0,,,,,17.0,,,,,,,,,,,,,7.0,,,,,,,,,,,,,P101433_WR,WR,,,,,,,,111.0,,4.0,1350.0,0,,653.0,,222.0,,,,,,,,,,,0,769.0,,,,188.0,,,,,,179.0,,,521.0,,,,
,,,,,,REGULAR_SEASON,,4.0,7.0,,,,13.0,Jordy Coggins,3.0,,,,,,,,,,,,,14.0,,,,,13.0,,,,,,,,,,,,,6.0,,,,,,,,,,,,,NYJ_WR_04,WR,,,,,,,,41.0,,1.0,576.0,0,,501.0,,172.0,,,,,,,,,,,0,590.0,,,,76.0,,,,,,142.0,,,215.0,,,,
,,,,,,REGULAR_SEASON,,,,,,,,Anders McDermott,,,,,,,,,,,,,,,,,,,7.0,,,1.0,,13.0,,,,,,,,,,,660.7,249.0,,,,,,,5.0,,P101290_OT,OT,,,,,14.0,,,,,,,0,,,23.0,200.0,78.0,,,,,,,0.0,,,0,449.0,,7.0,,,,,,,,54.0,,,,,,,
,,,81.0,,,REGULAR_SEASON,,,,451.0,,,,Merrick Sagapolutele,,,,,,,,,,,,,,,,6.0,,,13.0,,,,,,,,0.0,,,,7.0,,,,,,3.0,,,,,1387.7,5.0,,P101330_LB,LB,,,,9.0,,,,,39.0,,,0,,,,,,9.0,,,,,2.0,,,,0,586.0,56.0,,88.0,55.0,6.0,15.0,,,,134.0,,,,,437.0,,12.72
,,,,10.0,,REGULAR_SEASON,,41.0,108.0,,,,80.0,Ellis Buckhalter,32.0,,41.0,,,,,,,,,,,190.0,,,4.0,,17.0,,,,,,,,,,,,,4.0,,,,73.0,,,,,,,,,P101447_RB,RB,,,,,6.0,,,401.0,,,4108.0,0,,245.0,,64.0,,,465.0,12.0,2055.0,,,,,,0,723.0,,,,569.0,,,,,,182.0,,,1826.0,921.0,,1163.0,
,,,,,,REGULAR_SEASON,,,,450.0,,,,Obadiah Buckhalter,,,,,,,,,,,,,,,,5.0,,,12.0,,,,,,,,0.0,,,,5.0,,,,,,3.0,,,,,1119.4,3.0,,P101219_CB,CB,,,,,,,,,36.0,,,0,,,,,,7.0,,,,,,,,,0,585.0,26.0,,46.0,59.0,3.0,,,,,133.0,,,,,517.0,,13.87
,,,,,,REGULAR_SEASON,,,,,,,,Terrance Kenney,,,,,,,,,,,,,,,,,,,2.0,,,0.0,,4.0,,,,,,,,,,,180.1,74.0,,,,,,,2.0,,P101375_OT,OT,,,,,5.0,,,,,,,0,,,6.0,59.0,26.0,,,,,,,1.0,,,0,133.0,,2.0,,,,,,,,11.0,,,,,,,
,,,,,,REGULAR_SEASON,,,,,,,,Basil Onwuasor,,,,,,,,,,,,,,,,,,,17.0,,,6.0,,22.0,,,,,,,,,,,1539.6,599.0,,,,,,,8.0,,P101240_OG,OG,,,,,36.0,,,,,,,0,,,54.0,488.0,193.0,,,,,,,8.0,,,0,1087.0,,17.0,,,,,,,,179.0,,,,,,,
28.0,2.0,,,,,REGULAR_SEASON,,,,,,,,Warner Ramczyk,,,,,,,,,,,,,,,1.0,,,,17.0,,,,33.0,,,,,,,,6.0,,,,,,,425.0,2.83,,,,2.0,,P101488_EDGE,EDGE,,,,48.0,,,13.0,,,,,0,,,,,,45.0,,,,,2.0,,,,0,751.0,24.0,,52.0,,,7.0,,,,179.0,,,,,,,
23.0,2.0,,,,,REGULAR_SEASON,,,,,,,,Andre Lovelace,,,,,,,,,,,,,,,1.0,,,,17.0,,,,28.0,,,,,,,,4.0,,,,,,,348.0,2.87,,,,4.0,,P101436_DT,DT,,,,38.0,,,10.0,,,,,0,,,,,,37.0,,,,,0.0,,,,0,618.0,15.0,,38.0,,,6.0,,,,179.0,,,,,,,
5.0,0.0,,,,,REGULAR_SEASON,,,,,,,,Callum Crockett,,,,,,,,,,,,,,,0.0,,,,4.0,,,,1.0,,,,,,,,2.0,,,,,,,86.0,0.34,,,,2.0,,P101002_DT,DT,,,,2.0,,,1.0,,,,,0,,,,,,4.0,,,,,0.0,,,,0,153.0,6.0,,11.0,,,3.0,,,,26.0,,,,,,,
,,,,,,REGULAR_SEASON,,,,320.0,,,,Ramsey Seeley,,,,,,,,,,,,,,,,9.0,,,8.0,,,,,,,,0.0,,,,1.0,,,,,,6.0,,,,,602.3,1.0,,P101495_S,S,,,,,,,,,13.0,,,0,,,,,,5.0,,,,,,,,,0,415.0,19.0,,33.0,26.0,0.0,,,,,98.0,,,,,194.0,,4.96
,,,,,,REGULAR_SEASON,,,,673.0,,,,Colton Buckner,,,,,,,,,,,,,,,,9.0,,,17.0,,,,,,,,0.0,,,,7.0,,,,,,3.0,,,,,1377.8,6.0,,P101276_S,S,,,,,,,,,46.0,,,0,,,,,,15.0,,,,,,,,,0,872.0,45.0,,73.0,75.0,1.0,,,,,179.0,,,,,534.0,,13.54
,,,,,,REGULAR_SEASON,,,,,,,,Rowan Zaccheaus,,,,,,,,,,,,,,,,,,,3.0,,,3.0,,5.0,,,,,,,,,,,270.9,109.0,,,,,,,6.0,,P101082_OG,OG,,,,,9.0,,,,,,,0,,,11.0,89.0,29.0,,,,,,,1.0,,,0,198.0,,3.0,,,,,,,,17.0,,,,,,,
3.0,0.0,,,,,REGULAR_SEASON,,,,,,,,Dominik Southall,,,,,,,,,,,,,,,0.0,,,,3.0,,,,3.0,,,,,,,,1.0,,,,,,,65.0,0.6,,,,1.0,,P100307_DT,DT,,,,7.0,,,1.0,,,,,0,,,,,,6.0,,,,,3.0,,,,0,114.0,2.0,,5.0,,,1.0,,,,17.0,,,,,,,
,,,,,,REGULAR_SEASON,,,,126.0,,,,Salem Windham,,,,,,,,,,,,,,,,2.0,,,3.0,,,,,,,,0.0,,,,1.0,,,,,,1.0,,,,,236.6,4.0,,P100941_S,S,,,,,,,,,7.0,,,0,,,,,,3.0,,,,,,,,,0,163.0,6.0,,10.0,13.0,0.0,,,,,21.0,,,,,75.0,,1.76
,,,,,,REGULAR_SEASON,,,,,,,,Pierson Sigler,,,,,,,,,,,,,,,,,,,1.0,,,1.0,,1.0,,,,,,,,,,,94.6,37.0,,,,,,,0.0,,P101202_OG,OG,,,,,2.0,,,,,,,0,,,4.0,30.0,9.0,,,,,,,0.0,,,0,67.0,,1.0,,,,,,,,7.0,,,,,,,
,,,,,,REGULAR_SEASON,,,,,,,,Jericho Hennessy,,,,,,,,,,,,,,,,,,,15.0,,,6.0,,25.0,,,,,,,,,,,1363.4,533.0,,,,,,,7.0,,P100897_OT,OT,,,,,36.0,,,,,,,0,,,42.0,436.0,154.0,,,,,,,5.0,,,0,969.0,,15.0,,,,,,,,168.0,,,,,,,
12.0,3.0,,,,,REGULAR_SEASON,,,,,,,,Miller Cribbs,,,,,,,,,,,,,,,0.0,,,,10.0,,,,8.0,,,,,,,,5.0,,,,,,,213.0,0.86,,,,1.0,,P101250_DT,DT,,,,9.0,,,0.0,,,,,0,,,,,,5.0,,,,,2.0,,,,0,377.0,10.0,,22.0,,,1.0,,,,113.0,,,,,,,
,,,,,,REGULAR_SEASON,,,,187.0,,,,Jarvis Wamsley,,,,,,,,,,,,,,,,5.0,,,5.0,,,,,,,,0.0,,,,3.0,,,,,,3.0,,,,,523.3,0.0,,P101087_CB,CB,,,,,,,,,18.0,,,0,,,,,,2.0,,,,,,,,,0,243.0,19.0,,29.0,24.0,1.0,,,,,44.0,,,,,181.0,,4.8
,,,,,,REGULAR_SEASON,,0.0,2.0,,,,2.0,Trey Hasselby,0.0,,,,,,,,,,,,,2.0,,,,,1.0,,,,,,,,,,,,,1.0,,,,,,,,,,,,,P101432_TE,TE,,,,,,,,5.0,,,69.0,0,,32.0,,11.0,,,,,,,,,,,0,38.0,,,,7.0,,,,,,8.0,,,32.0,,,,
,,,,,,REGULAR_SEASON,,,,325.0,,,,Maurice Twyman,,,,,,,,,,,,,,,,4.0,,,8.0,,,,,,,,0.0,,,,3.0,,,,,,1.0,,,,,733.1,1.0,,P100607_S,S,,,,,,,,,26.0,,,0,,,,,,3.0,,,,,,,,,0,421.0,12.0,,23.0,36.0,1.0,,,,,85.0,,,,,272.0,,6.8
,,9.0,,,90.0,REGULAR_SEASON,92.0,,,,18.0,6.0,,Izaiah Hamlett,,5.0,,,,,,,,,,,,49.0,,,0.0,0.0,4.0,,,,,,,,1.0,,,,,,,137.0,,,,,,2.0,1016.0,,,28.0,MIA_QB_03,QB,47.0,21.0,199.0,,,,,,,,,0,,,,,,,11.0,,42.0,64.0,,,10.0,8.0,0,264.0,,4.0,,,,,5.0,,7.0,38.0,,,,,,,
8.0,0.0,,,,,REGULAR_SEASON,,,,,,,,Hadley Comeaux,,,,,,,,,,,,,,,1.0,,,,4.0,,,,2.0,,,,,,,,3.0,,,,,,,77.0,0.29,,,,0.0,,P101431_DT,DT,,,,2.0,,,0.0,,,,,0,,,,,,3.0,,,,,0.0,,,,0,138.0,6.0,,14.0,,,2.0,,,,38.0,,,,,,,
,,11.0,,,89.0,REGULAR_SEASON,77.0,,,,20.0,10.0,,Stellan Aubert,,7.0,,,,,,,,,,,,36.0,,,1.0,1.0,4.0,,,,,,,,6.0,,,,,,,135.0,,,,,,5.0,905.0,,,20.0,P101212_QB,QB,46.0,17.0,175.0,,,,,,,,,0,,,,,,,12.0,,72.0,46.0,,,7.0,8.0,0,262.0,,4.0,,,,,9.0,,8.0,38.0,,,,,,,
,,,,,,REGULAR_SEASON,,,,,,,,Jeremiah Brinkley,,,,,,,,,,,,,,,,,,,2.0,,,1.0,,8.0,,,,,,,,,,,165.7,74.0,,,,,,,0.0,,P101404_C,C,,,,,10.0,,,,,,,0,,,4.0,59.0,21.0,,,,,,,1.0,,,0,133.0,,2.0,,,,,,,,17.0,,,,,,,
,,,,,,REGULAR_SEASON,,0.0,1.0,,,,0.0,Raheem Stanfield,1.0,,,,,,,,,,,,,0.0,,,,,4.0,,,,,,,,,,,,,2.0,,,,,,,,,,,,,P100543_WR,WR,,,,,,,,4.0,,,60.0,0,,154.0,,53.0,,,,,,,,,,,0,182.0,,,,8.0,,,,,,37.0,,,22.0,,,,
,,2.0,,,65.0,REGULAR_SEASON,61.0,,,,13.0,10.0,,Saxon Mastrangelo,,0.0,,,,,,,,,,,,29.0,,,0.0,0.0,3.0,,,,,,,,4.0,,,,,,,93.0,,,,,,6.0,708.0,,,19.0,P101001_QB,QB,28.0,10.0,91.0,,,,,,,,,0,,,,,,,11.0,,59.0,63.0,,,10.0,9.0,0,186.0,,3.0,,,,,7.0,,12.0,28.0,,,,,,,
,,,,,,REGULAR_SEASON,,,,,,,,Woodrow Udoh,,,,,,,,,,,,,,,,,,,1.0,92.0,,,,,0.0,0.0,,,54.0,,,,92.0,,,,,,,,,,,,NO_P_02,P,,,,,,2.0,,,,,,0,0.0,,,,,,,,,,,,,,0,5.0,,,,,,,,0.0,,9.0,,,,,,,
,,2.0,,,18.0,REGULAR_SEASON,22.0,,,,3.0,1.0,,Thaddeus Leblanc,,1.0,,,,,,,,,,,,9.0,,,0.0,0.0,1.0,,,,,,,,0.0,,,,,,,27.0,,,,,,3.0,234.0,,,8.0,P101151_QB,QB,9.0,4.0,31.0,,,,,,,,,0,,,,,,,4.0,,13.0,17.0,,,2.0,4.0,0,63.0,,1.0,,,,,3.0,,0.0,9.0,,,,,,,
,,,22.0,,,REGULAR_SEASON,,,,132.0,,,,Ladarius Radcliffe,,,,,,,,,,,,,,,,0.0,,,4.0,,,,,,,,0.0,,,,4.0,,,,,,0.0,,,,,391.1,0.0,,P101399_LB,LB,,,,1.0,,,,,13.0,,,0,,,,,,5.0,,,,,1.0,,,,0,173.0,14.0,,23.0,17.0,1.0,4.0,,,,41.0,,,,,129.0,,4.26
,,,,,,REGULAR_SEASON,,,,,,,,Andre Kowalski,,,,,,,,,,,,,,,,,,,6.0,,,4.0,,11.0,,,,,,,,,,,524.2,225.0,,,,,,,7.0,,P100775_OG,OG,,,,,19.0,,,,,,,0,,,23.0,182.0,68.0,,,,,,,4.0,,,0,407.0,,6.0,,,,,,,,76.0,,,,,,,
,,,,,,REGULAR_SEASON,,,,,,,,Harrison Sinnott,,,,,,,,,,,,,,,,,,,7.0,,,2.0,,3.0,,,,,,,,,,,675.9,246.0,,,,,,,1.0,,P100862_OT,OT,,,,,6.0,,,,,,,0,,,15.0,199.0,88.0,,,,,,,1.0,,,0,445.0,,7.0,,,,,,,,91.0,,,,,,,
,,,17.0,,,REGULAR_SEASON,,,,135.0,,,,Davion Southall,,,,,,,,,,,,,,,,3.0,,,4.0,,,,,,,,0.0,,,,4.0,,,,,,1.0,,,,,250.9,2.0,,P100818_LB,LB,,,,2.0,,,,,7.0,,,0,,,,,,5.0,,,,,1.0,,,,0,176.0,15.0,,25.0,17.0,0.0,3.0,,,,56.0,,,,,60.0,,1.75
9.0,0.0,,,,,REGULAR_SEASON,,,,,,,,Sebastien Lasseter,,,,,,,,,,,,,,,0.0,,,,6.0,,,,7.0,,,,,,,,0.0,,,,,,,140.0,0.59,,,,2.0,,P101336_EDGE,EDGE,,,,11.0,,,4.0,,,,,0,,,,,,7.0,,,,,0.0,,,,0,245.0,9.0,,18.0,,,2.0,,,,66.0,,,,,,,
,,,,,,REGULAR_SEASON,,,,237.0,,,,Otis Seabrook,,,,,,,,,,,,,,,,3.0,,,6.0,,,,,,,,0.0,,,,3.0,,,,,,3.0,,,,,470.8,4.0,,P101480_S,S,,,,,,,,,11.0,,,0,,,,,,7.0,,,,,,,,,0,307.0,10.0,,16.0,22.0,1.0,,,,,66.0,,,,,128.0,,3.35
,,,,,,REGULAR_SEASON,,1.0,1.0,,,,0.0,Bain Driscoll,0.0,,,,,,,,,,,,,0.0,,,,,1.0,,,,,,,,,,,,,0.0,,,,,,,,,,,,,P101448_WR,WR,,,,,,,,1.0,,,15.0,0,,42.0,,14.0,,,,,,,,,,,0,49.0,,,,2.0,,,,,,10.0,,,5.0,,,,
,,,,,,REGULAR_SEASON,,1.0,3.0,,,,1.0,Axel Carlisle,0.0,,,,,,,,,,,,,0.0,,,,,7.0,,,,,,,,,,,,,0.0,,,,,,,,,,,,,P101243_WR,WR,,,,,,,,7.0,,,118.0,0,,270.0,,93.0,,,,,,,,,,,0,319.0,,,,15.0,,,,,,92.0,,,42.0,,,,
,,,13.0,,,REGULAR_SEASON,,,,66.0,,,,Xavier Villalobos,,,,,,,,,,,,,,,,0.0,,,2.0,,,,,,,,0.0,,,,1.0,,,,,,0.0,,,,,176.5,1.0,,P101472_LB,LB,,,,2.0,,,,,6.0,,,0,,,,,,1.0,,,,,0.0,,,,0,85.0,7.0,,12.0,9.0,0.0,3.0,,,,21.0,,,,,65.0,,2.0
,,,,,,REGULAR_SEASON,,,,157.0,,,,Reeves Sandidge,,,,,,,,,,,,,,,,2.0,,,4.0,,,,,,,,0.0,,,,1.0,,,,,,1.0,,,,,316.0,1.0,,P101289_S,S,,,,,,,,,9.0,,,0,,,,,,0.0,,,,,,,,,0,205.0,9.0,,15.0,14.0,0.0,,,,,48.0,,,,,105.0,,2.74
,,,,,,REGULAR_SEASON,,0.0,1.0,,,,1.0,Desmond Manningham,0.0,,,,,,,,,,,,,0.0,,,,,2.0,,,,,,,,,,,,,0.0,,,,,,,,,,,,,P101397_WR,WR,,,,,,,,2.0,,,42.0,0,,76.0,,26.0,,,,,,,,,,,0,89.0,,,,4.0,,,,,,23.0,,,16.0,,,,
16.0,3.0,,,,,REGULAR_SEASON,,,,,,,,Woodrow Udoh,,,,,,,,,,,,,,,1.0,,,,9.0,,,,13.0,,,,,,,,3.0,,,,,,,236.0,1.35,,,,3.0,,P101321_EDGE,EDGE,,,,21.0,,,8.0,,,,,0,,,,,,11.0,,,,,0.0,,,,0,416.0,13.0,,29.0,,,5.0,,,,121.0,,,,,,,
,,,,,,REGULAR_SEASON,,,,,,,,Samir Seabrook,,,,,,,,,,,,,,,,,,,4.0,,,0.0,,4.0,,,,,,,,,,,388.5,139.0,,,,,,,2.0,,P101067_OT,OT,,,,,4.0,,,,,,,0,,,12.0,111.0,47.0,,,,,,,0.0,,,0,250.0,,4.0,,,,,,,,49.0,,,,,,,
,,,,,,REGULAR_SEASON,,1.0,3.0,,,,3.0,Porter Holbrook,0.0,,,,,,,,,,,,,0.0,,,,,4.0,,,,,,,,,,,,,3.0,,,,,,,,,,,,,P100759_WR,WR,,,,,,,,4.0,,,63.0,0,,146.0,,49.0,,,,,,,,,,,0,173.0,,,,9.0,,,,,,48.0,,,20.0,,,,
,,,,,,REGULAR_SEASON,,0.0,0.0,,,,0.0,Lars Estrada,0.0,,,,,,,,,,,,,0.0,,,,,1.0,,,,,,,,,,,,,1.0,,,,,,,,,,,,,CAR_TE_04,TE,,,,,,,,1.0,,,13.0,0,,31.0,,11.0,,,,,,,,,,,0,37.0,,,,2.0,,,,,,11.0,,,3.0,,,,
,,6.0,,,71.0,REGULAR_SEASON,63.0,,,,11.0,4.0,,Sutton Valentino,,8.0,,,,,,,,,,,,30.0,,,1.0,0.0,3.0,,,,,,,,4.0,,,,,,,102.0,,,,,,5.0,597.0,,,24.0,P100598_QB,QB,31.0,13.0,144.0,,,,,,,,,0,,,,,,,9.0,,35.0,50.0,,,9.0,5.0,0,182.0,,3.0,,,,,6.0,,10.0,36.0,,,,,,,
,,,,,,REGULAR_SEASON,,,,,,,,Fowler Rochell,,,,,,,,,,,,,,,,,,,5.0,,,0.0,,7.0,,,,,,,,,,,451.8,184.0,,,,,,,1.0,,P100113_C,C,,,,,10.0,,,,,,,0,,,10.0,150.0,64.0,,,,,,,3.0,,,0,334.0,,5.0,,,,,,,,65.0,,,,,,,
2.0,0.0,,,,,REGULAR_SEASON,,,,,,,,Cooper Osweiler,,,,,,,,,,,,,,,0.0,,,,1.0,,,,0.0,,,,,,,,1.0,,,,,,,22.0,0.13,,,,0.0,,P101229_DT,DT,,,,1.0,,,1.0,,,,,0,,,,,,2.0,,,,,1.0,,,,0,39.0,2.0,,4.0,,,0.0,,,,12.0,,,,,,,
,,2.0,,,25.0,REGULAR_SEASON,23.0,,,,5.0,1.0,,Colton Strahan,,3.0,,,,,,,,,,,,12.0,,,0.0,0.0,1.0,,,,,,,,0.0,,,,,,,39.0,,,,,,1.0,271.0,,,9.0,P100712_QB,QB,14.0,7.0,49.0,,,,,,,,,0,,,,,,,5.0,,-2.0,10.0,,,2.0,5.0,0,62.0,,1.0,,,,,3.0,,1.0,13.0,,,,,,,
,,,,,,REGULAR_SEASON,,,,,,,,Quentin Odenigbo,,,,,,,,,,,,,,,,,,,4.0,,,1.0,,6.0,,,,,,,,,,,364.8,148.0,,,,,,,2.0,,P100992_C,C,,,,,8.0,,,,,,,0,,,16.0,121.0,56.0,,,,,,,2.0,,,0,269.0,,4.0,,,,,,,,58.0,,,,,,,
6.0,0.0,,,,,REGULAR_SEASON,,,,,,,,Saxon Hathaway,,,,,,,,,,,,,,,0.0,,,,4.0,,,,5.0,,,,,,,,2.0,,,,,,,79.0,0.55,,,,0.0,,P101285_DT,DT,,,,8.0,,,3.0,,,,,0,,,,,,5.0,,,,,0.0,,,,0,140.0,5.0,,11.0,,,1.0,,,,61.0,,,,,,,
,,,,,,REGULAR_SEASON,,,,,,,,Abram Hinkley,,,,6.0,1.0,2.0,4.0,1.0,6.0,0.0,2.0,1.0,1.0,,,,,,3.0,,0.0,,,,,,,12.0,,135.0,,,,,,,,,,,,,,,P101298_K,K,,,,,,,,,,,,0,,,,,,,,,,,,,,,0,18.0,,,,,,,,6.0,,45.0,5.0,4.0,,,,,
,,,,,,REGULAR_SEASON,,1.0,1.0,,,,1.0,Peyson Deakins,0.0,,,,,,,,,,,,,0.0,,,,,1.0,,,,,,,,,,,,,0.0,,,,,,,,,,,,,P101065_WR,WR,,,,,,,,1.0,,,14.0,0,,39.0,,13.0,,,,,,,,,,,0,46.0,,,,2.0,,,,,,15.0,,,5.0,,,,
,,0.0,,,24.0,REGULAR_SEASON,16.0,,,,4.0,1.0,,Palmer Valdejuli,,0.0,,,,,,,,,,,,7.0,,,0.0,0.0,1.0,,,,,,,,3.0,,,,,,,34.0,,,,,,1.0,250.0,,,8.0,P101208_QB,QB,10.0,4.0,29.0,,,,,,,,,0,,,,,,,3.0,,12.0,13.0,,,2.0,3.0,0,58.0,,1.0,,,,,0.0,,2.0,18.0,,,,,,,
,,,,,,REGULAR_SEASON,,,,39.0,,,,Jaxon Ansley,,,,,,,,,,,,,,,,0.0,,,1.0,,,,,,,,0.0,,,,0.0,,,,,,0.0,,,,,40.4,0.0,,P101137_CB,CB,,,,,,,,,1.0,,,0,,,,,,0.0,,,,,,,,,0,50.0,2.0,,3.0,5.0,0.0,,,,,18.0,,,,,16.0,,0.41
1.0,0.0,,,,,REGULAR_SEASON,,,,,,,,Casen Sokolowski,,,,,,,,,,,,,,,0.0,,,,1.0,,,,0.0,,,,,,,,0.0,,,,,,,19.0,0.07,,,,0.0,,P101496_DT,DT,,,,1.0,,,0.0,,,,,0,,,,,,0.0,,,,,1.0,,,,0,34.0,1.0,,2.0,,,0.0,,,,18.0,,,,,,,
,,8.0,,,95.0,PLAYOFFS,75.0,,,,12.0,2.0,,Griffin Sunderland,,2.0,,,,,,,,,,,,35.0,,,0.0,0.0,4.0,,,,,,,,6.0,,,,,,,140.0,,,,,,6.0,1028.0,,,38.0,TEN_QB_01,QB,45.0,18.0,178.0,,,,,,,,,1,,,,,,,17.0,,83.0,55.0,,,8.0,12.0,0,254.0,,4.0,,,,,6.0,,8.0,82.0,,,,,,,
,,,,4.0,,PLAYOFFS,,8.0,16.0,,,,15.0,Griffin Fahey,7.0,,5.0,,,,,,,,,,,24.0,,,1.0,,4.0,,,,,,,,,,,,,2.0,,,,18.0,,,,,,,,,TEN_RB_02,RB,,,,,1.0,,,48.0,,,683.0,1,,50.0,,14.0,,,73.0,3.0,291.0,,,,,,0,147.0,,,,92.0,,,,,,82.0,,,271.0,115.0,,176.0,
,,,,3.0,,PLAYOFFS,,4.0,7.0,,,,2.0,Kingston Hennessy,4.0,,5.0,,,,,,,,,,,9.0,,,0.0,,4.0,,,,,,,,,,,,,1.0,,,,11.0,,,,,,,,,TEN_RB_03,RB,,,,,1.0,,,23.0,,,341.0,1,,26.0,,7.0,,,36.0,,145.0,,,,,,0,81.0,,,,45.0,,,,,,82.0,,,145.0,33.0,,112.0,
,,,,,,PLAYOFFS,,1.0,1.0,,,,9.0,Whitaker Cribbs,4.0,,,,,,,,,,,,,8.0,,,,,4.0,,,,,,,,,,,,,4.0,,,,,,,,,,,,,TEN_WR_01,WR,,,,,,,,20.0,,1.0,304.0,1,,151.0,,52.0,,,,,,,,,,,0,178.0,,,,45.0,,,,,,82.0,,,119.0,,,,
,,,,,,PLAYOFFS,,2.0,8.0,,,,8.0,Ephraim Leavitt,2.0,,,,,,,,,,,,,7.0,,,,,5.0,,,,,,,,,,,,,3.0,,,,,,,,,,,,,TEN_WR_03,WR,,,,,,,,20.0,,2.0,288.0,1,,192.0,,66.0,,,,,,,,,,,0,227.0,,,,44.0,,,,,,101.0,,,100.0,,,,
,,,,,,PLAYOFFS,,2.0,4.0,,,,3.0,Waylon Calderón,3.0,,,,,,,,,,,,,4.0,,,,,5.0,,,,,,,,,,,,,2.0,,,,,,,,,,,,,TEN_WR_02,WR,,,,,,,,11.0,,1.0,175.0,1,,176.0,,60.0,,,,,,,,,,,0,209.0,,,,25.0,,,,,,101.0,,,67.0,,,,
,,,,,,PLAYOFFS,,1.0,1.0,,,,0.0,Walker Tyree,1.0,,,,,,,,,,,,,0.0,,,,,4.0,,,,,,,,,,,,,3.0,,,,,,,,,,,,,TEN_WR_05,WR,,,,,,,,4.0,,,69.0,1,,154.0,,53.0,,,,,,,,,,,0,182.0,,,,9.0,,,,,,82.0,,,33.0,,,,
,,,,,,PLAYOFFS,,3.0,9.0,,,,3.0,Salem Tatupu,0.0,,,,,,,,,,,,,6.0,,,,,6.0,,,,,,,,,,,,,5.0,,,,,,,,,,,,,TEN_TE_03,TE,,,,,,,,17.0,,,240.0,0,,213.0,,73.0,,,,,,,,,,,0,251.0,,,,37.0,,,,,,120.0,,,92.0,,,,
,,,,,,PLAYOFFS,,4.0,6.0,,,,1.0,Sergio Gathers,0.0,,,,,,,,,,,,,3.0,,,,,8.0,,,,,,,,,,,,,4.0,,,,,,,,,,,,,TEN_TE_01,TE,,,,,,,,11.0,,,184.0,0,,275.0,,94.0,,,,,,,,,,,0,326.0,,,,25.0,,,,,,160.0,,,78.0,,,,
,,,,,,PLAYOFFS,,,,,,,,Killian Windham,,,,,,,,,,,,,,,,,,,10.0,,,1.0,,18.0,,,,,,,,,,,906.0,362.0,,,,,,,9.0,,TEN_OT_01,OT,,,,,23.0,,,,,,,0,,,22.0,296.0,132.0,,,,,,,4.0,,,0,658.0,,10.0,,,,,,,,200.0,,,,,,,
,,,,,,PLAYOFFS,,,,,,,,Madden Bledsoe,,,,,,,,,,,,,,,,,,,4.0,,,0.0,,5.0,,,,,,,,,,,375.9,141.0,,,,,,,2.0,,TEN_OT_04,OT,,,,,6.0,,,,,,,1,,,9.0,116.0,45.0,,,,,,,1.0,,,0,257.0,,4.0,,,,,,,,82.0,,,,,,,
,,,,,,PLAYOFFS,,,,,,,,Shepard Greenlaw,,,,,,,,,,,,,,,,,,,5.0,,,1.0,,3.0,,,,,,,,,,,489.2,181.0,,,,,,,2.0,,TEN_OG_04,OG,,,,,4.0,,,,,,,0,,,9.0,147.0,65.0,,,,,,,0.0,,,0,328.0,,5.0,,,,,,,,101.0,,,,,,,
,,,,,,PLAYOFFS,,,,,,,,Arlen Gauthier,,,,,,,,,,,,,,,,,,,9.0,,,7.0,,5.0,,,,,,,,,,,838.9,325.0,,,,,,,3.0,,TEN_OG_01,OG,,,,,15.0,,,,,,,0,,,27.0,262.0,120.0,,,,,,,3.0,,,0,587.0,,9.0,,,,,,,,179.0,,,,,,,
,,,,,,PLAYOFFS,,,,,,,,Lowell Woolfolk,,,,,,,,,,,,,,,,,,,12.0,,,3.0,,6.0,,,,,,,,,,,1149.3,436.0,,,,,,,6.0,,TEN_C_01,C,,,,,12.0,,,,,,,0,,,29.0,353.0,159.0,,,,,,,3.0,,,0,789.0,,12.0,,,,,,,,246.0,,,,,,,
11.0,0.0,,,,,PLAYOFFS,,,,,,,,Darian Pouncey,,,,,,,,,,,,,,,1.0,,,,6.0,,,,12.0,,,,,,,,1.0,,,,,,,148.0,0.88,,,,2.0,,TEN_EDGE_02,EDGE,,,,16.0,,,2.0,,,,,1,,,,,,10.0,,,,,2.0,,,,0,260.0,7.0,,18.0,,,2.0,,,,121.0,,,,,,,
14.0,2.0,,,,,PLAYOFFS,,,,,,,,Harrison Markham,,,,,,,,,,,,,,,0.0,,,,9.0,,,,17.0,,,,,,,,3.0,,,,,,,228.0,1.49,,,,1.0,,TEN_EDGE_01,EDGE,,,,25.0,,,5.0,,,,,0,,,,,,17.0,,,,,3.0,,,,0,399.0,10.0,,24.0,,,4.0,,,,184.0,,,,,,,
8.0,0.0,,,,,PLAYOFFS,,,,,,,,Remy Hilliard,,,,,,,,,,,,,,,0.0,,,,6.0,,,,10.0,,,,,,,,3.0,,,,,,,154.0,0.87,,,,1.0,,TEN_EDGE_03,EDGE,,,,15.0,,,3.0,,,,,1,,,,,,10.0,,,,,2.0,,,,0,270.0,6.0,,14.0,,,5.0,,,,121.0,,,,,,,
11.0,2.0,,,,,PLAYOFFS,,,,,,,,Trey Rudolph,,,,,,,,,,,,,,,0.0,,,,8.0,,,,14.0,,,,,,,,2.0,,,,,,,197.0,0.99,,,,4.0,,TEN_EDGE_04,EDGE,,,,20.0,,,6.0,,,,,0,,,,,,12.0,,,,,0.0,,,,0,345.0,11.0,,22.0,,,2.0,,,,160.0,,,,,,,
8.0,1.0,,,,,PLAYOFFS,,,,,,,,Zephyr Bancroft,,,,,,,,,,,,,,,0.0,,,,6.0,,,,10.0,,,,,,,,3.0,,,,,,,126.0,1.02,,,,2.0,,TEN_DT_01,DT,,,,15.0,,,2.0,,,,,0,,,,,,12.0,,,,,3.0,,,,0,225.0,9.0,,17.0,,,2.0,,,,120.0,,,,,,,
9.0,1.0,,,,,PLAYOFFS,,,,,,,,Benoit Dabney,,,,,,,,,,,,,,,2.0,,,,6.0,,,,13.0,,,,,,,,4.0,,,,,,,134.0,0.84,,,,0.0,,TEN_DT_04,DT,,,,17.0,,,3.0,,,,,0,,,,,,13.0,,,,,1.0,,,,0,236.0,7.0,,16.0,,,5.0,,,,120.0,,,,,,,
6.0,0.0,,,,,PLAYOFFS,,,,,,,,Osiris Carmody,,,,,,,,,,,,,,,0.0,,,,4.0,,,,4.0,,,,,,,,1.0,,,,,,,83.0,0.31,,,,1.0,,TEN_DT_03,DT,,,,5.0,,,0.0,,,,,1,,,,,,8.0,,,,,1.0,,,,0,148.0,4.0,,10.0,,,0.0,,,,82.0,,,,,,,
,,,36.0,,,PLAYOFFS,,,,207.0,,,,Waylon Appleton,,,,,,,,,,,,,,,,4.0,,,6.0,,,,,,,,0.0,,,,0.0,,,,,,1.0,,,,,545.1,4.0,,TEN_LB_01,LB,,,,6.0,,,,,13.0,,,0,,,,,,5.0,,,,,3.0,,,,0,270.0,17.0,,27.0,21.0,2.0,3.0,,,,120.0,,,,,155.0,,4.38
,,,29.0,,,PLAYOFFS,,,,180.0,,,,Dorian Vaitai,,,,,,,,,,,,,,,,3.0,,,5.0,,,,,,,,1.0,,,,2.0,,,,,,3.0,,,,,536.2,0.0,,TEN_LB_04,LB,,,,5.0,,,,,14.0,,,1,,,,,,1.0,,,,,1.0,,,,0,235.0,14.0,,24.0,19.0,2.0,5.0,,,,101.0,,,,,176.0,,4.89
,,,27.0,,,PLAYOFFS,,,,213.0,,,,Ibrahim Wyckoff,,,,,,,,,,,,,,,,5.0,,,6.0,,,,,,,,0.0,,,,2.0,,,,,,4.0,,,,,508.3,2.0,,TEN_LB_02,LB,,,,3.0,,,,,10.0,,,1,,,,,,4.0,,,,,0.0,,,,0,276.0,22.0,,35.0,18.0,1.0,2.0,,,,121.0,,,,,149.0,,4.21
,,,,,,PLAYOFFS,,,,166.0,,,,Lazaro Vasher,,,,,,,,,,,,,,,,3.0,,,4.0,,,,,,,,1.0,,,,2.0,,,,,,2.0,,,,,313.8,1.0,,TEN_CB_03,CB,,,,,,,,,9.0,,,1,,,,,,0.0,,,,,,,,,0,214.0,12.0,,18.0,12.0,1.0,,,,,82.0,,,,,84.0,,1.93
,,,,,,PLAYOFFS,,,,146.0,,,,Gage Simmerman,,,,,,,,,,,,,,,,3.0,,,4.0,,,,,,,,0.0,,,,2.0,,,,,,2.0,,,,,361.1,1.0,,TEN_CB_02,CB,,,,,,,,,13.0,,,1,,,,,,3.0,,,,,,,,,0,190.0,13.0,,20.0,22.0,1.0,,,,,82.0,,,,,151.0,,4.21
,,,,,,PLAYOFFS,,,,379.0,,,,Micah Stoutland,,,,,,,,,,,,,,,,4.0,,,10.0,,,,,,,,2.0,,,,1.0,,,,,,0.0,,,,,790.6,2.0,,TEN_CB_06,CB,,,,,,,,,21.0,,,1,,,,,,9.0,,,,,,,,,0,493.0,21.0,,34.0,35.0,2.0,,,,,205.0,,,,,282.0,,7.41
,,,,,,PLAYOFFS,,,,157.0,,,,Harvey Terrazas,,,,,,,,,,,,,,,,2.0,,,4.0,,,,,,,,0.0,,,,1.0,,,,,,0.0,,,,,381.4,0.0,,TEN_CB_05,CB,,,,,,,,,10.0,,,1,,,,,,4.0,,,,,,,,,0,203.0,11.0,,18.0,13.0,0.0,,,,,82.0,,,,,113.0,,2.89
,,,,,,PLAYOFFS,,,,233.0,,,,Kane Crockett,,,,,,,,,,,,,,,,4.0,,,6.0,,,,,,,,0.0,,,,2.0,,,,,,3.0,,,,,525.2,1.0,,TEN_S_01,S,,,,,,,,,14.0,,,0,,,,,,2.0,,,,,,,,,0,301.0,10.0,,19.0,20.0,1.0,,,,,120.0,,,,,130.0,,3.3
,,,,,,PLAYOFFS,,,,208.0,,,,Finley Sherfield,,,,,,,,,,,,,,,,2.0,,,5.0,,,,,,,,0.0,,,,0.0,,,,,,1.0,,,,,422.9,3.0,,TEN_S_02,S,,,,,,,,,12.0,,,1,,,,,,3.0,,,,,,,,,0,269.0,6.0,,12.0,16.0,0.0,,,,,101.0,,,,,135.0,,3.33
,,,,,,PLAYOFFS,,,,169.0,,,,Isaias Tenpenny,,,,,,,,,,,,,,,,2.0,,,4.0,,,,,,,,0.0,,,,3.0,,,,,,1.0,,,,,394.8,3.0,,TEN_S_03,S,,,,,,,,,11.0,,,1,,,,,,1.0,,,,,,,,,0,220.0,13.0,,20.0,16.0,1.0,,,,,82.0,,,,,148.0,,3.54
,,,,,,PLAYOFFS,,,,,,,,Trace Scarbrough,,,,6.0,1.0,1.0,0.0,3.0,6.0,1.0,1.0,0.0,2.0,,,,,,4.0,,0.0,,,,,,,13.0,,160.0,,,,,,,,,,,,,,,TEN_K_01,K,,,,,,,,,,,,0,,,,,,,,,,,,,,,0,24.0,,,,,,,,9.0,,82.0,6.0,6.0,,,,,
,,,,,,PLAYOFFS,,,,,,,,Rowan Elmore,,,,,,,,,,,,,,,,,,,11.0,1767.0,,,,,9.0,18.0,,,619.0,,,,1583.0,,,,,,,,,,,,TEN_P_01,P,,,,,,38.0,,,,,,0,184.0,,,,,,,,,,,,,,0,55.0,,,,,,,,2.0,,220.0,,,,,,,
,,27.0,,,128.0,PLAYOFFS,147.0,,,,22.0,11.0,,Rafferty Sunderland,,7.0,,,,,,,,,,,,72.0,,,0.0,0.0,6.0,,,,,,,,2.0,,,,,,,201.0,,,,,,9.0,1544.0,,,58.0,IND_QB_01,QB,73.0,36.0,335.0,,,,,,,,,0,,,,,,,16.0,,77.0,51.0,,,8.0,8.0,0,386.0,,6.0,,,,,4.0,,5.0,121.0,,,,,,,
,,,,1.0,,PLAYOFFS,,1.0,2.0,,,,2.0,Lachlan Mattison,1.0,,0.0,,,,,,,,,,,5.0,,,0.0,,1.0,,,,,,,,,,,,,0.0,,,,4.0,,,,,,,,,IND_RB_01,RB,,,,,1.0,,,10.0,,,85.0,1,,8.0,,2.0,,,15.0,1.0,56.0,,,,,,0,23.0,,,,19.0,,,,,,19.0,,,37.0,6.0,,50.0,
,,,,13.0,,PLAYOFFS,,7.0,17.0,,,,10.0,Rafferty Langford,3.0,,6.0,,,,,,,,,,,30.0,,,0.0,,8.0,,,,,,,,,,,,,2.0,,,,36.0,,,,,,,,,IND_RB_02,RB,,,,,3.0,,,66.0,,,717.0,0,,62.0,,14.0,,,82.0,0.0,338.0,,,,,,0,186.0,,,,98.0,,,,,,159.0,,,267.0,151.0,,187.0,
,,,,1.0,,PLAYOFFS,,1.0,1.0,,,,0.0,Pierce Cundiff,0.0,,0.0,,,,,,,,,,,0.0,,,0.0,,1.0,,,,,,,,,,,,,0.0,,,,4.0,,,,,,,,,IND_RB_03,RB,,,,,0.0,,,2.0,,,19.0,1,,4.0,,1.0,,,3.0,,12.0,,,,,,0,12.0,,,,4.0,,,,,,19.0,,,8.0,5.0,,7.0,
,,,,,,PLAYOFFS,,4.0,5.0,,,,9.0,Willem Freeney,6.0,,,,,,,,,,,,,9.0,,,,,5.0,,,,,,,,,,,,,2.0,,,,,,,,,,,,,IND_WR_03,WR,,,,,,,,27.0,,,317.0,1,,184.0,,63.0,,,,,,,,,,,0,218.0,,,,47.0,,,,,,96.0,,,127.0,,,,
,,,,,,PLAYOFFS,,4.0,18.0,,,,23.0,Ridge Kirkpatrick,4.0,,,,,,,,,,,,,29.0,,,,,11.0,,,,,,,,,,,,,7.0,,,,,,,,,,,,,IND_WR_02,WR,,,,,,,,69.0,,5.0,829.0,0,,392.0,,134.0,,,,,,,,,,,0,462.0,,,,118.0,,,,,,222.0,,,353.0,,,,
,,,,,,PLAYOFFS,,11.0,16.0,,,,11.0,Warner Kirkpatrick,6.0,,,,,,,,,,,,,26.0,,,,,12.0,,,,,,,,,,,,,8.0,,,,,,,,,,,,,IND_WR_01,WR,,,,,,,,57.0,,2.0,723.0,0,,454.0,,156.0,,,,,,,,,,,0,537.0,,,,100.0,,,,,,242.0,,,278.0,,,,
,,,,,,PLAYOFFS,,0.0,0.0,,,,0.0,Obadiah Kelleher,0.0,,,,,,,,,,,,,0.0,,,,,1.0,,,,,,,,,,,,,2.0,,,,,,,,,,,,,IND_WR_04,WR,,,,,,,,1.0,,,10.0,1,,40.0,,14.0,,,,,,,,,,,0,47.0,,,,2.0,,,,,,19.0,,,4.0,,,,
,,,,,,PLAYOFFS,,0.0,0.0,,,,0.0,Casen Cortés,0.0,,,,,,,,,,,,,1.0,,,,,1.0,,,,,,,,,,,,,0.0,,,,,,,,,,,,,IND_TE_01,TE,,,,,,,,3.0,,,27.0,1,,30.0,,10.0,,,,,,,,,,,0,36.0,,,,7.0,,,,,,19.0,,,9.0,,,,
,,,,,,PLAYOFFS,,0.0,1.0,,,,0.0,Lorenzo Marsalis,0.0,,,,,,,,,,,,,0.0,,,,,1.0,,,,,,,,,,,,,0.0,,,,,,,,,,,,,IND_TE_02,TE,,,,,,,,1.0,,,8.0,0,,34.0,,12.0,,,,,,,,,,,0,40.0,,,,2.0,,,,,,19.0,,,2.0,,,,
,,,,,,PLAYOFFS,,,,,,,,Hasani Malbrough,,,,,,,,,,,,,,,,,,,1.0,,,0.0,,1.0,,,,,,,,,,,97.5,40.0,,,,,,,1.0,,IND_OT_02,OT,,,,,1.0,,,,,,,1,,,3.0,32.0,12.0,,,,,,,0.0,,,0,72.0,,1.0,,,,,,,,19.0,,,,,,,
,,,,,,PLAYOFFS,,,,,,,,Ohan Chidozie,,,,,,,,,,,,,,,,,,,1.0,,,1.0,,0.0,,,,,,,,,,,87.1,35.0,,,,,,,0.0,,IND_OT_03,OT,,,,,2.0,,,,,,,0,,,5.0,29.0,13.0,,,,,,,1.0,,,0,64.0,,1.0,,,,,,,,19.0,,,,,,,
,,,,,,PLAYOFFS,,,,,,,,Hampton Brockman,,,,,,,,,,,,,,,,,,,2.0,,,0.0,,2.0,,,,,,,,,,,186.2,75.0,,,,,,,0.0,,IND_OG_01,OG,,,,,3.0,,,,,,,0,,,5.0,62.0,25.0,,,,,,,1.0,,,0,137.0,,2.0,,,,,,,,38.0,,,,,,,
,,,,,,PLAYOFFS,,,,,,,,Kieran Mendenhall,,,,,,,,,,,,,,,,,,,1.0,,,0.0,,4.0,,,,,,,,,,,88.2,34.0,,,,,,,1.0,,IND_OG_03,OG,,,,,4.0,,,,,,,1,,,4.0,28.0,10.0,,,,,,,0.0,,,0,62.0,,1.0,,,,,,,,19.0,,,,,,,
,,,,,,PLAYOFFS,,,,,,,,Kalen Kamara,,,,,,,,,,,,,,,,,,,12.0,,,1.0,,7.0,,,,,,,,,,,1130.6,445.0,,,,,,,8.0,,IND_C_01,C,,,,,13.0,,,,,,,0,,,23.0,361.0,177.0,,,,,,,5.0,,,0,806.0,,12.0,,,,,,,,243.0,,,,,,,
15.0,2.0,,,,,PLAYOFFS,,,,,,,,Griffin Hunnicutt,,,,,,,,,,,,,,,0.0,,,,11.0,,,,8.0,,,,,,,,2.0,,,,,,,266.0,1.53,,,,1.0,,IND_EDGE_02,EDGE,,,,20.0,,,6.0,,,,,1,,,,,,15.0,,,,,9.0,,,,0,468.0,12.0,,27.0,,,3.0,,,,223.0,,,,,,,
19.0,0.0,,,,,PLAYOFFS,,,,,,,,Rafferty Ugwoegbu,,,,,,,,,,,,,,,0.0,,,,10.0,,,,18.0,,,,,,,,1.0,,,,,,,255.0,1.47,,,,2.0,,IND_EDGE_01,EDGE,,,,32.0,,,9.0,,,,,0,,,,,,25.0,,,,,6.0,,,,0,448.0,18.0,,37.0,,,9.0,,,,204.0,,,,,,,
1.0,0.0,,,,,PLAYOFFS,,,,,,,,Gunner Schmitz,,,,,,,,,,,,,,,1.0,,,,1.0,,,,3.0,,,,,,,,0.0,,,,,,,23.0,0.15,,,,0.0,,IND_EDGE_05,EDGE,,,,3.0,,,0.0,,,,,1,,,,,,1.0,,,,,0.0,,,,0,41.0,1.0,,2.0,,,0.0,,,,19.0,,,,,,,
13.0,0.0,,,,,PLAYOFFS,,,,,,,,Teagan Treadwell,,,,,,,,,,,,,,,0.0,,,,7.0,,,,9.0,,,,,,,,3.0,,,,,,,143.0,1.06,,,,2.0,,IND_DT_01,DT,,,,13.0,,,3.0,,,,,0,,,,,,11.0,,,,,1.0,,,,0,253.0,11.0,,24.0,,,2.0,,,,140.0,,,,,,,
0.0,0.0,,,,,PLAYOFFS,,,,,,,,Xander Clanton,,,,,,,,,,,,,,,0.0,,,,1.0,,,,0.0,,,,,,,,0.0,,,,,,,23.0,0.1,,,,0.0,,IND_DT_02,DT,,,,2.0,,,1.0,,,,,1,,,,,,2.0,,,,,1.0,,,,0,40.0,0.0,,0.0,,,0.0,,,,19.0,,,,,,,
1.0,0.0,,,,,PLAYOFFS,,,,,,,,Enzo Quigley,,,,,,,,,,,,,,,0.0,,,,1.0,,,,0.0,,,,,,,,1.0,,,,,,,22.0,0.06,,,,0.0,,IND_DT_04,DT,,,,0.0,,,0.0,,,,,1,,,,,,2.0,,,,,0.0,,,,0,39.0,1.0,,2.0,,,1.0,,,,19.0,,,,,,,
,,,16.0,,,PLAYOFFS,,,,134.0,,,,Fletcher Killebrew,,,,,,,,,,,,,,,,2.0,,,4.0,,,,,,,,0.0,,,,0.0,,,,,,1.0,,,,,397.5,0.0,,IND_LB_01,LB,,,,2.0,,,,,9.0,,,0,,,,,,2.0,,,,,0.0,,,,0,174.0,9.0,,15.0,19.0,3.0,2.0,,,,79.0,,,,,137.0,,4.11
,,,16.0,,,PLAYOFFS,,,,107.0,,,,Trey Ansley,,,,,,,,,,,,,,,,2.0,,,3.0,,,,,,,,0.0,,,,3.0,,,,,,2.0,,,,,167.1,0.0,,IND_LB_03,LB,,,,5.0,,,,,4.0,,,1,,,,,,3.0,,,,,1.0,,,,0,140.0,13.0,,20.0,10.0,0.0,4.0,,,,58.0,,,,,50.0,,1.39
,,,21.0,,,PLAYOFFS,,,,111.0,,,,Wallace Sullivan,,,,,,,,,,,,,,,,2.0,,,3.0,,,,,,,,0.0,,,,2.0,,,,,,0.0,,,,,303.1,0.0,,IND_LB_05,LB,,,,2.0,,,,,11.0,,,0,,,,,,2.0,,,,,2.0,,,,0,145.0,6.0,,11.0,13.0,0.0,2.0,,,,58.0,,,,,123.0,,3.34
,,,,,,PLAYOFFS,,,,435.0,,,,Reeves Milfort,,,,,,,,,,,,,,,,11.0,,,12.0,,,,,,,,1.0,,,,1.0,,,,,,9.0,,,,,963.2,2.0,,IND_CB_01,CB,,,,,,,,,24.0,,,0,,,,,,12.0,,,,,,,,,0,568.0,26.0,,44.0,39.0,2.0,,,,,243.0,,,,,298.0,,8.24
,,,,,,PLAYOFFS,,,,354.0,,,,Whitaker Cromartie,,,,,,,,,,,,,,,,4.0,,,9.0,,,,,,,,0.0,,,,0.0,,,,,,3.0,,,,,871.4,2.0,,IND_CB_03,CB,,,,,,,,,27.0,,,0,,,,,,8.0,,,,,,,,,0,457.0,16.0,,29.0,37.0,2.0,,,,,180.0,,,,,320.0,,8.23
,,,,,,PLAYOFFS,,,,189.0,,,,Odell Wainwright,,,,,,,,,,,,,,,,4.0,,,5.0,,,,,,,,3.0,,,,4.0,,,,,,0.0,,,,,387.5,1.0,,IND_CB_06,CB,,,,,,,,,13.0,,,1,,,,,,5.0,,,,,,,,,0,245.0,13.0,,21.0,18.0,1.0,,,,,101.0,,,,,153.0,,4.15
,,,,,,PLAYOFFS,,,,113.0,,,,Javon Lessard,,,,,,,,,,,,,,,,3.0,,,3.0,,,,,,,,0.0,,,,1.0,,,,,,2.0,,,,,320.9,0.0,,IND_CB_05,CB,,,,,,,,,7.0,,,1,,,,,,2.0,,,,,,,,,0,147.0,6.0,,11.0,8.0,0.0,,,,,58.0,,,,,83.0,,2.22
,,,,,,PLAYOFFS,,,,195.0,,,,Kolby Cosgrove,,,,,,,,,,,,,,,,6.0,,,5.0,,,,,,,,0.0,,,,3.0,,,,,,2.0,,,,,462.4,0.0,,IND_S_01,S,,,,,,,,,13.0,,,1,,,,,,3.0,,,,,,,,,0,253.0,10.0,,17.0,20.0,2.0,,,,,97.0,,,,,116.0,,3.0
,,,,,,PLAYOFFS,,,,121.0,,,,Slade Legette,,,,,,,,,,,,,,,,4.0,,,3.0,,,,,,,,0.0,,,,0.0,,,,,,4.0,,,,,241.7,2.0,,IND_S_02,S,,,,,,,,,6.0,,,1,,,,,,2.0,,,,,,,,,0,157.0,6.0,,10.0,9.0,0.0,,,,,58.0,,,,,95.0,,2.42
,,,,,,PLAYOFFS,,,,38.0,,,,Lamont Dorsett,,,,,,,,,,,,,,,,2.0,,,1.0,,,,,,,,0.0,,,,0.0,,,,,,1.0,,,,,118.8,0.0,,IND_S_04,S,,,,,,,,,2.0,,,1,,,,,,1.0,,,,,,,,,0,49.0,1.0,,2.0,2.0,0.0,,,,,19.0,,,,,42.0,,1.1
,,,,,,PLAYOFFS,,,,,,,,Phelan Boateng,,,,1.0,0.0,1.0,0.0,1.0,1.0,0.0,1.0,0.0,1.0,,,,,,1.0,,0.0,,,,,,,4.0,,49.0,,,,,,,,,,,,,,,IND_K_01,K,,,,,,,,,,,,0,,,,,,,,,,,,,,,0,6.0,,,,,,,,3.0,,19.0,2.0,1.0,,,,,
,,,,,,PLAYOFFS,,,,,,,,Palmer Wiggington,,,,,,,,,,,,,,,,,,,12.0,2053.0,,,,,4.0,16.0,,,637.0,,,,1877.0,,,,,,,,,,,,IND_P_01,P,,,,,,43.0,,,,,,0,176.0,,,,,,,,,,,,,,0,60.0,,,,,,,,1.0,,243.0,,,,,,,
,,8.0,,,45.0,PLAYOFFS,46.0,,,,7.0,4.0,,Harlan Windham,,5.0,,,,,,,,,,,,20.0,,,0.0,0.0,2.0,,,,,,,,2.0,,,,,,,65.0,,,,,,3.0,486.0,,,17.0,NYJ_QB_01,QB,20.0,9.0,91.0,,,,,,,,,0,,,,,,,7.0,,19.0,11.0,,,2.0,5.0,0,130.0,,2.0,,,,,4.0,,0.0,39.0,,,,,,,
,,,,4.0,,PLAYOFFS,,1.0,3.0,,,,6.0,Khalil Thorogood,1.0,,1.0,,,,,,,,,,,13.0,,,0.0,,2.0,,,,,,,,,,,,,0.0,,,,10.0,,,,,,,,,NYJ_RB_03,RB,,,,,0.0,,,25.0,,,281.0,1,,20.0,,6.0,,,29.0,2.0,143.0,,,,,,0,60.0,,,,37.0,,,,,,39.0,,,116.0,63.0,,80.0,
,,,,1.0,,PLAYOFFS,,2.0,5.0,,,,3.0,Waylon Seeley,2.0,,0.0,,,,,,,,,,,5.0,,,0.0,,2.0,,,,,,,,,,,,,2.0,,,,11.0,,,,,,,,,NYJ_RB_01,RB,,,,,2.0,,,12.0,,,140.0,1,,18.0,,4.0,,,14.0,,71.0,,,,,,0,53.0,,,,18.0,,,,,,39.0,,,72.0,35.0,,36.0,
,,,,1.0,,PLAYOFFS,,0.0,2.0,,,,1.0,Niles Saffold,0.0,,1.0,,,,,,,,,,,2.0,,,0.0,,2.0,,,,,,,,,,,,,1.0,,,,5.0,,,,,,,,,NYJ_RB_02,RB,,,,,0.0,,,5.0,,,62.0,1,,9.0,,2.0,,,6.0,,31.0,,,,,,0,29.0,,,,8.0,,,,,,39.0,,,31.0,18.0,,13.0,
,,,,,,PLAYOFFS,,11.0,19.0,,,,13.0,Julius Bonner,4.0,,,,,,,,,,,,,27.0,,,,,10.0,,,,,,,,,,,,,8.0,,,,,,,,,,,,,NYJ_WR_02,WR,,,,,,,,62.0,,5.0,696.0,0,,366.0,,124.0,,,,,,,,,,,0,432.0,,,,105.0,,,,,,196.0,,,230.0,,,,
,,,,,,PLAYOFFS,,6.0,14.0,,,,12.0,Mateo Paddock,3.0,,,,,,,,,,,,,24.0,,,,,11.0,,,,,,,,,,,,,7.0,,,,,,,,,,,,,NYJ_WR_03,WR,,,,,,,,57.0,,,713.0,1,,400.0,,137.0,,,,,,,,,,,0,472.0,,,,108.0,,,,,,217.0,,,282.0,,,,
,,,,,,PLAYOFFS,,1.0,1.0,,,,3.0,Mekai Lutrell,0.0,,,,,,,,,,,,,2.0,,,,,2.0,,,,,,,,,,,,,2.0,,,,,,,,,,,,,NYJ_WR_01,WR,,,,,,,,6.0,,,76.0,1,,77.0,,27.0,,,,,,,,,,,0,91.0,,,,11.0,,,,,,39.0,,,37.0,,,,
,,,,,,PLAYOFFS,,4.0,6.0,,,,1.0,Malcolm Quessenberry,3.0,,,,,,,,,,,,,5.0,,,,,6.0,,,,,,,,,,,,,1.0,,,,,,,,,,,,,NYJ_WR_06,WR,,,,,,,,15.0,,1.0,219.0,1,,208.0,,71.0,,,,,,,,,,,0,246.0,,,,27.0,,,,,,118.0,,,90.0,,,,
,,,,,,PLAYOFFS,,6.0,13.0,,,,7.0,Archer Percival,3.0,,,,,,,,,,,,,16.0,,,,,10.0,,,,,,,,,,,,,7.0,,,,,,,,,,,,,NYJ_TE_01,TE,,,,,,,,41.0,,,489.0,1,,331.0,,114.0,,,,,,,,,,,0,393.0,,,,66.0,,,,,,204.0,,,171.0,,,,
,,,,,,PLAYOFFS,,0.0,0.0,,,,1.0,Woodrow Kemper,3.0,,,,,,,,,,,,,0.0,,,,,2.0,,,,,,,,,,,,,2.0,,,,,,,,,,,,,NYJ_TE_03,TE,,,,,,,,2.0,,,27.0,0,,70.0,,24.0,,,,,,,,,,,0,83.0,,,,4.0,,,,,,39.0,,,9.0,,,,
,,,,,,PLAYOFFS,,,,,,,,Niles Uche,,,,,,,,,,,,,,,,,,,2.0,,,0.0,,2.0,,,,,,,,,,,184.7,76.0,,,,,,,4.0,,NYJ_OT_04,OT,,,,,3.0,,,,,,,1,,,5.0,61.0,26.0,,,,,,,1.0,,,0,137.0,,2.0,,,,,,,,39.0,,,,,,,
,,,,,,PLAYOFFS,,,,,,,,Peyton Dungy,,,,,,,,,,,,,,,,,,,8.0,,,3.0,,3.0,,,,,,,,,,,755.9,288.0,,,,,,,4.0,,NYJ_OT_02,OT,,,,,8.0,,,,,,,0,,,19.0,231.0,96.0,,,,,,,3.0,,,0,519.0,,8.0,,,,,,,,157.0,,,,,,,
,,,,,,PLAYOFFS,,,,,,,,Levi Gainer,,,,,,,,,,,,,,,,,,,7.0,,,2.0,,7.0,,,,,,,,,,,663.7,255.0,,,,,,,7.0,,NYJ_OG_01,OG,,,,,10.0,,,,,,,0,,,20.0,205.0,90.0,,,,,,,1.0,,,0,460.0,,7.0,,,,,,,,138.0,,,,,,,
,,,,,,PLAYOFFS,,,,,,,,Rhett Leblanc,,,,,,,,,,,,,,,,,,,2.0,,,1.0,,1.0,,,,,,,,,,,175.2,73.0,,,,,,,0.0,,NYJ_OG_02,OG,,,,,4.0,,,,,,,0,,,2.0,58.0,28.0,,,,,,,2.0,,,0,131.0,,2.0,,,,,,,,39.0,,,,,,,
,,,,,,PLAYOFFS,,,,,,,,Draven Bradshaw,,,,,,,,,,,,,,,,,,,8.0,,,4.0,,10.0,,,,,,,,,,,727.1,296.0,,,,,,,2.0,,NYJ_C_01,C,,,,,17.0,,,,,,,1,,,18.0,239.0,100.0,,,,,,,4.0,,,0,535.0,,8.0,,,,,,,,157.0,,,,,,,
12.0,0.0,,,,,PLAYOFFS,,,,,,,,Orson Kowalski,,,,,,,,,,,,,,,1.0,,,,9.0,,,,19.0,,,,,,,,2.0,,,,,,,225.0,1.12,,,,1.0,,NYJ_EDGE_01,EDGE,,,,23.0,,,2.0,,,,,0,,,,,,16.0,,,,,3.0,,,,0,395.0,10.0,,22.0,,,3.0,,,,176.0,,,,,,,
6.0,0.0,,,,,PLAYOFFS,,,,,,,,Malik Makinen,,,,,,,,,,,,,,,0.0,,,,4.0,,,,8.0,,,,,,,,1.0,,,,,,,101.0,0.59,,,,0.0,,NYJ_EDGE_02,EDGE,,,,12.0,,,4.0,,,,,0,,,,,,7.0,,,,,0.0,,,,0,178.0,3.0,,9.0,,,4.0,,,,77.0,,,,,,,
17.0,1.0,,,,,PLAYOFFS,,,,,,,,Leon Cornish,,,,,,,,,,,,,,,1.0,,,,11.0,,,,20.0,,,,,,,,2.0,,,,,,,279.0,1.5,,,,2.0,,NYJ_EDGE_05,EDGE,,,,28.0,,,6.0,,,,,0,,,,,,20.0,,,,,2.0,,,,0,492.0,13.0,,30.0,,,4.0,,,,218.0,,,,,,,
3.0,0.0,,,,,PLAYOFFS,,,,,,,,Creed Estrada,,,,,,,,,,,,,,,0.0,,,,2.0,,,,4.0,,,,,,,,0.0,,,,,,,49.0,0.26,,,,0.0,,NYJ_EDGE_03,EDGE,,,,4.0,,,0.0,,,,,1,,,,,,3.0,,,,,0.0,,,,0,87.0,3.0,,6.0,,,1.0,,,,39.0,,,,,,,
6.0,0.0,,,,,PLAYOFFS,,,,,,,,Deion Sagapolutele,,,,,,,,,,,,,,,0.0,,,,3.0,,,,1.0,,,,,,,,1.0,,,,,,,67.0,0.41,,,,0.0,,NYJ_DT_02,DT,,,,5.0,,,1.0,,,,,1,,,,,,5.0,,,,,4.0,,,,0,120.0,3.0,,9.0,,,1.0,,,,58.0,,,,,,,
4.0,1.0,,,,,PLAYOFFS,,,,,,,,Kane Stonehouse,,,,,,,,,,,,,,,0.0,,,,4.0,,,,5.0,,,,,,,,0.0,,,,,,,87.0,0.48,,,,2.0,,NYJ_DT_03,DT,,,,6.0,,,0.0,,,,,0,,,,,,5.0,,,,,1.0,,,,0,153.0,1.0,,5.0,,,1.0,,,,77.0,,,,,,,
17.0,2.0,,,,,PLAYOFFS,,,,,,,,Madden Lanphier,,,,,,,,,,,,,,,2.0,,,,9.0,,,,9.0,,,,,,,,2.0,,,,,,,178.0,1.07,,,,2.0,,NYJ_DT_05,DT,,,,15.0,,,5.0,,,,,0,,,,,,10.0,,,,,1.0,,,,0,314.0,17.0,,34.0,,,6.0,,,,177.0,,,,,,,
,,,22.0,,,PLAYOFFS,,,,110.0,,,,Osmond Swearinger,,,,,,,,,,,,,,,,1.0,,,3.0,,,,,,,,1.0,,,,3.0,,,,,,1.0,,,,,163.5,0.0,,NYJ_LB_01,LB,,,,2.0,,,,,5.0,,,1,,,,,,1.0,,,,,0.0,,,,0,142.0,12.0,,20.0,12.0,0.0,2.0,,,,59.0,,,,,67.0,,1.87
,,,86.0,,,PLAYOFFS,,,,454.0,,,,Gage Canfield,,,,,,,,,,,,,,,,9.0,,,13.0,,,,,,,,3.0,,,,7.0,,,,,,6.0,,,,,1120.2,8.0,,NYJ_LB_02,LB,,,,9.0,,,,,45.0,,,0,,,,,,7.0,,,,,2.0,,,,0,590.0,55.0,,86.0,62.0,1.0,12.0,,,,255.0,,,,,556.0,,16.05
,,,13.0,,,PLAYOFFS,,,,74.0,,,,Mikael Rivenbark,,,,,,,,,,,,,,,,1.0,,,2.0,,,,,,,,0.0,,,,1.0,,,,,,0.0,,,,,244.1,0.0,,NYJ_LB_04,LB,,,,0.0,,,,,9.0,,,1,,,,,,3.0,,,,,0.0,,,,0,97.0,14.0,,20.0,11.0,1.0,2.0,,,,39.0,,,,,93.0,,2.52
,,,,,,PLAYOFFS,,,,193.0,,,,Linus Pinnock,,,,,,,,,,,,,,,,4.0,,,5.0,,,,,,,,1.0,,,,0.0,,,,,,3.0,,,,,447.4,0.0,,NYJ_CB_03,CB,,,,,,,,,14.0,,,1,,,,,,6.0,,,,,,,,,0,251.0,11.0,,20.0,21.0,1.0,,,,,96.0,,,,,187.0,,5.02
,,,,,,PLAYOFFS,,,,312.0,,,,Keon Kerrigan,,,,,,,,,,,,,,,,5.0,,,8.0,,,,,,,,0.0,,,,1.0,,,,,,4.0,,,,,627.8,0.0,,NYJ_CB_02,CB,,,,,,,,,17.0,,,0,,,,,,3.0,,,,,,,,,0,403.0,13.0,,23.0,30.0,0.0,,,,,157.0,,,,,189.0,,4.88
,,,,,,PLAYOFFS,,,,194.0,,,,Lincoln Hilliard,,,,,,,,,,,,,,,,3.0,,,5.0,,,,,,,,0.0,,,,0.0,,,,,,1.0,,,,,488.7,2.0,,NYJ_CB_01,CB,,,,,,,,,10.0,,,1,,,,,,3.0,,,,,,,,,0,250.0,9.0,,16.0,15.0,1.0,,,,,99.0,,,,,124.0,,3.43
,,,,,,PLAYOFFS,,,,72.0,,,,Weston Markham,,,,,,,,,,,,,,,,3.0,,,2.0,,,,,,,,0.0,,,,1.0,,,,,,2.0,,,,,194.8,0.0,,NYJ_CB_04,CB,,,,,,,,,3.0,,,1,,,,,,0.0,,,,,,,,,0,93.0,4.0,,8.0,6.0,2.0,,,,,39.0,,,,,49.0,,1.32
,,,,,,PLAYOFFS,,,,276.0,,,,Avery Gathers,,,,,,,,,,,,,,,,6.0,,,7.0,,,,,,,,1.0,,,,6.0,,,,,,3.0,,,,,525.1,2.0,,NYJ_S_02,S,,,,,,,,,16.0,,,1,,,,,,4.0,,,,,,,,,0,357.0,16.0,,27.0,29.0,0.0,,,,,138.0,,,,,222.0,,5.64
,,,,,,PLAYOFFS,,,,75.0,,,,Raylan Goodson,,,,,,,,,,,,,,,,0.0,,,2.0,,,,,,,,0.0,,,,2.0,,,,,,0.0,,,,,138.6,1.0,,NYJ_S_01,S,,,,,,,,,5.0,,,1,,,,,,1.0,,,,,,,,,0,98.0,4.0,,6.0,10.0,0.0,,,,,39.0,,,,,74.0,,1.94
,,,,,,PLAYOFFS,,,,84.0,,,,Raheem Greaves,,,,,,,,,,,,,,,,0.0,,,2.0,,,,,,,,0.0,,,,1.0,,,,,,0.0,,,,,211.4,1.0,,NYJ_S_03,S,,,,,,,,,5.0,,,1,,,,,,2.0,,,,,,,,,0,110.0,3.0,,6.0,8.0,1.0,,,,,39.0,,,,,75.0,,1.79
,,,,,,PLAYOFFS,,,,,,,,Marcell Noteboom,,,,15.0,2.0,6.0,3.0,5.0,13.0,2.0,6.0,2.0,4.0,,,,,,12.0,,0.0,,,,,,,51.0,,354.0,,,,,,,,,,,,,,,NYJ_K_01,K,,,,,,,,,,,,0,,,,,,,,,,,,,,,0,72.0,,,,,,,,35.0,,241.0,28.0,26.0,,,,,
,,,,,,PLAYOFFS,,,,,,,,Fowler Finnegan,,,,,,,,,,,,,,,,,,,11.0,2010.0,,,,,10.0,18.0,,,580.0,,,,1810.0,,,,,,,,,,,,NYJ_P_01,P,,,,,,42.0,,,,,,0,200.0,,,,,,,,,,,,,,0,55.0,,,,,,,,3.0,,222.0,,,,,,,
,,16.0,,,144.0,PLAYOFFS,140.0,,,,23.0,8.0,,Hamza Urlacher,,6.0,,,,,,,,,,,,71.0,,,3.0,3.0,6.0,,,,,,,,9.0,,,,,,,199.0,,,,,,10.0,1483.0,,,51.0,LV_QB_01,QB,55.0,25.0,265.0,,,,,,,,,0,,,,,,,23.0,,110.0,77.0,,,13.0,15.0,0,378.0,,6.0,,,,,14.0,,10.0,117.0,,,,,,,
,,,,3.0,,PLAYOFFS,,0.0,5.0,,,,6.0,Travon Bagwell,2.0,,1.0,,,,,,,,,,,14.0,,,0.0,,2.0,,,,,,,,,,,,,1.0,,,,11.0,,,,,,,,,LV_RB_01,RB,,,,,0.0,,,30.0,,,330.0,1,,21.0,,6.0,,,34.0,1.0,146.0,,,,,,0,64.0,,,,39.0,,,,,,38.0,,,165.0,56.0,,90.0,
,,,,5.0,,PLAYOFFS,,2.0,9.0,,,,3.0,Stefano Kaufusi,1.0,,1.0,,,,,,,,,,,10.0,,,0.0,,3.0,,,,,,,,,,,,,4.0,,,,16.0,,,,,,,,,LV_RB_02,RB,,,,,3.0,,,20.0,,,266.0,1,,21.0,,5.0,,,25.0,,134.0,,,,,,0,62.0,,,,31.0,,,,,,58.0,,,108.0,85.0,,49.0,
,,,,2.0,,PLAYOFFS,,1.0,1.0,,,,0.0,Marquise Randle,0.0,,0.0,,,,,,,,,,,1.0,,,0.0,,1.0,,,,,,,,,,,,,0.0,,,,7.0,,,,,,,,,LV_RB_03,RB,,,,,1.0,,,4.0,,,41.0,1,,8.0,,2.0,,,4.0,,14.0,,,,,,0,25.0,,,,5.0,,,,,,19.0,,,22.0,3.0,,11.0,
,,,,,,PLAYOFFS,,1.0,5.0,,,,6.0,Xander Granderson,4.0,,,,,,,,,,,,,14.0,,,,,4.0,,,,,,,,,,,,,2.0,,,,,,,,,,,,,LV_WR_01,WR,,,,,,,,30.0,,2.0,326.0,1,,153.0,,53.0,,,,,,,,,,,0,181.0,,,,45.0,,,,,,76.0,,,129.0,,,,
,,,,,,PLAYOFFS,,0.0,1.0,,,,2.0,Fletcher Satterfield,4.0,,,,,,,,,,,,,6.0,,,,,2.0,,,,,,,,,,,,,1.0,,,,,,,,,,,,,LV_WR_02,WR,,,,,,,,14.0,,1.0,165.0,1,,64.0,,22.0,,,,,,,,,,,0,76.0,,,,20.0,,,,,,38.0,,,71.0,,,,
,,,,,,PLAYOFFS,,1.0,1.0,,,,1.0,Otis Kanell,0.0,,,,,,,,,,,,,2.0,,,,,1.0,,,,,,,,,,,,,1.0,,,,,,,,,,,,,LV_WR_03,WR,,,,,,,,4.0,,,50.0,1,,36.0,,12.0,,,,,,,,,,,0,42.0,,,,7.0,,,,,,19.0,,,17.0,,,,
,,,,,,PLAYOFFS,,0.0,0.0,,,,0.0,Patton Toussaint,0.0,,,,,,,,,,,,,0.0,,,,,1.0,,,,,,,,,,,,,0.0,,,,,,,,,,,,,LV_WR_05,WR,,,,,,,,2.0,,,22.0,1,,36.0,,12.0,,,,,,,,,,,0,43.0,,,,3.0,,,,,,19.0,,,12.0,,,,
,,,,,,PLAYOFFS,,6.0,10.0,,,,6.0,Jaxton Parham,1.0,,,,,,,,,,,,,8.0,,,,,5.0,,,,,,,,,,,,,3.0,,,,,,,,,,,,,LV_TE_01,TE,,,,,,,,21.0,,,256.0,0,,174.0,,59.0,,,,,,,,,,,0,206.0,,,,35.0,,,,,,101.0,,,104.0,,,,
,,,,,,PLAYOFFS,,0.0,0.0,,,,0.0,Enzo Arceneaux,0.0,,,,,,,,,,,,,0.0,,,,,2.0,,,,,,,,,,,,,0.0,,,,,,,,,,,,,LV_TE_03,TE,,,,,,,,2.0,,,30.0,1,,66.0,,23.0,,,,,,,,,,,0,78.0,,,,3.0,,,,,,38.0,,,13.0,,,,
,,,,,,PLAYOFFS,,,,,,,,Palmer Chatman,,,,,,,,,,,,,,,,,,,5.0,,,1.0,,3.0,,,,,,,,,,,479.1,182.0,,,,,,,1.0,,LV_OT_02,OT,,,,,5.0,,,,,,,1,,,12.0,146.0,76.0,,,,,,,1.0,,,0,328.0,,5.0,,,,,,,,96.0,,,,,,,
,,,,,,PLAYOFFS,,,,,,,,Saxon Harmon,,,,,,,,,,,,,,,,,,,12.0,,,6.0,,12.0,,,,,,,,,,,1145.4,448.0,,,,,,,6.0,,LV_OT_01,OT,,,,,18.0,,,,,,,0,,,23.0,359.0,165.0,,,,,,,1.0,,,0,807.0,,12.0,,,,,,,,241.0,,,,,,,
,,,,,,PLAYOFFS,,,,,,,,Peyson Metellus,,,,,,,,,,,,,,,,,,,3.0,,,3.0,,2.0,,,,,,,,,,,267.5,111.0,,,,,,,2.0,,LV_OG_01,OG,,,,,7.0,,,,,,,0,,,7.0,90.0,37.0,,,,,,,2.0,,,0,201.0,,3.0,,,,,,,,57.0,,,,,,,
,,,,,,PLAYOFFS,,,,,,,,Wesson Gilliam,,,,,,,,,,,,,,,,,,,1.0,,,0.0,,2.0,,,,,,,,,,,94.6,37.0,,,,,,,0.0,,LV_OG_02,OG,,,,,2.0,,,,,,,1,,,1.0,30.0,14.0,,,,,,,0.0,,,0,67.0,,1.0,,,,,,,,19.0,,,,,,,
,,,,,,PLAYOFFS,,,,,,,,Lance Meacham,,,,,,,,,,,,,,,,,,,2.0,,,0.0,,0.0,,,,,,,,,,,200.0,71.0,,,,,,,2.0,,LV_C_02,C,,,,,0.0,,,,,,,0,,,6.0,57.0,26.0,,,,,,,0.0,,,0,128.0,,2.0,,,,,,,,38.0,,,,,,,
10.0,0.0,,,,,PLAYOFFS,,,,,,,,Jabari Alcott,,,,,,,,,,,,,,,1.0,,,,6.0,,,,5.0,,,,,,,,1.0,,,,,,,143.0,0.89,,,,0.0,,LV_EDGE_04,EDGE,,,,17.0,,,5.0,,,,,0,,,,,,17.0,,,,,8.0,,,,0,253.0,8.0,,18.0,,,6.0,,,,117.0,,,,,,,
6.0,0.0,,,,,PLAYOFFS,,,,,,,,Yusuf Arnett,,,,,,,,,,,,,,,0.0,,,,3.0,,,,1.0,,,,,,,,2.0,,,,,,,70.0,0.37,,,,0.0,,LV_EDGE_01,EDGE,,,,4.0,,,2.0,,,,,1,,,,,,7.0,,,,,3.0,,,,0,122.0,5.0,,11.0,,,1.0,,,,60.0,,,,,,,
2.0,0.0,,,,,PLAYOFFS,,,,,,,,Sawyer Langford,,,,,,,,,,,,,,,0.0,,,,1.0,,,,3.0,,,,,,,,0.0,,,,,,,25.0,0.19,,,,1.0,,LV_EDGE_03,EDGE,,,,4.0,,,1.0,,,,,1,,,,,,3.0,,,,,0.0,,,,0,44.0,3.0,,5.0,,,1.0,,,,19.0,,,,,,,
1.0,0.0,,,,,PLAYOFFS,,,,,,,,Pascal Bedard,,,,,,,,,,,,,,,0.0,,,,1.0,,,,2.0,,,,,,,,0.0,,,,,,,31.0,0.1,,,,0.0,,LV_EDGE_05,EDGE,,,,3.0,,,1.0,,,,,1,,,,,,1.0,,,,,0.0,,,,0,54.0,0.0,,1.0,,,0.0,,,,19.0,,,,,,,
9.0,0.0,,,,,PLAYOFFS,,,,,,,,Sable Fournette,,,,,,,,,,,,,,,1.0,,,,7.0,,,,12.0,,,,,,,,0.0,,,,,,,153.0,1.08,,,,2.0,,LV_DT_01,DT,,,,15.0,,,2.0,,,,,1,,,,,,8.0,,,,,1.0,,,,0,272.0,8.0,,17.0,,,1.0,,,,139.0,,,,,,,
9.0,2.0,,,,,PLAYOFFS,,,,,,,,Tavian Rhodes,,,,,,,,,,,,,,,0.0,,,,6.0,,,,10.0,,,,,,,,2.0,,,,,,,140.0,0.94,,,,1.0,,LV_DT_02,DT,,,,16.0,,,5.0,,,,,1,,,,,,10.0,,,,,1.0,,,,0,246.0,9.0,,18.0,,,3.0,,,,121.0,,,,,,,
2.0,0.0,,,,,PLAYOFFS,,,,,,,,Ford Bledsoe,,,,,,,,,,,,,,,0.0,,,,3.0,,,,6.0,,,,,,,,0.0,,,,,,,66.0,0.47,,,,0.0,,LV_DT_03,DT,,,,6.0,,,0.0,,,,,0,,,,,,5.0,,,,,0.0,,,,0,116.0,0.0,,2.0,,,0.0,,,,57.0,,,,,,,
,,,49.0,,,PLAYOFFS,,,,306.0,,,,Marcell Girardi,,,,,,,,,,,,,,,,4.0,,,9.0,,,,,,,,1.0,,,,2.0,,,,,,4.0,,,,,650.4,1.0,,LV_LB_01,LB,,,,6.0,,,,,11.0,,,1,,,,,,8.0,,,,,2.0,,,,0,398.0,33.0,,49.0,24.0,1.0,4.0,,,,181.0,,,,,164.0,,4.89
,,,13.0,,,PLAYOFFS,,,,68.0,,,,Granger Peebles,,,,,,,,,,,,,,,,0.0,,,2.0,,,,,,,,0.0,,,,2.0,,,,,,0.0,,,,,138.6,1.0,,LV_LB_02,LB,,,,2.0,,,,,3.0,,,1,,,,,,3.0,,,,,0.0,,,,0,88.0,9.0,,13.0,8.0,0.0,1.0,,,,38.0,,,,,48.0,,1.41
,,,8.0,,,PLAYOFFS,,,,38.0,,,,Horace Camarillo,,,,,,,,,,,,,,,,1.0,,,1.0,,,,,,,,0.0,,,,0.0,,,,,,1.0,,,,,39.6,0.0,,LV_LB_03,LB,,,,1.0,,,,,1.0,,,1,,,,,,1.0,,,,,0.0,,,,0,49.0,3.0,,5.0,4.0,0.0,1.0,,,,19.0,,,,,4.0,,0.1
,,,,,,PLAYOFFS,,,,188.0,,,,Enzo Ugwoegbu,,,,,,,,,,,,,,,,4.0,,,5.0,,,,,,,,1.0,,,,2.0,,,,,,2.0,,,,,468.4,1.0,,LV_CB_03,CB,,,,,,,,,13.0,,,0,,,,,,2.0,,,,,,,,,0,245.0,9.0,,16.0,20.0,3.0,,,,,96.0,,,,,121.0,,3.23
,,,,,,PLAYOFFS,,,,192.0,,,,Gibson Stenberg,,,,,,,,,,,,,,,,7.0,,,5.0,,,,,,,,2.0,,,,1.0,,,,,,3.0,,,,,260.5,1.0,,LV_CB_01,CB,,,,,,,,,6.0,,,1,,,,,,4.0,,,,,,,,,0,248.0,10.0,,17.0,10.0,0.0,,,,,96.0,,,,,46.0,,1.2
,,,,,,PLAYOFFS,,,,35.0,,,,Thatcher Girardi,,,,,,,,,,,,,,,,0.0,,,1.0,,,,,,,,0.0,,,,0.0,,,,,,0.0,,,,,95.1,0.0,,LV_CB_02,CB,,,,,,,,,2.0,,,1,,,,,,0.0,,,,,,,,,0,45.0,4.0,,6.0,3.0,0.0,,,,,19.0,,,,,27.0,,0.77
,,,,,,PLAYOFFS,,,,30.0,,,,Emory Kanell,,,,,,,,,,,,,,,,1.0,,,1.0,,,,,,,,0.0,,,,0.0,,,,,,0.0,,,,,39.6,0.0,,LV_CB_06,CB,,,,,,,,,0.0,,,1,,,,,,1.0,,,,,,,,,0,39.0,2.0,,3.0,3.0,0.0,,,,,19.0,,,,,6.0,,0.2
,,,,,,PLAYOFFS,,,,240.0,,,,Luca Slaughter,,,,,,,,,,,,,,,,5.0,,,6.0,,,,,,,,0.0,,,,2.0,,,,,,3.0,,,,,528.5,0.0,,LV_S_01,S,,,,,,,,,12.0,,,0,,,,,,4.0,,,,,,,,,0,311.0,15.0,,26.0,21.0,2.0,,,,,115.0,,,,,152.0,,3.73
,,,,,,PLAYOFFS,,,,39.0,,,,Caleb Vasher,,,,,,,,,,,,,,,,1.0,,,1.0,,,,,,,,0.0,,,,2.0,,,,,,1.0,,,,,82.1,0.0,,LV_S_02,S,,,,,,,,,3.0,,,1,,,,,,1.0,,,,,,,,,0,51.0,3.0,,5.0,5.0,0.0,,,,,19.0,,,,,36.0,,0.92
,,,,,,PLAYOFFS,,,,72.0,,,,Jaxton Melchior,,,,,,,,,,,,,,,,1.0,,,2.0,,,,,,,,0.0,,,,1.0,,,,,,1.0,,,,,191.6,0.0,,LV_S_04,S,,,,,,,,,5.0,,,1,,,,,,0.0,,,,,,,,,0,94.0,4.0,,7.0,5.0,0.0,,,,,38.0,,,,,38.0,,1.04
,,,,,,PLAYOFFS,,,,,,,,Milo Fitzhugh,,,,3.0,0.0,0.0,0.0,1.0,2.0,0.0,0.0,0.0,1.0,,,,,,3.0,,0.0,,,,,,,10.0,,52.0,,,,,,,,,,,,,,,LV_K_01,K,,,,,,,,,,,,0,,,,,,,,,,,,,,,0,18.0,,,,,,,,2.0,,57.0,4.0,4.0,,,,,
,,,,,,PLAYOFFS,,,,,,,,Isaiah Lovelace,,,,,,,,,,,,,,,,,,,3.0,558.0,,,,,3.0,4.0,,,173.0,,,,542.0,,,,,,,,,,,,LV_P_01,P,,,,,,12.0,,,,,,1,16.0,,,,,,,,,,,,,,0,15.0,,,,,,,,1.0,,58.0,,,,,,,
,,36.0,,,221.0,PLAYOFFS,213.0,,,,34.0,13.0,,Victor Winovich,,11.0,,,,,,,,,,,,105.0,,,1.0,0.0,10.0,,,,,,,,5.0,,,,,,,324.0,,,,,,23.0,2461.0,,,79.0,PIT_QB_01,QB,103.0,48.0,529.0,,,,,,,,,0,,,,,,,39.0,,159.0,138.0,,,20.0,26.0,0,640.0,,10.0,,,,,16.0,,8.0,202.0,,,,,,,
,,,,3.0,,PLAYOFFS,,11.0,22.0,,,,15.0,Devante Vinovich,9.0,,12.0,,,,,,,,,,,38.0,,,1.0,,4.0,,,,,,,,,,,,,1.0,,,,24.0,,,,,,,,,PIT_RB_01,RB,,,,,0.0,,,82.0,,,903.0,1,,56.0,,15.0,,,98.0,3.0,476.0,,,,,,0,164.0,,,,121.0,,,,,,77.0,,,393.0,253.0,,223.0,
,,,,2.0,,PLAYOFFS,,1.0,3.0,,,,0.0,Quill Hasselby,0.0,,2.0,,,,,,,,,,,3.0,,,0.0,,1.0,,,,,,,,,,,,,2.0,,,,4.0,,,,,,,,,PIT_RB_02,RB,,,,,0.0,,,6.0,,,71.0,1,,7.0,,2.0,,,8.0,,39.0,,,,,,0,21.0,,,,11.0,,,,,,19.0,,,21.0,18.0,,21.0,
,,,,,,PLAYOFFS,,8.0,11.0,,,,4.0,Deion Sessoms,0.0,,,,,,,,,,,,,14.0,,,,,5.0,,,,,,,,,,,,,8.0,,,,,,,,,,,,,PIT_WR_02,WR,,,,,,,,32.0,,1.0,411.0,0,,186.0,,64.0,,,,,,,,,,,0,220.0,,,,56.0,,,,,,97.0,,,177.0,,,,
,,,,,,PLAYOFFS,,5.0,6.0,,,,12.0,Braxton Snodgrass,1.0,,,,,,,,,,,,,14.0,,,,,6.0,,,,,,,,,,,,,0.0,,,,,,,,,,,,,PIT_WR_03,WR,,,,,,,,34.0,,2.0,419.0,0,,236.0,,81.0,,,,,,,,,,,0,278.0,,,,58.0,,,,,,115.0,,,167.0,,,,
,,,,,,PLAYOFFS,,0.0,1.0,,,,0.0,Lazaro Purifoy,2.0,,,,,,,,,,,,,1.0,,,,,1.0,,,,,,,,,,,,,1.0,,,,,,,,,,,,,PIT_WR_04,WR,,,,,,,,3.0,,,33.0,1,,35.0,,12.0,,,,,,,,,,,0,41.0,,,,6.0,,,,,,19.0,,,12.0,,,,
,,,,,,PLAYOFFS,,2.0,5.0,,,,3.0,Diallo Priestley,2.0,,,,,,,,,,,,,8.0,,,,,4.0,,,,,,,,,,,,,2.0,,,,,,,,,,,,,PIT_WR_06,WR,,,,,,,,20.0,,,240.0,0,,152.0,,52.0,,,,,,,,,,,0,179.0,,,,35.0,,,,,,77.0,,,107.0,,,,
,,,,,,PLAYOFFS,,0.0,2.0,,,,0.0,Kyrie Lyerly,0.0,,,,,,,,,,,,,1.0,,,,,1.0,,,,,,,,,,,,,0.0,,,,,,,,,,,,,PIT_TE_01,TE,,,,,,,,3.0,,,39.0,1,,27.0,,9.0,,,,,,,,,,,0,32.0,,,,7.0,,,,,,19.0,,,13.0,,,,
,,,,,,PLAYOFFS,,0.0,1.0,,,,6.0,Zane Alderman,1.0,,,,,,,,,,,,,0.0,,,,,5.0,,,,,,,,,,,,,3.0,,,,,,,,,,,,,PIT_TE_02,TE,,,,,,,,5.0,,,81.0,0,,170.0,,57.0,,,,,,,,,,,0,201.0,,,,10.0,,,,,,97.0,,,34.0,,,,
,,,,,,PLAYOFFS,,,,,,,,Levi Tyree,,,,,,,,,,,,,,,,,,,3.0,,,0.0,,2.0,,,,,,,,,,,283.9,105.0,,,,,,,1.0,,PIT_OT_01,OT,,,,,3.0,,,,,,,0,,,8.0,84.0,38.0,,,,,,,1.0,,,0,189.0,,3.0,,,,,,,,57.0,,,,,,,
,,,,,,PLAYOFFS,,,,,,,,Giovanni Hopkins,,,,,,,,,,,,,,,,,,,3.0,,,2.0,,5.0,,,,,,,,,,,280.5,110.0,,,,,,,3.0,,PIT_OT_02,OT,,,,,7.0,,,,,,,0,,,10.0,90.0,35.0,,,,,,,0.0,,,0,200.0,,3.0,,,,,,,,58.0,,,,,,,
,,,,,,PLAYOFFS,,,,,,,,Vaughn Killebrew,,,,,,,,,,,,,,,,,,,2.0,,,1.0,,1.0,,,,,,,,,,,194.6,74.0,,,,,,,3.0,,PIT_OG_02,OG,,,,,2.0,,,,,,,0,,,5.0,60.0,25.0,,,,,,,0.0,,,0,134.0,,2.0,,,,,,,,38.0,,,,,,,
,,,,,,PLAYOFFS,,,,,,,,Zion Fielder,,,,,,,,,,,,,,,,,,,10.0,,,3.0,,19.0,,,,,,,,,,,920.3,363.0,,,,,,,7.0,,PIT_OG_01,OG,,,,,24.0,,,,,,,0,,,21.0,292.0,126.0,,,,,,,2.0,,,0,655.0,,10.0,,,,,,,,198.0,,,,,,,
,,,,,,PLAYOFFS,,,,,,,,Kamden Berrios,,,,,,,,,,,,,,,,,,,10.0,,,3.0,,13.0,,,,,,,,,,,935.4,353.0,,,,,,,5.0,,PIT_C_01,C,,,,,18.0,,,,,,,0,,,19.0,287.0,120.0,,,,,,,2.0,,,0,640.0,,10.0,,,,,,,,198.0,,,,,,,
5.0,1.0,,,,,PLAYOFFS,,,,,,,,Javon Partridge,,,,,,,,,,,,,,,1.0,,,,3.0,,,,8.0,,,,,,,,0.0,,,,,,,76.0,0.46,,,,2.0,,PIT_EDGE_02,EDGE,,,,12.0,,,3.0,,,,,1,,,,,,4.0,,,,,1.0,,,,0,134.0,2.0,,7.0,,,1.0,,,,57.0,,,,,,,
2.0,0.0,,,,,PLAYOFFS,,,,,,,,Gavin McGlinchey,,,,,,,,,,,,,,,0.0,,,,1.0,,,,2.0,,,,,,,,0.0,,,,,,,23.0,0.22,,,,0.0,,PIT_EDGE_01,EDGE,,,,3.0,,,1.0,,,,,1,,,,,,1.0,,,,,0.0,,,,0,41.0,1.0,,3.0,,,2.0,,,,19.0,,,,,,,
12.0,1.0,,,,,PLAYOFFS,,,,,,,,Hayes Bancroft,,,,,,,,,,,,,,,0.0,,,,6.0,,,,11.0,,,,,,,,4.0,,,,,,,146.0,0.74,,,,1.0,,PIT_EDGE_05,EDGE,,,,15.0,,,4.0,,,,,0,,,,,,9.0,,,,,0.0,,,,0,257.0,12.0,,24.0,,,2.0,,,,116.0,,,,,,,
1.0,1.0,,,,,PLAYOFFS,,,,,,,,Ashton Sorrentino,,,,,,,,,,,,,,,0.0,,,,1.0,,,,0.0,,,,,,,,0.0,,,,,,,24.0,0.13,,,,0.0,,PIT_EDGE_04,EDGE,,,,1.0,,,1.0,,,,,1,,,,,,1.0,,,,,0.0,,,,0,43.0,0.0,,1.0,,,0.0,,,,19.0,,,,,,,
11.0,0.0,,,,,PLAYOFFS,,,,,,,,Yosef Drayton,,,,,,,,,,,,,,,0.0,,,,9.0,,,,14.0,,,,,,,,0.0,,,,,,,198.0,1.63,,,,1.0,,PIT_DT_02,DT,,,,19.0,,,3.0,,,,,1,,,,,,16.0,,,,,3.0,,,,0,349.0,9.0,,20.0,,,6.0,,,,178.0,,,,,,,
0.0,0.0,,,,,PLAYOFFS,,,,,,,,Otis Stinnie,,,,,,,,,,,,,,,0.0,,,,2.0,,,,4.0,,,,,,,,0.0,,,,,,,41.0,0.29,,,,0.0,,PIT_DT_01,DT,,,,4.0,,,0.0,,,,,0,,,,,,3.0,,,,,0.0,,,,0,72.0,0.0,,0.0,,,0.0,,,,38.0,,,,,,,
2.0,0.0,,,,,PLAYOFFS,,,,,,,,Tarik McCandless,,,,,,,,,,,,,,,0.0,,,,1.0,,,,0.0,,,,,,,,0.0,,,,,,,19.0,0.11,,,,0.0,,PIT_DT_05,DT,,,,1.0,,,0.0,,,,,1,,,,,,1.0,,,,,1.0,,,,0,34.0,3.0,,5.0,,,1.0,,,,19.0,,,,,,,
,,,16.0,,,PLAYOFFS,,,,102.0,,,,Norwood Courtland,,,,,,,,,,,,,,,,1.0,,,3.0,,,,,,,,0.0,,,,2.0,,,,,,0.0,,,,,338.8,1.0,,PIT_LB_01,LB,,,,3.0,,,,,10.0,,,1,,,,,,2.0,,,,,0.0,,,,0,133.0,15.0,,23.0,11.0,1.0,4.0,,,,57.0,,,,,112.0,,3.26
,,,72.0,,,PLAYOFFS,,,,344.0,,,,Chandler Makinen,,,,,,,,,,,,,,,,4.0,,,10.0,,,,,,,,0.0,,,,5.0,,,,,,1.0,,,,,914.7,3.0,,PIT_LB_04,LB,,,,5.0,,,,,23.0,,,0,,,,,,10.0,,,,,2.0,,,,0,448.0,38.0,,59.0,35.0,3.0,11.0,,,,198.0,,,,,204.0,,5.92
,,,6.0,,,PLAYOFFS,,,,40.0,,,,Maurice Vosburgh,,,,,,,,,,,,,,,,1.0,,,1.0,,,,,,,,0.0,,,,0.0,,,,,,0.0,,,,,39.6,0.0,,PIT_LB_02,LB,,,,2.0,,,,,1.0,,,0,,,,,,2.0,,,,,1.0,,,,0,52.0,0.0,,1.0,4.0,0.0,0.0,,,,19.0,,,,,11.0,,0.28
,,,,,,PLAYOFFS,,,,370.0,,,,Rhys Lucchese,,,,,,,,,,,,,,,,6.0,,,10.0,,,,,,,,3.0,,,,4.0,,,,,,5.0,,,,,687.3,4.0,,PIT_CB_03,CB,,,,,,,,,15.0,,,0,,,,,,8.0,,,,,,,,,0,481.0,21.0,,37.0,33.0,1.0,,,,,198.0,,,,,213.0,,5.69
,,,,,,PLAYOFFS,,,,220.0,,,,Chase Tillotson,,,,,,,,,,,,,,,,3.0,,,6.0,,,,,,,,0.0,,,,5.0,,,,,,2.0,,,,,507.3,0.0,,PIT_CB_02,CB,,,,,,,,,16.0,,,1,,,,,,4.0,,,,,,,,,0,285.0,11.0,,21.0,28.0,1.0,,,,,116.0,,,,,214.0,,5.9
,,,,,,PLAYOFFS,,,,152.0,,,,Wallace Vasher,,,,,,,,,,,,,,,,3.0,,,4.0,,,,,,,,0.0,,,,4.0,,,,,,3.0,,,,,409.2,0.0,,PIT_CB_01,CB,,,,,,,,,18.0,,,1,,,,,,1.0,,,,,,,,,0,197.0,11.0,,19.0,22.0,0.0,,,,,82.0,,,,,208.0,,5.6
,,,,,,PLAYOFFS,,,,262.0,,,,Uriah Faulkner,,,,,,,,,,,,,,,,11.0,,,7.0,,,,,,,,1.0,,,,1.0,,,,,,8.0,,,,,470.0,0.0,,PIT_CB_05,CB,,,,,,,,,10.0,,,1,,,,,,4.0,,,,,,,,,0,341.0,14.0,,23.0,17.0,0.0,,,,,136.0,,,,,81.0,,2.19
,,,,,,PLAYOFFS,,,,78.0,,,,Jarrett Killebrew,,,,,,,,,,,,,,,,1.0,,,2.0,,,,,,,,1.0,,,,0.0,,,,,,0.0,,,,,100.3,0.0,,PIT_S_01,S,,,,,,,,,5.0,,,1,,,,,,2.0,,,,,,,,,0,101.0,0.0,,1.0,10.0,0.0,,,,,38.0,,,,,54.0,,1.43
,,,,,,PLAYOFFS,,,,127.0,,,,Otto Selvie,,,,,,,,,,,,,,,,1.0,,,3.0,,,,,,,,0.0,,,,2.0,,,,,,0.0,,,,,201.1,0.0,,PIT_S_02,S,,,,,,,,,2.0,,,1,,,,,,3.0,,,,,,,,,0,164.0,7.0,,11.0,5.0,1.0,,,,,58.0,,,,,32.0,,0.77
,,,,,,PLAYOFFS,,,,120.0,,,,Teagan Valentino,,,,,,,,,,,,,,,,2.0,,,3.0,,,,,,,,1.0,,,,1.0,,,,,,1.0,,,,,289.1,0.0,,PIT_S_03,S,,,,,,,,,11.0,,,0,,,,,,3.0,,,,,,,,,0,155.0,9.0,,14.0,15.0,1.0,,,,,58.0,,,,,129.0,,3.23
,,,,,,PLAYOFFS,,,,,,,,Pierce Kortright,,,,2.0,0.0,1.0,0.0,0.0,2.0,0.0,1.0,0.0,0.0,,,,,,1.0,,0.0,,,,,,,6.0,,49.0,,,,,,,,,,,,,,,PIT_K_01,K,,,,,,,,,,,,0,,,,,,,,,,,,,,,0,6.0,,,,,,,,5.0,,19.0,1.0,1.0,,,,,
,,,,,,PLAYOFFS,,,,,,,,Onyx Stoutland,,,,,,,,,,,,,,,,,,,5.0,718.0,,,,,3.0,6.0,,,271.0,,,,654.0,,,,,,,,,,,,PIT_P_01,P,,,,,,16.0,,,,,,0,64.0,,,,,,,,,,,,,,0,25.0,,,,,,,,0.0,,96.0,,,,,,,
,,6.0,,,62.0,PLAYOFFS,56.0,,,,8.0,1.0,,Axel Horvath,,2.0,,,,,,,,,,,,27.0,,,0.0,0.0,3.0,,,,,,,,3.0,,,,,,,98.0,,,,,,6.0,646.0,,,27.0,KC_QB_01,QB,36.0,18.0,164.0,,,,,,,,,0,,,,,,,9.0,,41.0,71.0,,,10.0,7.0,0,196.0,,3.0,,,,,1.0,,2.0,60.0,,,,,,,
,,,,5.0,,PLAYOFFS,,5.0,13.0,,,,4.0,Hugo Thorogood,4.0,,4.0,,,,,,,,,,,15.0,,,0.0,,3.0,,,,,,,,,,,,,2.0,,,,14.0,,,,,,,,,KC_RB_01,RB,,,,,1.0,,,31.0,,,373.0,1,,29.0,,8.0,,,46.0,1.0,195.0,,,,,,0,87.0,,,,55.0,,,,,,60.0,,,142.0,85.0,,110.0,
,,,,3.0,,PLAYOFFS,,0.0,2.0,,,,1.0,Sidney Horvath,0.0,,1.0,,,,,,,,,,,7.0,,,0.0,,3.0,,,,,,,,,,,,,2.0,,,,21.0,,,,,,,,,KC_RB_02,RB,,,,,2.0,,,15.0,,,186.0,1,,19.0,,5.0,,,22.0,,96.0,,,,,,0,58.0,,,,26.0,,,,,,60.0,,,90.0,37.0,,59.0,
,,,,10.0,,PLAYOFFS,,10.0,10.0,,,,8.0,Kelvin Rolle,5.0,,5.0,,,,,,,,,,,26.0,,,1.0,,5.0,,,,,,,,,,,,,4.0,,,,27.0,,,,,,,,,KC_RB_03,RB,,,,,3.0,,,50.0,,,534.0,0,,40.0,,9.0,,,58.0,1.0,237.0,,,,,,0,122.0,,,,73.0,,,,,,98.0,,,208.0,128.0,,109.0,
,,,,,,PLAYOFFS,,3.0,4.0,,,,3.0,Wallace Musgrave,1.0,,,,,,,,,,,,,6.0,,,,,3.0,,,,,,,,,,,,,2.0,,,,,,,,,,,,,KC_WR_03,WR,,,,,,,,15.0,,2.0,191.0,1,,98.0,,33.0,,,,,,,,,,,0,117.0,,,,33.0,,,,,,60.0,,,85.0,,,,
,,,,,,PLAYOFFS,,4.0,7.0,,,,7.0,Barrett Boateng,0.0,,,,,,,,,,,,,5.0,,,,,3.0,,,,,,,,,,,,,2.0,,,,,,,,,,,,,KC_WR_02,WR,,,,,,,,12.0,,1.0,150.0,1,,111.0,,38.0,,,,,,,,,,,0,131.0,,,,26.0,,,,,,60.0,,,65.0,,,,
,,,,,,PLAYOFFS,,3.0,5.0,,,,4.0,Wallace Lowery,0.0,,,,,,,,,,,,,2.0,,,,,3.0,,,,,,,,,,,,,2.0,,,,,,,,,,,,,KC_WR_05,WR,,,,,,,,7.0,,2.0,101.0,1,,114.0,,39.0,,,,,,,,,,,0,133.0,,,,16.0,,,,,,60.0,,,44.0,,,,
,,,,,,PLAYOFFS,,0.0,0.0,,,,1.0,Ezra Thibodeaux,1.0,,,,,,,,,,,,,0.0,,,,,3.0,,,,,,,,,,,,,3.0,,,,,,,,,,,,,KC_WR_04,WR,,,,,,,,2.0,,,43.0,1,,114.0,,38.0,,,,,,,,,,,0,134.0,,,,7.0,,,,,,60.0,,,16.0,,,,
,,,,,,PLAYOFFS,,3.0,5.0,,,,1.0,Marcell Arnett,0.0,,,,,,,,,,,,,4.0,,,,,3.0,,,,,,,,,,,,,2.0,,,,,,,,,,,,,KC_TE_01,TE,,,,,,,,9.0,,,116.0,0,,101.0,,34.0,,,,,,,,,,,0,120.0,,,,19.0,,,,,,60.0,,,50.0,,,,
,,,,,,PLAYOFFS,,0.0,0.0,,,,1.0,Wallace Sunderland,1.0,,,,,,,,,,,,,1.0,,,,,4.0,,,,,,,,,,,,,3.0,,,,,,,,,,,,,KC_TE_02,TE,,,,,,,,4.0,,,52.0,0,,133.0,,46.0,,,,,,,,,,,0,157.0,,,,7.0,,,,,,80.0,,,23.0,,,,
,,,,,,PLAYOFFS,,,,,,,,Abram Sullivan,,,,,,,,,,,,,,,,,,,5.0,,,1.0,,3.0,,,,,,,,,,,449.6,177.0,,,,,,,3.0,,KC_OT_01,OT,,,,,8.0,,,,,,,1,,,8.0,143.0,71.0,,,,,,,4.0,,,0,320.0,,5.0,,,,,,,,98.0,,,,,,,
,,,,,,PLAYOFFS,,,,,,,,Briggs Shepley,,,,,,,,,,,,,,,,,,,3.0,,,0.0,,0.0,,,,,,,,,,,269.9,106.0,,,,,,,1.0,,KC_OT_02,OT,,,,,3.0,,,,,,,1,,,6.0,87.0,37.0,,,,,,,3.0,,,0,193.0,,3.0,,,,,,,,60.0,,,,,,,
,,,,,,PLAYOFFS,,,,,,,,Kelvin Sweatman,,,,,,,,,,,,,,,,,,,4.0,,,1.0,,2.0,,,,,,,,,,,364.8,150.0,,,,,,,2.0,,KC_OG_01,OG,,,,,6.0,,,,,,,1,,,11.0,121.0,52.0,,,,,,,3.0,,,0,271.0,,4.0,,,,,,,,79.0,,,,,,,
,,,,,,PLAYOFFS,,,,,,,,Randall Siemian,,,,,,,,,,,,,,,,,,,6.0,,,1.0,,5.0,,,,,,,,,,,572.8,206.0,,,,,,,3.0,,KC_OG_02,OG,,,,,7.0,,,,,,,0,,,9.0,167.0,66.0,,,,,,,1.0,,,0,373.0,,6.0,,,,,,,,118.0,,,,,,,
,,,,,,PLAYOFFS,,,,,,,,Lamont Joplin,,,,,,,,,,,,,,,,,,,7.0,,,0.0,,5.0,,,,,,,,,,,646.3,251.0,,,,,,,0.0,,KC_C_01,C,,,,,9.0,,,,,,,0,,,13.0,205.0,98.0,,,,,,,4.0,,,0,456.0,,7.0,,,,,,,,142.0,,,,,,,
9.0,0.0,,,,,PLAYOFFS,,,,,,,,Elian Sanborn,,,,,,,,,,,,,,,0.0,,,,6.0,,,,8.0,,,,,,,,2.0,,,,,,,142.0,0.74,,,,1.0,,KC_EDGE_01,EDGE,,,,13.0,,,4.0,,,,,0,,,,,,10.0,,,,,1.0,,,,0,253.0,9.0,,18.0,,,4.0,,,,117.0,,,,,,,
4.0,0.0,,,,,PLAYOFFS,,,,,,,,Joaquin Dubois,,,,,,,,,,,,,,,1.0,,,,3.0,,,,5.0,,,,,,,,0.0,,,,,,,77.0,0.42,,,,1.0,,KC_EDGE_02,EDGE,,,,7.0,,,2.0,,,,,1,,,,,,8.0,,,,,0.0,,,,0,134.0,4.0,,8.0,,,1.0,,,,60.0,,,,,,,
9.0,3.0,,,,,PLAYOFFS,,,,,,,,Kalen Stepnoski,,,,,,,,,,,,,,,0.0,,,,8.0,,,,7.0,,,,,,,,2.0,,,,,,,182.0,1.03,,,,1.0,,KC_EDGE_04,EDGE,,,,16.0,,,6.0,,,,,0,,,,,,9.0,,,,,4.0,,,,0,320.0,7.0,,16.0,,,2.0,,,,158.0,,,,,,,
4.0,0.0,,,,,PLAYOFFS,,,,,,,,Phineas Wortham,,,,,,,,,,,,,,,0.0,,,,3.0,,,,1.0,,,,,,,,3.0,,,,,,,76.0,0.27,,,,2.0,,KC_EDGE_03,EDGE,,,,6.0,,,3.0,,,,,1,,,,,,5.0,,,,,2.0,,,,0,134.0,4.0,,8.0,,,1.0,,,,60.0,,,,,,,
6.0,1.0,,,,,PLAYOFFS,,,,,,,,Jaxton Comeaux,,,,,,,,,,,,,,,2.0,,,,5.0,,,,5.0,,,,,,,,3.0,,,,,,,99.0,0.63,,,,2.0,,KC_DT_01,DT,,,,7.0,,,1.0,,,,,1,,,,,,8.0,,,,,1.0,,,,0,175.0,6.0,,12.0,,,1.0,,,,98.0,,,,,,,
4.0,2.0,,,,,PLAYOFFS,,,,,,,,Rowan Rathman,,,,,,,,,,,,,,,0.0,,,,4.0,,,,7.0,,,,,,,,0.0,,,,,,,91.0,0.67,,,,0.0,,KC_DT_03,DT,,,,11.0,,,3.0,,,,,0,,,,,,11.0,,,,,1.0,,,,0,158.0,3.0,,7.0,,,3.0,,,,79.0,,,,,,,
5.0,1.0,,,,,PLAYOFFS,,,,,,,,Antoine Warrick,,,,,,,,,,,,,,,0.0,,,,3.0,,,,4.0,,,,,,,,0.0,,,,,,,62.0,0.46,,,,0.0,,KC_DT_04,DT,,,,6.0,,,2.0,,,,,1,,,,,,4.0,,,,,0.0,,,,0,111.0,4.0,,9.0,,,0.0,,,,60.0,,,,,,,
,,,34.0,,,PLAYOFFS,,,,200.0,,,,Luca Ballinger,,,,,,,,,,,,,,,,5.0,,,6.0,,,,,,,,0.0,,,,3.0,,,,,,3.0,,,,,522.6,2.0,,KC_LB_02,LB,,,,8.0,,,,,17.0,,,1,,,,,,4.0,,,,,0.0,,,,0,259.0,27.0,,40.0,29.0,2.0,4.0,,,,120.0,,,,,151.0,,5.01
,,,43.0,,,PLAYOFFS,,,,240.0,,,,Ohan Neasman,,,,,,,,,,,,,,,,5.0,,,7.0,,,,,,,,0.0,,,,8.0,,,,,,3.0,,,,,621.9,1.0,,KC_LB_01,LB,,,,3.0,,,,,15.0,,,1,,,,,,6.0,,,,,1.0,,,,0,313.0,26.0,,40.0,23.0,1.0,8.0,,,,142.0,,,,,164.0,,4.74
,,,11.0,,,PLAYOFFS,,,,105.0,,,,Shea Sullivan,,,,,,,,,,,,,,,,1.0,,,3.0,,,,,,,,0.0,,,,0.0,,,,,,1.0,,,,,245.9,2.0,,KC_LB_03,LB,,,,2.0,,,,,3.0,,,1,,,,,,1.0,,,,,0.0,,,,0,136.0,9.0,,14.0,4.0,0.0,4.0,,,,60.0,,,,,48.0,,1.36
,,,,,,PLAYOFFS,,,,192.0,,,,Wolfgang Bascomb,,,,,,,,,,,,,,,,4.0,,,5.0,,,,,,,,2.0,,,,1.0,,,,,,2.0,,,,,349.5,3.0,,KC_CB_02,CB,,,,,,,,,10.0,,,0,,,,,,3.0,,,,,,,,,0,249.0,10.0,,16.0,21.0,1.0,,,,,99.0,,,,,168.0,,4.43
,,,,,,PLAYOFFS,,,,113.0,,,,Chevy Nailor,,,,,,,,,,,,,,,,4.0,,,3.0,,,,,,,,0.0,,,,1.0,,,,,,4.0,,,,,225.1,2.0,,KC_CB_03,CB,,,,,,,,,4.0,,,1,,,,,,0.0,,,,,,,,,0,148.0,7.0,,12.0,10.0,0.0,,,,,60.0,,,,,42.0,,1.11
,,,,,,PLAYOFFS,,,,120.0,,,,Buck Tuanigamanuolepola,,,,,,,,,,,,,,,,2.0,,,3.0,,,,,,,,1.0,,,,2.0,,,,,,1.0,,,,,166.5,0.0,,KC_CB_04,CB,,,,,,,,,8.0,,,1,,,,,,2.0,,,,,,,,,0,156.0,5.0,,9.0,14.0,0.0,,,,,60.0,,,,,95.0,,2.47
,,,,,,PLAYOFFS,,,,116.0,,,,Luka Sendejo,,,,,,,,,,,,,,,,2.0,,,3.0,,,,,,,,1.0,,,,4.0,,,,,,1.0,,,,,212.5,3.0,,KC_CB_05,CB,,,,,,,,,7.0,,,1,,,,,,3.0,,,,,,,,,0,151.0,11.0,,16.0,13.0,1.0,,,,,60.0,,,,,92.0,,2.33
,,,,,,PLAYOFFS,,,,195.0,,,,Arlen Bracken,,,,,,,,,,,,,,,,2.0,,,5.0,,,,,,,,0.0,,,,2.0,,,,,,1.0,,,,,435.4,0.0,,KC_S_02,S,,,,,,,,,14.0,,,0,,,,,,1.0,,,,,,,,,0,253.0,9.0,,17.0,26.0,2.0,,,,,99.0,,,,,171.0,,4.41
,,,,,,PLAYOFFS,,,,114.0,,,,Holden Pflueger,,,,,,,,,,,,,,,,2.0,,,3.0,,,,,,,,0.0,,,,5.0,,,,,,1.0,,,,,308.7,3.0,,KC_S_04,S,,,,,,,,,14.0,,,1,,,,,,2.0,,,,,,,,,0,148.0,9.0,,15.0,17.0,0.0,,,,,60.0,,,,,175.0,,4.67
,,,,,,PLAYOFFS,,,,119.0,,,,Malcolm Burnell,,,,,,,,,,,,,,,,2.0,,,3.0,,,,,,,,0.0,,,,0.0,,,,,,2.0,,,,,322.7,1.0,,KC_S_03,S,,,,,,,,,12.0,,,1,,,,,,0.0,,,,,,,,,0,154.0,15.0,,22.0,14.0,2.0,,,,,60.0,,,,,114.0,,2.87
,,,,,,PLAYOFFS,,,,,,,,Draven Verrett,,,,8.0,0.0,1.0,2.0,2.0,6.0,0.0,0.0,2.0,1.0,,,,,,7.0,,0.0,,,,,,,24.0,,167.0,,,,,,,,,,,,,,,KC_K_01,K,,,,,,,,,,,,0,,,,,,,,,,,,,,,0,42.0,,,,,,,,16.0,,142.0,20.0,19.0,,,,,
,,46.0,,,299.0,PLAYOFFS,323.0,,,,51.0,28.0,,Sable Kilgore,,23.0,,,,,,,,,,,,150.0,,,0.0,0.0,13.0,,,,,,,,4.0,,,,,,,439.0,,,,,,32.0,3582.0,,,112.0,DEN_QB_01,QB,140.0,67.0,631.0,,,,,,,,,0,,,,,,,32.0,,163.0,188.0,,,28.0,24.0,0,810.0,,13.0,,,,,18.0,,8.0,264.0,,,,,,,
,,,,7.0,,PLAYOFFS,,10.0,18.0,,,,7.0,Jaxon Egbuna,5.0,,4.0,,,,,,,,,,,24.0,,,0.0,,4.0,,,,,,,,,,,,,4.0,,,,24.0,,,,,,,,,DEN_RB_01,RB,,,,,1.0,,,62.0,,,772.0,1,,40.0,,10.0,,,72.0,2.0,280.0,,,,,,0,119.0,,,,85.0,,,,,,83.0,,,289.0,126.0,,154.0,
,,,,0.0,,PLAYOFFS,,1.0,2.0,,,,1.0,Byron Ferrante,0.0,,0.0,,,,,,,,,,,3.0,,,0.0,,1.0,,,,,,,,,,,,,0.0,,,,10.0,,,,,,,,,DEN_RB_02,RB,,,,,0.0,,,6.0,,,91.0,1,,5.0,,1.0,,,8.0,,34.0,,,,,,0,16.0,,,,8.0,,,,,,20.0,,,28.0,12.0,,22.0,
,,,,2.0,,PLAYOFFS,,2.0,3.0,,,,5.0,Ashton Tenpenny,5.0,,3.0,,,,,,,,,,,4.0,,,0.0,,3.0,,,,,,,,,,,,,2.0,,,,23.0,,,,,,,,,DEN_RB_03,RB,,,,,0.0,,,17.0,,,222.0,1,,21.0,,5.0,,,20.0,,92.0,,,,,,0,62.0,,,,27.0,,,,,,59.0,,,90.0,52.0,,40.0,
,,,,,,PLAYOFFS,,12.0,17.0,,,,11.0,Sutton Escalante,5.0,,,,,,,,,,,,,26.0,,,,,8.0,,,,,,,,,,,,,7.0,,,,,,,,,,,,,DEN_WR_01,WR,,,,,,,,58.0,,2.0,726.0,0,,298.0,,101.0,,,,,,,,,,,0,352.0,,,,96.0,,,,,,160.0,,,310.0,,,,
,,,,,,PLAYOFFS,,3.0,5.0,,,,4.0,Darnell Tavai,2.0,,,,,,,,,,,,,15.0,,,,,7.0,,,,,,,,,,,,,4.0,,,,,,,,,,,,,DEN_WR_02,WR,,,,,,,,34.0,,5.0,432.0,0,,258.0,,89.0,,,,,,,,,,,0,304.0,,,,55.0,,,,,,141.0,,,155.0,,,,
,,,,,,PLAYOFFS,,0.0,1.0,,,,3.0,Judah Hawkes,0.0,,,,,,,,,,,,,1.0,,,,,4.0,,,,,,,,,,,,,1.0,,,,,,,,,,,,,DEN_WR_04,WR,,,,,,,,7.0,,,113.0,1,,145.0,,49.0,,,,,,,,,,,0,170.0,,,,11.0,,,,,,83.0,,,35.0,,,,
,,,,,,PLAYOFFS,,0.0,0.0,,,,2.0,Keegan Heggins,0.0,,,,,,,,,,,,,0.0,,,,,1.0,,,,,,,,,,,,,1.0,,,,,,,,,,,,,DEN_WR_06,WR,,,,,,,,1.0,,,23.0,1,,38.0,,13.0,,,,,,,,,,,0,45.0,,,,2.0,,,,,,20.0,,,6.0,,,,
,,,,,,PLAYOFFS,,3.0,6.0,,,,7.0,Palmer Horvath,1.0,,,,,,,,,,,,,9.0,,,,,7.0,,,,,,,,,,,,,0.0,,,,,,,,,,,,,DEN_TE_01,TE,,,,,,,,24.0,,,304.0,0,,239.0,,83.0,,,,,,,,,,,0,282.0,,,,43.0,,,,,,138.0,,,128.0,,,,
,,,,,,PLAYOFFS,,,,,,,,Harrison Nakoa,,,,,,,,,,,,,,,,,,,1.0,,,0.0,,1.0,,,,,,,,,,,97.1,35.0,,,,,,,0.0,,DEN_OT_02,OT,,,,,1.0,,,,,,,0,,,2.0,29.0,11.0,,,,,,,0.0,,,0,64.0,,1.0,,,,,,,,20.0,,,,,,,
,,,,,,PLAYOFFS,,,,,,,,Augustus Rutledge,,,,,,,,,,,,,,,,,,,1.0,,,1.0,,2.0,,,,,,,,,,,92.1,38.0,,,,,,,0.0,,DEN_OT_01,OT,,,,,3.0,,,,,,,0,,,4.0,30.0,12.0,,,,,,,0.0,,,0,68.0,,1.0,,,,,,,,20.0,,,,,,,
,,,,,,PLAYOFFS,,,,,,,,Stanton Deakins,,,,,,,,,,,,,,,,,,,9.0,,,3.0,,5.0,,,,,,,,,,,858.1,317.0,,,,,,,5.0,,DEN_OG_02,OG,,,,,10.0,,,,,,,0,,,19.0,261.0,117.0,,,,,,,2.0,,,0,578.0,,9.0,,,,,,,,184.0,,,,,,,
,,,,,,PLAYOFFS,,,,,,,,Kendrick Durrant,,,,,,,,,,,,,,,,,,,5.0,,,1.0,,12.0,,,,,,,,,,,456.5,191.0,,,,,,,3.0,,DEN_OG_01,OG,,,,,14.0,,,,,,,0,,,15.0,154.0,57.0,,,,,,,1.0,,,0,345.0,,5.0,,,,,,,,99.0,,,,,,,
,,,,,,PLAYOFFS,,,,,,,,Jesse Latimore,,,,,,,,,,,,,,,,,,,1.0,,,0.0,,0.0,,,,,,,,,,,100.0,42.0,,,,,,,1.0,,DEN_C_01,C,,,,,0.0,,,,,,,0,,,1.0,34.0,16.0,,,,,,,0.0,,,0,76.0,,1.0,,,,,,,,20.0,,,,,,,
8.0,1.0,,,,,PLAYOFFS,,,,,,,,Mekhi Rademacher,,,,,,,,,,,,,,,0.0,,,,5.0,,,,7.0,,,,,,,,2.0,,,,,,,128.0,0.87,,,,1.0,,DEN_EDGE_01,EDGE,,,,15.0,,,4.0,,,,,0,,,,,,11.0,,,,,4.0,,,,0,224.0,5.0,,13.0,,,0.0,,,,100.0,,,,,,,
4.0,0.0,,,,,PLAYOFFS,,,,,,,,Dillon Prendergast,,,,,,,,,,,,,,,0.0,,,,3.0,,,,4.0,,,,,,,,0.0,,,,,,,70.0,0.49,,,,1.0,,DEN_EDGE_02,EDGE,,,,9.0,,,3.0,,,,,1,,,,,,7.0,,,,,2.0,,,,0,123.0,5.0,,9.0,,,0.0,,,,58.0,,,,,,,
0.0,0.0,,,,,PLAYOFFS,,,,,,,,Holden Sappington,,,,,,,,,,,,,,,0.0,,,,1.0,,,,0.0,,,,,,,,0.0,,,,,,,24.0,0.07,,,,0.0,,DEN_EDGE_04,EDGE,,,,0.0,,,0.0,,,,,1,,,,,,0.0,,,,,0.0,,,,0,42.0,0.0,,0.0,,,0.0,,,,20.0,,,,,,,
5.0,2.0,,,,,PLAYOFFS,,,,,,,,Jaxon Batiste,,,,,,,,,,,,,,,0.0,,,,3.0,,,,5.0,,,,,,,,1.0,,,,,,,72.0,0.4,,,,1.0,,DEN_EDGE_03,EDGE,,,,10.0,,,3.0,,,,,0,,,,,,7.0,,,,,2.0,,,,0,125.0,4.0,,9.0,,,2.0,,,,59.0,,,,,,,
13.0,0.0,,,,,PLAYOFFS,,,,,,,,Egan Sessoms,,,,,,,,,,,,,,,0.0,,,,8.0,,,,11.0,,,,,,,,1.0,,,,,,,171.0,1.5,,,,2.0,,DEN_DT_02,DT,,,,22.0,,,5.0,,,,,0,,,,,,16.0,,,,,7.0,,,,0,302.0,9.0,,22.0,,,4.0,,,,160.0,,,,,,,
2.0,1.0,,,,,PLAYOFFS,,,,,,,,Reginald Henderson,,,,,,,,,,,,,,,0.0,,,,2.0,,,,1.0,,,,,,,,1.0,,,,,,,45.0,0.27,,,,0.0,,DEN_DT_01,DT,,,,2.0,,,0.0,,,,,0,,,,,,2.0,,,,,1.0,,,,0,79.0,2.0,,4.0,,,3.0,,,,39.0,,,,,,,
10.0,0.0,,,,,PLAYOFFS,,,,,,,,Emerson Paddock,,,,,,,,,,,,,,,0.0,,,,6.0,,,,8.0,,,,,,,,0.0,,,,,,,132.0,1.0,,,,1.0,,DEN_DT_04,DT,,,,15.0,,,6.0,,,,,0,,,,,,8.0,,,,,1.0,,,,0,233.0,7.0,,17.0,,,4.0,,,,122.0,,,,,,,
,,,2.0,,,PLAYOFFS,,,,30.0,,,,Stanton Kowalski,,,,,,,,,,,,,,,,0.0,,,1.0,,,,,,,,1.0,,,,1.0,,,,,,0.0,,,,,50.7,0.0,,DEN_LB_04,LB,,,,0.0,,,,,4.0,,,1,,,,,,0.0,,,,,0.0,,,,0,39.0,1.0,,2.0,6.0,0.0,0.0,,,,20.0,,,,,47.0,,1.57
,,,25.0,,,PLAYOFFS,,,,133.0,,,,Wilkes Ugwoegbu,,,,,,,,,,,,,,,,4.0,,,4.0,,,,,,,,0.0,,,,1.0,,,,,,3.0,,,,,296.1,0.0,,DEN_LB_02,LB,,,,3.0,,,,,8.0,,,0,,,,,,3.0,,,,,0.0,,,,0,173.0,9.0,,14.0,13.0,0.0,2.0,,,,83.0,,,,,50.0,,1.48
,,,40.0,,,PLAYOFFS,,,,209.0,,,,Ace Hobbs,,,,,,,,,,,,,,,,1.0,,,6.0,,,,,,,,0.0,,,,2.0,,,,,,1.0,,,,,410.3,1.0,,DEN_LB_03,LB,,,,8.0,,,,,14.0,,,0,,,,,,2.0,,,,,2.0,,,,0,271.0,18.0,,30.0,28.0,0.0,5.0,,,,122.0,,,,,157.0,,4.56
,,,,,,PLAYOFFS,,,,149.0,,,,Ryland Verrett,,,,,,,,,,,,,,,,3.0,,,4.0,,,,,,,,0.0,,,,1.0,,,,,,3.0,,,,,374.0,0.0,,DEN_CB_01,CB,,,,,,,,,6.0,,,1,,,,,,2.0,,,,,,,,,0,192.0,7.0,,12.0,10.0,2.0,,,,,83.0,,,,,82.0,,2.18
,,,,,,PLAYOFFS,,,,156.0,,,,Ansel Gostkowski,,,,,,,,,,,,,,,,2.0,,,4.0,,,,,,,,0.0,,,,1.0,,,,,,2.0,,,,,406.0,1.0,,DEN_CB_02,CB,,,,,,,,,15.0,,,1,,,,,,4.0,,,,,,,,,0,202.0,8.0,,15.0,21.0,1.0,,,,,83.0,,,,,164.0,,4.14
,,,,,,PLAYOFFS,,,,332.0,,,,Kasimir Milfort,,,,,,,,,,,,,,,,5.0,,,9.0,,,,,,,,3.0,,,,4.0,,,,,,2.0,,,,,625.9,2.0,,DEN_CB_03,CB,,,,,,,,,17.0,,,1,,,,,,2.0,,,,,,,,,0,430.0,26.0,,40.0,27.0,0.0,,,,,182.0,,,,,193.0,,5.22
,,,,,,PLAYOFFS,,,,152.0,,,,Chidi Sweatman,,,,,,,,,,,,,,,,5.0,,,4.0,,,,,,,,1.0,,,,1.0,,,,,,2.0,,,,,219.7,1.0,,DEN_CB_04,CB,,,,,,,,,9.0,,,1,,,,,,3.0,,,,,,,,,0,197.0,12.0,,19.0,18.0,0.0,,,,,83.0,,,,,112.0,,2.98
,,,,,,PLAYOFFS,,,,34.0,,,,Osmond Saffold,,,,,,,,,,,,,,,,0.0,,,1.0,,,,,,,,0.0,,,,0.0,,,,,,0.0,,,,,77.1,0.0,,DEN_S_01,S,,,,,,,,,0.0,,,1,,,,,,3.0,,,,,,,,,0,44.0,2.0,,4.0,3.0,0.0,,,,,20.0,,,,,36.0,,1.06
,,,,,,PLAYOFFS,,,,153.0,,,,Darian Peebles,,,,,,,,,,,,,,,,3.0,,,4.0,,,,,,,,0.0,,,,2.0,,,,,,2.0,,,,,356.3,1.0,,DEN_S_02,S,,,,,,,,,8.0,,,1,,,,,,3.0,,,,,,,,,0,199.0,7.0,,11.0,10.0,0.0,,,,,83.0,,,,,112.0,,2.86
,,,,,,PLAYOFFS,,,,164.0,,,,Aubrey Sherfield,,,,,,,,,,,,,,,,2.0,,,4.0,,,,,,,,1.0,,,,1.0,,,,,,0.0,,,,,389.0,1.0,,DEN_S_03,S,,,,,,,,,16.0,,,1,,,,,,3.0,,,,,,,,,0,212.0,12.0,,18.0,19.0,1.0,,,,,83.0,,,,,170.0,,4.11
,,,,,,PLAYOFFS,,,,,,,,Briggs Pinnock,,,,7.0,2.0,2.0,1.0,1.0,5.0,1.0,1.0,1.0,1.0,,,,,,5.0,,0.0,,,,,,,19.0,,134.0,,,,,,,,,,,,,,,DEN_K_01,K,,,,,,,,,,,,0,,,,,,,,,,,,,,,0,30.0,,,,,,,,10.0,,102.0,15.0,15.0,,,,,
,,,,,,PLAYOFFS,,,,,,,,Yosef Shackleford,,,,,,,,,,,,,,,,,,,5.0,1106.0,,,,,1.0,9.0,,,296.0,,,,1018.0,,,,,,,,,,,,DEN_P_01,P,,,,,,23.0,,,,,,0,88.0,,,,,,,,,,,,,,0,25.0,,,,,,,,2.0,,98.0,,,,,,,
,,35.0,,,244.0,PLAYOFFS,239.0,,,,41.0,16.0,,Chase Durrant,,18.0,,,,,,,,,,,,119.0,,,1.0,0.0,11.0,,,,,,,,3.0,,,,,,,351.0,,,,,,28.0,2749.0,,,92.0,CAR_QB_01,QB,107.0,48.0,480.0,,,,,,,,,0,,,,,,,42.0,,181.0,132.0,,,21.0,30.0,0,694.0,,11.0,,,,,20.0,,10.0,217.0,,,,,,,
,,,,4.0,,PLAYOFFS,,8.0,14.0,,,,11.0,Tavian Winovich,6.0,,5.0,,,,,,,,,,,27.0,,,0.0,,4.0,,,,,,,,,,,,,3.0,,,,23.0,,,,,,,,,CAR_RB_01,RB,,,,,0.0,,,55.0,,,662.0,1,,39.0,,11.0,,,67.0,3.0,304.0,,,,,,0,120.0,,,,79.0,,,,,,82.0,,,245.0,132.0,,172.0,
,,,,5.0,,PLAYOFFS,,5.0,8.0,,,,8.0,Otto Gholston,2.0,,0.0,,,,,,,,,,,18.0,,,1.0,,3.0,,,,,,,,,,,,,2.0,,,,8.0,,,,,,,,,CAR_RB_03,RB,,,,,0.0,,,33.0,,,408.0,1,,30.0,,7.0,,,44.0,1.0,180.0,,,,,,0,88.0,,,,51.0,,,,,,57.0,,,156.0,71.0,,109.0,
,,,,1.0,,PLAYOFFS,,0.0,0.0,,,,3.0,Eli Landry,0.0,,0.0,,,,,,,,,,,1.0,,,0.0,,1.0,,,,,,,,,,,,,0.0,,,,4.0,,,,,,,,,CAR_RB_02,RB,,,,,1.0,,,3.0,,,43.0,1,,6.0,,1.0,,,3.0,,14.0,,,,,,0,18.0,,,,4.0,,,,,,19.0,,,14.0,5.0,,9.0,
,,,,,,PLAYOFFS,,3.0,5.0,,,,4.0,Jace Dettmer,0.0,,,,,,,,,,,,,10.0,,,,,3.0,,,,,,,,,,,,,2.0,,,,,,,,,,,,,CAR_WR_01,WR,,,,,,,,17.0,,1.0,226.0,1,,110.0,,38.0,,,,,,,,,,,0,129.0,,,,27.0,,,,,,60.0,,,91.0,,,,
,,,,,,PLAYOFFS,,1.0,8.0,,,,3.0,Zeb Quinones,3.0,,,,,,,,,,,,,8.0,,,,,3.0,,,,,,,,,,,,,3.0,,,,,,,,,,,,,CAR_WR_03,WR,,,,,,,,17.0,,1.0,233.0,0,,100.0,,34.0,,,,,,,,,,,0,119.0,,,,29.0,,,,,,57.0,,,90.0,,,,
,,,,,,PLAYOFFS,,3.0,5.0,,,,1.0,Marshall Plunkett,1.0,,,,,,,,,,,,,1.0,,,,,3.0,,,,,,,,,,,,,3.0,,,,,,,,,,,,,CAR_WR_02,WR,,,,,,,,6.0,,,106.0,1,,107.0,,37.0,,,,,,,,,,,0,127.0,,,,13.0,,,,,,57.0,,,50.0,,,,
,,,,,,PLAYOFFS,,1.0,4.0,,,,5.0,Bodhi Threadgill,2.0,,,,,,,,,,,,,2.0,,,,,8.0,,,,,,,,,,,,,1.0,,,,,,,,,,,,,CAR_WR_05,WR,,,,,,,,12.0,,,175.0,1,,298.0,,102.0,,,,,,,,,,,0,351.0,,,,23.0,,,,,,159.0,,,76.0,,,,
,,,,,,PLAYOFFS,,0.0,2.0,,,,4.0,Rashad Restrepo,1.0,,,,,,,,,,,,,7.0,,,,,4.0,,,,,,,,,,,,,2.0,,,,,,,,,,,,,CAR_TE_01,TE,,,,,,,,15.0,,,192.0,0,,143.0,,49.0,,,,,,,,,,,0,169.0,,,,24.0,,,,,,76.0,,,70.0,,,,
,,,,,,PLAYOFFS,,0.0,3.0,,,,5.0,Lamont Flannery,0.0,,,,,,,,,,,,,6.0,,,,,5.0,,,,,,,,,,,,,2.0,,,,,,,,,,,,,CAR_TE_02,TE,,,,,,,,16.0,,1.0,230.0,1,,173.0,,59.0,,,,,,,,,,,0,204.0,,,,31.0,,,,,,101.0,,,87.0,,,,
,,,,,,PLAYOFFS,,,,,,,,Simeon Sorrentino,,,,,,,,,,,,,,,,,,,5.0,,,1.0,,7.0,,,,,,,,,,,477.5,182.0,,,,,,,2.0,,CAR_OT_01,OT,,,,,8.0,,,,,,,0,,,10.0,150.0,77.0,,,,,,,0.0,,,0,332.0,,5.0,,,,,,,,101.0,,,,,,,
,,,,,,PLAYOFFS,,,,,,,,Cooper Rochell,,,,,,,,,,,,,,,,,,,7.0,,,3.0,,9.0,,,,,,,,,,,650.4,257.0,,,,,,,4.0,,CAR_OT_02,OT,,,,,13.0,,,,,,,0,,,15.0,207.0,85.0,,,,,,,2.0,,,0,464.0,,7.0,,,,,,,,139.0,,,,,,,
,,,,,,PLAYOFFS,,,,,,,,Jorel Copeland,,,,,,,,,,,,,,,,,,,1.0,,,0.0,,0.0,,,,,,,,,,,100.0,35.0,,,,,,,2.0,,CAR_OG_01,OG,,,,,0.0,,,,,,,0,,,2.0,29.0,15.0,,,,,,,0.0,,,0,64.0,,1.0,,,,,,,,19.0,,,,,,,
,,,,,,PLAYOFFS,,,,,,,,Tillman Madubuike,,,,,,,,,,,,,,,,,,,4.0,,,1.0,,5.0,,,,,,,,,,,368.5,149.0,,,,,,,3.0,,CAR_OG_04,OG,,,,,7.0,,,,,,,0,,,10.0,121.0,50.0,,,,,,,2.0,,,0,270.0,,4.0,,,,,,,,76.0,,,,,,,
,,,,,,PLAYOFFS,,,,,,,,Asa Ugwoegbu,,,,,,,,,,,,,,,,,,,5.0,,,1.0,,7.0,,,,,,,,,,,478.3,189.0,,,,,,,4.0,,CAR_C_01,C,,,,,8.0,,,,,,,0,,,13.0,153.0,67.0,,,,,,,0.0,,,0,342.0,,5.0,,,,,,,,97.0,,,,,,,
5.0,0.0,,,,,PLAYOFFS,,,,,,,,Rocky Tillotson,,,,,,,,,,,,,,,0.0,,,,2.0,,,,3.0,,,,,,,,1.0,,,,,,,49.0,0.33,,,,2.0,,CAR_EDGE_02,EDGE,,,,5.0,,,1.0,,,,,1,,,,,,3.0,,,,,1.0,,,,0,87.0,6.0,,11.0,,,1.0,,,,38.0,,,,,,,
1.0,0.0,,,,,PLAYOFFS,,,,,,,,Chandler Pinnock,,,,,,,,,,,,,,,0.0,,,,1.0,,,,2.0,,,,,,,,0.0,,,,,,,26.0,0.15,,,,0.0,,CAR_EDGE_01,EDGE,,,,3.0,,,1.0,,,,,1,,,,,,3.0,,,,,0.0,,,,0,46.0,1.0,,2.0,,,1.0,,,,19.0,,,,,,,
10.0,1.0,,,,,PLAYOFFS,,,,,,,,Jamir Dettmer,,,,,,,,,,,,,,,0.0,,,,7.0,,,,11.0,,,,,,,,3.0,,,,,,,178.0,1.01,,,,1.0,,CAR_EDGE_03,EDGE,,,,16.0,,,5.0,,,,,0,,,,,,13.0,,,,,0.0,,,,0,314.0,7.0,,17.0,,,3.0,,,,139.0,,,,,,,
0.0,1.0,,,,,PLAYOFFS,,,,,,,,Lincoln Bolduc,,,,,,,,,,,,,,,0.0,,,,1.0,,,,2.0,,,,,,,,0.0,,,,,,,25.0,0.1,,,,0.0,,CAR_EDGE_04,EDGE,,,,3.0,,,1.0,,,,,1,,,,,,1.0,,,,,0.0,,,,0,44.0,0.0,,0.0,,,0.0,,,,19.0,,,,,,,
9.0,0.0,,,,,PLAYOFFS,,,,,,,,Radcliffe Stoutland,,,,,,,,,,,,,,,1.0,,,,6.0,,,,6.0,,,,,,,,1.0,,,,,,,113.0,0.82,,,,1.0,,CAR_DT_02,DT,,,,9.0,,,3.0,,,,,1,,,,,,9.0,,,,,0.0,,,,0,201.0,6.0,,15.0,,,4.0,,,,118.0,,,,,,,
9.0,0.0,,,,,PLAYOFFS,,,,,,,,Raul Hartline,,,,,,,,,,,,,,,1.0,,,,5.0,,,,5.0,,,,,,,,3.0,,,,,,,109.0,0.53,,,,2.0,,CAR_DT_01,DT,,,,8.0,,,2.0,,,,,1,,,,,,8.0,,,,,1.0,,,,0,191.0,8.0,,17.0,,,3.0,,,,101.0,,,,,,,
6.0,0.0,,,,,PLAYOFFS,,,,,,,,Mateo Gainer,,,,,,,,,,,,,,,0.0,,,,3.0,,,,4.0,,,,,,,,1.0,,,,,,,59.0,0.37,,,,0.0,,CAR_DT_04,DT,,,,6.0,,,1.0,,,,,1,,,,,,8.0,,,,,1.0,,,,0,104.0,6.0,,12.0,,,2.0,,,,57.0,,,,,,,
,,,15.0,,,PLAYOFFS,,,,70.0,,,,Palmer Verrett,,,,,,,,,,,,,,,,2.0,,,2.0,,,,,,,,0.0,,,,0.0,,,,,,1.0,,,,,183.4,1.0,,CAR_LB_01,LB,,,,3.0,,,,,6.0,,,0,,,,,,2.0,,,,,0.0,,,,0,91.0,8.0,,12.0,6.0,0.0,1.0,,,,38.0,,,,,41.0,,1.17
,,,12.0,,,PLAYOFFS,,,,32.0,,,,Flynn Mixson,,,,,,,,,,,,,,,,0.0,,,1.0,,,,,,,,0.0,,,,1.0,,,,,,0.0,,,,,47.9,0.0,,CAR_LB_03,LB,,,,2.0,,,,,2.0,,,1,,,,,,2.0,,,,,0.0,,,,0,42.0,5.0,,8.0,5.0,0.0,3.0,,,,19.0,,,,,0.0,,0.0
,,,19.0,,,PLAYOFFS,,,,103.0,,,,Joaquin Weatherspoon,,,,,,,,,,,,,,,,2.0,,,3.0,,,,,,,,0.0,,,,1.0,,,,,,1.0,,,,,355.9,2.0,,CAR_LB_02,LB,,,,1.0,,,,,10.0,,,0,,,,,,3.0,,,,,0.0,,,,0,135.0,8.0,,13.0,11.0,1.0,2.0,,,,57.0,,,,,114.0,,3.26
,,,,,,PLAYOFFS,,,,194.0,,,,Madden Grimsley,,,,,,,,,,,,,,,,6.0,,,5.0,,,,,,,,0.0,,,,2.0,,,,,,4.0,,,,,375.7,3.0,,CAR_CB_01,CB,,,,,,,,,8.0,,,0,,,,,,4.0,,,,,,,,,0,251.0,13.0,,20.0,16.0,0.0,,,,,96.0,,,,,128.0,,3.39
,,,,,,PLAYOFFS,,,,42.0,,,,Soloman Somerville,,,,,,,,,,,,,,,,0.0,,,1.0,,,,,,,,0.0,,,,0.0,,,,,,0.0,,,,,56.2,1.0,,CAR_CB_03,CB,,,,,,,,,3.0,,,1,,,,,,1.0,,,,,,,,,0,55.0,2.0,,4.0,6.0,0.0,,,,,19.0,,,,,7.0,,0.17
,,,,,,PLAYOFFS,,,,77.0,,,,Lawson Ricciardi,,,,,,,,,,,,,,,,1.0,,,2.0,,,,,,,,0.0,,,,1.0,,,,,,0.0,,,,,203.5,0.0,,CAR_CB_04,CB,,,,,,,,,5.0,,,0,,,,,,1.0,,,,,,,,,0,100.0,5.0,,9.0,7.0,0.0,,,,,38.0,,,,,78.0,,1.95
,,,,,,PLAYOFFS,,,,38.0,,,,Harlan Roache,,,,,,,,,,,,,,,,1.0,,,1.0,,,,,,,,0.0,,,,1.0,,,,,,1.0,,,,,47.9,0.0,,CAR_CB_05,CB,,,,,,,,,1.0,,,1,,,,,,0.0,,,,,,,,,0,49.0,4.0,,6.0,3.0,0.0,,,,,19.0,,,,,13.0,,0.34
,,,,,,PLAYOFFS,,,,325.0,,,,Ace Brannigan,,,,,,,,,,,,,,,,5.0,,,8.0,,,,,,,,1.0,,,,2.0,,,,,,2.0,,,,,637.8,2.0,,CAR_S_02,S,,,,,,,,,16.0,,,0,,,,,,4.0,,,,,,,,,0,420.0,14.0,,25.0,33.0,3.0,,,,,160.0,,,,,172.0,,4.54
,,,,,,PLAYOFFS,,,,326.0,,,,Devante Sessoms,,,,,,,,,,,,,,,,5.0,,,8.0,,,,,,,,1.0,,,,4.0,,,,,,2.0,,,,,570.8,0.0,,CAR_S_03,S,,,,,,,,,19.0,,,1,,,,,,6.0,,,,,,,,,0,423.0,11.0,,22.0,32.0,1.0,,,,,156.0,,,,,187.0,,4.63
,,,,,,PLAYOFFS,,,,319.0,,,,Blaise Rhodes,,,,,,,,,,,,,,,,7.0,,,8.0,,,,,,,,0.0,,,,4.0,,,,,,4.0,,,,,752.0,3.0,,CAR_S_01,S,,,,,,,,,25.0,,,1,,,,,,7.0,,,,,,,,,0,413.0,19.0,,31.0,41.0,3.0,,,,,157.0,,,,,306.0,,7.78
,,,,,,PLAYOFFS,,,,,,,,Eero Thorogood,,,,5.0,1.0,2.0,2.0,1.0,5.0,0.0,2.0,1.0,1.0,,,,,,3.0,,0.0,,,,,,,13.0,,141.0,,,,,,,,,,,,,,,CAR_K_01,K,,,,,,,,,,,,1,,,,,,,,,,,,,,,0,18.0,,,,,,,,8.0,,57.0,7.0,7.0,,,,,
,,,,,,PLAYOFFS,,,,,,,,Denzel Seeley,,,,,,,,,,,,,,,,,,,6.0,1148.0,,,,,1.0,8.0,,,339.0,,,,1052.0,,,,,,,,,,,,CAR_P_01,P,,,,,,24.0,,,,,,0,96.0,,,,,,,,,,,,,,0,30.0,,,,,,,,1.0,,117.0,,,,,,,
,,27.0,,,194.0,PLAYOFFS,184.0,,,,31.0,17.0,,Vito Haddad,,18.0,,,,,,,,,,,,93.0,,,2.0,1.0,8.0,,,,,,,,8.0,,,,,,,276.0,,,,,,15.0,2124.0,,,73.0,LAR_QB_01,QB,82.0,38.0,342.0,,,,,,,,,0,,,,,,,20.0,,85.0,90.0,,,13.0,13.0,0,511.0,,8.0,,,,,12.0,,11.0,159.0,,,,,,,
,,,,4.0,,PLAYOFFS,,6.0,7.0,,,,6.0,Riggs Quinones,3.0,,4.0,,,,,,,,,,,12.0,,,0.0,,2.0,,,,,,,,,,,,,2.0,,,,12.0,,,,,,,,,LAR_RB_01,RB,,,,,0.0,,,24.0,,,280.0,1,,20.0,,5.0,,,31.0,0.0,160.0,,,,,,0,60.0,,,,41.0,,,,,,39.0,,,129.0,81.0,,79.0,
,,,,2.0,,PLAYOFFS,,1.0,4.0,,,,1.0,Peyson Hasselby,1.0,,2.0,,,,,,,,,,,5.0,,,0.0,,2.0,,,,,,,,,,,,,0.0,,,,16.0,,,,,,,,,LAR_RB_03,RB,,,,,1.0,,,11.0,,,140.0,1,,14.0,,3.0,,,15.0,,79.0,,,,,,0,41.0,,,,20.0,,,,,,39.0,,,63.0,48.0,,31.0,
,,,,3.0,,PLAYOFFS,,0.0,1.0,,,,3.0,Dillon Rapp,1.0,,1.0,,,,,,,,,,,2.0,,,0.0,,2.0,,,,,,,,,,,,,2.0,,,,5.0,,,,,,,,,LAR_RB_02,RB,,,,,0.0,,,5.0,,,62.0,1,,8.0,,2.0,,,6.0,,36.0,,,,,,0,26.0,,,,8.0,,,,,,39.0,,,27.0,22.0,,14.0,
,,,,,,PLAYOFFS,,3.0,6.0,,,,1.0,Wesson Hartline,0.0,,,,,,,,,,,,,8.0,,,,,3.0,,,,,,,,,,,,,1.0,,,,,,,,,,,,,LAR_WR_02,WR,,,,,,,,19.0,,1.0,235.0,1,,109.0,,37.0,,,,,,,,,,,0,129.0,,,,35.0,,,,,,58.0,,,66.0,,,,
,,,,,,PLAYOFFS,,1.0,4.0,,,,6.0,Murphy Delacruz,0.0,,,,,,,,,,,,,4.0,,,,,3.0,,,,,,,,,,,,,0.0,,,,,,,,,,,,,LAR_WR_01,WR,,,,,,,,10.0,,1.0,133.0,1,,119.0,,40.0,,,,,,,,,,,0,139.0,,,,20.0,,,,,,58.0,,,55.0,,,,
,,,,,,PLAYOFFS,,2.0,4.0,,,,3.0,Ryland Bowersox,1.0,,,,,,,,,,,,,3.0,,,,,2.0,,,,,,,,,,,,,1.0,,,,,,,,,,,,,LAR_WR_03,WR,,,,,,,,6.0,,,75.0,1,,71.0,,24.0,,,,,,,,,,,0,83.0,,,,12.0,,,,,,39.0,,,37.0,,,,
,,,,,,PLAYOFFS,,0.0,0.0,,,,0.0,Lamont Hardison,0.0,,,,,,,,,,,,,0.0,,,,,2.0,,,,,,,,,,,,,0.0,,,,,,,,,,,,,LAR_WR_05,WR,,,,,,,,2.0,,,33.0,1,,72.0,,25.0,,,,,,,,,,,0,85.0,,,,4.0,,,,,,39.0,,,11.0,,,,
,,,,,,PLAYOFFS,,0.0,2.0,,,,0.0,Crosby Kowalski,1.0,,,,,,,,,,,,,3.0,,,,,2.0,,,,,,,,,,,,,2.0,,,,,,,,,,,,,LAR_TE_01,TE,,,,,,,,7.0,,,88.0,1,,67.0,,23.0,,,,,,,,,,,0,79.0,,,,14.0,,,,,,39.0,,,37.0,,,,
,,,,,,PLAYOFFS,,2.0,3.0,,,,2.0,Alonzo Wamsley,1.0,,,,,,,,,,,,,7.0,,,,,9.0,,,,,,,,,,,,,6.0,,,,,,,,,,,,,LAR_TE_02,TE,,,,,,,,23.0,,,329.0,1,,292.0,,97.0,,,,,,,,,,,0,344.0,,,,43.0,,,,,,178.0,,,143.0,,,,
,,,,,,PLAYOFFS,,,,,,,,Herschel Hollins,,,,,,,,,,,,,,,,,,,11.0,,,4.0,,14.0,,,,,,,,,,,1023.7,403.0,,,,,,,7.0,,LAR_OT_01,OT,,,,,21.0,,,,,,,0,,,36.0,324.0,138.0,,,,,,,3.0,,,0,727.0,,11.0,,,,,,,,219.0,,,,,,,
,,,,,,PLAYOFFS,,,,,,,,Elian Bradshaw,,,,,,,,,,,,,,,,,,,4.0,,,2.0,,7.0,,,,,,,,,,,374.9,143.0,,,,,,,2.0,,LAR_OT_02,OT,,,,,9.0,,,,,,,1,,,11.0,117.0,56.0,,,,,,,0.0,,,0,260.0,,4.0,,,,,,,,77.0,,,,,,,
,,,,,,PLAYOFFS,,,,,,,,Derrick Sullivan,,,,,,,,,,,,,,,,,,,9.0,,,1.0,,9.0,,,,,,,,,,,872.0,325.0,,,,,,,4.0,,LAR_OG_01,OG,,,,,10.0,,,,,,,0,,,23.0,262.0,113.0,,,,,,,0.0,,,0,587.0,,9.0,,,,,,,,179.0,,,,,,,
,,,,,,PLAYOFFS,,,,,,,,Maurice Wyckoff,,,,,,,,,,,,,,,,,,,3.0,,,1.0,,4.0,,,,,,,,,,,277.4,113.0,,,,,,,2.0,,LAR_OG_02,OG,,,,,6.0,,,,,,,0,,,8.0,92.0,38.0,,,,,,,1.0,,,0,205.0,,3.0,,,,,,,,59.0,,,,,,,
,,,,,,PLAYOFFS,,,,,,,,Weston Fowler,,,,,,,,,,,,,,,,,,,8.0,,,4.0,,10.0,,,,,,,,,,,754.1,293.0,,,,,,,10.0,,LAR_C_01,C,,,,,15.0,,,,,,,0,,,18.0,238.0,106.0,,,,,,,1.0,,,0,531.0,,8.0,,,,,,,,157.0,,,,,,,
9.0,0.0,,,,,PLAYOFFS,,,,,,,,Fabian Hockenson,,,,,,,,,,,,,,,0.0,,,,4.0,,,,7.0,,,,,,,,0.0,,,,,,,102.0,0.66,,,,0.0,,LAR_EDGE_01,EDGE,,,,12.0,,,3.0,,,,,0,,,,,,6.0,,,,,2.0,,,,0,179.0,9.0,,18.0,,,1.0,,,,78.0,,,,,,,
3.0,0.0,,,,,PLAYOFFS,,,,,,,,Merle Kanell,,,,,,,,,,,,,,,0.0,,,,2.0,,,,4.0,,,,,,,,1.0,,,,,,,48.0,0.33,,,,0.0,,LAR_EDGE_04,EDGE,,,,5.0,,,0.0,,,,,1,,,,,,4.0,,,,,1.0,,,,0,85.0,1.0,,4.0,,,2.0,,,,39.0,,,,,,,
5.0,1.0,,,,,PLAYOFFS,,,,,,,,Kavon Rademacher,,,,,,,,,,,,,,,0.0,,,,3.0,,,,2.0,,,,,,,,0.0,,,,,,,72.0,0.32,,,,2.0,,LAR_EDGE_03,EDGE,,,,3.0,,,1.0,,,,,0,,,,,,4.0,,,,,1.0,,,,0,126.0,4.0,,9.0,,,1.0,,,,58.0,,,,,,,
3.0,2.0,,,,,PLAYOFFS,,,,,,,,Kruz Crockett,,,,,,,,,,,,,,,0.0,,,,3.0,,,,3.0,,,,,,,,0.0,,,,,,,60.0,0.49,,,,0.0,,LAR_DT_01,DT,,,,6.0,,,3.0,,,,,1,,,,,,3.0,,,,,0.0,,,,0,105.0,2.0,,5.0,,,1.0,,,,58.0,,,,,,,
9.0,2.0,,,,,PLAYOFFS,,,,,,,,Jaxton Hadley,,,,,,,,,,,,,,,0.0,,,,7.0,,,,7.0,,,,,,,,0.0,,,,,,,153.0,1.05,,,,4.0,,LAR_DT_02,DT,,,,9.0,,,1.0,,,,,1,,,,,,12.0,,,,,1.0,,,,0,268.0,6.0,,15.0,,,3.0,,,,137.0,,,,,,,
9.0,1.0,,,,,PLAYOFFS,,,,,,,,Kieran Zabransky,,,,,,,,,,,,,,,0.0,,,,6.0,,,,8.0,,,,,,,,2.0,,,,,,,122.0,0.83,,,,2.0,,LAR_DT_05,DT,,,,12.0,,,3.0,,,,,0,,,,,,10.0,,,,,1.0,,,,0,216.0,6.0,,15.0,,,1.0,,,,118.0,,,,,,,
,,,38.0,,,PLAYOFFS,,,,250.0,,,,Omari Cornish,,,,,,,,,,,,,,,,6.0,,,7.0,,,,,,,,1.0,,,,4.0,,,,,,3.0,,,,,470.1,4.0,,LAR_LB_01,LB,,,,2.0,,,,,17.0,,,1,,,,,,5.0,,,,,0.0,,,,0,324.0,23.0,,36.0,29.0,0.0,4.0,,,,138.0,,,,,224.0,,6.22
,,,9.0,,,PLAYOFFS,,,,63.0,,,,Leon Sanjuan,,,,,,,,,,,,,,,,5.0,,,2.0,,,,,,,,0.0,,,,0.0,,,,,,3.0,,,,,132.6,0.0,,LAR_LB_02,LB,,,,0.0,,,,,5.0,,,1,,,,,,1.0,,,,,0.0,,,,0,81.0,6.0,,9.0,8.0,0.0,2.0,,,,39.0,,,,,27.0,,0.96
,,,40.0,,,PLAYOFFS,,,,241.0,,,,Jamir Whitehurst,,,,,,,,,,,,,,,,10.0,,,7.0,,,,,,,,0.0,,,,4.0,,,,,,6.0,,,,,517.3,0.0,,LAR_LB_04,LB,,,,1.0,,,,,18.0,,,0,,,,,,4.0,,,,,0.0,,,,0,313.0,22.0,,34.0,30.0,0.0,3.0,,,,135.0,,,,,206.0,,5.85
,,,,,,PLAYOFFS,,,,262.0,,,,Royce Greaves,,,,,,,,,,,,,,,,7.0,,,7.0,,,,,,,,1.0,,,,2.0,,,,,,6.0,,,,,473.6,2.0,,LAR_CB_02,CB,,,,,,,,,9.0,,,1,,,,,,3.0,,,,,,,,,0,340.0,11.0,,19.0,20.0,1.0,,,,,137.0,,,,,110.0,,2.95
,,,,,,PLAYOFFS,,,,273.0,,,,Forrest Rapp,,,,,,,,,,,,,,,,2.0,,,7.0,,,,,,,,0.0,,,,3.0,,,,,,1.0,,,,,539.2,1.0,,LAR_CB_01,CB,,,,,,,,,17.0,,,0,,,,,,6.0,,,,,,,,,0,353.0,21.0,,32.0,33.0,1.0,,,,,138.0,,,,,172.0,,4.41
,,,,,,PLAYOFFS,,,,110.0,,,,Zeb Dobbins,,,,,,,,,,,,,,,,3.0,,,3.0,,,,,,,,0.0,,,,1.0,,,,,,2.0,,,,,172.4,0.0,,LAR_CB_03,CB,,,,,,,,,4.0,,,1,,,,,,3.0,,,,,,,,,0,143.0,3.0,,6.0,10.0,0.0,,,,,58.0,,,,,46.0,,1.26
,,,,,,PLAYOFFS,,,,77.0,,,,Fritz Vaitai,,,,,,,,,,,,,,,,1.0,,,2.0,,,,,,,,0.0,,,,1.0,,,,,,0.0,,,,,145.4,0.0,,LAR_CB_06,CB,,,,,,,,,6.0,,,1,,,,,,1.0,,,,,,,,,0,99.0,8.0,,12.0,13.0,0.0,,,,,39.0,,,,,68.0,,1.76
,,,,,,PLAYOFFS,,,,200.0,,,,Kason Fahey,,,,,,,,,,,,,,,,2.0,,,5.0,,,,,,,,0.0,,,,1.0,,,,,,2.0,,,,,440.3,1.0,,LAR_S_02,S,,,,,,,,,11.0,,,1,,,,,,4.0,,,,,,,,,0,258.0,13.0,,23.0,19.0,2.0,,,,,97.0,,,,,118.0,,2.89
,,,,,,PLAYOFFS,,,,428.0,,,,Colton Benavides,,,,,,,,,,,,,,,,12.0,,,11.0,,,,,,,,0.0,,,,5.0,,,,,,3.0,,,,,978.2,1.0,,LAR_S_04,S,,,,,,,,,33.0,,,1,,,,,,8.0,,,,,,,,,0,556.0,31.0,,50.0,51.0,3.0,,,,,219.0,,,,,365.0,,9.5
,,,,,,PLAYOFFS,,,,282.0,,,,Raheem Sorrentino,,,,,,,,,,,,,,,,6.0,,,7.0,,,,,,,,0.0,,,,5.0,,,,,,2.0,,,,,514.9,1.0,,LAR_S_01,S,,,,,,,,,12.0,,,1,,,,,,4.0,,,,,,,,,0,367.0,18.0,,29.0,29.0,1.0,,,,,138.0,,,,,190.0,,4.63
,,,,,,PLAYOFFS,,,,,,,,Sherman Priestley,,,,,,,,,,,,,,,,,,,2.0,329.0,,,,,1.0,5.0,,,119.0,,,,321.0,,,,,,,,,,,,LAR_P_01,P,,,,,,7.0,,,,,,0,8.0,,,,,,,,,,,,,,0,10.0,,,,,,,,1.0,,39.0,,,,,,,
,,23.0,,,156.0,PLAYOFFS,152.0,,,,26.0,9.0,,Cyrus Warrick,,8.0,,,,,,,,,,,,74.0,,,1.0,1.0,7.0,,,,,,,,4.0,,,,,,,225.0,,,,,,12.0,1635.0,,,46.0,SF_QB_01,QB,69.0,29.0,257.0,,,,,,,,,1,,,,,,,21.0,,112.0,164.0,,,24.0,13.0,0,434.0,,7.0,,,,,15.0,,18.0,140.0,,,,,,,
,,,,19.0,,PLAYOFFS,,10.0,27.0,,,,29.0,Mordecai Lilliard,5.0,,7.0,,,,,,,,,,,72.0,,,0.0,,8.0,,,,,,,,,,,,,7.0,,,,46.0,,,,,,,,,SF_RB_01,RB,,,,,3.0,,,124.0,,,1365.0,1,,84.0,,21.0,,,142.0,7.0,656.0,,,,,,0,251.0,,,,177.0,,,,,,162.0,,,471.0,355.0,,301.0,
,,,,9.0,,PLAYOFFS,,9.0,21.0,,,,16.0,Ruben Withersby,4.0,,5.0,,,,,,,,,,,34.0,,,2.0,,7.0,,,,,,,,,,,,,2.0,,,,37.0,,,,,,,,,SF_RB_03,RB,,,,,4.0,,,69.0,,,846.0,1,,61.0,,14.0,,,87.0,1.0,308.0,,,,,,0,184.0,,,,107.0,,,,,,140.0,,,306.0,107.0,,218.0,
,,,,3.0,,PLAYOFFS,,2.0,3.0,,,,2.0,Duke Bustamante,0.0,,1.0,,,,,,,,,,,4.0,,,0.0,,4.0,,,,,,,,,,,,,2.0,,,,22.0,,,,,,,,,SF_RB_02,RB,,,,,2.0,,,10.0,,,131.0,1,,24.0,,6.0,,,12.0,,59.0,,,,,,0,76.0,,,,15.0,,,,,,82.0,,,46.0,28.0,,31.0,
,,,,,,PLAYOFFS,,2.0,4.0,,,,5.0,Lonnie Haywood,4.0,,,,,,,,,,,,,10.0,,,,,4.0,,,,,,,,,,,,,0.0,,,,,,,,,,,,,SF_WR_03,WR,,,,,,,,25.0,,1.0,302.0,0,,150.0,,51.0,,,,,,,,,,,0,177.0,,,,44.0,,,,,,82.0,,,131.0,,,,
,,,,,,PLAYOFFS,,5.0,9.0,,,,3.0,Mateo Teasdale,1.0,,,,,,,,,,,,,17.0,,,,,7.0,,,,,,,,,,,,,5.0,,,,,,,,,,,,,SF_WR_01,WR,,,,,,,,39.0,,1.0,495.0,1,,258.0,,88.0,,,,,,,,,,,0,305.0,,,,70.0,,,,,,140.0,,,231.0,,,,
,,,,,,PLAYOFFS,,3.0,6.0,,,,4.0,Lennon Blakeney,3.0,,,,,,,,,,,,,5.0,,,,,4.0,,,,,,,,,,,,,3.0,,,,,,,,,,,,,SF_WR_06,WR,,,,,,,,13.0,,1.0,159.0,1,,147.0,,50.0,,,,,,,,,,,0,173.0,,,,23.0,,,,,,82.0,,,73.0,,,,
,,,,,,PLAYOFFS,,0.0,2.0,,,,0.0,Jamir Gwaltney,0.0,,,,,,,,,,,,,0.0,,,,,4.0,,,,,,,,,,,,,4.0,,,,,,,,,,,,,SF_WR_04,WR,,,,,,,,4.0,,,70.0,0,,147.0,,50.0,,,,,,,,,,,0,172.0,,,,8.0,,,,,,82.0,,,29.0,,,,
,,,,,,PLAYOFFS,,5.0,13.0,,,,8.0,Marshall Vitiello,5.0,,,,,,,,,,,,,15.0,,,,,9.0,,,,,,,,,,,,,5.0,,,,,,,,,,,,,SF_TE_01,TE,,,,,,,,38.0,,,464.0,0,,303.0,,103.0,,,,,,,,,,,0,358.0,,,,60.0,,,,,,181.0,,,198.0,,,,
,,,,,,PLAYOFFS,,0.0,0.0,,,,2.0,Tavian Polamalu,0.0,,,,,,,,,,,,,0.0,,,,,4.0,,,,,,,,,,,,,4.0,,,,,,,,,,,,,SF_TE_03,TE,,,,,,,,4.0,,,57.0,1,,148.0,,50.0,,,,,,,,,,,0,175.0,,,,7.0,,,,,,82.0,,,17.0,,,,
,,,,,,PLAYOFFS,,,,,,,,Antoine Casillas,,,,,,,,,,,,,,,,,,,8.0,,,2.0,,8.0,,,,,,,,,,,716.5,299.0,,,,,,,6.0,,SF_OT_01,OT,,,,,16.0,,,,,,,0,,,16.0,242.0,110.0,,,,,,,6.0,,,0,541.0,,8.0,,,,,,,,160.0,,,,,,,
,,,,,,PLAYOFFS,,,,,,,,Lincoln Mascarenas,,,,,,,,,,,,,,,,,,,8.0,,,7.0,,14.0,,,,,,,,,,,716.9,291.0,,,,,,,4.0,,SF_OT_02,OT,,,,,23.0,,,,,,,0,,,22.0,235.0,100.0,,,,,,,3.0,,,0,526.0,,8.0,,,,,,,,160.0,,,,,,,
,,,,,,PLAYOFFS,,,,,,,,Alonzo Wozniak,,,,,,,,,,,,,,,,,,,12.0,,,4.0,,5.0,,,,,,,,,,,1145.7,422.0,,,,,,,5.0,,SF_OG_01,OG,,,,,12.0,,,,,,,0,,,21.0,341.0,159.0,,,,,,,3.0,,,0,763.0,,12.0,,,,,,,,241.0,,,,,,,
,,,,,,PLAYOFFS,,,,,,,,Micah Washburn,,,,,,,,,,,,,,,,,,,8.0,,,2.0,,5.0,,,,,,,,,,,771.6,294.0,,,,,,,6.0,,SF_OG_02,OG,,,,,8.0,,,,,,,0,,,17.0,239.0,108.0,,,,,,,1.0,,,0,533.0,,8.0,,,,,,,,160.0,,,,,,,
,,,,,,PLAYOFFS,,,,,,,,Errol Kirkpatrick,,,,,,,,,,,,,,,,,,,4.0,,,0.0,,1.0,,,,,,,,,,,397.4,142.0,,,,,,,1.0,,SF_C_01,C,,,,,1.0,,,,,,,0,,,9.0,116.0,49.0,,,,,,,0.0,,,0,258.0,,4.0,,,,,,,,82.0,,,,,,,
15.0,2.0,,,,,PLAYOFFS,,,,,,,,Andre Southall,,,,,,,,,,,,,,,0.0,,,,8.0,,,,7.0,,,,,,,,4.0,,,,,,,189.0,1.27,,,,1.0,,SF_EDGE_01,EDGE,,,,16.0,,,4.0,,,,,1,,,,,,14.0,,,,,7.0,,,,0,330.0,12.0,,27.0,,,8.0,,,,164.0,,,,,,,
13.0,0.0,,,,,PLAYOFFS,,,,,,,,Riggs Epperson,,,,,,,,,,,,,,,1.0,,,,8.0,,,,18.0,,,,,,,,1.0,,,,,,,194.0,1.3,,,,0.0,,SF_EDGE_02,EDGE,,,,28.0,,,8.0,,,,,0,,,,,,18.0,,,,,2.0,,,,0,342.0,8.0,,21.0,,,6.0,,,,159.0,,,,,,,
6.0,0.0,,,,,PLAYOFFS,,,,,,,,Riggs Ovadia,,,,,,,,,,,,,,,0.0,,,,4.0,,,,9.0,,,,,,,,1.0,,,,,,,102.0,0.62,,,,1.0,,SF_EDGE_05,EDGE,,,,11.0,,,2.0,,,,,1,,,,,,8.0,,,,,0.0,,,,0,180.0,6.0,,12.0,,,1.0,,,,82.0,,,,,,,
6.0,1.0,,,,,PLAYOFFS,,,,,,,,Roderick Sagapolutele,,,,,,,,,,,,,,,0.0,,,,4.0,,,,3.0,,,,,,,,0.0,,,,,,,96.0,0.37,,,,2.0,,SF_EDGE_04,EDGE,,,,6.0,,,2.0,,,,,1,,,,,,7.0,,,,,1.0,,,,0,170.0,6.0,,12.0,,,1.0,,,,82.0,,,,,,,
15.0,0.0,,,,,PLAYOFFS,,,,,,,,Odin Yeboah,,,,,,,,,,,,,,,0.0,,,,11.0,,,,8.0,,,,,,,,0.0,,,,,,,227.0,1.55,,,,0.0,,SF_DT_02,DT,,,,16.0,,,6.0,,,,,0,,,,,,20.0,,,,,4.0,,,,0,397.0,10.0,,25.0,,,1.0,,,,222.0,,,,,,,
8.0,0.0,,,,,PLAYOFFS,,,,,,,,Lorenzo Ironside,,,,,,,,,,,,,,,0.0,,,,4.0,,,,5.0,,,,,,,,1.0,,,,,,,87.0,0.61,,,,2.0,,SF_DT_01,DT,,,,6.0,,,1.0,,,,,1,,,,,,5.0,,,,,0.0,,,,0,154.0,6.0,,14.0,,,2.0,,,,82.0,,,,,,,
9.0,0.0,,,,,PLAYOFFS,,,,,,,,Jaxton Beauchamp,,,,,,,,,,,,,,,0.0,,,,7.0,,,,11.0,,,,,,,,3.0,,,,,,,149.0,0.98,,,,4.0,,SF_DT_05,DT,,,,15.0,,,2.0,,,,,0,,,,,,9.0,,,,,2.0,,,,0,265.0,6.0,,15.0,,,4.0,,,,140.0,,,,,,,
,,,44.0,,,PLAYOFFS,,,,283.0,,,,Tristan Stroman,,,,,,,,,,,,,,,,6.0,,,8.0,,,,,,,,1.0,,,,3.0,,,,,,3.0,,,,,491.1,0.0,,SF_LB_02,LB,,,,9.0,,,,,11.0,,,0,,,,,,8.0,,,,,0.0,,,,0,367.0,36.0,,56.0,33.0,2.0,9.0,,,,160.0,,,,,172.0,,4.91
,,,35.0,,,PLAYOFFS,,,,232.0,,,,Porter Kortright,,,,,,,,,,,,,,,,6.0,,,7.0,,,,,,,,1.0,,,,1.0,,,,,,4.0,,,,,371.0,0.0,,SF_LB_01,LB,,,,3.0,,,,,8.0,,,0,,,,,,1.0,,,,,0.0,,,,0,303.0,27.0,,41.0,22.0,0.0,7.0,,,,140.0,,,,,112.0,,3.38
,,,21.0,,,PLAYOFFS,,,,139.0,,,,Alonzo Onwuasor,,,,,,,,,,,,,,,,0.0,,,4.0,,,,,,,,1.0,,,,1.0,,,,,,0.0,,,,,371.1,3.0,,SF_LB_04,LB,,,,3.0,,,,,17.0,,,1,,,,,,3.0,,,,,0.0,,,,0,181.0,14.0,,22.0,22.0,1.0,7.0,,,,82.0,,,,,166.0,,4.81
,,,,,,PLAYOFFS,,,,411.0,,,,Samir Mostert,,,,,,,,,,,,,,,,11.0,,,11.0,,,,,,,,1.0,,,,2.0,,,,,,8.0,,,,,896.4,1.0,,SF_CB_03,CB,,,,,,,,,30.0,,,0,,,,,,7.0,,,,,,,,,0,536.0,23.0,,40.0,48.0,0.0,,,,,222.0,,,,,359.0,,9.96
,,,,,,PLAYOFFS,,,,150.0,,,,Javon Jolliff,,,,,,,,,,,,,,,,1.0,,,4.0,,,,,,,,0.0,,,,1.0,,,,,,0.0,,,,,386.6,0.0,,SF_CB_01,CB,,,,,,,,,9.0,,,0,,,,,,4.0,,,,,,,,,0,195.0,10.0,,16.0,13.0,0.0,,,,,82.0,,,,,124.0,,3.35
,,,,,,PLAYOFFS,,,,156.0,,,,Axel Ravenel,,,,,,,,,,,,,,,,0.0,,,4.0,,,,,,,,0.0,,,,2.0,,,,,,0.0,,,,,484.0,1.0,,SF_CB_02,CB,,,,,,,,,16.0,,,1,,,,,,4.0,,,,,,,,,0,202.0,7.0,,12.0,18.0,1.0,,,,,82.0,,,,,199.0,,5.12
,,,,,,PLAYOFFS,,,,162.0,,,,Zaire Birchfield,,,,,,,,,,,,,,,,1.0,,,4.0,,,,,,,,0.0,,,,2.0,,,,,,1.0,,,,,290.3,0.0,,SF_CB_06,CB,,,,,,,,,9.0,,,1,,,,,,1.0,,,,,,,,,0,210.0,12.0,,20.0,17.0,0.0,,,,,82.0,,,,,97.0,,2.41
,,,,,,PLAYOFFS,,,,192.0,,,,Lorenzo Colwell,,,,,,,,,,,,,,,,3.0,,,5.0,,,,,,,,0.0,,,,4.0,,,,,,1.0,,,,,429.5,1.0,,SF_S_01,S,,,,,,,,,9.0,,,1,,,,,,3.0,,,,,,,,,0,249.0,13.0,,21.0,19.0,1.0,,,,,101.0,,,,,167.0,,4.14
,,,,,,PLAYOFFS,,,,250.0,,,,Damarion Brisco,,,,,,,,,,,,,,,,7.0,,,7.0,,,,,,,,0.0,,,,2.0,,,,,,4.0,,,,,728.9,0.0,,SF_S_02,S,,,,,,,,,19.0,,,0,,,,,,7.0,,,,,,,,,0,327.0,15.0,,25.0,30.0,5.0,,,,,140.0,,,,,219.0,,6.2
,,,,,,PLAYOFFS,,,,166.0,,,,Kobe Kinlaw,,,,,,,,,,,,,,,,5.0,,,4.0,,,,,,,,0.0,,,,1.0,,,,,,3.0,,,,,490.8,1.0,,SF_S_04,S,,,,,,,,,14.0,,,1,,,,,,3.0,,,,,,,,,0,215.0,11.0,,17.0,16.0,1.0,,,,,82.0,,,,,182.0,,4.39
,,,,,,PLAYOFFS,,,,,,,,Killian Beauchamp,,,,6.0,2.0,2.0,3.0,0.0,3.0,2.0,1.0,2.0,0.0,,,,,,5.0,,0.0,,,,,,,20.0,,84.0,,,,,,,,,,,,,,,SF_K_01,K,,,,,,,,,,,,0,,,,,,,,,,,,,,,0,30.0,,,,,,,,15.0,,101.0,7.0,7.0,,,,,
,,,,,,PLAYOFFS,,,,,,,,Ruben Debose,,,,,,,,,,,,,,,,,,,6.0,1028.0,,,,,5.0,6.0,,,322.0,,,,932.0,,,,,,,,,,,,SF_P_01,P,,,,,,21.0,,,,,,0,96.0,,,,,,,,,,,,,,0,30.0,,,,,,,,1.0,,120.0,,,,,,,
,,23.0,,,209.0,PLAYOFFS,212.0,,,,30.0,13.0,,Giovanni Sagapolutele,,15.0,,,,,,,,,,,,100.0,,,1.0,0.0,9.0,,,,,,,,3.0,,,,,,,307.0,,,,,,14.0,2460.0,,,81.0,ATL_QB_01,QB,98.0,44.0,387.0,,,,,,,,,0,,,,,,,29.0,,99.0,97.0,,,14.0,14.0,0,592.0,,9.0,,,,,15.0,,11.0,178.0,,,,,,,
,,,,2.0,,PLAYOFFS,,2.0,3.0,,,,4.0,Cooper Clevenger,1.0,,1.0,,,,,,,,,,,7.0,,,1.0,,2.0,,,,,,,,,,,,,1.0,,,,11.0,,,,,,,,,ATL_RB_01,RB,,,,,1.0,,,17.0,,,206.0,1,,15.0,,3.0,,,23.0,2.0,104.0,,,,,,0,46.0,,,,29.0,,,,,,38.0,,,96.0,60.0,,44.0,
,,,,0.0,,PLAYOFFS,,1.0,1.0,,,,2.0,Ridge Hartline,0.0,,1.0,,,,,,,,,,,2.0,,,0.0,,1.0,,,,,,,,,,,,,0.0,,,,4.0,,,,,,,,,ATL_RB_02,RB,,,,,0.0,,,5.0,,,58.0,1,,7.0,,2.0,,,7.0,,32.0,,,,,,0,22.0,,,,9.0,,,,,,19.0,,,33.0,11.0,,21.0,
,,,,1.0,,PLAYOFFS,,6.0,8.0,,,,3.0,Woodrow Callender,2.0,,2.0,,,,,,,,,,,16.0,,,0.0,,2.0,,,,,,,,,,,,,0.0,,,,16.0,,,,,,,,,ATL_RB_03,RB,,,,,1.0,,,31.0,,,375.0,1,,17.0,,5.0,,,32.0,2.0,105.0,,,,,,0,51.0,,,,42.0,,,,,,39.0,,,133.0,31.0,,74.0,
,,,,,,PLAYOFFS,,0.0,3.0,,,,1.0,Mordecai Jorgensen,0.0,,,,,,,,,,,,,3.0,,,,,2.0,,,,,,,,,,,,,1.0,,,,,,,,,,,,,ATL_WR_01,WR,,,,,,,,7.0,,,97.0,0,,72.0,,25.0,,,,,,,,,,,0,85.0,,,,16.0,,,,,,38.0,,,42.0,,,,
,,,,,,PLAYOFFS,,4.0,5.0,,,,5.0,Lucius Cavanaugh,0.0,,,,,,,,,,,,,11.0,,,,,4.0,,,,,,,,,,,,,1.0,,,,,,,,,,,,,ATL_WR_03,WR,,,,,,,,24.0,,2.0,292.0,1,,152.0,,51.0,,,,,,,,,,,0,180.0,,,,40.0,,,,,,78.0,,,114.0,,,,
,,,,,,PLAYOFFS,,1.0,2.0,,,,1.0,Emeka Casillas,0.0,,,,,,,,,,,,,3.0,,,,,2.0,,,,,,,,,,,,,1.0,,,,,,,,,,,,,ATL_WR_02,WR,,,,,,,,9.0,,,95.0,1,,67.0,,23.0,,,,,,,,,,,0,79.0,,,,17.0,,,,,,38.0,,,34.0,,,,
,,,,,,PLAYOFFS,,1.0,5.0,,,,1.0,Asa Vaitai,2.0,,,,,,,,,,,,,7.0,,,,,5.0,,,,,,,,,,,,,4.0,,,,,,,,,,,,,ATL_WR_05,WR,,,,,,,,21.0,,,251.0,1,,191.0,,65.0,,,,,,,,,,,0,225.0,,,,35.0,,,,,,97.0,,,101.0,,,,
,,,,,,PLAYOFFS,,1.0,4.0,,,,14.0,Shaquille Doughty,6.0,,,,,,,,,,,,,11.0,,,,,8.0,,,,,,,,,,,,,5.0,,,,,,,,,,,,,ATL_TE_01,TE,,,,,,,,31.0,,,391.0,0,,272.0,,92.0,,,,,,,,,,,0,320.0,,,,53.0,,,,,,158.0,,,159.0,,,,
,,,,,,PLAYOFFS,,0.0,0.0,,,,1.0,Parker Hickenbotham,1.0,,,,,,,,,,,,,0.0,,,,,1.0,,,,,,,,,,,,,1.0,,,,,,,,,,,,,ATL_TE_03,TE,,,,,,,,1.0,,,11.0,1,,36.0,,12.0,,,,,,,,,,,0,42.0,,,,2.0,,,,,,19.0,,,5.0,,,,
,,,,,,PLAYOFFS,,,,,,,,Wallace Corrigan,,,,,,,,,,,,,,,,,,,3.0,,,2.0,,1.0,,,,,,,,,,,285.6,110.0,,,,,,,0.0,,ATL_OT_01,OT,,,,,3.0,,,,,,,0,,,10.0,89.0,37.0,,,,,,,1.0,,,0,199.0,,3.0,,,,,,,,58.0,,,,,,,
,,,,,,PLAYOFFS,,,,,,,,Lamont Slocum,,,,,,,,,,,,,,,,,,,1.0,,,1.0,,0.0,,,,,,,,,,,86.8,34.0,,,,,,,2.0,,ATL_OT_02,OT,,,,,2.0,,,,,,,1,,,2.0,27.0,12.0,,,,,,,1.0,,,0,61.0,,1.0,,,,,,,,19.0,,,,,,,
,,,,,,PLAYOFFS,,,,,,,,Judah Brinkley,,,,,,,,,,,,,,,,,,,1.0,,,0.0,,1.0,,,,,,,,,,,96.8,31.0,,,,,,,0.0,,ATL_OG_02,OG,,,,,1.0,,,,,,,1,,,0.0,26.0,13.0,,,,,,,0.0,,,0,57.0,,1.0,,,,,,,,19.0,,,,,,,
,,,,,,PLAYOFFS,,,,,,,,Ramsey Ravenel,,,,,,,,,,,,,,,,,,,9.0,,,4.0,,4.0,,,,,,,,,,,866.2,313.0,,,,,,,6.0,,ATL_OG_04,OG,,,,,9.0,,,,,,,0,,,21.0,256.0,103.0,,,,,,,1.0,,,0,569.0,,9.0,,,,,,,,178.0,,,,,,,
,,,,,,PLAYOFFS,,,,,,,,Grady Mastrangelo,,,,,,,,,,,,,,,,,,,2.0,,,0.0,,3.0,,,,,,,,,,,191.6,72.0,,,,,,,3.0,,ATL_C_02,C,,,,,3.0,,,,,,,0,,,4.0,58.0,27.0,,,,,,,0.0,,,0,130.0,,2.0,,,,,,,,39.0,,,,,,,
4.0,0.0,,,,,PLAYOFFS,,,,,,,,Barrett Zapatero,,,,,,,,,,,,,,,0.0,,,,3.0,,,,5.0,,,,,,,,0.0,,,,,,,76.0,0.58,,,,0.0,,ATL_EDGE_01,EDGE,,,,9.0,,,3.0,,,,,1,,,,,,6.0,,,,,1.0,,,,0,134.0,2.0,,6.0,,,1.0,,,,57.0,,,,,,,
2.0,0.0,,,,,PLAYOFFS,,,,,,,,Flynn Hemsley,,,,,,,,,,,,,,,0.0,,,,1.0,,,,3.0,,,,,,,,0.0,,,,,,,29.0,0.2,,,,1.0,,ATL_EDGE_02,EDGE,,,,4.0,,,0.0,,,,,1,,,,,,2.0,,,,,1.0,,,,0,51.0,1.0,,3.0,,,0.0,,,,19.0,,,,,,,
10.0,2.0,,,,,PLAYOFFS,,,,,,,,Kendrick Egbuna,,,,,,,,,,,,,,,1.0,,,,5.0,,,,10.0,,,,,,,,3.0,,,,,,,132.0,0.65,,,,1.0,,ATL_EDGE_04,EDGE,,,,12.0,,,1.0,,,,,1,,,,,,4.0,,,,,1.0,,,,0,232.0,7.0,,17.0,,,0.0,,,,98.0,,,,,,,
1.0,0.0,,,,,PLAYOFFS,,,,,,,,Buck Herrera,,,,,,,,,,,,,,,0.0,,,,1.0,,,,0.0,,,,,,,,0.0,,,,,,,23.0,0.12,,,,1.0,,ATL_EDGE_03,EDGE,,,,1.0,,,1.0,,,,,1,,,,,,0.0,,,,,0.0,,,,0,40.0,1.0,,2.0,,,2.0,,,,19.0,,,,,,,
1.0,0.0,,,,,PLAYOFFS,,,,,,,,Briggs Butterworth,,,,,,,,,,,,,,,0.0,,,,1.0,,,,1.0,,,,,,,,0.0,,,,,,,23.0,0.12,,,,0.0,,ATL_DT_02,DT,,,,1.0,,,0.0,,,,,1,,,,,,1.0,,,,,0.0,,,,0,40.0,1.0,,2.0,,,1.0,,,,19.0,,,,,,,
13.0,1.0,,,,,PLAYOFFS,,,,,,,,Patton Honeycutt,,,,,,,,,,,,,,,2.0,,,,9.0,,,,14.0,,,,,,,,0.0,,,,,,,190.0,1.65,,,,1.0,,ATL_DT_01,DT,,,,23.0,,,4.0,,,,,0,,,,,,19.0,,,,,5.0,,,,0,336.0,9.0,,22.0,,,5.0,,,,178.0,,,,,,,
5.0,0.0,,,,,PLAYOFFS,,,,,,,,Whitaker Gerhardt,,,,,,,,,,,,,,,0.0,,,,4.0,,,,8.0,,,,,,,,0.0,,,,,,,89.0,0.61,,,,1.0,,ATL_DT_04,DT,,,,13.0,,,2.0,,,,,0,,,,,,11.0,,,,,3.0,,,,0,156.0,4.0,,9.0,,,3.0,,,,77.0,,,,,,,
,,,7.0,,,PLAYOFFS,,,,40.0,,,,Benoit Killebrew,,,,,,,,,,,,,,,,1.0,,,1.0,,,,,,,,0.0,,,,0.0,,,,,,1.0,,,,,100.0,0.0,,ATL_LB_01,LB,,,,1.0,,,,,1.0,,,1,,,,,,0.0,,,,,0.0,,,,0,52.0,1.0,,2.0,1.0,0.0,0.0,,,,19.0,,,,,8.0,,0.2
,,,13.0,,,PLAYOFFS,,,,109.0,,,,Diallo Duckworth,,,,,,,,,,,,,,,,1.0,,,3.0,,,,,,,,0.0,,,,1.0,,,,,,0.0,,,,,358.3,1.0,,ATL_LB_02,LB,,,,1.0,,,,,10.0,,,1,,,,,,4.0,,,,,0.0,,,,0,141.0,13.0,,19.0,12.0,2.0,5.0,,,,57.0,,,,,96.0,,2.56
,,,4.0,,,PLAYOFFS,,,,31.0,,,,Jomari Debose,,,,,,,,,,,,,,,,1.0,,,1.0,,,,,,,,0.0,,,,1.0,,,,,,1.0,,,,,39.6,0.0,,ATL_LB_04,LB,,,,0.0,,,,,1.0,,,0,,,,,,1.0,,,,,0.0,,,,0,41.0,5.0,,7.0,6.0,0.0,0.0,,,,19.0,,,,,0.0,,0.0
,,,,,,PLAYOFFS,,,,73.0,,,,Remy Hitchens,,,,,,,,,,,,,,,,3.0,,,2.0,,,,,,,,0.0,,,,1.0,,,,,,1.0,,,,,218.0,0.0,,ATL_CB_03,CB,,,,,,,,,6.0,,,1,,,,,,0.0,,,,,,,,,0,95.0,5.0,,9.0,8.0,2.0,,,,,39.0,,,,,58.0,,1.61
,,,,,,PLAYOFFS,,,,195.0,,,,Tate Rowlett,,,,,,,,,,,,,,,,4.0,,,5.0,,,,,,,,1.0,,,,3.0,,,,,,3.0,,,,,407.0,1.0,,ATL_CB_02,CB,,,,,,,,,11.0,,,0,,,,,,1.0,,,,,,,,,0,253.0,14.0,,22.0,16.0,1.0,,,,,96.0,,,,,119.0,,3.02
,,,,,,PLAYOFFS,,,,34.0,,,,Reginald Fraley,,,,,,,,,,,,,,,,0.0,,,1.0,,,,,,,,0.0,,,,0.0,,,,,,0.0,,,,,106.9,0.0,,ATL_CB_01,CB,,,,,,,,,4.0,,,1,,,,,,1.0,,,,,,,,,0,44.0,2.0,,4.0,6.0,0.0,,,,,19.0,,,,,71.0,,2.09
,,,,,,PLAYOFFS,,,,74.0,,,,Tucker Guilford,,,,,,,,,,,,,,,,1.0,,,2.0,,,,,,,,0.0,,,,0.0,,,,,,1.0,,,,,239.6,0.0,,ATL_CB_05,CB,,,,,,,,,7.0,,,0,,,,,,1.0,,,,,,,,,0,96.0,2.0,,3.0,8.0,2.0,,,,,38.0,,,,,66.0,,1.79
,,,,,,PLAYOFFS,,,,81.0,,,,Porter Sherfield,,,,,,,,,,,,,,,,2.0,,,2.0,,,,,,,,0.0,,,,1.0,,,,,,0.0,,,,,214.5,1.0,,ATL_S_01,S,,,,,,,,,5.0,,,1,,,,,,1.0,,,,,,,,,0,104.0,3.0,,6.0,7.0,2.0,,,,,38.0,,,,,39.0,,0.97
,,,,,,PLAYOFFS,,,,37.0,,,,Remy Radcliffe,,,,,,,,,,,,,,,,0.0,,,1.0,,,,,,,,0.0,,,,1.0,,,,,,0.0,,,,,104.9,2.0,,ATL_S_02,S,,,,,,,,,5.0,,,1,,,,,,1.0,,,,,,,,,0,48.0,2.0,,3.0,6.0,0.0,,,,,19.0,,,,,55.0,,1.49
,,,,,,PLAYOFFS,,,,351.0,,,,Lonnie Bowersox,,,,,,,,,,,,,,,,4.0,,,9.0,,,,,,,,1.0,,,,4.0,,,,,,1.0,,,,,801.8,1.0,,ATL_S_03,S,,,,,,,,,19.0,,,0,,,,,,7.0,,,,,,,,,0,456.0,25.0,,42.0,29.0,2.0,,,,,178.0,,,,,225.0,,5.91
,,,,,,PLAYOFFS,,,,,,,,Terrell Merriweather,,,,13.0,0.0,2.0,6.0,3.0,11.0,0.0,1.0,3.0,3.0,,,,,,8.0,,0.0,,,,,,,30.0,,242.0,,,,,,,,,,,,,,,ATL_K_01,K,,,,,,,,,,,,0,,,,,,,,,,,,,,,0,48.0,,,,,,,,18.0,,159.0,12.0,11.0,,,,,
,,,,,,PLAYOFFS,,,,,,,,Murphy Grantham,,,,,,,,,,,,,,,,,,,3.0,703.0,,,,,2.0,5.0,,,157.0,,,,623.0,,,,,,,,,,,,ATL_P_01,P,,,,,,15.0,,,,,,0,80.0,,,,,,,,,,,,,,0,15.0,,,,,,,,1.0,,57.0,,,,,,,
,,11.0,,,86.0,PLAYOFFS,84.0,,,,12.0,3.0,,Hamza Boateng,,5.0,,,,,,,,,,,,39.0,,,0.0,0.0,4.0,,,,,,,,2.0,,,,,,,129.0,,,,,,8.0,940.0,,,35.0,PHI_QB_01,QB,43.0,20.0,165.0,,,,,,,,,0,,,,,,,16.0,,46.0,49.0,,,9.0,9.0,0,230.0,,4.0,,,,,5.0,,6.0,78.0,,,,,,,
,,,,7.0,,PLAYOFFS,,9.0,15.0,,,,9.0,Micah Arceneaux,4.0,,5.0,,,,,,,,,,,31.0,,,0.0,,4.0,,,,,,,,,,,,,5.0,,,,20.0,,,,,,,,,PHI_RB_01,RB,,,,,2.0,,,67.0,,,633.0,1,,44.0,,11.0,,,78.0,6.0,290.0,,,,,,0,131.0,,,,96.0,,,,,,78.0,,,285.0,108.0,,182.0,
,,,,0.0,,PLAYOFFS,,1.0,3.0,,,,1.0,Augustus Hinkley,1.0,,0.0,,,,,,,,,,,5.0,,,0.0,,2.0,,,,,,,,,,,,,1.0,,,,10.0,,,,,,,,,PHI_RB_02,RB,,,,,1.0,,,12.0,,,111.0,1,,13.0,,3.0,,,17.0,,56.0,,,,,,0,39.0,,,,19.0,,,,,,39.0,,,51.0,19.0,,37.0,
,,,,,,PLAYOFFS,,9.0,17.0,,,,18.0,Mekhi Trapasso,7.0,,,,,,,,,,,,,26.0,,,,,10.0,,,,,,,,,,,,,9.0,,,,,,,,,,,,,PHI_WR_03,WR,,,,,,,,66.0,,3.0,773.0,0,,338.0,,115.0,,,,,,,,,,,0,398.0,,,,116.0,,,,,,203.0,,,357.0,,,,
,,,,,,PLAYOFFS,,3.0,4.0,,,,6.0,Osmond Polamalu,3.0,,,,,,,,,,,,,5.0,,,,,3.0,,,,,,,,,,,,,2.0,,,,,,,,,,,,,PHI_WR_02,WR,,,,,,,,13.0,,1.0,141.0,0,,123.0,,42.0,,,,,,,,,,,0,145.0,,,,24.0,,,,,,58.0,,,78.0,,,,
,,,,,,PLAYOFFS,,3.0,3.0,,,,5.0,Malik Rainsberger,1.0,,,,,,,,,,,,,3.0,,,,,6.0,,,,,,,,,,,,,4.0,,,,,,,,,,,,,PHI_WR_01,WR,,,,,,,,12.0,,1.0,182.0,1,,227.0,,78.0,,,,,,,,,,,0,268.0,,,,25.0,,,,,,118.0,,,72.0,,,,
,,,,,,PLAYOFFS,,0.0,0.0,,,,1.0,Quentin Fontenot,0.0,,,,,,,,,,,,,0.0,,,,,2.0,,,,,,,,,,,,,1.0,,,,,,,,,,,,,PHI_WR_04,WR,,,,,,,,2.0,,,22.0,1,,73.0,,25.0,,,,,,,,,,,0,86.0,,,,4.0,,,,,,39.0,,,9.0,,,,
,,,,,,PLAYOFFS,,1.0,2.0,,,,1.0,Samir Dunleavy,0.0,,,,,,,,,,,,,3.0,,,,,2.0,,,,,,,,,,,,,1.0,,,,,,,,,,,,,PHI_TE_01,TE,,,,,,,,6.0,,,61.0,1,,66.0,,22.0,,,,,,,,,,,0,79.0,,,,11.0,,,,,,39.0,,,22.0,,,,
,,,,,,PLAYOFFS,,0.0,1.0,,,,0.0,Ford Bradshaw,0.0,,,,,,,,,,,,,0.0,,,,,2.0,,,,,,,,,,,,,1.0,,,,,,,,,,,,,PHI_TE_02,TE,,,,,,,,2.0,,,18.0,1,,62.0,,22.0,,,,,,,,,,,0,74.0,,,,2.0,,,,,,39.0,,,5.0,,,,
,,,,,,PLAYOFFS,,,,,,,,Barnes Beecham,,,,,,,,,,,,,,,,,,,2.0,,,1.0,,4.0,,,,,,,,,,,185.5,69.0,,,,,,,1.0,,PHI_OT_02,OT,,,,,5.0,,,,,,,1,,,3.0,56.0,26.0,,,,,,,0.0,,,0,125.0,,2.0,,,,,,,,39.0,,,,,,,
,,,,,,PLAYOFFS,,,,,,,,Hudson Boykin,,,,,,,,,,,,,,,,,,,7.0,,,1.0,,6.0,,,,,,,,,,,660.2,250.0,,,,,,,4.0,,PHI_OT_01,OT,,,,,9.0,,,,,,,1,,,25.0,203.0,78.0,,,,,,,2.0,,,0,453.0,,7.0,,,,,,,,140.0,,,,,,,
,,,,,,PLAYOFFS,,,,,,,,Kolby Marlowe,,,,,,,,,,,,,,,,,,,6.0,,,5.0,,4.0,,,,,,,,,,,555.2,221.0,,,,,,,3.0,,PHI_OG_01,OG,,,,,11.0,,,,,,,0,,,13.0,179.0,76.0,,,,,,,2.0,,,0,400.0,,6.0,,,,,,,,121.0,,,,,,,
,,,,,,PLAYOFFS,,,,,,,,Gage Willingham,,,,,,,,,,,,,,,,,,,2.0,,,1.0,,3.0,,,,,,,,,,,188.8,72.0,,,,,,,0.0,,PHI_OG_04,OG,,,,,4.0,,,,,,,1,,,4.0,58.0,26.0,,,,,,,0.0,,,0,130.0,,2.0,,,,,,,,39.0,,,,,,,
,,,,,,PLAYOFFS,,,,,,,,Cyrus Cardenas,,,,,,,,,,,,,,,,,,,2.0,,,3.0,,3.0,,,,,,,,,,,164.7,76.0,,,,,,,1.0,,PHI_C_01,C,,,,,8.0,,,,,,,0,,,10.0,61.0,24.0,,,,,,,2.0,,,0,137.0,,2.0,,,,,,,,39.0,,,,,,,
6.0,0.0,,,,,PLAYOFFS,,,,,,,,Lazaro Hurlburt,,,,,,,,,,,,,,,1.0,,,,4.0,,,,7.0,,,,,,,,0.0,,,,,,,104.0,0.65,,,,2.0,,PHI_EDGE_01,EDGE,,,,13.0,,,4.0,,,,,0,,,,,,12.0,,,,,3.0,,,,0,184.0,8.0,,14.0,,,4.0,,,,78.0,,,,,,,
2.0,0.0,,,,,PLAYOFFS,,,,,,,,Kason Ferrante,,,,,,,,,,,,,,,0.0,,,,2.0,,,,1.0,,,,,,,,1.0,,,,,,,51.0,0.36,,,,0.0,,PHI_EDGE_05,EDGE,,,,3.0,,,1.0,,,,,1,,,,,,3.0,,,,,1.0,,,,0,90.0,2.0,,4.0,,,0.0,,,,39.0,,,,,,,
7.0,1.0,,,,,PLAYOFFS,,,,,,,,Giovanni Schaffner,,,,,,,,,,,,,,,0.0,,,,4.0,,,,8.0,,,,,,,,1.0,,,,,,,100.0,0.61,,,,0.0,,PHI_EDGE_03,EDGE,,,,12.0,,,3.0,,,,,0,,,,,,8.0,,,,,1.0,,,,0,176.0,4.0,,11.0,,,2.0,,,,77.0,,,,,,,
7.0,2.0,,,,,PLAYOFFS,,,,,,,,Ruben Knighton,,,,,,,,,,,,,,,1.0,,,,5.0,,,,5.0,,,,,,,,2.0,,,,,,,126.0,0.49,,,,1.0,,PHI_EDGE_04,EDGE,,,,9.0,,,2.0,,,,,0,,,,,,3.0,,,,,3.0,,,,0,222.0,4.0,,11.0,,,3.0,,,,99.0,,,,,,,
9.0,0.0,,,,,PLAYOFFS,,,,,,,,Lincoln Langford,,,,,,,,,,,,,,,0.0,,,,7.0,,,,8.0,,,,,,,,3.0,,,,,,,149.0,0.82,,,,2.0,,PHI_DT_01,DT,,,,14.0,,,2.0,,,,,1,,,,,,12.0,,,,,5.0,,,,0,262.0,6.0,,15.0,,,0.0,,,,141.0,,,,,,,
3.0,0.0,,,,,PLAYOFFS,,,,,,,,Roscoe Thackeray,,,,,,,,,,,,,,,0.0,,,,2.0,,,,0.0,,,,,,,,0.0,,,,,,,46.0,0.15,,,,0.0,,PHI_DT_02,DT,,,,2.0,,,1.0,,,,,1,,,,,,2.0,,,,,2.0,,,,0,80.0,2.0,,5.0,,,0.0,,,,39.0,,,,,,,
4.0,0.0,,,,,PLAYOFFS,,,,,,,,Zuri Farrow,,,,,,,,,,,,,,,0.0,,,,2.0,,,,1.0,,,,,,,,2.0,,,,,,,45.0,0.21,,,,0.0,,PHI_DT_05,DT,,,,2.0,,,0.0,,,,,0,,,,,,2.0,,,,,1.0,,,,0,79.0,2.0,,6.0,,,0.0,,,,39.0,,,,,,,
,,,53.0,,,PLAYOFFS,,,,238.0,,,,Harvey Denham,,,,,,,,,,,,,,,,5.0,,,7.0,,,,,,,,0.0,,,,2.0,,,,,,3.0,,,,,561.2,1.0,,PHI_LB_04,LB,,,,9.0,,,,,11.0,,,0,,,,,,2.0,,,,,2.0,,,,0,309.0,19.0,,32.0,28.0,2.0,1.0,,,,141.0,,,,,125.0,,3.5
,,,25.0,,,PLAYOFFS,,,,141.0,,,,Lonnie Bradshaw,,,,,,,,,,,,,,,,4.0,,,4.0,,,,,,,,1.0,,,,2.0,,,,,,1.0,,,,,223.7,3.0,,PHI_LB_03,LB,,,,4.0,,,,,8.0,,,0,,,,,,3.0,,,,,0.0,,,,0,185.0,13.0,,23.0,14.0,0.0,3.0,,,,78.0,,,,,81.0,,2.37
,,,11.0,,,PLAYOFFS,,,,67.0,,,,Hector Fleener,,,,,,,,,,,,,,,,2.0,,,2.0,,,,,,,,1.0,,,,2.0,,,,,,2.0,,,,,218.3,1.0,,PHI_LB_05,LB,,,,2.0,,,,,8.0,,,1,,,,,,1.0,,,,,0.0,,,,0,88.0,12.0,,18.0,9.0,1.0,4.0,,,,39.0,,,,,94.0,,2.84
,,,,,,PLAYOFFS,,,,144.0,,,,Knox Derozan,,,,,,,,,,,,,,,,1.0,,,4.0,,,,,,,,1.0,,,,5.0,,,,,,1.0,,,,,237.9,1.0,,PHI_CB_01,CB,,,,,,,,,5.0,,,0,,,,,,1.0,,,,,,,,,0,186.0,10.0,,16.0,11.0,0.0,,,,,77.0,,,,,75.0,,2.06
,,,,,,PLAYOFFS,,,,78.0,,,,Tristan Fournette,,,,,,,,,,,,,,,,2.0,,,2.0,,,,,,,,0.0,,,,0.0,,,,,,2.0,,,,,165.9,0.0,,PHI_CB_02,CB,,,,,,,,,4.0,,,1,,,,,,2.0,,,,,,,,,0,102.0,6.0,,10.0,7.0,0.0,,,,,39.0,,,,,44.0,,1.13
,,,,,,PLAYOFFS,,,,81.0,,,,Dakari Yeboah,,,,,,,,,,,,,,,,1.0,,,2.0,,,,,,,,0.0,,,,0.0,,,,,,0.0,,,,,215.2,0.0,,PHI_CB_03,CB,,,,,,,,,7.0,,,1,,,,,,3.0,,,,,,,,,0,105.0,7.0,,11.0,9.0,1.0,,,,,39.0,,,,,62.0,,1.54
,,,,,,PLAYOFFS,,,,81.0,,,,Neville Marsalis,,,,,,,,,,,,,,,,1.0,,,2.0,,,,,,,,0.0,,,,0.0,,,,,,1.0,,,,,155.2,0.0,,PHI_CB_05,CB,,,,,,,,,4.0,,,1,,,,,,1.0,,,,,,,,,0,104.0,6.0,,10.0,8.0,0.0,,,,,39.0,,,,,61.0,,1.52
,,,,,,PLAYOFFS,,,,353.0,,,,Royce Vaitai,,,,,,,,,,,,,,,,2.0,,,9.0,,,,,,,,1.0,,,,5.0,,,,,,2.0,,,,,557.6,2.0,,PHI_S_02,S,,,,,,,,,8.0,,,0,,,,,,5.0,,,,,,,,,0,458.0,28.0,,44.0,24.0,2.0,,,,,179.0,,,,,97.0,,2.51
,,,,,,PLAYOFFS,,,,264.0,,,,Jamir Byrd,,,,,,,,,,,,,,,,6.0,,,7.0,,,,,,,,1.0,,,,3.0,,,,,,2.0,,,,,415.7,5.0,,PHI_S_01,S,,,,,,,,,11.0,,,1,,,,,,7.0,,,,,,,,,0,343.0,17.0,,29.0,24.0,0.0,,,,,138.0,,,,,76.0,,2.01
,,,,,,PLAYOFFS,,,,120.0,,,,Gaspard Cosgrove,,,,,,,,,,,,,,,,0.0,,,3.0,,,,,,,,0.0,,,,0.0,,,,,,0.0,,,,,262.0,1.0,,PHI_S_03,S,,,,,,,,,8.0,,,1,,,,,,1.0,,,,,,,,,0,156.0,6.0,,10.0,11.0,0.0,,,,,59.0,,,,,92.0,,2.27
,,,,,,PLAYOFFS,,,,,,,,Darian Noteboom,,,,15.0,2.0,5.0,3.0,4.0,11.0,1.0,4.0,3.0,1.0,,,,,,8.0,,0.0,,,,,,,32.0,,308.0,,,,,,,,,,,,,,,PHI_K_01,K,,,,,,,,,,,,0,,,,,,,,,,,,,,,0,48.0,,,,,,,,22.0,,157.0,13.0,11.0,,,,,
,,,,,,PLAYOFFS,,,,,,,,Zane Bainbridge,,,,,,,,,,,,,,,,,,,2.0,328.0,,,,,0.0,1.0,,,122.0,,,,296.0,,,,,,,,,,,,PHI_P_01,P,,,,,,7.0,,,,,,0,32.0,,,,,,,,,,,,,,0,10.0,,,,,,,,1.0,,39.0,,,,,,,
,,2.0,,,24.0,PLAYOFFS,15.0,,,,2.0,0.0,,Joaquin Camarillo,,0.0,,,,,,,,,,,,7.0,,,0.0,0.0,1.0,,,,,,,,2.0,,,,,,,30.0,,,,,,2.0,259.0,,,6.0,TB_QB_01,QB,6.0,2.0,15.0,,,,,,,,,0,,,,,,,4.0,,12.0,14.0,,,2.0,3.0,0,65.0,,1.0,,,,,3.0,,2.0,19.0,,,,,,,
,,,,7.0,,PLAYOFFS,,5.0,9.0,,,,4.0,Landry Dubois,3.0,,2.0,,,,,,,,,,,5.0,,,0.0,,4.0,,,,,,,,,,,,,3.0,,,,20.0,,,,,,,,,TB_RB_01,RB,,,,,2.0,,,16.0,,,255.0,1,,25.0,,6.0,,,23.0,1.0,131.0,,,,,,0,76.0,,,,28.0,,,,,,82.0,,,87.0,77.0,,54.0,
,,,,2.0,,PLAYOFFS,,1.0,4.0,,,,0.0,Rashad Amaechi,0.0,,0.0,,,,,,,,,,,2.0,,,0.0,,1.0,,,,,,,,,,,,,0.0,,,,5.0,,,,,,,,,TB_RB_02,RB,,,,,0.0,,,4.0,,,75.0,1,,5.0,,1.0,,,7.0,,42.0,,,,,,0,17.0,,,,8.0,,,,,,19.0,,,32.0,24.0,,18.0,
,,,,1.0,,PLAYOFFS,,0.0,0.0,,,,0.0,Vernon Ferrante,1.0,,0.0,,,,,,,,,,,0.0,,,0.0,,1.0,,,,,,,,,,,,,0.0,,,,9.0,,,,,,,,,TB_RB_03,RB,,,,,3.0,,,1.0,,,33.0,1,,7.0,,2.0,,,3.0,,18.0,,,,,,0,21.0,,,,3.0,,,,,,19.0,,,12.0,9.0,,9.0,
,,,,,,PLAYOFFS,,0.0,2.0,,,,0.0,Clay Lessard,3.0,,,,,,,,,,,,,2.0,,,,,1.0,,,,,,,,,,,,,1.0,,,,,,,,,,,,,TB_WR_01,WR,,,,,,,,4.0,,1.0,77.0,1,,38.0,,13.0,,,,,,,,,,,0,45.0,,,,10.0,,,,,,19.0,,,50.0,,,,
,,,,,,PLAYOFFS,,1.0,3.0,,,,4.0,Xander Paddock,0.0,,,,,,,,,,,,,2.0,,,,,4.0,,,,,,,,,,,,,3.0,,,,,,,,,,,,,TB_WR_02,WR,,,,,,,,8.0,,,135.0,0,,153.0,,53.0,,,,,,,,,,,0,179.0,,,,17.0,,,,,,76.0,,,51.0,,,,
,,,,,,PLAYOFFS,,1.0,2.0,,,,1.0,Landry McGlinchey,1.0,,,,,,,,,,,,,0.0,,,,,1.0,,,,,,,,,,,,,0.0,,,,,,,,,,,,,TB_WR_04,WR,,,,,,,,2.0,,1.0,40.0,1,,41.0,,14.0,,,,,,,,,,,0,48.0,,,,5.0,,,,,,19.0,,,7.0,,,,
,,,,,,PLAYOFFS,,0.0,0.0,,,,0.0,Vaughn Brinkley,1.0,,,,,,,,,,,,,0.0,,,,,1.0,,,,,,,,,,,,,0.0,,,,,,,,,,,,,TB_WR_06,WR,,,,,,,,1.0,,,18.0,0,,39.0,,13.0,,,,,,,,,,,0,46.0,,,,2.0,,,,,,19.0,,,4.0,,,,
,,,,,,PLAYOFFS,,1.0,1.0,,,,2.0,Lachlan Sutherland,1.0,,,,,,,,,,,,,2.0,,,,,3.0,,,,,,,,,,,,,1.0,,,,,,,,,,,,,TB_TE_01,TE,,,,,,,,6.0,,,111.0,1,,94.0,,31.0,,,,,,,,,,,0,111.0,,,,14.0,,,,,,58.0,,,47.0,,,,
,,,,,,PLAYOFFS,,0.0,0.0,,,,0.0,Arch Buckhalter,0.0,,,,,,,,,,,,,0.0,,,,,1.0,,,,,,,,,,,,,0.0,,,,,,,,,,,,,TB_TE_03,TE,,,,,,,,0.0,,,14.0,1,,33.0,,11.0,,,,,,,,,,,0,39.0,,,,1.0,,,,,,19.0,,,6.0,,,,
,,,,,,PLAYOFFS,,,,,,,,Harlan Humphries,,,,,,,,,,,,,,,,,,,4.0,,,0.0,,5.0,,,,,,,,,,,367.6,146.0,,,,,,,2.0,,TB_OT_02,OT,,,,,7.0,,,,,,,1,,,13.0,118.0,50.0,,,,,,,2.0,,,0,264.0,,4.0,,,,,,,,77.0,,,,,,,
,,,,,,PLAYOFFS,,,,,,,,Jonas Amaechi,,,,,,,,,,,,,,,,,,,9.0,,,3.0,,6.0,,,,,,,,,,,858.2,331.0,,,,,,,7.0,,TB_OT_01,OT,,,,,11.0,,,,,,,0,,,20.0,268.0,112.0,,,,,,,2.0,,,0,599.0,,9.0,,,,,,,,183.0,,,,,,,
,,,,,,PLAYOFFS,,,,,,,,Wolfgang Wisniewski,,,,,,,,,,,,,,,,,,,1.0,,,1.0,,2.0,,,,,,,,,,,90.9,33.0,,,,,,,0.0,,TB_OG_01,OG,,,,,3.0,,,,,,,1,,,1.0,27.0,6.0,,,,,,,0.0,,,0,60.0,,1.0,,,,,,,,19.0,,,,,,,
,,,,,,PLAYOFFS,,,,,,,,Peyson Broadwater,,,,,,,,,,,,,,,,,,,1.0,,,0.0,,0.0,,,,,,,,,,,100.0,38.0,,,,,,,1.0,,TB_OG_03,OG,,,,,0.0,,,,,,,0,,,2.0,31.0,16.0,,,,,,,0.0,,,0,69.0,,1.0,,,,,,,,19.0,,,,,,,
,,,,,,PLAYOFFS,,,,,,,,Malik Canfield,,,,,,,,,,,,,,,,,,,2.0,,,0.0,,1.0,,,,,,,,,,,197.1,69.0,,,,,,,0.0,,TB_C_01,C,,,,,1.0,,,,,,,0,,,3.0,55.0,28.0,,,,,,,0.0,,,0,124.0,,2.0,,,,,,,,38.0,,,,,,,
14.0,2.0,,,,,PLAYOFFS,,,,,,,,Patton Eubanks,,,,,,,,,,,,,,,0.0,,,,7.0,,,,7.0,,,,,,,,1.0,,,,,,,175.0,1.14,,,,2.0,,TB_EDGE_02,EDGE,,,,19.0,,,7.0,,,,,1,,,,,,15.0,,,,,5.0,,,,0,310.0,9.0,,23.0,,,3.0,,,,137.0,,,,,,,
4.0,1.0,,,,,PLAYOFFS,,,,,,,,Kamari Wrighster,,,,,,,,,,,,,,,1.0,,,,3.0,,,,2.0,,,,,,,,1.0,,,,,,,70.0,0.35,,,,1.0,,TB_EDGE_01,EDGE,,,,4.0,,,2.0,,,,,1,,,,,,2.0,,,,,0.0,,,,0,122.0,3.0,,7.0,,,0.0,,,,58.0,,,,,,,
0.0,0.0,,,,,PLAYOFFS,,,,,,,,Kane Greenlaw,,,,,,,,,,,,,,,0.0,,,,1.0,,,,2.0,,,,,,,,0.0,,,,,,,28.0,0.15,,,,0.0,,TB_EDGE_03,EDGE,,,,3.0,,,0.0,,,,,1,,,,,,1.0,,,,,1.0,,,,0,49.0,0.0,,0.0,,,0.0,,,,19.0,,,,,,,
2.0,0.0,,,,,PLAYOFFS,,,,,,,,Maverick Babineaux,,,,,,,,,,,,,,,0.0,,,,1.0,,,,1.0,,,,,,,,2.0,,,,,,,25.0,0.12,,,,1.0,,TB_EDGE_04,EDGE,,,,1.0,,,0.0,,,,,1,,,,,,1.0,,,,,0.0,,,,0,44.0,1.0,,3.0,,,2.0,,,,19.0,,,,,,,
0.0,1.0,,,,,PLAYOFFS,,,,,,,,Grady Nailor,,,,,,,,,,,,,,,0.0,,,,1.0,,,,0.0,,,,,,,,0.0,,,,,,,23.0,0.06,,,,0.0,,TB_DT_01,DT,,,,1.0,,,1.0,,,,,1,,,,,,1.0,,,,,1.0,,,,0,41.0,0.0,,0.0,,,0.0,,,,19.0,,,,,,,
6.0,0.0,,,,,PLAYOFFS,,,,,,,,Hutch Rudolph,,,,,,,,,,,,,,,0.0,,,,4.0,,,,4.0,,,,,,,,0.0,,,,,,,82.0,0.55,,,,0.0,,TB_DT_03,DT,,,,9.0,,,5.0,,,,,1,,,,,,9.0,,,,,0.0,,,,0,145.0,7.0,,13.0,,,1.0,,,,79.0,,,,,,,
2.0,0.0,,,,,PLAYOFFS,,,,,,,,Nikolai Wilkerson,,,,,,,,,,,,,,,0.0,,,,1.0,,,,0.0,,,,,,,,0.0,,,,,,,22.0,0.11,,,,1.0,,TB_DT_04,DT,,,,0.0,,,0.0,,,,,1,,,,,,1.0,,,,,0.0,,,,0,39.0,1.0,,3.0,,,1.0,,,,19.0,,,,,,,
,,,30.0,,,PLAYOFFS,,,,177.0,,,,Otis Latimore,,,,,,,,,,,,,,,,6.0,,,5.0,,,,,,,,1.0,,,,2.0,,,,,,5.0,,,,,315.1,0.0,,TB_LB_02,LB,,,,5.0,,,,,9.0,,,1,,,,,,3.0,,,,,2.0,,,,0,230.0,15.0,,24.0,20.0,1.0,5.0,,,,96.0,,,,,105.0,,2.99
,,,16.0,,,PLAYOFFS,,,,142.0,,,,Abram Harkness,,,,,,,,,,,,,,,,3.0,,,4.0,,,,,,,,0.0,,,,4.0,,,,,,2.0,,,,,359.1,4.0,,TB_LB_05,LB,,,,5.0,,,,,11.0,,,0,,,,,,1.0,,,,,0.0,,,,0,184.0,17.0,,26.0,17.0,1.0,5.0,,,,77.0,,,,,155.0,,4.4
,,,52.0,,,PLAYOFFS,,,,274.0,,,,Tillman Santoro,,,,,,,,,,,,,,,,7.0,,,8.0,,,,,,,,0.0,,,,2.0,,,,,,3.0,,,,,638.0,2.0,,TB_LB_01,LB,,,,7.0,,,,,24.0,,,0,,,,,,5.0,,,,,1.0,,,,0,358.0,29.0,,45.0,41.0,3.0,6.0,,,,161.0,,,,,224.0,,6.63
,,,,,,PLAYOFFS,,,,374.0,,,,Paxton Meacham,,,,,,,,,,,,,,,,6.0,,,10.0,,,,,,,,0.0,,,,2.0,,,,,,3.0,,,,,858.6,2.0,,TB_CB_03,CB,,,,,,,,,20.0,,,0,,,,,,4.0,,,,,,,,,0,485.0,19.0,,33.0,38.0,4.0,,,,,202.0,,,,,252.0,,6.76
,,,,,,PLAYOFFS,,,,73.0,,,,Galen Dargan,,,,,,,,,,,,,,,,1.0,,,2.0,,,,,,,,0.0,,,,0.0,,,,,,0.0,,,,,158.4,1.0,,TB_CB_01,CB,,,,,,,,,3.0,,,1,,,,,,2.0,,,,,,,,,0,94.0,2.0,,5.0,7.0,0.0,,,,,38.0,,,,,36.0,,1.04
,,,,,,PLAYOFFS,,,,80.0,,,,Murphy Villalobos,,,,,,,,,,,,,,,,0.0,,,2.0,,,,,,,,0.0,,,,2.0,,,,,,0.0,,,,,86.2,0.0,,TB_CB_02,CB,,,,,,,,,2.0,,,0,,,,,,1.0,,,,,,,,,0,104.0,7.0,,11.0,6.0,0.0,,,,,38.0,,,,,19.0,,0.48
,,,,,,PLAYOFFS,,,,107.0,,,,Gideon Turpin,,,,,,,,,,,,,,,,2.0,,,3.0,,,,,,,,0.0,,,,2.0,,,,,,2.0,,,,,303.6,3.0,,TB_CB_05,CB,,,,,,,,,7.0,,,0,,,,,,2.0,,,,,,,,,0,139.0,2.0,,6.0,11.0,1.0,,,,,58.0,,,,,84.0,,2.38
,,,,,,PLAYOFFS,,,,114.0,,,,Bruno Tindall,,,,,,,,,,,,,,,,4.0,,,3.0,,,,,,,,0.0,,,,1.0,,,,,,2.0,,,,,263.5,0.0,,TB_S_01,S,,,,,,,,,7.0,,,0,,,,,,1.0,,,,,,,,,0,148.0,9.0,,14.0,12.0,1.0,,,,,57.0,,,,,77.0,,2.07
,,,,,,PLAYOFFS,,,,274.0,,,,Rigby Delacruz,,,,,,,,,,,,,,,,6.0,,,7.0,,,,,,,,0.0,,,,0.0,,,,,,4.0,,,,,504.0,1.0,,TB_S_02,S,,,,,,,,,12.0,,,0,,,,,,4.0,,,,,,,,,0,356.0,16.0,,28.0,27.0,0.0,,,,,137.0,,,,,174.0,,4.51
,,,,,,PLAYOFFS,,,,38.0,,,,Jace Fanning,,,,,,,,,,,,,,,,0.0,,,1.0,,,,,,,,0.0,,,,1.0,,,,,,0.0,,,,,152.1,0.0,,TB_S_03,S,,,,,,,,,4.0,,,1,,,,,,0.0,,,,,,,,,0,49.0,2.0,,3.0,4.0,1.0,,,,,19.0,,,,,44.0,,1.16
,,,,,,PLAYOFFS,,,,,,,,Lionel Ballinger,,,,0.0,0.0,0.0,0.0,0.0,0.0,0.0,0.0,0.0,0.0,,,,,,1.0,,1.0,,,,,,,4.0,,0.0,,,,,,,,,,,,,,,TB_K_01,K,,,,,,,,,,,,1,,,,,,,,,,,,,,,0,6.0,,,,,,,,4.0,,19.0,3.0,3.0,,,,,
,,,,,,PLAYOFFS,,,,,,,,Ace Poteat,,,,,,,,,,,,,,,,,,,4.0,744.0,,,,,3.0,7.0,,,207.0,,,,680.0,,,,,,,,,,,,TB_P_01,P,,,,,,16.0,,,,,,0,64.0,,,,,,,,,,,,,,0,20.0,,,,,,,,2.0,,77.0,,,,,,,
,,26.0,,,194.0,PLAYOFFS,202.0,,,,34.0,14.0,,Gavin Wamsley,,11.0,,,,,,,,,,,,102.0,,,3.0,2.0,9.0,,,,,,,,4.0,,,,,,,288.0,,,,,,14.0,2383.0,,,77.0,DET_QB_01,QB,94.0,45.0,421.0,,,,,,,,,0,,,,,,,26.0,,70.0,139.0,,,24.0,19.0,0,586.0,,9.0,,,,,17.0,,11.0,177.0,,,,,,,
,,,,11.0,,PLAYOFFS,,17.0,35.0,,,,27.0,Kojo Cantrell,10.0,,9.0,,,,,,,,,,,74.0,,,1.0,,9.0,,,,,,,,,,,,,6.0,,,,60.0,,,,,,,,,DET_RB_02,RB,,,,,5.0,,,157.0,,,2039.0,0,,98.0,,25.0,,,178.0,6.0,737.0,,,,,,0,294.0,,,,225.0,,,,,,183.0,,,797.0,317.0,,420.0,
,,,,4.0,,PLAYOFFS,,1.0,2.0,,,,8.0,Kermit Southall,1.0,,3.0,,,,,,,,,,,7.0,,,0.0,,2.0,,,,,,,,,,,,,2.0,,,,19.0,,,,,,,,,DET_RB_03,RB,,,,,2.0,,,14.0,,,217.0,1,,18.0,,5.0,,,17.0,,69.0,,,,,,0,55.0,,,,23.0,,,,,,41.0,,,83.0,29.0,,40.0,
,,,,,,PLAYOFFS,,7.0,12.0,,,,14.0,Lorenzo Sappington,4.0,,,,,,,,,,,,,28.0,,,,,10.0,,,,,,,,,,,,,8.0,,,,,,,,,,,,,DET_WR_03,WR,,,,,,,,62.0,,4.0,913.0,1,,353.0,,120.0,,,,,,,,,,,0,418.0,,,,111.0,,,,,,205.0,,,395.0,,,,
,,,,,,PLAYOFFS,,4.0,8.0,,,,4.0,Colston Amaechi,2.0,,,,,,,,,,,,,14.0,,,,,6.0,,,,,,,,,,,,,7.0,,,,,,,,,,,,,DET_WR_02,WR,,,,,,,,33.0,,2.0,444.0,1,,217.0,,74.0,,,,,,,,,,,0,255.0,,,,58.0,,,,,,119.0,,,197.0,,,,
,,,,,,PLAYOFFS,,10.0,15.0,,,,6.0,Kavion Schmitz,4.0,,,,,,,,,,,,,19.0,,,,,10.0,,,,,,,,,,,,,5.0,,,,,,,,,,,,,DET_WR_01,WR,,,,,,,,45.0,,3.0,667.0,0,,365.0,,124.0,,,,,,,,,,,0,431.0,,,,82.0,,,,,,205.0,,,294.0,,,,
,,,,,,PLAYOFFS,,0.0,0.0,,,,2.0,Ulysses Jelks,1.0,,,,,,,,,,,,,0.0,,,,,2.0,,,,,,,,,,,,,1.0,,,,,,,,,,,,,DET_WR_05,WR,,,,,,,,2.0,,,44.0,1,,81.0,,28.0,,,,,,,,,,,0,95.0,,,,5.0,,,,,,41.0,,,15.0,,,,
,,,,,,PLAYOFFS,,6.0,10.0,,,,14.0,Dominik Sutherland,6.0,,,,,,,,,,,,,15.0,,,,,10.0,,,,,,,,,,,,,6.0,,,,,,,,,,,,,DET_TE_01,TE,,,,,,,,37.0,,,561.0,1,,341.0,,116.0,,,,,,,,,,,0,401.0,,,,68.0,,,,,,205.0,,,221.0,,,,
,,,,,,PLAYOFFS,,1.0,6.0,,,,3.0,Jericho Slaughter,1.0,,,,,,,,,,,,,6.0,,,,,10.0,,,,,,,,,,,,,4.0,,,,,,,,,,,,,DET_TE_03,TE,,,,,,,,21.0,,,279.0,0,,339.0,,116.0,,,,,,,,,,,0,401.0,,,,37.0,,,,,,203.0,,,124.0,,,,
,,,,,,PLAYOFFS,,,,,,,,Woodrow Ennis,,,,,,,,,,,,,,,,,,,8.0,,,1.0,,9.0,,,,,,,,,,,743.4,294.0,,,,,,,1.0,,DET_OT_01,OT,,,,,13.0,,,,,,,0,,,15.0,237.0,99.0,,,,,,,3.0,,,0,531.0,,8.0,,,,,,,,161.0,,,,,,,
,,,,,,PLAYOFFS,,,,,,,,Bennie Hadley,,,,,,,,,,,,,,,,,,,10.0,,,5.0,,13.0,,,,,,,,,,,919.1,353.0,,,,,,,4.0,,DET_OT_02,OT,,,,,20.0,,,,,,,0,,,24.0,285.0,118.0,,,,,,,3.0,,,0,638.0,,10.0,,,,,,,,203.0,,,,,,,
,,,,,,PLAYOFFS,,,,,,,,Blaise Broussard,,,,,,,,,,,,,,,,,,,12.0,,,5.0,,13.0,,,,,,,,,,,1109.0,433.0,,,,,,,5.0,,DET_OG_02,OG,,,,,21.0,,,,,,,0,,,24.0,349.0,151.0,,,,,,,5.0,,,0,782.0,,12.0,,,,,,,,243.0,,,,,,,
,,,,,,PLAYOFFS,,,,,,,,Kolby Garrison,,,,,,,,,,,,,,,,,,,2.0,,,0.0,,4.0,,,,,,,,,,,189.7,78.0,,,,,,,1.0,,DET_OG_01,OG,,,,,4.0,,,,,,,1,,,8.0,63.0,22.0,,,,,,,0.0,,,0,141.0,,2.0,,,,,,,,41.0,,,,,,,
,,,,,,PLAYOFFS,,,,,,,,Kamden Hovland,,,,,,,,,,,,,,,,,,,3.0,,,1.0,,2.0,,,,,,,,,,,271.7,106.0,,,,,,,1.0,,DET_C_01,C,,,,,5.0,,,,,,,1,,,8.0,87.0,36.0,,,,,,,2.0,,,0,193.0,,3.0,,,,,,,,60.0,,,,,,,
15.0,2.0,,,,,PLAYOFFS,,,,,,,,Ferris Birchfield,,,,,,,,,,,,,,,2.0,,,,11.0,,,,12.0,,,,,,,,2.0,,,,,,,273.0,1.91,,,,2.0,,DET_EDGE_02,EDGE,,,,29.0,,,8.0,,,,,0,,,,,,24.0,,,,,10.0,,,,0,480.0,12.0,,27.0,,,9.0,,,,220.0,,,,,,,
19.0,3.0,,,,,PLAYOFFS,,,,,,,,Percival Fanning,,,,,,,,,,,,,,,0.0,,,,11.0,,,,17.0,,,,,,,,3.0,,,,,,,271.0,1.97,,,,2.0,,DET_EDGE_01,EDGE,,,,32.0,,,13.0,,,,,1,,,,,,24.0,,,,,4.0,,,,0,476.0,12.0,,31.0,,,8.0,,,,225.0,,,,,,,
9.0,2.0,,,,,PLAYOFFS,,,,,,,,Zamir Mabry,,,,,,,,,,,,,,,0.0,,,,6.0,,,,7.0,,,,,,,,3.0,,,,,,,145.0,0.72,,,,1.0,,DET_EDGE_04,EDGE,,,,12.0,,,4.0,,,,,1,,,,,,6.0,,,,,1.0,,,,0,256.0,6.0,,15.0,,,4.0,,,,123.0,,,,,,,
2.0,0.0,,,,,PLAYOFFS,,,,,,,,Ollie Hankins,,,,,,,,,,,,,,,0.0,,,,2.0,,,,1.0,,,,,,,,0.0,,,,,,,53.0,0.31,,,,0.0,,DET_EDGE_03,EDGE,,,,5.0,,,3.0,,,,,1,,,,,,2.0,,,,,1.0,,,,0,92.0,0.0,,2.0,,,0.0,,,,41.0,,,,,,,
17.0,2.0,,,,,PLAYOFFS,,,,,,,,Camden Wheelwright,,,,,,,,,,,,,,,1.0,,,,10.0,,,,14.0,,,,,,,,2.0,,,,,,,223.0,1.63,,,,1.0,,DET_DT_02,DT,,,,21.0,,,5.0,,,,,1,,,,,,24.0,,,,,2.0,,,,0,391.0,14.0,,31.0,,,4.0,,,,205.0,,,,,,,
5.0,1.0,,,,,PLAYOFFS,,,,,,,,Tate Legette,,,,,,,,,,,,,,,0.0,,,,4.0,,,,7.0,,,,,,,,1.0,,,,,,,87.0,0.61,,,,3.0,,DET_DT_01,DT,,,,8.0,,,0.0,,,,,0,,,,,,3.0,,,,,1.0,,,,0,154.0,3.0,,8.0,,,1.0,,,,80.0,,,,,,,
8.0,0.0,,,,,PLAYOFFS,,,,,,,,Avery Beecham,,,,,,,,,,,,,,,2.0,,,,6.0,,,,7.0,,,,,,,,0.0,,,,,,,132.0,0.7,,,,1.0,,DET_DT_05,DT,,,,10.0,,,2.0,,,,,0,,,,,,5.0,,,,,1.0,,,,0,234.0,3.0,,11.0,,,0.0,,,,121.0,,,,,,,
,,,61.0,,,PLAYOFFS,,,,350.0,,,,Jarvis Sherfield,,,,,,,,,,,,,,,,6.0,,,10.0,,,,,,,,2.0,,,,3.0,,,,,,3.0,,,,,687.5,4.0,,DET_LB_01,LB,,,,6.0,,,,,18.0,,,1,,,,,,5.0,,,,,2.0,,,,0,453.0,33.0,,52.0,37.0,2.0,4.0,,,,205.0,,,,,192.0,,5.53
,,,58.0,,,PLAYOFFS,,,,338.0,,,,Jericho Chenoweth,,,,,,,,,,,,,,,,11.0,,,10.0,,,,,,,,2.0,,,,9.0,,,,,,6.0,,,,,698.9,2.0,,DET_LB_02,LB,,,,4.0,,,,,22.0,,,1,,,,,,8.0,,,,,0.0,,,,0,440.0,33.0,,51.0,38.0,1.0,7.0,,,,205.0,,,,,231.0,,6.99
,,,21.0,,,PLAYOFFS,,,,149.0,,,,Quill Sudfeld,,,,,,,,,,,,,,,,2.0,,,4.0,,,,,,,,0.0,,,,5.0,,,,,,1.0,,,,,318.1,2.0,,DET_LB_04,LB,,,,0.0,,,,,9.0,,,0,,,,,,5.0,,,,,0.0,,,,0,193.0,18.0,,27.0,18.0,2.0,5.0,,,,79.0,,,,,86.0,,2.35
,,,,,,PLAYOFFS,,,,230.0,,,,Laurent Rochell,,,,,,,,,,,,,,,,2.0,,,6.0,,,,,,,,0.0,,,,4.0,,,,,,1.0,,,,,648.6,1.0,,DET_CB_02,CB,,,,,,,,,22.0,,,1,,,,,,5.0,,,,,,,,,0,298.0,14.0,,25.0,28.0,2.0,,,,,123.0,,,,,230.0,,5.9
,,,,,,PLAYOFFS,,,,108.0,,,,Keon Fahey,,,,,,,,,,,,,,,,3.0,,,3.0,,,,,,,,0.0,,,,0.0,,,,,,2.0,,,,,231.3,0.0,,DET_CB_03,CB,,,,,,,,,5.0,,,1,,,,,,1.0,,,,,,,,,0,141.0,9.0,,15.0,9.0,0.0,,,,,60.0,,,,,94.0,,2.68
,,,,,,PLAYOFFS,,,,310.0,,,,Maxton Bhatt,,,,,,,,,,,,,,,,9.0,,,8.0,,,,,,,,2.0,,,,2.0,,,,,,6.0,,,,,512.2,2.0,,DET_CB_01,CB,,,,,,,,,13.0,,,1,,,,,,3.0,,,,,,,,,0,403.0,15.0,,26.0,25.0,0.0,,,,,160.0,,,,,145.0,,3.75
,,,,,,PLAYOFFS,,,,390.0,,,,Arch Carrington,,,,,,,,,,,,,,,,11.0,,,10.0,,,,,,,,1.0,,,,3.0,,,,,,7.0,,,,,954.0,5.0,,DET_CB_06,CB,,,,,,,,,25.0,,,1,,,,,,9.0,,,,,,,,,0,505.0,18.0,,33.0,37.0,4.0,,,,,205.0,,,,,352.0,,9.1
,,,,,,PLAYOFFS,,,,156.0,,,,Galen Culpepper,,,,,,,,,,,,,,,,2.0,,,4.0,,,,,,,,0.0,,,,3.0,,,,,,1.0,,,,,329.6,1.0,,DET_S_02,S,,,,,,,,,8.0,,,0,,,,,,2.0,,,,,,,,,0,202.0,11.0,,18.0,14.0,2.0,,,,,79.0,,,,,80.0,,2.0
,,,,,,PLAYOFFS,,,,239.0,,,,Whitaker Okorafor,,,,,,,,,,,,,,,,5.0,,,6.0,,,,,,,,0.0,,,,1.0,,,,,,4.0,,,,,332.8,2.0,,DET_S_04,S,,,,,,,,,6.0,,,0,,,,,,5.0,,,,,,,,,0,309.0,12.0,,21.0,18.0,0.0,,,,,123.0,,,,,98.0,,2.56
,,,,,,PLAYOFFS,,,,541.0,,,,Colby Harmon,,,,,,,,,,,,,,,,10.0,,,14.0,,,,,,,,0.0,,,,10.0,,,,,,6.0,,,,,1356.8,3.0,,DET_S_01,S,,,,,,,,,35.0,,,0,,,,,,10.0,,,,,,,,,0,704.0,44.0,,71.0,55.0,3.0,,,,,284.0,,,,,421.0,,10.97
,,,,,,PLAYOFFS,,,,,,,,Ulysses Metellus,,,,11.0,5.0,5.0,2.0,6.0,11.0,3.0,4.0,2.0,6.0,,,,,,11.0,,0.0,,,,,,,43.0,,321.0,,,,,,,,,,,,,,,DET_K_01,K,,,,,,,,,,,,0,,,,,,,,,,,,,,,0,66.0,,,,,,,,29.0,,222.0,28.0,25.0,,,,,
,,,,,,PLAYOFFS,,,,,,,,Shepard Bergeron,,,,,,,,,,,,,,,,,,,10.0,1827.0,,,,,6.0,15.0,,,557.0,,,,1651.0,,,,,,,,,,,,DET_P_01,P,,,,,,39.0,,,,,,0,176.0,,,,,,,,,,,,,,0,50.0,,,,,,,,4.0,,205.0,,,,,,,
,,28.0,,,199.0,PLAYOFFS,209.0,,,,30.0,8.0,,Fritz Wilkerson,,11.0,,,,,,,,,,,,103.0,,,0.0,0.0,9.0,,,,,,,,2.0,,,,,,,292.0,,,,,,12.0,2160.0,,,73.0,CIN_QB_01,QB,93.0,40.0,401.0,,,,,,,,,0,,,,,,,32.0,,125.0,113.0,,,16.0,20.0,0,587.0,,9.0,,,,,12.0,,6.0,179.0,,,,,,,
,,,,,,PLAYOFFS,,4.0,7.0,,,,5.0,Hamza Dargan,3.0,,,,,,,,,,,,,11.0,,,,,9.0,,,,,,,,,,,,,5.0,,,,,,,,,,,,,PIT_WR_05,WR,,,,,,,,33.0,,3.0,376.0,0,,338.0,,117.0,,,,,,,,,,,0,399.0,,,,54.0,,,,,,179.0,,,158.0,,,,
,,,,,,PLAYOFFS,,0.0,4.0,,,,1.0,Gaspard Comeaux,1.0,,,,,,,,,,,,,5.0,,,,,2.0,,,,,,,,,,,,,3.0,,,,,,,,,,,,,PIT_TE_03,TE,,,,,,,,9.0,,,95.0,1,,66.0,,23.0,,,,,,,,,,,0,78.0,,,,14.0,,,,,,39.0,,,32.0,,,,
,,,,,,PLAYOFFS,,,,,,,,Lowell Shepley,,,,,,,,,,,,,,,,,,,3.0,,,1.0,,3.0,,,,,,,,,,,270.6,110.0,,,,,,,4.0,,CIN_OT_01,OT,,,,,6.0,,,,,,,1,,,4.0,89.0,36.0,,,,,,,2.0,,,0,199.0,,3.0,,,,,,,,58.0,,,,,,,
,,,,,,PLAYOFFS,,,,,,,,Lyle Rademacher,,,,,,,,,,,,,,,,,,,2.0,,,0.0,,7.0,,,,,,,,,,,181.3,73.0,,,,,,,0.0,,P100250_OT,OT,,,,,7.0,,,,,,,0,,,5.0,60.0,26.0,,,,,,,0.0,,,0,133.0,,2.0,,,,,,,,39.0,,,,,,,
,,,,,,PLAYOFFS,,,,,,,,Ezra Beecham,,,,,,,,,,,,,,,,,,,7.0,,,2.0,,8.0,,,,,,,,,,,631.2,249.0,,,,,,,1.0,,ARI_OG_01,OG,,,,,14.0,,,,,,,0,,,13.0,201.0,93.0,,,,,,,4.0,,,0,450.0,,7.0,,,,,,,,136.0,,,,,,,
5.0,0.0,,,,,PLAYOFFS,,,,,,,,Lonnie Killebrew,,,,,,,,,,,,,,,0.0,,,,3.0,,,,3.0,,,,,,,,0.0,,,,,,,71.0,0.51,,,,1.0,,CLE_EDGE_02,EDGE,,,,7.0,,,2.0,,,,,1,,,,,,6.0,,,,,2.0,,,,0,123.0,3.0,,8.0,,,3.0,,,,58.0,,,,,,,
2.0,0.0,,,,,PLAYOFFS,,,,,,,,Wallace Ashby,,,,,,,,,,,,,,,0.0,,,,3.0,,,,2.0,,,,,,,,0.0,,,,,,,73.0,0.43,,,,0.0,,CIN_EDGE_02,EDGE,,,,5.0,,,1.0,,,,,1,,,,,,4.0,,,,,2.0,,,,0,129.0,1.0,,3.0,,,0.0,,,,58.0,,,,,,,
9.0,2.0,,,,,PLAYOFFS,,,,,,,,Braxton Finnegan,,,,,,,,,,,,,,,1.0,,,,7.0,,,,4.0,,,,,,,,4.0,,,,,,,152.0,1.0,,,,1.0,,P100135_DT,DT,,,,15.0,,,10.0,,,,,0,,,,,,8.0,,,,,2.0,,,,0,268.0,7.0,,16.0,,,4.0,,,,140.0,,,,,,,
,,,50.0,,,PLAYOFFS,,,,303.0,,,,Carlisle Sagapolutele,,,,,,,,,,,,,,,,4.0,,,8.0,,,,,,,,1.0,,,,5.0,,,,,,2.0,,,,,791.8,1.0,,LAC_LB_01,LB,,,,3.0,,,,,18.0,,,0,,,,,,8.0,,,,,0.0,,,,0,393.0,30.0,,47.0,27.0,3.0,5.0,,,,160.0,,,,,237.0,,6.55
,,,66.0,,,PLAYOFFS,,,,402.0,,,,Larkin Hemsley,,,,,,,,,,,,,,,,2.0,,,11.0,,,,,,,,0.0,,,,3.0,,,,,,0.0,,,,,817.8,4.0,,MIN_LB_03,LB,,,,6.0,,,,,20.0,,,0,,,,,,8.0,,,,,1.0,,,,0,522.0,44.0,,67.0,39.0,1.0,9.0,,,,222.0,,,,,220.0,,6.02
,,,,,,PLAYOFFS,,,,80.0,,,,Adair Iyengar,,,,,,,,,,,,,,,,0.0,,,2.0,,,,,,,,0.0,,,,2.0,,,,,,0.0,,,,,176.4,1.0,,NO_CB_01,CB,,,,,,,,,6.0,,,1,,,,,,3.0,,,,,,,,,0,104.0,7.0,,10.0,8.0,0.0,,,,,39.0,,,,,75.0,,1.91
,,,,,,PLAYOFFS,,,,88.0,,,,Easton Ledbetter,,,,,,,,,,,,,,,,1.0,,,2.0,,,,,,,,0.0,,,,2.0,,,,,,1.0,,,,,202.3,2.0,,PIT_S_04,S,,,,,,,,,5.0,,,1,,,,,,2.0,,,,,,,,,0,114.0,4.0,,7.0,12.0,1.0,,,,,39.0,,,,,90.0,,2.07
,,,,5.0,,PLAYOFFS,,6.0,10.0,,,,8.0,Prescott Markham,1.0,,3.0,,,,,,,,,,,17.0,,,1.0,,3.0,,,,,,,,,,,,,0.0,,,,11.0,,,,,,,,,ARI_RB_02,RB,,,,,1.0,,,37.0,,,454.0,1,,25.0,,5.0,,,45.0,0.0,238.0,,,,,,0,75.0,,,,54.0,,,,,,57.0,,,177.0,127.0,,111.0,
,,,,7.0,,PLAYOFFS,,7.0,12.0,,,,13.0,Clay Mostert,8.0,,8.0,,,,,,,,,,,34.0,,,0.0,,5.0,,,,,,,,,,,,,3.0,,,,22.0,,,,,,,,,SF_RB_04,RB,,,,,3.0,,,70.0,,,755.0,0,,53.0,,14.0,,,93.0,2.0,372.0,,,,,,0,158.0,,,,107.0,,,,,,98.0,,,268.0,147.0,,225.0,
,,,,,,PLAYOFFS,,2.0,3.0,,,,2.0,Delano Kilgore,2.0,,,,,,,,,,,,,4.0,,,,,2.0,,,,,,,,,,,,,0.0,,,,,,,,,,,,,BAL_WR_02,WR,,,,,,,,11.0,,2.0,133.0,1,,81.0,,27.0,,,,,,,,,,,0,96.0,,,,18.0,,,,,,38.0,,,52.0,,,,
,,,,,,PLAYOFFS,,0.0,0.0,,,,0.0,Ludwig Atwater,0.0,,,,,,,,,,,,,1.0,,,,,1.0,,,,,,,,,,,,,0.0,,,,,,,,,,,,,LV_WR_04,WR,,,,,,,,3.0,,,42.0,0,,30.0,,10.0,,,,,,,,,,,0,35.0,,,,5.0,,,,,,19.0,,,18.0,,,,
,,,,,,PLAYOFFS,,0.0,3.0,,,,2.0,Theo Killebrew,2.0,,,,,,,,,,,,,2.0,,,,,5.0,,,,,,,,,,,,,2.0,,,,,,,,,,,,,P100219_TE,TE,,,,,,,,8.0,,,107.0,0,,163.0,,55.0,,,,,,,,,,,0,192.0,,,,15.0,,,,,,98.0,,,39.0,,,,
,,,,,,PLAYOFFS,,0.0,4.0,,,,2.0,Willem Freeney,1.0,,,,,,,,,,,,,6.0,,,,,4.0,,,,,,,,,,,,,1.0,,,,,,,,,,,,,P100212_TE,TE,,,,,,,,13.0,,,162.0,0,,135.0,,46.0,,,,,,,,,,,0,160.0,,,,23.0,,,,,,79.0,,,66.0,,,,
,,,,,,PLAYOFFS,,,,,,,,Gideon Haywood,,,,,,,,,,,,,,,,,,,1.0,,,1.0,,0.0,,,,,,,,,,,75.8,33.0,,,,,,,0.0,,KC_OT_05,OT,,,,,3.0,,,,,,,0,,,1.0,27.0,8.0,,,,,,,2.0,,,0,60.0,,1.0,,,,,,,,19.0,,,,,,,
,,,,,,PLAYOFFS,,,,,,,,Levi Manningham,,,,,,,,,,,,,,,,,,,2.0,,,2.0,,3.0,,,,,,,,,,,169.2,77.0,,,,,,,3.0,,DET_OG_03,OG,,,,,7.0,,,,,,,0,,,7.0,62.0,22.0,,,,,,,2.0,,,0,139.0,,2.0,,,,,,,,38.0,,,,,,,
,,,,,,PLAYOFFS,,,,,,,,Clay Hankins,,,,,,,,,,,,,,,,,,,6.0,,,3.0,,5.0,,,,,,,,,,,561.4,216.0,,,,,,,3.0,,LV_C_01,C,,,,,9.0,,,,,,,1,,,18.0,175.0,79.0,,,,,,,2.0,,,0,391.0,,6.0,,,,,,,,118.0,,,,,,,
4.0,0.0,,,,,PLAYOFFS,,,,,,,,Logan Hagerty,,,,,,,,,,,,,,,0.0,,,,3.0,,,,7.0,,,,,,,,0.0,,,,,,,76.0,0.42,,,,2.0,,LV_EDGE_02,EDGE,,,,8.0,,,1.0,,,,,1,,,,,,6.0,,,,,0.0,,,,0,134.0,3.0,,7.0,,,1.0,,,,57.0,,,,,,,
0.0,1.0,,,,,PLAYOFFS,,,,,,,,Ladarius Desormeaux,,,,,,,,,,,,,,,0.0,,,,1.0,,,,2.0,,,,,,,,0.0,,,,,,,18.0,0.12,,,,1.0,,LV_DT_05,DT,,,,3.0,,,1.0,,,,,1,,,,,,4.0,,,,,0.0,,,,0,32.0,0.0,,0.0,,,0.0,,,,19.0,,,,,,,
,,,6.0,,,PLAYOFFS,,,,30.0,,,,Langston Latimore,,,,,,,,,,,,,,,,1.0,,,1.0,,,,,,,,0.0,,,,1.0,,,,,,1.0,,,,,61.5,0.0,,LV_LB_05,LB,,,,1.0,,,,,2.0,,,1,,,,,,0.0,,,,,0.0,,,,0,39.0,6.0,,9.0,4.0,0.0,3.0,,,,19.0,,,,,17.0,,0.57
,,,,,,PLAYOFFS,,,,158.0,,,,Nikolai Trapasso,,,,,,,,,,,,,,,,3.0,,,4.0,,,,,,,,0.0,,,,2.0,,,,,,1.0,,,,,414.3,0.0,,LV_CB_04,CB,,,,,,,,,8.0,,,0,,,,,,2.0,,,,,,,,,0,205.0,9.0,,16.0,12.0,2.0,,,,,76.0,,,,,111.0,,2.8
,,,,,,PLAYOFFS,,,,78.0,,,,Luka Newsome,,,,,,,,,,,,,,,,0.0,,,2.0,,,,,,,,0.0,,,,3.0,,,,,,0.0,,,,,205.2,0.0,,LAC_S_04,S,,,,,,,,,8.0,,,1,,,,,,1.0,,,,,,,,,0,100.0,3.0,,6.0,10.0,1.0,,,,,38.0,,,,,65.0,,1.66
,,6.0,,,67.0,PLAYOFFS,59.0,,,,9.0,4.0,,Cannon Navarrete,,2.0,,,,,,,,,,,,29.0,,,0.0,0.0,3.0,,,,,,,,4.0,,,,,,,97.0,,,,,,2.0,708.0,,,24.0,LAC_QB_02,QB,30.0,14.0,137.0,,,,,,,,,0,,,,,,,10.0,,18.0,61.0,,,9.0,7.0,0,195.0,,3.0,,,,,7.0,,9.0,60.0,,,,,,,
,,,,18.0,,PLAYOFFS,,18.0,32.0,,,,30.0,Lemuel Kroll,8.0,,24.0,,,,,,,,,,,67.0,,,2.0,,10.0,,,,,,,,,,,,,6.0,,,,53.0,,,,,,,,,P100035_RB,RB,,,,,7.0,,,139.0,,,1608.0,0,,106.0,,28.0,,,189.0,5.0,779.0,,,,,,0,319.0,,,,214.0,,,,,,198.0,,,639.0,359.0,,420.0,
,,,,8.0,,PLAYOFFS,,6.0,13.0,,,,23.0,Emmett Tonyan,10.0,,5.0,,,,,,,,,,,30.0,,,0.0,,9.0,,,,,,,,,,,,,3.0,,,,54.0,,,,,,,,,CIN_RB_02,RB,,,,,3.0,,,70.0,,,831.0,0,,65.0,,15.0,,,99.0,0.0,454.0,,,,,,0,199.0,,,,111.0,,,,,,178.0,,,344.0,215.0,,239.0,
,,,,,,PLAYOFFS,,2.0,4.0,,,,3.0,Heath Driscoll,1.0,,,,,,,,,,,,,5.0,,,,,5.0,,,,,,,,,,,,,5.0,,,,,,,,,,,,,JAX_WR_03,WR,,,,,,,,14.0,,1.0,174.0,1,,193.0,,66.0,,,,,,,,,,,0,227.0,,,,27.0,,,,,,99.0,,,68.0,,,,
,,,,,,PLAYOFFS,,6.0,9.0,,,,3.0,Terrell Halloran,4.0,,,,,,,,,,,,,7.0,,,,,8.0,,,,,,,,,,,,,8.0,,,,,,,,,,,,,ARI_WR_01,WR,,,,,,,,23.0,,1.0,302.0,0,,300.0,,104.0,,,,,,,,,,,0,355.0,,,,44.0,,,,,,159.0,,,125.0,,,,
,,,,,,PLAYOFFS,,1.0,5.0,,,,9.0,Malachi Lindstrom,0.0,,,,,,,,,,,,,5.0,,,,,8.0,,,,,,,,,,,,,7.0,,,,,,,,,,,,,NE_TE_01,TE,,,,,,,,15.0,,1.0,213.0,1,,269.0,,91.0,,,,,,,,,,,0,318.0,,,,30.0,,,,,,159.0,,,94.0,,,,
,,,,,,PLAYOFFS,,,,,,,,Roman Tanguay,,,,,,,,,,,,,,,,,,,7.0,,,3.0,,2.0,,,,,,,,,,,655.3,246.0,,,,,,,3.0,,NYJ_OT_01,OT,,,,,8.0,,,,,,,0,,,21.0,200.0,91.0,,,,,,,3.0,,,0,446.0,,7.0,,,,,,,,142.0,,,,,,,
,,,,,,PLAYOFFS,,,,,,,,Zico Sherfield,,,,,,,,,,,,,,,,,,,8.0,,,3.0,,9.0,,,,,,,,,,,724.4,285.0,,,,,,,5.0,,HOU_OT_01,OT,,,,,16.0,,,,,,,0,,,22.0,231.0,87.0,,,,,,,4.0,,,0,516.0,,8.0,,,,,,,,159.0,,,,,,,
,,,,,,PLAYOFFS,,,,,,,,Reginald Torrence,,,,,,,,,,,,,,,,,,,6.0,,,1.0,,2.0,,,,,,,,,,,584.0,214.0,,,,,,,3.0,,BAL_OG_02,OG,,,,,3.0,,,,,,,1,,,15.0,174.0,79.0,,,,,,,1.0,,,0,388.0,,6.0,,,,,,,,118.0,,,,,,,
,,,,,,PLAYOFFS,,,,,,,,Carlisle Stenberg,,,,,,,,,,,,,,,,,,,3.0,,,1.0,,4.0,,,,,,,,,,,277.6,111.0,,,,,,,2.0,,NYJ_OG_04,OG,,,,,6.0,,,,,,,1,,,9.0,91.0,41.0,,,,,,,1.0,,,0,202.0,,3.0,,,,,,,,60.0,,,,,,,
,,,,,,PLAYOFFS,,,,,,,,Vernon Cromartie,,,,,,,,,,,,,,,,,,,8.0,,,5.0,,2.0,,,,,,,,,,,746.9,284.0,,,,,,,7.0,,P100300_C,C,,,,,9.0,,,,,,,0,,,17.0,233.0,109.0,,,,,,,4.0,,,0,517.0,,8.0,,,,,,,,159.0,,,,,,,
15.0,1.0,,,,,PLAYOFFS,,,,,,,,Vito Brockman,,,,,,,,,,,,,,,0.0,,,,9.0,,,,9.0,,,,,,,,4.0,,,,,,,218.0,1.32,,,,2.0,,JAX_EDGE_01,EDGE,,,,25.0,,,10.0,,,,,0,,,,,,16.0,,,,,6.0,,,,0,385.0,12.0,,27.0,,,7.0,,,,178.0,,,,,,,
6.0,0.0,,,,,PLAYOFFS,,,,,,,,Darian Rinaldi,,,,,,,,,,,,,,,0.0,,,,5.0,,,,7.0,,,,,,,,2.0,,,,,,,115.0,0.75,,,,1.0,,CHI_DT_01,DT,,,,8.0,,,1.0,,,,,1,,,,,,8.0,,,,,0.0,,,,0,205.0,7.0,,13.0,,,1.0,,,,99.0,,,,,,,
3.0,0.0,,,,,PLAYOFFS,,,,,,,,Zaire Sylvester,,,,,,,,,,,,,,,0.0,,,,3.0,,,,0.0,,,,,,,,1.0,,,,,,,68.0,0.21,,,,2.0,,NYJ_DT_04,DT,,,,1.0,,,1.0,,,,,1,,,,,,2.0,,,,,1.0,,,,0,119.0,2.0,,5.0,,,0.0,,,,60.0,,,,,,,
,,,47.0,,,PLAYOFFS,,,,280.0,,,,Anders Sunderland,,,,,,,,,,,,,,,,7.0,,,8.0,,,,,,,,0.0,,,,4.0,,,,,,6.0,,,,,737.3,2.0,,NYG_LB_02,LB,,,,3.0,,,,,18.0,,,0,,,,,,6.0,,,,,2.0,,,,0,363.0,19.0,,32.0,28.0,3.0,2.0,,,,159.0,,,,,150.0,,4.36
,,,26.0,,,PLAYOFFS,,,,171.0,,,,Fitz Lemieux,,,,,,,,,,,,,,,,5.0,,,5.0,,,,,,,,0.0,,,,3.0,,,,,,2.0,,,,,439.0,2.0,,CAR_LB_04,LB,,,,3.0,,,,,12.0,,,1,,,,,,2.0,,,,,1.0,,,,0,222.0,15.0,,25.0,21.0,1.0,3.0,,,,99.0,,,,,123.0,,3.64
,,,,,,PLAYOFFS,,,,384.0,,,,Kwame Ashby,,,,,,,,,,,,,,,,10.0,,,10.0,,,,,,,,1.0,,,,1.0,,,,,,7.0,,,,,838.0,1.0,,JAX_CB_03,CB,,,,,,,,,27.0,,,0,,,,,,7.0,,,,,,,,,0,497.0,21.0,,37.0,39.0,1.0,,,,,198.0,,,,,301.0,,7.71
,,,,,,PLAYOFFS,,,,384.0,,,,Sable Chidozie,,,,,,,,,,,,,,,,7.0,,,10.0,,,,,,,,4.0,,,,2.0,,,,,,5.0,,,,,610.9,3.0,,CLE_CB_03,CB,,,,,,,,,19.0,,,1,,,,,,10.0,,,,,,,,,0,497.0,22.0,,37.0,37.0,1.0,,,,,198.0,,,,,247.0,,6.43
,,,,,,PLAYOFFS,,,,,,,,Mikael Hathaway,,,,,,,,,,,,,,,,,,,9.0,1457.0,,,,,3.0,12.0,,,537.0,,,,1321.0,,,,,,,,,,,,SEA_P_01,P,,,,,,31.0,,,,,,0,136.0,,,,,,,,,,,,,,0,45.0,,,,,,,,2.0,,178.0,,,,,,,
,,9.0,,,78.0,PLAYOFFS,91.0,,,,12.0,2.0,,Leon Gaddis,,6.0,,,,,,,,,,,,47.0,,,0.0,0.0,4.0,,,,,,,,1.0,,,,,,,120.0,,,,,,7.0,1016.0,,,28.0,P100074_QB,QB,42.0,16.0,141.0,,,,,,,,,0,,,,,,,11.0,,57.0,89.0,,,15.0,5.0,0,249.0,,4.0,,,,,4.0,,6.0,76.0,,,,,,,
,,,,2.0,,PLAYOFFS,,6.0,13.0,,,,9.0,Clay Vickers,0.0,,5.0,,,,,,,,,,,15.0,,,0.0,,2.0,,,,,,,,,,,,,1.0,,,,11.0,,,,,,,,,PHI_RB_03,RB,,,,,1.0,,,34.0,,,387.0,1,,25.0,,7.0,,,52.0,0.0,207.0,,,,,,0,76.0,,,,50.0,,,,,,38.0,,,180.0,119.0,,88.0,
,,,,0.0,,PLAYOFFS,,2.0,2.0,,,,0.0,Asa Mortenson,1.0,,1.0,,,,,,,,,,,3.0,,,0.0,,1.0,,,,,,,,,,,,,0.0,,,,6.0,,,,,,,,,MIA_RB_02,RB,,,,,1.0,,,8.0,,,73.0,1,,10.0,,2.0,,,9.0,,34.0,,,,,,0,29.0,,,,9.0,,,,,,19.0,,,36.0,2.0,,32.0,
,,,,,,PLAYOFFS,,2.0,5.0,,,,9.0,Dwight Chandler,4.0,,,,,,,,,,,,,10.0,,,,,4.0,,,,,,,,,,,,,4.0,,,,,,,,,,,,,CIN_WR_02,WR,,,,,,,,24.0,,1.0,306.0,0,,148.0,,50.0,,,,,,,,,,,0,174.0,,,,41.0,,,,,,79.0,,,156.0,,,,
,,,,,,PLAYOFFS,,0.0,0.0,,,,1.0,Vance Danforth,0.0,,,,,,,,,,,,,1.0,,,,,1.0,,,,,,,,,,,,,0.0,,,,,,,,,,,,,MIA_WR_06,WR,,,,,,,,3.0,,,34.0,1,,40.0,,14.0,,,,,,,,,,,0,47.0,,,,5.0,,,,,,19.0,,,8.0,,,,
,,,,,,PLAYOFFS,,1.0,1.0,,,,0.0,Fenwick Fetterman,0.0,,,,,,,,,,,,,1.0,,,,,2.0,,,,,,,,,,,,,0.0,,,,,,,,,,,,,MIA_WR_02,WR,,,,,,,,5.0,,,81.0,0,,77.0,,26.0,,,,,,,,,,,0,90.0,,,,10.0,,,,,,38.0,,,29.0,,,,
,,,,,,PLAYOFFS,,3.0,4.0,,,,1.0,Demetrius Callender,0.0,,,,,,,,,,,,,5.0,,,,,3.0,,,,,,,,,,,,,0.0,,,,,,,,,,,,,MIA_TE_02,TE,,,,,,,,11.0,,,140.0,0,,101.0,,34.0,,,,,,,,,,,0,119.0,,,,17.0,,,,,,57.0,,,48.0,,,,
,,,,,,PLAYOFFS,,,,,,,,Dupree Dillard,,,,,,,,,,,,,,,,,,,1.0,,,0.0,,0.0,,,,,,,,,,,80.6,36.0,,,,,,,1.0,,MIA_OT_02,OT,,,,,2.0,,,,,,,1,,,4.0,30.0,13.0,,,,,,,2.0,,,0,66.0,,1.0,,,,,,,,19.0,,,,,,,
,,,,,,PLAYOFFS,,,,,,,,Colton Petitgout,,,,,,,,,,,,,,,,,,,6.0,,,3.0,,3.0,,,,,,,,,,,558.7,216.0,,,,,,,1.0,,P100060_OG,OG,,,,,8.0,,,,,,,0,,,17.0,175.0,79.0,,,,,,,3.0,,,0,391.0,,6.0,,,,,,,,120.0,,,,,,,
4.0,0.0,,,,,PLAYOFFS,,,,,,,,Jace Rochell,,,,,,,,,,,,,,,0.0,,,,4.0,,,,6.0,,,,,,,,0.0,,,,,,,101.0,0.43,,,,0.0,,MIA_EDGE_01,EDGE,,,,10.0,,,2.0,,,,,0,,,,,,4.0,,,,,2.0,,,,0,178.0,3.0,,7.0,,,3.0,,,,77.0,,,,,,,
3.0,0.0,,,,,PLAYOFFS,,,,,,,,Jeremiah Schofield,,,,,,,,,,,,,,,0.0,,,,3.0,,,,3.0,,,,,,,,0.0,,,,,,,79.0,0.26,,,,1.0,,MIA_EDGE_04,EDGE,,,,4.0,,,1.0,,,,,0,,,,,,4.0,,,,,0.0,,,,0,138.0,3.0,,6.0,,,2.0,,,,58.0,,,,,,,
5.0,0.0,,,,,PLAYOFFS,,,,,,,,Maddox Marlowe,,,,,,,,,,,,,,,0.0,,,,3.0,,,,1.0,,,,,,,,1.0,,,,,,,61.0,0.4,,,,1.0,,MIA_DT_02,DT,,,,4.0,,,1.0,,,,,0,,,,,,5.0,,,,,2.0,,,,0,107.0,4.0,,9.0,,,2.0,,,,58.0,,,,,,,
5.0,0.0,,,,,PLAYOFFS,,,,,,,,Tiberius Burnell,,,,,,,,,,,,,,,0.0,,,,4.0,,,,4.0,,,,,,,,0.0,,,,,,,86.0,0.6,,,,1.0,,MIA_DT_01,DT,,,,8.0,,,0.0,,,,,0,,,,,,7.0,,,,,4.0,,,,0,151.0,3.0,,8.0,,,2.0,,,,79.0,,,,,,,
,,,5.0,,,PLAYOFFS,,,,36.0,,,,Kaden Sigler,,,,,,,,,,,,,,,,0.0,,,1.0,,,,,,,,0.0,,,,0.0,,,,,,0.0,,,,,39.6,0.0,,NO_LB_02,LB,,,,0.0,,,,,1.0,,,1,,,,,,1.0,,,,,0.0,,,,0,47.0,4.0,,6.0,5.0,0.0,1.0,,,,19.0,,,,,11.0,,0.31
,,,35.0,,,PLAYOFFS,,,,171.0,,,,Vicente Tindall,,,,,,,,,,,,,,,,4.0,,,5.0,,,,,,,,1.0,,,,3.0,,,,,,1.0,,,,,441.0,1.0,,FA_LB_118,LB,,,,5.0,,,,,9.0,,,0,,,,,,5.0,,,,,0.0,,,,0,221.0,16.0,,26.0,16.0,2.0,2.0,,,,96.0,,,,,128.0,,3.72
,,,,,,PLAYOFFS,,,,75.0,,,,Fletcher Corrigan,,,,,,,,,,,,,,,,3.0,,,2.0,,,,,,,,0.0,,,,0.0,,,,,,2.0,,,,,143.4,0.0,,CIN_CB_03,CB,,,,,,,,,5.0,,,1,,,,,,2.0,,,,,,,,,0,97.0,4.0,,7.0,9.0,0.0,,,,,38.0,,,,,45.0,,1.29
,,,,,,PLAYOFFS,,,,83.0,,,,Percival Morrissey,,,,,,,,,,,,,,,,0.0,,,2.0,,,,,,,,0.0,,,,1.0,,,,,,0.0,,,,,184.0,1.0,,MIA_CB_04,CB,,,,,,,,,5.0,,,0,,,,,,2.0,,,,,,,,,0,107.0,3.0,,5.0,8.0,1.0,,,,,38.0,,,,,61.0,,1.46
,,,,,,PLAYOFFS,,,,43.0,,,,Sebastien Berrios,,,,,,,,,,,,,,,,2.0,,,1.0,,,,,,,,0.0,,,,1.0,,,,,,0.0,,,,,132.1,0.0,,MIA_S_03,S,,,,,,,,,4.0,,,1,,,,,,1.0,,,,,,,,,0,56.0,2.0,,4.0,5.0,1.0,,,,,19.0,,,,,31.0,,0.72
,,,,,,PLAYOFFS,,,,42.0,,,,Archer Fleener,,,,,,,,,,,,,,,,1.0,,,1.0,,,,,,,,0.0,,,,0.0,,,,,,0.0,,,,,104.9,1.0,,MIA_S_01,S,,,,,,,,,5.0,,,1,,,,,,0.0,,,,,,,,,0,54.0,2.0,,3.0,6.0,0.0,,,,,19.0,,,,,55.0,,1.31
,,,,,,PLAYOFFS,,,,,,,,Cyrus Sylvester,,,,4.0,1.0,0.0,3.0,1.0,4.0,1.0,0.0,2.0,0.0,,,,,,2.0,,1.0,,,,,,,9.0,,82.0,,,,,,,,,,,,,,,CHI_K_01,K,,,,,,,,,,,,0,,,,,,,,,,,,,,,0,12.0,,,,,,,,4.0,,38.0,1.0,1.0,,,,,
,,,,,,PLAYOFFS,,,,,,,,Ashton Jelks,,,,,,,,,,,,,,,,,,,4.0,817.0,,,,,2.0,4.0,,,231.0,,,,745.0,,,,,,,,,,,,MIA_P_01,P,,,,,,17.0,,,,,,0,72.0,,,,,,,,,,,,,,0,20.0,,,,,,,,0.0,,77.0,,,,,,,
,,,,10.0,,PLAYOFFS,,16.0,41.0,,,,28.0,Amos Yarborough,17.0,,9.0,,,,,,,,,,,68.0,,,2.0,,8.0,,,,,,,,,,,,,5.0,,,,55.0,,,,,,,,,NYG_RB_03,RB,,,,,5.0,,,146.0,,,1671.0,1,,90.0,,23.0,,,160.0,7.0,702.0,,,,,,0,265.0,,,,206.0,,,,,,165.0,,,768.0,316.0,,386.0,
,,,,,,PLAYOFFS,,6.0,10.0,,,,8.0,Hendrix Kirkpatrick,1.0,,,,,,,,,,,,,11.0,,,,,9.0,,,,,,,,,,,,,2.0,,,,,,,,,,,,,ARI_WR_02,WR,,,,,,,,32.0,,,424.0,1,,336.0,,114.0,,,,,,,,,,,0,396.0,,,,54.0,,,,,,184.0,,,139.0,,,,
,,,,,,PLAYOFFS,,6.0,9.0,,,,3.0,Lucian Bedard,3.0,,,,,,,,,,,,,5.0,,,,,11.0,,,,,,,,,,,,,4.0,,,,,,,,,,,,,SEA_TE_02,TE,,,,,,,,21.0,,,254.0,0,,369.0,,124.0,,,,,,,,,,,0,435.0,,,,35.0,,,,,,224.0,,,106.0,,,,
,,,,,,PLAYOFFS,,,,,,,,Raul Granderson,,,,,,,,,,,,,,,,,,,8.0,,,2.0,,3.0,,,,,,,,,,,778.1,281.0,,,,,,,3.0,,MIN_OT_02,OT,,,,,5.0,,,,,,,0,,,14.0,230.0,104.0,,,,,,,1.0,,,0,511.0,,8.0,,,,,,,,165.0,,,,,,,
,,,,,,PLAYOFFS,,,,,,,,Harrison Courtland,,,,,,,,,,,,,,,,,,,5.0,,,2.0,,4.0,,,,,,,,,,,483.1,182.0,,,,,,,2.0,,IND_OT_01,OT,,,,,6.0,,,,,,,0,,,6.0,146.0,63.0,,,,,,,0.0,,,0,328.0,,5.0,,,,,,,,98.0,,,,,,,
,,,,,,PLAYOFFS,,,,,,,,Lennon Sturdivant,,,,,,,,,,,,,,,,,,,5.0,,,4.0,,8.0,,,,,,,,,,,452.7,188.0,,,,,,,7.0,,GB_OG_01,OG,,,,,13.0,,,,,,,0,,,17.0,152.0,58.0,,,,,,,2.0,,,0,340.0,,5.0,,,,,,,,102.0,,,,,,,
,,,,,,PLAYOFFS,,,,,,,,Kenji Sarratt,,,,,,,,,,,,,,,,,,,2.0,,,0.0,,5.0,,,,,,,,,,,186.1,72.0,,,,,,,1.0,,NO_OG_01,OG,,,,,5.0,,,,,,,1,,,3.0,58.0,20.0,,,,,,,0.0,,,0,130.0,,2.0,,,,,,,,39.0,,,,,,,
16.0,3.0,,,,,PLAYOFFS,,,,,,,,Ajani Glenn,,,,,,,,,,,,,,,1.0,,,,11.0,,,,15.0,,,,,,,,2.0,,,,,,,235.0,1.54,,,,3.0,,CLE_DT_04,DT,,,,22.0,,,6.0,,,,,0,,,,,,15.0,,,,,3.0,,,,0,419.0,15.0,,31.0,,,1.0,,,,224.0,,,,,,,
,,,34.0,,,PLAYOFFS,,,,179.0,,,,Corbin Mostert,,,,,,,,,,,,,,,,4.0,,,5.0,,,,,,,,0.0,,,,2.0,,,,,,0.0,,,,,307.7,0.0,,JAX_LB_02,LB,,,,5.0,,,,,11.0,,,0,,,,,,4.0,,,,,2.0,,,,0,232.0,14.0,,23.0,23.0,0.0,2.0,,,,98.0,,,,,126.0,,3.6
,,,,,,PLAYOFFS,,,,235.0,,,,Micah Gathers,,,,,,,,,,,,,,,,5.0,,,6.0,,,,,,,,2.0,,,,4.0,,,,,,3.0,,,,,558.2,0.0,,IND_CB_02,CB,,,,,,,,,17.0,,,0,,,,,,6.0,,,,,,,,,0,305.0,22.0,,34.0,23.0,2.0,,,,,122.0,,,,,195.0,,5.03
,,,,,,PLAYOFFS,,,,,,,,Riggs Malbrough,,,,9.0,2.0,2.0,1.0,1.0,9.0,0.0,2.0,1.0,1.0,,,,,,7.0,,0.0,,,,,,,25.0,,199.0,,,,,,,,,,,,,,,NO_K_01,K,,,,,,,,,,,,0,,,,,,,,,,,,,,,0,42.0,,,,,,,,16.0,,141.0,15.0,14.0,,,,,
,,,,8.0,,PLAYOFFS,,12.0,30.0,,,,18.0,Trey Devereaux,11.0,,10.0,,,,,,,,,,,47.0,,,0.0,,6.0,,,,,,,,,,,,,2.0,,,,48.0,,,,,,,,,CLE_RB_03,RB,,,,,5.0,,,101.0,,,1148.0,1,,70.0,,19.0,,,135.0,2.0,591.0,,,,,,0,206.0,,,,146.0,,,,,,118.0,,,480.0,257.0,,334.0,
,,,,1.0,,PLAYOFFS,,0.0,2.0,,,,2.0,Fenwick Jorgensen,1.0,,1.0,,,,,,,,,,,3.0,,,0.0,,1.0,,,,,,,,,,,,,0.0,,,,3.0,,,,,,,,,TEN_RB_01,RB,,,,,0.0,,,6.0,,,79.0,1,,6.0,,1.0,,,6.0,,33.0,,,,,,0,19.0,,,,8.0,,,,,,19.0,,,34.0,13.0,,20.0,
,,,,2.0,,PLAYOFFS,,0.0,0.0,,,,1.0,Maverick Horvath,0.0,,0.0,,,,,,,,,,,0.0,,,0.0,,1.0,,,,,,,,,,,,,2.0,,,,8.0,,,,,,,,,CLE_RB_02,RB,,,,,0.0,,,2.0,,,35.0,1,,4.0,,1.0,,,3.0,,14.0,,,,,,0,13.0,,,,3.0,,,,,,19.0,,,11.0,7.0,,7.0,
,,,,,,PLAYOFFS,,1.0,3.0,,,,1.0,Duke Moehrig,2.0,,,,,,,,,,,,,3.0,,,,,1.0,,,,,,,,,,,,,0.0,,,,,,,,,,,,,CLE_WR_03,WR,,,,,,,,6.0,,,86.0,1,,32.0,,11.0,,,,,,,,,,,0,38.0,,,,10.0,,,,,,19.0,,,41.0,,,,
,,,,,,PLAYOFFS,,5.0,14.0,,,,13.0,Zaire Prewitt,8.0,,,,,,,,,,,,,26.0,,,,,10.0,,,,,,,,,,,,,4.0,,,,,,,,,,,,,CLE_WR_02,WR,,,,,,,,59.0,,6.0,747.0,0,,353.0,,120.0,,,,,,,,,,,0,419.0,,,,102.0,,,,,,196.0,,,325.0,,,,
,,,,,,PLAYOFFS,,1.0,1.0,,,,0.0,Solomon Quessenberry,0.0,,,,,,,,,,,,,1.0,,,,,1.0,,,,,,,,,,,,,0.0,,,,,,,,,,,,,CLE_WR_05,WR,,,,,,,,3.0,,1.0,45.0,1,,37.0,,13.0,,,,,,,,,,,0,44.0,,,,5.0,,,,,,19.0,,,25.0,,,,
,,,,,,PLAYOFFS,,4.0,10.0,,,,7.0,Harlan Sudfeld,2.0,,,,,,,,,,,,,10.0,,,,,8.0,,,,,,,,,,,,,2.0,,,,,,,,,,,,,CLE_TE_02,TE,,,,,,,,26.0,,,334.0,0,,269.0,,92.0,,,,,,,,,,,0,316.0,,,,44.0,,,,,,157.0,,,147.0,,,,
,,,,,,PLAYOFFS,,0.0,0.0,,,,0.0,Antoine Fulmer,0.0,,,,,,,,,,,,,1.0,,,,,1.0,,,,,,,,,,,,,0.0,,,,,,,,,,,,,CLE_TE_03,TE,,,,,,,,4.0,,,53.0,0,,29.0,,10.0,,,,,,,,,,,0,34.0,,,,6.0,,,,,,19.0,,,27.0,,,,
,,,,,,PLAYOFFS,,,,,,,,Sanford Rombach,,,,,,,,,,,,,,,,,,,10.0,,,2.0,,11.0,,,,,,,,,,,947.6,381.0,,,,,,,3.0,,CLE_OT_02,OT,,,,,15.0,,,,,,,0,,,23.0,310.0,127.0,,,,,,,2.0,,,0,691.0,,10.0,,,,,,,,196.0,,,,,,,
,,,,,,PLAYOFFS,,,,,,,,Mateo Elmore,,,,,,,,,,,,,,,,,,,10.0,,,2.0,,10.0,,,,,,,,,,,929.7,362.0,,,,,,,2.0,,CLE_OG_02,OG,,,,,15.0,,,,,,,0,,,27.0,297.0,118.0,,,,,,,4.0,,,0,659.0,,10.0,,,,,,,,196.0,,,,,,,
,,,,,,PLAYOFFS,,,,,,,,Stone Bowersox,,,,,,,,,,,,,,,,,,,1.0,,,0.0,,2.0,,,,,,,,,,,94.7,38.0,,,,,,,1.0,,TEN_OG_02,OG,,,,,2.0,,,,,,,1,,,2.0,30.0,10.0,,,,,,,0.0,,,0,68.0,,1.0,,,,,,,,19.0,,,,,,,
,,,,,,PLAYOFFS,,,,,,,,Jaden Schmitz,,,,,,,,,,,,,,,,,,,3.0,,,1.0,,7.0,,,,,,,,,,,258.7,110.0,,,,,,,0.0,,CIN_C_01,C,,,,,10.0,,,,,,,0,,,9.0,90.0,38.0,,,,,,,2.0,,,0,200.0,,3.0,,,,,,,,58.0,,,,,,,
16.0,1.0,,,,,PLAYOFFS,,,,,,,,Bellamy Stanback,,,,,,,,,,,,,,,0.0,,,,10.0,,,,18.0,,,,,,,,1.0,,,,,,,249.0,1.55,,,,3.0,,CLE_EDGE_01,EDGE,,,,35.0,,,14.0,,,,,0,,,,,,23.0,,,,,4.0,,,,0,441.0,10.0,,26.0,,,5.0,,,,196.0,,,,,,,
15.0,2.0,,,,,PLAYOFFS,,,,,,,,Zamir Padgett,,,,,,,,,,,,,,,1.0,,,,10.0,,,,14.0,,,,,,,,3.0,,,,,,,248.0,1.2,,,,1.0,,P100018_EDGE,EDGE,,,,19.0,,,4.0,,,,,0,,,,,,15.0,,,,,1.0,,,,0,435.0,13.0,,28.0,,,6.0,,,,196.0,,,,,,,
10.0,0.0,,,,,PLAYOFFS,,,,,,,,Elian Ugwoegbu,,,,,,,,,,,,,,,0.0,,,,7.0,,,,7.0,,,,,,,,0.0,,,,,,,141.0,1.1,,,,1.0,,CLE_DT_02,DT,,,,10.0,,,2.0,,,,,0,,,,,,12.0,,,,,2.0,,,,0,248.0,9.0,,19.0,,,2.0,,,,138.0,,,,,,,
1.0,1.0,,,,,PLAYOFFS,,,,,,,,Mason Fitzhugh,,,,,,,,,,,,,,,1.0,,,,1.0,,,,3.0,,,,,,,,0.0,,,,,,,23.0,0.18,,,,0.0,,CLE_DT_01,DT,,,,4.0,,,1.0,,,,,1,,,,,,3.0,,,,,0.0,,,,0,40.0,1.0,,2.0,,,1.0,,,,19.0,,,,,,,
3.0,0.0,,,,,PLAYOFFS,,,,,,,,Enzo Stallworth,,,,,,,,,,,,,,,0.0,,,,1.0,,,,1.0,,,,,,,,2.0,,,,,,,19.0,0.15,,,,1.0,,CLE_DT_03,DT,,,,1.0,,,0.0,,,,,1,,,,,,2.0,,,,,0.0,,,,0,34.0,3.0,,6.0,,,1.0,,,,19.0,,,,,,,
,,,51.0,,,PLAYOFFS,,,,268.0,,,,Ansel Rutledge,,,,,,,,,,,,,,,,3.0,,,8.0,,,,,,,,0.0,,,,6.0,,,,,,1.0,,,,,738.6,1.0,,NO_LB_01,LB,,,,3.0,,,,,21.0,,,0,,,,,,10.0,,,,,0.0,,,,0,350.0,24.0,,38.0,29.0,0.0,11.0,,,,158.0,,,,,307.0,,9.11
,,,34.0,,,PLAYOFFS,,,,184.0,,,,Thaddeus Zamora,,,,,,,,,,,,,,,,6.0,,,5.0,,,,,,,,0.0,,,,5.0,,,,,,4.0,,,,,561.8,1.0,,CLE_LB_02,LB,,,,5.0,,,,,9.0,,,1,,,,,,4.0,,,,,0.0,,,,0,240.0,16.0,,25.0,14.0,3.0,8.0,,,,97.0,,,,,129.0,,3.64
,,,7.0,,,PLAYOFFS,,,,39.0,,,,Brogan Ludwig,,,,,,,,,,,,,,,,1.0,,,1.0,,,,,,,,0.0,,,,1.0,,,,,,0.0,,,,,39.6,0.0,,MIN_LB_01,LB,,,,1.0,,,,,1.0,,,1,,,,,,0.0,,,,,0.0,,,,0,51.0,7.0,,10.0,4.0,0.0,0.0,,,,19.0,,,,,3.0,,0.08
,,,,,,PLAYOFFS,,,,117.0,,,,Alden Wadsworth,,,,,,,,,,,,,,,,4.0,,,3.0,,,,,,,,0.0,,,,2.0,,,,,,2.0,,,,,240.1,2.0,,CLE_CB_02,CB,,,,,,,,,8.0,,,1,,,,,,4.0,,,,,,,,,0,152.0,9.0,,15.0,11.0,0.0,,,,,57.0,,,,,82.0,,2.06
,,,,,,PLAYOFFS,,,,313.0,,,,Salem Dillard,,,,,,,,,,,,,,,,4.0,,,8.0,,,,,,,,1.0,,,,2.0,,,,,,2.0,,,,,509.8,3.0,,DET_CB_04,CB,,,,,,,,,16.0,,,0,,,,,,8.0,,,,,,,,,0,404.0,19.0,,31.0,32.0,0.0,,,,,157.0,,,,,167.0,,4.07
,,,,,,PLAYOFFS,,,,40.0,,,,Theo Oakman,,,,,,,,,,,,,,,,1.0,,,1.0,,,,,,,,1.0,,,,2.0,,,,,,0.0,,,,,48.6,0.0,,CLE_CB_05,CB,,,,,,,,,2.0,,,1,,,,,,1.0,,,,,,,,,0,52.0,2.0,,3.0,3.0,0.0,,,,,19.0,,,,,22.0,,0.55
,,,,,,PLAYOFFS,,,,210.0,,,,Silas Bainbridge,,,,,,,,,,,,,,,,2.0,,,5.0,,,,,,,,0.0,,,,2.0,,,,,,0.0,,,,,406.3,1.0,,P100142_S,S,,,,,,,,,12.0,,,0,,,,,,4.0,,,,,,,,,0,272.0,14.0,,23.0,24.0,0.0,,,,,97.0,,,,,169.0,,3.93
,,,,,,PLAYOFFS,,,,,,,,Gerard Ballinger,,,,12.0,5.0,1.0,2.0,4.0,11.0,4.0,0.0,2.0,2.0,,,,,,7.0,,0.0,,,,,,,26.0,,204.0,,,,,,,,,,,,,,,CLE_K_01,K,,,,,,,,,,,,0,,,,,,,,,,,,,,,0,42.0,,,,,,,,10.0,,136.0,16.0,15.0,,,,,
,,,,,,PLAYOFFS,,,,,,,,Eero Pouncey,,,,,,,,,,,,,,,,,,,4.0,401.0,,,,,1.0,3.0,,,158.0,,,,361.0,,,,,,,,,,,,CLE_P_01,P,,,,,,9.0,,,,,,0,40.0,,,,,,,,,,,,,,0,20.0,,,,,,,,0.0,,77.0,,,,,,,
,,,,9.0,,PLAYOFFS,,5.0,13.0,,,,12.0,Torin Doughty,4.0,,4.0,,,,,,,,,,,27.0,,,0.0,,5.0,,,,,,,,,,,,,2.0,,,,29.0,,,,,,,,,NYG_RB_01,RB,,,,,1.0,,,57.0,,,658.0,1,,37.0,,9.0,,,61.0,2.0,259.0,,,,,,0,113.0,,,,80.0,,,,,,102.0,,,262.0,93.0,,166.0,
,,,,,,PLAYOFFS,,1.0,5.0,,,,4.0,Bennie Shackleford,0.0,,,,,,,,,,,,,4.0,,,,,3.0,,,,,,,,,,,,,0.0,,,,,,,,,,,,,DEN_WR_03,WR,,,,,,,,10.0,,,139.0,1,,115.0,,40.0,,,,,,,,,,,0,136.0,,,,18.0,,,,,,63.0,,,59.0,,,,
,,,,,,PLAYOFFS,,2.0,3.0,,,,4.0,Earl Reinhold,1.0,,,,,,,,,,,,,6.0,,,,,4.0,,,,,,,,,,,,,3.0,,,,,,,,,,,,,DEN_TE_02,TE,,,,,,,,14.0,,,176.0,1,,126.0,,43.0,,,,,,,,,,,0,150.0,,,,23.0,,,,,,82.0,,,73.0,,,,
,,,,,,PLAYOFFS,,0.0,1.0,,,,1.0,Jorel Prewitt,1.0,,,,,,,,,,,,,0.0,,,,,3.0,,,,,,,,,,,,,0.0,,,,,,,,,,,,,DEN_TE_03,TE,,,,,,,,3.0,,,48.0,1,,97.0,,33.0,,,,,,,,,,,0,116.0,,,,6.0,,,,,,63.0,,,20.0,,,,
,,,,,,PLAYOFFS,,,,,,,,Carlisle Cornish,,,,,,,,,,,,,,,,,,,4.0,,,1.0,,4.0,,,,,,,,,,,376.8,145.0,,,,,,,3.0,,BAL_OT_02,OT,,,,,6.0,,,,,,,0,,,7.0,118.0,53.0,,,,,,,1.0,,,0,263.0,,4.0,,,,,,,,82.0,,,,,,,
,,,,,,PLAYOFFS,,,,,,,,Bryce Schreiber,,,,,,,,,,,,,,,,,,,5.0,,,2.0,,5.0,,,,,,,,,,,480.7,183.0,,,,,,,3.0,,DEN_OT_04,OT,,,,,7.0,,,,,,,0,,,10.0,148.0,56.0,,,,,,,0.0,,,0,331.0,,5.0,,,,,,,,102.0,,,,,,,
,,,,,,PLAYOFFS,,,,,,,,Malik Gallardo,,,,,,,,,,,,,,,,,,,3.0,,,3.0,,2.0,,,,,,,,,,,275.8,108.0,,,,,,,1.0,,DEN_OG_04,OG,,,,,6.0,,,,,,,1,,,13.0,88.0,31.0,,,,,,,1.0,,,0,196.0,,3.0,,,,,,,,63.0,,,,,,,
,,,,,,PLAYOFFS,,,,,,,,Rafferty Timmerman,,,,,,,,,,,,,,,,,,,3.0,,,3.0,,2.0,,,,,,,,,,,276.3,108.0,,,,,,,2.0,,NO_C_01,C,,,,,6.0,,,,,,,1,,,10.0,88.0,33.0,,,,,,,1.0,,,0,196.0,,3.0,,,,,,,,63.0,,,,,,,
15.0,0.0,,,,,PLAYOFFS,,,,,,,,Sutton Yarborough,,,,,,,,,,,,,,,0.0,,,,9.0,,,,16.0,,,,,,,,0.0,,,,,,,226.0,1.7,,,,4.0,,BAL_EDGE_02,EDGE,,,,31.0,,,11.0,,,,,0,,,,,,19.0,,,,,4.0,,,,0,397.0,12.0,,27.0,,,6.0,,,,180.0,,,,,,,
11.0,1.0,,,,,PLAYOFFS,,,,,,,,Vaughn Zapatero,,,,,,,,,,,,,,,0.0,,,,8.0,,,,10.0,,,,,,,,0.0,,,,,,,208.0,1.03,,,,1.0,,P100114_EDGE,EDGE,,,,18.0,,,7.0,,,,,0,,,,,,13.0,,,,,1.0,,,,0,366.0,9.0,,20.0,,,5.0,,,,162.0,,,,,,,
10.0,0.0,,,,,PLAYOFFS,,,,,,,,Jesse Pflueger,,,,,,,,,,,,,,,0.0,,,,5.0,,,,3.0,,,,,,,,3.0,,,,,,,120.0,0.57,,,,3.0,,DEN_EDGE_05,EDGE,,,,6.0,,,3.0,,,,,1,,,,,,4.0,,,,,1.0,,,,0,211.0,8.0,,18.0,,,3.0,,,,102.0,,,,,,,
8.0,0.0,,,,,PLAYOFFS,,,,,,,,Rhys Selvie,,,,,,,,,,,,,,,0.0,,,,5.0,,,,6.0,,,,,,,,1.0,,,,,,,106.0,0.54,,,,3.0,,MIN_DT_04,DT,,,,9.0,,,1.0,,,,,1,,,,,,5.0,,,,,2.0,,,,0,187.0,7.0,,15.0,,,5.0,,,,102.0,,,,,,,
,,,,,,PLAYOFFS,,,,,,,,Gavin Hufanga,,,,,,,,,,,,,,,,,,,9.0,2050.0,,,,,10.0,16.0,,,492.0,,,,1874.0,,,,,,,,,,,,P100081_P,P,,,,,,43.0,,,,,,0,176.0,,,,,,,,,,,,,,0,45.0,,,,,,,,1.0,,181.0,,,,,,,
,,,,15.0,,PLAYOFFS,,17.0,63.0,,,,45.0,Arlen Hathaway,20.0,,21.0,,,,,,,,,,,107.0,,,3.0,,11.0,,,,,,,,,,,,,6.0,,,,69.0,,,,,,,,,CIN_RB_01,RB,,,,,8.0,,,231.0,,,2778.0,0,,153.0,,40.0,,,276.0,11.0,1200.0,,,,,,0,452.0,,,,343.0,,,,,,219.0,,,1243.0,453.0,,747.0,
,,,,,,PLAYOFFS,,1.0,2.0,,,,0.0,Maddox Steinkuhler,0.0,,,,,,,,,,,,,1.0,,,,,1.0,,,,,,,,,,,,,0.0,,,,,,,,,,,,,NO_WR_03,WR,,,,,,,,3.0,,,49.0,1,,32.0,,11.0,,,,,,,,,,,0,38.0,,,,6.0,,,,,,19.0,,,21.0,,,,
,,,,,,PLAYOFFS,,0.0,1.0,,,,0.0,Forrest Maunakea,0.0,,,,,,,,,,,,,0.0,,,,,1.0,,,,,,,,,,,,,0.0,,,,,,,,,,,,,LAR_TE_03,TE,,,,,,,,1.0,,,17.0,0,,36.0,,12.0,,,,,,,,,,,0,43.0,,,,2.0,,,,,,19.0,,,4.0,,,,
,,,,,,PLAYOFFS,,,,,,,,Khalil Aubert,,,,,,,,,,,,,,,,,,,8.0,,,0.0,,12.0,,,,,,,,,,,748.2,293.0,,,,,,,5.0,,SEA_OG_05,OG,,,,,14.0,,,,,,,0,,,22.0,235.0,91.0,,,,,,,2.0,,,0,528.0,,8.0,,,,,,,,158.0,,,,,,,
9.0,2.0,,,,,PLAYOFFS,,,,,,,,Devante McKissic,,,,,,,,,,,,,,,0.0,,,,5.0,,,,5.0,,,,,,,,0.0,,,,,,,132.0,0.64,,,,0.0,,P100134_EDGE,EDGE,,,,11.0,,,5.0,,,,,0,,,,,,7.0,,,,,4.0,,,,0,234.0,7.0,,16.0,,,5.0,,,,98.0,,,,,,,
2.0,0.0,,,,,PLAYOFFS,,,,,,,,Randall Navarrete,,,,,,,,,,,,,,,0.0,,,,1.0,,,,2.0,,,,,,,,0.0,,,,,,,26.0,0.19,,,,0.0,,P100265_EDGE,EDGE,,,,2.0,,,0.0,,,,,1,,,,,,3.0,,,,,0.0,,,,0,46.0,2.0,,4.0,,,1.0,,,,19.0,,,,,,,
8.0,0.0,,,,,PLAYOFFS,,,,,,,,Palmer Hamlett,,,,,,,,,,,,,,,0.0,,,,5.0,,,,4.0,,,,,,,,1.0,,,,,,,107.0,0.64,,,,1.0,,GB_DT_05,DT,,,,10.0,,,5.0,,,,,0,,,,,,10.0,,,,,2.0,,,,0,190.0,6.0,,14.0,,,5.0,,,,98.0,,,,,,,
,,,8.0,,,PLAYOFFS,,,,34.0,,,,Vann Shockley,,,,,,,,,,,,,,,,1.0,,,1.0,,,,,,,,0.0,,,,0.0,,,,,,1.0,,,,,118.8,0.0,,LAR_LB_05,LB,,,,0.0,,,,,2.0,,,1,,,,,,0.0,,,,,0.0,,,,0,44.0,1.0,,2.0,2.0,0.0,0.0,,,,19.0,,,,,29.0,,0.85
,,,,,,PLAYOFFS,,,,79.0,,,,Palmer Ludwig,,,,,,,,,,,,,,,,1.0,,,2.0,,,,,,,,0.0,,,,1.0,,,,,,1.0,,,,,175.0,2.0,,LAR_CB_05,CB,,,,,,,,,5.0,,,0,,,,,,0.0,,,,,,,,,0,102.0,4.0,,7.0,9.0,1.0,,,,,39.0,,,,,37.0,,0.95
,,,,,,PLAYOFFS,,,,160.0,,,,Rashad Fanning,,,,,,,,,,,,,,,,2.0,,,4.0,,,,,,,,0.0,,,,2.0,,,,,,1.0,,,,,344.9,0.0,,NE_S_02,S,,,,,,,,,14.0,,,0,,,,,,1.0,,,,,,,,,0,207.0,10.0,,16.0,26.0,2.0,,,,,79.0,,,,,167.0,,4.2
,,,,,,PLAYOFFS,,,,,,,,Vernon Washburn,,,,,,,,,,,,,,,,,,,9.0,1381.0,,,,,7.0,10.0,,,523.0,,,,1245.0,,,,,,,,,,,,GB_P_01,P,,,,,,29.0,,,,,,0,136.0,,,,,,,,,,,,,,0,45.0,,,,,,,,1.0,,180.0,,,,,,,
,,31.0,,,159.0,PLAYOFFS,166.0,,,,28.0,15.0,,Micah Satterfield,,7.0,,,,,,,,,,,,84.0,,,3.0,1.0,7.0,,,,,,,,1.0,,,,,,,234.0,,,,,,17.0,1784.0,,,51.0,GB_QB_01,QB,75.0,38.0,367.0,,,,,,,,,0,,,,,,,28.0,,106.0,91.0,,,14.0,15.0,0,451.0,,7.0,,,,,16.0,,3.0,138.0,,,,,,,
,,,,4.0,,PLAYOFFS,,4.0,7.0,,,,5.0,Maverick Taliaferro,3.0,,4.0,,,,,,,,,,,10.0,,,1.0,,3.0,,,,,,,,,,,,,0.0,,,,11.0,,,,,,,,,JAX_RB_01,RB,,,,,2.0,,,21.0,,,249.0,1,,28.0,,7.0,,,24.0,,101.0,,,,,,0,85.0,,,,31.0,,,,,,60.0,,,90.0,33.0,,68.0,
,,,,,,PLAYOFFS,,6.0,11.0,,,,7.0,Denzel Wrighster,4.0,,,,,,,,,,,,,14.0,,,,,9.0,,,,,,,,,,,,,5.0,,,,,,,,,,,,,GB_WR_06,WR,,,,,,,,38.0,,4.0,501.0,0,,340.0,,115.0,,,,,,,,,,,0,401.0,,,,68.0,,,,,,180.0,,,182.0,,,,
,,,,,,PLAYOFFS,,1.0,2.0,,,,4.0,Kane Slaughter,0.0,,,,,,,,,,,,,7.0,,,,,4.0,,,,,,,,,,,,,0.0,,,,,,,,,,,,,GB_WR_04,WR,,,,,,,,19.0,,1.0,228.0,1,,142.0,,48.0,,,,,,,,,,,0,167.0,,,,33.0,,,,,,80.0,,,69.0,,,,
,,,,,,PLAYOFFS,,1.0,1.0,,,,3.0,Samir Lemieux,1.0,,,,,,,,,,,,,5.0,,,,,3.0,,,,,,,,,,,,,1.0,,,,,,,,,,,,,P100293_WR,WR,,,,,,,,10.0,,2.0,125.0,0,,105.0,,35.0,,,,,,,,,,,0,124.0,,,,17.0,,,,,,60.0,,,61.0,,,,
,,,,,,PLAYOFFS,,2.0,3.0,,,,4.0,Arch Grantham,2.0,,,,,,,,,,,,,4.0,,,,,5.0,,,,,,,,,,,,,2.0,,,,,,,,,,,,,GB_TE_03,TE,,,,,,,,11.0,,,153.0,0,,176.0,,61.0,,,,,,,,,,,0,209.0,,,,23.0,,,,,,98.0,,,64.0,,,,
,,,,,,PLAYOFFS,,1.0,2.0,,,,4.0,Jace Sinnott,1.0,,,,,,,,,,,,,7.0,,,,,4.0,,,,,,,,,,,,,2.0,,,,,,,,,,,,,GB_TE_02,TE,,,,,,,,16.0,,,195.0,1,,129.0,,45.0,,,,,,,,,,,0,153.0,,,,29.0,,,,,,80.0,,,84.0,,,,
,,,,,,PLAYOFFS,,,,,,,,Kieran Herrera,,,,,,,,,,,,,,,,,,,3.0,,,1.0,,2.0,,,,,,,,,,,273.3,102.0,,,,,,,2.0,,GB_OT_02,OT,,,,,4.0,,,,,,,1,,,9.0,83.0,32.0,,,,,,,2.0,,,0,185.0,,3.0,,,,,,,,60.0,,,,,,,
,,,,,,PLAYOFFS,,,,,,,,Ruben Salvador,,,,,,,,,,,,,,,,,,,3.0,,,0.0,,8.0,,,,,,,,,,,276.7,108.0,,,,,,,1.0,,P100070_OT,OT,,,,,8.0,,,,,,,1,,,14.0,86.0,27.0,,,,,,,0.0,,,0,194.0,,3.0,,,,,,,,60.0,,,,,,,
,,,,,,PLAYOFFS,,,,,,,,Hasani Sanborn,,,,,,,,,,,,,,,,,,,6.0,,,4.0,,4.0,,,,,,,,,,,571.6,215.0,,,,,,,4.0,,JAX_OG_02,OG,,,,,8.0,,,,,,,0,,,15.0,175.0,74.0,,,,,,,1.0,,,0,390.0,,6.0,,,,,,,,118.0,,,,,,,
,,,,,,PLAYOFFS,,,,,,,,Arch Harrell,,,,,,,,,,,,,,,,,,,7.0,,,6.0,,13.0,,,,,,,,,,,629.5,257.0,,,,,,,5.0,,GB_C_02,C,,,,,21.0,,,,,,,0,,,14.0,210.0,89.0,,,,,,,2.0,,,0,467.0,,7.0,,,,,,,,138.0,,,,,,,
7.0,1.0,,,,,PLAYOFFS,,,,,,,,Beckham Lowery,,,,,,,,,,,,,,,0.0,,,,4.0,,,,5.0,,,,,,,,2.0,,,,,,,102.0,0.58,,,,2.0,,GB_EDGE_01,EDGE,,,,8.0,,,2.0,,,,,1,,,,,,6.0,,,,,1.0,,,,0,180.0,7.0,,14.0,,,2.0,,,,80.0,,,,,,,
11.0,0.0,,,,,PLAYOFFS,,,,,,,,Tyree Oduya,,,,,,,,,,,,,,,1.0,,,,7.0,,,,16.0,,,,,,,,4.0,,,,,,,180.0,1.06,,,,2.0,,GB_EDGE_03,EDGE,,,,21.0,,,4.0,,,,,0,,,,,,16.0,,,,,1.0,,,,0,318.0,11.0,,22.0,,,4.0,,,,137.0,,,,,,,
4.0,0.0,,,,,PLAYOFFS,,,,,,,,Jarrett Bracken,,,,,,,,,,,,,,,0.0,,,,3.0,,,,4.0,,,,,,,,2.0,,,,,,,71.0,0.41,,,,2.0,,GB_EDGE_02,EDGE,,,,5.0,,,1.0,,,,,1,,,,,,5.0,,,,,0.0,,,,0,126.0,4.0,,8.0,,,2.0,,,,60.0,,,,,,,
5.0,0.0,,,,,PLAYOFFS,,,,,,,,Morgan Westbrook,,,,,,,,,,,,,,,0.0,,,,4.0,,,,9.0,,,,,,,,0.0,,,,,,,89.0,0.56,,,,2.0,,GB_DT_04,DT,,,,9.0,,,0.0,,,,,0,,,,,,3.0,,,,,0.0,,,,0,157.0,4.0,,9.0,,,2.0,,,,80.0,,,,,,,
,,,79.0,,,PLAYOFFS,,,,427.0,,,,Vince Batiste,,,,,,,,,,,,,,,,6.0,,,12.0,,,,,,,,0.0,,,,5.0,,,,,,4.0,,,,,947.0,4.0,,GB_LB_03,LB,,,,9.0,,,,,24.0,,,1,,,,,,7.0,,,,,1.0,,,,0,554.0,37.0,,59.0,47.0,3.0,11.0,,,,245.0,,,,,304.0,,8.55
,,,25.0,,,PLAYOFFS,,,,163.0,,,,Stefano Nakoa,,,,,,,,,,,,,,,,3.0,,,5.0,,,,,,,,0.0,,,,2.0,,,,,,2.0,,,,,467.6,0.0,,P100185_LB,LB,,,,2.0,,,,,12.0,,,1,,,,,,5.0,,,,,0.0,,,,0,212.0,17.0,,26.0,18.0,2.0,4.0,,,,99.0,,,,,137.0,,4.11
,,,,,,PLAYOFFS,,,,112.0,,,,Baylor Gaskins,,,,,,,,,,,,,,,,2.0,,,3.0,,,,,,,,0.0,,,,1.0,,,,,,1.0,,,,,239.8,1.0,,GB_CB_05,CB,,,,,,,,,7.0,,,1,,,,,,1.0,,,,,,,,,0,145.0,9.0,,15.0,9.0,0.0,,,,,60.0,,,,,45.0,,1.29
,,,,,,PLAYOFFS,,,,268.0,,,,Dakari Kolodziej,,,,,,,,,,,,,,,,6.0,,,7.0,,,,,,,,0.0,,,,2.0,,,,,,2.0,,,,,681.8,0.0,,P100131_CB,CB,,,,,,,,,26.0,,,0,,,,,,3.0,,,,,,,,,0,348.0,19.0,,31.0,34.0,1.0,,,,,138.0,,,,,328.0,,8.48
,,,,,,PLAYOFFS,,,,192.0,,,,Sinclair Derozan,,,,,,,,,,,,,,,,4.0,,,5.0,,,,,,,,0.0,,,,3.0,,,,,,0.0,,,,,574.8,1.0,,P100180_CB,CB,,,,,,,,,22.0,,,0,,,,,,4.0,,,,,,,,,0,248.0,8.0,,15.0,29.0,3.0,,,,,99.0,,,,,264.0,,6.91
,,,,,,PLAYOFFS,,,,158.0,,,,Ridge Edelman,,,,,,,,,,,,,,,,3.0,,,4.0,,,,,,,,0.0,,,,1.0,,,,,,1.0,,,,,482.4,0.0,,DET_S_03,S,,,,,,,,,10.0,,,1,,,,,,3.0,,,,,,,,,0,204.0,9.0,,14.0,12.0,2.0,,,,,80.0,,,,,130.0,,3.36
,,,,,,PLAYOFFS,,,,154.0,,,,Blaze McDermott,,,,,,,,,,,,,,,,3.0,,,4.0,,,,,,,,0.0,,,,3.0,,,,,,1.0,,,,,307.2,1.0,,GB_S_01,S,,,,,,,,,10.0,,,1,,,,,,3.0,,,,,,,,,0,199.0,16.0,,24.0,21.0,1.0,,,,,80.0,,,,,117.0,,3.04
,,,,,,PLAYOFFS,,,,114.0,,,,Neville Rinaldi,,,,,,,,,,,,,,,,3.0,,,3.0,,,,,,,,0.0,,,,2.0,,,,,,1.0,,,,,264.6,0.0,,GB_S_03,S,,,,,,,,,9.0,,,0,,,,,,0.0,,,,,,,,,0,148.0,7.0,,11.0,13.0,0.0,,,,,60.0,,,,,130.0,,3.55
,,,,,,PLAYOFFS,,,,,,,,Hendrix Chappell,,,,7.0,3.0,0.0,0.0,2.0,6.0,3.0,0.0,0.0,2.0,,,,,,6.0,,0.0,,,,,,,26.0,,170.0,,,,,,,,,,,,,,,P100052_K,K,,,,,,,,,,,,0,,,,,,,,,,,,,,,0,36.0,,,,,,,,16.0,,118.0,16.0,16.0,,,,,
,,31.0,,,186.0,PLAYOFFS,186.0,,,,35.0,17.0,,Joaquin McCandless,,8.0,,,,,,,,,,,,81.0,,,1.0,1.0,8.0,,,,,,,,2.0,,,,,,,272.0,,,,,,21.0,2431.0,,,62.0,CHI_QB_01,QB,86.0,38.0,326.0,,,,,,,,,0,,,,,,,30.0,,133.0,110.0,,,18.0,20.0,0,496.0,,8.0,,,,,16.0,,7.0,164.0,,,,,,,
,,,,,,PLAYOFFS,,8.0,20.0,,,,15.0,Tyrell Creswell,5.0,,,,,,,,,,,,,21.0,,,,,12.0,,,,,,,,,,,,,7.0,,,,,,,,,,,,,KC_WR_01,WR,,,,,,,,52.0,,3.0,637.0,0,,455.0,,156.0,,,,,,,,,,,0,537.0,,,,86.0,,,,,,246.0,,,274.0,,,,
,,,,,,PLAYOFFS,,2.0,2.0,,,,1.0,Lorenzo Gaddis,1.0,,,,,,,,,,,,,0.0,,,,,4.0,,,,,,,,,,,,,7.0,,,,,,,,,,,,,P100022_WR,WR,,,,,,,,5.0,,,86.0,0,,151.0,,52.0,,,,,,,,,,,0,178.0,,,,9.0,,,,,,82.0,,,34.0,,,,
,,,,,,PLAYOFFS,,,,,,,,Cassian Calloway,,,,,,,,,,,,,,,,,,,4.0,,,1.0,,3.0,,,,,,,,,,,389.1,145.0,,,,,,,5.0,,DET_OG_04,OG,,,,,4.0,,,,,,,0,,,9.0,115.0,52.0,,,,,,,0.0,,,0,260.0,,4.0,,,,,,,,82.0,,,,,,,
19.0,1.0,,,,,PLAYOFFS,,,,,,,,Dax Holbrook,,,,,,,,,,,,,,,1.0,,,,12.0,,,,16.0,,,,,,,,3.0,,,,,,,290.0,2.0,,,,1.0,,ARI_EDGE_02,EDGE,,,,29.0,,,11.0,,,,,0,,,,,,26.0,,,,,3.0,,,,0,512.0,13.0,,32.0,,,5.0,,,,246.0,,,,,,,
14.0,1.0,,,,,PLAYOFFS,,,,,,,,Sherman Whitcomb,,,,,,,,,,,,,,,2.0,,,,8.0,,,,13.0,,,,,,,,6.0,,,,,,,200.0,1.15,,,,3.0,,PIT_EDGE_03,EDGE,,,,16.0,,,2.0,,,,,0,,,,,,12.0,,,,,1.0,,,,0,352.0,13.0,,27.0,,,1.0,,,,161.0,,,,,,,
8.0,1.0,,,,,PLAYOFFS,,,,,,,,Quade Harkness,,,,,,,,,,,,,,,1.0,,,,7.0,,,,6.0,,,,,,,,0.0,,,,,,,147.0,0.99,,,,0.0,,DET_DT_04,DT,,,,15.0,,,6.0,,,,,0,,,,,,16.0,,,,,4.0,,,,0,259.0,6.0,,14.0,,,1.0,,,,140.0,,,,,,,
,,,49.0,,,PLAYOFFS,,,,277.0,,,,Derrick Holliday,,,,,,,,,,,,,,,,8.0,,,8.0,,,,,,,,0.0,,,,3.0,,,,,,4.0,,,,,569.9,1.0,,BAL_LB_01,LB,,,,5.0,,,,,13.0,,,1,,,,,,5.0,,,,,0.0,,,,0,358.0,27.0,,41.0,24.0,1.0,7.0,,,,164.0,,,,,146.0,,4.24
,,,,,,PLAYOFFS,,,,401.0,,,,Tristan Sokolowski,,,,,,,,,,,,,,,,6.0,,,10.0,,,,,,,,1.0,,,,5.0,,,,,,2.0,,,,,1020.2,2.0,,ARI_S_02,S,,,,,,,,,39.0,,,1,,,,,,5.0,,,,,,,,,0,519.0,29.0,,47.0,50.0,2.0,,,,,205.0,,,,,487.0,,12.36
,,3.0,,,24.0,PLAYOFFS,24.0,,,,4.0,2.0,,Trace Oakman,,0.0,,,,,,,,,,,,11.0,,,0.0,0.0,1.0,,,,,,,,0.0,,,,,,,30.0,,,,,,2.0,215.0,,,9.0,SEA_QB_01,QB,6.0,1.0,9.0,,,,,,,,,1,,,,,,,4.0,,22.0,7.0,,,1.0,2.0,0,62.0,,1.0,,,,,2.0,,3.0,19.0,,,,,,,
,,,,0.0,,PLAYOFFS,,3.0,5.0,,,,7.0,Peyson Aguilar,0.0,,3.0,,,,,,,,,,,16.0,,,0.0,,3.0,,,,,,,,,,,,,0.0,,,,12.0,,,,,,,,,P100087_RB,RB,,,,,0.0,,,33.0,,,378.0,0,,23.0,,6.0,,,35.0,5.0,176.0,,,,,,0,69.0,,,,42.0,,,,,,58.0,,,152.0,80.0,,96.0,
,,,,,,PLAYOFFS,,0.0,2.0,,,,0.0,Lucian Debose,2.0,,,,,,,,,,,,,4.0,,,,,2.0,,,,,,,,,,,,,1.0,,,,,,,,,,,,,SEA_WR_03,WR,,,,,,,,11.0,,,114.0,1,,78.0,,27.0,,,,,,,,,,,0,92.0,,,,17.0,,,,,,38.0,,,42.0,,,,
,,,,,,PLAYOFFS,,2.0,6.0,,,,6.0,Rigby Sagapolutele,0.0,,,,,,,,,,,,,13.0,,,,,7.0,,,,,,,,,,,,,3.0,,,,,,,,,,,,,SEA_WR_02,WR,,,,,,,,32.0,,4.0,431.0,0,,266.0,,90.0,,,,,,,,,,,0,314.0,,,,59.0,,,,,,137.0,,,168.0,,,,
,,,,,,PLAYOFFS,,0.0,2.0,,,,5.0,Basil Donnelly,2.0,,,,,,,,,,,,,7.0,,,,,4.0,,,,,,,,,,,,,3.0,,,,,,,,,,,,,SEA_WR_01,WR,,,,,,,,19.0,,,208.0,0,,141.0,,48.0,,,,,,,,,,,0,166.0,,,,29.0,,,,,,78.0,,,60.0,,,,
,,,,,,PLAYOFFS,,0.0,0.0,,,,0.0,Zamir Sandidge,0.0,,,,,,,,,,,,,0.0,,,,,1.0,,,,,,,,,,,,,1.0,,,,,,,,,,,,,SEA_WR_04,WR,,,,,,,,1.0,,,15.0,1,,40.0,,14.0,,,,,,,,,,,0,47.0,,,,2.0,,,,,,19.0,,,6.0,,,,
,,,,,,PLAYOFFS,,0.0,4.0,,,,7.0,Moses Puglisi,1.0,,,,,,,,,,,,,3.0,,,,,7.0,,,,,,,,,,,,,5.0,,,,,,,,,,,,,LAC_TE_01,TE,,,,,,,,15.0,,,192.0,0,,244.0,,84.0,,,,,,,,,,,0,289.0,,,,27.0,,,,,,140.0,,,90.0,,,,
,,,,,,PLAYOFFS,,,,,,,,Lincoln Dillard,,,,,,,,,,,,,,,,,,,4.0,,,0.0,,5.0,,,,,,,,,,,377.4,150.0,,,,,,,3.0,,SEA_OT_02,OT,,,,,6.0,,,,,,,1,,,8.0,120.0,56.0,,,,,,,1.0,,,0,270.0,,4.0,,,,,,,,82.0,,,,,,,
,,,,,,PLAYOFFS,,,,,,,,Soren Grissom,,,,,,,,,,,,,,,,,,,1.0,,,0.0,,2.0,,,,,,,,,,,94.4,36.0,,,,,,,0.0,,SEA_OT_01,OT,,,,,2.0,,,,,,,1,,,3.0,30.0,10.0,,,,,,,0.0,,,0,66.0,,1.0,,,,,,,,19.0,,,,,,,
,,,,,,PLAYOFFS,,,,,,,,Jordy Blakeney,,,,,,,,,,,,,,,,,,,3.0,,,0.0,,2.0,,,,,,,,,,,294.4,108.0,,,,,,,2.0,,SEA_OG_01,OG,,,,,2.0,,,,,,,0,,,7.0,88.0,46.0,,,,,,,0.0,,,0,196.0,,3.0,,,,,,,,58.0,,,,,,,
,,,,,,PLAYOFFS,,,,,,,,Demetrius Warrick,,,,,,,,,,,,,,,,,,,2.0,,,1.0,,0.0,,,,,,,,,,,197.1,69.0,,,,,,,1.0,,SEA_C_01,C,,,,,1.0,,,,,,,0,,,5.0,56.0,25.0,,,,,,,0.0,,,0,125.0,,2.0,,,,,,,,38.0,,,,,,,
3.0,0.0,,,,,PLAYOFFS,,,,,,,,Norwood Carvalho,,,,,,,,,,,,,,,0.0,,,,2.0,,,,5.0,,,,,,,,0.0,,,,,,,43.0,0.4,,,,0.0,,MIN_EDGE_02,EDGE,,,,6.0,,,0.0,,,,,0,,,,,,6.0,,,,,1.0,,,,0,75.0,2.0,,5.0,,,1.0,,,,38.0,,,,,,,
7.0,2.0,,,,,PLAYOFFS,,,,,,,,Lars Stanfield,,,,,,,,,,,,,,,0.0,,,,5.0,,,,7.0,,,,,,,,1.0,,,,,,,127.0,0.79,,,,0.0,,BUF_EDGE_01,EDGE,,,,15.0,,,4.0,,,,,0,,,,,,10.0,,,,,7.0,,,,0,225.0,7.0,,14.0,,,1.0,,,,97.0,,,,,,,
3.0,0.0,,,,,PLAYOFFS,,,,,,,,Arch McCourty,,,,,,,,,,,,,,,0.0,,,,2.0,,,,2.0,,,,,,,,0.0,,,,,,,57.0,0.24,,,,0.0,,P100066_EDGE,EDGE,,,,5.0,,,2.0,,,,,0,,,,,,4.0,,,,,1.0,,,,0,100.0,3.0,,6.0,,,1.0,,,,38.0,,,,,,,
2.0,1.0,,,,,PLAYOFFS,,,,,,,,Baldwin Dubois,,,,,,,,,,,,,,,0.0,,,,1.0,,,,0.0,,,,,,,,0.0,,,,,,,24.0,0.05,,,,0.0,,P100012_DT,DT,,,,0.0,,,0.0,,,,,1,,,,,,1.0,,,,,0.0,,,,0,42.0,1.0,,3.0,,,0.0,,,,19.0,,,,,,,
2.0,0.0,,,,,PLAYOFFS,,,,,,,,Angus Halloran,,,,,,,,,,,,,,,0.0,,,,1.0,,,,0.0,,,,,,,,0.0,,,,,,,20.0,0.14,,,,0.0,,SEA_DT_05,DT,,,,1.0,,,1.0,,,,,1,,,,,,1.0,,,,,0.0,,,,0,36.0,1.0,,3.0,,,1.0,,,,19.0,,,,,,,
2.0,1.0,,,,,PLAYOFFS,,,,,,,,Onyx Rousseau,,,,,,,,,,,,,,,0.0,,,,1.0,,,,1.0,,,,,,,,1.0,,,,,,,24.0,0.09,,,,0.0,,SEA_DT_03,DT,,,,1.0,,,0.0,,,,,1,,,,,,1.0,,,,,0.0,,,,0,43.0,2.0,,4.0,,,1.0,,,,19.0,,,,,,,
,,,13.0,,,PLAYOFFS,,,,71.0,,,,Darian Appleton,,,,,,,,,,,,,,,,0.0,,,2.0,,,,,,,,0.0,,,,0.0,,,,,,0.0,,,,,170.9,0.0,,SEA_LB_01,LB,,,,0.0,,,,,2.0,,,1,,,,,,1.0,,,,,0.0,,,,0,92.0,6.0,,10.0,3.0,0.0,2.0,,,,38.0,,,,,23.0,,0.68
,,,9.0,,,PLAYOFFS,,,,70.0,,,,Hank Hickenbotham,,,,,,,,,,,,,,,,2.0,,,2.0,,,,,,,,0.0,,,,2.0,,,,,,1.0,,,,,192.6,1.0,,SEA_LB_04,LB,,,,2.0,,,,,7.0,,,1,,,,,,1.0,,,,,0.0,,,,0,90.0,10.0,,15.0,10.0,0.0,1.0,,,,38.0,,,,,84.0,,2.4
,,,10.0,,,PLAYOFFS,,,,35.0,,,,Mekai Babineaux,,,,,,,,,,,,,,,,2.0,,,1.0,,,,,,,,0.0,,,,3.0,,,,,,0.0,,,,,84.0,1.0,,SEA_LB_05,LB,,,,0.0,,,,,2.0,,,1,,,,,,1.0,,,,,0.0,,,,0,46.0,5.0,,7.0,3.0,0.0,1.0,,,,19.0,,,,,19.0,,0.54
,,,,,,PLAYOFFS,,,,38.0,,,,Sidney Cravens,,,,,,,,,,,,,,,,1.0,,,1.0,,,,,,,,0.0,,,,0.0,,,,,,1.0,,,,,72.9,0.0,,SEA_CB_02,CB,,,,,,,,,2.0,,,1,,,,,,1.0,,,,,,,,,0,49.0,0.0,,1.0,4.0,0.0,,,,,19.0,,,,,28.0,,0.74
,,,,,,PLAYOFFS,,,,38.0,,,,Antoine Benavides,,,,,,,,,,,,,,,,0.0,,,1.0,,,,,,,,0.0,,,,1.0,,,,,,0.0,,,,,91.4,1.0,,SEA_CB_03,CB,,,,,,,,,5.0,,,0,,,,,,0.0,,,,,,,,,0,49.0,2.0,,3.0,7.0,0.0,,,,,19.0,,,,,50.0,,1.32
,,,,,,PLAYOFFS,,,,113.0,,,,Colston Paulson,,,,,,,,,,,,,,,,2.0,,,3.0,,,,,,,,0.0,,,,3.0,,,,,,1.0,,,,,224.4,2.0,,SEA_CB_05,CB,,,,,,,,,4.0,,,0,,,,,,3.0,,,,,,,,,0,147.0,8.0,,13.0,7.0,1.0,,,,,57.0,,,,,28.0,,0.78
,,,,,,PLAYOFFS,,,,36.0,,,,Jabari Pepperell,,,,,,,,,,,,,,,,0.0,,,1.0,,,,,,,,0.0,,,,0.0,,,,,,0.0,,,,,106.2,0.0,,SEA_CB_06,CB,,,,,,,,,2.0,,,1,,,,,,1.0,,,,,,,,,0,47.0,2.0,,4.0,3.0,0.0,,,,,19.0,,,,,35.0,,0.97
,,,,,,PLAYOFFS,,,,31.0,,,,Rowan Debose,,,,,,,,,,,,,,,,0.0,,,1.0,,,,,,,,0.0,,,,0.0,,,,,,0.0,,,,,158.3,0.0,,SEA_S_02,S,,,,,,,,,2.0,,,1,,,,,,0.0,,,,,,,,,0,41.0,3.0,,5.0,2.0,1.0,,,,,19.0,,,,,27.0,,0.87
,,,,,,PLAYOFFS,,,,37.0,,,,Riggs Benavides,,,,,,,,,,,,,,,,2.0,,,1.0,,,,,,,,1.0,,,,0.0,,,,,,1.0,,,,,16.7,0.0,,SEA_S_01,S,,,,,,,,,2.0,,,1,,,,,,1.0,,,,,,,,,0,48.0,0.0,,1.0,4.0,0.0,,,,,19.0,,,,,12.0,,0.32
,,,,,,PLAYOFFS,,,,43.0,,,,Idris Poindexter,,,,,,,,,,,,,,,,0.0,,,1.0,,,,,,,,0.0,,,,1.0,,,,,,0.0,,,,,39.6,0.0,,P100166_S,S,,,,,,,,,0.0,,,0,,,,,,1.0,,,,,,,,,0,56.0,2.0,,4.0,0.0,0.0,,,,,19.0,,,,,0.0,,0.0
,,,,,,PLAYOFFS,,,,,,,,Deshaun Wanogho,,,,7.0,3.0,1.0,2.0,3.0,6.0,3.0,0.0,1.0,3.0,,,,,,5.0,,1.0,,,,,,,19.0,,183.0,,,,,,,,,,,,,,,SEA_K_01,K,,,,,,,,,,,,0,,,,,,,,,,,,,,,0,30.0,,,,,,,,14.0,,99.0,9.0,8.0,,,,,
,,,,6.0,,PLAYOFFS,,9.0,16.0,,,,18.0,Tyrell Dumervil,9.0,,16.0,,,,,,,,,,,30.0,,,0.0,,4.0,,,,,,,,,,,,,3.0,,,,24.0,,,,,,,,,WAS_RB_01,RB,,,,,1.0,,,66.0,,,796.0,1,,45.0,,12.0,,,90.0,2.0,422.0,,,,,,0,137.0,,,,105.0,,,,,,78.0,,,457.0,177.0,,245.0,
,,,,3.0,,PLAYOFFS,,3.0,4.0,,,,3.0,Harvey Jernigan,2.0,,0.0,,,,,,,,,,,4.0,,,1.0,,2.0,,,,,,,,,,,,,1.0,,,,11.0,,,,,,,,,WAS_RB_02,RB,,,,,0.0,,,10.0,,,118.0,0,,14.0,,3.0,,,13.0,,76.0,,,,,,0,43.0,,,,16.0,,,,,,39.0,,,48.0,44.0,,32.0,
,,,,3.0,,PLAYOFFS,,0.0,2.0,,,,3.0,Peyson Bancroft,1.0,,2.0,,,,,,,,,,,3.0,,,0.0,,5.0,,,,,,,,,,,,,0.0,,,,32.0,,,,,,,,,P100168_RB,RB,,,,,3.0,,,10.0,,,149.0,0,,26.0,,6.0,,,15.0,,75.0,,,,,,0,85.0,,,,19.0,,,,,,99.0,,,66.0,34.0,,41.0,
,,,,,,PLAYOFFS,,2.0,2.0,,,,5.0,Royce Waterhouse,2.0,,,,,,,,,,,,,10.0,,,,,2.0,,,,,,,,,,,,,3.0,,,,,,,,,,,,,WAS_WR_02,WR,,,,,,,,16.0,,1.0,176.0,1,,72.0,,25.0,,,,,,,,,,,0,85.0,,,,29.0,,,,,,39.0,,,68.0,,,,
,,,,,,PLAYOFFS,,3.0,5.0,,,,1.0,Woodrow Smallwood,1.0,,,,,,,,,,,,,4.0,,,,,2.0,,,,,,,,,,,,,1.0,,,,,,,,,,,,,DAL_WR_01,WR,,,,,,,,12.0,,,139.0,0,,72.0,,24.0,,,,,,,,,,,0,85.0,,,,23.0,,,,,,39.0,,,56.0,,,,
,,,,,,PLAYOFFS,,0.0,1.0,,,,2.0,Patton Kowalski,0.0,,,,,,,,,,,,,5.0,,,,,5.0,,,,,,,,,,,,,2.0,,,,,,,,,,,,,WAS_TE_01,TE,,,,,,,,14.0,,1.0,168.0,0,,149.0,,52.0,,,,,,,,,,,0,176.0,,,,24.0,,,,,,96.0,,,72.0,,,,
,,,,,,PLAYOFFS,,,,,,,,Creed Linscomb,,,,,,,,,,,,,,,,,,,2.0,,,2.0,,1.0,,,,,,,,,,,181.5,72.0,,,,,,,1.0,,WAS_OT_02,OT,,,,,4.0,,,,,,,0,,,3.0,57.0,24.0,,,,,,,1.0,,,0,129.0,,2.0,,,,,,,,39.0,,,,,,,
,,,,,,PLAYOFFS,,,,,,,,Eli Loflin,,,,,,,,,,,,,,,,,,,2.0,,,0.0,,2.0,,,,,,,,,,,183.4,67.0,,,,,,,1.0,,WAS_OT_04,OT,,,,,3.0,,,,,,,0,,,3.0,54.0,18.0,,,,,,,1.0,,,0,121.0,,2.0,,,,,,,,39.0,,,,,,,
,,,,,,PLAYOFFS,,,,,,,,Nehemiah Stonehouse,,,,,,,,,,,,,,,,,,,6.0,,,1.0,,6.0,,,,,,,,,,,570.0,215.0,,,,,,,3.0,,WAS_OG_02,OG,,,,,8.0,,,,,,,0,,,14.0,175.0,75.0,,,,,,,1.0,,,0,390.0,,6.0,,,,,,,,121.0,,,,,,,
,,,,,,PLAYOFFS,,,,,,,,Kermit Shepley,,,,,,,,,,,,,,,,,,,2.0,,,0.0,,2.0,,,,,,,,,,,184.3,68.0,,,,,,,2.0,,WAS_OG_03,OG,,,,,3.0,,,,,,,1,,,6.0,56.0,18.0,,,,,,,1.0,,,0,124.0,,2.0,,,,,,,,39.0,,,,,,,
,,,,,,PLAYOFFS,,,,,,,,Landry Courtland,,,,,,,,,,,,,,,,,,,2.0,,,0.0,,2.0,,,,,,,,,,,184.0,69.0,,,,,,,0.0,,GB_C_01,C,,,,,3.0,,,,,,,0,,,6.0,56.0,22.0,,,,,,,1.0,,,0,125.0,,2.0,,,,,,,,39.0,,,,,,,
3.0,0.0,,,,,PLAYOFFS,,,,,,,,Briggs Buckhalter,,,,,,,,,,,,,,,0.0,,,,2.0,,,,5.0,,,,,,,,1.0,,,,,,,51.0,0.25,,,,0.0,,P100191_EDGE,EDGE,,,,6.0,,,1.0,,,,,0,,,,,,4.0,,,,,0.0,,,,0,90.0,4.0,,7.0,,,2.0,,,,39.0,,,,,,,
3.0,0.0,,,,,PLAYOFFS,,,,,,,,Wade Barsotti,,,,,,,,,,,,,,,0.0,,,,2.0,,,,2.0,,,,,,,,1.0,,,,,,,48.0,0.23,,,,0.0,,WAS_EDGE_05,EDGE,,,,4.0,,,2.0,,,,,1,,,,,,2.0,,,,,2.0,,,,0,85.0,1.0,,4.0,,,0.0,,,,39.0,,,,,,,
3.0,1.0,,,,,PLAYOFFS,,,,,,,,Ajani Glenn,,,,,,,,,,,,,,,0.0,,,,2.0,,,,5.0,,,,,,,,1.0,,,,,,,49.0,0.27,,,,0.0,,P100021_EDGE,EDGE,,,,5.0,,,0.0,,,,,0,,,,,,2.0,,,,,0.0,,,,0,87.0,2.0,,5.0,,,2.0,,,,39.0,,,,,,,
3.0,0.0,,,,,PLAYOFFS,,,,,,,,Augustus Winchester,,,,,,,,,,,,,,,0.0,,,,2.0,,,,3.0,,,,,,,,0.0,,,,,,,38.0,0.25,,,,0.0,,WAS_DT_05,DT,,,,3.0,,,0.0,,,,,0,,,,,,1.0,,,,,0.0,,,,0,68.0,1.0,,4.0,,,0.0,,,,39.0,,,,,,,
4.0,0.0,,,,,PLAYOFFS,,,,,,,,Stryker Roscoe,,,,,,,,,,,,,,,0.0,,,,2.0,,,,2.0,,,,,,,,1.0,,,,,,,37.0,0.36,,,,1.0,,P100228_DT,DT,,,,4.0,,,0.0,,,,,0,,,,,,4.0,,,,,2.0,,,,0,66.0,6.0,,10.0,,,2.0,,,,39.0,,,,,,,
,,,11.0,,,PLAYOFFS,,,,62.0,,,,Remy Dobbins,,,,,,,,,,,,,,,,1.0,,,2.0,,,,,,,,0.0,,,,3.0,,,,,,1.0,,,,,194.8,1.0,,CIN_LB_01,LB,,,,1.0,,,,,7.0,,,1,,,,,,3.0,,,,,0.0,,,,0,81.0,6.0,,9.0,10.0,0.0,2.0,,,,39.0,,,,,105.0,,3.39
,,,22.0,,,PLAYOFFS,,,,99.0,,,,Vance Rutledge,,,,,,,,,,,,,,,,1.0,,,3.0,,,,,,,,0.0,,,,1.0,,,,,,0.0,,,,,241.1,2.0,,SEA_LB_03,LB,,,,5.0,,,,,9.0,,,1,,,,,,3.0,,,,,1.0,,,,0,129.0,11.0,,17.0,15.0,0.0,4.0,,,,58.0,,,,,104.0,,3.18
,,,11.0,,,PLAYOFFS,,,,73.0,,,,Obadiah Dungy,,,,,,,,,,,,,,,,1.0,,,2.0,,,,,,,,0.0,,,,0.0,,,,,,1.0,,,,,150.7,0.0,,WAS_LB_05,LB,,,,1.0,,,,,7.0,,,1,,,,,,2.0,,,,,0.0,,,,0,95.0,7.0,,11.0,11.0,0.0,1.0,,,,39.0,,,,,60.0,,1.73
,,,,,,PLAYOFFS,,,,82.0,,,,Elian Horvath,,,,,,,,,,,,,,,,1.0,,,2.0,,,,,,,,0.0,,,,1.0,,,,,,0.0,,,,,243.7,1.0,,WAS_CB_01,CB,,,,,,,,,5.0,,,1,,,,,,4.0,,,,,,,,,0,107.0,4.0,,8.0,6.0,1.0,,,,,39.0,,,,,69.0,,1.7
,,,,,,PLAYOFFS,,,,73.0,,,,Tadeo Roundtree,,,,,,,,,,,,,,,,1.0,,,2.0,,,,,,,,0.0,,,,1.0,,,,,,1.0,,,,,163.1,1.0,,FA_CB_029,CB,,,,,,,,,4.0,,,1,,,,,,0.0,,,,,,,,,0,94.0,2.0,,5.0,5.0,0.0,,,,,39.0,,,,,29.0,,0.85
,,,,,,PLAYOFFS,,,,75.0,,,,Zeke Legette,,,,,,,,,,,,,,,,2.0,,,2.0,,,,,,,,0.0,,,,1.0,,,,,,0.0,,,,,169.5,1.0,,WAS_CB_06,CB,,,,,,,,,6.0,,,1,,,,,,0.0,,,,,,,,,0,98.0,7.0,,11.0,8.0,0.0,,,,,39.0,,,,,89.0,,2.44
,,,,,,PLAYOFFS,,,,114.0,,,,Conrad Zenner,,,,,,,,,,,,,,,,1.0,,,3.0,,,,,,,,0.0,,,,2.0,,,,,,1.0,,,,,219.6,1.0,,P100063_CB,CB,,,,,,,,,8.0,,,0,,,,,,3.0,,,,,,,,,0,148.0,6.0,,11.0,15.0,0.0,,,,,58.0,,,,,96.0,,2.51
,,,,,,PLAYOFFS,,,,191.0,,,,Hank Renfrow,,,,,,,,,,,,,,,,4.0,,,5.0,,,,,,,,0.0,,,,2.0,,,,,,2.0,,,,,372.9,0.0,,WAS_S_04,S,,,,,,,,,7.0,,,1,,,,,,3.0,,,,,,,,,0,248.0,11.0,,18.0,14.0,0.0,,,,,97.0,,,,,96.0,,2.51
,,,,,,PLAYOFFS,,,,121.0,,,,Tomas Zylstra,,,,,,,,,,,,,,,,2.0,,,3.0,,,,,,,,1.0,,,,1.0,,,,,,1.0,,,,,218.6,1.0,,TEN_S_04,S,,,,,,,,,7.0,,,0,,,,,,2.0,,,,,,,,,0,157.0,5.0,,10.0,11.0,0.0,,,,,59.0,,,,,93.0,,2.47
,,,,,,PLAYOFFS,,,,85.0,,,,Corbin Courtland,,,,,,,,,,,,,,,,1.0,,,2.0,,,,,,,,0.0,,,,0.0,,,,,,0.0,,,,,153.3,0.0,,WAS_S_03,S,,,,,,,,,7.0,,,1,,,,,,0.0,,,,,,,,,0,110.0,2.0,,4.0,12.0,0.0,,,,,39.0,,,,,72.0,,1.7
,,,,,,PLAYOFFS,,,,,,,,Manny Olawale,,,,4.0,2.0,4.0,0.0,1.0,4.0,2.0,3.0,0.0,1.0,,,,,,2.0,,0.0,,,,,,,4.0,,89.0,,,,,,,,,,,,,,,WAS_K_01,K,,,,,,,,,,,,0,,,,,,,,,,,,,,,0,12.0,,,,,,,,2.0,,39.0,5.0,5.0,,,,,
,,,,,,PLAYOFFS,,,,,,,,Salvatore Kenney,,,,,,,,,,,,,,,,,,,5.0,755.0,,,,,1.0,7.0,,,282.0,,,,707.0,,,,,,,,,,,,WAS_P_01,P,,,,,,16.0,,,,,,0,48.0,,,,,,,,,,,,,,0,25.0,,,,,,,,2.0,,98.0,,,,,,,
,,,,,,PLAYOFFS,,11.0,20.0,,,,3.0,Bronson Ulbrich,5.0,,,,,,,,,,,,,17.0,,,,,8.0,,,,,,,,,,,,,3.0,,,,,,,,,,,,,CAR_WR_06,WR,,,,,,,,43.0,,3.0,499.0,0,,297.0,,101.0,,,,,,,,,,,0,351.0,,,,69.0,,,,,,161.0,,,219.0,,,,
,,,,,,PLAYOFFS,,,,,,,,Clovis Gholston,,,,,,,,,,,,,,,,,,,1.0,,,0.0,,0.0,,,,,,,,,,,100.0,37.0,,,,,,,1.0,,CAR_OG_03,OG,,,,,0.0,,,,,,,0,,,0.0,30.0,15.0,,,,,,,0.0,,,0,67.0,,1.0,,,,,,,,19.0,,,,,,,
,,,,,,PLAYOFFS,,,,,,,,Landry Paschall,,,,,,,,,,,,,,,,,,,9.0,,,4.0,,13.0,,,,,,,,,,,820.1,321.0,,,,,,,2.0,,LAC_C_01,C,,,,,20.0,,,,,,,0,,,19.0,257.0,109.0,,,,,,,3.0,,,0,578.0,,9.0,,,,,,,,183.0,,,,,,,
1.0,0.0,,,,,PLAYOFFS,,,,,,,,Titus Ackerley,,,,,,,,,,,,,,,0.0,,,,1.0,,,,0.0,,,,,,,,0.0,,,,,,,23.0,0.12,,,,0.0,,CAR_EDGE_05,EDGE,,,,1.0,,,0.0,,,,,1,,,,,,1.0,,,,,1.0,,,,0,41.0,1.0,,2.0,,,0.0,,,,19.0,,,,,,,
12.0,1.0,,,,,PLAYOFFS,,,,,,,,Dorian Yiadom,,,,,,,,,,,,,,,1.0,,,,9.0,,,,8.0,,,,,,,,2.0,,,,,,,223.0,1.08,,,,1.0,,P100231_EDGE,EDGE,,,,18.0,,,5.0,,,,,0,,,,,,16.0,,,,,6.0,,,,0,391.0,9.0,,21.0,,,3.0,,,,183.0,,,,,,,
2.0,0.0,,,,,PLAYOFFS,,,,,,,,Earl Lambright,,,,,,,,,,,,,,,1.0,,,,1.0,,,,1.0,,,,,,,,3.0,,,,,,,22.0,0.11,,,,0.0,,CAR_DT_03,DT,,,,2.0,,,1.0,,,,,1,,,,,,2.0,,,,,0.0,,,,0,39.0,2.0,,4.0,,,1.0,,,,19.0,,,,,,,
,,,57.0,,,PLAYOFFS,,,,312.0,,,,Cullen Hagerty,,,,,,,,,,,,,,,,8.0,,,9.0,,,,,,,,0.0,,,,4.0,,,,,,6.0,,,,,796.4,3.0,,P100176_LB,LB,,,,8.0,,,,,18.0,,,0,,,,,,7.0,,,,,4.0,,,,0,407.0,23.0,,37.0,30.0,4.0,6.0,,,,183.0,,,,,187.0,,5.57
,,,6.0,,,PLAYOFFS,,,,35.0,,,,Griffin Jorgensen,,,,,,,,,,,,,,,,0.0,,,1.0,,,,,,,,0.0,,,,1.0,,,,,,0.0,,,,,56.2,0.0,,CAR_LB_05,LB,,,,0.0,,,,,2.0,,,1,,,,,,0.0,,,,,0.0,,,,0,46.0,6.0,,9.0,4.0,0.0,3.0,,,,19.0,,,,,8.0,,0.23
,,,6.0,,,PLAYOFFS,,,,32.0,,,,Jeremiah Hufanga,,,,,,,,,,,,,,,,0.0,,,1.0,,,,,,,,0.0,,,,0.0,,,,,,0.0,,,,,146.9,1.0,,P100195_LB,LB,,,,0.0,,,,,4.0,,,0,,,,,,0.0,,,,,0.0,,,,0,42.0,1.0,,2.0,4.0,1.0,0.0,,,,19.0,,,,,39.0,,1.22
,,,,,,PLAYOFFS,,,,154.0,,,,Josiah Hammersley,,,,,,,,,,,,,,,,3.0,,,4.0,,,,,,,,0.0,,,,3.0,,,,,,3.0,,,,,342.9,2.0,,GB_CB_02,CB,,,,,,,,,8.0,,,1,,,,,,5.0,,,,,,,,,0,199.0,11.0,,17.0,15.0,0.0,,,,,79.0,,,,,114.0,,2.9
,,,,,,PLAYOFFS,,,,239.0,,,,Zane Marchand,,,,,,,,,,,,,,,,1.0,,,6.0,,,,,,,,0.0,,,,5.0,,,,,,0.0,,,,,542.6,2.0,,P100283_S,S,,,,,,,,,14.0,,,0,,,,,,1.0,,,,,,,,,0,309.0,19.0,,30.0,25.0,2.0,,,,,120.0,,,,,169.0,,4.55
,,,,,,PLAYOFFS,,,,,,,,Odin Rombach,,,,11.0,5.0,4.0,2.0,4.0,10.0,5.0,4.0,0.0,3.0,,,,,,9.0,,0.0,,,,,,,29.0,,330.0,,,,,,,,,,,,,,,LAR_K_01,K,,,,,,,,,,,,0,,,,,,,,,,,,,,,0,54.0,,,,,,,,17.0,,183.0,17.0,15.0,,,,,
,,,,,,PLAYOFFS,,8.0,19.0,,,,15.0,Patton Hunnicutt,4.0,,,,,,,,,,,,,18.0,,,,,8.0,,,,,,,,,,,,,2.0,,,,,,,,,,,,,ATL_WR_04,WR,,,,,,,,45.0,,4.0,523.0,0,,308.0,,106.0,,,,,,,,,,,0,364.0,,,,76.0,,,,,,160.0,,,204.0,,,,
,,,,,,PLAYOFFS,,2.0,7.0,,,,1.0,Seamus Garrison,1.0,,,,,,,,,,,,,0.0,,,,,8.0,,,,,,,,,,,,,4.0,,,,,,,,,,,,,P100218_WR,WR,,,,,,,,9.0,,,157.0,0,,296.0,,101.0,,,,,,,,,,,0,348.0,,,,18.0,,,,,,159.0,,,58.0,,,,
,,,,,,PLAYOFFS,,0.0,1.0,,,,2.0,Jethro Waldron,0.0,,,,,,,,,,,,,2.0,,,,,3.0,,,,,,,,,,,,,2.0,,,,,,,,,,,,,CHI_TE_02,TE,,,,,,,,7.0,,,95.0,0,,105.0,,36.0,,,,,,,,,,,0,125.0,,,,12.0,,,,,,59.0,,,40.0,,,,
,,,,,,PLAYOFFS,,,,,,,,Reginald Navarrete,,,,,,,,,,,,,,,,,,,8.0,,,4.0,,6.0,,,,,,,,,,,762.7,292.0,,,,,,,8.0,,HOU_OT_02,OT,,,,,11.0,,,,,,,0,,,22.0,236.0,102.0,,,,,,,1.0,,,0,528.0,,8.0,,,,,,,,159.0,,,,,,,
,,,,,,PLAYOFFS,,,,,,,,Ajani Ridgeway,,,,,,,,,,,,,,,,,,,1.0,,,2.0,,0.0,,,,,,,,,,,93.8,32.0,,,,,,,0.0,,ATL_OT_04,OT,,,,,2.0,,,,,,,1,,,2.0,26.0,9.0,,,,,,,0.0,,,0,58.0,,1.0,,,,,,,,20.0,,,,,,,
,,,,,,PLAYOFFS,,,,,,,,Jace Thistlewood,,,,,,,,,,,,,,,,,,,5.0,,,2.0,,0.0,,,,,,,,,,,467.1,179.0,,,,,,,2.0,,ATL_OG_01,OG,,,,,4.0,,,,,,,0,,,5.0,146.0,63.0,,,,,,,3.0,,,0,325.0,,5.0,,,,,,,,99.0,,,,,,,
3.0,0.0,,,,,PLAYOFFS,,,,,,,,Cortez Waterhouse,,,,,,,,,,,,,,,0.0,,,,2.0,,,,1.0,,,,,,,,0.0,,,,,,,46.0,0.27,,,,0.0,,ATL_DT_05,DT,,,,4.0,,,3.0,,,,,1,,,,,,1.0,,,,,0.0,,,,0,82.0,2.0,,5.0,,,2.0,,,,39.0,,,,,,,
,,,24.0,,,PLAYOFFS,,,,172.0,,,,Simeon Hepburn,,,,,,,,,,,,,,,,5.0,,,5.0,,,,,,,,0.0,,,,1.0,,,,,,3.0,,,,,337.0,0.0,,MIN_LB_02,LB,,,,2.0,,,,,10.0,,,1,,,,,,4.0,,,,,1.0,,,,0,223.0,23.0,,34.0,22.0,0.0,6.0,,,,99.0,,,,,125.0,,3.69
,,,12.0,,,PLAYOFFS,,,,71.0,,,,Boone Lessard,,,,,,,,,,,,,,,,1.0,,,2.0,,,,,,,,0.0,,,,1.0,,,,,,1.0,,,,,185.9,1.0,,WAS_LB_01,LB,,,,2.0,,,,,6.0,,,1,,,,,,0.0,,,,,1.0,,,,0,92.0,7.0,,11.0,10.0,1.0,0.0,,,,39.0,,,,,71.0,,1.97
,,,21.0,,,PLAYOFFS,,,,145.0,,,,Cannon Darboe,,,,,,,,,,,,,,,,1.0,,,4.0,,,,,,,,0.0,,,,8.0,,,,,,0.0,,,,,411.2,1.0,,ATL_LB_05,LB,,,,3.0,,,,,12.0,,,0,,,,,,3.0,,,,,1.0,,,,0,189.0,20.0,,31.0,16.0,0.0,4.0,,,,80.0,,,,,162.0,,4.38
,,,,,,PLAYOFFS,,,,39.0,,,,Willem Trapasso,,,,,,,,,,,,,,,,0.0,,,1.0,,,,,,,,0.0,,,,0.0,,,,,,0.0,,,,,50.3,1.0,,JAX_CB_06,CB,,,,,,,,,3.0,,,1,,,,,,2.0,,,,,,,,,0,50.0,4.0,,6.0,7.0,0.0,,,,,20.0,,,,,14.0,,0.36
,,,,,,PLAYOFFS,,,,39.0,,,,Wolfgang Timmerman,,,,,,,,,,,,,,,,1.0,,,1.0,,,,,,,,0.0,,,,1.0,,,,,,1.0,,,,,103.5,1.0,,P100254_CB,CB,,,,,,,,,2.0,,,1,,,,,,1.0,,,,,,,,,0,50.0,2.0,,3.0,3.0,0.0,,,,,20.0,,,,,33.0,,0.85
,,,,,,PLAYOFFS,,,,36.0,,,,Mekhi Hemsley,,,,,,,,,,,,,,,,0.0,,,1.0,,,,,,,,0.0,,,,1.0,,,,,,0.0,,,,,61.5,0.0,,P100065_S,S,,,,,,,,,1.0,,,0,,,,,,1.0,,,,,,,,,0,47.0,3.0,,5.0,4.0,0.0,,,,,20.0,,,,,33.0,,0.92
,,,,,,PLAYOFFS,,,,,,,,Shaquille Latimore,,,,,,,,,,,,,,,,,,,1.0,0.0,,,,,0.0,0.0,,,0.0,,,,0.0,,,,,,,,,,,,FA_P_070,P,,,,,,0.0,,,,,,1,0.0,,,,,,,,,,,,,,0,5.0,,,,,,,,0.0,,20.0,,,,,,,
,,13.0,,,116.0,PLAYOFFS,107.0,,,,16.0,6.0,,Javon Gaskins,,7.0,,,,,,,,,,,,52.0,,,0.0,0.0,5.0,,,,,,,,4.0,,,,,,,162.0,,,,,,9.0,1142.0,,,33.0,DAL_QB_02,QB,46.0,18.0,205.0,,,,,,,,,0,,,,,,,17.0,,86.0,99.0,,,14.0,12.0,0,316.0,,5.0,,,,,8.0,,10.0,99.0,,,,,,,
2.0,0.0,,,,,PLAYOFFS,,,,,,,,Julius Mendenhall,,,,,,,,,,,,,,,0.0,,,,2.0,,,,3.0,,,,,,,,0.0,,,,,,,54.0,0.18,,,,0.0,,TEN_EDGE_05,EDGE,,,,3.0,,,0.0,,,,,0,,,,,,4.0,,,,,0.0,,,,0,94.0,2.0,,4.0,,,1.0,,,,39.0,,,,,,,
11.0,0.0,,,,,PLAYOFFS,,,,,,,,Ludwig Hankins,,,,,,,,,,,,,,,1.0,,,,5.0,,,,9.0,,,,,,,,2.0,,,,,,,104.0,0.8,,,,0.0,,WAS_DT_01,DT,,,,13.0,,,4.0,,,,,1,,,,,,8.0,,,,,0.0,,,,0,184.0,12.0,,23.0,,,5.0,,,,99.0,,,,,,,
9.0,0.0,,,,,PLAYOFFS,,,,,,,,Thelonious Wanogho,,,,,,,,,,,,,,,0.0,,,,5.0,,,,9.0,,,,,,,,0.0,,,,,,,111.0,0.83,,,,3.0,,BUF_DT_05,DT,,,,10.0,,,0.0,,,,,0,,,,,,8.0,,,,,1.0,,,,0,195.0,8.0,,17.0,,,3.0,,,,99.0,,,,,,,
,,,,,,PLAYOFFS,,2.0,3.0,,,,4.0,Andre Smallwood,0.0,,,,,,,,,,,,,5.0,,,,,4.0,,,,,,,,,,,,,2.0,,,,,,,,,,,,,LAR_WR_08,WR,,,,,,,,13.0,,1.0,166.0,0,,147.0,,50.0,,,,,,,,,,,0,172.0,,,,26.0,,,,,,79.0,,,68.0,,,,
,,,,,,PLAYOFFS,,,,,,,,Warner Hinkley,,,,,,,,,,,,,,,,,,,1.0,,,0.0,,2.0,,,,,,,,,,,95.2,42.0,,,,,,,0.0,,LV_OT_04,OT,,,,,2.0,,,,,,,1,,,4.0,33.0,15.0,,,,,,,0.0,,,0,75.0,,1.0,,,,,,,,19.0,,,,,,,
2.0,0.0,,,,,PLAYOFFS,,,,,,,,Yardley Ruggiero,,,,,,,,,,,,,,,0.0,,,,1.0,,,,2.0,,,,,,,,1.0,,,,,,,27.0,0.16,,,,1.0,,P100574_EDGE,EDGE,,,,2.0,,,0.0,,,,,0,,,,,,2.0,,,,,0.0,,,,0,47.0,1.0,,3.0,,,0.0,,,,19.0,,,,,,,
,,,22.0,,,PLAYOFFS,,,,144.0,,,,Marlon Cardenas,,,,,,,,,,,,,,,,7.0,,,4.0,,,,,,,,0.0,,,,4.0,,,,,,4.0,,,,,307.5,1.0,,P100333_LB,LB,,,,2.0,,,,,8.0,,,0,,,,,,2.0,,,,,0.0,,,,0,187.0,17.0,,26.0,17.0,1.0,5.0,,,,79.0,,,,,95.0,,2.55
,,,24.0,,,PLAYOFFS,,,,148.0,,,,Stryker Vanderveer,,,,,,,,,,,,,,,,1.0,,,4.0,,,,,,,,0.0,,,,4.0,,,,,,0.0,,,,,316.9,1.0,,BUF_LB_04,LB,,,,2.0,,,,,6.0,,,0,,,,,,4.0,,,,,0.0,,,,0,192.0,9.0,,16.0,11.0,0.0,3.0,,,,79.0,,,,,99.0,,2.68
,,,,,,PLAYOFFS,,,,158.0,,,,Lawson Ackerley,,,,,,,,,,,,,,,,2.0,,,4.0,,,,,,,,1.0,,,,4.0,,,,,,2.0,,,,,271.7,1.0,,P100282_CB,CB,,,,,,,,,11.0,,,0,,,,,,5.0,,,,,,,,,0,206.0,9.0,,15.0,18.0,0.0,,,,,79.0,,,,,132.0,,3.29
,,,,,,PLAYOFFS,,,,46.0,,,,Alonzo Stallworth,,,,,,,,,,,,,,,,1.0,,,1.0,,,,,,,,0.0,,,,0.0,,,,,,0.0,,,,,118.8,0.0,,BAL_S_04,S,,,,,,,,,2.0,,,1,,,,,,0.0,,,,,,,,,0,59.0,2.0,,3.0,2.0,0.0,,,,,19.0,,,,,46.0,,1.0
,,,,,,PLAYOFFS,,,,157.0,,,,Brogan Diallo,,,,,,,,,,,,,,,,1.0,,,4.0,,,,,,,,1.0,,,,0.0,,,,,,1.0,,,,,259.3,2.0,,BUF_S_03,S,,,,,,,,,10.0,,,0,,,,,,4.0,,,,,,,,,0,203.0,9.0,,15.0,16.0,0.0,,,,,79.0,,,,,114.0,,2.95
,,,,,,PLAYOFFS,,3.0,14.0,,,,12.0,Garland Bellinger,4.0,,,,,,,,,,,,,16.0,,,,,9.0,,,,,,,,,,,,,3.0,,,,,,,,,,,,,CLE_WR_06,WR,,,,,,,,40.0,,3.0,489.0,0,,305.0,,104.0,,,,,,,,,,,0,361.0,,,,67.0,,,,,,177.0,,,194.0,,,,
,,,,,,PLAYOFFS,,2.0,9.0,,,,11.0,Tiberius Ladouceur,7.0,,,,,,,,,,,,,9.0,,,,,7.0,,,,,,,,,,,,,3.0,,,,,,,,,,,,,JAX_WR_02,WR,,,,,,,,24.0,,3.0,314.0,0,,258.0,,88.0,,,,,,,,,,,0,305.0,,,,42.0,,,,,,138.0,,,119.0,,,,
,,,,,,PLAYOFFS,,4.0,9.0,,,,5.0,Wendell Minshew,3.0,,,,,,,,,,,,,3.0,,,,,9.0,,,,,,,,,,,,,4.0,,,,,,,,,,,,,P100365_WR,WR,,,,,,,,13.0,,1.0,206.0,0,,319.0,,110.0,,,,,,,,,,,0,375.0,,,,26.0,,,,,,177.0,,,99.0,,,,
,,,,,,PLAYOFFS,,0.0,1.0,,,,0.0,Colton Kessler,1.0,,,,,,,,,,,,,0.0,,,,,3.0,,,,,,,,,,,,,2.0,,,,,,,,,,,,,MIN_TE_02,TE,,,,,,,,3.0,,,34.0,1,,92.0,,31.0,,,,,,,,,,,0,109.0,,,,5.0,,,,,,60.0,,,12.0,,,,
,,,,,,PLAYOFFS,,,,,,,,Stone Batiste,,,,,,,,,,,,,,,,,,,3.0,,,1.0,,1.0,,,,,,,,,,,294.9,111.0,,,,,,,3.0,,CIN_OG_01,OG,,,,,2.0,,,,,,,1,,,6.0,89.0,42.0,,,,,,,0.0,,,0,200.0,,3.0,,,,,,,,60.0,,,,,,,
10.0,2.0,,,,,PLAYOFFS,,,,,,,,Arlen Bedard,,,,,,,,,,,,,,,1.0,,,,7.0,,,,8.0,,,,,,,,1.0,,,,,,,170.0,0.96,,,,5.0,,P100146_EDGE,EDGE,,,,13.0,,,5.0,,,,,0,,,,,,9.0,,,,,0.0,,,,0,298.0,6.0,,16.0,,,3.0,,,,138.0,,,,,,,
8.0,0.0,,,,,PLAYOFFS,,,,,,,,Tarik Jarnigan,,,,,,,,,,,,,,,0.0,,,,5.0,,,,7.0,,,,,,,,1.0,,,,,,,94.0,1.01,,,,3.0,,BAL_DT_02,DT,,,,12.0,,,4.0,,,,,1,,,,,,14.0,,,,,1.0,,,,0,167.0,6.0,,14.0,,,1.0,,,,99.0,,,,,,,
13.0,1.0,,,,,PLAYOFFS,,,,,,,,Nash Chatman,,,,,,,,,,,,,,,0.0,,,,7.0,,,,12.0,,,,,,,,1.0,,,,,,,155.0,1.13,,,,0.0,,P100324_DT,DT,,,,17.0,,,2.0,,,,,0,,,,,,13.0,,,,,4.0,,,,0,273.0,9.0,,22.0,,,5.0,,,,138.0,,,,,,,
,,,34.0,,,PLAYOFFS,,,,228.0,,,,Kingston Hickenbotham,,,,,,,,,,,,,,,,6.0,,,7.0,,,,,,,,2.0,,,,5.0,,,,,,4.0,,,,,557.7,1.0,,CIN_LB_02,LB,,,,7.0,,,,,16.0,,,0,,,,,,9.0,,,,,1.0,,,,0,299.0,27.0,,42.0,26.0,5.0,5.0,,,,138.0,,,,,158.0,,4.9
,,,,,,PLAYOFFS,,,,121.0,,,,Raylan Sabbagh,,,,,,,,,,,,,,,,1.0,,,3.0,,,,,,,,0.0,,,,2.0,,,,,,0.0,,,,,205.1,0.0,,DAL_CB_05,CB,,,,,,,,,6.0,,,1,,,,,,1.0,,,,,,,,,0,156.0,7.0,,11.0,12.0,0.0,,,,,60.0,,,,,66.0,,1.62
,,,,,,PLAYOFFS,,,,111.0,,,,Landry Granderson,,,,,,,,,,,,,,,,0.0,,,3.0,,,,,,,,0.0,,,,1.0,,,,,,0.0,,,,,269.9,3.0,,TEN_CB_01,CB,,,,,,,,,11.0,,,1,,,,,,1.0,,,,,,,,,0,145.0,3.0,,5.0,16.0,0.0,,,,,60.0,,,,,128.0,,3.54
,,,,,,PLAYOFFS,,,,187.0,,,,Parker Hubbard,,,,,,,,,,,,,,,,2.0,,,5.0,,,,,,,,0.0,,,,2.0,,,,,,0.0,,,,,572.7,1.0,,NE_CB_02,CB,,,,,,,,,16.0,,,1,,,,,,2.0,,,,,,,,,0,242.0,13.0,,21.0,20.0,2.0,,,,,99.0,,,,,167.0,,4.49
,,,,,,PLAYOFFS,,,,236.0,,,,Clovis Philbeck,,,,,,,,,,,,,,,,4.0,,,6.0,,,,,,,,0.0,,,,1.0,,,,,,3.0,,,,,455.8,0.0,,NYG_S_01,S,,,,,,,,,12.0,,,0,,,,,,4.0,,,,,,,,,0,306.0,14.0,,23.0,22.0,1.0,,,,,118.0,,,,,113.0,,2.84
,,,,,,PLAYOFFS,,,,273.0,,,,Roscoe Dettmer,,,,,,,,,,,,,,,,5.0,,,7.0,,,,,,,,0.0,,,,4.0,,,,,,2.0,,,,,689.1,2.0,,P100462_S,S,,,,,,,,,22.0,,,0,,,,,,5.0,,,,,,,,,0,355.0,20.0,,31.0,32.0,1.0,,,,,138.0,,,,,258.0,,6.57
,,,,,,PLAYOFFS,,,,,,,,Kobi Kanell,,,,,,,,,,,,,,,,,,,3.0,,,0.0,,0.0,,,,,,,,,,,280.9,109.0,,,,,,,3.0,,MIN_C_01,C,,,,,2.0,,,,,,,0,,,7.0,88.0,42.0,,,,,,,2.0,,,0,197.0,,3.0,,,,,,,,57.0,,,,,,,
3.0,2.0,,,,,PLAYOFFS,,,,,,,,Yardley Howze,,,,,,,,,,,,,,,0.0,,,,2.0,,,,1.0,,,,,,,,0.0,,,,,,,53.0,0.37,,,,0.0,,KC_EDGE_05,EDGE,,,,5.0,,,3.0,,,,,0,,,,,,3.0,,,,,2.0,,,,0,93.0,2.0,,5.0,,,3.0,,,,38.0,,,,,,,
5.0,0.0,,,,,PLAYOFFS,,,,,,,,Slade Camarillo,,,,,,,,,,,,,,,2.0,,,,3.0,,,,3.0,,,,,,,,3.0,,,,,,,76.0,0.39,,,,0.0,,NO_EDGE_03,EDGE,,,,4.0,,,0.0,,,,,0,,,,,,3.0,,,,,1.0,,,,0,133.0,5.0,,10.0,,,3.0,,,,57.0,,,,,,,
6.0,0.0,,,,,PLAYOFFS,,,,,,,,Radcliffe Bumgarner,,,,,,,,,,,,,,,1.0,,,,3.0,,,,6.0,,,,,,,,2.0,,,,,,,65.0,0.55,,,,1.0,,BUF_DT_02,DT,,,,8.0,,,2.0,,,,,0,,,,,,6.0,,,,,0.0,,,,0,113.0,5.0,,11.0,,,2.0,,,,57.0,,,,,,,
,,,11.0,,,PLAYOFFS,,,,65.0,,,,Kolby Kincaid,,,,,,,,,,,,,,,,2.0,,,2.0,,,,,,,,0.0,,,,1.0,,,,,,0.0,,,,,155.6,0.0,,TEN_LB_03,LB,,,,3.0,,,,,5.0,,,0,,,,,,1.0,,,,,1.0,,,,0,84.0,4.0,,8.0,9.0,0.0,1.0,,,,38.0,,,,,71.0,,2.16
,,,,,,PLAYOFFS,,,,41.0,,,,Abram Freeney,,,,,,,,,,,,,,,,0.0,,,1.0,,,,,,,,0.0,,,,0.0,,,,,,0.0,,,,,100.7,0.0,,NYG_CB_03,CB,,,,,,,,,2.0,,,1,,,,,,0.0,,,,,,,,,0,53.0,2.0,,4.0,3.0,0.0,,,,,19.0,,,,,31.0,,0.76
,,,,,,PLAYOFFS,,,,36.0,,,,Laurent Lucchese,,,,,,,,,,,,,,,,1.0,,,1.0,,,,,,,,0.0,,,,0.0,,,,,,1.0,,,,,91.7,0.0,,NO_CB_08,CB,,,,,,,,,3.0,,,1,,,,,,2.0,,,,,,,,,0,47.0,5.0,,7.0,3.0,0.0,,,,,19.0,,,,,18.0,,0.5
,,,,,,PLAYOFFS,,,,119.0,,,,Waylon Calderón,,,,,,,,,,,,,,,,2.0,,,3.0,,,,,,,,0.0,,,,3.0,,,,,,1.0,,,,,242.8,0.0,,P100363_S,S,,,,,,,,,10.0,,,0,,,,,,1.0,,,,,,,,,0,154.0,10.0,,16.0,16.0,1.0,,,,,57.0,,,,,122.0,,3.07
,,,,,,PLAYOFFS,,,,121.0,,,,Cullen Fraley,,,,,,,,,,,,,,,,5.0,,,3.0,,,,,,,,0.0,,,,1.0,,,,,,3.0,,,,,233.0,1.0,,CHI_S_04,S,,,,,,,,,6.0,,,0,,,,,,3.0,,,,,,,,,0,157.0,5.0,,9.0,7.0,0.0,,,,,57.0,,,,,61.0,,1.55
,,,,,,PLAYOFFS,,,,117.0,,,,Marlon Whitlow,,,,,,,,,,,,,,,,3.0,,,3.0,,,,,,,,0.0,,,,1.0,,,,,,3.0,,,,,213.3,1.0,,ATL_S_05,S,,,,,,,,,5.0,,,0,,,,,,3.0,,,,,,,,,0,152.0,4.0,,8.0,11.0,0.0,,,,,57.0,,,,,50.0,,1.26
,,,,,,PLAYOFFS,,1.0,3.0,,,,0.0,Sherman Crockett,0.0,,,,,,,,,,,,,2.0,,,,,2.0,,,,,,,,,,,,,2.0,,,,,,,,,,,,,CIN_TE_03,TE,,,,,,,,9.0,,,105.0,0,,67.0,,23.0,,,,,,,,,,,0,80.0,,,,15.0,,,,,,39.0,,,49.0,,,,
,,,,,,PLAYOFFS,,,,,,,,Ezekiel Prewitt,,,,,,,,,,,,,,,,,,,5.0,,,1.0,,7.0,,,,,,,,,,,477.1,178.0,,,,,,,2.0,,GB_OT_01,OT,,,,,8.0,,,,,,,0,,,10.0,144.0,60.0,,,,,,,0.0,,,0,322.0,,5.0,,,,,,,,99.0,,,,,,,
,,,,,,PLAYOFFS,,,,,,,,Cairo Satterfield,,,,,,,,,,,,,,,,,,,2.0,,,0.0,,1.0,,,,,,,,,,,197.1,70.0,,,,,,,1.0,,P100541_OG,OG,,,,,1.0,,,,,,,0,,,6.0,58.0,18.0,,,,,,,0.0,,,0,128.0,,2.0,,,,,,,,39.0,,,,,,,
,,,17.0,,,PLAYOFFS,,,,73.0,,,,Grady Ayers,,,,,,,,,,,,,,,,0.0,,,2.0,,,,,,,,0.0,,,,2.0,,,,,,0.0,,,,,175.0,0.0,,P100224_LB,LB,,,,1.0,,,,,5.0,,,0,,,,,,0.0,,,,,0.0,,,,0,95.0,3.0,,6.0,7.0,0.0,2.0,,,,39.0,,,,,28.0,,0.79
,,,,,,PLAYOFFS,,,,68.0,,,,Zamir Mullaney,,,,,,,,,,,,,,,,1.0,,,2.0,,,,,,,,0.0,,,,1.0,,,,,,0.0,,,,,160.5,0.0,,KC_CB_06,CB,,,,,,,,,3.0,,,1,,,,,,2.0,,,,,,,,,0,89.0,6.0,,9.0,5.0,0.0,,,,,39.0,,,,,54.0,,1.51
3.0,1.0,,,,,PLAYOFFS,,,,,,,,Pascal Yeboah,,,,,,,,,,,,,,,0.0,,,,2.0,,,,4.0,,,,,,,,0.0,,,,,,,54.0,0.23,,,,1.0,,BUF_EDGE_05,EDGE,,,,4.0,,,0.0,,,,,0,,,,,,3.0,,,,,0.0,,,,0,94.0,3.0,,6.0,,,1.0,,,,38.0,,,,,,,
,,,,,,PLAYOFFS,,,,266.0,,,,Nolan Henderson,,,,,,,,,,,,,,,,1.0,,,7.0,,,,,,,,0.0,,,,5.0,,,,,,0.0,,,,,719.8,0.0,,DET_CB_07,CB,,,,,,,,,21.0,,,1,,,,,,3.0,,,,,,,,,0,346.0,14.0,,24.0,32.0,3.0,,,,,140.0,,,,,233.0,,6.18
,,,,,,PLAYOFFS,,,,271.0,,,,Redmond Alcott,,,,,,,,,,,,,,,,6.0,,,7.0,,,,,,,,0.0,,,,2.0,,,,,,6.0,,,,,617.7,3.0,,P100347_S,S,,,,,,,,,14.0,,,0,,,,,,6.0,,,,,,,,,0,350.0,17.0,,28.0,22.0,1.0,,,,,140.0,,,,,156.0,,4.16
,,,,,,PLAYOFFS,,,,300.0,,,,Damon Paulson,,,,,,,,,,,,,,,,4.0,,,7.0,,,,,,,,0.0,,,,1.0,,,,,,4.0,,,,,684.2,3.0,,P100428_S,S,,,,,,,,,18.0,,,0,,,,,,8.0,,,,,,,,,0,390.0,16.0,,27.0,30.0,2.0,,,,,140.0,,,,,217.0,,5.14
,,,,,,PLAYOFFS,,,,119.0,,,,Anders Tatupu,,,,,,,,,,,,,,,,2.0,,,3.0,,,,,,,,0.0,,,,1.0,,,,,,2.0,,,,,182.0,0.0,,P100310_S,S,,,,,,,,,5.0,,,0,,,,,,2.0,,,,,,,,,0,154.0,8.0,,13.0,11.0,0.0,,,,,58.0,,,,,46.0,,1.2
,,,,,,PLAYOFFS,,,,,,,,Talon Prendergast,,,,8.0,1.0,0.0,3.0,3.0,7.0,1.0,0.0,2.0,3.0,,,,,,3.0,,0.0,,,,,,,10.0,,148.0,,,,,,,,,,,,,,,GB_K_01,K,,,,,,,,,,,,1,,,,,,,,,,,,,,,0,18.0,,,,,,,,6.0,,58.0,7.0,7.0,,,,,
,,,,,,PLAYOFFS,,1.0,3.0,,,,3.0,Dorian Ashby,4.0,,,,,,,,,,,,,4.0,,,,,6.0,,,,,,,,,,,,,5.0,,,,,,,,,,,,,NO_WR_05,WR,,,,,,,,13.0,,1.0,183.0,1,,225.0,,77.0,,,,,,,,,,,0,265.0,,,,24.0,,,,,,126.0,,,82.0,,,,
4.0,0.0,,,,,PLAYOFFS,,,,,,,,Eli Ledbetter,,,,,,,,,,,,,,,0.0,,,,3.0,,,,4.0,,,,,,,,0.0,,,,,,,81.0,0.53,,,,2.0,,P100591_EDGE,EDGE,,,,6.0,,,2.0,,,,,0,,,,,,4.0,,,,,0.0,,,,0,142.0,4.0,,8.0,,,2.0,,,,63.0,,,,,,,
8.0,1.0,,,,,PLAYOFFS,,,,,,,,Lyle Rademacher,,,,,,,,,,,,,,,0.0,,,,4.0,,,,5.0,,,,,,,,2.0,,,,,,,86.0,0.48,,,,0.0,,IND_DT_05,DT,,,,8.0,,,2.0,,,,,0,,,,,,4.0,,,,,1.0,,,,0,150.0,5.0,,13.0,,,1.0,,,,82.0,,,,,,,
,,,42.0,,,PLAYOFFS,,,,221.0,,,,Zebulon Galbraith,,,,,,,,,,,,,,,,6.0,,,6.0,,,,,,,,0.0,,,,4.0,,,,,,4.0,,,,,459.6,2.0,,IND_LB_02,LB,,,,5.0,,,,,15.0,,,0,,,,,,2.0,,,,,0.0,,,,0,287.0,22.0,,34.0,26.0,1.0,6.0,,,,126.0,,,,,139.0,,3.53
,,,15.0,,,PLAYOFFS,,,,99.0,,,,Atticus Dalrymple,,,,,,,,,,,,,,,,3.0,,,3.0,,,,,,,,1.0,,,,0.0,,,,,,1.0,,,,,231.2,2.0,,MIN_LB_04,LB,,,,2.0,,,,,11.0,,,0,,,,,,1.0,,,,,1.0,,,,0,130.0,12.0,,19.0,17.0,1.0,3.0,,,,63.0,,,,,92.0,,2.7
,,,,,,PLAYOFFS,,,,106.0,,,,Axel Timmerman,,,,,,,,,,,,,,,,3.0,,,3.0,,,,,,,,0.0,,,,2.0,,,,,,2.0,,,,,175.0,0.0,,GB_CB_06,CB,,,,,,,,,3.0,,,0,,,,,,3.0,,,,,,,,,0,137.0,10.0,,15.0,7.0,0.0,,,,,63.0,,,,,10.0,,0.29
,,,,,,PLAYOFFS,,,,317.0,,,,Auden Kraft,,,,,,,,,,,,,,,,3.0,,,8.0,,,,,,,,0.0,,,,5.0,,,,,,3.0,,,,,685.3,1.0,,P100491_S,S,,,,,,,,,21.0,,,0,,,,,,3.0,,,,,,,,,0,410.0,19.0,,34.0,29.0,1.0,,,,,165.0,,,,,240.0,,5.86
,,,,,,PLAYOFFS,,,,123.0,,,,Holden Sappington,,,,,,,,,,,,,,,,1.0,,,3.0,,,,,,,,0.0,,,,0.0,,,,,,0.0,,,,,306.3,0.0,,P100465_S,S,,,,,,,,,10.0,,,0,,,,,,0.0,,,,,,,,,0,161.0,4.0,,8.0,13.0,0.0,,,,,63.0,,,,,121.0,,2.97
,,,,4.0,,PLAYOFFS,,1.0,8.0,,,,13.0,Shepard Prioleau,1.0,,6.0,,,,,,,,,,,20.0,,,0.0,,3.0,,,,,,,,,,,,,1.0,,,,23.0,,,,,,,,,PIT_RB_03,RB,,,,,1.0,,,40.0,,,408.0,1,,29.0,,7.0,,,49.0,6.0,217.0,,,,,,0,88.0,,,,55.0,,,,,,58.0,,,175.0,94.0,,123.0,
,,,,,,PLAYOFFS,,3.0,7.0,,,,8.0,Devante McKissic,2.0,,,,,,,,,,,,,14.0,,,,,5.0,,,,,,,,,,,,,2.0,,,,,,,,,,,,,HOU_WR_01,WR,,,,,,,,31.0,,1.0,359.0,0,,187.0,,64.0,,,,,,,,,,,0,219.0,,,,51.0,,,,,,99.0,,,148.0,,,,
,,,,,,PLAYOFFS,,0.0,0.0,,,,0.0,Nehemiah Tranquill,0.0,,,,,,,,,,,,,2.0,,,,,1.0,,,,,,,,,,,,,0.0,,,,,,,,,,,,,TB_WR_03,WR,,,,,,,,4.0,,1.0,62.0,1,,42.0,,14.0,,,,,,,,,,,0,49.0,,,,8.0,,,,,,19.0,,,31.0,,,,
,,,,,,PLAYOFFS,,0.0,0.0,,,,1.0,Ace Wrighster,1.0,,,,,,,,,,,,,3.0,,,,,3.0,,,,,,,,,,,,,2.0,,,,,,,,,,,,,MIA_WR_03,WR,,,,,,,,10.0,,,104.0,0,,124.0,,42.0,,,,,,,,,,,0,145.0,,,,16.0,,,,,,58.0,,,41.0,,,,
,,,,,,PLAYOFFS,,3.0,4.0,,,,2.0,Milo Hankins,1.0,,,,,,,,,,,,,4.0,,,,,4.0,,,,,,,,,,,,,0.0,,,,,,,,,,,,,CAR_WR_08,WR,,,,,,,,12.0,,1.0,125.0,0,,146.0,,51.0,,,,,,,,,,,0,173.0,,,,20.0,,,,,,77.0,,,55.0,,,,
,,,,,,PLAYOFFS,,,,,,,,Juelz Prescott,,,,,,,,,,,,,,,,,,,3.0,,,0.0,,3.0,,,,,,,,,,,262.2,105.0,,,,,,,1.0,,ARI_OT_02,OT,,,,,6.0,,,,,,,0,,,8.0,86.0,33.0,,,,,,,3.0,,,0,191.0,,3.0,,,,,,,,58.0,,,,,,,
,,,,,,PLAYOFFS,,,,,,,,Esteban Markham,,,,,,,,,,,,,,,,,,,3.0,,,0.0,,2.0,,,,,,,,,,,294.1,105.0,,,,,,,1.0,,DAL_OG_01,OG,,,,,2.0,,,,,,,1,,,5.0,85.0,41.0,,,,,,,0.0,,,0,190.0,,3.0,,,,,,,,58.0,,,,,,,
,,,,,,PLAYOFFS,,,,,,,,Lemuel Neasman,,,,,,,,,,,,,,,,,,,3.0,,,0.0,,9.0,,,,,,,,,,,258.3,115.0,,,,,,,1.0,,NYG_C_01,C,,,,,11.0,,,,,,,0,,,11.0,93.0,34.0,,,,,,,2.0,,,0,208.0,,3.0,,,,,,,,58.0,,,,,,,
4.0,2.0,,,,,PLAYOFFS,,,,,,,,Bandon Olawale,,,,,,,,,,,,,,,1.0,,,,3.0,,,,3.0,,,,,,,,1.0,,,,,,,73.0,0.36,,,,0.0,,P100095_EDGE,EDGE,,,,6.0,,,3.0,,,,,0,,,,,,4.0,,,,,0.0,,,,0,129.0,2.0,,6.0,,,0.0,,,,58.0,,,,,,,
1.0,0.0,,,,,PLAYOFFS,,,,,,,,Sutton Harbaugh,,,,,,,,,,,,,,,0.0,,,,1.0,,,,2.0,,,,,,,,0.0,,,,,,,26.0,0.11,,,,0.0,,TB_EDGE_05,EDGE,,,,2.0,,,0.0,,,,,0,,,,,,1.0,,,,,0.0,,,,0,45.0,1.0,,2.0,,,0.0,,,,19.0,,,,,,,
7.0,0.0,,,,,PLAYOFFS,,,,,,,,Peyton Simmerman,,,,,,,,,,,,,,,0.0,,,,4.0,,,,5.0,,,,,,,,1.0,,,,,,,88.0,0.67,,,,2.0,,NO_DT_01,DT,,,,10.0,,,4.0,,,,,0,,,,,,6.0,,,,,1.0,,,,0,156.0,8.0,,15.0,,,3.0,,,,77.0,,,,,,,
1.0,0.0,,,,,PLAYOFFS,,,,,,,,Damarion Klemm,,,,,,,,,,,,,,,0.0,,,,1.0,,,,1.0,,,,,,,,0.0,,,,,,,20.0,0.11,,,,1.0,,SF_DT_03,DT,,,,2.0,,,0.0,,,,,1,,,,,,2.0,,,,,1.0,,,,0,36.0,0.0,,1.0,,,1.0,,,,19.0,,,,,,,
,,,,,,PLAYOFFS,,,,122.0,,,,Mekai Gaddis,,,,,,,,,,,,,,,,1.0,,,3.0,,,,,,,,0.0,,,,2.0,,,,,,0.0,,,,,362.4,2.0,,ATL_CB_04,CB,,,,,,,,,11.0,,,0,,,,,,2.0,,,,,,,,,0,158.0,7.0,,12.0,13.0,1.0,,,,,60.0,,,,,131.0,,3.25
,,,,,,PLAYOFFS,,,,129.0,,,,Zane Barnhill,,,,,,,,,,,,,,,,3.0,,,3.0,,,,,,,,0.0,,,,0.0,,,,,,2.0,,,,,159.1,0.0,,GB_S_04,S,,,,,,,,,1.0,,,0,,,,,,3.0,,,,,,,,,0,167.0,9.0,,14.0,3.0,0.0,,,,,58.0,,,,,12.0,,0.27
,,,,,,PLAYOFFS,,,,,,,,Zephyr Middlebrooks,,,,3.0,0.0,2.0,1.0,3.0,3.0,0.0,2.0,1.0,3.0,,,,,,3.0,,0.0,,,,,,,8.0,,161.0,,,,,,,,,,,,,,,JAX_K_01,K,,,,,,,,,,,,1,,,,,,,,,,,,,,,0,18.0,,,,,,,,4.0,,58.0,8.0,8.0,,,,,
,,,,1.0,,PLAYOFFS,,4.0,4.0,,,,5.0,Seamus Kalapana,4.0,,2.0,,,,,,,,,,,9.0,,,0.0,,4.0,,,,,,,,,,,,,1.0,,,,27.0,,,,,,,,,P100523_RB,RB,,,,,3.0,,,25.0,,,386.0,0,,28.0,,7.0,,,33.0,,127.0,,,,,,0,83.0,,,,41.0,,,,,,82.0,,,167.0,44.0,,83.0,
,,,,,,PLAYOFFS,,1.0,1.0,,,,1.0,Ezekiel Broussard,0.0,,,,,,,,,,,,,0.0,,,,,4.0,,,,,,,,,,,,,3.0,,,,,,,,,,,,,P100376_WR,WR,,,,,,,,4.0,,,79.0,0,,146.0,,49.0,,,,,,,,,,,0,171.0,,,,8.0,,,,,,82.0,,,30.0,,,,
,,,,,,PLAYOFFS,,1.0,2.0,,,,0.0,Roderick Beecham,0.0,,,,,,,,,,,,,0.0,,,,,4.0,,,,,,,,,,,,,3.0,,,,,,,,,,,,,DET_TE_02,TE,,,,,,,,4.0,,,64.0,0,,127.0,,44.0,,,,,,,,,,,0,150.0,,,,7.0,,,,,,82.0,,,24.0,,,,
,,,,,,PLAYOFFS,,,,,,,,Axel Quigley,,,,,,,,,,,,,,,,,,,4.0,,,3.0,,5.0,,,,,,,,,,,350.9,142.0,,,,,,,2.0,,P100229_OG,OG,,,,,10.0,,,,,,,0,,,6.0,115.0,38.0,,,,,,,3.0,,,0,257.0,,4.0,,,,,,,,82.0,,,,,,,
15.0,1.0,,,,,PLAYOFFS,,,,,,,,Vernon Bordelon,,,,,,,,,,,,,,,0.0,,,,8.0,,,,14.0,,,,,,,,2.0,,,,,,,201.0,1.03,,,,1.0,,SF_EDGE_03,EDGE,,,,20.0,,,4.0,,,,,0,,,,,,15.0,,,,,2.0,,,,0,352.0,15.0,,30.0,,,5.0,,,,164.0,,,,,,,
6.0,0.0,,,,,PLAYOFFS,,,,,,,,Mordecai Desormeaux,,,,,,,,,,,,,,,0.0,,,,4.0,,,,5.0,,,,,,,,0.0,,,,,,,102.0,0.6,,,,1.0,,ARI_EDGE_03,EDGE,,,,9.0,,,3.0,,,,,1,,,,,,8.0,,,,,1.0,,,,0,179.0,6.0,,12.0,,,3.0,,,,82.0,,,,,,,
7.0,4.0,,,,,PLAYOFFS,,,,,,,,Demarco Overstreet,,,,,,,,,,,,,,,0.0,,,,4.0,,,,7.0,,,,,,,,3.0,,,,,,,96.0,0.59,,,,0.0,,DET_EDGE_05,EDGE,,,,10.0,,,2.0,,,,,0,,,,,,7.0,,,,,1.0,,,,0,170.0,8.0,,15.0,,,3.0,,,,82.0,,,,,,,
11.0,1.0,,,,,PLAYOFFS,,,,,,,,Lyle Manningham,,,,,,,,,,,,,,,1.0,,,,7.0,,,,8.0,,,,,,,,1.0,,,,,,,156.0,1.21,,,,0.0,,TB_DT_02,DT,,,,18.0,,,6.0,,,,,0,,,,,,18.0,,,,,6.0,,,,0,275.0,8.0,,19.0,,,1.0,,,,141.0,,,,,,,
,,,,,,PLAYOFFS,,,,147.0,,,,Travon Rowlett,,,,,,,,,,,,,,,,2.0,,,4.0,,,,,,,,0.0,,,,1.0,,,,,,1.0,,,,,459.3,0.0,,DET_CB_05,CB,,,,,,,,,16.0,,,1,,,,,,4.0,,,,,,,,,0,190.0,13.0,,21.0,20.0,1.0,,,,,82.0,,,,,199.0,,5.5
,,,,,,PLAYOFFS,,,,160.0,,,,Raul Stinnie,,,,,,,,,,,,,,,,5.0,,,4.0,,,,,,,,0.0,,,,3.0,,,,,,2.0,,,,,329.2,0.0,,ARI_CB_04,CB,,,,,,,,,10.0,,,0,,,,,,3.0,,,,,,,,,0,208.0,9.0,,16.0,14.0,0.0,,,,,82.0,,,,,132.0,,3.33
,,,,,,PLAYOFFS,,,,156.0,,,,Ridge Gradkowski,,,,,,,,,,,,,,,,4.0,,,4.0,,,,,,,,0.0,,,,0.0,,,,,,2.0,,,,,280.5,1.0,,DET_CB_08,CB,,,,,,,,,6.0,,,0,,,,,,3.0,,,,,,,,,0,202.0,7.0,,13.0,13.0,0.0,,,,,82.0,,,,,85.0,,2.18
,,13.0,,,112.0,PLAYOFFS,111.0,,,,14.0,7.0,,Otis Seabrook,,5.0,,,,,,,,,,,,57.0,,,0.0,0.0,5.0,,,,,,,,4.0,,,,,,,165.0,,,,,,12.0,1383.0,,,36.0,LAR_QB_02,QB,53.0,24.0,243.0,,,,,,,,,0,,,,,,,17.0,,45.0,66.0,,,10.0,10.0,0,325.0,,5.0,,,,,7.0,,4.0,99.0,,,,,,,
,,,,,,PLAYOFFS,,,,,,,,Forrest Heggins,,,,,,,,,,,,,,,,,,,3.0,,,0.0,,2.0,,,,,,,,,,,294.5,111.0,,,,,,,1.0,,WAS_OT_03,OT,,,,,2.0,,,,,,,0,,,7.0,90.0,38.0,,,,,,,0.0,,,0,201.0,,3.0,,,,,,,,60.0,,,,,,,
,,,,,,PLAYOFFS,,,,,,,,Malik Milfort,,,,,,,,,,,,,,,,,,,3.0,,,1.0,,5.0,,,,,,,,,,,254.3,111.0,,,,,,,2.0,,IND_OG_02,OG,,,,,9.0,,,,,,,0,,,13.0,91.0,36.0,,,,,,,3.0,,,0,202.0,,3.0,,,,,,,,60.0,,,,,,,
13.0,0.0,,,,,PLAYOFFS,,,,,,,,Vito Wainwright,,,,,,,,,,,,,,,0.0,,,,8.0,,,,8.0,,,,,,,,1.0,,,,,,,199.0,0.9,,,,0.0,,CLE_EDGE_03,EDGE,,,,16.0,,,6.0,,,,,0,,,,,,12.0,,,,,3.0,,,,0,351.0,10.0,,23.0,,,3.0,,,,161.0,,,,,,,
4.0,0.0,,,,,PLAYOFFS,,,,,,,,Idris Rademacher,,,,,,,,,,,,,,,1.0,,,,3.0,,,,6.0,,,,,,,,2.0,,,,,,,78.0,0.38,,,,1.0,,P100594_EDGE,EDGE,,,,7.0,,,0.0,,,,,0,,,,,,3.0,,,,,1.0,,,,0,137.0,3.0,,7.0,,,2.0,,,,60.0,,,,,,,
5.0,1.0,,,,,PLAYOFFS,,,,,,,,Tiberius Simmerman,,,,,,,,,,,,,,,0.0,,,,4.0,,,,6.0,,,,,,,,0.0,,,,,,,89.0,0.56,,,,0.0,,MIN_DT_03,DT,,,,9.0,,,2.0,,,,,0,,,,,,4.0,,,,,2.0,,,,0,155.0,3.0,,8.0,,,2.0,,,,79.0,,,,,,,
,,,58.0,,,PLAYOFFS,,,,290.0,,,,Jaxton Comeaux,,,,,,,,,,,,,,,,8.0,,,8.0,,,,,,,,0.0,,,,6.0,,,,,,6.0,,,,,529.3,3.0,,P100545_LB,LB,,,,10.0,,,,,8.0,,,0,,,,,,5.0,,,,,3.0,,,,0,377.0,26.0,,42.0,20.0,0.0,13.0,,,,161.0,,,,,127.0,,3.55
,,,30.0,,,PLAYOFFS,,,,132.0,,,,Ivan Restrepo,,,,,,,,,,,,,,,,1.0,,,4.0,,,,,,,,0.0,,,,2.0,,,,,,1.0,,,,,326.7,1.0,,P100519_LB,LB,,,,2.0,,,,,10.0,,,0,,,,,,5.0,,,,,1.0,,,,0,171.0,16.0,,25.0,19.0,1.0,5.0,,,,79.0,,,,,120.0,,3.73
,,,,,,PLAYOFFS,,,,102.0,,,,Arlo Beecham,,,,,,,,,,,,,,,,0.0,,,3.0,,,,,,,,0.0,,,,0.0,,,,,,0.0,,,,,288.0,2.0,,HOU_CB_04,CB,,,,,,,,,11.0,,,1,,,,,,6.0,,,,,,,,,0,133.0,7.0,,12.0,15.0,0.0,,,,,60.0,,,,,122.0,,3.75
,,,,,,PLAYOFFS,,,,303.0,,,,Kingston Marlowe,,,,,,,,,,,,,,,,7.0,,,8.0,,,,,,,,0.0,,,,8.0,,,,,,2.0,,,,,614.8,2.0,,P100417_CB,CB,,,,,,,,,23.0,,,0,,,,,,8.0,,,,,,,,,0,394.0,14.0,,26.0,36.0,0.0,,,,,161.0,,,,,212.0,,5.55
,,,,,,PLAYOFFS,,,,,,,,Lockett Comeaux,,,,15.0,3.0,8.0,6.0,4.0,12.0,2.0,8.0,4.0,3.0,,,,,,8.0,,0.0,,,,,,,38.0,,266.0,,,,,,,,,,,,,,,DAL_K_01,K,,,,,,,,,,,,0,,,,,,,,,,,,,,,0,48.0,,,,,,,,26.0,,161.0,15.0,15.0,,,,,
,,,,,,PLAYOFFS,,,,,,,,Fletcher Owusu,,,,,,,,,,,,,,,,,,,9.0,1714.0,,,,,9.0,17.0,,,500.0,,,,1546.0,,,,,,,,,,,,DAL_P_01,P,,,,,,37.0,,,,,,0,168.0,,,,,,,,,,,,,,0,45.0,,,,,,,,2.0,,180.0,,,,,,,
,,,,5.0,,PLAYOFFS,,9.0,18.0,,,,11.0,Ike Brisco,3.0,,4.0,,,,,,,,,,,29.0,,,1.0,,4.0,,,,,,,,,,,,,2.0,,,,15.0,,,,,,,,,DAL_RB_01,RB,,,,,1.0,,,54.0,,,671.0,1,,37.0,,9.0,,,61.0,4.0,233.0,,,,,,0,110.0,,,,77.0,,,,,,79.0,,,289.0,84.0,,149.0,
,,,,3.0,,PLAYOFFS,,3.0,9.0,,,,5.0,Winston Wiggington,3.0,,6.0,,,,,,,,,,,12.0,,,0.0,,4.0,,,,,,,,,,,,,2.0,,,,28.0,,,,,,,,,NO_RB_03,RB,,,,,2.0,,,26.0,,,335.0,1,,35.0,,8.0,,,29.0,,116.0,,,,,,0,106.0,,,,37.0,,,,,,79.0,,,145.0,46.0,,71.0,
,,,,1.0,,PLAYOFFS,,5.0,12.0,,,,8.0,Fabian Judkins,2.0,,5.0,,,,,,,,,,,11.0,,,0.0,,7.0,,,,,,,,,,,,,2.0,,,,30.0,,,,,,,,,P100382_RB,RB,,,,,4.0,,,29.0,,,365.0,0,,37.0,,7.0,,,34.0,,145.0,,,,,,0,111.0,,,,43.0,,,,,,139.0,,,128.0,68.0,,78.0,
,,,,,,PLAYOFFS,,6.0,15.0,,,,7.0,Isaias Daigle,9.0,,,,,,,,,,,,,23.0,,,,,10.0,,,,,,,,,,,,,6.0,,,,,,,,,,,,,ATL_WR_06,WR,,,,,,,,51.0,,5.0,609.0,0,,366.0,,123.0,,,,,,,,,,,0,434.0,,,,82.0,,,,,,202.0,,,231.0,,,,
,,,,,,PLAYOFFS,,2.0,8.0,,,,9.0,Percival Ingold,4.0,,,,,,,,,,,,,14.0,,,,,7.0,,,,,,,,,,,,,5.0,,,,,,,,,,,,,CLE_WR_04,WR,,,,,,,,36.0,,2.0,453.0,0,,240.0,,82.0,,,,,,,,,,,0,283.0,,,,61.0,,,,,,139.0,,,187.0,,,,
,,,,,,PLAYOFFS,,0.0,1.0,,,,1.0,Redmond Drayton,1.0,,,,,,,,,,,,,1.0,,,,,1.0,,,,,,,,,,,,,1.0,,,,,,,,,,,,,NE_WR_06,WR,,,,,,,,3.0,,,40.0,1,,36.0,,12.0,,,,,,,,,,,0,42.0,,,,6.0,,,,,,19.0,,,16.0,,,,
,,,,,,PLAYOFFS,,1.0,1.0,,,,1.0,Fritz Morrissey,2.0,,,,,,,,,,,,,2.0,,,,,6.0,,,,,,,,,,,,,3.0,,,,,,,,,,,,,ATL_TE_02,TE,,,,,,,,11.0,,,153.0,0,,196.0,,66.0,,,,,,,,,,,0,231.0,,,,21.0,,,,,,118.0,,,56.0,,,,
,,,,,,PLAYOFFS,,,,,,,,Nathanial Lombardo,,,,,,,,,,,,,,,,,,,4.0,,,1.0,,0.0,,,,,,,,,,,379.6,149.0,,,,,,,3.0,,PIT_OT_03,OT,,,,,3.0,,,,,,,1,,,11.0,119.0,51.0,,,,,,,2.0,,,0,268.0,,4.0,,,,,,,,79.0,,,,,,,
,,,,,,PLAYOFFS,,,,,,,,Nikolai Mortenson,,,,,,,,,,,,,,,,,,,7.0,,,2.0,,5.0,,,,,,,,,,,669.7,239.0,,,,,,,9.0,,ATL_C_01,C,,,,,8.0,,,,,,,0,,,21.0,196.0,83.0,,,,,,,1.0,,,0,435.0,,7.0,,,,,,,,139.0,,,,,,,
8.0,2.0,,,,,PLAYOFFS,,,,,,,,Blaze Jelks,,,,,,,,,,,,,,,0.0,,,,7.0,,,,12.0,,,,,,,,1.0,,,,,,,161.0,1.06,,,,1.0,,NYJ_EDGE_06,EDGE,,,,15.0,,,1.0,,,,,1,,,,,,15.0,,,,,3.0,,,,0,284.0,7.0,,15.0,,,4.0,,,,139.0,,,,,,,
9.0,1.0,,,,,PLAYOFFS,,,,,,,,Jericho Adeyemi,,,,,,,,,,,,,,,0.0,,,,5.0,,,,8.0,,,,,,,,3.0,,,,,,,119.0,0.65,,,,2.0,,ATL_EDGE_07,EDGE,,,,10.0,,,0.0,,,,,0,,,,,,6.0,,,,,2.0,,,,0,209.0,6.0,,15.0,,,2.0,,,,96.0,,,,,,,
2.0,0.0,,,,,PLAYOFFS,,,,,,,,Jonas Torrence,,,,,,,,,,,,,,,0.0,,,,1.0,,,,0.0,,,,,,,,0.0,,,,,,,26.0,0.06,,,,0.0,,NE_EDGE_04,EDGE,,,,2.0,,,1.0,,,,,0,,,,,,3.0,,,,,1.0,,,,0,46.0,2.0,,4.0,,,1.0,,,,19.0,,,,,,,
,,,11.0,,,PLAYOFFS,,,,70.0,,,,Halsey Trevathan,,,,,,,,,,,,,,,,1.0,,,2.0,,,,,,,,1.0,,,,0.0,,,,,,0.0,,,,,135.4,1.0,,ATL_LB_03,LB,,,,1.0,,,,,3.0,,,0,,,,,,1.0,,,,,0.0,,,,0,91.0,3.0,,5.0,4.0,0.0,1.0,,,,38.0,,,,,35.0,,0.92
,,,,,,PLAYOFFS,,,,267.0,,,,Ike Tegeler,,,,,,,,,,,,,,,,3.0,,,7.0,,,,,,,,0.0,,,,4.0,,,,,,2.0,,,,,631.2,1.0,,P100406_CB,CB,,,,,,,,,22.0,,,0,,,,,,4.0,,,,,,,,,0,348.0,17.0,,28.0,33.0,0.0,,,,,139.0,,,,,244.0,,6.51
,,,,,,PLAYOFFS,,,,146.0,,,,Ward Lambright,,,,,,,,,,,,,,,,0.0,,,4.0,,,,,,,,1.0,,,,3.0,,,,,,0.0,,,,,279.3,1.0,,HOU_S_01,S,,,,,,,,,10.0,,,1,,,,,,3.0,,,,,,,,,0,190.0,8.0,,15.0,21.0,1.0,,,,,79.0,,,,,136.0,,3.79
,,1.0,,,27.0,PLAYOFFS,29.0,,,,3.0,1.0,,Kenji Woodhead,,2.0,,,,,,,,,,,,15.0,,,0.0,0.0,1.0,,,,,,,,3.0,,,,,,,40.0,,,,,,0.0,276.0,,,7.0,HOU_QB_01,QB,13.0,4.0,30.0,,,,,,,,,1,,,,,,,4.0,,19.0,5.0,,,1.0,2.0,0,62.0,,1.0,,,,,3.0,,1.0,19.0,,,,,,,
,,,,,,PLAYOFFS,,2.0,2.0,,,,2.0,Camden Vitiello,1.0,,,,,,,,,,,,,3.0,,,,,2.0,,,,,,,,,,,,,0.0,,,,,,,,,,,,,DAL_WR_08,WR,,,,,,,,9.0,,,99.0,0,,77.0,,26.0,,,,,,,,,,,0,91.0,,,,15.0,,,,,,38.0,,,47.0,,,,
,,,,,,PLAYOFFS,,0.0,2.0,,,,1.0,Ibrahim Claiborne,0.0,,,,,,,,,,,,,2.0,,,,,1.0,,,,,,,,,,,,,0.0,,,,,,,,,,,,,PIT_WR_08,WR,,,,,,,,6.0,,,64.0,0,,38.0,,13.0,,,,,,,,,,,0,45.0,,,,10.0,,,,,,19.0,,,15.0,,,,
,,,,,,PLAYOFFS,,0.0,0.0,,,,2.0,Galen Twyman,0.0,,,,,,,,,,,,,1.0,,,,,1.0,,,,,,,,,,,,,0.0,,,,,,,,,,,,,DAL_WR_06,WR,,,,,,,,4.0,,,43.0,1,,34.0,,12.0,,,,,,,,,,,0,40.0,,,,7.0,,,,,,19.0,,,15.0,,,,
,,,,,,PLAYOFFS,,1.0,1.0,,,,2.0,Soren Ahearn,0.0,,,,,,,,,,,,,2.0,,,,,2.0,,,,,,,,,,,,,2.0,,,,,,,,,,,,,P100431_WR,WR,,,,,,,,5.0,,1.0,60.0,0,,75.0,,26.0,,,,,,,,,,,0,89.0,,,,9.0,,,,,,38.0,,,17.0,,,,
,,,,,,PLAYOFFS,,1.0,2.0,,,,2.0,Onyx Dargan,0.0,,,,,,,,,,,,,2.0,,,,,1.0,,,,,,,,,,,,,1.0,,,,,,,,,,,,,BUF_TE_03,TE,,,,,,,,5.0,,,50.0,1,,38.0,,13.0,,,,,,,,,,,0,45.0,,,,8.0,,,,,,19.0,,,21.0,,,,
,,,,,,PLAYOFFS,,1.0,1.0,,,,1.0,Otto Zenner,2.0,,,,,,,,,,,,,0.0,,,,,2.0,,,,,,,,,,,,,1.0,,,,,,,,,,,,,P100050_TE,TE,,,,,,,,2.0,,,30.0,0,,63.0,,21.0,,,,,,,,,,,0,74.0,,,,4.0,,,,,,38.0,,,8.0,,,,
,,,,,,PLAYOFFS,,,,,,,,Mekhi Tanguay,,,,,,,,,,,,,,,,,,,7.0,,,0.0,,4.0,,,,,,,,,,,680.3,265.0,,,,,,,0.0,,DAL_OT_02,OT,,,,,5.0,,,,,,,0,,,12.0,211.0,101.0,,,,,,,1.0,,,0,476.0,,7.0,,,,,,,,142.0,,,,,,,
,,,,,,PLAYOFFS,,,,,,,,Sawyer McCandless,,,,,,,,,,,,,,,,,,,2.0,,,0.0,,2.0,,,,,,,,,,,184.7,73.0,,,,,,,2.0,,DAL_OT_04,OT,,,,,3.0,,,,,,,0,,,5.0,59.0,20.0,,,,,,,1.0,,,0,132.0,,2.0,,,,,,,,38.0,,,,,,,
,,,,,,PLAYOFFS,,,,,,,,Tyree Wagoner,,,,,,,,,,,,,,,,,,,2.0,,,1.0,,0.0,,,,,,,,,,,190.0,73.0,,,,,,,0.0,,CHI_OG_03,OG,,,,,1.0,,,,,,,0,,,5.0,60.0,30.0,,,,,,,1.0,,,0,133.0,,2.0,,,,,,,,38.0,,,,,,,
3.0,1.0,,,,,PLAYOFFS,,,,,,,,Hasani Desormeaux,,,,,,,,,,,,,,,0.0,,,,2.0,,,,2.0,,,,,,,,0.0,,,,,,,51.0,0.31,,,,0.0,,P100279_EDGE,EDGE,,,,4.0,,,2.0,,,,,0,,,,,,4.0,,,,,0.0,,,,0,89.0,3.0,,6.0,,,2.0,,,,38.0,,,,,,,
3.0,1.0,,,,,PLAYOFFS,,,,,,,,Derrick Redmond,,,,,,,,,,,,,,,0.0,,,,2.0,,,,3.0,,,,,,,,0.0,,,,,,,48.0,0.31,,,,1.0,,DAL_EDGE_03,EDGE,,,,6.0,,,3.0,,,,,1,,,,,,6.0,,,,,0.0,,,,0,83.0,3.0,,6.0,,,1.0,,,,38.0,,,,,,,
2.0,0.0,,,,,PLAYOFFS,,,,,,,,Eli Tullis,,,,,,,,,,,,,,,0.0,,,,2.0,,,,3.0,,,,,,,,0.0,,,,,,,45.0,0.28,,,,0.0,,GB_DT_02,DT,,,,5.0,,,1.0,,,,,0,,,,,,5.0,,,,,1.0,,,,0,79.0,2.0,,4.0,,,3.0,,,,38.0,,,,,,,
,,,14.0,,,PLAYOFFS,,,,69.0,,,,Jarvis Sidibe,,,,,,,,,,,,,,,,0.0,,,2.0,,,,,,,,0.0,,,,1.0,,,,,,0.0,,,,,163.9,1.0,,PHI_LB_02,LB,,,,3.0,,,,,4.0,,,0,,,,,,1.0,,,,,0.0,,,,0,89.0,4.0,,7.0,6.0,0.0,1.0,,,,38.0,,,,,50.0,,1.43
,,,9.0,,,PLAYOFFS,,,,62.0,,,,Morgan Taliaferro,,,,,,,,,,,,,,,,1.0,,,2.0,,,,,,,,0.0,,,,1.0,,,,,,0.0,,,,,159.9,0.0,,P100489_LB,LB,,,,0.0,,,,,5.0,,,0,,,,,,3.0,,,,,0.0,,,,0,81.0,7.0,,11.0,8.0,0.0,1.0,,,,38.0,,,,,48.0,,1.55
,,,6.0,,,PLAYOFFS,,,,62.0,,,,Conrad Hilliard,,,,,,,,,,,,,,,,0.0,,,2.0,,,,,,,,0.0,,,,1.0,,,,,,0.0,,,,,227.8,0.0,,CLE_LB_01,LB,,,,0.0,,,,,9.0,,,0,,,,,,2.0,,,,,0.0,,,,0,81.0,8.0,,12.0,10.0,0.0,1.0,,,,38.0,,,,,132.0,,4.25
,,,,,,PLAYOFFS,,,,334.0,,,,Julius Fulmer,,,,,,,,,,,,,,,,10.0,,,9.0,,,,,,,,1.0,,,,6.0,,,,,,7.0,,,,,539.5,0.0,,DAL_CB_03,CB,,,,,,,,,12.0,,,0,,,,,,6.0,,,,,,,,,0,435.0,20.0,,33.0,21.0,0.0,,,,,183.0,,,,,103.0,,2.78
,,,,,,PLAYOFFS,,,,76.0,,,,Jamari Ruggiero,,,,,,,,,,,,,,,,1.0,,,2.0,,,,,,,,1.0,,,,0.0,,,,,,1.0,,,,,133.3,0.0,,GB_CB_04,CB,,,,,,,,,3.0,,,0,,,,,,2.0,,,,,,,,,0,99.0,2.0,,4.0,6.0,1.0,,,,,38.0,,,,,33.0,,0.87
,,,,,,PLAYOFFS,,,,76.0,,,,Delano Gholston,,,,,,,,,,,,,,,,1.0,,,2.0,,,,,,,,0.0,,,,0.0,,,,,,1.0,,,,,194.6,0.0,,BAL_CB_01,CB,,,,,,,,,6.0,,,1,,,,,,0.0,,,,,,,,,0,99.0,5.0,,8.0,9.0,1.0,,,,,38.0,,,,,41.0,,1.08
,,,,,,PLAYOFFS,,,,115.0,,,,Gannon Monfort,,,,,,,,,,,,,,,,1.0,,,3.0,,,,,,,,0.0,,,,1.0,,,,,,1.0,,,,,234.3,0.0,,GB_S_02,S,,,,,,,,,8.0,,,1,,,,,,2.0,,,,,,,,,0,150.0,9.0,,15.0,15.0,0.0,,,,,58.0,,,,,90.0,,2.31
,,,,,,PLAYOFFS,,,,77.0,,,,Ludwig Sanborn,,,,,,,,,,,,,,,,2.0,,,2.0,,,,,,,,0.0,,,,0.0,,,,,,2.0,,,,,83.4,0.0,,P100210_S,S,,,,,,,,,0.0,,,0,,,,,,0.0,,,,,,,,,0,99.0,5.0,,9.0,0.0,0.0,,,,,38.0,,,,,7.0,,0.18
,,,,,,PLAYOFFS,,,,,,,,Ferris Nailor,,,,8.0,4.0,1.0,2.0,0.0,7.0,4.0,1.0,1.0,0.0,,,,,,3.0,,0.0,,,,,,,12.0,,143.0,,,,,,,,,,,,,,,NE_K_01,K,,,,,,,,,,,,0,,,,,,,,,,,,,,,0,18.0,,,,,,,,6.0,,57.0,7.0,7.0,,,,,
,,,,,,PLAYOFFS,,,,,,,,Cortez Pepperell,,,,,,,,,,,,,,,,,,,2.0,459.0,,,,,0.0,1.0,,,114.0,,,,419.0,,,,,,,,,,,,TB_P_02,P,,,,,,10.0,,,,,,0,40.0,,,,,,,,,,,,,,0,10.0,,,,,,,,1.0,,38.0,,,,,,,
,,3.0,,,58.0,PLAYOFFS,49.0,,,,7.0,1.0,,Radcliffe Guilford,,3.0,,,,,,,,,,,,24.0,,,0.0,0.0,2.0,,,,,,,,3.0,,,,,,,73.0,,,,,,1.0,561.0,,,21.0,SF_QB_02,QB,15.0,6.0,51.0,,,,,,,,,0,,,,,,,6.0,,8.0,56.0,,,7.0,3.0,0,136.0,,2.0,,,,,3.0,,3.0,39.0,,,,,,,
,,,,10.0,,PLAYOFFS,,7.0,11.0,,,,14.0,Mikael Crockett,3.0,,3.0,,,,,,,,,,,22.0,,,0.0,,4.0,,,,,,,,,,,,,1.0,,,,29.0,,,,,,,,,DAL_RB_03,RB,,,,,4.0,,,44.0,,,466.0,0,,38.0,,10.0,,,53.0,3.0,159.0,,,,,,0,117.0,,,,66.0,,,,,,78.0,,,219.0,28.0,,135.0,
,,,,,,PLAYOFFS,,0.0,2.0,,,,1.0,Kasimir Serrano,0.0,,,,,,,,,,,,,2.0,,,,,2.0,,,,,,,,,,,,,3.0,,,,,,,,,,,,,NO_WR_01,WR,,,,,,,,7.0,,1.0,87.0,0,,78.0,,26.0,,,,,,,,,,,0,91.0,,,,12.0,,,,,,39.0,,,41.0,,,,
,,,,,,PLAYOFFS,,0.0,3.0,,,,2.0,Hasani Trapasso,0.0,,,,,,,,,,,,,0.0,,,,,2.0,,,,,,,,,,,,,2.0,,,,,,,,,,,,,CHI_WR_07,WR,,,,,,,,2.0,,,38.0,0,,65.0,,23.0,,,,,,,,,,,0,77.0,,,,4.0,,,,,,39.0,,,17.0,,,,
,,,,,,PLAYOFFS,,,,,,,,Zico Durrant,,,,,,,,,,,,,,,,,,,2.0,,,0.0,,2.0,,,,,,,,,,,185.2,75.0,,,,,,,2.0,,SF_OG_04,OG,,,,,3.0,,,,,,,0,,,7.0,60.0,25.0,,,,,,,1.0,,,0,135.0,,2.0,,,,,,,,39.0,,,,,,,
7.0,0.0,,,,,PLAYOFFS,,,,,,,,Manny Harkness,,,,,,,,,,,,,,,2.0,,,,4.0,,,,9.0,,,,,,,,2.0,,,,,,,100.0,0.58,,,,1.0,,CIN_EDGE_04,EDGE,,,,14.0,,,3.0,,,,,0,,,,,,7.0,,,,,2.0,,,,0,176.0,4.0,,11.0,,,3.0,,,,78.0,,,,,,,
3.0,0.0,,,,,PLAYOFFS,,,,,,,,Deacon Mabry,,,,,,,,,,,,,,,0.0,,,,3.0,,,,2.0,,,,,,,,1.0,,,,,,,74.0,0.46,,,,0.0,,HOU_EDGE_02,EDGE,,,,5.0,,,3.0,,,,,1,,,,,,6.0,,,,,0.0,,,,0,131.0,3.0,,6.0,,,0.0,,,,59.0,,,,,,,
5.0,1.0,,,,,PLAYOFFS,,,,,,,,Remy Boykin,,,,,,,,,,,,,,,0.0,,,,3.0,,,,8.0,,,,,,,,0.0,,,,,,,64.0,0.43,,,,1.0,,CHI_DT_02,DT,,,,9.0,,,1.0,,,,,1,,,,,,8.0,,,,,0.0,,,,0,114.0,7.0,,12.0,,,3.0,,,,59.0,,,,,,,
4.0,0.0,,,,,PLAYOFFS,,,,,,,,Laurent Epperson,,,,,,,,,,,,,,,0.0,,,,2.0,,,,6.0,,,,,,,,1.0,,,,,,,49.0,0.34,,,,0.0,,BAL_DT_01,DT,,,,8.0,,,2.0,,,,,0,,,,,,5.0,,,,,0.0,,,,0,85.0,4.0,,8.0,,,1.0,,,,39.0,,,,,,,
4.0,2.0,,,,,PLAYOFFS,,,,,,,,Pascal Merriweather,,,,,,,,,,,,,,,0.0,,,,3.0,,,,4.0,,,,,,,,1.0,,,,,,,58.0,0.46,,,,1.0,,P100246_DT,DT,,,,6.0,,,2.0,,,,,0,,,,,,7.0,,,,,0.0,,,,0,103.0,2.0,,6.0,,,1.0,,,,58.0,,,,,,,
,,,12.0,,,PLAYOFFS,,,,67.0,,,,Ibrahim Gwaltney,,,,,,,,,,,,,,,,1.0,,,2.0,,,,,,,,0.0,,,,2.0,,,,,,1.0,,,,,121.6,0.0,,DAL_LB_02,LB,,,,0.0,,,,,3.0,,,1,,,,,,3.0,,,,,0.0,,,,0,87.0,11.0,,17.0,5.0,0.0,4.0,,,,39.0,,,,,8.0,,0.23
,,,,,,PLAYOFFS,,,,113.0,,,,Hugo Oakman,,,,,,,,,,,,,,,,0.0,,,3.0,,,,,,,,1.0,,,,0.0,,,,,,0.0,,,,,278.3,0.0,,MIN_CB_05,CB,,,,,,,,,8.0,,,1,,,,,,2.0,,,,,,,,,0,147.0,9.0,,15.0,12.0,1.0,,,,,59.0,,,,,107.0,,2.86
,,,,,,PLAYOFFS,,,,79.0,,,,Rigby Hagerty,,,,,,,,,,,,,,,,1.0,,,2.0,,,,,,,,1.0,,,,1.0,,,,,,0.0,,,,,207.0,2.0,,LAC_CB_04,CB,,,,,,,,,6.0,,,1,,,,,,1.0,,,,,,,,,0,103.0,1.0,,3.0,10.0,2.0,,,,,39.0,,,,,84.0,,2.14
,,,,,,PLAYOFFS,,,,115.0,,,,Tristan Randle,,,,,,,,,,,,,,,,0.0,,,3.0,,,,,,,,2.0,,,,1.0,,,,,,0.0,,,,,122.6,0.0,,MIN_CB_04,CB,,,,,,,,,5.0,,,0,,,,,,2.0,,,,,,,,,0,150.0,9.0,,16.0,11.0,0.0,,,,,59.0,,,,,57.0,,1.51
,,,,,,PLAYOFFS,,,,75.0,,,,Samir Finnegan,,,,,,,,,,,,,,,,2.0,,,2.0,,,,,,,,0.0,,,,0.0,,,,,,1.0,,,,,194.8,2.0,,DAL_S_02,S,,,,,,,,,4.0,,,1,,,,,,1.0,,,,,,,,,0,97.0,4.0,,7.0,5.0,0.0,,,,,39.0,,,,,40.0,,1.12
,,,,,,PLAYOFFS,,2.0,2.0,,,,0.0,Saxon Mastrangelo,1.0,,,,,,,,,,,,,3.0,,,,,1.0,,,,,,,,,,,,,1.0,,,,,,,,,,,,,DET_WR_06,WR,,,,,,,,8.0,,,81.0,1,,36.0,,12.0,,,,,,,,,,,0,43.0,,,,13.0,,,,,,20.0,,,23.0,,,,
,,,,,,PLAYOFFS,,2.0,8.0,,,,3.0,Hamza Sendejo,4.0,,,,,,,,,,,,,9.0,,,,,4.0,,,,,,,,,,,,,2.0,,,,,,,,,,,,,P100331_WR,WR,,,,,,,,19.0,,1.0,219.0,0,,140.0,,47.0,,,,,,,,,,,0,164.0,,,,33.0,,,,,,78.0,,,95.0,,,,
,,,,,,PLAYOFFS,,0.0,2.0,,,,3.0,Chandler Kirkpatrick,0.0,,,,,,,,,,,,,1.0,,,,,3.0,,,,,,,,,,,,,1.0,,,,,,,,,,,,,P100566_WR,WR,,,,,,,,4.0,,,52.0,0,,113.0,,39.0,,,,,,,,,,,0,133.0,,,,7.0,,,,,,59.0,,,22.0,,,,
,,,,,,PLAYOFFS,,0.0,0.0,,,,0.0,Sanford Trevathan,0.0,,,,,,,,,,,,,0.0,,,,,1.0,,,,,,,,,,,,,1.0,,,,,,,,,,,,,P100547_TE,TE,,,,,,,,1.0,,,15.0,0,,33.0,,11.0,,,,,,,,,,,0,39.0,,,,2.0,,,,,,20.0,,,8.0,,,,
,,,,,,PLAYOFFS,,,,,,,,Lorenzo Farrow,,,,,,,,,,,,,,,,,,,4.0,,,0.0,,0.0,,,,,,,,,,,369.0,139.0,,,,,,,2.0,,DAL_OT_01,OT,,,,,3.0,,,,,,,1,,,10.0,113.0,48.0,,,,,,,3.0,,,0,252.0,,4.0,,,,,,,,78.0,,,,,,,
,,,,,,PLAYOFFS,,,,,,,,Darnell Coulombe,,,,,,,,,,,,,,,,,,,4.0,,,1.0,,2.0,,,,,,,,,,,376.0,144.0,,,,,,,2.0,,P100507_OT,OT,,,,,4.0,,,,,,,0,,,7.0,118.0,57.0,,,,,,,2.0,,,0,262.0,,4.0,,,,,,,,78.0,,,,,,,
0.0,0.0,,,,,PLAYOFFS,,,,,,,,Hakeem Ridgeway,,,,,,,,,,,,,,,0.0,,,,1.0,,,,1.0,,,,,,,,0.0,,,,,,,25.0,0.1,,,,0.0,,P100483_EDGE,EDGE,,,,1.0,,,0.0,,,,,0,,,,,,1.0,,,,,0.0,,,,0,44.0,0.0,,0.0,,,0.0,,,,20.0,,,,,,,
4.0,0.0,,,,,PLAYOFFS,,,,,,,,Jayceon Stroman,,,,,,,,,,,,,,,0.0,,,,2.0,,,,0.0,,,,,,,,2.0,,,,,,,37.0,0.26,,,,0.0,,GB_DT_01,DT,,,,4.0,,,2.0,,,,,1,,,,,,4.0,,,,,2.0,,,,0,66.0,4.0,,8.0,,,0.0,,,,39.0,,,,,,,
,,,,,,PLAYOFFS,,,,,,,,Nash Ballinger,,,,3.0,1.0,0.0,0.0,1.0,2.0,1.0,0.0,0.0,1.0,,,,,,1.0,,0.0,,,,,,,3.0,,44.0,,,,,,,,,,,,,,,HOU_K_01,K,,,,,,,,,,,,0,,,,,,,,,,,,,,,0,6.0,,,,,,,,2.0,,20.0,0.0,0.0,,,,,
,,,,,,PLAYOFFS,,,,,,,,Randall Broadwater,,,,,,,,,,,,,,,,,,,1.0,46.0,,,,,0.0,0.0,,,56.0,,,,38.0,,,,,,,,,,,,ARI_P_01,P,,,,,,1.0,,,,,,0,8.0,,,,,,,,,,,,,,0,5.0,,,,,,,,0.0,,20.0,,,,,,,
,,,,1.0,,PLAYOFFS,,2.0,4.0,,,,2.0,Royce Vaitai,0.0,,1.0,,,,,,,,,,,4.0,,,0.0,,1.0,,,,,,,,,,,,,1.0,,,,11.0,,,,,,,,,P100857_RB,RB,,,,,1.0,,,10.0,,,134.0,0,,8.0,,2.0,,,10.0,,39.0,,,,,,0,24.0,,,,14.0,,,,,,19.0,,,53.0,20.0,,19.0,
,,,,,,PLAYOFFS,,2.0,2.0,,,,4.0,Mekai Schmitz,1.0,,,,,,,,,,,,,5.0,,,,,3.0,,,,,,,,,,,,,0.0,,,,,,,,,,,,,PIT_WR_07,WR,,,,,,,,13.0,,2.0,151.0,0,,109.0,,37.0,,,,,,,,,,,0,128.0,,,,18.0,,,,,,60.0,,,57.0,,,,
,,,,,,PLAYOFFS,,0.0,1.0,,,,0.0,Dexter Mixson,1.0,,,,,,,,,,,,,1.0,,,,,3.0,,,,,,,,,,,,,2.0,,,,,,,,,,,,,LAR_WR_06,WR,,,,,,,,5.0,,,65.0,0,,118.0,,40.0,,,,,,,,,,,0,139.0,,,,8.0,,,,,,60.0,,,23.0,,,,
,,,,,,PLAYOFFS,,0.0,0.0,,,,0.0,Duke Brisco,0.0,,,,,,,,,,,,,0.0,,,,,1.0,,,,,,,,,,,,,0.0,,,,,,,,,,,,,P100730_TE,TE,,,,,,,,1.0,,,22.0,0,,32.0,,11.0,,,,,,,,,,,0,38.0,,,,2.0,,,,,,19.0,,,11.0,,,,
14.0,1.0,,,,,PLAYOFFS,,,,,,,,Levi Makinen,,,,,,,,,,,,,,,0.0,,,,7.0,,,,6.0,,,,,,,,3.0,,,,,,,142.0,0.91,,,,4.0,,P100826_DT,DT,,,,11.0,,,5.0,,,,,0,,,,,,13.0,,,,,0.0,,,,0,253.0,13.0,,27.0,,,5.0,,,,142.0,,,,,,,
,,,,,,PLAYOFFS,,,,118.0,,,,Odell Fraley,,,,,,,,,,,,,,,,1.0,,,3.0,,,,,,,,0.0,,,,1.0,,,,,,1.0,,,,,217.3,0.0,,NO_CB_02,CB,,,,,,,,,4.0,,,1,,,,,,0.0,,,,,,,,,0,152.0,6.0,,12.0,9.0,0.0,,,,,60.0,,,,,64.0,,1.67
,,,,,,PLAYOFFS,,,,266.0,,,,Jelani Welbourne,,,,,,,,,,,,,,,,9.0,,,7.0,,,,,,,,1.0,,,,1.0,,,,,,5.0,,,,,478.8,2.0,,P100366_CB,CB,,,,,,,,,14.0,,,0,,,,,,3.0,,,,,,,,,0,346.0,14.0,,25.0,27.0,0.0,,,,,142.0,,,,,152.0,,4.16
,,,,,,PLAYOFFS,,,,291.0,,,,Radcliffe Schaffner,,,,,,,,,,,,,,,,8.0,,,7.0,,,,,,,,0.0,,,,7.0,,,,,,7.0,,,,,595.6,1.0,,BUF_S_02,S,,,,,,,,,15.0,,,0,,,,,,3.0,,,,,,,,,0,377.0,25.0,,39.0,24.0,2.0,,,,,142.0,,,,,156.0,,3.91
,,,,,,PLAYOFFS,,,,36.0,,,,Moses Stanback,,,,,,,,,,,,,,,,2.0,,,1.0,,,,,,,,0.0,,,,0.0,,,,,,1.0,,,,,50.7,0.0,,CLE_S_02,S,,,,,,,,,1.0,,,1,,,,,,1.0,,,,,,,,,0,47.0,0.0,,0.0,3.0,0.0,,,,,19.0,,,,,15.0,,0.42
,,,,2.0,,PLAYOFFS,,10.0,27.0,,,,22.0,Mason Mallett,8.0,,11.0,,,,,,,,,,,51.0,,,1.0,,6.0,,,,,,,,,,,,,2.0,,,,40.0,,,,,,,,,P100854_RB,RB,,,,,3.0,,,110.0,,,1119.0,0,,67.0,,17.0,,,127.0,4.0,485.0,,,,,,0,202.0,,,,150.0,,,,,,121.0,,,426.0,162.0,,325.0,
,,,,,,PLAYOFFS,,4.0,6.0,,,,8.0,Wolfgang Gerhardt,3.0,,,,,,,,,,,,,9.0,,,,,3.0,,,,,,,,,,,,,1.0,,,,,,,,,,,,,CHI_WR_01,WR,,,,,,,,19.0,,1.0,210.0,1,,109.0,,38.0,,,,,,,,,,,0,129.0,,,,34.0,,,,,,58.0,,,89.0,,,,
,,,,,,PLAYOFFS,,,,,,,,Lyle Paddock,,,,,,,,,,,,,,,,,,,2.0,,,3.0,,0.0,,,,,,,,,,,191.2,68.0,,,,,,,0.0,,CHI_OT_01,OT,,,,,3.0,,,,,,,0,,,4.0,55.0,26.0,,,,,,,0.0,,,0,123.0,,2.0,,,,,,,,39.0,,,,,,,
9.0,1.0,,,,,PLAYOFFS,,,,,,,,Emerson Parham,,,,,,,,,,,,,,,0.0,,,,6.0,,,,7.0,,,,,,,,2.0,,,,,,,154.0,0.69,,,,1.0,,NE_EDGE_02,EDGE,,,,13.0,,,1.0,,,,,0,,,,,,10.0,,,,,5.0,,,,0,270.0,5.0,,14.0,,,3.0,,,,121.0,,,,,,,
4.0,0.0,,,,,PLAYOFFS,,,,,,,,Dupree Brockman,,,,,,,,,,,,,,,1.0,,,,2.0,,,,3.0,,,,,,,,3.0,,,,,,,56.0,0.16,,,,0.0,,CAR_EDGE_09,EDGE,,,,4.0,,,0.0,,,,,0,,,,,,3.0,,,,,1.0,,,,0,99.0,4.0,,8.0,,,2.0,,,,39.0,,,,,,,
7.0,0.0,,,,,PLAYOFFS,,,,,,,,Cortez Vaughters,,,,,,,,,,,,,,,0.0,,,,6.0,,,,6.0,,,,,,,,1.0,,,,,,,133.0,0.84,,,,2.0,,CIN_DT_01,DT,,,,11.0,,,4.0,,,,,1,,,,,,7.0,,,,,2.0,,,,0,235.0,4.0,,11.0,,,5.0,,,,121.0,,,,,,,
9.0,0.0,,,,,PLAYOFFS,,,,,,,,Chidi Pepperell,,,,,,,,,,,,,,,0.0,,,,6.0,,,,10.0,,,,,,,,1.0,,,,,,,136.0,0.84,,,,2.0,,P100851_DT,DT,,,,16.0,,,5.0,,,,,0,,,,,,9.0,,,,,1.0,,,,0,241.0,6.0,,15.0,,,3.0,,,,121.0,,,,,,,
,,,11.0,,,PLAYOFFS,,,,67.0,,,,Niles Hockenson,,,,,,,,,,,,,,,,0.0,,,2.0,,,,,,,,1.0,,,,0.0,,,,,,0.0,,,,,133.5,2.0,,LAC_LB_02,LB,,,,1.0,,,,,7.0,,,1,,,,,,1.0,,,,,1.0,,,,0,87.0,4.0,,7.0,11.0,0.0,2.0,,,,39.0,,,,,87.0,,2.62
,,,,,,PLAYOFFS,,1.0,1.0,,,,1.0,Eli Ledbetter,0.0,,,,,,,,,,,,,0.0,,,,,3.0,,,,,,,,,,,,,2.0,,,,,,,,,,,,,LV_TE_02,TE,,,,,,,,4.0,,,66.0,0,,91.0,,31.0,,,,,,,,,,,0,108.0,,,,9.0,,,,,,60.0,,,22.0,,,,
,,,,,,PLAYOFFS,,,,,,,,Larkin Havili,,,,,,,,,,,,,,,,,,,3.0,,,2.0,,1.0,,,,,,,,,,,258.4,111.0,,,,,,,2.0,,HOU_OG_01,OG,,,,,5.0,,,,,,,1,,,7.0,89.0,35.0,,,,,,,4.0,,,0,200.0,,3.0,,,,,,,,60.0,,,,,,,
7.0,1.0,,,,,PLAYOFFS,,,,,,,,Zico Vinovich,,,,,,,,,,,,,,,0.0,,,,4.0,,,,9.0,,,,,,,,1.0,,,,,,,102.0,0.69,,,,4.0,,NYJ_EDGE_04,EDGE,,,,12.0,,,3.0,,,,,1,,,,,,7.0,,,,,0.0,,,,0,179.0,6.0,,13.0,,,2.0,,,,79.0,,,,,,,
,,,18.0,,,PLAYOFFS,,,,137.0,,,,Angus Hockenson,,,,,,,,,,,,,,,,2.0,,,4.0,,,,,,,,0.0,,,,3.0,,,,,,0.0,,,,,466.5,4.0,,P100884_LB,LB,,,,1.0,,,,,19.0,,,0,,,,,,3.0,,,,,0.0,,,,0,179.0,14.0,,23.0,23.0,1.0,1.0,,,,79.0,,,,,222.0,,6.54
,,,,,,PLAYOFFS,,,,159.0,,,,Enzo Arceneaux,,,,,,,,,,,,,,,,3.0,,,4.0,,,,,,,,0.0,,,,2.0,,,,,,1.0,,,,,409.6,0.0,,P100592_S,S,,,,,,,,,13.0,,,0,,,,,,3.0,,,,,,,,,0,206.0,11.0,,18.0,23.0,3.0,,,,,79.0,,,,,142.0,,3.56
,,6.0,,,56.0,PLAYOFFS,53.0,,,,8.0,2.0,,Ridge Nailor,,3.0,,,,,,,,,,,,24.0,,,0.0,0.0,2.0,,,,,,,,7.0,,,,,,,79.0,,,,,,0.0,548.0,,,15.0,P100496_QB,QB,23.0,11.0,104.0,,,,,,,,,0,,,,,,,10.0,,47.0,14.0,,,2.0,4.0,0,135.0,,2.0,,,,,4.0,,4.0,38.0,,,,,,,
,,,,3.0,,PLAYOFFS,,5.0,10.0,,,,8.0,Luca Tullis,0.0,,2.0,,,,,,,,,,,14.0,,,0.0,,1.0,,,,,,,,,,,,,2.0,,,,9.0,,,,,,,,,NO_RB_02,RB,,,,,1.0,,,27.0,,,293.0,1,,14.0,,4.0,,,32.0,0.0,123.0,,,,,,0,42.0,,,,43.0,,,,,,19.0,,,73.0,63.0,,60.0,
,,,,,,PLAYOFFS,,2.0,4.0,,,,2.0,Jayceon Yiadom,0.0,,,,,,,,,,,,,6.0,,,,,2.0,,,,,,,,,,,,,2.0,,,,,,,,,,,,,CIN_WR_04,WR,,,,,,,,13.0,,1.0,156.0,0,,72.0,,24.0,,,,,,,,,,,0,85.0,,,,24.0,,,,,,38.0,,,52.0,,,,
,,,,,,PLAYOFFS,,3.0,5.0,,,,3.0,Brogan Wagoner,1.0,,,,,,,,,,,,,4.0,,,,,2.0,,,,,,,,,,,,,1.0,,,,,,,,,,,,,HOU_WR_02,WR,,,,,,,,12.0,,,127.0,1,,69.0,,24.0,,,,,,,,,,,0,81.0,,,,20.0,,,,,,38.0,,,59.0,,,,
,,,,,,PLAYOFFS,,0.0,3.0,,,,2.0,Eli Cribbs,2.0,,,,,,,,,,,,,4.0,,,,,2.0,,,,,,,,,,,,,0.0,,,,,,,,,,,,,CIN_WR_03,WR,,,,,,,,8.0,,,86.0,0,,84.0,,28.0,,,,,,,,,,,0,98.0,,,,13.0,,,,,,38.0,,,27.0,,,,
,,,,,,PLAYOFFS,,0.0,0.0,,,,0.0,Ollie Bledsoe,0.0,,,,,,,,,,,,,0.0,,,,,2.0,,,,,,,,,,,,,1.0,,,,,,,,,,,,,P100484_WR,WR,,,,,,,,2.0,,,37.0,0,,76.0,,26.0,,,,,,,,,,,0,89.0,,,,5.0,,,,,,38.0,,,15.0,,,,
,,,,,,PLAYOFFS,,0.0,1.0,,,,1.0,Ruben Salvador,0.0,,,,,,,,,,,,,0.0,,,,,2.0,,,,,,,,,,,,,1.0,,,,,,,,,,,,,CIN_TE_01,TE,,,,,,,,2.0,,,30.0,0,,70.0,,24.0,,,,,,,,,,,0,83.0,,,,4.0,,,,,,38.0,,,11.0,,,,
,,,,,,PLAYOFFS,,,,,,,,Beckham Chidozie,,,,,,,,,,,,,,,,,,,1.0,,,0.0,,0.0,,,,,,,,,,,100.0,34.0,,,,,,,0.0,,WAS_OT_01,OT,,,,,0.0,,,,,,,1,,,2.0,27.0,10.0,,,,,,,0.0,,,0,61.0,,1.0,,,,,,,,19.0,,,,,,,
,,,,,,PLAYOFFS,,,,,,,,Corbin Flannery,,,,,,,,,,,,,,,,,,,2.0,,,0.0,,3.0,,,,,,,,,,,191.2,73.0,,,,,,,3.0,,CIN_OT_02,OT,,,,,3.0,,,,,,,1,,,1.0,59.0,26.0,,,,,,,0.0,,,0,132.0,,2.0,,,,,,,,38.0,,,,,,,
,,,,,,PLAYOFFS,,,,,,,,Gavin Hufanga,,,,,,,,,,,,,,,,,,,2.0,,,1.0,,2.0,,,,,,,,,,,192.1,75.0,,,,,,,0.0,,CIN_OG_02,OG,,,,,3.0,,,,,,,0,,,7.0,61.0,21.0,,,,,,,0.0,,,0,136.0,,2.0,,,,,,,,38.0,,,,,,,
,,,,,,PLAYOFFS,,,,,,,,Bryce Wolfington,,,,,,,,,,,,,,,,,,,1.0,,,0.0,,3.0,,,,,,,,,,,92.1,38.0,,,,,,,1.0,,BAL_C_01,C,,,,,3.0,,,,,,,0,,,4.0,30.0,6.0,,,,,,,0.0,,,0,68.0,,1.0,,,,,,,,19.0,,,,,,,
3.0,2.0,,,,,PLAYOFFS,,,,,,,,Buck Fraley,,,,,,,,,,,,,,,0.0,,,,2.0,,,,2.0,,,,,,,,0.0,,,,,,,45.0,0.32,,,,1.0,,GB_EDGE_07,EDGE,,,,4.0,,,1.0,,,,,0,,,,,,2.0,,,,,1.0,,,,0,80.0,3.0,,6.0,,,1.0,,,,38.0,,,,,,,
2.0,0.0,,,,,PLAYOFFS,,,,,,,,Ellis Tuanigamanuolepola,,,,,,,,,,,,,,,0.0,,,,1.0,,,,1.0,,,,,,,,0.0,,,,,,,27.0,0.09,,,,0.0,,P100663_EDGE,EDGE,,,,2.0,,,1.0,,,,,0,,,,,,0.0,,,,,0.0,,,,0,48.0,2.0,,4.0,,,0.0,,,,19.0,,,,,,,
3.0,0.0,,,,,PLAYOFFS,,,,,,,,Porter Copeland,,,,,,,,,,,,,,,0.0,,,,2.0,,,,2.0,,,,,,,,0.0,,,,,,,43.0,0.23,,,,0.0,,P100475_DT,DT,,,,4.0,,,2.0,,,,,0,,,,,,2.0,,,,,0.0,,,,0,76.0,1.0,,4.0,,,0.0,,,,38.0,,,,,,,
3.0,0.0,,,,,PLAYOFFS,,,,,,,,Dax Paddock,,,,,,,,,,,,,,,0.0,,,,2.0,,,,1.0,,,,,,,,0.0,,,,,,,39.0,0.32,,,,0.0,,CIN_DT_03,DT,,,,3.0,,,2.0,,,,,0,,,,,,4.0,,,,,0.0,,,,0,69.0,1.0,,4.0,,,0.0,,,,38.0,,,,,,,
,,,9.0,,,PLAYOFFS,,,,66.0,,,,Bruno Shreve,,,,,,,,,,,,,,,,2.0,,,2.0,,,,,,,,0.0,,,,1.0,,,,,,1.0,,,,,163.2,1.0,,SEA_LB_02,LB,,,,0.0,,,,,4.0,,,0,,,,,,3.0,,,,,0.0,,,,0,87.0,10.0,,15.0,8.0,0.0,2.0,,,,38.0,,,,,59.0,,1.78
,,,,,,PLAYOFFS,,,,35.0,,,,Omari Helaire,,,,,,,,,,,,,,,,0.0,,,1.0,,,,,,,,0.0,,,,0.0,,,,,,0.0,,,,,97.2,0.0,,HOU_CB_05,CB,,,,,,,,,3.0,,,1,,,,,,0.0,,,,,,,,,0,45.0,2.0,,4.0,3.0,0.0,,,,,19.0,,,,,22.0,,0.63
,,,,,,PLAYOFFS,,,,80.0,,,,Brennan Hamlett,,,,,,,,,,,,,,,,1.0,,,2.0,,,,,,,,0.0,,,,1.0,,,,,,0.0,,,,,206.2,0.0,,CIN_CB_01,CB,,,,,,,,,9.0,,,1,,,,,,0.0,,,,,,,,,0,103.0,9.0,,13.0,11.0,1.0,,,,,38.0,,,,,84.0,,2.07
,,,,,,PLAYOFFS,,,,38.0,,,,Isaiah Linscomb,,,,,,,,,,,,,,,,0.0,,,1.0,,,,,,,,0.0,,,,1.0,,,,,,0.0,,,,,39.6,0.0,,NYJ_CB_05,CB,,,,,,,,,1.0,,,1,,,,,,0.0,,,,,,,,,0,49.0,2.0,,4.0,4.0,0.0,,,,,19.0,,,,,7.0,,0.18
,,,,,,PLAYOFFS,,,,81.0,,,,Otis Kemper,,,,,,,,,,,,,,,,1.0,,,2.0,,,,,,,,0.0,,,,0.0,,,,,,1.0,,,,,185.4,0.0,,CIN_S_01,S,,,,,,,,,1.0,,,0,,,,,,0.0,,,,,,,,,0,105.0,4.0,,7.0,4.0,1.0,,,,,38.0,,,,,37.0,,0.9
,,,,,,PLAYOFFS,,,,156.0,,,,Julius Galbraith,,,,,,,,,,,,,,,,4.0,,,4.0,,,,,,,,1.0,,,,0.0,,,,,,2.0,,,,,265.4,0.0,,HOU_S_03,S,,,,,,,,,10.0,,,0,,,,,,2.0,,,,,,,,,0,202.0,5.0,,10.0,17.0,0.0,,,,,79.0,,,,,106.0,,2.83
,,,,,,PLAYOFFS,,,,,,,,Jace Babineaux,,,,2.0,0.0,1.0,2.0,0.0,1.0,0.0,1.0,2.0,0.0,,,,,,2.0,,0.0,,,,,,,6.0,,48.0,,,,,,,,,,,,,,,BAL_K_01,K,,,,,,,,,,,,0,,,,,,,,,,,,,,,0,12.0,,,,,,,,3.0,,38.0,2.0,2.0,,,,,
,,,,,,PLAYOFFS,,0.0,0.0,,,,0.0,Yusuf Markham,0.0,,,,,,,,,,,,,0.0,,,,,2.0,,,,,,,,,,,,,0.0,,,,,,,,,,,,,IND_WR_05,WR,,,,,,,,2.0,,,38.0,1,,81.0,,28.0,,,,,,,,,,,0,95.0,,,,4.0,,,,,,39.0,,,16.0,,,,
,,,,,,PLAYOFFS,,1.0,4.0,,,,1.0,Darian Cordray,2.0,,,,,,,,,,,,,3.0,,,,,6.0,,,,,,,,,,,,,1.0,,,,,,,,,,,,,P100701_TE,TE,,,,,,,,11.0,,,163.0,0,,207.0,,71.0,,,,,,,,,,,0,245.0,,,,21.0,,,,,,117.0,,,54.0,,,,
,,,,,,PLAYOFFS,,,,,,,,Renard Salvador,,,,,,,,,,,,,,,,,,,2.0,,,2.0,,1.0,,,,,,,,,,,191.6,72.0,,,,,,,0.0,,PIT_OG_03,OG,,,,,3.0,,,,,,,1,,,3.0,58.0,26.0,,,,,,,0.0,,,0,130.0,,2.0,,,,,,,,39.0,,,,,,,
10.0,1.0,,,,,PLAYOFFS,,,,,,,,Hudson Kilgore,,,,,,,,,,,,,,,0.0,,,,5.0,,,,8.0,,,,,,,,1.0,,,,,,,114.0,0.8,,,,1.0,,LAC_DT_02,DT,,,,12.0,,,3.0,,,,,1,,,,,,8.0,,,,,1.0,,,,0,201.0,5.0,,15.0,,,4.0,,,,99.0,,,,,,,
,,,20.0,,,PLAYOFFS,,,,137.0,,,,Garrett Mortenson,,,,,,,,,,,,,,,,1.0,,,4.0,,,,,,,,1.0,,,,0.0,,,,,,1.0,,,,,353.9,0.0,,GB_LB_05,LB,,,,1.0,,,,,12.0,,,0,,,,,,4.0,,,,,0.0,,,,0,178.0,10.0,,16.0,15.0,1.0,3.0,,,,78.0,,,,,121.0,,3.52
,,,,,,PLAYOFFS,,,,225.0,,,,Nikolai Marinelli,,,,,,,,,,,,,,,,3.0,,,6.0,,,,,,,,0.0,,,,1.0,,,,,,3.0,,,,,598.2,0.0,,P100700_CB,CB,,,,,,,,,19.0,,,0,,,,,,1.0,,,,,,,,,0,292.0,15.0,,25.0,29.0,2.0,,,,,117.0,,,,,189.0,,4.82
,,,,,,PLAYOFFS,,,,166.0,,,,Granger Hammersley,,,,,,,,,,,,,,,,3.0,,,4.0,,,,,,,,0.0,,,,2.0,,,,,,3.0,,,,,460.1,0.0,,TEN_CB_07,CB,,,,,,,,,11.0,,,0,,,,,,1.0,,,,,,,,,0,214.0,16.0,,24.0,13.0,1.0,,,,,78.0,,,,,125.0,,3.01
,,,,,,PLAYOFFS,,,,220.0,,,,Sinclair Faulkner,,,,,,,,,,,,,,,,4.0,,,6.0,,,,,,,,0.0,,,,5.0,,,,,,1.0,,,,,710.9,3.0,,P100729_CB,CB,,,,,,,,,18.0,,,0,,,,,,7.0,,,,,,,,,0,287.0,10.0,,18.0,24.0,3.0,,,,,117.0,,,,,232.0,,6.47
,,,,2.0,,PLAYOFFS,,3.0,5.0,,,,2.0,Vince Carrington,3.0,,3.0,,,,,,,,,,,6.0,,,0.0,,2.0,,,,,,,,,,,,,2.0,,,,7.0,,,,,,,,,P100654_RB,RB,,,,,1.0,,,11.0,,,123.0,0,,15.0,,4.0,,,19.0,,64.0,,,,,,0,47.0,,,,20.0,,,,,,38.0,,,50.0,24.0,,40.0,
,,,,,,PLAYOFFS,,0.0,3.0,,,,1.0,Maxton Torrence,2.0,,,,,,,,,,,,,3.0,,,,,2.0,,,,,,,,,,,,,2.0,,,,,,,,,,,,,DAL_WR_03,WR,,,,,,,,8.0,,1.0,99.0,0,,68.0,,23.0,,,,,,,,,,,0,80.0,,,,18.0,,,,,,38.0,,,43.0,,,,
,,,,,,PLAYOFFS,,,,,,,,Morgan Wharton,,,,,,,,,,,,,,,,,,,2.0,,,0.0,,2.0,,,,,,,,,,,185.6,76.0,,,,,,,1.0,,P100498_OT,OT,,,,,3.0,,,,,,,0,,,6.0,61.0,26.0,,,,,,,1.0,,,0,137.0,,2.0,,,,,,,,38.0,,,,,,,
,,,,,,PLAYOFFS,,,,,,,,Lincoln Clanton,,,,,,,,,,,,,,,,,,,1.0,,,1.0,,4.0,,,,,,,,,,,86.1,36.0,,,,,,,0.0,,P100005_C,C,,,,,5.0,,,,,,,0,,,1.0,30.0,12.0,,,,,,,0.0,,,0,66.0,,1.0,,,,,,,,19.0,,,,,,,
1.0,1.0,,,,,PLAYOFFS,,,,,,,,Tadeo Kaufusi,,,,,,,,,,,,,,,0.0,,,,2.0,,,,3.0,,,,,,,,0.0,,,,,,,50.0,0.31,,,,0.0,,NO_EDGE_02,EDGE,,,,4.0,,,1.0,,,,,1,,,,,,4.0,,,,,0.0,,,,0,88.0,1.0,,2.0,,,1.0,,,,38.0,,,,,,,
7.0,0.0,,,,,PLAYOFFS,,,,,,,,Fritz Lanphier,,,,,,,,,,,,,,,0.0,,,,5.0,,,,5.0,,,,,,,,5.0,,,,,,,125.0,0.66,,,,1.0,,LAC_EDGE_01,EDGE,,,,10.0,,,3.0,,,,,0,,,,,,8.0,,,,,3.0,,,,0,220.0,7.0,,14.0,,,3.0,,,,101.0,,,,,,,
4.0,0.0,,,,,PLAYOFFS,,,,,,,,Bishop Ayers,,,,,,,,,,,,,,,1.0,,,,2.0,,,,2.0,,,,,,,,1.0,,,,,,,52.0,0.29,,,,1.0,,BUF_EDGE_02,EDGE,,,,4.0,,,1.0,,,,,0,,,,,,4.0,,,,,1.0,,,,0,91.0,4.0,,8.0,,,0.0,,,,38.0,,,,,,,
2.0,0.0,,,,,PLAYOFFS,,,,,,,,Otto Hennessy,,,,,,,,,,,,,,,0.0,,,,1.0,,,,2.0,,,,,,,,1.0,,,,,,,26.0,0.18,,,,0.0,,CHI_EDGE_02,EDGE,,,,2.0,,,0.0,,,,,1,,,,,,3.0,,,,,0.0,,,,0,46.0,2.0,,4.0,,,0.0,,,,19.0,,,,,,,
,,,,,,PLAYOFFS,,,,78.0,,,,Kelvin Holbrook,,,,,,,,,,,,,,,,1.0,,,2.0,,,,,,,,0.0,,,,1.0,,,,,,1.0,,,,,222.1,1.0,,LAR_CB_08,CB,,,,,,,,,5.0,,,1,,,,,,1.0,,,,,,,,,0,101.0,5.0,,9.0,8.0,1.0,,,,,38.0,,,,,72.0,,1.87
,,,,,,PLAYOFFS,,,,197.0,,,,Murphy Mobley,,,,,,,,,,,,,,,,1.0,,,5.0,,,,,,,,0.0,,,,3.0,,,,,,1.0,,,,,506.3,1.0,,PIT_CB_04,CB,,,,,,,,,13.0,,,0,,,,,,6.0,,,,,,,,,0,254.0,9.0,,16.0,19.0,2.0,,,,,101.0,,,,,174.0,,4.43
,,,,,,PLAYOFFS,,,,76.0,,,,Rufus Keeler,,,,,,,,,,,,,,,,3.0,,,2.0,,,,,,,,0.0,,,,1.0,,,,,,2.0,,,,,177.1,0.0,,TEN_CB_04,CB,,,,,,,,,3.0,,,0,,,,,,1.0,,,,,,,,,0,99.0,2.0,,5.0,7.0,0.0,,,,,38.0,,,,,85.0,,2.18
,,,,,,PLAYOFFS,,,,41.0,,,,Cormac Merriweather,,,,,,,,,,,,,,,,1.0,,,1.0,,,,,,,,0.0,,,,0.0,,,,,,1.0,,,,,100.0,0.0,,CLE_S_03,S,,,,,,,,,4.0,,,1,,,,,,1.0,,,,,,,,,0,53.0,2.0,,3.0,5.0,0.0,,,,,19.0,,,,,40.0,,0.98
,,,,,,PLAYOFFS,,,,79.0,,,,Wendell Lowery,,,,,,,,,,,,,,,,1.0,,,2.0,,,,,,,,0.0,,,,2.0,,,,,,0.0,,,,,180.7,0.0,,BAL_S_01,S,,,,,,,,,7.0,,,1,,,,,,3.0,,,,,,,,,0,102.0,4.0,,8.0,8.0,0.0,,,,,38.0,,,,,59.0,,1.51
,,,,,,PLAYOFFS,,,,,,,,Jalen Dewitt,,,,4.0,1.0,2.0,1.0,0.0,4.0,0.0,1.0,0.0,0.0,,,,,,2.0,,0.0,,,,,,,6.0,,77.0,,,,,,,,,,,,,,,MIN_K_01,K,,,,,,,,,,,,0,,,,,,,,,,,,,,,0,12.0,,,,,,,,5.0,,38.0,5.0,4.0,,,,,
,,15.0,,,145.0,PLAYOFFS,146.0,,,,24.0,11.0,,Chase Fanning,,12.0,,,,,,,,,,,,70.0,,,1.0,0.0,6.0,,,,,,,,7.0,,,,,,,206.0,,,,,,6.0,1520.0,,,47.0,P100234_QB,QB,61.0,27.0,240.0,,,,,,,,,0,,,,,,,21.0,,93.0,109.0,,,17.0,14.0,0,374.0,,6.0,,,,,12.0,,9.0,122.0,,,,,,,
,,,,,,PLAYOFFS,,0.0,1.0,,,,2.0,Warrick Ironside,0.0,,,,,,,,,,,,,0.0,,,,,3.0,,,,,,,,,,,,,3.0,,,,,,,,,,,,,HOU_WR_04,WR,,,,,,,,3.0,,,54.0,1,,104.0,,35.0,,,,,,,,,,,0,122.0,,,,7.0,,,,,,63.0,,,27.0,,,,
,,,,,,PLAYOFFS,,,,,,,,Harvey Rapp,,,,,,,,,,,,,,,,,,,6.0,,,2.0,,11.0,,,,,,,,,,,545.1,217.0,,,,,,,5.0,,NYG_OT_01,OT,,,,,15.0,,,,,,,0,,,15.0,176.0,72.0,,,,,,,2.0,,,0,393.0,,6.0,,,,,,,,122.0,,,,,,,
5.0,0.0,,,,,PLAYOFFS,,,,,,,,Conrad Calderón,,,,,,,,,,,,,,,0.0,,,,5.0,,,,5.0,,,,,,,,2.0,,,,,,,125.0,0.63,,,,0.0,,NO_EDGE_06,EDGE,,,,9.0,,,4.0,,,,,0,,,,,,6.0,,,,,0.0,,,,0,220.0,4.0,,9.0,,,1.0,,,,102.0,,,,,,,
9.0,0.0,,,,,PLAYOFFS,,,,,,,,Deacon Legette,,,,,,,,,,,,,,,0.0,,,,5.0,,,,5.0,,,,,,,,2.0,,,,,,,106.0,0.55,,,,0.0,,CIN_DT_02,DT,,,,10.0,,,4.0,,,,,0,,,,,,6.0,,,,,1.0,,,,0,188.0,8.0,,17.0,,,1.0,,,,101.0,,,,,,,
,,,,,,PLAYOFFS,,,,322.0,,,,Alden Hickenbotham,,,,,,,,,,,,,,,,9.0,,,8.0,,,,,,,,0.0,,,,3.0,,,,,,4.0,,,,,786.3,2.0,,MIA_S_02,S,,,,,,,,,22.0,,,1,,,,,,5.0,,,,,,,,,0,417.0,22.0,,36.0,38.0,3.0,,,,,164.0,,,,,273.0,,6.81
,,,,,,PLAYOFFS,,,,,,,,Lennox Gallardo,,,,6.0,2.0,1.0,0.0,3.0,4.0,2.0,0.0,0.0,3.0,,,,,,4.0,,0.0,,,,,,,11.0,,143.0,,,,,,,,,,,,,,,ARI_K_01,K,,,,,,,,,,,,0,,,,,,,,,,,,,,,0,24.0,,,,,,,,5.0,,83.0,4.0,4.0,,,,,
,,,,3.0,,PLAYOFFS,,1.0,3.0,,,,2.0,Camden McKissic,0.0,,0.0,,,,,,,,,,,2.0,,,0.0,,2.0,,,,,,,,,,,,,1.0,,,,9.0,,,,,,,,,P100058_RB,RB,,,,,1.0,,,6.0,,,78.0,0,,10.0,,2.0,,,6.0,,45.0,,,,,,0,32.0,,,,8.0,,,,,,39.0,,,30.0,32.0,,13.0,
,,,,,,PLAYOFFS,,0.0,0.0,,,,0.0,Izaiah Hargrave,1.0,,,,,,,,,,,,,2.0,,,,,2.0,,,,,,,,,,,,,1.0,,,,,,,,,,,,,P100615_WR,WR,,,,,,,,6.0,,,95.0,0,,77.0,,27.0,,,,,,,,,,,0,91.0,,,,12.0,,,,,,39.0,,,35.0,,,,
,,,,,,PLAYOFFS,,1.0,1.0,,,,0.0,Miller Schmitz,0.0,,,,,,,,,,,,,0.0,,,,,2.0,,,,,,,,,,,,,1.0,,,,,,,,,,,,,BAL_WR_03,WR,,,,,,,,2.0,,,42.0,1,,73.0,,25.0,,,,,,,,,,,0,87.0,,,,4.0,,,,,,39.0,,,19.0,,,,
,,,,,,PLAYOFFS,,4.0,8.0,,,,4.0,Dillon Lowery,2.0,,,,,,,,,,,,,6.0,,,,,4.0,,,,,,,,,,,,,2.0,,,,,,,,,,,,,SEA_TE_01,TE,,,,,,,,16.0,,,215.0,0,,134.0,,46.0,,,,,,,,,,,0,158.0,,,,27.0,,,,,,78.0,,,90.0,,,,
,,,,,,PLAYOFFS,,,,,,,,Victor Wyckoff,,,,,,,,,,,,,,,,,,,2.0,,,0.0,,1.0,,,,,,,,,,,197.2,71.0,,,,,,,0.0,,PHI_OT_04,OT,,,,,1.0,,,,,,,0,,,4.0,58.0,26.0,,,,,,,0.0,,,0,129.0,,2.0,,,,,,,,39.0,,,,,,,
,,,,,,PLAYOFFS,,,,,,,,Redmond Lanphier,,,,,,,,,,,,,,,,,,,2.0,,,1.0,,2.0,,,,,,,,,,,185.9,77.0,,,,,,,1.0,,LV_OG_03,OG,,,,,3.0,,,,,,,0,,,5.0,62.0,28.0,,,,,,,1.0,,,0,139.0,,2.0,,,,,,,,39.0,,,,,,,
,,,,,,PLAYOFFS,,,,,,,,Ruben Upshaw,,,,,,,,,,,,,,,,,,,2.0,,,0.0,,2.0,,,,,,,,,,,185.7,78.0,,,,,,,2.0,,CIN_OG_03,OG,,,,,3.0,,,,,,,0,,,3.0,64.0,27.0,,,,,,,1.0,,,0,142.0,,2.0,,,,,,,,39.0,,,,,,,
3.0,1.0,,,,,PLAYOFFS,,,,,,,,Hakeem Dorsett,,,,,,,,,,,,,,,0.0,,,,2.0,,,,3.0,,,,,,,,0.0,,,,,,,50.0,0.31,,,,1.0,,GB_EDGE_04,EDGE,,,,3.0,,,0.0,,,,,1,,,,,,4.0,,,,,0.0,,,,0,88.0,2.0,,5.0,,,0.0,,,,39.0,,,,,,,
3.0,0.0,,,,,PLAYOFFS,,,,,,,,Ferris Southall,,,,,,,,,,,,,,,0.0,,,,2.0,,,,3.0,,,,,,,,0.0,,,,,,,47.0,0.23,,,,0.0,,P100214_EDGE,EDGE,,,,4.0,,,1.0,,,,,0,,,,,,1.0,,,,,0.0,,,,0,83.0,3.0,,6.0,,,0.0,,,,39.0,,,,,,,
4.0,0.0,,,,,PLAYOFFS,,,,,,,,Kobi Dalrymple,,,,,,,,,,,,,,,0.0,,,,2.0,,,,1.0,,,,,,,,1.0,,,,,,,37.0,0.12,,,,0.0,,WAS_DT_04,DT,,,,1.0,,,0.0,,,,,0,,,,,,1.0,,,,,0.0,,,,0,66.0,2.0,,6.0,,,2.0,,,,39.0,,,,,,,
,,,35.0,,,PLAYOFFS,,,,145.0,,,,Gaspard Gentry,,,,,,,,,,,,,,,,6.0,,,4.0,,,,,,,,0.0,,,,2.0,,,,,,5.0,,,,,328.6,1.0,,JAX_LB_01,LB,,,,4.0,,,,,10.0,,,0,,,,,,2.0,,,,,0.0,,,,0,189.0,12.0,,19.0,18.0,1.0,3.0,,,,78.0,,,,,104.0,,2.72
,,,,,,PLAYOFFS,,,,78.0,,,,Linus Orlovsky,,,,,,,,,,,,,,,,2.0,,,2.0,,,,,,,,1.0,,,,0.0,,,,,,1.0,,,,,153.2,0.0,,HOU_CB_03,CB,,,,,,,,,3.0,,,0,,,,,,2.0,,,,,,,,,0,101.0,5.0,,9.0,5.0,0.0,,,,,39.0,,,,,45.0,,1.13
,,,,,,PLAYOFFS,,,,155.0,,,,Ansel Alcott,,,,,,,,,,,,,,,,3.0,,,4.0,,,,,,,,0.0,,,,2.0,,,,,,2.0,,,,,317.4,1.0,,WAS_CB_08,CB,,,,,,,,,8.0,,,1,,,,,,4.0,,,,,,,,,0,201.0,6.0,,12.0,16.0,1.0,,,,,78.0,,,,,106.0,,2.68
,,,,,,PLAYOFFS,,,,78.0,,,,Josiah Prescott,,,,,,,,,,,,,,,,3.0,,,2.0,,,,,,,,0.0,,,,3.0,,,,,,1.0,,,,,121.7,0.0,,NO_CB_04,CB,,,,,,,,,5.0,,,1,,,,,,1.0,,,,,,,,,0,101.0,8.0,,12.0,13.0,0.0,,,,,39.0,,,,,77.0,,1.97
,,,,,,PLAYOFFS,,,,74.0,,,,Riordan Chenoweth,,,,,,,,,,,,,,,,2.0,,,2.0,,,,,,,,0.0,,,,0.0,,,,,,0.0,,,,,144.5,1.0,,P100249_CB,CB,,,,,,,,,3.0,,,0,,,,,,2.0,,,,,,,,,0,96.0,2.0,,5.0,8.0,0.0,,,,,39.0,,,,,40.0,,1.06
,,,,,,PLAYOFFS,,,,155.0,,,,Gavin Boateng,,,,,,,,,,,,,,,,2.0,,,4.0,,,,,,,,0.0,,,,2.0,,,,,,1.0,,,,,419.8,3.0,,NYJ_S_04,S,,,,,,,,,18.0,,,0,,,,,,6.0,,,,,,,,,0,201.0,11.0,,18.0,22.0,0.0,,,,,78.0,,,,,213.0,,5.41
,,,,,,PLAYOFFS,,,,84.0,,,,Dupree Hollins,,,,,,,,,,,,,,,,1.0,,,2.0,,,,,,,,0.0,,,,1.0,,,,,,1.0,,,,,121.5,1.0,,P100342_S,S,,,,,,,,,2.0,,,0,,,,,,1.0,,,,,,,,,0,109.0,5.0,,9.0,9.0,1.0,,,,,39.0,,,,,0.0,,0.0
,,,,,,PLAYOFFS,,,,,,,,Silas Dumervil,,,,2.0,0.0,0.0,0.0,1.0,2.0,0.0,0.0,0.0,1.0,,,,,,2.0,,0.0,,,,,,,9.0,,51.0,,,,,,,,,,,,,,,P100078_K,K,,,,,,,,,,,,0,,,,,,,,,,,,,,,0,12.0,,,,,,,,5.0,,39.0,3.0,3.0,,,,,
,,5.0,,,30.0,PLAYOFFS,22.0,,,,4.0,2.0,,Ladarius Godwin,,2.0,,,,,,,,,,,,9.0,,,0.0,0.0,1.0,,,,,,,,2.0,,,,,,,39.0,,,,,,2.0,309.0,,,6.0,CIN_QB_03,QB,9.0,4.0,20.0,,,,,,,,,0,,,,,,,6.0,,14.0,0.0,,,0.0,4.0,0,60.0,,1.0,,,,,0.0,,1.0,19.0,,,,,,,
,,,,2.0,,PLAYOFFS,,0.0,0.0,,,,0.0,Efrain Teasdale,0.0,,0.0,,,,,,,,,,,0.0,,,0.0,,1.0,,,,,,,,,,,,,0.0,,,,5.0,,,,,,,,,FA_RB_021,RB,,,,,0.0,,,2.0,,,40.0,1,,5.0,,1.0,,,4.0,,19.0,,,,,,0,15.0,,,,5.0,,,,,,19.0,,,16.0,11.0,,8.0,
,,,,,,PLAYOFFS,,0.0,2.0,,,,2.0,Riordan Stanback,1.0,,,,,,,,,,,,,2.0,,,,,1.0,,,,,,,,,,,,,0.0,,,,,,,,,,,,,P100557_WR,WR,,,,,,,,5.0,,1.0,72.0,0,,38.0,,13.0,,,,,,,,,,,0,45.0,,,,10.0,,,,,,19.0,,,30.0,,,,
,,,,,,PLAYOFFS,,2.0,2.0,,,,1.0,Halsey Roundtree,0.0,,,,,,,,,,,,,2.0,,,,,1.0,,,,,,,,,,,,,1.0,,,,,,,,,,,,,P100552_WR,WR,,,,,,,,3.0,,,48.0,0,,30.0,,10.0,,,,,,,,,,,0,35.0,,,,7.0,,,,,,19.0,,,28.0,,,,
,,,,,,PLAYOFFS,,0.0,1.0,,,,1.0,Lorenzo Nangle,0.0,,,,,,,,,,,,,0.0,,,,,1.0,,,,,,,,,,,,,0.0,,,,,,,,,,,,,P100384_WR,WR,,,,,,,,1.0,,,21.0,0,,31.0,,11.0,,,,,,,,,,,0,37.0,,,,3.0,,,,,,19.0,,,8.0,,,,
,,,,,,PLAYOFFS,,3.0,3.0,,,,2.0,Roderick Salvador,0.0,,,,,,,,,,,,,2.0,,,,,1.0,,,,,,,,,,,,,0.0,,,,,,,,,,,,,P100720_TE,TE,,,,,,,,4.0,,,56.0,0,,36.0,,12.0,,,,,,,,,,,0,42.0,,,,8.0,,,,,,19.0,,,19.0,,,,
,,,,,,PLAYOFFS,,0.0,0.0,,,,1.0,Rafferty Zamora,0.0,,,,,,,,,,,,,0.0,,,,,1.0,,,,,,,,,,,,,0.0,,,,,,,,,,,,,P100692_TE,TE,,,,,,,,1.0,,,17.0,0,,30.0,,10.0,,,,,,,,,,,0,35.0,,,,2.0,,,,,,19.0,,,5.0,,,,
,,,,,,PLAYOFFS,,,,,,,,Theo Warrick,,,,,,,,,,,,,,,,,,,1.0,,,0.0,,2.0,,,,,,,,,,,94.1,34.0,,,,,,,0.0,,CAR_OT_04,OT,,,,,2.0,,,,,,,0,,,5.0,28.0,9.0,,,,,,,0.0,,,0,62.0,,1.0,,,,,,,,19.0,,,,,,,
,,,,,,PLAYOFFS,,,,,,,,Zico Steinkuhler,,,,,,,,,,,,,,,,,,,1.0,,,0.0,,3.0,,,,,,,,,,,92.1,38.0,,,,,,,1.0,,BAL_OT_01,OT,,,,,3.0,,,,,,,0,,,5.0,30.0,12.0,,,,,,,0.0,,,0,68.0,,1.0,,,,,,,,19.0,,,,,,,
,,,,,,PLAYOFFS,,,,,,,,Gunnar Skowronek,,,,,,,,,,,,,,,,,,,1.0,,,0.0,,1.0,,,,,,,,,,,97.2,36.0,,,,,,,4.0,,LAC_OG_02,OG,,,,,1.0,,,,,,,1,,,2.0,29.0,13.0,,,,,,,0.0,,,0,65.0,,1.0,,,,,,,,19.0,,,,,,,
1.0,0.0,,,,,PLAYOFFS,,,,,,,,Obadiah Oduya,,,,,,,,,,,,,,,0.0,,,,1.0,,,,3.0,,,,,,,,0.0,,,,,,,26.0,0.23,,,,1.0,,P100316_EDGE,EDGE,,,,3.0,,,0.0,,,,,0,,,,,,2.0,,,,,0.0,,,,0,46.0,0.0,,1.0,,,1.0,,,,19.0,,,,,,,
2.0,0.0,,,,,PLAYOFFS,,,,,,,,Patton Kelleher,,,,,,,,,,,,,,,0.0,,,,1.0,,,,2.0,,,,,,,,0.0,,,,,,,22.0,0.14,,,,0.0,,HOU_DT_01,DT,,,,2.0,,,0.0,,,,,0,,,,,,2.0,,,,,0.0,,,,0,39.0,1.0,,3.0,,,0.0,,,,19.0,,,,,,,
0.0,0.0,,,,,PLAYOFFS,,,,,,,,Norwood Dinkins,,,,,,,,,,,,,,,0.0,,,,1.0,,,,2.0,,,,,,,,0.0,,,,,,,24.0,0.12,,,,0.0,,P100238_DT,DT,,,,2.0,,,0.0,,,,,0,,,,,,2.0,,,,,0.0,,,,0,43.0,0.0,,0.0,,,0.0,,,,19.0,,,,,,,
2.0,0.0,,,,,PLAYOFFS,,,,,,,,Saul Ricciardi,,,,,,,,,,,,,,,0.0,,,,1.0,,,,0.0,,,,,,,,0.0,,,,,,,23.0,0.07,,,,0.0,,NYG_DT_02,DT,,,,1.0,,,0.0,,,,,1,,,,,,2.0,,,,,1.0,,,,0,40.0,1.0,,3.0,,,0.0,,,,19.0,,,,,,,
,,,8.0,,,PLAYOFFS,,,,33.0,,,,Tomas Vaughters,,,,,,,,,,,,,,,,0.0,,,1.0,,,,,,,,0.0,,,,1.0,,,,,,0.0,,,,,112.5,0.0,,P100402_LB,LB,,,,2.0,,,,,1.0,,,0,,,,,,0.0,,,,,0.0,,,,0,43.0,3.0,,5.0,1.0,0.0,1.0,,,,19.0,,,,,11.0,,0.33
,,,,,,PLAYOFFS,,,,154.0,,,,Langston Medearis,,,,,,,,,,,,,,,,3.0,,,4.0,,,,,,,,0.0,,,,2.0,,,,,,3.0,,,,,337.7,1.0,,SEA_CB_04,CB,,,,,,,,,9.0,,,0,,,,,,1.0,,,,,,,,,0,199.0,12.0,,19.0,16.0,1.0,,,,,77.0,,,,,115.0,,2.91
,,,,,,PLAYOFFS,,,,43.0,,,,Tucker Ackerley,,,,,,,,,,,,,,,,1.0,,,1.0,,,,,,,,0.0,,,,0.0,,,,,,1.0,,,,,118.8,1.0,,P100836_CB,CB,,,,,,,,,2.0,,,0,,,,,,1.0,,,,,,,,,0,56.0,1.0,,2.0,2.0,0.0,,,,,19.0,,,,,30.0,,0.7
,,,,,,PLAYOFFS,,,,38.0,,,,Seamus Hammersley,,,,,,,,,,,,,,,,0.0,,,1.0,,,,,,,,0.0,,,,0.0,,,,,,0.0,,,,,116.7,0.0,,P100702_CB,CB,,,,,,,,,4.0,,,0,,,,,,1.0,,,,,,,,,0,49.0,2.0,,4.0,5.0,0.0,,,,,19.0,,,,,60.0,,1.58
,,,,,,PLAYOFFS,,,,37.0,,,,Anders Randle,,,,,,,,,,,,,,,,0.0,,,1.0,,,,,,,,0.0,,,,0.0,,,,,,0.0,,,,,52.1,0.0,,KC_S_01,S,,,,,,,,,1.0,,,0,,,,,,0.0,,,,,,,,,0,48.0,2.0,,4.0,4.0,0.0,,,,,19.0,,,,,24.0,,0.65
,,,,,,PLAYOFFS,,,,,,,,Dillon Vosburgh,,,,1.0,0.0,0.0,0.0,0.0,1.0,0.0,0.0,0.0,0.0,,,,,,1.0,,0.0,,,,,,,6.0,,48.0,,,,,,,,,,,,,,,CIN_K_01,K,,,,,,,,,,,,0,,,,,,,,,,,,,,,0,6.0,,,,,,,,4.0,,19.0,2.0,2.0,,,,,
,,,,,,PLAYOFFS,,0.0,1.0,,,,0.0,Wallace Kerrigan,0.0,,,,,,,,,,,,,0.0,,,,,1.0,,,,,,,,,,,,,0.0,,,,,,,,,,,,,MIN_WR_03,WR,,,,,,,,1.0,,,22.0,1,,36.0,,12.0,,,,,,,,,,,0,43.0,,,,3.0,,,,,,19.0,,,7.0,,,,
,,,,,,PLAYOFFS,,,,,,,,Denzel Withersby,,,,,,,,,,,,,,,,,,,5.0,,,1.0,,3.0,,,,,,,,,,,489.3,187.0,,,,,,,3.0,,KC_C_02,C,,,,,4.0,,,,,,,0,,,18.0,151.0,58.0,,,,,,,0.0,,,0,338.0,,5.0,,,,,,,,101.0,,,,,,,
11.0,1.0,,,,,PLAYOFFS,,,,,,,,Sheridan Boone,,,,,,,,,,,,,,,0.0,,,,7.0,,,,11.0,,,,,,,,4.0,,,,,,,171.0,1.14,,,,3.0,,SEA_EDGE_02,EDGE,,,,18.0,,,6.0,,,,,0,,,,,,14.0,,,,,2.0,,,,0,302.0,8.0,,19.0,,,2.0,,,,142.0,,,,,,,
,,,40.0,,,PLAYOFFS,,,,181.0,,,,Tanner Benavides,,,,,,,,,,,,,,,,5.0,,,5.0,,,,,,,,0.0,,,,1.0,,,,,,3.0,,,,,430.9,2.0,,P100696_LB,LB,,,,7.0,,,,,20.0,,,0,,,,,,1.0,,,,,0.0,,,,0,235.0,21.0,,32.0,28.0,0.0,3.0,,,,101.0,,,,,211.0,,5.78
,,,,,,PLAYOFFS,,,,197.0,,,,Heath Cavanaugh,,,,,,,,,,,,,,,,3.0,,,5.0,,,,,,,,0.0,,,,0.0,,,,,,1.0,,,,,444.2,2.0,,JAX_CB_05,CB,,,,,,,,,17.0,,,0,,,,,,4.0,,,,,,,,,0,256.0,9.0,,15.0,23.0,0.0,,,,,101.0,,,,,162.0,,4.17
,,,,,,PLAYOFFS,,,,194.0,,,,Hudson Fleener,,,,,,,,,,,,,,,,4.0,,,5.0,,,,,,,,0.0,,,,2.0,,,,,,2.0,,,,,373.1,2.0,,LAC_CB_08,CB,,,,,,,,,12.0,,,1,,,,,,4.0,,,,,,,,,0,252.0,14.0,,23.0,21.0,0.0,,,,,101.0,,,,,128.0,,3.16
,,,,,,PLAYOFFS,,,,196.0,,,,Ezra Clanton,,,,,,,,,,,,,,,,2.0,,,5.0,,,,,,,,0.0,,,,1.0,,,,,,1.0,,,,,382.2,2.0,,P100676_S,S,,,,,,,,,12.0,,,0,,,,,,2.0,,,,,,,,,0,253.0,13.0,,20.0,20.0,1.0,,,,,101.0,,,,,116.0,,3.02
,,,,1.0,,PLAYOFFS,,2.0,2.0,,,,2.0,Hayes Wainwright,0.0,,1.0,,,,,,,,,,,5.0,,,0.0,,2.0,,,,,,,,,,,,,1.0,,,,11.0,,,,,,,,,BUF_RB_04,RB,,,,,2.0,,,13.0,,,114.0,1,,12.0,,3.0,,,16.0,,68.0,,,,,,0,37.0,,,,17.0,,,,,,39.0,,,53.0,33.0,,35.0,
,,,,3.0,,PLAYOFFS,,1.0,1.0,,,,1.0,Asa Cavanaugh,1.0,,0.0,,,,,,,,,,,2.0,,,0.0,,2.0,,,,,,,,,,,,,1.0,,,,14.0,,,,,,,,,MIN_RB_02,RB,,,,,0.0,,,5.0,,,51.0,1,,9.0,,2.0,,,6.0,,30.0,,,,,,0,30.0,,,,7.0,,,,,,39.0,,,17.0,15.0,,15.0,
,,,,,,PLAYOFFS,,1.0,1.0,,,,0.0,Halsey Tegeler,0.0,,,,,,,,,,,,,0.0,,,,,2.0,,,,,,,,,,,,,1.0,,,,,,,,,,,,,KC_WR_07,WR,,,,,,,,2.0,,,26.0,1,,80.0,,27.0,,,,,,,,,,,0,95.0,,,,4.0,,,,,,39.0,,,7.0,,,,
,,,,,,PLAYOFFS,,0.0,0.0,,,,2.0,Miles Harrell,0.0,,,,,,,,,,,,,3.0,,,,,3.0,,,,,,,,,,,,,2.0,,,,,,,,,,,,,P100868_TE,TE,,,,,,,,8.0,,,84.0,0,,98.0,,33.0,,,,,,,,,,,0,116.0,,,,13.0,,,,,,58.0,,,29.0,,,,
,,,,,,PLAYOFFS,,0.0,0.0,,,,0.0,Jordy Hagerty,0.0,,,,,,,,,,,,,0.0,,,,,2.0,,,,,,,,,,,,,0.0,,,,,,,,,,,,,P100634_TE,TE,,,,,,,,2.0,,,21.0,0,,64.0,,22.0,,,,,,,,,,,0,76.0,,,,3.0,,,,,,39.0,,,5.0,,,,
,,,,,,PLAYOFFS,,,,,,,,Yardley Fleener,,,,,,,,,,,,,,,,,,,3.0,,,1.0,,6.0,,,,,,,,,,,262.6,114.0,,,,,,,2.0,,MIN_OG_02,OG,,,,,9.0,,,,,,,0,,,9.0,93.0,38.0,,,,,,,2.0,,,0,207.0,,3.0,,,,,,,,58.0,,,,,,,
,,,,,,PLAYOFFS,,,,113.0,,,,Milo Eubanks,,,,,,,,,,,,,,,,3.0,,,3.0,,,,,,,,0.0,,,,1.0,,,,,,1.0,,,,,293.7,0.0,,SF_CB_04,CB,,,,,,,,,14.0,,,1,,,,,,1.0,,,,,,,,,0,147.0,7.0,,11.0,19.0,1.0,,,,,58.0,,,,,152.0,,3.96
,,,,,,PLAYOFFS,,,,121.0,,,,Emmett Dumervil,,,,,,,,,,,,,,,,4.0,,,3.0,,,,,,,,0.0,,,,1.0,,,,,,3.0,,,,,168.7,0.0,,NE_CB_06,CB,,,,,,,,,1.0,,,0,,,,,,2.0,,,,,,,,,0,157.0,6.0,,9.0,5.0,0.0,,,,,58.0,,,,,35.0,,0.89
,,4.0,,,18.0,PLAYOFFS,17.0,,,,3.0,2.0,,Zion Isbell,,2.0,,,,,,,,,,,,6.0,,,0.0,0.0,1.0,,,,,,,,1.0,,,,,,,29.0,,,,,,1.0,247.0,,,6.0,WAS_QB_01,QB,11.0,5.0,48.0,,,,,,,,,0,,,,,,,4.0,,11.0,21.0,,,3.0,2.0,0,58.0,,1.0,,,,,2.0,,1.0,19.0,,,,,,,
,,,,2.0,,PLAYOFFS,,2.0,6.0,,,,1.0,Jamari Herrera,0.0,,1.0,,,,,,,,,,,10.0,,,0.0,,1.0,,,,,,,,,,,,,1.0,,,,7.0,,,,,,,,,P100007_RB,RB,,,,,2.0,,,17.0,,,247.0,1,,16.0,,4.0,,,24.0,1.0,88.0,,,,,,0,47.0,,,,29.0,,,,,,19.0,,,141.0,35.0,,53.0,
,,,,,,PLAYOFFS,,0.0,0.0,,,,2.0,Blaze Bainbridge,0.0,,,,,,,,,,,,,2.0,,,,,1.0,,,,,,,,,,,,,0.0,,,,,,,,,,,,,MIN_WR_02,WR,,,,,,,,5.0,,,73.0,0,,33.0,,11.0,,,,,,,,,,,0,39.0,,,,9.0,,,,,,19.0,,,32.0,,,,
,,,,,,PLAYOFFS,,1.0,3.0,,,,3.0,Shaquille Sullivan,1.0,,,,,,,,,,,,,4.0,,,,,2.0,,,,,,,,,,,,,1.0,,,,,,,,,,,,,P100722_WR,WR,,,,,,,,9.0,,1.0,140.0,0,,76.0,,26.0,,,,,,,,,,,0,90.0,,,,17.0,,,,,,38.0,,,68.0,,,,
,,,,,,PLAYOFFS,,0.0,2.0,,,,0.0,Hakeem Hunnicutt,1.0,,,,,,,,,,,,,1.0,,,,,2.0,,,,,,,,,,,,,1.0,,,,,,,,,,,,,MIN_WR_05,WR,,,,,,,,5.0,,,83.0,0,,73.0,,25.0,,,,,,,,,,,0,86.0,,,,10.0,,,,,,38.0,,,27.0,,,,
,,,,,,PLAYOFFS,,1.0,1.0,,,,0.0,Rowan Yancey,0.0,,,,,,,,,,,,,0.0,,,,,1.0,,,,,,,,,,,,,3.0,,,,,,,,,,,,,LV_WR_07,WR,,,,,,,,1.0,,,17.0,0,,41.0,,14.0,,,,,,,,,,,0,48.0,,,,2.0,,,,,,19.0,,,7.0,,,,
,,,,,,PLAYOFFS,,0.0,0.0,,,,3.0,Lance Dombrowski,1.0,,,,,,,,,,,,,1.0,,,,,5.0,,,,,,,,,,,,,0.0,,,,,,,,,,,,,NO_TE_03,TE,,,,,,,,6.0,,,92.0,0,,157.0,,54.0,,,,,,,,,,,0,187.0,,,,12.0,,,,,,101.0,,,33.0,,,,
,,,,,,PLAYOFFS,,0.0,0.0,,,,0.0,Barrett Sutherland,0.0,,,,,,,,,,,,,0.0,,,,,1.0,,,,,,,,,,,,,0.0,,,,,,,,,,,,,ARI_TE_01,TE,,,,,,,,0.0,,,14.0,1,,29.0,,10.0,,,,,,,,,,,0,34.0,,,,1.0,,,,,,19.0,,,5.0,,,,
,,,,,,PLAYOFFS,,,,,,,,Keegan Vaitai,,,,,,,,,,,,,,,,,,,1.0,,,0.0,,0.0,,,,,,,,,,,100.0,35.0,,,,,,,0.0,,MIN_OT_01,OT,,,,,0.0,,,,,,,0,,,0.0,29.0,15.0,,,,,,,0.0,,,0,64.0,,1.0,,,,,,,,19.0,,,,,,,
,,,,,,PLAYOFFS,,,,,,,,Walker Granderson,,,,,,,,,,,,,,,,,,,1.0,,,1.0,,1.0,,,,,,,,,,,94.7,38.0,,,,,,,1.0,,MIN_OG_01,OG,,,,,2.0,,,,,,,1,,,2.0,31.0,13.0,,,,,,,0.0,,,0,69.0,,1.0,,,,,,,,19.0,,,,,,,
,,,,,,PLAYOFFS,,,,,,,,Garland Bonner,,,,,,,,,,,,,,,,,,,1.0,,,0.0,,2.0,,,,,,,,,,,83.8,34.0,,,,,,,0.0,,P100388_OG,OG,,,,,3.0,,,,,,,0,,,3.0,27.0,9.0,,,,,,,1.0,,,0,61.0,,1.0,,,,,,,,19.0,,,,,,,
2.0,0.0,,,,,PLAYOFFS,,,,,,,,Kenji Alfaro,,,,,,,,,,,,,,,0.0,,,,2.0,,,,5.0,,,,,,,,0.0,,,,,,,47.0,0.33,,,,0.0,,P100814_EDGE,EDGE,,,,6.0,,,1.0,,,,,0,,,,,,4.0,,,,,0.0,,,,0,83.0,2.0,,4.0,,,2.0,,,,38.0,,,,,,,
2.0,0.0,,,,,PLAYOFFS,,,,,,,,Magnus Longacre,,,,,,,,,,,,,,,0.0,,,,2.0,,,,3.0,,,,,,,,2.0,,,,,,,49.0,0.24,,,,0.0,,P100346_EDGE,EDGE,,,,5.0,,,1.0,,,,,0,,,,,,5.0,,,,,1.0,,,,0,86.0,2.0,,4.0,,,0.0,,,,38.0,,,,,,,
6.0,2.0,,,,,PLAYOFFS,,,,,,,,Hakeem Merriweather,,,,,,,,,,,,,,,1.0,,,,4.0,,,,6.0,,,,,,,,1.0,,,,,,,100.0,0.56,,,,0.0,,FA_EDGE_182,EDGE,,,,9.0,,,2.0,,,,,0,,,,,,5.0,,,,,1.0,,,,0,174.0,5.0,,11.0,,,1.0,,,,77.0,,,,,,,
3.0,0.0,,,,,PLAYOFFS,,,,,,,,Ruben Radcliffe,,,,,,,,,,,,,,,0.0,,,,2.0,,,,4.0,,,,,,,,0.0,,,,,,,46.0,0.36,,,,1.0,,MIN_DT_01,DT,,,,9.0,,,4.0,,,,,0,,,,,,6.0,,,,,1.0,,,,0,82.0,2.0,,5.0,,,0.0,,,,38.0,,,,,,,
4.0,0.0,,,,,PLAYOFFS,,,,,,,,Killian Rainsberger,,,,,,,,,,,,,,,0.0,,,,2.0,,,,2.0,,,,,,,,1.0,,,,,,,38.0,0.42,,,,2.0,,MIN_DT_02,DT,,,,3.0,,,1.0,,,,,0,,,,,,5.0,,,,,1.0,,,,0,66.0,5.0,,9.0,,,1.0,,,,38.0,,,,,,,
,,,8.0,,,PLAYOFFS,,,,57.0,,,,Finnian Bowersox,,,,,,,,,,,,,,,,1.0,,,2.0,,,,,,,,0.0,,,,0.0,,,,,,0.0,,,,,211.6,1.0,,FA_LB_159,LB,,,,0.0,,,,,5.0,,,0,,,,,,2.0,,,,,0.0,,,,0,74.0,7.0,,11.0,9.0,1.0,1.0,,,,38.0,,,,,71.0,,2.52
,,,11.0,,,PLAYOFFS,,,,74.0,,,,Rufus Fetterman,,,,,,,,,,,,,,,,1.0,,,2.0,,,,,,,,0.0,,,,0.0,,,,,,1.0,,,,,157.3,0.0,,BUF_LB_02,LB,,,,2.0,,,,,6.0,,,0,,,,,,2.0,,,,,0.0,,,,0,96.0,10.0,,14.0,10.0,0.0,2.0,,,,38.0,,,,,63.0,,1.72
,,,,,,PLAYOFFS,,,,39.0,,,,Hutch Pilkington,,,,,,,,,,,,,,,,1.0,,,1.0,,,,,,,,0.0,,,,2.0,,,,,,1.0,,,,,55.4,0.0,,MIN_CB_01,CB,,,,,,,,,2.0,,,1,,,,,,0.0,,,,,,,,,0,51.0,2.0,,3.0,5.0,0.0,,,,,19.0,,,,,24.0,,0.61
,,,,,,PLAYOFFS,,,,41.0,,,,Levi Reinhold,,,,,,,,,,,,,,,,1.0,,,1.0,,,,,,,,0.0,,,,0.0,,,,,,0.0,,,,,81.9,0.0,,P100174_CB,CB,,,,,,,,,1.0,,,1,,,,,,0.0,,,,,,,,,0,53.0,0.0,,1.0,3.0,1.0,,,,,19.0,,,,,4.0,,0.1
,,,,,,PLAYOFFS,,,,35.0,,,,Sheridan Latimore,,,,,,,,,,,,,,,,0.0,,,1.0,,,,,,,,0.0,,,,1.0,,,,,,0.0,,,,,39.6,1.0,,ARI_CB_06,CB,,,,,,,,,0.0,,,1,,,,,,1.0,,,,,,,,,0,46.0,2.0,,4.0,1.0,0.0,,,,,19.0,,,,,0.0,,0.0
,,,,,,PLAYOFFS,,,,,,,,Duncan Hilliard,,,,1.0,0.0,1.0,0.0,0.0,0.0,0.0,0.0,0.0,0.0,,,,,,1.0,,0.0,,,,,,,4.0,,0.0,,,,,,,,,,,,,,,FA_K_006,K,,,,,,,,,,,,0,,,,,,,,,,,,,,,0,6.0,,,,,,,,1.0,,19.0,3.0,3.0,,,,,
,,,,,,PLAYOFFS,,,,,,,,Moses Dellinger,,,,,,,,,,,,,,,,,,,1.0,222.0,,,,,1.0,2.0,,,45.0,,,,198.0,,,,,,,,,,,,MIN_P_01,P,,,,,,5.0,,,,,,0,24.0,,,,,,,,,,,,,,0,5.0,,,,,,,,0.0,,19.0,,,,,,,
9.0,1.0,,,,,PLAYOFFS,,,,,,,,Zeb Youngblood,,,,,,,,,,,,,,,1.0,,,,6.0,,,,10.0,,,,,,,,1.0,,,,,,,143.0,0.79,,,,1.0,,DAL_EDGE_05,EDGE,,,,16.0,,,5.0,,,,,1,,,,,,8.0,,,,,1.0,,,,0,250.0,5.0,,14.0,,,1.0,,,,120.0,,,,,,,
6.0,1.0,,,,,PLAYOFFS,,,,,,,,Warrick Sokolowski,,,,,,,,,,,,,,,0.0,,,,3.0,,,,3.0,,,,,,,,2.0,,,,,,,61.0,0.52,,,,1.0,,BAL_DT_04,DT,,,,6.0,,,2.0,,,,,1,,,,,,7.0,,,,,2.0,,,,0,107.0,5.0,,11.0,,,2.0,,,,60.0,,,,,,,
,,,,,,PLAYOFFS,,,,223.0,,,,Vernon Colavito,,,,,,,,,,,,,,,,6.0,,,6.0,,,,,,,,0.0,,,,2.0,,,,,,4.0,,,,,537.4,2.0,,P100681_CB,CB,,,,,,,,,15.0,,,0,,,,,,5.0,,,,,,,,,0,289.0,21.0,,32.0,24.0,2.0,,,,,120.0,,,,,129.0,,3.59
,,,,,,PLAYOFFS,,,,115.0,,,,Graham Sagapolutele,,,,,,,,,,,,,,,,5.0,,,3.0,,,,,,,,1.0,,,,1.0,,,,,,1.0,,,,,179.1,2.0,,P100117_S,S,,,,,,,,,1.0,,,0,,,,,,2.0,,,,,,,,,0,150.0,4.0,,7.0,4.0,0.0,,,,,60.0,,,,,47.0,,1.26
,,,,8.0,,PLAYOFFS,,9.0,19.0,,,,20.0,Silas Middlebrooks,6.0,,7.0,,,,,,,,,,,39.0,,,0.0,,8.0,,,,,,,,,,,,,3.0,,,,54.0,,,,,,,,,P100856_RB,RB,,,,,3.0,,,82.0,,,1015.0,0,,71.0,,18.0,,,104.0,0.0,460.0,,,,,,0,216.0,,,,128.0,,,,,,164.0,,,456.0,216.0,,244.0,
,,,,,,PLAYOFFS,,3.0,9.0,,,,7.0,Quentin Medearis,9.0,,,,,,,,,,,,,18.0,,,,,8.0,,,,,,,,,,,,,3.0,,,,,,,,,,,,,P100864_WR,WR,,,,,,,,40.0,,2.0,524.0,0,,289.0,,98.0,,,,,,,,,,,0,341.0,,,,73.0,,,,,,164.0,,,251.0,,,,
,,,,,,PLAYOFFS,,0.0,0.0,,,,2.0,Corbin Mostert,1.0,,,,,,,,,,,,,3.0,,,,,3.0,,,,,,,,,,,,,1.0,,,,,,,,,,,,,P100327_WR,WR,,,,,,,,9.0,,1.0,110.0,1,,121.0,,42.0,,,,,,,,,,,0,143.0,,,,16.0,,,,,,63.0,,,37.0,,,,
,,,,,,PLAYOFFS,,1.0,1.0,,,,0.0,Khalil Kamara,0.0,,,,,,,,,,,,,0.0,,,,,4.0,,,,,,,,,,,,,1.0,,,,,,,,,,,,,P100317_WR,WR,,,,,,,,4.0,,,68.0,1,,146.0,,49.0,,,,,,,,,,,0,173.0,,,,8.0,,,,,,82.0,,,24.0,,,,
,,,,,,PLAYOFFS,,0.0,2.0,,,,3.0,Benoit Magnusson,2.0,,,,,,,,,,,,,4.0,,,,,3.0,,,,,,,,,,,,,1.0,,,,,,,,,,,,,MIA_TE_01,TE,,,,,,,,10.0,,,128.0,0,,105.0,,35.0,,,,,,,,,,,0,125.0,,,,17.0,,,,,,63.0,,,57.0,,,,
,,,,,,PLAYOFFS,,0.0,1.0,,,,0.0,Maxton Montgomery,0.0,,,,,,,,,,,,,0.0,,,,,4.0,,,,,,,,,,,,,2.0,,,,,,,,,,,,,P100840_TE,TE,,,,,,,,4.0,,,55.0,0,,132.0,,45.0,,,,,,,,,,,0,156.0,,,,6.0,,,,,,82.0,,,18.0,,,,
,,,,,,PLAYOFFS,,,,,,,,Giovanni Seabrook,,,,,,,,,,,,,,,,,,,5.0,,,4.0,,7.0,,,,,,,,,,,459.2,177.0,,,,,,,2.0,,P100013_OG,OG,,,,,12.0,,,,,,,0,,,13.0,143.0,65.0,,,,,,,1.0,,,0,320.0,,5.0,,,,,,,,101.0,,,,,,,
5.0,0.0,,,,,PLAYOFFS,,,,,,,,Laurent Jolliff,,,,,,,,,,,,,,,0.0,,,,3.0,,,,4.0,,,,,,,,0.0,,,,,,,81.0,0.31,,,,1.0,,P100326_EDGE,EDGE,,,,6.0,,,2.0,,,,,1,,,,,,5.0,,,,,1.0,,,,0,142.0,4.0,,9.0,,,3.0,,,,63.0,,,,,,,
12.0,0.0,,,,,PLAYOFFS,,,,,,,,Finley Ovadia,,,,,,,,,,,,,,,1.0,,,,8.0,,,,8.0,,,,,,,,6.0,,,,,,,165.0,1.05,,,,1.0,,P100482_DT,DT,,,,14.0,,,4.0,,,,,0,,,,,,15.0,,,,,4.0,,,,0,293.0,13.0,,25.0,,,5.0,,,,164.0,,,,,,,
13.0,2.0,,,,,PLAYOFFS,,,,,,,,Giovanni Jeffcoat,,,,,,,,,,,,,,,0.0,,,,8.0,,,,7.0,,,,,,,,5.0,,,,,,,173.0,0.95,,,,3.0,,P100369_DT,DT,,,,11.0,,,4.0,,,,,0,,,,,,8.0,,,,,0.0,,,,0,307.0,11.0,,24.0,,,2.0,,,,164.0,,,,,,,
,,,54.0,,,PLAYOFFS,,,,291.0,,,,Kenzo Iyengar,,,,,,,,,,,,,,,,9.0,,,8.0,,,,,,,,0.0,,,,4.0,,,,,,6.0,,,,,561.9,2.0,,NE_LB_01,LB,,,,6.0,,,,,9.0,,,0,,,,,,6.0,,,,,2.0,,,,0,378.0,29.0,,45.0,19.0,0.0,11.0,,,,164.0,,,,,151.0,,4.33
,,,22.0,,,PLAYOFFS,,,,133.0,,,,Maddox Kamara,,,,,,,,,,,,,,,,3.0,,,4.0,,,,,,,,1.0,,,,5.0,,,,,,1.0,,,,,359.6,1.0,,GB_LB_02,LB,,,,4.0,,,,,7.0,,,1,,,,,,3.0,,,,,0.0,,,,0,173.0,23.0,,35.0,14.0,2.0,10.0,,,,82.0,,,,,86.0,,2.58
,,,,,,PLAYOFFS,,,,276.0,,,,Rowan Bancroft,,,,,,,,,,,,,,,,8.0,,,7.0,,,,,,,,1.0,,,,7.0,,,,,,4.0,,,,,416.4,2.0,,P100786_CB,CB,,,,,,,,,10.0,,,0,,,,,,4.0,,,,,,,,,0,357.0,27.0,,40.0,23.0,1.0,,,,,145.0,,,,,149.0,,3.69
,,,,,,PLAYOFFS,,,,131.0,,,,Cormac Tucker,,,,,,,,,,,,,,,,0.0,,,3.0,,,,,,,,0.0,,,,2.0,,,,,,0.0,,,,,168.0,0.0,,NE_S_07,S,,,,,,,,,4.0,,,0,,,,,,2.0,,,,,,,,,0,169.0,6.0,,12.0,9.0,0.0,,,,,63.0,,,,,54.0,,1.25
,,,,3.0,,PLAYOFFS,,11.0,20.0,,,,12.0,Ibrahim Tonyan,3.0,,7.0,,,,,,,,,,,43.0,,,0.0,,3.0,,,,,,,,,,,,,1.0,,,,15.0,,,,,,,,,P100963_RB,RB,,,,,2.0,,,77.0,,,707.0,0,,41.0,,11.0,,,83.0,2.0,364.0,,,,,,0,120.0,,,,101.0,,,,,,59.0,,,326.0,166.0,,198.0,
,,,,,,PLAYOFFS,,0.0,4.0,,,,0.0,Zane Aubert,2.0,,,,,,,,,,,,,5.0,,,,,3.0,,,,,,,,,,,,,1.0,,,,,,,,,,,,,P100762_WR,WR,,,,,,,,15.0,,,140.0,0,,119.0,,40.0,,,,,,,,,,,0,140.0,,,,22.0,,,,,,59.0,,,70.0,,,,
,,,,,,PLAYOFFS,,2.0,4.0,,,,5.0,Fritz Hooker,0.0,,,,,,,,,,,,,5.0,,,,,3.0,,,,,,,,,,,,,1.0,,,,,,,,,,,,,P101088_WR,WR,,,,,,,,13.0,,,110.0,0,,103.0,,35.0,,,,,,,,,,,0,121.0,,,,18.0,,,,,,59.0,,,49.0,,,,
,,,,0.0,,PLAYOFFS,,0.0,2.0,,,,6.0,Rocky Hunnicutt,0.0,,2.0,,,,,,,,,,,5.0,,,0.0,,1.0,,,,,,,,,,,,,0.0,,,,4.0,,,,,,,,,P101019_RB,RB,,,,,0.0,,,15.0,,,147.0,0,,8.0,,2.0,,,16.0,0.0,84.0,,,,,,0,25.0,,,,20.0,,,,,,19.0,,,48.0,39.0,,45.0,
,,,,1.0,,PLAYOFFS,,1.0,2.0,,,,1.0,Nolan Henderson,1.0,,0.0,,,,,,,,,,,3.0,,,0.0,,1.0,,,,,,,,,,,,,0.0,,,,0.0,,,,,,,,,P101044_RB,RB,,,,,0.0,,,7.0,,,73.0,0,,9.0,,2.0,,,8.0,,42.0,,,,,,0,26.0,,,,10.0,,,,,,19.0,,,37.0,16.0,,26.0,
,,,,1.0,,PLAYOFFS,,0.0,0.0,,,,0.0,Clay Kaufusi,0.0,,2.0,,,,,,,,,,,1.0,,,0.0,,1.0,,,,,,,,,,,,,0.0,,,,1.0,,,,,,,,,IND_RB_04,RB,,,,,0.0,,,3.0,,,33.0,0,,6.0,,1.0,,,3.0,,18.0,,,,,,0,19.0,,,,4.0,,,,,,19.0,,,9.0,12.0,,6.0,
,,,,,,PLAYOFFS,,,,,,,,Auden Klemm,,,,,,,,,,,,,,,,,,,1.0,,,0.0,,2.0,,,,,,,,,,,94.3,35.0,,,,,,,0.0,,P100660_OT,OT,,,,,2.0,,,,,,,0,,,2.0,29.0,13.0,,,,,,,0.0,,,0,64.0,,1.0,,,,,,,,19.0,,,,,,,
,,,,,,PLAYOFFS,,,,,,,,Gaspard Tuanigamanuolepola,,,,,,,,,,,,,,,,,,,1.0,,,1.0,,0.0,,,,,,,,,,,78.1,32.0,,,,,,,0.0,,P100888_OG,OG,,,,,2.0,,,,,,,0,,,3.0,26.0,9.0,,,,,,,2.0,,,0,58.0,,1.0,,,,,,,,19.0,,,,,,,
,,,,,,PLAYOFFS,,,,,,,,Lennox Macalister,,,,,,,,,,,,,,,,,,,1.0,,,0.0,,0.0,,,,,,,,,,,100.0,34.0,,,,,,,0.0,,CIN_OG_05,OG,,,,,0.0,,,,,,,0,,,1.0,27.0,11.0,,,,,,,0.0,,,0,61.0,,1.0,,,,,,,,19.0,,,,,,,
3.0,0.0,,,,,PLAYOFFS,,,,,,,,Anders Halloran,,,,,,,,,,,,,,,0.0,,,,1.0,,,,2.0,,,,,,,,0.0,,,,,,,21.0,0.21,,,,0.0,,P100197_DT,DT,,,,3.0,,,1.0,,,,,0,,,,,,3.0,,,,,0.0,,,,0,37.0,3.0,,6.0,,,0.0,,,,19.0,,,,,,,
1.0,0.0,,,,,PLAYOFFS,,,,,,,,Stellan Bracken,,,,,,,,,,,,,,,0.0,,,,1.0,,,,2.0,,,,,,,,0.0,,,,,,,23.0,0.2,,,,0.0,,P100096_DT,DT,,,,3.0,,,1.0,,,,,0,,,,,,1.0,,,,,0.0,,,,0,41.0,1.0,,2.0,,,0.0,,,,19.0,,,,,,,
,,,7.0,,,PLAYOFFS,,,,35.0,,,,Roman Marlowe,,,,,,,,,,,,,,,,0.0,,,1.0,,,,,,,,1.0,,,,0.0,,,,,,0.0,,,,,51.0,0.0,,P100750_LB,LB,,,,1.0,,,,,2.0,,,0,,,,,,0.0,,,,,1.0,,,,0,46.0,4.0,,6.0,4.0,0.0,2.0,,,,19.0,,,,,45.0,,1.29
,,,,,,PLAYOFFS,,,,39.0,,,,Pierce Tindall,,,,,,,,,,,,,,,,0.0,,,1.0,,,,,,,,0.0,,,,0.0,,,,,,0.0,,,,,71.5,0.0,,MIA_CB_05,CB,,,,,,,,,1.0,,,0,,,,,,1.0,,,,,,,,,0,50.0,4.0,,6.0,3.0,0.0,,,,,19.0,,,,,30.0,,0.77
,,,,,,PLAYOFFS,,1.0,3.0,,,,3.0,Jalen Bordelon,2.0,,,,,,,,,,,,,6.0,,,,,4.0,,,,,,,,,,,,,1.0,,,,,,,,,,,,,KC_WR_08,WR,,,,,,,,14.0,,2.0,162.0,0,,146.0,,50.0,,,,,,,,,,,0,172.0,,,,23.0,,,,,,82.0,,,64.0,,,,
,,,,,,PLAYOFFS,,4.0,4.0,,,,3.0,Wesley Lattimore,1.0,,,,,,,,,,,,,8.0,,,,,4.0,,,,,,,,,,,,,3.0,,,,,,,,,,,,,P101121_TE,TE,,,,,,,,17.0,,,189.0,0,,137.0,,48.0,,,,,,,,,,,0,162.0,,,,27.0,,,,,,82.0,,,96.0,,,,
,,,,,,PLAYOFFS,,,,,,,,Brennan Macalister,,,,,,,,,,,,,,,,,,,4.0,,,3.0,,6.0,,,,,,,,,,,365.4,143.0,,,,,,,1.0,,DAL_OG_03,OG,,,,,10.0,,,,,,,0,,,12.0,115.0,43.0,,,,,,,1.0,,,0,258.0,,4.0,,,,,,,,82.0,,,,,,,
7.0,1.0,,,,,PLAYOFFS,,,,,,,,Zachariah Vasher,,,,,,,,,,,,,,,0.0,,,,4.0,,,,3.0,,,,,,,,1.0,,,,,,,99.0,0.51,,,,1.0,,ATL_EDGE_05,EDGE,,,,7.0,,,2.0,,,,,0,,,,,,6.0,,,,,4.0,,,,0,173.0,3.0,,10.0,,,0.0,,,,82.0,,,,,,,
,,,,,,PLAYOFFS,,,,155.0,,,,Baylor Coulombe,,,,,,,,,,,,,,,,1.0,,,4.0,,,,,,,,1.0,,,,1.0,,,,,,0.0,,,,,256.3,1.0,,P101166_CB,CB,,,,,,,,,5.0,,,0,,,,,,2.0,,,,,,,,,0,201.0,11.0,,18.0,11.0,0.0,,,,,82.0,,,,,78.0,,2.14
,,,,,,PLAYOFFS,,,,144.0,,,,Jaden Flannery,,,,,,,,,,,,,,,,1.0,,,4.0,,,,,,,,0.0,,,,2.0,,,,,,0.0,,,,,378.9,0.0,,P100153_CB,CB,,,,,,,,,15.0,,,0,,,,,,3.0,,,,,,,,,0,187.0,8.0,,14.0,21.0,0.0,,,,,82.0,,,,,179.0,,4.94
,,,,,,PLAYOFFS,,,,154.0,,,,Nasir Beauchamp,,,,,,,,,,,,,,,,4.0,,,4.0,,,,,,,,0.0,,,,1.0,,,,,,3.0,,,,,350.0,1.0,,P100400_S,S,,,,,,,,,9.0,,,0,,,,,,1.0,,,,,,,,,0,200.0,12.0,,19.0,12.0,1.0,,,,,82.0,,,,,73.0,,1.86
,,0.0,,,21.0,PLAYOFFS,14.0,,,,3.0,0.0,,Hector Whitehurst,,1.0,,,,,,,,,,,,6.0,,,0.0,0.0,1.0,,,,,,,,1.0,,,,,,,30.0,,,,,,0.0,170.0,,,8.0,NE_QB_02,QB,9.0,3.0,33.0,,,,,,,,,0,,,,,,,2.0,,3.0,21.0,,,3.0,1.0,0,60.0,,1.0,,,,,2.0,,5.0,19.0,,,,,,,
,,,,,,PLAYOFFS,,1.0,2.0,,,,1.0,Amari Hilliard,0.0,,,,,,,,,,,,,2.0,,,,,1.0,,,,,,,,,,,,,2.0,,,,,,,,,,,,,SEA_WR_06,WR,,,,,,,,4.0,,,52.0,0,,34.0,,12.0,,,,,,,,,,,0,40.0,,,,10.0,,,,,,19.0,,,27.0,,,,
,,,,,,PLAYOFFS,,0.0,1.0,,,,1.0,Wendell Minshew,0.0,,,,,,,,,,,,,0.0,,,,,1.0,,,,,,,,,,,,,0.0,,,,,,,,,,,,,TEN_WR_04,WR,,,,,,,,2.0,,,35.0,0,,35.0,,12.0,,,,,,,,,,,0,41.0,,,,7.0,,,,,,19.0,,,11.0,,,,
,,,,,,PLAYOFFS,,,,,,,,Cyrus Trevathan,,,,,,,,,,,,,,,,,,,1.0,,,0.0,,0.0,,,,,,,,,,,100.0,34.0,,,,,,,0.0,,LAC_OT_01,OT,,,,,0.0,,,,,,,1,,,2.0,27.0,13.0,,,,,,,0.0,,,0,61.0,,1.0,,,,,,,,19.0,,,,,,,
,,,,,,PLAYOFFS,,,,,,,,Emmett Philbeck,,,,,,,,,,,,,,,,,,,1.0,,,0.0,,0.0,,,,,,,,,,,100.0,34.0,,,,,,,0.0,,ARI_OG_02,OG,,,,,0.0,,,,,,,0,,,0.0,28.0,12.0,,,,,,,0.0,,,0,62.0,,1.0,,,,,,,,19.0,,,,,,,
,,,,,,PLAYOFFS,,,,,,,,Kwame Metellus,,,,,,,,,,,,,,,,,,,1.0,,,0.0,,0.0,,,,,,,,,,,100.0,34.0,,,,,,,0.0,,NO_C_03,C,,,,,0.0,,,,,,,0,,,2.0,27.0,12.0,,,,,,,0.0,,,0,61.0,,1.0,,,,,,,,19.0,,,,,,,
2.0,0.0,,,,,PLAYOFFS,,,,,,,,Roderick Paddock,,,,,,,,,,,,,,,0.0,,,,1.0,,,,2.0,,,,,,,,0.0,,,,,,,22.0,0.11,,,,0.0,,P100375_EDGE,EDGE,,,,3.0,,,0.0,,,,,0,,,,,,2.0,,,,,1.0,,,,0,39.0,2.0,,4.0,,,1.0,,,,19.0,,,,,,,
0.0,1.0,,,,,PLAYOFFS,,,,,,,,Lyle Gaskins,,,,,,,,,,,,,,,0.0,,,,1.0,,,,0.0,,,,,,,,0.0,,,,,,,28.0,0.04,,,,0.0,,P101061_EDGE,EDGE,,,,2.0,,,2.0,,,,,0,,,,,,1.0,,,,,0.0,,,,0,49.0,0.0,,0.0,,,0.0,,,,19.0,,,,,,,
,,,11.0,,,PLAYOFFS,,,,35.0,,,,Yardley Hooker,,,,,,,,,,,,,,,,0.0,,,1.0,,,,,,,,0.0,,,,0.0,,,,,,0.0,,,,,75.4,0.0,,P100738_LB,LB,,,,1.0,,,,,3.0,,,0,,,,,,0.0,,,,,0.0,,,,0,45.0,5.0,,7.0,5.0,0.0,1.0,,,,19.0,,,,,28.0,,0.8
,,,,,,PLAYOFFS,,,,42.0,,,,Kavion Sigler,,,,,,,,,,,,,,,,0.0,,,1.0,,,,,,,,0.0,,,,0.0,,,,,,0.0,,,,,87.5,0.0,,TEN_CB_08,CB,,,,,,,,,4.0,,,0,,,,,,0.0,,,,,,,,,0,55.0,1.0,,2.0,5.0,0.0,,,,,19.0,,,,,25.0,,0.59
,,,,,,PLAYOFFS,,,,40.0,,,,Duncan Lessard,,,,,,,,,,,,,,,,1.0,,,1.0,,,,,,,,0.0,,,,0.0,,,,,,1.0,,,,,118.8,0.0,,FA_S_181,S,,,,,,,,,2.0,,,1,,,,,,1.0,,,,,,,,,0,52.0,4.0,,6.0,2.0,0.0,,,,,19.0,,,,,35.0,,0.88
,,,,4.0,,PLAYOFFS,,3.0,5.0,,,,3.0,Randall Colwell,2.0,,2.0,,,,,,,,,,,14.0,,,0.0,,2.0,,,,,,,,,,,,,1.0,,,,15.0,,,,,,,,,P101112_RB,RB,,,,,3.0,,,31.0,,,370.0,0,,18.0,,4.0,,,36.0,2.0,146.0,,,,,,0,54.0,,,,39.0,,,,,,38.0,,,130.0,50.0,,96.0,
,,,,3.0,,PLAYOFFS,,2.0,3.0,,,,3.0,Morgan Arnett,1.0,,1.0,,,,,,,,,,,9.0,,,0.0,,2.0,,,,,,,,,,,,,2.0,,,,5.0,,,,,,,,,P101091_RB,RB,,,,,1.0,,,15.0,,,185.0,0,,15.0,,4.0,,,18.0,,72.0,,,,,,0,45.0,,,,19.0,,,,,,38.0,,,63.0,36.0,,36.0,
,,,,,,PLAYOFFS,,,,,,,,Mikael Tyree,,,,,,,,,,,,,,,,,,,2.0,,,1.0,,1.0,,,,,,,,,,,186.2,80.0,,,,,,,0.0,,P100684_OT,OT,,,,,3.0,,,,,,,0,,,8.0,66.0,32.0,,,,,,,1.0,,,0,146.0,,2.0,,,,,,,,38.0,,,,,,,
,,,,,,PLAYOFFS,,,,,,,,Gunnar Onwuasor,,,,,,,,,,,,,,,,,,,1.0,,,1.0,,1.0,,,,,,,,,,,94.4,36.0,,,,,,,0.0,,CLE_OG_03,OG,,,,,2.0,,,,,,,1,,,4.0,29.0,12.0,,,,,,,0.0,,,0,65.0,,1.0,,,,,,,,19.0,,,,,,,
1.0,0.0,,,,,PLAYOFFS,,,,,,,,Nasir Carvalho,,,,,,,,,,,,,,,0.0,,,,1.0,,,,4.0,,,,,,,,0.0,,,,,,,24.0,0.17,,,,0.0,,DAL_EDGE_06,EDGE,,,,4.0,,,0.0,,,,,1,,,,,,0.0,,,,,0.0,,,,0,42.0,0.0,,1.0,,,0.0,,,,19.0,,,,,,,
1.0,0.0,,,,,PLAYOFFS,,,,,,,,Trace Tullis,,,,,,,,,,,,,,,1.0,,,,1.0,,,,1.0,,,,,,,,0.0,,,,,,,21.0,0.18,,,,0.0,,PIT_DT_04,DT,,,,2.0,,,1.0,,,,,1,,,,,,1.0,,,,,0.0,,,,0,37.0,1.0,,2.0,,,0.0,,,,19.0,,,,,,,
,,,6.0,,,PLAYOFFS,,,,36.0,,,,Dorian Shreve,,,,,,,,,,,,,,,,1.0,,,1.0,,,,,,,,0.0,,,,0.0,,,,,,1.0,,,,,127.8,0.0,,NYG_LB_04,LB,,,,0.0,,,,,2.0,,,1,,,,,,0.0,,,,,0.0,,,,0,47.0,4.0,,6.0,3.0,1.0,0.0,,,,19.0,,,,,22.0,,0.61
,,,2.0,,,PLAYOFFS,,,,34.0,,,,Judah Reinhold,,,,,,,,,,,,,,,,1.0,,,1.0,,,,,,,,0.0,,,,0.0,,,,,,0.0,,,,,101.4,0.0,,ARI_LB_05,LB,,,,0.0,,,,,3.0,,,1,,,,,,0.0,,,,,0.0,,,,0,44.0,2.0,,4.0,3.0,0.0,1.0,,,,19.0,,,,,25.0,,0.73
,,,,,,PLAYOFFS,,,,77.0,,,,Logan Kraft,,,,,,,,,,,,,,,,2.0,,,2.0,,,,,,,,0.0,,,,0.0,,,,,,1.0,,,,,96.7,0.0,,WAS_CB_02,CB,,,,,,,,,2.0,,,0,,,,,,1.0,,,,,,,,,0,99.0,5.0,,9.0,9.0,0.0,,,,,38.0,,,,,36.0,,0.95
,,,,,,PLAYOFFS,,,,35.0,,,,Mikael Boateng,,,,,,,,,,,,,,,,0.0,,,1.0,,,,,,,,0.0,,,,0.0,,,,,,0.0,,,,,58.3,0.0,,LAR_CB_11,CB,,,,,,,,,1.0,,,0,,,,,,2.0,,,,,,,,,0,46.0,2.0,,3.0,4.0,0.0,,,,,19.0,,,,,30.0,,0.86
,,,,,,PLAYOFFS,,,,35.0,,,,Kenzo Callender,,,,,,,,,,,,,,,,0.0,,,1.0,,,,,,,,0.0,,,,1.0,,,,,,0.0,,,,,116.7,0.0,,DAL_CB_04,CB,,,,,,,,,3.0,,,1,,,,,,0.0,,,,,,,,,0,45.0,3.0,,5.0,4.0,0.0,,,,,19.0,,,,,51.0,,1.46
,,,,,,PLAYOFFS,,,,,,,,Milo Montgomery,,,,,,,,,,,,,,,,,,,2.0,358.0,,,,,1.0,2.0,,,112.0,,,,326.0,,,,,,,,,,,,CIN_P_01,P,,,,,,7.0,,,,,,0,32.0,,,,,,,,,,,,,,0,10.0,,,,,,,,0.0,,38.0,,,,,,,
,,,,4.0,,PLAYOFFS,,4.0,7.0,,,,11.0,Hampton Meacham,7.0,,5.0,,,,,,,,,,,18.0,,,0.0,,4.0,,,,,,,,,,,,,0.0,,,,24.0,,,,,,,,,P101072_RB,RB,,,,,2.0,,,40.0,,,508.0,0,,38.0,,10.0,,,51.0,2.0,248.0,,,,,,0,113.0,,,,59.0,,,,,,78.0,,,218.0,112.0,,137.0,
,,,,0.0,,PLAYOFFS,,0.0,3.0,,,,0.0,Ike Camarillo,1.0,,2.0,,,,,,,,,,,8.0,,,0.0,,2.0,,,,,,,,,,,,,0.0,,,,7.0,,,,,,,,,P100990_RB,RB,,,,,2.0,,,14.0,,,177.0,0,,10.0,,2.0,,,19.0,,89.0,,,,,,0,32.0,,,,22.0,,,,,,39.0,,,89.0,39.0,,50.0,
,,,,,,PLAYOFFS,,,,,,,,Newton Abernathy,,,,,,,,,,,,,,,,,,,2.0,,,1.0,,2.0,,,,,,,,,,,191.0,68.0,,,,,,,0.0,,SEA_OT_04,OT,,,,,3.0,,,,,,,0,,,3.0,55.0,21.0,,,,,,,0.0,,,0,123.0,,2.0,,,,,,,,39.0,,,,,,,
3.0,0.0,,,,,PLAYOFFS,,,,,,,,Buck Taliaferro,,,,,,,,,,,,,,,0.0,,,,2.0,,,,5.0,,,,,,,,0.0,,,,,,,43.0,0.37,,,,1.0,,P100975_DT,DT,,,,6.0,,,0.0,,,,,0,,,,,,6.0,,,,,1.0,,,,0,75.0,3.0,,6.0,,,0.0,,,,39.0,,,,,,,
,,,,,,PLAYOFFS,,,,151.0,,,,Shepard Castellan,,,,,,,,,,,,,,,,0.0,,,4.0,,,,,,,,0.0,,,,1.0,,,,,,0.0,,,,,378.0,3.0,,SF_S_07,S,,,,,,,,,13.0,,,0,,,,,,0.0,,,,,,,,,0,196.0,5.0,,9.0,18.0,1.0,,,,,78.0,,,,,123.0,,3.27
,,,,,,PLAYOFFS,,,,,,,,Errol Tullis,,,,,,,,,,,,,,,,,,,6.0,,,1.0,,4.0,,,,,,,,,,,569.1,218.0,,,,,,,2.0,,JAX_OG_01,OG,,,,,6.0,,,,,,,0,,,8.0,176.0,86.0,,,,,,,2.0,,,0,394.0,,6.0,,,,,,,,123.0,,,,,,,
10.0,1.0,,,,,PLAYOFFS,,,,,,,,Tobias Somerville,,,,,,,,,,,,,,,0.0,,,,6.0,,,,11.0,,,,,,,,0.0,,,,,,,144.0,0.94,,,,2.0,,NYG_EDGE_02,EDGE,,,,11.0,,,0.0,,,,,0,,,,,,13.0,,,,,0.0,,,,0,255.0,10.0,,20.0,,,3.0,,,,123.0,,,,,,,
11.0,0.0,,,,,PLAYOFFS,,,,,,,,Bishop Ironside,,,,,,,,,,,,,,,0.0,,,,6.0,,,,8.0,,,,,,,,2.0,,,,,,,130.0,0.58,,,,2.0,,P100820_DT,DT,,,,10.0,,,2.0,,,,,0,,,,,,4.0,,,,,0.0,,,,0,229.0,9.0,,20.0,,,5.0,,,,123.0,,,,,,,
10.0,0.0,,,,,PLAYOFFS,,,,,,,,Briggs Burrage,,,,,,,,,,,,,,,0.0,,,,6.0,,,,7.0,,,,,,,,2.0,,,,,,,144.0,1.0,,,,0.0,,P101141_DT,DT,,,,14.0,,,4.0,,,,,0,,,,,,11.0,,,,,3.0,,,,0,253.0,7.0,,17.0,,,0.0,,,,123.0,,,,,,,
,,,15.0,,,PLAYOFFS,,,,68.0,,,,Talon Harkness,,,,,,,,,,,,,,,,2.0,,,2.0,,,,,,,,0.0,,,,0.0,,,,,,1.0,,,,,193.0,0.0,,DET_LB_06,LB,,,,2.0,,,,,6.0,,,0,,,,,,1.0,,,,,1.0,,,,0,88.0,10.0,,15.0,9.0,1.0,2.0,,,,41.0,,,,,60.0,,1.78
,,,,,,PLAYOFFS,,,,229.0,,,,Rafferty Valentino,,,,,,,,,,,,,,,,3.0,,,6.0,,,,,,,,1.0,,,,3.0,,,,,,1.0,,,,,462.9,2.0,,NYG_CB_01,CB,,,,,,,,,14.0,,,0,,,,,,7.0,,,,,,,,,0,297.0,18.0,,30.0,25.0,0.0,,,,,123.0,,,,,174.0,,4.66
,,,,2.0,,PLAYOFFS,,0.0,1.0,,,,1.0,Thurman Markham,0.0,,1.0,,,,,,,,,,,7.0,,,0.0,,1.0,,,,,,,,,,,,,0.0,,,,2.0,,,,,,,,,CHI_RB_03,RB,,,,,0.0,,,15.0,,,156.0,1,,10.0,,3.0,,,15.0,1.0,66.0,,,,,,0,30.0,,,,20.0,,,,,,19.0,,,61.0,29.0,,37.0,
,,,,4.0,,PLAYOFFS,,2.0,3.0,,,,6.0,Zachariah Yancey,1.0,,0.0,,,,,,,,,,,9.0,,,0.0,,3.0,,,,,,,,,,,,,0.0,,,,12.0,,,,,,,,,P100831_RB,RB,,,,,1.0,,,21.0,,,240.0,0,,23.0,,5.0,,,24.0,,117.0,,,,,,0,68.0,,,,31.0,,,,,,58.0,,,94.0,53.0,,64.0,
,,,,1.0,,PLAYOFFS,,0.0,0.0,,,,0.0,Harlan Yeboah,1.0,,0.0,,,,,,,,,,,1.0,,,0.0,,1.0,,,,,,,,,,,,,1.0,,,,10.0,,,,,,,,,P100790_RB,RB,,,,,1.0,,,3.0,,,35.0,0,,4.0,,1.0,,,3.0,,14.0,,,,,,0,14.0,,,,4.0,,,,,,19.0,,,7.0,7.0,,7.0,
,,,,,,PLAYOFFS,,2.0,3.0,,,,1.0,Marquise Finnegan,1.0,,,,,,,,,,,,,2.0,,,,,3.0,,,,,,,,,,,,,0.0,,,,,,,,,,,,,FA_WR_005,WR,,,,,,,,7.0,,1.0,94.0,1,,108.0,,37.0,,,,,,,,,,,0,127.0,,,,13.0,,,,,,58.0,,,38.0,,,,
,,,,,,PLAYOFFS,,0.0,1.0,,,,0.0,Dax Eastland,0.0,,,,,,,,,,,,,0.0,,,,,3.0,,,,,,,,,,,,,0.0,,,,,,,,,,,,,PHI_TE_06,TE,,,,,,,,3.0,,,41.0,0,,107.0,,37.0,,,,,,,,,,,0,127.0,,,,5.0,,,,,,58.0,,,21.0,,,,
,,,,,,PLAYOFFS,,,,,,,,Izaiah Puglisi,,,,,,,,,,,,,,,,,,,1.0,,,0.0,,0.0,,,,,,,,,,,100.0,33.0,,,,,,,2.0,,NE_OG_01,OG,,,,,0.0,,,,,,,0,,,2.0,26.0,12.0,,,,,,,0.0,,,0,59.0,,1.0,,,,,,,,19.0,,,,,,,
5.0,1.0,,,,,PLAYOFFS,,,,,,,,Ambrose Rutledge,,,,,,,,,,,,,,,0.0,,,,3.0,,,,3.0,,,,,,,,1.0,,,,,,,79.0,0.43,,,,2.0,,P100882_EDGE,EDGE,,,,4.0,,,1.0,,,,,0,,,,,,3.0,,,,,0.0,,,,0,139.0,3.0,,8.0,,,1.0,,,,58.0,,,,,,,
4.0,0.0,,,,,PLAYOFFS,,,,,,,,Micah Arceneaux,,,,,,,,,,,,,,,0.0,,,,3.0,,,,7.0,,,,,,,,1.0,,,,,,,70.0,0.34,,,,1.0,,P100797_EDGE,EDGE,,,,8.0,,,1.0,,,,,0,,,,,,7.0,,,,,0.0,,,,0,124.0,4.0,,8.0,,,1.0,,,,58.0,,,,,,,
,,,,,,PLAYOFFS,,,,116.0,,,,Jomari Calloway,,,,,,,,,,,,,,,,3.0,,,3.0,,,,,,,,0.0,,,,0.0,,,,,,2.0,,,,,282.6,1.0,,P101140_S,S,,,,,,,,,6.0,,,0,,,,,,4.0,,,,,,,,,0,150.0,9.0,,14.0,9.0,0.0,,,,,58.0,,,,,79.0,,2.03
,,,,,,PLAYOFFS,,,,119.0,,,,Jarvis Sherfield,,,,,,,,,,,,,,,,1.0,,,3.0,,,,,,,,0.0,,,,1.0,,,,,,1.0,,,,,308.1,3.0,,P101036_S,S,,,,,,,,,6.0,,,0,,,,,,3.0,,,,,,,,,0,154.0,6.0,,11.0,9.0,1.0,,,,,58.0,,,,,70.0,,1.8
,,,,,,PLAYOFFS,,,,115.0,,,,Tyree Oduya,,,,,,,,,,,,,,,,0.0,,,3.0,,,,,,,,0.0,,,,0.0,,,,,,0.0,,,,,353.8,1.0,,P101093_S,S,,,,,,,,,12.0,,,0,,,,,,2.0,,,,,,,,,0,149.0,6.0,,10.0,17.0,2.0,,,,,58.0,,,,,146.0,,3.79
,,,,,,PLAYOFFS,,,,,,,,Quentin Coulombe,,,,,,,,,,,,,,,,,,,3.0,701.0,,,,,3.0,8.0,,,157.0,,,,637.0,,,,,,,,,,,,BAL_P_01,P,,,,,,15.0,,,,,,0,64.0,,,,,,,,,,,,,,0,15.0,,,,,,,,4.0,,58.0,,,,,,,
,,,,3.0,,PLAYOFFS,,3.0,7.0,,,,8.0,Emerson Gostkowski,4.0,,1.0,,,,,,,,,,,19.0,,,0.0,,3.0,,,,,,,,,,,,,2.0,,,,10.0,,,,,,,,,P100600_RB,RB,,,,,1.0,,,37.0,,,433.0,0,,31.0,,8.0,,,44.0,4.0,191.0,,,,,,0,92.0,,,,56.0,,,,,,60.0,,,182.0,77.0,,114.0,
,,,,,,PLAYOFFS,,0.0,6.0,,,,5.0,Kojo Holbrook,3.0,,,,,,,,,,,,,9.0,,,,,3.0,,,,,,,,,,,,,1.0,,,,,,,,,,,,,NE_WR_02,WR,,,,,,,,19.0,,1.0,235.0,0,,108.0,,36.0,,,,,,,,,,,0,127.0,,,,35.0,,,,,,60.0,,,111.0,,,,
,,,,,,PLAYOFFS,,,,,,,,Osmond Wanogho,,,,,,,,,,,,,,,,,,,3.0,,,2.0,,3.0,,,,,,,,,,,285.2,104.0,,,,,,,3.0,,P100872_OT,OT,,,,,5.0,,,,,,,0,,,9.0,86.0,27.0,,,,,,,0.0,,,0,190.0,,3.0,,,,,,,,60.0,,,,,,,
,,,,,,PLAYOFFS,,,,,,,,Soren Atwater,,,,,,,,,,,,,,,,,,,3.0,,,1.0,,5.0,,,,,,,,,,,283.9,109.0,,,,,,,1.0,,DAL_OG_02,OG,,,,,6.0,,,,,,,1,,,9.0,89.0,38.0,,,,,,,0.0,,,0,198.0,,3.0,,,,,,,,60.0,,,,,,,
4.0,0.0,,,,,PLAYOFFS,,,,,,,,Zaire Obadiah,,,,,,,,,,,,,,,0.0,,,,3.0,,,,6.0,,,,,,,,0.0,,,,,,,71.0,0.49,,,,1.0,,P101083_EDGE,EDGE,,,,10.0,,,3.0,,,,,0,,,,,,5.0,,,,,1.0,,,,0,126.0,3.0,,7.0,,,2.0,,,,60.0,,,,,,,
,,,15.0,,,PLAYOFFS,,,,91.0,,,,Vince Batiste,,,,,,,,,,,,,,,,0.0,,,3.0,,,,,,,,0.0,,,,1.0,,,,,,0.0,,,,,285.4,2.0,,P101107_LB,LB,,,,2.0,,,,,8.0,,,0,,,,,,3.0,,,,,0.0,,,,0,120.0,11.0,,18.0,13.0,1.0,2.0,,,,60.0,,,,,74.0,,2.49
,,,30.0,,,PLAYOFFS,,,,106.0,,,,Tucker Creswell,,,,,,,,,,,,,,,,3.0,,,3.0,,,,,,,,0.0,,,,1.0,,,,,,1.0,,,,,242.5,0.0,,P100980_LB,LB,,,,5.0,,,,,3.0,,,0,,,,,,1.0,,,,,0.0,,,,0,137.0,10.0,,16.0,8.0,1.0,3.0,,,,60.0,,,,,47.0,,1.35
,,,,,,PLAYOFFS,,2.0,2.0,,,,1.0,Ezra Kortright,0.0,,,,,,,,,,,,,2.0,,,,,5.0,,,,,,,,,,,,,2.0,,,,,,,,,,,,,P101098_TE,TE,,,,,,,,9.0,,,145.0,0,,162.0,,55.0,,,,,,,,,,,0,191.0,,,,18.0,,,,,,101.0,,,70.0,,,,
2.0,0.0,,,,,PLAYOFFS,,,,,,,,Fabian Cavanaugh,,,,,,,,,,,,,,,0.0,,,,1.0,,,,0.0,,,,,,,,0.0,,,,,,,24.0,0.09,,,,0.0,,CIN_EDGE_03,EDGE,,,,1.0,,,1.0,,,,,0,,,,,,0.0,,,,,1.0,,,,0,43.0,1.0,,3.0,,,0.0,,,,19.0,,,,,,,
,,,,,,PLAYOFFS,,,,176.0,,,,Ike Brisco,,,,,,,,,,,,,,,,6.0,,,5.0,,,,,,,,0.0,,,,6.0,,,,,,2.0,,,,,438.7,1.0,,P100723_CB,CB,,,,,,,,,15.0,,,0,,,,,,5.0,,,,,,,,,0,229.0,12.0,,20.0,23.0,0.0,,,,,101.0,,,,,180.0,,5.15
,,,,4.0,,PLAYOFFS,,10.0,25.0,,,,13.0,Cannon Finnegan,3.0,,3.0,,,,,,,,,,,43.0,,,0.0,,4.0,,,,,,,,,,,,,0.0,,,,32.0,,,,,,,,,P100464_RB,RB,,,,,1.0,,,86.0,,,945.0,0,,56.0,,15.0,,,103.0,3.0,372.0,,,,,,0,165.0,,,,129.0,,,,,,80.0,,,355.0,125.0,,247.0,
,,,,,,PLAYOFFS,,1.0,2.0,,,,5.0,Roscoe Gaskins,1.0,,,,,,,,,,,,,7.0,,,,,4.0,,,,,,,,,,,,,4.0,,,,,,,,,,,,,P100447_WR,WR,,,,,,,,17.0,,2.0,202.0,0,,142.0,,48.0,,,,,,,,,,,0,169.0,,,,31.0,,,,,,80.0,,,87.0,,,,
,,,,,,PLAYOFFS,,2.0,5.0,,,,5.0,Bodhi Legette,4.0,,,,,,,,,,,,,5.0,,,,,3.0,,,,,,,,,,,,,3.0,,,,,,,,,,,,,P100165_WR,WR,,,,,,,,12.0,,1.0,143.0,0,,118.0,,41.0,,,,,,,,,,,0,138.0,,,,23.0,,,,,,58.0,,,52.0,,,,
,,,,,,PLAYOFFS,,1.0,5.0,,,,1.0,Jamari Hennessy,1.0,,,,,,,,,,,,,2.0,,,,,2.0,,,,,,,,,,,,,0.0,,,,,,,,,,,,,NYJ_WR_08,WR,,,,,,,,5.0,,1.0,61.0,0,,71.0,,24.0,,,,,,,,,,,0,83.0,,,,11.0,,,,,,39.0,,,27.0,,,,
,,,,,,PLAYOFFS,,1.0,1.0,,,,2.0,Kermit Zenner,0.0,,,,,,,,,,,,,0.0,,,,,2.0,,,,,,,,,,,,,2.0,,,,,,,,,,,,,ARI_WR_08,WR,,,,,,,,2.0,,,27.0,1,,83.0,,29.0,,,,,,,,,,,0,98.0,,,,4.0,,,,,,39.0,,,12.0,,,,
,,,,,,PLAYOFFS,,0.0,1.0,,,,1.0,Mateo Melchior,0.0,,,,,,,,,,,,,0.0,,,,,2.0,,,,,,,,,,,,,1.0,,,,,,,,,,,,,P100629_TE,TE,,,,,,,,1.0,,,22.0,0,,65.0,,22.0,,,,,,,,,,,0,77.0,,,,3.0,,,,,,39.0,,,7.0,,,,
,,,,,,PLAYOFFS,,,,,,,,Jace Telfer,,,,,,,,,,,,,,,,,,,4.0,,,0.0,,1.0,,,,,,,,,,,397.3,145.0,,,,,,,2.0,,JAX_OT_01,OT,,,,,1.0,,,,,,,0,,,6.0,117.0,50.0,,,,,,,0.0,,,0,262.0,,4.0,,,,,,,,80.0,,,,,,,
,,,,,,PLAYOFFS,,,,,,,,Lonnie McLendon,,,,,,,,,,,,,,,,,,,5.0,,,2.0,,3.0,,,,,,,,,,,438.2,185.0,,,,,,,4.0,,LAC_OG_01,OG,,,,,10.0,,,,,,,0,,,17.0,151.0,55.0,,,,,,,5.0,,,0,336.0,,5.0,,,,,,,,99.0,,,,,,,
,,,,,,PLAYOFFS,,,,,,,,Sawyer Robicheaux,,,,,,,,,,,,,,,,,,,4.0,,,0.0,,2.0,,,,,,,,,,,373.8,142.0,,,,,,,4.0,,ARI_C_01,C,,,,,4.0,,,,,,,0,,,5.0,114.0,52.0,,,,,,,2.0,,,0,256.0,,4.0,,,,,,,,80.0,,,,,,,
7.0,1.0,,,,,PLAYOFFS,,,,,,,,Draven Aguilar,,,,,,,,,,,,,,,0.0,,,,4.0,,,,8.0,,,,,,,,1.0,,,,,,,99.0,0.66,,,,1.0,,P100707_EDGE,EDGE,,,,13.0,,,4.0,,,,,0,,,,,,11.0,,,,,1.0,,,,0,174.0,6.0,,13.0,,,4.0,,,,80.0,,,,,,,
6.0,2.0,,,,,PLAYOFFS,,,,,,,,Saxon Quarterman,,,,,,,,,,,,,,,0.0,,,,4.0,,,,1.0,,,,,,,,3.0,,,,,,,102.0,0.21,,,,2.0,,P100478_EDGE,EDGE,,,,5.0,,,3.0,,,,,0,,,,,,2.0,,,,,2.0,,,,0,181.0,4.0,,10.0,,,5.0,,,,80.0,,,,,,,
6.0,0.0,,,,,PLAYOFFS,,,,,,,,Lucian Schmitz,,,,,,,,,,,,,,,1.0,,,,4.0,,,,3.0,,,,,,,,1.0,,,,,,,107.0,0.46,,,,3.0,,P100561_EDGE,EDGE,,,,9.0,,,4.0,,,,,0,,,,,,3.0,,,,,2.0,,,,0,188.0,6.0,,12.0,,,1.0,,,,80.0,,,,,,,
6.0,2.0,,,,,PLAYOFFS,,,,,,,,Kelvin Desormeaux,,,,,,,,,,,,,,,0.0,,,,4.0,,,,5.0,,,,,,,,1.0,,,,,,,94.0,0.32,,,,1.0,,P100562_EDGE,EDGE,,,,5.0,,,0.0,,,,,0,,,,,,1.0,,,,,0.0,,,,0,166.0,5.0,,11.0,,,2.0,,,,80.0,,,,,,,
5.0,0.0,,,,,PLAYOFFS,,,,,,,,Lowell Colavito,,,,,,,,,,,,,,,0.0,,,,4.0,,,,5.0,,,,,,,,2.0,,,,,,,85.0,0.66,,,,2.0,,ARI_DT_01,DT,,,,9.0,,,1.0,,,,,0,,,,,,7.0,,,,,3.0,,,,0,150.0,2.0,,7.0,,,0.0,,,,80.0,,,,,,,
2.0,0.0,,,,,PLAYOFFS,,,,,,,,Carlisle Hadley,,,,,,,,,,,,,,,0.0,,,,2.0,,,,2.0,,,,,,,,0.0,,,,,,,34.0,0.13,,,,1.0,,DAL_DT_04,DT,,,,2.0,,,0.0,,,,,0,,,,,,3.0,,,,,0.0,,,,0,61.0,2.0,,4.0,,,0.0,,,,39.0,,,,,,,
,,,27.0,,,PLAYOFFS,,,,141.0,,,,Sebastien Coulombe,,,,,,,,,,,,,,,,4.0,,,4.0,,,,,,,,0.0,,,,1.0,,,,,,3.0,,,,,342.4,1.0,,P101195_LB,LB,,,,2.0,,,,,10.0,,,0,,,,,,3.0,,,,,0.0,,,,0,184.0,18.0,,28.0,17.0,0.0,5.0,,,,80.0,,,,,143.0,,4.04
,,,26.0,,,PLAYOFFS,,,,133.0,,,,Josiah Hammersley,,,,,,,,,,,,,,,,1.0,,,4.0,,,,,,,,0.0,,,,1.0,,,,,,0.0,,,,,320.6,1.0,,P101113_LB,LB,,,,2.0,,,,,6.0,,,0,,,,,,5.0,,,,,1.0,,,,0,173.0,17.0,,26.0,11.0,0.0,5.0,,,,80.0,,,,,79.0,,2.34
,,,25.0,,,PLAYOFFS,,,,131.0,,,,Baylor Gathers,,,,,,,,,,,,,,,,1.0,,,4.0,,,,,,,,0.0,,,,0.0,,,,,,1.0,,,,,419.5,1.0,,P100978_LB,LB,,,,3.0,,,,,16.0,,,0,,,,,,3.0,,,,,0.0,,,,0,172.0,10.0,,17.0,22.0,1.0,2.0,,,,80.0,,,,,240.0,,7.28
,,,,,,PLAYOFFS,,,,156.0,,,,Julius Mendenhall,,,,,,,,,,,,,,,,3.0,,,4.0,,,,,,,,0.0,,,,1.0,,,,,,1.0,,,,,370.6,2.0,,P100393_CB,CB,,,,,,,,,16.0,,,0,,,,,,4.0,,,,,,,,,0,203.0,11.0,,18.0,20.0,0.0,,,,,80.0,,,,,135.0,,3.45
,,,,,,PLAYOFFS,,,,123.0,,,,Kaiden Perryman,,,,,,,,,,,,,,,,3.0,,,3.0,,,,,,,,0.0,,,,2.0,,,,,,1.0,,,,,254.6,1.0,,ARI_S_01,S,,,,,,,,,8.0,,,0,,,,,,1.0,,,,,,,,,0,159.0,4.0,,7.0,14.0,0.0,,,,,59.0,,,,,93.0,,2.29
,,,,,,PLAYOFFS,,,,81.0,,,,Otis Kemper,,,,,,,,,,,,,,,,1.0,,,2.0,,,,,,,,0.0,,,,1.0,,,,,,1.0,,,,,200.0,0.0,,P100116_S,S,,,,,,,,,4.0,,,0,,,,,,0.0,,,,,,,,,0,105.0,6.0,,10.0,6.0,0.0,,,,,39.0,,,,,61.0,,1.5
,,3.0,,,24.0,PLAYOFFS,23.0,,,,4.0,3.0,,Casen Nakoa,,1.0,,,,,,,,,,,,10.0,,,0.0,0.0,1.0,,,,,,,,0.0,,,,,,,33.0,,,,,,1.0,265.0,,,7.0,P100948_QB,QB,9.0,4.0,25.0,,,,,,,,,0,,,,,,,2.0,,17.0,25.0,,,5.0,0.0,0,65.0,,1.0,,,,,3.0,,3.0,19.0,,,,,,,
,,,,1.0,,PLAYOFFS,,0.0,1.0,,,,1.0,Heath Corrigan,0.0,,4.0,,,,,,,,,,,4.0,,,0.0,,1.0,,,,,,,,,,,,,1.0,,,,5.0,,,,,,,,,TEN_RB_04,RB,,,,,0.0,,,7.0,,,88.0,1,,8.0,,2.0,,,9.0,,40.0,,,,,,0,25.0,,,,11.0,,,,,,19.0,,,42.0,20.0,,20.0,
,,,,,,PLAYOFFS,,0.0,2.0,,,,1.0,Tyree McLendon,0.0,,,,,,,,,,,,,2.0,,,,,1.0,,,,,,,,,,,,,1.0,,,,,,,,,,,,,DAL_WR_02,WR,,,,,,,,5.0,,,62.0,1,,35.0,,12.0,,,,,,,,,,,0,41.0,,,,8.0,,,,,,19.0,,,28.0,,,,
,,,,,,PLAYOFFS,,0.0,0.0,,,,0.0,Kojo Cantrell,0.0,,,,,,,,,,,,,0.0,,,,,1.0,,,,,,,,,,,,,1.0,,,,,,,,,,,,,P100993_WR,WR,,,,,,,,1.0,,,18.0,0,,36.0,,12.0,,,,,,,,,,,0,42.0,,,,2.0,,,,,,19.0,,,10.0,,,,
,,,,,,PLAYOFFS,,0.0,1.0,,,,1.0,Ohan Landry,0.0,,,,,,,,,,,,,2.0,,,,,1.0,,,,,,,,,,,,,0.0,,,,,,,,,,,,,MIN_TE_01,TE,,,,,,,,4.0,,,48.0,0,,35.0,,12.0,,,,,,,,,,,0,41.0,,,,6.0,,,,,,19.0,,,14.0,,,,
,,,,,,PLAYOFFS,,,,,,,,Nico Seeley,,,,,,,,,,,,,,,,,,,1.0,,,0.0,,1.0,,,,,,,,,,,87.1,35.0,,,,,,,0.0,,TB_OT_04,OT,,,,,2.0,,,,,,,0,,,3.0,29.0,12.0,,,,,,,1.0,,,0,64.0,,1.0,,,,,,,,19.0,,,,,,,
,,,,,,PLAYOFFS,,,,,,,,Talon Prendergast,,,,,,,,,,,,,,,,,,,1.0,,,2.0,,0.0,,,,,,,,,,,84.7,36.0,,,,,,,0.0,,P101127_OG,OG,,,,,3.0,,,,,,,0,,,4.0,30.0,11.0,,,,,,,1.0,,,0,66.0,,1.0,,,,,,,,19.0,,,,,,,
,,,,,,PLAYOFFS,,,,,,,,Briggs Marinelli,,,,,,,,,,,,,,,,,,,1.0,,,1.0,,4.0,,,,,,,,,,,85.7,35.0,,,,,,,0.0,,DAL_C_01,C,,,,,5.0,,,,,,,1,,,3.0,28.0,15.0,,,,,,,0.0,,,0,63.0,,1.0,,,,,,,,19.0,,,,,,,
0.0,0.0,,,,,PLAYOFFS,,,,,,,,Aubrey Thackeray,,,,,,,,,,,,,,,0.0,,,,1.0,,,,0.0,,,,,,,,0.0,,,,,,,21.0,0.08,,,,0.0,,P100610_EDGE,EDGE,,,,0.0,,,0.0,,,,,0,,,,,,3.0,,,,,0.0,,,,0,37.0,0.0,,0.0,,,0.0,,,,19.0,,,,,,,
2.0,0.0,,,,,PLAYOFFS,,,,,,,,Sable Chidozie,,,,,,,,,,,,,,,0.0,,,,1.0,,,,1.0,,,,,,,,0.0,,,,,,,24.0,0.13,,,,0.0,,P100033_DT,DT,,,,2.0,,,1.0,,,,,0,,,,,,0.0,,,,,0.0,,,,0,42.0,3.0,,5.0,,,1.0,,,,19.0,,,,,,,
,,,,,,PLAYOFFS,,,,37.0,,,,Yosef Coulombe,,,,,,,,,,,,,,,,1.0,,,1.0,,,,,,,,0.0,,,,1.0,,,,,,0.0,,,,,56.2,1.0,,P100550_CB,CB,,,,,,,,,2.0,,,0,,,,,,0.0,,,,,,,,,0,48.0,3.0,,5.0,4.0,0.0,,,,,19.0,,,,,9.0,,0.24
,,,,,,PLAYOFFS,,,,39.0,,,,Porter Donnelly,,,,,,,,,,,,,,,,1.0,,,1.0,,,,,,,,0.0,,,,1.0,,,,,,1.0,,,,,158.3,0.0,,P101111_CB,CB,,,,,,,,,4.0,,,0,,,,,,1.0,,,,,,,,,0,51.0,3.0,,5.0,5.0,1.0,,,,,19.0,,,,,64.0,,1.64
,,,,,,PLAYOFFS,,,,120.0,,,,Hamza Somerville,,,,,,,,,,,,,,,,1.0,,,3.0,,,,,,,,0.0,,,,2.0,,,,,,1.0,,,,,236.1,0.0,,P100057_S,S,,,,,,,,,6.0,,,0,,,,,,0.0,,,,,,,,,0,155.0,3.0,,5.0,12.0,1.0,,,,,58.0,,,,,75.0,,2.03
,,,,,,PLAYOFFS,,,,35.0,,,,Morgan Hilliard,,,,,,,,,,,,,,,,0.0,,,1.0,,,,,,,,0.0,,,,2.0,,,,,,0.0,,,,,146.5,0.0,,P100859_S,S,,,,,,,,,5.0,,,0,,,,,,0.0,,,,,,,,,0,46.0,3.0,,5.0,6.0,1.0,,,,,19.0,,,,,58.0,,1.66
,,,,,,PLAYOFFS,,5.0,6.0,,,,7.0,Arlo Mahaffey,1.0,,,,,,,,,,,,,9.0,,,,,4.0,,,,,,,,,,,,,2.0,,,,,,,,,,,,,NYG_WR_09,WR,,,,,,,,20.0,,1.0,252.0,0,,139.0,,47.0,,,,,,,,,,,0,164.0,,,,35.0,,,,,,82.0,,,108.0,,,,
,,,,,,PLAYOFFS,,2.0,5.0,,,,4.0,Josiah Benavides,1.0,,,,,,,,,,,,,5.0,,,,,4.0,,,,,,,,,,,,,4.0,,,,,,,,,,,,,FA_WR_049,WR,,,,,,,,13.0,,1.0,169.0,1,,147.0,,49.0,,,,,,,,,,,0,174.0,,,,23.0,,,,,,82.0,,,53.0,,,,
,,,,,,PLAYOFFS,,2.0,2.0,,,,1.0,Travon Rowlett,2.0,,,,,,,,,,,,,0.0,,,,,4.0,,,,,,,,,,,,,1.0,,,,,,,,,,,,,P101043_WR,WR,,,,,,,,4.0,,,74.0,0,,143.0,,48.0,,,,,,,,,,,0,169.0,,,,9.0,,,,,,82.0,,,30.0,,,,
,,,,,,PLAYOFFS,,,,,,,,Emory Jodeci,,,,,,,,,,,,,,,,,,,4.0,,,1.0,,6.0,,,,,,,,,,,372.8,154.0,,,,,,,3.0,,P101197_OG,OG,,,,,8.0,,,,,,,0,,,10.0,125.0,52.0,,,,,,,1.0,,,0,279.0,,4.0,,,,,,,,82.0,,,,,,,
7.0,1.0,,,,,PLAYOFFS,,,,,,,,Micah Oduya,,,,,,,,,,,,,,,0.0,,,,4.0,,,,3.0,,,,,,,,2.0,,,,,,,80.0,0.58,,,,0.0,,P101200_DT,DT,,,,8.0,,,4.0,,,,,0,,,,,,8.0,,,,,1.0,,,,0,142.0,5.0,,12.0,,,2.0,,,,82.0,,,,,,,
7.0,0.0,,,,,PLAYOFFS,,,,,,,,Ollie Gentry,,,,,,,,,,,,,,,1.0,,,,4.0,,,,6.0,,,,,,,,1.0,,,,,,,83.0,0.57,,,,1.0,,SF_DT_04,DT,,,,7.0,,,1.0,,,,,1,,,,,,5.0,,,,,0.0,,,,0,146.0,5.0,,12.0,,,3.0,,,,82.0,,,,,,,
,,,,,,PLAYOFFS,,,,150.0,,,,Tyree Wetherall,,,,,,,,,,,,,,,,3.0,,,4.0,,,,,,,,0.0,,,,3.0,,,,,,1.0,,,,,358.4,0.0,,NO_CB_07,CB,,,,,,,,,8.0,,,0,,,,,,1.0,,,,,,,,,0,195.0,11.0,,18.0,14.0,0.0,,,,,82.0,,,,,141.0,,3.83
,,0.0,,,46.0,PLAYOFFS,44.0,,,,6.0,3.0,,Tavares Navarrete,,3.0,,,,,,,,,,,,23.0,,,0.0,0.0,2.0,,,,,,,,1.0,,,,,,,65.0,,,,,,1.0,526.0,,,16.0,ARI_QB_01,QB,19.0,8.0,72.0,,,,,,,,,0,,,,,,,3.0,,18.0,22.0,,,4.0,1.0,0,126.0,,2.0,,,,,2.0,,6.0,39.0,,,,,,,
,,,,,,PLAYOFFS,,1.0,4.0,,,,0.0,Sterling Quessenberry,1.0,,,,,,,,,,,,,6.0,,,,,2.0,,,,,,,,,,,,,0.0,,,,,,,,,,,,,P100995_WR,WR,,,,,,,,13.0,,,155.0,0,,73.0,,25.0,,,,,,,,,,,0,86.0,,,,21.0,,,,,,39.0,,,37.0,,,,
,,,,,,PLAYOFFS,,0.0,0.0,,,,1.0,Paxton Ladouceur,0.0,,,,,,,,,,,,,0.0,,,,,2.0,,,,,,,,,,,,,1.0,,,,,,,,,,,,,P100399_WR,WR,,,,,,,,2.0,,,35.0,0,,77.0,,26.0,,,,,,,,,,,0,91.0,,,,5.0,,,,,,39.0,,,21.0,,,,
,,,,,,PLAYOFFS,,,,,,,,Zamir Pouncey,,,,,,,,,,,,,,,,,,,1.0,,,0.0,,3.0,,,,,,,,,,,91.7,36.0,,,,,,,1.0,,PIT_OG_04,OG,,,,,3.0,,,,,,,0,,,4.0,29.0,13.0,,,,,,,0.0,,,0,65.0,,1.0,,,,,,,,20.0,,,,,,,
4.0,1.0,,,,,PLAYOFFS,,,,,,,,Ike Underwood,,,,,,,,,,,,,,,0.0,,,,2.0,,,,3.0,,,,,,,,0.0,,,,,,,52.0,0.17,,,,0.0,,P100719_EDGE,EDGE,,,,4.0,,,1.0,,,,,0,,,,,,5.0,,,,,0.0,,,,0,91.0,2.0,,6.0,,,1.0,,,,39.0,,,,,,,
2.0,0.0,,,,,PLAYOFFS,,,,,,,,Amos McClurg,,,,,,,,,,,,,,,0.0,,,,2.0,,,,1.0,,,,,,,,0.0,,,,,,,41.0,0.14,,,,1.0,,NYG_DT_04,DT,,,,4.0,,,3.0,,,,,0,,,,,,4.0,,,,,0.0,,,,0,72.0,0.0,,2.0,,,1.0,,,,39.0,,,,,,,
10.0,2.0,,,,,PLAYOFFS,,,,,,,,Yosef Sullivan,,,,,,,,,,,,,,,0.0,,,,5.0,,,,11.0,,,,,,,,1.0,,,,,,,115.0,0.68,,,,1.0,,LAR_DT_06,DT,,,,15.0,,,3.0,,,,,0,,,,,,12.0,,,,,1.0,,,,0,203.0,8.0,,18.0,,,2.0,,,,102.0,,,,,,,
,,,,,,PLAYOFFS,,,,83.0,,,,Thurman Waldron,,,,,,,,,,,,,,,,2.0,,,2.0,,,,,,,,0.0,,,,0.0,,,,,,1.0,,,,,219.8,0.0,,NO_S_04,S,,,,,,,,,5.0,,,1,,,,,,1.0,,,,,,,,,0,108.0,0.0,,0.0,6.0,0.0,,,,,39.0,,,,,63.0,,1.55
,,,,,,PLAYOFFS,,,,,,,,Hamza Boateng,,,,3.0,1.0,2.0,1.0,1.0,2.0,1.0,2.0,1.0,1.0,,,,,,2.0,,0.0,,,,,,,8.0,,85.0,,,,,,,,,,,,,,,P100794_K,K,,,,,,,,,,,,0,,,,,,,,,,,,,,,0,12.0,,,,,,,,6.0,,39.0,5.0,5.0,,,,,
,,,,,,PLAYOFFS,,1.0,3.0,,,,3.0,Yusuf Cadwell,3.0,,,,,,,,,,,,,4.0,,,,,4.0,,,,,,,,,,,,,4.0,,,,,,,,,,,,,P101393_TE,TE,,,,,,,,13.0,,,157.0,0,,130.0,,44.0,,,,,,,,,,,0,154.0,,,,24.0,,,,,,82.0,,,65.0,,,,
,,,22.0,,,PLAYOFFS,,,,134.0,,,,Zebulon Stallworth,,,,,,,,,,,,,,,,4.0,,,4.0,,,,,,,,0.0,,,,1.0,,,,,,0.0,,,,,405.7,2.0,,P100329_LB,LB,,,,3.0,,,,,13.0,,,0,,,,,,3.0,,,,,1.0,,,,0,175.0,16.0,,26.0,24.0,4.0,4.0,,,,82.0,,,,,159.0,,4.69
,,2.0,,,20.0,PLAYOFFS,17.0,,,,4.0,1.0,,Hendrix Chappell,,3.0,,,,,,,,,,,,6.0,,,0.0,0.0,1.0,,,,,,,,1.0,,,,,,,31.0,,,,,,2.0,234.0,,,7.0,CIN_QB_02,QB,11.0,5.0,48.0,,,,,,,,,0,,,,,,,4.0,,17.0,6.0,,,1.0,3.0,0,54.0,,1.0,,,,,2.0,,2.0,19.0,,,,,,,
,,,,1.0,,PLAYOFFS,,2.0,7.0,,,,5.0,Ellis Buckhalter,3.0,,0.0,,,,,,,,,,,7.0,,,0.0,,1.0,,,,,,,,,,,,,0.0,,,,3.0,,,,,,,,,P101447_RB,RB,,,,,1.0,,,17.0,,,234.0,0,,13.0,,3.0,,,29.0,1.0,101.0,,,,,,0,39.0,,,,31.0,,,,,,19.0,,,73.0,7.0,,94.0,
,,,,,,PLAYOFFS,,0.0,2.0,,,,1.0,Mack Carvalho,0.0,,,,,,,,,,,,,0.0,,,,,1.0,,,,,,,,,,,,,0.0,,,,,,,,,,,,,P100377_WR,WR,,,,,,,,1.0,,,16.0,0,,43.0,,15.0,,,,,,,,,,,0,50.0,,,,2.0,,,,,,19.0,,,6.0,,,,
,,,,,,PLAYOFFS,,0.0,0.0,,,,0.0,Lennox Stepnoski,0.0,,,,,,,,,,,,,0.0,,,,,1.0,,,,,,,,,,,,,0.0,,,,,,,,,,,,,P100981_TE,TE,,,,,,,,0.0,,,13.0,0,,30.0,,10.0,,,,,,,,,,,0,36.0,,,,2.0,,,,,,19.0,,,7.0,,,,
,,,,,,PLAYOFFS,,,,,,,,Dax Musgrave,,,,,,,,,,,,,,,,,,,1.0,,,1.0,,3.0,,,,,,,,,,,88.6,35.0,,,,,,,1.0,,NYG_OT_02,OT,,,,,4.0,,,,,,,0,,,2.0,29.0,12.0,,,,,,,0.0,,,0,64.0,,1.0,,,,,,,,19.0,,,,,,,
1.0,0.0,,,,,PLAYOFFS,,,,,,,,Eli Fairbanks,,,,,,,,,,,,,,,0.0,,,,1.0,,,,1.0,,,,,,,,0.0,,,,,,,24.0,0.16,,,,1.0,,P100780_EDGE,EDGE,,,,2.0,,,1.0,,,,,0,,,,,,2.0,,,,,0.0,,,,0,43.0,0.0,,1.0,,,0.0,,,,19.0,,,,,,,
2.0,0.0,,,,,PLAYOFFS,,,,,,,,Pierson Okorafor,,,,,,,,,,,,,,,0.0,,,,1.0,,,,1.0,,,,,,,,1.0,,,,,,,22.0,0.11,,,,1.0,,CHI_DT_03,DT,,,,2.0,,,1.0,,,,,0,,,,,,0.0,,,,,0.0,,,,0,38.0,2.0,,4.0,,,2.0,,,,19.0,,,,,,,
2.0,0.0,,,,,PLAYOFFS,,,,,,,,Terrance Beauchamp,,,,,,,,,,,,,,,0.0,,,,1.0,,,,1.0,,,,,,,,0.0,,,,,,,20.0,0.15,,,,0.0,,JAX_DT_04,DT,,,,3.0,,,2.0,,,,,1,,,,,,2.0,,,,,0.0,,,,0,35.0,1.0,,3.0,,,0.0,,,,19.0,,,,,,,
,,,8.0,,,PLAYOFFS,,,,37.0,,,,Beckham Wheelwright,,,,,,,,,,,,,,,,2.0,,,1.0,,,,,,,,0.0,,,,0.0,,,,,,1.0,,,,,75.7,0.0,,P100520_LB,LB,,,,1.0,,,,,2.0,,,0,,,,,,1.0,,,,,0.0,,,,0,48.0,1.0,,2.0,3.0,0.0,0.0,,,,19.0,,,,,13.0,,0.35
,,,,,,PLAYOFFS,,,,32.0,,,,Ajani Whitfield,,,,,,,,,,,,,,,,0.0,,,1.0,,,,,,,,0.0,,,,1.0,,,,,,0.0,,,,,158.3,0.0,,GB_CB_03,CB,,,,,,,,,4.0,,,0,,,,,,0.0,,,,,,,,,0,42.0,3.0,,5.0,4.0,1.0,,,,,19.0,,,,,68.0,,2.12
,,,,,,PLAYOFFS,,,,41.0,,,,Obadiah Buckhalter,,,,,,,,,,,,,,,,0.0,,,1.0,,,,,,,,0.0,,,,0.0,,,,,,0.0,,,,,109.7,0.0,,P101219_CB,CB,,,,,,,,,2.0,,,0,,,,,,0.0,,,,,,,,,0,53.0,3.0,,5.0,3.0,0.0,,,,,19.0,,,,,39.0,,0.95
,,,,2.0,,PLAYOFFS,,1.0,1.0,,,,0.0,Ferris Zimmerman,0.0,,0.0,,,,,,,,,,,1.0,,,0.0,,2.0,,,,,,,,,,,,,1.0,,,,10.0,,,,,,,,,P100385_RB,RB,,,,,1.0,,,4.0,,,68.0,0,,7.0,,2.0,,,6.0,,30.0,,,,,,0,22.0,,,,7.0,,,,,,39.0,,,19.0,20.0,,10.0,
,,,,,,PLAYOFFS,,,,,,,,Malik Padgett,,,,,,,,,,,,,,,,,,,2.0,,,1.0,,0.0,,,,,,,,,,,187.2,71.0,,,,,,,2.0,,JAX_OT_04,OT,,,,,2.0,,,,,,,0,,,8.0,57.0,25.0,,,,,,,1.0,,,0,128.0,,2.0,,,,,,,,39.0,,,,,,,
,,,,,,PLAYOFFS,,,,,,,,Ace Brannigan,,,,,,,,,,,,,,,,,,,2.0,,,1.0,,6.0,,,,,,,,,,,171.6,74.0,,,,,,,0.0,,P101239_C,C,,,,,8.0,,,,,,,0,,,8.0,60.0,22.0,,,,,,,1.0,,,0,134.0,,2.0,,,,,,,,39.0,,,,,,,
4.0,0.0,,,,,PLAYOFFS,,,,,,,,Omari Pinnock,,,,,,,,,,,,,,,0.0,,,,2.0,,,,2.0,,,,,,,,0.0,,,,,,,40.0,0.2,,,,0.0,,P101267_DT,DT,,,,3.0,,,1.0,,,,,0,,,,,,2.0,,,,,1.0,,,,0,70.0,5.0,,9.0,,,2.0,,,,39.0,,,,,,,
3.0,0.0,,,,,PLAYOFFS,,,,,,,,Merle Brinkley,,,,,,,,,,,,,,,0.0,,,,2.0,,,,4.0,,,,,,,,0.0,,,,,,,44.0,0.19,,,,1.0,,KC_DT_02,DT,,,,5.0,,,1.0,,,,,0,,,,,,5.0,,,,,0.0,,,,0,77.0,1.0,,4.0,,,0.0,,,,39.0,,,,,,,
,,,,,,PLAYOFFS,,,,68.0,,,,Elias Neasman,,,,,,,,,,,,,,,,1.0,,,2.0,,,,,,,,0.0,,,,1.0,,,,,,1.0,,,,,214.3,0.0,,P101266_CB,CB,,,,,,,,,7.0,,,0,,,,,,1.0,,,,,,,,,0,88.0,7.0,,11.0,10.0,1.0,,,,,39.0,,,,,66.0,,1.96
,,1.0,,,23.0,PLAYOFFS,20.0,,,,3.0,1.0,,Palmer Valdejuli,,2.0,,,,,,,,,,,,10.0,,,0.0,0.0,1.0,,,,,,,,2.0,,,,,,,30.0,,,,,,0.0,179.0,,,8.0,P101208_QB,QB,7.0,2.0,16.0,,,,,,,,,0,,,,,,,5.0,,16.0,29.0,,,4.0,4.0,0,64.0,,1.0,,,,,1.0,,2.0,19.0,,,,,,,
,,,,0.0,,PLAYOFFS,,0.0,5.0,,,,3.0,Riordan Sidibe,7.0,,2.0,,,,,,,,,,,10.0,,,1.0,,1.0,,,,,,,,,,,,,1.0,,,,5.0,,,,,,,,,P100371_RB,RB,,,,,0.0,,,20.0,,,179.0,0,,12.0,,3.0,,,25.0,0.0,78.0,,,,,,0,35.0,,,,30.0,,,,,,19.0,,,76.0,45.0,,33.0,
,,,,,,PLAYOFFS,,1.0,5.0,,,,1.0,Caleb Woolfolk,0.0,,,,,,,,,,,,,3.0,,,,,1.0,,,,,,,,,,,,,2.0,,,,,,,,,,,,,P101125_WR,WR,,,,,,,,6.0,,,56.0,0,,42.0,,14.0,,,,,,,,,,,0,49.0,,,,10.0,,,,,,19.0,,,29.0,,,,
,,,,,,PLAYOFFS,,1.0,1.0,,,,2.0,Deshaun Landry,0.0,,,,,,,,,,,,,2.0,,,,,1.0,,,,,,,,,,,,,0.0,,,,,,,,,,,,,P100643_WR,WR,,,,,,,,4.0,,,44.0,0,,39.0,,13.0,,,,,,,,,,,0,46.0,,,,8.0,,,,,,19.0,,,22.0,,,,
,,,,,,PLAYOFFS,,0.0,1.0,,,,1.0,Tanner Guilford,0.0,,,,,,,,,,,,,1.0,,,,,1.0,,,,,,,,,,,,,1.0,,,,,,,,,,,,,BAL_WR_04,WR,,,,,,,,3.0,,,30.0,0,,37.0,,13.0,,,,,,,,,,,0,44.0,,,,5.0,,,,,,19.0,,,12.0,,,,
,,,,,,PLAYOFFS,,0.0,0.0,,,,0.0,Corbin Yoshida,1.0,,,,,,,,,,,,,0.0,,,,,1.0,,,,,,,,,,,,,2.0,,,,,,,,,,,,,P101246_WR,WR,,,,,,,,1.0,,,13.0,0,,35.0,,12.0,,,,,,,,,,,0,41.0,,,,2.0,,,,,,19.0,,,4.0,,,,
,,,,,,PLAYOFFS,,1.0,2.0,,,,0.0,Finley Devereaux,0.0,,,,,,,,,,,,,1.0,,,,,1.0,,,,,,,,,,,,,1.0,,,,,,,,,,,,,P101476_TE,TE,,,,,,,,3.0,,,34.0,0,,31.0,,11.0,,,,,,,,,,,0,37.0,,,,6.0,,,,,,19.0,,,15.0,,,,
,,,,,,PLAYOFFS,,,,,,,,Zamir Casillas,,,,,,,,,,,,,,,,,,,1.0,,,0.0,,2.0,,,,,,,,,,,84.3,35.0,,,,,,,0.0,,P100242_OT,OT,,,,,3.0,,,,,,,0,,,4.0,29.0,14.0,,,,,,,1.0,,,0,64.0,,1.0,,,,,,,,19.0,,,,,,,
,,,,,,PLAYOFFS,,,,,,,,Terrance Mortenson,,,,,,,,,,,,,,,,,,,1.0,,,0.0,,1.0,,,,,,,,,,,97.4,38.0,,,,,,,0.0,,P100241_OT,OT,,,,,1.0,,,,,,,0,,,1.0,30.0,12.0,,,,,,,0.0,,,0,68.0,,1.0,,,,,,,,19.0,,,,,,,
,,,,,,PLAYOFFS,,,,,,,,Emeka Rudolph,,,,,,,,,,,,,,,,,,,1.0,,,2.0,,2.0,,,,,,,,,,,73.8,42.0,,,,,,,0.0,,P100870_OG,OG,,,,,6.0,,,,,,,0,,,4.0,34.0,15.0,,,,,,,2.0,,,0,76.0,,1.0,,,,,,,,19.0,,,,,,,
,,,,,,PLAYOFFS,,,,,,,,Dashawn Beauchamp,,,,,,,,,,,,,,,,,,,1.0,,,0.0,,0.0,,,,,,,,,,,100.0,38.0,,,,,,,2.0,,CIN_C_02,C,,,,,0.0,,,,,,,0,,,0.0,30.0,14.0,,,,,,,0.0,,,0,68.0,,1.0,,,,,,,,19.0,,,,,,,
2.0,0.0,,,,,PLAYOFFS,,,,,,,,Chevy Marsalis,,,,,,,,,,,,,,,0.0,,,,1.0,,,,0.0,,,,,,,,0.0,,,,,,,27.0,0.22,,,,0.0,,BAL_EDGE_01,EDGE,,,,2.0,,,1.0,,,,,0,,,,,,2.0,,,,,4.0,,,,0,47.0,3.0,,5.0,,,0.0,,,,19.0,,,,,,,
2.0,0.0,,,,,PLAYOFFS,,,,,,,,Quincy Philbeck,,,,,,,,,,,,,,,0.0,,,,1.0,,,,2.0,,,,,,,,0.0,,,,,,,28.0,0.14,,,,0.0,,P100314_EDGE,EDGE,,,,3.0,,,0.0,,,,,0,,,,,,2.0,,,,,1.0,,,,0,50.0,2.0,,4.0,,,0.0,,,,19.0,,,,,,,
1.0,0.0,,,,,PLAYOFFS,,,,,,,,Kaiden Hemsley,,,,,,,,,,,,,,,0.0,,,,1.0,,,,0.0,,,,,,,,1.0,,,,,,,22.0,0.14,,,,0.0,,P100480_EDGE,EDGE,,,,0.0,,,0.0,,,,,0,,,,,,1.0,,,,,0.0,,,,0,39.0,1.0,,2.0,,,1.0,,,,19.0,,,,,,,
1.0,1.0,,,,,PLAYOFFS,,,,,,,,Paxton Quinones,,,,,,,,,,,,,,,0.0,,,,1.0,,,,0.0,,,,,,,,0.0,,,,,,,18.0,0.19,,,,0.0,,P100311_DT,DT,,,,1.0,,,0.0,,,,,0,,,,,,3.0,,,,,1.0,,,,0,32.0,1.0,,2.0,,,0.0,,,,19.0,,,,,,,
1.0,0.0,,,,,PLAYOFFS,,,,,,,,Reeves Quigley,,,,,,,,,,,,,,,0.0,,,,1.0,,,,1.0,,,,,,,,0.0,,,,,,,19.0,0.16,,,,0.0,,BAL_DT_03,DT,,,,3.0,,,1.0,,,,,1,,,,,,2.0,,,,,1.0,,,,0,34.0,0.0,,1.0,,,0.0,,,,19.0,,,,,,,
1.0,0.0,,,,,PLAYOFFS,,,,,,,,Ulises Arnett,,,,,,,,,,,,,,,0.0,,,,1.0,,,,1.0,,,,,,,,0.0,,,,,,,23.0,0.16,,,,0.0,,P100938_DT,DT,,,,1.0,,,0.0,,,,,0,,,,,,1.0,,,,,0.0,,,,0,40.0,1.0,,2.0,,,0.0,,,,19.0,,,,,,,
,,,7.0,,,PLAYOFFS,,,,38.0,,,,Kamden Hartline,,,,,,,,,,,,,,,,0.0,,,1.0,,,,,,,,0.0,,,,0.0,,,,,,0.0,,,,,108.3,0.0,,WAS_LB_04,LB,,,,0.0,,,,,4.0,,,0,,,,,,1.0,,,,,0.0,,,,0,49.0,1.0,,2.0,4.0,0.0,0.0,,,,19.0,,,,,40.0,,1.05
,,,9.0,,,PLAYOFFS,,,,39.0,,,,Draven Polamalu,,,,,,,,,,,,,,,,0.0,,,1.0,,,,,,,,0.0,,,,2.0,,,,,,0.0,,,,,118.3,1.0,,ATL_LB_07,LB,,,,3.0,,,,,5.0,,,0,,,,,,1.0,,,,,1.0,,,,0,51.0,3.0,,5.0,5.0,0.0,0.0,,,,19.0,,,,,62.0,,1.59
,,,,,,PLAYOFFS,,,,37.0,,,,Joaquin Calloway,,,,,,,,,,,,,,,,1.0,,,1.0,,,,,,,,0.0,,,,1.0,,,,,,0.0,,,,,92.5,1.0,,P100514_CB,CB,,,,,,,,,2.0,,,0,,,,,,0.0,,,,,,,,,0,48.0,2.0,,4.0,5.0,1.0,,,,,19.0,,,,,21.0,,0.57
,,,,,,PLAYOFFS,,,,36.0,,,,Fenwick Sokolowski,,,,,,,,,,,,,,,,0.0,,,1.0,,,,,,,,0.0,,,,0.0,,,,,,0.0,,,,,91.7,0.0,,P100751_CB,CB,,,,,,,,,3.0,,,1,,,,,,0.0,,,,,,,,,0,47.0,0.0,,1.0,3.0,0.0,,,,,19.0,,,,,18.0,,0.5
,,,,,,PLAYOFFS,,,,42.0,,,,Thelonious Mundy,,,,,,,,,,,,,,,,0.0,,,1.0,,,,,,,,0.0,,,,0.0,,,,,,0.0,,,,,80.2,0.0,,P101414_CB,CB,,,,,,,,,2.0,,,0,,,,,,1.0,,,,,,,,,0,54.0,1.0,,2.0,4.0,0.0,,,,,19.0,,,,,35.0,,0.83
,,,,,,PLAYOFFS,,,,42.0,,,,Nathanial Malbrough,,,,,,,,,,,,,,,,0.0,,,1.0,,,,,,,,0.0,,,,0.0,,,,,,0.0,,,,,81.2,1.0,,JAX_S_02,S,,,,,,,,,3.0,,,1,,,,,,1.0,,,,,,,,,0,54.0,3.0,,5.0,4.0,0.0,,,,,19.0,,,,,16.0,,0.38
,,,,,,PLAYOFFS,,,,35.0,,,,Lars Howze,,,,,,,,,,,,,,,,0.0,,,1.0,,,,,,,,0.0,,,,0.0,,,,,,0.0,,,,,118.8,1.0,,P100198_S,S,,,,,,,,,3.0,,,0,,,,,,0.0,,,,,,,,,0,46.0,1.0,,2.0,4.0,1.0,,,,,19.0,,,,,14.0,,0.4
,,,,,,PLAYOFFS,,,,42.0,,,,Weston Moorhead,,,,,,,,,,,,,,,,1.0,,,1.0,,,,,,,,0.0,,,,0.0,,,,,,1.0,,,,,118.8,0.0,,LAR_S_05,S,,,,,,,,,4.0,,,0,,,,,,2.0,,,,,,,,,0,55.0,0.0,,0.0,4.0,0.0,,,,,19.0,,,,,64.0,,1.52
,,,,,,PLAYOFFS,,,,,,,,Rigby Brockman,,,,,,,,,,,,,,,,,,,1.0,335.0,,,,,2.0,3.0,,,43.0,,,,295.0,,,,,,,,,,,,WAS_P_02,P,,,,,,7.0,,,,,,0,40.0,,,,,,,,,,,,,,0,5.0,,,,,,,,2.0,,19.0,,,,,,,
,,,,,,PLAYOFFS,,1.0,1.0,,,,0.0,Lars Estrada,0.0,,,,,,,,,,,,,0.0,,,,,1.0,,,,,,,,,,,,,1.0,,,,,,,,,,,,,CAR_TE_04,TE,,,,,,,,1.0,,,14.0,0,,34.0,,12.0,,,,,,,,,,,0,40.0,,,,1.0,,,,,,19.0,,,7.0,,,,
,,,,,,PLAYOFFS,,,,,,,,Quade McCourty,,,,,,,,,,,,,,,,,,,1.0,,,0.0,,0.0,,,,,,,,,,,100.0,35.0,,,,,,,1.0,,P100143_OT,OT,,,,,0.0,,,,,,,0,,,3.0,29.0,13.0,,,,,,,0.0,,,0,64.0,,1.0,,,,,,,,19.0,,,,,,,
,,,,,,PLAYOFFS,,,,,,,,Marlon Dashiell,,,,,,,,,,,,,,,,,,,1.0,,,0.0,,2.0,,,,,,,,,,,93.9,33.0,,,,,,,0.0,,P101261_OG,OG,,,,,2.0,,,,,,,0,,,1.0,27.0,13.0,,,,,,,0.0,,,0,60.0,,1.0,,,,,,,,19.0,,,,,,,
2.0,1.0,,,,,PLAYOFFS,,,,,,,,Fritz Zenner,,,,,,,,,,,,,,,0.0,,,,1.0,,,,1.0,,,,,,,,2.0,,,,,,,19.0,0.14,,,,0.0,,P100091_DT,DT,,,,2.0,,,1.0,,,,,0,,,,,,2.0,,,,,0.0,,,,0,33.0,3.0,,5.0,,,1.0,,,,19.0,,,,,,,
,,,,,,PLAYOFFS,,,,40.0,,,,Damarion Sanjuan,,,,,,,,,,,,,,,,1.0,,,1.0,,,,,,,,0.0,,,,0.0,,,,,,1.0,,,,,39.6,0.0,,P100703_CB,CB,,,,,,,,,0.0,,,0,,,,,,0.0,,,,,,,,,0,52.0,4.0,,6.0,0.0,0.0,,,,,19.0,,,,,0.0,,0.0
,,,,,,PLAYOFFS,,4.0,7.0,,,,1.0,Renard Tabaracci,2.0,,,,,,,,,,,,,8.0,,,,,3.0,,,,,,,,,,,,,3.0,,,,,,,,,,,,,P101433_WR,WR,,,,,,,,17.0,,2.0,185.0,0,,115.0,,40.0,,,,,,,,,,,0,135.0,,,,30.0,,,,,,60.0,,,96.0,,,,
,,,,,,PLAYOFFS,,0.0,1.0,,,,2.0,Jordy Coggins,0.0,,,,,,,,,,,,,3.0,,,,,3.0,,,,,,,,,,,,,1.0,,,,,,,,,,,,,NYJ_WR_04,WR,,,,,,,,8.0,,,98.0,0,,111.0,,38.0,,,,,,,,,,,0,132.0,,,,16.0,,,,,,60.0,,,50.0,,,,
,,,,,,PLAYOFFS,,1.0,1.0,,,,1.0,Benoit Gresham,1.0,,,,,,,,,,,,,0.0,,,,,3.0,,,,,,,,,,,,,1.0,,,,,,,,,,,,,TB_WR_07,WR,,,,,,,,2.0,,,42.0,1,,120.0,,41.0,,,,,,,,,,,0,141.0,,,,6.0,,,,,,60.0,,,13.0,,,,
,,,,,,PLAYOFFS,,,,,,,,Warner Yeboah,,,,,,,,,,,,,,,,,,,3.0,,,3.0,,3.0,,,,,,,,,,,248.4,107.0,,,,,,,5.0,,P100361_OT,OT,,,,,8.0,,,,,,,0,,,7.0,85.0,38.0,,,,,,,4.0,,,0,192.0,,3.0,,,,,,,,60.0,,,,,,,
,,,,,,PLAYOFFS,,,,,,,,Beckham Finnegan,,,,,,,,,,,,,,,,,,,3.0,,,1.0,,2.0,,,,,,,,,,,282.0,108.0,,,,,,,2.0,,CHI_OT_04,OT,,,,,4.0,,,,,,,0,,,6.0,88.0,40.0,,,,,,,1.0,,,0,196.0,,3.0,,,,,,,,60.0,,,,,,,
,,,,,,PLAYOFFS,,,,,,,,Sherman Wattenberg,,,,,,,,,,,,,,,,,,,3.0,,,1.0,,1.0,,,,,,,,,,,284.3,109.0,,,,,,,1.0,,DAL_C_02,C,,,,,3.0,,,,,,,0,,,10.0,89.0,35.0,,,,,,,1.0,,,0,198.0,,3.0,,,,,,,,60.0,,,,,,,
,,,,,,PLAYOFFS,,,,113.0,,,,Bexley Wolfington,,,,,,,,,,,,,,,,2.0,,,3.0,,,,,,,,0.0,,,,4.0,,,,,,0.0,,,,,324.0,3.0,,DAL_CB_08,CB,,,,,,,,,15.0,,,0,,,,,,3.0,,,,,,,,,0,147.0,7.0,,13.0,21.0,1.0,,,,,60.0,,,,,180.0,,4.71
,,,,,,PLAYOFFS,,,,124.0,,,,Warner Bergeron,,,,,,,,,,,,,,,,1.0,,,3.0,,,,,,,,0.0,,,,1.0,,,,,,1.0,,,,,309.7,0.0,,P100798_CB,CB,,,,,,,,,7.0,,,0,,,,,,2.0,,,,,,,,,0,161.0,10.0,,16.0,10.0,1.0,,,,,60.0,,,,,85.0,,2.04
,,,,,,PLAYOFFS,,,,113.0,,,,Morgan Rivenbark,,,,,,,,,,,,,,,,0.0,,,3.0,,,,,,,,0.0,,,,1.0,,,,,,0.0,,,,,299.4,1.0,,P101462_CB,CB,,,,,,,,,8.0,,,0,,,,,,2.0,,,,,,,,,0,146.0,3.0,,6.0,13.0,1.0,,,,,60.0,,,,,86.0,,2.3
,,,,,,PLAYOFFS,,,,113.0,,,,Rufus Pflueger,,,,,,,,,,,,,,,,7.0,,,3.0,,,,,,,,0.0,,,,1.0,,,,,,3.0,,,,,200.0,0.0,,P101024_S,S,,,,,,,,,2.0,,,0,,,,,,1.0,,,,,,,,,0,146.0,6.0,,10.0,4.0,0.0,,,,,60.0,,,,,39.0,,1.03
,,,,,,PLAYOFFS,,,,116.0,,,,Axel Quarterman,,,,,,,,,,,,,,,,1.0,,,3.0,,,,,,,,1.0,,,,3.0,,,,,,1.0,,,,,234.3,1.0,,P100109_S,S,,,,,,,,,9.0,,,0,,,,,,1.0,,,,,,,,,0,150.0,9.0,,15.0,16.0,1.0,,,,,60.0,,,,,94.0,,2.43
,,,,,,PLAYOFFS,,,,135.0,,,,Renard Dargan,,,,,,,,,,,,,,,,1.0,,,3.0,,,,,,,,0.0,,,,0.0,,,,,,0.0,,,,,264.2,1.0,,ARI_S_05,S,,,,,,,,,8.0,,,0,,,,,,1.0,,,,,,,,,0,175.0,9.0,,15.0,11.0,0.0,,,,,60.0,,,,,75.0,,1.64
,,,,,,PLAYOFFS,,,,,,,,Benoit Partridge,,,,,,,,,,,,,,,,,,,3.0,660.0,,,,,2.0,4.0,,,165.0,,,,588.0,,,,,,,,,,,,JAX_P_01,P,,,,,,14.0,,,,,,0,72.0,,,,,,,,,,,,,,0,15.0,,,,,,,,1.0,,60.0,,,,,,,
,,,11.0,,,PLAYOFFS,,,,42.0,,,,Lyle Mayfield,,,,,,,,,,,,,,,,0.0,,,1.0,,,,,,,,0.0,,,,0.0,,,,,,0.0,,,,,39.6,1.0,,NE_LB_04,LB,,,,1.0,,,,,0.0,,,1,,,,,,1.0,,,,,0.0,,,,0,54.0,7.0,,10.0,2.0,0.0,1.0,,,,20.0,,,,,0.0,,0.0
,,,,1.0,,PLAYOFFS,,3.0,8.0,,,,9.0,Cato Taliaferro,4.0,,4.0,,,,,,,,,,,12.0,,,0.0,,4.0,,,,,,,,,,,,,1.0,,,,24.0,,,,,,,,,P101086_RB,RB,,,,,1.0,,,27.0,,,342.0,0,,28.0,,7.0,,,35.0,,149.0,,,,,,0,85.0,,,,43.0,,,,,,82.0,,,175.0,73.0,,76.0,
,,,,,,PLAYOFFS,,,,,,,,Joaquin Drayton,,,,,,,,,,,,,,,,,,,4.0,,,2.0,,1.0,,,,,,,,,,,382.1,149.0,,,,,,,3.0,,NO_OT_02,OT,,,,,4.0,,,,,,,0,,,10.0,121.0,52.0,,,,,,,1.0,,,0,270.0,,4.0,,,,,,,,82.0,,,,,,,
,,,,,,PLAYOFFS,,,,,,,,Ryland Alderman,,,,,,,,,,,,,,,,,,,4.0,,,2.0,,2.0,,,,,,,,,,,388.0,137.0,,,,,,,2.0,,CHI_OT_02,OT,,,,,4.0,,,,,,,0,,,6.0,112.0,60.0,,,,,,,0.0,,,0,249.0,,4.0,,,,,,,,82.0,,,,,,,
,,,,,,PLAYOFFS,,,,,,,,Colton Buckner,,,,,,,,,,,,,,,,,,,4.0,,,1.0,,9.0,,,,,,,,,,,372.3,140.0,,,,,,,2.0,,NO_OG_02,OG,,,,,10.0,,,,,,,0,,,9.0,115.0,56.0,,,,,,,0.0,,,0,255.0,,4.0,,,,,,,,82.0,,,,,,,
6.0,2.0,,,,,PLAYOFFS,,,,,,,,Efrain Jeffcoat,,,,,,,,,,,,,,,0.0,,,,4.0,,,,8.0,,,,,,,,2.0,,,,,,,105.0,0.59,,,,1.0,,NE_EDGE_01,EDGE,,,,10.0,,,2.0,,,,,0,,,,,,8.0,,,,,0.0,,,,0,184.0,7.0,,13.0,,,2.0,,,,82.0,,,,,,,
7.0,0.0,,,,,PLAYOFFS,,,,,,,,Armand Torrence,,,,,,,,,,,,,,,1.0,,,,4.0,,,,3.0,,,,,,,,0.0,,,,,,,99.0,0.58,,,,1.0,,NYG_EDGE_05,EDGE,,,,8.0,,,4.0,,,,,0,,,,,,8.0,,,,,1.0,,,,0,175.0,6.0,,13.0,,,3.0,,,,82.0,,,,,,,
,,,27.0,,,PLAYOFFS,,,,150.0,,,,Mekai Piscopo,,,,,,,,,,,,,,,,1.0,,,4.0,,,,,,,,0.0,,,,1.0,,,,,,1.0,,,,,292.4,3.0,,P100015_LB,LB,,,,4.0,,,,,6.0,,,0,,,,,,1.0,,,,,1.0,,,,0,194.0,14.0,,22.0,10.0,0.0,2.0,,,,82.0,,,,,46.0,,1.21
,,,,,,PLAYOFFS,,,,163.0,,,,Barrett Wiggington,,,,,,,,,,,,,,,,4.0,,,4.0,,,,,,,,0.0,,,,1.0,,,,,,4.0,,,,,338.9,1.0,,P100075_S,S,,,,,,,,,6.0,,,0,,,,,,2.0,,,,,,,,,0,212.0,8.0,,13.0,10.0,1.0,,,,,82.0,,,,,92.0,,2.4
,,,,,,PLAYOFFS,,,,165.0,,,,Woodrow Monfort,,,,,,,,,,,,,,,,0.0,,,4.0,,,,,,,,0.0,,,,2.0,,,,,,0.0,,,,,357.6,0.0,,P100178_S,S,,,,,,,,,14.0,,,0,,,,,,1.0,,,,,,,,,0,214.0,12.0,,18.0,22.0,0.0,,,,,82.0,,,,,166.0,,4.02
,,,,,,PLAYOFFS,,,,155.0,,,,Saul Dombrowski,,,,,,,,,,,,,,,,2.0,,,4.0,,,,,,,,0.0,,,,0.0,,,,,,1.0,,,,,355.8,2.0,,P101303_S,S,,,,,,,,,7.0,,,0,,,,,,5.0,,,,,,,,,0,202.0,9.0,,16.0,14.0,2.0,,,,,82.0,,,,,67.0,,1.77
,,1.0,,,21.0,PLAYOFFS,18.0,,,,3.0,2.0,,Redmond Barsotti,,1.0,,,,,,,,,,,,9.0,,,0.0,0.0,1.0,,,,,,,,1.0,,,,,,,28.0,,,,,,2.0,218.0,,,6.0,PIT_QB_02,QB,7.0,3.0,27.0,,,,,,,,,1,,,,,,,4.0,,22.0,19.0,,,2.0,1.0,0,68.0,,1.0,,,,,2.0,,2.0,19.0,,,,,,,
,,,,,,PLAYOFFS,,1.0,1.0,,,,0.0,Alden Hemsley,1.0,,,,,,,,,,,,,1.0,,,,,1.0,,,,,,,,,,,,,0.0,,,,,,,,,,,,,P100160_WR,WR,,,,,,,,2.0,,,34.0,0,,40.0,,14.0,,,,,,,,,,,0,47.0,,,,5.0,,,,,,19.0,,,16.0,,,,
,,,,,,PLAYOFFS,,,,,,,,Blaze Joplin,,,,,,,,,,,,,,,,,,,1.0,,,0.0,,3.0,,,,,,,,,,,91.2,34.0,,,,,,,0.0,,P100323_OT,OT,,,,,3.0,,,,,,,0,,,4.0,28.0,9.0,,,,,,,0.0,,,0,62.0,,1.0,,,,,,,,19.0,,,,,,,
,,,,,,PLAYOFFS,,,,,,,,Jamir Tolbert,,,,,,,,,,,,,,,,,,,1.0,,,0.0,,1.0,,,,,,,,,,,97.1,35.0,,,,,,,1.0,,DEN_C_03,C,,,,,1.0,,,,,,,0,,,4.0,29.0,13.0,,,,,,,0.0,,,0,64.0,,1.0,,,,,,,,19.0,,,,,,,
0.0,0.0,,,,,PLAYOFFS,,,,,,,,Joaquin Camarillo,,,,,,,,,,,,,,,1.0,,,,1.0,,,,2.0,,,,,,,,0.0,,,,,,,28.0,0.19,,,,0.0,,P101323_EDGE,EDGE,,,,2.0,,,0.0,,,,,0,,,,,,3.0,,,,,0.0,,,,0,50.0,0.0,,0.0,,,0.0,,,,19.0,,,,,,,
1.0,0.0,,,,,PLAYOFFS,,,,,,,,Sergio Santoro,,,,,,,,,,,,,,,0.0,,,,1.0,,,,1.0,,,,,,,,0.0,,,,,,,22.0,0.18,,,,0.0,,P100318_DT,DT,,,,2.0,,,1.0,,,,,0,,,,,,3.0,,,,,0.0,,,,0,38.0,1.0,,2.0,,,0.0,,,,19.0,,,,,,,
,,,6.0,,,PLAYOFFS,,,,35.0,,,,Kenyon Mayfield,,,,,,,,,,,,,,,,0.0,,,1.0,,,,,,,,1.0,,,,0.0,,,,,,0.0,,,,,118.8,1.0,,P101291_LB,LB,,,,1.0,,,,,4.0,,,0,,,,,,2.0,,,,,0.0,,,,0,45.0,4.0,,6.0,5.0,1.0,1.0,,,,19.0,,,,,66.0,,1.89
,,,,,,PLAYOFFS,,,,38.0,,,,Randall Colwell,,,,,,,,,,,,,,,,0.0,,,1.0,,,,,,,,0.0,,,,0.0,,,,,,0.0,,,,,39.6,0.0,,GB_CB_01,CB,,,,,,,,,1.0,,,0,,,,,,1.0,,,,,,,,,0,49.0,3.0,,5.0,5.0,0.0,,,,,19.0,,,,,0.0,,0.0
,,,,,,PLAYOFFS,,,,35.0,,,,Cullen Snodgrass,,,,,,,,,,,,,,,,1.0,,,1.0,,,,,,,,0.0,,,,0.0,,,,,,0.0,,,,,140.6,2.0,,P100918_CB,CB,,,,,,,,,3.0,,,0,,,,,,0.0,,,,,,,,,0,46.0,1.0,,2.0,4.0,2.0,,,,,19.0,,,,,35.0,,1.0
,,,,,,PLAYOFFS,,,,42.0,,,,Warrick Ansley,,,,,,,,,,,,,,,,1.0,,,1.0,,,,,,,,0.0,,,,0.0,,,,,,0.0,,,,,62.5,1.0,,DET_S_05,S,,,,,,,,,3.0,,,0,,,,,,3.0,,,,,,,,,0,55.0,4.0,,6.0,6.0,0.0,,,,,19.0,,,,,27.0,,0.64
3.0,0.0,,,,,PLAYOFFS,,,,,,,,Chandler Wentworth,,,,,,,,,,,,,,,0.0,,,,2.0,,,,2.0,,,,,,,,0.0,,,,,,,48.0,0.17,,,,2.0,,ARI_DT_03,DT,,,,2.0,,,0.0,,,,,0,,,,,,1.0,,,,,0.0,,,,0,85.0,2.0,,5.0,,,0.0,,,,39.0,,,,,,,
,,,23.0,,,PLAYOFFS,,,,80.0,,,,Rigby Zenner,,,,,,,,,,,,,,,,0.0,,,2.0,,,,,,,,0.0,,,,1.0,,,,,,0.0,,,,,144.5,1.0,,P101392_LB,LB,,,,1.0,,,,,3.0,,,0,,,,,,3.0,,,,,1.0,,,,0,104.0,7.0,,12.0,7.0,1.0,1.0,,,,39.0,,,,,22.0,,0.55
,,,12.0,,,PLAYOFFS,,,,73.0,,,,Jesse Ochoa,,,,,,,,,,,,,,,,0.0,,,2.0,,,,,,,,0.0,,,,1.0,,,,,,0.0,,,,,205.3,2.0,,P101411_LB,LB,,,,1.0,,,,,5.0,,,0,,,,,,1.0,,,,,0.0,,,,0,95.0,7.0,,11.0,7.0,0.0,0.0,,,,39.0,,,,,83.0,,2.28
,,,,,,PLAYOFFS,,,,71.0,,,,Riordan Hooker,,,,,,,,,,,,,,,,0.0,,,2.0,,,,,,,,1.0,,,,1.0,,,,,,0.0,,,,,95.2,1.0,,LV_CB_07,CB,,,,,,,,,3.0,,,0,,,,,,2.0,,,,,,,,,0,92.0,6.0,,10.0,9.0,0.0,,,,,39.0,,,,,65.0,,1.78
,,0.0,,,18.0,PLAYOFFS,21.0,,,,3.0,2.0,,Miles Gathers,,2.0,,,,,,,,,,,,10.0,,,0.0,0.0,1.0,,,,,,,,0.0,,,,,,,32.0,,,,,,1.0,282.0,,,6.0,TB_QB_02,QB,14.0,3.0,25.0,,,,,,,,,0,,,,,,,2.0,,1.0,0.0,,,0.0,1.0,0,67.0,,1.0,,,,,3.0,,3.0,19.0,,,,,,,
,,,,3.0,,PLAYOFFS,,1.0,2.0,,,,2.0,Sylas Cadwell,0.0,,2.0,,,,,,,,,,,8.0,,,0.0,,1.0,,,,,,,,,,,,,1.0,,,,6.0,,,,,,,,,P101233_RB,RB,,,,,0.0,,,14.0,,,188.0,0,,13.0,,3.0,,,18.0,0.0,86.0,,,,,,0,38.0,,,,21.0,,,,,,19.0,,,84.0,43.0,,43.0,
,,,,1.0,,PLAYOFFS,,2.0,2.0,,,,0.0,Wolfgang Wisniewski,0.0,,1.0,,,,,,,,,,,3.0,,,0.0,,1.0,,,,,,,,,,,,,0.0,,,,6.0,,,,,,,,,P101350_RB,RB,,,,,0.0,,,7.0,,,94.0,0,,6.0,,1.0,,,9.0,,43.0,,,,,,0,19.0,,,,10.0,,,,,,19.0,,,37.0,18.0,,25.0,
,,,,,,PLAYOFFS,,0.0,0.0,,,,0.0,Ferris Birchfield,0.0,,,,,,,,,,,,,0.0,,,,,1.0,,,,,,,,,,,,,0.0,,,,,,,,,,,,,P101023_WR,WR,,,,,,,,1.0,,,19.0,0,,36.0,,12.0,,,,,,,,,,,0,42.0,,,,2.0,,,,,,19.0,,,7.0,,,,
,,,,,,PLAYOFFS,,0.0,2.0,,,,1.0,Silas Lavender,1.0,,,,,,,,,,,,,1.0,,,,,1.0,,,,,,,,,,,,,0.0,,,,,,,,,,,,,NE_TE_03,TE,,,,,,,,3.0,,,51.0,0,,27.0,,9.0,,,,,,,,,,,0,32.0,,,,6.0,,,,,,19.0,,,15.0,,,,
,,,,,,PLAYOFFS,,1.0,1.0,,,,0.0,Lawson McGlinchey,0.0,,,,,,,,,,,,,0.0,,,,,1.0,,,,,,,,,,,,,1.0,,,,,,,,,,,,,P101009_TE,TE,,,,,,,,1.0,,,16.0,0,,36.0,,12.0,,,,,,,,,,,0,42.0,,,,2.0,,,,,,19.0,,,7.0,,,,
,,,,,,PLAYOFFS,,,,,,,,Weston Ferrante,,,,,,,,,,,,,,,,,,,1.0,,,1.0,,1.0,,,,,,,,,,,94.6,37.0,,,,,,,3.0,,MIA_OT_04,OT,,,,,2.0,,,,,,,0,,,3.0,30.0,10.0,,,,,,,0.0,,,0,67.0,,1.0,,,,,,,,19.0,,,,,,,
,,,,,,PLAYOFFS,,,,,,,,Lachlan Hubbard,,,,,,,,,,,,,,,,,,,1.0,,,0.0,,2.0,,,,,,,,,,,94.3,35.0,,,,,,,2.0,,SF_OT_03,OT,,,,,2.0,,,,,,,0,,,4.0,28.0,12.0,,,,,,,0.0,,,0,63.0,,1.0,,,,,,,,19.0,,,,,,,
,,,,,,PLAYOFFS,,,,,,,,Miles Ingold,,,,,,,,,,,,,,,,,,,1.0,,,0.0,,1.0,,,,,,,,,,,97.1,34.0,,,,,,,1.0,,P100713_OG,OG,,,,,1.0,,,,,,,0,,,5.0,27.0,9.0,,,,,,,0.0,,,0,61.0,,1.0,,,,,,,,19.0,,,,,,,
,,,,,,PLAYOFFS,,,,,,,,Pierson Girardi,,,,,,,,,,,,,,,,,,,1.0,,,0.0,,1.0,,,,,,,,,,,97.1,35.0,,,,,,,0.0,,P100394_C,C,,,,,1.0,,,,,,,0,,,3.0,28.0,7.0,,,,,,,0.0,,,0,63.0,,1.0,,,,,,,,19.0,,,,,,,
1.0,0.0,,,,,PLAYOFFS,,,,,,,,Tomas Wallenstein,,,,,,,,,,,,,,,1.0,,,,1.0,,,,1.0,,,,,,,,0.0,,,,,,,24.0,0.11,,,,0.0,,P101060_DT,DT,,,,2.0,,,0.0,,,,,0,,,,,,0.0,,,,,1.0,,,,0,42.0,1.0,,2.0,,,0.0,,,,19.0,,,,,,,
,,,6.0,,,PLAYOFFS,,,,35.0,,,,Cormac Wisniewski,,,,,,,,,,,,,,,,1.0,,,1.0,,,,,,,,1.0,,,,0.0,,,,,,0.0,,,,,63.9,0.0,,MIN_LB_08,LB,,,,0.0,,,,,2.0,,,0,,,,,,1.0,,,,,0.0,,,,0,46.0,3.0,,5.0,3.0,0.0,0.0,,,,19.0,,,,,33.0,,0.94
,,,,,,PLAYOFFS,,,,35.0,,,,Paxton Thistlewood,,,,,,,,,,,,,,,,0.0,,,1.0,,,,,,,,0.0,,,,0.0,,,,,,0.0,,,,,95.8,0.0,,MIN_CB_03,CB,,,,,,,,,2.0,,,0,,,,,,0.0,,,,,,,,,0,45.0,2.0,,3.0,4.0,1.0,,,,,19.0,,,,,7.0,,0.2
,,,,,,PLAYOFFS,,,,,,,,Zephyr Sanborn,,,,1.0,0.0,1.0,1.0,0.0,1.0,0.0,1.0,0.0,0.0,,,,,,1.0,,0.0,,,,,,,4.0,,32.0,,,,,,,,,,,,,,,P101053_K,K,,,,,,,,,,,,0,,,,,,,,,,,,,,,0,6.0,,,,,,,,2.0,,19.0,3.0,3.0,,,,,
,,,,1.0,,PLAYOFFS,,3.0,3.0,,,,3.0,Derrick Sylvester,2.0,,2.0,,,,,,,,,,,6.0,,,0.0,,2.0,,,,,,,,,,,,,0.0,,,,12.0,,,,,,,,,P100931_RB,RB,,,,,1.0,,,15.0,,,189.0,0,,12.0,,3.0,,,18.0,,55.0,,,,,,0,38.0,,,,22.0,,,,,,39.0,,,89.0,9.0,,50.0,
,,,,,,PLAYOFFS,,1.0,4.0,,,,2.0,Seamus Santoro,1.0,,,,,,,,,,,,,5.0,,,,,2.0,,,,,,,,,,,,,1.0,,,,,,,,,,,,,P100708_WR,WR,,,,,,,,10.0,,,132.0,0,,73.0,,25.0,,,,,,,,,,,0,86.0,,,,17.0,,,,,,39.0,,,48.0,,,,
,,,,,,PLAYOFFS,,0.0,1.0,,,,1.0,Zachariah Ridgeway,2.0,,,,,,,,,,,,,3.0,,,,,2.0,,,,,,,,,,,,,1.0,,,,,,,,,,,,,WAS_WR_03,WR,,,,,,,,7.0,,1.0,89.0,0,,76.0,,26.0,,,,,,,,,,,0,90.0,,,,11.0,,,,,,39.0,,,25.0,,,,
,,,,,,PLAYOFFS,,0.0,0.0,,,,0.0,Ezra Freeney,1.0,,,,,,,,,,,,,0.0,,,,,2.0,,,,,,,,,,,,,2.0,,,,,,,,,,,,,TB_WR_05,WR,,,,,,,,2.0,,,39.0,0,,72.0,,25.0,,,,,,,,,,,0,85.0,,,,4.0,,,,,,39.0,,,11.0,,,,
,,,,,,PLAYOFFS,,0.0,0.0,,,,1.0,Willem Kessler,0.0,,,,,,,,,,,,,0.0,,,,,2.0,,,,,,,,,,,,,1.0,,,,,,,,,,,,,CAR_TE_03,TE,,,,,,,,2.0,,,32.0,0,,61.0,,21.0,,,,,,,,,,,0,73.0,,,,4.0,,,,,,39.0,,,13.0,,,,
,,,,,,PLAYOFFS,,,,,,,,Linus Batiste,,,,,,,,,,,,,,,,,,,2.0,,,1.0,,0.0,,,,,,,,,,,197.1,73.0,,,,,,,0.0,,BAL_OG_04,OG,,,,,1.0,,,,,,,0,,,7.0,60.0,25.0,,,,,,,0.0,,,0,133.0,,2.0,,,,,,,,39.0,,,,,,,
3.0,1.0,,,,,PLAYOFFS,,,,,,,,Porter Poteat,,,,,,,,,,,,,,,0.0,,,,2.0,,,,5.0,,,,,,,,1.0,,,,,,,50.0,0.26,,,,0.0,,P101435_EDGE,EDGE,,,,6.0,,,1.0,,,,,0,,,,,,4.0,,,,,0.0,,,,0,88.0,2.0,,5.0,,,3.0,,,,39.0,,,,,,,
3.0,0.0,,,,,PLAYOFFS,,,,,,,,Damon Upshaw,,,,,,,,,,,,,,,0.0,,,,2.0,,,,1.0,,,,,,,,0.0,,,,,,,52.0,0.2,,,,0.0,,P100435_EDGE,EDGE,,,,2.0,,,0.0,,,,,0,,,,,,4.0,,,,,2.0,,,,0,91.0,3.0,,6.0,,,1.0,,,,39.0,,,,,,,
3.0,2.0,,,,,PLAYOFFS,,,,,,,,Deacon Wetherall,,,,,,,,,,,,,,,0.0,,,,2.0,,,,3.0,,,,,,,,0.0,,,,,,,47.0,0.34,,,,0.0,,P101169_EDGE,EDGE,,,,3.0,,,0.0,,,,,0,,,,,,5.0,,,,,0.0,,,,0,84.0,2.0,,5.0,,,1.0,,,,39.0,,,,,,,
0.0,0.0,,,,,PLAYOFFS,,,,,,,,Davion Wanogho,,,,,,,,,,,,,,,0.0,,,,2.0,,,,2.0,,,,,,,,0.0,,,,,,,42.0,0.24,,,,0.0,,P100056_DT,DT,,,,4.0,,,2.0,,,,,0,,,,,,1.0,,,,,0.0,,,,0,74.0,0.0,,0.0,,,0.0,,,,39.0,,,,,,,
4.0,1.0,,,,,PLAYOFFS,,,,,,,,Barnes Yiadom,,,,,,,,,,,,,,,0.0,,,,2.0,,,,5.0,,,,,,,,0.0,,,,,,,44.0,0.36,,,,1.0,,P100891_DT,DT,,,,5.0,,,0.0,,,,,0,,,,,,4.0,,,,,0.0,,,,0,77.0,3.0,,7.0,,,3.0,,,,39.0,,,,,,,
,,,9.0,,,PLAYOFFS,,,,69.0,,,,Maddox Dupree,,,,,,,,,,,,,,,,2.0,,,2.0,,,,,,,,0.0,,,,1.0,,,,,,1.0,,,,,237.6,0.0,,P100104_LB,LB,,,,1.0,,,,,10.0,,,0,,,,,,0.0,,,,,1.0,,,,0,89.0,5.0,,9.0,10.0,0.0,0.0,,,,39.0,,,,,138.0,,3.98
,,,15.0,,,PLAYOFFS,,,,70.0,,,,Zion Kamara,,,,,,,,,,,,,,,,0.0,,,2.0,,,,,,,,0.0,,,,1.0,,,,,,0.0,,,,,182.5,1.0,,P100213_LB,LB,,,,2.0,,,,,5.0,,,0,,,,,,1.0,,,,,0.0,,,,0,91.0,7.0,,11.0,11.0,1.0,0.0,,,,39.0,,,,,78.0,,2.2
,,,,,,PLAYOFFS,,,,,,,,Wendell Obadiah,,,,3.0,1.0,0.0,1.0,1.0,3.0,1.0,0.0,1.0,0.0,,,,,,2.0,,0.0,,,,,,,8.0,,79.0,,,,,,,,,,,,,,,PIT_K_02,K,,,,,,,,,,,,0,,,,,,,,,,,,,,,0,12.0,,,,,,,,7.0,,39.0,1.0,0.0,,,,,
,,,,0.0,,PLAYOFFS,,0.0,2.0,,,,3.0,Arlen Pepperell,3.0,,0.0,,,,,,,,,,,7.0,,,0.0,,1.0,,,,,,,,,,,,,0.0,,,,3.0,,,,,,,,,P101387_RB,RB,,,,,0.0,,,17.0,,,258.0,0,,14.0,,4.0,,,27.0,2.0,127.0,,,,,,0,40.0,,,,27.0,,,,,,19.0,,,169.0,59.0,,68.0,
,,,,,,PLAYOFFS,,0.0,0.0,,,,0.0,Thelonious Greaves,0.0,,,,,,,,,,,,,0.0,,,,,1.0,,,,,,,,,,,,,1.0,,,,,,,,,,,,,DEN_TE_04,TE,,,,,,,,0.0,,,14.0,0,,34.0,,12.0,,,,,,,,,,,0,40.0,,,,1.0,,,,,,19.0,,,6.0,,,,
1.0,0.0,,,,,PLAYOFFS,,,,,,,,Cyrus Barnhill,,,,,,,,,,,,,,,0.0,,,,1.0,,,,2.0,,,,,,,,0.0,,,,,,,18.0,0.2,,,,1.0,,P100270_DT,DT,,,,3.0,,,1.0,,,,,0,,,,,,2.0,,,,,0.0,,,,0,32.0,1.0,,2.0,,,2.0,,,,19.0,,,,,,,
,,,5.0,,,PLAYOFFS,,,,36.0,,,,Kermit Finnegan,,,,,,,,,,,,,,,,0.0,,,1.0,,,,,,,,0.0,,,,0.0,,,,,,0.0,,,,,145.8,0.0,,NE_LB_02,LB,,,,1.0,,,,,6.0,,,0,,,,,,0.0,,,,,0.0,,,,0,47.0,3.0,,5.0,6.0,1.0,1.0,,,,19.0,,,,,57.0,,1.58
,,,,,,PLAYOFFS,,,,35.0,,,,Ezekiel Bancroft,,,,,,,,,,,,,,,,1.0,,,1.0,,,,,,,,0.0,,,,1.0,,,,,,1.0,,,,,39.6,0.0,,BAL_CB_02,CB,,,,,,,,,0.0,,,0,,,,,,1.0,,,,,,,,,0,46.0,2.0,,4.0,3.0,0.0,,,,,19.0,,,,,0.0,,0.0
,,,,,,PLAYOFFS,,,,38.0,,,,Ward Zapatero,,,,,,,,,,,,,,,,0.0,,,1.0,,,,,,,,0.0,,,,1.0,,,,,,0.0,,,,,158.3,0.0,,P100068_CB,CB,,,,,,,,,2.0,,,0,,,,,,0.0,,,,,,,,,0,49.0,2.0,,4.0,2.0,1.0,,,,,19.0,,,,,26.0,,0.68
,,,,,,PLAYOFFS,,1.0,1.0,,,,1.0,Rudy Rapp,0.0,,,,,,,,,,,,,0.0,,,,,2.0,,,,,,,,,,,,,0.0,,,,,,,,,,,,,P101132_WR,WR,,,,,,,,2.0,,,37.0,0,,70.0,,24.0,,,,,,,,,,,0,82.0,,,,4.0,,,,,,41.0,,,13.0,,,,
,,,,,,PLAYOFFS,,0.0,0.0,,,,0.0,Wesley Cahill,0.0,,,,,,,,,,,,,0.0,,,,,2.0,,,,,,,,,,,,,0.0,,,,,,,,,,,,,KC_TE_04,TE,,,,,,,,2.0,,,31.0,0,,63.0,,21.0,,,,,,,,,,,0,74.0,,,,4.0,,,,,,41.0,,,12.0,,,,
,,,,,,PLAYOFFS,,,,,,,,Colston Brinkley,,,,,,,,,,,,,,,,,,,2.0,,,2.0,,2.0,,,,,,,,,,,176.2,75.0,,,,,,,0.0,,BUF_OG_02,OG,,,,,4.0,,,,,,,0,,,5.0,61.0,24.0,,,,,,,2.0,,,0,136.0,,2.0,,,,,,,,41.0,,,,,,,
,,,,,,PLAYOFFS,,,,,,,,Miller Ochoa,,,,,,,,,,,,,,,,,,,2.0,,,1.0,,3.0,,,,,,,,,,,188.2,68.0,,,,,,,3.0,,P100668_OG,OG,,,,,4.0,,,,,,,0,,,7.0,54.0,26.0,,,,,,,0.0,,,0,122.0,,2.0,,,,,,,,41.0,,,,,,,
4.0,0.0,,,,,PLAYOFFS,,,,,,,,Peyson Brasher,,,,,,,,,,,,,,,0.0,,,,2.0,,,,3.0,,,,,,,,1.0,,,,,,,39.0,0.26,,,,0.0,,JAX_DT_02,DT,,,,4.0,,,0.0,,,,,1,,,,,,3.0,,,,,1.0,,,,0,69.0,4.0,,8.0,,,0.0,,,,41.0,,,,,,,
,,,,,,PLAYOFFS,,,,77.0,,,,Harlan Hadley,,,,,,,,,,,,,,,,1.0,,,2.0,,,,,,,,0.0,,,,0.0,,,,,,0.0,,,,,207.3,0.0,,P101050_CB,CB,,,,,,,,,5.0,,,0,,,,,,4.0,,,,,,,,,0,100.0,2.0,,5.0,6.0,0.0,,,,,41.0,,,,,50.0,,1.31
,,,,,,PLAYOFFS,,,,82.0,,,,Vernon Rentschler,,,,,,,,,,,,,,,,0.0,,,2.0,,,,,,,,0.0,,,,4.0,,,,,,0.0,,,,,136.3,1.0,,P101281_S,S,,,,,,,,,4.0,,,0,,,,,,1.0,,,,,,,,,0,107.0,7.0,,11.0,8.0,0.0,,,,,41.0,,,,,41.0,,0.96
,,,,,,PLAYOFFS,,,,74.0,,,,Otis Seabrook,,,,,,,,,,,,,,,,1.0,,,2.0,,,,,,,,0.0,,,,0.0,,,,,,1.0,,,,,228.5,0.0,,P101480_S,S,,,,,,,,,6.0,,,0,,,,,,2.0,,,,,,,,,0,96.0,5.0,,8.0,8.0,0.0,,,,,41.0,,,,,112.0,,3.07
,,,,,,PLAYOFFS,,,,89.0,,,,Neville Mallett,,,,,,,,,,,,,,,,0.0,,,2.0,,,,,,,,0.0,,,,1.0,,,,,,0.0,,,,,257.7,2.0,,P101222_S,S,,,,,,,,,8.0,,,0,,,,,,2.0,,,,,,,,,0,115.0,6.0,,10.0,8.0,2.0,,,,,41.0,,,,,78.0,,1.78
