competition_type,coverage_grade,games,overall_grade,pass_block_grade,pass_rush_grade,passing_grade,player_id,position,qualified,receiving_grade,run_block_grade,run_defense_grade,rushing_grade,season,snaps,special_teams_grade,tackling_grade,team_id
REGULAR_SEASON,,16,66.1,,,64.2,MIA_QB_01,QB,1,,,,66.9,2026,999,,,MIA
REGULAR_SEASON,,17,50.2,52.6,,,MIA_RB_02,RB,1,57.2,,,51.4,2026,533,,,MIA
REGULAR_SEASON,,12,51.6,53.2,,,MIA_RB_01,RB,1,49.2,,,51.6,2026,254,,,MIA
REGULAR_SEASON,,17,30.2,35.5,,,MIA_RB_03,RB,1,35.1,,,40.9,2026,299,,,MIA
REGULAR_SEASON,,17,70.1,,,,MIA_WR_01,WR,1,65.9,66.4,,,2026,730,,,MIA
REGULAR_SEASON,,17,58.2,,,,MIA_WR_06,WR,1,54.1,59.5,,,2026,717,,,MIA
REGULAR_SEASON,,17,61.0,,,,MIA_WR_03,WR,1,61.9,60.4,,,2026,754,,,MIA
REGULAR_SEASON,,5,54.2,,,,MIA_WR_04,WR,0,48.8,60.9,,,2026,218,,,MIA
REGULAR_SEASON,,17,52.5,50.8,,,MIA_TE_02,TE,1,50.4,47.0,,,2026,685,,,MIA
REGULAR_SEASON,,15,61.0,60.5,,,MIA_TE_03,TE,1,62.1,57.9,,,2026,571,,,MIA
REGULAR_SEASON,,14,59.6,56.9,,,MIA_OT_04,OT,1,,58.0,,,2026,925,,,MIA
REGULAR_SEASON,,17,77.0,72.2,,,MIA_OT_02,OT,1,,74.2,,,2026,1118,,,MIA
REGULAR_SEASON,,16,66.5,64.1,,,MIA_OG_01,OG,1,,61.7,,,2026,1030,,,MIA
REGULAR_SEASON,,14,46.0,48.6,,,MIA_OG_02,OG,1,,49.1,,,2026,914,,,MIA
REGULAR_SEASON,,13,61.1,62.7,,,MIA_C_01,C,1,,62.0,,,2026,864,,,MIA
REGULAR_SEASON,,16,64.1,,65.7,,MIA_EDGE_01,EDGE,1,,,62.7,,2026,676,,60.3,MIA
REGULAR_SEASON,,15,59.7,,55.5,,MIA_EDGE_02,EDGE,1,,,63.5,,2026,625,,57.5,MIA
REGULAR_SEASON,,12,60.0,,61.7,,MIA_EDGE_04,EDGE,1,,,57.5,,2026,531,,60.5,MIA
REGULAR_SEASON,,16,56.2,,61.3,,MIA_EDGE_03,EDGE,1,,,58.2,,2026,665,,56.3,MIA
REGULAR_SEASON,,17,60.3,,56.1,,MIA_DT_01,DT,1,,,60.5,,2026,620,,57.4,MIA
REGULAR_SEASON,,13,62.9,,59.9,,MIA_DT_04,DT,1,,,71.5,,2026,491,,66.2,MIA
REGULAR_SEASON,,17,54.4,,58.2,,MIA_DT_02,DT,1,,,49.9,,2026,635,,57.6,MIA
REGULAR_SEASON,53.0,15,49.4,,57.3,,MIA_LB_03,LB,1,,,55.1,,2026,676,,55.7,MIA
REGULAR_SEASON,72.9,16,71.9,,68.7,,MIA_LB_05,LB,1,,,69.1,,2026,721,,66.9,MIA
REGULAR_SEASON,50.9,17,48.5,,43.6,,MIA_LB_04,LB,1,,,51.6,,2026,739,,57.5,MIA
REGULAR_SEASON,58.6,14,59.7,,,,MIA_CB_03,CB,1,,,66.2,,2026,689,,66.2,MIA
REGULAR_SEASON,63.0,13,60.5,,,,MIA_CB_01,CB,1,,,60.5,,2026,662,,53.5,MIA
REGULAR_SEASON,58.6,17,64.0,,,,MIA_CB_02,CB,1,,,61.0,,2026,874,,60.8,MIA
REGULAR_SEASON,61.0,16,68.3,,,,MIA_CB_05,CB,1,,,66.1,,2026,756,,64.5,MIA
REGULAR_SEASON,69.4,14,74.5,,,,MIA_S_02,S,1,,,71.2,,2026,706,,69.3,MIA
REGULAR_SEASON,55.3,17,44.6,,,,MIA_S_03,S,1,,,39.5,,2026,890,,49.6,MIA
REGULAR_SEASON,62.6,17,64.6,,,,MIA_S_04,S,1,,,64.7,,2026,876,,57.3,MIA
REGULAR_SEASON,,17,59.0,,,,MIA_K_01,K,1,,,,,2026,102,57.7,,MIA
REGULAR_SEASON,,16,71.9,,,,MIA_P_01,P,1,,,,,2026,80,69.2,,MIA
REGULAR_SEASON,,17,48.2,,,52.3,NE_QB_01,QB,1,,,,50.0,2026,1087,,,NE
REGULAR_SEASON,,5,62.0,61.9,,,NE_RB_01,RB,0,67.4,,,51.1,2026,155,,,NE
REGULAR_SEASON,,17,59.3,61.2,,,NE_RB_03,RB,1,55.1,,,60.9,2026,537,,,NE
REGULAR_SEASON,,9,49.5,49.6,,,NE_RB_02,RB,0,53.7,,,54.0,2026,178,,,NE
REGULAR_SEASON,,17,68.9,,,,NE_WR_01,WR,1,65.7,68.8,,,2026,773,,,NE
REGULAR_SEASON,,17,75.9,,,,NE_WR_03,WR,1,70.8,71.3,,,2026,728,,,NE
REGULAR_SEASON,,17,60.6,,,,NE_WR_06,WR,1,60.8,65.5,,,2026,770,,,NE
REGULAR_SEASON,,1,61.0,,,,NE_WR_04,WR,0,77.7,44.2,,,2026,46,,,NE
REGULAR_SEASON,,17,71.0,68.5,,,NE_TE_01,TE,1,70.2,78.5,,,2026,687,,,NE
REGULAR_SEASON,,16,57.1,58.9,,,NE_TE_03,TE,1,60.0,53.3,,,2026,632,,,NE
REGULAR_SEASON,,17,56.0,53.4,,,NE_OT_02,OT,1,,59.3,,,2026,1098,,,NE
REGULAR_SEASON,,13,63.7,66.8,,,NE_OT_03,OT,1,,66.3,,,2026,839,,,NE
REGULAR_SEASON,,17,63.6,60.2,,,NE_OG_01,OG,1,,60.1,,,2026,1103,,,NE
REGULAR_SEASON,,17,58.5,51.8,,,NE_OG_02,OG,1,,62.5,,,2026,1131,,,NE
REGULAR_SEASON,,17,64.1,61.6,,,NE_C_01,C,1,,62.7,,,2026,1112,,,NE
REGULAR_SEASON,,17,64.4,,61.3,,NE_EDGE_01,EDGE,1,,,60.5,,2026,749,,66.7,NE
REGULAR_SEASON,,7,66.7,,68.1,,NE_EDGE_02,EDGE,0,,,57.7,,2026,308,,65.4,NE
REGULAR_SEASON,,16,47.3,,52.5,,NE_EDGE_04,EDGE,1,,,51.4,,2026,692,,54.4,NE
REGULAR_SEASON,,17,60.5,,56.3,,NE_EDGE_03,EDGE,1,,,61.8,,2026,780,,57.3,NE
REGULAR_SEASON,,11,72.1,,74.3,,NE_DT_01,DT,1,,,73.7,,2026,434,,69.3,NE
REGULAR_SEASON,,15,61.1,,63.0,,NE_DT_03,DT,1,,,60.7,,2026,580,,64.0,NE
REGULAR_SEASON,,14,57.9,,55.8,,NE_DT_04,DT,1,,,59.5,,2026,551,,59.1,NE
REGULAR_SEASON,69.5,17,74.9,,72.3,,NE_LB_01,LB,1,,,67.7,,2026,767,,67.9,NE
REGULAR_SEASON,70.9,17,76.7,,79.9,,NE_LB_04,LB,1,,,76.6,,2026,821,,67.4,NE
REGULAR_SEASON,61.7,17,66.3,,69.0,,NE_LB_02,LB,1,,,66.6,,2026,768,,67.2,NE
REGULAR_SEASON,59.0,17,58.5,,,,NE_CB_03,CB,1,,,56.2,,2026,829,,62.1,NE
REGULAR_SEASON,59.9,17,48.9,,,,NE_CB_04,CB,1,,,51.0,,2026,851,,57.4,NE
REGULAR_SEASON,56.3,16,54.1,,,,NE_CB_01,CB,1,,,59.0,,2026,783,,56.2,NE
REGULAR_SEASON,50.9,17,49.2,,,,NE_CB_02,CB,1,,,54.4,,2026,819,,53.4,NE
REGULAR_SEASON,65.6,17,59.8,,,,NE_S_03,S,1,,,64.8,,2026,872,,65.6,NE
REGULAR_SEASON,68.4,17,66.4,,,,NE_S_02,S,1,,,65.3,,2026,887,,63.6,NE
REGULAR_SEASON,54.6,17,55.1,,,,NE_S_01,S,1,,,59.0,,2026,856,,57.4,NE
REGULAR_SEASON,,17,68.9,,,,NE_K_01,K,1,,,,,2026,102,66.6,,NE
REGULAR_SEASON,,14,61.8,,,,NE_P_01,P,1,,,,,2026,70,60.7,,NE
REGULAR_SEASON,,17,93.0,,,89.9,CHI_QB_01,QB,1,,,,83.6,2026,1083,,,CHI
REGULAR_SEASON,,17,69.5,69.7,,,CHI_RB_01,RB,1,66.9,,,61.0,2026,518,,,CHI
REGULAR_SEASON,,17,49.4,55.4,,,CHI_RB_03,RB,1,54.2,,,46.0,2026,326,,,CHI
REGULAR_SEASON,,17,61.8,60.3,,,CHI_RB_02,RB,1,64.0,,,64.6,2026,261,,,CHI
REGULAR_SEASON,,17,91.9,,,,CHI_WR_01,WR,1,85.8,87.2,,,2026,760,,,CHI
REGULAR_SEASON,,14,60.8,,,,CHI_WR_02,WR,1,60.0,65.5,,,2026,620,,,CHI
REGULAR_SEASON,,17,63.5,,,,CHI_WR_03,WR,1,61.6,68.1,,,2026,715,,,CHI
REGULAR_SEASON,,14,77.0,,,,CHI_WR_05,WR,1,67.6,70.0,,,2026,604,,,CHI
REGULAR_SEASON,,13,70.7,64.4,,,CHI_TE_01,TE,1,72.9,65.8,,,2026,517,,,CHI
REGULAR_SEASON,,17,67.9,71.4,,,CHI_TE_02,TE,1,60.2,67.5,,,2026,662,,,CHI
REGULAR_SEASON,,17,75.9,71.0,,,CHI_OT_02,OT,1,,74.8,,,2026,1148,,,CHI
REGULAR_SEASON,,16,59.3,61.6,,,CHI_OT_01,OT,1,,56.3,,,2026,1072,,,CHI
REGULAR_SEASON,,17,70.1,69.6,,,CHI_OG_03,OG,1,,64.8,,,2026,1127,,,CHI
REGULAR_SEASON,,17,70.2,66.3,,,CHI_OG_01,OG,1,,65.1,,,2026,1087,,,CHI
REGULAR_SEASON,,15,66.0,63.2,,,CHI_C_01,C,1,,63.0,,,2026,994,,,CHI
REGULAR_SEASON,,17,73.0,,68.2,,CHI_EDGE_01,EDGE,1,,,71.2,,2026,758,,66.4,CHI
REGULAR_SEASON,,17,74.4,,72.3,,CHI_EDGE_02,EDGE,1,,,74.1,,2026,792,,70.4,CHI
REGULAR_SEASON,,17,66.0,,64.0,,CHI_EDGE_05,EDGE,1,,,70.4,,2026,750,,58.6,CHI
REGULAR_SEASON,,17,62.4,,55.5,,CHI_EDGE_03,EDGE,1,,,62.4,,2026,725,,60.5,CHI
REGULAR_SEASON,,17,78.9,,73.3,,CHI_DT_02,DT,1,,,76.0,,2026,651,,72.3,CHI
REGULAR_SEASON,,17,68.6,,72.0,,CHI_DT_01,DT,1,,,63.6,,2026,638,,65.7,CHI
REGULAR_SEASON,,17,69.5,,65.7,,CHI_DT_03,DT,1,,,71.1,,2026,674,,64.7,CHI
REGULAR_SEASON,81.0,13,81.9,,76.3,,CHI_LB_02,LB,1,,,76.4,,2026,600,,79.5,CHI
REGULAR_SEASON,56.1,12,49.1,,50.1,,CHI_LB_04,LB,1,,,56.4,,2026,537,,50.9,CHI
REGULAR_SEASON,65.1,17,64.1,,63.7,,CHI_LB_01,LB,1,,,63.7,,2026,798,,66.8,CHI
REGULAR_SEASON,75.8,16,84.8,,,,CHI_CB_01,CB,1,,,79.4,,2026,796,,82.1,CHI
REGULAR_SEASON,60.0,16,57.2,,,,CHI_CB_03,CB,1,,,56.1,,2026,784,,59.8,CHI
REGULAR_SEASON,60.0,17,53.1,,,,CHI_CB_02,CB,1,,,61.6,,2026,853,,56.2,CHI
REGULAR_SEASON,65.8,16,67.3,,,,CHI_CB_04,CB,1,,,60.2,,2026,795,,71.3,CHI
REGULAR_SEASON,65.5,17,66.3,,,,CHI_S_01,S,1,,,67.4,,2026,887,,65.4,CHI
REGULAR_SEASON,50.8,10,42.7,,,,CHI_S_02,S,1,,,46.7,,2026,510,,43.2,CHI
REGULAR_SEASON,71.6,17,69.8,,,,CHI_S_04,S,1,,,66.5,,2026,869,,66.8,CHI
REGULAR_SEASON,,16,57.6,,,,CHI_K_01,K,1,,,,,2026,96,57.9,,CHI
REGULAR_SEASON,,16,68.5,,,,CHI_P_01,P,1,,,,,2026,80,66.8,,CHI
REGULAR_SEASON,,17,90.0,,,81.6,DET_QB_01,QB,1,,,,83.3,2026,1081,,,DET
REGULAR_SEASON,,16,74.4,75.1,,,DET_RB_01,RB,1,73.9,,,70.4,2026,459,,,DET
REGULAR_SEASON,,17,70.6,61.8,,,DET_RB_02,RB,1,74.1,,,72.5,2026,373,,,DET
REGULAR_SEASON,,15,69.8,66.5,,,DET_RB_03,RB,1,67.0,,,69.5,2026,240,,,DET
REGULAR_SEASON,,17,75.6,,,,DET_WR_03,WR,1,71.0,69.5,,,2026,721,,,DET
REGULAR_SEASON,,17,80.6,,,,DET_WR_02,WR,1,73.2,73.8,,,2026,725,,,DET
REGULAR_SEASON,,17,72.9,,,,DET_WR_01,WR,1,67.4,65.7,,,2026,727,,,DET
REGULAR_SEASON,,17,78.1,,,,DET_WR_05,WR,1,73.6,77.3,,,2026,724,,,DET
REGULAR_SEASON,,17,71.7,71.3,,,DET_TE_01,TE,1,69.6,69.3,,,2026,670,,,DET
REGULAR_SEASON,,17,65.1,64.4,,,DET_TE_03,TE,1,64.4,63.5,,,2026,656,,,DET
REGULAR_SEASON,,14,74.6,72.3,,,DET_OT_01,OT,1,,72.5,,,2026,927,,,DET
REGULAR_SEASON,,17,68.5,63.5,,,DET_OT_02,OT,1,,71.3,,,2026,1071,,,DET
REGULAR_SEASON,,17,88.9,80.7,,,DET_OG_02,OG,1,,85.0,,,2026,1123,,,DET
REGULAR_SEASON,,15,78.7,70.3,,,DET_OG_01,OG,1,,76.3,,,2026,960,,,DET
REGULAR_SEASON,,17,63.0,64.7,,,DET_C_01,C,1,,63.2,,,2026,1096,,,DET
REGULAR_SEASON,,14,76.5,,70.2,,DET_EDGE_02,EDGE,1,,,69.5,,2026,612,,67.6,DET
REGULAR_SEASON,,17,80.9,,76.3,,DET_EDGE_01,EDGE,1,,,75.2,,2026,740,,73.9,DET
REGULAR_SEASON,,15,56.9,,59.0,,DET_EDGE_04,EDGE,1,,,61.9,,2026,656,,60.2,DET
REGULAR_SEASON,,16,77.1,,65.7,,DET_EDGE_03,EDGE,1,,,74.8,,2026,684,,75.5,DET
REGULAR_SEASON,,17,79.9,,74.8,,DET_DT_02,DT,1,,,76.1,,2026,632,,71.8,DET
REGULAR_SEASON,,17,88.9,,74.6,,DET_DT_01,DT,1,,,84.8,,2026,666,,81.8,DET
REGULAR_SEASON,,17,72.2,,72.6,,DET_DT_05,DT,1,,,64.4,,2026,634,,68.5,DET
REGULAR_SEASON,77.3,16,84.0,,77.8,,DET_LB_01,LB,1,,,76.7,,2026,748,,74.4,DET
REGULAR_SEASON,66.8,17,64.5,,62.2,,DET_LB_02,LB,1,,,62.5,,2026,752,,70.2,DET
REGULAR_SEASON,61.1,3,53.3,,57.2,,DET_LB_05,LB,0,,,54.8,,2026,141,,49.6,DET
REGULAR_SEASON,70.6,12,69.9,,,,DET_CB_02,CB,1,,,67.8,,2026,605,,73.9,DET
REGULAR_SEASON,61.1,17,67.7,,,,DET_CB_03,CB,1,,,67.8,,2026,859,,69.5,DET
REGULAR_SEASON,64.9,13,55.6,,,,DET_CB_01,CB,1,,,51.3,,2026,664,,60.3,DET
REGULAR_SEASON,56.8,15,60.8,,,,DET_CB_05,CB,1,,,58.1,,2026,773,,61.8,DET
REGULAR_SEASON,71.7,16,75.0,,,,DET_S_02,S,1,,,68.4,,2026,827,,77.2,DET
REGULAR_SEASON,68.1,17,68.5,,,,DET_S_04,S,1,,,66.8,,2026,878,,66.8,DET
REGULAR_SEASON,71.8,17,81.2,,,,DET_S_01,S,1,,,73.3,,2026,907,,74.0,DET
REGULAR_SEASON,,17,65.3,,,,DET_K_01,K,1,,,,,2026,102,64.3,,DET
REGULAR_SEASON,,17,70.7,,,,DET_P_01,P,1,,,,,2026,85,73.0,,DET
REGULAR_SEASON,,12,93.1,,,88.0,GB_QB_01,QB,1,,,,80.6,2026,760,,,GB
REGULAR_SEASON,,17,87.2,75.9,,,GB_RB_01,RB,1,84.8,,,83.5,2026,522,,,GB
REGULAR_SEASON,,17,61.7,59.1,,,GB_RB_02,RB,1,63.1,,,60.7,2026,325,,,GB
REGULAR_SEASON,,11,56.7,57.4,,,GB_RB_03,RB,0,49.3,,,57.9,2026,174,,,GB
REGULAR_SEASON,,17,78.4,,,,GB_WR_01,WR,1,73.7,72.1,,,2026,712,,,GB
REGULAR_SEASON,,17,77.6,,,,GB_WR_02,WR,1,68.6,67.9,,,2026,752,,,GB
REGULAR_SEASON,,14,69.6,,,,GB_WR_03,WR,1,69.2,62.8,,,2026,616,,,GB
REGULAR_SEASON,,16,68.5,,,,GB_WR_06,WR,1,66.9,70.5,,,2026,692,,,GB
REGULAR_SEASON,,17,58.5,56.5,,,GB_TE_01,TE,1,63.1,60.0,,,2026,659,,,GB
REGULAR_SEASON,,17,63.2,60.5,,,GB_TE_03,TE,1,71.0,61.5,,,2026,683,,,GB
REGULAR_SEASON,,17,64.1,64.0,,,GB_OT_01,OT,1,,64.9,,,2026,1097,,,GB
REGULAR_SEASON,,17,81.9,75.4,,,GB_OT_02,OT,1,,78.4,,,2026,1112,,,GB
REGULAR_SEASON,,17,75.8,76.1,,,GB_OG_02,OG,1,,75.0,,,2026,1096,,,GB
REGULAR_SEASON,,17,77.6,74.3,,,GB_OG_01,OG,1,,74.9,,,2026,1112,,,GB
REGULAR_SEASON,,14,78.7,73.9,,,GB_C_02,C,1,,75.6,,,2026,916,,,GB
REGULAR_SEASON,,17,67.6,,66.4,,GB_EDGE_01,EDGE,1,,,61.2,,2026,728,,60.7,GB
REGULAR_SEASON,,17,66.7,,64.9,,GB_EDGE_02,EDGE,1,,,64.5,,2026,725,,64.8,GB
REGULAR_SEASON,,15,70.6,,69.0,,GB_EDGE_03,EDGE,1,,,70.1,,2026,644,,69.2,GB
REGULAR_SEASON,,15,63.7,,64.1,,GB_EDGE_04,EDGE,1,,,60.8,,2026,654,,64.0,GB
REGULAR_SEASON,,17,74.8,,71.3,,GB_DT_01,DT,1,,,69.7,,2026,616,,70.0,GB
REGULAR_SEASON,,14,88.0,,79.2,,GB_DT_02,DT,1,,,81.7,,2026,525,,76.3,GB
REGULAR_SEASON,,17,81.8,,77.4,,GB_DT_04,DT,1,,,79.1,,2026,612,,78.5,GB
REGULAR_SEASON,75.9,17,74.0,,70.8,,GB_LB_02,LB,1,,,76.0,,2026,746,,74.9,GB
REGULAR_SEASON,67.0,17,68.7,,67.1,,GB_LB_03,LB,1,,,64.7,,2026,781,,68.0,GB
REGULAR_SEASON,50.1,17,48.1,,53.2,,GB_LB_01,LB,1,,,52.9,,2026,788,,50.9,GB
REGULAR_SEASON,74.2,15,74.4,,,,GB_CB_03,CB,1,,,72.8,,2026,730,,72.8,GB
REGULAR_SEASON,65.2,17,69.4,,,,GB_CB_01,CB,1,,,66.9,,2026,796,,65.2,GB
REGULAR_SEASON,72.1,17,69.6,,,,GB_CB_04,CB,1,,,65.5,,2026,827,,66.0,GB
REGULAR_SEASON,70.6,6,72.7,,,,GB_CB_02,CB,0,,,69.3,,2026,308,,65.4,GB
REGULAR_SEASON,70.5,17,77.1,,,,GB_S_02,S,1,,,77.2,,2026,878,,70.1,GB
REGULAR_SEASON,62.5,16,62.1,,,,GB_S_01,S,1,,,60.3,,2026,840,,68.6,GB
REGULAR_SEASON,61.7,14,60.4,,,,GB_S_04,S,1,,,58.5,,2026,717,,55.9,GB
REGULAR_SEASON,,17,63.3,,,,GB_K_01,K,1,,,,,2026,102,63.2,,GB
REGULAR_SEASON,,17,60.9,,,,GB_P_01,P,1,,,,,2026,85,59.4,,GB
REGULAR_SEASON,,17,74.5,,,73.8,CIN_QB_01,QB,1,,,,67.8,2026,1069,,,CIN
REGULAR_SEASON,,17,72.7,70.3,,,CIN_RB_01,RB,1,68.2,,,67.7,2026,525,,,CIN
REGULAR_SEASON,,17,62.3,59.1,,,CIN_RB_02,RB,1,63.2,,,61.0,2026,340,,,CIN
REGULAR_SEASON,,11,63.9,63.7,,,CIN_RB_03,RB,0,58.8,,,65.2,2026,146,,,CIN
REGULAR_SEASON,,17,70.7,,,,CIN_WR_01,WR,1,66.6,67.0,,,2026,742,,,CIN
REGULAR_SEASON,,17,71.4,,,,CIN_WR_04,WR,1,61.7,68.5,,,2026,737,,,CIN
REGULAR_SEASON,,16,65.9,,,,CIN_WR_02,WR,1,66.1,65.2,,,2026,705,,,CIN
REGULAR_SEASON,,17,62.7,,,,CIN_WR_03,WR,1,62.0,68.1,,,2026,744,,,CIN
REGULAR_SEASON,,17,73.6,67.6,,,CIN_TE_01,TE,1,63.8,71.9,,,2026,661,,,CIN
REGULAR_SEASON,,14,60.3,61.3,,,CIN_TE_03,TE,1,59.2,60.9,,,2026,560,,,CIN
REGULAR_SEASON,,14,56.9,62.2,,,CIN_OT_01,OT,1,,56.0,,,2026,916,,,CIN
REGULAR_SEASON,,14,65.5,67.2,,,CIN_OT_03,OT,1,,65.8,,,2026,940,,,CIN
REGULAR_SEASON,,17,76.9,75.6,,,CIN_OG_02,OG,1,,77.9,,,2026,1111,,,CIN
REGULAR_SEASON,,17,75.3,69.1,,,CIN_OG_03,OG,1,,72.0,,,2026,1123,,,CIN
REGULAR_SEASON,,16,78.7,69.3,,,CIN_C_01,C,1,,71.8,,,2026,1040,,,CIN
REGULAR_SEASON,,15,71.4,,67.8,,CIN_EDGE_02,EDGE,1,,,69.8,,2026,661,,73.3,CIN
REGULAR_SEASON,,17,62.7,,62.6,,CIN_EDGE_01,EDGE,1,,,60.7,,2026,746,,60.5,CIN
REGULAR_SEASON,,17,66.5,,61.5,,CIN_EDGE_04,EDGE,1,,,72.0,,2026,729,,69.7,CIN
REGULAR_SEASON,,12,47.3,,53.9,,CIN_EDGE_03,EDGE,1,,,44.7,,2026,516,,53.8,CIN
REGULAR_SEASON,,17,63.1,,60.1,,CIN_DT_01,DT,1,,,58.8,,2026,647,,61.4,CIN
REGULAR_SEASON,,17,73.2,,73.9,,CIN_DT_02,DT,1,,,75.6,,2026,646,,70.8,CIN
REGULAR_SEASON,,17,58.5,,60.0,,CIN_DT_04,DT,1,,,60.4,,2026,647,,62.1,CIN
REGULAR_SEASON,73.1,12,80.7,,70.5,,CIN_LB_01,LB,1,,,78.2,,2026,551,,77.9,CIN
REGULAR_SEASON,72.3,17,70.1,,67.1,,CIN_LB_02,LB,1,,,67.9,,2026,787,,68.9,CIN
REGULAR_SEASON,57.8,16,56.0,,55.3,,CIN_LB_03,LB,1,,,58.3,,2026,731,,55.0,CIN
REGULAR_SEASON,67.8,14,71.4,,,,CIN_CB_03,CB,1,,,64.2,,2026,677,,72.5,CIN
REGULAR_SEASON,76.8,15,77.8,,,,CIN_CB_02,CB,1,,,69.5,,2026,721,,71.9,CIN
REGULAR_SEASON,65.4,16,63.4,,,,CIN_CB_01,CB,1,,,66.7,,2026,793,,61.4,CIN
REGULAR_SEASON,59.7,14,58.8,,,,CIN_CB_06,CB,1,,,56.5,,2026,678,,58.8,CIN
REGULAR_SEASON,64.8,17,63.0,,,,CIN_S_01,S,1,,,66.8,,2026,887,,63.1,CIN
REGULAR_SEASON,66.6,17,66.8,,,,CIN_S_02,S,1,,,66.0,,2026,902,,64.0,CIN
REGULAR_SEASON,69.6,15,82.1,,,,CIN_S_04,S,1,,,73.8,,2026,775,,78.9,CIN
REGULAR_SEASON,,16,73.5,,,,CIN_K_01,K,1,,,,,2026,96,72.9,,CIN
REGULAR_SEASON,,17,66.2,,,,CIN_P_01,P,1,,,,,2026,85,63.9,,CIN
REGULAR_SEASON,,17,63.1,,,65.3,SEA_QB_01,QB,1,,,,62.6,2026,1101,,,SEA
REGULAR_SEASON,,17,73.8,70.4,,,SEA_RB_01,RB,1,74.0,,,73.6,2026,494,,,SEA
REGULAR_SEASON,,17,61.2,57.4,,,SEA_RB_02,RB,1,64.0,,,61.2,2026,362,,,SEA
REGULAR_SEASON,,17,42.5,48.9,,,SEA_RB_03,RB,1,52.4,,,45.8,2026,262,,,SEA
REGULAR_SEASON,,13,67.7,,,,SEA_WR_03,WR,1,65.1,67.4,,,2026,563,,,SEA
REGULAR_SEASON,,17,54.8,,,,SEA_WR_02,WR,1,60.9,59.5,,,2026,759,,,SEA
REGULAR_SEASON,,17,57.9,,,,SEA_WR_01,WR,1,61.3,58.7,,,2026,739,,,SEA
REGULAR_SEASON,,17,64.4,,,,SEA_WR_06,WR,1,66.5,59.7,,,2026,760,,,SEA
REGULAR_SEASON,,17,70.8,72.5,,,SEA_TE_02,TE,1,67.1,63.8,,,2026,671,,,SEA
REGULAR_SEASON,,17,56.8,55.2,,,SEA_TE_01,TE,1,56.9,59.6,,,2026,678,,,SEA
REGULAR_SEASON,,17,75.4,69.7,,,SEA_OT_02,OT,1,,79.0,,,2026,1104,,,SEA
REGULAR_SEASON,,2,57.3,56.9,,,SEA_OT_04,OT,0,,65.2,,,2026,140,,,SEA
REGULAR_SEASON,,17,61.5,63.1,,,SEA_OG_01,OG,1,,61.6,,,2026,1112,,,SEA
REGULAR_SEASON,,17,69.5,62.8,,,SEA_OG_03,OG,1,,67.0,,,2026,1106,,,SEA
REGULAR_SEASON,,17,74.9,76.4,,,SEA_C_01,C,1,,69.7,,,2026,1095,,,SEA
REGULAR_SEASON,,8,54.0,,53.2,,SEA_EDGE_02,EDGE,1,,,53.6,,2026,363,,55.6,SEA
REGULAR_SEASON,,4,76.7,,64.3,,SEA_EDGE_04,EDGE,0,,,65.2,,2026,171,,79.4,SEA
REGULAR_SEASON,,17,57.4,,58.8,,SEA_EDGE_01,EDGE,1,,,56.5,,2026,755,,57.2,SEA
REGULAR_SEASON,,17,50.5,,48.3,,SEA_EDGE_03,EDGE,1,,,53.3,,2026,728,,50.4,SEA
REGULAR_SEASON,,17,71.8,,69.0,,SEA_DT_02,DT,1,,,68.0,,2026,645,,67.9,SEA
REGULAR_SEASON,,12,67.2,,67.0,,SEA_DT_01,DT,1,,,64.4,,2026,454,,62.5,SEA
REGULAR_SEASON,,12,55.5,,57.8,,SEA_DT_04,DT,1,,,55.9,,2026,445,,56.9,SEA
REGULAR_SEASON,71.4,17,72.3,,67.7,,SEA_LB_01,LB,1,,,69.9,,2026,759,,73.1,SEA
REGULAR_SEASON,60.4,17,63.2,,63.0,,SEA_LB_02,LB,1,,,63.4,,2026,788,,65.1,SEA
REGULAR_SEASON,58.6,17,59.6,,62.6,,SEA_LB_04,LB,1,,,60.0,,2026,783,,57.4,SEA
REGULAR_SEASON,66.7,17,59.9,,,,SEA_CB_02,CB,1,,,62.8,,2026,836,,60.5,SEA
REGULAR_SEASON,72.6,15,71.5,,,,SEA_CB_03,CB,1,,,71.1,,2026,749,,70.2,SEA
REGULAR_SEASON,65.8,17,64.7,,,,SEA_CB_01,CB,1,,,63.4,,2026,851,,65.3,SEA
REGULAR_SEASON,61.8,17,56.3,,,,SEA_CB_04,CB,1,,,57.6,,2026,872,,64.0,SEA
REGULAR_SEASON,54.5,17,54.1,,,,SEA_S_02,S,1,,,57.1,,2026,862,,57.0,SEA
REGULAR_SEASON,71.7,14,72.6,,,,SEA_S_01,S,1,,,65.6,,2026,734,,73.9,SEA
REGULAR_SEASON,69.3,13,59.9,,,,SEA_S_04,S,1,,,53.1,,2026,667,,57.4,SEA
REGULAR_SEASON,,17,61.7,,,,SEA_K_01,K,1,,,,,2026,102,61.1,,SEA
REGULAR_SEASON,,17,65.7,,,,SEA_P_01,P,1,,,,,2026,85,64.4,,SEA
REGULAR_SEASON,,17,84.5,,,73.1,DEN_QB_01,QB,1,,,,76.4,2026,1067,,,DEN
REGULAR_SEASON,,17,75.7,77.6,,,DEN_RB_01,RB,1,66.4,,,73.7,2026,518,,,DEN
REGULAR_SEASON,,12,64.1,63.8,,,DEN_RB_02,RB,1,58.8,,,60.2,2026,237,,,DEN
REGULAR_SEASON,,17,47.4,53.8,,,DEN_RB_03,RB,1,53.2,,,53.3,2026,292,,,DEN
REGULAR_SEASON,,17,64.4,,,,DEN_WR_01,WR,1,60.6,58.7,,,2026,727,,,DEN
REGULAR_SEASON,,16,76.2,,,,DEN_WR_02,WR,1,76.4,69.4,,,2026,679,,,DEN
REGULAR_SEASON,,17,62.2,,,,DEN_WR_03,WR,1,64.6,60.1,,,2026,736,,,DEN
REGULAR_SEASON,,11,65.2,,,,DEN_WR_04,WR,1,61.7,67.0,,,2026,492,,,DEN
REGULAR_SEASON,,12,66.3,62.3,,,DEN_TE_01,TE,1,59.9,64.9,,,2026,490,,,DEN
REGULAR_SEASON,,16,72.3,66.0,,,DEN_TE_02,TE,1,70.5,72.3,,,2026,627,,,DEN
REGULAR_SEASON,,17,68.5,67.4,,,DEN_OT_02,OT,1,,71.0,,,2026,1097,,,DEN
REGULAR_SEASON,,17,49.8,53.1,,,DEN_OT_01,OT,1,,42.7,,,2026,1118,,,DEN
REGULAR_SEASON,,17,69.8,62.1,,,DEN_OG_02,OG,1,,69.9,,,2026,1124,,,DEN
REGULAR_SEASON,,17,52.9,56.3,,,DEN_OG_01,OG,1,,55.7,,,2026,1130,,,DEN
REGULAR_SEASON,,17,75.6,70.3,,,DEN_C_01,C,1,,76.9,,,2026,1131,,,DEN
REGULAR_SEASON,,12,82.4,,81.0,,DEN_EDGE_01,EDGE,1,,,83.6,,2026,512,,73.6,DEN
REGULAR_SEASON,,17,82.9,,71.9,,DEN_EDGE_02,EDGE,1,,,74.1,,2026,752,,77.1,DEN
REGULAR_SEASON,,17,56.9,,58.5,,DEN_EDGE_04,EDGE,1,,,57.2,,2026,759,,62.3,DEN
REGULAR_SEASON,,17,56.6,,58.9,,DEN_EDGE_03,EDGE,1,,,61.4,,2026,727,,58.5,DEN
REGULAR_SEASON,,17,75.0,,72.0,,DEN_DT_02,DT,1,,,72.2,,2026,609,,74.6,DEN
REGULAR_SEASON,,17,77.8,,75.4,,DEN_DT_01,DT,1,,,70.5,,2026,635,,73.6,DEN
REGULAR_SEASON,,11,63.5,,57.9,,DEN_DT_04,DT,1,,,64.2,,2026,398,,72.9,DEN
REGULAR_SEASON,57.4,16,59.9,,58.1,,DEN_LB_04,LB,1,,,60.4,,2026,723,,61.8,DEN
REGULAR_SEASON,84.6,16,80.5,,72.1,,DEN_LB_01,LB,1,,,85.0,,2026,726,,75.5,DEN
REGULAR_SEASON,58.7,17,60.0,,61.3,,DEN_LB_02,LB,1,,,53.5,,2026,777,,63.2,DEN
REGULAR_SEASON,74.6,17,83.4,,,,DEN_CB_01,CB,1,,,77.9,,2026,850,,78.7,DEN
REGULAR_SEASON,77.5,17,82.1,,,,DEN_CB_02,CB,1,,,76.4,,2026,860,,74.4,DEN
REGULAR_SEASON,57.5,17,64.7,,,,DEN_CB_03,CB,1,,,68.3,,2026,831,,62.8,DEN
REGULAR_SEASON,54.1,13,51.4,,,,DEN_CB_04,CB,1,,,52.7,,2026,655,,56.3,DEN
REGULAR_SEASON,63.7,16,62.6,,,,DEN_S_01,S,1,,,65.2,,2026,818,,59.4,DEN
REGULAR_SEASON,71.8,12,79.9,,,,DEN_S_02,S,1,,,76.5,,2026,601,,71.8,DEN
REGULAR_SEASON,67.1,17,67.9,,,,DEN_S_03,S,1,,,67.0,,2026,880,,60.1,DEN
REGULAR_SEASON,,17,70.5,,,,DEN_K_01,K,1,,,,,2026,102,68.9,,DEN
REGULAR_SEASON,,14,71.9,,,,DEN_P_01,P,1,,,,,2026,70,67.5,,DEN
REGULAR_SEASON,,17,83.0,,,79.5,KC_QB_01,QB,1,,,,77.0,2026,1097,,,KC
REGULAR_SEASON,,11,62.5,62.8,,,KC_RB_01,RB,1,60.3,,,54.0,2026,308,,,KC
REGULAR_SEASON,,17,80.8,75.2,,,KC_RB_02,RB,1,70.6,,,76.1,2026,398,,,KC
REGULAR_SEASON,,17,66.9,67.3,,,KC_RB_03,RB,1,67.1,,,70.7,2026,291,,,KC
REGULAR_SEASON,,17,80.5,,,,KC_WR_03,WR,1,73.5,78.2,,,2026,727,,,KC
REGULAR_SEASON,,17,75.0,,,,KC_WR_02,WR,1,72.9,70.4,,,2026,722,,,KC
REGULAR_SEASON,,17,66.4,,,,KC_WR_05,WR,1,72.1,63.4,,,2026,735,,,KC
REGULAR_SEASON,,2,58.2,,,,KC_WR_04,WR,0,57.8,68.0,,,2026,98,,,KC
REGULAR_SEASON,,17,76.1,75.9,,,KC_TE_01,TE,1,73.8,74.6,,,2026,676,,,KC
REGULAR_SEASON,,17,70.8,68.3,,,KC_TE_02,TE,1,69.7,69.3,,,2026,667,,,KC
REGULAR_SEASON,,17,64.4,63.8,,,KC_OT_01,OT,1,,66.2,,,2026,1111,,,KC
REGULAR_SEASON,,11,67.2,70.9,,,KC_OT_02,OT,1,,66.8,,,2026,729,,,KC
REGULAR_SEASON,,10,74.4,72.6,,,KC_OG_01,OG,1,,65.6,,,2026,637,,,KC
REGULAR_SEASON,,17,68.1,63.4,,,KC_OG_02,OG,1,,63.2,,,2026,1116,,,KC
REGULAR_SEASON,,12,57.6,57.7,,,KC_C_01,C,1,,55.0,,,2026,786,,,KC
REGULAR_SEASON,,17,66.9,,68.7,,KC_EDGE_01,EDGE,1,,,62.8,,2026,744,,65.8,KC
REGULAR_SEASON,,17,72.4,,65.6,,KC_EDGE_02,EDGE,1,,,75.9,,2026,701,,69.4,KC
REGULAR_SEASON,,17,60.9,,55.9,,KC_EDGE_04,EDGE,1,,,60.6,,2026,740,,63.8,KC
REGULAR_SEASON,,16,61.7,,61.8,,KC_EDGE_03,EDGE,1,,,64.8,,2026,686,,63.2,KC
REGULAR_SEASON,,12,89.3,,81.9,,KC_DT_02,DT,1,,,84.2,,2026,434,,83.9,KC
REGULAR_SEASON,,17,73.3,,70.7,,KC_DT_01,DT,1,,,72.9,,2026,635,,65.8,KC
REGULAR_SEASON,,17,80.5,,76.2,,KC_DT_03,DT,1,,,74.3,,2026,651,,74.2,KC
REGULAR_SEASON,74.8,17,70.7,,66.0,,KC_LB_02,LB,1,,,63.5,,2026,777,,66.5,KC
REGULAR_SEASON,65.0,16,70.1,,70.5,,KC_LB_03,LB,1,,,66.7,,2026,729,,70.0,KC
REGULAR_SEASON,52.2,3,55.0,,64.7,,KC_LB_05,LB,0,,,54.7,,2026,130,,53.4,KC
REGULAR_SEASON,86.9,17,89.7,,,,KC_CB_02,CB,1,,,80.1,,2026,852,,84.3,KC
REGULAR_SEASON,79.6,17,78.6,,,,KC_CB_03,CB,1,,,78.9,,2026,850,,71.6,KC
REGULAR_SEASON,69.8,15,69.3,,,,KC_CB_01,CB,1,,,69.0,,2026,728,,66.1,KC
REGULAR_SEASON,52.4,3,60.6,,,,KC_CB_05,CB,0,,,55.9,,2026,150,,67.3,KC
REGULAR_SEASON,66.4,15,66.5,,,,KC_S_01,S,1,,,67.5,,2026,770,,67.0,KC
REGULAR_SEASON,65.9,17,70.8,,,,KC_S_02,S,1,,,70.1,,2026,870,,68.3,KC
REGULAR_SEASON,62.2,14,57.3,,,,KC_S_04,S,1,,,56.8,,2026,701,,61.7,KC
REGULAR_SEASON,,17,63.6,,,,KC_K_01,K,1,,,,,2026,102,62.7,,KC
REGULAR_SEASON,,9,73.7,,,,KC_P_01,P,1,,,,,2026,45,76.1,,KC
REGULAR_SEASON,,17,71.6,,,67.7,LAR_QB_01,QB,1,,,,70.2,2026,1082,,,LAR
REGULAR_SEASON,,17,73.1,74.0,,,LAR_RB_01,RB,1,70.6,,,73.5,2026,520,,,LAR
REGULAR_SEASON,,9,60.3,61.1,,,LAR_RB_03,RB,0,59.9,,,57.5,2026,199,,,LAR
REGULAR_SEASON,,17,54.9,56.5,,,LAR_RB_02,RB,1,57.9,,,57.2,2026,322,,,LAR
REGULAR_SEASON,,17,73.6,,,,LAR_WR_02,WR,1,68.1,74.6,,,2026,734,,,LAR
REGULAR_SEASON,,17,53.1,,,,LAR_WR_01,WR,1,49.9,56.8,,,2026,740,,,LAR
REGULAR_SEASON,,16,66.9,,,,LAR_WR_06,WR,1,66.6,68.9,,,2026,703,,,LAR
REGULAR_SEASON,,1,36.3,,,,LAR_WR_04,WR,0,48.3,57.5,,,2026,42,,,LAR
REGULAR_SEASON,,17,51.5,62.7,,,LAR_TE_01,TE,1,52.0,54.3,,,2026,681,,,LAR
REGULAR_SEASON,,13,79.8,76.6,,,LAR_TE_02,TE,1,82.8,69.3,,,2026,511,,,LAR
REGULAR_SEASON,,14,60.6,62.9,,,LAR_OT_01,OT,1,,60.8,,,2026,891,,,LAR
REGULAR_SEASON,,17,53.5,54.3,,,LAR_OT_02,OT,1,,54.5,,,2026,1131,,,LAR
REGULAR_SEASON,,17,74.4,71.4,,,LAR_OG_01,OG,1,,68.1,,,2026,1136,,,LAR
REGULAR_SEASON,,17,69.9,70.1,,,LAR_OG_02,OG,1,,67.1,,,2026,1090,,,LAR
REGULAR_SEASON,,17,80.8,76.3,,,LAR_C_01,C,1,,80.6,,,2026,1131,,,LAR
REGULAR_SEASON,,10,76.7,,77.7,,LAR_EDGE_01,EDGE,1,,,84.3,,2026,444,,80.2,LAR
REGULAR_SEASON,,1,59.7,,86.7,,LAR_EDGE_02,EDGE,0,,,68.0,,2026,44,,52.4,LAR
REGULAR_SEASON,,13,61.8,,57.8,,LAR_EDGE_05,EDGE,1,,,65.2,,2026,546,,62.7,LAR
REGULAR_SEASON,,17,58.2,,55.7,,LAR_EDGE_04,EDGE,1,,,63.0,,2026,723,,60.0,LAR
REGULAR_SEASON,,17,70.4,,68.9,,LAR_DT_01,DT,1,,,67.8,,2026,635,,67.0,LAR
REGULAR_SEASON,,15,63.2,,60.2,,LAR_DT_02,DT,1,,,64.0,,2026,584,,65.1,LAR
REGULAR_SEASON,,17,52.6,,47.8,,LAR_DT_05,DT,1,,,58.6,,2026,618,,58.6,LAR
REGULAR_SEASON,74.3,17,69.6,,65.6,,LAR_LB_01,LB,1,,,64.8,,2026,812,,68.5,LAR
REGULAR_SEASON,70.8,17,73.9,,70.6,,LAR_LB_02,LB,1,,,67.2,,2026,766,,66.7,LAR
REGULAR_SEASON,72.0,17,74.9,,76.2,,LAR_LB_04,LB,1,,,65.9,,2026,784,,71.5,LAR
REGULAR_SEASON,74.4,17,81.7,,,,LAR_CB_02,CB,1,,,78.7,,2026,852,,75.4,LAR
REGULAR_SEASON,78.7,17,84.4,,,,LAR_CB_01,CB,1,,,86.2,,2026,847,,78.3,LAR
REGULAR_SEASON,57.8,12,63.1,,,,LAR_CB_03,CB,1,,,56.3,,2026,597,,61.2,LAR
REGULAR_SEASON,64.5,17,63.9,,,,LAR_CB_06,CB,1,,,63.5,,2026,854,,68.3,LAR
REGULAR_SEASON,66.6,16,71.1,,,,LAR_S_02,S,1,,,65.3,,2026,830,,62.6,LAR
REGULAR_SEASON,73.2,12,70.4,,,,LAR_S_04,S,1,,,70.0,,2026,623,,71.4,LAR
REGULAR_SEASON,62.1,17,69.4,,,,LAR_S_01,S,1,,,68.0,,2026,865,,64.8,LAR
REGULAR_SEASON,,16,72.7,,,,LAR_K_01,K,1,,,,,2026,96,69.8,,LAR
REGULAR_SEASON,,17,52.2,,,,LAR_P_01,P,1,,,,,2026,85,50.7,,LAR
REGULAR_SEASON,,17,71.4,,,67.1,MIN_QB_01,QB,1,,,,69.4,2026,1032,,,MIN
REGULAR_SEASON,,17,64.7,64.6,,,MIN_RB_01,RB,1,62.7,,,65.5,2026,522,,,MIN
REGULAR_SEASON,,14,50.8,53.4,,,MIN_RB_03,RB,1,52.0,,,55.2,2026,310,,,MIN
REGULAR_SEASON,,13,48.5,57.8,,,MIN_RB_02,RB,1,47.6,,,52.8,2026,203,,,MIN
REGULAR_SEASON,,15,78.4,,,,MIN_WR_01,WR,1,71.7,78.0,,,2026,653,,,MIN
REGULAR_SEASON,,17,70.3,,,,MIN_WR_02,WR,1,72.2,66.4,,,2026,725,,,MIN
REGULAR_SEASON,,3,58.1,,,,MIN_WR_03,WR,0,71.5,63.4,,,2026,140,,,MIN
REGULAR_SEASON,,12,64.6,,,,MIN_WR_04,WR,1,66.8,62.8,,,2026,512,,,MIN
REGULAR_SEASON,,17,58.5,57.2,,,MIN_TE_01,TE,1,61.8,53.7,,,2026,674,,,MIN
REGULAR_SEASON,,17,47.7,48.9,,,MIN_TE_02,TE,1,54.4,49.7,,,2026,641,,,MIN
REGULAR_SEASON,,17,81.2,79.5,,,MIN_OT_01,OT,1,,73.9,,,2026,1099,,,MIN
REGULAR_SEASON,,8,83.9,72.3,,,MIN_OT_02,OT,1,,91.0,,,2026,521,,,MIN
REGULAR_SEASON,,17,62.6,59.3,,,MIN_OG_02,OG,1,,64.4,,,2026,1104,,,MIN
REGULAR_SEASON,,17,68.4,64.2,,,MIN_OG_04,OG,1,,67.2,,,2026,1114,,,MIN
REGULAR_SEASON,,16,76.5,76.8,,,MIN_C_01,C,1,,69.4,,,2026,1042,,,MIN
REGULAR_SEASON,,7,74.2,,75.1,,MIN_EDGE_02,EDGE,0,,,85.7,,2026,308,,62.2,MIN
REGULAR_SEASON,,17,68.7,,59.4,,MIN_EDGE_01,EDGE,1,,,61.5,,2026,728,,70.4,MIN
REGULAR_SEASON,,17,56.5,,61.2,,MIN_EDGE_03,EDGE,1,,,60.9,,2026,715,,56.7,MIN
REGULAR_SEASON,,16,48.4,,51.4,,MIN_EDGE_04,EDGE,1,,,54.0,,2026,698,,53.1,MIN
REGULAR_SEASON,,17,65.6,,63.8,,MIN_DT_01,DT,1,,,65.6,,2026,625,,63.6,MIN
REGULAR_SEASON,,17,67.5,,66.9,,MIN_DT_02,DT,1,,,67.7,,2026,660,,61.8,MIN
REGULAR_SEASON,,17,61.7,,57.6,,MIN_DT_04,DT,1,,,58.4,,2026,653,,62.6,MIN
REGULAR_SEASON,60.2,17,58.7,,64.7,,MIN_LB_02,LB,1,,,55.8,,2026,776,,59.7,MIN
REGULAR_SEASON,66.3,17,67.3,,65.4,,MIN_LB_01,LB,1,,,61.8,,2026,771,,66.5,MIN
REGULAR_SEASON,70.0,17,72.5,,65.0,,MIN_LB_03,LB,1,,,66.9,,2026,760,,69.4,MIN
REGULAR_SEASON,71.3,17,74.2,,,,MIN_CB_01,CB,1,,,71.8,,2026,815,,71.8,MIN
REGULAR_SEASON,69.6,17,70.1,,,,MIN_CB_03,CB,1,,,69.9,,2026,829,,69.8,MIN
REGULAR_SEASON,70.5,16,73.0,,,,MIN_CB_05,CB,1,,,64.9,,2026,768,,67.8,MIN
REGULAR_SEASON,48.1,17,48.5,,,,MIN_CB_04,CB,1,,,51.8,,2026,841,,52.2,MIN
REGULAR_SEASON,63.1,17,67.0,,,,MIN_S_02,S,1,,,60.7,,2026,887,,63.5,MIN
REGULAR_SEASON,71.6,11,73.2,,,,MIN_S_01,S,1,,,72.2,,2026,574,,64.6,MIN
REGULAR_SEASON,59.1,17,60.9,,,,MIN_S_03,S,1,,,64.6,,2026,896,,59.8,MIN
REGULAR_SEASON,,15,63.0,,,,MIN_K_01,K,1,,,,,2026,90,62.0,,MIN
REGULAR_SEASON,,12,54.0,,,,MIN_P_01,P,1,,,,,2026,60,60.0,,MIN
REGULAR_SEASON,,15,63.6,,,60.3,ARI_QB_01,QB,1,,,,62.1,2026,985,,,ARI
REGULAR_SEASON,,14,69.2,69.3,,,ARI_RB_01,RB,1,64.4,,,68.5,2026,414,,,ARI
REGULAR_SEASON,,12,55.1,55.9,,,ARI_RB_02,RB,1,56.1,,,51.6,2026,263,,,ARI
REGULAR_SEASON,,17,55.1,58.3,,,ARI_RB_03,RB,1,62.1,,,54.7,2026,296,,,ARI
REGULAR_SEASON,,13,68.3,,,,ARI_WR_03,WR,1,66.3,61.9,,,2026,585,,,ARI
REGULAR_SEASON,,17,69.8,,,,ARI_WR_01,WR,1,72.1,61.2,,,2026,726,,,ARI
REGULAR_SEASON,,17,77.3,,,,ARI_WR_02,WR,1,76.0,73.0,,,2026,757,,,ARI
REGULAR_SEASON,,17,60.7,,,,ARI_WR_05,WR,1,60.4,67.4,,,2026,708,,,ARI
REGULAR_SEASON,,17,66.6,64.3,,,ARI_TE_01,TE,1,62.3,63.4,,,2026,685,,,ARI
REGULAR_SEASON,,17,58.9,57.0,,,ARI_TE_02,TE,1,63.5,57.3,,,2026,690,,,ARI
REGULAR_SEASON,,17,78.0,76.3,,,ARI_OT_01,OT,1,,74.1,,,2026,1119,,,ARI
REGULAR_SEASON,,5,50.8,57.2,,,ARI_OT_04,OT,0,,46.0,,,2026,333,,,ARI
REGULAR_SEASON,,11,71.0,63.2,,,ARI_OG_02,OG,1,,71.3,,,2026,683,,,ARI
REGULAR_SEASON,,17,45.3,55.1,,,ARI_OG_01,OG,1,,47.7,,,2026,1086,,,ARI
REGULAR_SEASON,,17,60.1,57.0,,,ARI_C_01,C,1,,59.0,,,2026,1142,,,ARI
REGULAR_SEASON,,17,67.4,,69.4,,ARI_EDGE_02,EDGE,1,,,69.3,,2026,744,,65.5,ARI
REGULAR_SEASON,,15,62.8,,66.5,,ARI_EDGE_01,EDGE,1,,,58.7,,2026,669,,64.3,ARI
REGULAR_SEASON,,17,75.9,,69.8,,ARI_EDGE_03,EDGE,1,,,70.4,,2026,744,,74.5,ARI
REGULAR_SEASON,,17,58.8,,60.9,,ARI_EDGE_04,EDGE,1,,,59.9,,2026,751,,53.9,ARI
REGULAR_SEASON,,15,60.5,,57.5,,ARI_DT_01,DT,1,,,63.6,,2026,573,,55.7,ARI
REGULAR_SEASON,,13,66.1,,64.6,,ARI_DT_04,DT,1,,,62.5,,2026,472,,59.3,ARI
REGULAR_SEASON,,16,55.9,,54.6,,ARI_DT_02,DT,1,,,60.2,,2026,610,,58.1,ARI
REGULAR_SEASON,53.4,17,51.1,,51.0,,ARI_LB_01,LB,1,,,58.3,,2026,787,,52.0,ARI
REGULAR_SEASON,53.5,17,48.7,,50.2,,ARI_LB_03,LB,1,,,47.6,,2026,762,,54.0,ARI
REGULAR_SEASON,64.3,5,47.5,,53.1,,ARI_LB_05,LB,0,,,62.1,,2026,236,,41.1,ARI
REGULAR_SEASON,50.9,12,51.8,,,,ARI_CB_01,CB,1,,,52.0,,2026,612,,47.0,ARI
REGULAR_SEASON,69.4,16,73.5,,,,ARI_CB_04,CB,1,,,64.8,,2026,806,,70.1,ARI
REGULAR_SEASON,58.9,17,63.0,,,,ARI_CB_02,CB,1,,,63.9,,2026,850,,67.6,ARI
REGULAR_SEASON,71.3,8,73.0,,,,ARI_CB_06,CB,1,,,64.1,,2026,397,,71.0,ARI
REGULAR_SEASON,56.6,17,54.6,,,,ARI_S_01,S,1,,,52.0,,2026,860,,59.5,ARI
REGULAR_SEASON,63.2,17,61.4,,,,ARI_S_02,S,1,,,63.3,,2026,855,,58.6,ARI
REGULAR_SEASON,52.9,17,51.5,,,,ARI_S_04,S,1,,,53.3,,2026,899,,51.8,ARI
REGULAR_SEASON,,11,58.9,,,,ARI_K_01,K,1,,,,,2026,66,62.5,,ARI
REGULAR_SEASON,,17,48.0,,,,ARI_P_01,P,1,,,,,2026,85,55.4,,ARI
REGULAR_SEASON,,11,53.6,,,59.1,LAC_QB_01,QB,1,,,,56.9,2026,701,,,LAC
REGULAR_SEASON,,17,62.0,63.0,,,LAC_RB_01,RB,1,58.6,,,67.4,2026,483,,,LAC
REGULAR_SEASON,,16,64.0,63.3,,,LAC_RB_02,RB,1,63.5,,,63.2,2026,341,,,LAC
REGULAR_SEASON,,14,49.5,53.3,,,LAC_RB_03,RB,1,51.4,,,45.0,2026,244,,,LAC
REGULAR_SEASON,,17,77.7,,,,LAC_WR_01,WR,1,73.9,72.2,,,2026,743,,,LAC
REGULAR_SEASON,,17,78.1,,,,LAC_WR_02,WR,1,78.4,69.5,,,2026,752,,,LAC
REGULAR_SEASON,,17,67.3,,,,LAC_WR_03,WR,1,67.8,69.3,,,2026,755,,,LAC
REGULAR_SEASON,,13,60.4,,,,LAC_WR_05,WR,1,55.4,66.1,,,2026,544,,,LAC
REGULAR_SEASON,,14,78.5,74.5,,,LAC_TE_01,TE,1,69.1,79.0,,,2026,548,,,LAC
REGULAR_SEASON,,17,55.1,62.4,,,LAC_TE_02,TE,1,60.1,53.4,,,2026,674,,,LAC
REGULAR_SEASON,,12,63.6,66.2,,,LAC_OT_02,OT,1,,65.9,,,2026,775,,,LAC
REGULAR_SEASON,,17,70.3,67.7,,,LAC_OT_04,OT,1,,74.0,,,2026,1091,,,LAC
REGULAR_SEASON,,17,69.2,69.6,,,LAC_OG_01,OG,1,,62.3,,,2026,1102,,,LAC
REGULAR_SEASON,,4,62.6,74.5,,,LAC_OG_03,OG,0,,65.8,,,2026,268,,,LAC
REGULAR_SEASON,,1,65.0,57.9,,,LAC_C_02,C,0,,77.5,,,2026,63,,,LAC
REGULAR_SEASON,,10,43.0,,48.2,,LAC_EDGE_02,EDGE,1,,,49.2,,2026,402,,48.3,LAC
REGULAR_SEASON,,17,57.6,,56.2,,LAC_EDGE_03,EDGE,1,,,59.2,,2026,732,,55.4,LAC
REGULAR_SEASON,,17,63.1,,57.9,,LAC_EDGE_04,EDGE,1,,,56.5,,2026,722,,58.8,LAC
REGULAR_SEASON,,9,57.4,,64.5,,LAC_EDGE_05,EDGE,1,,,55.1,,2026,396,,61.5,LAC
REGULAR_SEASON,,15,63.2,,61.7,,LAC_DT_02,DT,1,,,59.3,,2026,550,,61.8,LAC
REGULAR_SEASON,,14,86.3,,85.9,,LAC_DT_01,DT,1,,,76.6,,2026,523,,71.6,LAC
REGULAR_SEASON,,17,67.4,,69.6,,LAC_DT_03,DT,1,,,60.0,,2026,624,,63.7,LAC
REGULAR_SEASON,61.1,14,71.1,,70.2,,LAC_LB_02,LB,1,,,60.1,,2026,671,,71.8,LAC
REGULAR_SEASON,64.0,15,69.0,,66.9,,LAC_LB_01,LB,1,,,65.7,,2026,702,,65.8,LAC
REGULAR_SEASON,68.9,2,84.9,,77.4,,LAC_LB_04,LB,0,,,84.9,,2026,85,,89.3,LAC
REGULAR_SEASON,60.3,13,62.8,,,,LAC_CB_02,CB,1,,,59.4,,2026,648,,61.1,LAC
REGULAR_SEASON,67.1,17,68.9,,,,LAC_CB_03,CB,1,,,71.0,,2026,855,,66.1,LAC
REGULAR_SEASON,64.0,13,63.7,,,,LAC_CB_04,CB,1,,,64.4,,2026,649,,58.3,LAC
REGULAR_SEASON,54.8,17,54.6,,,,LAC_CB_01,CB,1,,,56.9,,2026,811,,53.7,LAC
REGULAR_SEASON,53.0,12,53.4,,,,LAC_S_02,S,1,,,56.8,,2026,614,,52.5,LAC
REGULAR_SEASON,62.8,17,58.0,,,,LAC_S_01,S,1,,,58.2,,2026,872,,67.0,LAC
REGULAR_SEASON,66.1,13,67.6,,,,LAC_S_04,S,1,,,65.6,,2026,666,,67.2,LAC
REGULAR_SEASON,,17,93.6,,,,LAC_K_01,K,1,,,,,2026,102,87.6,,LAC
REGULAR_SEASON,,17,66.2,,,,LAC_P_01,P,1,,,,,2026,85,65.7,,LAC
REGULAR_SEASON,,17,70.2,,,68.4,PHI_QB_01,QB,1,,,,70.4,2026,1092,,,PHI
REGULAR_SEASON,,17,70.1,67.0,,,PHI_RB_01,RB,1,67.6,,,69.1,2026,499,,,PHI
REGULAR_SEASON,,17,59.5,62.7,,,PHI_RB_03,RB,1,60.5,,,58.3,2026,368,,,PHI
REGULAR_SEASON,,17,64.5,67.8,,,PHI_RB_02,RB,1,58.8,,,66.9,2026,271,,,PHI
REGULAR_SEASON,,17,76.9,,,,PHI_WR_03,WR,1,65.3,68.6,,,2026,724,,,PHI
REGULAR_SEASON,,10,63.1,,,,PHI_WR_02,WR,1,57.2,61.5,,,2026,432,,,PHI
REGULAR_SEASON,,17,70.3,,,,PHI_WR_01,WR,1,61.6,69.6,,,2026,746,,,PHI
REGULAR_SEASON,,15,66.6,,,,PHI_WR_04,WR,1,70.1,69.5,,,2026,639,,,PHI
REGULAR_SEASON,,17,52.9,54.2,,,PHI_TE_01,TE,1,56.3,57.1,,,2026,675,,,PHI
REGULAR_SEASON,,14,56.4,54.7,,,PHI_TE_02,TE,1,68.1,57.0,,,2026,560,,,PHI
REGULAR_SEASON,,17,89.0,87.3,,,PHI_OT_02,OT,1,,83.9,,,2026,1134,,,PHI
REGULAR_SEASON,,15,66.2,66.0,,,PHI_OT_01,OT,1,,70.2,,,2026,989,,,PHI
REGULAR_SEASON,,17,79.4,72.5,,,PHI_OG_01,OG,1,,76.7,,,2026,1103,,,PHI
REGULAR_SEASON,,13,79.9,70.9,,,PHI_OG_02,OG,1,,77.5,,,2026,837,,,PHI
REGULAR_SEASON,,17,46.1,47.2,,,PHI_C_01,C,1,,46.7,,,2026,1125,,,PHI
REGULAR_SEASON,,17,86.1,,81.2,,PHI_EDGE_01,EDGE,1,,,80.9,,2026,723,,77.2,PHI
REGULAR_SEASON,,16,70.8,,67.7,,PHI_EDGE_02,EDGE,1,,,69.9,,2026,716,,74.8,PHI
REGULAR_SEASON,,17,78.2,,76.4,,PHI_EDGE_05,EDGE,1,,,69.3,,2026,738,,72.3,PHI
REGULAR_SEASON,,17,68.0,,64.1,,PHI_EDGE_03,EDGE,1,,,64.9,,2026,749,,60.9,PHI
REGULAR_SEASON,,17,76.7,,66.0,,PHI_DT_01,DT,1,,,74.7,,2026,650,,67.1,PHI
REGULAR_SEASON,,11,54.3,,55.7,,PHI_DT_02,DT,1,,,50.5,,2026,389,,56.5,PHI
REGULAR_SEASON,,9,48.4,,55.6,,PHI_DT_03,DT,1,,,46.1,,2026,324,,54.3,PHI
REGULAR_SEASON,75.9,1,79.6,,71.0,,PHI_LB_01,LB,0,,,63.3,,2026,49,,87.4,PHI
REGULAR_SEASON,67.6,17,74.7,,71.4,,PHI_LB_02,LB,1,,,75.8,,2026,799,,72.3,PHI
REGULAR_SEASON,53.4,17,58.1,,62.9,,PHI_LB_04,LB,1,,,54.9,,2026,775,,52.0,PHI
REGULAR_SEASON,66.3,17,73.1,,,,PHI_CB_01,CB,1,,,69.1,,2026,843,,73.9,PHI
REGULAR_SEASON,65.6,17,63.9,,,,PHI_CB_02,CB,1,,,62.4,,2026,824,,64.1,PHI
REGULAR_SEASON,59.4,17,67.8,,,,PHI_CB_03,CB,1,,,64.4,,2026,829,,66.2,PHI
REGULAR_SEASON,51.8,17,46.1,,,,PHI_CB_05,CB,1,,,48.8,,2026,849,,51.5,PHI
REGULAR_SEASON,74.9,17,72.6,,,,PHI_S_02,S,1,,,71.4,,2026,861,,76.1,PHI
REGULAR_SEASON,57.4,17,56.4,,,,PHI_S_04,S,1,,,55.9,,2026,868,,58.3,PHI
REGULAR_SEASON,54.3,2,55.7,,,,PHI_S_03,S,0,,,48.8,,2026,109,,64.5,PHI
REGULAR_SEASON,,16,67.8,,,,PHI_K_01,K,1,,,,,2026,96,69.6,,PHI
REGULAR_SEASON,,17,53.8,,,,PHI_P_01,P,1,,,,,2026,85,57.5,,PHI
REGULAR_SEASON,,17,82.2,,,81.6,WAS_QB_01,QB,1,,,,80.4,2026,1074,,,WAS
REGULAR_SEASON,,13,72.4,74.6,,,WAS_RB_01,RB,1,68.1,,,67.4,2026,368,,,WAS
REGULAR_SEASON,,17,64.6,65.5,,,WAS_RB_02,RB,1,67.8,,,66.7,2026,409,,,WAS
REGULAR_SEASON,,9,66.1,56.0,,,WAS_RB_03,RB,0,69.7,,,56.1,2026,165,,,WAS
REGULAR_SEASON,,11,74.1,,,,WAS_WR_02,WR,1,74.1,72.0,,,2026,480,,,WAS
REGULAR_SEASON,,17,62.8,,,,WAS_WR_03,WR,1,69.6,61.9,,,2026,752,,,WAS
REGULAR_SEASON,,17,71.8,,,,WAS_WR_01,WR,1,69.3,66.6,,,2026,714,,,WAS
REGULAR_SEASON,,17,69.0,,,,WAS_WR_06,WR,1,59.2,63.6,,,2026,724,,,WAS
REGULAR_SEASON,,17,56.1,59.3,,,WAS_TE_01,TE,1,61.7,60.2,,,2026,677,,,WAS
REGULAR_SEASON,,17,58.4,56.7,,,WAS_TE_02,TE,1,60.4,61.5,,,2026,675,,,WAS
REGULAR_SEASON,,17,58.5,57.3,,,WAS_OT_01,OT,1,,54.8,,,2026,1132,,,WAS
REGULAR_SEASON,,17,66.3,68.8,,,WAS_OT_02,OT,1,,70.3,,,2026,1139,,,WAS
REGULAR_SEASON,,17,81.7,76.8,,,WAS_OG_02,OG,1,,73.6,,,2026,1128,,,WAS
REGULAR_SEASON,,17,50.1,62.9,,,WAS_OG_01,OG,1,,52.8,,,2026,1089,,,WAS
REGULAR_SEASON,,17,54.7,56.3,,,WAS_C_01,C,1,,52.3,,,2026,1089,,,WAS
REGULAR_SEASON,,14,64.8,,61.3,,WAS_EDGE_02,EDGE,1,,,64.9,,2026,614,,65.6,WAS
REGULAR_SEASON,,17,69.2,,60.3,,WAS_EDGE_01,EDGE,1,,,66.7,,2026,733,,70.6,WAS
REGULAR_SEASON,,13,68.9,,65.8,,WAS_EDGE_05,EDGE,1,,,68.7,,2026,573,,63.7,WAS
REGULAR_SEASON,,17,63.6,,68.7,,WAS_EDGE_03,EDGE,1,,,64.1,,2026,713,,63.3,WAS
REGULAR_SEASON,,17,79.5,,76.3,,WAS_DT_02,DT,1,,,74.9,,2026,645,,78.5,WAS
REGULAR_SEASON,,16,58.7,,60.0,,WAS_DT_01,DT,1,,,61.4,,2026,585,,57.0,WAS
REGULAR_SEASON,,17,46.2,,56.2,,WAS_DT_04,DT,1,,,56.3,,2026,632,,54.3,WAS
REGULAR_SEASON,73.7,12,77.8,,77.2,,WAS_LB_02,LB,1,,,72.8,,2026,527,,73.3,WAS
REGULAR_SEASON,65.6,17,64.4,,57.9,,WAS_LB_01,LB,1,,,69.8,,2026,761,,63.7,WAS
REGULAR_SEASON,54.0,17,58.4,,63.3,,WAS_LB_04,LB,1,,,55.4,,2026,797,,60.2,WAS
REGULAR_SEASON,72.2,12,73.0,,,,WAS_CB_02,CB,1,,,68.4,,2026,582,,66.6,WAS
REGULAR_SEASON,54.0,17,57.4,,,,WAS_CB_01,CB,1,,,57.3,,2026,834,,54.9,WAS
REGULAR_SEASON,68.4,17,66.1,,,,WAS_CB_04,CB,1,,,67.7,,2026,825,,60.3,WAS
REGULAR_SEASON,56.1,17,56.6,,,,WAS_CB_03,CB,1,,,56.9,,2026,858,,56.0,WAS
REGULAR_SEASON,60.6,17,64.6,,,,WAS_S_04,S,1,,,65.5,,2026,915,,64.7,WAS
REGULAR_SEASON,59.0,17,58.8,,,,WAS_S_03,S,1,,,60.3,,2026,899,,58.8,WAS
REGULAR_SEASON,41.1,12,36.8,,,,WAS_S_01,S,1,,,41.4,,2026,605,,45.4,WAS
REGULAR_SEASON,,17,56.4,,,,WAS_K_01,K,1,,,,,2026,102,53.6,,WAS
REGULAR_SEASON,,17,82.5,,,,WAS_P_01,P,1,,,,,2026,85,79.0,,WAS
REGULAR_SEASON,,12,51.9,,,57.4,NYG_QB_01,QB,1,,,,54.0,2026,736,,,NYG
REGULAR_SEASON,,13,54.1,53.4,,,NYG_RB_01,RB,1,58.1,,,61.1,2026,387,,,NYG
REGULAR_SEASON,,14,61.6,59.8,,,NYG_RB_03,RB,1,61.7,,,63.3,2026,297,,,NYG
REGULAR_SEASON,,8,49.4,56.7,,,NYG_RB_02,RB,0,58.0,,,49.0,2026,192,,,NYG
REGULAR_SEASON,,17,49.8,,,,NYG_WR_03,WR,1,48.8,55.0,,,2026,755,,,NYG
REGULAR_SEASON,,17,73.4,,,,NYG_WR_02,WR,1,66.9,74.7,,,2026,745,,,NYG
REGULAR_SEASON,,12,58.4,,,,NYG_WR_01,WR,1,52.5,58.8,,,2026,531,,,NYG
REGULAR_SEASON,,17,65.1,,,,NYG_WR_05,WR,1,56.7,59.7,,,2026,722,,,NYG
REGULAR_SEASON,,17,66.9,70.1,,,NYG_TE_01,TE,1,66.3,63.1,,,2026,657,,,NYG
REGULAR_SEASON,,3,59.7,61.4,,,NYG_TE_02,TE,0,73.4,52.9,,,2026,135,,,NYG
REGULAR_SEASON,,14,74.2,72.6,,,NYG_OT_02,OT,1,,70.1,,,2026,909,,,NYG
REGULAR_SEASON,,14,58.6,59.0,,,NYG_OT_01,OT,1,,65.1,,,2026,937,,,NYG
REGULAR_SEASON,,15,59.8,57.7,,,NYG_OG_02,OG,1,,61.1,,,2026,982,,,NYG
REGULAR_SEASON,,17,53.9,55.0,,,NYG_OG_01,OG,1,,59.2,,,2026,1130,,,NYG
REGULAR_SEASON,,16,65.7,62.2,,,NYG_C_01,C,1,,63.0,,,2026,1053,,,NYG
REGULAR_SEASON,,17,63.2,,63.5,,NYG_EDGE_01,EDGE,1,,,66.8,,2026,729,,62.0,NYG
REGULAR_SEASON,,17,64.5,,59.9,,NYG_EDGE_02,EDGE,1,,,63.7,,2026,741,,65.9,NYG
REGULAR_SEASON,,15,55.4,,59.6,,NYG_EDGE_04,EDGE,1,,,57.9,,2026,675,,54.8,NYG
REGULAR_SEASON,,17,55.0,,54.8,,NYG_EDGE_05,EDGE,1,,,56.9,,2026,759,,56.5,NYG
REGULAR_SEASON,,16,55.0,,65.6,,NYG_DT_04,DT,1,,,60.7,,2026,594,,54.6,NYG
REGULAR_SEASON,,12,48.4,,49.2,,NYG_DT_02,DT,1,,,52.1,,2026,426,,50.0,NYG
REGULAR_SEASON,,17,51.4,,52.1,,NYG_DT_03,DT,1,,,52.6,,2026,648,,54.6,NYG
REGULAR_SEASON,79.9,17,87.7,,78.9,,NYG_LB_01,LB,1,,,80.3,,2026,774,,82.3,NYG
REGULAR_SEASON,50.6,12,49.0,,40.4,,NYG_LB_02,LB,1,,,46.6,,2026,545,,49.4,NYG
REGULAR_SEASON,52.0,17,43.8,,47.6,,NYG_LB_03,LB,1,,,49.9,,2026,765,,47.1,NYG
REGULAR_SEASON,63.3,15,65.8,,,,NYG_CB_02,CB,1,,,64.8,,2026,720,,64.8,NYG
REGULAR_SEASON,59.7,17,50.9,,,,NYG_CB_01,CB,1,,,53.4,,2026,831,,56.8,NYG
REGULAR_SEASON,57.0,17,61.1,,,,NYG_CB_03,CB,1,,,69.2,,2026,859,,64.3,NYG
REGULAR_SEASON,67.9,6,66.7,,,,NYG_CB_04,CB,0,,,63.7,,2026,294,,64.9,NYG
REGULAR_SEASON,61.1,17,61.9,,,,NYG_S_01,S,1,,,62.0,,2026,837,,58.7,NYG
REGULAR_SEASON,61.9,17,59.5,,,,NYG_S_03,S,1,,,58.0,,2026,867,,59.5,NYG
REGULAR_SEASON,61.4,17,59.3,,,,NYG_S_02,S,1,,,64.1,,2026,890,,60.1,NYG
REGULAR_SEASON,,12,65.6,,,,NYG_K_01,K,1,,,,,2026,72,55.1,,NYG
REGULAR_SEASON,,17,44.5,,,,NYG_P_01,P,1,,,,,2026,85,44.7,,NYG
REGULAR_SEASON,,17,59.6,,,62.5,DAL_QB_02,QB,1,,,,67.1,2026,1089,,,DAL
REGULAR_SEASON,,17,59.2,61.0,,,DAL_RB_01,RB,1,58.5,,,63.6,2026,473,,,DAL
REGULAR_SEASON,,17,50.1,50.5,,,DAL_RB_03,RB,1,55.4,,,52.9,2026,345,,,DAL
REGULAR_SEASON,,17,58.2,57.5,,,DAL_RB_02,RB,1,59.6,,,52.9,2026,265,,,DAL
REGULAR_SEASON,,17,70.1,,,,DAL_WR_02,WR,1,65.4,68.1,,,2026,738,,,DAL
REGULAR_SEASON,,17,82.8,,,,DAL_WR_03,WR,1,72.4,73.4,,,2026,724,,,DAL
REGULAR_SEASON,,12,74.5,,,,DAL_WR_01,WR,1,70.1,77.2,,,2026,533,,,DAL
REGULAR_SEASON,,9,46.3,,,,DAL_WR_05,WR,1,54.6,54.1,,,2026,386,,,DAL
REGULAR_SEASON,,17,65.5,67.5,,,DAL_TE_01,TE,1,61.2,59.7,,,2026,662,,,DAL
REGULAR_SEASON,,17,45.0,50.5,,,DAL_TE_03,TE,1,52.3,56.2,,,2026,669,,,DAL
REGULAR_SEASON,,15,69.0,62.2,,,DAL_OT_02,OT,1,,60.2,,,2026,982,,,DAL
REGULAR_SEASON,,3,66.5,68.5,,,DAL_OT_04,OT,0,,69.9,,,2026,195,,,DAL
REGULAR_SEASON,,15,77.7,78.2,,,DAL_OG_02,OG,1,,80.8,,,2026,1004,,,DAL
REGULAR_SEASON,,17,79.0,74.7,,,DAL_OG_01,OG,1,,74.1,,,2026,1092,,,DAL
REGULAR_SEASON,,17,80.4,81.3,,,DAL_C_01,C,1,,73.6,,,2026,1118,,,DAL
REGULAR_SEASON,,17,87.8,,83.8,,DAL_EDGE_02,EDGE,1,,,80.5,,2026,745,,79.7,DAL
REGULAR_SEASON,,17,56.8,,58.7,,DAL_EDGE_03,EDGE,1,,,60.9,,2026,735,,64.0,DAL
REGULAR_SEASON,,17,67.9,,62.3,,DAL_EDGE_01,EDGE,1,,,70.9,,2026,753,,63.6,DAL
REGULAR_SEASON,,17,66.3,,68.0,,DAL_EDGE_05,EDGE,1,,,55.0,,2026,735,,64.9,DAL
REGULAR_SEASON,,17,61.0,,59.2,,DAL_DT_03,DT,1,,,65.7,,2026,644,,64.3,DAL
REGULAR_SEASON,,17,51.7,,54.6,,DAL_DT_02,DT,1,,,52.6,,2026,637,,55.3,DAL
REGULAR_SEASON,,17,60.3,,58.3,,DAL_DT_05,DT,1,,,58.3,,2026,621,,61.9,DAL
REGULAR_SEASON,73.4,17,77.4,,70.5,,DAL_LB_02,LB,1,,,69.8,,2026,779,,70.5,DAL
REGULAR_SEASON,48.3,17,52.7,,59.4,,DAL_LB_01,LB,1,,,53.2,,2026,775,,58.5,DAL
REGULAR_SEASON,52.3,17,53.5,,63.9,,DAL_LB_04,LB,1,,,52.1,,2026,798,,57.1,DAL
REGULAR_SEASON,76.1,17,76.5,,,,DAL_CB_03,CB,1,,,72.5,,2026,845,,76.5,DAL
REGULAR_SEASON,67.4,17,69.2,,,,DAL_CB_02,CB,1,,,66.7,,2026,859,,69.4,DAL
REGULAR_SEASON,70.2,9,64.5,,,,DAL_CB_05,CB,1,,,60.3,,2026,461,,65.6,DAL
REGULAR_SEASON,56.4,9,59.5,,,,DAL_CB_01,CB,1,,,57.0,,2026,465,,59.1,DAL
REGULAR_SEASON,91.3,9,87.7,,,,DAL_S_02,S,1,,,76.2,,2026,452,,90.0,DAL
REGULAR_SEASON,59.8,17,55.3,,,,DAL_S_01,S,1,,,62.1,,2026,869,,55.8,DAL
REGULAR_SEASON,53.1,16,48.8,,,,DAL_S_04,S,1,,,55.7,,2026,845,,52.6,DAL
REGULAR_SEASON,,17,72.9,,,,DAL_K_01,K,1,,,,,2026,102,69.6,,DAL
REGULAR_SEASON,,17,61.3,,,,DAL_P_01,P,1,,,,,2026,85,67.2,,DAL
REGULAR_SEASON,,2,43.3,,52.3,,NYG_EDGE_03,EDGE,0,,,61.1,,2026,92,,50.6,NYG
REGULAR_SEASON,73.3,5,71.2,,70.6,,NYG_LB_04,LB,0,,,67.5,,2026,248,,65.4,NYG
REGULAR_SEASON,65.9,13,67.8,,,,NYG_CB_05,CB,1,,,64.4,,2026,661,,64.5,NYG
REGULAR_SEASON,,16,70.4,,,,NE_WR_02,WR,1,66.4,71.5,,,2026,704,,,NE
REGULAR_SEASON,,4,66.6,57.8,,,NE_OT_01,OT,0,,61.1,,,2026,279,,,NE
REGULAR_SEASON,,17,60.8,,,67.5,BAL_QB_01,QB,1,,,,61.5,2026,1085,,,BAL
REGULAR_SEASON,,17,71.7,71.0,,,BAL_RB_01,RB,1,65.0,,,69.9,2026,485,,,BAL
REGULAR_SEASON,,17,50.6,50.0,,,BAL_RB_02,RB,1,58.5,,,47.9,2026,319,,,BAL
REGULAR_SEASON,,17,59.5,60.2,,,BAL_RB_03,RB,1,56.0,,,61.1,2026,262,,,BAL
REGULAR_SEASON,,17,75.5,,,,BAL_WR_02,WR,1,71.3,74.1,,,2026,736,,,BAL
REGULAR_SEASON,,17,63.2,,,,BAL_WR_01,WR,1,65.1,63.7,,,2026,727,,,BAL
REGULAR_SEASON,,14,52.3,,,,BAL_WR_04,WR,1,54.8,58.2,,,2026,633,,,BAL
REGULAR_SEASON,,5,70.8,,,,BAL_WR_05,WR,0,75.9,72.4,,,2026,228,,,BAL
REGULAR_SEASON,,17,88.1,79.5,,,BAL_TE_01,TE,1,84.7,80.9,,,2026,681,,,BAL
REGULAR_SEASON,,17,56.1,56.5,,,BAL_TE_03,TE,1,61.0,57.6,,,2026,668,,,BAL
REGULAR_SEASON,,13,56.5,58.0,,,BAL_OT_02,OT,1,,59.4,,,2026,839,,,BAL
REGULAR_SEASON,,17,52.6,57.6,,,BAL_OT_01,OT,1,,54.5,,,2026,1123,,,BAL
REGULAR_SEASON,,17,74.7,73.4,,,BAL_OG_02,OG,1,,73.6,,,2026,1115,,,BAL
REGULAR_SEASON,,15,61.9,63.7,,,BAL_OG_01,OG,1,,57.4,,,2026,993,,,BAL
REGULAR_SEASON,,17,54.3,57.3,,,BAL_C_01,C,1,,60.5,,,2026,1100,,,BAL
REGULAR_SEASON,,15,83.1,,73.6,,BAL_EDGE_02,EDGE,1,,,78.9,,2026,639,,70.9,BAL
REGULAR_SEASON,,17,76.3,,71.4,,BAL_EDGE_01,EDGE,1,,,71.8,,2026,724,,69.8,BAL
REGULAR_SEASON,,17,61.4,,63.6,,BAL_EDGE_03,EDGE,1,,,70.7,,2026,734,,65.8,BAL
REGULAR_SEASON,,17,71.9,,74.8,,BAL_EDGE_04,EDGE,1,,,63.6,,2026,725,,67.8,BAL
REGULAR_SEASON,,17,71.7,,71.4,,BAL_DT_01,DT,1,,,64.7,,2026,611,,72.4,BAL
REGULAR_SEASON,,7,73.6,,73.1,,BAL_DT_02,DT,0,,,59.8,,2026,270,,68.2,BAL
REGULAR_SEASON,,13,60.5,,58.6,,BAL_DT_03,DT,1,,,62.1,,2026,474,,62.7,BAL
REGULAR_SEASON,66.2,15,67.7,,69.1,,BAL_LB_02,LB,1,,,63.1,,2026,662,,63.6,BAL
REGULAR_SEASON,75.2,17,71.8,,70.9,,BAL_LB_01,LB,1,,,70.5,,2026,760,,74.4,BAL
REGULAR_SEASON,68.6,17,72.9,,66.3,,BAL_LB_03,LB,1,,,63.7,,2026,768,,72.5,BAL
REGULAR_SEASON,72.6,9,87.3,,,,BAL_CB_03,CB,1,,,72.2,,2026,434,,75.2,BAL
REGULAR_SEASON,76.4,17,75.5,,,,BAL_CB_01,CB,1,,,74.7,,2026,828,,74.3,BAL
REGULAR_SEASON,66.3,17,66.0,,,,BAL_CB_02,CB,1,,,65.8,,2026,859,,69.6,BAL
REGULAR_SEASON,61.2,17,67.3,,,,BAL_CB_06,CB,1,,,62.8,,2026,824,,67.6,BAL
REGULAR_SEASON,56.9,13,60.4,,,,BAL_S_03,S,1,,,60.7,,2026,659,,57.4,BAL
REGULAR_SEASON,67.8,17,64.0,,,,BAL_S_02,S,1,,,62.9,,2026,895,,66.7,BAL
REGULAR_SEASON,58.8,17,59.2,,,,BAL_S_04,S,1,,,59.4,,2026,891,,55.1,BAL
REGULAR_SEASON,,17,43.8,,,,BAL_K_01,K,1,,,,,2026,102,50.5,,BAL
REGULAR_SEASON,,6,59.9,,54.5,,DET_EDGE_05,EDGE,0,,,65.8,,2026,258,,56.5,DET
REGULAR_SEASON,,17,62.1,,,63.9,TEN_QB_01,QB,1,,,,61.6,2026,1082,,,TEN
REGULAR_SEASON,,17,62.6,65.0,,,TEN_RB_01,RB,1,63.9,,,63.8,2026,498,,,TEN
REGULAR_SEASON,,17,57.4,61.7,,,TEN_RB_02,RB,1,63.8,,,61.9,2026,334,,,TEN
REGULAR_SEASON,,17,38.4,43.2,,,TEN_RB_03,RB,1,47.4,,,45.2,2026,274,,,TEN
REGULAR_SEASON,,17,84.5,,,,TEN_WR_01,WR,1,82.7,78.0,,,2026,751,,,TEN
REGULAR_SEASON,,14,80.6,,,,TEN_WR_03,WR,1,78.0,70.8,,,2026,584,,,TEN
REGULAR_SEASON,,17,68.9,,,,TEN_WR_02,WR,1,65.1,65.6,,,2026,735,,,TEN
REGULAR_SEASON,,12,73.2,,,,TEN_WR_05,WR,1,69.8,72.6,,,2026,502,,,TEN
REGULAR_SEASON,,17,79.0,76.8,,,TEN_TE_03,TE,1,76.4,72.9,,,2026,688,,,TEN
REGULAR_SEASON,,17,62.3,62.2,,,TEN_TE_01,TE,1,61.2,57.5,,,2026,683,,,TEN
REGULAR_SEASON,,10,81.1,69.0,,,TEN_OT_01,OT,1,,69.0,,,2026,631,,,TEN
REGULAR_SEASON,,17,63.7,61.2,,,TEN_OT_04,OT,1,,63.7,,,2026,1090,,,TEN
REGULAR_SEASON,,16,67.3,71.3,,,TEN_OG_04,OG,1,,64.9,,,2026,1064,,,TEN
REGULAR_SEASON,,10,62.6,57.9,,,TEN_OG_01,OG,1,,69.3,,,2026,637,,,TEN
REGULAR_SEASON,,14,82.4,72.6,,,TEN_C_01,C,1,,81.4,,,2026,920,,,TEN
REGULAR_SEASON,,15,72.4,,68.3,,TEN_EDGE_02,EDGE,1,,,65.3,,2026,645,,72.0,TEN
REGULAR_SEASON,,17,73.4,,70.1,,TEN_EDGE_01,EDGE,1,,,73.0,,2026,736,,69.6,TEN
REGULAR_SEASON,,17,66.1,,67.0,,TEN_EDGE_03,EDGE,1,,,69.0,,2026,756,,63.2,TEN
REGULAR_SEASON,,4,56.0,,55.5,,TEN_EDGE_05,EDGE,0,,,64.3,,2026,167,,42.3,TEN
REGULAR_SEASON,,17,85.0,,80.1,,TEN_DT_02,DT,1,,,82.0,,2026,635,,74.8,TEN
REGULAR_SEASON,,17,67.8,,69.6,,TEN_DT_01,DT,1,,,68.1,,2026,655,,70.5,TEN
REGULAR_SEASON,,17,74.0,,71.2,,TEN_DT_04,DT,1,,,72.5,,2026,649,,79.2,TEN
REGULAR_SEASON,71.0,15,71.7,,66.6,,TEN_LB_01,LB,1,,,70.2,,2026,686,,68.0,TEN
REGULAR_SEASON,65.2,17,64.2,,66.6,,TEN_LB_04,LB,1,,,60.8,,2026,778,,65.7,TEN
REGULAR_SEASON,61.5,13,67.2,,65.5,,TEN_LB_02,LB,1,,,63.6,,2026,603,,63.5,TEN
REGULAR_SEASON,69.8,17,75.3,,,,TEN_CB_03,CB,1,,,74.2,,2026,822,,69.4,TEN
REGULAR_SEASON,71.1,17,75.0,,,,TEN_CB_02,CB,1,,,73.4,,2026,834,,74.4,TEN
REGULAR_SEASON,61.2,17,61.9,,,,TEN_CB_01,CB,1,,,64.6,,2026,848,,54.1,TEN
REGULAR_SEASON,71.8,17,75.8,,,,TEN_CB_06,CB,1,,,76.2,,2026,807,,69.2,TEN
REGULAR_SEASON,70.9,17,75.4,,,,TEN_S_01,S,1,,,73.9,,2026,873,,71.8,TEN
REGULAR_SEASON,67.9,17,72.4,,,,TEN_S_02,S,1,,,66.4,,2026,912,,71.0,TEN
REGULAR_SEASON,69.2,17,69.8,,,,TEN_S_03,S,1,,,68.6,,2026,889,,70.3,TEN
REGULAR_SEASON,,13,61.5,,,,TEN_K_01,K,1,,,,,2026,78,65.9,,TEN
REGULAR_SEASON,,17,75.3,,,,TEN_P_01,P,1,,,,,2026,85,70.6,,TEN
REGULAR_SEASON,,17,76.2,,,68.2,TB_QB_01,QB,1,,,,67.2,2026,1076,,,TB
REGULAR_SEASON,,17,74.2,66.0,,,TB_RB_01,RB,1,74.1,,,76.2,2026,503,,,TB
REGULAR_SEASON,,17,52.4,61.9,,,TB_RB_02,RB,1,50.7,,,52.7,2026,330,,,TB
REGULAR_SEASON,,17,54.7,61.4,,,TB_RB_03,RB,1,58.7,,,54.7,2026,275,,,TB
REGULAR_SEASON,,9,57.1,,,,TB_WR_01,WR,1,62.7,57.5,,,2026,400,,,TB
REGULAR_SEASON,,17,67.8,,,,TB_WR_02,WR,1,67.1,63.6,,,2026,728,,,TB
REGULAR_SEASON,,17,48.7,,,,TB_WR_04,WR,1,54.7,52.6,,,2026,763,,,TB
REGULAR_SEASON,,12,49.0,,,,TB_WR_06,WR,1,52.6,60.8,,,2026,547,,,TB
REGULAR_SEASON,,17,58.4,60.8,,,TB_TE_01,TE,1,56.5,57.7,,,2026,658,,,TB
REGULAR_SEASON,,17,66.0,65.1,,,TB_TE_03,TE,1,62.5,68.2,,,2026,677,,,TB
REGULAR_SEASON,,17,68.9,75.9,,,TB_OT_02,OT,1,,73.1,,,2026,1156,,,TB
REGULAR_SEASON,,12,64.9,65.8,,,TB_OT_01,OT,1,,66.6,,,2026,805,,,TB
REGULAR_SEASON,,17,56.9,59.0,,,TB_OG_01,OG,1,,59.9,,,2026,1128,,,TB
REGULAR_SEASON,,17,74.9,67.5,,,TB_OG_03,OG,1,,72.8,,,2026,1119,,,TB
REGULAR_SEASON,,17,77.3,76.4,,,TB_C_01,C,1,,73.9,,,2026,1157,,,TB
REGULAR_SEASON,,17,70.7,,68.2,,TB_EDGE_02,EDGE,1,,,73.8,,2026,752,,70.5,TB
REGULAR_SEASON,,14,62.7,,66.1,,TB_EDGE_01,EDGE,1,,,64.4,,2026,613,,65.6,TB
REGULAR_SEASON,,17,69.2,,68.3,,TB_EDGE_03,EDGE,1,,,66.7,,2026,734,,67.4,TB
REGULAR_SEASON,,17,62.8,,63.0,,TB_EDGE_04,EDGE,1,,,59.7,,2026,737,,66.1,TB
REGULAR_SEASON,,16,73.8,,70.6,,TB_DT_02,DT,1,,,67.7,,2026,583,,74.4,TB
REGULAR_SEASON,,17,63.6,,61.4,,TB_DT_01,DT,1,,,65.3,,2026,638,,62.5,TB
REGULAR_SEASON,,17,75.3,,73.8,,TB_DT_03,DT,1,,,71.3,,2026,622,,77.0,TB
REGULAR_SEASON,67.7,17,69.5,,68.1,,TB_LB_02,LB,1,,,67.6,,2026,794,,71.1,TB
REGULAR_SEASON,60.9,16,62.6,,59.2,,TB_LB_05,LB,1,,,66.8,,2026,719,,67.3,TB
REGULAR_SEASON,63.9,17,67.0,,64.8,,TB_LB_01,LB,1,,,60.9,,2026,756,,71.9,TB
REGULAR_SEASON,64.2,15,70.4,,,,TB_CB_03,CB,1,,,68.3,,2026,749,,67.6,TB
REGULAR_SEASON,60.3,17,61.0,,,,TB_CB_02,CB,1,,,59.2,,2026,856,,56.4,TB
REGULAR_SEASON,71.6,17,69.6,,,,TB_CB_05,CB,1,,,66.8,,2026,824,,68.0,TB
REGULAR_SEASON,60.0,16,62.4,,,,TB_CB_04,CB,1,,,56.9,,2026,796,,55.0,TB
REGULAR_SEASON,79.6,17,89.8,,,,TB_S_01,S,1,,,82.7,,2026,894,,80.1,TB
REGULAR_SEASON,59.5,17,52.0,,,,TB_S_03,S,1,,,55.5,,2026,891,,56.1,TB
REGULAR_SEASON,49.2,2,48.1,,,,TB_S_04,S,0,,,48.1,,2026,110,,58.1,TB
REGULAR_SEASON,,17,43.2,,,,TB_K_01,K,1,,,,,2026,102,42.8,,TB
REGULAR_SEASON,,17,76.8,,,,TB_P_01,P,1,,,,,2026,85,81.6,,TB
REGULAR_SEASON,,3,31.3,,,,ARI_WR_04,WR,0,44.7,49.8,,,2026,146,,,ARI
REGULAR_SEASON,,16,69.5,67.6,,,LAC_C_01,C,1,,64.1,,,2026,1026,,,LAC
REGULAR_SEASON,,17,83.0,,,74.8,NYJ_QB_01,QB,1,,,,76.4,2026,1075,,,NYJ
REGULAR_SEASON,,17,68.9,70.3,,,NYJ_RB_03,RB,1,62.5,,,62.1,2026,513,,,NYJ
REGULAR_SEASON,,17,65.1,59.1,,,NYJ_RB_01,RB,1,67.7,,,64.5,2026,350,,,NYJ
REGULAR_SEASON,,13,47.5,47.7,,,NYJ_RB_02,RB,0,59.5,,,50.9,2026,189,,,NYJ
REGULAR_SEASON,,17,69.2,,,,NYJ_WR_02,WR,1,72.0,74.3,,,2026,713,,,NYJ
REGULAR_SEASON,,17,78.1,,,,NYJ_WR_03,WR,1,72.8,70.4,,,2026,764,,,NYJ
REGULAR_SEASON,,17,72.7,,,,NYJ_WR_01,WR,1,71.0,71.1,,,2026,737,,,NYJ
REGULAR_SEASON,,17,57.0,,,,NYJ_WR_06,WR,1,57.9,58.3,,,2026,696,,,NYJ
REGULAR_SEASON,,17,73.9,65.9,,,NYJ_TE_01,TE,1,76.9,70.5,,,2026,646,,,NYJ
REGULAR_SEASON,,17,69.5,62.8,,,NYJ_TE_03,TE,1,69.9,69.7,,,2026,673,,,NYJ
REGULAR_SEASON,,16,85.9,83.5,,,NYJ_OT_01,OT,1,,78.0,,,2026,1037,,,NYJ
REGULAR_SEASON,,12,68.3,65.1,,,NYJ_OT_04,OT,1,,68.4,,,2026,795,,,NYJ
REGULAR_SEASON,,17,41.9,49.6,,,NYJ_OG_01,OG,1,,45.1,,,2026,1118,,,NYJ
REGULAR_SEASON,,17,64.8,66.2,,,NYJ_OG_02,OG,1,,62.1,,,2026,1129,,,NYJ
REGULAR_SEASON,,17,77.4,73.3,,,NYJ_C_01,C,1,,72.3,,,2026,1128,,,NYJ
REGULAR_SEASON,,14,73.7,,64.5,,NYJ_EDGE_04,EDGE,1,,,70.4,,2026,626,,69.7,NYJ
REGULAR_SEASON,,17,71.2,,66.5,,NYJ_EDGE_01,EDGE,1,,,71.9,,2026,729,,67.9,NYJ
REGULAR_SEASON,,15,79.9,,74.9,,NYJ_EDGE_02,EDGE,1,,,74.2,,2026,629,,74.5,NYJ
REGULAR_SEASON,,17,70.5,,67.2,,NYJ_EDGE_05,EDGE,1,,,70.7,,2026,728,,67.9,NYJ
REGULAR_SEASON,,17,69.8,,67.8,,NYJ_DT_02,DT,1,,,68.9,,2026,642,,67.5,NYJ
REGULAR_SEASON,,1,53.0,,45.3,,NYJ_DT_01,DT,0,,,71.8,,2026,31,,53.6,NYJ
REGULAR_SEASON,,16,63.8,,68.9,,NYJ_DT_03,DT,1,,,64.3,,2026,613,,64.7,NYJ
REGULAR_SEASON,60.8,17,56.9,,54.6,,NYJ_LB_01,LB,1,,,61.9,,2026,767,,58.2,NYJ
REGULAR_SEASON,49.0,17,50.2,,49.3,,NYJ_LB_02,LB,1,,,50.6,,2026,761,,53.4,NYJ
REGULAR_SEASON,56.0,17,54.0,,57.5,,NYJ_LB_04,LB,1,,,51.4,,2026,775,,54.3,NYJ
REGULAR_SEASON,67.1,17,68.0,,,,NYJ_CB_03,CB,1,,,68.7,,2026,836,,67.8,NYJ
REGULAR_SEASON,73.1,17,70.6,,,,NYJ_CB_01,CB,1,,,66.1,,2026,859,,63.6,NYJ
REGULAR_SEASON,67.9,17,62.7,,,,NYJ_CB_04,CB,1,,,57.6,,2026,828,,58.5,NYJ
REGULAR_SEASON,57.0,1,55.1,,,,NYJ_CB_06,CB,0,,,53.8,,2026,48,,35.6,NYJ
REGULAR_SEASON,80.1,17,82.3,,,,NYJ_S_02,S,1,,,84.8,,2026,880,,75.6,NYJ
REGULAR_SEASON,63.1,17,66.7,,,,NYJ_S_01,S,1,,,62.8,,2026,861,,64.1,NYJ
REGULAR_SEASON,54.2,17,41.7,,,,NYJ_S_03,S,1,,,49.8,,2026,868,,45.1,NYJ
REGULAR_SEASON,,16,75.3,,,,NYJ_K_01,K,1,,,,,2026,96,72.8,,NYJ
REGULAR_SEASON,,15,71.9,,,,NYJ_P_01,P,1,,,,,2026,75,73.6,,NYJ
REGULAR_SEASON,78.1,6,83.4,,,,DEN_S_04,S,0,,,75.1,,2026,304,,78.8,DEN
REGULAR_SEASON,,1,62.5,87.4,,,CHI_OT_04,OT,0,,60.1,,,2026,67,,,CHI
REGULAR_SEASON,65.0,3,68.5,,,,MIA_S_01,S,0,,,59.8,,2026,162,,62.5,MIA
REGULAR_SEASON,,17,66.2,,,62.5,ATL_QB_01,QB,1,,,,65.4,2026,1113,,,ATL
REGULAR_SEASON,,17,57.2,61.1,,,ATL_RB_01,RB,1,63.0,,,55.0,2026,476,,,ATL
REGULAR_SEASON,,17,54.8,57.3,,,ATL_RB_02,RB,1,63.4,,,58.6,2026,366,,,ATL
REGULAR_SEASON,,17,34.0,44.1,,,ATL_RB_03,RB,1,38.1,,,41.3,2026,245,,,ATL
REGULAR_SEASON,,17,68.4,,,,ATL_WR_01,WR,1,64.5,67.6,,,2026,723,,,ATL
REGULAR_SEASON,,17,60.8,,,,ATL_WR_03,WR,1,62.1,56.2,,,2026,763,,,ATL
REGULAR_SEASON,,17,68.3,,,,ATL_WR_02,WR,1,69.3,69.2,,,2026,740,,,ATL
REGULAR_SEASON,,17,74.2,,,,ATL_WR_05,WR,1,75.4,72.1,,,2026,744,,,ATL
REGULAR_SEASON,,17,76.4,76.1,,,ATL_TE_01,TE,1,73.1,77.5,,,2026,676,,,ATL
REGULAR_SEASON,,1,91.9,92.2,,,ATL_TE_02,TE,0,83.7,86.8,,,2026,35,,,ATL
REGULAR_SEASON,,17,74.3,67.8,,,ATL_OT_01,OT,1,,70.0,,,2026,1137,,,ATL
REGULAR_SEASON,,17,70.6,71.3,,,ATL_OT_02,OT,1,,70.8,,,2026,1089,,,ATL
REGULAR_SEASON,,16,74.7,71.4,,,ATL_OG_01,OG,1,,76.4,,,2026,1053,,,ATL
REGULAR_SEASON,,17,59.6,64.9,,,ATL_OG_02,OG,1,,60.3,,,2026,1146,,,ATL
REGULAR_SEASON,,17,73.1,77.1,,,ATL_C_02,C,1,,61.4,,,2026,1125,,,ATL
REGULAR_SEASON,,17,78.0,,67.6,,ATL_EDGE_01,EDGE,1,,,72.9,,2026,767,,71.5,ATL
REGULAR_SEASON,,17,69.9,,61.4,,ATL_EDGE_02,EDGE,1,,,61.0,,2026,727,,71.9,ATL
REGULAR_SEASON,,14,77.0,,74.6,,ATL_EDGE_04,EDGE,1,,,77.5,,2026,590,,68.4,ATL
REGULAR_SEASON,,17,73.6,,72.1,,ATL_EDGE_03,EDGE,1,,,65.0,,2026,721,,68.6,ATL
REGULAR_SEASON,,17,67.6,,66.8,,ATL_DT_02,DT,1,,,62.3,,2026,627,,65.9,ATL
REGULAR_SEASON,,17,80.3,,77.6,,ATL_DT_01,DT,1,,,77.8,,2026,650,,75.0,ATL
REGULAR_SEASON,,7,65.9,,71.6,,ATL_DT_03,DT,0,,,64.0,,2026,261,,67.3,ATL
REGULAR_SEASON,79.9,17,85.3,,75.4,,ATL_LB_01,LB,1,,,79.2,,2026,770,,79.1,ATL
REGULAR_SEASON,71.2,14,74.7,,72.9,,ATL_LB_02,LB,1,,,76.1,,2026,645,,69.0,ATL
REGULAR_SEASON,56.7,6,60.8,,58.6,,ATL_LB_03,LB,0,,,56.4,,2026,283,,64.1,ATL
REGULAR_SEASON,78.4,17,83.2,,,,ATL_CB_03,CB,1,,,81.9,,2026,869,,78.5,ATL
REGULAR_SEASON,76.2,17,85.7,,,,ATL_CB_02,CB,1,,,84.1,,2026,834,,81.4,ATL
REGULAR_SEASON,68.2,15,74.0,,,,ATL_CB_01,CB,1,,,65.7,,2026,741,,71.8,ATL
REGULAR_SEASON,61.6,17,58.1,,,,ATL_CB_05,CB,1,,,60.9,,2026,822,,61.6,ATL
REGULAR_SEASON,73.7,13,73.8,,,,ATL_S_01,S,1,,,67.3,,2026,658,,73.4,ATL
REGULAR_SEASON,66.8,17,72.3,,,,ATL_S_02,S,1,,,70.6,,2026,889,,69.2,ATL
REGULAR_SEASON,64.7,16,60.5,,,,ATL_S_04,S,1,,,62.9,,2026,845,,60.5,ATL
REGULAR_SEASON,,17,61.3,,,,ATL_K_01,K,1,,,,,2026,102,58.8,,ATL
REGULAR_SEASON,,17,64.2,,,,ATL_P_01,P,1,,,,,2026,85,65.3,,ATL
REGULAR_SEASON,,6,66.3,66.4,,,CIN_OT_02,OT,0,,66.3,,,2026,395,,,CIN
REGULAR_SEASON,54.8,6,58.0,,55.4,,CIN_LB_04,LB,0,,,65.6,,2026,265,,56.0,CIN
REGULAR_SEASON,57.9,16,56.2,,,,KC_CB_04,CB,1,,,56.7,,2026,814,,63.5,KC
REGULAR_SEASON,,17,77.9,,,72.9,LV_QB_01,QB,1,,,,78.8,2026,1083,,,LV
REGULAR_SEASON,,17,63.2,62.4,,,LV_RB_01,RB,1,64.3,,,62.7,2026,497,,,LV
REGULAR_SEASON,,15,61.1,63.4,,,LV_RB_02,RB,1,61.5,,,61.8,2026,293,,,LV
REGULAR_SEASON,,17,40.7,48.8,,,LV_RB_03,RB,1,43.3,,,41.6,2026,275,,,LV
REGULAR_SEASON,,17,72.6,,,,LV_WR_01,WR,1,66.6,70.9,,,2026,741,,,LV
REGULAR_SEASON,,17,69.2,,,,LV_WR_02,WR,1,66.8,67.9,,,2026,754,,,LV
REGULAR_SEASON,,17,53.3,,,,LV_WR_03,WR,1,56.5,53.7,,,2026,766,,,LV
REGULAR_SEASON,,17,73.9,,,,LV_WR_05,WR,1,72.7,69.3,,,2026,758,,,LV
REGULAR_SEASON,,17,66.7,62.4,,,LV_TE_01,TE,1,68.8,63.1,,,2026,655,,,LV
REGULAR_SEASON,,17,57.8,64.5,,,LV_TE_03,TE,1,54.3,58.6,,,2026,652,,,LV
REGULAR_SEASON,,17,89.5,78.5,,,LV_OT_02,OT,1,,81.8,,,2026,1117,,,LV
REGULAR_SEASON,,16,84.2,70.3,,,LV_OT_01,OT,1,,73.4,,,2026,1073,,,LV
REGULAR_SEASON,,13,72.1,68.3,,,LV_OG_01,OG,1,,63.9,,,2026,859,,,LV
REGULAR_SEASON,,15,59.5,61.9,,,LV_OG_02,OG,1,,60.3,,,2026,997,,,LV
REGULAR_SEASON,,16,63.1,65.0,,,LV_C_01,C,1,,69.2,,,2026,1053,,,LV
REGULAR_SEASON,,12,64.7,,61.0,,LV_EDGE_02,EDGE,1,,,64.3,,2026,516,,63.1,LV
REGULAR_SEASON,,17,82.4,,76.0,,LV_EDGE_04,EDGE,1,,,74.8,,2026,751,,75.5,LV
REGULAR_SEASON,,17,58.8,,62.6,,LV_EDGE_01,EDGE,1,,,57.1,,2026,742,,62.2,LV
REGULAR_SEASON,,15,76.9,,70.5,,LV_EDGE_03,EDGE,1,,,71.2,,2026,670,,75.6,LV
REGULAR_SEASON,,15,78.7,,74.1,,LV_DT_01,DT,1,,,70.5,,2026,584,,76.6,LV
REGULAR_SEASON,,10,63.9,,65.7,,LV_DT_02,DT,1,,,65.6,,2026,388,,62.7,LV
REGULAR_SEASON,,17,66.1,,67.5,,LV_DT_03,DT,1,,,68.7,,2026,616,,66.0,LV
REGULAR_SEASON,73.4,17,77.5,,73.4,,LV_LB_01,LB,1,,,73.3,,2026,772,,72.8,LV
REGULAR_SEASON,52.8,17,56.4,,52.6,,LV_LB_02,LB,1,,,55.7,,2026,803,,63.8,LV
REGULAR_SEASON,59.9,17,64.7,,62.2,,LV_LB_03,LB,1,,,68.0,,2026,807,,65.2,LV
REGULAR_SEASON,77.7,17,80.8,,,,LV_CB_03,CB,1,,,77.9,,2026,832,,74.3,LV
REGULAR_SEASON,73.3,17,79.0,,,,LV_CB_01,CB,1,,,70.9,,2026,847,,75.6,LV
REGULAR_SEASON,71.7,10,80.1,,,,LV_CB_02,CB,1,,,75.2,,2026,513,,72.7,LV
REGULAR_SEASON,75.5,17,82.0,,,,LV_CB_06,CB,1,,,72.5,,2026,836,,81.4,LV
REGULAR_SEASON,80.2,15,82.4,,,,LV_S_01,S,1,,,80.9,,2026,774,,78.3,LV
REGULAR_SEASON,58.1,17,58.2,,,,LV_S_02,S,1,,,60.1,,2026,873,,59.0,LV
REGULAR_SEASON,66.8,17,62.9,,,,LV_S_04,S,1,,,59.2,,2026,886,,62.7,LV
REGULAR_SEASON,,14,83.7,,,,LV_K_01,K,1,,,,,2026,84,73.6,,LV
REGULAR_SEASON,,17,81.1,,,,LV_P_01,P,1,,,,,2026,85,76.8,,LV
REGULAR_SEASON,,17,78.6,,,80.3,CAR_QB_01,QB,1,,,,73.7,2026,1106,,,CAR
REGULAR_SEASON,,17,68.7,70.1,,,CAR_RB_01,RB,1,74.3,,,69.4,2026,521,,,CAR
REGULAR_SEASON,,13,71.2,74.4,,,CAR_RB_03,RB,1,70.8,,,65.9,2026,268,,,CAR
REGULAR_SEASON,,16,62.2,55.8,,,CAR_RB_02,RB,1,66.0,,,66.3,2026,238,,,CAR
REGULAR_SEASON,,13,72.3,,,,CAR_WR_01,WR,1,72.6,68.7,,,2026,556,,,CAR
REGULAR_SEASON,,17,90.2,,,,CAR_WR_03,WR,1,78.7,83.8,,,2026,751,,,CAR
REGULAR_SEASON,,13,62.9,,,,CAR_WR_02,WR,1,63.0,58.0,,,2026,558,,,CAR
REGULAR_SEASON,,16,71.8,,,,CAR_WR_05,WR,1,61.8,62.6,,,2026,719,,,CAR
REGULAR_SEASON,,17,61.2,51.8,,,CAR_TE_01,TE,1,65.9,54.6,,,2026,692,,,CAR
REGULAR_SEASON,,17,45.5,50.4,,,CAR_TE_02,TE,1,49.0,48.3,,,2026,686,,,CAR
REGULAR_SEASON,,16,83.1,80.5,,,CAR_OT_01,OT,1,,74.5,,,2026,1062,,,CAR
REGULAR_SEASON,,17,83.8,73.9,,,CAR_OT_02,OT,1,,84.2,,,2026,1096,,,CAR
REGULAR_SEASON,,17,75.7,74.1,,,CAR_OG_01,OG,1,,72.0,,,2026,1076,,,CAR
REGULAR_SEASON,,15,69.0,65.5,,,CAR_OG_02,OG,1,,67.0,,,2026,1003,,,CAR
REGULAR_SEASON,,16,77.0,72.0,,,CAR_C_01,C,1,,68.2,,,2026,1051,,,CAR
REGULAR_SEASON,,17,71.3,,70.4,,CAR_EDGE_02,EDGE,1,,,64.5,,2026,732,,76.4,CAR
REGULAR_SEASON,,13,84.4,,69.5,,CAR_EDGE_01,EDGE,1,,,81.6,,2026,552,,78.3,CAR
REGULAR_SEASON,,3,72.9,,57.6,,CAR_EDGE_05,EDGE,0,,,78.8,,2026,133,,77.5,CAR
REGULAR_SEASON,,17,49.5,,56.0,,CAR_EDGE_04,EDGE,1,,,58.0,,2026,754,,52.3,CAR
REGULAR_SEASON,,17,58.8,,60.2,,CAR_DT_02,DT,1,,,55.5,,2026,626,,59.4,CAR
REGULAR_SEASON,,17,73.8,,72.4,,CAR_DT_01,DT,1,,,71.4,,2026,632,,69.8,CAR
REGULAR_SEASON,,17,70.7,,66.1,,CAR_DT_04,DT,1,,,64.6,,2026,608,,73.0,CAR
REGULAR_SEASON,57.2,17,60.2,,59.5,,CAR_LB_01,LB,1,,,56.3,,2026,761,,62.7,CAR
REGULAR_SEASON,66.6,17,68.4,,64.7,,CAR_LB_03,LB,1,,,70.1,,2026,767,,65.1,CAR
REGULAR_SEASON,58.8,17,61.5,,56.6,,CAR_LB_02,LB,1,,,57.3,,2026,777,,61.0,CAR
REGULAR_SEASON,72.2,17,78.4,,,,CAR_CB_01,CB,1,,,72.9,,2026,865,,76.9,CAR
REGULAR_SEASON,75.2,13,82.8,,,,CAR_CB_03,CB,1,,,74.0,,2026,663,,82.2,CAR
REGULAR_SEASON,58.0,16,53.6,,,,CAR_CB_02,CB,1,,,56.7,,2026,820,,57.7,CAR
REGULAR_SEASON,65.2,17,61.0,,,,CAR_CB_04,CB,1,,,65.2,,2026,835,,59.9,CAR
REGULAR_SEASON,70.5,17,73.2,,,,CAR_S_02,S,1,,,64.9,,2026,873,,70.2,CAR
REGULAR_SEASON,62.1,14,58.9,,,,CAR_S_03,S,1,,,58.1,,2026,724,,60.8,CAR
REGULAR_SEASON,59.8,17,64.9,,,,CAR_S_01,S,1,,,65.9,,2026,887,,63.5,CAR
REGULAR_SEASON,,17,62.9,,,,CAR_K_01,K,1,,,,,2026,102,62.0,,CAR
REGULAR_SEASON,,10,54.4,,,,CAR_P_01,P,1,,,,,2026,50,54.0,,CAR
REGULAR_SEASON,,17,62.4,,,59.9,NO_QB_01,QB,1,,,,65.9,2026,1072,,,NO
REGULAR_SEASON,,13,55.9,56.8,,,NO_RB_01,RB,1,56.4,,,53.4,2026,386,,,NO
REGULAR_SEASON,,17,78.2,65.0,,,NO_RB_03,RB,1,71.6,,,69.6,2026,394,,,NO
REGULAR_SEASON,,17,62.0,63.9,,,NO_RB_02,RB,1,69.2,,,60.2,2026,297,,,NO
REGULAR_SEASON,,17,57.0,,,,NO_WR_02,WR,1,60.0,63.3,,,2026,744,,,NO
REGULAR_SEASON,,17,73.5,,,,NO_WR_03,WR,1,70.2,70.3,,,2026,740,,,NO
REGULAR_SEASON,,17,68.1,,,,NO_WR_01,WR,1,67.6,68.3,,,2026,749,,,NO
REGULAR_SEASON,,9,64.6,,,,NO_WR_04,WR,1,66.8,57.6,,,2026,399,,,NO
REGULAR_SEASON,,17,73.3,71.0,,,NO_TE_02,TE,1,71.3,64.9,,,2026,656,,,NO
REGULAR_SEASON,,7,56.9,58.7,,,NO_TE_03,TE,1,52.6,59.8,,,2026,288,,,NO
REGULAR_SEASON,,17,74.3,73.4,,,NO_OT_02,OT,1,,71.0,,,2026,1128,,,NO
REGULAR_SEASON,,17,70.9,65.9,,,NO_OT_01,OT,1,,72.1,,,2026,1153,,,NO
REGULAR_SEASON,,17,79.9,67.0,,,NO_OG_01,OG,1,,70.6,,,2026,1146,,,NO
REGULAR_SEASON,,15,66.0,68.2,,,NO_OG_04,OG,1,,67.3,,,2026,996,,,NO
REGULAR_SEASON,,17,81.4,85.5,,,NO_C_01,C,1,,76.6,,,2026,1125,,,NO
REGULAR_SEASON,,17,83.8,,81.5,,NO_EDGE_02,EDGE,1,,,80.2,,2026,753,,79.1,NO
REGULAR_SEASON,,16,69.0,,69.5,,NO_EDGE_01,EDGE,1,,,61.8,,2026,672,,64.5,NO
REGULAR_SEASON,,17,70.9,,67.2,,NO_EDGE_04,EDGE,1,,,70.2,,2026,738,,69.1,NO
REGULAR_SEASON,,17,55.7,,55.8,,NO_EDGE_05,EDGE,1,,,56.1,,2026,739,,58.7,NO
REGULAR_SEASON,,17,68.5,,64.2,,NO_DT_02,DT,1,,,70.5,,2026,640,,68.0,NO
REGULAR_SEASON,,13,79.3,,72.9,,NO_DT_01,DT,1,,,78.3,,2026,501,,81.4,NO
REGULAR_SEASON,,17,73.1,,67.3,,NO_DT_04,DT,1,,,66.2,,2026,665,,67.3,NO
REGULAR_SEASON,79.6,17,82.2,,85.1,,NO_LB_02,LB,1,,,73.0,,2026,734,,76.4,NO
REGULAR_SEASON,68.0,17,63.2,,61.1,,NO_LB_01,LB,1,,,63.9,,2026,799,,61.8,NO
REGULAR_SEASON,71.9,17,73.5,,64.9,,NO_LB_04,LB,1,,,79.4,,2026,783,,71.6,NO
REGULAR_SEASON,50.8,11,45.4,,,,NO_CB_02,CB,1,,,51.3,,2026,545,,49.5,NO
REGULAR_SEASON,48.2,17,45.8,,,,NO_CB_01,CB,1,,,55.2,,2026,830,,51.9,NO
REGULAR_SEASON,70.4,17,73.4,,,,NO_CB_03,CB,1,,,64.8,,2026,839,,61.3,NO
REGULAR_SEASON,59.3,16,58.8,,,,NO_CB_05,CB,1,,,61.8,,2026,820,,54.9,NO
REGULAR_SEASON,81.8,16,84.1,,,,NO_S_01,S,1,,,76.1,,2026,788,,75.8,NO
REGULAR_SEASON,67.4,10,68.0,,,,NO_S_02,S,1,,,66.5,,2026,505,,61.5,NO
REGULAR_SEASON,71.6,17,72.8,,,,NO_S_04,S,1,,,69.2,,2026,910,,69.2,NO
REGULAR_SEASON,,16,77.0,,,,NO_K_01,K,1,,,,,2026,96,76.2,,NO
REGULAR_SEASON,,17,55.0,,,,NO_P_01,P,1,,,,,2026,85,56.5,,NO
REGULAR_SEASON,,5,57.2,,57.4,,CIN_EDGE_05,EDGE,0,,,63.8,,2026,211,,54.2,CIN
REGULAR_SEASON,,5,63.1,47.6,,,LAC_OT_01,OT,0,,58.3,,,2026,332,,,LAC
REGULAR_SEASON,,10,73.3,,68.1,,LAC_EDGE_01,EDGE,1,,,72.4,,2026,434,,70.6,LAC
REGULAR_SEASON,55.9,15,49.5,,50.8,,LAC_LB_03,LB,1,,,52.8,,2026,686,,49.9,LAC
REGULAR_SEASON,,7,60.4,,64.0,,LV_EDGE_05,EDGE,0,,,57.8,,2026,288,,61.4,LV
REGULAR_SEASON,,8,62.2,,65.0,,LV_DT_05,DT,0,,,61.1,,2026,299,,64.1,LV
REGULAR_SEASON,,8,58.5,,,,PHI_WR_05,WR,1,58.9,60.8,,,2026,349,,,PHI
REGULAR_SEASON,66.2,16,65.9,,67.1,,PHI_LB_03,LB,1,,,59.2,,2026,725,,70.8,PHI
REGULAR_SEASON,,5,47.0,,,,NYG_WR_04,WR,0,54.1,50.2,,,2026,227,,,NYG
REGULAR_SEASON,,5,52.2,56.6,,,NYG_OT_04,OT,0,,52.9,,,2026,324,,,NYG
REGULAR_SEASON,,15,58.7,,,56.6,BUF_QB_01,QB,1,,,,63.5,2026,967,,,BUF
REGULAR_SEASON,,14,66.7,65.4,,,BUF_RB_01,RB,1,68.2,,,65.6,2026,383,,,BUF
REGULAR_SEASON,,17,40.7,51.3,,,BUF_RB_02,RB,1,47.3,,,44.5,2026,389,,,BUF
REGULAR_SEASON,,17,56.1,62.7,,,BUF_RB_03,RB,1,66.3,,,56.6,2026,306,,,BUF
REGULAR_SEASON,,17,70.0,,,,BUF_WR_03,WR,1,69.3,68.4,,,2026,758,,,BUF
REGULAR_SEASON,,16,71.2,,,,BUF_WR_02,WR,1,71.2,69.3,,,2026,717,,,BUF
REGULAR_SEASON,,11,79.5,,,,BUF_WR_01,WR,1,65.5,69.9,,,2026,459,,,BUF
REGULAR_SEASON,,12,53.5,,,,BUF_WR_04,WR,1,50.6,60.5,,,2026,503,,,BUF
REGULAR_SEASON,,13,69.0,71.7,,,BUF_TE_03,TE,1,63.9,68.1,,,2026,498,,,BUF
REGULAR_SEASON,,17,68.5,64.4,,,BUF_TE_01,TE,1,63.1,68.7,,,2026,679,,,BUF
REGULAR_SEASON,,17,73.7,65.8,,,BUF_OT_02,OT,1,,67.5,,,2026,1114,,,BUF
REGULAR_SEASON,,17,82.1,79.5,,,BUF_OT_01,OT,1,,75.0,,,2026,1103,,,BUF
REGULAR_SEASON,,15,61.4,65.2,,,BUF_OG_01,OG,1,,63.9,,,2026,984,,,BUF
REGULAR_SEASON,,13,53.5,60.9,,,BUF_OG_02,OG,1,,57.7,,,2026,872,,,BUF
REGULAR_SEASON,,14,64.5,63.4,,,BUF_C_01,C,1,,58.1,,,2026,913,,,BUF
REGULAR_SEASON,,17,70.3,,71.7,,BUF_EDGE_01,EDGE,1,,,72.3,,2026,751,,78.3,BUF
REGULAR_SEASON,,17,58.4,,60.4,,BUF_EDGE_02,EDGE,1,,,54.9,,2026,756,,52.7,BUF
REGULAR_SEASON,,17,85.7,,79.2,,BUF_EDGE_05,EDGE,1,,,84.2,,2026,729,,77.4,BUF
REGULAR_SEASON,,16,56.8,,59.3,,BUF_EDGE_04,EDGE,1,,,58.3,,2026,682,,55.2,BUF
REGULAR_SEASON,,17,63.1,,57.6,,BUF_DT_04,DT,1,,,69.2,,2026,639,,66.2,BUF
REGULAR_SEASON,,17,57.7,,58.7,,BUF_DT_05,DT,1,,,60.7,,2026,604,,54.4,BUF
REGULAR_SEASON,,17,64.9,,62.5,,BUF_DT_01,DT,1,,,63.1,,2026,633,,69.0,BUF
REGULAR_SEASON,66.0,14,66.1,,68.5,,BUF_LB_01,LB,1,,,60.9,,2026,657,,65.4,BUF
REGULAR_SEASON,61.1,17,60.7,,54.6,,BUF_LB_02,LB,1,,,67.0,,2026,779,,58.6,BUF
REGULAR_SEASON,55.8,15,60.6,,62.5,,BUF_LB_04,LB,1,,,63.1,,2026,688,,61.8,BUF
REGULAR_SEASON,71.7,11,74.9,,,,BUF_CB_03,CB,1,,,70.7,,2026,552,,70.1,BUF
REGULAR_SEASON,59.4,14,60.8,,,,BUF_CB_01,CB,1,,,66.6,,2026,696,,59.2,BUF
REGULAR_SEASON,47.3,13,44.8,,,,BUF_CB_06,CB,1,,,50.8,,2026,648,,48.9,BUF
REGULAR_SEASON,56.2,12,60.4,,,,BUF_CB_05,CB,1,,,58.5,,2026,579,,64.1,BUF
REGULAR_SEASON,66.7,17,64.6,,,,BUF_S_02,S,1,,,58.4,,2026,863,,67.8,BUF
REGULAR_SEASON,76.4,17,70.4,,,,BUF_S_01,S,1,,,69.2,,2026,875,,66.7,BUF
REGULAR_SEASON,61.7,7,56.5,,,,BUF_S_04,S,1,,,49.7,,2026,373,,64.4,BUF
REGULAR_SEASON,,13,49.2,,,,BUF_K_01,K,1,,,,,2026,78,60.7,,BUF
REGULAR_SEASON,,17,60.8,,,,BUF_P_01,P,1,,,,,2026,85,57.9,,BUF
REGULAR_SEASON,,17,61.6,,,61.5,CLE_QB_01,QB,1,,,,63.1,2026,1076,,,CLE
REGULAR_SEASON,,17,66.2,66.1,,,CLE_RB_01,RB,1,65.6,,,69.4,2026,484,,,CLE
REGULAR_SEASON,,13,52.7,49.3,,,CLE_RB_02,RB,1,53.9,,,55.0,2026,236,,,CLE
REGULAR_SEASON,,17,60.6,56.1,,,CLE_RB_03,RB,1,56.0,,,56.2,2026,269,,,CLE
REGULAR_SEASON,,17,81.7,,,,CLE_WR_03,WR,1,73.0,77.5,,,2026,741,,,CLE
REGULAR_SEASON,,13,77.3,,,,CLE_WR_02,WR,1,74.8,69.0,,,2026,574,,,CLE
REGULAR_SEASON,,17,58.5,,,,CLE_WR_01,WR,1,61.6,59.3,,,2026,732,,,CLE
REGULAR_SEASON,,17,74.2,,,,CLE_WR_06,WR,1,70.8,70.0,,,2026,718,,,CLE
REGULAR_SEASON,,17,61.3,61.9,,,CLE_TE_02,TE,1,64.6,63.7,,,2026,667,,,CLE
REGULAR_SEASON,,4,52.1,55.2,,,CLE_TE_03,TE,0,46.0,59.5,,,2026,147,,,CLE
REGULAR_SEASON,,17,68.3,66.5,,,CLE_OT_01,OT,1,,66.1,,,2026,1098,,,CLE
REGULAR_SEASON,,16,72.1,67.3,,,CLE_OT_02,OT,1,,68.8,,,2026,1052,,,CLE
REGULAR_SEASON,,17,68.7,69.5,,,CLE_OG_02,OG,1,,69.5,,,2026,1097,,,CLE
REGULAR_SEASON,,13,82.3,73.6,,,CLE_OG_03,OG,1,,83.5,,,2026,845,,,CLE
REGULAR_SEASON,,2,43.6,52.8,,,CLE_C_02,C,0,,41.1,,,2026,129,,,CLE
REGULAR_SEASON,,17,79.5,,77.6,,CLE_EDGE_01,EDGE,1,,,73.3,,2026,740,,79.6,CLE
REGULAR_SEASON,,7,70.3,,58.2,,CLE_EDGE_02,EDGE,0,,,64.3,,2026,300,,61.8,CLE
REGULAR_SEASON,,17,52.7,,55.4,,CLE_EDGE_03,EDGE,1,,,56.7,,2026,714,,59.1,CLE
REGULAR_SEASON,,15,51.7,,51.7,,CLE_EDGE_05,EDGE,1,,,56.7,,2026,673,,50.6,CLE
REGULAR_SEASON,,10,57.3,,55.2,,CLE_DT_01,DT,1,,,60.4,,2026,382,,49.4,CLE
REGULAR_SEASON,,12,60.2,,56.5,,CLE_DT_03,DT,1,,,63.7,,2026,473,,64.9,CLE
REGULAR_SEASON,,7,77.5,,71.9,,CLE_DT_05,DT,0,,,77.0,,2026,256,,68.8,CLE
REGULAR_SEASON,68.2,17,66.3,,65.3,,CLE_LB_02,LB,1,,,66.2,,2026,771,,71.0,CLE
REGULAR_SEASON,62.7,17,69.4,,65.4,,CLE_LB_04,LB,1,,,70.6,,2026,798,,69.8,CLE
REGULAR_SEASON,62.8,17,65.7,,61.0,,CLE_LB_03,LB,1,,,61.2,,2026,762,,66.8,CLE
REGULAR_SEASON,79.8,17,84.3,,,,CLE_CB_02,CB,1,,,76.5,,2026,849,,76.9,CLE
REGULAR_SEASON,54.9,17,51.8,,,,CLE_CB_01,CB,1,,,53.0,,2026,836,,56.3,CLE
REGULAR_SEASON,64.6,17,66.7,,,,CLE_CB_03,CB,1,,,61.4,,2026,849,,62.7,CLE
REGULAR_SEASON,58.5,17,56.8,,,,CLE_CB_05,CB,1,,,51.7,,2026,886,,58.8,CLE
REGULAR_SEASON,66.5,17,78.5,,,,CLE_S_02,S,1,,,70.8,,2026,879,,71.2,CLE
REGULAR_SEASON,70.4,17,69.5,,,,CLE_S_03,S,1,,,64.2,,2026,880,,70.4,CLE
REGULAR_SEASON,71.8,17,61.4,,,,CLE_S_04,S,1,,,63.5,,2026,882,,64.3,CLE
REGULAR_SEASON,,16,72.6,,,,CLE_K_01,K,1,,,,,2026,96,72.6,,CLE
REGULAR_SEASON,,16,66.1,,,,CLE_P_01,P,1,,,,,2026,80,63.1,,CLE
REGULAR_SEASON,,2,48.2,41.7,,,DET_OG_04,OG,0,,49.2,,,2026,134,,,DET
REGULAR_SEASON,,16,87.5,83.6,,,DAL_OT_01,OT,1,,76.8,,,2026,1045,,,DAL
REGULAR_SEASON,54.9,6,45.0,,,,DAL_S_03,S,0,,,44.9,,2026,306,,44.5,DAL
REGULAR_SEASON,,6,68.4,57.7,,,ARI_OG_04,OG,0,,62.9,,,2026,384,,,ARI
REGULAR_SEASON,46.2,2,34.9,,,,ARI_CB_05,CB,0,,,53.5,,2026,98,,38.6,ARI
REGULAR_SEASON,,17,78.0,,,73.3,JAX_QB_01,QB,1,,,,69.5,2026,1075,,,JAX
REGULAR_SEASON,,17,93.1,85.5,,,JAX_RB_01,RB,1,90.0,,,81.6,2026,519,,,JAX
REGULAR_SEASON,,16,64.6,59.9,,,JAX_RB_03,RB,1,64.3,,,58.2,2026,333,,,JAX
REGULAR_SEASON,,10,64.7,62.3,,,JAX_RB_02,RB,0,59.8,,,74.5,2026,145,,,JAX
REGULAR_SEASON,,16,67.4,,,,JAX_WR_03,WR,1,62.8,64.5,,,2026,689,,,JAX
REGULAR_SEASON,,17,58.1,,,,JAX_WR_01,WR,1,59.0,59.4,,,2026,742,,,JAX
REGULAR_SEASON,,17,61.0,,,,JAX_WR_02,WR,1,58.2,61.7,,,2026,750,,,JAX
REGULAR_SEASON,,4,63.0,,,,JAX_WR_05,WR,0,70.2,66.4,,,2026,182,,,JAX
REGULAR_SEASON,,17,58.3,59.8,,,JAX_TE_02,TE,1,53.4,61.5,,,2026,635,,,JAX
REGULAR_SEASON,,17,61.8,62.1,,,JAX_TE_01,TE,1,58.8,61.8,,,2026,682,,,JAX
REGULAR_SEASON,,17,59.6,57.8,,,JAX_OT_02,OT,1,,61.2,,,2026,1106,,,JAX
REGULAR_SEASON,,17,75.9,68.2,,,JAX_OT_01,OT,1,,69.5,,,2026,1095,,,JAX
REGULAR_SEASON,,17,58.3,63.6,,,JAX_OG_01,OG,1,,62.4,,,2026,1144,,,JAX
REGULAR_SEASON,,17,61.2,60.0,,,JAX_OG_02,OG,1,,63.8,,,2026,1100,,,JAX
REGULAR_SEASON,,3,54.0,39.7,,,JAX_C_01,C,0,,63.5,,,2026,191,,,JAX
REGULAR_SEASON,,17,64.9,,60.6,,JAX_EDGE_02,EDGE,1,,,59.5,,2026,747,,59.4,JAX
REGULAR_SEASON,,17,84.1,,78.0,,JAX_EDGE_01,EDGE,1,,,69.4,,2026,726,,76.6,JAX
REGULAR_SEASON,,17,51.1,,48.9,,JAX_EDGE_03,EDGE,1,,,57.2,,2026,728,,56.3,JAX
REGULAR_SEASON,,3,53.1,,66.6,,JAX_EDGE_05,EDGE,0,,,58.0,,2026,122,,61.5,JAX
REGULAR_SEASON,,17,72.1,,66.4,,JAX_DT_02,DT,1,,,69.3,,2026,632,,69.8,JAX
REGULAR_SEASON,,17,77.3,,75.2,,JAX_DT_01,DT,1,,,73.7,,2026,621,,74.7,JAX
REGULAR_SEASON,,17,77.2,,73.3,,JAX_DT_04,DT,1,,,76.1,,2026,658,,73.5,JAX
REGULAR_SEASON,69.3,16,67.6,,67.2,,JAX_LB_02,LB,1,,,63.0,,2026,726,,64.6,JAX
REGULAR_SEASON,74.2,16,85.2,,76.4,,JAX_LB_01,LB,1,,,69.6,,2026,732,,80.0,JAX
REGULAR_SEASON,61.2,14,70.3,,67.8,,JAX_LB_05,LB,1,,,66.7,,2026,662,,63.5,JAX
REGULAR_SEASON,69.6,17,74.4,,,,JAX_CB_03,CB,1,,,67.7,,2026,840,,78.1,JAX
REGULAR_SEASON,77.8,17,81.4,,,,JAX_CB_02,CB,1,,,79.6,,2026,825,,75.4,JAX
REGULAR_SEASON,65.0,17,68.6,,,,JAX_CB_06,CB,1,,,67.1,,2026,821,,66.0,JAX
REGULAR_SEASON,61.2,8,54.9,,,,JAX_CB_05,CB,1,,,58.3,,2026,404,,62.0,JAX
REGULAR_SEASON,69.1,17,74.0,,,,JAX_S_02,S,1,,,71.1,,2026,887,,66.9,JAX
REGULAR_SEASON,54.0,17,51.0,,,,JAX_S_01,S,1,,,58.3,,2026,878,,53.4,JAX
REGULAR_SEASON,57.5,6,61.5,,,,JAX_S_04,S,0,,,63.6,,2026,292,,70.0,JAX
REGULAR_SEASON,,17,59.4,,,,JAX_K_01,K,1,,,,,2026,102,66.1,,JAX
REGULAR_SEASON,,17,71.9,,,,JAX_P_01,P,1,,,,,2026,85,66.6,,JAX
REGULAR_SEASON,,8,78.6,,,,NO_WR_05,WR,1,68.1,72.8,,,2026,354,,,NO
REGULAR_SEASON,,6,64.7,,54.0,,NE_DT_05,DT,0,,,66.5,,2026,223,,73.3,NE
REGULAR_SEASON,,2,34.7,,,40.2,HOU_QB_02,QB,0,,,,46.5,2026,125,,,HOU
REGULAR_SEASON,,17,66.9,64.2,,,HOU_RB_01,RB,1,65.2,,,68.1,2026,471,,,HOU
REGULAR_SEASON,,15,63.5,65.8,,,HOU_RB_02,RB,1,59.7,,,64.3,2026,317,,,HOU
REGULAR_SEASON,,17,53.4,52.9,,,HOU_RB_03,RB,1,49.5,,,55.9,2026,275,,,HOU
REGULAR_SEASON,,17,83.1,,,,HOU_WR_01,WR,1,81.8,80.8,,,2026,760,,,HOU
REGULAR_SEASON,,17,74.2,,,,HOU_WR_02,WR,1,67.0,73.7,,,2026,741,,,HOU
REGULAR_SEASON,,17,68.4,,,,HOU_WR_04,WR,1,63.4,62.4,,,2026,724,,,HOU
REGULAR_SEASON,,17,52.4,,,,HOU_WR_03,WR,1,49.5,53.9,,,2026,741,,,HOU
REGULAR_SEASON,,17,78.2,72.0,,,HOU_TE_03,TE,1,74.5,77.0,,,2026,681,,,HOU
REGULAR_SEASON,,14,60.7,64.4,,,HOU_TE_02,TE,1,58.9,66.0,,,2026,568,,,HOU
REGULAR_SEASON,,17,61.6,53.9,,,HOU_OT_01,OT,1,,58.8,,,2026,1110,,,HOU
REGULAR_SEASON,,17,77.0,73.2,,,HOU_OT_02,OT,1,,69.3,,,2026,1134,,,HOU
REGULAR_SEASON,,14,60.5,57.8,,,HOU_OG_01,OG,1,,64.5,,,2026,947,,,HOU
REGULAR_SEASON,,15,64.3,57.5,,,HOU_OG_02,OG,1,,61.4,,,2026,981,,,HOU
REGULAR_SEASON,,17,62.2,63.3,,,HOU_C_01,C,1,,62.7,,,2026,1113,,,HOU
REGULAR_SEASON,,15,73.1,,68.9,,HOU_EDGE_01,EDGE,1,,,75.0,,2026,649,,66.4,HOU
REGULAR_SEASON,,17,67.9,,68.9,,HOU_EDGE_04,EDGE,1,,,68.8,,2026,755,,68.4,HOU
REGULAR_SEASON,,17,66.5,,73.5,,HOU_EDGE_02,EDGE,1,,,63.3,,2026,749,,64.0,HOU
REGULAR_SEASON,,15,49.8,,50.9,,HOU_EDGE_05,EDGE,1,,,48.2,,2026,679,,55.4,HOU
REGULAR_SEASON,,17,57.5,,55.1,,HOU_DT_01,DT,1,,,60.8,,2026,645,,59.1,HOU
REGULAR_SEASON,,15,55.4,,54.4,,HOU_DT_02,DT,1,,,56.0,,2026,586,,48.8,HOU
REGULAR_SEASON,,17,56.1,,61.7,,HOU_DT_03,DT,1,,,66.4,,2026,635,,55.6,HOU
REGULAR_SEASON,55.2,13,53.4,,53.2,,HOU_LB_03,LB,1,,,58.1,,2026,577,,55.9,HOU
REGULAR_SEASON,51.1,17,48.0,,51.2,,HOU_LB_01,LB,1,,,52.8,,2026,772,,50.7,HOU
REGULAR_SEASON,54.6,17,53.9,,56.2,,HOU_LB_02,LB,1,,,58.7,,2026,748,,49.7,HOU
REGULAR_SEASON,67.6,15,66.1,,,,HOU_CB_03,CB,1,,,70.0,,2026,733,,57.1,HOU
REGULAR_SEASON,58.7,17,59.5,,,,HOU_CB_02,CB,1,,,61.8,,2026,823,,65.8,HOU
REGULAR_SEASON,75.2,17,78.4,,,,HOU_CB_05,CB,1,,,70.1,,2026,825,,68.5,HOU
REGULAR_SEASON,67.6,14,63.8,,,,HOU_CB_01,CB,1,,,60.1,,2026,694,,66.3,HOU
REGULAR_SEASON,33.1,2,60.1,,,,HOU_S_01,S,0,,,50.2,,2026,106,,59.2,HOU
REGULAR_SEASON,70.1,15,68.9,,,,HOU_S_03,S,1,,,68.8,,2026,757,,71.5,HOU
REGULAR_SEASON,53.2,17,50.5,,,,HOU_S_02,S,1,,,52.9,,2026,898,,50.9,HOU
REGULAR_SEASON,,17,66.2,,,,HOU_K_01,K,1,,,,,2026,102,65.3,,HOU
REGULAR_SEASON,,17,64.2,,,,HOU_P_01,P,1,,,,,2026,85,55.7,,HOU
REGULAR_SEASON,,17,86.2,,,81.2,IND_QB_01,QB,1,,,,80.5,2026,1057,,,IND
REGULAR_SEASON,,17,73.5,73.5,,,IND_RB_01,RB,1,69.7,,,71.5,2026,478,,,IND
REGULAR_SEASON,,17,50.5,54.8,,,IND_RB_02,RB,1,50.2,,,52.5,2026,355,,,IND
REGULAR_SEASON,,17,72.4,70.6,,,IND_RB_03,RB,1,71.7,,,66.6,2026,268,,,IND
REGULAR_SEASON,,15,73.3,,,,IND_WR_03,WR,1,65.4,67.2,,,2026,649,,,IND
REGULAR_SEASON,,17,74.2,,,,IND_WR_02,WR,1,70.3,69.5,,,2026,737,,,IND
REGULAR_SEASON,,14,71.6,,,,IND_WR_01,WR,1,74.9,65.6,,,2026,611,,,IND
REGULAR_SEASON,,12,72.1,,,,IND_WR_04,WR,1,74.9,64.4,,,2026,521,,,IND
REGULAR_SEASON,,17,60.4,65.7,,,IND_TE_01,TE,1,62.3,64.8,,,2026,637,,,IND
REGULAR_SEASON,,13,65.0,59.9,,,IND_TE_02,TE,1,60.9,66.9,,,2026,528,,,IND
REGULAR_SEASON,,9,54.0,60.0,,,IND_OT_01,OT,1,,53.1,,,2026,580,,,IND
REGULAR_SEASON,,9,66.3,66.1,,,IND_OT_02,OT,1,,58.8,,,2026,580,,,IND
REGULAR_SEASON,,15,62.9,58.8,,,IND_OG_02,OG,1,,63.4,,,2026,983,,,IND
REGULAR_SEASON,,1,58.3,78.1,,,IND_OG_04,OG,0,,47.2,,,2026,67,,,IND
REGULAR_SEASON,,8,93.8,87.7,,,IND_C_01,C,1,,89.3,,,2026,514,,,IND
REGULAR_SEASON,,12,68.7,,70.1,,IND_EDGE_02,EDGE,1,,,67.9,,2026,531,,67.6,IND
REGULAR_SEASON,,17,78.7,,68.3,,IND_EDGE_01,EDGE,1,,,77.7,,2026,740,,71.6,IND
REGULAR_SEASON,,15,51.2,,52.4,,IND_EDGE_03,EDGE,1,,,53.2,,2026,649,,57.3,IND
REGULAR_SEASON,,6,62.2,,65.1,,IND_EDGE_04,EDGE,0,,,59.9,,2026,264,,62.7,IND
REGULAR_SEASON,,17,72.4,,70.2,,IND_DT_01,DT,1,,,70.9,,2026,663,,69.9,IND
REGULAR_SEASON,,10,72.8,,73.4,,IND_DT_02,DT,1,,,67.6,,2026,382,,72.3,IND
REGULAR_SEASON,,15,57.1,,57.8,,IND_DT_04,DT,1,,,54.5,,2026,596,,63.1,IND
REGULAR_SEASON,53.3,10,58.2,,63.7,,IND_LB_02,LB,1,,,64.8,,2026,472,,65.2,IND
REGULAR_SEASON,58.2,17,55.7,,56.4,,IND_LB_03,LB,1,,,54.5,,2026,769,,60.9,IND
REGULAR_SEASON,51.0,5,38.0,,32.0,,IND_LB_05,LB,0,,,40.2,,2026,217,,42.3,IND
REGULAR_SEASON,67.2,11,69.7,,,,IND_CB_01,CB,1,,,72.1,,2026,556,,74.9,IND
REGULAR_SEASON,65.9,16,64.2,,,,IND_CB_02,CB,1,,,61.4,,2026,797,,63.6,IND
REGULAR_SEASON,64.3,17,63.8,,,,IND_CB_03,CB,1,,,60.0,,2026,826,,64.6,IND
REGULAR_SEASON,60.5,17,61.8,,,,IND_CB_06,CB,1,,,62.2,,2026,831,,59.6,IND
REGULAR_SEASON,59.9,12,59.5,,,,IND_S_01,S,1,,,59.7,,2026,637,,59.2,IND
REGULAR_SEASON,77.8,17,76.8,,,,IND_S_02,S,1,,,79.8,,2026,877,,68.7,IND
REGULAR_SEASON,61.2,6,66.8,,,,IND_S_03,S,0,,,69.0,,2026,304,,65.8,IND
REGULAR_SEASON,,17,70.9,,,,IND_K_01,K,1,,,,,2026,102,76.3,,IND
REGULAR_SEASON,,17,69.1,,,,IND_P_01,P,1,,,,,2026,85,68.0,,IND
REGULAR_SEASON,,16,62.3,,,,LAR_WR_03,WR,1,64.1,70.5,,,2026,725,,,LAR
REGULAR_SEASON,,16,50.6,,53.6,,LAR_EDGE_03,EDGE,1,,,55.0,,2026,709,,54.8,LAR
REGULAR_SEASON,,14,55.9,,,52.5,SF_QB_01,QB,1,,,,51.3,2026,891,,,SF
REGULAR_SEASON,,17,75.6,73.1,,,SF_RB_01,RB,1,65.8,,,67.2,2026,497,,,SF
REGULAR_SEASON,,17,44.0,46.3,,,SF_RB_03,RB,1,48.8,,,51.8,2026,301,,,SF
REGULAR_SEASON,,15,41.5,48.5,,,SF_RB_02,RB,1,51.1,,,43.8,2026,224,,,SF
REGULAR_SEASON,,17,81.1,,,,SF_WR_03,WR,1,76.5,78.0,,,2026,719,,,SF
REGULAR_SEASON,,17,75.3,,,,SF_WR_01,WR,1,72.7,70.9,,,2026,754,,,SF
REGULAR_SEASON,,17,74.8,,,,SF_WR_02,WR,1,69.2,70.0,,,2026,745,,,SF
REGULAR_SEASON,,17,77.0,,,,SF_WR_06,WR,1,76.0,72.1,,,2026,745,,,SF
REGULAR_SEASON,,17,57.6,58.9,,,SF_TE_01,TE,1,58.6,59.8,,,2026,656,,,SF
REGULAR_SEASON,,13,69.4,67.8,,,SF_TE_03,TE,1,70.8,73.5,,,2026,534,,,SF
REGULAR_SEASON,,12,83.4,87.0,,,SF_OT_01,OT,1,,75.4,,,2026,793,,,SF
REGULAR_SEASON,,17,80.9,77.6,,,SF_OT_02,OT,1,,77.4,,,2026,1105,,,SF
REGULAR_SEASON,,17,78.0,68.4,,,SF_OG_01,OG,1,,71.7,,,2026,1117,,,SF
REGULAR_SEASON,,17,75.2,72.2,,,SF_OG_02,OG,1,,70.2,,,2026,1117,,,SF
REGULAR_SEASON,,13,60.8,58.8,,,SF_C_01,C,1,,57.9,,,2026,840,,,SF
REGULAR_SEASON,,17,73.8,,68.0,,SF_EDGE_01,EDGE,1,,,75.5,,2026,740,,71.2,SF
REGULAR_SEASON,,17,70.3,,66.4,,SF_EDGE_02,EDGE,1,,,70.4,,2026,767,,65.9,SF
REGULAR_SEASON,,12,65.7,,64.9,,SF_EDGE_05,EDGE,1,,,65.9,,2026,523,,64.7,SF
REGULAR_SEASON,,17,58.9,,55.2,,SF_EDGE_04,EDGE,1,,,61.4,,2026,742,,52.7,SF
REGULAR_SEASON,,17,69.8,,72.2,,SF_DT_02,DT,1,,,68.9,,2026,648,,71.6,SF
REGULAR_SEASON,,17,64.6,,61.2,,SF_DT_01,DT,1,,,70.4,,2026,646,,63.8,SF
REGULAR_SEASON,,17,69.2,,65.7,,SF_DT_05,DT,1,,,72.9,,2026,644,,71.0,SF
REGULAR_SEASON,70.9,17,74.0,,71.8,,SF_LB_02,LB,1,,,61.7,,2026,768,,65.5,SF
REGULAR_SEASON,80.0,16,81.1,,77.1,,SF_LB_01,LB,1,,,71.8,,2026,719,,73.5,SF
REGULAR_SEASON,63.2,17,60.6,,61.2,,SF_LB_04,LB,1,,,62.4,,2026,776,,60.4,SF
REGULAR_SEASON,75.6,17,76.5,,,,SF_CB_03,CB,1,,,71.8,,2026,857,,70.0,SF
REGULAR_SEASON,74.5,17,82.0,,,,SF_CB_01,CB,1,,,77.8,,2026,830,,75.6,SF
REGULAR_SEASON,59.5,17,58.3,,,,SF_CB_02,CB,1,,,60.5,,2026,835,,58.2,SF
REGULAR_SEASON,70.8,17,77.9,,,,SF_CB_06,CB,1,,,73.5,,2026,811,,70.4,SF
REGULAR_SEASON,66.4,17,60.4,,,,SF_S_01,S,1,,,68.1,,2026,869,,60.2,SF
REGULAR_SEASON,76.1,17,82.3,,,,SF_S_02,S,1,,,76.8,,2026,869,,80.5,SF
REGULAR_SEASON,40.1,1,52.3,,,,SF_S_03,S,0,,,86.4,,2026,55,,43.2,SF
REGULAR_SEASON,,15,58.6,,,,SF_K_01,K,1,,,,,2026,90,56.8,,SF
REGULAR_SEASON,,17,68.7,,,,SF_P_01,P,1,,,,,2026,85,69.9,,SF
REGULAR_SEASON,,15,75.9,,,,BAL_WR_03,WR,1,68.4,73.2,,,2026,670,,,BAL
REGULAR_SEASON,51.7,7,51.3,,,,LV_CB_04,CB,1,,,63.2,,2026,352,,52.4,LV
REGULAR_SEASON,49.4,2,44.6,,,,LV_S_03,S,0,,,59.2,,2026,104,,53.9,LV
REGULAR_SEASON,,15,74.6,,,,KC_WR_01,WR,1,69.7,69.3,,,2026,669,,,KC
REGULAR_SEASON,,1,55.2,,61.9,,KC_EDGE_05,EDGE,0,,,49.5,,2026,47,,31.6,KC
REGULAR_SEASON,67.6,15,77.3,,69.3,,KC_LB_01,LB,1,,,70.5,,2026,692,,71.2,KC
REGULAR_SEASON,61.6,5,61.1,,,,KC_S_03,S,0,,,60.1,,2026,267,,64.3,KC
REGULAR_SEASON,,16,25.2,,35.3,,SEA_EDGE_05,EDGE,1,,,31.8,,2026,679,,36.3,SEA
REGULAR_SEASON,,7,62.6,,64.7,,SEA_DT_05,DT,0,,,54.6,,2026,265,,61.1,SEA
REGULAR_SEASON,,10,55.3,56.5,,,NO_TE_01,TE,1,58.8,53.9,,,2026,407,,,NO
REGULAR_SEASON,61.2,3,51.3,,64.1,,MIA_LB_01,LB,0,,,59.9,,2026,131,,53.2,MIA
REGULAR_SEASON,,5,67.9,,,65.7,NYG_QB_02,QB,0,,,,54.8,2026,320,,,NYG
REGULAR_SEASON,,7,57.6,,,,BUF_WR_06,WR,0,67.5,52.2,,,2026,297,,,BUF
REGULAR_SEASON,,6,59.2,62.0,,,DEN_TE_03,TE,0,66.1,54.2,,,2026,251,,,DEN
REGULAR_SEASON,59.2,2,57.5,,55.1,,DEN_LB_03,LB,0,,,51.7,,2026,98,,49.3,DEN
REGULAR_SEASON,,3,62.1,57.0,,,GB_C_01,C,0,,58.7,,,2026,201,,,GB
REGULAR_SEASON,,4,62.6,,60.3,,GB_EDGE_05,EDGE,0,,,61.7,,2026,176,,61.2,GB
REGULAR_SEASON,,3,78.0,,77.4,,GB_DT_05,DT,0,,,77.8,,2026,117,,72.0,GB
REGULAR_SEASON,79.3,3,70.8,,68.4,,BUF_LB_05,LB,0,,,62.4,,2026,138,,75.3,BUF
REGULAR_SEASON,,5,50.0,,46.4,,NYJ_EDGE_03,EDGE,0,,,53.6,,2026,215,,49.1,NYJ
REGULAR_SEASON,,3,51.5,,60.1,,NYJ_DT_04,DT,0,,,63.2,,2026,111,,59.3,NYJ
REGULAR_SEASON,67.4,16,71.7,,,,NYJ_CB_02,CB,1,,,70.9,,2026,795,,71.8,NYJ
REGULAR_SEASON,,3,32.2,33.6,,,CIN_TE_02,TE,0,44.3,34.8,,,2026,129,,,CIN
REGULAR_SEASON,,14,90.4,,,82.2,PIT_QB_01,QB,1,,,,84.8,2026,896,,,PIT
REGULAR_SEASON,,13,74.1,68.5,,,PIT_RB_01,RB,1,70.0,,,61.6,2026,440,,,PIT
REGULAR_SEASON,,17,80.2,72.5,,,PIT_RB_02,RB,1,74.2,,,73.9,2026,432,,,PIT
REGULAR_SEASON,,1,43.6,61.3,,,PIT_RB_03,RB,0,61.8,,,56.8,2026,19,,,PIT
REGULAR_SEASON,,16,75.5,,,,PIT_WR_01,WR,1,74.9,72.4,,,2026,693,,,PIT
REGULAR_SEASON,,17,71.0,,,,PIT_WR_02,WR,1,66.9,73.3,,,2026,746,,,PIT
REGULAR_SEASON,,17,65.1,,,,PIT_WR_03,WR,1,62.3,67.5,,,2026,758,,,PIT
REGULAR_SEASON,,13,64.7,,,,PIT_WR_04,WR,1,69.3,62.0,,,2026,560,,,PIT
REGULAR_SEASON,,17,63.4,67.6,,,PIT_TE_01,TE,1,67.4,63.7,,,2026,661,,,PIT
REGULAR_SEASON,,14,57.5,59.1,,,PIT_TE_02,TE,1,62.3,54.3,,,2026,563,,,PIT
REGULAR_SEASON,,17,76.8,68.8,,,PIT_OT_01,OT,1,,71.3,,,2026,1110,,,PIT
REGULAR_SEASON,,17,78.7,76.7,,,PIT_OT_02,OT,1,,68.9,,,2026,1130,,,PIT
REGULAR_SEASON,,17,81.2,78.8,,,PIT_OG_02,OG,1,,75.8,,,2026,1098,,,PIT
REGULAR_SEASON,,17,78.8,65.1,,,PIT_OG_01,OG,1,,70.2,,,2026,1124,,,PIT
REGULAR_SEASON,,17,75.5,76.6,,,PIT_C_01,C,1,,72.7,,,2026,1115,,,PIT
REGULAR_SEASON,,7,63.5,,59.1,,PIT_EDGE_02,EDGE,0,,,64.1,,2026,319,,65.4,PIT
REGULAR_SEASON,,17,61.9,,61.4,,PIT_EDGE_01,EDGE,1,,,56.6,,2026,758,,62.6,PIT
REGULAR_SEASON,,15,73.0,,67.4,,PIT_EDGE_05,EDGE,1,,,71.4,,2026,636,,77.3,PIT
REGULAR_SEASON,,17,60.5,,63.8,,PIT_EDGE_04,EDGE,1,,,61.6,,2026,755,,59.6,PIT
REGULAR_SEASON,,8,64.2,,65.7,,PIT_DT_02,DT,0,,,60.3,,2026,295,,66.5,PIT
REGULAR_SEASON,,17,67.6,,63.6,,PIT_DT_01,DT,1,,,72.7,,2026,633,,64.1,PIT
REGULAR_SEASON,,17,65.0,,64.6,,PIT_DT_05,DT,1,,,61.8,,2026,652,,65.8,PIT
REGULAR_SEASON,76.3,17,86.5,,82.1,,PIT_LB_01,LB,1,,,78.4,,2026,789,,75.0,PIT
REGULAR_SEASON,71.3,17,81.2,,72.4,,PIT_LB_02,LB,1,,,76.5,,2026,751,,77.3,PIT
REGULAR_SEASON,53.2,1,47.5,,49.8,,PIT_LB_05,LB,0,,,55.4,,2026,48,,43.7,PIT
REGULAR_SEASON,61.3,12,62.1,,,,PIT_CB_03,CB,1,,,59.4,,2026,610,,58.2,PIT
REGULAR_SEASON,65.2,17,62.3,,,,PIT_CB_02,CB,1,,,69.0,,2026,818,,67.5,PIT
REGULAR_SEASON,64.6,12,73.2,,,,PIT_CB_01,CB,1,,,69.2,,2026,581,,66.4,PIT
REGULAR_SEASON,66.4,13,71.1,,,,PIT_CB_05,CB,1,,,67.9,,2026,647,,69.9,PIT
REGULAR_SEASON,67.9,17,68.9,,,,PIT_S_01,S,1,,,63.8,,2026,883,,68.8,PIT
REGULAR_SEASON,59.4,17,62.8,,,,PIT_S_02,S,1,,,55.5,,2026,865,,69.6,PIT
REGULAR_SEASON,59.3,17,58.8,,,,PIT_S_03,S,1,,,57.8,,2026,864,,63.6,PIT
REGULAR_SEASON,,17,78.2,,,,PIT_K_01,K,1,,,,,2026,102,71.7,,PIT
REGULAR_SEASON,,15,71.8,,,,PIT_P_01,P,1,,,,,2026,75,64.4,,PIT
REGULAR_SEASON,,3,63.3,64.6,,,TEN_C_02,C,0,,47.3,,,2026,197,,,TEN
REGULAR_SEASON,,12,73.6,,70.5,,TEN_EDGE_04,EDGE,1,,,73.8,,2026,551,,71.4,TEN
REGULAR_SEASON,,15,68.8,,,67.2,HOU_QB_01,QB,1,,,,65.6,2026,928,,,HOU
REGULAR_SEASON,,5,63.7,59.3,,,HOU_OG_03,OG,0,,62.1,,,2026,325,,,HOU
REGULAR_SEASON,53.4,3,70.8,,,,HOU_CB_06,CB,0,,,67.3,,2026,150,,57.9,HOU
REGULAR_SEASON,75.1,15,76.5,,,,HOU_S_04,S,1,,,67.4,,2026,789,,75.5,HOU
REGULAR_SEASON,59.6,11,66.2,,,,JAX_S_03,S,1,,,57.3,,2026,567,,61.5,JAX
REGULAR_SEASON,,16,85.5,73.0,,,IND_OG_01,OG,1,,78.0,,,2026,1069,,,IND
REGULAR_SEASON,,11,66.8,,65.1,,IND_EDGE_05,EDGE,1,,,64.2,,2026,479,,61.2,IND
REGULAR_SEASON,,9,70.1,,71.3,,IND_DT_03,DT,1,,,65.1,,2026,348,,71.9,IND
REGULAR_SEASON,67.8,16,64.6,,66.6,,IND_LB_01,LB,1,,,64.0,,2026,752,,62.0,IND
REGULAR_SEASON,,3,81.9,79.1,,,LAC_TE_03,TE,0,89.1,76.5,,,2026,118,,,LAC
REGULAR_SEASON,,5,69.0,,72.8,,LAC_DT_05,DT,0,,,68.2,,2026,181,,69.4,LAC
REGULAR_SEASON,51.1,8,52.2,,,,LAC_CB_05,CB,1,,,48.9,,2026,403,,50.2,LAC
REGULAR_SEASON,60.6,5,57.1,,,,LAC_S_03,S,0,,,58.0,,2026,249,,56.5,LAC
REGULAR_SEASON,50.8,13,56.1,,,,DAL_CB_04,CB,1,,,62.8,,2026,636,,55.2,DAL
REGULAR_SEASON,,1,73.0,,69.9,,PHI_DT_04,DT,0,,,53.4,,2026,35,,57.0,PHI
REGULAR_SEASON,75.4,15,74.2,,,,PHI_S_01,S,1,,,68.6,,2026,740,,70.8,PHI
REGULAR_SEASON,,16,59.8,,,,MIN_WR_05,WR,1,58.7,63.3,,,2026,694,,,MIN
REGULAR_SEASON,,1,54.5,57.0,,,MIN_C_02,C,0,,55.9,,,2026,61,,,MIN
REGULAR_SEASON,,11,59.7,,56.6,,MIN_EDGE_05,EDGE,1,,,60.4,,2026,479,,60.6,MIN
REGULAR_SEASON,99.1,1,54.8,,,,MIN_CB_06,CB,0,,,58.2,,2026,52,,60.6,MIN
REGULAR_SEASON,68.9,6,62.5,,,,MIN_S_04,S,0,,,58.2,,2026,316,,65.6,MIN
REGULAR_SEASON,,15,70.4,,72.1,,CAR_EDGE_03,EDGE,1,,,70.8,,2026,664,,67.1,CAR
REGULAR_SEASON,,13,65.7,,,,TB_WR_03,WR,1,60.5,63.1,,,2026,582,,,TB
REGULAR_SEASON,,3,56.9,,,52.5,SF_QB_02,QB,0,,,,60.1,2026,196,,,SF
REGULAR_SEASON,,5,69.4,,71.5,,SF_EDGE_03,EDGE,0,,,69.2,,2026,216,,66.6,SF
REGULAR_SEASON,57.3,1,68.2,,53.1,,SF_LB_03,LB,0,,,75.7,,2026,33,,48.7,SF
REGULAR_SEASON,61.9,16,62.0,,,,SF_S_04,S,1,,,61.3,,2026,811,,63.3,SF
REGULAR_SEASON,,15,66.7,68.1,,,SEA_OT_01,OT,1,,68.7,,,2026,994,,,SEA
REGULAR_SEASON,,11,49.0,,50.5,,BAL_DT_04,DT,1,,,48.8,,2026,420,,53.4,BAL
REGULAR_SEASON,58.6,4,57.3,,,,BAL_S_01,S,0,,,42.6,,2026,216,,55.9,BAL
REGULAR_SEASON,,14,70.5,,,,BAL_P_01,P,1,,,,,2026,70,65.6,,BAL
REGULAR_SEASON,,2,70.0,,68.2,,LAR_DT_04,DT,0,,,56.0,,2026,76,,61.5,LAR
REGULAR_SEASON,56.2,4,49.2,,,,LAR_S_03,S,0,,,46.9,,2026,198,,43.1,LAR
REGULAR_SEASON,,16,45.7,50.1,,,ATL_TE_03,TE,1,52.7,47.5,,,2026,637,,,ATL
REGULAR_SEASON,68.7,14,70.9,,66.9,,ATL_LB_04,LB,1,,,66.4,,2026,635,,74.3,ATL
REGULAR_SEASON,56.5,2,47.6,,,,ATL_CB_04,CB,0,,,55.8,,2026,105,,46.4,ATL
REGULAR_SEASON,50.4,5,59.1,,,,ATL_S_03,S,0,,,62.4,,2026,254,,67.4,ATL
REGULAR_SEASON,,1,58.7,,58.3,,WAS_DT_05,DT,0,,,52.4,,2026,38,,57.2,WAS
REGULAR_SEASON,83.2,5,77.9,,63.9,,WAS_LB_05,LB,0,,,75.8,,2026,229,,72.7,WAS
REGULAR_SEASON,71.5,5,70.0,,,,WAS_CB_06,CB,0,,,69.7,,2026,261,,67.8,WAS
REGULAR_SEASON,,1,45.0,42.0,,,MIA_TE_01,TE,0,66.5,64.6,,,2026,40,,,MIA
REGULAR_SEASON,,3,69.1,50.1,,,MIA_OT_03,OT,0,,68.4,,,2026,201,,,MIA
REGULAR_SEASON,,4,75.5,,,,CLE_WR_04,WR,0,69.7,72.1,,,2026,180,,,CLE
REGULAR_SEASON,,8,51.8,,52.9,,CLE_DT_04,DT,1,,,58.0,,2026,309,,49.7,CLE
REGULAR_SEASON,,14,71.1,,81.0,,CLE_DT_02,DT,1,,,69.9,,2026,508,,68.3,CLE
REGULAR_SEASON,,13,58.3,55.9,,,NYG_TE_03,TE,1,59.4,63.5,,,2026,539,,,NYG
REGULAR_SEASON,,1,38.2,24.3,,,ARI_OT_03,OT,0,,61.8,,,2026,65,,,ARI
REGULAR_SEASON,,6,56.3,,64.0,,ARI_DT_03,DT,0,,,58.0,,2026,228,,57.8,ARI
REGULAR_SEASON,61.8,13,66.0,,,,ARI_CB_03,CB,1,,,73.4,,2026,649,,56.8,ARI
REGULAR_SEASON,73.2,14,70.8,,70.1,,DET_LB_04,LB,1,,,67.5,,2026,611,,66.8,DET
REGULAR_SEASON,61.1,2,44.9,,44.1,,BUF_LB_03,LB,0,,,52.7,,2026,91,,59.0,BUF
REGULAR_SEASON,74.3,14,75.4,,,,BUF_CB_02,CB,1,,,73.5,,2026,709,,69.7,BUF
REGULAR_SEASON,,5,58.0,,58.0,,NE_DT_02,DT,0,,,61.9,,2026,179,,64.4,NE
REGULAR_SEASON,,14,63.1,,63.3,,NYJ_DT_05,DT,1,,,59.7,,2026,539,,59.0,NYJ
REGULAR_SEASON,,9,54.9,,69.1,,MIA_EDGE_05,EDGE,1,,,57.9,,2026,390,,51.1,MIA
REGULAR_SEASON,,15,62.8,65.0,,,CLE_C_01,C,1,,70.8,,,2026,996,,,CLE
REGULAR_SEASON,,12,48.5,,55.7,,PIT_EDGE_03,EDGE,1,,,52.7,,2026,528,,54.6,PIT
REGULAR_SEASON,,9,73.4,,66.2,,PIT_DT_04,DT,1,,,70.8,,2026,315,,69.2,PIT
REGULAR_SEASON,58.5,16,61.3,,60.5,,PIT_LB_04,LB,1,,,63.3,,2026,714,,65.2,PIT
REGULAR_SEASON,59.5,9,53.8,,,,PIT_CB_04,CB,1,,,54.4,,2026,444,,53.7,PIT
REGULAR_SEASON,55.1,3,48.0,,57.1,,HOU_LB_04,LB,0,,,50.7,,2026,129,,47.2,HOU
REGULAR_SEASON,,5,56.5,,,64.2,GB_QB_02,QB,0,,,,55.6,2026,317,,,GB
REGULAR_SEASON,,6,67.6,,63.3,,DEN_DT_03,DT,0,,,68.9,,2026,210,,71.3,DEN
REGULAR_SEASON,,7,58.8,,,,IND_WR_05,WR,0,63.4,67.7,,,2026,318,,,IND
REGULAR_SEASON,,9,45.4,48.3,,,IND_C_02,C,1,,49.8,,,2026,569,,,IND
REGULAR_SEASON,,9,58.7,57.1,,,MIN_OT_04,OT,1,,59.7,,,2026,588,,,MIN
REGULAR_SEASON,65.8,7,66.8,,72.5,,CHI_LB_05,LB,0,,,67.6,,2026,317,,64.6,CHI
REGULAR_SEASON,,4,44.4,,54.2,,NO_DT_05,DT,0,,,53.2,,2026,136,,46.4,NO
REGULAR_SEASON,,3,35.6,48.8,,,PHI_TE_03,TE,0,36.3,32.7,,,2026,109,,,PHI
REGULAR_SEASON,,14,56.3,,,,JAX_WR_04,WR,1,55.5,57.0,,,2026,579,,,JAX
REGULAR_SEASON,,14,57.0,52.1,,,JAX_C_02,C,1,,58.9,,,2026,940,,,JAX
REGULAR_SEASON,,14,69.7,,64.2,,JAX_EDGE_04,EDGE,1,,,65.4,,2026,598,,62.7,JAX
REGULAR_SEASON,,7,52.7,51.1,,,KC_OG_03,OG,0,,53.9,,,2026,456,,,KC
REGULAR_SEASON,,3,50.0,,52.2,,WAS_EDGE_04,EDGE,0,,,43.0,,2026,136,,47.0,WAS
REGULAR_SEASON,82.4,12,87.5,,81.4,,ARI_LB_02,LB,1,,,78.0,,2026,564,,80.3,ARI
REGULAR_SEASON,,13,80.7,80.8,,,LAC_OG_02,OG,1,,71.2,,,2026,862,,,LAC
REGULAR_SEASON,78.6,15,82.7,,,,TB_S_02,S,1,,,79.2,,2026,766,,74.5,TB
REGULAR_SEASON,,12,80.1,,,,MIA_WR_02,WR,1,65.7,71.1,,,2026,525,,,MIA
REGULAR_SEASON,,3,46.0,46.4,,,MIA_OG_04,OG,0,,49.9,,,2026,201,,,MIA
REGULAR_SEASON,,1,38.3,57.0,,,MIA_OG_03,OG,0,,64.4,,,2026,64,,,MIA
REGULAR_SEASON,,2,70.6,,,,MIN_WR_06,WR,0,62.1,69.7,,,2026,91,,,MIN
REGULAR_SEASON,,2,48.4,42.7,,,DET_OT_03,OT,0,,61.8,,,2026,136,,,DET
REGULAR_SEASON,75.0,1,79.4,,61.7,,DET_LB_03,LB,0,,,99.9,,2026,45,,80.5,DET
REGULAR_SEASON,64.2,5,73.8,,,,PIT_CB_06,CB,0,,,69.9,,2026,254,,67.2,PIT
REGULAR_SEASON,,3,75.0,,,,IND_WR_06,WR,0,69.7,58.0,,,2026,131,,,IND
REGULAR_SEASON,,13,56.3,55.6,,,IND_OT_03,OT,1,,56.3,,,2026,847,,,IND
REGULAR_SEASON,,11,58.8,,,,DAL_WR_06,WR,1,59.1,57.3,,,2026,479,,,DAL
REGULAR_SEASON,74.0,3,64.8,,,,DAL_CB_06,CB,0,,,74.2,,2026,140,,56.6,DAL
REGULAR_SEASON,57.2,13,65.5,,,,GB_CB_06,CB,1,,,60.2,,2026,622,,63.6,GB
REGULAR_SEASON,,13,69.6,,65.2,,PHI_DT_05,DT,1,,,67.8,,2026,481,,68.0,PHI
REGULAR_SEASON,63.0,6,62.6,,,,SEA_S_03,S,0,,,60.9,,2026,310,,55.1,SEA
REGULAR_SEASON,,13,90.5,87.2,,,CLE_TE_01,TE,1,83.8,90.9,,,2026,498,,,CLE
REGULAR_SEASON,,11,60.2,61.5,,,ARI_OT_02,OT,1,,55.2,,,2026,708,,,ARI
REGULAR_SEASON,49.1,5,36.2,,,,CAR_CB_05,CB,0,,,47.4,,2026,248,,50.9,CAR
REGULAR_SEASON,,2,68.9,71.0,,,NO_OG_02,OG,0,,62.3,,,2026,125,,,NO
REGULAR_SEASON,54.6,7,53.2,,,,NO_CB_06,CB,0,,,66.4,,2026,340,,58.1,NO
REGULAR_SEASON,40.0,7,41.2,,,,JAX_CB_04,CB,0,,,48.9,,2026,342,,39.6,JAX
REGULAR_SEASON,,8,65.4,,,,TEN_WR_06,WR,1,70.3,53.9,,,2026,340,,,TEN
REGULAR_SEASON,,6,53.2,48.1,,,KC_OT_04,OT,0,,53.0,,,2026,413,,,KC
REGULAR_SEASON,73.0,1,47.2,,49.8,,TB_LB_04,LB,0,,,45.5,,2026,47,,58.2,TB
REGULAR_SEASON,39.6,2,44.3,,,,TB_CB_06,CB,0,,,41.7,,2026,103,,57.2,TB
REGULAR_SEASON,,3,54.0,63.4,,,BUF_C_02,C,0,,66.0,,,2026,206,,,BUF
REGULAR_SEASON,,1,25.4,,37.2,,BUF_EDGE_03,EDGE,0,,,31.1,,2026,44,,50.7,BUF
REGULAR_SEASON,59.6,10,68.2,,,,BUF_S_03,S,1,,,67.6,,2026,537,,74.8,BUF
REGULAR_SEASON,88.0,7,87.7,,,,IND_CB_05,CB,0,,,78.5,,2026,349,,88.3,IND
REGULAR_SEASON,,2,58.9,59.0,,,NYG_OG_04,OG,0,,75.4,,,2026,143,,,NYG
REGULAR_SEASON,,5,55.2,,,,CHI_WR_04,WR,0,63.8,56.6,,,2026,223,,,CHI
REGULAR_SEASON,48.4,2,41.1,,52.6,,CHI_LB_03,LB,0,,,66.1,,2026,100,,43.0,CHI
REGULAR_SEASON,59.2,2,49.3,,,,CHI_CB_05,CB,0,,,32.7,,2026,102,,56.5,CHI
REGULAR_SEASON,,3,76.7,,,77.7,PIT_QB_02,QB,0,,,,67.9,2026,175,,,PIT
REGULAR_SEASON,47.1,1,37.1,,41.8,,HOU_LB_05,LB,0,,,60.3,,2026,42,,30.3,HOU
REGULAR_SEASON,87.0,4,83.8,,,,DET_CB_06,CB,0,,,86.1,,2026,194,,72.5,DET
REGULAR_SEASON,,4,57.7,,,,SEA_WR_04,WR,0,62.1,68.3,,,2026,173,,,SEA
REGULAR_SEASON,,2,59.2,,,61.7,BUF_QB_02,QB,0,,,,61.7,2026,136,,,BUF
REGULAR_SEASON,,1,58.7,50.3,,,BUF_OG_04,OG,0,,59.9,,,2026,69,,,BUF
REGULAR_SEASON,,4,68.6,,65.0,,NYG_DT_01,DT,0,,,67.9,,2026,143,,68.0,NYG
REGULAR_SEASON,,4,66.7,68.6,,,PHI_OG_04,OG,0,,65.8,,,2026,253,,,PHI
REGULAR_SEASON,,4,52.8,43.4,,,SF_TE_02,TE,0,54.4,54.1,,,2026,157,,,SF
REGULAR_SEASON,,4,67.5,65.4,,,SF_C_02,C,0,,71.1,,,2026,263,,,SF
REGULAR_SEASON,,4,40.7,42.2,,,BAL_OT_04,OT,0,,43.2,,,2026,250,,,BAL
REGULAR_SEASON,57.9,8,53.1,,,,BAL_CB_04,CB,1,,,52.1,,2026,410,,61.1,BAL
REGULAR_SEASON,,5,57.6,65.8,,,KC_C_02,C,0,,67.1,,,2026,335,,,KC
REGULAR_SEASON,,5,57.2,,55.8,,KC_DT_04,DT,0,,,66.0,,2026,196,,60.5,KC
REGULAR_SEASON,,9,52.1,,,,CAR_WR_06,WR,1,46.0,45.6,,,2026,393,,,CAR
REGULAR_SEASON,52.8,2,58.0,,,,CAR_S_04,S,0,,,48.0,,2026,108,,68.2,CAR
REGULAR_SEASON,,8,56.8,,49.8,,NE_EDGE_05,EDGE,1,,,58.8,,2026,346,,56.0,NE
REGULAR_SEASON,,10,61.3,,60.5,,CLE_EDGE_04,EDGE,1,,,61.8,,2026,426,,60.6,CLE
REGULAR_SEASON,63.8,9,57.1,,,,CIN_CB_04,CB,1,,,54.7,,2026,425,,68.3,CIN
REGULAR_SEASON,,7,54.3,48.1,,,TEN_OT_02,OT,0,,58.0,,,2026,459,,,TEN
REGULAR_SEASON,,10,57.6,,56.3,,ATL_DT_04,DT,1,,,61.9,,2026,354,,53.3,ATL
REGULAR_SEASON,,4,62.0,68.7,,,IND_TE_03,TE,0,77.6,62.4,,,2026,169,,,IND
REGULAR_SEASON,63.3,5,56.1,,,,DET_CB_04,CB,0,,,55.0,,2026,251,,57.5,DET
REGULAR_SEASON,,5,55.8,,,,PIT_WR_06,WR,0,64.6,60.4,,,2026,221,,,PIT
REGULAR_SEASON,,8,67.2,61.1,,,TEN_OG_02,OG,1,,63.6,,,2026,524,,,TEN
REGULAR_SEASON,,4,63.6,,,,LAC_WR_04,WR,0,60.9,58.9,,,2026,178,,,LAC
REGULAR_SEASON,57.1,5,57.7,,59.7,,LAC_LB_05,LB,0,,,60.4,,2026,216,,65.3,LAC
REGULAR_SEASON,,2,47.1,49.8,,,PHI_OT_04,OT,0,,56.0,,,2026,138,,,PHI
REGULAR_SEASON,,3,69.5,,56.8,,ATL_EDGE_05,EDGE,0,,,63.5,,2026,119,,75.7,ATL
REGULAR_SEASON,,3,48.5,55.1,,,LAR_TE_03,TE,0,50.5,43.3,,,2026,111,,,LAR
REGULAR_SEASON,75.8,4,53.7,,,,BUF_CB_04,CB,0,,,61.4,,2026,190,,56.9,BUF
REGULAR_SEASON,,6,86.1,77.1,,,NYJ_OT_02,OT,0,,73.8,,,2026,395,,,NYJ
REGULAR_SEASON,,1,71.6,,,,CHI_WR_06,WR,0,85.6,66.3,,,2026,45,,,CHI
REGULAR_SEASON,57.3,7,60.9,,,,CHI_S_03,S,1,,,60.7,,2026,380,,74.5,CHI
REGULAR_SEASON,51.3,4,54.0,,,,DEN_CB_06,CB,0,,,49.4,,2026,201,,70.6,DEN
REGULAR_SEASON,,1,44.0,52.6,,,NYG_C_02,C,0,,35.6,,,2026,63,,,NYG
REGULAR_SEASON,,2,49.4,,55.1,,NYG_DT_05,DT,0,,,36.5,,2026,83,,48.3,NYG
REGULAR_SEASON,63.0,4,66.5,,70.3,,JAX_LB_03,LB,0,,,72.4,,2026,180,,65.7,JAX
REGULAR_SEASON,44.7,1,61.8,,56.7,,JAX_LB_04,LB,0,,,58.0,,2026,51,,68.9,JAX
REGULAR_SEASON,,4,65.7,67.6,,,MIA_C_02,C,0,,64.2,,,2026,255,,,MIA
REGULAR_SEASON,,4,64.1,,62.9,,MIA_DT_05,DT,0,,,64.8,,2026,151,,64.8,MIA
REGULAR_SEASON,52.1,5,48.0,,,,MIA_CB_04,CB,0,,,57.2,,2026,239,,55.4,MIA
REGULAR_SEASON,58.9,3,57.4,,,,MIA_CB_06,CB,0,,,51.9,,2026,142,,58.3,MIA
REGULAR_SEASON,61.1,5,52.6,,,,LAR_CB_05,CB,0,,,64.3,,2026,240,,55.5,LAR
REGULAR_SEASON,,5,53.7,61.3,,,SF_OT_04,OT,0,,54.0,,,2026,328,,,SF
REGULAR_SEASON,,3,45.4,,51.2,,SEA_DT_03,DT,0,,,52.6,,2026,126,,57.9,SEA
REGULAR_SEASON,,4,77.5,69.7,,,CLE_OG_01,OG,0,,75.5,,,2026,272,,,CLE
REGULAR_SEASON,62.1,2,74.9,,,,CIN_S_03,S,0,,,72.1,,2026,101,,74.6,CIN
REGULAR_SEASON,64.3,2,53.8,,,,HOU_CB_04,CB,0,,,59.1,,2026,99,,56.8,HOU
REGULAR_SEASON,62.9,7,59.5,,,,IND_S_04,S,1,,,67.5,,2026,357,,53.9,IND
REGULAR_SEASON,,6,58.4,64.7,,,LV_OG_03,OG,0,,67.6,,,2026,398,,,LV
REGULAR_SEASON,,2,52.7,73.8,,,CHI_C_02,C,0,,43.3,,,2026,132,,,CHI
REGULAR_SEASON,55.2,5,50.1,,,,WAS_S_02,S,0,,,58.0,,2026,243,,55.5,WAS
REGULAR_SEASON,,5,62.4,,66.1,,DEN_EDGE_05,EDGE,0,,,59.4,,2026,224,,58.0,DEN
REGULAR_SEASON,,4,41.1,,,,BUF_WR_05,WR,0,34.6,37.7,,,2026,170,,,BUF
REGULAR_SEASON,,4,67.0,72.8,,,BUF_OG_03,OG,0,,55.9,,,2026,269,,,BUF
REGULAR_SEASON,,2,35.5,31.5,,,IND_OG_03,OG,0,,31.6,,,2026,132,,,IND
REGULAR_SEASON,48.6,6,45.4,,64.2,,TEN_LB_03,LB,0,,,55.9,,2026,275,,51.9,TEN
REGULAR_SEASON,,6,57.4,,,,WAS_WR_04,WR,0,57.7,63.7,,,2026,274,,,WAS
REGULAR_SEASON,,3,66.0,,,,GB_WR_05,WR,0,68.1,68.4,,,2026,140,,,GB
REGULAR_SEASON,67.8,4,59.8,,,,GB_S_03,S,0,,,58.2,,2026,208,,61.1,GB
REGULAR_SEASON,,1,41.0,52.1,,,CAR_OT_03,OT,0,,58.8,,,2026,62,,,CAR
REGULAR_SEASON,,1,54.3,,,,ARI_WR_06,WR,0,53.2,42.8,,,2026,45,,,ARI
REGULAR_SEASON,,4,49.0,52.4,,,BUF_TE_02,TE,0,46.5,59.2,,,2026,162,,,BUF
REGULAR_SEASON,,2,54.6,,57.9,,BAL_EDGE_05,EDGE,0,,,65.5,,2026,91,,60.2,BAL
REGULAR_SEASON,,3,54.1,,52.0,,BAL_DT_05,DT,0,,,52.6,,2026,106,,47.3,BAL
REGULAR_SEASON,,3,64.5,50.7,,,PIT_TE_03,TE,0,55.9,71.0,,,2026,117,,,PIT
REGULAR_SEASON,57.0,3,69.5,,67.9,,IND_LB_04,LB,0,,,74.3,,2026,141,,59.3,IND
REGULAR_SEASON,,3,54.9,60.5,,,LAR_OT_03,OT,0,,50.6,,,2026,190,,,LAR
REGULAR_SEASON,,3,48.4,52.3,,,HOU_TE_01,TE,0,54.9,55.8,,,2026,127,,,HOU
REGULAR_SEASON,,5,68.1,66.6,,,TB_OT_04,OT,0,,63.5,,,2026,333,,,TB
REGULAR_SEASON,,4,57.5,56.0,,,CHI_TE_03,TE,0,59.9,65.3,,,2026,172,,,CHI
REGULAR_SEASON,,1,67.3,,71.4,,LV_DT_04,DT,0,,,80.6,,2026,41,,59.1,LV
REGULAR_SEASON,,2,84.4,,,79.4,LAC_QB_02,QB,0,,,,78.2,2026,121,,,LAC
REGULAR_SEASON,,1,66.3,,50.6,,PHI_EDGE_04,EDGE,0,,,74.6,,2026,45,,97.7,PHI
REGULAR_SEASON,,2,60.8,65.4,,,DAL_OG_03,OG,0,,59.1,,,2026,128,,,DAL
REGULAR_SEASON,,1,46.3,,,,GB_WR_04,WR,0,61.5,22.5,,,2026,35,,,GB
REGULAR_SEASON,,2,58.9,,,60.7,ARI_QB_02,QB,0,,,,61.3,2026,118,,,ARI
REGULAR_SEASON,,2,68.2,,77.2,,ARI_EDGE_05,EDGE,0,,,38.6,,2026,76,,68.0,ARI
REGULAR_SEASON,76.2,2,85.5,,,,SEA_CB_05,CB,0,,,64.0,,2026,95,,83.7,SEA
REGULAR_SEASON,,3,60.3,,,,DEN_WR_06,WR,0,74.9,61.9,,,2026,122,,,DEN
REGULAR_SEASON,73.1,1,63.3,,,,CHI_CB_06,CB,0,,,80.7,,2026,55,,57.4,CHI
REGULAR_SEASON,,3,65.2,,66.1,,TB_EDGE_05,EDGE,0,,,62.5,,2026,139,,73.2,TB
REGULAR_SEASON,,1,69.1,48.2,,,CAR_C_02,C,0,,53.9,,,2026,63,,,CAR
REGULAR_SEASON,,1,76.5,57.8,,,NE_TE_02,TE,0,85.1,87.4,,,2026,36,,,NE
REGULAR_SEASON,62.8,1,67.5,,,,NE_CB_06,CB,0,,,49.4,,2026,52,,59.3,NE
REGULAR_SEASON,,1,55.6,70.3,,,BAL_OG_03,OG,0,,61.8,,,2026,54,,,BAL
REGULAR_SEASON,61.2,1,48.0,,47.0,,BAL_LB_04,LB,0,,,38.5,,2026,53,,39.9,BAL
REGULAR_SEASON,,1,50.2,66.7,,,CLE_OT_03,OT,0,,55.7,,,2026,59,,,CLE
REGULAR_SEASON,,1,54.4,49.3,,,LV_OT_03,OT,0,,37.9,,,2026,66,,,LV
REGULAR_SEASON,,1,50.8,57.5,,,ATL_OG_03,OG,0,,52.7,,,2026,59,,,ATL
REGULAR_SEASON,,2,36.9,48.7,,,CAR_OG_04,OG,0,,41.3,,,2026,132,,,CAR
REGULAR_SEASON,,2,57.8,,62.1,,HOU_EDGE_03,EDGE,0,,,54.5,,2026,88,,40.3,HOU
REGULAR_SEASON,,2,71.2,,59.9,,HOU_DT_05,DT,0,,,62.6,,2026,79,,84.7,HOU
REGULAR_SEASON,,1,73.3,,76.4,,NO_EDGE_03,EDGE,0,,,66.2,,2026,42,,74.5,NO
REGULAR_SEASON,,1,37.1,,29.6,,ARI_DT_05,DT,0,,,32.7,,2026,33,,25.5,ARI
REGULAR_SEASON,96.7,1,70.0,,56.5,,BAL_LB_05,LB,0,,,64.5,,2026,44,,78.2,BAL
REGULAR_SEASON,,1,83.1,,,77.0,MIA_QB_02,QB,0,,,,91.0,2026,62,,,MIA
REGULAR_SEASON,,1,54.2,,,,CIN_WR_05,WR,0,62.7,60.4,,,2026,44,,,CIN
REGULAR_SEASON,,1,65.5,52.0,,,CIN_C_02,C,0,,73.8,,,2026,67,,,CIN
REGULAR_SEASON,,1,56.7,,,,LAR_WR_05,WR,0,59.9,42.2,,,2026,47,,,LAR
REGULAR_SEASON,,1,51.0,,61.1,,TB_DT_04,DT,0,,,35.2,,2026,44,,56.3,TB
REGULAR_SEASON,29.7,1,56.0,,,,TB_CB_01,CB,0,,,58.3,,2026,46,,89.2,TB
REGULAR_SEASON,,1,55.6,32.5,,,LV_C_02,C,0,,50.1,,,2026,62,,,LV
PLAYOFFS,,4,57.8,,,63.6,TEN_QB_01,QB,0,,,,48.3,2026,254,,,TEN
PLAYOFFS,,4,62.1,68.2,,,TEN_RB_02,RB,0,61.2,,,63.7,2026,147,,,TEN
PLAYOFFS,,4,42.4,47.4,,,TEN_RB_03,RB,0,40.6,,,61.3,2026,81,,,TEN
PLAYOFFS,,4,76.2,,,,TEN_WR_01,WR,0,61.8,67.4,,,2026,178,,,TEN
PLAYOFFS,,4,69.1,,,,TEN_WR_03,WR,0,71.4,73.7,,,2026,176,,,TEN
PLAYOFFS,,4,56.5,,,,TEN_WR_02,WR,0,59.6,67.9,,,2026,171,,,TEN
PLAYOFFS,,4,77.5,,,,TEN_WR_05,WR,0,78.7,70.7,,,2026,182,,,TEN
PLAYOFFS,,4,68.8,82.4,,,TEN_TE_03,TE,0,67.9,64.1,,,2026,164,,,TEN
PLAYOFFS,,4,72.1,76.0,,,TEN_TE_01,TE,0,72.9,76.3,,,2026,166,,,TEN
PLAYOFFS,,4,88.7,75.7,,,TEN_OT_01,OT,0,,76.1,,,2026,248,,,TEN
PLAYOFFS,,4,64.1,61.3,,,TEN_OT_04,OT,0,,64.1,,,2026,257,,,TEN
PLAYOFFS,,4,76.4,71.1,,,TEN_OG_04,OG,0,,70.0,,,2026,264,,,TEN
PLAYOFFS,,4,60.0,62.8,,,TEN_OG_01,OG,0,,56.0,,,2026,255,,,TEN
PLAYOFFS,,4,81.2,70.4,,,TEN_C_01,C,0,,70.8,,,2026,264,,,TEN
PLAYOFFS,,4,71.5,,71.2,,TEN_EDGE_02,EDGE,0,,,68.8,,2026,172,,68.0,TEN
PLAYOFFS,,4,72.1,,70.8,,TEN_EDGE_01,EDGE,0,,,68.8,,2026,175,,60.2,TEN
PLAYOFFS,,4,62.6,,62.0,,TEN_EDGE_03,EDGE,0,,,70.8,,2026,179,,62.5,TEN
PLAYOFFS,,4,65.8,,62.7,,TEN_EDGE_04,EDGE,0,,,67.9,,2026,184,,77.4,TEN
PLAYOFFS,,4,73.9,,74.1,,TEN_DT_01,DT,0,,,77.9,,2026,155,,70.5,TEN
PLAYOFFS,,4,88.1,,74.4,,TEN_DT_04,DT,0,,,87.3,,2026,166,,83.0,TEN
PLAYOFFS,,4,59.3,,66.4,,TEN_DT_03,DT,0,,,69.2,,2026,148,,48.2,TEN
PLAYOFFS,65.8,4,65.2,,56.8,,TEN_LB_01,LB,0,,,76.5,,2026,179,,61.9,TEN
PLAYOFFS,66.4,4,77.3,,75.1,,TEN_LB_04,LB,0,,,83.4,,2026,183,,76.1,TEN
PLAYOFFS,79.2,4,85.3,,71.7,,TEN_LB_02,LB,0,,,81.6,,2026,180,,75.7,TEN
PLAYOFFS,61.4,4,70.4,,,,TEN_CB_03,CB,0,,,67.2,,2026,214,,57.2,TEN
PLAYOFFS,62.3,4,66.9,,,,TEN_CB_02,CB,0,,,74.6,,2026,190,,60.4,TEN
PLAYOFFS,61.2,4,65.9,,,,TEN_CB_06,CB,0,,,63.9,,2026,191,,70.1,TEN
PLAYOFFS,57.3,4,60.9,,,,TEN_CB_05,CB,0,,,66.0,,2026,203,,64.3,TEN
PLAYOFFS,61.6,4,72.1,,,,TEN_S_01,S,0,,,61.3,,2026,199,,78.6,TEN
PLAYOFFS,58.9,4,75.1,,,,TEN_S_02,S,0,,,73.5,,2026,215,,70.2,TEN
PLAYOFFS,75.4,4,67.8,,,,TEN_S_03,S,0,,,70.1,,2026,220,,59.2,TEN
PLAYOFFS,,4,69.6,,,,TEN_K_01,K,0,,,,,2026,24,74.9,,TEN
PLAYOFFS,,4,70.8,,,,TEN_P_01,P,0,,,,,2026,20,71.9,,TEN
PLAYOFFS,,1,80.9,,,83.6,IND_QB_01,QB,0,,,,63.0,2026,65,,,IND
PLAYOFFS,,1,95.0,68.8,,,IND_RB_01,RB,0,96.4,,,69.4,2026,23,,,IND
PLAYOFFS,,1,60.4,71.7,,,IND_RB_02,RB,0,58.6,,,53.5,2026,15,,,IND
PLAYOFFS,,1,57.7,65.8,,,IND_RB_03,RB,0,24.1,,,42.3,2026,12,,,IND
PLAYOFFS,,1,82.3,,,,IND_WR_03,WR,0,82.8,52.4,,,2026,44,,,IND
PLAYOFFS,,1,73.7,,,,IND_WR_02,WR,0,85.6,55.4,,,2026,41,,,IND
PLAYOFFS,,1,65.5,,,,IND_WR_01,WR,0,75.8,52.2,,,2026,44,,,IND
PLAYOFFS,,1,72.5,,,,IND_WR_04,WR,0,77.9,73.9,,,2026,47,,,IND
PLAYOFFS,,1,49.3,61.0,,,IND_TE_01,TE,0,47.5,75.1,,,2026,36,,,IND
PLAYOFFS,,1,62.6,62.2,,,IND_TE_02,TE,0,48.5,63.1,,,2026,40,,,IND
PLAYOFFS,,1,60.4,44.2,,,IND_OT_02,OT,0,,44.8,,,2026,72,,,IND
PLAYOFFS,,1,66.0,63.4,,,IND_OT_03,OT,0,,55.8,,,2026,64,,,IND
PLAYOFFS,,1,86.6,83.2,,,IND_OG_01,OG,0,,89.3,,,2026,73,,,IND
PLAYOFFS,,1,44.6,41.4,,,IND_OG_03,OG,0,,85.6,,,2026,62,,,IND
PLAYOFFS,,1,70.5,53.9,,,IND_C_01,C,0,,70.4,,,2026,74,,,IND
PLAYOFFS,,1,84.5,,70.4,,IND_EDGE_02,EDGE,0,,,85.7,,2026,37,,88.4,IND
PLAYOFFS,,1,59.2,,73.6,,IND_EDGE_01,EDGE,0,,,35.9,,2026,46,,49.0,IND
PLAYOFFS,,1,80.2,,77.2,,IND_EDGE_05,EDGE,0,,,82.6,,2026,41,,71.6,IND
PLAYOFFS,,1,52.9,,33.2,,IND_DT_01,DT,0,,,46.0,,2026,34,,59.9,IND
PLAYOFFS,,1,62.2,,54.0,,IND_DT_02,DT,0,,,52.6,,2026,40,,51.9,IND
PLAYOFFS,,1,60.6,,66.5,,IND_DT_04,DT,0,,,76.4,,2026,39,,66.1,IND
PLAYOFFS,60.1,1,51.2,,64.2,,IND_LB_01,LB,0,,,61.9,,2026,45,,52.2,IND
PLAYOFFS,90.4,1,92.7,,86.1,,IND_LB_03,LB,0,,,78.9,,2026,46,,77.0,IND
PLAYOFFS,51.2,1,40.2,,39.8,,IND_LB_05,LB,0,,,42.2,,2026,46,,16.7,IND
PLAYOFFS,68.4,1,67.0,,,,IND_CB_01,CB,0,,,74.8,,2026,47,,40.4,IND
PLAYOFFS,46.7,1,59.7,,,,IND_CB_03,CB,0,,,74.7,,2026,50,,37.2,IND
PLAYOFFS,41.9,1,58.3,,,,IND_CB_06,CB,0,,,51.8,,2026,52,,55.6,IND
PLAYOFFS,61.2,1,73.1,,,,IND_CB_05,CB,0,,,67.6,,2026,54,,88.8,IND
PLAYOFFS,46.0,1,64.7,,,,IND_S_01,S,0,,,62.1,,2026,47,,62.7,IND
PLAYOFFS,62.6,1,79.9,,,,IND_S_02,S,0,,,74.5,,2026,48,,73.3,IND
PLAYOFFS,90.5,1,91.5,,,,IND_S_04,S,0,,,92.7,,2026,49,,67.6,IND
PLAYOFFS,,1,75.5,,,,IND_K_01,K,0,,,,,2026,6,68.1,,IND
PLAYOFFS,,1,75.7,,,,IND_P_01,P,0,,,,,2026,5,71.0,,IND
PLAYOFFS,,2,89.4,,,74.4,NYJ_QB_01,QB,0,,,,87.9,2026,130,,,NYJ
PLAYOFFS,,2,66.6,74.8,,,NYJ_RB_03,RB,0,70.2,,,57.9,2026,60,,,NYJ
PLAYOFFS,,2,63.8,55.3,,,NYJ_RB_01,RB,0,78.7,,,51.1,2026,53,,,NYJ
PLAYOFFS,,2,47.5,57.7,,,NYJ_RB_02,RB,0,41.9,,,22.6,2026,29,,,NYJ
PLAYOFFS,,2,68.2,,,,NYJ_WR_02,WR,0,71.8,57.2,,,2026,88,,,NYJ
PLAYOFFS,,2,81.5,,,,NYJ_WR_03,WR,0,79.0,77.8,,,2026,80,,,NYJ
PLAYOFFS,,2,88.3,,,,NYJ_WR_01,WR,0,96.9,85.1,,,2026,91,,,NYJ
PLAYOFFS,,2,47.0,,,,NYJ_WR_06,WR,0,69.2,38.1,,,2026,81,,,NYJ
PLAYOFFS,,2,80.0,83.0,,,NYJ_TE_01,TE,0,70.4,78.8,,,2026,74,,,NYJ
PLAYOFFS,,2,85.0,83.4,,,NYJ_TE_03,TE,0,86.8,81.8,,,2026,83,,,NYJ
PLAYOFFS,,2,67.5,48.4,,,NYJ_OT_04,OT,0,,65.9,,,2026,137,,,NYJ
PLAYOFFS,,2,71.5,72.8,,,NYJ_OT_02,OT,0,,73.8,,,2026,133,,,NYJ
PLAYOFFS,,2,39.6,47.5,,,NYJ_OG_01,OG,0,,55.7,,,2026,140,,,NYJ
PLAYOFFS,,2,82.4,71.6,,,NYJ_OG_02,OG,0,,80.7,,,2026,131,,,NYJ
PLAYOFFS,,2,66.6,59.3,,,NYJ_C_01,C,0,,88.2,,,2026,129,,,NYJ
PLAYOFFS,,2,77.3,,82.2,,NYJ_EDGE_01,EDGE,0,,,67.7,,2026,92,,74.1,NYJ
PLAYOFFS,,2,67.6,,63.8,,NYJ_EDGE_02,EDGE,0,,,53.7,,2026,98,,63.2,NYJ
PLAYOFFS,,2,71.4,,86.4,,NYJ_EDGE_05,EDGE,0,,,71.9,,2026,90,,67.9,NYJ
PLAYOFFS,,2,60.8,,73.3,,NYJ_EDGE_03,EDGE,0,,,56.6,,2026,87,,44.9,NYJ
PLAYOFFS,,2,65.3,,72.3,,NYJ_DT_02,DT,0,,,74.1,,2026,84,,74.2,NYJ
PLAYOFFS,,2,56.8,,37.8,,NYJ_DT_03,DT,0,,,55.0,,2026,83,,51.5,NYJ
PLAYOFFS,,2,65.4,,79.1,,NYJ_DT_05,DT,0,,,82.7,,2026,64,,78.2,NYJ
PLAYOFFS,68.6,2,62.3,,73.4,,NYJ_LB_01,LB,0,,,64.8,,2026,94,,60.6,NYJ
PLAYOFFS,53.4,2,60.6,,54.6,,NYJ_LB_02,LB,0,,,75.4,,2026,91,,54.0,NYJ
PLAYOFFS,64.2,2,56.3,,60.8,,NYJ_LB_04,LB,0,,,62.3,,2026,97,,67.3,NYJ
PLAYOFFS,58.7,2,69.5,,,,NYJ_CB_03,CB,0,,,58.1,,2026,105,,66.0,NYJ
PLAYOFFS,42.7,2,52.1,,,,NYJ_CB_02,CB,0,,,54.4,,2026,94,,58.0,NYJ
PLAYOFFS,57.1,2,61.2,,,,NYJ_CB_01,CB,0,,,62.4,,2026,108,,62.5,NYJ
PLAYOFFS,74.6,2,64.5,,,,NYJ_CB_04,CB,0,,,48.4,,2026,93,,77.7,NYJ
PLAYOFFS,74.9,2,88.9,,,,NYJ_S_02,S,0,,,65.4,,2026,105,,77.0,NYJ
PLAYOFFS,70.7,2,71.4,,,,NYJ_S_01,S,0,,,60.7,,2026,98,,77.6,NYJ
PLAYOFFS,39.3,2,55.0,,,,NYJ_S_03,S,0,,,62.1,,2026,110,,41.2,NYJ
PLAYOFFS,,2,81.5,,,,NYJ_K_01,K,0,,,,,2026,12,68.2,,NYJ
PLAYOFFS,,2,66.6,,,,NYJ_P_01,P,0,,,,,2026,10,88.5,,NYJ
PLAYOFFS,,1,65.1,,,63.6,LV_QB_01,QB,0,,,,52.8,2026,67,,,LV
PLAYOFFS,,1,68.3,60.7,,,LV_RB_01,RB,0,85.9,,,83.5,2026,33,,,LV
PLAYOFFS,,1,84.5,69.3,,,LV_RB_02,RB,0,91.8,,,92.3,2026,27,,,LV
PLAYOFFS,,1,69.8,64.9,,,LV_RB_03,RB,0,65.4,,,71.3,2026,25,,,LV
PLAYOFFS,,1,50.7,,,,LV_WR_01,WR,0,40.6,46.6,,,2026,51,,,LV
PLAYOFFS,,1,57.5,,,,LV_WR_02,WR,0,72.2,45.4,,,2026,40,,,LV
PLAYOFFS,,1,67.3,,,,LV_WR_03,WR,0,89.0,62.8,,,2026,42,,,LV
PLAYOFFS,,1,75.8,,,,LV_WR_05,WR,0,80.7,70.6,,,2026,43,,,LV
PLAYOFFS,,1,58.0,46.7,,,LV_TE_01,TE,0,21.7,37.7,,,2026,41,,,LV
PLAYOFFS,,1,65.8,74.6,,,LV_TE_03,TE,0,65.0,49.7,,,2026,41,,,LV
PLAYOFFS,,1,69.2,68.6,,,LV_OT_02,OT,0,,57.2,,,2026,63,,,LV
PLAYOFFS,,1,71.9,47.0,,,LV_OT_01,OT,0,,73.8,,,2026,67,,,LV
PLAYOFFS,,1,63.7,58.2,,,LV_OG_01,OG,0,,56.3,,,2026,68,,,LV
PLAYOFFS,,1,68.6,67.2,,,LV_OG_02,OG,0,,67.2,,,2026,67,,,LV
PLAYOFFS,,1,45.0,69.8,,,LV_C_02,C,0,,54.8,,,2026,68,,,LV
PLAYOFFS,,1,71.1,,80.5,,LV_EDGE_04,EDGE,0,,,54.2,,2026,42,,50.8,LV
PLAYOFFS,,1,51.3,,55.2,,LV_EDGE_01,EDGE,0,,,59.6,,2026,45,,64.2,LV
PLAYOFFS,,1,88.2,,85.8,,LV_EDGE_03,EDGE,0,,,78.1,,2026,44,,92.3,LV
PLAYOFFS,,1,61.6,,44.3,,LV_EDGE_05,EDGE,0,,,61.4,,2026,54,,66.0,LV
PLAYOFFS,,1,56.7,,47.0,,LV_DT_01,DT,0,,,45.5,,2026,35,,67.6,LV
PLAYOFFS,,1,57.8,,59.5,,LV_DT_02,DT,0,,,62.7,,2026,43,,82.1,LV
PLAYOFFS,,1,71.2,,65.3,,LV_DT_03,DT,0,,,88.0,,2026,48,,71.1,LV
PLAYOFFS,82.1,1,80.8,,92.2,,LV_LB_01,LB,0,,,72.2,,2026,43,,58.6,LV
PLAYOFFS,57.3,1,60.5,,77.7,,LV_LB_02,LB,0,,,45.0,,2026,44,,66.6,LV
PLAYOFFS,69.3,1,73.9,,67.8,,LV_LB_03,LB,0,,,87.6,,2026,49,,85.9,LV
PLAYOFFS,84.8,1,99.9,,,,LV_CB_03,CB,0,,,84.2,,2026,55,,91.0,LV
PLAYOFFS,90.6,1,99.9,,,,LV_CB_01,CB,0,,,87.2,,2026,45,,84.3,LV
PLAYOFFS,70.4,1,68.5,,,,LV_CB_02,CB,0,,,73.9,,2026,45,,64.0,LV
PLAYOFFS,93.3,1,89.2,,,,LV_CB_06,CB,0,,,87.3,,2026,39,,80.9,LV
PLAYOFFS,96.7,1,85.9,,,,LV_S_01,S,0,,,87.1,,2026,55,,72.9,LV
PLAYOFFS,22.9,1,45.6,,,,LV_S_02,S,0,,,45.6,,2026,51,,51.7,LV
PLAYOFFS,75.4,1,85.9,,,,LV_S_04,S,0,,,91.1,,2026,48,,68.9,LV
PLAYOFFS,,1,60.8,,,,LV_K_01,K,0,,,,,2026,6,76.5,,LV
PLAYOFFS,,1,76.3,,,,LV_P_01,P,0,,,,,2026,5,46.4,,LV
PLAYOFFS,,1,81.8,,,65.0,PIT_QB_01,QB,0,,,,75.9,2026,63,,,PIT
PLAYOFFS,,1,69.9,65.4,,,PIT_RB_01,RB,0,72.8,,,73.9,2026,36,,,PIT
PLAYOFFS,,1,60.6,43.0,,,PIT_RB_02,RB,0,60.0,,,56.0,2026,21,,,PIT
PLAYOFFS,,1,80.8,,,,PIT_WR_02,WR,0,92.5,61.7,,,2026,41,,,PIT
PLAYOFFS,,1,57.7,,,,PIT_WR_03,WR,0,58.7,70.1,,,2026,47,,,PIT
PLAYOFFS,,1,51.6,,,,PIT_WR_04,WR,0,38.1,45.1,,,2026,41,,,PIT
PLAYOFFS,,1,64.3,,,,PIT_WR_06,WR,0,68.1,64.2,,,2026,43,,,PIT
PLAYOFFS,,1,58.4,49.6,,,PIT_TE_01,TE,0,55.0,54.9,,,2026,32,,,PIT
PLAYOFFS,,1,55.1,65.4,,,PIT_TE_02,TE,0,36.5,62.5,,,2026,46,,,PIT
PLAYOFFS,,1,59.9,74.1,,,PIT_OT_01,OT,0,,68.0,,,2026,61,,,PIT
PLAYOFFS,,1,75.2,70.2,,,PIT_OT_02,OT,0,,61.1,,,2026,67,,,PIT
PLAYOFFS,,1,83.3,90.5,,,PIT_OG_02,OG,0,,58.5,,,2026,66,,,PIT
PLAYOFFS,,1,69.8,86.7,,,PIT_OG_01,OG,0,,45.5,,,2026,64,,,PIT
PLAYOFFS,,1,89.0,87.8,,,PIT_C_01,C,0,,79.9,,,2026,62,,,PIT
PLAYOFFS,,1,72.0,,82.8,,PIT_EDGE_02,EDGE,0,,,72.9,,2026,43,,70.4,PIT
PLAYOFFS,,1,79.3,,71.9,,PIT_EDGE_01,EDGE,0,,,64.6,,2026,41,,72.7,PIT
PLAYOFFS,,1,58.1,,41.8,,PIT_EDGE_05,EDGE,0,,,54.0,,2026,51,,54.1,PIT
PLAYOFFS,,1,51.4,,58.2,,PIT_EDGE_04,EDGE,0,,,55.7,,2026,43,,55.2,PIT
PLAYOFFS,,1,50.6,,54.4,,PIT_DT_02,DT,0,,,56.3,,2026,39,,27.9,PIT
PLAYOFFS,,1,71.6,,75.1,,PIT_DT_01,DT,0,,,55.8,,2026,32,,67.0,PIT
PLAYOFFS,,1,65.0,,60.0,,PIT_DT_05,DT,0,,,71.7,,2026,34,,58.5,PIT
PLAYOFFS,87.5,1,94.9,,81.0,,PIT_LB_01,LB,0,,,79.1,,2026,43,,95.2,PIT
PLAYOFFS,42.0,1,41.5,,35.5,,PIT_LB_04,LB,0,,,36.2,,2026,46,,41.3,PIT
PLAYOFFS,64.1,1,51.3,,47.1,,PIT_LB_02,LB,0,,,88.0,,2026,52,,62.5,PIT
PLAYOFFS,75.2,1,82.8,,,,PIT_CB_03,CB,0,,,74.6,,2026,41,,89.9,PIT
PLAYOFFS,42.3,1,49.0,,,,PIT_CB_02,CB,0,,,52.9,,2026,52,,50.7,PIT
PLAYOFFS,79.5,1,75.0,,,,PIT_CB_01,CB,0,,,83.5,,2026,51,,76.0,PIT
PLAYOFFS,45.8,1,35.3,,,,PIT_CB_05,CB,0,,,62.7,,2026,49,,42.1,PIT
PLAYOFFS,48.3,1,40.6,,,,PIT_S_01,S,0,,,32.6,,2026,56,,51.9,PIT
PLAYOFFS,39.3,1,59.6,,,,PIT_S_02,S,0,,,64.8,,2026,53,,49.2,PIT
PLAYOFFS,76.9,1,61.6,,,,PIT_S_03,S,0,,,50.0,,2026,50,,58.3,PIT
PLAYOFFS,,1,81.7,,,,PIT_K_01,K,0,,,,,2026,6,95.1,,PIT
PLAYOFFS,,1,77.6,,,,PIT_P_01,P,0,,,,,2026,5,84.7,,PIT
PLAYOFFS,,3,83.9,,,88.8,KC_QB_01,QB,0,,,,66.9,2026,196,,,KC
PLAYOFFS,,3,66.5,64.0,,,KC_RB_01,RB,0,78.1,,,63.9,2026,87,,,KC
PLAYOFFS,,3,72.2,59.2,,,KC_RB_02,RB,0,75.4,,,74.2,2026,58,,,KC
PLAYOFFS,,3,84.0,80.0,,,KC_RB_03,RB,0,82.6,,,67.8,2026,48,,,KC
PLAYOFFS,,3,81.0,,,,KC_WR_03,WR,0,74.6,78.9,,,2026,117,,,KC
PLAYOFFS,,3,74.3,,,,KC_WR_02,WR,0,66.8,77.5,,,2026,131,,,KC
PLAYOFFS,,3,68.1,,,,KC_WR_05,WR,0,77.0,63.8,,,2026,133,,,KC
PLAYOFFS,,3,66.5,,,,KC_WR_04,WR,0,63.0,59.2,,,2026,134,,,KC
PLAYOFFS,,3,83.9,84.7,,,KC_TE_01,TE,0,70.0,90.2,,,2026,120,,,KC
PLAYOFFS,,3,73.6,66.6,,,KC_TE_02,TE,0,77.2,69.6,,,2026,119,,,KC
PLAYOFFS,,3,76.3,71.1,,,KC_OT_01,OT,0,,85.5,,,2026,190,,,KC
PLAYOFFS,,3,73.4,62.1,,,KC_OT_02,OT,0,,60.3,,,2026,193,,,KC
PLAYOFFS,,3,77.0,76.0,,,KC_OG_01,OG,0,,79.5,,,2026,200,,,KC
PLAYOFFS,,3,73.2,68.9,,,KC_OG_02,OG,0,,75.0,,,2026,187,,,KC
PLAYOFFS,,3,80.5,79.9,,,KC_C_01,C,0,,75.6,,,2026,193,,,KC
PLAYOFFS,,3,79.6,,69.8,,KC_EDGE_01,EDGE,0,,,85.6,,2026,132,,87.0,KC
PLAYOFFS,,3,73.2,,73.1,,KC_EDGE_02,EDGE,0,,,63.2,,2026,134,,64.1,KC
PLAYOFFS,,3,61.5,,67.5,,KC_EDGE_04,EDGE,0,,,46.4,,2026,123,,72.4,KC
PLAYOFFS,,3,56.0,,69.5,,KC_EDGE_03,EDGE,0,,,59.2,,2026,134,,60.4,KC
PLAYOFFS,,3,64.9,,54.4,,KC_DT_01,DT,0,,,52.9,,2026,104,,61.5,KC
PLAYOFFS,,3,89.8,,84.2,,KC_DT_03,DT,0,,,81.4,,2026,120,,76.6,KC
PLAYOFFS,,3,63.5,,66.8,,KC_DT_04,DT,0,,,68.5,,2026,111,,64.6,KC
PLAYOFFS,67.9,3,59.8,,65.4,,KC_LB_02,LB,0,,,52.5,,2026,125,,53.3,KC
PLAYOFFS,61.1,3,72.7,,64.0,,KC_LB_01,LB,0,,,74.1,,2026,136,,67.1,KC
PLAYOFFS,65.2,3,85.6,,77.5,,KC_LB_03,LB,0,,,83.1,,2026,136,,78.1,KC
PLAYOFFS,80.8,3,87.0,,,,KC_CB_02,CB,0,,,87.2,,2026,155,,74.3,KC
PLAYOFFS,94.6,3,82.0,,,,KC_CB_03,CB,0,,,77.2,,2026,148,,67.6,KC
PLAYOFFS,65.0,3,66.8,,,,KC_CB_04,CB,0,,,65.1,,2026,156,,58.7,KC
PLAYOFFS,57.1,3,44.0,,,,KC_CB_05,CB,0,,,35.0,,2026,151,,48.5,KC
PLAYOFFS,77.7,3,66.8,,,,KC_S_02,S,0,,,59.4,,2026,152,,49.5,KC
PLAYOFFS,43.9,3,46.9,,,,KC_S_04,S,0,,,55.7,,2026,148,,58.9,KC
PLAYOFFS,72.2,3,64.0,,,,KC_S_03,S,0,,,49.9,,2026,154,,67.0,KC
PLAYOFFS,,3,71.3,,,,KC_K_01,K,0,,,,,2026,18,71.5,,KC
PLAYOFFS,,1,89.7,,,94.8,DEN_QB_01,QB,0,,,,89.2,2026,67,,,DEN
PLAYOFFS,,1,83.0,89.0,,,DEN_RB_01,RB,0,66.9,,,99.9,2026,22,,,DEN
PLAYOFFS,,1,43.8,59.5,,,DEN_RB_02,RB,0,32.0,,,31.7,2026,16,,,DEN
PLAYOFFS,,1,62.2,63.3,,,DEN_RB_03,RB,0,48.3,,,45.4,2026,18,,,DEN
PLAYOFFS,,1,57.4,,,,DEN_WR_01,WR,0,45.0,68.1,,,2026,50,,,DEN
PLAYOFFS,,1,86.1,,,,DEN_WR_02,WR,0,94.2,88.5,,,2026,46,,,DEN
PLAYOFFS,,1,73.2,,,,DEN_WR_04,WR,0,67.4,66.2,,,2026,42,,,DEN
PLAYOFFS,,1,47.8,,,,DEN_WR_06,WR,0,34.3,37.3,,,2026,45,,,DEN
PLAYOFFS,,1,68.9,62.2,,,DEN_TE_01,TE,0,63.0,80.9,,,2026,38,,,DEN
PLAYOFFS,,1,43.8,51.6,,,DEN_OT_02,OT,0,,39.9,,,2026,64,,,DEN
PLAYOFFS,,1,37.1,30.7,,,DEN_OT_01,OT,0,,48.6,,,2026,68,,,DEN
PLAYOFFS,,1,49.5,67.6,,,DEN_OG_02,OG,0,,54.5,,,2026,64,,,DEN
PLAYOFFS,,1,54.4,51.1,,,DEN_OG_01,OG,0,,41.4,,,2026,63,,,DEN
PLAYOFFS,,1,83.8,86.3,,,DEN_C_01,C,0,,89.0,,,2026,76,,,DEN
PLAYOFFS,,1,76.9,,71.0,,DEN_EDGE_01,EDGE,0,,,78.8,,2026,42,,69.5,DEN
PLAYOFFS,,1,88.2,,76.1,,DEN_EDGE_02,EDGE,0,,,59.8,,2026,38,,64.7,DEN
PLAYOFFS,,1,24.5,,44.1,,DEN_EDGE_04,EDGE,0,,,41.1,,2026,42,,61.8,DEN
PLAYOFFS,,1,75.0,,85.1,,DEN_EDGE_03,EDGE,0,,,82.9,,2026,38,,79.1,DEN
PLAYOFFS,,1,92.1,,85.1,,DEN_DT_02,DT,0,,,96.1,,2026,35,,78.9,DEN
PLAYOFFS,,1,62.3,,51.6,,DEN_DT_01,DT,0,,,54.9,,2026,44,,69.4,DEN
PLAYOFFS,,1,88.3,,77.4,,DEN_DT_04,DT,0,,,98.0,,2026,42,,82.7,DEN
PLAYOFFS,38.1,1,43.9,,52.7,,DEN_LB_04,LB,0,,,50.9,,2026,39,,84.1,DEN
PLAYOFFS,54.9,1,74.9,,78.4,,DEN_LB_02,LB,0,,,75.1,,2026,42,,60.5,DEN
PLAYOFFS,71.2,1,75.1,,70.7,,DEN_LB_03,LB,0,,,55.6,,2026,50,,54.9,DEN
PLAYOFFS,51.8,1,66.0,,,,DEN_CB_01,CB,0,,,51.4,,2026,50,,50.8,DEN
PLAYOFFS,77.8,1,94.1,,,,DEN_CB_02,CB,0,,,78.8,,2026,46,,72.5,DEN
PLAYOFFS,60.1,1,66.1,,,,DEN_CB_03,CB,0,,,54.8,,2026,48,,51.7,DEN
PLAYOFFS,82.8,1,71.2,,,,DEN_CB_04,CB,0,,,58.6,,2026,51,,76.6,DEN
PLAYOFFS,95.5,1,83.8,,,,DEN_S_01,S,0,,,89.3,,2026,44,,68.7,DEN
PLAYOFFS,99.9,1,95.9,,,,DEN_S_02,S,0,,,96.0,,2026,45,,86.3,DEN
PLAYOFFS,64.6,1,55.0,,,,DEN_S_03,S,0,,,63.8,,2026,54,,78.5,DEN
PLAYOFFS,,1,56.5,,,,DEN_K_01,K,0,,,,,2026,6,51.7,,DEN
PLAYOFFS,,1,70.8,,,,DEN_P_01,P,0,,,,,2026,5,89.5,,DEN
PLAYOFFS,,1,67.3,,,73.0,CAR_QB_01,QB,0,,,,78.7,2026,65,,,CAR
PLAYOFFS,,1,62.0,48.7,,,CAR_RB_01,RB,0,68.4,,,66.2,2026,30,,,CAR
PLAYOFFS,,1,79.0,87.3,,,CAR_RB_03,RB,0,66.4,,,53.5,2026,26,,,CAR
PLAYOFFS,,1,59.4,38.1,,,CAR_RB_02,RB,0,67.1,,,54.4,2026,18,,,CAR
PLAYOFFS,,1,80.7,,,,CAR_WR_01,WR,0,60.8,63.2,,,2026,40,,,CAR
PLAYOFFS,,1,98.9,,,,CAR_WR_03,WR,0,98.5,94.1,,,2026,38,,,CAR
PLAYOFFS,,1,71.9,,,,CAR_WR_02,WR,0,58.1,66.9,,,2026,44,,,CAR
PLAYOFFS,,1,44.8,,,,CAR_WR_05,WR,0,35.3,50.4,,,2026,44,,,CAR
PLAYOFFS,,1,65.8,83.8,,,CAR_TE_01,TE,0,42.7,61.5,,,2026,47,,,CAR
PLAYOFFS,,1,73.9,75.8,,,CAR_TE_02,TE,0,74.8,73.1,,,2026,43,,,CAR
PLAYOFFS,,1,81.6,82.4,,,CAR_OT_01,OT,0,,36.2,,,2026,69,,,CAR
PLAYOFFS,,1,71.3,87.0,,,CAR_OT_02,OT,0,,64.0,,,2026,71,,,CAR
PLAYOFFS,,1,65.7,52.6,,,CAR_OG_01,OG,0,,56.3,,,2026,64,,,CAR
PLAYOFFS,,1,62.8,60.0,,,CAR_OG_04,OG,0,,72.8,,,2026,64,,,CAR
PLAYOFFS,,1,69.5,65.1,,,CAR_C_01,C,0,,56.1,,,2026,65,,,CAR
PLAYOFFS,,1,64.8,,40.8,,CAR_EDGE_02,EDGE,0,,,76.4,,2026,41,,50.0,CAR
PLAYOFFS,,1,87.8,,89.1,,CAR_EDGE_01,EDGE,0,,,78.9,,2026,46,,81.6,CAR
PLAYOFFS,,1,74.0,,89.6,,CAR_EDGE_03,EDGE,0,,,73.9,,2026,46,,42.4,CAR
PLAYOFFS,,1,52.0,,66.2,,CAR_EDGE_04,EDGE,0,,,63.0,,2026,44,,53.1,CAR
PLAYOFFS,,1,44.1,,48.0,,CAR_DT_02,DT,0,,,40.2,,2026,29,,45.0,CAR
PLAYOFFS,,1,75.3,,77.1,,CAR_DT_01,DT,0,,,74.5,,2026,36,,71.5,CAR
PLAYOFFS,,1,76.2,,77.3,,CAR_DT_04,DT,0,,,66.2,,2026,40,,92.3,CAR
PLAYOFFS,38.9,1,53.1,,43.7,,CAR_LB_01,LB,0,,,45.1,,2026,45,,70.2,CAR
PLAYOFFS,88.4,1,66.2,,87.9,,CAR_LB_03,LB,0,,,54.2,,2026,42,,66.8,CAR
PLAYOFFS,68.9,1,56.6,,45.4,,CAR_LB_02,LB,0,,,56.5,,2026,47,,63.4,CAR
PLAYOFFS,96.9,1,79.9,,,,CAR_CB_01,CB,0,,,99.9,,2026,44,,82.3,CAR
PLAYOFFS,91.2,1,62.5,,,,CAR_CB_03,CB,0,,,81.8,,2026,55,,39.8,CAR
PLAYOFFS,45.4,1,53.5,,,,CAR_CB_04,CB,0,,,29.5,,2026,56,,78.3,CAR
PLAYOFFS,64.3,1,72.7,,,,CAR_CB_05,CB,0,,,63.2,,2026,49,,68.7,CAR
PLAYOFFS,48.0,1,55.6,,,,CAR_S_02,S,0,,,57.5,,2026,54,,53.6,CAR
PLAYOFFS,34.3,1,47.1,,,,CAR_S_03,S,0,,,44.5,,2026,53,,61.6,CAR
PLAYOFFS,69.0,1,48.6,,,,CAR_S_01,S,0,,,79.7,,2026,50,,65.2,CAR
PLAYOFFS,,1,40.4,,,,CAR_K_01,K,0,,,,,2026,6,41.0,,CAR
PLAYOFFS,,1,73.3,,,,CAR_P_01,P,0,,,,,2026,5,48.7,,CAR
PLAYOFFS,,2,69.3,,,58.5,LAR_QB_01,QB,0,,,,68.9,2026,128,,,LAR
PLAYOFFS,,2,90.1,80.6,,,LAR_RB_01,RB,0,92.9,,,74.5,2026,60,,,LAR
PLAYOFFS,,2,41.0,46.8,,,LAR_RB_03,RB,0,51.1,,,44.1,2026,41,,,LAR
PLAYOFFS,,2,48.8,61.2,,,LAR_RB_02,RB,0,57.8,,,58.6,2026,26,,,LAR
PLAYOFFS,,2,56.1,,,,LAR_WR_02,WR,0,39.8,45.8,,,2026,90,,,LAR
PLAYOFFS,,2,68.3,,,,LAR_WR_01,WR,0,84.2,73.6,,,2026,97,,,LAR
PLAYOFFS,,2,68.9,,,,LAR_WR_03,WR,0,88.6,69.1,,,2026,83,,,LAR
PLAYOFFS,,2,52.8,,,,LAR_WR_05,WR,0,60.8,54.8,,,2026,85,,,LAR
PLAYOFFS,,2,49.9,52.1,,,LAR_TE_01,TE,0,58.7,59.0,,,2026,79,,,LAR
PLAYOFFS,,2,80.9,68.4,,,LAR_TE_02,TE,0,72.0,65.6,,,2026,81,,,LAR
PLAYOFFS,,2,43.2,44.7,,,LAR_OT_01,OT,0,,31.2,,,2026,132,,,LAR
PLAYOFFS,,2,77.1,67.0,,,LAR_OT_02,OT,0,,76.5,,,2026,129,,,LAR
PLAYOFFS,,2,73.9,84.6,,,LAR_OG_01,OG,0,,88.2,,,2026,133,,,LAR
PLAYOFFS,,2,66.1,69.7,,,LAR_OG_02,OG,0,,59.5,,,2026,141,,,LAR
PLAYOFFS,,2,94.9,94.6,,,LAR_C_01,C,0,,93.1,,,2026,133,,,LAR
PLAYOFFS,,2,82.4,,74.5,,LAR_EDGE_01,EDGE,0,,,70.3,,2026,83,,80.3,LAR
PLAYOFFS,,2,73.7,,81.8,,LAR_EDGE_04,EDGE,0,,,68.7,,2026,85,,75.8,LAR
PLAYOFFS,,2,49.2,,47.7,,LAR_EDGE_03,EDGE,0,,,53.6,,2026,84,,54.4,LAR
PLAYOFFS,,2,71.2,,70.6,,LAR_DT_01,DT,0,,,61.0,,2026,75,,65.3,LAR
PLAYOFFS,,2,66.9,,68.0,,LAR_DT_02,DT,0,,,74.4,,2026,84,,76.5,LAR
PLAYOFFS,,2,52.8,,59.2,,LAR_DT_05,DT,0,,,57.9,,2026,62,,29.9,LAR
PLAYOFFS,69.3,2,77.1,,69.0,,LAR_LB_01,LB,0,,,72.7,,2026,88,,72.0,LAR
PLAYOFFS,73.9,2,78.6,,88.9,,LAR_LB_02,LB,0,,,73.6,,2026,81,,87.6,LAR
PLAYOFFS,80.9,2,80.8,,65.2,,LAR_LB_04,LB,0,,,65.4,,2026,85,,67.5,LAR
PLAYOFFS,73.3,2,91.7,,,,LAR_CB_02,CB,0,,,92.8,,2026,101,,85.6,LAR
PLAYOFFS,91.5,2,87.0,,,,LAR_CB_01,CB,0,,,62.8,,2026,99,,89.7,LAR
PLAYOFFS,81.3,2,64.5,,,,LAR_CB_03,CB,0,,,64.0,,2026,94,,68.1,LAR
PLAYOFFS,63.5,2,39.9,,,,LAR_CB_06,CB,0,,,49.7,,2026,99,,35.7,LAR
PLAYOFFS,72.2,2,68.6,,,,LAR_S_02,S,0,,,50.9,,2026,103,,61.3,LAR
PLAYOFFS,81.7,2,66.3,,,,LAR_S_04,S,0,,,83.9,,2026,97,,64.4,LAR
PLAYOFFS,77.3,2,77.4,,,,LAR_S_01,S,0,,,67.9,,2026,107,,81.7,LAR
PLAYOFFS,,2,47.4,,,,LAR_P_01,P,0,,,,,2026,10,40.8,,LAR
PLAYOFFS,,4,65.6,,,70.7,SF_QB_01,QB,0,,,,59.0,2026,255,,,SF
PLAYOFFS,,4,93.9,80.5,,,SF_RB_01,RB,0,91.1,,,91.4,2026,113,,,SF
PLAYOFFS,,4,39.8,46.0,,,SF_RB_03,RB,0,45.3,,,41.1,2026,83,,,SF
PLAYOFFS,,4,49.2,46.8,,,SF_RB_02,RB,0,58.9,,,49.9,2026,76,,,SF
PLAYOFFS,,4,81.4,,,,SF_WR_03,WR,0,66.9,84.4,,,2026,177,,,SF
PLAYOFFS,,4,87.4,,,,SF_WR_01,WR,0,81.4,71.9,,,2026,166,,,SF
PLAYOFFS,,4,72.5,,,,SF_WR_06,WR,0,73.8,62.8,,,2026,173,,,SF
PLAYOFFS,,4,56.5,,,,SF_WR_04,WR,0,68.3,51.5,,,2026,172,,,SF
PLAYOFFS,,4,59.5,56.6,,,SF_TE_01,TE,0,57.9,78.0,,,2026,163,,,SF
PLAYOFFS,,4,86.0,82.5,,,SF_TE_03,TE,0,79.1,82.4,,,2026,175,,,SF
PLAYOFFS,,4,84.2,69.4,,,SF_OT_01,OT,0,,86.5,,,2026,276,,,SF
PLAYOFFS,,4,69.8,73.3,,,SF_OT_02,OT,0,,59.3,,,2026,256,,,SF
PLAYOFFS,,4,93.7,84.0,,,SF_OG_01,OG,0,,96.4,,,2026,258,,,SF
PLAYOFFS,,4,71.5,60.2,,,SF_OG_02,OG,0,,72.5,,,2026,260,,,SF
PLAYOFFS,,4,68.1,63.6,,,SF_C_01,C,0,,65.7,,,2026,258,,,SF
PLAYOFFS,,4,54.5,,64.0,,SF_EDGE_01,EDGE,0,,,53.2,,2026,169,,64.2,SF
PLAYOFFS,,4,86.5,,93.1,,SF_EDGE_02,EDGE,0,,,68.0,,2026,173,,91.8,SF
PLAYOFFS,,4,77.5,,89.7,,SF_EDGE_05,EDGE,0,,,66.1,,2026,180,,71.0,SF
PLAYOFFS,,4,58.5,,57.9,,SF_EDGE_04,EDGE,0,,,58.1,,2026,170,,56.9,SF
PLAYOFFS,,4,90.5,,82.8,,SF_DT_02,DT,0,,,73.7,,2026,143,,75.9,SF
PLAYOFFS,,4,61.0,,62.0,,SF_DT_01,DT,0,,,64.2,,2026,154,,53.1,SF
PLAYOFFS,,4,59.2,,66.0,,SF_DT_05,DT,0,,,49.0,,2026,145,,54.1,SF
PLAYOFFS,72.3,4,73.5,,64.2,,SF_LB_02,LB,0,,,72.4,,2026,184,,81.9,SF
PLAYOFFS,82.6,4,83.2,,75.8,,SF_LB_01,LB,0,,,80.1,,2026,182,,88.1,SF
PLAYOFFS,69.5,4,57.9,,65.2,,SF_LB_04,LB,0,,,47.6,,2026,181,,52.6,SF
PLAYOFFS,65.6,4,65.7,,,,SF_CB_03,CB,0,,,64.9,,2026,202,,76.2,SF
PLAYOFFS,68.2,4,69.1,,,,SF_CB_01,CB,0,,,69.0,,2026,195,,54.9,SF
PLAYOFFS,48.7,4,49.2,,,,SF_CB_02,CB,0,,,51.1,,2026,202,,58.4,SF
PLAYOFFS,64.7,4,64.0,,,,SF_CB_06,CB,0,,,67.2,,2026,210,,73.5,SF
PLAYOFFS,57.3,4,59.7,,,,SF_S_01,S,0,,,59.2,,2026,202,,63.8,SF
PLAYOFFS,79.0,4,87.4,,,,SF_S_02,S,0,,,75.1,,2026,197,,79.4,SF
PLAYOFFS,64.4,4,56.2,,,,SF_S_04,S,0,,,63.7,,2026,215,,62.1,SF
PLAYOFFS,,4,59.1,,,,SF_K_01,K,0,,,,,2026,24,48.4,,SF
PLAYOFFS,,4,72.0,,,,SF_P_01,P,0,,,,,2026,20,70.2,,SF
PLAYOFFS,,1,85.7,,,80.9,ATL_QB_01,QB,0,,,,84.4,2026,68,,,ATL
PLAYOFFS,,1,71.0,76.0,,,ATL_RB_01,RB,0,44.5,,,26.3,2026,28,,,ATL
PLAYOFFS,,1,37.9,52.0,,,ATL_RB_02,RB,0,27.4,,,61.5,2026,22,,,ATL
PLAYOFFS,,1,35.3,35.8,,,ATL_RB_03,RB,0,24.7,,,30.4,2026,11,,,ATL
PLAYOFFS,,1,69.6,,,,ATL_WR_01,WR,0,58.3,72.3,,,2026,44,,,ATL
PLAYOFFS,,1,46.1,,,,ATL_WR_03,WR,0,65.9,28.3,,,2026,43,,,ATL
PLAYOFFS,,1,50.6,,,,ATL_WR_02,WR,0,54.7,30.8,,,2026,40,,,ATL
PLAYOFFS,,1,86.5,,,,ATL_WR_05,WR,0,71.1,77.2,,,2026,47,,,ATL
PLAYOFFS,,1,93.1,89.6,,,ATL_TE_01,TE,0,98.7,75.7,,,2026,42,,,ATL
PLAYOFFS,,1,33.4,30.6,,,ATL_TE_03,TE,0,41.1,37.4,,,2026,42,,,ATL
PLAYOFFS,,1,70.6,71.3,,,ATL_OT_01,OT,0,,88.5,,,2026,61,,,ATL
PLAYOFFS,,1,62.7,76.8,,,ATL_OT_02,OT,0,,42.9,,,2026,61,,,ATL
PLAYOFFS,,1,75.0,50.7,,,ATL_OG_02,OG,0,,98.2,,,2026,57,,,ATL
PLAYOFFS,,1,82.5,83.8,,,ATL_OG_04,OG,0,,81.4,,,2026,62,,,ATL
PLAYOFFS,,1,75.4,87.8,,,ATL_C_02,C,0,,78.8,,,2026,65,,,ATL
PLAYOFFS,,1,99.0,,93.9,,ATL_EDGE_01,EDGE,0,,,99.9,,2026,44,,91.8,ATL
PLAYOFFS,,1,91.1,,80.7,,ATL_EDGE_02,EDGE,0,,,94.2,,2026,51,,90.1,ATL
PLAYOFFS,,1,52.1,,64.7,,ATL_EDGE_04,EDGE,0,,,51.1,,2026,52,,52.9,ATL
PLAYOFFS,,1,46.8,,55.8,,ATL_EDGE_03,EDGE,0,,,56.1,,2026,40,,60.1,ATL
PLAYOFFS,,1,56.1,,63.5,,ATL_DT_02,DT,0,,,54.6,,2026,40,,49.2,ATL
PLAYOFFS,,1,87.7,,91.2,,ATL_DT_01,DT,0,,,89.2,,2026,32,,90.7,ATL
PLAYOFFS,,1,75.0,,79.4,,ATL_DT_04,DT,0,,,68.0,,2026,40,,74.5,ATL
PLAYOFFS,87.1,1,90.5,,89.8,,ATL_LB_01,LB,0,,,85.5,,2026,52,,94.2,ATL
PLAYOFFS,50.3,1,49.7,,64.5,,ATL_LB_02,LB,0,,,59.9,,2026,48,,51.3,ATL
PLAYOFFS,61.1,1,57.1,,61.0,,ATL_LB_04,LB,0,,,58.9,,2026,41,,50.5,ATL
PLAYOFFS,93.8,1,99.9,,,,ATL_CB_03,CB,0,,,88.9,,2026,48,,95.8,ATL
PLAYOFFS,77.4,1,93.1,,,,ATL_CB_02,CB,0,,,91.8,,2026,52,,93.1,ATL
PLAYOFFS,23.0,1,41.4,,,,ATL_CB_01,CB,0,,,41.6,,2026,44,,14.5,ATL
PLAYOFFS,48.9,1,35.5,,,,ATL_CB_05,CB,0,,,27.3,,2026,43,,48.5,ATL
PLAYOFFS,53.5,1,81.0,,,,ATL_S_01,S,0,,,80.7,,2026,50,,80.8,ATL
PLAYOFFS,41.4,1,52.0,,,,ATL_S_02,S,0,,,62.2,,2026,48,,54.6,ATL
PLAYOFFS,59.3,1,63.2,,,,ATL_S_03,S,0,,,73.2,,2026,49,,76.0,ATL
PLAYOFFS,,1,78.8,,,,ATL_K_01,K,0,,,,,2026,6,72.5,,ATL
PLAYOFFS,,1,50.6,,,,ATL_P_01,P,0,,,,,2026,5,63.2,,ATL
PLAYOFFS,,2,68.7,,,77.8,PHI_QB_01,QB,0,,,,70.1,2026,116,,,PHI
PLAYOFFS,,2,77.3,71.7,,,PHI_RB_01,RB,0,82.0,,,77.1,2026,68,,,PHI
PLAYOFFS,,2,44.0,44.2,,,PHI_RB_02,RB,0,54.8,,,57.8,2026,39,,,PHI
PLAYOFFS,,2,79.1,,,,PHI_WR_03,WR,0,74.5,79.9,,,2026,80,,,PHI
PLAYOFFS,,2,58.7,,,,PHI_WR_02,WR,0,67.0,70.5,,,2026,94,,,PHI
PLAYOFFS,,2,77.9,,,,PHI_WR_01,WR,0,62.1,82.3,,,2026,87,,,PHI
PLAYOFFS,,2,67.4,,,,PHI_WR_04,WR,0,64.5,76.6,,,2026,86,,,PHI
PLAYOFFS,,2,72.5,81.9,,,PHI_TE_01,TE,0,73.9,77.0,,,2026,79,,,PHI
PLAYOFFS,,2,36.8,50.6,,,PHI_TE_02,TE,0,55.0,50.8,,,2026,74,,,PHI
PLAYOFFS,,2,62.7,48.6,,,PHI_OT_02,OT,0,,65.1,,,2026,125,,,PHI
PLAYOFFS,,2,63.6,62.1,,,PHI_OT_01,OT,0,,54.0,,,2026,134,,,PHI
PLAYOFFS,,2,77.0,66.5,,,PHI_OG_01,OG,0,,77.7,,,2026,127,,,PHI
PLAYOFFS,,2,61.1,53.2,,,PHI_OG_04,OG,0,,61.8,,,2026,130,,,PHI
PLAYOFFS,,2,24.8,31.2,,,PHI_C_01,C,0,,35.0,,,2026,137,,,PHI
PLAYOFFS,,2,93.0,,77.5,,PHI_EDGE_01,EDGE,0,,,88.8,,2026,104,,84.2,PHI
PLAYOFFS,,2,74.8,,70.0,,PHI_EDGE_05,EDGE,0,,,75.7,,2026,90,,66.6,PHI
PLAYOFFS,,2,78.0,,79.4,,PHI_EDGE_03,EDGE,0,,,58.3,,2026,88,,75.3,PHI
PLAYOFFS,,2,63.8,,89.9,,PHI_EDGE_04,EDGE,0,,,70.0,,2026,87,,58.6,PHI
PLAYOFFS,,2,81.4,,71.3,,PHI_DT_01,DT,0,,,74.0,,2026,76,,74.4,PHI
PLAYOFFS,,2,55.2,,67.0,,PHI_DT_02,DT,0,,,48.9,,2026,80,,52.2,PHI
PLAYOFFS,,2,49.4,,56.0,,PHI_DT_05,DT,0,,,42.7,,2026,79,,50.3,PHI
PLAYOFFS,72.2,2,75.8,,57.1,,PHI_LB_04,LB,0,,,78.8,,2026,94,,79.9,PHI
PLAYOFFS,62.7,2,56.9,,70.6,,PHI_LB_03,LB,0,,,61.0,,2026,79,,54.3,PHI
PLAYOFFS,78.3,2,83.9,,79.1,,PHI_LB_05,LB,0,,,81.5,,2026,88,,75.1,PHI
PLAYOFFS,79.6,2,82.6,,,,PHI_CB_01,CB,0,,,65.3,,2026,93,,68.1,PHI
PLAYOFFS,59.0,2,65.3,,,,PHI_CB_02,CB,0,,,59.4,,2026,102,,51.5,PHI
PLAYOFFS,66.7,2,69.5,,,,PHI_CB_03,CB,0,,,80.1,,2026,105,,76.8,PHI
PLAYOFFS,60.8,2,64.4,,,,PHI_CB_05,CB,0,,,77.1,,2026,104,,58.7,PHI
PLAYOFFS,69.6,2,71.3,,,,PHI_S_02,S,0,,,76.2,,2026,98,,66.9,PHI
PLAYOFFS,83.3,2,88.5,,,,PHI_S_01,S,0,,,79.1,,2026,99,,95.1,PHI
PLAYOFFS,67.1,2,45.3,,,,PHI_S_03,S,0,,,49.0,,2026,101,,47.5,PHI
PLAYOFFS,,2,74.2,,,,PHI_K_01,K,0,,,,,2026,12,70.8,,PHI
PLAYOFFS,,2,71.8,,,,PHI_P_01,P,0,,,,,2026,10,74.9,,PHI
PLAYOFFS,,1,65.7,,,55.4,TB_QB_01,QB,0,,,,71.6,2026,65,,,TB
PLAYOFFS,,1,88.3,81.2,,,TB_RB_01,RB,0,88.4,,,65.8,2026,25,,,TB
PLAYOFFS,,1,74.3,87.1,,,TB_RB_02,RB,0,63.3,,,49.6,2026,17,,,TB
PLAYOFFS,,1,51.2,56.2,,,TB_RB_03,RB,0,22.1,,,77.5,2026,21,,,TB
PLAYOFFS,,1,32.1,,,,TB_WR_01,WR,0,22.4,48.4,,,2026,45,,,TB
PLAYOFFS,,1,41.9,,,,TB_WR_02,WR,0,34.6,59.8,,,2026,50,,,TB
PLAYOFFS,,1,44.0,,,,TB_WR_04,WR,0,42.4,25.9,,,2026,48,,,TB
PLAYOFFS,,1,79.2,,,,TB_WR_06,WR,0,60.9,79.7,,,2026,46,,,TB
PLAYOFFS,,1,77.3,68.8,,,TB_TE_01,TE,0,80.2,59.3,,,2026,33,,,TB
PLAYOFFS,,1,46.5,39.4,,,TB_TE_03,TE,0,43.7,48.4,,,2026,39,,,TB
PLAYOFFS,,1,55.9,64.6,,,TB_OT_02,OT,0,,64.4,,,2026,62,,,TB
PLAYOFFS,,1,48.4,54.3,,,TB_OT_01,OT,0,,55.6,,,2026,72,,,TB
PLAYOFFS,,1,32.2,65.5,,,TB_OG_01,OG,0,,37.4,,,2026,60,,,TB
PLAYOFFS,,1,92.1,75.2,,,TB_OG_03,OG,0,,82.7,,,2026,69,,,TB
PLAYOFFS,,1,65.6,66.0,,,TB_C_01,C,0,,72.3,,,2026,63,,,TB
PLAYOFFS,,1,85.3,,74.7,,TB_EDGE_02,EDGE,0,,,91.5,,2026,49,,87.1,TB
PLAYOFFS,,1,64.9,,51.5,,TB_EDGE_01,EDGE,0,,,53.4,,2026,38,,43.2,TB
PLAYOFFS,,1,57.7,,56.5,,TB_EDGE_03,EDGE,0,,,67.2,,2026,49,,65.6,TB
PLAYOFFS,,1,50.9,,36.3,,TB_EDGE_04,EDGE,0,,,47.8,,2026,44,,42.9,TB
PLAYOFFS,,1,47.3,,58.5,,TB_DT_01,DT,0,,,45.4,,2026,41,,58.6,TB
PLAYOFFS,,1,77.7,,66.2,,TB_DT_03,DT,0,,,76.0,,2026,32,,82.5,TB
PLAYOFFS,,1,50.3,,50.2,,TB_DT_04,DT,0,,,53.0,,2026,39,,43.2,TB
PLAYOFFS,95.6,1,91.5,,65.0,,TB_LB_02,LB,0,,,81.6,,2026,41,,87.2,TB
PLAYOFFS,36.6,1,55.2,,60.1,,TB_LB_05,LB,0,,,58.1,,2026,45,,58.6,TB
PLAYOFFS,72.7,1,77.3,,69.2,,TB_LB_01,LB,0,,,67.9,,2026,41,,58.9,TB
PLAYOFFS,91.2,1,69.3,,,,TB_CB_03,CB,0,,,58.2,,2026,54,,48.7,TB
PLAYOFFS,50.1,1,47.7,,,,TB_CB_01,CB,0,,,54.1,,2026,50,,59.3,TB
PLAYOFFS,91.7,1,89.8,,,,TB_CB_02,CB,0,,,89.1,,2026,52,,66.2,TB
PLAYOFFS,87.2,1,74.2,,,,TB_CB_05,CB,0,,,71.7,,2026,49,,91.2,TB
PLAYOFFS,55.1,1,67.5,,,,TB_S_01,S,0,,,75.7,,2026,50,,84.9,TB
PLAYOFFS,87.3,1,76.3,,,,TB_S_02,S,0,,,54.0,,2026,50,,61.1,TB
PLAYOFFS,44.2,1,55.3,,,,TB_S_03,S,0,,,69.7,,2026,49,,46.4,TB
PLAYOFFS,,1,46.0,,,,TB_K_01,K,0,,,,,2026,6,51.9,,TB
PLAYOFFS,,1,74.4,,,,TB_P_01,P,0,,,,,2026,5,55.1,,TB
PLAYOFFS,,2,94.6,,,99.0,DET_QB_01,QB,0,,,,94.2,2026,125,,,DET
PLAYOFFS,,2,78.3,73.4,,,DET_RB_02,RB,0,89.0,,,58.1,2026,56,,,DET
PLAYOFFS,,2,71.6,62.7,,,DET_RB_03,RB,0,67.2,,,88.5,2026,55,,,DET
PLAYOFFS,,2,75.8,,,,DET_WR_03,WR,0,60.8,63.0,,,2026,69,,,DET
PLAYOFFS,,2,81.9,,,,DET_WR_02,WR,0,69.0,74.3,,,2026,90,,,DET
PLAYOFFS,,2,75.9,,,,DET_WR_01,WR,0,73.6,49.2,,,2026,86,,,DET
PLAYOFFS,,2,59.2,,,,DET_WR_05,WR,0,52.5,67.6,,,2026,95,,,DET
PLAYOFFS,,2,54.8,52.9,,,DET_TE_01,TE,0,52.2,63.9,,,2026,79,,,DET
PLAYOFFS,,2,57.4,57.5,,,DET_TE_03,TE,0,75.2,64.6,,,2026,77,,,DET
PLAYOFFS,,2,82.5,72.8,,,DET_OT_01,OT,0,,72.3,,,2026,140,,,DET
PLAYOFFS,,2,78.6,66.1,,,DET_OT_02,OT,0,,77.7,,,2026,131,,,DET
PLAYOFFS,,2,71.2,81.2,,,DET_OG_02,OG,0,,62.0,,,2026,130,,,DET
PLAYOFFS,,2,60.4,66.4,,,DET_OG_01,OG,0,,56.0,,,2026,141,,,DET
PLAYOFFS,,2,70.5,76.6,,,DET_C_01,C,0,,71.7,,,2026,129,,,DET
PLAYOFFS,,2,75.6,,78.1,,DET_EDGE_02,EDGE,0,,,74.9,,2026,95,,83.9,DET
PLAYOFFS,,2,69.0,,75.3,,DET_EDGE_01,EDGE,0,,,74.1,,2026,84,,80.4,DET
PLAYOFFS,,2,55.1,,50.3,,DET_EDGE_04,EDGE,0,,,49.6,,2026,81,,53.1,DET
PLAYOFFS,,2,76.8,,65.0,,DET_EDGE_03,EDGE,0,,,52.2,,2026,92,,80.7,DET
PLAYOFFS,,2,75.1,,63.4,,DET_DT_02,DT,0,,,74.8,,2026,80,,70.8,DET
PLAYOFFS,,2,69.9,,73.5,,DET_DT_01,DT,0,,,73.3,,2026,79,,55.4,DET
PLAYOFFS,,2,61.2,,80.2,,DET_DT_05,DT,0,,,34.6,,2026,67,,53.2,DET
PLAYOFFS,90.2,2,84.0,,87.7,,DET_LB_01,LB,0,,,91.9,,2026,92,,73.7,DET
PLAYOFFS,60.1,2,68.0,,63.3,,DET_LB_02,LB,0,,,77.9,,2026,84,,72.7,DET
PLAYOFFS,72.0,2,64.3,,69.9,,DET_LB_04,LB,0,,,61.6,,2026,91,,72.6,DET
PLAYOFFS,68.3,2,59.3,,,,DET_CB_02,CB,0,,,76.8,,2026,107,,53.0,DET
PLAYOFFS,55.1,2,65.3,,,,DET_CB_03,CB,0,,,67.9,,2026,95,,69.0,DET
PLAYOFFS,64.3,2,60.4,,,,DET_CB_01,CB,0,,,58.7,,2026,100,,67.9,DET
PLAYOFFS,93.2,2,85.1,,,,DET_CB_06,CB,0,,,75.6,,2026,106,,75.9,DET
PLAYOFFS,71.1,2,63.6,,,,DET_S_02,S,0,,,59.1,,2026,101,,54.7,DET
PLAYOFFS,72.4,2,68.2,,,,DET_S_04,S,0,,,62.2,,2026,94,,62.1,DET
PLAYOFFS,63.5,2,62.5,,,,DET_S_01,S,0,,,56.5,,2026,93,,67.9,DET
PLAYOFFS,,2,60.8,,,,DET_K_01,K,0,,,,,2026,12,56.0,,DET
PLAYOFFS,,2,63.9,,,,DET_P_01,P,0,,,,,2026,10,58.4,,DET
REGULAR_SEASON,,17,60.3,,,66.3,CIN_QB_02,QB,1,,,,55.2,2027,1081,,,BUF
REGULAR_SEASON,,17,81.2,72.1,,,IND_RB_01,RB,1,78.2,,,77.8,2027,729,,,BUF
REGULAR_SEASON,,17,62.6,,,,P100119_WR,WR,1,66.4,60.4,,,2027,729,,,BUF
REGULAR_SEASON,,17,54.5,,,,BUF_WR_06,WR,1,59.0,60.6,,,2027,728,,,BUF
REGULAR_SEASON,,17,74.5,,,,P100125_WR,WR,1,69.4,66.0,,,2027,735,,,BUF
REGULAR_SEASON,,17,65.4,64.2,,,BUF_TE_03,TE,1,62.3,59.8,,,2027,666,,,BUF
REGULAR_SEASON,,17,70.5,68.0,,,NYJ_TE_03,TE,1,72.7,68.1,,,2027,692,,,BUF
REGULAR_SEASON,,17,82.9,74.7,,,BUF_OT_02,OT,1,,78.2,,,2027,1109,,,BUF
REGULAR_SEASON,,14,67.3,68.0,,,BUF_OT_01,OT,1,,65.6,,,2027,917,,,BUF
REGULAR_SEASON,,17,80.3,79.5,,,CAR_OG_01,OG,1,,73.7,,,2027,1129,,,BUF
REGULAR_SEASON,,17,50.5,55.8,,,SEA_OG_04,OG,1,,52.0,,,2027,1120,,,BUF
REGULAR_SEASON,,17,59.6,57.8,,,BUF_C_01,C,1,,60.1,,,2027,1066,,,BUF
REGULAR_SEASON,,17,86.9,,76.1,,SEA_EDGE_02,EDGE,1,,,80.9,,2027,737,,82.8,BUF
REGULAR_SEASON,,17,86.9,,83.4,,ATL_EDGE_02,EDGE,1,,,81.7,,2027,721,,82.6,BUF
REGULAR_SEASON,,17,66.9,,64.9,,BUF_EDGE_04,EDGE,1,,,66.7,,2027,748,,66.0,BUF
REGULAR_SEASON,,9,66.0,,65.6,,BUF_EDGE_03,EDGE,1,,,65.5,,2027,384,,65.4,BUF
REGULAR_SEASON,,17,62.7,,64.2,,BUF_DT_04,DT,1,,,63.1,,2027,683,,62.8,BUF
REGULAR_SEASON,,17,68.1,,64.3,,BUF_DT_01,DT,1,,,73.1,,2027,629,,63.2,BUF
REGULAR_SEASON,,3,46.4,,43.7,,BUF_DT_03,DT,0,,,45.9,,2027,111,,54.4,BUF
REGULAR_SEASON,56.3,15,63.6,,67.5,,CAR_LB_01,LB,1,,,62.7,,2027,696,,64.0,BUF
REGULAR_SEASON,60.6,1,54.5,,85.6,,MIN_LB_08,LB,0,,,63.1,,2027,46,,42.4,BUF
REGULAR_SEASON,57.9,17,57.6,,55.3,,BUF_LB_02,LB,1,,,64.6,,2027,776,,61.7,BUF
REGULAR_SEASON,75.2,13,70.8,,,,GB_CB_03,CB,1,,,67.1,,2027,638,,68.6,BUF
REGULAR_SEASON,57.4,17,48.3,,,,BUF_CB_02,CB,1,,,51.0,,2027,828,,56.6,BUF
REGULAR_SEASON,71.7,15,68.5,,,,BUF_CB_05,CB,1,,,59.6,,2027,738,,65.5,BUF
REGULAR_SEASON,96.7,1,93.2,,,,BUF_CB_04,CB,0,,,96.9,,2027,51,,85.7,BUF
REGULAR_SEASON,66.7,17,78.5,,,,BUF_S_02,S,1,,,76.5,,2027,881,,78.9,BUF
REGULAR_SEASON,51.2,4,53.2,,,,BUF_S_01,S,0,,,55.5,,2027,192,,54.1,BUF
REGULAR_SEASON,49.5,17,46.1,,,,BUF_S_04,S,1,,,49.2,,2027,891,,50.6,BUF
REGULAR_SEASON,,13,60.6,,,,BUF_K_01,K,1,,,,,2027,78,64.4,,BUF
REGULAR_SEASON,,17,59.5,,,,PHI_P_01,P,1,,,,,2027,85,59.4,,BUF
REGULAR_SEASON,,17,64.6,,,67.6,ATL_QB_02,QB,1,,,,58.4,2027,1078,,,NE
REGULAR_SEASON,,17,55.4,,,,NE_WR_02,WR,1,56.4,51.9,,,2027,755,,,NE
REGULAR_SEASON,,17,51.1,,,,P100255_WR,WR,1,56.1,56.0,,,2027,765,,,NE
REGULAR_SEASON,,17,63.0,,,,NE_WR_05,WR,1,65.1,57.9,,,2027,711,,,NE
REGULAR_SEASON,,17,46.3,51.6,,,NO_TE_02,TE,1,48.9,53.4,,,2027,650,,,NE
REGULAR_SEASON,,17,45.2,45.7,,,P100274_TE,TE,1,51.6,44.0,,,2027,661,,,NE
REGULAR_SEASON,,16,71.6,61.7,,,NE_OT_03,OT,1,,72.0,,,2027,1060,,,NE
REGULAR_SEASON,,17,68.1,64.5,,,NE_OT_02,OT,1,,69.9,,,2027,1093,,,NE
REGULAR_SEASON,,17,69.7,66.4,,,NE_OG_01,OG,1,,67.3,,,2027,1112,,,NE
REGULAR_SEASON,,17,50.4,50.8,,,NE_OG_02,OG,1,,51.3,,,2027,1123,,,NE
REGULAR_SEASON,,17,86.5,82.5,,,NE_C_01,C,1,,81.8,,,2027,1093,,,NE
REGULAR_SEASON,,13,57.7,,56.1,,ATL_EDGE_03,EDGE,1,,,56.8,,2027,536,,59.2,NE
REGULAR_SEASON,,16,47.8,,55.1,,NE_EDGE_05,EDGE,1,,,52.1,,2027,675,,55.5,NE
REGULAR_SEASON,,17,74.4,,72.3,,NE_DT_01,DT,1,,,67.4,,2027,639,,73.1,NE
REGULAR_SEASON,,11,77.8,,76.3,,ARI_DT_04,DT,1,,,76.6,,2027,407,,79.9,NE
REGULAR_SEASON,,15,66.8,,63.3,,PIT_DT_04,DT,1,,,65.8,,2027,557,,70.6,NE
REGULAR_SEASON,76.0,9,80.7,,71.6,,NE_LB_01,LB,1,,,78.1,,2027,404,,87.0,NE
REGULAR_SEASON,57.6,6,58.4,,72.4,,NE_LB_04,LB,0,,,64.5,,2027,262,,59.8,NE
REGULAR_SEASON,63.2,15,67.8,,67.7,,P100233_LB,LB,1,,,60.9,,2027,669,,63.5,NE
REGULAR_SEASON,63.9,17,63.9,,,,GB_CB_01,CB,1,,,59.4,,2027,838,,65.2,NE
REGULAR_SEASON,70.3,17,72.0,,,,BAL_CB_02,CB,1,,,67.5,,2027,841,,69.6,NE
REGULAR_SEASON,63.4,13,61.1,,,,NE_CB_04,CB,1,,,60.9,,2027,656,,61.2,NE
REGULAR_SEASON,56.3,14,62.6,,,,CIN_CB_06,CB,1,,,61.3,,2027,687,,63.3,NE
REGULAR_SEASON,63.5,17,63.4,,,,NE_S_03,S,1,,,68.5,,2027,876,,54.9,NE
REGULAR_SEASON,60.6,8,62.1,,,,NE_S_01,S,1,,,60.8,,2027,416,,65.2,NE
REGULAR_SEASON,,17,57.5,,,,LAC_K_01,K,1,,,,,2027,102,56.3,,NE
REGULAR_SEASON,,14,78.0,,,,NO_P_01,P,1,,,,,2027,70,78.8,,NE
REGULAR_SEASON,,11,84.5,,,77.5,BAL_QB_01,QB,1,,,,78.5,2027,705,,,BAL
REGULAR_SEASON,,13,54.3,59.2,,,BAL_RB_02,RB,1,55.7,,,54.3,2027,418,,,BAL
REGULAR_SEASON,,17,78.2,71.9,,,IND_RB_03,RB,1,71.4,,,72.0,2027,471,,,BAL
REGULAR_SEASON,,17,78.6,,,,ATL_WR_01,WR,1,72.4,69.7,,,2027,736,,,BAL
REGULAR_SEASON,,17,50.1,,,,BAL_WR_05,WR,1,47.5,55.6,,,2027,743,,,BAL
REGULAR_SEASON,,17,66.0,,,,BAL_WR_04,WR,1,64.7,63.6,,,2027,741,,,BAL
REGULAR_SEASON,,17,62.2,,,,BAL_WR_01,WR,1,68.3,60.2,,,2027,742,,,BAL
REGULAR_SEASON,,17,83.8,75.3,,,CLE_TE_01,TE,1,75.3,70.3,,,2027,663,,,BAL
REGULAR_SEASON,,17,63.1,67.6,,,MIA_TE_03,TE,1,64.3,62.6,,,2027,669,,,BAL
REGULAR_SEASON,,13,72.7,68.4,,,P100241_OT,OT,1,,68.0,,,2027,833,,,BAL
REGULAR_SEASON,,14,59.6,60.7,,,P100242_OT,OT,1,,61.1,,,2027,921,,,BAL
REGULAR_SEASON,,17,75.2,70.5,,,PIT_OG_02,OG,1,,70.5,,,2027,1111,,,BAL
REGULAR_SEASON,,17,67.9,61.9,,,BAL_C_01,C,1,,69.4,,,2027,1115,,,BAL
REGULAR_SEASON,,17,63.4,,62.9,,BAL_EDGE_01,EDGE,1,,,64.7,,2027,698,,59.9,BAL
REGULAR_SEASON,,14,58.3,,55.2,,MIN_EDGE_01,EDGE,1,,,60.4,,2027,606,,56.4,BAL
REGULAR_SEASON,,17,67.9,,71.2,,BAL_EDGE_04,EDGE,1,,,70.9,,2027,737,,65.7,BAL
REGULAR_SEASON,,17,74.8,,66.8,,SEA_DT_01,DT,1,,,66.6,,2027,620,,72.9,BAL
REGULAR_SEASON,,14,64.2,,61.3,,P100056_DT,DT,1,,,66.7,,2027,541,,66.5,BAL
REGULAR_SEASON,,17,50.3,,53.4,,BAL_DT_05,DT,1,,,50.4,,2027,637,,51.6,BAL
REGULAR_SEASON,76.2,10,73.2,,75.3,,NE_LB_03,LB,1,,,71.3,,2027,475,,69.8,BAL
REGULAR_SEASON,62.5,14,65.0,,63.4,,WAS_LB_04,LB,1,,,69.1,,2027,662,,69.7,BAL
REGULAR_SEASON,53.6,17,50.3,,55.8,,BAL_LB_03,LB,1,,,55.7,,2027,799,,49.8,BAL
REGULAR_SEASON,81.0,17,83.8,,,,BAL_CB_03,CB,1,,,80.9,,2027,827,,78.2,BAL
REGULAR_SEASON,77.7,17,82.6,,,,DAL_CB_05,CB,1,,,79.2,,2027,873,,80.5,BAL
REGULAR_SEASON,50.0,17,52.8,,,,PHI_CB_03,CB,1,,,50.6,,2027,849,,53.7,BAL
REGULAR_SEASON,61.3,17,64.8,,,,BAL_CB_06,CB,1,,,64.0,,2027,846,,66.7,BAL
REGULAR_SEASON,65.0,17,60.1,,,,JAX_S_02,S,1,,,58.5,,2027,875,,66.5,BAL
REGULAR_SEASON,67.2,17,60.0,,,,P100243_S,S,1,,,61.9,,2027,886,,64.5,BAL
REGULAR_SEASON,57.7,17,59.0,,,,P100198_S,S,1,,,62.7,,2027,870,,60.0,BAL
REGULAR_SEASON,,15,54.9,,,,BAL_K_01,K,1,,,,,2027,90,57.9,,BAL
REGULAR_SEASON,,17,55.6,,,,ATL_P_01,P,1,,,,,2027,85,56.5,,BAL
REGULAR_SEASON,,17,58.9,,,60.7,CLE_QB_01,QB,1,,,,58.8,2027,1097,,,CIN
REGULAR_SEASON,,2,61.8,61.0,,,NO_RB_02,RB,0,84.3,,,62.7,2027,61,,,CIN
REGULAR_SEASON,,17,57.4,59.1,,,CIN_RB_03,RB,1,60.3,,,61.6,2027,673,,,CIN
REGULAR_SEASON,,17,60.9,,,,CIN_WR_01,WR,1,64.1,55.3,,,2027,737,,,CIN
REGULAR_SEASON,,14,78.5,,,,CIN_WR_04,WR,1,67.8,72.6,,,2027,646,,,CIN
REGULAR_SEASON,,16,64.2,,,,HOU_WR_02,WR,1,59.9,65.1,,,2027,688,,,CIN
REGULAR_SEASON,,17,75.5,,,,LV_WR_03,WR,1,69.6,74.6,,,2027,752,,,CIN
REGULAR_SEASON,,15,77.6,77.0,,,CIN_TE_01,TE,1,74.7,72.9,,,2027,587,,,CIN
REGULAR_SEASON,,15,64.3,63.0,,,CIN_TE_03,TE,1,60.2,64.0,,,2027,564,,,CIN
REGULAR_SEASON,,17,62.1,63.3,,,WAS_OT_01,OT,1,,61.9,,,2027,1113,,,CIN
REGULAR_SEASON,,2,82.8,75.4,,,CIN_OT_02,OT,0,,80.4,,,2027,131,,,CIN
REGULAR_SEASON,,12,78.2,73.0,,,TEN_OG_01,OG,1,,81.2,,,2027,785,,,CIN
REGULAR_SEASON,,17,76.6,72.1,,,CIN_OG_02,OG,1,,69.8,,,2027,1120,,,CIN
REGULAR_SEASON,,15,62.4,63.3,,,CIN_C_02,C,1,,65.7,,,2027,986,,,CIN
REGULAR_SEASON,,17,67.6,,63.1,,CIN_EDGE_04,EDGE,1,,,62.2,,2027,738,,70.8,CIN
REGULAR_SEASON,,17,65.8,,67.6,,CIN_EDGE_01,EDGE,1,,,65.1,,2027,734,,64.9,CIN
REGULAR_SEASON,,17,60.3,,61.7,,CIN_EDGE_05,EDGE,1,,,62.0,,2027,730,,65.3,CIN
REGULAR_SEASON,,11,77.9,,78.2,,DEN_DT_01,DT,1,,,63.3,,2027,414,,67.7,CIN
REGULAR_SEASON,,17,52.9,,56.7,,CIN_DT_03,DT,1,,,59.3,,2027,625,,52.0,CIN
REGULAR_SEASON,,17,65.0,,59.1,,CIN_DT_05,DT,1,,,70.9,,2027,646,,65.8,CIN
REGULAR_SEASON,70.5,2,74.0,,81.8,,SF_LB_01,LB,0,,,72.8,,2027,87,,64.8,CIN
REGULAR_SEASON,68.1,17,71.7,,70.6,,SEA_LB_02,LB,1,,,69.1,,2027,769,,69.9,CIN
REGULAR_SEASON,69.3,17,75.7,,66.2,,CIN_LB_02,LB,1,,,73.3,,2027,761,,69.5,CIN
REGULAR_SEASON,66.8,17,64.5,,,,CIN_CB_02,CB,1,,,60.3,,2027,818,,63.4,CIN
REGULAR_SEASON,68.9,14,80.8,,,,CIN_CB_01,CB,1,,,76.6,,2027,675,,72.3,CIN
REGULAR_SEASON,68.5,17,68.1,,,,HOU_CB_05,CB,1,,,73.0,,2027,868,,66.1,CIN
REGULAR_SEASON,62.0,13,58.3,,,,CIN_CB_04,CB,1,,,56.7,,2027,627,,57.9,CIN
REGULAR_SEASON,79.7,10,83.7,,,,CIN_S_01,S,1,,,74.3,,2027,520,,79.1,CIN
REGULAR_SEASON,67.9,13,66.9,,,,CIN_S_02,S,1,,,66.4,,2027,677,,67.2,CIN
REGULAR_SEASON,,17,73.9,,,,CIN_K_01,K,1,,,,,2027,102,67.9,,CIN
REGULAR_SEASON,,11,77.0,,,,CIN_P_01,P,1,,,,,2027,55,70.5,,CIN
REGULAR_SEASON,,17,79.4,,,77.3,LAR_QB_01,QB,1,,,,75.4,2027,1096,,,LAR
REGULAR_SEASON,,17,87.7,78.9,,,CIN_RB_01,RB,1,82.6,,,82.2,2027,696,,,LAR
REGULAR_SEASON,,17,86.8,,,,LAR_WR_02,WR,1,76.2,79.5,,,2027,735,,,LAR
REGULAR_SEASON,,12,61.2,,,,PHI_WR_01,WR,1,60.7,63.7,,,2027,539,,,LAR
REGULAR_SEASON,,17,68.3,,,,NO_WR_03,WR,1,68.3,63.9,,,2027,719,,,LAR
REGULAR_SEASON,,17,74.3,,,,LAR_WR_01,WR,1,69.5,69.6,,,2027,737,,,LAR
REGULAR_SEASON,,17,70.6,62.0,,,LAR_TE_02,TE,1,67.1,63.9,,,2027,668,,,LAR
REGULAR_SEASON,,17,59.8,60.9,,,LAR_TE_03,TE,1,58.6,58.9,,,2027,647,,,LAR
REGULAR_SEASON,,17,52.7,56.6,,,LAR_OT_01,OT,1,,58.7,,,2027,1085,,,LAR
REGULAR_SEASON,,17,64.0,64.5,,,LAR_OT_02,OT,1,,65.3,,,2027,1109,,,LAR
REGULAR_SEASON,,17,79.3,73.2,,,LAR_OG_01,OG,1,,77.1,,,2027,1096,,,LAR
REGULAR_SEASON,,11,62.7,61.0,,,SEA_OG_05,OG,1,,56.0,,,2027,704,,,LAR
REGULAR_SEASON,,17,86.1,78.1,,,LAR_C_01,C,1,,81.5,,,2027,1115,,,LAR
REGULAR_SEASON,,17,56.9,,57.1,,ATL_EDGE_04,EDGE,1,,,57.8,,2027,740,,54.7,LAR
REGULAR_SEASON,,17,74.0,,73.3,,P100134_EDGE,EDGE,1,,,68.9,,2027,754,,79.7,LAR
REGULAR_SEASON,,17,69.8,,67.4,,P100265_EDGE,EDGE,1,,,71.8,,2027,719,,68.7,LAR
REGULAR_SEASON,,1,82.9,,85.3,,LAR_EDGE_03,EDGE,0,,,89.7,,2027,39,,94.5,LAR
REGULAR_SEASON,,13,80.3,,77.6,,LAR_DT_01,DT,1,,,75.0,,2027,478,,70.7,LAR
REGULAR_SEASON,,12,83.3,,72.4,,LAR_DT_02,DT,1,,,77.9,,2027,434,,72.2,LAR
REGULAR_SEASON,,8,88.6,,80.0,,GB_DT_05,DT,0,,,76.2,,2027,296,,83.9,LAR
REGULAR_SEASON,77.5,17,80.2,,71.5,,LAR_LB_04,LB,1,,,68.8,,2027,790,,72.3,LAR
REGULAR_SEASON,63.6,11,71.4,,66.6,,LAR_LB_03,LB,1,,,71.1,,2027,494,,71.3,LAR
REGULAR_SEASON,46.6,12,45.3,,46.0,,LAR_LB_05,LB,1,,,50.0,,2027,546,,47.9,LAR
REGULAR_SEASON,67.2,17,70.3,,,,LAR_CB_02,CB,1,,,75.3,,2027,853,,70.9,LAR
REGULAR_SEASON,66.5,17,62.3,,,,LAR_CB_01,CB,1,,,59.5,,2027,859,,63.4,LAR
REGULAR_SEASON,63.8,12,72.0,,,,LAR_CB_03,CB,1,,,64.8,,2027,611,,72.2,LAR
REGULAR_SEASON,70.2,12,72.9,,,,LAR_CB_05,CB,1,,,68.8,,2027,592,,63.9,LAR
REGULAR_SEASON,63.1,17,64.0,,,,LAR_S_02,S,1,,,65.0,,2027,886,,61.7,LAR
REGULAR_SEASON,62.9,14,66.6,,,,LAR_S_04,S,1,,,65.1,,2027,750,,62.7,LAR
REGULAR_SEASON,53.9,17,52.8,,,,NE_S_02,S,1,,,55.9,,2027,856,,52.8,LAR
REGULAR_SEASON,,12,61.1,,,,DAL_K_01,K,1,,,,,2027,72,64.4,,LAR
REGULAR_SEASON,,15,55.9,,,,GB_P_01,P,1,,,,,2027,75,53.4,,LAR
REGULAR_SEASON,,17,78.5,,,73.9,TB_QB_02,QB,1,,,,75.3,2027,1099,,,ARI
REGULAR_SEASON,,17,63.7,67.1,,,ARI_RB_01,RB,1,62.8,,,62.8,2027,707,,,ARI
REGULAR_SEASON,,17,86.1,,,,BAL_WR_03,WR,1,75.5,81.5,,,2027,738,,,ARI
REGULAR_SEASON,,13,65.7,,,,ARI_WR_03,WR,1,61.0,64.4,,,2027,568,,,ARI
REGULAR_SEASON,,17,48.2,,,,ARI_WR_05,WR,1,49.0,50.7,,,2027,755,,,ARI
REGULAR_SEASON,,16,54.4,,,,P100165_WR,WR,1,52.1,56.8,,,2027,702,,,ARI
REGULAR_SEASON,,17,78.4,73.8,,,ARI_TE_01,TE,1,69.1,78.7,,,2027,668,,,ARI
REGULAR_SEASON,,3,71.3,79.2,,,PHI_TE_01,TE,0,73.8,72.1,,,2027,119,,,ARI
REGULAR_SEASON,,17,75.1,73.8,,,ARI_OT_01,OT,1,,72.9,,,2027,1113,,,ARI
REGULAR_SEASON,,17,62.5,59.8,,,CAR_OT_03,OT,1,,60.9,,,2027,1129,,,ARI
REGULAR_SEASON,,17,67.8,66.7,,,ARI_OG_02,OG,1,,64.5,,,2027,1104,,,ARI
REGULAR_SEASON,,17,66.8,65.1,,,ARI_OG_04,OG,1,,63.0,,,2027,1128,,,ARI
REGULAR_SEASON,,17,67.5,,66.6,,ARI_EDGE_01,EDGE,1,,,71.6,,2027,714,,68.9,ARI
REGULAR_SEASON,,17,73.9,,69.9,,ARI_EDGE_03,EDGE,1,,,71.6,,2027,699,,74.0,ARI
REGULAR_SEASON,,14,53.0,,51.2,,ARI_EDGE_04,EDGE,1,,,59.6,,2027,604,,52.8,ARI
REGULAR_SEASON,,17,48.9,,49.1,,P100261_EDGE,EDGE,1,,,56.4,,2027,738,,50.1,ARI
REGULAR_SEASON,,17,64.2,,63.9,,PIT_DT_01,DT,1,,,64.9,,2027,657,,61.7,ARI
REGULAR_SEASON,,17,58.8,,56.1,,JAX_DT_02,DT,1,,,59.4,,2027,633,,59.3,ARI
REGULAR_SEASON,,1,64.6,,68.7,,DET_DT_05,DT,0,,,79.6,,2027,37,,67.4,ARI
REGULAR_SEASON,79.3,17,77.6,,71.1,,ARI_LB_02,LB,1,,,73.1,,2027,758,,77.6,ARI
REGULAR_SEASON,53.1,17,55.7,,57.4,,ARI_LB_05,LB,1,,,58.5,,2027,764,,60.5,ARI
REGULAR_SEASON,35.0,1,42.7,,49.7,,ARI_LB_03,LB,0,,,61.5,,2027,48,,37.1,ARI
REGULAR_SEASON,63.3,12,58.9,,,,ARI_CB_03,CB,1,,,57.1,,2027,604,,59.6,ARI
REGULAR_SEASON,50.1,17,50.8,,,,ARI_CB_04,CB,1,,,55.3,,2027,844,,53.1,ARI
REGULAR_SEASON,70.3,15,70.9,,,,CHI_S_01,S,1,,,67.4,,2027,753,,72.9,ARI
REGULAR_SEASON,72.9,17,78.1,,,,ARI_S_01,S,1,,,76.5,,2027,852,,76.1,ARI
REGULAR_SEASON,68.9,17,68.7,,,,P100116_S,S,1,,,65.0,,2027,883,,61.6,ARI
REGULAR_SEASON,,12,72.9,,,,ARI_K_01,K,1,,,,,2027,72,69.8,,ARI
REGULAR_SEASON,,17,64.3,,,,BAL_P_01,P,1,,,,,2027,85,60.2,,ARI
REGULAR_SEASON,,17,94.1,,,86.9,GB_QB_01,QB,1,,,,90.6,2027,1069,,,GB
REGULAR_SEASON,,17,80.2,75.3,,,SF_RB_01,RB,1,76.7,,,70.6,2027,655,,,GB
REGULAR_SEASON,,9,51.9,51.4,,,JAX_RB_01,RB,1,60.0,,,47.1,2027,217,,,GB
REGULAR_SEASON,,9,66.1,,,,GB_WR_03,WR,1,68.0,64.8,,,2027,389,,,GB
REGULAR_SEASON,,16,67.1,,,,DET_WR_06,WR,1,64.9,64.0,,,2027,671,,,GB
REGULAR_SEASON,,17,84.0,,,,GB_WR_06,WR,1,79.1,79.4,,,2027,741,,,GB
REGULAR_SEASON,,17,63.8,,,,GB_WR_04,WR,1,61.6,61.4,,,2027,752,,,GB
REGULAR_SEASON,,17,68.0,62.8,,,GB_TE_03,TE,1,64.3,70.3,,,2027,683,,,GB
REGULAR_SEASON,,17,64.3,67.5,,,GB_TE_02,TE,1,63.7,67.7,,,2027,699,,,GB
REGULAR_SEASON,,14,64.3,66.6,,,GB_OT_01,OT,1,,68.9,,,2027,908,,,GB
REGULAR_SEASON,,4,2.2,17.4,,,P100070_OT,OT,0,,11.4,,,2027,268,,,GB
REGULAR_SEASON,,17,88.0,80.2,,,DET_OG_02,OG,1,,80.7,,,2027,1114,,,GB
REGULAR_SEASON,,17,67.3,64.3,,,JAX_OG_02,OG,1,,62.5,,,2027,1139,,,GB
REGULAR_SEASON,,16,62.1,68.0,,,GB_C_02,C,1,,68.7,,,2027,1039,,,GB
REGULAR_SEASON,,17,75.5,,75.5,,GB_EDGE_01,EDGE,1,,,71.6,,2027,720,,75.5,GB
REGULAR_SEASON,,12,69.3,,69.6,,GB_EDGE_02,EDGE,1,,,70.0,,2027,510,,65.2,GB
REGULAR_SEASON,,17,65.6,,69.1,,GB_DT_04,DT,1,,,65.5,,2027,603,,58.2,GB
REGULAR_SEASON,67.3,13,69.1,,68.1,,LAR_LB_01,LB,1,,,61.6,,2027,621,,60.7,GB
REGULAR_SEASON,56.5,16,56.7,,59.8,,GB_LB_03,LB,1,,,57.3,,2027,753,,63.6,GB
REGULAR_SEASON,54.4,17,53.7,,56.4,,P100185_LB,LB,1,,,60.3,,2027,743,,55.4,GB
REGULAR_SEASON,75.6,17,79.5,,,,DET_CB_01,CB,1,,,72.6,,2027,846,,68.5,GB
REGULAR_SEASON,50.0,8,41.1,,,,GB_CB_05,CB,1,,,49.5,,2027,394,,45.8,GB
REGULAR_SEASON,55.1,17,56.7,,,,P100131_CB,CB,1,,,59.6,,2027,856,,63.4,GB
REGULAR_SEASON,50.1,13,46.1,,,,P100180_CB,CB,1,,,47.5,,2027,642,,44.9,GB
REGULAR_SEASON,67.1,17,67.2,,,,GB_S_04,S,1,,,62.9,,2027,848,,67.0,GB
REGULAR_SEASON,56.7,16,47.9,,,,GB_S_03,S,1,,,57.5,,2027,820,,47.7,GB
REGULAR_SEASON,,13,48.9,,,,P100052_K,K,1,,,,,2027,78,48.7,,GB
REGULAR_SEASON,,17,56.9,,,57.2,P100074_QB,QB,1,,,,58.9,2027,1073,,,MIA
REGULAR_SEASON,,17,37.1,49.4,,,MIA_RB_02,RB,1,43.2,,,44.4,2027,383,,,MIA
REGULAR_SEASON,,17,80.8,,,,PHI_WR_03,WR,1,76.1,77.3,,,2027,736,,,MIA
REGULAR_SEASON,,17,65.9,,,,MIA_WR_06,WR,1,67.2,69.5,,,2027,749,,,MIA
REGULAR_SEASON,,15,60.5,,,,MIA_WR_02,WR,1,63.8,58.5,,,2027,636,,,MIA
REGULAR_SEASON,,17,59.3,57.8,,,MIA_TE_02,TE,1,59.5,62.8,,,2027,675,,,MIA
REGULAR_SEASON,,10,65.0,62.5,,,LV_TE_03,TE,1,69.1,61.1,,,2027,382,,,MIA
REGULAR_SEASON,,17,88.9,81.1,,,PIT_OT_01,OT,1,,85.7,,,2027,1106,,,MIA
REGULAR_SEASON,,14,78.0,76.6,,,KC_OT_01,OT,1,,73.1,,,2027,913,,,MIA
REGULAR_SEASON,,17,82.3,75.0,,,KC_OG_01,OG,1,,78.5,,,2027,1127,,,MIA
REGULAR_SEASON,,17,58.5,62.2,,,P100060_OG,OG,1,,58.7,,,2027,1123,,,MIA
REGULAR_SEASON,,13,62.3,64.0,,,NYJ_C_01,C,1,,63.6,,,2027,849,,,MIA
REGULAR_SEASON,,11,78.7,,79.0,,PIT_EDGE_02,EDGE,1,,,73.5,,2027,478,,70.5,MIA
REGULAR_SEASON,,17,56.4,,50.2,,MIA_EDGE_01,EDGE,1,,,51.9,,2027,731,,58.0,MIA
REGULAR_SEASON,,13,63.5,,60.8,,MIA_EDGE_04,EDGE,1,,,63.4,,2027,555,,64.1,MIA
REGULAR_SEASON,,17,64.2,,62.8,,KC_DT_01,DT,1,,,66.1,,2027,635,,59.8,MIA
REGULAR_SEASON,,11,61.7,,65.1,,MIA_DT_02,DT,1,,,61.5,,2027,430,,56.8,MIA
REGULAR_SEASON,,17,61.2,,61.8,,MIA_DT_01,DT,1,,,63.8,,2027,645,,55.6,MIA
REGULAR_SEASON,52.5,15,53.7,,60.4,,NO_LB_02,LB,1,,,59.1,,2027,679,,51.5,MIA
REGULAR_SEASON,65.2,17,73.3,,72.2,,CAR_LB_02,LB,1,,,66.8,,2027,774,,66.9,MIA
REGULAR_SEASON,61.1,17,58.4,,61.0,,FA_LB_118,LB,1,,,64.4,,2027,763,,62.1,MIA
REGULAR_SEASON,77.7,17,88.2,,,,CIN_CB_03,CB,1,,,83.7,,2027,840,,79.7,MIA
REGULAR_SEASON,70.5,17,66.1,,,,ATL_CB_02,CB,1,,,64.0,,2027,824,,63.6,MIA
REGULAR_SEASON,62.8,17,61.8,,,,DET_CB_03,CB,1,,,63.2,,2027,838,,60.9,MIA
REGULAR_SEASON,65.9,14,63.2,,,,MIA_CB_04,CB,1,,,65.3,,2027,689,,68.1,MIA
REGULAR_SEASON,69.6,16,74.0,,,,TEN_S_02,S,1,,,74.7,,2027,815,,71.0,MIA
REGULAR_SEASON,64.5,17,66.2,,,,MIA_S_03,S,1,,,71.2,,2027,874,,58.6,MIA
REGULAR_SEASON,60.1,17,58.4,,,,MIA_S_01,S,1,,,62.3,,2027,877,,62.4,MIA
REGULAR_SEASON,,16,56.0,,,,CHI_K_01,K,1,,,,,2027,96,53.9,,MIA
REGULAR_SEASON,,17,55.0,,,,MIA_P_01,P,1,,,,,2027,85,59.1,,MIA
REGULAR_SEASON,,17,72.8,,,73.5,CAR_QB_01,QB,1,,,,68.0,2027,1080,,,CLE
REGULAR_SEASON,,17,78.7,73.3,,,CLE_RB_03,RB,1,78.8,,,77.7,2027,494,,,CLE
REGULAR_SEASON,,17,59.9,59.8,,,TEN_RB_01,RB,1,60.5,,,55.1,2027,350,,,CLE
REGULAR_SEASON,,17,63.7,65.8,,,CLE_RB_02,RB,1,58.5,,,62.2,2027,267,,,CLE
REGULAR_SEASON,,12,75.7,,,,CLE_WR_03,WR,1,69.6,76.2,,,2027,526,,,CLE
REGULAR_SEASON,,17,65.8,,,,CLE_WR_02,WR,1,59.7,65.6,,,2027,711,,,CLE
REGULAR_SEASON,,17,62.7,,,,CLE_WR_05,WR,1,64.1,61.4,,,2027,749,,,CLE
REGULAR_SEASON,,17,69.1,68.8,,,CLE_TE_02,TE,1,64.5,62.2,,,2027,714,,,CLE
REGULAR_SEASON,,17,63.4,64.1,,,CLE_TE_03,TE,1,63.5,59.9,,,2027,680,,,CLE
REGULAR_SEASON,,17,80.8,78.2,,,TEN_OT_01,OT,1,,77.3,,,2027,1127,,,CLE
REGULAR_SEASON,,17,74.7,75.6,,,CLE_OT_02,OT,1,,70.6,,,2027,1109,,,CLE
REGULAR_SEASON,,17,61.0,63.2,,,CLE_OG_02,OG,1,,62.5,,,2027,1146,,,CLE
REGULAR_SEASON,,16,66.2,69.1,,,CLE_OG_03,OG,1,,62.7,,,2027,1051,,,CLE
REGULAR_SEASON,,17,75.8,69.3,,,CIN_C_01,C,1,,75.0,,,2027,1127,,,CLE
REGULAR_SEASON,,17,99.1,,88.6,,CLE_EDGE_01,EDGE,1,,,93.4,,2027,729,,93.0,CLE
REGULAR_SEASON,,17,68.9,,67.9,,TB_EDGE_02,EDGE,1,,,74.2,,2027,719,,65.7,CLE
REGULAR_SEASON,,11,62.9,,66.0,,P100018_EDGE,EDGE,1,,,66.7,,2027,475,,70.7,CLE
REGULAR_SEASON,,15,43.6,,47.1,,P100146_EDGE,EDGE,1,,,51.4,,2027,655,,53.5,CLE
REGULAR_SEASON,,17,61.3,,63.3,,CLE_DT_02,DT,1,,,55.0,,2027,611,,59.3,CLE
REGULAR_SEASON,,17,51.6,,51.3,,CLE_DT_03,DT,1,,,52.6,,2027,647,,56.6,CLE
REGULAR_SEASON,58.3,9,68.7,,59.4,,NO_LB_01,LB,1,,,65.3,,2027,431,,66.3,CLE
REGULAR_SEASON,71.5,17,72.2,,66.4,,CLE_LB_02,LB,1,,,72.0,,2027,762,,71.4,CLE
REGULAR_SEASON,71.0,16,78.0,,68.5,,CLE_LB_04,LB,1,,,74.9,,2027,712,,72.6,CLE
REGULAR_SEASON,79.4,16,87.6,,,,CLE_CB_02,CB,1,,,77.9,,2027,770,,83.1,CLE
REGULAR_SEASON,57.4,17,54.9,,,,CLE_CB_05,CB,1,,,58.2,,2027,808,,57.7,CLE
REGULAR_SEASON,72.7,17,75.2,,,,TB_S_02,S,1,,,70.3,,2027,874,,73.6,CLE
REGULAR_SEASON,61.0,17,69.0,,,,P100142_S,S,1,,,69.6,,2027,876,,68.2,CLE
REGULAR_SEASON,,17,78.8,,,,CLE_K_01,K,1,,,,,2027,102,77.7,,CLE
REGULAR_SEASON,,12,84.9,,,81.9,ATL_QB_01,QB,1,,,,76.4,2027,775,,,ATL
REGULAR_SEASON,,15,74.6,69.1,,,ATL_RB_01,RB,1,70.0,,,76.4,2027,537,,,ATL
REGULAR_SEASON,,10,57.8,60.5,,,ATL_RB_03,RB,1,61.4,,,56.7,2027,254,,,ATL
REGULAR_SEASON,,14,71.3,,,,ATL_WR_03,WR,1,65.3,68.5,,,2027,601,,,ATL
REGULAR_SEASON,,14,62.2,,,,ATL_WR_05,WR,1,63.8,63.2,,,2027,585,,,ATL
REGULAR_SEASON,,13,64.7,,,,ATL_WR_06,WR,1,61.6,66.1,,,2027,568,,,ATL
REGULAR_SEASON,,9,58.2,,,,P100218_WR,WR,1,56.0,64.1,,,2027,390,,,ATL
REGULAR_SEASON,,16,68.5,67.2,,,ATL_TE_01,TE,1,65.8,69.1,,,2027,649,,,ATL
REGULAR_SEASON,,17,47.3,53.9,,,CHI_TE_02,TE,1,50.2,50.5,,,2027,660,,,ATL
REGULAR_SEASON,,17,68.3,64.8,,,HOU_OT_02,OT,1,,65.3,,,2027,1113,,,ATL
REGULAR_SEASON,,13,74.8,73.0,,,ATL_OT_04,OT,1,,68.1,,,2027,855,,,ATL
REGULAR_SEASON,,17,69.0,65.3,,,ATL_OG_04,OG,1,,66.6,,,2027,1076,,,ATL
REGULAR_SEASON,,17,62.1,66.6,,,ATL_C_02,C,1,,57.6,,,2027,1127,,,ATL
REGULAR_SEASON,,16,83.6,,80.8,,DET_EDGE_02,EDGE,1,,,80.5,,2027,693,,79.6,ATL
REGULAR_SEASON,,17,68.5,,67.6,,DEN_EDGE_01,EDGE,1,,,65.5,,2027,768,,68.4,ATL
REGULAR_SEASON,,17,72.2,,67.0,,PIT_DT_02,DT,1,,,69.4,,2027,661,,72.4,ATL
REGULAR_SEASON,,17,91.4,,86.8,,ATL_DT_01,DT,1,,,87.0,,2027,668,,82.7,ATL
REGULAR_SEASON,,17,54.3,,49.7,,ATL_DT_05,DT,1,,,53.2,,2027,672,,59.8,ATL
REGULAR_SEASON,71.0,13,74.7,,69.9,,MIN_LB_02,LB,1,,,76.6,,2027,568,,66.0,ATL
REGULAR_SEASON,68.7,17,74.9,,78.3,,WAS_LB_01,LB,1,,,66.3,,2027,752,,69.6,ATL
REGULAR_SEASON,59.9,17,58.5,,60.3,,ATL_LB_05,LB,1,,,60.7,,2027,772,,61.9,ATL
REGULAR_SEASON,63.2,17,70.7,,,,NYJ_CB_03,CB,1,,,70.1,,2027,831,,66.5,ATL
REGULAR_SEASON,60.9,15,58.6,,,,P100254_CB,CB,1,,,59.2,,2027,745,,58.9,ATL
REGULAR_SEASON,67.0,13,76.9,,,,KC_S_02,S,1,,,75.4,,2027,652,,69.7,ATL
REGULAR_SEASON,62.1,17,53.9,,,,ATL_S_03,S,1,,,59.9,,2027,888,,55.8,ATL
REGULAR_SEASON,59.3,15,65.8,,,,P100117_S,S,1,,,65.6,,2027,778,,63.3,ATL
REGULAR_SEASON,,17,70.1,,,,ATL_K_01,K,1,,,,,2027,102,68.6,,ATL
REGULAR_SEASON,,10,50.1,,,,FA_P_070,P,1,,,,,2027,50,54.3,,ATL
REGULAR_SEASON,,17,87.1,,,84.1,DEN_QB_01,QB,1,,,,78.6,2027,1075,,,DEN
REGULAR_SEASON,,17,69.5,70.8,,,DEN_RB_01,RB,1,64.7,,,67.2,2027,486,,,DEN
REGULAR_SEASON,,17,66.5,67.9,,,NYG_RB_01,RB,1,67.4,,,66.8,2027,358,,,DEN
REGULAR_SEASON,,16,55.6,59.4,,,DEN_RB_03,RB,1,54.6,,,64.8,2027,229,,,DEN
REGULAR_SEASON,,13,76.9,,,,DEN_WR_01,WR,1,76.1,71.1,,,2027,548,,,DEN
REGULAR_SEASON,,17,68.7,,,,DEN_WR_02,WR,1,63.6,66.7,,,2027,752,,,DEN
REGULAR_SEASON,,17,50.0,,,,DEN_WR_04,WR,1,51.8,51.9,,,2027,715,,,DEN
REGULAR_SEASON,,17,54.8,57.4,,,DEN_TE_02,TE,1,58.7,60.7,,,2027,688,,,DEN
REGULAR_SEASON,,17,79.6,76.6,,,BAL_OT_02,OT,1,,76.1,,,2027,1134,,,DEN
REGULAR_SEASON,,17,59.4,57.6,,,DEN_OT_04,OT,1,,62.1,,,2027,1103,,,DEN
REGULAR_SEASON,,17,56.7,59.2,,,DEN_OG_04,OG,1,,58.6,,,2027,1132,,,DEN
REGULAR_SEASON,,6,83.7,85.6,,,DEN_C_01,C,0,,78.7,,,2027,407,,,DEN
REGULAR_SEASON,,17,83.6,,74.4,,BAL_EDGE_02,EDGE,1,,,78.8,,2027,742,,80.1,DEN
REGULAR_SEASON,,17,70.6,,69.8,,SF_EDGE_01,EDGE,1,,,72.0,,2027,715,,65.1,DEN
REGULAR_SEASON,,17,55.5,,56.6,,P100114_EDGE,EDGE,1,,,56.5,,2027,706,,57.1,DEN
REGULAR_SEASON,,17,52.2,,52.9,,DEN_EDGE_05,EDGE,1,,,53.9,,2027,750,,54.1,DEN
REGULAR_SEASON,,17,81.7,,77.2,,DEN_DT_02,DT,1,,,73.4,,2027,639,,73.0,DEN
REGULAR_SEASON,,17,63.2,,66.2,,MIN_DT_04,DT,1,,,62.6,,2027,657,,63.4,DEN
REGULAR_SEASON,,11,77.2,,74.4,,DEN_DT_04,DT,1,,,72.4,,2027,393,,74.9,DEN
REGULAR_SEASON,70.9,17,71.2,,66.6,,LV_LB_01,LB,1,,,70.2,,2027,778,,66.7,DEN
REGULAR_SEASON,56.6,17,57.1,,56.3,,DEN_LB_02,LB,1,,,57.2,,2027,778,,56.4,DEN
REGULAR_SEASON,49.2,12,53.7,,50.3,,DEN_LB_03,LB,1,,,54.5,,2027,536,,55.7,DEN
REGULAR_SEASON,79.9,17,86.2,,,,DEN_CB_01,CB,1,,,75.8,,2027,848,,76.9,DEN
REGULAR_SEASON,69.8,17,71.6,,,,DEN_CB_02,CB,1,,,68.6,,2027,843,,68.8,DEN
REGULAR_SEASON,74.9,17,73.3,,,,DEN_CB_03,CB,1,,,74.4,,2027,810,,70.3,DEN
REGULAR_SEASON,69.6,17,63.3,,,,DEN_CB_04,CB,1,,,64.7,,2027,821,,59.9,DEN
REGULAR_SEASON,70.3,16,73.5,,,,DEN_S_02,S,1,,,72.8,,2027,839,,75.5,DEN
REGULAR_SEASON,56.2,17,59.8,,,,DEN_S_03,S,1,,,62.4,,2027,892,,60.8,DEN
REGULAR_SEASON,,17,70.7,,,,DEN_K_01,K,1,,,,,2027,102,68.9,,DEN
REGULAR_SEASON,,10,72.0,,,,P100081_P,P,1,,,,,2027,50,73.4,,DEN
REGULAR_SEASON,,12,55.8,,,64.5,DAL_QB_02,QB,1,,,,52.9,2027,730,,,DAL
REGULAR_SEASON,,17,64.7,,,,LAC_WR_02,WR,1,67.7,59.6,,,2027,755,,,DAL
REGULAR_SEASON,,17,66.5,,,,DAL_WR_02,WR,1,63.8,63.5,,,2027,754,,,DAL
REGULAR_SEASON,,17,72.5,,,,DAL_WR_03,WR,1,68.6,64.5,,,2027,741,,,DAL
REGULAR_SEASON,,9,66.5,,,,DAL_WR_06,WR,1,69.5,57.0,,,2027,413,,,DAL
REGULAR_SEASON,,17,72.7,67.0,,,PIT_TE_01,TE,1,72.2,70.5,,,2027,658,,,DAL
REGULAR_SEASON,,16,48.6,52.8,,,P100050_TE,TE,1,48.1,54.5,,,2027,647,,,DAL
REGULAR_SEASON,,17,65.4,63.7,,,DAL_OT_01,OT,1,,63.4,,,2027,1116,,,DAL
REGULAR_SEASON,,17,64.8,62.4,,,DAL_OT_02,OT,1,,65.1,,,2027,1104,,,DAL
REGULAR_SEASON,,13,62.6,61.2,,,DAL_OG_02,OG,1,,61.8,,,2027,873,,,DAL
REGULAR_SEASON,,17,63.0,61.8,,,TB_OG_01,OG,1,,66.1,,,2027,1122,,,DAL
REGULAR_SEASON,,12,70.9,74.0,,,DAL_C_01,C,1,,66.7,,,2027,773,,,DAL
REGULAR_SEASON,,17,72.1,,69.7,,CAR_EDGE_02,EDGE,1,,,70.8,,2027,723,,73.7,DAL
REGULAR_SEASON,,17,72.9,,73.1,,DEN_EDGE_02,EDGE,1,,,62.3,,2027,740,,70.2,DAL
REGULAR_SEASON,,12,62.3,,64.0,,P100279_EDGE,EDGE,1,,,65.9,,2027,536,,58.4,DAL
REGULAR_SEASON,,16,67.2,,62.4,,DAL_EDGE_03,EDGE,1,,,67.9,,2027,682,,63.1,DAL
REGULAR_SEASON,,17,66.5,,71.6,,GB_DT_02,DT,1,,,67.6,,2027,648,,65.9,DAL
REGULAR_SEASON,,17,75.1,,71.4,,NYJ_DT_02,DT,1,,,72.1,,2027,627,,72.4,DAL
REGULAR_SEASON,,11,69.0,,68.6,,NYJ_DT_03,DT,1,,,58.6,,2027,426,,68.9,DAL
REGULAR_SEASON,70.5,17,79.8,,79.2,,DAL_LB_02,LB,1,,,71.1,,2027,797,,79.5,DAL
REGULAR_SEASON,62.5,17,64.9,,62.8,,PHI_LB_02,LB,1,,,57.6,,2027,797,,69.9,DAL
REGULAR_SEASON,60.1,6,62.9,,60.8,,MIA_LB_03,LB,0,,,69.2,,2027,252,,63.6,DAL
REGULAR_SEASON,87.2,15,93.7,,,,DAL_CB_03,CB,1,,,87.1,,2027,756,,87.6,DAL
REGULAR_SEASON,66.3,16,66.4,,,,GB_CB_04,CB,1,,,64.5,,2027,779,,68.0,DAL
REGULAR_SEASON,71.6,16,68.8,,,,BAL_CB_01,CB,1,,,66.8,,2027,817,,65.9,DAL
REGULAR_SEASON,63.4,14,55.8,,,,ATL_CB_05,CB,1,,,54.3,,2027,710,,59.1,DAL
REGULAR_SEASON,62.9,17,61.1,,,,PIT_S_01,S,1,,,62.4,,2027,878,,60.8,DAL
REGULAR_SEASON,69.6,17,68.9,,,,GB_S_02,S,1,,,66.8,,2027,863,,62.0,DAL
REGULAR_SEASON,53.9,17,58.9,,,,P100210_S,S,1,,,63.7,,2027,876,,56.1,DAL
REGULAR_SEASON,,17,79.2,,,,NE_K_01,K,1,,,,,2027,102,73.3,,DAL
REGULAR_SEASON,,17,67.2,,,,DAL_P_01,P,1,,,,,2027,85,65.1,,DAL
REGULAR_SEASON,,15,75.9,,,72.8,TEN_QB_02,QB,1,,,,74.9,2027,952,,,NYG
REGULAR_SEASON,,10,65.7,,,,NYG_WR_02,WR,1,58.8,63.4,,,2027,424,,,NYG
REGULAR_SEASON,,17,65.2,,,,LV_WR_02,WR,1,63.1,65.0,,,2027,752,,,NYG
REGULAR_SEASON,,17,62.8,,,,NYG_WR_04,WR,1,66.6,56.2,,,2027,759,,,NYG
REGULAR_SEASON,,8,64.2,,,,NYG_WR_06,WR,1,62.1,62.1,,,2027,333,,,NYG
REGULAR_SEASON,,17,70.0,72.3,,,CAR_TE_02,TE,1,66.4,69.5,,,2027,696,,,NYG
REGULAR_SEASON,,12,61.5,57.3,,,KC_TE_02,TE,1,62.1,64.2,,,2027,485,,,NYG
REGULAR_SEASON,,3,88.0,66.1,,,NYG_OT_01,OT,0,,73.2,,,2027,207,,,NYG
REGULAR_SEASON,,17,64.4,65.9,,,NYG_OT_02,OT,1,,64.3,,,2027,1121,,,NYG
REGULAR_SEASON,,17,74.8,68.1,,,PHI_OG_02,OG,1,,67.0,,,2027,1108,,,NYG
REGULAR_SEASON,,17,58.1,60.1,,,NYG_OG_02,OG,1,,62.9,,,2027,1107,,,NYG
REGULAR_SEASON,,17,56.0,61.6,,,PHI_C_01,C,1,,59.7,,,2027,1098,,,NYG
REGULAR_SEASON,,15,55.6,,59.1,,IND_EDGE_04,EDGE,1,,,60.6,,2027,667,,57.8,NYG
REGULAR_SEASON,,17,61.2,,58.0,,NYG_EDGE_01,EDGE,1,,,62.0,,2027,773,,62.2,NYG
REGULAR_SEASON,,17,64.4,,69.6,,NYG_EDGE_02,EDGE,1,,,62.0,,2027,734,,71.3,NYG
REGULAR_SEASON,,14,65.8,,67.4,,PIT_EDGE_01,EDGE,1,,,68.7,,2027,607,,62.5,NYG
REGULAR_SEASON,,14,68.2,,67.1,,NYG_DT_04,DT,1,,,67.9,,2027,538,,61.4,NYG
REGULAR_SEASON,,17,81.2,,76.5,,PIT_DT_05,DT,1,,,76.5,,2027,614,,71.9,NYG
REGULAR_SEASON,,13,64.6,,64.9,,NYG_DT_03,DT,1,,,58.0,,2027,468,,57.4,NYG
REGULAR_SEASON,62.6,17,57.2,,63.7,,CHI_LB_04,LB,1,,,53.7,,2027,741,,53.1,NYG
REGULAR_SEASON,52.2,17,55.8,,57.6,,NYG_LB_03,LB,1,,,57.7,,2027,775,,60.5,NYG
REGULAR_SEASON,82.4,3,70.8,,69.2,,NYG_LB_04,LB,0,,,63.9,,2027,131,,66.2,NYG
REGULAR_SEASON,62.3,3,62.8,,,,NYG_CB_02,CB,0,,,71.3,,2027,162,,75.1,NYG
REGULAR_SEASON,58.8,17,60.8,,,,CHI_CB_03,CB,1,,,56.6,,2027,814,,62.2,NYG
REGULAR_SEASON,62.4,17,61.4,,,,NYG_CB_05,CB,1,,,67.0,,2027,849,,60.4,NYG
REGULAR_SEASON,57.7,17,55.9,,,,NYG_S_01,S,1,,,55.5,,2027,894,,57.7,NYG
REGULAR_SEASON,,14,63.5,,,,NYG_K_01,K,1,,,,,2027,84,68.1,,NYG
REGULAR_SEASON,,17,63.3,,,,P100226_P,P,1,,,,,2027,85,60.8,,NYG
REGULAR_SEASON,,17,83.5,,,84.5,WAS_QB_01,QB,1,,,,79.9,2027,1080,,,MIN
REGULAR_SEASON,,17,60.0,61.5,,,LAR_RB_03,RB,1,64.3,,,60.2,2027,470,,,MIN
REGULAR_SEASON,,17,68.6,70.9,,,FA_RB_021,RB,1,69.3,,,59.2,2027,339,,,MIN
REGULAR_SEASON,,17,69.5,67.8,,,P100007_RB,RB,1,71.9,,,68.2,2027,278,,,MIN
REGULAR_SEASON,,15,80.8,,,,CHI_WR_01,WR,1,81.7,70.7,,,2027,669,,,MIN
REGULAR_SEASON,,17,62.4,,,,MIN_WR_02,WR,1,62.3,65.0,,,2027,759,,,MIN
REGULAR_SEASON,,17,59.0,,,,MIN_WR_03,WR,1,54.1,62.0,,,2027,737,,,MIN
REGULAR_SEASON,,15,70.2,67.2,,,MIN_TE_01,TE,1,73.6,70.0,,,2027,576,,,MIN
REGULAR_SEASON,,17,70.6,64.5,,,NO_TE_03,TE,1,71.4,62.5,,,2027,666,,,MIN
REGULAR_SEASON,,14,76.0,71.9,,,MIN_OT_01,OT,1,,77.4,,,2027,911,,,MIN
REGULAR_SEASON,,14,69.7,71.1,,,PHI_OT_01,OT,1,,63.2,,,2027,884,,,MIN
REGULAR_SEASON,,17,69.8,65.3,,,LAR_OG_02,OG,1,,68.9,,,2027,1102,,,MIN
REGULAR_SEASON,,2,62.0,64.8,,,MIN_OG_01,OG,0,,66.0,,,2027,138,,,MIN
REGULAR_SEASON,,15,70.6,67.7,,,MIN_C_01,C,1,,68.6,,,2027,970,,,MIN
REGULAR_SEASON,,17,68.5,,68.7,,ATL_EDGE_01,EDGE,1,,,65.9,,2027,740,,69.8,MIN
REGULAR_SEASON,,17,68.8,,68.5,,FA_EDGE_182,EDGE,1,,,68.7,,2027,710,,65.3,MIN
REGULAR_SEASON,,17,68.6,,70.2,,NYJ_EDGE_02,EDGE,1,,,68.1,,2027,734,,62.9,MIN
REGULAR_SEASON,,17,65.1,,65.2,,MIN_EDGE_03,EDGE,1,,,64.3,,2027,720,,65.4,MIN
REGULAR_SEASON,,12,69.0,,70.5,,PHI_DT_01,DT,1,,,72.6,,2027,449,,73.5,MIN
REGULAR_SEASON,,12,73.7,,73.2,,MIN_DT_01,DT,1,,,69.4,,2027,471,,70.0,MIN
REGULAR_SEASON,,15,75.0,,67.5,,MIN_DT_02,DT,1,,,71.9,,2027,543,,81.6,MIN
REGULAR_SEASON,67.0,17,73.2,,68.8,,DEN_LB_04,LB,1,,,68.6,,2027,791,,68.5,MIN
REGULAR_SEASON,66.7,17,70.0,,66.4,,GB_LB_02,LB,1,,,70.2,,2027,768,,65.8,MIN
REGULAR_SEASON,56.1,17,58.9,,61.2,,FA_LB_159,LB,1,,,52.2,,2027,756,,58.2,MIN
REGULAR_SEASON,78.5,17,76.8,,,,MIN_CB_03,CB,1,,,73.4,,2027,846,,71.2,MIN
REGULAR_SEASON,69.4,17,80.5,,,,MIN_CB_01,CB,1,,,80.3,,2027,818,,71.2,MIN
REGULAR_SEASON,71.7,13,69.0,,,,MIN_CB_05,CB,1,,,63.8,,2027,629,,66.8,MIN
REGULAR_SEASON,56.7,17,53.9,,,,P100174_CB,CB,1,,,58.3,,2027,858,,59.2,MIN
REGULAR_SEASON,69.6,14,71.6,,,,TB_S_01,S,1,,,70.0,,2027,747,,78.9,MIN
REGULAR_SEASON,78.0,17,81.6,,,,ATL_S_01,S,1,,,75.3,,2027,853,,70.5,MIN
REGULAR_SEASON,57.8,4,47.1,,,,P100042_S,S,0,,,59.6,,2027,218,,46.0,MIN
REGULAR_SEASON,,17,68.0,,,,FA_K_006,K,1,,,,,2027,102,65.2,,MIN
REGULAR_SEASON,,16,68.6,76.0,,,BAL_OG_04,OG,1,,66.8,,,2027,1051,,,BAL
REGULAR_SEASON,,17,88.6,,,86.6,CIN_QB_01,QB,1,,,,79.9,2027,1059,,,PIT
REGULAR_SEASON,,17,65.8,61.9,,,PIT_RB_01,RB,1,69.6,,,69.5,2027,689,,,PIT
REGULAR_SEASON,,15,79.7,,,,PIT_WR_03,WR,1,70.8,78.7,,,2027,627,,,PIT
REGULAR_SEASON,,17,70.2,,,,PIT_WR_06,WR,1,70.8,76.5,,,2027,715,,,PIT
REGULAR_SEASON,,17,61.4,,,,PIT_WR_05,WR,1,62.7,61.5,,,2027,730,,,PIT
REGULAR_SEASON,,11,72.5,65.5,,,PIT_TE_02,TE,1,80.5,70.8,,,2027,402,,,PIT
REGULAR_SEASON,,17,67.3,70.2,,,PIT_TE_03,TE,1,66.5,65.4,,,2027,707,,,PIT
REGULAR_SEASON,,15,66.9,64.2,,,LV_OT_01,OT,1,,61.4,,,2027,990,,,PIT
REGULAR_SEASON,,17,73.3,65.5,,,CIN_OT_01,OT,1,,65.8,,,2027,1111,,,PIT
REGULAR_SEASON,,17,71.9,71.5,,,PIT_OG_01,OG,1,,65.3,,,2027,1095,,,PIT
REGULAR_SEASON,,13,66.9,67.9,,,ARI_OG_01,OG,1,,68.0,,,2027,853,,,PIT
REGULAR_SEASON,,17,74.6,67.0,,,PIT_C_01,C,1,,67.1,,,2027,1118,,,PIT
REGULAR_SEASON,,16,68.5,,64.7,,CLE_EDGE_02,EDGE,1,,,68.5,,2027,672,,64.3,PIT
REGULAR_SEASON,,17,57.2,,52.2,,CIN_EDGE_02,EDGE,1,,,56.5,,2027,776,,55.7,PIT
REGULAR_SEASON,,8,74.6,,73.2,,CIN_DT_01,DT,1,,,71.6,,2027,313,,67.8,PIT
REGULAR_SEASON,,17,61.9,,62.3,,P100135_DT,DT,1,,,70.1,,2027,642,,57.0,PIT
REGULAR_SEASON,73.4,17,78.1,,80.0,,PIT_LB_04,LB,1,,,74.8,,2027,752,,77.6,PIT
REGULAR_SEASON,73.5,15,74.7,,73.5,,LAC_LB_01,LB,1,,,64.5,,2027,665,,71.2,PIT
REGULAR_SEASON,60.2,17,62.3,,57.0,,MIN_LB_03,LB,1,,,63.3,,2027,793,,57.9,PIT
REGULAR_SEASON,69.5,9,74.6,,,,PIT_CB_02,CB,1,,,74.3,,2027,451,,78.2,PIT
REGULAR_SEASON,68.9,17,70.5,,,,NO_CB_01,CB,1,,,69.3,,2027,847,,69.2,PIT
REGULAR_SEASON,75.4,17,75.8,,,,PIT_CB_05,CB,1,,,69.2,,2027,847,,70.6,PIT
REGULAR_SEASON,60.7,11,57.0,,,,P100153_CB,CB,1,,,62.1,,2027,544,,58.9,PIT
REGULAR_SEASON,73.9,17,85.2,,,,PIT_S_02,S,1,,,75.9,,2027,888,,81.3,PIT
REGULAR_SEASON,56.7,13,56.5,,,,PIT_S_03,S,1,,,59.4,,2027,694,,52.4,PIT
REGULAR_SEASON,58.3,13,63.7,,,,PIT_S_04,S,1,,,69.7,,2027,671,,62.9,PIT
REGULAR_SEASON,,17,71.3,,,,LV_P_01,P,1,,,,,2027,85,70.5,,PIT
REGULAR_SEASON,72.4,9,63.1,,,,HOU_S_03,S,1,,,63.4,,2027,474,,65.4,CIN
REGULAR_SEASON,,17,65.3,,,66.1,LAC_QB_01,QB,1,,,,70.7,2027,1075,,,LAC
REGULAR_SEASON,,17,52.5,56.2,,,LAC_RB_02,RB,1,57.4,,,59.1,2027,734,,,LAC
REGULAR_SEASON,,17,75.1,,,,SF_WR_03,WR,1,65.6,69.8,,,2027,734,,,LAC
REGULAR_SEASON,,17,87.4,,,,GB_WR_01,WR,1,84.2,84.1,,,2027,741,,,LAC
REGULAR_SEASON,,17,66.6,,,,LAC_WR_03,WR,1,65.2,67.6,,,2027,749,,,LAC
REGULAR_SEASON,,16,50.9,,,,LAC_WR_05,WR,1,51.5,53.8,,,2027,688,,,LAC
REGULAR_SEASON,,16,63.7,64.1,,,LAC_TE_02,TE,1,63.8,60.4,,,2027,603,,,LAC
REGULAR_SEASON,,17,80.3,73.4,,,DEN_OT_02,OT,1,,70.4,,,2027,1114,,,LAC
REGULAR_SEASON,,17,74.1,66.6,,,LAC_OT_01,OT,1,,66.2,,,2027,1117,,,LAC
REGULAR_SEASON,,15,63.5,58.7,,,LAC_OG_02,OG,1,,67.5,,,2027,1010,,,LAC
REGULAR_SEASON,,17,59.7,61.7,,,LAC_OG_03,OG,1,,57.0,,,2027,1103,,,LAC
REGULAR_SEASON,,17,67.8,65.7,,,CHI_C_01,C,1,,65.1,,,2027,1094,,,LAC
REGULAR_SEASON,,16,62.1,,63.2,,NYG_EDGE_04,EDGE,1,,,64.6,,2027,703,,63.3,LAC
REGULAR_SEASON,,17,59.9,,64.3,,P100009_EDGE,EDGE,1,,,61.3,,2027,700,,62.8,LAC
REGULAR_SEASON,,17,65.4,,63.0,,SEA_DT_02,DT,1,,,61.0,,2027,625,,63.4,LAC
REGULAR_SEASON,,17,65.8,,62.4,,JAX_DT_04,DT,1,,,62.7,,2027,650,,64.4,LAC
REGULAR_SEASON,,13,68.3,,59.9,,DET_DT_03,DT,1,,,70.2,,2027,503,,62.8,LAC
REGULAR_SEASON,67.8,13,68.8,,67.4,,LAC_LB_02,LB,1,,,68.7,,2027,604,,70.4,LAC
REGULAR_SEASON,44.6,17,46.2,,52.3,,CIN_LB_03,LB,1,,,48.1,,2027,783,,53.4,LAC
REGULAR_SEASON,61.9,15,62.7,,65.5,,SF_LB_05,LB,1,,,59.4,,2027,660,,62.7,LAC
REGULAR_SEASON,69.1,17,73.6,,,,LAC_CB_02,CB,1,,,69.3,,2027,844,,67.9,LAC
REGULAR_SEASON,62.5,17,62.1,,,,LAC_CB_03,CB,1,,,64.6,,2027,840,,61.0,LAC
REGULAR_SEASON,57.4,17,59.3,,,,LAC_CB_04,CB,1,,,60.4,,2027,846,,57.0,LAC
REGULAR_SEASON,58.8,16,57.2,,,,LAC_CB_05,CB,1,,,50.4,,2027,808,,56.1,LAC
REGULAR_SEASON,67.4,16,65.6,,,,PHI_S_01,S,1,,,69.3,,2027,818,,66.2,LAC
REGULAR_SEASON,69.9,17,76.7,,,,LAC_S_02,S,1,,,72.1,,2027,884,,73.3,LAC
REGULAR_SEASON,69.4,17,80.5,,,,P100075_S,S,1,,,80.8,,2027,891,,70.4,LAC
REGULAR_SEASON,,12,66.0,,,,TEN_K_01,K,1,,,,,2027,72,69.1,,LAC
REGULAR_SEASON,,16,68.2,,,,LAC_P_01,P,1,,,,,2027,80,67.4,,LAC
REGULAR_SEASON,,16,86.0,,,,DET_WR_04,WR,1,82.6,76.2,,,2027,705,,,NYG
REGULAR_SEASON,,16,75.6,,,73.3,PIT_QB_01,QB,1,,,,64.4,2027,1018,,,CAR
REGULAR_SEASON,,16,72.6,71.5,,,CAR_RB_01,RB,1,70.4,,,73.1,2027,517,,,CAR
REGULAR_SEASON,,17,58.6,57.0,,,CAR_RB_03,RB,1,57.5,,,55.3,2027,389,,,CAR
REGULAR_SEASON,,17,76.4,,,,CAR_WR_03,WR,1,75.2,70.5,,,2027,761,,,CAR
REGULAR_SEASON,,10,75.9,,,,CAR_WR_05,WR,1,64.1,71.8,,,2027,415,,,CAR
REGULAR_SEASON,,17,64.5,,,,CAR_WR_06,WR,1,61.5,63.2,,,2027,757,,,CAR
REGULAR_SEASON,,17,51.6,,,,CAR_WR_02,WR,1,56.1,52.8,,,2027,750,,,CAR
REGULAR_SEASON,,17,81.0,75.7,,,CAR_TE_01,TE,1,74.9,70.6,,,2027,696,,,CAR
REGULAR_SEASON,,17,89.7,81.9,,,CAR_OT_01,OT,1,,81.6,,,2027,1134,,,CAR
REGULAR_SEASON,,12,79.7,77.0,,,SF_OG_01,OG,1,,81.4,,,2027,793,,,CAR
REGULAR_SEASON,,17,67.0,70.5,,,CAR_OG_03,OG,1,,65.9,,,2027,1113,,,CAR
REGULAR_SEASON,,13,70.3,71.8,,,LAC_C_01,C,1,,69.3,,,2027,848,,,CAR
REGULAR_SEASON,,17,74.2,,68.6,,KC_EDGE_01,EDGE,1,,,71.8,,2027,717,,67.4,CAR
REGULAR_SEASON,,16,68.2,,65.7,,CAR_EDGE_05,EDGE,1,,,61.6,,2027,703,,60.3,CAR
REGULAR_SEASON,,17,76.0,,72.7,,CAR_EDGE_03,EDGE,1,,,66.5,,2027,769,,70.2,CAR
REGULAR_SEASON,,8,63.6,,63.9,,P100231_EDGE,EDGE,1,,,60.6,,2027,366,,55.9,CAR
REGULAR_SEASON,,16,82.8,,78.1,,CAR_DT_02,DT,1,,,77.8,,2027,593,,77.2,CAR
REGULAR_SEASON,,17,71.6,,70.1,,CAR_DT_01,DT,1,,,69.1,,2027,618,,67.3,CAR
REGULAR_SEASON,,17,77.1,,72.2,,CAR_DT_04,DT,1,,,75.4,,2027,664,,71.6,CAR
REGULAR_SEASON,69.2,17,70.1,,65.3,,P100176_LB,LB,1,,,67.3,,2027,779,,67.2,CAR
REGULAR_SEASON,61.6,17,65.4,,71.7,,CAR_LB_05,LB,1,,,67.3,,2027,774,,65.6,CAR
REGULAR_SEASON,60.2,17,68.3,,61.2,,P100195_LB,LB,1,,,67.7,,2027,755,,66.0,CAR
REGULAR_SEASON,67.9,16,61.1,,,,CLE_CB_01,CB,1,,,65.8,,2027,833,,57.8,CAR
REGULAR_SEASON,68.7,17,68.2,,,,GB_CB_02,CB,1,,,72.7,,2027,825,,68.3,CAR
REGULAR_SEASON,65.9,10,60.5,,,,CAR_S_02,S,1,,,61.7,,2027,508,,64.8,CAR
REGULAR_SEASON,75.0,17,72.3,,,,CAR_S_03,S,1,,,69.2,,2027,892,,69.8,CAR
REGULAR_SEASON,65.1,17,68.6,,,,P100283_S,S,1,,,64.4,,2027,862,,67.9,CAR
REGULAR_SEASON,,17,73.2,,,,LAR_K_01,K,1,,,,,2027,102,67.8,,CAR
REGULAR_SEASON,,17,57.7,,,,NYJ_P_01,P,1,,,,,2027,85,60.9,,CAR
REGULAR_SEASON,,17,67.7,,,67.7,NYJ_QB_01,QB,1,,,,73.3,2027,1089,,,NYJ
REGULAR_SEASON,,17,68.5,69.5,,,P100035_RB,RB,1,59.9,,,67.8,2027,538,,,NYJ
REGULAR_SEASON,,15,75.6,67.8,,,CIN_RB_02,RB,1,74.9,,,75.0,2027,348,,,NYJ
REGULAR_SEASON,,14,79.9,,,,NYJ_WR_02,WR,1,76.9,75.0,,,2027,622,,,NYJ
REGULAR_SEASON,,13,80.0,,,,NYJ_WR_03,WR,1,79.0,78.4,,,2027,574,,,NYJ
REGULAR_SEASON,,15,69.9,,,,JAX_WR_03,WR,1,65.0,68.0,,,2027,637,,,NYJ
REGULAR_SEASON,,13,69.3,,,,ARI_WR_01,WR,1,72.0,69.5,,,2027,569,,,NYJ
REGULAR_SEASON,,17,73.7,71.4,,,DEN_TE_01,TE,1,68.2,71.2,,,2027,698,,,NYJ
REGULAR_SEASON,,16,68.8,65.4,,,NE_TE_01,TE,1,69.3,68.0,,,2027,625,,,NYJ
REGULAR_SEASON,,17,79.8,73.2,,,NYJ_OT_01,OT,1,,81.8,,,2027,1128,,,NYJ
REGULAR_SEASON,,17,68.6,67.0,,,NYJ_OT_02,OT,1,,63.5,,,2027,1138,,,NYJ
REGULAR_SEASON,,17,70.0,67.1,,,BAL_OG_02,OG,1,,68.3,,,2027,1105,,,NYJ
REGULAR_SEASON,,15,64.3,63.1,,,NYJ_OG_01,OG,1,,59.4,,,2027,966,,,NYJ
REGULAR_SEASON,,17,57.6,55.4,,,P100300_C,C,1,,53.8,,,2027,1075,,,NYJ
REGULAR_SEASON,,12,58.6,,58.4,,NYJ_EDGE_01,EDGE,1,,,62.3,,2027,541,,66.2,NYJ
REGULAR_SEASON,,9,63.7,,60.9,,JAX_EDGE_01,EDGE,1,,,59.4,,2027,400,,63.9,NYJ
REGULAR_SEASON,,17,62.1,,65.0,,NYJ_EDGE_05,EDGE,1,,,63.8,,2027,745,,58.1,NYJ
REGULAR_SEASON,,14,83.2,,77.2,,CHI_DT_01,DT,1,,,77.3,,2027,507,,77.3,NYJ
REGULAR_SEASON,,17,50.3,,51.8,,NYJ_DT_05,DT,1,,,56.1,,2027,645,,55.1,NYJ
REGULAR_SEASON,,17,41.7,,48.2,,NYJ_DT_04,DT,1,,,48.6,,2027,640,,44.9,NYJ
REGULAR_SEASON,65.1,17,65.9,,63.2,,NYG_LB_02,LB,1,,,68.5,,2027,787,,62.1,NYJ
REGULAR_SEASON,69.7,13,72.1,,72.8,,CAR_LB_04,LB,1,,,70.8,,2027,597,,69.5,NYJ
REGULAR_SEASON,57.2,17,55.4,,57.8,,NYJ_LB_02,LB,1,,,56.6,,2027,774,,58.7,NYJ
REGULAR_SEASON,66.2,13,67.8,,,,JAX_CB_03,CB,1,,,67.0,,2027,644,,61.8,NYJ
REGULAR_SEASON,82.4,10,79.0,,,,NYJ_CB_02,CB,1,,,73.6,,2027,513,,76.7,NYJ
REGULAR_SEASON,72.6,9,78.1,,,,CLE_CB_03,CB,1,,,81.2,,2027,431,,72.3,NYJ
REGULAR_SEASON,66.3,13,71.3,,,,NYJ_CB_01,CB,1,,,68.7,,2027,663,,72.3,NYJ
REGULAR_SEASON,69.3,17,69.1,,,,CAR_S_01,S,1,,,64.7,,2027,895,,58.4,NYJ
REGULAR_SEASON,65.6,17,67.1,,,,LAR_S_01,S,1,,,67.0,,2027,898,,68.5,NYJ
REGULAR_SEASON,58.7,5,55.7,,,,NYJ_S_03,S,0,,,58.7,,2027,260,,61.0,NYJ
REGULAR_SEASON,,12,68.6,,,,NYJ_K_01,K,1,,,,,2027,72,75.5,,NYJ
REGULAR_SEASON,,16,90.4,,,80.3,CHI_QB_01,QB,1,,,,87.3,2027,1026,,,DET
REGULAR_SEASON,,15,53.9,54.2,,,DET_RB_02,RB,1,54.4,,,55.8,2027,628,,,DET
REGULAR_SEASON,,11,88.2,,,,DET_WR_03,WR,1,78.9,86.3,,,2027,473,,,DET
REGULAR_SEASON,,17,76.0,,,,DET_WR_01,WR,1,69.1,71.8,,,2027,719,,,DET
REGULAR_SEASON,,17,82.4,,,,P100022_WR,WR,1,75.7,68.9,,,2027,729,,,DET
REGULAR_SEASON,,17,73.9,72.7,,,DET_TE_01,TE,1,68.7,73.8,,,2027,676,,,DET
REGULAR_SEASON,,10,76.4,75.2,,,DET_TE_03,TE,1,72.1,75.3,,,2027,404,,,DET
REGULAR_SEASON,,16,78.0,80.5,,,DET_OT_01,OT,1,,72.6,,,2027,1060,,,DET
REGULAR_SEASON,,14,66.1,63.8,,,DET_OT_02,OT,1,,65.4,,,2027,922,,,DET
REGULAR_SEASON,,15,62.8,61.4,,,DET_OG_04,OG,1,,64.6,,,2027,976,,,DET
REGULAR_SEASON,,17,63.8,62.9,,,DEN_OG_02,OG,1,,61.4,,,2027,1116,,,DET
REGULAR_SEASON,,10,70.5,62.2,,,TEN_C_01,C,1,,68.4,,,2027,669,,,DET
REGULAR_SEASON,,17,85.9,,75.6,,DET_EDGE_01,EDGE,1,,,82.4,,2027,746,,82.1,DET
REGULAR_SEASON,,17,69.5,,69.3,,ARI_EDGE_02,EDGE,1,,,68.7,,2027,755,,62.4,DET
REGULAR_SEASON,,10,67.9,,68.1,,PIT_EDGE_03,EDGE,1,,,68.5,,2027,431,,61.6,DET
REGULAR_SEASON,,17,53.4,,54.1,,DET_EDGE_04,EDGE,1,,,55.7,,2027,715,,53.4,DET
REGULAR_SEASON,,17,69.8,,74.9,,DET_DT_02,DT,1,,,66.5,,2027,628,,69.3,DET
REGULAR_SEASON,,17,60.5,,61.0,,SF_DT_02,DT,1,,,61.1,,2027,611,,61.4,DET
REGULAR_SEASON,,17,73.0,,66.6,,DET_DT_04,DT,1,,,70.3,,2027,648,,73.4,DET
REGULAR_SEASON,68.4,17,66.1,,63.7,,DET_LB_01,LB,1,,,62.8,,2027,770,,64.4,DET
REGULAR_SEASON,67.8,16,79.3,,70.7,,DET_LB_02,LB,1,,,68.8,,2027,727,,75.0,DET
REGULAR_SEASON,80.2,17,84.9,,78.6,,BAL_LB_01,LB,1,,,75.9,,2027,820,,83.4,DET
REGULAR_SEASON,68.0,13,71.1,,,,DET_CB_02,CB,1,,,72.7,,2027,647,,66.0,DET
REGULAR_SEASON,68.5,17,68.7,,,,DET_CB_06,CB,1,,,65.3,,2027,836,,65.8,DET
REGULAR_SEASON,65.4,11,72.6,,,,DET_S_04,S,1,,,67.6,,2027,558,,78.5,DET
REGULAR_SEASON,70.8,17,73.7,,,,DET_S_01,S,1,,,68.2,,2027,877,,66.4,DET
REGULAR_SEASON,70.4,17,68.1,,,,ARI_S_02,S,1,,,66.6,,2027,863,,68.6,DET
REGULAR_SEASON,,14,71.3,,,,DET_K_01,K,1,,,,,2027,84,75.8,,DET
REGULAR_SEASON,,13,78.6,,,,DET_P_01,P,1,,,,,2027,65,73.8,,DET
REGULAR_SEASON,,15,61.6,,,63.6,PHI_QB_01,QB,1,,,,65.1,2027,962,,,PHI
REGULAR_SEASON,,6,65.9,73.7,,,LAR_RB_01,RB,0,66.7,,,64.6,2027,174,,,PHI
REGULAR_SEASON,,13,64.4,68.8,,,P100058_RB,RB,1,65.1,,,63.7,2027,429,,,PHI
REGULAR_SEASON,,17,87.5,,,,PIT_WR_02,WR,1,87.1,80.6,,,2027,742,,,PHI
REGULAR_SEASON,,15,71.9,,,,LAC_WR_01,WR,1,73.0,73.1,,,2027,670,,,PHI
REGULAR_SEASON,,17,77.1,,,,DET_WR_02,WR,1,73.8,70.9,,,2027,746,,,PHI
REGULAR_SEASON,,13,75.7,,,,PIT_WR_01,WR,1,65.1,73.1,,,2027,552,,,PHI
REGULAR_SEASON,,17,69.0,73.3,,,IND_TE_01,TE,1,64.7,68.7,,,2027,679,,,PHI
REGULAR_SEASON,,17,54.4,54.3,,,PHI_TE_03,TE,1,57.7,52.8,,,2027,664,,,PHI
REGULAR_SEASON,,17,62.1,58.5,,,ATL_OT_01,OT,1,,60.8,,,2027,1107,,,PHI
REGULAR_SEASON,,17,63.6,64.6,,,PHI_OT_02,OT,1,,60.8,,,2027,1132,,,PHI
REGULAR_SEASON,,17,87.9,77.3,,,PHI_OG_01,OG,1,,76.8,,,2027,1129,,,PHI
REGULAR_SEASON,,13,72.8,67.2,,,PIT_OG_03,OG,1,,74.5,,,2027,850,,,PHI
REGULAR_SEASON,,14,85.3,77.0,,,CAR_C_01,C,1,,77.8,,,2027,921,,,PHI
REGULAR_SEASON,,17,79.1,,76.5,,PHI_EDGE_01,EDGE,1,,,77.2,,2027,729,,76.8,PHI
REGULAR_SEASON,,17,57.8,,57.2,,PHI_EDGE_03,EDGE,1,,,61.2,,2027,732,,61.4,PHI
REGULAR_SEASON,,17,71.8,,67.2,,PHI_EDGE_04,EDGE,1,,,68.7,,2027,739,,70.8,PHI
REGULAR_SEASON,,17,45.3,,47.3,,P100214_EDGE,EDGE,1,,,50.7,,2027,759,,47.9,PHI
REGULAR_SEASON,,11,60.9,,63.6,,DET_DT_01,DT,1,,,57.6,,2027,416,,62.8,PHI
REGULAR_SEASON,,17,72.9,,71.8,,PHI_DT_02,DT,1,,,69.6,,2027,656,,68.6,PHI
REGULAR_SEASON,70.6,17,82.4,,76.3,,PHI_LB_04,LB,1,,,78.5,,2027,795,,77.2,PHI
REGULAR_SEASON,56.4,17,51.7,,52.6,,PHI_LB_03,LB,1,,,55.1,,2027,759,,53.0,PHI
REGULAR_SEASON,72.4,17,74.2,,,,WAS_CB_02,CB,1,,,72.2,,2027,841,,71.3,PHI
REGULAR_SEASON,71.2,14,75.1,,,,HOU_CB_03,CB,1,,,74.7,,2027,685,,69.3,PHI
REGULAR_SEASON,58.2,15,49.2,,,,P100249_CB,CB,1,,,57.4,,2027,730,,51.1,PHI
REGULAR_SEASON,71.6,17,79.4,,,,PHI_S_02,S,1,,,73.8,,2027,878,,76.7,PHI
REGULAR_SEASON,62.7,12,61.8,,,,PHI_S_03,S,1,,,59.9,,2027,642,,64.3,PHI
REGULAR_SEASON,67.2,17,67.7,,,,PHI_S_04,S,1,,,62.7,,2027,863,,71.2,PHI
REGULAR_SEASON,,17,65.8,,,,P100078_K,K,1,,,,,2027,102,68.4,,PHI
REGULAR_SEASON,,17,66.2,,,,DEN_P_01,P,1,,,,,2027,85,69.3,,PHI
REGULAR_SEASON,,17,80.4,,,75.7,LV_QB_01,QB,1,,,,74.6,2027,1082,,,LV
REGULAR_SEASON,,17,52.1,52.6,,,LV_RB_01,RB,1,60.7,,,52.1,2027,477,,,LV
REGULAR_SEASON,,17,68.1,63.5,,,ARI_RB_02,RB,1,68.3,,,67.9,2027,329,,,LV
REGULAR_SEASON,,17,60.2,62.2,,,SF_RB_04,RB,1,66.8,,,58.9,2027,244,,,LV
REGULAR_SEASON,,17,77.3,,,,LV_WR_01,WR,1,66.8,75.9,,,2027,734,,,LV
REGULAR_SEASON,,14,54.5,,,,BAL_WR_02,WR,1,56.8,60.5,,,2027,611,,,LV
REGULAR_SEASON,,12,61.5,,,,LV_WR_04,WR,1,63.6,63.7,,,2027,520,,,LV
REGULAR_SEASON,,17,63.8,63.2,,,P100219_TE,TE,1,60.3,66.6,,,2027,689,,,LV
REGULAR_SEASON,,17,55.0,51.1,,,P100212_TE,TE,1,60.6,57.8,,,2027,666,,,LV
REGULAR_SEASON,,17,90.2,84.3,,,LV_OT_02,OT,1,,82.8,,,2027,1115,,,LV
REGULAR_SEASON,,17,53.7,58.1,,,LV_OT_04,OT,1,,61.2,,,2027,1109,,,LV
REGULAR_SEASON,,17,73.3,70.2,,,LV_OG_01,OG,1,,71.5,,,2027,1096,,,LV
REGULAR_SEASON,,16,69.8,73.2,,,LV_OG_03,OG,1,,68.2,,,2027,1046,,,LV
REGULAR_SEASON,,17,64.9,62.0,,,LV_C_01,C,1,,61.6,,,2027,1135,,,LV
REGULAR_SEASON,,17,54.8,,61.7,,KC_EDGE_04,EDGE,1,,,61.1,,2027,733,,54.4,LV
REGULAR_SEASON,,17,79.6,,71.4,,LV_DT_01,DT,1,,,74.2,,2027,656,,73.2,LV
REGULAR_SEASON,,16,88.6,,83.5,,LAR_DT_05,DT,1,,,85.1,,2027,595,,76.7,LV
REGULAR_SEASON,,15,54.5,,60.6,,LV_DT_03,DT,1,,,54.1,,2027,534,,60.6,LV
REGULAR_SEASON,74.7,17,74.9,,75.2,,PIT_LB_01,LB,1,,,71.8,,2027,754,,72.6,LV
REGULAR_SEASON,74.7,17,77.1,,72.6,,LV_LB_02,LB,1,,,73.9,,2027,754,,69.1,LV
REGULAR_SEASON,59.0,17,58.6,,62.4,,LV_LB_05,LB,1,,,68.4,,2027,790,,59.0,LV
REGULAR_SEASON,64.5,15,67.3,,,,LV_CB_03,CB,1,,,69.0,,2027,734,,67.1,LV
REGULAR_SEASON,76.5,17,79.0,,,,LV_CB_06,CB,1,,,76.0,,2027,829,,75.1,LV
REGULAR_SEASON,68.2,12,77.1,,,,PHI_CB_01,CB,1,,,74.0,,2027,579,,72.6,LV
REGULAR_SEASON,55.6,17,53.1,,,,LV_CB_04,CB,1,,,54.8,,2027,834,,56.7,LV
REGULAR_SEASON,55.5,17,61.4,,,,LV_S_01,S,1,,,61.1,,2027,900,,58.5,LV
REGULAR_SEASON,73.1,15,78.8,,,,LAC_S_04,S,1,,,80.6,,2027,743,,83.1,LV
REGULAR_SEASON,64.6,16,65.2,,,,LV_S_04,S,1,,,61.6,,2027,794,,64.1,LV
REGULAR_SEASON,,15,63.2,,,,LV_K_01,K,1,,,,,2027,90,62.1,,LV
REGULAR_SEASON,,14,76.6,,,,CAR_P_01,P,1,,,,,2027,70,68.7,,LV
REGULAR_SEASON,,17,70.2,,,69.8,SEA_QB_01,QB,1,,,,62.1,2027,1077,,,SEA
REGULAR_SEASON,,17,83.6,74.4,,,PHI_RB_01,RB,1,79.6,,,83.0,2027,520,,,SEA
REGULAR_SEASON,,17,59.0,59.1,,,P100087_RB,RB,1,61.4,,,62.4,2027,392,,,SEA
REGULAR_SEASON,,17,60.8,,,,SEA_WR_03,WR,1,60.5,63.7,,,2027,752,,,SEA
REGULAR_SEASON,,17,66.2,,,,SEA_WR_02,WR,1,61.1,68.3,,,2027,747,,,SEA
REGULAR_SEASON,,17,72.9,,,,SEA_WR_01,WR,1,69.4,72.2,,,2027,745,,,SEA
REGULAR_SEASON,,17,67.3,,,,SEA_WR_04,WR,1,69.2,67.8,,,2027,740,,,SEA
REGULAR_SEASON,,17,70.1,67.9,,,LAC_TE_01,TE,1,67.1,65.6,,,2027,660,,,SEA
REGULAR_SEASON,,17,88.6,82.1,,,SEA_OT_02,OT,1,,78.1,,,2027,1098,,,SEA
REGULAR_SEASON,,13,80.8,76.3,,,SEA_OT_01,OT,1,,76.1,,,2027,856,,,SEA
REGULAR_SEASON,,17,68.8,68.0,,,SEA_OG_01,OG,1,,65.6,,,2027,1115,,,SEA
REGULAR_SEASON,,15,64.5,62.5,,,SEA_C_01,C,1,,63.5,,,2027,980,,,SEA
REGULAR_SEASON,,17,91.3,,82.9,,MIN_EDGE_02,EDGE,1,,,85.7,,2027,783,,83.4,SEA
REGULAR_SEASON,,17,63.8,,62.8,,BUF_EDGE_01,EDGE,1,,,60.3,,2027,751,,64.8,SEA
REGULAR_SEASON,,17,59.6,,58.4,,P100066_EDGE,EDGE,1,,,60.7,,2027,699,,54.8,SEA
REGULAR_SEASON,,14,54.0,,55.7,,P100238_DT,DT,1,,,58.8,,2027,538,,52.5,SEA
REGULAR_SEASON,,17,41.0,,44.1,,P100012_DT,DT,1,,,48.7,,2027,659,,46.0,SEA
REGULAR_SEASON,,16,58.3,,60.9,,SEA_DT_05,DT,1,,,64.6,,2027,586,,60.9,SEA
REGULAR_SEASON,61.5,17,63.5,,66.0,,SEA_LB_01,LB,1,,,58.6,,2027,786,,64.5,SEA
REGULAR_SEASON,57.3,17,58.3,,63.3,,SEA_LB_05,LB,1,,,57.8,,2027,772,,56.8,SEA
REGULAR_SEASON,72.6,17,80.9,,,,SEA_CB_02,CB,1,,,82.1,,2027,857,,74.2,SEA
REGULAR_SEASON,63.9,17,66.3,,,,SEA_CB_03,CB,1,,,61.8,,2027,841,,65.9,SEA
REGULAR_SEASON,45.2,17,43.8,,,,SEA_CB_06,CB,1,,,50.9,,2027,879,,51.3,SEA
REGULAR_SEASON,77.4,15,81.8,,,,SEA_S_02,S,1,,,76.6,,2027,766,,82.3,SEA
REGULAR_SEASON,57.4,17,56.3,,,,SEA_S_01,S,1,,,54.0,,2027,879,,54.3,SEA
REGULAR_SEASON,55.4,17,51.0,,,,P100166_S,S,1,,,64.4,,2027,892,,52.0,SEA
REGULAR_SEASON,,13,60.1,,,,SEA_K_01,K,1,,,,,2027,78,60.4,,SEA
REGULAR_SEASON,,16,69.5,,,,SF_P_01,P,1,,,,,2027,80,72.6,,SEA
REGULAR_SEASON,,16,68.7,64.4,,,ATL_OG_01,OG,1,,67.0,,,2027,1023,,,ATL
REGULAR_SEASON,64.4,13,70.6,,,,ATL_CB_03,CB,1,,,66.7,,2027,666,,67.7,ATL
REGULAR_SEASON,,6,54.3,,,54.8,PIT_QB_03,QB,1,,,,56.1,2027,378,,,BAL
REGULAR_SEASON,58.4,8,49.5,,54.1,,BAL_LB_05,LB,1,,,57.4,,2027,371,,57.6,BAL
REGULAR_SEASON,,17,91.9,,,85.1,IND_QB_01,QB,1,,,,87.6,2027,1096,,,IND
REGULAR_SEASON,,17,58.5,63.1,,,NYG_RB_03,RB,1,59.1,,,64.7,2027,506,,,IND
REGULAR_SEASON,,17,60.5,61.4,,,IND_RB_02,RB,1,63.3,,,54.4,2027,365,,,IND
REGULAR_SEASON,,17,63.7,,,,IND_WR_02,WR,1,65.6,66.6,,,2027,727,,,IND
REGULAR_SEASON,,16,74.7,,,,IND_WR_01,WR,1,74.5,73.2,,,2027,675,,,IND
REGULAR_SEASON,,17,62.9,,,,ARI_WR_02,WR,1,59.7,60.0,,,2027,704,,,IND
REGULAR_SEASON,,5,64.5,,,,IND_WR_05,WR,0,68.5,57.1,,,2027,216,,,IND
REGULAR_SEASON,,17,84.0,75.4,,,NYJ_TE_01,TE,1,71.6,79.7,,,2027,674,,,IND
REGULAR_SEASON,,17,69.7,69.0,,,SEA_TE_02,TE,1,61.9,63.5,,,2027,679,,,IND
REGULAR_SEASON,,17,82.7,76.3,,,MIN_OT_02,OT,1,,79.2,,,2027,1116,,,IND
REGULAR_SEASON,,13,70.6,68.2,,,IND_OT_01,OT,1,,67.3,,,2027,849,,,IND
REGULAR_SEASON,,17,58.0,55.4,,,GB_OG_01,OG,1,,60.1,,,2027,1128,,,IND
REGULAR_SEASON,,17,68.4,67.3,,,NO_OG_01,OG,1,,65.8,,,2027,1126,,,IND
REGULAR_SEASON,,17,69.9,62.1,,,IND_C_01,C,1,,66.8,,,2027,1094,,,IND
REGULAR_SEASON,,17,71.8,,69.4,,IND_EDGE_02,EDGE,1,,,72.7,,2027,740,,66.8,IND
REGULAR_SEASON,,16,77.3,,73.6,,IND_EDGE_01,EDGE,1,,,70.8,,2027,726,,74.6,IND
REGULAR_SEASON,,17,44.8,,54.8,,TB_EDGE_01,EDGE,1,,,50.8,,2027,719,,48.6,IND
REGULAR_SEASON,,17,61.0,,60.6,,IND_DT_01,DT,1,,,56.5,,2027,624,,67.6,IND
REGULAR_SEASON,,17,77.2,,77.8,,CLE_DT_04,DT,1,,,70.0,,2027,645,,71.7,IND
REGULAR_SEASON,,17,66.5,,65.5,,LV_DT_02,DT,1,,,72.3,,2027,614,,66.1,IND
REGULAR_SEASON,64.8,16,64.9,,66.4,,JAX_LB_02,LB,1,,,64.5,,2027,727,,66.4,IND
REGULAR_SEASON,57.3,17,60.4,,59.1,,IND_LB_05,LB,1,,,59.8,,2027,776,,51.8,IND
REGULAR_SEASON,65.4,17,74.1,,67.4,,IND_LB_03,LB,1,,,69.8,,2027,783,,72.3,IND
REGULAR_SEASON,64.8,17,70.7,,,,IND_CB_01,CB,1,,,67.7,,2027,796,,66.9,IND
REGULAR_SEASON,67.9,16,65.5,,,,IND_CB_02,CB,1,,,68.1,,2027,781,,66.4,IND
REGULAR_SEASON,72.3,12,70.9,,,,GB_CB_06,CB,1,,,68.4,,2027,584,,63.0,IND
REGULAR_SEASON,65.8,16,61.4,,,,IND_CB_03,CB,1,,,62.4,,2027,793,,63.4,IND
REGULAR_SEASON,63.6,17,70.3,,,,IND_S_02,S,1,,,63.9,,2027,865,,69.9,IND
REGULAR_SEASON,71.5,16,67.4,,,,IND_S_01,S,1,,,62.8,,2027,830,,64.8,IND
REGULAR_SEASON,,17,53.1,,,,NO_K_01,K,1,,,,,2027,102,61.9,,IND
REGULAR_SEASON,,17,63.5,,,,IND_P_01,P,1,,,,,2027,85,65.6,,IND
REGULAR_SEASON,,13,71.6,,,69.4,TEN_QB_01,QB,1,,,,72.2,2027,813,,,TEN
REGULAR_SEASON,,17,71.2,78.4,,,KC_RB_02,RB,1,70.9,,,69.4,2027,511,,,TEN
REGULAR_SEASON,,17,70.9,65.4,,,BAL_RB_03,RB,1,67.1,,,66.7,2027,380,,,TEN
REGULAR_SEASON,,17,54.3,65.0,,,TEN_RB_03,RB,1,57.1,,,51.9,2027,264,,,TEN
REGULAR_SEASON,,14,68.9,,,,TEN_WR_03,WR,1,68.1,69.9,,,2027,599,,,TEN
REGULAR_SEASON,,14,82.4,,,,TEN_WR_01,WR,1,75.6,78.2,,,2027,598,,,TEN
REGULAR_SEASON,,17,72.3,,,,TEN_WR_02,WR,1,72.4,71.7,,,2027,741,,,TEN
REGULAR_SEASON,,11,76.4,,,,TEN_WR_05,WR,1,68.7,72.9,,,2027,459,,,TEN
REGULAR_SEASON,,17,66.6,62.9,,,TEN_TE_03,TE,1,69.8,67.0,,,2027,610,,,TEN
REGULAR_SEASON,,17,87.4,77.6,,,CLE_OT_01,OT,1,,83.0,,,2027,1101,,,TEN
REGULAR_SEASON,,17,76.9,71.6,,,PIT_OT_02,OT,1,,72.8,,,2027,1087,,,TEN
REGULAR_SEASON,,13,67.9,69.7,,,TEN_OG_04,OG,1,,65.4,,,2027,858,,,TEN
REGULAR_SEASON,,7,61.1,62.2,,,PIT_OG_04,OG,0,,58.1,,,2027,464,,,TEN
REGULAR_SEASON,,17,60.9,64.3,,,P100005_C,C,1,,61.3,,,2027,1125,,,TEN
REGULAR_SEASON,,17,70.9,,65.7,,TEN_EDGE_02,EDGE,1,,,67.1,,2027,732,,70.8,TEN
REGULAR_SEASON,,14,73.6,,73.7,,LAC_EDGE_01,EDGE,1,,,69.1,,2027,602,,69.0,TEN
REGULAR_SEASON,,17,78.3,,70.6,,BUF_EDGE_02,EDGE,1,,,73.1,,2027,750,,75.1,TEN
REGULAR_SEASON,,17,69.9,,64.0,,CHI_EDGE_02,EDGE,1,,,64.9,,2027,766,,75.6,TEN
REGULAR_SEASON,,17,62.4,,65.7,,TEN_DT_02,DT,1,,,61.8,,2027,631,,63.1,TEN
REGULAR_SEASON,,17,72.6,,70.9,,TEN_DT_01,DT,1,,,72.9,,2027,649,,70.6,TEN
REGULAR_SEASON,,17,70.0,,69.3,,KC_DT_03,DT,1,,,67.2,,2027,641,,66.3,TEN
REGULAR_SEASON,68.6,17,72.5,,66.3,,TEN_LB_01,LB,1,,,74.9,,2027,767,,68.8,TEN
REGULAR_SEASON,55.4,17,54.8,,58.2,,DET_LB_04,LB,1,,,61.6,,2027,786,,55.0,TEN
REGULAR_SEASON,64.1,17,65.5,,61.9,,TEN_LB_04,LB,1,,,62.0,,2027,775,,67.1,TEN
REGULAR_SEASON,85.2,17,91.6,,,,TEN_CB_03,CB,1,,,85.7,,2027,838,,86.5,TEN
REGULAR_SEASON,66.9,17,66.5,,,,PIT_CB_01,CB,1,,,65.8,,2027,846,,67.0,TEN
REGULAR_SEASON,55.9,17,61.5,,,,TEN_CB_06,CB,1,,,59.6,,2027,839,,57.8,TEN
REGULAR_SEASON,66.8,11,67.6,,,,TEN_CB_01,CB,1,,,62.2,,2027,541,,56.8,TEN
REGULAR_SEASON,72.5,17,83.7,,,,TEN_S_01,S,1,,,74.2,,2027,898,,78.1,TEN
REGULAR_SEASON,63.5,17,65.7,,,,CLE_S_03,S,1,,,65.5,,2027,873,,66.2,TEN
REGULAR_SEASON,75.0,17,77.0,,,,FA_S_181,S,1,,,73.0,,2027,879,,75.8,TEN
REGULAR_SEASON,,17,60.5,,,,MIN_K_01,K,1,,,,,2027,102,60.7,,TEN
REGULAR_SEASON,,15,75.1,,,,TEN_P_01,P,1,,,,,2027,75,66.1,,TEN
REGULAR_SEASON,,17,68.6,,,72.8,ARI_QB_01,QB,1,,,,69.6,2027,1104,,,KC
REGULAR_SEASON,,17,61.4,58.9,,,KC_RB_01,RB,1,61.6,,,69.0,2027,538,,,KC
REGULAR_SEASON,,17,61.1,60.7,,,KC_RB_03,RB,1,61.8,,,63.2,2027,388,,,KC
REGULAR_SEASON,,17,70.5,,,,KC_WR_03,WR,1,64.9,65.4,,,2027,758,,,KC
REGULAR_SEASON,,17,53.9,,,,P100260_WR,WR,1,53.9,57.2,,,2027,741,,,KC
REGULAR_SEASON,,17,54.9,,,,P100160_WR,WR,1,61.4,57.4,,,2027,751,,,KC
REGULAR_SEASON,,17,77.2,73.0,,,KC_TE_01,TE,1,74.8,71.5,,,2027,645,,,KC
REGULAR_SEASON,,13,59.9,63.4,,,P100186_TE,TE,1,60.0,57.7,,,2027,532,,,KC
REGULAR_SEASON,,15,81.9,76.0,,,NO_OT_02,OT,1,,71.9,,,2027,951,,,KC
REGULAR_SEASON,,15,55.5,50.9,,,NYG_OT_04,OT,1,,54.5,,,2027,994,,,KC
REGULAR_SEASON,,17,81.2,76.0,,,GB_OG_02,OG,1,,74.2,,,2027,1096,,,KC
REGULAR_SEASON,,17,65.9,61.2,,,KC_OG_03,OG,1,,62.0,,,2027,1133,,,KC
REGULAR_SEASON,,17,65.1,62.6,,,KC_C_01,C,1,,62.4,,,2027,1106,,,KC
REGULAR_SEASON,,13,48.3,,55.6,,TEN_EDGE_01,EDGE,1,,,50.1,,2027,560,,56.1,KC
REGULAR_SEASON,,17,70.6,,73.4,,GB_EDGE_04,EDGE,1,,,68.8,,2027,758,,67.8,KC
REGULAR_SEASON,,17,66.7,,66.5,,KC_EDGE_03,EDGE,1,,,72.9,,2027,740,,67.5,KC
REGULAR_SEASON,,17,64.0,,60.2,,KC_EDGE_05,EDGE,1,,,64.0,,2027,733,,60.9,KC
REGULAR_SEASON,,12,63.8,,56.1,,MIA_DT_04,DT,1,,,70.1,,2027,439,,63.2,KC
REGULAR_SEASON,,17,63.8,,58.4,,PHI_DT_05,DT,1,,,63.0,,2027,641,,65.4,KC
REGULAR_SEASON,77.5,17,81.9,,71.5,,KC_LB_02,LB,1,,,77.1,,2027,777,,72.3,KC
REGULAR_SEASON,65.9,17,70.4,,67.4,,KC_LB_05,LB,1,,,67.7,,2027,776,,73.8,KC
REGULAR_SEASON,66.4,12,68.6,,71.4,,IND_LB_01,LB,1,,,71.6,,2027,566,,62.1,KC
REGULAR_SEASON,75.5,17,87.3,,,,KC_CB_02,CB,1,,,70.3,,2027,853,,77.5,KC
REGULAR_SEASON,81.9,13,88.1,,,,KC_CB_03,CB,1,,,75.8,,2027,640,,87.6,KC
REGULAR_SEASON,69.0,17,72.1,,,,P100292_CB,CB,1,,,72.7,,2027,867,,66.5,KC
REGULAR_SEASON,56.1,17,65.3,,,,KC_CB_06,CB,1,,,61.7,,2027,840,,64.5,KC
REGULAR_SEASON,82.0,17,89.0,,,,KC_S_01,S,1,,,84.2,,2027,884,,88.7,KC
REGULAR_SEASON,62.0,17,64.5,,,,ATL_S_04,S,1,,,63.9,,2027,862,,64.3,KC
REGULAR_SEASON,,17,84.2,,,,KC_K_01,K,1,,,,,2027,102,77.8,,KC
REGULAR_SEASON,79.8,16,89.9,,,,CAR_CB_01,CB,1,,,83.0,,2027,788,,86.9,CAR
REGULAR_SEASON,,10,74.8,,,71.9,SF_QB_01,QB,1,,,,69.7,2027,629,,,WAS
REGULAR_SEASON,,17,66.7,61.8,,,WAS_RB_01,RB,1,65.1,,,64.8,2027,495,,,WAS
REGULAR_SEASON,,16,53.4,60.6,,,P100168_RB,RB,1,51.3,,,59.3,2027,247,,,WAS
REGULAR_SEASON,,17,71.0,,,,WAS_WR_02,WR,1,64.0,67.5,,,2027,766,,,WAS
REGULAR_SEASON,,17,70.7,,,,DAL_WR_01,WR,1,59.9,66.6,,,2027,744,,,WAS
REGULAR_SEASON,,14,82.9,,,,DET_WR_05,WR,1,72.9,80.7,,,2027,595,,,WAS
REGULAR_SEASON,,14,62.6,62.8,,,WAS_TE_01,TE,1,65.1,59.1,,,2027,553,,,WAS
REGULAR_SEASON,,10,39.8,48.4,,,WAS_TE_03,TE,1,42.8,52.5,,,2027,403,,,WAS
REGULAR_SEASON,,17,67.6,70.5,,,WAS_OT_02,OT,1,,69.2,,,2027,1115,,,WAS
REGULAR_SEASON,,16,64.6,65.5,,,WAS_OT_03,OT,1,,63.9,,,2027,1046,,,WAS
REGULAR_SEASON,,17,77.0,76.0,,,WAS_OG_02,OG,1,,75.1,,,2027,1112,,,WAS
REGULAR_SEASON,,9,49.3,57.5,,,WAS_OG_03,OG,1,,53.0,,,2027,594,,,WAS
REGULAR_SEASON,,17,60.4,58.1,,,GB_C_01,C,1,,59.4,,,2027,1107,,,WAS
REGULAR_SEASON,,17,79.6,,80.9,,P100191_EDGE,EDGE,1,,,73.9,,2027,763,,69.7,WAS
REGULAR_SEASON,,15,67.1,,66.5,,WAS_EDGE_05,EDGE,1,,,59.9,,2027,641,,63.8,WAS
REGULAR_SEASON,,17,49.6,,55.7,,WAS_EDGE_04,EDGE,1,,,55.0,,2027,742,,52.8,WAS
REGULAR_SEASON,,14,78.2,,69.0,,WAS_DT_02,DT,1,,,73.4,,2027,532,,76.2,WAS
REGULAR_SEASON,,16,73.5,,74.2,,WAS_DT_01,DT,1,,,72.0,,2027,613,,71.9,WAS
REGULAR_SEASON,,17,53.4,,51.4,,WAS_DT_05,DT,1,,,54.3,,2027,617,,51.9,WAS
REGULAR_SEASON,68.9,14,72.1,,66.6,,CIN_LB_01,LB,1,,,69.2,,2027,617,,64.7,WAS
REGULAR_SEASON,58.5,17,54.4,,61.2,,SEA_LB_03,LB,1,,,60.4,,2027,776,,53.4,WAS
REGULAR_SEASON,62.0,17,64.2,,62.8,,WAS_LB_05,LB,1,,,63.1,,2027,783,,64.8,WAS
REGULAR_SEASON,76.5,17,73.5,,,,WAS_CB_01,CB,1,,,71.7,,2027,821,,74.1,WAS
REGULAR_SEASON,62.9,11,66.0,,,,FA_CB_029,CB,1,,,64.0,,2027,552,,63.8,WAS
REGULAR_SEASON,68.7,17,69.0,,,,WAS_CB_06,CB,1,,,68.6,,2027,853,,68.3,WAS
REGULAR_SEASON,58.4,15,58.0,,,,WAS_CB_03,CB,1,,,55.8,,2027,731,,50.9,WAS
REGULAR_SEASON,71.0,17,69.4,,,,WAS_S_04,S,1,,,62.3,,2027,875,,64.0,WAS
REGULAR_SEASON,64.3,14,67.7,,,,TEN_S_04,S,1,,,72.0,,2027,723,,70.1,WAS
REGULAR_SEASON,57.0,12,58.5,,,,WAS_S_03,S,1,,,60.0,,2027,615,,63.0,WAS
REGULAR_SEASON,,17,61.2,,,,WAS_K_01,K,1,,,,,2027,102,62.7,,WAS
REGULAR_SEASON,,17,86.3,,,,WAS_P_01,P,1,,,,,2027,85,76.0,,WAS
REGULAR_SEASON,,16,78.5,75.5,,,PHI_RB_03,RB,1,69.9,,,76.7,2027,514,,,MIA
REGULAR_SEASON,,16,56.1,,,,CIN_WR_02,WR,1,58.3,60.0,,,2027,654,,,MIA
REGULAR_SEASON,,3,62.9,60.2,,,MIN_OT_04,OT,0,,62.2,,,2027,177,,,MIN
REGULAR_SEASON,,15,75.8,69.9,,,HOU_OG_01,OG,1,,70.3,,,2027,989,,,MIN
REGULAR_SEASON,71.0,16,74.4,,,,DET_S_02,S,1,,,72.7,,2027,836,,74.8,MIN
REGULAR_SEASON,,16,76.1,,,,MIN_P_01,P,1,,,,,2027,80,72.9,,MIN
REGULAR_SEASON,,16,64.9,64.3,,,GB_OT_02,OT,1,,66.7,,,2027,1064,,,GB
REGULAR_SEASON,,1,55.6,40.9,,,CAR_C_03,C,0,,78.5,,,2027,53,,,GB
REGULAR_SEASON,,16,63.7,,65.8,,GB_EDGE_03,EDGE,1,,,63.2,,2027,677,,62.9,GB
REGULAR_SEASON,56.8,16,59.3,,,,GB_S_01,S,1,,,58.5,,2027,842,,60.8,GB
REGULAR_SEASON,,15,60.5,,,,SEA_P_01,P,1,,,,,2027,75,64.2,,NYJ
REGULAR_SEASON,,15,70.3,67.2,,,CLE_RB_01,RB,1,72.8,,,64.6,2027,644,,,NYG
REGULAR_SEASON,,10,74.5,,,,DEN_WR_03,WR,1,76.6,70.4,,,2027,431,,,DEN
REGULAR_SEASON,,16,65.1,64.7,,,DEN_TE_03,TE,1,63.1,65.7,,,2027,620,,,DEN
REGULAR_SEASON,,16,57.0,58.4,,,DEN_OG_01,OG,1,,56.7,,,2027,1037,,,DEN
REGULAR_SEASON,,11,72.5,70.2,,,NO_C_01,C,1,,69.9,,,2027,703,,,DEN
REGULAR_SEASON,43.8,5,47.0,,42.0,,P100224_LB,LB,0,,,53.0,,2027,230,,56.0,DEN
REGULAR_SEASON,56.6,11,67.1,,64.4,,CLE_LB_01,LB,1,,,69.6,,2027,503,,65.5,DAL
REGULAR_SEASON,48.0,4,40.0,,,,NYJ_CB_04,CB,0,,,50.4,,2027,195,,46.3,DAL
REGULAR_SEASON,,17,74.0,68.2,,,NO_RB_03,RB,1,69.6,,,70.6,2027,697,,,NO
REGULAR_SEASON,,17,64.4,,,,BUF_WR_03,WR,1,64.5,63.0,,,2027,742,,,NO
REGULAR_SEASON,,15,70.0,,,,CHI_WR_02,WR,1,68.7,72.9,,,2027,682,,,NO
REGULAR_SEASON,,11,63.4,,,,NO_WR_01,WR,1,66.5,54.6,,,2027,485,,,NO
REGULAR_SEASON,,17,72.4,,,,NO_WR_06,WR,1,70.8,71.0,,,2027,724,,,NO
REGULAR_SEASON,,17,74.0,69.5,,,LV_TE_01,TE,1,72.4,67.0,,,2027,633,,,NO
REGULAR_SEASON,,17,70.1,68.7,,,BUF_OT_03,OT,1,,66.2,,,2027,1109,,,NO
REGULAR_SEASON,,17,64.7,63.2,,,P100143_OT,OT,1,,60.9,,,2027,1105,,,NO
REGULAR_SEASON,,17,62.6,64.7,,,MIN_OG_04,OG,1,,61.1,,,2027,1106,,,NO
REGULAR_SEASON,,17,76.5,79.5,,,NO_OG_02,OG,1,,72.7,,,2027,1123,,,NO
REGULAR_SEASON,,17,64.6,66.2,,,NO_C_02,C,1,,60.2,,,2027,1125,,,NO
REGULAR_SEASON,,16,76.6,,74.5,,NO_EDGE_02,EDGE,1,,,73.1,,2027,709,,68.2,NO
REGULAR_SEASON,,17,69.4,,68.1,,NO_EDGE_04,EDGE,1,,,69.0,,2027,725,,64.0,NO
REGULAR_SEASON,,17,68.6,,66.2,,TEN_EDGE_04,EDGE,1,,,68.3,,2027,712,,58.3,NO
REGULAR_SEASON,,17,42.0,,47.6,,TB_EDGE_03,EDGE,1,,,51.0,,2027,745,,45.4,NO
REGULAR_SEASON,,17,72.5,,69.7,,NO_DT_02,DT,1,,,70.6,,2027,646,,74.9,NO
REGULAR_SEASON,,12,41.2,,52.4,,NO_DT_05,DT,1,,,45.2,,2027,444,,48.2,NO
REGULAR_SEASON,,12,53.3,,55.2,,P100187_DT,DT,1,,,57.9,,2027,449,,54.5,NO
REGULAR_SEASON,59.6,17,63.9,,58.9,,NE_LB_02,LB,1,,,62.0,,2027,791,,58.7,NO
REGULAR_SEASON,50.7,9,57.1,,47.6,,NO_LB_05,LB,1,,,58.6,,2027,401,,59.4,NO
REGULAR_SEASON,39.2,14,35.5,,42.2,,P100284_LB,LB,1,,,43.4,,2027,623,,46.4,NO
REGULAR_SEASON,56.8,17,60.9,,,,NO_CB_02,CB,1,,,59.0,,2027,828,,63.5,NO
REGULAR_SEASON,64.2,17,65.5,,,,NO_CB_05,CB,1,,,65.6,,2027,867,,68.3,NO
REGULAR_SEASON,58.0,17,54.2,,,,P100044_CB,CB,1,,,56.0,,2027,871,,60.4,NO
REGULAR_SEASON,70.9,17,72.4,,,,NO_S_01,S,1,,,68.1,,2027,877,,69.0,NO
REGULAR_SEASON,,7,56.8,,,,SF_K_02,K,1,,,,,2027,42,60.4,,NO
REGULAR_SEASON,,5,59.1,,,58.9,BUF_QB_02,QB,0,,,,55.7,2027,318,,,ATL
REGULAR_SEASON,,15,74.0,,,,ATL_WR_04,WR,1,73.5,63.8,,,2027,653,,,ATL
REGULAR_SEASON,,14,76.7,72.5,,,DET_OG_01,OG,1,,79.5,,,2027,937,,,TEN
REGULAR_SEASON,59.3,6,62.6,,,,TEN_CB_04,CB,0,,,66.2,,2027,274,,67.1,TEN
REGULAR_SEASON,,15,74.9,,67.5,,LV_EDGE_04,EDGE,1,,,70.8,,2027,651,,70.7,LV
REGULAR_SEASON,,3,80.8,,73.7,,LV_DT_05,DT,0,,,72.0,,2027,107,,75.0,LV
REGULAR_SEASON,59.5,3,68.9,,,,BAL_S_04,S,0,,,77.6,,2027,156,,55.1,LV
REGULAR_SEASON,,3,63.0,57.9,,,MIA_OT_04,OT,0,,72.7,,,2027,207,,,MIN
REGULAR_SEASON,,12,59.6,,58.7,,TEN_DT_04,DT,1,,,61.1,,2027,452,,60.1,MIN
REGULAR_SEASON,,5,61.7,,,,LAR_WR_05,WR,0,57.3,54.8,,,2027,229,,,LAR
REGULAR_SEASON,,16,71.5,,70.6,,PHI_EDGE_02,EDGE,1,,,70.4,,2027,695,,61.1,LAR
REGULAR_SEASON,,13,63.1,,60.2,,LAR_DT_03,DT,1,,,60.7,,2027,446,,60.8,LAR
REGULAR_SEASON,,16,70.2,64.6,,,WAS_RB_02,RB,1,69.5,,,73.2,2027,356,,,WAS
REGULAR_SEASON,,16,56.5,,54.2,,P100021_EDGE,EDGE,1,,,61.3,,2027,667,,58.8,WAS
REGULAR_SEASON,,16,73.2,,,,KC_WR_01,WR,1,70.3,69.4,,,2027,719,,,DET
REGULAR_SEASON,,4,86.2,71.5,,,TB_OT_01,OT,0,,78.9,,,2027,273,,,DET
REGULAR_SEASON,57.5,1,61.1,,51.7,,KC_LB_01,LB,0,,,64.6,,2027,46,,53.9,DET
REGULAR_SEASON,,6,57.4,,,,P100245_WR,WR,0,58.5,51.9,,,2027,276,,,PHI
REGULAR_SEASON,51.5,14,50.8,,,,PHI_CB_06,CB,1,,,58.1,,2027,678,,53.6,PHI
REGULAR_SEASON,,17,59.1,,,59.9,KC_QB_02,QB,1,,,,65.8,2027,1083,,,CHI
REGULAR_SEASON,,16,60.1,62.2,,,CHI_RB_03,RB,1,54.1,,,59.5,2027,513,,,CHI
REGULAR_SEASON,,17,40.2,45.4,,,MIN_RB_04,RB,1,42.6,,,47.0,2027,372,,,CHI
REGULAR_SEASON,,17,77.3,,,,CHI_WR_03,WR,1,75.5,70.3,,,2027,730,,,CHI
REGULAR_SEASON,,17,51.3,,,,CHI_WR_06,WR,1,58.8,52.9,,,2027,757,,,CHI
REGULAR_SEASON,,17,68.2,61.4,,,CHI_TE_01,TE,1,67.8,64.4,,,2027,679,,,CHI
REGULAR_SEASON,,16,62.8,60.3,,,CHI_TE_03,TE,1,61.8,63.1,,,2027,604,,,CHI
REGULAR_SEASON,,15,63.6,63.8,,,CHI_OT_02,OT,1,,62.1,,,2027,1006,,,CHI
REGULAR_SEASON,,15,52.7,52.4,,,SEA_OT_05,OT,1,,55.0,,,2027,997,,,CHI
REGULAR_SEASON,,17,83.6,78.5,,,CAR_OG_02,OG,1,,77.0,,,2027,1124,,,CHI
REGULAR_SEASON,,17,90.3,85.7,,,IND_OG_01,OG,1,,79.6,,,2027,1108,,,CHI
REGULAR_SEASON,,17,64.9,63.3,,,TB_C_01,C,1,,62.4,,,2027,1106,,,CHI
REGULAR_SEASON,,17,69.1,,61.9,,LAR_EDGE_01,EDGE,1,,,67.0,,2027,766,,66.1,CHI
REGULAR_SEASON,,4,82.9,,75.5,,CHI_EDGE_01,EDGE,0,,,73.8,,2027,188,,76.7,CHI
REGULAR_SEASON,,16,67.3,,65.1,,WAS_EDGE_06,EDGE,1,,,62.5,,2027,731,,63.5,CHI
REGULAR_SEASON,,17,52.3,,56.6,,CHI_EDGE_04,EDGE,1,,,52.7,,2027,753,,57.6,CHI
REGULAR_SEASON,,17,69.0,,62.7,,CHI_DT_02,DT,1,,,71.9,,2027,662,,69.3,CHI
REGULAR_SEASON,,13,76.5,,76.4,,CHI_DT_03,DT,1,,,74.2,,2027,527,,67.2,CHI
REGULAR_SEASON,,17,45.5,,51.2,,CHI_DT_04,DT,1,,,44.4,,2027,633,,54.6,CHI
REGULAR_SEASON,66.7,17,67.5,,66.9,,WAS_LB_02,LB,1,,,64.0,,2027,765,,66.1,CHI
REGULAR_SEASON,63.4,17,65.7,,68.2,,CHI_LB_02,LB,1,,,65.6,,2027,757,,63.9,CHI
REGULAR_SEASON,60.0,13,62.7,,63.1,,ATL_LB_04,LB,1,,,59.3,,2027,585,,62.8,CHI
REGULAR_SEASON,63.6,17,61.8,,,,CHI_CB_01,CB,1,,,62.3,,2027,821,,64.4,CHI
REGULAR_SEASON,68.0,17,68.0,,,,CHI_CB_02,CB,1,,,63.3,,2027,848,,67.0,CHI
REGULAR_SEASON,65.8,15,68.2,,,,P100291_CB,CB,1,,,62.2,,2027,743,,72.3,CHI
REGULAR_SEASON,48.7,17,49.3,,,,CHI_S_04,S,1,,,51.1,,2027,877,,55.5,CHI
REGULAR_SEASON,51.7,17,53.1,,,,P100178_S,S,1,,,57.0,,2027,885,,51.8,CHI
REGULAR_SEASON,66.8,13,70.3,,,,CHI_S_03,S,1,,,69.2,,2027,654,,63.6,CHI
REGULAR_SEASON,,17,61.0,,,,PIT_K_01,K,1,,,,,2027,102,53.3,,CHI
REGULAR_SEASON,,13,61.1,,,,CHI_P_01,P,1,,,,,2027,65,66.1,,CHI
REGULAR_SEASON,,15,81.2,,78.1,,KC_DT_02,DT,1,,,72.3,,2027,564,,72.5,KC
REGULAR_SEASON,,6,68.9,,63.1,,CIN_DT_04,DT,0,,,67.4,,2027,232,,73.1,KC
REGULAR_SEASON,,16,57.5,,63.0,,NE_EDGE_04,EDGE,1,,,57.0,,2027,709,,59.3,NE
REGULAR_SEASON,,8,76.7,,74.7,,ATL_DT_04,DT,1,,,67.4,,2027,322,,76.9,NE
REGULAR_SEASON,,16,71.9,,68.2,,CLE_DT_01,DT,1,,,76.4,,2027,610,,67.9,CLE
REGULAR_SEASON,60.4,9,65.8,,,,DET_CB_04,CB,1,,,65.9,,2027,461,,58.2,CLE
REGULAR_SEASON,,17,70.4,,,64.5,HOU_QB_01,QB,1,,,,69.0,2027,1078,,,HOU
REGULAR_SEASON,,17,62.6,61.0,,,NYJ_RB_03,RB,1,63.0,,,62.5,2027,550,,,HOU
REGULAR_SEASON,,17,60.5,62.7,,,P100080_RB,RB,1,65.2,,,62.9,2027,365,,,HOU
REGULAR_SEASON,,5,79.4,,,,PHI_WR_02,WR,0,84.0,78.3,,,2027,220,,,HOU
REGULAR_SEASON,,11,69.3,,,,P100295_WR,WR,1,70.6,62.2,,,2027,478,,,HOU
REGULAR_SEASON,,17,52.0,,,,P100010_WR,WR,1,58.1,56.6,,,2027,721,,,HOU
REGULAR_SEASON,,15,53.9,,,,HOU_WR_06,WR,1,54.9,52.3,,,2027,670,,,HOU
REGULAR_SEASON,,17,87.3,80.8,,,BAL_TE_01,TE,1,83.6,75.7,,,2027,689,,,HOU
REGULAR_SEASON,,15,59.1,58.2,,,HOU_TE_03,TE,1,58.7,58.1,,,2027,573,,,HOU
REGULAR_SEASON,,17,61.6,56.0,,,JAX_OT_01,OT,1,,64.5,,,2027,1116,,,HOU
REGULAR_SEASON,,17,56.3,62.1,,,HOU_OT_04,OT,1,,55.4,,,2027,1105,,,HOU
REGULAR_SEASON,,17,57.9,58.3,,,LV_OG_02,OG,1,,59.9,,,2027,1112,,,HOU
REGULAR_SEASON,,17,55.4,58.9,,,NYJ_OG_02,OG,1,,59.8,,,2027,1107,,,HOU
REGULAR_SEASON,,16,77.2,,70.9,,NE_EDGE_01,EDGE,1,,,77.0,,2027,685,,70.8,HOU
REGULAR_SEASON,,17,74.9,,71.1,,LV_EDGE_01,EDGE,1,,,68.4,,2027,734,,72.1,HOU
REGULAR_SEASON,,14,52.9,,54.6,,HOU_EDGE_02,EDGE,1,,,60.9,,2027,605,,49.8,HOU
REGULAR_SEASON,,16,59.2,,59.8,,HOU_EDGE_05,EDGE,1,,,63.9,,2027,698,,58.0,HOU
REGULAR_SEASON,,17,57.5,,57.1,,HOU_DT_01,DT,1,,,59.3,,2027,632,,57.1,HOU
REGULAR_SEASON,,17,59.0,,58.1,,HOU_DT_02,DT,1,,,55.4,,2027,653,,53.7,HOU
REGULAR_SEASON,,15,55.5,,56.7,,HOU_DT_05,DT,1,,,53.3,,2027,553,,57.8,HOU
REGULAR_SEASON,71.0,17,80.6,,74.0,,NYG_LB_01,LB,1,,,72.4,,2027,770,,72.2,HOU
REGULAR_SEASON,57.8,17,55.1,,58.2,,HOU_LB_02,LB,1,,,55.6,,2027,772,,59.3,HOU
REGULAR_SEASON,71.3,16,79.0,,,,SF_CB_01,CB,1,,,76.1,,2027,772,,72.3,HOU
REGULAR_SEASON,58.5,17,66.2,,,,TB_CB_02,CB,1,,,68.6,,2027,832,,65.6,HOU
REGULAR_SEASON,59.1,13,55.7,,,,KC_CB_05,CB,1,,,55.7,,2027,623,,56.4,HOU
REGULAR_SEASON,65.9,17,72.5,,,,MIA_S_02,S,1,,,76.6,,2027,869,,67.5,HOU
REGULAR_SEASON,58.1,17,58.8,,,,HOU_S_04,S,1,,,54.3,,2027,868,,58.1,HOU
REGULAR_SEASON,62.5,16,60.4,,,,HOU_S_02,S,1,,,63.9,,2027,816,,61.1,HOU
REGULAR_SEASON,,12,52.9,,,,HOU_K_01,K,1,,,,,2027,72,59.2,,HOU
REGULAR_SEASON,,14,65.4,,,,HOU_P_01,P,1,,,,,2027,70,61.9,,HOU
REGULAR_SEASON,,17,71.2,67.1,,,TB_RB_01,RB,1,69.1,,,68.6,2027,459,,,TB
REGULAR_SEASON,,17,62.1,61.4,,,TB_RB_02,RB,1,56.2,,,60.1,2027,352,,,TB
REGULAR_SEASON,,17,52.1,54.7,,,LAR_RB_04,RB,1,59.6,,,53.8,2027,259,,,TB
REGULAR_SEASON,,12,65.5,,,,HOU_WR_01,WR,1,64.7,66.8,,,2027,523,,,TB
REGULAR_SEASON,,12,59.1,,,,TB_WR_06,WR,1,59.2,56.6,,,2027,513,,,TB
REGULAR_SEASON,,17,49.4,,,,TB_WR_04,WR,1,47.6,54.0,,,2027,747,,,TB
REGULAR_SEASON,,17,58.6,,,,TB_WR_05,WR,1,65.5,58.5,,,2027,753,,,TB
REGULAR_SEASON,,13,60.9,61.0,,,TB_TE_01,TE,1,61.6,63.7,,,2027,526,,,TB
REGULAR_SEASON,,17,58.4,58.7,,,NO_TE_01,TE,1,66.6,58.0,,,2027,652,,,TB
REGULAR_SEASON,,17,89.1,84.7,,,TB_OT_02,OT,1,,83.9,,,2027,1119,,,TB
REGULAR_SEASON,,16,54.5,58.0,,,ARI_OT_02,OT,1,,59.2,,,2027,1080,,,TB
REGULAR_SEASON,,14,76.0,71.2,,,DAL_OG_01,OG,1,,61.7,,,2027,915,,,TB
REGULAR_SEASON,,17,49.0,49.0,,,KC_OG_02,OG,1,,44.4,,,2027,1138,,,TB
REGULAR_SEASON,,12,69.9,67.6,,,TB_C_02,C,1,,71.8,,,2027,797,,,TB
REGULAR_SEASON,,17,68.4,,70.6,,P100095_EDGE,EDGE,1,,,67.8,,2027,748,,67.8,TB
REGULAR_SEASON,,17,63.6,,62.5,,TB_EDGE_05,EDGE,1,,,60.0,,2027,756,,62.3,TB
REGULAR_SEASON,,14,90.6,,81.9,,TB_DT_02,DT,1,,,84.7,,2027,507,,80.7,TB
REGULAR_SEASON,,17,60.3,,59.3,,NO_DT_01,DT,1,,,61.3,,2027,634,,63.8,TB
REGULAR_SEASON,,10,65.1,,64.3,,SF_DT_03,DT,1,,,69.8,,2027,384,,66.1,TB
REGULAR_SEASON,66.1,17,62.9,,63.8,,TB_LB_02,LB,1,,,59.8,,2027,772,,64.0,TB
REGULAR_SEASON,60.7,17,65.2,,61.5,,TB_LB_05,LB,1,,,64.1,,2027,782,,65.2,TB
REGULAR_SEASON,63.1,16,55.9,,56.0,,TB_LB_01,LB,1,,,61.1,,2027,731,,56.9,TB
REGULAR_SEASON,83.8,17,90.3,,,,TB_CB_03,CB,1,,,88.6,,2027,828,,85.9,TB
REGULAR_SEASON,73.7,17,74.5,,,,TB_CB_01,CB,1,,,75.0,,2027,861,,68.1,TB
REGULAR_SEASON,78.6,17,81.4,,,,CLE_S_02,S,1,,,69.9,,2027,857,,75.8,TB
REGULAR_SEASON,73.1,17,73.4,,,,BAL_S_03,S,1,,,74.6,,2027,914,,74.1,TB
REGULAR_SEASON,62.8,17,52.2,,,,TB_S_03,S,1,,,62.3,,2027,863,,53.6,TB
REGULAR_SEASON,,17,63.8,,,,JAX_K_01,K,1,,,,,2027,102,63.4,,TB
REGULAR_SEASON,,17,62.2,,,,LAR_P_01,P,1,,,,,2027,85,64.2,,TB
REGULAR_SEASON,,17,67.3,,,64.6,PIT_QB_02,QB,1,,,,66.4,2027,1086,,,SF
REGULAR_SEASON,,12,73.9,71.4,,,DAL_RB_03,RB,1,74.1,,,66.4,2027,323,,,SF
REGULAR_SEASON,,17,60.3,63.7,,,SF_RB_03,RB,1,57.8,,,58.4,2027,376,,,SF
REGULAR_SEASON,,17,62.0,63.5,,,TEN_RB_04,RB,1,62.0,,,58.5,2027,299,,,SF
REGULAR_SEASON,,17,66.3,,,,SF_WR_01,WR,1,59.4,73.1,,,2027,729,,,SF
REGULAR_SEASON,,17,65.2,,,,SF_WR_02,WR,1,70.4,62.7,,,2027,741,,,SF
REGULAR_SEASON,,17,61.1,,,,SF_WR_04,WR,1,63.5,62.0,,,2027,768,,,SF
REGULAR_SEASON,,17,47.9,,,,SF_WR_05,WR,1,50.0,48.0,,,2027,713,,,SF
REGULAR_SEASON,,17,66.1,64.4,,,SF_TE_01,TE,1,66.0,62.8,,,2027,670,,,SF
REGULAR_SEASON,,17,63.8,56.3,,,TEN_TE_01,TE,1,69.2,62.7,,,2027,657,,,SF
REGULAR_SEASON,,17,75.5,74.5,,,SF_OT_02,OT,1,,74.7,,,2027,1104,,,SF
REGULAR_SEASON,,1,68.2,75.8,,,TEN_OT_04,OT,0,,62.6,,,2027,62,,,SF
REGULAR_SEASON,,17,75.8,69.3,,,SF_OG_02,OG,1,,70.3,,,2027,1106,,,SF
REGULAR_SEASON,,16,70.4,65.1,,,SF_C_01,C,1,,66.8,,,2027,1046,,,SF
REGULAR_SEASON,,17,73.4,,72.5,,SF_EDGE_02,EDGE,1,,,67.8,,2027,741,,67.6,SF
REGULAR_SEASON,,17,55.2,,62.8,,SF_EDGE_03,EDGE,1,,,58.4,,2027,728,,61.0,SF
REGULAR_SEASON,,17,53.1,,52.5,,SF_EDGE_05,EDGE,1,,,56.2,,2027,769,,52.8,SF
REGULAR_SEASON,,16,58.2,,55.1,,SF_DT_01,DT,1,,,61.9,,2027,592,,58.0,SF
REGULAR_SEASON,,14,79.4,,74.0,,P100246_DT,DT,1,,,72.3,,2027,527,,77.0,SF
REGULAR_SEASON,,5,48.0,,55.3,,P100156_DT,DT,0,,,45.3,,2027,185,,60.6,SF
REGULAR_SEASON,70.7,16,68.0,,68.5,,SF_LB_02,LB,1,,,63.3,,2027,729,,67.3,SF
REGULAR_SEASON,69.1,17,66.4,,63.0,,TEN_LB_02,LB,1,,,59.5,,2027,794,,65.7,SF
REGULAR_SEASON,56.1,17,56.8,,58.8,,P100213_LB,LB,1,,,58.8,,2027,793,,56.4,SF
REGULAR_SEASON,72.1,12,78.0,,,,SF_CB_03,CB,1,,,72.7,,2027,581,,75.2,SF
REGULAR_SEASON,58.9,17,63.2,,,,P100068_CB,CB,1,,,58.3,,2027,866,,59.6,SF
REGULAR_SEASON,56.6,17,53.3,,,,SF_CB_05,CB,1,,,57.9,,2027,832,,55.2,SF
REGULAR_SEASON,75.4,17,79.5,,,,SF_S_01,S,1,,,73.5,,2027,892,,70.4,SF
REGULAR_SEASON,66.3,14,74.9,,,,SF_S_02,S,1,,,71.8,,2027,709,,68.9,SF
REGULAR_SEASON,61.2,15,58.8,,,,NO_S_04,S,1,,,55.5,,2027,763,,56.8,SF
REGULAR_SEASON,,17,70.1,,,,PIT_P_01,P,1,,,,,2027,85,69.9,,SF
REGULAR_SEASON,,9,85.8,80.7,,,ARI_C_01,C,1,,79.1,,,2027,582,,,ARI
REGULAR_SEASON,,16,66.8,,65.1,,ARI_DT_01,DT,1,,,65.2,,2027,620,,63.9,ARI
REGULAR_SEASON,,10,62.9,,65.3,,BUF_DT_02,DT,1,,,65.8,,2027,365,,57.0,BUF
REGULAR_SEASON,64.6,14,70.9,,71.8,,BUF_LB_01,LB,1,,,67.6,,2027,661,,66.1,BUF
REGULAR_SEASON,50.3,16,45.3,,,,P100190_CB,CB,1,,,49.7,,2027,825,,48.5,BUF
REGULAR_SEASON,,17,65.2,,,62.7,JAX_QB_01,QB,1,,,,59.5,2027,1054,,,JAX
REGULAR_SEASON,,17,59.0,59.5,,,LAC_RB_01,RB,1,61.3,,,56.6,2027,546,,,JAX
REGULAR_SEASON,,17,57.7,58.1,,,P100139_RB,RB,1,64.4,,,58.7,2027,360,,,JAX
REGULAR_SEASON,,17,90.9,,,,CAR_WR_01,WR,1,81.0,84.5,,,2027,718,,,JAX
REGULAR_SEASON,,17,67.7,,,,WAS_WR_03,WR,1,62.8,67.0,,,2027,743,,,JAX
REGULAR_SEASON,,17,67.7,,,,FA_WR_005,WR,1,70.8,67.7,,,2027,729,,,JAX
REGULAR_SEASON,,17,60.2,,,,P100140_WR,WR,1,60.7,57.7,,,2027,734,,,JAX
REGULAR_SEASON,,17,87.3,82.1,,,JAX_OT_02,OT,1,,75.5,,,2027,1131,,,JAX
REGULAR_SEASON,,17,70.6,64.3,,,JAX_OG_01,OG,1,,66.1,,,2027,1132,,,JAX
REGULAR_SEASON,,11,55.1,52.6,,,JAX_C_02,C,1,,50.2,,,2027,729,,,JAX
REGULAR_SEASON,,17,75.2,,68.0,,JAX_EDGE_02,EDGE,1,,,71.7,,2027,761,,68.5,JAX
REGULAR_SEASON,,17,72.5,,75.4,,SEA_EDGE_01,EDGE,1,,,70.8,,2027,749,,68.0,JAX
REGULAR_SEASON,,17,55.9,,55.9,,PIT_EDGE_04,EDGE,1,,,52.6,,2027,754,,53.0,JAX
REGULAR_SEASON,,3,60.6,,58.2,,LAC_EDGE_02,EDGE,0,,,48.4,,2027,148,,68.5,JAX
REGULAR_SEASON,,17,78.0,,72.9,,CIN_DT_02,DT,1,,,71.2,,2027,658,,77.6,JAX
REGULAR_SEASON,,17,75.9,,71.9,,JAX_DT_01,DT,1,,,66.5,,2027,655,,74.5,JAX
REGULAR_SEASON,,17,69.8,,71.7,,JAX_DT_05,DT,1,,,66.0,,2027,623,,71.2,JAX
REGULAR_SEASON,72.7,17,70.4,,64.4,,JAX_LB_01,LB,1,,,65.3,,2027,758,,67.0,JAX
REGULAR_SEASON,55.8,17,56.2,,61.9,,JAX_LB_03,LB,1,,,62.7,,2027,777,,57.2,JAX
REGULAR_SEASON,73.0,17,72.9,,66.6,,JAX_LB_04,LB,1,,,75.1,,2027,772,,68.7,JAX
REGULAR_SEASON,72.0,17,79.1,,,,JAX_CB_02,CB,1,,,76.9,,2027,852,,77.6,JAX
REGULAR_SEASON,68.9,9,58.9,,,,P100073_CB,CB,1,,,62.6,,2027,461,,53.7,JAX
REGULAR_SEASON,50.9,17,48.8,,,,P100008_CB,CB,1,,,49.9,,2027,832,,57.2,JAX
REGULAR_SEASON,47.0,15,43.1,,,,P100085_CB,CB,1,,,53.7,,2027,736,,49.0,JAX
REGULAR_SEASON,54.8,17,56.9,,,,JAX_S_03,S,1,,,55.1,,2027,883,,61.2,JAX
REGULAR_SEASON,53.0,17,53.1,,,,JAX_S_04,S,1,,,49.0,,2027,899,,60.9,JAX
REGULAR_SEASON,,17,56.9,,,,IND_K_01,K,1,,,,,2027,102,60.3,,JAX
REGULAR_SEASON,77.8,11,84.9,,,,PIT_CB_03,CB,1,,,79.5,,2027,543,,81.7,PIT
REGULAR_SEASON,,15,72.1,68.1,,,CAR_OT_02,OT,1,,69.8,,,2027,984,,,CAR
REGULAR_SEASON,,4,72.6,62.2,,,CAR_C_02,C,0,,67.0,,,2027,255,,,CAR
REGULAR_SEASON,61.4,16,67.7,,62.0,,SEA_LB_04,LB,1,,,64.0,,2027,731,,65.8,SEA
REGULAR_SEASON,70.7,16,73.4,,,,SEA_CB_05,CB,1,,,67.4,,2027,782,,73.7,SEA
REGULAR_SEASON,,15,82.4,,79.1,,GB_DT_01,DT,1,,,81.3,,2027,575,,81.5,GB
REGULAR_SEASON,,14,53.5,59.1,,,NYG_OT_03,OT,1,,56.1,,,2027,900,,,NYG
REGULAR_SEASON,,5,41.2,,48.6,,NYG_DT_02,DT,0,,,48.5,,2027,180,,46.6,NYG
REGULAR_SEASON,65.5,14,71.9,,71.5,,PIT_LB_02,LB,1,,,67.9,,2027,637,,73.6,NYG
REGULAR_SEASON,,3,45.6,,,,CAR_K_02,K,0,,,,,2027,18,50.8,,NYG
REGULAR_SEASON,,2,51.6,43.4,,,LAC_OG_04,OG,0,,41.1,,,2027,130,,,LAC
REGULAR_SEASON,,15,75.9,,67.7,,WAS_EDGE_02,EDGE,1,,,69.0,,2027,629,,72.9,LAC
REGULAR_SEASON,,11,62.5,,62.2,,P100221_EDGE,EDGE,1,,,66.2,,2027,475,,61.3,LAC
REGULAR_SEASON,62.1,5,66.3,,62.1,,LAC_LB_05,LB,0,,,65.9,,2027,231,,68.8,LAC
REGULAR_SEASON,,4,55.7,,,,CIN_WR_06,WR,0,53.8,59.5,,,2027,180,,,CIN
REGULAR_SEASON,,15,58.7,56.2,,,P100227_OT,OT,1,,64.9,,,2027,978,,,CIN
REGULAR_SEASON,65.1,15,62.8,,59.9,,ATL_LB_02,LB,1,,,61.6,,2027,702,,63.0,CIN
REGULAR_SEASON,,9,78.2,,,,ATL_WR_02,WR,1,70.4,76.3,,,2027,390,,,TEN
REGULAR_SEASON,,3,58.0,,60.9,,P100039_DT,DT,0,,,60.6,,2027,118,,58.0,DEN
REGULAR_SEASON,,13,72.0,,68.6,,LV_EDGE_02,EDGE,1,,,69.6,,2027,544,,66.7,LV
REGULAR_SEASON,66.6,7,65.6,,,,P100282_CB,CB,1,,,79.8,,2027,353,,78.7,LV
REGULAR_SEASON,,13,51.8,52.2,,,DAL_RB_01,RB,1,51.0,,,61.6,2027,534,,,DAL
REGULAR_SEASON,59.6,8,50.7,,,,P100109_S,S,1,,,58.8,,2027,415,,70.7,WAS
REGULAR_SEASON,,2,50.2,,51.1,,NYG_DT_05,DT,0,,,50.6,,2027,87,,53.7,NYG
REGULAR_SEASON,,4,63.8,,,,PHI_K_01,K,1,,,,,2027,24,64.5,,GB
REGULAR_SEASON,,16,83.7,71.8,,,SF_OT_01,OT,1,,77.4,,,2027,1040,,,SF
REGULAR_SEASON,,3,48.7,,60.1,,P100270_DT,DT,0,,,72.5,,2027,114,,51.8,SF
REGULAR_SEASON,,13,66.5,,,,IND_WR_03,WR,1,70.2,71.3,,,2027,571,,,IND
REGULAR_SEASON,59.9,4,51.1,,51.8,,P100104_LB,LB,0,,,57.5,,2027,189,,53.0,BUF
REGULAR_SEASON,76.9,13,81.6,,,,JAX_CB_06,CB,1,,,74.1,,2027,646,,80.6,ATL
REGULAR_SEASON,,2,63.0,59.9,,,P100250_OT,OT,0,,55.1,,,2027,140,,,PIT
REGULAR_SEASON,,4,63.6,,,,PIT_WR_04,WR,0,59.9,69.4,,,2027,166,,,NYJ
REGULAR_SEASON,81.1,12,80.4,,,,NYJ_S_02,S,1,,,74.3,,2027,608,,80.2,NYJ
REGULAR_SEASON,,6,52.9,51.6,,,LAR_OG_04,OG,0,,49.1,,,2027,405,,,LAR
REGULAR_SEASON,,5,60.8,,60.2,,NO_DT_04,DT,0,,,61.3,,2027,195,,64.6,NO
REGULAR_SEASON,,5,50.5,,51.5,,P100093_DT,DT,0,,,51.4,,2027,191,,50.0,NO
REGULAR_SEASON,,2,46.3,56.9,,,MIA_C_02,C,0,,54.6,,,2027,121,,,MIA
REGULAR_SEASON,,6,51.5,,55.9,,P100197_DT,DT,0,,,47.0,,2027,234,,51.5,CIN
REGULAR_SEASON,58.3,6,60.1,,59.8,,MIN_LB_01,LB,0,,,66.4,,2027,279,,71.5,CLE
REGULAR_SEASON,,14,70.0,,,,CLE_P_01,P,1,,,,,2027,70,70.7,,CLE
REGULAR_SEASON,,14,61.1,63.0,,,JAX_TE_02,TE,1,65.0,56.3,,,2027,576,,,JAX
REGULAR_SEASON,,14,80.1,,77.2,,P100011_EDGE,EDGE,1,,,77.0,,2027,622,,75.2,JAX
REGULAR_SEASON,,14,61.5,,,,JAX_P_01,P,1,,,,,2027,70,60.2,,JAX
REGULAR_SEASON,,7,61.1,,,63.8,MIN_QB_01,QB,1,,,,59.9,2027,432,,,WAS
REGULAR_SEASON,58.2,8,60.5,,,,P100063_CB,CB,1,,,59.4,,2027,400,,55.9,WAS
REGULAR_SEASON,,4,53.3,47.3,,,ATL_OT_02,OT,0,,49.7,,,2027,272,,,ATL
REGULAR_SEASON,70.6,6,71.2,,,,P100065_S,S,0,,,64.7,,2027,316,,69.4,ATL
REGULAR_SEASON,,15,73.0,,,,SF_K_01,K,1,,,,,2027,90,65.8,,SF
REGULAR_SEASON,,14,63.4,,,66.1,P100088_QB,QB,1,,,,62.5,2027,882,,,NO
REGULAR_SEASON,,7,54.3,,56.5,,TB_DT_01,DT,0,,,58.8,,2027,262,,53.4,TB
REGULAR_SEASON,72.5,13,68.8,,,,LV_CB_01,CB,1,,,77.7,,2027,653,,67.2,TB
REGULAR_SEASON,62.3,14,60.8,,59.5,,ARI_LB_01,LB,1,,,56.1,,2027,657,,59.5,ARI
REGULAR_SEASON,,7,71.7,67.5,,,DET_TE_02,TE,1,67.2,57.4,,,2027,286,,,DET
REGULAR_SEASON,,4,67.4,59.4,,,DET_C_01,C,0,,63.7,,,2027,244,,,DET
REGULAR_SEASON,,9,56.9,,60.9,,PIT_EDGE_05,EDGE,1,,,64.0,,2027,399,,57.4,PIT
REGULAR_SEASON,72.5,7,78.7,,,,IND_CB_06,CB,1,,,74.9,,2027,354,,68.0,NE
REGULAR_SEASON,,4,58.0,,50.8,,P100124_EDGE,EDGE,0,,,57.3,,2027,178,,56.0,HOU
REGULAR_SEASON,63.7,2,67.7,,,,P100175_CB,CB,0,,,83.8,,2027,99,,65.1,JAX
REGULAR_SEASON,81.8,1,77.5,,,,P100158_S,S,0,,,50.8,,2027,47,,57.1,LAC
REGULAR_SEASON,48.2,1,39.3,,40.7,,ATL_LB_03,LB,0,,,39.3,,2027,47,,40.2,ATL
REGULAR_SEASON,56.4,11,53.4,,55.4,,NE_LB_05,LB,1,,,54.1,,2027,486,,58.9,NE
REGULAR_SEASON,,14,72.3,,,,NYG_WR_03,WR,1,68.8,66.4,,,2027,618,,,HOU
REGULAR_SEASON,,5,64.8,,,,WAS_K_02,K,1,,,,,2027,30,54.3,,HOU
REGULAR_SEASON,,13,79.7,,82.3,,BAL_DT_01,DT,1,,,77.5,,2027,470,,77.2,SF
REGULAR_SEASON,,4,64.8,,57.3,,SEA_DT_03,DT,0,,,63.8,,2027,155,,72.8,SEA
REGULAR_SEASON,,4,50.1,54.6,,,CHI_OG_03,OG,0,,58.6,,,2027,260,,,DAL
REGULAR_SEASON,,1,48.0,57.9,,,CHI_OT_04,OT,0,,43.4,,,2027,66,,,CHI
REGULAR_SEASON,,1,52.9,,,,MIA_K_01,K,0,,,,,2027,6,41.4,,MIA
REGULAR_SEASON,,3,84.1,79.8,,,CIN_OT_04,OT,0,,77.2,,,2027,198,,,CHI
REGULAR_SEASON,,4,62.7,,51.6,,P100091_DT,DT,0,,,60.2,,2027,140,,63.0,CHI
REGULAR_SEASON,69.3,4,73.3,,64.4,,CHI_LB_01,LB,0,,,67.2,,2027,173,,66.5,CHI
REGULAR_SEASON,,5,74.9,72.9,,,NYG_C_01,C,0,,63.0,,,2027,318,,,TB
REGULAR_SEASON,,5,55.5,55.7,,,P100013_OG,OG,0,,47.4,,,2027,316,,,CAR
REGULAR_SEASON,,2,69.6,69.6,,,SEA_OT_03,OT,0,,48.3,,,2027,130,,,SEA
REGULAR_SEASON,,3,50.7,,62.9,,NYG_EDGE_05,EDGE,0,,,51.5,,2027,125,,66.2,NYG
REGULAR_SEASON,66.7,9,64.4,,,,MIN_S_01,S,1,,,56.4,,2027,459,,68.6,NYG
REGULAR_SEASON,,11,60.6,60.3,,,SF_OG_04,OG,1,,57.1,,,2027,735,,,SF
REGULAR_SEASON,79.8,4,81.8,,,,DAL_S_02,S,0,,,72.5,,2027,202,,82.2,SF
REGULAR_SEASON,60.4,1,84.5,,,,SF_S_04,S,0,,,91.5,,2027,52,,84.5,SF
REGULAR_SEASON,,3,73.9,,70.8,,DET_EDGE_05,EDGE,0,,,76.8,,2027,129,,66.0,DET
REGULAR_SEASON,,3,72.2,,,,TEN_WR_04,WR,0,51.7,67.3,,,2027,134,,,TEN
REGULAR_SEASON,59.9,12,60.1,,,,NYG_CB_01,CB,1,,,63.3,,2027,608,,64.9,HOU
REGULAR_SEASON,53.0,6,49.1,,,,IND_CB_05,CB,0,,,60.8,,2027,287,,64.9,IND
REGULAR_SEASON,,1,69.0,65.1,,,DEN_OT_03,OT,0,,56.4,,,2027,68,,,BUF
REGULAR_SEASON,,4,54.6,51.9,,,DAL_OG_03,OG,0,,61.0,,,2027,268,,,PIT
REGULAR_SEASON,,1,53.1,,,35.5,DET_QB_02,QB,0,,,,47.2,2027,61,,,DET
REGULAR_SEASON,,3,76.2,,76.7,,TB_DT_04,DT,0,,,76.5,,2027,116,,82.5,TB
REGULAR_SEASON,41.6,3,46.2,,,,LAR_S_03,S,0,,,58.3,,2027,158,,48.8,LAR
REGULAR_SEASON,61.6,2,62.1,,64.7,,MIA_LB_05,LB,0,,,66.6,,2027,94,,70.8,MIA
REGULAR_SEASON,,1,94.9,,92.1,,NO_EDGE_05,EDGE,0,,,76.8,,2027,36,,82.1,NO
REGULAR_SEASON,,2,79.0,68.3,,,CAR_OT_04,OT,0,,69.9,,,2027,128,,,SEA
REGULAR_SEASON,,6,79.0,,,,NYJ_WR_06,WR,0,79.1,77.3,,,2027,253,,,NYJ
REGULAR_SEASON,80.3,4,75.0,,72.2,,NYJ_LB_04,LB,0,,,78.8,,2027,180,,76.6,NYJ
REGULAR_SEASON,,1,56.8,56.3,,,CIN_OG_03,OG,0,,57.0,,,2027,64,,,CIN
REGULAR_SEASON,,6,52.8,60.9,,,JAX_C_01,C,0,,71.0,,,2027,384,,,JAX
REGULAR_SEASON,,2,66.3,63.0,,,IND_TE_02,TE,0,73.1,65.8,,,2027,79,,,HOU
REGULAR_SEASON,,7,58.8,61.4,,,IND_OT_02,OT,0,,47.9,,,2027,446,,,JAX
REGULAR_SEASON,,3,76.4,61.7,,,MIA_OT_02,OT,0,,84.3,,,2027,188,,,MIA
REGULAR_SEASON,,6,75.4,,66.7,,TB_DT_03,DT,0,,,67.9,,2027,212,,73.7,MIA
REGULAR_SEASON,,6,91.9,,,86.9,DET_QB_01,QB,1,,,,80.5,2027,385,,,TB
REGULAR_SEASON,,6,67.2,,65.7,,P100033_DT,DT,0,,,61.3,,2027,218,,69.8,DAL
REGULAR_SEASON,,6,53.0,,,,DAL_WR_05,WR,0,52.3,58.0,,,2027,272,,,DAL
REGULAR_SEASON,,5,49.2,56.6,,,DAL_C_02,C,0,,49.2,,,2027,337,,,DAL
REGULAR_SEASON,,5,54.5,54.5,,,NYG_TE_03,TE,0,57.5,57.0,,,2027,196,,,NYG
REGULAR_SEASON,67.0,5,52.8,,67.3,,HOU_LB_01,LB,0,,,58.0,,2027,215,,66.7,KC
REGULAR_SEASON,,3,66.2,72.1,,,TB_OG_03,OG,0,,53.9,,,2027,200,,,TB
REGULAR_SEASON,,2,32.9,27.2,,,P100161_OT,OT,0,,49.4,,,2027,132,,,IND
REGULAR_SEASON,,3,60.5,49.8,,,CIN_TE_02,TE,0,54.8,54.1,,,2027,115,,,CIN
REGULAR_SEASON,,3,61.9,,,,P100293_WR,WR,0,64.0,68.6,,,2027,129,,,GB
REGULAR_SEASON,,5,49.2,49.9,,,NYG_RB_02,RB,0,51.8,,,52.5,2027,73,,,SF
REGULAR_SEASON,57.3,3,54.5,,,,P100077_CB,CB,0,,,64.9,,2027,143,,48.3,MIA
REGULAR_SEASON,,4,65.4,,73.2,,LAC_DT_04,DT,0,,,67.3,,2027,158,,68.2,LAC
REGULAR_SEASON,,5,45.8,,,,P100289_WR,WR,0,46.9,56.2,,,2027,228,,,TB
REGULAR_SEASON,,4,52.6,,53.2,,P100228_DT,DT,0,,,56.6,,2027,154,,53.3,WAS
REGULAR_SEASON,,2,54.4,40.8,,,NYJ_OG_04,OG,0,,69.9,,,2027,135,,,NYJ
REGULAR_SEASON,,1,68.9,51.5,,,NE_OT_04,OT,0,,70.4,,,2027,60,,,NE
REGULAR_SEASON,73.1,2,80.1,,71.4,,HOU_LB_03,LB,0,,,75.3,,2027,86,,72.7,PIT
REGULAR_SEASON,,2,54.3,,57.5,,HOU_DT_04,DT,0,,,53.2,,2027,77,,47.6,HOU
REGULAR_SEASON,,4,62.4,,,55.5,NO_QB_01,QB,0,,,,63.7,2027,253,,,TEN
REGULAR_SEASON,95.2,1,88.3,,,,CLE_S_01,S,0,,,97.4,,2027,56,,87.6,JAX
REGULAR_SEASON,,2,46.6,,,51.6,P100269_QB,QB,0,,,,42.3,2027,131,,,NYG
REGULAR_SEASON,,2,61.3,52.0,,,P100229_OG,OG,0,,56.6,,,2027,125,,,DET
REGULAR_SEASON,,1,57.7,,,48.8,CAR_QB_02,QB,0,,,,67.4,2027,69,,,CAR
REGULAR_SEASON,,1,51.8,70.2,,,GB_OT_04,OT,0,,35.8,,,2027,69,,,TB
REGULAR_SEASON,,2,41.1,52.7,,,P100097_C,C,0,,43.3,,,2027,129,,,SEA
REGULAR_SEASON,,1,55.7,69.7,,,DET_OG_03,OG,0,,5.7,,,2027,59,,,LV
REGULAR_SEASON,,1,64.0,74.8,,,DAL_TE_02,TE,0,47.7,54.2,,,2027,43,,,DAL
REGULAR_SEASON,,1,52.6,64.8,,,WAS_OT_04,OT,0,,54.7,,,2027,65,,,WAS
REGULAR_SEASON,,2,73.4,95.3,,,BUF_OT_04,OT,0,,61.7,,,2027,121,,,BUF
REGULAR_SEASON,,1,76.6,,82.8,,CAR_DT_03,DT,0,,,71.3,,2027,40,,77.6,CAR
REGULAR_SEASON,,1,72.4,,67.3,,LAR_EDGE_02,EDGE,0,,,59.2,,2027,36,,67.7,HOU
REGULAR_SEASON,60.7,1,84.6,,,,LAC_CB_01,CB,0,,,78.0,,2027,40,,90.9,LAC
REGULAR_SEASON,,1,28.9,47.5,,,TEN_OG_02,OG,0,,33.8,,,2027,75,,,CLE
PLAYOFFS,,2,84.5,,,77.1,CIN_QB_01,QB,0,,,,69.5,2027,129,,,PIT
PLAYOFFS,,2,48.2,48.8,,,PIT_RB_01,RB,0,53.1,,,57.9,2027,87,,,PIT
PLAYOFFS,,2,68.2,,,,PIT_WR_03,WR,0,74.6,61.6,,,2027,89,,,PIT
PLAYOFFS,,2,83.9,,,,PIT_WR_06,WR,0,88.5,82.7,,,2027,88,,,PIT
PLAYOFFS,,2,59.6,,,,PIT_WR_05,WR,0,61.4,61.5,,,2027,89,,,PIT
PLAYOFFS,,2,77.2,69.1,,,PIT_TE_02,TE,0,73.9,74.3,,,2027,72,,,PIT
PLAYOFFS,,2,58.6,64.2,,,PIT_TE_03,TE,0,53.2,49.0,,,2027,78,,,PIT
PLAYOFFS,,2,72.1,87.2,,,CIN_OT_01,OT,0,,61.2,,,2027,132,,,PIT
PLAYOFFS,,2,59.4,49.5,,,P100250_OT,OT,0,,57.2,,,2027,133,,,PIT
PLAYOFFS,,2,55.1,71.5,,,PIT_OG_01,OG,0,,55.0,,,2027,128,,,PIT
PLAYOFFS,,2,80.5,73.6,,,ARI_OG_01,OG,0,,68.3,,,2027,125,,,PIT
PLAYOFFS,,2,81.3,69.3,,,PIT_C_01,C,0,,70.1,,,2027,120,,,PIT
PLAYOFFS,,2,88.7,,77.1,,CLE_EDGE_02,EDGE,0,,,98.0,,2027,85,,87.7,PIT
PLAYOFFS,,2,59.2,,42.8,,PIT_EDGE_05,EDGE,0,,,65.2,,2027,81,,46.7,PIT
PLAYOFFS,,2,50.6,,50.0,,CIN_EDGE_02,EDGE,0,,,65.6,,2027,83,,46.7,PIT
PLAYOFFS,,2,66.9,,69.6,,P100135_DT,DT,0,,,55.9,,2027,76,,58.4,PIT
PLAYOFFS,67.4,2,74.3,,68.1,,PIT_LB_04,LB,0,,,68.3,,2027,93,,72.2,PIT
PLAYOFFS,60.6,2,66.8,,49.6,,LAC_LB_01,LB,0,,,77.1,,2027,101,,69.3,PIT
PLAYOFFS,64.8,2,65.6,,58.5,,MIN_LB_03,LB,0,,,71.8,,2027,98,,58.2,PIT
PLAYOFFS,46.9,2,58.6,,,,PIT_CB_03,CB,0,,,74.0,,2027,104,,72.2,PIT
PLAYOFFS,71.5,2,81.5,,,,PIT_CB_02,CB,0,,,71.4,,2027,95,,72.4,PIT
PLAYOFFS,48.6,2,46.3,,,,NO_CB_01,CB,0,,,58.3,,2027,104,,64.3,PIT
PLAYOFFS,82.4,2,93.2,,,,PIT_CB_05,CB,0,,,78.6,,2027,90,,81.1,PIT
PLAYOFFS,82.6,2,91.4,,,,PIT_S_02,S,0,,,91.5,,2027,111,,84.5,PIT
PLAYOFFS,70.9,2,72.1,,,,PIT_S_03,S,0,,,81.8,,2027,105,,78.9,PIT
PLAYOFFS,50.9,2,57.1,,,,PIT_S_04,S,0,,,62.4,,2027,114,,45.1,PIT
PLAYOFFS,,2,91.2,,,,LV_P_01,P,0,,,,,2027,10,90.7,,PIT
PLAYOFFS,,1,83.5,,,91.5,LV_QB_01,QB,0,,,,92.5,2027,64,,,LV
PLAYOFFS,,1,67.8,80.9,,,LV_RB_01,RB,0,60.4,,,72.8,2027,31,,,LV
PLAYOFFS,,1,81.4,85.0,,,ARI_RB_02,RB,0,77.8,,,85.6,2027,18,,,LV
PLAYOFFS,,1,83.5,79.7,,,SF_RB_04,RB,0,66.5,,,74.6,2027,13,,,LV
PLAYOFFS,,1,76.1,,,,LV_WR_01,WR,0,72.9,66.5,,,2027,50,,,LV
PLAYOFFS,,1,52.4,,,,BAL_WR_02,WR,0,77.4,30.1,,,2027,53,,,LV
PLAYOFFS,,1,30.8,,,,LV_WR_04,WR,0,22.9,19.0,,,2027,35,,,LV
PLAYOFFS,,1,47.4,59.6,,,P100219_TE,TE,0,62.3,45.3,,,2027,39,,,LV
PLAYOFFS,,1,29.7,25.7,,,P100212_TE,TE,0,41.0,28.7,,,2027,38,,,LV
PLAYOFFS,,1,80.4,73.4,,,LV_OT_02,OT,0,,72.6,,,2027,65,,,LV
PLAYOFFS,,1,47.0,81.8,,,KC_OT_05,OT,0,,30.7,,,2027,60,,,LV
PLAYOFFS,,1,88.2,85.5,,,LV_OG_01,OG,0,,95.0,,,2027,66,,,LV
PLAYOFFS,,1,42.9,56.9,,,DET_OG_03,OG,0,,52.6,,,2027,72,,,LV
PLAYOFFS,,1,77.4,65.3,,,LV_C_01,C,0,,88.2,,,2027,66,,,LV
PLAYOFFS,,1,58.5,,75.9,,LV_EDGE_04,EDGE,0,,,66.9,,2027,41,,43.8,LV
PLAYOFFS,,1,64.8,,45.0,,LV_EDGE_02,EDGE,0,,,73.9,,2027,46,,81.7,LV
PLAYOFFS,,1,50.0,,52.9,,KC_EDGE_04,EDGE,0,,,68.6,,2027,38,,74.0,LV
PLAYOFFS,,1,69.9,,69.6,,LV_DT_01,DT,0,,,74.2,,2027,36,,91.2,LV
PLAYOFFS,,1,63.2,,88.1,,LV_DT_03,DT,0,,,66.3,,2027,35,,56.7,LV
PLAYOFFS,,1,87.8,,72.6,,LV_DT_05,DT,0,,,60.3,,2027,32,,95.0,LV
PLAYOFFS,74.3,1,72.6,,63.6,,PIT_LB_01,LB,0,,,78.6,,2027,44,,81.0,LV
PLAYOFFS,68.9,1,57.3,,49.2,,LV_LB_02,LB,0,,,65.4,,2027,44,,73.2,LV
PLAYOFFS,58.4,1,54.9,,61.6,,LV_LB_05,LB,0,,,44.9,,2027,39,,67.0,LV
PLAYOFFS,31.1,1,34.5,,,,LV_CB_03,CB,0,,,32.0,,2027,43,,54.5,LV
PLAYOFFS,86.0,1,76.0,,,,PHI_CB_01,CB,0,,,74.5,,2027,44,,61.7,LV
PLAYOFFS,81.0,1,58.3,,,,LV_CB_04,CB,0,,,50.2,,2027,49,,52.4,LV
PLAYOFFS,47.8,1,64.3,,,,LV_S_01,S,0,,,67.3,,2027,50,,64.0,LV
PLAYOFFS,51.9,1,82.0,,,,LAC_S_04,S,0,,,89.4,,2027,50,,42.1,LV
PLAYOFFS,86.9,1,76.3,,,,LV_S_04,S,0,,,89.6,,2027,46,,64.3,LV
PLAYOFFS,,1,57.1,,,,LV_K_01,K,0,,,,,2027,6,30.2,,LV
PLAYOFFS,,1,67.4,,,,CAR_P_01,P,0,,,,,2027,5,38.5,,LV
PLAYOFFS,,3,60.2,,,64.1,LAC_QB_02,QB,0,,,,52.7,2027,195,,,NYJ
PLAYOFFS,,3,70.3,69.5,,,P100035_RB,RB,0,55.6,,,62.8,2027,79,,,NYJ
PLAYOFFS,,3,84.4,59.6,,,CIN_RB_02,RB,0,76.7,,,84.2,2027,52,,,NYJ
PLAYOFFS,,3,82.8,,,,NYJ_WR_02,WR,0,64.3,84.0,,,2027,136,,,NYJ
PLAYOFFS,,3,92.4,,,,NYJ_WR_03,WR,0,76.1,84.5,,,2027,134,,,NYJ
PLAYOFFS,,3,71.0,,,,JAX_WR_03,WR,0,66.0,64.5,,,2027,138,,,NYJ
PLAYOFFS,,3,66.6,,,,ARI_WR_01,WR,0,65.2,64.5,,,2027,132,,,NYJ
PLAYOFFS,,3,50.6,54.8,,,DEN_TE_01,TE,0,36.8,53.9,,,2027,119,,,NYJ
PLAYOFFS,,3,81.1,76.3,,,NE_TE_01,TE,0,73.9,76.0,,,2027,122,,,NYJ
PLAYOFFS,,3,55.5,59.9,,,NYJ_OT_01,OT,0,,58.3,,,2027,192,,,NYJ
PLAYOFFS,,3,51.0,59.0,,,HOU_OT_01,OT,0,,53.2,,,2027,178,,,NYJ
PLAYOFFS,,3,72.0,57.9,,,BAL_OG_02,OG,0,,73.2,,,2027,192,,,NYJ
PLAYOFFS,,3,71.5,73.8,,,NYJ_OG_04,OG,0,,70.4,,,2027,202,,,NYJ
PLAYOFFS,,3,67.5,67.9,,,P100300_C,C,0,,76.1,,,2027,192,,,NYJ
PLAYOFFS,,3,57.2,,77.9,,NYJ_EDGE_01,EDGE,0,,,50.9,,2027,133,,62.8,NYJ
PLAYOFFS,,3,61.5,,52.8,,JAX_EDGE_01,EDGE,0,,,52.4,,2027,125,,52.3,NYJ
PLAYOFFS,,3,52.1,,48.1,,NYJ_EDGE_05,EDGE,0,,,59.7,,2027,128,,50.5,NYJ
PLAYOFFS,,3,74.6,,65.9,,CHI_DT_01,DT,0,,,73.7,,2027,125,,55.9,NYJ
PLAYOFFS,,3,38.9,,26.2,,NYJ_DT_05,DT,0,,,55.5,,2027,108,,41.9,NYJ
PLAYOFFS,,3,24.8,,45.0,,NYJ_DT_04,DT,0,,,37.9,,2027,119,,31.3,NYJ
PLAYOFFS,55.2,3,61.3,,71.6,,NYG_LB_02,LB,0,,,59.2,,2027,145,,63.3,NYJ
PLAYOFFS,69.0,3,65.9,,64.8,,CAR_LB_04,LB,0,,,58.0,,2027,133,,51.9,NYJ
PLAYOFFS,48.1,3,52.6,,54.5,,NYJ_LB_02,LB,0,,,49.2,,2027,141,,37.2,NYJ
PLAYOFFS,74.6,3,73.0,,,,JAX_CB_03,CB,0,,,59.2,,2027,145,,63.2,NYJ
PLAYOFFS,74.8,3,63.5,,,,CLE_CB_03,CB,0,,,75.5,,2027,154,,59.9,NYJ
PLAYOFFS,48.4,3,56.9,,,,NYJ_CB_01,CB,0,,,51.2,,2027,142,,53.8,NYJ
PLAYOFFS,86.1,3,87.7,,,,NYJ_S_02,S,0,,,79.0,,2027,154,,84.0,NYJ
PLAYOFFS,51.2,3,53.3,,,,CAR_S_01,S,0,,,57.8,,2027,150,,59.2,NYJ
PLAYOFFS,55.2,3,68.9,,,,LAR_S_01,S,0,,,73.0,,2027,152,,64.2,NYJ
PLAYOFFS,,3,68.5,,,,NYJ_K_01,K,0,,,,,2027,18,74.3,,NYJ
PLAYOFFS,,3,61.8,,,,SEA_P_01,P,0,,,,,2027,15,54.4,,NYJ
PLAYOFFS,,1,65.6,,,65.5,P100074_QB,QB,0,,,,77.5,2027,62,,,MIA
PLAYOFFS,,1,62.4,59.5,,,PHI_RB_03,RB,0,62.5,,,66.9,2027,31,,,MIA
PLAYOFFS,,1,42.7,42.2,,,MIA_RB_02,RB,0,51.7,,,51.0,2027,29,,,MIA
PLAYOFFS,,1,92.1,,,,PHI_WR_03,WR,0,91.3,92.4,,,2027,47,,,MIA
PLAYOFFS,,1,65.4,,,,CIN_WR_02,WR,0,63.4,55.0,,,2027,47,,,MIA
PLAYOFFS,,1,65.1,,,,MIA_WR_06,WR,0,65.7,89.7,,,2027,47,,,MIA
PLAYOFFS,,1,64.7,,,,MIA_WR_02,WR,0,76.0,64.6,,,2027,49,,,MIA
PLAYOFFS,,1,64.5,82.1,,,MIA_TE_02,TE,0,40.6,75.6,,,2027,42,,,MIA
PLAYOFFS,,1,84.1,77.7,,,LV_TE_03,TE,0,67.3,75.9,,,2027,37,,,MIA
PLAYOFFS,,1,74.8,79.8,,,KC_OT_01,OT,0,,82.6,,,2027,63,,,MIA
PLAYOFFS,,1,77.8,63.0,,,MIA_OT_02,OT,0,,71.6,,,2027,66,,,MIA
PLAYOFFS,,1,68.1,45.7,,,KC_OG_01,OG,0,,74.3,,,2027,71,,,MIA
PLAYOFFS,,1,71.1,78.7,,,P100060_OG,OG,0,,62.2,,,2027,68,,,MIA
PLAYOFFS,,1,49.7,59.1,,,NYJ_C_01,C,0,,76.5,,,2027,65,,,MIA
PLAYOFFS,,1,90.3,,82.0,,PIT_EDGE_02,EDGE,0,,,97.0,,2027,39,,81.8,MIA
PLAYOFFS,,1,50.7,,41.3,,MIA_EDGE_01,EDGE,0,,,39.4,,2027,51,,66.3,MIA
PLAYOFFS,,1,38.7,,51.6,,MIA_EDGE_04,EDGE,0,,,59.7,,2027,45,,38.1,MIA
PLAYOFFS,,1,60.1,,73.9,,KC_DT_01,DT,0,,,31.4,,2027,37,,67.8,MIA
PLAYOFFS,,1,53.7,,56.3,,MIA_DT_02,DT,0,,,71.5,,2027,34,,53.0,MIA
PLAYOFFS,,1,67.3,,65.8,,MIA_DT_01,DT,0,,,59.4,,2027,42,,81.5,MIA
PLAYOFFS,60.2,1,72.5,,68.9,,NO_LB_02,LB,0,,,58.3,,2027,47,,51.1,MIA
PLAYOFFS,76.6,1,88.9,,91.2,,CAR_LB_02,LB,0,,,69.9,,2027,41,,96.3,MIA
PLAYOFFS,62.5,1,64.2,,83.9,,FA_LB_118,LB,0,,,59.5,,2027,43,,32.6,MIA
PLAYOFFS,69.6,1,92.7,,,,CIN_CB_03,CB,0,,,73.7,,2027,57,,93.7,MIA
PLAYOFFS,63.7,1,69.8,,,,ATL_CB_02,CB,0,,,49.1,,2027,52,,99.4,MIA
PLAYOFFS,72.8,1,93.9,,,,DET_CB_03,CB,0,,,87.9,,2027,46,,95.7,MIA
PLAYOFFS,60.4,1,51.5,,,,MIA_CB_04,CB,0,,,51.0,,2027,53,,51.0,MIA
PLAYOFFS,80.4,1,80.3,,,,TEN_S_02,S,0,,,69.5,,2027,54,,97.9,MIA
PLAYOFFS,65.7,1,63.7,,,,MIA_S_03,S,0,,,54.3,,2027,56,,60.1,MIA
PLAYOFFS,82.4,1,74.5,,,,MIA_S_01,S,0,,,85.4,,2027,54,,74.2,MIA
PLAYOFFS,,1,37.0,,,,CHI_K_01,K,0,,,,,2027,6,46.8,,MIA
PLAYOFFS,,1,59.9,,,,MIA_P_01,P,0,,,,,2027,5,52.4,,MIA
PLAYOFFS,,2,99.9,,,98.7,IND_QB_01,QB,0,,,,92.9,2027,128,,,IND
PLAYOFFS,,2,75.3,86.1,,,NYG_RB_03,RB,0,61.2,,,66.4,2027,62,,,IND
PLAYOFFS,,2,60.5,66.1,,,IND_RB_02,RB,0,50.4,,,59.2,2027,54,,,IND
PLAYOFFS,,2,57.9,,,,IND_WR_03,WR,0,53.4,63.2,,,2027,81,,,IND
PLAYOFFS,,2,47.5,,,,IND_WR_02,WR,0,49.1,52.3,,,2027,92,,,IND
PLAYOFFS,,2,67.3,,,,IND_WR_01,WR,0,67.6,58.5,,,2027,94,,,IND
PLAYOFFS,,2,78.4,,,,ARI_WR_02,WR,0,77.2,70.6,,,2027,84,,,IND
PLAYOFFS,,2,91.1,80.4,,,NYJ_TE_01,TE,0,79.9,89.1,,,2027,80,,,IND
PLAYOFFS,,2,55.9,61.1,,,SEA_TE_02,TE,0,54.3,60.0,,,2027,80,,,IND
PLAYOFFS,,2,88.4,73.7,,,MIN_OT_02,OT,0,,93.9,,,2027,126,,,IND
PLAYOFFS,,2,90.1,88.9,,,IND_OT_01,OT,0,,73.9,,,2027,132,,,IND
PLAYOFFS,,2,57.8,54.1,,,GB_OG_01,OG,0,,59.3,,,2027,137,,,IND
PLAYOFFS,,2,74.4,60.9,,,NO_OG_01,OG,0,,68.1,,,2027,130,,,IND
PLAYOFFS,,2,75.6,84.2,,,IND_C_01,C,0,,72.3,,,2027,137,,,IND
PLAYOFFS,,2,70.4,,70.7,,IND_EDGE_02,EDGE,0,,,73.8,,2027,85,,78.9,IND
PLAYOFFS,,2,50.9,,42.0,,TB_EDGE_01,EDGE,0,,,42.7,,2027,84,,62.0,IND
PLAYOFFS,,2,78.2,,65.3,,IND_DT_01,DT,0,,,74.5,,2027,69,,73.8,IND
PLAYOFFS,,2,84.1,,75.6,,CLE_DT_04,DT,0,,,78.0,,2027,77,,70.9,IND
PLAYOFFS,,2,71.6,,56.7,,LV_DT_02,DT,0,,,63.7,,2027,83,,85.7,IND
PLAYOFFS,57.3,2,68.3,,62.6,,JAX_LB_02,LB,0,,,72.4,,2027,92,,77.8,IND
PLAYOFFS,47.1,2,51.2,,46.8,,IND_LB_05,LB,0,,,39.0,,2027,99,,33.8,IND
PLAYOFFS,79.0,2,74.2,,74.9,,IND_LB_03,LB,0,,,47.3,,2027,94,,77.2,IND
PLAYOFFS,57.9,2,55.1,,,,IND_CB_01,CB,0,,,58.6,,2027,91,,49.1,IND
PLAYOFFS,58.8,2,61.8,,,,IND_CB_02,CB,0,,,55.6,,2027,99,,66.3,IND
PLAYOFFS,50.5,2,48.1,,,,IND_CB_03,CB,0,,,41.6,,2027,97,,43.5,IND
PLAYOFFS,54.3,2,50.7,,,,IND_CB_05,CB,0,,,71.4,,2027,93,,52.5,IND
PLAYOFFS,70.6,2,82.5,,,,IND_S_02,S,0,,,72.9,,2027,109,,74.5,IND
PLAYOFFS,56.9,2,66.6,,,,IND_S_01,S,0,,,41.7,,2027,101,,72.5,IND
PLAYOFFS,,2,53.0,,,,NO_K_01,K,0,,,,,2027,12,64.3,,IND
PLAYOFFS,,2,56.6,,,,IND_P_01,P,0,,,,,2027,10,66.2,,IND
PLAYOFFS,,1,69.7,,,84.3,CAR_QB_01,QB,0,,,,69.2,2027,61,,,CLE
PLAYOFFS,,1,80.7,69.2,,,CLE_RB_03,RB,0,65.2,,,76.1,2027,23,,,CLE
PLAYOFFS,,1,15.9,24.9,,,TEN_RB_01,RB,0,50.6,,,19.7,2027,19,,,CLE
PLAYOFFS,,1,99.8,89.9,,,CLE_RB_02,RB,0,94.8,,,92.2,2027,13,,,CLE
PLAYOFFS,,1,88.6,,,,CLE_WR_03,WR,0,86.9,92.2,,,2027,38,,,CLE
PLAYOFFS,,1,57.7,,,,CLE_WR_02,WR,0,62.9,65.1,,,2027,44,,,CLE
PLAYOFFS,,1,75.3,,,,CLE_WR_05,WR,0,71.8,55.0,,,2027,44,,,CLE
PLAYOFFS,,1,73.2,45.9,,,CLE_TE_02,TE,0,62.9,77.4,,,2027,41,,,CLE
PLAYOFFS,,1,63.3,68.9,,,CLE_TE_03,TE,0,55.6,62.3,,,2027,34,,,CLE
PLAYOFFS,,1,73.1,77.2,,,TEN_OT_01,OT,0,,73.2,,,2027,64,,,CLE
PLAYOFFS,,1,77.4,74.7,,,CLE_OT_02,OT,0,,59.6,,,2027,73,,,CLE
PLAYOFFS,,1,57.8,71.0,,,CLE_OG_02,OG,0,,71.6,,,2027,64,,,CLE
PLAYOFFS,,1,74.5,73.8,,,TEN_OG_02,OG,0,,69.2,,,2027,68,,,CLE
PLAYOFFS,,1,90.2,80.6,,,CIN_C_01,C,0,,94.0,,,2027,69,,,CLE
PLAYOFFS,,1,93.3,,89.0,,CLE_EDGE_01,EDGE,0,,,96.2,,2027,46,,92.4,CLE
PLAYOFFS,,1,83.5,,78.5,,TB_EDGE_02,EDGE,0,,,89.0,,2027,34,,65.0,CLE
PLAYOFFS,,1,45.3,,44.8,,P100018_EDGE,EDGE,0,,,50.8,,2027,41,,58.0,CLE
PLAYOFFS,,1,70.3,,83.9,,CLE_DT_02,DT,0,,,87.9,,2027,36,,62.1,CLE
PLAYOFFS,,1,89.0,,72.3,,CLE_DT_01,DT,0,,,78.5,,2027,40,,84.0,CLE
PLAYOFFS,,1,73.8,,50.4,,CLE_DT_03,DT,0,,,68.6,,2027,34,,69.7,CLE
PLAYOFFS,53.1,1,77.3,,87.2,,NO_LB_01,LB,0,,,85.1,,2027,43,,52.3,CLE
PLAYOFFS,69.0,1,60.0,,51.3,,CLE_LB_02,LB,0,,,63.5,,2027,51,,72.1,CLE
PLAYOFFS,73.0,1,68.5,,70.5,,MIN_LB_01,LB,0,,,89.6,,2027,51,,27.3,CLE
PLAYOFFS,79.0,1,85.1,,,,CLE_CB_02,CB,0,,,61.3,,2027,48,,83.5,CLE
PLAYOFFS,63.1,1,88.3,,,,DET_CB_04,CB,0,,,65.2,,2027,45,,80.1,CLE
PLAYOFFS,43.5,1,64.7,,,,CLE_CB_05,CB,0,,,63.2,,2027,52,,65.9,CLE
PLAYOFFS,67.2,1,72.3,,,,TB_S_02,S,0,,,55.0,,2027,51,,84.9,CLE
PLAYOFFS,99.9,1,83.2,,,,P100142_S,S,0,,,80.4,,2027,61,,78.0,CLE
PLAYOFFS,,1,61.9,,,,CLE_K_01,K,0,,,,,2027,6,72.9,,CLE
PLAYOFFS,,1,79.9,,,,CLE_P_01,P,0,,,,,2027,5,66.4,,CLE
PLAYOFFS,,3,89.8,,,87.3,DEN_QB_01,QB,0,,,,76.5,2027,184,,,DEN
PLAYOFFS,,3,72.8,61.9,,,DEN_RB_01,RB,0,62.5,,,65.8,2027,97,,,DEN
PLAYOFFS,,3,75.1,63.1,,,NYG_RB_01,RB,0,66.5,,,77.5,2027,58,,,DEN
PLAYOFFS,,3,79.7,,,,DEN_WR_01,WR,0,76.8,72.5,,,2027,129,,,DEN
PLAYOFFS,,3,76.9,,,,DEN_WR_02,WR,0,51.2,75.2,,,2027,135,,,DEN
PLAYOFFS,,3,82.4,,,,DEN_WR_03,WR,0,76.0,70.1,,,2027,136,,,DEN
PLAYOFFS,,3,35.9,,,,DEN_WR_04,WR,0,39.0,40.9,,,2027,128,,,DEN
PLAYOFFS,,3,71.8,72.4,,,DEN_TE_02,TE,0,64.0,62.4,,,2027,113,,,DEN
PLAYOFFS,,3,72.0,77.4,,,DEN_TE_03,TE,0,68.1,57.1,,,2027,116,,,DEN
PLAYOFFS,,3,76.4,72.1,,,BAL_OT_02,OT,0,,80.6,,,2027,200,,,DEN
PLAYOFFS,,3,67.0,68.1,,,DEN_OT_04,OT,0,,57.3,,,2027,202,,,DEN
PLAYOFFS,,3,44.4,49.2,,,DEN_OG_04,OG,0,,52.8,,,2027,196,,,DEN
PLAYOFFS,,3,54.9,59.4,,,NO_C_01,C,0,,31.3,,,2027,196,,,DEN
PLAYOFFS,,3,91.5,,79.8,,BAL_EDGE_02,EDGE,0,,,83.4,,2027,137,,85.7,DEN
PLAYOFFS,,3,84.2,,74.4,,SF_EDGE_01,EDGE,0,,,82.7,,2027,117,,87.6,DEN
PLAYOFFS,,3,54.7,,44.7,,P100114_EDGE,EDGE,0,,,60.4,,2027,143,,37.9,DEN
PLAYOFFS,,3,44.6,,55.4,,DEN_EDGE_05,EDGE,0,,,55.4,,2027,132,,57.6,DEN
PLAYOFFS,,3,85.7,,89.0,,DEN_DT_02,DT,0,,,73.2,,2027,111,,83.3,DEN
PLAYOFFS,,3,56.4,,71.2,,MIN_DT_04,DT,0,,,52.2,,2027,106,,70.4,DEN
PLAYOFFS,,3,66.3,,55.7,,DEN_DT_04,DT,0,,,40.1,,2027,112,,62.8,DEN
PLAYOFFS,71.1,3,74.6,,73.7,,LV_LB_01,LB,0,,,59.6,,2027,129,,58.7,DEN
PLAYOFFS,75.5,3,63.6,,49.7,,DEN_LB_02,LB,0,,,62.6,,2027,131,,71.8,DEN
PLAYOFFS,52.9,3,58.5,,58.2,,DEN_LB_03,LB,0,,,73.7,,2027,129,,52.1,DEN
PLAYOFFS,88.3,3,85.9,,,,DEN_CB_01,CB,0,,,77.0,,2027,142,,76.8,DEN
PLAYOFFS,62.4,3,62.9,,,,DEN_CB_02,CB,0,,,63.7,,2027,156,,51.0,DEN
PLAYOFFS,67.5,3,72.0,,,,DEN_CB_03,CB,0,,,69.4,,2027,145,,57.9,DEN
PLAYOFFS,69.3,3,72.5,,,,DEN_CB_04,CB,0,,,59.1,,2027,146,,75.8,DEN
PLAYOFFS,70.7,3,65.7,,,,DEN_S_02,S,0,,,73.2,,2027,154,,75.5,DEN
PLAYOFFS,46.8,3,51.0,,,,DEN_S_03,S,0,,,54.1,,2027,158,,57.8,DEN
PLAYOFFS,,3,66.4,,,,DEN_K_01,K,0,,,,,2027,18,69.7,,DEN
PLAYOFFS,,3,90.5,,,,P100081_P,P,0,,,,,2027,15,93.6,,DEN
PLAYOFFS,,1,91.4,,,86.0,LAR_QB_01,QB,0,,,,74.9,2027,66,,,LAR
PLAYOFFS,,1,88.9,79.9,,,CIN_RB_01,RB,0,87.8,,,84.5,2027,46,,,LAR
PLAYOFFS,,1,85.3,,,,LAR_WR_02,WR,0,88.3,75.7,,,2027,39,,,LAR
PLAYOFFS,,1,71.5,,,,PHI_WR_01,WR,0,54.4,64.0,,,2027,48,,,LAR
PLAYOFFS,,1,88.4,,,,NO_WR_03,WR,0,87.2,97.6,,,2027,38,,,LAR
PLAYOFFS,,1,74.4,,,,LAR_WR_01,WR,0,60.9,70.8,,,2027,42,,,LAR
PLAYOFFS,,1,73.3,64.1,,,LAR_TE_02,TE,0,71.6,72.1,,,2027,38,,,LAR
PLAYOFFS,,1,40.7,52.8,,,LAR_TE_03,TE,0,45.1,42.3,,,2027,43,,,LAR
PLAYOFFS,,1,48.3,53.7,,,LAR_OT_01,OT,0,,53.3,,,2027,65,,,LAR
PLAYOFFS,,1,68.5,54.1,,,LAR_OT_02,OT,0,,78.9,,,2027,64,,,LAR
PLAYOFFS,,1,76.7,72.8,,,LAR_OG_01,OG,0,,76.8,,,2027,68,,,LAR
PLAYOFFS,,1,59.9,76.1,,,SEA_OG_05,OG,0,,45.4,,,2027,60,,,LAR
PLAYOFFS,,1,93.9,87.5,,,LAR_C_01,C,0,,79.1,,,2027,57,,,LAR
PLAYOFFS,,1,43.6,,47.5,,ATL_EDGE_04,EDGE,0,,,42.3,,2027,49,,71.5,LAR
PLAYOFFS,,1,72.3,,72.4,,P100134_EDGE,EDGE,0,,,86.3,,2027,43,,60.4,LAR
PLAYOFFS,,1,87.1,,74.0,,P100265_EDGE,EDGE,0,,,71.1,,2027,46,,75.8,LAR
PLAYOFFS,,1,52.1,,64.0,,LAR_EDGE_03,EDGE,0,,,45.8,,2027,42,,69.0,LAR
PLAYOFFS,,1,57.4,,77.8,,LAR_DT_01,DT,0,,,57.7,,2027,30,,44.5,LAR
PLAYOFFS,,1,76.1,,90.1,,LAR_DT_02,DT,0,,,64.4,,2027,42,,78.2,LAR
PLAYOFFS,,1,67.4,,55.6,,GB_DT_05,DT,0,,,82.2,,2027,30,,68.6,LAR
PLAYOFFS,77.4,1,67.8,,84.4,,LAR_LB_04,LB,0,,,60.8,,2027,44,,77.4,LAR
PLAYOFFS,80.1,1,57.4,,60.4,,LAR_LB_05,LB,0,,,59.6,,2027,44,,47.4,LAR
PLAYOFFS,73.1,1,79.6,,,,LAR_CB_02,CB,0,,,75.3,,2027,49,,65.2,LAR
PLAYOFFS,52.9,1,81.2,,,,LAR_CB_01,CB,0,,,72.7,,2027,52,,79.5,LAR
PLAYOFFS,87.8,1,92.7,,,,LAR_CB_03,CB,0,,,89.7,,2027,49,,66.9,LAR
PLAYOFFS,41.7,1,63.3,,,,LAR_CB_05,CB,0,,,63.1,,2027,50,,26.7,LAR
PLAYOFFS,60.0,1,61.7,,,,LAR_S_02,S,0,,,67.5,,2027,54,,59.1,LAR
PLAYOFFS,54.9,1,74.2,,,,LAR_S_04,S,0,,,67.7,,2027,53,,55.7,LAR
PLAYOFFS,50.6,1,53.2,,,,NE_S_02,S,0,,,46.9,,2027,52,,62.3,LAR
PLAYOFFS,,1,84.0,,,,GB_P_01,P,0,,,,,2027,5,74.3,,LAR
PLAYOFFS,,3,96.6,,,89.1,GB_QB_01,QB,0,,,,92.3,2027,200,,,GB
PLAYOFFS,,3,77.0,69.8,,,SF_RB_01,RB,0,63.5,,,62.4,2027,99,,,GB
PLAYOFFS,,3,57.0,67.0,,,JAX_RB_01,RB,0,57.5,,,57.5,2027,85,,,GB
PLAYOFFS,,3,65.2,,,,GB_WR_06,WR,0,69.3,59.7,,,2027,125,,,GB
PLAYOFFS,,3,54.5,,,,GB_WR_04,WR,0,54.5,54.5,,,2027,125,,,GB
PLAYOFFS,,3,68.1,,,,P100293_WR,WR,0,61.8,78.2,,,2027,124,,,GB
PLAYOFFS,,3,69.4,71.4,,,GB_TE_03,TE,0,63.2,72.4,,,2027,124,,,GB
PLAYOFFS,,3,79.9,51.9,,,GB_TE_02,TE,0,73.2,68.5,,,2027,115,,,GB
PLAYOFFS,,3,61.9,57.5,,,GB_OT_02,OT,0,,50.8,,,2027,185,,,GB
PLAYOFFS,,3,19.4,41.5,,,P100070_OT,OT,0,,31.6,,,2027,194,,,GB
PLAYOFFS,,3,76.7,70.0,,,DET_OG_02,OG,0,,74.4,,,2027,188,,,GB
PLAYOFFS,,3,68.7,61.4,,,JAX_OG_02,OG,0,,64.5,,,2027,198,,,GB
PLAYOFFS,,3,65.5,58.5,,,GB_C_02,C,0,,69.2,,,2027,200,,,GB
PLAYOFFS,,3,69.0,,60.3,,GB_EDGE_01,EDGE,0,,,65.3,,2027,135,,66.1,GB
PLAYOFFS,,3,77.9,,73.8,,GB_EDGE_03,EDGE,0,,,56.4,,2027,134,,79.2,GB
PLAYOFFS,,3,65.7,,64.3,,GB_EDGE_02,EDGE,0,,,57.6,,2027,126,,62.6,GB
PLAYOFFS,,3,67.2,,60.2,,GB_DT_04,DT,0,,,67.7,,2027,123,,65.2,GB
PLAYOFFS,68.9,3,72.4,,74.8,,LAR_LB_01,LB,0,,,66.7,,2027,135,,64.9,GB
PLAYOFFS,74.4,3,59.0,,51.5,,GB_LB_03,LB,0,,,51.9,,2027,137,,55.3,GB
PLAYOFFS,55.8,3,61.6,,60.5,,P100185_LB,LB,0,,,63.3,,2027,135,,67.1,GB
PLAYOFFS,82.9,3,89.7,,,,DET_CB_01,CB,0,,,89.9,,2027,150,,81.6,GB
PLAYOFFS,66.7,3,62.9,,,,GB_CB_05,CB,0,,,69.7,,2027,145,,64.7,GB
PLAYOFFS,63.5,3,54.7,,,,P100131_CB,CB,0,,,49.6,,2027,148,,52.2,GB
PLAYOFFS,58.2,3,38.3,,,,P100180_CB,CB,0,,,43.8,,2027,151,,48.4,GB
PLAYOFFS,69.3,3,86.1,,,,DET_S_03,S,0,,,75.7,,2027,157,,80.5,GB
PLAYOFFS,76.5,3,71.2,,,,GB_S_01,S,0,,,63.4,,2027,147,,72.8,GB
PLAYOFFS,41.2,3,44.4,,,,GB_S_03,S,0,,,40.9,,2027,148,,50.7,GB
PLAYOFFS,,3,60.9,,,,P100052_K,K,0,,,,,2027,18,56.1,,GB
PLAYOFFS,,4,95.0,,,86.7,CHI_QB_01,QB,0,,,,92.5,2027,258,,,DET
PLAYOFFS,,4,80.3,,,,DET_WR_03,WR,0,63.2,70.9,,,2027,178,,,DET
PLAYOFFS,,4,77.5,,,,DET_WR_01,WR,0,68.1,74.6,,,2027,173,,,DET
PLAYOFFS,,4,78.7,,,,KC_WR_01,WR,0,76.5,80.0,,,2027,179,,,DET
PLAYOFFS,,4,92.0,,,,P100022_WR,WR,0,79.0,84.7,,,2027,178,,,DET
PLAYOFFS,,4,50.9,51.3,,,DET_TE_01,TE,0,60.3,57.4,,,2027,158,,,DET
PLAYOFFS,,4,68.0,70.2,,,DET_TE_03,TE,0,69.6,68.4,,,2027,166,,,DET
PLAYOFFS,,4,79.6,72.1,,,DET_OT_01,OT,0,,77.1,,,2027,268,,,DET
PLAYOFFS,,4,86.4,90.6,,,TB_OT_01,OT,0,,80.1,,,2027,253,,,DET
PLAYOFFS,,4,71.3,64.0,,,DET_OG_04,OG,0,,68.6,,,2027,260,,,DET
PLAYOFFS,,4,76.4,81.7,,,DEN_OG_02,OG,0,,60.6,,,2027,254,,,DET
PLAYOFFS,,4,70.7,71.0,,,TEN_C_01,C,0,,74.6,,,2027,267,,,DET
PLAYOFFS,,4,90.2,,86.7,,DET_EDGE_01,EDGE,0,,,87.2,,2027,177,,88.6,DET
PLAYOFFS,,4,69.3,,76.8,,ARI_EDGE_02,EDGE,0,,,61.6,,2027,170,,68.0,DET
PLAYOFFS,,4,67.3,,71.5,,PIT_EDGE_03,EDGE,0,,,65.8,,2027,176,,55.9,DET
PLAYOFFS,,4,54.9,,55.3,,DET_EDGE_04,EDGE,0,,,53.8,,2027,175,,58.9,DET
PLAYOFFS,,4,74.4,,87.9,,DET_DT_02,DT,0,,,72.6,,2027,157,,87.8,DET
PLAYOFFS,,4,58.2,,49.5,,SF_DT_02,DT,0,,,65.8,,2027,154,,56.0,DET
PLAYOFFS,,4,61.6,,62.2,,DET_DT_04,DT,0,,,60.1,,2027,150,,55.3,DET
PLAYOFFS,70.1,4,70.7,,64.6,,DET_LB_01,LB,0,,,83.5,,2027,170,,75.9,DET
PLAYOFFS,74.9,4,83.9,,87.3,,DET_LB_02,LB,0,,,78.3,,2027,184,,88.3,DET
PLAYOFFS,95.6,4,98.5,,89.5,,BAL_LB_01,LB,0,,,90.1,,2027,179,,93.3,DET
PLAYOFFS,55.9,4,56.6,,,,DET_CB_02,CB,0,,,54.2,,2027,191,,55.2,DET
PLAYOFFS,65.7,4,75.0,,,,DET_CB_06,CB,0,,,63.6,,2027,195,,70.2,DET
PLAYOFFS,68.7,4,60.0,,,,DET_S_01,S,0,,,68.2,,2027,204,,55.3,DET
PLAYOFFS,71.5,4,65.5,,,,ARI_S_02,S,0,,,63.3,,2027,208,,51.6,DET
PLAYOFFS,,4,88.6,,,,DET_K_01,K,0,,,,,2027,24,79.4,,DET
PLAYOFFS,,4,75.2,,,,DET_P_01,P,0,,,,,2027,20,72.7,,DET
PLAYOFFS,,1,46.0,,,65.7,SEA_QB_01,QB,0,,,,67.1,2027,62,,,SEA
PLAYOFFS,,1,99.9,99.9,,,PHI_RB_01,RB,0,93.2,,,99.9,2027,25,,,SEA
PLAYOFFS,,1,59.9,55.3,,,P100087_RB,RB,0,57.2,,,74.9,2027,21,,,SEA
PLAYOFFS,,1,49.2,,,,SEA_WR_03,WR,0,52.0,63.2,,,2027,41,,,SEA
PLAYOFFS,,1,85.3,,,,SEA_WR_02,WR,0,84.1,90.8,,,2027,49,,,SEA
PLAYOFFS,,1,89.7,,,,SEA_WR_01,WR,0,75.7,61.1,,,2027,36,,,SEA
PLAYOFFS,,1,44.3,,,,SEA_WR_04,WR,0,39.2,38.7,,,2027,47,,,SEA
PLAYOFFS,,1,62.4,44.6,,,LAC_TE_01,TE,0,64.7,57.7,,,2027,37,,,SEA
PLAYOFFS,,1,85.7,73.7,,,SEA_OT_02,OT,0,,80.4,,,2027,68,,,SEA
PLAYOFFS,,1,60.2,61.4,,,SEA_OT_01,OT,0,,31.5,,,2027,66,,,SEA
PLAYOFFS,,1,88.6,70.4,,,SEA_OG_01,OG,0,,86.2,,,2027,63,,,SEA
PLAYOFFS,,1,99.1,97.1,,,SEA_C_01,C,0,,91.7,,,2027,62,,,SEA
PLAYOFFS,,1,92.6,,86.0,,MIN_EDGE_02,EDGE,0,,,97.2,,2027,40,,93.1,SEA
PLAYOFFS,,1,52.4,,57.9,,BUF_EDGE_01,EDGE,0,,,65.4,,2027,43,,68.0,SEA
PLAYOFFS,,1,76.2,,87.9,,P100066_EDGE,EDGE,0,,,65.9,,2027,55,,72.5,SEA
PLAYOFFS,,1,22.5,,52.0,,P100012_DT,DT,0,,,26.9,,2027,42,,32.4,SEA
PLAYOFFS,,1,60.9,,64.4,,SEA_DT_05,DT,0,,,74.2,,2027,36,,38.8,SEA
PLAYOFFS,,1,34.3,,43.2,,SEA_DT_03,DT,0,,,44.6,,2027,43,,55.5,SEA
PLAYOFFS,59.2,1,63.1,,54.2,,SEA_LB_01,LB,0,,,61.7,,2027,44,,89.5,SEA
PLAYOFFS,53.6,1,78.1,,91.0,,SEA_LB_04,LB,0,,,75.0,,2027,45,,69.2,SEA
PLAYOFFS,63.2,1,54.0,,55.8,,SEA_LB_05,LB,0,,,53.2,,2027,46,,45.7,SEA
PLAYOFFS,50.4,1,81.8,,,,SEA_CB_02,CB,0,,,96.2,,2027,49,,93.8,SEA
PLAYOFFS,24.8,1,51.6,,,,SEA_CB_03,CB,0,,,39.1,,2027,49,,39.1,SEA
PLAYOFFS,85.0,1,88.7,,,,SEA_CB_05,CB,0,,,51.9,,2027,52,,68.0,SEA
PLAYOFFS,60.0,1,11.3,,,,SEA_CB_06,CB,0,,,17.6,,2027,47,,17.2,SEA
PLAYOFFS,73.0,1,69.7,,,,SEA_S_02,S,0,,,62.3,,2027,41,,71.4,SEA
PLAYOFFS,65.2,1,58.2,,,,SEA_S_01,S,0,,,58.9,,2027,48,,68.7,SEA
PLAYOFFS,52.2,1,58.4,,,,P100166_S,S,0,,,73.6,,2027,56,,80.8,SEA
PLAYOFFS,,1,53.7,,,,SEA_K_01,K,0,,,,,2027,6,70.1,,SEA
PLAYOFFS,,1,71.2,,,,SF_P_01,P,0,,,,,2027,5,53.8,,SEA
PLAYOFFS,,2,64.7,,,59.0,SF_QB_01,QB,0,,,,56.8,2027,119,,,WAS
PLAYOFFS,,2,63.4,66.6,,,WAS_RB_01,RB,0,66.7,,,52.2,2027,58,,,WAS
PLAYOFFS,,2,71.1,70.6,,,WAS_RB_02,RB,0,69.6,,,61.8,2027,43,,,WAS
PLAYOFFS,,2,60.4,56.2,,,P100168_RB,RB,0,57.4,,,67.7,2027,36,,,WAS
PLAYOFFS,,2,89.0,,,,WAS_WR_02,WR,0,62.4,71.6,,,2027,85,,,WAS
PLAYOFFS,,2,83.5,,,,DAL_WR_01,WR,0,68.9,89.2,,,2027,85,,,WAS
PLAYOFFS,,2,52.6,55.7,,,WAS_TE_01,TE,0,65.0,52.4,,,2027,71,,,WAS
PLAYOFFS,,2,62.6,60.3,,,WAS_OT_02,OT,0,,69.8,,,2027,129,,,WAS
PLAYOFFS,,2,58.7,44.8,,,WAS_OT_04,OT,0,,57.9,,,2027,121,,,WAS
PLAYOFFS,,2,79.3,70.8,,,WAS_OG_02,OG,0,,79.6,,,2027,129,,,WAS
PLAYOFFS,,2,41.3,60.0,,,WAS_OG_03,OG,0,,41.6,,,2027,124,,,WAS
PLAYOFFS,,2,61.7,59.8,,,GB_C_01,C,0,,56.4,,,2027,125,,,WAS
PLAYOFFS,,2,64.4,,54.1,,P100191_EDGE,EDGE,0,,,58.8,,2027,90,,72.1,WAS
PLAYOFFS,,2,57.5,,47.4,,WAS_EDGE_05,EDGE,0,,,64.2,,2027,85,,54.8,WAS
PLAYOFFS,,2,52.1,,68.5,,P100021_EDGE,EDGE,0,,,57.9,,2027,87,,69.7,WAS
PLAYOFFS,,2,51.4,,46.5,,WAS_DT_05,DT,0,,,54.9,,2027,68,,64.3,WAS
PLAYOFFS,,2,69.9,,60.2,,P100228_DT,DT,0,,,86.7,,2027,66,,52.2,WAS
PLAYOFFS,64.3,2,61.6,,60.4,,CIN_LB_01,LB,0,,,72.6,,2027,81,,57.4,WAS
PLAYOFFS,65.3,2,58.3,,64.1,,SEA_LB_03,LB,0,,,61.5,,2027,90,,45.9,WAS
PLAYOFFS,52.6,2,54.8,,61.8,,WAS_LB_05,LB,0,,,48.9,,2027,95,,47.5,WAS
PLAYOFFS,63.0,2,48.1,,,,WAS_CB_01,CB,0,,,49.0,,2027,107,,42.5,WAS
PLAYOFFS,71.5,2,73.3,,,,FA_CB_029,CB,0,,,73.6,,2027,94,,64.4,WAS
PLAYOFFS,55.7,2,63.3,,,,WAS_CB_06,CB,0,,,57.5,,2027,98,,76.6,WAS
PLAYOFFS,29.2,2,26.0,,,,P100063_CB,CB,0,,,41.0,,2027,99,,28.8,WAS
PLAYOFFS,68.8,2,78.5,,,,WAS_S_04,S,0,,,61.7,,2027,99,,78.7,WAS
PLAYOFFS,68.3,2,69.5,,,,TEN_S_04,S,0,,,53.6,,2027,96,,66.5,WAS
PLAYOFFS,52.3,2,45.7,,,,WAS_S_03,S,0,,,33.4,,2027,110,,60.2,WAS
PLAYOFFS,,2,36.3,,,,WAS_K_01,K,0,,,,,2027,12,45.8,,WAS
PLAYOFFS,,2,68.0,,,,WAS_P_01,P,0,,,,,2027,10,65.8,,WAS
PLAYOFFS,,1,80.0,,,76.5,PIT_QB_01,QB,0,,,,89.1,2027,64,,,CAR
PLAYOFFS,,1,54.3,66.4,,,CAR_RB_03,RB,0,74.5,,,28.8,2027,43,,,CAR
PLAYOFFS,,1,67.3,,,,CAR_WR_03,WR,0,55.5,55.9,,,2027,45,,,CAR
PLAYOFFS,,1,72.1,,,,CAR_WR_05,WR,0,79.1,81.5,,,2027,50,,,CAR
PLAYOFFS,,1,54.1,,,,CAR_WR_06,WR,0,48.4,51.9,,,2027,46,,,CAR
PLAYOFFS,,1,48.8,,,,CAR_WR_02,WR,0,62.9,54.0,,,2027,45,,,CAR
PLAYOFFS,,1,75.0,89.0,,,CAR_TE_01,TE,0,73.0,73.9,,,2027,36,,,CAR
PLAYOFFS,,1,75.0,79.9,,,CAR_OT_01,OT,0,,58.0,,,2027,64,,,CAR
PLAYOFFS,,1,89.6,69.8,,,CAR_OT_02,OT,0,,49.3,,,2027,62,,,CAR
PLAYOFFS,,1,91.2,99.9,,,SF_OG_01,OG,0,,87.7,,,2027,60,,,CAR
PLAYOFFS,,1,84.1,87.1,,,CAR_OG_03,OG,0,,94.1,,,2027,67,,,CAR
PLAYOFFS,,1,63.5,84.2,,,LAC_C_01,C,0,,52.9,,,2027,56,,,CAR
PLAYOFFS,,1,61.1,,63.2,,KC_EDGE_01,EDGE,0,,,61.2,,2027,42,,45.6,CAR
PLAYOFFS,,1,36.4,,53.7,,CAR_EDGE_05,EDGE,0,,,50.8,,2027,41,,38.9,CAR
PLAYOFFS,,1,57.3,,59.7,,CAR_EDGE_03,EDGE,0,,,46.5,,2027,48,,69.4,CAR
PLAYOFFS,,1,70.3,,68.4,,P100231_EDGE,EDGE,0,,,75.3,,2027,45,,80.3,CAR
PLAYOFFS,,1,70.3,,42.7,,CAR_DT_01,DT,0,,,53.3,,2027,45,,66.9,CAR
PLAYOFFS,,1,59.2,,61.2,,CAR_DT_04,DT,0,,,70.6,,2027,33,,83.8,CAR
PLAYOFFS,,1,70.9,,54.8,,CAR_DT_03,DT,0,,,77.6,,2027,39,,81.6,CAR
PLAYOFFS,68.3,1,79.5,,81.2,,P100176_LB,LB,0,,,80.8,,2027,49,,64.6,CAR
PLAYOFFS,57.0,1,76.3,,83.8,,CAR_LB_05,LB,0,,,95.1,,2027,46,,65.5,CAR
PLAYOFFS,41.6,1,24.9,,41.4,,P100195_LB,LB,0,,,76.8,,2027,42,,45.6,CAR
PLAYOFFS,69.9,1,94.6,,,,CAR_CB_01,CB,0,,,90.9,,2027,51,,84.7,CAR
PLAYOFFS,83.8,1,83.1,,,,GB_CB_02,CB,0,,,84.4,,2027,48,,72.5,CAR
PLAYOFFS,88.0,1,70.1,,,,CAR_S_02,S,0,,,79.1,,2027,44,,80.4,CAR
PLAYOFFS,89.2,1,85.0,,,,CAR_S_03,S,0,,,86.1,,2027,46,,80.5,CAR
PLAYOFFS,76.8,1,72.5,,,,P100283_S,S,0,,,97.4,,2027,53,,58.0,CAR
PLAYOFFS,,1,71.4,,,,LAR_K_01,K,0,,,,,2027,6,84.8,,CAR
PLAYOFFS,,1,75.3,,,,NYJ_P_01,P,0,,,,,2027,5,67.8,,CAR
PLAYOFFS,,1,61.2,,,84.2,ATL_QB_01,QB,0,,,,56.0,2027,66,,,ATL
PLAYOFFS,,1,71.0,67.5,,,ATL_RB_03,RB,0,60.4,,,87.3,2027,40,,,ATL
PLAYOFFS,,1,62.6,,,,ATL_WR_03,WR,0,67.2,77.2,,,2027,49,,,ATL
PLAYOFFS,,1,85.1,,,,ATL_WR_05,WR,0,69.3,86.7,,,2027,44,,,ATL
PLAYOFFS,,1,83.3,,,,ATL_WR_04,WR,0,89.7,85.1,,,2027,48,,,ATL
PLAYOFFS,,1,64.9,,,,P100218_WR,WR,0,58.3,69.9,,,2027,48,,,ATL
PLAYOFFS,,1,62.2,59.9,,,CHI_TE_02,TE,0,50.4,49.6,,,2027,36,,,ATL
PLAYOFFS,,1,91.1,82.4,,,HOU_OT_02,OT,0,,78.1,,,2027,73,,,ATL
PLAYOFFS,,1,53.4,80.9,,,ATL_OT_04,OT,0,,81.3,,,2027,58,,,ATL
PLAYOFFS,,1,95.4,74.9,,,ATL_OG_01,OG,0,,94.7,,,2027,64,,,ATL
PLAYOFFS,,1,17.9,29.1,,,ATL_OG_04,OG,0,,39.1,,,2027,62,,,ATL
PLAYOFFS,,1,83.2,83.5,,,ATL_C_02,C,0,,87.1,,,2027,65,,,ATL
PLAYOFFS,,1,68.2,,62.9,,DET_EDGE_02,EDGE,0,,,59.3,,2027,39,,54.5,ATL
PLAYOFFS,,1,68.7,,56.9,,DEN_EDGE_01,EDGE,0,,,77.2,,2027,49,,73.0,ATL
PLAYOFFS,,1,99.9,,99.9,,PIT_DT_02,DT,0,,,99.9,,2027,40,,87.5,ATL
PLAYOFFS,,1,99.9,,80.5,,ATL_DT_01,DT,0,,,99.9,,2027,37,,97.5,ATL
PLAYOFFS,,1,79.6,,77.2,,ATL_DT_05,DT,0,,,67.4,,2027,41,,65.7,ATL
PLAYOFFS,51.7,1,43.8,,35.1,,MIN_LB_02,LB,0,,,44.8,,2027,44,,52.4,ATL
PLAYOFFS,78.8,1,88.7,,92.0,,WAS_LB_01,LB,0,,,87.0,,2027,45,,80.4,ATL
PLAYOFFS,42.8,1,33.4,,57.9,,ATL_LB_05,LB,0,,,30.7,,2027,46,,28.8,ATL
PLAYOFFS,77.5,1,61.1,,,,ATL_CB_03,CB,0,,,58.1,,2027,47,,58.7,ATL
PLAYOFFS,42.5,1,69.1,,,,JAX_CB_06,CB,0,,,49.3,,2027,50,,66.8,ATL
PLAYOFFS,42.9,1,49.9,,,,P100254_CB,CB,0,,,45.4,,2027,50,,40.1,ATL
PLAYOFFS,60.4,1,62.3,,,,KC_S_02,S,0,,,63.3,,2027,53,,59.5,ATL
PLAYOFFS,49.0,1,32.4,,,,ATL_S_03,S,0,,,34.5,,2027,47,,29.8,ATL
PLAYOFFS,62.7,1,53.6,,,,P100065_S,S,0,,,61.2,,2027,47,,39.7,ATL
PLAYOFFS,,1,72.2,,,,ATL_K_01,K,0,,,,,2027,6,54.1,,ATL
PLAYOFFS,,1,42.7,,,,FA_P_070,P,0,,,,,2027,5,50.6,,ATL
REGULAR_SEASON,,17,77.8,,,71.7,ATL_QB_02,QB,1,,,,74.4,2028,1092,,,NE
REGULAR_SEASON,,5,77.8,61.6,,,BAL_RB_02,RB,0,73.4,,,65.5,2028,170,,,NE
REGULAR_SEASON,,17,61.8,58.8,,,P100343_RB,RB,1,61.4,,,60.6,2028,590,,,NE
REGULAR_SEASON,,17,83.6,,,,NE_WR_02,WR,1,72.7,78.5,,,2028,740,,,NE
REGULAR_SEASON,,17,68.0,,,,IND_WR_05,WR,1,68.8,69.7,,,2028,716,,,NE
REGULAR_SEASON,,17,52.2,,,,P100301_WR,WR,1,53.2,51.7,,,2028,754,,,NE
REGULAR_SEASON,,13,53.2,66.1,,,P100274_TE,TE,1,55.4,52.8,,,2028,502,,,NE
REGULAR_SEASON,,17,69.8,71.8,,,NE_OT_03,OT,1,,68.6,,,2028,1152,,,NE
REGULAR_SEASON,,17,63.2,68.5,,,NE_OT_02,OT,1,,61.0,,,2028,1103,,,NE
REGULAR_SEASON,,15,56.2,54.4,,,NE_OG_01,OG,1,,57.0,,,2028,928,,,NE
REGULAR_SEASON,,12,54.6,55.5,,,NE_OG_02,OG,1,,63.2,,,2028,784,,,NE
REGULAR_SEASON,,17,60.4,58.3,,,NE_C_01,C,1,,59.8,,,2028,1123,,,NE
REGULAR_SEASON,,17,62.7,,67.1,,P100586_EDGE,EDGE,1,,,60.2,,2028,743,,62.3,NE
REGULAR_SEASON,,17,53.5,,55.6,,ATL_EDGE_03,EDGE,1,,,60.0,,2028,716,,54.0,NE
REGULAR_SEASON,,17,51.8,,58.1,,NE_EDGE_05,EDGE,1,,,49.7,,2028,744,,58.1,NE
REGULAR_SEASON,,16,66.3,,69.2,,ARI_DT_04,DT,1,,,61.8,,2028,607,,61.0,NE
REGULAR_SEASON,,17,69.7,,65.4,,ATL_DT_04,DT,1,,,66.5,,2028,660,,69.9,NE
REGULAR_SEASON,,3,66.4,,69.3,,NE_DT_03,DT,0,,,70.5,,2028,120,,60.9,NE
REGULAR_SEASON,76.6,3,73.8,,66.1,,P100233_LB,LB,0,,,70.0,,2028,144,,74.3,NE
REGULAR_SEASON,49.6,17,44.5,,50.5,,ATL_LB_05,LB,1,,,48.1,,2028,756,,43.3,NE
REGULAR_SEASON,75.7,12,75.0,,,,GB_CB_01,CB,1,,,64.8,,2028,597,,71.5,NE
REGULAR_SEASON,65.2,17,71.3,,,,BAL_CB_02,CB,1,,,65.6,,2028,841,,68.6,NE
REGULAR_SEASON,63.9,13,59.5,,,,CIN_CB_06,CB,1,,,63.6,,2028,637,,58.9,NE
REGULAR_SEASON,69.7,17,74.0,,,,NE_CB_04,CB,1,,,66.9,,2028,843,,75.1,NE
REGULAR_SEASON,64.2,16,65.1,,,,NE_S_03,S,1,,,66.7,,2028,831,,66.8,NE
REGULAR_SEASON,63.2,16,60.3,,,,BAL_S_01,S,1,,,55.6,,2028,843,,62.2,NE
REGULAR_SEASON,,17,54.2,,,,LAC_K_01,K,1,,,,,2028,102,52.6,,NE
REGULAR_SEASON,,17,55.1,,,,NO_P_01,P,1,,,,,2028,85,58.3,,NE
REGULAR_SEASON,,17,60.8,,,59.2,DAL_QB_02,QB,1,,,,59.9,2028,1103,,,NYJ
REGULAR_SEASON,,11,72.6,75.4,,,P100035_RB,RB,1,75.3,,,71.7,2028,345,,,NYJ
REGULAR_SEASON,,17,68.1,68.0,,,CIN_RB_02,RB,1,72.3,,,68.3,2028,475,,,NYJ
REGULAR_SEASON,,15,73.2,,,,NYJ_WR_02,WR,1,68.0,70.5,,,2028,643,,,NYJ
REGULAR_SEASON,,12,74.1,,,,NYJ_WR_03,WR,1,65.1,71.5,,,2028,514,,,NYJ
REGULAR_SEASON,,17,68.4,,,,JAX_WR_03,WR,1,72.1,64.7,,,2028,742,,,NYJ
REGULAR_SEASON,,17,75.3,,,,ARI_WR_01,WR,1,64.3,71.0,,,2028,725,,,NYJ
REGULAR_SEASON,,17,73.7,69.9,,,DEN_TE_01,TE,1,69.0,66.5,,,2028,672,,,NYJ
REGULAR_SEASON,,16,58.8,52.6,,,NE_TE_01,TE,1,66.5,59.3,,,2028,634,,,NYJ
REGULAR_SEASON,,15,76.4,77.4,,,HOU_OT_01,OT,1,,73.6,,,2028,959,,,NYJ
REGULAR_SEASON,,7,64.4,62.1,,,TEN_OT_04,OT,0,,61.2,,,2028,455,,,NYJ
REGULAR_SEASON,,17,80.6,71.5,,,BAL_OG_02,OG,1,,72.9,,,2028,1129,,,NYJ
REGULAR_SEASON,,15,56.2,62.0,,,NYJ_OG_01,OG,1,,55.0,,,2028,1000,,,NYJ
REGULAR_SEASON,,17,79.2,72.6,,,P100300_C,C,1,,76.5,,,2028,1101,,,NYJ
REGULAR_SEASON,,12,81.8,,73.8,,DET_EDGE_01,EDGE,1,,,74.2,,2028,525,,72.5,NYJ
REGULAR_SEASON,,14,90.3,,76.6,,JAX_EDGE_01,EDGE,1,,,88.4,,2028,590,,77.5,NYJ
REGULAR_SEASON,,17,57.4,,61.6,,NYJ_EDGE_05,EDGE,1,,,56.0,,2028,751,,57.6,NYJ
REGULAR_SEASON,,17,70.7,,66.5,,TEN_EDGE_05,EDGE,1,,,70.1,,2028,754,,65.0,NYJ
REGULAR_SEASON,,17,89.0,,80.0,,CHI_DT_01,DT,1,,,86.5,,2028,595,,74.8,NYJ
REGULAR_SEASON,,17,58.8,,56.3,,BUF_DT_05,DT,1,,,60.1,,2028,625,,58.7,NYJ
REGULAR_SEASON,,1,77.2,,70.5,,NYJ_DT_05,DT,0,,,81.6,,2028,32,,59.4,NYJ
REGULAR_SEASON,69.4,17,68.9,,67.6,,NYG_LB_02,LB,1,,,62.6,,2028,736,,65.5,NYJ
REGULAR_SEASON,62.5,15,59.1,,58.5,,NYJ_LB_02,LB,1,,,57.0,,2028,694,,58.2,NYJ
REGULAR_SEASON,64.6,17,64.9,,63.5,,CAR_LB_04,LB,1,,,68.9,,2028,801,,58.9,NYJ
REGULAR_SEASON,67.3,17,67.7,,,,JAX_CB_03,CB,1,,,66.1,,2028,850,,61.8,NYJ
REGULAR_SEASON,59.4,17,63.1,,,,CLE_CB_03,CB,1,,,62.5,,2028,837,,63.8,NYJ
REGULAR_SEASON,69.9,17,73.9,,,,NYJ_S_02,S,1,,,64.0,,2028,901,,73.7,NYJ
REGULAR_SEASON,71.2,11,70.4,,,,PHI_S_01,S,1,,,70.7,,2028,564,,66.5,NYJ
REGULAR_SEASON,68.1,13,65.8,,,,CAR_S_01,S,1,,,73.7,,2028,630,,68.9,NYJ
REGULAR_SEASON,,17,74.5,,,,PHI_K_01,K,1,,,,,2028,102,71.4,,NYJ
REGULAR_SEASON,,17,56.7,,,,SEA_P_01,P,1,,,,,2028,85,59.0,,NYJ
REGULAR_SEASON,,17,89.5,,,84.7,BAL_QB_01,QB,1,,,,83.1,2028,1072,,,BAL
REGULAR_SEASON,,17,54.2,58.1,,,P100371_RB,RB,1,57.6,,,56.3,2028,523,,,BAL
REGULAR_SEASON,,17,55.1,58.2,,,IND_RB_03,RB,1,58.7,,,49.1,2028,352,,,BAL
REGULAR_SEASON,,17,75.2,,,,ATL_WR_01,WR,1,70.3,75.4,,,2028,753,,,BAL
REGULAR_SEASON,,17,49.4,,,,BAL_WR_05,WR,1,53.9,51.6,,,2028,723,,,BAL
REGULAR_SEASON,,16,64.2,,,,BAL_WR_04,WR,1,64.8,62.5,,,2028,701,,,BAL
REGULAR_SEASON,,15,60.4,,,,BAL_WR_01,WR,1,60.5,61.4,,,2028,690,,,BAL
REGULAR_SEASON,,13,88.2,80.3,,,CLE_TE_01,TE,1,79.1,79.8,,,2028,515,,,BAL
REGULAR_SEASON,,17,63.5,65.3,,,MIA_TE_03,TE,1,60.0,60.2,,,2028,677,,,BAL
REGULAR_SEASON,,17,61.3,58.9,,,P100241_OT,OT,1,,60.0,,,2028,1138,,,BAL
REGULAR_SEASON,,12,63.7,62.5,,,P100242_OT,OT,1,,55.7,,,2028,786,,,BAL
REGULAR_SEASON,,17,86.3,76.1,,,PIT_OG_02,OG,1,,83.4,,,2028,1124,,,BAL
REGULAR_SEASON,,13,75.6,72.4,,,IND_OG_03,OG,1,,75.9,,,2028,854,,,BAL
REGULAR_SEASON,,17,68.0,58.4,,,BAL_C_01,C,1,,71.4,,,2028,1143,,,BAL
REGULAR_SEASON,,17,71.1,,72.1,,BAL_EDGE_01,EDGE,1,,,65.7,,2028,754,,63.1,BAL
REGULAR_SEASON,,17,57.1,,60.8,,P100314_EDGE,EDGE,1,,,54.6,,2028,717,,55.1,BAL
REGULAR_SEASON,,16,58.2,,58.4,,TEN_EDGE_06,EDGE,1,,,57.1,,2028,691,,53.8,BAL
REGULAR_SEASON,,17,78.8,,71.0,,P100480_EDGE,EDGE,1,,,76.4,,2028,728,,75.1,BAL
REGULAR_SEASON,,17,64.9,,60.1,,SEA_DT_01,DT,1,,,64.1,,2028,643,,64.8,BAL
REGULAR_SEASON,,12,72.2,,67.0,,P100056_DT,DT,1,,,65.8,,2028,456,,72.1,BAL
REGULAR_SEASON,,14,52.6,,61.2,,P100311_DT,DT,1,,,59.9,,2028,509,,55.3,BAL
REGULAR_SEASON,63.3,10,66.1,,70.5,,WAS_LB_04,LB,1,,,68.6,,2028,463,,63.7,BAL
REGULAR_SEASON,67.1,17,64.9,,69.4,,NE_LB_03,LB,1,,,62.4,,2028,800,,64.2,BAL
REGULAR_SEASON,82.3,17,87.1,,,,BAL_CB_03,CB,1,,,85.8,,2028,849,,74.8,BAL
REGULAR_SEASON,73.4,17,73.7,,,,BAL_CB_06,CB,1,,,70.7,,2028,836,,69.3,BAL
REGULAR_SEASON,55.2,16,53.4,,,,MIA_CB_01,CB,1,,,59.0,,2028,794,,53.7,BAL
REGULAR_SEASON,64.9,17,60.9,,,,CAR_CB_02,CB,1,,,60.6,,2028,846,,61.1,BAL
REGULAR_SEASON,71.2,17,71.9,,,,JAX_S_02,S,1,,,64.3,,2028,849,,66.6,BAL
REGULAR_SEASON,53.7,17,55.2,,,,P100243_S,S,1,,,54.0,,2028,846,,58.2,BAL
REGULAR_SEASON,72.7,17,75.6,,,,P100198_S,S,1,,,70.5,,2028,894,,69.8,BAL
REGULAR_SEASON,,17,69.3,,,,SF_K_01,K,1,,,,,2028,102,64.8,,BAL
REGULAR_SEASON,,17,56.3,,,,ATL_P_02,P,1,,,,,2028,85,59.5,,BAL
REGULAR_SEASON,,17,89.4,,,83.9,CAR_QB_01,QB,1,,,,81.5,2028,1091,,,CLE
REGULAR_SEASON,,13,51.0,53.0,,,CLE_RB_03,RB,1,56.0,,,54.4,2028,533,,,CLE
REGULAR_SEASON,,17,79.6,,,,CLE_WR_02,WR,1,71.4,75.6,,,2028,751,,,CLE
REGULAR_SEASON,,17,80.0,,,,CLE_WR_06,WR,1,77.3,72.9,,,2028,745,,,CLE
REGULAR_SEASON,,17,59.3,,,,JAX_WR_02,WR,1,60.5,58.7,,,2028,719,,,CLE
REGULAR_SEASON,,15,79.5,,,,P100365_WR,WR,1,78.6,76.2,,,2028,643,,,CLE
REGULAR_SEASON,,17,67.3,67.8,,,CLE_TE_02,TE,1,64.5,63.7,,,2028,633,,,CLE
REGULAR_SEASON,,17,56.6,59.9,,,MIN_TE_02,TE,1,58.6,58.9,,,2028,676,,,CLE
REGULAR_SEASON,,17,80.3,81.8,,,TEN_OT_01,OT,1,,71.6,,,2028,1085,,,CLE
REGULAR_SEASON,,17,82.4,76.5,,,CLE_OT_02,OT,1,,80.4,,,2028,1090,,,CLE
REGULAR_SEASON,,17,59.5,54.8,,,CLE_OG_02,OG,1,,57.9,,,2028,1103,,,CLE
REGULAR_SEASON,,3,67.9,57.2,,,CIN_OG_01,OG,0,,72.9,,,2028,200,,,CLE
REGULAR_SEASON,,17,58.9,58.5,,,NYJ_C_01,C,1,,55.2,,,2028,1101,,,CLE
REGULAR_SEASON,,17,82.6,,71.1,,CLE_EDGE_01,EDGE,1,,,74.5,,2028,731,,78.6,CLE
REGULAR_SEASON,,17,72.1,,69.4,,TB_EDGE_02,EDGE,1,,,66.9,,2028,732,,68.4,CLE
REGULAR_SEASON,,17,61.0,,64.1,,P100018_EDGE,EDGE,1,,,59.9,,2028,714,,61.2,CLE
REGULAR_SEASON,,17,48.6,,54.8,,P100146_EDGE,EDGE,1,,,49.3,,2028,731,,50.4,CLE
REGULAR_SEASON,,17,69.7,,67.2,,P100324_DT,DT,1,,,69.2,,2028,635,,63.6,CLE
REGULAR_SEASON,,17,73.2,,69.5,,CLE_DT_02,DT,1,,,64.4,,2028,653,,65.8,CLE
REGULAR_SEASON,,10,76.6,,64.0,,P100325_DT,DT,1,,,64.7,,2028,371,,83.2,CLE
REGULAR_SEASON,73.9,12,77.2,,68.2,,CIN_LB_02,LB,1,,,67.5,,2028,563,,76.1,CLE
REGULAR_SEASON,51.6,13,58.0,,62.0,,KC_LB_02,LB,1,,,56.6,,2028,601,,49.9,CLE
REGULAR_SEASON,69.4,11,82.6,,77.6,,CLE_LB_02,LB,1,,,66.7,,2028,492,,74.8,CLE
REGULAR_SEASON,75.3,17,71.7,,,,DAL_CB_05,CB,1,,,68.6,,2028,846,,69.3,CLE
REGULAR_SEASON,58.9,17,57.5,,,,DET_CB_04,CB,1,,,53.9,,2028,861,,63.3,CLE
REGULAR_SEASON,62.1,17,63.1,,,,TEN_CB_01,CB,1,,,61.4,,2028,858,,61.8,CLE
REGULAR_SEASON,57.1,17,56.5,,,,NE_CB_02,CB,1,,,61.7,,2028,822,,58.6,CLE
REGULAR_SEASON,64.3,14,63.6,,,,NYG_S_01,S,1,,,58.1,,2028,707,,69.3,CLE
REGULAR_SEASON,63.1,13,56.3,,,,P100462_S,S,1,,,61.2,,2028,670,,57.7,CLE
REGULAR_SEASON,63.2,5,65.0,,,,P100142_S,S,0,,,67.1,,2028,255,,61.8,CLE
REGULAR_SEASON,,16,69.5,,,,CLE_K_01,K,1,,,,,2028,96,71.4,,CLE
REGULAR_SEASON,,13,63.3,,,,TEN_P_01,P,1,,,,,2028,65,62.7,,CLE
REGULAR_SEASON,,11,80.2,,,75.6,LV_QB_01,QB,1,,,,72.3,2028,704,,,LV
REGULAR_SEASON,,17,62.2,55.8,,,ARI_RB_02,RB,1,60.9,,,61.0,2028,520,,,LV
REGULAR_SEASON,,17,59.8,56.1,,,SF_RB_04,RB,1,56.6,,,61.8,2028,383,,,LV
REGULAR_SEASON,,17,89.8,,,,LV_WR_01,WR,1,78.6,84.2,,,2028,763,,,LV
REGULAR_SEASON,,17,63.7,,,,BAL_WR_02,WR,1,60.8,57.4,,,2028,720,,,LV
REGULAR_SEASON,,17,64.2,,,,SEA_WR_03,WR,1,67.9,63.7,,,2028,719,,,LV
REGULAR_SEASON,,14,49.8,,,,LAR_WR_08,WR,1,54.2,47.7,,,2028,616,,,LV
REGULAR_SEASON,,16,70.3,66.9,,,P100219_TE,TE,1,66.3,67.7,,,2028,642,,,LV
REGULAR_SEASON,,1,41.8,69.6,,,P100212_TE,TE,0,48.8,43.8,,,2028,42,,,LV
REGULAR_SEASON,,17,70.1,69.3,,,LV_OT_02,OT,1,,68.2,,,2028,1138,,,LV
REGULAR_SEASON,,11,57.9,64.6,,,KC_OT_05,OT,1,,66.4,,,2028,705,,,LV
REGULAR_SEASON,,17,68.8,64.3,,,LV_OG_01,OG,1,,68.4,,,2028,1103,,,LV
REGULAR_SEASON,,16,53.0,56.8,,,DET_OG_03,OG,1,,53.7,,,2028,1051,,,LV
REGULAR_SEASON,,17,49.8,51.3,,,LV_C_02,C,1,,51.2,,,2028,1126,,,LV
REGULAR_SEASON,,16,85.1,,78.6,,LV_EDGE_04,EDGE,1,,,76.4,,2028,715,,73.4,LV
REGULAR_SEASON,,17,73.5,,68.7,,SF_EDGE_01,EDGE,1,,,71.4,,2028,757,,73.5,LV
REGULAR_SEASON,,16,74.3,,71.2,,KC_EDGE_04,EDGE,1,,,70.1,,2028,694,,74.9,LV
REGULAR_SEASON,,16,54.2,,55.3,,P100574_EDGE,EDGE,1,,,51.9,,2028,686,,58.0,LV
REGULAR_SEASON,,17,60.2,,60.3,,LV_DT_01,DT,1,,,59.3,,2028,645,,61.4,LV
REGULAR_SEASON,,17,61.8,,64.5,,LV_DT_03,DT,1,,,62.8,,2028,648,,64.3,LV
REGULAR_SEASON,,1,65.9,,54.8,,LV_DT_05,DT,0,,,73.3,,2028,30,,80.1,LV
REGULAR_SEASON,72.6,17,77.3,,66.3,,PIT_LB_01,LB,1,,,73.8,,2028,791,,70.4,LV
REGULAR_SEASON,59.3,17,54.8,,55.7,,P100333_LB,LB,1,,,60.2,,2028,760,,55.7,LV
REGULAR_SEASON,63.2,17,65.5,,66.5,,BUF_LB_04,LB,1,,,65.1,,2028,726,,68.3,LV
REGULAR_SEASON,68.4,13,71.9,,,,LV_CB_03,CB,1,,,69.5,,2028,637,,70.7,LV
REGULAR_SEASON,54.5,17,55.1,,,,LV_CB_06,CB,1,,,61.9,,2028,843,,56.2,LV
REGULAR_SEASON,63.1,17,61.2,,,,PHI_CB_01,CB,1,,,60.2,,2028,854,,66.7,LV
REGULAR_SEASON,52.0,5,57.4,,,,LV_CB_04,CB,0,,,61.4,,2028,239,,57.9,LV
REGULAR_SEASON,59.2,16,59.7,,,,BAL_S_04,S,1,,,60.3,,2028,809,,64.5,LV
REGULAR_SEASON,59.4,17,59.1,,,,BUF_S_03,S,1,,,61.0,,2028,885,,61.7,LV
REGULAR_SEASON,61.5,14,63.1,,,,LAC_S_04,S,1,,,63.2,,2028,729,,61.3,LV
REGULAR_SEASON,,17,64.5,,,,LV_K_01,K,1,,,,,2028,102,65.3,,LV
REGULAR_SEASON,,17,68.6,,,,CAR_P_01,P,1,,,,,2028,85,73.8,,LV
REGULAR_SEASON,,9,92.2,,,87.3,DEN_QB_01,QB,1,,,,89.9,2028,562,,,DEN
REGULAR_SEASON,,17,64.5,66.2,,,NYG_RB_01,RB,1,64.8,,,65.8,2028,522,,,DEN
REGULAR_SEASON,,17,53.6,57.4,,,DEN_RB_03,RB,1,56.3,,,55.8,2028,371,,,DEN
REGULAR_SEASON,,16,82.9,,,,DEN_WR_01,WR,1,77.1,79.7,,,2028,689,,,DEN
REGULAR_SEASON,,10,77.5,,,,ATL_WR_03,WR,1,66.7,72.8,,,2028,439,,,DEN
REGULAR_SEASON,,15,71.9,,,,DEN_WR_02,WR,1,63.6,64.8,,,2028,632,,,DEN
REGULAR_SEASON,,17,61.7,,,,CAR_WR_05,WR,1,63.3,61.3,,,2028,726,,,DEN
REGULAR_SEASON,,17,61.8,61.6,,,CIN_TE_03,TE,1,56.1,60.6,,,2028,700,,,DEN
REGULAR_SEASON,,14,70.3,70.8,,,GB_OT_01,OT,1,,71.1,,,2028,924,,,DEN
REGULAR_SEASON,,17,80.7,79.8,,,BAL_OT_02,OT,1,,79.9,,,2028,1116,,,DEN
REGULAR_SEASON,,17,65.8,62.6,,,SF_OG_01,OG,1,,67.1,,,2028,1105,,,DEN
REGULAR_SEASON,,17,70.2,67.4,,,JAX_OG_01,OG,1,,61.5,,,2028,1112,,,DEN
REGULAR_SEASON,,10,74.8,74.0,,,NO_C_01,C,1,,70.9,,,2028,657,,,DEN
REGULAR_SEASON,,17,87.6,,78.3,,BAL_EDGE_02,EDGE,1,,,77.1,,2028,770,,80.8,DEN
REGULAR_SEASON,,17,80.7,,72.7,,GB_EDGE_03,EDGE,1,,,71.2,,2028,740,,74.4,DEN
REGULAR_SEASON,,16,49.0,,54.6,,P100114_EDGE,EDGE,1,,,53.0,,2028,712,,55.8,DEN
REGULAR_SEASON,,17,55.8,,54.1,,DEN_EDGE_05,EDGE,1,,,51.2,,2028,752,,57.5,DEN
REGULAR_SEASON,,17,87.6,,81.9,,DEN_DT_02,DT,1,,,82.7,,2028,675,,77.1,DEN
REGULAR_SEASON,,17,72.3,,63.1,,SF_DT_02,DT,1,,,65.2,,2028,645,,69.9,DEN
REGULAR_SEASON,,15,61.9,,63.6,,MIN_DT_04,DT,1,,,63.2,,2028,554,,62.2,DEN
REGULAR_SEASON,58.8,13,60.4,,62.8,,LV_LB_01,LB,1,,,65.8,,2028,600,,60.8,DEN
REGULAR_SEASON,74.7,12,76.2,,74.4,,P100329_LB,LB,1,,,67.2,,2028,535,,71.0,DEN
REGULAR_SEASON,63.4,17,67.2,,66.9,,DEN_LB_03,LB,1,,,61.3,,2028,774,,64.0,DEN
REGULAR_SEASON,64.5,16,71.7,,,,DEN_CB_02,CB,1,,,70.8,,2028,776,,67.4,DEN
REGULAR_SEASON,66.7,17,76.2,,,,DEN_CB_03,CB,1,,,73.3,,2028,845,,70.6,DEN
REGULAR_SEASON,71.4,17,69.5,,,,P100366_CB,CB,1,,,63.4,,2028,838,,68.8,DEN
REGULAR_SEASON,65.4,15,69.5,,,,KC_CB_06,CB,1,,,65.4,,2028,755,,68.2,DEN
REGULAR_SEASON,62.3,17,67.6,,,,PHI_S_02,S,1,,,65.1,,2028,868,,64.6,DEN
REGULAR_SEASON,72.6,14,76.6,,,,CAR_S_03,S,1,,,71.2,,2028,737,,72.6,DEN
REGULAR_SEASON,55.2,15,50.6,,,,IND_S_01,S,1,,,51.7,,2028,772,,45.6,DEN
REGULAR_SEASON,,16,79.2,,,,NYJ_K_01,K,1,,,,,2028,96,74.7,,DEN
REGULAR_SEASON,,13,80.2,,,,P100081_P,P,1,,,,,2028,65,74.2,,DEN
REGULAR_SEASON,,17,66.9,,,66.9,P100074_QB,QB,1,,,,67.1,2028,1085,,,MIA
REGULAR_SEASON,,16,67.2,63.8,,,PHI_RB_03,RB,1,63.2,,,65.9,2028,691,,,MIA
REGULAR_SEASON,,10,70.0,,,,PIT_WR_03,WR,1,71.5,67.2,,,2028,442,,,MIA
REGULAR_SEASON,,16,68.6,,,,IND_WR_03,WR,1,71.8,69.0,,,2028,699,,,MIA
REGULAR_SEASON,,17,64.9,,,,CAR_WR_02,WR,1,58.4,64.8,,,2028,735,,,MIA
REGULAR_SEASON,,8,58.3,,,,TB_WR_02,WR,1,57.7,62.6,,,2028,335,,,MIA
REGULAR_SEASON,,17,65.9,68.7,,,MIA_TE_02,TE,1,61.2,60.2,,,2028,689,,,MIA
REGULAR_SEASON,,17,70.9,69.9,,,WAS_TE_01,TE,1,70.5,76.7,,,2028,668,,,MIA
REGULAR_SEASON,,17,60.2,65.1,,,KC_OT_01,OT,1,,64.7,,,2028,1133,,,MIA
REGULAR_SEASON,,2,66.2,73.0,,,DET_OT_04,OT,0,,70.4,,,2028,127,,,MIA
REGULAR_SEASON,,15,50.8,55.4,,,P100060_OG,OG,1,,47.6,,,2028,1007,,,MIA
REGULAR_SEASON,,2,72.2,74.8,,,P100141_OG,OG,0,,60.6,,,2028,141,,,MIA
REGULAR_SEASON,,9,80.5,76.8,,,MIN_C_01,C,1,,82.2,,,2028,585,,,MIA
REGULAR_SEASON,,17,63.3,,58.0,,PIT_EDGE_02,EDGE,1,,,61.1,,2028,739,,67.1,MIA
REGULAR_SEASON,,17,56.5,,63.4,,KC_EDGE_05,EDGE,1,,,56.1,,2028,724,,65.2,MIA
REGULAR_SEASON,,11,67.4,,64.8,,NO_EDGE_03,EDGE,1,,,60.3,,2028,490,,74.1,MIA
REGULAR_SEASON,,12,76.5,,71.1,,PHI_EDGE_03,EDGE,1,,,70.0,,2028,510,,72.6,MIA
REGULAR_SEASON,,17,89.6,,85.4,,KC_DT_01,DT,1,,,89.6,,2028,655,,83.0,MIA
REGULAR_SEASON,,16,84.4,,77.7,,MIA_DT_01,DT,1,,,76.7,,2028,606,,77.8,MIA
REGULAR_SEASON,,17,68.9,,68.8,,BUF_DT_02,DT,1,,,61.7,,2028,661,,69.9,MIA
REGULAR_SEASON,55.6,2,57.0,,58.3,,NO_LB_02,LB,0,,,54.7,,2028,95,,62.2,MIA
REGULAR_SEASON,64.8,16,70.2,,69.3,,CAR_LB_02,LB,1,,,66.9,,2028,750,,66.2,MIA
REGULAR_SEASON,62.2,17,56.4,,61.2,,FA_LB_118,LB,1,,,55.0,,2028,756,,62.8,MIA
REGULAR_SEASON,72.2,17,74.1,,,,ATL_CB_02,CB,1,,,70.4,,2028,853,,70.8,MIA
REGULAR_SEASON,75.2,17,75.3,,,,CIN_CB_03,CB,1,,,69.6,,2028,839,,70.5,MIA
REGULAR_SEASON,64.1,16,54.0,,,,NYG_CB_03,CB,1,,,54.4,,2028,795,,57.8,MIA
REGULAR_SEASON,56.6,17,50.6,,,,BUF_CB_07,CB,1,,,56.2,,2028,841,,51.5,MIA
REGULAR_SEASON,75.6,14,73.4,,,,P100363_S,S,1,,,69.3,,2028,686,,71.3,MIA
REGULAR_SEASON,65.6,12,65.0,,,,CHI_S_04,S,1,,,60.4,,2028,601,,64.1,MIA
REGULAR_SEASON,64.6,17,61.4,,,,ATL_S_05,S,1,,,58.9,,2028,887,,59.1,MIA
REGULAR_SEASON,,3,58.5,,,,TB_K_01,K,0,,,,,2028,18,56.9,,MIA
REGULAR_SEASON,,17,58.1,,,,MIA_P_01,P,1,,,,,2028,85,55.3,,MIA
REGULAR_SEASON,,17,53.3,,,53.4,LAC_QB_01,QB,1,,,,57.2,2028,1075,,,LAC
REGULAR_SEASON,,16,62.2,64.1,,,LAC_RB_02,RB,1,67.0,,,60.0,2028,523,,,LAC
REGULAR_SEASON,,15,51.1,56.0,,,P100430_RB,RB,1,52.9,,,52.0,2028,349,,,LAC
REGULAR_SEASON,,13,78.6,,,,SF_WR_03,WR,1,65.0,74.9,,,2028,587,,,LAC
REGULAR_SEASON,,10,59.1,,,,GB_WR_01,WR,1,60.4,55.4,,,2028,439,,,LAC
REGULAR_SEASON,,12,75.6,,,,SF_WR_02,WR,1,75.4,66.7,,,2028,518,,,LAC
REGULAR_SEASON,,16,70.0,,,,ARI_WR_03,WR,1,65.4,68.7,,,2028,688,,,LAC
REGULAR_SEASON,,15,48.4,57.6,,,KC_TE_04,TE,1,56.8,53.7,,,2028,612,,,LAC
REGULAR_SEASON,,16,70.8,64.6,,,DEN_OT_02,OT,1,,68.2,,,2028,1026,,,LAC
REGULAR_SEASON,,17,50.8,58.9,,,P100581_OT,OT,1,,50.3,,,2028,1100,,,LAC
REGULAR_SEASON,,15,46.5,48.9,,,LAC_OG_03,OG,1,,54.7,,,2028,989,,,LAC
REGULAR_SEASON,,7,53.0,50.8,,,P100558_OG,OG,0,,67.7,,,2028,454,,,LAC
REGULAR_SEASON,,17,88.3,78.7,,,CHI_C_01,C,1,,81.0,,,2028,1104,,,LAC
REGULAR_SEASON,,15,72.9,,77.4,,P100221_EDGE,EDGE,1,,,70.0,,2028,648,,69.5,LAC
REGULAR_SEASON,,17,60.2,,62.1,,P100009_EDGE,EDGE,1,,,58.4,,2028,772,,63.8,LAC
REGULAR_SEASON,,14,55.0,,66.7,,P100452_EDGE,EDGE,1,,,61.0,,2028,618,,58.4,LAC
REGULAR_SEASON,,17,74.3,,73.9,,SEA_DT_02,DT,1,,,71.8,,2028,621,,69.1,LAC
REGULAR_SEASON,,10,61.1,,62.7,,JAX_DT_04,DT,1,,,61.8,,2028,363,,63.4,LAC
REGULAR_SEASON,,17,68.3,,62.6,,DET_DT_03,DT,1,,,63.5,,2028,645,,65.4,LAC
REGULAR_SEASON,60.7,17,62.2,,64.6,,LAC_LB_05,LB,1,,,60.9,,2028,779,,61.9,LAC
REGULAR_SEASON,71.5,17,76.9,,,,P100422_CB,CB,1,,,71.4,,2028,841,,76.8,LAC
REGULAR_SEASON,74.0,17,77.7,,,,LAC_CB_02,CB,1,,,76.5,,2028,855,,70.7,LAC
REGULAR_SEASON,49.9,15,44.3,,,,P100527_CB,CB,1,,,45.4,,2028,723,,47.9,LAC
REGULAR_SEASON,64.8,17,74.2,,,,P100075_S,S,1,,,70.8,,2028,914,,71.4,LAC
REGULAR_SEASON,57.1,17,53.8,,,,LAC_S_02,S,1,,,55.9,,2028,874,,60.9,LAC
REGULAR_SEASON,61.6,17,58.3,,,,P100158_S,S,1,,,64.6,,2028,907,,60.4,LAC
REGULAR_SEASON,,17,54.0,,,,TEN_K_01,K,1,,,,,2028,102,61.6,,LAC
REGULAR_SEASON,,17,69.5,,,,LAC_P_01,P,1,,,,,2028,85,70.3,,LAC
REGULAR_SEASON,,17,86.2,,,81.9,CIN_QB_01,QB,1,,,,77.0,2028,1093,,,PIT
REGULAR_SEASON,,17,73.4,77.6,,,PIT_RB_01,RB,1,67.6,,,66.3,2028,697,,,PIT
REGULAR_SEASON,,15,67.0,,,,CHI_WR_01,WR,1,61.6,62.5,,,2028,640,,,PIT
REGULAR_SEASON,,17,53.9,,,,PIT_WR_06,WR,1,62.3,56.0,,,2028,728,,,PIT
REGULAR_SEASON,,17,75.7,,,,ATL_WR_05,WR,1,67.3,73.1,,,2028,753,,,PIT
REGULAR_SEASON,,14,67.4,,,,ATL_WR_04,WR,1,65.9,64.1,,,2028,619,,,PIT
REGULAR_SEASON,,11,74.5,64.8,,,DET_TE_03,TE,1,79.5,71.1,,,2028,437,,,PIT
REGULAR_SEASON,,17,66.9,71.2,,,LV_OT_01,OT,1,,64.1,,,2028,1115,,,PIT
REGULAR_SEASON,,17,76.2,72.3,,,CIN_OT_01,OT,1,,75.9,,,2028,1119,,,PIT
REGULAR_SEASON,,17,85.5,76.0,,,PIT_OG_01,OG,1,,75.4,,,2028,1121,,,PIT
REGULAR_SEASON,,13,73.0,72.8,,,ARI_OG_01,OG,1,,75.7,,,2028,843,,,PIT
REGULAR_SEASON,,17,68.1,67.3,,,PIT_C_01,C,1,,64.5,,,2028,1108,,,PIT
REGULAR_SEASON,,17,71.2,,64.8,,CLE_EDGE_02,EDGE,1,,,67.7,,2028,735,,71.5,PIT
REGULAR_SEASON,,11,59.6,,69.6,,PIT_EDGE_05,EDGE,1,,,66.9,,2028,480,,61.9,PIT
REGULAR_SEASON,,14,61.6,,64.9,,CIN_EDGE_02,EDGE,1,,,61.5,,2028,627,,63.2,PIT
REGULAR_SEASON,,16,67.7,,70.0,,DET_EDGE_04,EDGE,1,,,70.3,,2028,698,,66.9,PIT
REGULAR_SEASON,,16,62.5,,68.1,,DET_DT_04,DT,1,,,65.2,,2028,614,,60.0,PIT
REGULAR_SEASON,,12,42.1,,49.4,,P100135_DT,DT,1,,,47.5,,2028,439,,45.0,PIT
REGULAR_SEASON,77.3,13,75.7,,67.8,,PIT_LB_04,LB,1,,,78.8,,2028,599,,67.0,PIT
REGULAR_SEASON,65.7,15,71.4,,68.5,,SEA_LB_01,LB,1,,,71.3,,2028,697,,69.5,PIT
REGULAR_SEASON,75.0,15,84.0,,73.3,,LAC_LB_01,LB,1,,,70.7,,2028,675,,76.4,PIT
REGULAR_SEASON,71.4,11,77.5,,,,PIT_CB_03,CB,1,,,75.7,,2028,519,,73.8,PIT
REGULAR_SEASON,74.5,16,74.2,,,,PIT_CB_02,CB,1,,,73.2,,2028,803,,69.8,PIT
REGULAR_SEASON,77.9,17,81.7,,,,PIT_CB_05,CB,1,,,80.1,,2028,827,,70.5,PIT
REGULAR_SEASON,60.7,15,61.6,,,,DET_CB_07,CB,1,,,64.6,,2028,752,,56.0,PIT
REGULAR_SEASON,54.2,12,45.8,,,,P100347_S,S,1,,,51.2,,2028,634,,42.6,PIT
REGULAR_SEASON,70.2,17,74.2,,,,P100428_S,S,1,,,73.0,,2028,865,,70.4,PIT
REGULAR_SEASON,68.9,17,69.7,,,,P100310_S,S,1,,,69.6,,2028,870,,66.2,PIT
REGULAR_SEASON,,17,79.5,,,,GB_K_01,K,1,,,,,2028,102,72.5,,PIT
REGULAR_SEASON,,17,70.9,,,,CLE_P_01,P,1,,,,,2028,85,61.7,,PIT
REGULAR_SEASON,,17,64.9,,,66.1,NO_QB_01,QB,1,,,,61.8,2028,1060,,,TEN
REGULAR_SEASON,,17,61.4,61.6,,,BAL_RB_03,RB,1,63.9,,,60.6,2028,381,,,TEN
REGULAR_SEASON,,16,76.7,,,,TEN_WR_03,WR,1,75.1,77.8,,,2028,698,,,TEN
REGULAR_SEASON,,14,67.6,,,,ATL_WR_02,WR,1,65.1,68.9,,,2028,586,,,TEN
REGULAR_SEASON,,16,76.9,,,,TEN_WR_01,WR,1,71.1,75.3,,,2028,676,,,TEN
REGULAR_SEASON,,15,78.0,,,,DAL_WR_03,WR,1,74.1,69.4,,,2028,657,,,TEN
REGULAR_SEASON,,17,67.7,68.9,,,TEN_TE_03,TE,1,62.3,70.1,,,2028,682,,,TEN
REGULAR_SEASON,,12,77.5,71.9,,,CLE_OT_01,OT,1,,71.0,,,2028,784,,,TEN
REGULAR_SEASON,,15,53.4,57.2,,,PIT_OT_02,OT,1,,51.1,,,2028,983,,,TEN
REGULAR_SEASON,,13,54.3,56.9,,,PIT_OG_04,OG,1,,59.4,,,2028,831,,,TEN
REGULAR_SEASON,,15,68.2,68.0,,,CAR_OG_04,OG,1,,63.9,,,2028,971,,,TEN
REGULAR_SEASON,,16,57.4,63.0,,,P100005_C,C,1,,66.3,,,2028,1064,,,TEN
REGULAR_SEASON,,17,66.9,,69.2,,NO_EDGE_02,EDGE,1,,,67.6,,2028,746,,68.4,TEN
REGULAR_SEASON,,17,71.5,,67.4,,TEN_EDGE_02,EDGE,1,,,73.9,,2028,722,,70.2,TEN
REGULAR_SEASON,,17,72.7,,71.7,,LAC_EDGE_01,EDGE,1,,,67.9,,2028,740,,73.1,TEN
REGULAR_SEASON,,14,68.3,,68.1,,BUF_EDGE_02,EDGE,1,,,64.5,,2028,636,,65.2,TEN
REGULAR_SEASON,,13,67.1,,68.7,,TEN_DT_01,DT,1,,,62.4,,2028,507,,64.5,TEN
REGULAR_SEASON,,12,62.8,,59.5,,KC_DT_03,DT,1,,,55.4,,2028,440,,56.2,TEN
REGULAR_SEASON,,14,66.2,,68.2,,LAC_DT_02,DT,1,,,64.7,,2028,524,,65.6,TEN
REGULAR_SEASON,80.7,16,79.5,,76.3,,TEN_LB_01,LB,1,,,74.2,,2028,731,,74.7,TEN
REGULAR_SEASON,77.2,10,76.0,,75.1,,DET_LB_04,LB,1,,,72.3,,2028,457,,65.6,TEN
REGULAR_SEASON,56.6,9,62.2,,61.1,,P100252_LB,LB,1,,,63.6,,2028,431,,56.5,TEN
REGULAR_SEASON,67.1,13,65.9,,,,TEN_CB_03,CB,1,,,65.4,,2028,639,,67.1,TEN
REGULAR_SEASON,68.8,17,64.3,,,,PIT_CB_01,CB,1,,,66.1,,2028,841,,62.5,TEN
REGULAR_SEASON,67.9,17,67.2,,,,LAR_CB_08,CB,1,,,66.8,,2028,829,,60.9,TEN
REGULAR_SEASON,57.2,17,54.8,,,,TEN_CB_04,CB,1,,,57.5,,2028,838,,53.9,TEN
REGULAR_SEASON,70.4,17,74.8,,,,TEN_S_01,S,1,,,76.4,,2028,860,,72.1,TEN
REGULAR_SEASON,72.0,15,69.9,,,,FA_S_181,S,1,,,67.3,,2028,795,,63.7,TEN
REGULAR_SEASON,62.9,15,63.2,,,,CLE_S_03,S,1,,,66.4,,2028,773,,63.3,TEN
REGULAR_SEASON,,17,77.6,,,,MIN_K_01,K,1,,,,,2028,102,74.8,,TEN
REGULAR_SEASON,,17,78.5,,,,CIN_P_01,P,1,,,,,2028,85,75.6,,TEN
REGULAR_SEASON,,14,66.8,,,64.4,HOU_QB_01,QB,1,,,,63.5,2028,880,,,DAL
REGULAR_SEASON,,15,54.9,59.8,,,KC_RB_03,RB,1,55.3,,,56.3,2028,607,,,DAL
REGULAR_SEASON,,16,67.1,,,,DAL_WR_02,WR,1,66.9,66.4,,,2028,704,,,DAL
REGULAR_SEASON,,17,58.8,,,,DAL_WR_08,WR,1,59.4,58.8,,,2028,754,,,DAL
REGULAR_SEASON,,17,69.1,,,,PIT_WR_08,WR,1,67.9,66.1,,,2028,735,,,DAL
REGULAR_SEASON,,5,57.0,,,,P100431_WR,WR,0,56.4,58.1,,,2028,221,,,DAL
REGULAR_SEASON,,13,68.3,61.2,,,MIN_TE_01,TE,1,66.1,58.2,,,2028,508,,,DAL
REGULAR_SEASON,,14,53.0,52.8,,,BUF_TE_03,TE,1,49.7,54.7,,,2028,540,,,DAL
REGULAR_SEASON,,10,74.2,73.7,,,DAL_OT_04,OT,1,,74.7,,,2028,640,,,DAL
REGULAR_SEASON,,5,62.0,59.9,,,TB_OT_04,OT,0,,56.0,,,2028,330,,,DAL
REGULAR_SEASON,,12,77.6,68.9,,,TB_OG_01,OG,1,,74.7,,,2028,778,,,DAL
REGULAR_SEASON,,17,56.8,60.6,,,CHI_OG_03,OG,1,,61.2,,,2028,1093,,,DAL
REGULAR_SEASON,,15,69.6,59.8,,,DET_C_01,C,1,,71.9,,,2028,977,,,DAL
REGULAR_SEASON,,17,80.6,,78.9,,CAR_EDGE_02,EDGE,1,,,73.2,,2028,749,,75.7,DAL
REGULAR_SEASON,,17,78.0,,70.3,,DEN_EDGE_02,EDGE,1,,,74.9,,2028,740,,76.8,DAL
REGULAR_SEASON,,17,83.4,,76.9,,P100279_EDGE,EDGE,1,,,75.5,,2028,752,,82.0,DAL
REGULAR_SEASON,,15,58.3,,66.7,,DAL_EDGE_03,EDGE,1,,,56.8,,2028,658,,57.3,DAL
REGULAR_SEASON,,17,76.2,,76.5,,GB_DT_02,DT,1,,,70.0,,2028,646,,71.3,DAL
REGULAR_SEASON,,17,57.4,,59.2,,NYJ_DT_02,DT,1,,,58.9,,2028,650,,52.0,DAL
REGULAR_SEASON,,14,56.0,,52.9,,NYJ_DT_03,DT,1,,,52.5,,2028,511,,63.9,DAL
REGULAR_SEASON,71.6,17,78.5,,67.7,,PHI_LB_02,LB,1,,,73.1,,2028,776,,75.3,DAL
REGULAR_SEASON,62.7,14,63.9,,65.6,,P100489_LB,LB,1,,,62.6,,2028,650,,62.5,DAL
REGULAR_SEASON,69.4,17,71.8,,69.8,,CLE_LB_01,LB,1,,,66.3,,2028,773,,66.9,DAL
REGULAR_SEASON,72.2,17,77.9,,,,DAL_CB_03,CB,1,,,80.1,,2028,837,,73.2,DAL
REGULAR_SEASON,76.0,17,84.0,,,,GB_CB_04,CB,1,,,77.0,,2028,833,,75.4,DAL
REGULAR_SEASON,69.8,17,63.9,,,,BAL_CB_01,CB,1,,,63.6,,2028,827,,67.2,DAL
REGULAR_SEASON,60.2,17,59.0,,,,ATL_CB_05,CB,1,,,60.4,,2028,815,,59.7,DAL
REGULAR_SEASON,68.3,17,71.4,,,,PIT_S_01,S,1,,,66.6,,2028,885,,68.0,DAL
REGULAR_SEASON,58.1,17,56.5,,,,P100210_S,S,1,,,59.7,,2028,907,,57.6,DAL
REGULAR_SEASON,,16,64.2,,,,NE_K_01,K,1,,,,,2028,96,66.2,,DAL
REGULAR_SEASON,,14,49.9,,,,TB_P_02,P,1,,,,,2028,70,54.3,,DAL
REGULAR_SEASON,,12,76.0,,,67.7,TB_QB_02,QB,1,,,,73.8,2028,754,,,ARI
REGULAR_SEASON,,16,54.2,53.3,,,P100464_RB,RB,1,56.6,,,53.8,2028,504,,,ARI
REGULAR_SEASON,,17,67.8,69.1,,,ARI_RB_01,RB,1,65.1,,,69.6,2028,373,,,ARI
REGULAR_SEASON,,13,65.8,,,,BAL_WR_03,WR,1,62.1,64.2,,,2028,572,,,ARI
REGULAR_SEASON,,17,78.1,,,,P100447_WR,WR,1,72.0,75.5,,,2028,731,,,ARI
REGULAR_SEASON,,17,66.5,,,,NYJ_WR_08,WR,1,63.8,62.1,,,2028,756,,,ARI
REGULAR_SEASON,,15,44.0,,,,ARI_WR_08,WR,1,50.2,53.6,,,2028,653,,,ARI
REGULAR_SEASON,,15,82.3,77.7,,,ARI_TE_01,TE,1,77.8,76.8,,,2028,586,,,ARI
REGULAR_SEASON,,14,75.4,65.4,,,ARI_OT_01,OT,1,,72.3,,,2028,907,,,ARI
REGULAR_SEASON,,15,69.4,64.6,,,CAR_OT_03,OT,1,,68.9,,,2028,1015,,,ARI
REGULAR_SEASON,,14,77.9,74.8,,,ARI_OG_04,OG,1,,76.3,,,2028,908,,,ARI
REGULAR_SEASON,,15,52.4,51.9,,,LAC_OG_01,OG,1,,57.0,,,2028,1009,,,ARI
REGULAR_SEASON,,17,74.2,72.0,,,ARI_C_01,C,1,,71.3,,,2028,1141,,,ARI
REGULAR_SEASON,,14,53.6,,57.8,,P100478_EDGE,EDGE,1,,,55.0,,2028,583,,54.9,ARI
REGULAR_SEASON,,16,66.6,,61.5,,ARI_EDGE_01,EDGE,1,,,71.6,,2028,691,,64.8,ARI
REGULAR_SEASON,,17,58.4,,59.2,,P100562_EDGE,EDGE,1,,,55.4,,2028,717,,58.4,ARI
REGULAR_SEASON,,17,59.2,,64.8,,P100561_EDGE,EDGE,1,,,57.3,,2028,772,,57.7,ARI
REGULAR_SEASON,,15,73.3,,75.1,,JAX_DT_02,DT,1,,,66.3,,2028,575,,64.5,ARI
REGULAR_SEASON,,17,63.4,,65.0,,ARI_DT_01,DT,1,,,66.0,,2028,633,,61.5,ARI
REGULAR_SEASON,,15,74.2,,68.5,,DET_DT_05,DT,1,,,64.0,,2028,542,,66.6,ARI
REGULAR_SEASON,68.9,17,64.6,,63.3,,ARI_LB_02,LB,1,,,61.9,,2028,750,,61.4,ARI
REGULAR_SEASON,66.6,17,67.1,,64.8,,ARI_LB_01,LB,1,,,68.6,,2028,793,,67.3,ARI
REGULAR_SEASON,76.2,16,76.1,,,,CAR_CB_01,CB,1,,,69.9,,2028,817,,74.8,ARI
REGULAR_SEASON,77.5,17,83.5,,,,KC_CB_02,CB,1,,,76.9,,2028,865,,76.9,ARI
REGULAR_SEASON,74.2,15,82.6,,,,DEN_CB_01,CB,1,,,78.3,,2028,752,,78.4,ARI
REGULAR_SEASON,71.4,15,66.4,,,,CLE_CB_02,CB,1,,,63.4,,2028,757,,65.8,ARI
REGULAR_SEASON,68.8,17,77.6,,,,ARI_S_01,S,1,,,78.4,,2028,857,,73.4,ARI
REGULAR_SEASON,68.6,17,67.4,,,,P100116_S,S,1,,,65.5,,2028,886,,62.6,ARI
REGULAR_SEASON,,17,86.6,,,,BAL_P_01,P,1,,,,,2028,85,79.2,,ARI
REGULAR_SEASON,,11,68.0,,,63.6,SF_QB_02,QB,1,,,,65.1,2028,682,,,SF
REGULAR_SEASON,,17,82.0,79.9,,,DAL_RB_03,RB,1,73.5,,,78.2,2028,383,,,SF
REGULAR_SEASON,,17,63.6,,,,SF_WR_01,WR,1,64.9,57.4,,,2028,728,,,SF
REGULAR_SEASON,,13,57.1,,,,SEA_WR_01,WR,1,54.4,57.2,,,2028,554,,,SF
REGULAR_SEASON,,17,80.7,,,,NO_WR_01,WR,1,76.9,74.6,,,2028,743,,,SF
REGULAR_SEASON,,11,66.4,,,,CHI_WR_07,WR,1,64.1,62.8,,,2028,476,,,SF
REGULAR_SEASON,,17,73.8,71.5,,,SF_TE_01,TE,1,69.6,70.1,,,2028,668,,,SF
REGULAR_SEASON,,14,69.8,66.6,,,TEN_TE_01,TE,1,64.4,66.0,,,2028,561,,,SF
REGULAR_SEASON,,17,75.9,69.1,,,SF_OT_01,OT,1,,70.0,,,2028,1107,,,SF
REGULAR_SEASON,,7,67.5,63.7,,,SEA_OT_04,OT,0,,66.1,,,2028,452,,,SF
REGULAR_SEASON,,17,77.7,74.7,,,SF_OG_02,OG,1,,80.2,,,2028,1107,,,SF
REGULAR_SEASON,,17,64.5,67.9,,,SF_OG_04,OG,1,,61.9,,,2028,1130,,,SF
REGULAR_SEASON,,1,93.1,81.5,,,SF_C_01,C,0,,86.5,,,2028,61,,,SF
REGULAR_SEASON,,17,91.6,,77.0,,SF_EDGE_02,EDGE,1,,,85.9,,2028,737,,82.5,SF
REGULAR_SEASON,,17,59.5,,58.0,,CIN_EDGE_04,EDGE,1,,,60.9,,2028,738,,62.9,SF
REGULAR_SEASON,,17,59.5,,65.2,,TEN_EDGE_04,EDGE,1,,,65.0,,2028,724,,59.0,SF
REGULAR_SEASON,,17,50.7,,65.2,,HOU_EDGE_02,EDGE,1,,,52.9,,2028,753,,56.4,SF
REGULAR_SEASON,,17,76.2,,69.7,,CHI_DT_02,DT,1,,,73.3,,2028,656,,71.5,SF
REGULAR_SEASON,,17,74.3,,67.1,,BAL_DT_01,DT,1,,,67.0,,2028,642,,63.4,SF
REGULAR_SEASON,,17,70.0,,69.3,,P100246_DT,DT,1,,,65.7,,2028,634,,68.6,SF
REGULAR_SEASON,67.5,15,74.6,,62.5,,DAL_LB_02,LB,1,,,69.7,,2028,709,,67.8,SF
REGULAR_SEASON,59.8,15,58.5,,59.1,,TEN_LB_02,LB,1,,,57.0,,2028,689,,59.6,SF
REGULAR_SEASON,58.6,10,67.2,,58.1,,MIA_LB_05,LB,1,,,62.0,,2028,450,,61.3,SF
REGULAR_SEASON,84.6,13,92.2,,,,SF_CB_03,CB,1,,,87.7,,2028,612,,88.2,SF
REGULAR_SEASON,60.9,17,64.0,,,,MIN_CB_05,CB,1,,,65.5,,2028,854,,62.1,SF
REGULAR_SEASON,70.5,17,71.3,,,,LAC_CB_04,CB,1,,,68.0,,2028,846,,67.2,SF
REGULAR_SEASON,69.8,15,65.5,,,,MIN_CB_04,CB,1,,,63.2,,2028,741,,60.3,SF
REGULAR_SEASON,71.7,11,75.1,,,,SF_S_01,S,1,,,71.1,,2028,577,,75.9,SF
REGULAR_SEASON,75.5,17,75.2,,,,SF_S_02,S,1,,,67.8,,2028,863,,68.0,SF
REGULAR_SEASON,61.5,7,64.9,,,,DAL_S_02,S,0,,,72.3,,2028,346,,61.2,SF
REGULAR_SEASON,,15,76.0,,,,DET_K_01,K,1,,,,,2028,90,69.0,,SF
REGULAR_SEASON,,17,76.1,,,,PIT_P_01,P,1,,,,,2028,85,71.3,,SF
REGULAR_SEASON,,14,65.7,,,63.4,WAS_QB_01,QB,1,,,,66.1,2028,906,,,MIN
REGULAR_SEASON,,17,59.5,59.8,,,P100007_RB,RB,1,60.5,,,65.6,2028,487,,,MIN
REGULAR_SEASON,,15,54.3,55.4,,,LAR_RB_03,RB,1,54.8,,,56.0,2028,217,,,MIN
REGULAR_SEASON,,17,69.6,,,,MIN_WR_02,WR,1,70.0,63.5,,,2028,762,,,MIN
REGULAR_SEASON,,17,82.1,,,,DEN_WR_03,WR,1,77.5,76.0,,,2028,744,,,MIN
REGULAR_SEASON,,17,63.1,,,,MIN_WR_05,WR,1,65.1,65.9,,,2028,738,,,MIN
REGULAR_SEASON,,17,61.1,,,,LV_WR_07,WR,1,63.3,56.1,,,2028,780,,,MIN
REGULAR_SEASON,,17,68.4,66.1,,,NO_TE_03,TE,1,65.8,64.7,,,2028,674,,,MIN
REGULAR_SEASON,,16,62.6,59.0,,,NE_TE_03,TE,1,63.3,62.9,,,2028,638,,,MIN
REGULAR_SEASON,,13,87.8,82.6,,,MIN_OT_01,OT,1,,86.2,,,2028,869,,,MIN
REGULAR_SEASON,,17,62.8,61.9,,,PHI_OT_01,OT,1,,64.6,,,2028,1103,,,MIN
REGULAR_SEASON,,17,65.3,69.2,,,MIN_OG_01,OG,1,,60.4,,,2028,1112,,,MIN
REGULAR_SEASON,,15,77.8,72.4,,,BUF_OG_01,OG,1,,76.3,,,2028,1009,,,MIN
REGULAR_SEASON,,10,62.3,67.5,,,JAX_C_02,C,1,,66.6,,,2028,674,,,MIN
REGULAR_SEASON,,13,72.2,,72.9,,NYJ_EDGE_02,EDGE,1,,,73.8,,2028,588,,69.7,MIN
REGULAR_SEASON,,17,80.9,,75.8,,FA_EDGE_182,EDGE,1,,,76.3,,2028,764,,76.7,MIN
REGULAR_SEASON,,17,60.3,,63.7,,P100346_EDGE,EDGE,1,,,56.5,,2028,722,,69.1,MIN
REGULAR_SEASON,,17,44.8,,49.1,,MIN_EDGE_03,EDGE,1,,,54.1,,2028,735,,50.4,MIN
REGULAR_SEASON,,7,73.8,,73.5,,PHI_DT_01,DT,0,,,68.8,,2028,261,,69.8,MIN
REGULAR_SEASON,,17,74.1,,64.9,,MIN_DT_01,DT,1,,,76.7,,2028,643,,67.2,MIN
REGULAR_SEASON,,17,74.5,,72.8,,MIN_DT_02,DT,1,,,74.3,,2028,621,,67.7,MIN
REGULAR_SEASON,62.0,17,61.5,,65.2,,GB_LB_02,LB,1,,,64.1,,2028,793,,62.3,MIN
REGULAR_SEASON,66.6,17,77.1,,72.5,,FA_LB_159,LB,1,,,68.5,,2028,753,,70.3,MIN
REGULAR_SEASON,66.2,17,61.8,,56.9,,CLE_LB_03,LB,1,,,60.2,,2028,767,,63.4,MIN
REGULAR_SEASON,76.0,17,74.5,,,,MIN_CB_03,CB,1,,,69.2,,2028,840,,69.9,MIN
REGULAR_SEASON,66.3,17,63.3,,,,MIN_CB_01,CB,1,,,59.5,,2028,837,,60.9,MIN
REGULAR_SEASON,59.4,17,64.5,,,,LAC_CB_03,CB,1,,,66.6,,2028,838,,64.1,MIN
REGULAR_SEASON,61.0,17,66.3,,,,CLE_CB_05,CB,1,,,68.7,,2028,843,,62.5,MIN
REGULAR_SEASON,64.9,17,64.9,,,,TB_S_01,S,1,,,68.7,,2028,879,,54.6,MIN
REGULAR_SEASON,70.7,17,77.9,,,,DET_S_02,S,1,,,74.4,,2028,860,,70.1,MIN
REGULAR_SEASON,84.9,1,88.1,,,,PIT_S_03,S,0,,,94.3,,2028,51,,86.4,MIN
REGULAR_SEASON,,13,85.8,,,,FA_K_006,K,1,,,,,2028,78,74.6,,MIN
REGULAR_SEASON,,17,72.2,,,,MIN_P_01,P,1,,,,,2028,85,77.9,,MIN
REGULAR_SEASON,,17,86.7,,,75.5,GB_QB_01,QB,1,,,,76.9,2028,1067,,,GB
REGULAR_SEASON,,15,72.0,66.7,,,SF_RB_01,RB,1,73.2,,,67.1,2028,618,,,GB
REGULAR_SEASON,,17,69.3,,,,DET_WR_06,WR,1,66.5,75.1,,,2028,726,,,GB
REGULAR_SEASON,,17,52.5,,,,P100331_WR,WR,1,55.6,49.3,,,2028,736,,,GB
REGULAR_SEASON,,17,56.7,,,,GB_WR_04,WR,1,60.0,57.1,,,2028,753,,,GB
REGULAR_SEASON,,17,56.1,,,,P100566_WR,WR,1,55.0,52.9,,,2028,713,,,GB
REGULAR_SEASON,,9,80.0,74.1,,,CAR_TE_01,TE,1,74.8,79.6,,,2028,371,,,GB
REGULAR_SEASON,,17,59.5,58.8,,,GB_TE_02,TE,1,57.2,58.1,,,2028,679,,,GB
REGULAR_SEASON,,17,89.4,85.4,,,DAL_OT_01,OT,1,,84.4,,,2028,1098,,,GB
REGULAR_SEASON,,17,70.6,62.9,,,P100507_OT,OT,1,,63.0,,,2028,1084,,,GB
REGULAR_SEASON,,17,86.6,80.4,,,DET_OG_02,OG,1,,78.3,,,2028,1117,,,GB
REGULAR_SEASON,,15,78.5,73.1,,,JAX_OG_02,OG,1,,73.1,,,2028,1005,,,GB
REGULAR_SEASON,,17,62.3,65.7,,,GB_C_02,C,1,,60.0,,,2028,1124,,,GB
REGULAR_SEASON,,17,64.2,,65.2,,GB_EDGE_01,EDGE,1,,,64.2,,2028,727,,63.3,GB
REGULAR_SEASON,,13,66.9,,66.7,,DEN_EDGE_03,EDGE,1,,,60.8,,2028,562,,64.9,GB
REGULAR_SEASON,,14,61.2,,64.9,,P100483_EDGE,EDGE,1,,,60.5,,2028,608,,64.8,GB
REGULAR_SEASON,,17,81.3,,79.3,,GB_DT_01,DT,1,,,72.0,,2028,635,,73.8,GB
REGULAR_SEASON,,14,78.0,,83.8,,GB_DT_04,DT,1,,,70.6,,2028,516,,72.6,GB
REGULAR_SEASON,72.2,13,72.8,,66.8,,LAR_LB_01,LB,1,,,74.0,,2028,594,,70.7,GB
REGULAR_SEASON,49.0,17,46.9,,53.7,,P100185_LB,LB,1,,,50.4,,2028,758,,46.7,GB
REGULAR_SEASON,63.0,17,62.6,,,,DET_CB_01,CB,1,,,60.7,,2028,807,,62.3,GB
REGULAR_SEASON,50.6,17,42.3,,,,P100131_CB,CB,1,,,53.3,,2028,858,,49.6,GB
REGULAR_SEASON,56.0,12,53.5,,,,P100180_CB,CB,1,,,59.6,,2028,600,,54.5,GB
REGULAR_SEASON,54.5,16,53.2,,,,DET_S_03,S,1,,,62.6,,2028,834,,58.1,GB
REGULAR_SEASON,57.6,17,55.9,,,,GB_S_01,S,1,,,57.1,,2028,850,,52.6,GB
REGULAR_SEASON,55.8,16,55.2,,,,KC_S_04,S,1,,,58.7,,2028,816,,55.7,GB
REGULAR_SEASON,,2,76.4,,,,P100052_K,K,0,,,,,2028,12,51.8,,GB
REGULAR_SEASON,,17,61.9,,,,ARI_P_01,P,1,,,,,2028,85,60.4,,GB
REGULAR_SEASON,,17,69.8,,,71.4,JAX_QB_01,QB,1,,,,64.9,2028,1086,,,JAX
REGULAR_SEASON,,17,63.3,62.6,,,LAC_RB_01,RB,1,66.7,,,61.0,2028,545,,,JAX
REGULAR_SEASON,,17,61.6,62.6,,,P100139_RB,RB,1,65.3,,,58.2,2028,376,,,JAX
REGULAR_SEASON,,17,91.7,,,,CAR_WR_01,WR,1,84.0,85.4,,,2028,755,,,JAX
REGULAR_SEASON,,17,65.4,,,,JAX_WR_01,WR,1,61.5,60.8,,,2028,730,,,JAX
REGULAR_SEASON,,11,77.4,,,,FA_WR_005,WR,1,72.6,72.0,,,2028,494,,,JAX
REGULAR_SEASON,,13,81.3,,,,P100512_WR,WR,1,78.9,72.6,,,2028,549,,,JAX
REGULAR_SEASON,,17,71.8,73.0,,,JAX_TE_02,TE,1,68.3,61.8,,,2028,683,,,JAX
REGULAR_SEASON,,17,71.6,73.7,,,JAX_OT_02,OT,1,,74.0,,,2028,1104,,,JAX
REGULAR_SEASON,,8,63.3,61.5,,,IND_OT_02,OT,1,,66.5,,,2028,521,,,JAX
REGULAR_SEASON,,17,63.9,69.3,,,DET_OG_04,OG,1,,64.9,,,2028,1113,,,JAX
REGULAR_SEASON,,17,65.3,63.5,,,P100341_OG,OG,1,,66.9,,,2028,1080,,,JAX
REGULAR_SEASON,,17,65.3,66.6,,,P100321_C,C,1,,64.9,,,2028,1098,,,JAX
REGULAR_SEASON,,17,66.9,,67.6,,JAX_EDGE_02,EDGE,1,,,63.5,,2028,752,,68.7,JAX
REGULAR_SEASON,,11,76.6,,75.5,,P100011_EDGE,EDGE,1,,,77.5,,2028,508,,67.7,JAX
REGULAR_SEASON,,11,56.4,,63.8,,SEA_EDGE_01,EDGE,1,,,54.8,,2028,499,,63.4,JAX
REGULAR_SEASON,,17,59.8,,62.6,,PIT_EDGE_04,EDGE,1,,,63.9,,2028,761,,55.1,JAX
REGULAR_SEASON,,14,71.6,,70.7,,CIN_DT_02,DT,1,,,68.9,,2028,528,,71.4,JAX
REGULAR_SEASON,,17,55.8,,55.8,,JAX_DT_01,DT,1,,,56.1,,2028,616,,55.5,JAX
REGULAR_SEASON,,17,75.3,,69.9,,JAX_DT_05,DT,1,,,69.5,,2028,647,,75.0,JAX
REGULAR_SEASON,73.8,17,79.0,,73.7,,JAX_LB_01,LB,1,,,75.7,,2028,771,,76.3,JAX
REGULAR_SEASON,65.3,16,69.4,,74.9,,JAX_LB_03,LB,1,,,73.4,,2028,709,,71.3,JAX
REGULAR_SEASON,74.4,13,76.8,,,,JAX_CB_02,CB,1,,,71.9,,2028,647,,75.4,JAX
REGULAR_SEASON,61.7,17,63.1,,,,P100008_CB,CB,1,,,68.7,,2028,827,,59.1,JAX
REGULAR_SEASON,55.8,17,57.5,,,,P100073_CB,CB,1,,,62.8,,2028,825,,58.3,JAX
REGULAR_SEASON,60.7,14,63.9,,,,P100175_CB,CB,1,,,67.6,,2028,687,,59.7,JAX
REGULAR_SEASON,66.3,17,71.7,,,,CLE_S_01,S,1,,,68.8,,2028,875,,68.0,JAX
REGULAR_SEASON,60.3,17,56.7,,,,WAS_S_02,S,1,,,62.1,,2028,886,,57.4,JAX
REGULAR_SEASON,53.5,17,51.2,,,,HOU_S_04,S,1,,,56.3,,2028,875,,50.6,JAX
REGULAR_SEASON,,15,59.1,,,,IND_K_01,K,1,,,,,2028,90,66.2,,JAX
REGULAR_SEASON,,17,69.6,,,,JAX_P_01,P,1,,,,,2028,85,74.8,,JAX
REGULAR_SEASON,,6,53.2,,,,P100377_WR,WR,0,55.9,60.6,,,2028,264,,,NYJ
REGULAR_SEASON,,1,51.4,38.7,,,HOU_OG_01,OG,0,,40.4,,,2028,65,,,NYJ
REGULAR_SEASON,,16,75.2,,77.8,,WAS_DT_01,DT,1,,,69.7,,2028,601,,66.3,NYJ
REGULAR_SEASON,77.3,16,80.5,,,,NYJ_CB_02,CB,1,,,76.3,,2028,816,,74.5,NYJ
REGULAR_SEASON,,15,61.4,,62.1,,PIT_DT_04,DT,1,,,56.8,,2028,575,,61.6,NE
REGULAR_SEASON,,10,71.8,,,64.1,ARI_QB_01,QB,1,,,,68.4,2028,630,,,KC
REGULAR_SEASON,,17,85.6,74.4,,,KC_RB_01,RB,1,79.4,,,79.6,2028,560,,,KC
REGULAR_SEASON,,15,75.2,72.4,,,CAR_RB_03,RB,1,67.6,,,74.6,2028,321,,,KC
REGULAR_SEASON,,17,80.4,,,,KC_WR_03,WR,1,74.3,72.5,,,2028,737,,,KC
REGULAR_SEASON,,17,63.1,,,,LAC_WR_07,WR,1,59.6,63.6,,,2028,740,,,KC
REGULAR_SEASON,,17,54.1,,,,P100160_WR,WR,1,59.9,59.0,,,2028,748,,,KC
REGULAR_SEASON,,17,61.5,,,,P100260_WR,WR,1,64.4,63.9,,,2028,738,,,KC
REGULAR_SEASON,,17,82.2,74.0,,,KC_TE_01,TE,1,75.2,77.3,,,2028,647,,,KC
REGULAR_SEASON,,17,67.7,67.7,,,P100186_TE,TE,1,70.5,66.4,,,2028,682,,,KC
REGULAR_SEASON,,10,52.6,56.0,,,MIA_OT_01,OT,1,,48.8,,,2028,655,,,KC
REGULAR_SEASON,,9,60.6,57.6,,,NYG_OT_04,OT,1,,67.8,,,2028,585,,,KC
REGULAR_SEASON,,17,64.8,61.9,,,ARI_OG_02,OG,1,,55.6,,,2028,1112,,,KC
REGULAR_SEASON,,17,64.1,68.4,,,P100312_OG,OG,1,,61.9,,,2028,1109,,,KC
REGULAR_SEASON,,16,68.6,67.8,,,KC_C_01,C,1,,63.6,,,2028,1039,,,KC
REGULAR_SEASON,,11,78.2,,74.6,,TEN_EDGE_01,EDGE,1,,,68.7,,2028,477,,62.9,KC
REGULAR_SEASON,,17,82.9,,78.9,,GB_EDGE_04,EDGE,1,,,73.5,,2028,739,,75.9,KC
REGULAR_SEASON,,14,53.1,,50.4,,P100304_EDGE,EDGE,1,,,50.9,,2028,571,,53.7,KC
REGULAR_SEASON,,17,51.0,,56.6,,P100595_EDGE,EDGE,1,,,62.5,,2028,738,,61.7,KC
REGULAR_SEASON,,17,82.9,,78.9,,KC_DT_02,DT,1,,,68.8,,2028,615,,76.0,KC
REGULAR_SEASON,,17,66.2,,62.9,,MIA_DT_04,DT,1,,,59.5,,2028,641,,61.1,KC
REGULAR_SEASON,,17,57.9,,58.3,,CIN_DT_04,DT,1,,,54.7,,2028,636,,65.0,KC
REGULAR_SEASON,66.0,17,72.6,,69.5,,IND_LB_01,LB,1,,,71.4,,2028,755,,69.9,KC
REGULAR_SEASON,62.6,14,60.5,,65.3,,KC_LB_05,LB,1,,,60.3,,2028,635,,57.8,KC
REGULAR_SEASON,68.5,13,66.4,,66.7,,KC_LB_04,LB,1,,,70.5,,2028,594,,65.7,KC
REGULAR_SEASON,55.5,17,53.6,,,,P100292_CB,CB,1,,,55.9,,2028,824,,56.8,KC
REGULAR_SEASON,59.5,17,56.5,,,,DAL_CB_04,CB,1,,,56.7,,2028,844,,55.1,KC
REGULAR_SEASON,60.8,17,62.3,,,,PIT_CB_06,CB,1,,,63.0,,2028,847,,58.3,KC
REGULAR_SEASON,61.9,14,61.4,,,,DEN_CB_04,CB,1,,,64.5,,2028,691,,61.9,KC
REGULAR_SEASON,86.5,17,89.8,,,,KC_S_01,S,1,,,71.2,,2028,884,,85.8,KC
REGULAR_SEASON,67.8,17,68.9,,,,ATL_S_04,S,1,,,67.2,,2028,873,,70.1,KC
REGULAR_SEASON,,17,73.4,,,,KC_K_01,K,1,,,,,2028,102,73.8,,KC
REGULAR_SEASON,,7,42.7,,,,DAL_P_02,P,1,,,,,2028,35,48.7,,KC
REGULAR_SEASON,,8,55.1,,,53.8,P100532_QB,QB,1,,,,59.8,2028,508,,,DEN
REGULAR_SEASON,,17,71.5,,,68.7,IND_QB_01,QB,1,,,,68.0,2028,1066,,,IND
REGULAR_SEASON,,17,60.8,61.4,,,NYG_RB_03,RB,1,60.1,,,66.5,2028,491,,,IND
REGULAR_SEASON,,17,59.0,58.4,,,IND_RB_02,RB,1,60.0,,,65.3,2028,312,,,IND
REGULAR_SEASON,,14,56.1,60.9,,,TB_RB_01,RB,0,54.6,,,60.8,2028,197,,,IND
REGULAR_SEASON,,10,88.7,,,,IND_WR_02,WR,1,80.4,83.8,,,2028,451,,,IND
REGULAR_SEASON,,17,67.4,,,,IND_WR_01,WR,1,66.2,62.0,,,2028,738,,,IND
REGULAR_SEASON,,17,51.3,,,,ARI_WR_02,WR,1,54.8,50.6,,,2028,730,,,IND
REGULAR_SEASON,,17,61.0,,,,NO_WR_05,WR,1,57.3,58.0,,,2028,738,,,IND
REGULAR_SEASON,,17,77.0,69.0,,,NYJ_TE_01,TE,1,76.7,65.6,,,2028,681,,,IND
REGULAR_SEASON,,2,65.8,58.0,,,CAR_TE_03,TE,0,58.0,82.3,,,2028,83,,,IND
REGULAR_SEASON,,17,75.3,70.3,,,MIN_OT_02,OT,1,,72.8,,,2028,1099,,,IND
REGULAR_SEASON,,3,64.5,58.7,,,IND_OT_01,OT,0,,60.2,,,2028,200,,,IND
REGULAR_SEASON,,17,65.4,57.2,,,GB_OG_01,OG,1,,67.7,,,2028,1106,,,IND
REGULAR_SEASON,,14,68.8,68.4,,,KC_OG_03,OG,1,,70.7,,,2028,924,,,IND
REGULAR_SEASON,,17,79.3,75.2,,,IND_C_01,C,1,,73.3,,,2028,1095,,,IND
REGULAR_SEASON,,17,75.4,,69.1,,IND_EDGE_02,EDGE,1,,,73.1,,2028,758,,64.5,IND
REGULAR_SEASON,,17,72.5,,68.5,,IND_EDGE_01,EDGE,1,,,62.7,,2028,725,,68.5,IND
REGULAR_SEASON,,15,72.2,,59.9,,PIT_EDGE_01,EDGE,1,,,70.9,,2028,618,,64.3,IND
REGULAR_SEASON,,15,64.6,,63.9,,LV_EDGE_03,EDGE,1,,,65.5,,2028,664,,59.9,IND
REGULAR_SEASON,,17,74.5,,71.1,,LV_DT_02,DT,1,,,64.3,,2028,645,,73.9,IND
REGULAR_SEASON,,17,51.7,,54.0,,IND_DT_05,DT,1,,,47.3,,2028,659,,57.4,IND
REGULAR_SEASON,72.3,16,72.5,,72.4,,JAX_LB_02,LB,1,,,67.8,,2028,724,,73.8,IND
REGULAR_SEASON,53.4,1,47.6,,57.5,,NYJ_LB_04,LB,0,,,71.4,,2028,48,,31.6,IND
REGULAR_SEASON,66.9,17,69.3,,,,IND_CB_01,CB,1,,,69.6,,2028,854,,74.7,IND
REGULAR_SEASON,72.9,14,76.8,,,,IND_CB_02,CB,1,,,67.5,,2028,699,,70.5,IND
REGULAR_SEASON,63.0,17,62.4,,,,TEN_CB_06,CB,1,,,58.9,,2028,853,,58.8,IND
REGULAR_SEASON,50.9,6,58.1,,,,IND_CB_03,CB,0,,,69.7,,2028,287,,61.3,IND
REGULAR_SEASON,63.3,16,66.6,,,,P100491_S,S,1,,,63.6,,2028,810,,65.7,IND
REGULAR_SEASON,59.3,14,62.6,,,,P100465_S,S,1,,,63.1,,2028,736,,63.7,IND
REGULAR_SEASON,,17,62.4,,,,NO_K_01,K,1,,,,,2028,102,62.0,,IND
REGULAR_SEASON,,17,66.6,,,,IND_P_01,P,1,,,,,2028,85,69.3,,IND
REGULAR_SEASON,,17,62.2,,,59.8,TEN_QB_02,QB,1,,,,61.0,2028,1088,,,NYG
REGULAR_SEASON,,17,70.1,65.8,,,P100534_RB,RB,1,68.4,,,66.2,2028,493,,,NYG
REGULAR_SEASON,,17,69.0,66.5,,,P100356_RB,RB,1,65.9,,,61.3,2028,324,,,NYG
REGULAR_SEASON,,17,56.5,62.3,,,P100511_RB,RB,1,54.9,,,60.1,2028,257,,,NYG
REGULAR_SEASON,,17,67.2,,,,LV_WR_02,WR,1,61.0,63.8,,,2028,707,,,NYG
REGULAR_SEASON,,16,63.7,,,,WAS_WR_03,WR,1,65.9,61.0,,,2028,685,,,NYG
REGULAR_SEASON,,17,64.0,,,,DET_WR_04,WR,1,66.0,63.1,,,2028,737,,,NYG
REGULAR_SEASON,,17,68.6,,,,MIN_WR_04,WR,1,63.6,71.3,,,2028,743,,,NYG
REGULAR_SEASON,,17,72.2,70.9,,,KC_TE_02,TE,1,73.2,61.1,,,2028,685,,,NYG
REGULAR_SEASON,,17,79.2,74.9,,,CAR_TE_02,TE,1,75.2,78.4,,,2028,642,,,NYG
REGULAR_SEASON,,17,62.4,59.9,,,NYG_OT_02,OT,1,,69.9,,,2028,1097,,,NYG
REGULAR_SEASON,,17,59.8,65.2,,,NYG_OT_03,OT,1,,59.6,,,2028,1117,,,NYG
REGULAR_SEASON,,17,77.8,78.0,,,PHI_OG_02,OG,1,,78.4,,,2028,1096,,,NYG
REGULAR_SEASON,,12,59.0,60.3,,,TB_OG_04,OG,1,,57.3,,,2028,780,,,NYG
REGULAR_SEASON,,17,67.7,66.2,,,PHI_C_01,C,1,,69.6,,,2028,1120,,,NYG
REGULAR_SEASON,,17,73.7,,68.5,,IND_EDGE_04,EDGE,1,,,71.3,,2028,757,,69.0,NYG
REGULAR_SEASON,,17,80.9,,77.6,,NYG_EDGE_02,EDGE,1,,,79.0,,2028,741,,76.7,NYG
REGULAR_SEASON,,17,65.1,,63.8,,NYG_EDGE_01,EDGE,1,,,62.2,,2028,731,,64.8,NYG
REGULAR_SEASON,,17,64.8,,66.2,,NYG_EDGE_05,EDGE,1,,,59.3,,2028,760,,63.1,NYG
REGULAR_SEASON,,11,64.9,,71.4,,NYG_DT_04,DT,1,,,62.3,,2028,404,,68.7,NYG
REGULAR_SEASON,,17,69.1,,64.2,,PIT_DT_05,DT,1,,,62.3,,2028,658,,67.3,NYG
REGULAR_SEASON,,17,57.3,,63.4,,NE_DT_04,DT,1,,,53.7,,2028,663,,59.2,NYG
REGULAR_SEASON,75.4,17,82.2,,74.7,,PIT_LB_02,LB,1,,,77.3,,2028,773,,80.0,NYG
REGULAR_SEASON,60.7,15,67.4,,57.6,,CHI_LB_04,LB,1,,,65.2,,2028,658,,66.8,NYG
REGULAR_SEASON,70.5,17,72.7,,70.2,,P100319_LB,LB,1,,,73.7,,2028,790,,69.6,NYG
REGULAR_SEASON,64.9,17,66.4,,,,CIN_CB_04,CB,1,,,68.3,,2028,822,,59.3,NYG
REGULAR_SEASON,57.1,17,56.8,,,,SF_CB_06,CB,1,,,64.2,,2028,816,,57.8,NYG
REGULAR_SEASON,54.5,14,53.3,,,,MIA_CB_05,CB,1,,,58.5,,2028,709,,53.2,NYG
REGULAR_SEASON,61.7,17,65.1,,,,MIN_S_01,S,1,,,67.3,,2028,866,,64.7,NYG
REGULAR_SEASON,,17,76.6,,,,NYG_K_01,K,1,,,,,2028,102,74.5,,NYG
REGULAR_SEASON,,14,73.2,,,,P100226_P,P,1,,,,,2028,70,71.3,,NYG
REGULAR_SEASON,,10,63.1,,,63.6,CIN_QB_02,QB,1,,,,67.6,2028,637,,,BUF
REGULAR_SEASON,,17,52.2,48.3,,,IND_RB_01,RB,1,51.4,,,51.5,2028,490,,,BUF
REGULAR_SEASON,,17,62.8,71.1,,,JAX_RB_04,RB,1,64.2,,,66.4,2028,372,,,BUF
REGULAR_SEASON,,12,42.4,54.8,,,SEA_RB_05,RB,1,46.1,,,46.4,2028,207,,,BUF
REGULAR_SEASON,,17,73.4,,,,P100404_WR,WR,1,72.5,72.0,,,2028,749,,,BUF
REGULAR_SEASON,,17,72.8,,,,P100119_WR,WR,1,64.4,63.0,,,2028,757,,,BUF
REGULAR_SEASON,,17,54.9,,,,LV_WR_04,WR,1,59.8,50.3,,,2028,758,,,BUF
REGULAR_SEASON,,10,74.4,,,,NYJ_WR_05,WR,1,73.6,65.1,,,2028,433,,,BUF
REGULAR_SEASON,,14,75.1,69.5,,,NYJ_TE_03,TE,1,69.7,71.3,,,2028,568,,,BUF
REGULAR_SEASON,,11,63.2,65.7,,,WAS_TE_02,TE,1,64.1,69.2,,,2028,443,,,BUF
REGULAR_SEASON,,11,63.0,62.9,,,BUF_OT_02,OT,1,,58.8,,,2028,683,,,BUF
REGULAR_SEASON,,17,71.1,67.6,,,BUF_OT_01,OT,1,,72.8,,,2028,1120,,,BUF
REGULAR_SEASON,,10,62.1,64.4,,,SEA_OG_04,OG,1,,58.7,,,2028,639,,,BUF
REGULAR_SEASON,,5,61.8,61.2,,,BUF_OG_02,OG,0,,66.8,,,2028,327,,,BUF
REGULAR_SEASON,,16,62.7,64.7,,,BUF_C_01,C,1,,61.2,,,2028,1022,,,BUF
REGULAR_SEASON,,17,87.4,,76.8,,SEA_EDGE_02,EDGE,1,,,78.1,,2028,735,,79.6,BUF
REGULAR_SEASON,,15,61.1,,59.3,,ATL_EDGE_02,EDGE,1,,,54.1,,2028,654,,60.2,BUF
REGULAR_SEASON,,17,72.9,,70.4,,P100565_EDGE,EDGE,1,,,75.9,,2028,748,,74.1,BUF
REGULAR_SEASON,,16,61.3,,62.9,,P100515_EDGE,EDGE,1,,,60.1,,2028,710,,57.1,BUF
REGULAR_SEASON,,17,70.4,,67.6,,TEN_DT_02,DT,1,,,70.3,,2028,660,,64.8,BUF
REGULAR_SEASON,,17,51.2,,55.1,,PHI_DT_06,DT,1,,,55.2,,2028,604,,56.6,BUF
REGULAR_SEASON,,17,63.0,,62.5,,ARI_DT_03,DT,1,,,63.9,,2028,652,,58.3,BUF
REGULAR_SEASON,76.2,12,75.6,,70.6,,CAR_LB_01,LB,1,,,72.4,,2028,534,,74.5,BUF
REGULAR_SEASON,65.3,17,66.2,,56.8,,BUF_LB_02,LB,1,,,64.9,,2028,785,,67.9,BUF
REGULAR_SEASON,55.7,17,61.4,,61.4,,P100104_LB,LB,1,,,58.6,,2028,764,,54.1,BUF
REGULAR_SEASON,58.1,17,58.9,,,,BUF_CB_02,CB,1,,,59.9,,2028,854,,61.6,BUF
REGULAR_SEASON,53.1,14,59.8,,,,BUF_CB_05,CB,1,,,63.2,,2028,691,,60.5,BUF
REGULAR_SEASON,,11,72.1,,,,DEN_K_01,K,1,,,,,2028,66,70.1,,BUF
REGULAR_SEASON,,17,60.0,,,,PHI_P_01,P,1,,,,,2028,85,62.5,,BUF
REGULAR_SEASON,,16,58.2,,,,MIA_WR_02,WR,1,62.1,55.8,,,2028,699,,,MIA
REGULAR_SEASON,,2,58.0,,45.2,,LV_EDGE_07,EDGE,0,,,58.2,,2028,81,,73.4,MIA
REGULAR_SEASON,,5,81.7,,,,TEN_WR_02,WR,0,80.5,83.2,,,2028,230,,,TEN
REGULAR_SEASON,61.0,16,62.0,,67.8,,TEN_LB_04,LB,1,,,64.2,,2028,711,,59.6,TEN
REGULAR_SEASON,69.6,3,56.8,,,,FA_S_152,S,0,,,55.1,,2028,151,,54.6,TEN
REGULAR_SEASON,,9,42.6,53.3,,,P100337_OT,OT,1,,45.1,,,2028,586,,,JAX
REGULAR_SEASON,,2,66.0,,,,BAL_K_01,K,0,,,,,2028,12,59.3,,JAX
REGULAR_SEASON,53.4,7,54.9,,60.6,,P100224_LB,LB,0,,,49.3,,2028,327,,63.2,DEN
REGULAR_SEASON,,3,53.9,58.1,,,P100028_OT,OT,0,,60.8,,,2028,193,,,ARI
REGULAR_SEASON,,4,53.5,,56.7,,P100261_EDGE,EDGE,0,,,56.9,,2028,173,,60.9,ARI
REGULAR_SEASON,61.2,4,57.5,,,,KC_CB_03,CB,0,,,58.4,,2028,196,,56.8,ARI
REGULAR_SEASON,,15,72.9,,,69.9,KC_QB_02,QB,1,,,,65.7,2028,926,,,CHI
REGULAR_SEASON,,15,82.1,80.3,,,JAX_RB_01,RB,1,70.7,,,72.7,2028,448,,,CHI
REGULAR_SEASON,,12,79.8,71.1,,,CHI_RB_03,RB,1,77.3,,,77.5,2028,226,,,CHI
REGULAR_SEASON,,17,62.1,,,,NYG_WR_02,WR,1,58.1,61.5,,,2028,732,,,CHI
REGULAR_SEASON,,12,45.5,,,,P100386_WR,WR,1,48.6,45.4,,,2028,525,,,CHI
REGULAR_SEASON,,17,62.0,61.8,,,CHI_TE_01,TE,1,63.4,61.1,,,2028,705,,,CHI
REGULAR_SEASON,,17,68.1,66.7,,,CHI_OT_02,OT,1,,64.3,,,2028,1143,,,CHI
REGULAR_SEASON,,15,60.8,66.0,,,SEA_OT_05,OT,1,,66.6,,,2028,968,,,CHI
REGULAR_SEASON,,17,81.2,77.1,,,CAR_OG_02,OG,1,,73.6,,,2028,1096,,,CHI
REGULAR_SEASON,,17,68.7,64.9,,,IND_OG_01,OG,1,,63.3,,,2028,1103,,,CHI
REGULAR_SEASON,,17,76.1,76.2,,,TB_C_01,C,1,,79.0,,,2028,1107,,,CHI
REGULAR_SEASON,,17,74.1,,74.1,,LAR_EDGE_01,EDGE,1,,,67.4,,2028,699,,73.1,CHI
REGULAR_SEASON,,17,57.9,,57.5,,CHI_EDGE_03,EDGE,1,,,59.4,,2028,740,,59.1,CHI
REGULAR_SEASON,,17,70.3,,70.0,,NE_DT_01,DT,1,,,71.0,,2028,641,,67.9,CHI
REGULAR_SEASON,,17,56.8,,56.1,,CHI_DT_03,DT,1,,,56.9,,2028,642,,60.1,CHI
REGULAR_SEASON,,17,79.2,,74.8,,PHI_DT_05,DT,1,,,75.2,,2028,614,,78.6,CHI
REGULAR_SEASON,64.7,17,68.5,,73.3,,WAS_LB_02,LB,1,,,65.7,,2028,776,,64.5,CHI
REGULAR_SEASON,58.1,17,50.4,,59.7,,ATL_LB_04,LB,1,,,54.9,,2028,765,,51.4,CHI
REGULAR_SEASON,46.7,9,46.6,,44.9,,CHI_LB_02,LB,1,,,50.4,,2028,419,,55.2,CHI
REGULAR_SEASON,60.0,15,57.5,,,,CHI_CB_01,CB,1,,,59.4,,2028,742,,64.1,CHI
REGULAR_SEASON,64.3,17,66.8,,,,CHI_CB_02,CB,1,,,70.0,,2028,831,,66.3,CHI
REGULAR_SEASON,57.9,17,64.6,,,,P100291_CB,CB,1,,,60.1,,2028,808,,64.2,CHI
REGULAR_SEASON,60.0,13,62.5,,,,WAS_CB_06,CB,1,,,68.8,,2028,653,,56.0,CHI
REGULAR_SEASON,76.6,17,78.2,,,,CHI_S_01,S,1,,,75.9,,2028,852,,80.2,CHI
REGULAR_SEASON,69.6,17,71.3,,,,GB_S_03,S,1,,,71.3,,2028,857,,65.1,CHI
REGULAR_SEASON,58.2,17,54.6,,,,P100178_S,S,1,,,53.0,,2028,851,,59.9,CHI
REGULAR_SEASON,,17,67.1,,,,PIT_K_01,K,1,,,,,2028,102,68.0,,CHI
REGULAR_SEASON,,13,77.2,,,,CHI_P_01,P,1,,,,,2028,65,68.5,,CHI
REGULAR_SEASON,,16,75.7,66.8,,,LAC_TE_02,TE,1,69.5,73.4,,,2028,650,,,LAC
REGULAR_SEASON,,7,70.6,,59.4,,P100082_DT,DT,0,,,69.4,,2028,250,,72.6,LAC
REGULAR_SEASON,,16,65.1,,59.5,,CLE_DT_04,DT,1,,,69.8,,2028,600,,65.9,IND
REGULAR_SEASON,66.1,11,77.5,,,,GB_CB_06,CB,1,,,68.6,,2028,537,,77.7,IND
REGULAR_SEASON,,1,38.5,,,,PIT_WR_04,WR,0,38.6,66.4,,,2028,43,,,NYJ
REGULAR_SEASON,69.6,2,73.8,,60.2,,P100520_LB,LB,0,,,79.4,,2028,85,,70.6,NYJ
REGULAR_SEASON,,17,73.8,,,69.6,SF_QB_01,QB,1,,,,63.3,2028,1071,,,WAS
REGULAR_SEASON,,17,68.9,70.7,,,WAS_RB_01,RB,1,67.7,,,63.8,2028,562,,,WAS
REGULAR_SEASON,,9,81.3,77.9,,,WAS_RB_02,RB,0,82.3,,,75.1,2028,178,,,WAS
REGULAR_SEASON,,12,42.1,45.8,,,P100168_RB,RB,1,41.9,,,48.8,2028,219,,,WAS
REGULAR_SEASON,,17,71.1,,,,WAS_WR_02,WR,1,64.5,65.7,,,2028,770,,,WAS
REGULAR_SEASON,,17,81.5,,,,DAL_WR_01,WR,1,76.8,73.8,,,2028,735,,,WAS
REGULAR_SEASON,,17,38.9,,,,P100313_WR,WR,1,43.2,42.8,,,2028,747,,,WAS
REGULAR_SEASON,,17,69.7,64.1,,,P100349_TE,TE,1,64.0,68.5,,,2028,664,,,WAS
REGULAR_SEASON,,17,67.4,66.1,,,WAS_OT_02,OT,1,,65.9,,,2028,1131,,,WAS
REGULAR_SEASON,,6,67.1,72.4,,,NO_OT_03,OT,0,,67.0,,,2028,394,,,WAS
REGULAR_SEASON,,11,60.8,57.6,,,P100381_OG,OG,1,,59.2,,,2028,731,,,WAS
REGULAR_SEASON,,15,57.5,58.8,,,P100503_OG,OG,1,,55.4,,,2028,999,,,WAS
REGULAR_SEASON,,17,70.2,62.2,,,GB_C_01,C,1,,68.4,,,2028,1127,,,WAS
REGULAR_SEASON,,17,53.3,,55.9,,P100191_EDGE,EDGE,1,,,54.1,,2028,739,,60.9,WAS
REGULAR_SEASON,,17,55.7,,58.7,,WAS_EDGE_03,EDGE,1,,,62.0,,2028,757,,57.0,WAS
REGULAR_SEASON,,17,61.7,,61.7,,DEN_EDGE_04,EDGE,1,,,54.8,,2028,739,,65.9,WAS
REGULAR_SEASON,,14,60.4,,59.0,,WAS_EDGE_05,EDGE,1,,,61.3,,2028,615,,61.7,WAS
REGULAR_SEASON,,17,81.8,,79.8,,CAR_DT_02,DT,1,,,77.2,,2028,623,,75.5,WAS
REGULAR_SEASON,,10,75.4,,66.1,,WAS_DT_02,DT,1,,,71.8,,2028,365,,74.8,WAS
REGULAR_SEASON,,17,61.5,,60.5,,P100228_DT,DT,1,,,61.9,,2028,655,,66.4,WAS
REGULAR_SEASON,65.9,17,66.3,,62.8,,SEA_LB_03,LB,1,,,64.7,,2028,768,,62.5,WAS
REGULAR_SEASON,61.6,17,70.8,,,,WAS_CB_01,CB,1,,,66.4,,2028,827,,72.1,WAS
REGULAR_SEASON,75.0,17,71.2,,,,P100426_CB,CB,1,,,69.2,,2028,828,,66.2,WAS
REGULAR_SEASON,62.1,12,68.5,,,,ARI_CB_03,CB,1,,,65.6,,2028,550,,66.6,WAS
REGULAR_SEASON,54.8,17,53.3,,,,FA_CB_029,CB,1,,,53.8,,2028,846,,56.1,WAS
REGULAR_SEASON,57.9,17,60.3,,,,LAR_S_02,S,1,,,63.9,,2028,886,,60.5,WAS
REGULAR_SEASON,60.2,17,61.1,,,,P100109_S,S,1,,,63.3,,2028,866,,61.5,WAS
REGULAR_SEASON,37.1,1,28.7,,,,P100352_S,S,0,,,52.4,,2028,57,,19.4,WAS
REGULAR_SEASON,,17,58.6,,,,PIT_K_02,K,1,,,,,2028,102,69.8,,WAS
REGULAR_SEASON,,12,77.0,,,,WAS_P_01,P,1,,,,,2028,60,74.0,,WAS
REGULAR_SEASON,,16,60.4,58.1,,,FA_RB_021,RB,1,61.4,,,62.3,2028,312,,,MIN
REGULAR_SEASON,,10,70.4,,63.8,,PIT_DT_01,DT,1,,,65.8,,2028,371,,68.8,MIN
REGULAR_SEASON,76.5,16,81.3,,,,ATL_S_01,S,1,,,73.5,,2028,822,,73.9,MIN
REGULAR_SEASON,,17,73.0,,,70.6,CIN_QB_03,QB,1,,,,70.5,2028,1055,,,SEA
REGULAR_SEASON,,17,73.5,68.7,,,PHI_RB_01,RB,1,73.5,,,71.1,2028,580,,,SEA
REGULAR_SEASON,,13,62.1,64.4,,,P100087_RB,RB,1,65.3,,,65.1,2028,300,,,SEA
REGULAR_SEASON,,17,69.1,,,,P100552_WR,WR,1,67.6,70.1,,,2028,728,,,SEA
REGULAR_SEASON,,17,56.7,,,,P100557_WR,WR,1,56.5,56.9,,,2028,736,,,SEA
REGULAR_SEASON,,17,57.1,,,,P100384_WR,WR,1,54.8,59.9,,,2028,745,,,SEA
REGULAR_SEASON,,17,43.0,,,,P100421_WR,WR,1,44.8,56.5,,,2028,763,,,SEA
REGULAR_SEASON,,17,72.9,69.0,,,LAC_TE_01,TE,1,67.8,68.0,,,2028,678,,,SEA
REGULAR_SEASON,,13,58.4,60.8,,,LAR_TE_03,TE,1,58.6,60.5,,,2028,536,,,SEA
REGULAR_SEASON,,17,71.6,71.4,,,SEA_OT_01,OT,1,,69.8,,,2028,1111,,,SEA
REGULAR_SEASON,,12,62.7,63.7,,,GB_OT_02,OT,1,,59.4,,,2028,783,,,SEA
REGULAR_SEASON,,17,82.8,83.7,,,TEN_OG_04,OG,1,,77.7,,,2028,1107,,,SEA
REGULAR_SEASON,,4,80.6,82.4,,,GB_OG_02,OG,0,,72.3,,,2028,270,,,SEA
REGULAR_SEASON,,8,64.4,65.9,,,SEA_C_01,C,1,,67.0,,,2028,533,,,SEA
REGULAR_SEASON,,17,90.4,,81.4,,MIN_EDGE_02,EDGE,1,,,85.9,,2028,716,,81.7,SEA
REGULAR_SEASON,,17,85.6,,78.1,,BUF_EDGE_01,EDGE,1,,,85.6,,2028,734,,73.6,SEA
REGULAR_SEASON,,17,63.9,,60.6,,BAL_EDGE_04,EDGE,1,,,62.5,,2028,742,,68.0,SEA
REGULAR_SEASON,,15,64.3,,65.3,,ATL_EDGE_05,EDGE,1,,,54.9,,2028,648,,65.5,SEA
REGULAR_SEASON,,17,64.3,,67.4,,HOU_DT_01,DT,1,,,58.5,,2028,661,,67.1,SEA
REGULAR_SEASON,,17,62.9,,62.2,,P100238_DT,DT,1,,,67.0,,2028,635,,67.1,SEA
REGULAR_SEASON,,17,47.3,,52.4,,BUF_DT_04,DT,1,,,49.6,,2028,597,,47.0,SEA
REGULAR_SEASON,64.5,17,65.7,,68.5,,P100402_LB,LB,1,,,66.8,,2028,790,,67.5,SEA
REGULAR_SEASON,61.0,17,64.4,,62.9,,SEA_LB_04,LB,1,,,69.8,,2028,806,,67.1,SEA
REGULAR_SEASON,69.5,17,73.5,,,,SEA_CB_02,CB,1,,,77.0,,2028,826,,74.7,SEA
REGULAR_SEASON,71.3,17,70.3,,,,SEA_CB_03,CB,1,,,64.1,,2028,839,,67.5,SEA
REGULAR_SEASON,60.4,17,68.1,,,,SEA_CB_04,CB,1,,,64.3,,2028,811,,64.4,SEA
REGULAR_SEASON,49.4,17,51.3,,,,CAR_CB_04,CB,1,,,56.5,,2028,857,,55.0,SEA
REGULAR_SEASON,73.3,14,75.6,,,,PIT_S_02,S,1,,,73.6,,2028,734,,76.2,SEA
REGULAR_SEASON,65.7,11,55.2,,,,SEA_S_02,S,1,,,60.9,,2028,552,,53.8,SEA
REGULAR_SEASON,58.8,17,59.5,,,,P100410_S,S,1,,,67.1,,2028,849,,58.8,SEA
REGULAR_SEASON,,16,62.2,,,,SEA_K_01,K,1,,,,,2028,96,63.5,,SEA
REGULAR_SEASON,,17,47.8,,,,SF_P_01,P,1,,,,,2028,85,49.0,,SEA
REGULAR_SEASON,,16,64.2,,,62.3,LAR_QB_01,QB,1,,,,61.2,2028,1028,,,LAR
REGULAR_SEASON,,17,72.3,67.1,,,CIN_RB_01,RB,1,65.1,,,67.6,2028,726,,,LAR
REGULAR_SEASON,,17,59.9,,,,NYJ_WR_06,WR,1,59.8,63.7,,,2028,706,,,LAR
REGULAR_SEASON,,10,74.6,,,,PHI_WR_01,WR,1,75.5,74.1,,,2028,424,,,LAR
REGULAR_SEASON,,13,53.6,,,,NO_WR_03,WR,1,47.6,53.8,,,2028,565,,,LAR
REGULAR_SEASON,,1,78.2,,,,MIN_WR_03,WR,0,76.1,61.0,,,2028,46,,,LAR
REGULAR_SEASON,,6,69.9,72.1,,,P100359_TE,TE,0,67.7,70.5,,,2028,238,,,LAR
REGULAR_SEASON,,11,66.3,62.6,,,LAR_OT_01,OT,1,,61.9,,,2028,703,,,LAR
REGULAR_SEASON,,8,56.3,59.4,,,LAR_OT_02,OT,0,,52.4,,,2028,498,,,LAR
REGULAR_SEASON,,6,87.0,77.9,,,LAR_OG_01,OG,0,,81.4,,,2028,380,,,LAR
REGULAR_SEASON,,17,58.0,51.4,,,SEA_OG_05,OG,1,,58.8,,,2028,1082,,,LAR
REGULAR_SEASON,,17,63.0,,63.2,,ATL_EDGE_04,EDGE,1,,,61.1,,2028,735,,66.0,LAR
REGULAR_SEASON,,17,52.7,,55.8,,CLE_EDGE_03,EDGE,1,,,57.7,,2028,756,,54.8,LAR
REGULAR_SEASON,,15,56.7,,56.4,,P100134_EDGE,EDGE,1,,,60.7,,2028,637,,59.9,LAR
REGULAR_SEASON,,11,70.3,,64.3,,P100594_EDGE,EDGE,1,,,66.4,,2028,476,,72.2,LAR
REGULAR_SEASON,,17,63.1,,63.6,,LAR_DT_02,DT,1,,,64.2,,2028,663,,65.7,LAR
REGULAR_SEASON,,17,72.8,,74.6,,MIN_DT_03,DT,1,,,69.8,,2028,649,,71.8,LAR
REGULAR_SEASON,,12,68.1,,61.1,,GB_DT_05,DT,1,,,63.6,,2028,468,,67.4,LAR
REGULAR_SEASON,72.9,17,71.0,,62.9,,P100545_LB,LB,1,,,72.9,,2028,765,,65.6,LAR
REGULAR_SEASON,64.6,14,63.2,,64.7,,P100519_LB,LB,1,,,65.3,,2028,664,,63.7,LAR
REGULAR_SEASON,75.0,17,78.4,,,,LAR_CB_02,CB,1,,,71.3,,2028,812,,69.1,LAR
REGULAR_SEASON,47.4,17,50.2,,,,GB_CB_02,CB,1,,,55.3,,2028,862,,52.3,LAR
REGULAR_SEASON,62.5,17,65.1,,,,HOU_CB_04,CB,1,,,68.3,,2028,840,,60.1,LAR
REGULAR_SEASON,60.4,16,57.3,,,,P100417_CB,CB,1,,,61.0,,2028,775,,55.6,LAR
REGULAR_SEASON,80.7,17,83.3,,,,DET_S_01,S,1,,,79.5,,2028,868,,71.0,LAR
REGULAR_SEASON,65.5,17,71.8,,,,LAR_S_04,S,1,,,69.2,,2028,876,,70.3,LAR
REGULAR_SEASON,65.4,17,74.9,,,,NE_S_02,S,1,,,64.4,,2028,882,,71.2,LAR
REGULAR_SEASON,,14,62.3,,,,DAL_K_01,K,1,,,,,2028,84,62.8,,LAR
REGULAR_SEASON,,8,69.3,,,,DAL_P_01,P,1,,,,,2028,40,62.0,,LAR
REGULAR_SEASON,,15,69.3,,,,P100255_WR,WR,1,67.0,68.5,,,2028,634,,,NE
REGULAR_SEASON,,15,50.0,59.2,,,NO_TE_02,TE,1,56.0,58.7,,,2028,569,,,NE
REGULAR_SEASON,,11,68.1,,68.3,,NE_EDGE_02,EDGE,1,,,61.7,,2028,473,,66.9,NE
REGULAR_SEASON,78.5,15,84.4,,79.3,,NE_LB_04,LB,1,,,78.1,,2028,665,,74.1,NE
REGULAR_SEASON,,17,81.7,,,76.9,ATL_QB_01,QB,1,,,,78.9,2028,1082,,,ATL
REGULAR_SEASON,,17,75.3,72.4,,,DAL_RB_01,RB,1,68.0,,,69.5,2028,484,,,ATL
REGULAR_SEASON,,17,51.8,48.6,,,NO_RB_03,RB,1,54.0,,,54.2,2028,327,,,ATL
REGULAR_SEASON,,17,58.4,62.1,,,P100382_RB,RB,1,62.4,,,58.0,2028,271,,,ATL
REGULAR_SEASON,,17,69.3,,,,CLE_WR_04,WR,1,65.3,63.2,,,2028,729,,,ATL
REGULAR_SEASON,,13,77.7,,,,GB_WR_06,WR,1,76.9,70.3,,,2028,569,,,ATL
REGULAR_SEASON,,17,59.9,,,,NE_WR_06,WR,1,61.4,60.7,,,2028,755,,,ATL
REGULAR_SEASON,,15,68.9,,,,P100218_WR,WR,1,69.2,60.7,,,2028,670,,,ATL
REGULAR_SEASON,,17,64.8,62.6,,,ATL_TE_01,TE,1,59.8,64.1,,,2028,654,,,ATL
REGULAR_SEASON,,17,70.1,63.4,,,ATL_TE_02,TE,1,67.2,69.0,,,2028,661,,,ATL
REGULAR_SEASON,,17,70.0,66.9,,,PIT_OT_03,OT,1,,71.8,,,2028,1106,,,ATL
REGULAR_SEASON,,4,70.4,65.3,,,DAL_OG_02,OG,0,,72.8,,,2028,266,,,ATL
REGULAR_SEASON,,17,64.3,60.0,,,ATL_OG_04,OG,1,,63.6,,,2028,1123,,,ATL
REGULAR_SEASON,,17,76.1,74.6,,,ATL_C_01,C,1,,63.1,,,2028,1111,,,ATL
REGULAR_SEASON,,15,87.8,,79.2,,DET_EDGE_02,EDGE,1,,,83.6,,2028,629,,83.3,ATL
REGULAR_SEASON,,1,89.4,,73.3,,DEN_EDGE_01,EDGE,0,,,65.2,,2028,39,,94.7,ATL
REGULAR_SEASON,,14,60.9,,63.7,,NYJ_EDGE_06,EDGE,1,,,61.4,,2028,616,,61.7,ATL
REGULAR_SEASON,,17,61.8,,63.2,,ATL_EDGE_07,EDGE,1,,,60.4,,2028,764,,56.4,ATL
REGULAR_SEASON,,17,71.8,,68.7,,PIT_DT_02,DT,1,,,69.7,,2028,673,,67.2,ATL
REGULAR_SEASON,,17,70.5,,67.9,,ATL_DT_01,DT,1,,,66.3,,2028,641,,65.1,ATL
REGULAR_SEASON,,14,51.2,,63.2,,ATL_DT_05,DT,1,,,55.4,,2028,519,,54.7,ATL
REGULAR_SEASON,68.6,13,74.6,,72.1,,MIN_LB_02,LB,1,,,73.6,,2028,595,,67.9,ATL
REGULAR_SEASON,56.2,17,56.3,,55.0,,WAS_LB_01,LB,1,,,55.0,,2028,763,,53.7,ATL
REGULAR_SEASON,76.4,17,86.5,,,,NYJ_CB_03,CB,1,,,74.6,,2028,834,,79.4,ATL
REGULAR_SEASON,62.3,14,60.2,,,,P100406_CB,CB,1,,,64.7,,2028,675,,65.4,ATL
REGULAR_SEASON,49.3,17,55.1,,,,ATL_S_03,S,1,,,55.1,,2028,868,,54.2,ATL
REGULAR_SEASON,70.1,10,65.0,,,,P100117_S,S,1,,,66.4,,2028,476,,63.8,ATL
REGULAR_SEASON,,16,69.8,,,,CAR_K_01,K,1,,,,,2028,96,67.9,,ATL
REGULAR_SEASON,,17,72.2,,,,GB_P_01,P,1,,,,,2028,85,66.7,,ATL
REGULAR_SEASON,,17,71.1,,,70.9,P100088_QB,QB,1,,,,66.6,2028,1074,,,NO
REGULAR_SEASON,,17,81.7,74.9,,,P100544_RB,RB,1,75.4,,,78.3,2028,559,,,NO
REGULAR_SEASON,,17,73.0,,,,CHI_WR_02,WR,1,72.7,71.8,,,2028,743,,,NO
REGULAR_SEASON,,15,76.0,,,,BUF_WR_03,WR,1,65.9,72.3,,,2028,715,,,NO
REGULAR_SEASON,,17,68.5,,,,TB_WR_07,WR,1,66.8,64.9,,,2028,735,,,NO
REGULAR_SEASON,,17,60.8,,,,NO_WR_06,WR,1,56.1,62.5,,,2028,736,,,NO
REGULAR_SEASON,,17,71.4,62.6,,,LV_TE_01,TE,1,69.7,65.1,,,2028,647,,,NO
REGULAR_SEASON,,17,63.0,65.9,,,PHI_TE_03,TE,1,62.3,68.2,,,2028,678,,,NO
REGULAR_SEASON,,17,82.9,77.5,,,P100449_OT,OT,1,,79.7,,,2028,1110,,,NO
REGULAR_SEASON,,17,67.9,65.9,,,CAR_OT_05,OT,1,,71.7,,,2028,1139,,,NO
REGULAR_SEASON,,17,66.6,67.3,,,NO_OG_02,OG,1,,71.2,,,2028,1125,,,NO
REGULAR_SEASON,,13,65.5,60.0,,,MIN_OG_04,OG,1,,68.7,,,2028,811,,,NO
REGULAR_SEASON,,7,57.1,53.3,,,NYG_C_03,C,0,,54.9,,,2028,455,,,NO
REGULAR_SEASON,,12,82.1,,76.9,,NO_EDGE_04,EDGE,1,,,75.2,,2028,545,,77.2,NO
REGULAR_SEASON,,17,61.1,,62.1,,TB_EDGE_03,EDGE,1,,,60.8,,2028,735,,63.7,NO
REGULAR_SEASON,,17,58.5,,62.4,,P100538_EDGE,EDGE,1,,,55.9,,2028,744,,62.8,NO
REGULAR_SEASON,,17,40.5,,47.0,,P100412_EDGE,EDGE,1,,,46.1,,2028,742,,45.5,NO
REGULAR_SEASON,,17,67.0,,67.9,,NO_DT_02,DT,1,,,61.0,,2028,622,,65.9,NO
REGULAR_SEASON,,17,67.6,,63.7,,NYG_DT_03,DT,1,,,67.4,,2028,621,,67.0,NO
REGULAR_SEASON,,14,47.0,,52.0,,P100187_DT,DT,1,,,49.4,,2028,505,,47.4,NO
REGULAR_SEASON,66.2,17,69.9,,65.2,,P100585_LB,LB,1,,,70.0,,2028,807,,71.1,NO
REGULAR_SEASON,59.3,17,59.1,,60.6,,NE_LB_02,LB,1,,,62.4,,2028,781,,58.9,NO
REGULAR_SEASON,60.7,13,63.6,,60.3,,P100357_LB,LB,1,,,63.0,,2028,569,,67.1,NO
REGULAR_SEASON,63.6,17,65.5,,,,NO_CB_02,CB,1,,,63.5,,2028,809,,61.0,NO
REGULAR_SEASON,65.5,17,68.2,,,,NO_CB_05,CB,1,,,60.0,,2028,830,,66.6,NO
REGULAR_SEASON,69.1,1,63.1,,,,NO_S_01,S,0,,,55.6,,2028,52,,82.1,NO
REGULAR_SEASON,,17,59.2,,,,SF_K_02,K,1,,,,,2028,102,64.3,,NO
REGULAR_SEASON,,17,47.3,,,,P100535_P,P,1,,,,,2028,85,51.0,,NO
REGULAR_SEASON,,1,67.7,67.2,,,LV_TE_02,TE,0,70.6,69.4,,,2028,38,,,NYJ
REGULAR_SEASON,,12,60.8,59.4,,,NYJ_OT_02,OT,1,,60.0,,,2028,833,,,NYJ
REGULAR_SEASON,,7,39.4,,,,P100125_WR,WR,0,45.5,48.9,,,2028,304,,,BUF
REGULAR_SEASON,,13,75.1,69.2,,,CAR_OG_01,OG,1,,69.4,,,2028,835,,,BUF
REGULAR_SEASON,68.8,16,75.0,,,,GB_CB_03,CB,1,,,74.1,,2028,784,,69.8,BUF
REGULAR_SEASON,52.7,16,51.1,,,,P100190_CB,CB,1,,,52.3,,2028,804,,56.0,BUF
REGULAR_SEASON,,17,64.6,,,63.0,P100496_QB,QB,1,,,,63.1,2028,1072,,,CIN
REGULAR_SEASON,,17,69.6,,,,CIN_WR_04,WR,1,68.4,67.0,,,2028,739,,,CIN
REGULAR_SEASON,,17,79.9,,,,HOU_WR_02,WR,1,76.7,75.1,,,2028,718,,,CIN
REGULAR_SEASON,,17,73.8,,,,CIN_WR_03,WR,1,68.5,69.0,,,2028,725,,,CIN
REGULAR_SEASON,,17,69.9,,,,FA_WR_049,WR,1,61.3,62.1,,,2028,746,,,CIN
REGULAR_SEASON,,17,62.9,58.1,,,GB_TE_03,TE,1,57.8,62.7,,,2028,695,,,CIN
REGULAR_SEASON,,3,57.1,51.8,,,P100472_TE,TE,0,60.3,60.5,,,2028,114,,,CIN
REGULAR_SEASON,,12,53.1,53.0,,,P100227_OT,OT,1,,61.6,,,2028,794,,,CIN
REGULAR_SEASON,,7,51.7,51.0,,,P100305_OT,OT,0,,50.4,,,2028,455,,,CIN
REGULAR_SEASON,,17,80.1,74.2,,,TEN_OG_01,OG,1,,76.6,,,2028,1110,,,CIN
REGULAR_SEASON,,17,65.8,63.1,,,CIN_OG_02,OG,1,,68.1,,,2028,1103,,,CIN
REGULAR_SEASON,,17,56.4,63.9,,,CIN_C_02,C,1,,57.9,,,2028,1104,,,CIN
REGULAR_SEASON,,17,58.4,,55.6,,CIN_EDGE_01,EDGE,1,,,58.7,,2028,767,,55.8,CIN
REGULAR_SEASON,,17,65.1,,65.4,,P100517_EDGE,EDGE,1,,,67.7,,2028,732,,62.4,CIN
REGULAR_SEASON,,7,54.5,,48.4,,P100368_EDGE,EDGE,0,,,60.1,,2028,302,,54.1,CIN
REGULAR_SEASON,,17,68.0,,59.4,,DEN_DT_01,DT,1,,,63.8,,2028,643,,66.0,CIN
REGULAR_SEASON,,17,56.8,,53.1,,P100475_DT,DT,1,,,63.9,,2028,665,,59.7,CIN
REGULAR_SEASON,,17,68.0,,65.3,,CIN_DT_03,DT,1,,,66.3,,2028,625,,62.2,CIN
REGULAR_SEASON,80.4,16,82.3,,70.1,,SEA_LB_02,LB,1,,,74.7,,2028,726,,80.0,CIN
REGULAR_SEASON,69.1,16,77.1,,80.8,,SF_LB_01,LB,1,,,71.8,,2028,686,,72.6,CIN
REGULAR_SEASON,57.3,17,53.5,,57.5,,ATL_LB_02,LB,1,,,56.0,,2028,745,,53.8,CIN
REGULAR_SEASON,73.2,17,76.2,,,,HOU_CB_05,CB,1,,,71.8,,2028,846,,73.0,CIN
REGULAR_SEASON,72.0,17,76.0,,,,CIN_CB_01,CB,1,,,72.3,,2028,817,,71.3,CIN
REGULAR_SEASON,54.7,17,60.4,,,,SEA_CB_05,CB,1,,,63.5,,2028,843,,64.8,CIN
REGULAR_SEASON,61.4,11,67.0,,,,NYJ_CB_05,CB,1,,,64.0,,2028,542,,65.9,CIN
REGULAR_SEASON,66.1,17,67.0,,,,CIN_S_01,S,1,,,67.8,,2028,844,,62.7,CIN
REGULAR_SEASON,66.1,16,71.2,,,,HOU_S_03,S,1,,,72.1,,2028,808,,69.1,CIN
REGULAR_SEASON,,17,58.0,,,,CIN_K_01,K,1,,,,,2028,102,63.8,,CIN
REGULAR_SEASON,,17,69.1,,,,ATL_P_01,P,1,,,,,2028,85,66.5,,CIN
REGULAR_SEASON,,4,79.0,87.0,,,TB_OG_02,OG,0,,70.1,,,2028,255,,,BAL
REGULAR_SEASON,,14,66.4,65.8,,,PIT_OG_03,OG,1,,63.1,,,2028,927,,,CLE
REGULAR_SEASON,68.4,15,79.6,,72.1,,NO_LB_01,LB,1,,,76.1,,2028,695,,73.7,CLE
REGULAR_SEASON,73.8,16,81.2,,,,TB_S_02,S,1,,,80.5,,2028,857,,80.0,CLE
REGULAR_SEASON,,4,62.4,60.7,,,DAL_OG_03,OG,0,,64.8,,,2028,272,,,PIT
REGULAR_SEASON,51.1,5,43.3,,,,P100400_S,S,0,,,42.9,,2028,265,,49.0,PIT
REGULAR_SEASON,,17,52.3,,,60.2,NO_QB_02,QB,1,,,,54.5,2028,1079,,,HOU
REGULAR_SEASON,,17,74.0,70.1,,,NYJ_RB_03,RB,1,73.1,,,69.2,2028,508,,,HOU
REGULAR_SEASON,,15,66.2,69.9,,,P100080_RB,RB,1,67.0,,,66.9,2028,284,,,HOU
REGULAR_SEASON,,17,33.0,46.5,,,P100122_RB,RB,1,37.5,,,34.6,2028,268,,,HOU
REGULAR_SEASON,,12,86.3,,,,PHI_WR_02,WR,1,74.9,76.7,,,2028,500,,,HOU
REGULAR_SEASON,,17,75.8,,,,P100295_WR,WR,1,67.5,70.7,,,2028,747,,,HOU
REGULAR_SEASON,,17,66.0,,,,NYG_WR_03,WR,1,67.5,67.3,,,2028,754,,,HOU
REGULAR_SEASON,,12,69.7,,,,HOU_WR_05,WR,1,62.5,69.2,,,2028,514,,,HOU
REGULAR_SEASON,,17,73.3,72.2,,,BAL_TE_01,TE,1,68.6,70.6,,,2028,664,,,HOU
REGULAR_SEASON,,17,56.5,53.5,,,HOU_TE_03,TE,1,56.5,53.1,,,2028,685,,,HOU
REGULAR_SEASON,,17,70.0,69.7,,,HOU_OT_04,OT,1,,72.7,,,2028,1124,,,HOU
REGULAR_SEASON,,4,64.4,65.4,,,P100536_OT,OT,0,,66.9,,,2028,285,,,HOU
REGULAR_SEASON,,15,59.7,60.2,,,LV_OG_02,OG,1,,59.1,,,2028,982,,,HOU
REGULAR_SEASON,,17,85.0,79.3,,,NYJ_OG_02,OG,1,,77.9,,,2028,1130,,,HOU
REGULAR_SEASON,,17,74.8,,67.8,,LAR_EDGE_02,EDGE,1,,,70.3,,2028,755,,74.9,HOU
REGULAR_SEASON,,17,71.2,,72.5,,NE_EDGE_01,EDGE,1,,,71.3,,2028,758,,64.4,HOU
REGULAR_SEASON,,17,67.9,,60.9,,LV_EDGE_01,EDGE,1,,,65.4,,2028,732,,67.3,HOU
REGULAR_SEASON,,17,76.9,,75.2,,CHI_EDGE_05,EDGE,1,,,74.3,,2028,754,,69.7,HOU
REGULAR_SEASON,,9,66.7,,66.7,,SF_DT_01,DT,1,,,64.5,,2028,330,,58.5,HOU
REGULAR_SEASON,,17,79.0,,72.1,,HOU_DT_02,DT,1,,,71.1,,2028,628,,69.9,HOU
REGULAR_SEASON,,16,53.9,,57.1,,LAC_DT_03,DT,1,,,51.9,,2028,586,,53.4,HOU
REGULAR_SEASON,64.7,17,70.7,,65.9,,LAC_LB_04,LB,1,,,68.7,,2028,780,,64.9,HOU
REGULAR_SEASON,53.9,14,57.5,,,,SF_CB_01,CB,1,,,62.9,,2028,696,,56.4,HOU
REGULAR_SEASON,69.4,17,70.6,,,,TB_CB_02,CB,1,,,67.1,,2028,817,,65.8,HOU
REGULAR_SEASON,70.9,17,67.7,,,,NYG_CB_01,CB,1,,,67.9,,2028,862,,73.8,HOU
REGULAR_SEASON,60.6,17,51.4,,,,PHI_CB_03,CB,1,,,51.8,,2028,821,,56.8,HOU
REGULAR_SEASON,72.5,17,73.3,,,,MIA_S_02,S,1,,,76.0,,2028,858,,78.0,HOU
REGULAR_SEASON,,14,65.7,,,,WAS_K_02,K,1,,,,,2028,84,67.6,,HOU
REGULAR_SEASON,,17,62.4,,,,HOU_P_01,P,1,,,,,2028,85,64.0,,HOU
REGULAR_SEASON,,15,69.6,62.1,,,SEA_TE_02,TE,1,69.9,62.2,,,2028,581,,,IND
REGULAR_SEASON,,14,79.2,74.2,,,SEA_OT_02,OT,1,,74.5,,,2028,887,,,IND
REGULAR_SEASON,69.3,14,74.7,,74.4,,GB_LB_03,LB,1,,,66.8,,2028,622,,70.0,IND
REGULAR_SEASON,54.9,4,58.0,,59.5,,MIN_LB_04,LB,0,,,60.7,,2028,190,,57.8,IND
REGULAR_SEASON,73.8,3,79.6,,,,IND_CB_05,CB,0,,,66.0,,2028,159,,81.8,IND
REGULAR_SEASON,,14,64.6,,,,LAC_WR_03,WR,1,68.2,71.1,,,2028,592,,,LAC
REGULAR_SEASON,,12,57.5,,53.7,,NYG_EDGE_04,EDGE,1,,,58.7,,2028,547,,62.6,LAC
REGULAR_SEASON,78.3,14,78.2,,68.9,,SF_LB_05,LB,1,,,68.1,,2028,628,,77.0,LAC
REGULAR_SEASON,,7,59.3,,,51.0,NYG_QB_01,QB,1,,,,74.0,2028,452,,,KC
REGULAR_SEASON,,15,81.1,78.6,,,NO_OT_02,OT,1,,74.7,,,2028,974,,,KC
REGULAR_SEASON,,16,59.8,,57.9,,LAR_DT_05,DT,1,,,62.4,,2028,582,,57.4,LV
REGULAR_SEASON,58.2,16,60.0,,,,P100282_CB,CB,1,,,62.7,,2028,825,,61.5,LV
REGULAR_SEASON,,14,73.7,69.8,,,DAL_OT_02,OT,1,,69.9,,,2028,918,,,DAL
REGULAR_SEASON,59.1,14,59.9,,,,GB_S_02,S,1,,,64.0,,2028,736,,59.5,DAL
REGULAR_SEASON,,6,58.5,,55.1,,TEN_DT_06,DT,0,,,57.1,,2028,249,,47.7,NYG
REGULAR_SEASON,60.8,14,59.5,,,,JAX_CB_01,CB,1,,,61.3,,2028,701,,62.4,NYG
REGULAR_SEASON,,6,54.9,62.4,,,WAS_OT_04,OT,0,,52.8,,,2028,405,,,WAS
REGULAR_SEASON,,6,45.5,53.8,,,WAS_OG_03,OG,0,,49.0,,,2028,384,,,WAS
REGULAR_SEASON,53.5,16,45.3,,,,TEN_S_04,S,1,,,48.2,,2028,829,,48.0,WAS
REGULAR_SEASON,,9,53.3,,,,CHI_WR_06,WR,1,59.3,48.1,,,2028,402,,,CHI
REGULAR_SEASON,,16,61.6,,55.8,,WAS_EDGE_06,EDGE,1,,,66.6,,2028,710,,60.0,CHI
REGULAR_SEASON,71.1,6,70.7,,,,DEN_CB_08,CB,0,,,75.5,,2028,302,,65.4,CHI
REGULAR_SEASON,,2,82.1,,,83.7,KC_QB_01,QB,0,,,,74.8,2028,120,,,DET
REGULAR_SEASON,,17,62.1,63.5,,,P100523_RB,RB,1,61.4,,,60.2,2028,437,,,DET
REGULAR_SEASON,,12,58.2,,,,DET_WR_03,WR,1,56.5,61.9,,,2028,508,,,DET
REGULAR_SEASON,,17,58.6,,,,DET_WR_01,WR,1,62.6,55.2,,,2028,690,,,DET
REGULAR_SEASON,,17,73.0,,,,KC_WR_01,WR,1,65.1,69.8,,,2028,737,,,DET
REGULAR_SEASON,,16,54.4,,,,P100022_WR,WR,1,62.1,55.1,,,2028,698,,,DET
REGULAR_SEASON,,16,88.1,83.6,,,DET_TE_01,TE,1,82.0,85.8,,,2028,621,,,DET
REGULAR_SEASON,,15,69.2,70.4,,,DET_TE_02,TE,1,66.0,63.7,,,2028,612,,,DET
REGULAR_SEASON,,17,69.4,63.1,,,TB_OT_01,OT,1,,65.8,,,2028,1121,,,DET
REGULAR_SEASON,,2,60.5,56.2,,,ATL_OT_04,OT,0,,55.1,,,2028,134,,,DET
REGULAR_SEASON,,17,63.1,62.1,,,DEN_OG_02,OG,1,,61.1,,,2028,1111,,,DET
REGULAR_SEASON,,17,69.7,67.2,,,P100229_OG,OG,1,,70.7,,,2028,1124,,,DET
REGULAR_SEASON,,17,69.3,,70.0,,ARI_EDGE_02,EDGE,1,,,61.0,,2028,732,,56.9,DET
REGULAR_SEASON,,16,72.0,,69.5,,PIT_EDGE_03,EDGE,1,,,71.0,,2028,708,,67.9,DET
REGULAR_SEASON,,17,76.0,,74.7,,SF_EDGE_03,EDGE,1,,,74.9,,2028,727,,70.7,DET
REGULAR_SEASON,,11,56.2,,52.3,,NO_EDGE_05,EDGE,1,,,53.2,,2028,476,,53.2,DET
REGULAR_SEASON,,17,88.9,,80.1,,TB_DT_02,DT,1,,,76.9,,2028,632,,83.5,DET
REGULAR_SEASON,,17,62.6,,64.3,,DET_DT_02,DT,1,,,61.3,,2028,639,,63.5,DET
REGULAR_SEASON,,17,71.2,,74.0,,IND_DT_01,DT,1,,,67.6,,2028,647,,69.7,DET
REGULAR_SEASON,65.1,10,69.4,,67.6,,DET_LB_01,LB,1,,,69.1,,2028,457,,69.9,DET
REGULAR_SEASON,71.9,17,77.1,,75.4,,DET_LB_02,LB,1,,,75.0,,2028,780,,65.5,DET
REGULAR_SEASON,70.9,17,71.8,,66.9,,BAL_LB_01,LB,1,,,62.2,,2028,769,,68.7,DET
REGULAR_SEASON,46.9,17,47.5,,,,DET_CB_06,CB,1,,,47.1,,2028,879,,51.9,DET
REGULAR_SEASON,60.0,17,61.0,,,,ARI_CB_04,CB,1,,,59.3,,2028,835,,66.1,DET
REGULAR_SEASON,63.7,14,67.5,,,,DET_CB_08,CB,1,,,65.2,,2028,689,,68.9,DET
REGULAR_SEASON,63.2,16,62.4,,,,P100486_CB,CB,1,,,63.7,,2028,768,,59.6,DET
REGULAR_SEASON,54.5,17,56.5,,,,ARI_S_02,S,1,,,55.2,,2028,890,,55.1,DET
REGULAR_SEASON,,16,48.4,50.3,,,SF_RB_03,RB,1,51.1,,,46.6,2028,507,,,SF
REGULAR_SEASON,68.9,14,72.9,,,,NO_S_04,S,1,,,70.5,,2028,747,,74.9,SF
REGULAR_SEASON,,5,41.4,,,59.3,GB_QB_03,QB,1,,,,48.0,2028,333,,,ARI
REGULAR_SEASON,,6,54.7,,,,ARI_WR_05,WR,0,44.7,57.0,,,2028,261,,,ARI
REGULAR_SEASON,,17,94.8,,,89.3,PIT_QB_01,QB,1,,,,84.8,2028,1050,,,CAR
REGULAR_SEASON,,17,73.1,67.8,,,CAR_RB_01,RB,1,71.8,,,70.6,2028,542,,,CAR
REGULAR_SEASON,,17,63.3,60.9,,,LV_RB_02,RB,1,56.9,,,64.6,2028,410,,,CAR
REGULAR_SEASON,,17,74.7,,,,PHI_WR_03,WR,1,71.1,70.8,,,2028,725,,,CAR
REGULAR_SEASON,,17,76.0,,,,CAR_WR_03,WR,1,73.2,67.9,,,2028,761,,,CAR
REGULAR_SEASON,,17,75.5,,,,LAR_WR_02,WR,1,69.1,74.4,,,2028,782,,,CAR
REGULAR_SEASON,,13,81.7,,,,CAR_WR_06,WR,1,74.2,76.5,,,2028,542,,,CAR
REGULAR_SEASON,,17,68.8,67.4,,,NYJ_OT_01,OT,1,,73.0,,,2028,1110,,,CAR
REGULAR_SEASON,,7,61.3,65.9,,,CAR_OT_02,OT,0,,60.2,,,2028,461,,,CAR
REGULAR_SEASON,,17,56.5,50.3,,,P100013_OG,OG,1,,60.9,,,2028,1092,,,CAR
REGULAR_SEASON,,17,74.4,69.8,,,LAC_C_01,C,1,,74.9,,,2028,1088,,,CAR
REGULAR_SEASON,,17,74.7,,70.3,,KC_EDGE_01,EDGE,1,,,76.2,,2028,742,,71.8,CAR
REGULAR_SEASON,,17,74.6,,72.6,,CAR_EDGE_05,EDGE,1,,,71.4,,2028,731,,74.2,CAR
REGULAR_SEASON,,17,69.2,,68.7,,CAR_EDGE_03,EDGE,1,,,65.6,,2028,732,,67.8,CAR
REGULAR_SEASON,,17,61.7,,66.3,,P100231_EDGE,EDGE,1,,,62.4,,2028,745,,59.6,CAR
REGULAR_SEASON,,17,84.0,,78.5,,CAR_DT_01,DT,1,,,74.0,,2028,627,,82.0,CAR
REGULAR_SEASON,,17,54.8,,55.5,,P100369_DT,DT,1,,,57.1,,2028,625,,55.9,CAR
REGULAR_SEASON,,5,51.5,,60.9,,P100492_DT,DT,0,,,52.3,,2028,193,,56.7,CAR
REGULAR_SEASON,71.9,17,73.8,,68.4,,NE_LB_01,LB,1,,,74.7,,2028,765,,74.1,CAR
REGULAR_SEASON,73.5,17,73.2,,69.7,,P100176_LB,LB,1,,,71.0,,2028,740,,74.0,CAR
REGULAR_SEASON,64.8,17,62.9,,63.0,,P100195_LB,LB,1,,,67.7,,2028,777,,63.9,CAR
REGULAR_SEASON,75.6,12,79.9,,,,CAR_S_02,S,1,,,75.0,,2028,615,,79.9,CAR
REGULAR_SEASON,61.9,17,58.6,,,,P100283_S,S,1,,,54.4,,2028,869,,60.1,CAR
REGULAR_SEASON,53.6,17,43.9,,,,ARI_S_04,S,1,,,49.8,,2028,870,,48.4,CAR
REGULAR_SEASON,,17,82.9,,,,LAR_K_01,K,1,,,,,2028,102,77.7,,CAR
REGULAR_SEASON,,16,65.5,,,,NYJ_P_01,P,1,,,,,2028,80,69.2,,CAR
REGULAR_SEASON,,15,53.3,,,,HOU_K_01,K,1,,,,,2028,90,55.5,,GB
REGULAR_SEASON,,17,73.9,,,68.8,DET_QB_01,QB,1,,,,71.1,2028,1074,,,TB
REGULAR_SEASON,,17,56.3,57.9,,,PIT_RB_03,RB,1,59.3,,,59.4,2028,601,,,TB
REGULAR_SEASON,,11,48.4,53.6,,,ATL_RB_01,RB,1,46.1,,,54.3,2028,211,,,TB
REGULAR_SEASON,,17,79.2,,,,HOU_WR_01,WR,1,70.4,76.6,,,2028,744,,,TB
REGULAR_SEASON,,17,63.4,,,,TB_WR_03,WR,1,65.4,60.8,,,2028,724,,,TB
REGULAR_SEASON,,13,73.2,,,,MIA_WR_03,WR,1,70.2,66.0,,,2028,566,,,TB
REGULAR_SEASON,,17,60.6,,,,CAR_WR_08,WR,1,55.3,64.7,,,2028,759,,,TB
REGULAR_SEASON,,17,74.0,70.4,,,TB_TE_01,TE,1,63.9,71.5,,,2028,668,,,TB
REGULAR_SEASON,,17,66.2,63.6,,,NO_TE_01,TE,1,65.7,65.6,,,2028,672,,,TB
REGULAR_SEASON,,17,69.1,66.4,,,TB_OT_02,OT,1,,70.8,,,2028,1109,,,TB
REGULAR_SEASON,,13,57.6,64.5,,,ARI_OT_02,OT,1,,56.1,,,2028,851,,,TB
REGULAR_SEASON,,17,67.2,67.8,,,DAL_OG_01,OG,1,,62.7,,,2028,1082,,,TB
REGULAR_SEASON,,17,77.5,73.9,,,KC_OG_02,OG,1,,67.6,,,2028,1115,,,TB
REGULAR_SEASON,,17,71.8,71.0,,,NYG_C_01,C,1,,72.1,,,2028,1139,,,TB
REGULAR_SEASON,,13,54.7,,57.7,,MIA_EDGE_01,EDGE,1,,,65.1,,2028,575,,56.7,TB
REGULAR_SEASON,,17,75.0,,70.0,,P100095_EDGE,EDGE,1,,,69.3,,2028,752,,66.3,TB
REGULAR_SEASON,,17,52.3,,50.4,,TB_EDGE_05,EDGE,1,,,54.9,,2028,741,,55.7,TB
REGULAR_SEASON,,17,69.6,,68.5,,MIA_DT_02,DT,1,,,68.8,,2028,640,,73.0,TB
REGULAR_SEASON,,17,72.4,,71.7,,NO_DT_01,DT,1,,,62.5,,2028,643,,74.3,TB
REGULAR_SEASON,,10,64.1,,63.4,,SF_DT_03,DT,1,,,60.9,,2028,376,,70.6,TB
REGULAR_SEASON,78.9,17,84.5,,74.6,,TB_LB_02,LB,1,,,79.4,,2028,744,,80.0,TB
REGULAR_SEASON,64.7,17,63.8,,65.2,,TB_LB_05,LB,1,,,66.6,,2028,780,,64.8,TB
REGULAR_SEASON,64.2,2,84.7,,79.2,,TB_LB_01,LB,0,,,80.3,,2028,93,,82.1,TB
REGULAR_SEASON,69.9,17,75.0,,,,TB_CB_03,CB,1,,,72.4,,2028,828,,73.2,TB
REGULAR_SEASON,73.2,17,71.5,,,,LV_CB_01,CB,1,,,67.0,,2028,854,,61.1,TB
REGULAR_SEASON,66.1,17,67.2,,,,TB_CB_01,CB,1,,,65.5,,2028,841,,60.1,TB
REGULAR_SEASON,65.4,17,63.4,,,,ATL_CB_04,CB,1,,,59.8,,2028,840,,59.8,TB
REGULAR_SEASON,62.0,17,62.4,,,,LV_S_01,S,1,,,64.1,,2028,857,,59.6,TB
REGULAR_SEASON,72.6,17,75.7,,,,CLE_S_02,S,1,,,72.5,,2028,866,,71.1,TB
REGULAR_SEASON,58.7,9,51.7,,,,GB_S_04,S,1,,,56.9,,2028,456,,50.4,TB
REGULAR_SEASON,,17,68.5,,,,JAX_K_01,K,1,,,,,2028,102,65.2,,TB
REGULAR_SEASON,,13,64.0,,,,TB_P_01,P,1,,,,,2028,65,65.1,,TB
REGULAR_SEASON,,15,75.6,79.4,,,PIT_OT_01,OT,1,,77.1,,,2028,981,,,MIA
REGULAR_SEASON,,6,63.5,,57.3,,DAL_EDGE_06,EDGE,0,,,58.6,,2028,256,,64.6,MIA
REGULAR_SEASON,63.4,15,61.8,,56.7,,TEN_LB_03,LB,1,,,59.0,,2028,697,,58.7,MIA
REGULAR_SEASON,,16,67.1,,,,SEA_WR_02,WR,1,69.2,64.6,,,2028,681,,,LAR
REGULAR_SEASON,,16,81.7,72.3,,,LAR_C_01,C,1,,75.4,,,2028,1046,,,LAR
REGULAR_SEASON,,17,79.9,,,77.2,PHI_QB_01,QB,1,,,,68.1,2028,1072,,,PHI
REGULAR_SEASON,,17,74.5,69.9,,,P100058_RB,RB,1,73.7,,,68.8,2028,714,,,PHI
REGULAR_SEASON,,17,79.3,,,,PIT_WR_02,WR,1,73.8,70.9,,,2028,717,,,PHI
REGULAR_SEASON,,11,85.7,,,,DET_WR_02,WR,1,78.1,71.4,,,2028,487,,,PHI
REGULAR_SEASON,,17,61.4,,,,P100245_WR,WR,1,60.1,61.4,,,2028,744,,,PHI
REGULAR_SEASON,,17,67.0,64.0,,,PIT_TE_02,TE,1,60.1,71.0,,,2028,653,,,PHI
REGULAR_SEASON,,16,65.5,63.2,,,IND_TE_01,TE,1,58.3,64.5,,,2028,639,,,PHI
REGULAR_SEASON,,17,89.7,81.8,,,ATL_OT_01,OT,1,,79.8,,,2028,1106,,,PHI
REGULAR_SEASON,,3,68.6,62.9,,,PHI_OT_04,OT,0,,71.6,,,2028,191,,,PHI
REGULAR_SEASON,,17,80.0,70.8,,,PHI_OG_01,OG,1,,75.3,,,2028,1095,,,PHI
REGULAR_SEASON,,13,70.9,73.5,,,SEA_OG_01,OG,1,,72.9,,,2028,834,,,PHI
REGULAR_SEASON,,7,70.7,64.9,,,CAR_C_01,C,0,,79.1,,,2028,464,,,PHI
REGULAR_SEASON,,17,78.0,,76.6,,PHI_EDGE_01,EDGE,1,,,73.3,,2028,731,,69.2,PHI
REGULAR_SEASON,,17,55.3,,55.4,,LAC_EDGE_03,EDGE,1,,,57.3,,2028,752,,60.3,PHI
REGULAR_SEASON,,17,39.6,,46.0,,PHI_EDGE_04,EDGE,1,,,52.3,,2028,744,,45.6,PHI
REGULAR_SEASON,,17,47.0,,48.3,,P100214_EDGE,EDGE,1,,,48.7,,2028,718,,50.2,PHI
REGULAR_SEASON,,17,58.3,,58.5,,DET_DT_01,DT,1,,,54.4,,2028,615,,65.0,PHI
REGULAR_SEASON,,17,62.3,,62.8,,KC_DT_04,DT,1,,,61.6,,2028,651,,54.9,PHI
REGULAR_SEASON,,17,70.0,,65.3,,WAS_DT_04,DT,1,,,66.0,,2028,628,,65.3,PHI
REGULAR_SEASON,63.7,17,68.4,,63.2,,PHI_LB_04,LB,1,,,68.5,,2028,751,,62.7,PHI
REGULAR_SEASON,72.4,17,69.1,,61.6,,PHI_LB_03,LB,1,,,71.9,,2028,771,,59.9,PHI
REGULAR_SEASON,62.6,11,59.2,,66.2,,P100415_LB,LB,1,,,63.2,,2028,482,,58.1,PHI
REGULAR_SEASON,70.0,11,73.8,,,,WAS_CB_02,CB,1,,,71.3,,2028,519,,68.4,PHI
REGULAR_SEASON,73.6,17,77.8,,,,HOU_CB_03,CB,1,,,69.5,,2028,808,,70.5,PHI
REGULAR_SEASON,62.2,17,60.0,,,,MIN_CB_02,CB,1,,,64.6,,2028,850,,60.2,PHI
REGULAR_SEASON,64.9,16,71.4,,,,NO_CB_04,CB,1,,,67.2,,2028,828,,74.5,PHI
REGULAR_SEASON,58.3,17,57.7,,,,BUF_S_02,S,1,,,61.3,,2028,860,,53.7,PHI
REGULAR_SEASON,61.2,17,53.9,,,,NYJ_S_04,S,1,,,57.8,,2028,870,,53.0,PHI
REGULAR_SEASON,54.0,17,50.2,,,,P100342_S,S,1,,,55.4,,2028,852,,46.3,PHI
REGULAR_SEASON,,17,72.8,,,,P100078_K,K,1,,,,,2028,102,60.6,,PHI
REGULAR_SEASON,,17,65.9,,,,DEN_P_01,P,1,,,,,2028,85,66.6,,PHI
REGULAR_SEASON,,3,62.7,56.1,,,DEN_OT_04,OT,0,,41.5,,,2028,196,,,DEN
REGULAR_SEASON,,15,61.4,60.1,,,KC_RB_02,RB,1,55.8,,,66.7,2028,479,,,TEN
REGULAR_SEASON,,1,84.7,67.4,,,NO_C_03,C,0,,59.2,,,2028,64,,,TEN
REGULAR_SEASON,25.3,1,39.7,,,,NO_S_02,S,0,,,55.2,,2028,55,,57.1,TEN
REGULAR_SEASON,,10,65.7,,64.6,,DAL_EDGE_05,EDGE,1,,,67.2,,2028,451,,60.8,ATL
REGULAR_SEASON,73.9,11,70.1,,,,KC_S_02,S,1,,,72.2,,2028,570,,65.0,ATL
REGULAR_SEASON,50.0,8,40.5,,,,P100166_S,S,1,,,41.8,,2028,399,,47.8,SEA
REGULAR_SEASON,,14,63.6,57.4,,,CLE_OG_03,OG,1,,62.7,,,2028,906,,,MIA
REGULAR_SEASON,,14,61.2,,,,CHI_K_01,K,1,,,,,2028,84,67.6,,MIA
REGULAR_SEASON,,6,56.0,61.2,,,KC_OT_04,OT,0,,66.0,,,2028,393,,,BUF
REGULAR_SEASON,47.3,7,37.1,,,,P100588_CB,CB,1,,,46.4,,2028,357,,38.8,JAX
REGULAR_SEASON,,5,59.4,63.7,,,LAC_OT_04,OT,0,,61.7,,,2028,339,,,TEN
REGULAR_SEASON,,12,58.6,60.2,,,LAR_OG_03,OG,1,,63.7,,,2028,807,,,LAC
REGULAR_SEASON,,3,69.8,,,69.9,DAL_QB_01,QB,0,,,,64.3,2028,201,,,DAL
REGULAR_SEASON,,15,76.8,,,72.7,CHI_QB_01,QB,1,,,,74.6,2028,976,,,DET
REGULAR_SEASON,,15,68.2,59.9,,,DET_RB_02,RB,1,62.8,,,63.9,2028,460,,,DET
REGULAR_SEASON,,15,75.7,67.5,,,DET_OT_02,OT,1,,67.1,,,2028,961,,,DET
REGULAR_SEASON,,14,81.9,,,,P100322_WR,WR,1,73.5,76.5,,,2028,592,,,CHI
REGULAR_SEASON,,14,67.4,66.3,,,CHI_TE_03,TE,1,61.2,65.2,,,2028,539,,,CHI
REGULAR_SEASON,,12,77.3,75.7,,,WAS_OG_02,OG,1,,68.7,,,2028,775,,,CAR
REGULAR_SEASON,,15,75.5,70.7,,,HOU_OT_02,OT,1,,68.0,,,2028,998,,,ATL
REGULAR_SEASON,,4,55.4,,,,TB_WR_01,WR,0,67.3,58.4,,,2028,180,,,TB
REGULAR_SEASON,61.6,15,63.2,,61.8,,LAR_LB_04,LB,1,,,62.2,,2028,688,,63.2,TB
REGULAR_SEASON,58.0,8,65.0,,,,WAS_S_04,S,1,,,66.3,,2028,389,,61.6,TB
REGULAR_SEASON,,5,68.7,,,,P100010_WR,WR,0,75.1,65.7,,,2028,225,,,HOU
REGULAR_SEASON,,5,49.3,,,,HOU_WR_06,WR,0,46.0,64.9,,,2028,220,,,HOU
REGULAR_SEASON,70.2,11,64.8,,71.8,,P100450_LB,LB,1,,,59.6,,2028,497,,58.1,HOU
REGULAR_SEASON,,5,79.3,,,,PIT_WR_05,WR,0,74.9,76.3,,,2028,211,,,PIT
REGULAR_SEASON,,14,61.7,59.8,,,WAS_OT_03,OT,1,,58.4,,,2028,919,,,LAR
REGULAR_SEASON,71.3,1,54.5,,,,JAX_CB_05,CB,0,,,72.5,,2028,46,,41.2,LAR
REGULAR_SEASON,57.0,13,54.9,,58.5,,IND_LB_02,LB,1,,,56.2,,2028,615,,63.6,IND
REGULAR_SEASON,60.5,5,67.8,,,,P100501_S,S,0,,,66.3,,2028,260,,62.5,DEN
REGULAR_SEASON,,10,75.5,,,,KC_P_01,P,1,,,,,2028,50,69.7,,KC
REGULAR_SEASON,,15,78.0,,69.2,,LV_EDGE_02,EDGE,1,,,72.5,,2028,643,,70.2,CIN
REGULAR_SEASON,55.1,2,51.6,,45.1,,TEN_LB_06,LB,0,,,55.9,,2028,90,,62.0,CIN
REGULAR_SEASON,,15,49.1,55.9,,,LV_RB_01,RB,1,51.5,,,58.6,2028,339,,,NO
REGULAR_SEASON,,14,67.8,68.5,,,CIN_TE_01,TE,1,64.8,65.4,,,2028,537,,,CIN
REGULAR_SEASON,,13,76.1,70.8,,,JAX_OT_01,OT,1,,69.6,,,2028,842,,,HOU
REGULAR_SEASON,67.8,13,72.8,,72.6,,NYG_LB_01,LB,1,,,72.1,,2028,598,,74.7,HOU
REGULAR_SEASON,,2,34.4,,,,P100355_WR,WR,0,30.0,53.5,,,2028,84,,,LAC
REGULAR_SEASON,,14,72.0,70.5,,,PHI_OT_02,OT,1,,70.5,,,2028,938,,,PHI
REGULAR_SEASON,,12,66.9,,,,CIN_WR_01,WR,1,67.5,65.0,,,2028,532,,,CHI
REGULAR_SEASON,53.1,6,42.8,,45.8,,P100373_LB,LB,0,,,52.0,,2028,266,,42.1,CHI
REGULAR_SEASON,,2,43.2,50.3,,,P100001_OG,OG,0,,49.1,,,2028,136,,,NO
REGULAR_SEASON,51.6,14,47.8,,,,P100044_CB,CB,1,,,52.2,,2028,690,,54.1,NO
REGULAR_SEASON,,6,58.3,,,62.2,BAL_QB_02,QB,1,,,,55.6,2028,380,,,SF
REGULAR_SEASON,,9,61.8,,,,P100399_WR,WR,1,63.0,59.3,,,2028,390,,,SF
REGULAR_SEASON,,13,83.3,81.4,,,LAC_OG_02,OG,1,,82.9,,,2028,856,,,SEA
REGULAR_SEASON,,14,69.5,,64.9,,NYJ_EDGE_01,EDGE,1,,,66.0,,2028,591,,69.5,TB
REGULAR_SEASON,,7,63.9,,56.0,,CAR_DT_04,DT,0,,,64.3,,2028,256,,71.3,TB
REGULAR_SEASON,,3,71.9,70.7,,,P100458_OG,OG,0,,64.9,,,2028,194,,,BUF
REGULAR_SEASON,,4,45.9,,,,P100327_WR,WR,0,61.7,62.5,,,2028,169,,,CAR
REGULAR_SEASON,79.6,13,85.3,,,,CLE_CB_01,CB,1,,,80.6,,2028,649,,82.9,CAR
REGULAR_SEASON,52.0,13,46.0,,,,P100392_CB,CB,1,,,50.7,,2028,660,,46.4,CAR
REGULAR_SEASON,,12,84.7,,,,ARI_K_01,K,1,,,,,2028,72,83.0,,ARI
REGULAR_SEASON,,13,54.5,,,,DAL_WR_06,WR,1,63.0,60.6,,,2028,553,,,DAL
REGULAR_SEASON,,2,88.4,83.8,,,DAL_C_01,C,0,,85.3,,,2028,131,,,DAL
REGULAR_SEASON,,7,71.1,70.3,,,P100394_C,C,0,,71.5,,,2028,455,,,MIN
REGULAR_SEASON,,6,82.0,,,80.8,JAX_QB_02,QB,1,,,,72.9,2028,373,,,LV
REGULAR_SEASON,,3,52.6,,,,FA_WR_083,WR,0,69.5,50.6,,,2028,133,,,LV
REGULAR_SEASON,,13,70.6,68.9,,,LAR_TE_02,TE,1,68.7,66.9,,,2028,490,,,LAR
REGULAR_SEASON,,10,88.4,78.8,,,TEN_C_01,C,1,,79.1,,,2028,650,,,DET
REGULAR_SEASON,56.8,7,63.4,,66.9,,KC_LB_01,LB,0,,,69.1,,2028,325,,53.2,DET
REGULAR_SEASON,,13,74.5,,,,DET_P_01,P,1,,,,,2028,65,78.7,,DET
REGULAR_SEASON,71.3,8,64.9,,,,P100153_CB,CB,1,,,61.0,,2028,419,,67.3,PIT
REGULAR_SEASON,,9,50.1,,51.0,,HOU_DT_05,DT,1,,,58.9,,2028,325,,47.7,HOU
REGULAR_SEASON,,4,82.9,64.9,,,MIN_OT_04,OT,0,,75.8,,,2028,257,,,MIN
REGULAR_SEASON,,8,41.8,45.0,,,P100547_TE,TE,1,39.2,40.8,,,2028,311,,,GB
REGULAR_SEASON,,5,53.2,,67.9,,BAL_DT_03,DT,0,,,47.0,,2028,176,,54.1,BAL
REGULAR_SEASON,,3,76.4,,71.2,,BUF_DT_01,DT,0,,,72.3,,2028,119,,71.3,BAL
REGULAR_SEASON,,5,49.9,49.4,,,LAR_OG_06,OG,0,,55.2,,,2028,327,,,ARI
REGULAR_SEASON,,4,65.4,69.7,,,LV_OG_03,OG,0,,64.8,,,2028,261,,,PHI
REGULAR_SEASON,57.0,7,60.7,,,,WAS_CB_08,CB,0,,,67.9,,2028,342,,61.5,PHI
REGULAR_SEASON,,11,69.0,,,,CIN_WR_02,WR,1,66.2,64.2,,,2028,471,,,LAR
REGULAR_SEASON,,11,71.5,71.2,,,IND_OG_02,OG,1,,69.4,,,2028,712,,,LAR
REGULAR_SEASON,,9,75.2,67.4,,,SF_OT_02,OT,1,,76.3,,,2028,612,,,SF
REGULAR_SEASON,79.2,11,75.2,,68.1,,SF_LB_02,LB,1,,,61.7,,2028,499,,78.8,SF
REGULAR_SEASON,,5,63.5,69.4,,,CAR_OT_04,OT,0,,73.8,,,2028,330,,,SEA
REGULAR_SEASON,,12,76.4,,71.5,,P100482_DT,DT,1,,,72.9,,2028,453,,75.0,CAR
REGULAR_SEASON,,8,71.5,72.5,,,NE_RB_01,RB,1,72.9,,,81.2,2028,200,,,CHI
REGULAR_SEASON,,12,64.2,60.2,,,ATL_OG_01,OG,1,,67.0,,,2028,779,,,ATL
REGULAR_SEASON,,10,49.7,,54.9,,NE_EDGE_04,EDGE,1,,,58.9,,2028,454,,54.4,ATL
REGULAR_SEASON,,10,66.4,73.2,,,NO_C_02,C,1,,62.8,,,2028,661,,,NO
REGULAR_SEASON,,5,52.7,44.4,,,DET_RB_05,RB,0,57.9,,,45.1,2028,85,,,BUF
REGULAR_SEASON,,2,78.0,,82.8,,BUF_EDGE_03,EDGE,0,,,76.0,,2028,89,,81.8,BUF
REGULAR_SEASON,68.4,9,65.2,,,,IND_CB_06,CB,1,,,60.6,,2028,446,,68.9,NE
REGULAR_SEASON,,5,63.9,65.4,,,CLE_OT_04,OT,0,,64.0,,,2028,328,,,BAL
REGULAR_SEASON,,4,64.9,61.6,,,P100556_OG,OG,0,,63.3,,,2028,258,,,TEN
REGULAR_SEASON,,9,60.5,,60.7,,TEN_DT_04,DT,1,,,57.7,,2028,361,,57.4,TEN
REGULAR_SEASON,,3,60.6,,62.5,,BAL_DT_04,DT,0,,,47.1,,2028,112,,59.8,TEN
REGULAR_SEASON,67.3,4,61.5,,,,PIT_CB_04,CB,0,,,61.9,,2028,211,,60.3,TEN
REGULAR_SEASON,,6,74.0,74.1,,,LV_OT_04,OT,0,,62.7,,,2028,375,,,LV
REGULAR_SEASON,,10,73.6,73.5,,,CAR_OT_01,OT,1,,67.4,,,2028,672,,,CAR
REGULAR_SEASON,,5,57.0,,56.0,,P100479_EDGE,EDGE,0,,,51.2,,2028,224,,58.8,NO
REGULAR_SEASON,,3,28.3,,44.5,,P100093_DT,DT,0,,,45.7,,2028,115,,29.1,NO
REGULAR_SEASON,,1,27.7,,,,CHI_WR_03,WR,0,27.0,55.2,,,2028,42,,,SF
REGULAR_SEASON,64.9,5,59.9,,,,P100068_CB,CB,0,,,63.5,,2028,255,,68.7,SF
REGULAR_SEASON,,1,79.3,,,,BUF_K_01,K,0,,,,,2028,6,58.4,,DEN
REGULAR_SEASON,,1,52.3,,,,TEN_P_02,P,0,,,,,2028,5,56.8,,DEN
REGULAR_SEASON,,1,52.5,47.0,,,JAX_OG_03,OG,0,,58.0,,,2028,71,,,NYJ
REGULAR_SEASON,,7,73.1,,,,HOU_WR_04,WR,0,65.8,70.3,,,2028,284,,,IND
REGULAR_SEASON,80.1,11,80.0,,73.2,,PHI_LB_01,LB,1,,,70.2,,2028,502,,74.1,WAS
REGULAR_SEASON,64.3,10,66.3,,,,HOU_S_01,S,1,,,65.3,,2028,494,,67.4,ATL
REGULAR_SEASON,,1,45.9,,,,BUF_WR_06,WR,0,71.3,44.7,,,2028,39,,,LAC
REGULAR_SEASON,70.4,2,50.5,,,,P100057_S,S,0,,,62.7,,2028,107,,65.4,DAL
REGULAR_SEASON,,1,66.4,,,,ATL_K_01,K,0,,,,,2028,6,52.1,,ATL
REGULAR_SEASON,66.6,1,49.0,,,,LAR_CB_01,CB,0,,,55.2,,2028,51,,37.6,ARI
REGULAR_SEASON,,1,66.2,72.5,,,SF_OT_03,OT,0,,64.2,,,2028,70,,,LAR
REGULAR_SEASON,,1,85.5,82.8,,,DEN_OT_01,OT,0,,67.2,,,2028,68,,,SF
REGULAR_SEASON,,10,73.4,69.1,,,WAS_OT_01,OT,1,,71.1,,,2028,671,,,CIN
REGULAR_SEASON,,10,79.7,,75.4,,ATL_EDGE_01,EDGE,1,,,66.3,,2028,428,,79.6,CIN
REGULAR_SEASON,,4,63.2,63.9,,,GB_OT_04,OT,0,,58.0,,,2028,257,,,TB
REGULAR_SEASON,48.0,4,55.0,,58.2,,P100284_LB,LB,0,,,59.7,,2028,178,,60.1,NO
REGULAR_SEASON,,6,56.7,,,,P100140_WR,WR,0,59.9,59.9,,,2028,255,,,JAX
REGULAR_SEASON,,7,74.6,69.3,,,LV_C_01,C,0,,72.4,,,2028,463,,,DEN
REGULAR_SEASON,76.4,4,78.2,,,,LV_S_04,S,0,,,79.1,,2028,219,,63.7,LV
REGULAR_SEASON,,7,67.0,,65.9,,BUF_EDGE_05,EDGE,0,,,61.8,,2028,301,,71.5,PIT
REGULAR_SEASON,73.0,5,71.9,,69.5,,MIN_LB_03,LB,0,,,76.9,,2028,199,,76.7,PIT
REGULAR_SEASON,64.7,7,65.9,,,,P100592_S,S,1,,,64.6,,2028,359,,58.9,NYJ
REGULAR_SEASON,,7,82.0,,81.2,,BAL_DT_02,DT,0,,,82.4,,2028,247,,76.3,CLE
REGULAR_SEASON,,1,64.5,50.8,,,CHI_OG_01,OG,0,,71.2,,,2028,67,,,LV
REGULAR_SEASON,71.2,7,71.7,,,,DET_S_04,S,1,,,69.1,,2028,367,,62.1,DET
REGULAR_SEASON,,2,77.5,,64.4,,P100066_EDGE,EDGE,0,,,57.7,,2028,89,,70.2,SEA
REGULAR_SEASON,,5,47.7,49.1,,,LV_OG_04,OG,0,,48.3,,,2028,325,,,NYG
REGULAR_SEASON,65.0,2,64.2,,68.1,,HOU_LB_03,LB,0,,,67.9,,2028,97,,62.8,PIT
REGULAR_SEASON,,1,75.5,,,,TEN_WR_04,WR,0,81.9,49.2,,,2028,43,,,TEN
REGULAR_SEASON,54.2,3,57.9,,,,LAR_S_01,S,0,,,68.8,,2028,155,,56.4,NYJ
REGULAR_SEASON,,3,87.8,,84.9,,TEN_EDGE_03,EDGE,0,,,84.1,,2028,120,,75.2,PIT
REGULAR_SEASON,,4,58.3,,,,JAX_WR_05,WR,0,38.5,71.3,,,2028,185,,,JAX
REGULAR_SEASON,,6,59.4,,,,ATL_WR_06,WR,0,62.4,60.2,,,2028,280,,,ATL
REGULAR_SEASON,,3,52.1,,51.7,,P100539_DT,DT,0,,,54.7,,2028,106,,39.1,ATL
REGULAR_SEASON,,5,70.4,,69.8,,PHI_DT_02,DT,0,,,76.1,,2028,205,,67.2,LAR
REGULAR_SEASON,,1,81.6,84.8,,,JAX_OT_04,OT,0,,62.1,,,2028,65,,,LAC
REGULAR_SEASON,,2,74.0,,77.3,,CIN_EDGE_03,EDGE,0,,,73.7,,2028,98,,61.7,DAL
REGULAR_SEASON,75.3,3,84.8,,75.5,,MIA_LB_03,LB,0,,,74.0,,2028,139,,75.5,DAL
REGULAR_SEASON,,6,57.9,,,,P100376_WR,WR,0,53.1,59.7,,,2028,253,,,DET
REGULAR_SEASON,,6,76.9,,66.3,,ARI_EDGE_03,EDGE,0,,,71.3,,2028,256,,74.0,DET
REGULAR_SEASON,67.1,3,61.1,,68.8,,BAL_LB_02,LB,0,,,62.1,,2028,134,,60.2,BAL
REGULAR_SEASON,43.1,1,54.8,,,,P100514_CB,CB,0,,,72.6,,2028,44,,49.8,BAL
REGULAR_SEASON,52.7,6,36.8,,44.4,,P100436_LB,LB,0,,,40.9,,2028,276,,35.3,PHI
REGULAR_SEASON,,5,76.9,75.5,,,SF_C_02,C,0,,80.5,,,2028,322,,,HOU
REGULAR_SEASON,58.4,3,56.0,,,,KC_CB_05,CB,0,,,55.2,,2028,154,,58.9,HOU
REGULAR_SEASON,62.2,2,73.5,,70.0,,DEN_LB_02,LB,0,,,57.4,,2028,88,,63.6,NYG
REGULAR_SEASON,,1,45.4,,,,SEA_WR_06,WR,0,37.1,52.7,,,2028,41,,,TEN
REGULAR_SEASON,43.9,5,31.1,,,,P100063_CB,CB,0,,,42.8,,2028,245,,41.0,WAS
REGULAR_SEASON,,3,55.5,,,,KC_P_02,P,0,,,,,2028,15,53.5,,WAS
REGULAR_SEASON,,3,63.0,71.8,,,JAX_TE_03,TE,0,62.7,65.4,,,2028,122,,,SF
REGULAR_SEASON,,4,62.5,,,,LAR_P_01,P,0,,,,,2028,20,64.5,,TB
REGULAR_SEASON,,2,56.0,63.8,,,CHI_OT_04,OT,0,,63.6,,,2028,131,,,CHI
REGULAR_SEASON,,3,67.7,,68.5,,P100033_DT,DT,0,,,64.5,,2028,112,,65.8,DAL
REGULAR_SEASON,,1,59.7,,49.0,,P100039_DT,DT,0,,,77.1,,2028,36,,64.8,DEN
REGULAR_SEASON,,3,44.3,,,,CLE_K_02,K,0,,,,,2028,18,45.3,,HOU
REGULAR_SEASON,,2,79.1,74.0,,,HOU_OG_03,OG,0,,77.7,,,2028,128,,,HOU
REGULAR_SEASON,,4,44.1,45.4,,,P100050_TE,TE,0,52.5,43.5,,,2028,154,,,DAL
REGULAR_SEASON,,3,53.6,,51.1,,BUF_EDGE_04,EDGE,0,,,54.3,,2028,133,,56.0,WAS
REGULAR_SEASON,55.0,4,57.3,,54.0,,ATL_LB_03,LB,0,,,52.4,,2028,176,,54.8,ATL
REGULAR_SEASON,,3,77.2,70.7,,,P100097_C,C,0,,87.2,,,2028,200,,,SEA
REGULAR_SEASON,,1,43.7,,45.9,,DEN_DT_04,DT,0,,,13.6,,2028,37,,39.6,DEN
REGULAR_SEASON,,1,67.3,,,,CIN_P_02,P,0,,,,,2028,5,74.7,,CAR
REGULAR_SEASON,,2,51.1,53.2,,,P100388_OG,OG,0,,32.1,,,2028,132,,,MIN
REGULAR_SEASON,,1,53.4,,61.0,,P100102_EDGE,EDGE,0,,,59.9,,2028,40,,54.7,DEN
REGULAR_SEASON,,1,71.2,,91.8,,SF_DT_05,DT,0,,,57.6,,2028,38,,69.3,MIA
REGULAR_SEASON,35.3,1,67.4,,60.4,,ARI_LB_05,LB,0,,,61.0,,2028,45,,45.0,MIA
REGULAR_SEASON,78.0,1,78.7,,,,NO_CB_08,CB,0,,,84.9,,2028,59,,78.3,MIA
REGULAR_SEASON,,1,56.5,,,,NYG_WR_04,WR,0,61.8,40.3,,,2028,44,,,NYG
REGULAR_SEASON,,2,55.0,55.7,,,TEN_OT_02,OT,0,,52.8,,,2028,136,,,TEN
REGULAR_SEASON,,3,50.2,,64.3,,CHI_EDGE_02,EDGE,0,,,45.0,,2028,135,,55.7,TEN
REGULAR_SEASON,,2,63.4,,73.0,,P100591_EDGE,EDGE,0,,,66.8,,2028,89,,63.0,IND
REGULAR_SEASON,,2,68.7,,,68.3,ARI_QB_02,QB,0,,,,80.3,2028,127,,,CHI
REGULAR_SEASON,,1,58.3,72.9,,,BUF_C_02,C,0,,57.5,,,2028,63,,,BUF
REGULAR_SEASON,57.3,1,66.5,,76.2,,P100456_LB,LB,0,,,73.7,,2028,48,,52.5,PIT
REGULAR_SEASON,,1,48.9,,,,P100054_WR,WR,0,44.2,43.1,,,2028,44,,,BAL
REGULAR_SEASON,,2,52.5,,59.3,,DAL_DT_04,DT,0,,,56.8,,2028,81,,49.3,ARI
REGULAR_SEASON,,2,60.2,,61.3,,JAX_DT_03,DT,0,,,60.6,,2028,83,,74.3,ARI
REGULAR_SEASON,,1,75.7,,,,LAC_WR_01,WR,0,74.2,76.8,,,2028,36,,,PHI
REGULAR_SEASON,,1,48.3,23.4,,,SEA_TE_01,TE,0,55.0,51.4,,,2028,38,,,PHI
REGULAR_SEASON,,1,61.6,,,48.9,LAR_QB_02,QB,0,,,,25.3,2028,68,,,LAR
REGULAR_SEASON,,1,31.7,52.4,,,NO_RB_02,RB,0,29.8,,,42.3,2028,40,,,CIN
REGULAR_SEASON,,1,86.3,,86.2,,DET_EDGE_05,EDGE,0,,,69.1,,2028,40,,86.9,DET
REGULAR_SEASON,93.0,1,71.0,,,,DET_CB_05,CB,0,,,56.0,,2028,50,,58.7,DET
REGULAR_SEASON,,1,61.9,,,,P100461_WR,WR,0,49.8,52.3,,,2028,45,,,BAL
PLAYOFFS,,2,51.7,,,60.5,DAL_QB_02,QB,0,,,,45.9,2028,124,,,NYJ
PLAYOFFS,,2,94.7,86.6,,,P100035_RB,RB,0,93.7,,,87.2,2028,61,,,NYJ
PLAYOFFS,,2,65.9,77.9,,,CIN_RB_02,RB,0,68.6,,,60.4,2028,42,,,NYJ
PLAYOFFS,,2,80.7,,,,NYJ_WR_02,WR,0,69.3,82.7,,,2028,72,,,NYJ
PLAYOFFS,,2,84.3,,,,NYJ_WR_03,WR,0,72.5,88.8,,,2028,85,,,NYJ
PLAYOFFS,,2,44.3,,,,JAX_WR_03,WR,0,35.4,58.3,,,2028,89,,,NYJ
PLAYOFFS,,2,77.5,,,,ARI_WR_01,WR,0,87.6,55.5,,,2028,88,,,NYJ
PLAYOFFS,,2,72.5,61.5,,,DEN_TE_01,TE,0,59.9,54.4,,,2028,85,,,NYJ
PLAYOFFS,,2,59.5,51.1,,,NE_TE_01,TE,0,55.2,58.9,,,2028,85,,,NYJ
PLAYOFFS,,2,80.2,74.4,,,HOU_OT_01,OT,0,,70.0,,,2028,136,,,NYJ
PLAYOFFS,,2,54.5,51.8,,,NYJ_OT_02,OT,0,,63.4,,,2028,132,,,NYJ
PLAYOFFS,,2,72.9,71.3,,,BAL_OG_02,OG,0,,64.5,,,2028,132,,,NYJ
PLAYOFFS,,2,60.2,41.7,,,NYJ_OG_01,OG,0,,72.1,,,2028,130,,,NYJ
PLAYOFFS,,2,87.0,73.8,,,P100300_C,C,0,,68.5,,,2028,136,,,NYJ
PLAYOFFS,,2,83.1,,91.5,,DET_EDGE_01,EDGE,0,,,82.2,,2028,83,,90.2,NYJ
PLAYOFFS,,2,81.5,,82.1,,JAX_EDGE_01,EDGE,0,,,78.4,,2028,95,,69.3,NYJ
PLAYOFFS,,2,48.1,,57.3,,NYJ_EDGE_05,EDGE,0,,,66.9,,2028,93,,49.1,NYJ
PLAYOFFS,,2,59.6,,68.9,,TEN_EDGE_05,EDGE,0,,,62.8,,2028,94,,48.0,NYJ
PLAYOFFS,,2,55.9,,56.3,,WAS_DT_01,DT,0,,,56.6,,2028,73,,49.9,NYJ
PLAYOFFS,,2,63.9,,75.6,,BUF_DT_05,DT,0,,,76.4,,2028,68,,69.3,NYJ
PLAYOFFS,,2,63.4,,82.2,,NYJ_DT_05,DT,0,,,56.7,,2028,74,,53.2,NYJ
PLAYOFFS,92.5,2,77.8,,60.8,,NYG_LB_02,LB,0,,,63.9,,2028,87,,72.9,NYJ
PLAYOFFS,46.8,2,57.9,,63.9,,NYJ_LB_02,LB,0,,,71.2,,2028,84,,77.7,NYJ
PLAYOFFS,63.7,2,65.4,,57.6,,CAR_LB_04,LB,0,,,45.0,,2028,89,,54.5,NYJ
PLAYOFFS,74.1,2,65.7,,,,JAX_CB_03,CB,0,,,63.3,,2028,103,,57.9,NYJ
PLAYOFFS,70.4,2,74.8,,,,NYJ_CB_02,CB,0,,,81.4,,2028,99,,65.8,NYJ
PLAYOFFS,73.8,2,55.9,,,,CLE_CB_03,CB,0,,,50.8,,2028,99,,55.4,NYJ
PLAYOFFS,64.1,2,67.1,,,,NYJ_S_02,S,0,,,56.7,,2028,98,,64.8,NYJ
PLAYOFFS,74.9,2,87.3,,,,PHI_S_01,S,0,,,92.5,,2028,100,,81.2,NYJ
PLAYOFFS,63.1,2,69.7,,,,CAR_S_01,S,0,,,80.6,,2028,108,,72.7,NYJ
PLAYOFFS,,2,80.8,,,,PHI_K_01,K,0,,,,,2028,12,69.7,,NYJ
PLAYOFFS,,2,78.7,,,,SEA_P_01,P,0,,,,,2028,10,70.4,,NYJ
PLAYOFFS,,1,50.1,,,49.4,LV_QB_01,QB,0,,,,68.8,2028,63,,,LV
PLAYOFFS,,1,50.9,23.7,,,ARI_RB_02,RB,0,53.9,,,42.2,2028,28,,,LV
PLAYOFFS,,1,43.4,47.4,,,SF_RB_04,RB,0,58.3,,,41.4,2028,19,,,LV
PLAYOFFS,,1,89.6,,,,LV_WR_01,WR,0,83.0,80.8,,,2028,43,,,LV
PLAYOFFS,,1,58.3,,,,BAL_WR_02,WR,0,38.6,92.4,,,2028,43,,,LV
PLAYOFFS,,1,47.1,,,,SEA_WR_03,WR,0,69.1,54.3,,,2028,51,,,LV
PLAYOFFS,,1,53.3,,,,LAR_WR_08,WR,0,60.7,68.2,,,2028,49,,,LV
PLAYOFFS,,1,91.8,79.7,,,P100219_TE,TE,0,84.5,73.6,,,2028,45,,,LV
PLAYOFFS,,1,81.0,68.7,,,LV_OT_02,OT,0,,72.5,,,2028,65,,,LV
PLAYOFFS,,1,84.4,76.9,,,LV_OT_04,OT,0,,67.9,,,2028,75,,,LV
PLAYOFFS,,1,68.2,60.5,,,LV_OG_01,OG,0,,65.8,,,2028,67,,,LV
PLAYOFFS,,1,64.8,86.7,,,DET_OG_03,OG,0,,59.1,,,2028,67,,,LV
PLAYOFFS,,1,69.3,78.3,,,LV_C_02,C,0,,90.4,,,2028,60,,,LV
PLAYOFFS,,1,93.3,,99.8,,LV_EDGE_04,EDGE,0,,,86.9,,2028,43,,88.2,LV
PLAYOFFS,,1,64.7,,76.0,,SF_EDGE_01,EDGE,0,,,88.9,,2028,44,,48.1,LV
PLAYOFFS,,1,72.2,,78.2,,KC_EDGE_04,EDGE,0,,,60.2,,2028,44,,68.2,LV
PLAYOFFS,,1,65.5,,64.0,,P100574_EDGE,EDGE,0,,,82.3,,2028,47,,87.4,LV
PLAYOFFS,,1,61.5,,72.4,,LV_DT_01,DT,0,,,60.6,,2028,48,,57.4,LV
PLAYOFFS,,1,77.9,,56.1,,LAR_DT_05,DT,0,,,66.3,,2028,30,,68.0,LV
PLAYOFFS,,1,69.8,,53.1,,LV_DT_03,DT,0,,,50.3,,2028,33,,58.6,LV
PLAYOFFS,37.3,1,46.6,,42.1,,PIT_LB_01,LB,0,,,52.1,,2028,46,,46.2,LV
PLAYOFFS,43.8,1,25.0,,27.2,,P100333_LB,LB,0,,,42.3,,2028,50,,34.1,LV
PLAYOFFS,45.1,1,69.5,,63.7,,BUF_LB_04,LB,0,,,56.4,,2028,48,,58.0,LV
PLAYOFFS,63.6,1,64.0,,,,LV_CB_03,CB,0,,,54.3,,2028,56,,75.8,LV
PLAYOFFS,43.3,1,39.7,,,,PHI_CB_01,CB,0,,,77.5,,2028,49,,67.8,LV
PLAYOFFS,56.8,1,33.0,,,,P100282_CB,CB,0,,,36.2,,2028,47,,34.2,LV
PLAYOFFS,86.2,1,89.0,,,,LV_CB_04,CB,0,,,74.8,,2028,46,,88.8,LV
PLAYOFFS,45.0,1,49.8,,,,BAL_S_04,S,0,,,55.7,,2028,59,,42.2,LV
PLAYOFFS,23.9,1,41.4,,,,BUF_S_03,S,0,,,37.6,,2028,49,,55.7,LV
PLAYOFFS,32.6,1,26.8,,,,LAC_S_04,S,0,,,47.1,,2028,50,,27.8,LV
PLAYOFFS,,1,60.4,,,,LV_K_01,K,0,,,,,2028,6,66.3,,LV
PLAYOFFS,,1,83.7,,,,CAR_P_01,P,0,,,,,2028,5,87.5,,LV
PLAYOFFS,,3,79.4,,,76.6,CAR_QB_01,QB,0,,,,54.9,2028,184,,,CLE
PLAYOFFS,,3,44.3,34.9,,,CLE_RB_03,RB,0,50.7,,,61.2,2028,122,,,CLE
PLAYOFFS,,3,73.2,,,,CLE_WR_02,WR,0,67.1,71.5,,,2028,133,,,CLE
PLAYOFFS,,3,81.8,,,,CLE_WR_06,WR,0,71.7,65.8,,,2028,122,,,CLE
PLAYOFFS,,3,50.5,,,,JAX_WR_02,WR,0,54.0,54.4,,,2028,131,,,CLE
PLAYOFFS,,3,72.3,,,,P100365_WR,WR,0,59.0,58.2,,,2028,127,,,CLE
PLAYOFFS,,3,77.6,77.5,,,CLE_TE_02,TE,0,72.3,80.6,,,2028,115,,,CLE
PLAYOFFS,,3,60.7,64.6,,,MIN_TE_02,TE,0,56.7,58.9,,,2028,109,,,CLE
PLAYOFFS,,3,87.5,84.4,,,TEN_OT_01,OT,0,,83.7,,,2028,209,,,CLE
PLAYOFFS,,3,76.4,55.0,,,CLE_OT_02,OT,0,,69.0,,,2028,200,,,CLE
PLAYOFFS,,3,57.0,54.3,,,CLE_OG_02,OG,0,,57.5,,,2028,197,,,CLE
PLAYOFFS,,3,71.0,87.0,,,CIN_OG_01,OG,0,,66.8,,,2028,200,,,CLE
PLAYOFFS,,3,62.2,62.5,,,NYJ_C_01,C,0,,67.3,,,2028,198,,,CLE
PLAYOFFS,,3,74.2,,72.5,,CLE_EDGE_01,EDGE,0,,,67.8,,2028,132,,87.5,CLE
PLAYOFFS,,3,57.9,,79.5,,TB_EDGE_02,EDGE,0,,,75.6,,2028,133,,53.8,CLE
PLAYOFFS,,3,62.4,,60.6,,P100018_EDGE,EDGE,0,,,57.8,,2028,134,,60.1,CLE
PLAYOFFS,,3,31.8,,45.5,,P100146_EDGE,EDGE,0,,,28.2,,2028,135,,35.4,CLE
PLAYOFFS,,3,91.2,,78.0,,BAL_DT_02,DT,0,,,91.3,,2028,106,,77.6,CLE
PLAYOFFS,,3,73.3,,87.9,,P100324_DT,DT,0,,,65.5,,2028,121,,69.6,CLE
PLAYOFFS,,3,66.5,,66.5,,CLE_DT_02,DT,0,,,64.3,,2028,110,,58.9,CLE
PLAYOFFS,89.5,3,89.4,,78.5,,NO_LB_01,LB,0,,,86.0,,2028,126,,83.5,CLE
PLAYOFFS,67.4,3,81.2,,64.8,,CIN_LB_02,LB,0,,,66.7,,2028,131,,77.6,CLE
PLAYOFFS,62.2,3,73.7,,61.9,,KC_LB_02,LB,0,,,58.8,,2028,134,,78.5,CLE
PLAYOFFS,65.4,3,68.2,,,,DAL_CB_05,CB,0,,,64.7,,2028,156,,58.7,CLE
PLAYOFFS,57.3,3,50.8,,,,DET_CB_04,CB,0,,,47.1,,2028,149,,62.3,CLE
PLAYOFFS,69.2,3,61.8,,,,TEN_CB_01,CB,0,,,60.7,,2028,145,,64.6,CLE
PLAYOFFS,66.1,3,55.0,,,,NE_CB_02,CB,0,,,73.7,,2028,148,,59.6,CLE
PLAYOFFS,55.8,3,76.3,,,,TB_S_02,S,0,,,78.5,,2028,152,,74.3,CLE
PLAYOFFS,75.9,3,71.9,,,,NYG_S_01,S,0,,,59.5,,2028,153,,65.6,CLE
PLAYOFFS,72.1,3,64.6,,,,P100462_S,S,0,,,62.9,,2028,142,,54.9,CLE
PLAYOFFS,,3,63.0,,,,TEN_P_01,P,0,,,,,2028,15,67.5,,CLE
PLAYOFFS,,1,65.9,,,46.7,P100074_QB,QB,0,,,,61.7,2028,60,,,MIA
PLAYOFFS,,1,63.1,61.1,,,PHI_RB_03,RB,0,57.0,,,49.6,2028,45,,,MIA
PLAYOFFS,,1,85.3,,,,PIT_WR_03,WR,0,93.6,62.4,,,2028,48,,,MIA
PLAYOFFS,,1,88.1,,,,IND_WR_03,WR,0,89.3,65.1,,,2028,49,,,MIA
PLAYOFFS,,1,55.8,,,,CAR_WR_02,WR,0,87.8,46.6,,,2028,38,,,MIA
PLAYOFFS,,1,88.3,,,,TB_WR_02,WR,0,87.7,80.0,,,2028,41,,,MIA
PLAYOFFS,,1,78.1,60.9,,,MIA_TE_02,TE,0,64.6,74.8,,,2028,36,,,MIA
PLAYOFFS,,1,75.6,51.4,,,WAS_TE_01,TE,0,64.4,90.1,,,2028,34,,,MIA
PLAYOFFS,,1,90.5,93.4,,,PIT_OT_01,OT,0,,58.7,,,2028,61,,,MIA
PLAYOFFS,,1,65.9,70.6,,,KC_OT_01,OT,0,,40.9,,,2028,67,,,MIA
PLAYOFFS,,1,84.0,96.9,,,MIN_C_01,C,0,,98.6,,,2028,63,,,MIA
PLAYOFFS,,1,87.1,,90.0,,PIT_EDGE_02,EDGE,0,,,90.9,,2028,52,,84.0,MIA
PLAYOFFS,,1,70.3,,56.0,,KC_EDGE_05,EDGE,0,,,68.9,,2028,46,,57.1,MIA
PLAYOFFS,,1,44.3,,30.5,,NO_EDGE_03,EDGE,0,,,40.6,,2028,45,,56.1,MIA
PLAYOFFS,,1,88.5,,96.4,,PHI_EDGE_03,EDGE,0,,,96.8,,2028,41,,90.8,MIA
PLAYOFFS,,1,74.0,,68.2,,KC_DT_01,DT,0,,,71.2,,2028,34,,70.3,MIA
PLAYOFFS,,1,67.7,,60.3,,BUF_DT_02,DT,0,,,48.5,,2028,40,,71.5,MIA
PLAYOFFS,,1,90.3,,84.1,,SF_DT_05,DT,0,,,81.1,,2028,35,,70.3,MIA
PLAYOFFS,79.0,1,90.8,,85.2,,CAR_LB_02,LB,0,,,99.9,,2028,47,,96.2,MIA
PLAYOFFS,61.3,1,72.3,,79.7,,FA_LB_118,LB,0,,,67.0,,2028,40,,64.2,MIA
PLAYOFFS,97.8,1,82.7,,71.8,,TEN_LB_03,LB,0,,,62.4,,2028,40,,50.8,MIA
PLAYOFFS,53.9,1,57.4,,,,ATL_CB_02,CB,0,,,59.0,,2028,50,,52.4,MIA
PLAYOFFS,73.7,1,52.6,,,,NYG_CB_03,CB,0,,,45.0,,2028,53,,65.8,MIA
PLAYOFFS,45.4,1,59.8,,,,NO_CB_08,CB,0,,,37.0,,2028,47,,59.8,MIA
PLAYOFFS,19.3,1,17.0,,,,MIA_CB_04,CB,0,,,44.2,,2028,54,,26.7,MIA
PLAYOFFS,91.2,1,80.7,,,,P100363_S,S,0,,,91.9,,2028,53,,61.1,MIA
PLAYOFFS,75.8,1,65.8,,,,CHI_S_04,S,0,,,58.9,,2028,51,,79.0,MIA
PLAYOFFS,79.6,1,74.5,,,,ATL_S_05,S,0,,,77.5,,2028,55,,62.5,MIA
PLAYOFFS,,1,67.9,,,,CHI_K_01,K,0,,,,,2028,6,45.9,,MIA
PLAYOFFS,,1,55.4,,,,MIA_P_01,P,0,,,,,2028,5,52.4,,MIA
PLAYOFFS,,2,86.2,,,75.8,DEN_QB_01,QB,0,,,,69.3,2028,118,,,DEN
PLAYOFFS,,2,61.0,49.0,,,NYG_RB_01,RB,0,65.1,,,60.7,2028,55,,,DEN
PLAYOFFS,,2,66.7,72.1,,,DEN_RB_03,RB,0,57.7,,,55.0,2028,44,,,DEN
PLAYOFFS,,2,68.1,,,,DEN_WR_01,WR,0,76.9,64.1,,,2028,91,,,DEN
PLAYOFFS,,2,66.8,,,,ATL_WR_03,WR,0,53.4,67.0,,,2028,88,,,DEN
PLAYOFFS,,2,70.6,,,,DEN_WR_02,WR,0,77.8,53.1,,,2028,81,,,DEN
PLAYOFFS,,2,66.7,,,,CAR_WR_05,WR,0,59.9,73.0,,,2028,90,,,DEN
PLAYOFFS,,2,69.0,75.5,,,CIN_TE_03,TE,0,62.6,70.7,,,2028,80,,,DEN
PLAYOFFS,,2,67.1,70.5,,,GB_OT_01,OT,0,,61.0,,,2028,136,,,DEN
PLAYOFFS,,2,54.8,60.0,,,DEN_OT_04,OT,0,,74.4,,,2028,129,,,DEN
PLAYOFFS,,2,57.9,68.6,,,SF_OG_01,OG,0,,57.5,,,2028,126,,,DEN
PLAYOFFS,,2,52.5,63.9,,,P100541_OG,OG,0,,44.0,,,2028,128,,,DEN
PLAYOFFS,,2,84.2,71.1,,,LV_C_01,C,0,,86.9,,,2028,123,,,DEN
PLAYOFFS,,2,81.1,,69.8,,BAL_EDGE_02,EDGE,0,,,68.5,,2028,95,,72.0,DEN
PLAYOFFS,,2,83.3,,84.0,,GB_EDGE_03,EDGE,0,,,68.9,,2028,89,,83.2,DEN
PLAYOFFS,,2,39.9,,37.6,,P100114_EDGE,EDGE,0,,,41.1,,2028,89,,44.1,DEN
PLAYOFFS,,2,50.5,,51.9,,DEN_EDGE_05,EDGE,0,,,49.5,,2028,79,,48.9,DEN
PLAYOFFS,,2,90.5,,92.0,,DEN_DT_02,DT,0,,,74.1,,2028,80,,78.0,DEN
PLAYOFFS,,2,62.0,,43.1,,SF_DT_02,DT,0,,,51.6,,2028,71,,65.5,DEN
PLAYOFFS,,2,55.7,,66.9,,MIN_DT_04,DT,0,,,55.7,,2028,81,,62.3,DEN
PLAYOFFS,57.0,2,65.8,,63.3,,LV_LB_01,LB,0,,,61.6,,2028,94,,51.0,DEN
PLAYOFFS,51.4,2,57.0,,51.9,,DEN_LB_03,LB,0,,,43.8,,2028,92,,50.2,DEN
PLAYOFFS,72.0,2,56.5,,68.2,,P100224_LB,LB,0,,,67.0,,2028,95,,55.7,DEN
PLAYOFFS,74.8,2,77.5,,,,DEN_CB_03,CB,0,,,55.3,,2028,92,,79.0,DEN
PLAYOFFS,60.4,2,62.5,,,,KC_CB_06,CB,0,,,74.7,,2028,89,,65.4,DEN
PLAYOFFS,74.2,2,74.1,,,,PHI_S_02,S,0,,,72.5,,2028,101,,81.1,DEN
PLAYOFFS,60.2,2,64.7,,,,CAR_S_03,S,0,,,63.6,,2028,109,,63.5,DEN
PLAYOFFS,69.8,2,76.5,,,,IND_S_01,S,0,,,87.2,,2028,105,,77.6,DEN
PLAYOFFS,,2,63.8,,,,P100081_P,P,0,,,,,2028,10,72.5,,DEN
PLAYOFFS,,1,74.2,,,80.4,CIN_QB_01,QB,0,,,,92.4,2028,62,,,PIT
PLAYOFFS,,1,57.9,68.6,,,PIT_RB_01,RB,0,66.3,,,45.4,2028,41,,,PIT
PLAYOFFS,,1,83.1,,,,PIT_WR_06,WR,0,71.7,82.6,,,2028,48,,,PIT
PLAYOFFS,,1,61.7,,,,ATL_WR_05,WR,0,42.8,64.9,,,2028,42,,,PIT
PLAYOFFS,,1,60.9,,,,ATL_WR_04,WR,0,57.3,72.0,,,2028,44,,,PIT
PLAYOFFS,,1,62.2,,,,PIT_WR_05,WR,0,33.7,67.5,,,2028,41,,,PIT
PLAYOFFS,,1,88.7,65.4,,,LV_OT_01,OT,0,,93.9,,,2028,67,,,PIT
PLAYOFFS,,1,61.2,62.4,,,CIN_OT_01,OT,0,,48.1,,,2028,67,,,PIT
PLAYOFFS,,1,99.9,99.9,,,PIT_OG_01,OG,0,,99.9,,,2028,68,,,PIT
PLAYOFFS,,1,26.2,42.6,,,ARI_OG_01,OG,0,,34.0,,,2028,60,,,PIT
PLAYOFFS,,1,69.6,53.3,,,PIT_C_01,C,0,,59.4,,,2028,63,,,PIT
PLAYOFFS,,1,35.0,,66.9,,CLE_EDGE_02,EDGE,0,,,48.5,,2028,38,,37.3,PIT
PLAYOFFS,,1,69.5,,91.5,,PIT_EDGE_05,EDGE,0,,,71.1,,2028,41,,33.3,PIT
PLAYOFFS,,1,71.2,,78.6,,CIN_EDGE_02,EDGE,0,,,57.1,,2028,46,,57.8,PIT
PLAYOFFS,,1,83.2,,66.4,,BUF_EDGE_05,EDGE,0,,,77.0,,2028,47,,69.9,PIT
PLAYOFFS,,1,65.9,,65.5,,DET_DT_04,DT,0,,,51.2,,2028,38,,44.2,PIT
PLAYOFFS,,1,36.8,,41.1,,P100135_DT,DT,0,,,52.7,,2028,34,,27.9,PIT
PLAYOFFS,65.9,1,52.7,,57.2,,PIT_LB_04,LB,0,,,57.1,,2028,43,,57.2,PIT
PLAYOFFS,52.6,1,57.2,,61.4,,SEA_LB_01,LB,0,,,63.5,,2028,48,,55.1,PIT
PLAYOFFS,61.5,1,74.8,,85.2,,MIN_LB_03,LB,0,,,76.2,,2028,47,,63.7,PIT
PLAYOFFS,72.4,1,91.4,,,,PIT_CB_03,CB,0,,,95.9,,2028,52,,91.2,PIT
PLAYOFFS,67.5,1,62.3,,,,PIT_CB_02,CB,0,,,63.6,,2028,39,,68.9,PIT
PLAYOFFS,87.4,1,84.2,,,,PIT_CB_05,CB,0,,,90.1,,2028,51,,92.3,PIT
PLAYOFFS,39.5,1,46.6,,,,DET_CB_07,CB,0,,,68.9,,2028,53,,39.5,PIT
PLAYOFFS,34.4,1,24.7,,,,P100347_S,S,0,,,1.5,,2028,50,,36.6,PIT
PLAYOFFS,75.6,1,85.1,,,,P100428_S,S,0,,,76.3,,2028,48,,86.0,PIT
PLAYOFFS,89.4,1,87.1,,,,P100310_S,S,0,,,87.4,,2028,51,,63.8,PIT
PLAYOFFS,,1,82.0,,,,GB_K_01,K,0,,,,,2028,6,76.9,,PIT
PLAYOFFS,,1,58.3,,,,CLE_P_01,P,0,,,,,2028,5,46.6,,PIT
PLAYOFFS,,3,72.9,,,72.7,IND_QB_01,QB,0,,,,68.9,2028,193,,,IND
PLAYOFFS,,3,62.0,58.1,,,NYG_RB_03,RB,0,58.6,,,65.4,2028,85,,,IND
PLAYOFFS,,3,64.7,82.4,,,IND_RB_02,RB,0,72.8,,,72.1,2028,59,,,IND
PLAYOFFS,,3,64.0,56.2,,,TB_RB_01,RB,0,69.6,,,58.2,2028,51,,,IND
PLAYOFFS,,3,90.6,,,,IND_WR_02,WR,0,90.3,83.6,,,2028,127,,,IND
PLAYOFFS,,3,59.4,,,,IND_WR_01,WR,0,47.5,57.7,,,2028,127,,,IND
PLAYOFFS,,3,49.1,,,,ARI_WR_02,WR,0,48.4,54.6,,,2028,128,,,IND
PLAYOFFS,,3,74.3,,,,NO_WR_05,WR,0,70.4,78.8,,,2028,137,,,IND
PLAYOFFS,,3,75.1,80.3,,,NYJ_TE_01,TE,0,73.2,81.0,,,2028,117,,,IND
PLAYOFFS,,3,82.6,78.5,,,SEA_TE_02,TE,0,82.5,65.9,,,2028,123,,,IND
PLAYOFFS,,3,87.4,76.7,,,MIN_OT_02,OT,0,,73.6,,,2028,202,,,IND
PLAYOFFS,,3,74.9,67.8,,,SEA_OT_02,OT,0,,68.2,,,2028,202,,,IND
PLAYOFFS,,3,49.1,49.5,,,GB_OG_01,OG,0,,55.5,,,2028,203,,,IND
PLAYOFFS,,3,82.9,70.5,,,IND_C_01,C,0,,86.9,,,2028,201,,,IND
PLAYOFFS,,3,69.2,,63.6,,IND_EDGE_02,EDGE,0,,,74.4,,2028,131,,64.5,IND
PLAYOFFS,,3,92.2,,83.9,,IND_EDGE_01,EDGE,0,,,80.6,,2028,137,,86.7,IND
PLAYOFFS,,3,73.1,,82.9,,P100591_EDGE,EDGE,0,,,70.3,,2028,142,,77.8,IND
PLAYOFFS,,3,62.0,,68.8,,CLE_DT_04,DT,0,,,60.4,,2028,111,,66.4,IND
PLAYOFFS,,3,80.8,,87.4,,LV_DT_02,DT,0,,,62.4,,2028,120,,67.8,IND
PLAYOFFS,,3,48.7,,49.0,,IND_DT_05,DT,0,,,44.9,,2028,116,,62.8,IND
PLAYOFFS,63.0,3,68.9,,71.3,,GB_LB_03,LB,0,,,65.7,,2028,133,,71.2,IND
PLAYOFFS,67.8,3,51.7,,42.8,,IND_LB_02,LB,0,,,46.6,,2028,144,,51.1,IND
PLAYOFFS,49.4,3,54.7,,64.2,,MIN_LB_04,LB,0,,,51.0,,2028,130,,60.1,IND
PLAYOFFS,78.5,3,73.5,,,,IND_CB_01,CB,0,,,78.2,,2028,140,,83.0,IND
PLAYOFFS,66.8,3,72.6,,,,IND_CB_02,CB,0,,,78.5,,2028,156,,78.2,IND
PLAYOFFS,63.8,3,85.4,,,,GB_CB_06,CB,0,,,77.7,,2028,137,,65.8,IND
PLAYOFFS,64.2,3,70.9,,,,TEN_CB_06,CB,0,,,80.7,,2028,156,,63.3,IND
PLAYOFFS,67.4,3,60.1,,,,P100491_S,S,0,,,54.0,,2028,156,,64.9,IND
PLAYOFFS,61.9,3,55.7,,,,P100465_S,S,0,,,44.7,,2028,161,,52.6,IND
PLAYOFFS,,3,62.2,,,,NO_K_01,K,0,,,,,2028,18,64.2,,IND
PLAYOFFS,,3,46.5,,,,IND_P_01,P,0,,,,,2028,15,51.8,,IND
PLAYOFFS,,1,56.8,,,52.6,DET_QB_01,QB,0,,,,79.2,2028,67,,,TB
PLAYOFFS,,1,69.3,60.2,,,PIT_RB_03,RB,0,57.7,,,54.1,2028,31,,,TB
PLAYOFFS,,1,35.8,47.6,,,ATL_RB_01,RB,0,22.2,,,36.4,2028,18,,,TB
PLAYOFFS,,1,83.4,,,,HOU_WR_01,WR,0,84.9,78.2,,,2028,41,,,TB
PLAYOFFS,,1,67.8,,,,TB_WR_03,WR,0,64.4,61.7,,,2028,49,,,TB
PLAYOFFS,,1,59.6,,,,MIA_WR_03,WR,0,65.8,69.6,,,2028,42,,,TB
PLAYOFFS,,1,59.6,,,,CAR_WR_08,WR,0,41.3,80.4,,,2028,38,,,TB
PLAYOFFS,,1,61.8,80.0,,,TB_TE_01,TE,0,57.9,65.9,,,2028,42,,,TB
PLAYOFFS,,1,83.7,81.0,,,DEN_TE_02,TE,0,77.8,84.6,,,2028,37,,,TB
PLAYOFFS,,1,72.6,69.4,,,TB_OT_02,OT,0,,54.9,,,2028,67,,,TB
PLAYOFFS,,1,21.2,27.5,,,ARI_OT_02,OT,0,,44.3,,,2028,58,,,TB
PLAYOFFS,,1,86.0,63.1,,,DAL_OG_01,OG,0,,74.1,,,2028,68,,,TB
PLAYOFFS,,1,77.2,93.6,,,KC_OG_02,OG,0,,82.8,,,2028,61,,,TB
PLAYOFFS,,1,59.9,70.0,,,NYG_C_01,C,0,,53.4,,,2028,71,,,TB
PLAYOFFS,,1,41.1,,49.6,,NYJ_EDGE_01,EDGE,0,,,73.8,,2028,45,,45.0,TB
PLAYOFFS,,1,78.6,,69.6,,P100095_EDGE,EDGE,0,,,55.3,,2028,41,,91.5,TB
PLAYOFFS,,1,46.5,,66.3,,TB_EDGE_05,EDGE,0,,,50.5,,2028,45,,41.0,TB
PLAYOFFS,,1,99.9,,99.0,,NO_DT_01,DT,0,,,99.9,,2028,36,,99.9,TB
PLAYOFFS,,1,53.9,,63.5,,SF_DT_03,DT,0,,,49.2,,2028,36,,93.3,TB
PLAYOFFS,,1,87.9,,64.3,,CAR_DT_04,DT,0,,,76.1,,2028,31,,80.6,TB
PLAYOFFS,71.3,1,94.3,,81.5,,TB_LB_02,LB,0,,,88.3,,2028,48,,76.3,TB
PLAYOFFS,62.2,1,73.5,,74.6,,TB_LB_05,LB,0,,,27.5,,2028,46,,66.2,TB
PLAYOFFS,67.4,1,78.6,,78.7,,LAR_LB_04,LB,0,,,76.7,,2028,43,,76.6,TB
PLAYOFFS,68.3,1,74.3,,,,TB_CB_03,CB,0,,,71.0,,2028,52,,59.3,TB
PLAYOFFS,52.5,1,67.5,,,,LV_CB_01,CB,0,,,67.8,,2028,52,,56.2,TB
PLAYOFFS,27.2,1,29.5,,,,TB_CB_01,CB,0,,,29.6,,2028,44,,53.1,TB
PLAYOFFS,42.7,1,53.7,,,,ATL_CB_04,CB,0,,,45.9,,2028,49,,54.9,TB
PLAYOFFS,70.2,1,67.5,,,,LV_S_01,S,0,,,44.4,,2028,45,,58.4,TB
PLAYOFFS,74.9,1,69.0,,,,GB_S_04,S,0,,,62.1,,2028,58,,47.6,TB
PLAYOFFS,61.8,1,66.9,,,,WAS_S_04,S,0,,,84.1,,2028,50,,47.0,TB
PLAYOFFS,,1,71.0,,,,JAX_K_01,K,0,,,,,2028,6,69.0,,TB
PLAYOFFS,,1,65.0,,,,TB_P_01,P,0,,,,,2028,5,63.3,,TB
PLAYOFFS,,4,73.8,,,61.6,CHI_QB_01,QB,0,,,,64.8,2028,238,,,DET
PLAYOFFS,,4,64.6,70.1,,,DET_RB_02,RB,0,49.5,,,50.4,2028,124,,,DET
PLAYOFFS,,4,58.2,52.9,,,P100523_RB,RB,0,57.0,,,57.4,2028,83,,,DET
PLAYOFFS,,4,76.3,,,,DET_WR_03,WR,0,80.8,77.4,,,2028,171,,,DET
PLAYOFFS,,4,59.0,,,,DET_WR_01,WR,0,67.4,59.9,,,2028,172,,,DET
PLAYOFFS,,4,70.9,,,,KC_WR_01,WR,0,61.1,71.5,,,2028,181,,,DET
PLAYOFFS,,4,72.7,,,,P100376_WR,WR,0,55.5,65.3,,,2028,171,,,DET
PLAYOFFS,,4,84.8,85.7,,,DET_TE_01,TE,0,68.5,70.8,,,2028,164,,,DET
PLAYOFFS,,4,87.7,86.4,,,DET_TE_02,TE,0,74.2,82.9,,,2028,150,,,DET
PLAYOFFS,,4,66.5,61.4,,,DET_OT_02,OT,0,,63.3,,,2028,246,,,DET
PLAYOFFS,,4,58.2,52.4,,,TB_OT_01,OT,0,,56.3,,,2028,274,,,DET
PLAYOFFS,,4,73.9,78.7,,,DEN_OG_02,OG,0,,74.0,,,2028,260,,,DET
PLAYOFFS,,4,56.2,63.2,,,P100229_OG,OG,0,,55.3,,,2028,257,,,DET
PLAYOFFS,,4,88.8,82.9,,,TEN_C_01,C,0,,74.3,,,2028,258,,,DET
PLAYOFFS,,4,68.3,,63.0,,ARI_EDGE_02,EDGE,0,,,68.0,,2028,183,,64.4,DET
PLAYOFFS,,4,80.3,,66.8,,SF_EDGE_03,EDGE,0,,,83.7,,2028,175,,70.3,DET
PLAYOFFS,,4,84.2,,81.5,,ARI_EDGE_03,EDGE,0,,,78.0,,2028,179,,77.5,DET
PLAYOFFS,,4,65.0,,71.9,,DET_EDGE_05,EDGE,0,,,75.3,,2028,170,,58.8,DET
PLAYOFFS,,4,85.0,,80.7,,TB_DT_02,DT,0,,,74.3,,2028,159,,74.8,DET
PLAYOFFS,,4,76.0,,70.1,,DET_DT_02,DT,0,,,65.0,,2028,154,,76.7,DET
PLAYOFFS,,4,71.4,,66.6,,IND_DT_01,DT,0,,,74.2,,2028,150,,74.5,DET
PLAYOFFS,74.3,4,71.8,,66.2,,DET_LB_01,LB,0,,,72.3,,2028,191,,76.9,DET
PLAYOFFS,72.9,4,73.5,,68.7,,DET_LB_02,LB,0,,,69.2,,2028,172,,65.1,DET
PLAYOFFS,65.9,4,67.5,,66.1,,BAL_LB_01,LB,0,,,55.4,,2028,179,,74.9,DET
PLAYOFFS,45.6,4,48.2,,,,DET_CB_05,CB,0,,,51.5,,2028,190,,54.2,DET
PLAYOFFS,54.9,4,52.0,,,,DET_CB_06,CB,0,,,60.0,,2028,204,,48.5,DET
PLAYOFFS,57.7,4,62.4,,,,ARI_CB_04,CB,0,,,64.2,,2028,208,,54.9,DET
PLAYOFFS,73.5,4,70.3,,,,DET_CB_08,CB,0,,,72.7,,2028,202,,72.2,DET
PLAYOFFS,74.5,4,78.6,,,,DET_S_04,S,0,,,75.3,,2028,215,,67.0,DET
PLAYOFFS,52.7,4,53.5,,,,ARI_S_02,S,0,,,47.8,,2028,210,,56.9,DET
PLAYOFFS,,4,70.4,,,,DET_P_01,P,0,,,,,2028,20,77.0,,DET
PLAYOFFS,,3,82.2,,,76.7,LAR_QB_02,QB,0,,,,83.2,2028,197,,,LAR
PLAYOFFS,,3,69.3,60.9,,,CIN_RB_01,RB,0,53.0,,,77.7,2028,131,,,LAR
PLAYOFFS,,3,65.5,,,,CIN_WR_02,WR,0,67.0,71.0,,,2028,127,,,LAR
PLAYOFFS,,3,51.3,,,,SEA_WR_02,WR,0,44.9,56.7,,,2028,127,,,LAR
PLAYOFFS,,3,60.1,,,,NYJ_WR_06,WR,0,59.8,65.2,,,2028,125,,,LAR
PLAYOFFS,,3,76.7,,,,PHI_WR_01,WR,0,75.1,83.6,,,2028,133,,,LAR
PLAYOFFS,,3,79.9,65.8,,,LAR_TE_02,TE,0,75.2,87.9,,,2028,110,,,LAR
PLAYOFFS,,3,62.1,67.3,,,LAR_OT_01,OT,0,,50.2,,,2028,197,,,LAR
PLAYOFFS,,3,88.6,91.4,,,WAS_OT_03,OT,0,,79.7,,,2028,201,,,LAR
PLAYOFFS,,3,56.7,48.6,,,SEA_OG_05,OG,0,,57.9,,,2028,199,,,LAR
PLAYOFFS,,3,45.5,45.0,,,IND_OG_02,OG,0,,39.0,,,2028,202,,,LAR
PLAYOFFS,,3,78.6,83.9,,,LAR_C_01,C,0,,61.2,,,2028,205,,,LAR
PLAYOFFS,,3,64.1,,68.2,,ATL_EDGE_04,EDGE,0,,,60.4,,2028,131,,60.9,LAR
PLAYOFFS,,3,42.8,,54.8,,CLE_EDGE_03,EDGE,0,,,45.9,,2028,137,,45.3,LAR
PLAYOFFS,,3,53.0,,54.9,,P100134_EDGE,EDGE,0,,,45.3,,2028,141,,56.3,LAR
PLAYOFFS,,3,57.4,,61.6,,P100594_EDGE,EDGE,0,,,60.6,,2028,137,,59.8,LAR
PLAYOFFS,,3,73.4,,71.0,,LAR_DT_02,DT,0,,,53.5,,2028,107,,70.9,LAR
PLAYOFFS,,3,77.8,,77.9,,MIN_DT_03,DT,0,,,82.6,,2028,117,,69.6,LAR
PLAYOFFS,,3,67.9,,68.7,,GB_DT_05,DT,0,,,77.3,,2028,125,,79.2,LAR
PLAYOFFS,79.8,3,83.3,,84.4,,P100545_LB,LB,0,,,73.2,,2028,141,,77.4,LAR
PLAYOFFS,58.7,3,62.8,,61.2,,P100519_LB,LB,0,,,64.0,,2028,126,,61.5,LAR
PLAYOFFS,69.9,3,70.5,,,,LAR_CB_02,CB,0,,,83.2,,2028,150,,63.7,LAR
PLAYOFFS,63.8,3,62.6,,,,GB_CB_02,CB,0,,,57.3,,2028,151,,63.3,LAR
PLAYOFFS,59.0,3,58.9,,,,HOU_CB_04,CB,0,,,54.9,,2028,133,,53.9,LAR
PLAYOFFS,58.0,3,57.4,,,,P100417_CB,CB,0,,,56.7,,2028,138,,54.7,LAR
PLAYOFFS,87.0,3,63.6,,,,DET_S_01,S,0,,,57.2,,2028,151,,60.4,LAR
PLAYOFFS,53.4,3,51.2,,,,LAR_S_04,S,0,,,57.7,,2028,148,,49.4,LAR
PLAYOFFS,61.2,3,67.0,,,,NE_S_02,S,0,,,72.5,,2028,155,,75.2,LAR
PLAYOFFS,,3,59.0,,,,DAL_K_01,K,0,,,,,2028,18,63.7,,LAR
PLAYOFFS,,3,59.2,,,,DAL_P_01,P,0,,,,,2028,15,62.0,,LAR
PLAYOFFS,,1,68.6,,,74.3,ATL_QB_01,QB,0,,,,78.7,2028,66,,,ATL
PLAYOFFS,,1,64.5,79.3,,,DAL_RB_01,RB,0,75.0,,,72.8,2028,24,,,ATL
PLAYOFFS,,1,69.0,70.7,,,NO_RB_03,RB,0,47.2,,,71.0,2028,25,,,ATL
PLAYOFFS,,1,49.3,72.2,,,P100382_RB,RB,0,29.4,,,41.7,2028,16,,,ATL
PLAYOFFS,,1,44.3,,,,ATL_WR_06,WR,0,29.4,70.5,,,2028,50,,,ATL
PLAYOFFS,,1,81.4,,,,CLE_WR_04,WR,0,72.4,94.8,,,2028,39,,,ATL
PLAYOFFS,,1,57.9,,,,NE_WR_06,WR,0,69.2,29.3,,,2028,42,,,ATL
PLAYOFFS,,1,83.4,,,,P100218_WR,WR,0,76.6,64.2,,,2028,42,,,ATL
PLAYOFFS,,1,60.3,61.8,,,ATL_TE_01,TE,0,50.9,61.6,,,2028,35,,,ATL
PLAYOFFS,,1,67.8,47.5,,,ATL_TE_02,TE,0,59.4,37.2,,,2028,39,,,ATL
PLAYOFFS,,1,59.5,59.3,,,HOU_OT_02,OT,0,,53.9,,,2028,68,,,ATL
PLAYOFFS,,1,73.9,79.1,,,PIT_OT_03,OT,0,,62.3,,,2028,59,,,ATL
PLAYOFFS,,1,66.9,67.7,,,ATL_OG_01,OG,0,,50.4,,,2028,66,,,ATL
PLAYOFFS,,1,72.1,59.7,,,ATL_OG_04,OG,0,,83.4,,,2028,63,,,ATL
PLAYOFFS,,1,55.9,62.8,,,ATL_C_01,C,0,,67.8,,,2028,62,,,ATL
PLAYOFFS,,1,76.4,,55.5,,NYJ_EDGE_06,EDGE,0,,,78.7,,2028,37,,69.8,ATL
PLAYOFFS,,1,69.0,,57.4,,ATL_EDGE_07,EDGE,0,,,51.0,,2028,36,,58.4,ATL
PLAYOFFS,,1,57.2,,74.1,,NE_EDGE_04,EDGE,0,,,37.2,,2028,46,,59.3,ATL
PLAYOFFS,,1,78.7,,57.2,,PIT_DT_02,DT,0,,,58.2,,2028,36,,56.4,ATL
PLAYOFFS,,1,82.2,,71.8,,ATL_DT_01,DT,0,,,71.4,,2028,34,,76.9,ATL
PLAYOFFS,,1,40.2,,52.2,,ATL_DT_05,DT,0,,,25.7,,2028,41,,64.2,ATL
PLAYOFFS,47.6,1,56.5,,50.8,,MIN_LB_02,LB,0,,,42.3,,2028,41,,50.4,ATL
PLAYOFFS,64.5,1,73.4,,68.8,,WAS_LB_01,LB,0,,,49.5,,2028,47,,78.2,ATL
PLAYOFFS,97.7,1,76.1,,68.1,,ATL_LB_03,LB,0,,,69.8,,2028,42,,95.0,ATL
PLAYOFFS,68.9,1,84.3,,,,NYJ_CB_03,CB,0,,,93.8,,2028,47,,59.7,ATL
PLAYOFFS,54.8,1,58.6,,,,P100406_CB,CB,0,,,67.1,,2028,47,,61.7,ATL
PLAYOFFS,79.3,1,84.3,,,,KC_S_02,S,0,,,56.5,,2028,48,,81.4,ATL
PLAYOFFS,61.6,1,74.4,,,,HOU_S_01,S,0,,,63.0,,2028,53,,74.7,ATL
PLAYOFFS,84.5,1,74.3,,,,ATL_S_03,S,0,,,83.3,,2028,46,,71.0,ATL
PLAYOFFS,,1,67.3,,,,CAR_K_01,K,0,,,,,2028,6,69.2,,ATL
PLAYOFFS,,1,81.5,,,,GB_P_01,P,0,,,,,2028,5,83.1,,ATL
PLAYOFFS,,1,61.8,,,66.5,HOU_QB_01,QB,0,,,,44.3,2028,62,,,DAL
PLAYOFFS,,1,54.8,60.0,,,KC_RB_03,RB,0,51.5,,,38.5,2028,47,,,DAL
PLAYOFFS,,1,49.5,,,,DAL_WR_08,WR,0,59.4,47.0,,,2028,45,,,DAL
PLAYOFFS,,1,42.4,,,,PIT_WR_08,WR,0,24.8,52.1,,,2028,45,,,DAL
PLAYOFFS,,1,49.4,,,,DAL_WR_06,WR,0,65.4,47.9,,,2028,40,,,DAL
PLAYOFFS,,1,75.5,,,,P100431_WR,WR,0,68.4,69.0,,,2028,44,,,DAL
PLAYOFFS,,1,61.7,45.2,,,BUF_TE_03,TE,0,41.3,44.2,,,2028,45,,,DAL
PLAYOFFS,,1,50.4,53.3,,,P100050_TE,TE,0,56.4,56.2,,,2028,39,,,DAL
PLAYOFFS,,1,88.9,79.4,,,DAL_OT_02,OT,0,,96.0,,,2028,61,,,DAL
PLAYOFFS,,1,60.7,58.1,,,DAL_OT_04,OT,0,,32.2,,,2028,68,,,DAL
PLAYOFFS,,1,90.6,97.0,,,CHI_OG_03,OG,0,,67.0,,,2028,69,,,DAL
PLAYOFFS,,1,87.3,60.6,,,DET_C_01,C,0,,78.1,,,2028,64,,,DAL
PLAYOFFS,,1,90.4,,78.8,,CAR_EDGE_02,EDGE,0,,,90.9,,2028,46,,99.9,DAL
PLAYOFFS,,1,74.7,,76.1,,DEN_EDGE_02,EDGE,0,,,69.6,,2028,41,,54.8,DAL
PLAYOFFS,,1,87.4,,70.5,,P100279_EDGE,EDGE,0,,,92.0,,2028,40,,47.4,DAL
PLAYOFFS,,1,73.7,,72.3,,DAL_EDGE_03,EDGE,0,,,84.4,,2028,38,,67.7,DAL
PLAYOFFS,,1,91.3,,90.5,,GB_DT_02,DT,0,,,77.2,,2028,40,,77.3,DAL
PLAYOFFS,,1,40.2,,46.5,,NYJ_DT_02,DT,0,,,70.3,,2028,36,,25.0,DAL
PLAYOFFS,,1,51.7,,48.6,,NYJ_DT_03,DT,0,,,42.1,,2028,40,,59.5,DAL
PLAYOFFS,69.4,1,43.1,,40.8,,PHI_LB_02,LB,0,,,61.2,,2028,44,,52.9,DAL
PLAYOFFS,51.2,1,42.6,,48.2,,P100489_LB,LB,0,,,70.5,,2028,41,,57.2,DAL
PLAYOFFS,76.7,1,67.8,,90.3,,CLE_LB_01,LB,0,,,80.0,,2028,40,,69.9,DAL
PLAYOFFS,86.8,1,96.9,,,,DAL_CB_03,CB,0,,,74.3,,2028,46,,88.3,DAL
PLAYOFFS,63.5,1,74.7,,,,GB_CB_04,CB,0,,,85.8,,2028,47,,80.7,DAL
PLAYOFFS,88.2,1,92.8,,,,BAL_CB_01,CB,0,,,95.2,,2028,51,,93.9,DAL
PLAYOFFS,57.6,1,58.2,,,,ATL_CB_05,CB,0,,,51.2,,2028,53,,51.7,DAL
PLAYOFFS,66.0,1,50.5,,,,PIT_S_01,S,0,,,47.4,,2028,45,,52.4,DAL
PLAYOFFS,80.2,1,60.6,,,,GB_S_02,S,0,,,49.6,,2028,55,,68.3,DAL
PLAYOFFS,86.5,1,98.6,,,,P100210_S,S,0,,,89.7,,2028,49,,82.7,DAL
PLAYOFFS,,1,74.7,,,,NE_K_01,K,0,,,,,2028,6,81.6,,DAL
PLAYOFFS,,1,49.0,,,,TB_P_02,P,0,,,,,2028,5,29.3,,DAL
PLAYOFFS,,2,82.3,,,79.9,SF_QB_02,QB,0,,,,65.3,2028,136,,,SF
PLAYOFFS,,2,43.0,50.0,,,SF_RB_03,RB,0,20.3,,,65.0,2028,73,,,SF
PLAYOFFS,,2,67.3,74.5,,,DAL_RB_03,RB,0,75.9,,,56.0,2028,46,,,SF
PLAYOFFS,,2,62.1,,,,SF_WR_01,WR,0,60.1,57.1,,,2028,87,,,SF
PLAYOFFS,,2,45.9,,,,SEA_WR_01,WR,0,48.2,56.4,,,2028,82,,,SF
PLAYOFFS,,2,92.3,,,,NO_WR_01,WR,0,97.3,97.7,,,2028,91,,,SF
PLAYOFFS,,2,58.8,,,,CHI_WR_07,WR,0,61.3,61.4,,,2028,77,,,SF
PLAYOFFS,,2,78.8,82.4,,,SF_TE_01,TE,0,64.0,86.8,,,2028,76,,,SF
PLAYOFFS,,2,87.1,91.7,,,TEN_TE_01,TE,0,83.7,87.3,,,2028,84,,,SF
PLAYOFFS,,2,88.2,77.4,,,SF_OT_01,OT,0,,99.1,,,2028,133,,,SF
PLAYOFFS,,2,66.3,64.8,,,SF_OT_02,OT,0,,65.2,,,2028,130,,,SF
PLAYOFFS,,2,82.8,68.6,,,SF_OG_02,OG,0,,64.4,,,2028,137,,,SF
PLAYOFFS,,2,74.0,66.7,,,SF_OG_04,OG,0,,58.6,,,2028,135,,,SF
PLAYOFFS,,2,98.1,,94.9,,SF_EDGE_02,EDGE,0,,,96.2,,2028,83,,98.5,SF
PLAYOFFS,,2,69.0,,63.5,,CIN_EDGE_04,EDGE,0,,,55.5,,2028,81,,73.4,SF
PLAYOFFS,,2,68.0,,79.9,,TEN_EDGE_04,EDGE,0,,,74.6,,2028,84,,63.5,SF
PLAYOFFS,,2,51.0,,41.8,,HOU_EDGE_02,EDGE,0,,,43.7,,2028,88,,38.5,SF
PLAYOFFS,,2,89.5,,87.4,,CHI_DT_02,DT,0,,,70.2,,2028,72,,84.4,SF
PLAYOFFS,,2,83.2,,66.1,,BAL_DT_01,DT,0,,,63.5,,2028,85,,68.9,SF
PLAYOFFS,,2,85.4,,82.4,,P100246_DT,DT,0,,,76.9,,2028,66,,87.8,SF
PLAYOFFS,80.9,2,76.3,,73.4,,SF_LB_02,LB,0,,,72.5,,2028,89,,70.2,SF
PLAYOFFS,87.6,2,90.1,,79.7,,DAL_LB_02,LB,0,,,92.8,,2028,87,,67.8,SF
PLAYOFFS,51.7,2,59.8,,52.4,,TEN_LB_02,LB,0,,,57.6,,2028,96,,50.7,SF
PLAYOFFS,74.2,2,88.2,,,,SF_CB_03,CB,0,,,88.3,,2028,103,,75.0,SF
PLAYOFFS,55.1,2,58.4,,,,MIN_CB_05,CB,0,,,61.2,,2028,100,,78.8,SF
PLAYOFFS,59.0,2,65.9,,,,LAC_CB_04,CB,0,,,77.6,,2028,103,,72.1,SF
PLAYOFFS,45.4,2,53.3,,,,MIN_CB_04,CB,0,,,47.2,,2028,103,,61.4,SF
PLAYOFFS,55.3,2,71.4,,,,SF_S_02,S,0,,,60.9,,2028,83,,84.8,SF
PLAYOFFS,58.4,2,48.5,,,,DAL_S_02,S,0,,,56.9,,2028,97,,37.4,SF
PLAYOFFS,,2,76.5,,,,DET_K_01,K,0,,,,,2028,12,78.3,,SF
PLAYOFFS,,2,69.1,,,,PIT_P_01,P,0,,,,,2028,10,70.6,,SF
PLAYOFFS,,1,90.9,,,98.5,GB_QB_01,QB,0,,,,81.4,2028,59,,,GB
PLAYOFFS,,1,83.4,86.5,,,SF_RB_01,RB,0,71.4,,,95.5,2028,39,,,GB
PLAYOFFS,,1,57.2,,,,DET_WR_06,WR,0,66.0,68.3,,,2028,43,,,GB
PLAYOFFS,,1,44.6,,,,P100331_WR,WR,0,42.2,22.1,,,2028,41,,,GB
PLAYOFFS,,1,52.0,,,,GB_WR_04,WR,0,69.9,71.1,,,2028,42,,,GB
PLAYOFFS,,1,72.2,,,,P100566_WR,WR,0,78.9,64.0,,,2028,47,,,GB
PLAYOFFS,,1,78.5,57.4,,,GB_TE_02,TE,0,84.2,71.9,,,2028,38,,,GB
PLAYOFFS,,1,26.0,32.7,,,P100547_TE,TE,0,43.2,39.1,,,2028,39,,,GB
PLAYOFFS,,1,58.8,61.0,,,DAL_OT_01,OT,0,,49.8,,,2028,58,,,GB
PLAYOFFS,,1,89.0,84.3,,,P100507_OT,OT,0,,96.4,,,2028,62,,,GB
PLAYOFFS,,1,71.9,79.2,,,DET_OG_02,OG,0,,62.9,,,2028,67,,,GB
PLAYOFFS,,1,52.7,41.0,,,GB_C_02,C,0,,57.9,,,2028,70,,,GB
PLAYOFFS,,1,52.7,,54.0,,GB_EDGE_01,EDGE,0,,,43.2,,2028,45,,61.1,GB
PLAYOFFS,,1,84.7,,99.9,,DEN_EDGE_03,EDGE,0,,,69.3,,2028,40,,67.5,GB
PLAYOFFS,,1,60.2,,73.3,,P100483_EDGE,EDGE,0,,,69.7,,2028,44,,56.9,GB
PLAYOFFS,,1,56.8,,50.1,,GB_DT_01,DT,0,,,67.0,,2028,34,,37.0,GB
PLAYOFFS,,1,58.4,,61.7,,GB_DT_04,DT,0,,,77.1,,2028,34,,40.1,GB
PLAYOFFS,70.4,1,68.1,,94.4,,LAR_LB_01,LB,0,,,68.9,,2028,50,,63.9,GB
PLAYOFFS,51.6,1,55.5,,56.6,,P100185_LB,LB,0,,,30.6,,2028,33,,68.7,GB
PLAYOFFS,61.1,1,41.2,,,,DET_CB_01,CB,0,,,39.3,,2028,53,,35.7,GB
PLAYOFFS,56.2,1,41.7,,,,P100131_CB,CB,0,,,53.3,,2028,57,,50.0,GB
PLAYOFFS,59.6,1,60.7,,,,P100180_CB,CB,0,,,49.9,,2028,53,,47.5,GB
PLAYOFFS,71.7,1,55.4,,,,DET_S_03,S,0,,,49.3,,2028,47,,43.7,GB
PLAYOFFS,37.0,1,71.9,,,,GB_S_01,S,0,,,81.2,,2028,52,,69.6,GB
PLAYOFFS,,1,32.7,,,,HOU_K_01,K,0,,,,,2028,6,53.5,,GB
PLAYOFFS,,1,49.2,,,,ARI_P_01,P,0,,,,,2028,5,55.7,,GB
REGULAR_SEASON,,4,73.1,,,59.3,FA_QB_022,QB,0,,,,64.0,2029,259,,,NE
REGULAR_SEASON,,13,72.6,61.4,,,P100343_RB,RB,1,75.0,,,69.2,2029,410,,,NE
REGULAR_SEASON,,17,68.0,64.7,,,TEN_RB_04,RB,1,70.6,,,65.2,2029,439,,,NE
REGULAR_SEASON,,17,78.1,,,,NE_WR_02,WR,1,71.9,72.4,,,2029,753,,,NE
REGULAR_SEASON,,9,73.9,,,,LAC_WR_01,WR,1,79.7,70.0,,,2029,378,,,NE
REGULAR_SEASON,,17,76.8,,,,LAR_WR_02,WR,1,77.7,69.1,,,2029,760,,,NE
REGULAR_SEASON,,17,64.7,,,,P100255_WR,WR,1,70.0,67.4,,,2029,720,,,NE
REGULAR_SEASON,,17,77.6,76.0,,,NO_TE_02,TE,1,79.3,74.8,,,2029,677,,,NE
REGULAR_SEASON,,17,60.6,57.2,,,P100274_TE,TE,1,62.7,57.1,,,2029,672,,,NE
REGULAR_SEASON,,17,80.8,74.0,,,NE_OT_03,OT,1,,74.6,,,2029,1109,,,NE
REGULAR_SEASON,,17,75.0,69.2,,,NE_OT_02,OT,1,,76.7,,,2029,1109,,,NE
REGULAR_SEASON,,13,63.8,67.6,,,NE_OG_01,OG,1,,64.1,,,2029,844,,,NE
REGULAR_SEASON,,17,56.5,51.9,,,IND_OG_03,OG,1,,53.4,,,2029,1103,,,NE
REGULAR_SEASON,,17,70.8,,67.8,,P100586_EDGE,EDGE,1,,,65.4,,2029,716,,64.6,NE
REGULAR_SEASON,,16,69.5,,67.7,,P100804_EDGE,EDGE,1,,,75.4,,2029,710,,71.2,NE
REGULAR_SEASON,,17,70.7,,70.2,,ATL_EDGE_03,EDGE,1,,,69.4,,2029,741,,71.0,NE
REGULAR_SEASON,,17,71.2,,67.0,,ARI_DT_04,DT,1,,,62.8,,2029,628,,65.0,NE
REGULAR_SEASON,,16,61.3,,60.9,,P100420_DT,DT,1,,,62.6,,2029,600,,59.4,NE
REGULAR_SEASON,,15,46.9,,50.6,,P100540_DT,DT,1,,,51.1,,2029,572,,47.5,NE
REGULAR_SEASON,81.8,5,89.3,,77.8,,NE_LB_04,LB,0,,,87.2,,2029,241,,78.5,NE
REGULAR_SEASON,58.7,14,55.4,,62.5,,IND_LB_05,LB,1,,,58.9,,2029,648,,56.9,NE
REGULAR_SEASON,70.0,17,81.6,,,,GB_CB_01,CB,1,,,77.6,,2029,852,,75.3,NE
REGULAR_SEASON,68.4,15,69.2,,,,BAL_CB_02,CB,1,,,59.0,,2029,741,,67.4,NE
REGULAR_SEASON,57.0,17,57.5,,,,IND_CB_06,CB,1,,,54.4,,2029,837,,60.2,NE
REGULAR_SEASON,62.4,12,67.2,,,,P100583_CB,CB,1,,,65.0,,2029,608,,63.2,NE
REGULAR_SEASON,55.3,11,43.9,,,,P100788_S,S,1,,,53.7,,2029,572,,50.2,NE
REGULAR_SEASON,61.1,17,59.0,,,,P100694_S,S,1,,,57.3,,2029,865,,57.5,NE
REGULAR_SEASON,53.9,7,55.4,,,,P100880_S,S,1,,,55.8,,2029,350,,59.4,NE
REGULAR_SEASON,,13,79.6,,,,LAC_K_01,K,1,,,,,2029,78,76.9,,NE
REGULAR_SEASON,,17,65.3,,,,NO_P_01,P,1,,,,,2029,85,61.8,,NE
REGULAR_SEASON,,12,62.5,,,58.3,P100074_QB,QB,1,,,,62.3,2029,765,,,MIA
REGULAR_SEASON,,13,58.2,65.1,,,PHI_RB_03,RB,1,62.0,,,60.4,2029,522,,,MIA
REGULAR_SEASON,,17,81.3,,,,PIT_WR_03,WR,1,70.3,70.0,,,2029,718,,,MIA
REGULAR_SEASON,,17,67.5,,,,IND_WR_03,WR,1,65.6,68.0,,,2029,743,,,MIA
REGULAR_SEASON,,15,78.5,,,,TB_WR_02,WR,1,69.7,75.6,,,2029,655,,,MIA
REGULAR_SEASON,,15,66.5,,,,MIA_WR_02,WR,1,66.8,66.8,,,2029,659,,,MIA
REGULAR_SEASON,,17,76.3,73.4,,,MIA_TE_02,TE,1,76.8,67.1,,,2029,657,,,MIA
REGULAR_SEASON,,17,65.3,59.2,,,WAS_TE_01,TE,1,63.0,65.0,,,2029,649,,,MIA
REGULAR_SEASON,,17,77.8,67.3,,,PIT_OT_01,OT,1,,69.4,,,2029,1092,,,MIA
REGULAR_SEASON,,17,64.2,63.4,,,P100684_OT,OT,1,,60.2,,,2029,1109,,,MIA
REGULAR_SEASON,,17,58.2,59.8,,,CLE_OG_03,OG,1,,60.0,,,2029,1108,,,MIA
REGULAR_SEASON,,1,66.1,52.9,,,LV_OG_04,OG,0,,73.5,,,2029,60,,,MIA
REGULAR_SEASON,,2,56.7,66.6,,,CAR_C_03,C,0,,59.1,,,2029,133,,,MIA
REGULAR_SEASON,,11,84.9,,74.2,,SF_EDGE_02,EDGE,1,,,76.2,,2029,477,,78.6,MIA
REGULAR_SEASON,,17,78.7,,72.7,,PIT_EDGE_02,EDGE,1,,,72.0,,2029,763,,74.9,MIA
REGULAR_SEASON,,17,71.4,,74.1,,KC_EDGE_05,EDGE,1,,,68.9,,2029,740,,63.9,MIA
REGULAR_SEASON,,17,52.2,,51.2,,NO_EDGE_03,EDGE,1,,,54.8,,2029,745,,54.6,MIA
REGULAR_SEASON,,17,77.1,,71.7,,BUF_DT_02,DT,1,,,70.6,,2029,625,,69.6,MIA
REGULAR_SEASON,,16,66.0,,60.2,,PIT_DT_04,DT,1,,,69.5,,2029,608,,66.3,MIA
REGULAR_SEASON,,17,62.4,,58.3,,SF_DT_05,DT,1,,,63.1,,2029,651,,66.1,MIA
REGULAR_SEASON,52.1,16,57.5,,59.1,,CAR_LB_02,LB,1,,,58.0,,2029,725,,63.5,MIA
REGULAR_SEASON,69.7,17,72.3,,66.4,,FA_LB_118,LB,1,,,65.8,,2029,764,,71.1,MIA
REGULAR_SEASON,65.6,17,71.7,,70.3,,TEN_LB_03,LB,1,,,70.6,,2029,768,,63.1,MIA
REGULAR_SEASON,78.9,10,82.3,,,,ATL_CB_02,CB,1,,,69.3,,2029,500,,78.1,MIA
REGULAR_SEASON,77.7,15,77.6,,,,WAS_CB_02,CB,1,,,70.3,,2029,769,,79.1,MIA
REGULAR_SEASON,73.0,17,71.9,,,,NYJ_CB_03,CB,1,,,64.4,,2029,862,,68.9,MIA
REGULAR_SEASON,74.1,13,67.4,,,,SEA_CB_03,CB,1,,,61.1,,2029,636,,69.1,MIA
REGULAR_SEASON,68.2,17,67.7,,,,P100363_S,S,1,,,63.5,,2029,871,,64.9,MIA
REGULAR_SEASON,54.1,17,53.9,,,,ATL_S_05,S,1,,,58.9,,2029,888,,59.1,MIA
REGULAR_SEASON,,17,71.7,,,,CHI_K_01,K,1,,,,,2029,102,68.2,,MIA
REGULAR_SEASON,,17,64.0,,,,CIN_P_01,P,1,,,,,2029,85,62.1,,MIA
REGULAR_SEASON,,3,67.3,,,58.4,TB_QB_01,QB,0,,,,61.2,2029,185,,,CLE
REGULAR_SEASON,,17,73.3,69.8,,,WAS_RB_01,RB,1,71.7,,,68.5,2029,721,,,CLE
REGULAR_SEASON,,17,68.8,,,,CLE_WR_02,WR,1,65.9,67.2,,,2029,725,,,CLE
REGULAR_SEASON,,17,66.9,,,,CLE_WR_06,WR,1,63.0,62.7,,,2029,741,,,CLE
REGULAR_SEASON,,16,65.7,,,,JAX_WR_02,WR,1,65.9,66.9,,,2029,710,,,CLE
REGULAR_SEASON,,17,58.8,,,,P100365_WR,WR,1,59.3,62.6,,,2029,756,,,CLE
REGULAR_SEASON,,17,68.1,66.0,,,CLE_TE_02,TE,1,64.2,63.6,,,2029,664,,,CLE
REGULAR_SEASON,,17,67.7,66.3,,,P100701_TE,TE,1,63.4,72.0,,,2029,648,,,CLE
REGULAR_SEASON,,17,66.0,65.9,,,TEN_OT_01,OT,1,,60.6,,,2029,1100,,,CLE
REGULAR_SEASON,,17,65.9,66.2,,,CLE_OT_02,OT,1,,62.3,,,2029,1130,,,CLE
REGULAR_SEASON,,15,64.8,61.5,,,CLE_OG_02,OG,1,,61.5,,,2029,972,,,CLE
REGULAR_SEASON,,11,67.3,61.8,,,NO_OG_03,OG,1,,61.5,,,2029,693,,,CLE
REGULAR_SEASON,,17,84.3,79.6,,,NYJ_C_01,C,1,,80.5,,,2029,1085,,,CLE
REGULAR_SEASON,,17,85.3,,80.9,,CLE_EDGE_01,EDGE,1,,,75.7,,2029,746,,76.9,CLE
REGULAR_SEASON,,17,80.4,,71.4,,TB_EDGE_02,EDGE,1,,,74.7,,2029,750,,74.3,CLE
REGULAR_SEASON,,17,74.8,,66.9,,P100018_EDGE,EDGE,1,,,65.3,,2029,726,,73.2,CLE
REGULAR_SEASON,,13,57.4,,54.5,,P100146_EDGE,EDGE,1,,,59.1,,2029,597,,57.7,CLE
REGULAR_SEASON,,16,73.9,,71.5,,BAL_DT_02,DT,1,,,69.5,,2029,619,,79.0,CLE
REGULAR_SEASON,,11,63.5,,58.6,,P100324_DT,DT,1,,,66.9,,2029,428,,69.7,CLE
REGULAR_SEASON,,17,71.1,,68.7,,LAC_DT_02,DT,1,,,66.9,,2029,645,,66.9,CLE
REGULAR_SEASON,38.3,1,45.3,,34.0,,CIN_LB_02,LB,0,,,38.9,,2029,48,,38.6,CLE
REGULAR_SEASON,62.7,14,59.9,,62.0,,CLE_LB_02,LB,1,,,64.0,,2029,644,,56.8,CLE
REGULAR_SEASON,63.5,17,69.6,,68.0,,NYJ_LB_02,LB,1,,,68.0,,2029,758,,66.2,CLE
REGULAR_SEASON,63.0,16,67.8,,,,DAL_CB_05,CB,1,,,64.2,,2029,766,,71.5,CLE
REGULAR_SEASON,64.4,17,63.7,,,,P100700_CB,CB,1,,,60.1,,2029,828,,63.2,CLE
REGULAR_SEASON,65.7,17,68.4,,,,DET_CB_04,CB,1,,,64.3,,2029,842,,68.7,CLE
REGULAR_SEASON,66.8,17,74.9,,,,TEN_CB_07,CB,1,,,73.9,,2029,836,,74.8,CLE
REGULAR_SEASON,73.1,17,79.4,,,,NYG_S_01,S,1,,,73.6,,2029,893,,73.2,CLE
REGULAR_SEASON,72.2,13,77.5,,,,P100462_S,S,1,,,70.9,,2029,678,,73.7,CLE
REGULAR_SEASON,62.5,17,62.9,,,,P100142_S,S,1,,,62.0,,2029,861,,63.5,CLE
REGULAR_SEASON,,11,92.2,,,88.1,CIN_QB_01,QB,1,,,,80.7,2029,702,,,PIT
REGULAR_SEASON,,17,86.8,77.3,,,DAL_RB_03,RB,1,75.4,,,83.7,2029,568,,,PIT
REGULAR_SEASON,,17,54.0,60.1,,,P100854_RB,RB,1,57.8,,,60.9,2029,372,,,PIT
REGULAR_SEASON,,15,73.3,,,,ATL_WR_04,WR,1,65.7,69.7,,,2029,644,,,PIT
REGULAR_SEASON,,17,64.1,,,,ATL_WR_05,WR,1,59.6,61.2,,,2029,747,,,PIT
REGULAR_SEASON,,17,71.2,,,,PIT_WR_05,WR,1,68.2,66.2,,,2029,732,,,PIT
REGULAR_SEASON,,3,53.7,,,,KC_WR_09,WR,0,53.0,53.5,,,2029,142,,,PIT
REGULAR_SEASON,,9,66.4,56.7,,,LAC_TE_01,TE,1,62.8,62.0,,,2029,358,,,PIT
REGULAR_SEASON,,17,89.2,79.6,,,LV_OT_01,OT,1,,80.7,,,2029,1147,,,PIT
REGULAR_SEASON,,16,86.0,79.3,,,KC_OT_01,OT,1,,81.3,,,2029,1052,,,PIT
REGULAR_SEASON,,17,94.5,88.1,,,PIT_OG_01,OG,1,,83.0,,,2029,1114,,,PIT
REGULAR_SEASON,,17,66.0,64.7,,,ARI_OG_01,OG,1,,63.8,,,2029,1116,,,PIT
REGULAR_SEASON,,17,82.8,76.0,,,PIT_C_01,C,1,,81.1,,,2029,1110,,,PIT
REGULAR_SEASON,,15,76.7,,72.0,,NE_EDGE_02,EDGE,1,,,74.3,,2029,662,,74.0,PIT
REGULAR_SEASON,,17,78.0,,68.7,,TEN_EDGE_03,EDGE,1,,,72.0,,2029,751,,68.7,PIT
REGULAR_SEASON,,10,57.8,,68.9,,CAR_EDGE_09,EDGE,1,,,58.5,,2029,426,,57.9,PIT
REGULAR_SEASON,,17,70.4,,71.3,,P100851_DT,DT,1,,,67.9,,2029,624,,69.9,PIT
REGULAR_SEASON,,17,71.8,,73.4,,DET_DT_04,DT,1,,,69.2,,2029,620,,65.3,PIT
REGULAR_SEASON,65.9,17,69.9,,63.1,,PIT_LB_04,LB,1,,,63.9,,2029,774,,67.3,PIT
REGULAR_SEASON,69.7,16,76.2,,73.6,,MIN_LB_03,LB,1,,,69.6,,2029,709,,72.6,PIT
REGULAR_SEASON,73.7,1,95.1,,98.3,,P100456_LB,LB,0,,,73.8,,2029,41,,81.2,PIT
REGULAR_SEASON,57.5,17,60.8,,,,LV_CB_03,CB,1,,,60.7,,2029,846,,55.6,PIT
REGULAR_SEASON,64.0,10,72.3,,,,PIT_CB_03,CB,1,,,63.9,,2029,503,,73.1,PIT
REGULAR_SEASON,63.3,17,63.8,,,,PIT_CB_02,CB,1,,,63.2,,2029,855,,64.9,PIT
REGULAR_SEASON,57.9,11,51.2,,,,DET_CB_07,CB,1,,,54.3,,2029,553,,56.9,PIT
REGULAR_SEASON,64.5,17,67.8,,,,P100347_S,S,1,,,67.3,,2029,855,,68.7,PIT
REGULAR_SEASON,75.8,17,81.7,,,,P100428_S,S,1,,,74.4,,2029,867,,78.5,PIT
REGULAR_SEASON,60.2,17,60.9,,,,P100310_S,S,1,,,59.1,,2029,866,,57.1,PIT
REGULAR_SEASON,,12,72.2,,,,GB_K_01,K,1,,,,,2029,72,62.1,,PIT
REGULAR_SEASON,,12,70.2,,,,CLE_P_01,P,1,,,,,2029,60,70.1,,PIT
REGULAR_SEASON,,17,58.4,,,55.7,P100234_QB,QB,1,,,,55.3,2029,1081,,,IND
REGULAR_SEASON,,17,58.4,54.5,,,NYG_RB_03,RB,1,61.6,,,61.1,2029,740,,,IND
REGULAR_SEASON,,15,62.3,,,,IND_WR_01,WR,1,68.2,64.6,,,2029,665,,,IND
REGULAR_SEASON,,10,79.1,,,,ARI_WR_02,WR,1,76.3,77.2,,,2029,426,,,IND
REGULAR_SEASON,,17,58.3,,,,NO_WR_05,WR,1,55.5,59.5,,,2029,736,,,IND
REGULAR_SEASON,,17,64.9,,,,HOU_WR_04,WR,1,64.0,61.9,,,2029,736,,,IND
REGULAR_SEASON,,17,67.9,66.6,,,NYJ_TE_01,TE,1,69.5,67.5,,,2029,673,,,IND
REGULAR_SEASON,,11,73.0,70.5,,,SEA_TE_02,TE,1,68.3,72.5,,,2029,440,,,IND
REGULAR_SEASON,,17,81.6,72.7,,,MIN_OT_02,OT,1,,76.0,,,2029,1145,,,IND
REGULAR_SEASON,,17,79.2,76.9,,,PHI_OG_01,OG,1,,70.5,,,2029,1093,,,IND
REGULAR_SEASON,,13,84.5,79.8,,,DET_OG_02,OG,1,,80.1,,,2029,872,,,IND
REGULAR_SEASON,,17,81.8,74.0,,,IND_C_01,C,1,,75.1,,,2029,1123,,,IND
REGULAR_SEASON,,11,80.6,,80.8,,IND_EDGE_01,EDGE,1,,,77.1,,2029,480,,78.9,IND
REGULAR_SEASON,,17,76.9,,76.2,,IND_EDGE_02,EDGE,1,,,75.5,,2029,747,,68.8,IND
REGULAR_SEASON,,16,71.3,,68.6,,DET_EDGE_01,EDGE,1,,,65.3,,2029,682,,68.1,IND
REGULAR_SEASON,,17,73.2,,70.2,,NO_EDGE_06,EDGE,1,,,71.6,,2029,757,,69.2,IND
REGULAR_SEASON,,17,85.9,,80.6,,PHI_DT_01,DT,1,,,79.7,,2029,629,,78.5,IND
REGULAR_SEASON,,13,84.3,,75.2,,CLE_DT_04,DT,1,,,80.3,,2029,483,,82.8,IND
REGULAR_SEASON,,17,61.9,,65.3,,CIN_DT_02,DT,1,,,61.1,,2029,643,,58.8,IND
REGULAR_SEASON,64.1,17,66.2,,63.2,,PHI_LB_04,LB,1,,,64.3,,2029,777,,63.8,IND
REGULAR_SEASON,70.7,17,75.4,,63.4,,GB_LB_03,LB,1,,,65.5,,2029,786,,75.2,IND
REGULAR_SEASON,53.3,2,46.7,,53.0,,IND_LB_02,LB,0,,,45.2,,2029,98,,38.1,IND
REGULAR_SEASON,78.6,17,86.6,,,,IND_CB_01,CB,1,,,78.6,,2029,836,,80.3,IND
REGULAR_SEASON,60.3,17,58.4,,,,PIT_CB_01,CB,1,,,66.2,,2029,858,,58.8,IND
REGULAR_SEASON,71.9,17,83.9,,,,IND_CB_02,CB,1,,,81.2,,2029,834,,80.4,IND
REGULAR_SEASON,58.1,17,62.3,,,,IND_CB_03,CB,1,,,64.0,,2029,821,,67.7,IND
REGULAR_SEASON,74.7,17,77.6,,,,CAR_S_02,S,1,,,73.2,,2029,858,,72.1,IND
REGULAR_SEASON,61.5,17,70.3,,,,MIA_S_02,S,1,,,67.5,,2029,878,,77.9,IND
REGULAR_SEASON,66.8,9,66.5,,,,P100491_S,S,1,,,62.3,,2029,474,,72.8,IND
REGULAR_SEASON,,17,77.8,,,,ARI_K_01,K,1,,,,,2029,102,77.2,,IND
REGULAR_SEASON,,10,80.8,,,,IND_P_01,P,1,,,,,2029,50,74.2,,IND
REGULAR_SEASON,,15,76.7,,,76.3,SF_QB_01,QB,1,,,,71.3,2029,955,,,TEN
REGULAR_SEASON,,13,52.3,56.4,,,IND_RB_02,RB,1,54.5,,,57.3,2029,436,,,TEN
REGULAR_SEASON,,17,70.7,,,,ATL_WR_02,WR,1,67.1,66.0,,,2029,747,,,TEN
REGULAR_SEASON,,17,77.7,,,,TEN_WR_03,WR,1,77.9,71.8,,,2029,720,,,TEN
REGULAR_SEASON,,15,79.0,,,,DAL_WR_03,WR,1,70.1,74.9,,,2029,651,,,TEN
REGULAR_SEASON,,17,64.3,,,,TEN_WR_02,WR,1,62.0,60.7,,,2029,782,,,TEN
REGULAR_SEASON,,17,79.4,73.5,,,TEN_TE_03,TE,1,72.9,69.7,,,2029,680,,,TEN
REGULAR_SEASON,,17,75.7,76.4,,,CAR_OT_02,OT,1,,67.3,,,2029,1114,,,TEN
REGULAR_SEASON,,14,77.3,72.2,,,CLE_OT_01,OT,1,,73.3,,,2029,913,,,TEN
REGULAR_SEASON,,17,78.9,75.2,,,BAL_OG_02,OG,1,,78.7,,,2029,1106,,,TEN
REGULAR_SEASON,,17,58.5,63.8,,,CAR_OG_04,OG,1,,61.8,,,2029,1119,,,TEN
REGULAR_SEASON,,17,67.7,65.4,,,P100005_C,C,1,,71.0,,,2029,1114,,,TEN
REGULAR_SEASON,,17,85.7,,78.5,,NO_EDGE_02,EDGE,1,,,78.4,,2029,737,,77.3,TEN
REGULAR_SEASON,,17,67.2,,64.5,,LAC_EDGE_01,EDGE,1,,,67.3,,2029,736,,65.8,TEN
REGULAR_SEASON,,10,67.6,,65.4,,CHI_EDGE_02,EDGE,1,,,62.6,,2029,430,,66.1,TEN
REGULAR_SEASON,,8,70.3,,72.7,,P100375_EDGE,EDGE,1,,,63.8,,2029,345,,76.6,TEN
REGULAR_SEASON,,16,68.2,,66.0,,TEN_DT_01,DT,1,,,66.1,,2029,601,,67.9,TEN
REGULAR_SEASON,,16,66.8,,65.2,,TEN_DT_04,DT,1,,,66.3,,2029,605,,67.4,TEN
REGULAR_SEASON,,4,75.3,,62.5,,ATL_DT_05,DT,0,,,81.8,,2029,150,,59.0,TEN
REGULAR_SEASON,64.1,16,73.6,,80.0,,TEN_LB_01,LB,1,,,74.2,,2029,723,,67.1,TEN
REGULAR_SEASON,68.1,17,70.0,,65.0,,DET_LB_04,LB,1,,,71.5,,2029,754,,65.4,TEN
REGULAR_SEASON,59.1,17,63.3,,63.4,,TEN_LB_04,LB,1,,,57.0,,2029,788,,63.8,TEN
REGULAR_SEASON,67.6,17,69.6,,,,CLE_CB_02,CB,1,,,67.3,,2029,871,,69.6,TEN
REGULAR_SEASON,66.6,17,66.8,,,,LAR_CB_08,CB,1,,,64.7,,2029,826,,66.6,TEN
REGULAR_SEASON,56.4,17,58.1,,,,PIT_CB_04,CB,1,,,63.1,,2029,861,,64.8,TEN
REGULAR_SEASON,70.4,17,77.8,,,,TEN_CB_04,CB,1,,,75.4,,2029,840,,70.6,TEN
REGULAR_SEASON,71.2,13,80.2,,,,TEN_S_01,S,1,,,74.2,,2029,688,,72.3,TEN
REGULAR_SEASON,63.5,5,64.8,,,,FA_S_181,S,0,,,70.4,,2029,273,,68.1,TEN
REGULAR_SEASON,69.5,17,72.9,,,,CLE_S_03,S,1,,,69.4,,2029,878,,73.4,TEN
REGULAR_SEASON,,14,65.6,,,,MIN_K_01,K,1,,,,,2029,84,67.9,,TEN
REGULAR_SEASON,,17,67.6,,,,PIT_P_01,P,1,,,,,2029,85,65.6,,TEN
REGULAR_SEASON,,16,85.7,,,78.1,P100809_QB,QB,1,,,,78.3,2029,1030,,,LAC
REGULAR_SEASON,,14,59.5,61.2,,,MIA_RB_04,RB,1,62.6,,,63.8,2029,408,,,LAC
REGULAR_SEASON,,17,64.8,61.8,,,P100430_RB,RB,1,64.1,,,64.3,2029,373,,,LAC
REGULAR_SEASON,,13,66.4,71.4,,,HOU_RB_02,RB,1,69.6,,,65.1,2029,211,,,LAC
REGULAR_SEASON,,17,77.7,,,,SF_WR_02,WR,1,78.1,74.4,,,2029,757,,,LAC
REGULAR_SEASON,,16,64.6,,,,ARI_WR_03,WR,1,63.9,59.5,,,2029,705,,,LAC
REGULAR_SEASON,,11,66.5,,,,LAC_WR_03,WR,1,66.7,71.6,,,2029,477,,,LAC
REGULAR_SEASON,,8,75.7,,,,BUF_WR_06,WR,1,74.2,76.0,,,2029,346,,,LAC
REGULAR_SEASON,,17,69.4,65.5,,,KC_TE_04,TE,1,63.4,63.4,,,2029,668,,,LAC
REGULAR_SEASON,,17,58.9,54.6,,,MIN_TE_02,TE,1,56.2,61.7,,,2029,665,,,LAC
REGULAR_SEASON,,17,84.5,79.1,,,DEN_OT_02,OT,1,,82.4,,,2029,1097,,,LAC
REGULAR_SEASON,,17,70.4,68.3,,,P100581_OT,OT,1,,70.8,,,2029,1107,,,LAC
REGULAR_SEASON,,12,64.0,61.0,,,P100853_OG,OG,1,,63.8,,,2029,800,,,LAC
REGULAR_SEASON,,17,46.3,52.4,,,LAC_OG_03,OG,1,,50.0,,,2029,1097,,,LAC
REGULAR_SEASON,,17,81.3,79.8,,,GB_C_01,C,1,,74.5,,,2029,1096,,,LAC
REGULAR_SEASON,,14,70.3,,69.4,,P100221_EDGE,EDGE,1,,,64.0,,2029,632,,64.8,LAC
REGULAR_SEASON,,17,66.6,,65.2,,P100009_EDGE,EDGE,1,,,65.0,,2029,720,,65.3,LAC
REGULAR_SEASON,,17,50.7,,46.3,,P100452_EDGE,EDGE,1,,,58.6,,2029,718,,59.1,LAC
REGULAR_SEASON,,15,74.2,,74.8,,SEA_DT_02,DT,1,,,67.3,,2029,572,,67.4,LAC
REGULAR_SEASON,,14,71.2,,70.4,,JAX_DT_04,DT,1,,,61.2,,2029,533,,66.0,LAC
REGULAR_SEASON,,17,87.6,,84.4,,DET_DT_03,DT,1,,,80.9,,2029,627,,84.8,LAC
REGULAR_SEASON,48.5,16,53.0,,58.2,,SF_LB_05,LB,1,,,60.1,,2029,729,,51.5,LAC
REGULAR_SEASON,57.3,17,63.3,,60.3,,P100710_LB,LB,1,,,61.6,,2029,797,,64.2,LAC
REGULAR_SEASON,71.0,17,76.1,,,,P100422_CB,CB,1,,,74.2,,2029,816,,67.1,LAC
REGULAR_SEASON,72.5,15,77.3,,,,LAC_CB_02,CB,1,,,73.7,,2029,737,,80.7,LAC
REGULAR_SEASON,63.9,13,66.1,,,,P100075_S,S,1,,,63.9,,2029,658,,64.9,LAC
REGULAR_SEASON,66.0,17,63.5,,,,LAC_S_02,S,1,,,61.0,,2029,872,,58.8,LAC
REGULAR_SEASON,72.1,17,67.5,,,,P100158_S,S,1,,,62.4,,2029,903,,63.6,LAC
REGULAR_SEASON,,15,67.0,,,,TEN_K_01,K,1,,,,,2029,90,71.8,,LAC
REGULAR_SEASON,,17,56.8,,,,LAC_P_01,P,1,,,,,2029,85,58.9,,LAC
REGULAR_SEASON,,13,88.3,,,83.2,DEN_QB_01,QB,1,,,,79.6,2029,853,,,DEN
REGULAR_SEASON,,12,61.4,64.9,,,P100857_RB,RB,1,60.4,,,61.8,2029,364,,,DEN
REGULAR_SEASON,,14,83.4,,,,DEN_WR_01,WR,1,76.2,72.9,,,2029,612,,,DEN
REGULAR_SEASON,,3,73.0,,,,CAR_WR_05,WR,0,70.0,76.8,,,2029,135,,,DEN
REGULAR_SEASON,,17,82.8,,,,CAR_WR_06,WR,1,71.1,77.6,,,2029,706,,,DEN
REGULAR_SEASON,,17,58.9,,,,PIT_WR_07,WR,1,61.0,60.1,,,2029,757,,,DEN
REGULAR_SEASON,,17,59.8,56.6,,,SF_TE_01,TE,1,59.1,58.2,,,2029,684,,,DEN
REGULAR_SEASON,,17,67.1,65.5,,,P100730_TE,TE,1,66.4,67.6,,,2029,678,,,DEN
REGULAR_SEASON,,17,72.9,71.3,,,GB_OT_01,OT,1,,69.1,,,2029,1093,,,DEN
REGULAR_SEASON,,1,64.3,56.5,,,TEN_OT_04,OT,0,,42.4,,,2029,59,,,DEN
REGULAR_SEASON,,16,81.7,77.2,,,SF_OG_01,OG,1,,74.5,,,2029,1061,,,DEN
REGULAR_SEASON,,2,48.1,46.8,,,P100541_OG,OG,0,,46.7,,,2029,127,,,DEN
REGULAR_SEASON,,17,80.7,74.7,,,LV_C_01,C,1,,76.6,,,2029,1116,,,DEN
REGULAR_SEASON,,17,75.6,,68.9,,BAL_EDGE_02,EDGE,1,,,65.4,,2029,736,,77.9,DEN
REGULAR_SEASON,,17,65.8,,65.5,,GB_EDGE_03,EDGE,1,,,60.8,,2029,764,,60.2,DEN
REGULAR_SEASON,,15,54.9,,50.4,,LV_EDGE_01,EDGE,1,,,54.3,,2029,647,,54.3,DEN
REGULAR_SEASON,,17,61.5,,58.9,,P100114_EDGE,EDGE,1,,,61.0,,2029,730,,63.9,DEN
REGULAR_SEASON,,17,73.0,,66.2,,DEN_DT_02,DT,1,,,70.2,,2029,632,,69.7,DEN
REGULAR_SEASON,,17,67.2,,61.4,,SF_DT_02,DT,1,,,63.6,,2029,631,,67.8,DEN
REGULAR_SEASON,,17,71.7,,68.5,,P100826_DT,DT,1,,,68.4,,2029,625,,72.1,DEN
REGULAR_SEASON,74.3,16,82.4,,76.2,,LV_LB_01,LB,1,,,72.4,,2029,725,,78.6,DEN
REGULAR_SEASON,56.9,16,62.4,,64.6,,TB_LB_01,LB,1,,,59.9,,2029,689,,69.0,DEN
REGULAR_SEASON,48.8,3,43.1,,54.3,,P100224_LB,LB,0,,,58.5,,2029,140,,44.4,DEN
REGULAR_SEASON,74.5,13,87.5,,,,DEN_CB_03,CB,1,,,81.4,,2029,626,,77.1,DEN
REGULAR_SEASON,55.0,17,60.7,,,,NO_CB_02,CB,1,,,65.8,,2029,823,,61.4,DEN
REGULAR_SEASON,69.4,13,74.5,,,,BAL_CB_01,CB,1,,,70.8,,2029,631,,72.5,DEN
REGULAR_SEASON,67.7,9,59.9,,,,NYG_CB_01,CB,1,,,60.5,,2029,442,,63.4,DEN
REGULAR_SEASON,82.6,17,87.3,,,,PHI_S_02,S,1,,,83.7,,2029,880,,79.2,DEN
REGULAR_SEASON,79.6,17,81.2,,,,BUF_S_02,S,1,,,70.6,,2029,882,,74.2,DEN
REGULAR_SEASON,54.3,2,48.8,,,,P100501_S,S,0,,,51.9,,2029,90,,43.6,DEN
REGULAR_SEASON,,17,69.5,,,,P100081_P,P,1,,,,,2029,85,66.9,,DEN
REGULAR_SEASON,,12,85.6,,,79.5,GB_QB_01,QB,1,,,,78.3,2029,726,,,GB
REGULAR_SEASON,,11,43.9,54.2,,,P100831_RB,RB,1,49.0,,,52.7,2029,328,,,GB
REGULAR_SEASON,,17,58.4,58.4,,,P100790_RB,RB,1,58.9,,,60.9,2029,441,,,GB
REGULAR_SEASON,,11,85.8,,,,NYJ_WR_02,WR,1,80.2,78.7,,,2029,479,,,GB
REGULAR_SEASON,,15,73.7,,,,LV_WR_01,WR,1,70.4,70.3,,,2029,667,,,GB
REGULAR_SEASON,,17,56.1,,,,P100331_WR,WR,1,57.8,63.2,,,2029,731,,,GB
REGULAR_SEASON,,16,56.4,,,,P100566_WR,WR,1,59.5,58.2,,,2029,689,,,GB
REGULAR_SEASON,,16,63.9,63.3,,,CAR_TE_01,TE,1,62.1,72.1,,,2029,635,,,GB
REGULAR_SEASON,,17,68.9,67.0,,,P100547_TE,TE,1,65.7,66.6,,,2029,675,,,GB
REGULAR_SEASON,,14,57.2,59.9,,,P100507_OT,OT,1,,59.0,,,2029,927,,,GB
REGULAR_SEASON,,2,40.6,35.6,,,P100571_OT,OT,0,,46.9,,,2029,133,,,GB
REGULAR_SEASON,,11,65.1,75.5,,,ARI_OG_05,OG,1,,60.7,,,2029,731,,,GB
REGULAR_SEASON,,17,60.5,60.4,,,GB_C_02,C,1,,59.8,,,2029,1121,,,GB
REGULAR_SEASON,,14,65.3,,62.1,,P100882_EDGE,EDGE,1,,,65.3,,2029,599,,62.1,GB
REGULAR_SEASON,,17,85.0,,76.3,,P100797_EDGE,EDGE,1,,,82.4,,2029,753,,78.7,GB
REGULAR_SEASON,,14,55.6,,57.1,,P100483_EDGE,EDGE,1,,,53.9,,2029,610,,61.0,GB
REGULAR_SEASON,,17,49.6,,58.6,,P100869_EDGE,EDGE,1,,,51.2,,2029,744,,54.5,GB
REGULAR_SEASON,,13,87.1,,78.6,,GB_DT_01,DT,1,,,83.8,,2029,494,,77.2,GB
REGULAR_SEASON,,16,72.3,,69.1,,GB_DT_04,DT,1,,,68.5,,2029,615,,70.9,GB
REGULAR_SEASON,69.6,15,69.8,,70.5,,LAR_LB_01,LB,1,,,69.3,,2029,673,,72.1,GB
REGULAR_SEASON,70.6,16,70.0,,69.4,,NYJ_LB_01,LB,1,,,70.1,,2029,709,,74.7,GB
REGULAR_SEASON,70.4,16,69.0,,65.1,,P100185_LB,LB,1,,,67.3,,2029,727,,68.7,GB
REGULAR_SEASON,71.6,17,79.8,,,,DET_CB_01,CB,1,,,69.5,,2029,867,,80.5,GB
REGULAR_SEASON,59.9,17,64.2,,,,P100131_CB,CB,1,,,61.1,,2029,831,,58.4,GB
REGULAR_SEASON,53.0,13,43.8,,,,NYJ_CB_01,CB,1,,,48.4,,2029,636,,48.9,GB
REGULAR_SEASON,59.8,17,62.5,,,,P100180_CB,CB,1,,,64.6,,2029,853,,62.6,GB
REGULAR_SEASON,69.2,17,67.6,,,,DET_S_03,S,1,,,63.8,,2029,882,,67.0,GB
REGULAR_SEASON,68.2,17,62.8,,,,HOU_S_04,S,1,,,61.8,,2029,869,,60.7,GB
REGULAR_SEASON,70.3,17,65.9,,,,MIN_S_05,S,1,,,66.6,,2029,887,,69.7,GB
REGULAR_SEASON,,17,82.0,,,,P100306_K,K,1,,,,,2029,102,78.3,,GB
REGULAR_SEASON,,11,66.2,,,,BAL_P_01,P,1,,,,,2029,55,61.5,,GB
REGULAR_SEASON,,11,74.1,,,68.3,KC_QB_02,QB,1,,,,63.1,2029,694,,,CHI
REGULAR_SEASON,,17,70.0,67.4,,,NE_RB_01,RB,1,71.2,,,65.4,2029,599,,,CHI
REGULAR_SEASON,,17,75.8,,,,P100322_WR,WR,1,71.0,83.1,,,2029,728,,,CHI
REGULAR_SEASON,,12,65.7,,,,P100386_WR,WR,1,62.9,64.8,,,2029,535,,,CHI
REGULAR_SEASON,,9,52.6,,,,CHI_WR_06,WR,1,52.2,52.8,,,2029,395,,,CHI
REGULAR_SEASON,,13,67.8,64.2,,,CHI_TE_01,TE,1,65.7,60.2,,,2029,531,,,CHI
REGULAR_SEASON,,17,70.8,65.6,,,CHI_OT_02,OT,1,,67.2,,,2029,1101,,,CHI
REGULAR_SEASON,,2,60.2,53.9,,,CAR_OT_03,OT,0,,71.9,,,2029,116,,,CHI
REGULAR_SEASON,,8,66.9,70.0,,,CAR_OG_02,OG,1,,70.6,,,2029,544,,,CHI
REGULAR_SEASON,,17,56.2,58.4,,,TB_C_02,C,1,,56.7,,,2029,1117,,,CHI
REGULAR_SEASON,,14,80.4,,77.9,,LAR_EDGE_01,EDGE,1,,,80.7,,2029,609,,75.3,CHI
REGULAR_SEASON,,17,68.6,,69.2,,CHI_EDGE_03,EDGE,1,,,60.6,,2029,776,,69.6,CHI
REGULAR_SEASON,,9,64.3,,66.8,,ATL_EDGE_05,EDGE,1,,,67.0,,2029,404,,67.3,CHI
REGULAR_SEASON,,17,68.1,,61.0,,NE_DT_01,DT,1,,,68.6,,2029,640,,61.3,CHI
REGULAR_SEASON,,17,77.4,,75.5,,P100900_DT,DT,1,,,71.9,,2029,641,,72.1,CHI
REGULAR_SEASON,,17,65.0,,65.1,,PHI_DT_05,DT,1,,,66.7,,2029,649,,63.4,CHI
REGULAR_SEASON,73.1,17,77.9,,75.0,,P100783_LB,LB,1,,,72.1,,2029,769,,77.6,CHI
REGULAR_SEASON,73.6,14,74.5,,75.2,,WAS_LB_02,LB,1,,,71.5,,2029,619,,69.7,CHI
REGULAR_SEASON,68.2,17,68.3,,70.7,,ATL_LB_04,LB,1,,,68.3,,2029,776,,60.1,CHI
REGULAR_SEASON,72.2,17,68.2,,,,P100291_CB,CB,1,,,66.0,,2029,833,,67.3,CHI
REGULAR_SEASON,59.7,17,65.1,,,,CHI_CB_01,CB,1,,,66.7,,2029,816,,64.0,CHI
REGULAR_SEASON,66.6,17,68.6,,,,DEN_CB_08,CB,1,,,65.9,,2029,842,,68.2,CHI
REGULAR_SEASON,58.3,17,56.6,,,,CHI_CB_04,CB,1,,,53.9,,2029,834,,53.3,CHI
REGULAR_SEASON,81.2,17,82.1,,,,CHI_S_01,S,1,,,79.6,,2029,890,,76.0,CHI
REGULAR_SEASON,64.3,17,64.4,,,,GB_S_03,S,1,,,61.5,,2029,892,,62.3,CHI
REGULAR_SEASON,,17,53.2,,,,PIT_K_01,K,1,,,,,2029,102,53.9,,CHI
REGULAR_SEASON,,12,65.8,,,,CHI_P_01,P,1,,,,,2029,60,59.3,,CHI
REGULAR_SEASON,,17,74.0,,,75.3,DAL_QB_02,QB,1,,,,71.7,2029,1072,,,NYJ
REGULAR_SEASON,,17,79.3,70.9,,,P100035_RB,RB,1,76.6,,,73.6,2029,523,,,NYJ
REGULAR_SEASON,,17,60.9,59.7,,,CIN_RB_02,RB,1,63.3,,,62.3,2029,385,,,NYJ
REGULAR_SEASON,,17,58.9,,,,NYJ_WR_03,WR,1,54.9,66.1,,,2029,749,,,NYJ
REGULAR_SEASON,,17,69.6,,,,ARI_WR_01,WR,1,72.2,77.4,,,2029,731,,,NYJ
REGULAR_SEASON,,11,74.2,,,,P100377_WR,WR,1,68.1,68.4,,,2029,489,,,NYJ
REGULAR_SEASON,,17,86.6,84.2,,,DEN_TE_01,TE,1,81.8,73.6,,,2029,672,,,NYJ
REGULAR_SEASON,,17,61.6,63.5,,,NE_TE_01,TE,1,69.0,62.5,,,2029,675,,,NYJ
REGULAR_SEASON,,17,69.1,67.5,,,HOU_OT_01,OT,1,,65.1,,,2029,1144,,,NYJ
REGULAR_SEASON,,12,67.9,68.5,,,NYJ_OT_02,OT,1,,64.1,,,2029,805,,,NYJ
REGULAR_SEASON,,17,77.7,67.5,,,NYJ_OG_01,OG,1,,77.6,,,2029,1118,,,NYJ
REGULAR_SEASON,,16,68.5,63.4,,,HOU_OG_01,OG,1,,63.9,,,2029,1040,,,NYJ
REGULAR_SEASON,,17,78.9,75.3,,,P100300_C,C,1,,76.1,,,2029,1099,,,NYJ
REGULAR_SEASON,,17,70.4,,62.0,,JAX_EDGE_01,EDGE,1,,,68.5,,2029,761,,70.3,NYJ
REGULAR_SEASON,,17,83.7,,78.7,,NYJ_EDGE_05,EDGE,1,,,74.8,,2029,741,,78.9,NYJ
REGULAR_SEASON,,9,56.6,,59.2,,TEN_EDGE_05,EDGE,1,,,56.8,,2029,376,,55.8,NYJ
REGULAR_SEASON,,2,55.6,,68.2,,P100780_EDGE,EDGE,0,,,55.5,,2029,89,,65.5,NYJ
REGULAR_SEASON,,17,64.8,,66.4,,CHI_DT_03,DT,1,,,59.1,,2029,633,,64.5,NYJ
REGULAR_SEASON,,17,75.7,,71.6,,WAS_DT_01,DT,1,,,67.0,,2029,645,,72.3,NYJ
REGULAR_SEASON,,17,59.6,,60.7,,TB_DT_03,DT,1,,,61.0,,2029,662,,59.0,NYJ
REGULAR_SEASON,60.2,17,67.1,,66.1,,NO_LB_01,LB,1,,,65.7,,2029,778,,59.4,NYJ
REGULAR_SEASON,75.6,9,84.5,,75.6,,NYG_LB_02,LB,1,,,86.8,,2029,412,,76.7,NYJ
REGULAR_SEASON,43.8,17,33.2,,39.5,,P100884_LB,LB,1,,,40.5,,2029,756,,41.4,NYJ
REGULAR_SEASON,79.2,17,82.9,,,,JAX_CB_03,CB,1,,,78.2,,2029,847,,80.8,NYJ
REGULAR_SEASON,56.8,17,56.6,,,,NYJ_CB_02,CB,1,,,64.9,,2029,830,,55.2,NYJ
REGULAR_SEASON,70.6,17,72.1,,,,CLE_CB_03,CB,1,,,73.9,,2029,855,,74.9,NYJ
REGULAR_SEASON,68.0,14,71.3,,,,PHI_CB_01,CB,1,,,69.5,,2029,688,,72.5,NYJ
REGULAR_SEASON,61.0,17,63.1,,,,CAR_S_03,S,1,,,67.3,,2029,875,,68.1,NYJ
REGULAR_SEASON,70.6,17,71.8,,,,PHI_S_01,S,1,,,65.8,,2029,888,,71.0,NYJ
REGULAR_SEASON,64.5,1,86.3,,,,LAR_S_01,S,0,,,72.2,,2029,55,,90.3,NYJ
REGULAR_SEASON,,17,77.1,,,,PHI_K_01,K,1,,,,,2029,102,74.5,,NYJ
REGULAR_SEASON,,17,61.2,,,,SEA_P_01,P,1,,,,,2029,85,56.7,,NYJ
REGULAR_SEASON,,17,67.1,,,67.7,LAR_QB_01,QB,1,,,,57.7,2029,1048,,,LAR
REGULAR_SEASON,,17,82.8,79.9,,,CIN_RB_01,RB,1,76.9,,,77.7,2029,710,,,LAR
REGULAR_SEASON,,17,80.4,,,,IND_WR_02,WR,1,73.7,79.5,,,2029,752,,,LAR
REGULAR_SEASON,,17,56.3,,,,SEA_WR_02,WR,1,56.9,47.2,,,2029,761,,,LAR
REGULAR_SEASON,,13,79.4,,,,NYJ_WR_06,WR,1,72.7,70.8,,,2029,562,,,LAR
REGULAR_SEASON,,16,60.7,,,,MIN_WR_03,WR,1,65.4,60.8,,,2029,668,,,LAR
REGULAR_SEASON,,17,63.3,61.6,,,LAR_TE_02,TE,1,61.0,61.7,,,2029,676,,,LAR
REGULAR_SEASON,,17,76.0,67.0,,,LAR_OT_01,OT,1,,67.5,,,2029,1108,,,LAR
REGULAR_SEASON,,4,50.1,58.6,,,NYG_OT_03,OT,0,,63.7,,,2029,266,,,LAR
REGULAR_SEASON,,17,77.9,76.0,,,SEA_OG_05,OG,1,,71.6,,,2029,1123,,,LAR
REGULAR_SEASON,,15,51.6,51.8,,,IND_OG_02,OG,1,,50.6,,,2029,984,,,LAR
REGULAR_SEASON,,3,53.5,51.3,,,DEN_C_03,C,0,,62.0,,,2029,200,,,LAR
REGULAR_SEASON,,17,66.0,,62.3,,SEA_EDGE_02,EDGE,1,,,65.9,,2029,725,,69.0,LAR
REGULAR_SEASON,,13,73.7,,65.7,,CLE_EDGE_03,EDGE,1,,,75.4,,2029,592,,70.2,LAR
REGULAR_SEASON,,17,63.2,,64.5,,ATL_EDGE_07,EDGE,1,,,60.8,,2029,717,,63.7,LAR
REGULAR_SEASON,,17,70.2,,69.2,,P100134_EDGE,EDGE,1,,,65.1,,2029,748,,67.0,LAR
REGULAR_SEASON,,17,67.8,,63.7,,LAR_DT_02,DT,1,,,70.2,,2029,623,,64.8,LAR
REGULAR_SEASON,,16,66.0,,59.2,,MIN_DT_03,DT,1,,,64.0,,2029,612,,66.1,LAR
REGULAR_SEASON,,15,61.1,,65.9,,GB_DT_05,DT,1,,,66.7,,2029,583,,61.4,LAR
REGULAR_SEASON,69.9,17,76.4,,69.2,,P100545_LB,LB,1,,,69.6,,2029,788,,71.1,LAR
REGULAR_SEASON,61.0,17,69.2,,66.5,,P100696_LB,LB,1,,,62.8,,2029,747,,67.3,LAR
REGULAR_SEASON,67.2,17,73.1,,72.4,,P100519_LB,LB,1,,,68.3,,2029,810,,73.4,LAR
REGULAR_SEASON,76.8,17,88.3,,,,LAR_CB_02,CB,1,,,80.1,,2029,856,,79.5,LAR
REGULAR_SEASON,44.7,13,40.5,,,,JAX_CB_05,CB,1,,,47.2,,2029,639,,48.6,LAR
REGULAR_SEASON,66.5,17,69.0,,,,P100417_CB,CB,1,,,63.8,,2029,864,,73.2,LAR
REGULAR_SEASON,62.7,17,59.8,,,,LAC_CB_08,CB,1,,,56.8,,2029,819,,62.3,LAR
REGULAR_SEASON,80.8,17,84.9,,,,DET_S_01,S,1,,,77.4,,2029,891,,79.8,LAR
REGULAR_SEASON,74.7,12,76.3,,,,LAR_S_04,S,1,,,74.8,,2029,635,,73.3,LAR
REGULAR_SEASON,68.6,14,71.0,,,,P100676_S,S,1,,,74.0,,2029,721,,70.1,LAR
REGULAR_SEASON,,13,72.2,,,,DAL_K_01,K,1,,,,,2029,78,71.2,,LAR
REGULAR_SEASON,,16,66.5,,,,DAL_P_01,P,1,,,,,2029,80,71.4,,LAR
REGULAR_SEASON,,17,73.1,,,72.2,DET_QB_01,QB,1,,,,74.1,2029,1061,,,TB
REGULAR_SEASON,,17,64.1,63.6,,,PIT_RB_03,RB,1,60.6,,,64.5,2029,492,,,TB
REGULAR_SEASON,,17,51.9,51.2,,,BUF_RB_04,RB,1,54.3,,,57.4,2029,334,,,TB
REGULAR_SEASON,,15,59.8,57.4,,,MIN_RB_02,RB,1,55.8,,,60.1,2029,222,,,TB
REGULAR_SEASON,,12,85.3,,,,HOU_WR_01,WR,1,84.6,75.3,,,2029,517,,,TB
REGULAR_SEASON,,17,57.8,,,,CAR_WR_08,WR,1,53.3,58.9,,,2029,713,,,TB
REGULAR_SEASON,,17,63.9,,,,TB_WR_03,WR,1,58.5,60.7,,,2029,726,,,TB
REGULAR_SEASON,,17,68.3,,,,MIA_WR_03,WR,1,62.7,66.6,,,2029,740,,,TB
REGULAR_SEASON,,17,69.0,70.8,,,P100868_TE,TE,1,72.7,61.8,,,2029,701,,,TB
REGULAR_SEASON,,17,62.5,67.9,,,P100634_TE,TE,1,63.1,61.0,,,2029,680,,,TB
REGULAR_SEASON,,17,71.1,68.3,,,TB_OT_02,OT,1,,69.6,,,2029,1116,,,TB
REGULAR_SEASON,,10,77.1,71.4,,,ARI_OT_02,OT,1,,70.9,,,2029,631,,,TB
REGULAR_SEASON,,17,62.3,58.4,,,MIN_OG_02,OG,1,,62.7,,,2029,1102,,,TB
REGULAR_SEASON,,3,73.9,59.3,,,TB_OG_03,OG,0,,89.9,,,2029,198,,,TB
REGULAR_SEASON,,17,77.3,70.3,,,NYG_C_01,C,1,,70.0,,,2029,1133,,,TB
REGULAR_SEASON,,17,65.2,,67.0,,NYJ_EDGE_01,EDGE,1,,,64.2,,2029,749,,64.1,TB
REGULAR_SEASON,,17,72.3,,68.6,,MIA_EDGE_01,EDGE,1,,,71.6,,2029,701,,66.0,TB
REGULAR_SEASON,,12,85.7,,77.8,,TEN_EDGE_02,EDGE,1,,,72.6,,2029,514,,83.1,TB
REGULAR_SEASON,,17,63.8,,64.2,,P100095_EDGE,EDGE,1,,,60.0,,2029,738,,64.0,TB
REGULAR_SEASON,,17,55.3,,57.0,,NO_DT_01,DT,1,,,59.9,,2029,614,,52.5,TB
REGULAR_SEASON,,15,66.8,,68.4,,ATL_DT_04,DT,1,,,64.3,,2029,562,,67.3,TB
REGULAR_SEASON,,3,88.3,,82.3,,CAR_DT_04,DT,0,,,68.1,,2029,114,,75.7,TB
REGULAR_SEASON,68.6,17,76.3,,72.0,,TB_LB_02,LB,1,,,73.8,,2029,737,,77.3,TB
REGULAR_SEASON,68.7,16,70.9,,65.1,,TB_LB_05,LB,1,,,62.5,,2029,716,,66.1,TB
REGULAR_SEASON,72.4,16,72.1,,70.4,,LAR_LB_04,LB,1,,,74.0,,2029,739,,71.8,TB
REGULAR_SEASON,63.3,11,65.8,,,,LV_CB_01,CB,1,,,66.8,,2029,566,,56.4,TB
REGULAR_SEASON,75.0,17,69.1,,,,TB_CB_05,CB,1,,,63.1,,2029,867,,70.7,TB
REGULAR_SEASON,60.6,16,56.3,,,,SF_CB_04,CB,1,,,61.6,,2029,805,,57.9,TB
REGULAR_SEASON,66.2,13,70.0,,,,NE_CB_06,CB,1,,,62.6,,2029,651,,69.7,TB
REGULAR_SEASON,64.5,17,64.8,,,,LV_S_01,S,1,,,63.6,,2029,882,,66.0,TB
REGULAR_SEASON,70.8,10,71.1,,,,GB_S_04,S,1,,,66.1,,2029,525,,58.3,TB
REGULAR_SEASON,57.0,17,58.7,,,,WAS_S_04,S,1,,,59.3,,2029,871,,60.8,TB
REGULAR_SEASON,,17,68.6,,,,JAX_K_01,K,1,,,,,2029,102,67.3,,TB
REGULAR_SEASON,,17,62.8,,,,TB_P_01,P,1,,,,,2029,85,57.9,,TB
REGULAR_SEASON,,12,59.1,,,68.8,HOU_QB_01,QB,1,,,,64.5,2029,757,,,DAL
REGULAR_SEASON,,17,77.3,73.6,,,KC_RB_03,RB,1,75.6,,,78.6,2029,537,,,DAL
REGULAR_SEASON,,17,46.6,52.0,,,TB_RB_02,RB,1,53.5,,,53.3,2029,384,,,DAL
REGULAR_SEASON,,17,60.4,,,,DAL_WR_08,WR,1,61.5,59.0,,,2029,738,,,DAL
REGULAR_SEASON,,2,76.2,,,,PIT_WR_08,WR,0,64.3,74.9,,,2029,97,,,DAL
REGULAR_SEASON,,10,67.0,,,,P100431_WR,WR,1,65.3,69.2,,,2029,431,,,DAL
REGULAR_SEASON,,14,57.0,58.5,,,P100050_TE,TE,1,59.2,56.4,,,2029,550,,,DAL
REGULAR_SEASON,,17,79.6,69.2,,,DAL_OT_02,OT,1,,75.9,,,2029,1132,,,DAL
REGULAR_SEASON,,13,56.3,61.3,,,P100682_OT,OT,1,,60.3,,,2029,842,,,DAL
REGULAR_SEASON,,16,69.0,69.8,,,CHI_OG_03,OG,1,,66.9,,,2029,1039,,,DAL
REGULAR_SEASON,,15,53.8,55.0,,,DET_C_01,C,1,,57.9,,,2029,994,,,DAL
REGULAR_SEASON,,17,68.9,,66.0,,CAR_EDGE_02,EDGE,1,,,73.6,,2029,722,,68.2,DAL
REGULAR_SEASON,,11,84.1,,81.1,,P100279_EDGE,EDGE,1,,,70.7,,2029,482,,74.3,DAL
REGULAR_SEASON,,15,49.1,,53.6,,DEN_EDGE_02,EDGE,1,,,46.6,,2029,630,,50.2,DAL
REGULAR_SEASON,,17,74.0,,71.7,,DAL_EDGE_03,EDGE,1,,,74.5,,2029,755,,71.6,DAL
REGULAR_SEASON,,13,81.1,,77.2,,GB_DT_02,DT,1,,,74.7,,2029,476,,72.2,DAL
REGULAR_SEASON,,17,56.3,,57.8,,NYJ_DT_02,DT,1,,,60.4,,2029,631,,53.7,DAL
REGULAR_SEASON,,17,68.7,,66.4,,NYJ_DT_03,DT,1,,,68.3,,2029,620,,64.0,DAL
REGULAR_SEASON,66.5,17,69.4,,68.9,,PHI_LB_02,LB,1,,,64.1,,2029,788,,66.3,DAL
REGULAR_SEASON,67.1,17,68.0,,69.7,,P100489_LB,LB,1,,,65.6,,2029,787,,70.1,DAL
REGULAR_SEASON,68.8,17,73.1,,67.8,,CLE_LB_01,LB,1,,,70.2,,2029,769,,72.0,DAL
REGULAR_SEASON,58.5,13,64.4,,,,GB_CB_04,CB,1,,,69.0,,2029,642,,63.1,DAL
REGULAR_SEASON,68.8,17,71.4,,,,DAL_CB_08,CB,1,,,67.1,,2029,841,,67.8,DAL
REGULAR_SEASON,64.6,17,66.7,,,,ATL_CB_05,CB,1,,,66.1,,2029,858,,60.1,DAL
REGULAR_SEASON,64.5,17,63.3,,,,P100550_CB,CB,1,,,65.7,,2029,801,,66.5,DAL
REGULAR_SEASON,64.5,17,70.9,,,,GB_S_02,S,1,,,64.4,,2029,881,,68.1,DAL
REGULAR_SEASON,68.7,17,73.9,,,,P100210_S,S,1,,,70.4,,2029,888,,71.7,DAL
REGULAR_SEASON,63.9,8,63.9,,,,P100859_S,S,1,,,52.2,,2029,397,,60.9,DAL
REGULAR_SEASON,,8,56.0,,,,NE_K_01,K,1,,,,,2029,48,67.1,,DAL
REGULAR_SEASON,,17,73.6,,,,TB_P_02,P,1,,,,,2029,85,70.8,,DAL
REGULAR_SEASON,,17,68.8,,,66.0,JAX_QB_01,QB,1,,,,62.2,2029,1067,,,JAX
REGULAR_SEASON,,17,57.2,59.8,,,LAR_RB_04,RB,1,62.8,,,62.9,2029,517,,,JAX
REGULAR_SEASON,,17,52.2,51.3,,,P100139_RB,RB,1,57.9,,,54.5,2029,375,,,JAX
REGULAR_SEASON,,17,73.7,,,,CAR_WR_01,WR,1,69.1,72.3,,,2029,734,,,JAX
REGULAR_SEASON,,13,70.0,,,,P100512_WR,WR,1,68.1,64.8,,,2029,571,,,JAX
REGULAR_SEASON,,17,72.2,,,,JAX_WR_01,WR,1,67.2,61.0,,,2029,751,,,JAX
REGULAR_SEASON,,17,59.1,,,,P100140_WR,WR,1,59.6,57.2,,,2029,731,,,JAX
REGULAR_SEASON,,17,72.3,64.0,,,JAX_TE_02,TE,1,63.4,71.4,,,2029,668,,,JAX
REGULAR_SEASON,,17,76.0,79.1,,,LAC_TE_02,TE,1,73.8,76.2,,,2029,703,,,JAX
REGULAR_SEASON,,13,79.0,67.1,,,JAX_OT_02,OT,1,,71.8,,,2029,831,,,JAX
REGULAR_SEASON,,17,54.9,57.7,,,IND_OT_02,OT,1,,57.5,,,2029,1102,,,JAX
REGULAR_SEASON,,16,67.0,67.7,,,DET_OG_04,OG,1,,65.2,,,2029,1057,,,JAX
REGULAR_SEASON,,17,67.1,65.9,,,P100841_OG,OG,1,,65.9,,,2029,1100,,,JAX
REGULAR_SEASON,,17,61.8,59.1,,,P100321_C,C,1,,61.6,,,2029,1106,,,JAX
REGULAR_SEASON,,13,66.6,,67.5,,P100011_EDGE,EDGE,1,,,67.5,,2029,574,,65.7,JAX
REGULAR_SEASON,,17,51.1,,57.0,,PIT_EDGE_04,EDGE,1,,,51.5,,2029,742,,50.5,JAX
REGULAR_SEASON,,17,75.0,,66.3,,JAX_DT_01,DT,1,,,77.2,,2029,631,,71.4,JAX
REGULAR_SEASON,,17,87.7,,77.8,,JAX_DT_05,DT,1,,,73.5,,2029,638,,77.9,JAX
REGULAR_SEASON,,17,57.0,,61.3,,P100799_DT,DT,1,,,56.6,,2029,639,,53.9,JAX
REGULAR_SEASON,53.7,15,63.5,,58.7,,P100612_LB,LB,1,,,61.7,,2029,707,,61.3,JAX
REGULAR_SEASON,59.1,17,56.6,,59.1,,P100669_LB,LB,1,,,58.2,,2029,782,,54.2,JAX
REGULAR_SEASON,78.8,16,84.2,,,,JAX_CB_02,CB,1,,,85.5,,2029,800,,81.4,JAX
REGULAR_SEASON,74.1,17,76.8,,,,P100887_CB,CB,1,,,72.4,,2029,835,,70.0,JAX
REGULAR_SEASON,45.8,17,46.2,,,,P100008_CB,CB,1,,,52.6,,2029,840,,49.7,JAX
REGULAR_SEASON,48.6,17,49.3,,,,P100073_CB,CB,1,,,49.4,,2029,833,,50.5,JAX
REGULAR_SEASON,82.6,17,81.5,,,,CLE_S_01,S,1,,,74.6,,2029,867,,79.6,JAX
REGULAR_SEASON,51.8,14,52.5,,,,LV_S_04,S,1,,,54.5,,2029,728,,55.7,JAX
REGULAR_SEASON,63.2,14,62.8,,,,ARI_S_05,S,1,,,59.1,,2029,699,,65.9,JAX
REGULAR_SEASON,,17,77.6,,,,IND_K_01,K,1,,,,,2029,102,75.1,,JAX
REGULAR_SEASON,,1,99.9,,,,HOU_P_02,P,0,,,,,2029,5,99.9,,JAX
REGULAR_SEASON,,15,81.4,,,77.4,PIT_QB_01,QB,1,,,,75.5,2029,934,,,CAR
REGULAR_SEASON,,17,67.5,62.9,,,CAR_RB_01,RB,1,63.6,,,64.9,2029,525,,,CAR
REGULAR_SEASON,,17,61.6,62.5,,,P100856_RB,RB,1,59.9,,,58.7,2029,357,,,CAR
REGULAR_SEASON,,17,85.3,,,,PHI_WR_03,WR,1,79.8,78.1,,,2029,741,,,CAR
REGULAR_SEASON,,14,89.4,,,,CAR_WR_03,WR,1,84.8,78.3,,,2029,615,,,CAR
REGULAR_SEASON,,17,62.7,,,,P100864_WR,WR,1,62.2,63.6,,,2029,754,,,CAR
REGULAR_SEASON,,17,64.3,,,,P100327_WR,WR,1,57.6,65.1,,,2029,753,,,CAR
REGULAR_SEASON,,17,61.6,58.6,,,MIA_TE_01,TE,1,63.0,59.2,,,2029,653,,,CAR
REGULAR_SEASON,,14,82.4,80.1,,,CAR_OT_01,OT,1,,73.1,,,2029,902,,,CAR
REGULAR_SEASON,,11,75.8,73.5,,,NYJ_OT_01,OT,1,,82.4,,,2029,705,,,CAR
REGULAR_SEASON,,17,71.1,68.2,,,WAS_OG_02,OG,1,,72.1,,,2029,1111,,,CAR
REGULAR_SEASON,,14,79.7,76.4,,,P100013_OG,OG,1,,74.6,,,2029,910,,,CAR
REGULAR_SEASON,,17,68.8,69.5,,,LAC_C_01,C,1,,64.4,,,2029,1115,,,CAR
REGULAR_SEASON,,17,72.9,,68.3,,KC_EDGE_01,EDGE,1,,,74.6,,2029,733,,76.7,CAR
REGULAR_SEASON,,14,65.9,,61.8,,CAR_EDGE_03,EDGE,1,,,65.1,,2029,595,,65.1,CAR
REGULAR_SEASON,,16,61.3,,64.9,,P100231_EDGE,EDGE,1,,,58.4,,2029,711,,59.5,CAR
REGULAR_SEASON,,14,56.6,,55.7,,P100326_EDGE,EDGE,1,,,59.0,,2029,604,,57.2,CAR
REGULAR_SEASON,,16,60.3,,59.1,,CAR_DT_01,DT,1,,,64.3,,2029,619,,63.2,CAR
REGULAR_SEASON,,17,75.8,,71.9,,P100482_DT,DT,1,,,74.8,,2029,624,,70.9,CAR
REGULAR_SEASON,,16,68.4,,67.1,,P100369_DT,DT,1,,,68.6,,2029,581,,67.2,CAR
REGULAR_SEASON,72.3,17,74.9,,74.8,,NE_LB_01,LB,1,,,72.5,,2029,776,,69.9,CAR
REGULAR_SEASON,66.8,17,70.1,,64.9,,GB_LB_02,LB,1,,,72.8,,2029,761,,71.1,CAR
REGULAR_SEASON,65.0,14,69.8,,64.3,,P100176_LB,LB,1,,,70.3,,2029,620,,71.7,CAR
REGULAR_SEASON,83.4,15,88.8,,,,SF_CB_03,CB,1,,,74.4,,2029,762,,78.9,CAR
REGULAR_SEASON,79.6,14,88.9,,,,DAL_CB_03,CB,1,,,82.8,,2029,706,,77.7,CAR
REGULAR_SEASON,77.7,17,80.9,,,,TB_CB_03,CB,1,,,77.3,,2029,846,,69.8,CAR
REGULAR_SEASON,64.1,9,61.7,,,,P100786_CB,CB,1,,,55.5,,2029,449,,61.3,CAR
REGULAR_SEASON,57.5,17,59.7,,,,P100283_S,S,1,,,59.9,,2029,908,,60.0,CAR
REGULAR_SEASON,53.8,17,52.8,,,,NE_S_07,S,1,,,53.1,,2029,857,,53.4,CAR
REGULAR_SEASON,,17,64.0,,,,LAR_K_01,K,1,,,,,2029,102,63.3,,CAR
REGULAR_SEASON,,17,66.1,,,,NYJ_P_01,P,1,,,,,2029,85,65.0,,CAR
REGULAR_SEASON,,17,75.6,,,66.5,CHI_QB_01,QB,1,,,,72.8,2029,1102,,,DET
REGULAR_SEASON,,17,58.6,61.9,,,P100695_RB,RB,1,64.9,,,55.0,2029,539,,,DET
REGULAR_SEASON,,17,61.7,62.6,,,P100523_RB,RB,1,59.5,,,65.5,2029,341,,,DET
REGULAR_SEASON,,17,76.1,,,,DET_WR_03,WR,1,66.7,68.5,,,2029,724,,,DET
REGULAR_SEASON,,17,73.2,,,,DET_WR_01,WR,1,72.5,65.7,,,2029,739,,,DET
REGULAR_SEASON,,8,75.5,,,,KC_WR_01,WR,1,74.5,69.9,,,2029,341,,,DET
REGULAR_SEASON,,15,55.2,,,,P100805_WR,WR,1,54.7,52.6,,,2029,642,,,DET
REGULAR_SEASON,,17,79.0,71.5,,,DET_TE_01,TE,1,75.3,73.0,,,2029,687,,,DET
REGULAR_SEASON,,17,78.1,68.4,,,DET_TE_02,TE,1,75.6,71.9,,,2029,650,,,DET
REGULAR_SEASON,,17,70.5,64.5,,,DET_OT_02,OT,1,,72.5,,,2029,1118,,,DET
REGULAR_SEASON,,17,76.3,70.3,,,CIN_OT_03,OT,1,,74.2,,,2029,1126,,,DET
REGULAR_SEASON,,17,62.0,63.1,,,DEN_OG_02,OG,1,,63.2,,,2029,1124,,,DET
REGULAR_SEASON,,4,75.6,76.9,,,P100339_OG,OG,0,,73.5,,,2029,263,,,DET
REGULAR_SEASON,,17,82.5,71.4,,,TEN_C_01,C,1,,80.6,,,2029,1118,,,DET
REGULAR_SEASON,,17,79.4,,74.3,,ARI_EDGE_02,EDGE,1,,,75.2,,2029,730,,80.7,DET
REGULAR_SEASON,,17,67.8,,62.9,,P100624_EDGE,EDGE,1,,,67.0,,2029,754,,64.3,DET
REGULAR_SEASON,,17,76.4,,70.8,,SF_EDGE_03,EDGE,1,,,70.7,,2029,721,,77.4,DET
REGULAR_SEASON,,16,52.9,,61.2,,DET_EDGE_05,EDGE,1,,,55.1,,2029,717,,56.3,DET
REGULAR_SEASON,,17,69.3,,72.5,,IND_DT_01,DT,1,,,61.8,,2029,637,,71.8,DET
REGULAR_SEASON,,12,86.4,,78.0,,SF_DT_03,DT,1,,,73.2,,2029,434,,80.1,DET
REGULAR_SEASON,,5,71.3,,74.0,,P100184_DT,DT,0,,,66.4,,2029,191,,66.9,DET
REGULAR_SEASON,59.2,17,58.8,,60.5,,DET_LB_02,LB,1,,,59.8,,2029,796,,57.7,DET
REGULAR_SEASON,50.1,14,52.9,,54.0,,BAL_LB_01,LB,1,,,55.4,,2029,654,,50.7,DET
REGULAR_SEASON,56.0,16,54.1,,58.1,,KC_LB_01,LB,1,,,54.0,,2029,719,,56.9,DET
REGULAR_SEASON,62.7,11,65.6,,,,CLE_CB_01,CB,1,,,69.0,,2029,526,,66.6,DET
REGULAR_SEASON,75.8,10,71.3,,,,DET_CB_05,CB,1,,,67.8,,2029,492,,68.8,DET
REGULAR_SEASON,61.2,16,58.6,,,,DET_CB_08,CB,1,,,57.7,,2029,785,,64.8,DET
REGULAR_SEASON,74.5,17,75.9,,,,P100486_CB,CB,1,,,74.5,,2029,811,,72.5,DET
REGULAR_SEASON,65.6,16,68.5,,,,DET_S_04,S,1,,,68.3,,2029,837,,68.0,DET
REGULAR_SEASON,58.6,17,68.7,,,,SEA_S_02,S,1,,,63.7,,2029,887,,66.7,DET
REGULAR_SEASON,75.4,12,80.8,,,,ARI_S_02,S,1,,,80.0,,2029,628,,79.2,DET
REGULAR_SEASON,,17,62.7,,,,WAS_K_01,K,1,,,,,2029,102,61.6,,DET
REGULAR_SEASON,,11,57.2,,,,TEN_P_02,P,1,,,,,2029,55,62.4,,DET
REGULAR_SEASON,,16,69.9,,,,NYG_WR_02,WR,1,66.5,65.7,,,2029,687,,,CHI
REGULAR_SEASON,,16,81.8,74.2,,,IND_OG_01,OG,1,,73.8,,,2029,1051,,,CHI
REGULAR_SEASON,,16,53.5,,55.8,,WAS_EDGE_05,EDGE,1,,,52.0,,2029,697,,61.0,CHI
REGULAR_SEASON,,7,64.6,69.3,,,P100141_OG,OG,0,,73.1,,,2029,466,,,GB
REGULAR_SEASON,,16,77.5,70.8,,,BAL_OT_02,OT,1,,75.8,,,2029,1042,,,DEN
REGULAR_SEASON,,16,66.9,59.1,,,DEN_OG_01,OG,1,,61.7,,,2029,1047,,,DEN
REGULAR_SEASON,,17,81.0,,,74.7,ATL_QB_01,QB,1,,,,76.4,2029,1088,,,ATL
REGULAR_SEASON,,17,62.7,60.6,,,DAL_RB_01,RB,1,59.1,,,59.3,2029,519,,,ATL
REGULAR_SEASON,,15,52.7,55.3,,,P100382_RB,RB,1,58.1,,,55.7,2029,221,,,ATL
REGULAR_SEASON,,4,43.6,34.7,,,P100600_RB,RB,0,46.3,,,46.5,2029,64,,,ATL
REGULAR_SEASON,,14,67.0,,,,ATL_WR_06,WR,1,63.3,64.4,,,2029,626,,,ATL
REGULAR_SEASON,,17,79.0,,,,CLE_WR_04,WR,1,75.7,75.9,,,2029,732,,,ATL
REGULAR_SEASON,,17,64.0,,,,GB_WR_06,WR,1,62.4,58.7,,,2029,696,,,ATL
REGULAR_SEASON,,17,55.0,,,,P100218_WR,WR,1,57.2,63.2,,,2029,711,,,ATL
REGULAR_SEASON,,17,81.8,82.7,,,ATL_TE_01,TE,1,71.4,76.5,,,2029,687,,,ATL
REGULAR_SEASON,,17,61.0,64.0,,,ATL_TE_02,TE,1,63.2,64.3,,,2029,663,,,ATL
REGULAR_SEASON,,17,69.2,66.6,,,HOU_OT_02,OT,1,,66.7,,,2029,1108,,,ATL
REGULAR_SEASON,,17,61.6,68.3,,,PIT_OT_03,OT,1,,67.7,,,2029,1083,,,ATL
REGULAR_SEASON,,16,71.1,66.4,,,ATL_OG_01,OG,1,,68.6,,,2029,1032,,,ATL
REGULAR_SEASON,,17,77.1,76.9,,,ATL_OG_04,OG,1,,70.8,,,2029,1090,,,ATL
REGULAR_SEASON,,14,69.7,67.6,,,ATL_C_01,C,1,,70.4,,,2029,890,,,ATL
REGULAR_SEASON,,17,92.5,,89.7,,DET_EDGE_02,EDGE,1,,,82.3,,2029,759,,84.1,ATL
REGULAR_SEASON,,8,44.6,,56.2,,NE_EDGE_04,EDGE,1,,,53.0,,2029,352,,45.9,ATL
REGULAR_SEASON,,1,60.3,,81.4,,P100784_EDGE,EDGE,0,,,45.5,,2029,40,,48.6,ATL
REGULAR_SEASON,,14,84.2,,70.0,,ATL_DT_01,DT,1,,,77.9,,2029,530,,80.0,ATL
REGULAR_SEASON,,17,75.5,,80.3,,PIT_DT_02,DT,1,,,68.8,,2029,648,,65.2,ATL
REGULAR_SEASON,,11,62.1,,71.1,,BAL_DT_04,DT,1,,,60.7,,2029,404,,59.5,ATL
REGULAR_SEASON,66.3,13,72.0,,64.7,,MIN_LB_02,LB,1,,,72.1,,2029,571,,70.4,ATL
REGULAR_SEASON,67.0,8,75.4,,,,P100681_CB,CB,1,,,68.0,,2029,390,,74.9,ATL
REGULAR_SEASON,68.8,17,76.5,,,,P100406_CB,CB,1,,,69.2,,2029,848,,68.6,ATL
REGULAR_SEASON,61.7,11,61.4,,,,HOU_S_01,S,1,,,64.8,,2029,582,,60.9,ATL
REGULAR_SEASON,62.8,17,62.5,,,,ATL_S_03,S,1,,,62.0,,2029,877,,57.4,ATL
REGULAR_SEASON,63.4,17,60.7,,,,P100117_S,S,1,,,59.1,,2029,869,,59.0,ATL
REGULAR_SEASON,,11,65.0,,,,ATL_K_01,K,1,,,,,2029,66,61.9,,ATL
REGULAR_SEASON,,17,59.5,,,,GB_P_01,P,1,,,,,2029,85,61.4,,ATL
REGULAR_SEASON,,16,63.3,,,,CHI_WR_01,WR,1,61.9,61.4,,,2029,677,,,PIT
REGULAR_SEASON,64.2,16,60.9,,65.8,,LAC_LB_01,LB,1,,,60.4,,2029,693,,58.3,PIT
REGULAR_SEASON,,17,75.8,,,76.7,LV_QB_01,QB,1,,,,75.2,2029,1083,,,LV
REGULAR_SEASON,,17,71.5,70.2,,,ARI_RB_02,RB,1,66.8,,,68.1,2029,532,,,LV
REGULAR_SEASON,,17,70.7,67.6,,,SF_RB_04,RB,1,69.4,,,69.5,2029,334,,,LV
REGULAR_SEASON,,17,62.2,,,,BAL_WR_02,WR,1,61.3,58.2,,,2029,720,,,LV
REGULAR_SEASON,,17,65.3,,,,SEA_WR_03,WR,1,66.3,63.2,,,2029,721,,,LV
REGULAR_SEASON,,12,57.0,,,,LAR_WR_08,WR,1,58.3,59.6,,,2029,525,,,LV
REGULAR_SEASON,,17,58.0,,,,FA_WR_083,WR,1,56.5,58.4,,,2029,750,,,LV
REGULAR_SEASON,,17,72.6,73.0,,,P100219_TE,TE,1,73.5,67.3,,,2029,663,,,LV
REGULAR_SEASON,,11,60.2,53.7,,,CLE_TE_03,TE,1,58.0,63.3,,,2029,437,,,LV
REGULAR_SEASON,,12,72.2,69.6,,,ATL_OT_04,OT,1,,66.6,,,2029,814,,,LV
REGULAR_SEASON,,13,65.2,62.0,,,LV_OT_04,OT,1,,64.2,,,2029,860,,,LV
REGULAR_SEASON,,15,77.2,75.8,,,LV_OG_01,OG,1,,73.6,,,2029,990,,,LV
REGULAR_SEASON,,3,61.0,63.1,,,P100656_OG,OG,0,,71.0,,,2029,202,,,LV
REGULAR_SEASON,,16,65.5,62.4,,,LV_C_02,C,1,,59.6,,,2029,1017,,,LV
REGULAR_SEASON,,17,66.7,,68.9,,KC_EDGE_04,EDGE,1,,,69.9,,2029,755,,60.8,LV
REGULAR_SEASON,,17,56.1,,60.8,,PHI_EDGE_04,EDGE,1,,,56.4,,2029,748,,59.7,LV
REGULAR_SEASON,,15,59.8,,60.3,,TB_EDGE_05,EDGE,1,,,58.8,,2029,653,,61.2,LV
REGULAR_SEASON,,17,63.9,,63.7,,P100574_EDGE,EDGE,1,,,62.9,,2029,726,,61.5,LV
REGULAR_SEASON,,15,52.3,,52.8,,LAR_DT_05,DT,1,,,54.4,,2029,564,,52.7,LV
REGULAR_SEASON,,12,80.7,,73.0,,MIA_DT_01,DT,1,,,76.0,,2029,440,,70.3,LV
REGULAR_SEASON,,8,69.6,,74.0,,LV_DT_03,DT,1,,,63.6,,2029,312,,67.9,LV
REGULAR_SEASON,81.9,17,93.7,,84.3,,PIT_LB_01,LB,1,,,88.4,,2029,754,,87.1,LV
REGULAR_SEASON,61.6,17,57.6,,57.0,,BUF_LB_04,LB,1,,,62.6,,2029,759,,59.5,LV
REGULAR_SEASON,63.5,17,60.2,,55.5,,P100333_LB,LB,1,,,58.5,,2029,758,,57.7,LV
REGULAR_SEASON,69.0,17,76.1,,,,LV_CB_06,CB,1,,,71.5,,2029,823,,72.0,LV
REGULAR_SEASON,68.7,17,69.3,,,,P100282_CB,CB,1,,,65.3,,2029,813,,70.8,LV
REGULAR_SEASON,64.7,13,63.4,,,,IND_CB_05,CB,1,,,61.1,,2029,627,,71.8,LV
REGULAR_SEASON,57.3,9,44.2,,,,P100798_CB,CB,1,,,50.3,,2029,423,,50.8,LV
REGULAR_SEASON,71.5,12,69.3,,,,BAL_S_04,S,1,,,67.3,,2029,624,,65.4,LV
REGULAR_SEASON,52.1,15,52.8,,,,BUF_S_03,S,1,,,53.6,,2029,767,,52.8,LV
REGULAR_SEASON,65.6,17,69.5,,,,LAC_S_04,S,1,,,68.6,,2029,859,,68.2,LV
REGULAR_SEASON,,11,74.4,,,,DET_K_01,K,1,,,,,2029,66,67.0,,LV
REGULAR_SEASON,,11,67.7,,,,JAX_P_01,P,1,,,,,2029,55,64.3,,LV
REGULAR_SEASON,,13,74.1,,,67.4,P100088_QB,QB,1,,,,69.1,2029,796,,,NO
REGULAR_SEASON,,13,73.5,68.6,,,P100544_RB,RB,1,69.0,,,69.7,2029,426,,,NO
REGULAR_SEASON,,17,43.9,49.1,,,TB_RB_01,RB,1,53.7,,,51.0,2029,459,,,NO
REGULAR_SEASON,,15,61.3,,,,TB_WR_07,WR,1,65.2,53.0,,,2029,667,,,NO
REGULAR_SEASON,,16,63.3,,,,KC_WR_08,WR,1,63.5,64.4,,,2029,712,,,NO
REGULAR_SEASON,,17,62.8,64.4,,,LV_TE_01,TE,1,62.9,60.9,,,2029,678,,,NO
REGULAR_SEASON,,17,55.3,60.0,,,DEN_TE_04,TE,1,57.3,54.8,,,2029,673,,,NO
REGULAR_SEASON,,17,66.7,69.3,,,P100449_OT,OT,1,,67.9,,,2029,1095,,,NO
REGULAR_SEASON,,1,60.8,56.2,,,P100143_OT,OT,0,,36.5,,,2029,58,,,NO
REGULAR_SEASON,,10,58.3,59.3,,,NO_OG_02,OG,1,,62.4,,,2029,645,,,NO
REGULAR_SEASON,,17,61.5,68.2,,,MIN_OG_04,OG,1,,62.1,,,2029,1099,,,NO
REGULAR_SEASON,,15,70.4,63.8,,,JAX_C_02,C,1,,70.8,,,2029,980,,,NO
REGULAR_SEASON,,17,68.4,,69.8,,NO_EDGE_04,EDGE,1,,,70.1,,2029,734,,72.2,NO
REGULAR_SEASON,,17,57.1,,63.3,,P100538_EDGE,EDGE,1,,,59.5,,2029,742,,59.4,NO
REGULAR_SEASON,,17,78.7,,73.0,,P100601_EDGE,EDGE,1,,,73.6,,2029,718,,73.2,NO
REGULAR_SEASON,,17,56.5,,49.7,,P100787_EDGE,EDGE,1,,,58.7,,2029,719,,51.9,NO
REGULAR_SEASON,,17,66.3,,61.6,,NO_DT_02,DT,1,,,63.9,,2029,645,,64.8,NO
REGULAR_SEASON,,17,66.0,,70.2,,NYG_DT_03,DT,1,,,62.9,,2029,632,,62.2,NO
REGULAR_SEASON,,2,51.6,,62.0,,P100187_DT,DT,0,,,65.3,,2029,78,,64.3,NO
REGULAR_SEASON,66.5,14,67.7,,71.6,,P100585_LB,LB,1,,,69.1,,2029,668,,73.0,NO
REGULAR_SEASON,62.9,16,70.8,,67.5,,NE_LB_02,LB,1,,,70.8,,2029,747,,73.1,NO
REGULAR_SEASON,72.9,17,72.6,,65.4,,P100357_LB,LB,1,,,70.6,,2029,785,,67.1,NO
REGULAR_SEASON,62.1,17,66.2,,,,NO_CB_05,CB,1,,,68.7,,2029,840,,69.5,NO
REGULAR_SEASON,61.7,14,58.5,,,,P100803_CB,CB,1,,,59.2,,2029,678,,56.3,NO
REGULAR_SEASON,56.7,14,44.2,,,,P100628_CB,CB,1,,,46.3,,2029,695,,48.5,NO
REGULAR_SEASON,64.4,11,58.7,,,,P100044_CB,CB,1,,,57.7,,2029,560,,58.1,NO
REGULAR_SEASON,61.0,14,57.1,,,,KC_S_02,S,1,,,60.0,,2029,723,,60.7,NO
REGULAR_SEASON,61.4,13,57.1,,,,P100766_S,S,1,,,50.5,,2029,649,,59.4,NO
REGULAR_SEASON,50.6,17,47.0,,,,P100686_S,S,1,,,47.0,,2029,855,,55.9,NO
REGULAR_SEASON,,1,84.7,,,,SF_K_02,K,0,,,,,2029,6,91.9,,NO
REGULAR_SEASON,,17,51.5,,,,ATL_P_02,P,1,,,,,2029,85,51.7,,NO
REGULAR_SEASON,,16,48.2,,,53.2,NO_QB_02,QB,1,,,,50.3,2029,1016,,,HOU
REGULAR_SEASON,,17,64.6,67.4,,,NYJ_RB_03,RB,1,63.4,,,68.5,2029,482,,,HOU
REGULAR_SEASON,,17,58.2,61.7,,,P100080_RB,RB,1,56.1,,,60.3,2029,340,,,HOU
REGULAR_SEASON,,17,57.8,56.4,,,DAL_RB_04,RB,1,57.7,,,60.6,2029,264,,,HOU
REGULAR_SEASON,,14,75.7,,,,PHI_WR_02,WR,1,70.4,72.3,,,2029,601,,,HOU
REGULAR_SEASON,,16,71.8,,,,P100295_WR,WR,1,66.9,71.0,,,2029,724,,,HOU
REGULAR_SEASON,,12,57.9,,,,P100838_WR,WR,1,58.8,60.4,,,2029,503,,,HOU
REGULAR_SEASON,,10,54.5,,,,HOU_WR_05,WR,1,58.1,53.4,,,2029,417,,,HOU
REGULAR_SEASON,,14,51.0,59.3,,,IND_TE_02,TE,1,60.6,57.8,,,2029,553,,,HOU
REGULAR_SEASON,,11,51.5,58.0,,,HOU_TE_03,TE,1,54.6,47.7,,,2029,423,,,HOU
REGULAR_SEASON,,17,82.1,80.0,,,P100649_OT,OT,1,,75.9,,,2029,1113,,,HOU
REGULAR_SEASON,,17,70.5,77.3,,,JAX_OT_01,OT,1,,70.8,,,2029,1126,,,HOU
REGULAR_SEASON,,10,67.5,62.8,,,LV_OG_02,OG,1,,68.0,,,2029,661,,,HOU
REGULAR_SEASON,,17,74.5,74.1,,,NYJ_OG_02,OG,1,,72.2,,,2029,1136,,,HOU
REGULAR_SEASON,,12,62.1,61.0,,,SF_C_02,C,1,,64.4,,,2029,784,,,HOU
REGULAR_SEASON,,14,72.5,,72.6,,LAR_EDGE_02,EDGE,1,,,66.0,,2029,616,,62.9,HOU
REGULAR_SEASON,,17,64.2,,63.3,,NE_EDGE_01,EDGE,1,,,61.9,,2029,739,,64.6,HOU
REGULAR_SEASON,,17,67.6,,64.7,,P100124_EDGE,EDGE,1,,,69.6,,2029,770,,60.9,HOU
REGULAR_SEASON,,10,79.0,,69.9,,BAL_DT_01,DT,1,,,74.0,,2029,376,,71.9,HOU
REGULAR_SEASON,,17,67.0,,67.5,,HOU_DT_02,DT,1,,,69.1,,2029,659,,69.5,HOU
REGULAR_SEASON,,15,71.6,,67.0,,LAC_DT_03,DT,1,,,69.0,,2029,540,,68.8,HOU
REGULAR_SEASON,73.3,16,80.4,,75.3,,NYG_LB_01,LB,1,,,76.4,,2029,733,,77.5,HOU
REGULAR_SEASON,47.5,17,44.6,,50.7,,P100450_LB,LB,1,,,51.9,,2029,758,,52.6,HOU
REGULAR_SEASON,78.5,15,80.4,,,,SF_CB_01,CB,1,,,76.1,,2029,748,,76.6,HOU
REGULAR_SEASON,54.2,10,60.4,,,,TB_CB_02,CB,1,,,68.6,,2029,494,,58.4,HOU
REGULAR_SEASON,63.6,17,64.4,,,,PHI_CB_03,CB,1,,,68.7,,2029,808,,65.7,HOU
REGULAR_SEASON,62.0,14,61.1,,,,P100895_CB,CB,1,,,58.3,,2029,719,,55.1,HOU
REGULAR_SEASON,62.2,17,59.0,,,,DET_S_05,S,1,,,57.6,,2029,851,,58.0,HOU
REGULAR_SEASON,59.9,17,66.8,,,,P100623_S,S,1,,,66.4,,2029,914,,62.8,HOU
REGULAR_SEASON,,16,60.1,,,,WAS_K_02,K,1,,,,,2029,96,59.0,,HOU
REGULAR_SEASON,,15,58.3,,,,HOU_P_01,P,1,,,,,2029,75,60.3,,HOU
REGULAR_SEASON,69.1,11,72.4,,,,NE_S_03,S,1,,,62.0,,2029,568,,68.4,NE
REGULAR_SEASON,,17,81.7,,,76.7,CLE_QB_01,QB,1,,,,78.2,2029,1069,,,BUF
REGULAR_SEASON,,16,69.9,71.7,,,IND_RB_01,RB,1,63.4,,,65.8,2029,453,,,BUF
REGULAR_SEASON,,17,77.6,78.6,,,TB_RB_04,RB,1,74.2,,,71.2,2029,357,,,BUF
REGULAR_SEASON,,17,63.0,63.5,,,BAL_RB_05,RB,1,61.4,,,58.1,2029,264,,,BUF
REGULAR_SEASON,,17,75.1,,,,P100404_WR,WR,1,65.6,73.9,,,2029,718,,,BUF
REGULAR_SEASON,,17,64.6,,,,P100119_WR,WR,1,61.8,63.9,,,2029,763,,,BUF
REGULAR_SEASON,,15,55.5,,,,LV_WR_04,WR,1,55.7,56.9,,,2029,662,,,BUF
REGULAR_SEASON,,8,51.1,,,,P100125_WR,WR,1,47.6,61.3,,,2029,362,,,BUF
REGULAR_SEASON,,10,54.2,50.4,,,WAS_TE_02,TE,1,58.8,65.6,,,2029,382,,,BUF
REGULAR_SEASON,,13,50.7,55.4,,,P100756_TE,TE,1,52.2,50.7,,,2029,520,,,BUF
REGULAR_SEASON,,17,71.0,73.6,,,P100817_OT,OT,1,,65.7,,,2029,1104,,,BUF
REGULAR_SEASON,,13,76.7,66.5,,,CAR_OG_01,OG,1,,69.4,,,2029,857,,,BUF
REGULAR_SEASON,,11,62.2,61.8,,,SEA_OG_04,OG,1,,62.1,,,2029,702,,,BUF
REGULAR_SEASON,,17,74.4,69.1,,,BUF_C_01,C,1,,67.2,,,2029,1123,,,BUF
REGULAR_SEASON,,16,78.6,,73.8,,ATL_EDGE_02,EDGE,1,,,75.3,,2029,684,,73.2,BUF
REGULAR_SEASON,,17,65.8,,70.3,,P100515_EDGE,EDGE,1,,,68.1,,2029,734,,60.8,BUF
REGULAR_SEASON,,17,57.9,,56.9,,P100565_EDGE,EDGE,1,,,56.1,,2029,740,,58.8,BUF
REGULAR_SEASON,,17,48.5,,50.3,,P100735_EDGE,EDGE,1,,,51.3,,2029,762,,54.7,BUF
REGULAR_SEASON,,17,67.7,,63.9,,TEN_DT_02,DT,1,,,64.7,,2029,649,,65.5,BUF
REGULAR_SEASON,,17,83.1,,78.6,,P100812_DT,DT,1,,,73.9,,2029,647,,76.2,BUF
REGULAR_SEASON,,16,59.8,,59.1,,PHI_DT_06,DT,1,,,58.5,,2029,620,,55.4,BUF
REGULAR_SEASON,82.8,17,90.4,,80.5,,CAR_LB_01,LB,1,,,85.8,,2029,767,,88.5,BUF
REGULAR_SEASON,63.7,10,63.4,,60.2,,P100104_LB,LB,1,,,64.9,,2029,459,,58.5,BUF
REGULAR_SEASON,83.0,17,89.3,,,,GB_CB_03,CB,1,,,81.8,,2029,821,,78.8,BUF
REGULAR_SEASON,69.1,17,67.6,,,,BUF_CB_02,CB,1,,,68.5,,2029,832,,68.8,BUF
REGULAR_SEASON,63.8,17,66.2,,,,P100190_CB,CB,1,,,59.0,,2029,844,,62.0,BUF
REGULAR_SEASON,65.0,17,65.7,,,,PIT_S_01,S,1,,,60.4,,2029,912,,62.0,BUF
REGULAR_SEASON,47.2,14,49.4,,,,P100881_S,S,1,,,58.1,,2029,722,,56.2,BUF
REGULAR_SEASON,,17,76.3,,,,DEN_K_01,K,1,,,,,2029,102,65.7,,BUF
REGULAR_SEASON,,17,78.9,,,,PHI_P_01,P,1,,,,,2029,85,74.2,,BUF
REGULAR_SEASON,,16,75.2,,,69.5,CIN_QB_02,QB,1,,,,68.4,2029,1027,,,KC
REGULAR_SEASON,,13,76.0,73.3,,,KC_RB_01,RB,1,78.3,,,72.4,2029,444,,,KC
REGULAR_SEASON,,17,74.0,,,,KC_WR_03,WR,1,72.2,71.7,,,2029,748,,,KC
REGULAR_SEASON,,17,81.9,,,,LAC_WR_07,WR,1,74.7,74.2,,,2029,734,,,KC
REGULAR_SEASON,,15,67.7,,,,P100160_WR,WR,1,72.0,67.1,,,2029,663,,,KC
REGULAR_SEASON,,10,52.2,,,,P100260_WR,WR,1,61.3,61.7,,,2029,446,,,KC
REGULAR_SEASON,,14,72.1,66.8,,,KC_TE_01,TE,1,71.0,68.8,,,2029,540,,,KC
REGULAR_SEASON,,17,68.6,68.0,,,P100186_TE,TE,1,61.1,69.2,,,2029,660,,,KC
REGULAR_SEASON,,15,49.4,56.9,,,MIA_OT_01,OT,1,,54.6,,,2029,974,,,KC
REGULAR_SEASON,,16,68.1,66.7,,,NYG_OT_04,OT,1,,61.7,,,2029,1036,,,KC
REGULAR_SEASON,,1,49.7,56.8,,,P100312_OG,OG,0,,46.7,,,2029,69,,,KC
REGULAR_SEASON,,9,58.9,62.6,,,P100528_OG,OG,1,,58.2,,,2029,575,,,KC
REGULAR_SEASON,,17,52.3,62.0,,,CHI_C_01,C,1,,59.8,,,2029,1114,,,KC
REGULAR_SEASON,,9,68.1,,66.9,,CLE_EDGE_02,EDGE,1,,,67.5,,2029,403,,62.9,KC
REGULAR_SEASON,,12,51.5,,58.5,,TEN_EDGE_01,EDGE,1,,,54.8,,2029,546,,54.1,KC
REGULAR_SEASON,,17,52.6,,52.5,,P100304_EDGE,EDGE,1,,,58.5,,2029,740,,54.4,KC
REGULAR_SEASON,,17,37.1,,45.9,,P100602_EDGE,EDGE,1,,,47.4,,2029,734,,43.5,KC
REGULAR_SEASON,,16,82.1,,73.4,,KC_DT_02,DT,1,,,73.9,,2029,591,,80.6,KC
REGULAR_SEASON,,17,57.6,,63.5,,CIN_DT_04,DT,1,,,53.6,,2029,647,,55.4,KC
REGULAR_SEASON,,15,69.6,,65.6,,ARI_DT_02,DT,1,,,73.8,,2029,586,,69.0,KC
REGULAR_SEASON,49.4,13,44.3,,40.4,,IND_LB_01,LB,1,,,49.7,,2029,587,,46.1,KC
REGULAR_SEASON,72.6,17,74.0,,69.3,,P100781_LB,LB,1,,,70.1,,2029,803,,72.3,KC
REGULAR_SEASON,59.5,17,58.6,,63.1,,P100726_LB,LB,1,,,61.7,,2029,736,,59.9,KC
REGULAR_SEASON,73.7,1,89.6,,,,P100292_CB,CB,0,,,96.2,,2029,52,,79.2,KC
REGULAR_SEASON,57.1,14,63.5,,,,P100846_CB,CB,1,,,59.1,,2029,704,,68.1,KC
REGULAR_SEASON,55.8,17,59.3,,,,DAL_CB_04,CB,1,,,63.2,,2029,820,,61.6,KC
REGULAR_SEASON,64.6,17,61.2,,,,LAR_CB_11,CB,1,,,59.5,,2029,839,,59.8,KC
REGULAR_SEASON,70.4,17,70.1,,,,ATL_S_04,S,1,,,58.4,,2029,862,,67.1,KC
REGULAR_SEASON,71.3,17,65.9,,,,WAS_S_02,S,1,,,67.1,,2029,893,,67.0,KC
REGULAR_SEASON,68.0,16,77.7,,,,ARI_S_04,S,1,,,75.6,,2029,807,,78.4,KC
REGULAR_SEASON,,17,71.0,,,,KC_K_01,K,1,,,,,2029,102,71.0,,KC
REGULAR_SEASON,,4,52.7,,,,BAL_P_02,P,0,,,,,2029,20,60.6,,KC
REGULAR_SEASON,,16,67.9,65.1,,,DET_OG_03,OG,1,,67.5,,,2029,1054,,,LV
REGULAR_SEASON,,11,67.9,,,65.6,TEN_QB_02,QB,1,,,,63.7,2029,687,,,NYG
REGULAR_SEASON,,13,86.8,81.0,,,P100534_RB,RB,1,79.0,,,80.0,2029,379,,,NYG
REGULAR_SEASON,,17,67.5,65.5,,,P100511_RB,RB,1,66.1,,,68.8,2029,319,,,NYG
REGULAR_SEASON,,5,51.6,46.0,,,P100334_RB,RB,0,49.0,,,49.4,2029,77,,,NYG
REGULAR_SEASON,,7,83.1,,,,LV_WR_02,WR,0,82.1,86.6,,,2029,305,,,NYG
REGULAR_SEASON,,17,83.9,,,,MIN_WR_04,WR,1,77.9,79.3,,,2029,749,,,NYG
REGULAR_SEASON,,17,73.7,,,,DET_WR_04,WR,1,71.7,71.1,,,2029,746,,,NYG
REGULAR_SEASON,,17,60.2,,,,SF_WR_05,WR,1,68.6,63.3,,,2029,724,,,NYG
REGULAR_SEASON,,17,67.8,62.5,,,KC_TE_02,TE,1,66.6,62.5,,,2029,679,,,NYG
REGULAR_SEASON,,1,81.3,86.8,,,P100833_TE,TE,0,56.3,96.6,,,2029,39,,,NYG
REGULAR_SEASON,,17,62.5,63.6,,,NYG_OT_02,OT,1,,66.1,,,2029,1118,,,NYG
REGULAR_SEASON,,1,56.7,50.5,,,P100819_OT,OT,0,,75.1,,,2029,72,,,NYG
REGULAR_SEASON,,17,86.9,87.1,,,PHI_OG_02,OG,1,,78.7,,,2029,1103,,,NYG
REGULAR_SEASON,,17,61.1,59.6,,,PHI_C_01,C,1,,62.9,,,2029,1148,,,NYG
REGULAR_SEASON,,17,83.1,,77.2,,IND_EDGE_04,EDGE,1,,,70.3,,2029,777,,77.9,NYG
REGULAR_SEASON,,17,46.1,,50.4,,NYG_EDGE_02,EDGE,1,,,46.4,,2029,711,,49.7,NYG
REGULAR_SEASON,,14,58.7,,59.5,,DEN_EDGE_03,EDGE,1,,,64.4,,2029,619,,69.2,NYG
REGULAR_SEASON,,13,69.8,,70.1,,NYG_DT_04,DT,1,,,66.4,,2029,498,,73.7,NYG
REGULAR_SEASON,,17,69.3,,63.0,,PIT_DT_05,DT,1,,,70.5,,2029,631,,68.6,NYG
REGULAR_SEASON,,17,71.2,,72.8,,NE_DT_04,DT,1,,,64.5,,2029,656,,65.2,NYG
REGULAR_SEASON,63.3,17,69.1,,58.8,,PIT_LB_02,LB,1,,,67.1,,2029,760,,66.0,NYG
REGULAR_SEASON,66.8,13,61.0,,61.0,,CHI_LB_04,LB,1,,,57.1,,2029,604,,62.7,NYG
REGULAR_SEASON,63.1,16,67.8,,68.8,,DEN_LB_02,LB,1,,,69.8,,2029,753,,64.7,NYG
REGULAR_SEASON,59.1,17,64.1,,,,P100731_CB,CB,1,,,67.3,,2029,827,,63.6,NYG
REGULAR_SEASON,65.3,15,65.0,,,,JAX_CB_01,CB,1,,,69.2,,2029,759,,63.0,NYG
REGULAR_SEASON,67.8,17,61.7,,,,P100638_CB,CB,1,,,63.3,,2029,817,,64.8,NYG
REGULAR_SEASON,72.3,17,71.3,,,,IND_CB_09,CB,1,,,65.0,,2029,830,,56.2,NYG
REGULAR_SEASON,56.2,17,56.9,,,,JAX_S_03,S,1,,,59.8,,2029,872,,55.5,NYG
REGULAR_SEASON,53.8,2,61.9,,,,P100065_S,S,0,,,61.9,,2029,93,,60.3,NYG
REGULAR_SEASON,52.5,2,51.9,,,,SEA_S_06,S,0,,,60.8,,2029,95,,47.3,NYG
REGULAR_SEASON,,17,52.7,,,,BUF_K_01,K,1,,,,,2029,102,51.6,,NYG
REGULAR_SEASON,,14,52.6,,,,P100226_P,P,1,,,,,2029,70,51.2,,NYG
REGULAR_SEASON,,17,71.6,,,67.9,PHI_QB_01,QB,1,,,,70.1,2029,1073,,,PHI
REGULAR_SEASON,,17,69.0,64.9,,,CLE_RB_03,RB,1,66.7,,,68.9,2029,473,,,PHI
REGULAR_SEASON,,17,59.1,61.4,,,P100058_RB,RB,1,56.7,,,62.0,2029,267,,,PHI
REGULAR_SEASON,,17,78.3,,,,PIT_WR_02,WR,1,74.5,76.6,,,2029,764,,,PHI
REGULAR_SEASON,,13,74.2,,,,DET_WR_02,WR,1,63.7,72.0,,,2029,585,,,PHI
REGULAR_SEASON,,17,84.5,,,,P100615_WR,WR,1,79.6,77.5,,,2029,722,,,PHI
REGULAR_SEASON,,15,67.4,,,,BAL_WR_03,WR,1,67.5,69.3,,,2029,636,,,PHI
REGULAR_SEASON,,11,61.4,60.9,,,SEA_TE_01,TE,1,56.9,61.1,,,2029,436,,,PHI
REGULAR_SEASON,,12,68.5,67.3,,,PIT_TE_02,TE,1,62.1,63.7,,,2029,466,,,PHI
REGULAR_SEASON,,1,90.6,81.3,,,ATL_OT_01,OT,0,,82.5,,,2029,61,,,PHI
REGULAR_SEASON,,7,77.1,62.1,,,P100587_OT,OT,0,,80.3,,,2029,464,,,PHI
REGULAR_SEASON,,15,67.2,68.8,,,SEA_OG_01,OG,1,,63.9,,,2029,991,,,PHI
REGULAR_SEASON,,17,81.1,75.5,,,LV_OG_03,OG,1,,77.3,,,2029,1106,,,PHI
REGULAR_SEASON,,17,83.2,77.7,,,CAR_C_01,C,1,,74.3,,,2029,1116,,,PHI
REGULAR_SEASON,,17,66.5,,68.1,,BUF_EDGE_01,EDGE,1,,,65.5,,2029,744,,67.9,PHI
REGULAR_SEASON,,17,69.6,,68.7,,PHI_EDGE_01,EDGE,1,,,63.0,,2029,728,,64.0,PHI
REGULAR_SEASON,,17,56.9,,57.0,,GB_EDGE_04,EDGE,1,,,55.7,,2029,742,,55.6,PHI
REGULAR_SEASON,,17,65.8,,64.2,,P100214_EDGE,EDGE,1,,,69.7,,2029,752,,61.7,PHI
REGULAR_SEASON,,15,66.7,,69.1,,DET_DT_01,DT,1,,,67.8,,2029,563,,61.6,PHI
REGULAR_SEASON,,17,73.7,,75.1,,CHI_DT_01,DT,1,,,74.6,,2029,626,,69.2,PHI
REGULAR_SEASON,,12,72.0,,69.5,,NYJ_DT_05,DT,1,,,76.7,,2029,457,,74.1,PHI
REGULAR_SEASON,74.8,17,81.7,,83.2,,JAX_LB_01,LB,1,,,75.9,,2029,809,,74.9,PHI
REGULAR_SEASON,57.6,17,56.7,,66.6,,PHI_LB_03,LB,1,,,56.9,,2029,758,,55.0,PHI
REGULAR_SEASON,78.3,10,85.9,,,,HOU_CB_03,CB,1,,,79.0,,2029,505,,84.7,PHI
REGULAR_SEASON,64.0,14,60.7,,,,WAS_CB_08,CB,1,,,57.7,,2029,706,,64.0,PHI
REGULAR_SEASON,47.8,17,48.0,,,,NO_CB_04,CB,1,,,57.9,,2029,812,,48.1,PHI
REGULAR_SEASON,52.3,17,49.6,,,,P100249_CB,CB,1,,,48.6,,2029,856,,53.2,PHI
REGULAR_SEASON,67.2,17,69.6,,,,CAR_S_01,S,1,,,70.6,,2029,893,,68.7,PHI
REGULAR_SEASON,60.9,17,58.2,,,,NYJ_S_04,S,1,,,59.5,,2029,907,,55.1,PHI
REGULAR_SEASON,68.2,17,69.5,,,,P100342_S,S,1,,,60.7,,2029,853,,68.0,PHI
REGULAR_SEASON,,17,65.5,,,,P100078_K,K,1,,,,,2029,102,59.1,,PHI
REGULAR_SEASON,,15,69.1,,,,DEN_P_01,P,1,,,,,2029,75,69.8,,PHI
REGULAR_SEASON,,17,65.6,,,66.3,P100863_QB,QB,1,,,,63.0,2029,1064,,,WAS
REGULAR_SEASON,,17,72.1,69.9,,,WAS_RB_02,RB,1,67.2,,,68.2,2029,546,,,WAS
REGULAR_SEASON,,17,50.7,54.4,,,P100168_RB,RB,1,53.9,,,56.5,2029,389,,,WAS
REGULAR_SEASON,,17,60.6,,,,WAS_WR_02,WR,1,58.8,61.3,,,2029,706,,,WAS
REGULAR_SEASON,,14,75.5,,,,DAL_WR_01,WR,1,70.8,64.1,,,2029,601,,,WAS
REGULAR_SEASON,,17,64.0,,,,PIT_WR_06,WR,1,65.0,64.4,,,2029,727,,,WAS
REGULAR_SEASON,,17,75.6,,,,CHI_WR_07,WR,1,72.6,69.0,,,2029,732,,,WAS
REGULAR_SEASON,,17,71.0,65.9,,,P100349_TE,TE,1,68.3,68.8,,,2029,645,,,WAS
REGULAR_SEASON,,17,50.8,58.7,,,CIN_TE_03,TE,1,57.7,57.9,,,2029,680,,,WAS
REGULAR_SEASON,,16,54.1,58.8,,,WAS_OT_02,OT,1,,59.9,,,2029,1056,,,WAS
REGULAR_SEASON,,17,57.0,59.4,,,ATL_OT_05,OT,1,,63.9,,,2029,1114,,,WAS
REGULAR_SEASON,,17,53.6,53.9,,,P100503_OG,OG,1,,54.5,,,2029,1097,,,WAS
REGULAR_SEASON,,16,59.4,60.9,,,P100381_OG,OG,1,,47.9,,,2029,1054,,,WAS
REGULAR_SEASON,,17,84.8,77.9,,,NO_C_01,C,1,,82.4,,,2029,1119,,,WAS
REGULAR_SEASON,,17,62.4,,61.8,,P100021_EDGE,EDGE,1,,,59.9,,2029,751,,70.2,WAS
REGULAR_SEASON,,17,82.5,,71.7,,P100191_EDGE,EDGE,1,,,75.8,,2029,724,,74.8,WAS
REGULAR_SEASON,,17,70.3,,65.3,,WAS_EDGE_03,EDGE,1,,,72.4,,2029,750,,66.5,WAS
REGULAR_SEASON,,17,51.9,,47.3,,DEN_EDGE_04,EDGE,1,,,56.4,,2029,726,,55.1,WAS
REGULAR_SEASON,,15,78.4,,72.9,,WAS_DT_02,DT,1,,,73.9,,2029,549,,73.4,WAS
REGULAR_SEASON,,12,60.2,,63.1,,P100816_DT,DT,1,,,60.2,,2029,456,,60.3,WAS
REGULAR_SEASON,,8,57.2,,62.4,,P100228_DT,DT,0,,,59.9,,2029,280,,56.8,WAS
REGULAR_SEASON,58.3,17,57.3,,58.3,,P100867_LB,LB,1,,,59.4,,2029,790,,57.3,WAS
REGULAR_SEASON,51.5,9,54.1,,56.5,,P100768_LB,LB,1,,,52.1,,2029,405,,52.7,WAS
REGULAR_SEASON,77.9,17,82.0,,,,P100426_CB,CB,1,,,79.7,,2029,838,,77.5,WAS
REGULAR_SEASON,65.0,12,67.7,,,,WAS_CB_01,CB,1,,,65.6,,2029,584,,62.3,WAS
REGULAR_SEASON,65.5,17,77.0,,,,ARI_CB_03,CB,1,,,77.6,,2029,841,,77.1,WAS
REGULAR_SEASON,64.5,17,65.3,,,,FA_CB_029,CB,1,,,60.9,,2029,866,,68.2,WAS
REGULAR_SEASON,67.1,17,66.6,,,,LAR_S_02,S,1,,,60.5,,2029,888,,69.8,WAS
REGULAR_SEASON,57.8,17,56.4,,,,P100109_S,S,1,,,57.4,,2029,910,,57.0,WAS
REGULAR_SEASON,62.9,17,61.9,,,,P100352_S,S,1,,,60.4,,2029,863,,61.7,WAS
REGULAR_SEASON,,17,68.9,,,,PIT_K_02,K,1,,,,,2029,102,67.5,,WAS
REGULAR_SEASON,,17,65.5,,,,LAR_P_01,P,1,,,,,2029,85,63.8,,WAS
REGULAR_SEASON,,13,64.8,,,,P100653_WR,WR,1,66.0,65.1,,,2029,571,,,CHI
REGULAR_SEASON,,15,54.8,52.7,,,CAR_OT_05,OT,1,,59.1,,,2029,974,,,CHI
REGULAR_SEASON,,9,66.2,66.7,,,DET_OT_01,OT,1,,64.8,,,2029,601,,,CAR
REGULAR_SEASON,61.0,9,70.4,,,,P100723_CB,CB,1,,,70.3,,2029,440,,65.8,CAR
REGULAR_SEASON,70.9,4,65.7,,,,P100648_CB,CB,0,,,75.6,,2029,198,,67.2,CAR
REGULAR_SEASON,63.8,11,65.4,,,,KC_S_04,S,1,,,61.5,,2029,571,,64.6,CAR
REGULAR_SEASON,,15,70.9,,,72.0,WAS_QB_01,QB,1,,,,68.9,2029,967,,,MIN
REGULAR_SEASON,,17,61.5,55.4,,,P100007_RB,RB,1,61.4,,,62.9,2029,708,,,MIN
REGULAR_SEASON,,17,72.1,,,,MIN_WR_02,WR,1,75.4,68.5,,,2029,729,,,MIN
REGULAR_SEASON,,16,62.5,,,,P100722_WR,WR,1,63.1,59.9,,,2029,701,,,MIN
REGULAR_SEASON,,9,70.2,,,,MIN_WR_05,WR,1,67.8,67.9,,,2029,378,,,MIN
REGULAR_SEASON,,11,67.0,,,,LV_WR_07,WR,1,69.2,59.0,,,2029,495,,,MIN
REGULAR_SEASON,,13,67.8,64.9,,,NO_TE_03,TE,1,72.7,64.4,,,2029,538,,,MIN
REGULAR_SEASON,,17,71.0,68.4,,,ARI_TE_01,TE,1,70.7,65.6,,,2029,661,,,MIN
REGULAR_SEASON,,17,84.2,76.5,,,MIN_OT_01,OT,1,,82.5,,,2029,1125,,,MIN
REGULAR_SEASON,,16,61.7,60.9,,,PHI_OT_01,OT,1,,70.7,,,2029,1059,,,MIN
REGULAR_SEASON,,17,74.0,68.9,,,MIN_OG_01,OG,1,,76.2,,,2029,1127,,,MIN
REGULAR_SEASON,,4,60.2,54.8,,,P100388_OG,OG,0,,53.5,,,2029,266,,,MIN
REGULAR_SEASON,,15,63.7,61.4,,,P100394_C,C,1,,71.8,,,2029,973,,,MIN
REGULAR_SEASON,,17,75.5,,72.1,,P100814_EDGE,EDGE,1,,,70.5,,2029,750,,75.9,MIN
REGULAR_SEASON,,17,65.8,,69.2,,NYJ_EDGE_02,EDGE,1,,,65.5,,2029,759,,70.3,MIN
REGULAR_SEASON,,17,62.9,,64.1,,P100346_EDGE,EDGE,1,,,55.5,,2029,739,,58.5,MIN
REGULAR_SEASON,,17,54.9,,50.4,,FA_EDGE_182,EDGE,1,,,57.4,,2029,755,,55.9,MIN
REGULAR_SEASON,,17,70.9,,68.8,,MIN_DT_01,DT,1,,,71.1,,2029,651,,69.6,MIN
REGULAR_SEASON,,17,83.9,,82.2,,MIN_DT_02,DT,1,,,76.6,,2029,645,,73.2,MIN
REGULAR_SEASON,,17,75.0,,74.8,,PIT_DT_01,DT,1,,,65.9,,2029,657,,68.0,MIN
REGULAR_SEASON,64.9,17,59.6,,63.8,,FA_LB_159,LB,1,,,66.3,,2029,792,,66.5,MIN
REGULAR_SEASON,58.4,13,67.0,,64.1,,BUF_LB_02,LB,1,,,66.0,,2029,597,,73.2,MIN
REGULAR_SEASON,66.0,16,66.7,,67.5,,MIN_LB_08,LB,1,,,66.8,,2029,725,,66.2,MIN
REGULAR_SEASON,73.6,16,73.9,,,,LAC_CB_03,CB,1,,,69.5,,2029,768,,66.9,MIN
REGULAR_SEASON,68.6,17,67.5,,,,LV_CB_04,CB,1,,,62.4,,2029,853,,66.2,MIN
REGULAR_SEASON,54.6,14,48.6,,,,ARI_CB_06,CB,1,,,51.2,,2029,685,,54.0,MIN
REGULAR_SEASON,88.4,17,91.7,,,,TB_S_01,S,1,,,85.2,,2029,853,,81.2,MIN
REGULAR_SEASON,67.4,17,77.0,,,,DET_S_02,S,1,,,79.1,,2029,880,,71.1,MIN
REGULAR_SEASON,62.1,17,59.9,,,,ATL_S_01,S,1,,,59.5,,2029,867,,69.1,MIN
REGULAR_SEASON,,17,74.7,,,,MIN_P_01,P,1,,,,,2029,85,72.2,,MIN
REGULAR_SEASON,,16,66.8,68.6,,,P100060_OG,OG,1,,65.4,,,2029,1058,,,MIA
REGULAR_SEASON,66.4,16,71.2,,,,CHI_S_04,S,1,,,65.4,,2029,830,,70.1,MIA
REGULAR_SEASON,,1,79.3,87.1,,,P100235_RB,RB,0,78.7,,,64.8,2029,19,,,BUF
REGULAR_SEASON,,13,66.6,,68.0,,BUF_EDGE_02,EDGE,1,,,72.7,,2029,519,,62.2,TEN
REGULAR_SEASON,77.6,15,84.1,,79.1,,JAX_LB_02,LB,1,,,80.1,,2029,663,,77.4,IND
REGULAR_SEASON,,7,68.4,,,,KC_P_01,P,1,,,,,2029,35,68.7,,IND
REGULAR_SEASON,,16,84.0,,,,SF_WR_03,WR,1,78.8,79.3,,,2029,698,,,LAC
REGULAR_SEASON,81.6,10,85.5,,,,GB_CB_06,CB,1,,,73.7,,2029,491,,86.1,LV
REGULAR_SEASON,66.9,13,64.9,,,,ARI_CB_04,CB,1,,,64.4,,2029,642,,64.1,DET
REGULAR_SEASON,,15,67.8,62.1,,,DAL_OT_01,OT,1,,73.1,,,2029,977,,,GB
REGULAR_SEASON,,15,78.3,73.4,,,JAX_OG_02,OG,1,,77.6,,,2029,997,,,GB
REGULAR_SEASON,,14,70.0,73.1,,,KC_C_02,C,1,,68.0,,,2029,927,,,LAR
REGULAR_SEASON,,17,74.2,,,70.4,SF_QB_02,QB,1,,,,75.5,2029,1076,,,SF
REGULAR_SEASON,,17,65.7,63.2,,,PHI_RB_01,RB,1,64.6,,,62.1,2029,685,,,SF
REGULAR_SEASON,,17,79.1,,,,DEN_WR_02,WR,1,77.8,73.2,,,2029,707,,,SF
REGULAR_SEASON,,17,77.1,,,,SEA_WR_01,WR,1,72.2,75.0,,,2029,735,,,SF
REGULAR_SEASON,,17,76.2,,,,NO_WR_01,WR,1,75.4,70.5,,,2029,721,,,SF
REGULAR_SEASON,,14,65.8,,,,CIN_WR_02,WR,1,66.9,65.2,,,2029,602,,,SF
REGULAR_SEASON,,17,56.7,55.1,,,TEN_TE_01,TE,1,55.2,64.2,,,2029,670,,,SF
REGULAR_SEASON,,17,72.2,69.5,,,TB_TE_01,TE,1,75.5,74.2,,,2029,673,,,SF
REGULAR_SEASON,,17,71.9,69.5,,,SF_OT_01,OT,1,,73.7,,,2029,1130,,,SF
REGULAR_SEASON,,7,73.8,74.6,,,SF_OT_02,OT,0,,75.0,,,2029,470,,,SF
REGULAR_SEASON,,17,74.4,70.6,,,SF_OG_02,OG,1,,74.2,,,2029,1102,,,SF
REGULAR_SEASON,,17,63.5,61.2,,,KC_OG_02,OG,1,,61.7,,,2029,1147,,,SF
REGULAR_SEASON,,17,72.8,69.1,,,LAR_C_01,C,1,,74.7,,,2029,1103,,,SF
REGULAR_SEASON,,17,67.7,,68.1,,CIN_EDGE_04,EDGE,1,,,67.1,,2029,741,,68.2,SF
REGULAR_SEASON,,17,61.9,,64.8,,TEN_EDGE_04,EDGE,1,,,64.3,,2029,755,,68.7,SF
REGULAR_SEASON,,16,60.0,,62.8,,NYG_EDGE_01,EDGE,1,,,56.9,,2029,713,,54.0,SF
REGULAR_SEASON,,17,58.6,,56.7,,HOU_EDGE_02,EDGE,1,,,58.4,,2029,722,,56.5,SF
REGULAR_SEASON,,17,80.9,,80.8,,CHI_DT_02,DT,1,,,76.0,,2029,659,,77.8,SF
REGULAR_SEASON,,17,72.3,,68.8,,P100246_DT,DT,1,,,73.6,,2029,637,,70.7,SF
REGULAR_SEASON,,17,71.0,,72.1,,LAR_DT_06,DT,1,,,68.8,,2029,663,,73.3,SF
REGULAR_SEASON,68.8,17,79.9,,76.3,,SF_LB_02,LB,1,,,73.5,,2029,771,,72.7,SF
REGULAR_SEASON,70.5,8,68.5,,64.9,,DAL_LB_02,LB,1,,,68.6,,2029,382,,65.6,SF
REGULAR_SEASON,65.0,17,64.2,,65.4,,MIA_LB_05,LB,1,,,58.0,,2029,745,,66.4,SF
REGULAR_SEASON,59.8,17,62.6,,,,MIN_CB_05,CB,1,,,65.2,,2029,839,,59.5,SF
REGULAR_SEASON,63.9,17,62.5,,,,NE_CB_04,CB,1,,,67.2,,2029,844,,63.7,SF
REGULAR_SEASON,62.4,17,64.9,,,,MIN_CB_04,CB,1,,,61.5,,2029,831,,65.6,SF
REGULAR_SEASON,68.6,13,71.8,,,,P100068_CB,CB,1,,,68.5,,2029,651,,74.0,SF
REGULAR_SEASON,61.2,17,64.1,,,,TB_S_02,S,1,,,65.6,,2029,852,,59.4,SF
REGULAR_SEASON,56.1,16,52.6,,,,NO_S_04,S,1,,,63.6,,2029,810,,64.7,SF
REGULAR_SEASON,77.1,17,77.2,,,,TEN_S_04,S,1,,,72.3,,2029,877,,72.9,SF
REGULAR_SEASON,,17,71.8,,,,P100794_K,K,1,,,,,2029,102,62.6,,SF
REGULAR_SEASON,,17,74.9,,,,WAS_P_01,P,1,,,,,2029,85,75.6,,SF
REGULAR_SEASON,,16,82.6,,84.5,,MIA_DT_02,DT,1,,,82.2,,2029,587,,83.6,TB
REGULAR_SEASON,64.9,4,66.8,,,,ATL_CB_04,CB,0,,,76.6,,2029,191,,70.8,TB
REGULAR_SEASON,,16,65.9,,,,DAL_WR_02,WR,1,71.1,59.4,,,2029,724,,,DAL
REGULAR_SEASON,67.2,9,61.7,,,,P100057_S,S,1,,,65.0,,2029,475,,61.1,DAL
REGULAR_SEASON,,8,73.3,,72.4,,P100135_DT,DT,0,,,70.2,,2029,284,,75.8,PIT
REGULAR_SEASON,62.8,16,66.4,,66.6,,GB_LB_05,LB,1,,,66.1,,2029,704,,62.9,CLE
REGULAR_SEASON,,16,60.9,,,,CLE_K_01,K,1,,,,,2029,96,57.8,,CLE
REGULAR_SEASON,,16,54.8,,,,TEN_P_01,P,1,,,,,2029,80,58.6,,CLE
REGULAR_SEASON,,16,83.2,,75.6,,CAR_DT_02,DT,1,,,77.6,,2029,608,,78.9,WAS
REGULAR_SEASON,,11,67.4,,,,DEN_P_02,P,1,,,,,2029,55,70.3,,JAX
REGULAR_SEASON,,12,70.5,74.1,,,NO_TE_01,TE,1,65.0,73.4,,,2029,490,,,CHI
REGULAR_SEASON,,8,57.8,53.4,,,KC_OT_04,OT,1,,57.5,,,2029,512,,,BUF
REGULAR_SEASON,,10,50.1,50.1,,,P100458_OG,OG,1,,49.1,,,2029,639,,,BUF
REGULAR_SEASON,73.6,15,80.6,,,,P100659_CB,CB,1,,,72.0,,2029,760,,71.1,BUF
REGULAR_SEASON,,8,61.7,,,,P100301_WR,WR,1,59.6,64.3,,,2029,363,,,NE
REGULAR_SEASON,,15,61.2,58.6,,,CLE_C_02,C,1,,67.2,,,2029,993,,,NE
REGULAR_SEASON,27.4,4,28.6,,,,P100796_S,S,0,,,37.4,,2029,208,,38.0,NE
REGULAR_SEASON,,15,81.1,,77.3,,NYJ_EDGE_04,EDGE,1,,,76.0,,2029,624,,74.2,NYJ
REGULAR_SEASON,,8,81.2,,82.3,,PIT_EDGE_03,EDGE,1,,,67.5,,2029,340,,79.8,NYJ
REGULAR_SEASON,71.8,16,63.4,,,,P100592_S,S,1,,,66.6,,2029,814,,60.8,NYJ
REGULAR_SEASON,,4,66.2,,,,CAR_WR_02,WR,0,66.6,67.1,,,2029,169,,,MIA
REGULAR_SEASON,,17,83.0,,,82.0,IND_QB_01,QB,1,,,,83.0,2029,1067,,,BAL
REGULAR_SEASON,,17,44.9,51.6,,,P100371_RB,RB,1,43.5,,,45.4,2029,546,,,BAL
REGULAR_SEASON,,14,47.8,49.8,,,IND_RB_03,RB,1,55.7,,,45.3,2029,306,,,BAL
REGULAR_SEASON,,17,72.0,,,,ATL_WR_01,WR,1,71.1,64.2,,,2029,744,,,BAL
REGULAR_SEASON,,17,71.7,,,,P100643_WR,WR,1,67.3,69.5,,,2029,766,,,BAL
REGULAR_SEASON,,14,65.8,,,,BAL_WR_05,WR,1,68.7,64.8,,,2029,595,,,BAL
REGULAR_SEASON,,17,69.1,,,,BAL_WR_04,WR,1,69.9,67.9,,,2029,752,,,BAL
REGULAR_SEASON,,17,59.9,55.7,,,MIA_TE_03,TE,1,62.3,51.5,,,2029,678,,,BAL
REGULAR_SEASON,,17,42.3,49.9,,,P100849_TE,TE,1,48.0,46.5,,,2029,690,,,BAL
REGULAR_SEASON,,17,71.1,63.6,,,P100241_OT,OT,1,,63.1,,,2029,1127,,,BAL
REGULAR_SEASON,,17,68.0,63.3,,,P100242_OT,OT,1,,69.3,,,2029,1077,,,BAL
REGULAR_SEASON,,15,95.9,90.8,,,PIT_OG_02,OG,1,,88.3,,,2029,988,,,BAL
REGULAR_SEASON,,4,55.5,55.7,,,P100715_OG,OG,0,,57.4,,,2029,276,,,BAL
REGULAR_SEASON,,17,66.2,65.4,,,CIN_C_02,C,1,,62.2,,,2029,1129,,,BAL
REGULAR_SEASON,,17,70.2,,67.8,,BAL_EDGE_01,EDGE,1,,,67.6,,2029,762,,66.5,BAL
REGULAR_SEASON,,17,57.4,,61.1,,P100314_EDGE,EDGE,1,,,63.1,,2029,771,,59.5,BAL
REGULAR_SEASON,,17,69.7,,64.4,,BUF_EDGE_05,EDGE,1,,,68.3,,2029,781,,64.4,BAL
REGULAR_SEASON,,17,61.6,,60.2,,P100480_EDGE,EDGE,1,,,59.7,,2029,734,,63.3,BAL
REGULAR_SEASON,,15,77.3,,73.9,,SEA_DT_01,DT,1,,,78.2,,2029,554,,77.6,BAL
REGULAR_SEASON,,17,53.7,,62.0,,P100056_DT,DT,1,,,55.2,,2029,634,,61.8,BAL
REGULAR_SEASON,,3,53.1,,53.9,,BAL_DT_03,DT,0,,,59.7,,2029,120,,62.9,BAL
REGULAR_SEASON,60.9,17,62.3,,61.1,,WAS_LB_04,LB,1,,,65.6,,2029,755,,65.6,BAL
REGULAR_SEASON,56.4,17,56.8,,57.0,,NE_LB_03,LB,1,,,62.3,,2029,765,,61.1,BAL
REGULAR_SEASON,62.5,17,70.1,,67.6,,DET_LB_06,LB,1,,,69.8,,2029,780,,67.2,BAL
REGULAR_SEASON,83.9,16,88.4,,,,CIN_CB_03,CB,1,,,80.2,,2029,816,,80.6,BAL
REGULAR_SEASON,73.0,17,77.3,,,,BAL_CB_03,CB,1,,,77.0,,2029,866,,71.1,BAL
REGULAR_SEASON,51.8,15,52.6,,,,MIA_CB_01,CB,1,,,53.8,,2029,745,,57.2,BAL
REGULAR_SEASON,53.7,3,48.5,,,,P100751_CB,CB,0,,,57.2,,2029,147,,49.0,BAL
REGULAR_SEASON,82.3,6,86.7,,,,JAX_S_02,S,0,,,77.4,,2029,317,,66.9,BAL
REGULAR_SEASON,55.7,17,54.2,,,,P100243_S,S,1,,,59.8,,2029,889,,53.3,BAL
REGULAR_SEASON,64.1,17,65.4,,,,P100198_S,S,1,,,66.9,,2029,882,,67.4,BAL
REGULAR_SEASON,,17,76.3,,,,SF_K_01,K,1,,,,,2029,102,68.5,,BAL
REGULAR_SEASON,,17,52.6,,,,JAX_P_02,P,1,,,,,2029,85,58.7,,BAL
REGULAR_SEASON,,17,79.9,,,76.6,P100496_QB,QB,1,,,,78.9,2029,1082,,,CIN
REGULAR_SEASON,,11,64.6,70.9,,,NO_RB_02,RB,1,53.3,,,60.1,2029,449,,,CIN
REGULAR_SEASON,,17,73.3,,,,CIN_WR_04,WR,1,70.7,75.0,,,2029,729,,,CIN
REGULAR_SEASON,,13,61.1,,,,CIN_WR_03,WR,1,61.2,64.1,,,2029,570,,,CIN
REGULAR_SEASON,,17,70.2,65.8,,,GB_TE_03,TE,1,66.1,65.5,,,2029,671,,,CIN
REGULAR_SEASON,,2,67.5,83.6,,,P100472_TE,TE,0,72.6,68.8,,,2029,80,,,CIN
REGULAR_SEASON,,17,55.9,57.2,,,CIN_OT_02,OT,1,,61.3,,,2029,1141,,,CIN
REGULAR_SEASON,,2,62.3,56.6,,,P100660_OT,OT,0,,63.6,,,2029,124,,,CIN
REGULAR_SEASON,,11,88.5,82.5,,,TEN_OG_01,OG,1,,88.8,,,2029,714,,,CIN
REGULAR_SEASON,,11,70.1,60.1,,,CIN_OG_02,OG,1,,70.4,,,2029,700,,,CIN
REGULAR_SEASON,,17,70.6,68.0,,,BAL_C_01,C,1,,69.4,,,2029,1099,,,CIN
REGULAR_SEASON,,8,76.0,,75.7,,ATL_EDGE_01,EDGE,1,,,70.9,,2029,347,,72.5,CIN
REGULAR_SEASON,,17,53.4,,56.8,,LV_EDGE_02,EDGE,1,,,52.3,,2029,749,,55.4,CIN
REGULAR_SEASON,,12,48.0,,57.0,,P100663_EDGE,EDGE,1,,,57.0,,2029,521,,52.5,CIN
REGULAR_SEASON,,17,69.7,,63.4,,DEN_DT_01,DT,1,,,70.0,,2029,642,,67.4,CIN
REGULAR_SEASON,,17,40.5,,44.9,,P100475_DT,DT,1,,,42.1,,2029,631,,41.4,CIN
REGULAR_SEASON,,17,65.9,,58.8,,CIN_DT_03,DT,1,,,57.7,,2029,611,,62.0,CIN
REGULAR_SEASON,73.0,17,76.2,,72.8,,SEA_LB_02,LB,1,,,73.3,,2029,763,,71.1,CIN
REGULAR_SEASON,72.6,17,76.0,,75.4,,SF_LB_01,LB,1,,,69.2,,2029,741,,76.8,CIN
REGULAR_SEASON,63.2,17,60.2,,59.5,,ATL_LB_02,LB,1,,,58.5,,2029,766,,65.6,CIN
REGULAR_SEASON,62.8,17,67.4,,,,HOU_CB_05,CB,1,,,66.2,,2029,836,,67.7,CIN
REGULAR_SEASON,60.1,17,67.3,,,,CIN_CB_01,CB,1,,,66.2,,2029,864,,67.8,CIN
REGULAR_SEASON,66.2,17,68.4,,,,SEA_CB_05,CB,1,,,65.4,,2029,799,,68.6,CIN
REGULAR_SEASON,73.1,16,70.6,,,,NYJ_CB_05,CB,1,,,69.3,,2029,786,,75.1,CIN
REGULAR_SEASON,74.5,17,74.6,,,,CIN_S_01,S,1,,,71.9,,2029,869,,75.7,CIN
REGULAR_SEASON,75.1,17,75.9,,,,HOU_S_03,S,1,,,71.6,,2029,879,,70.5,CIN
REGULAR_SEASON,,17,54.9,,,,BAL_K_01,K,1,,,,,2029,102,57.8,,CIN
REGULAR_SEASON,,17,76.7,,,,ATL_P_01,P,1,,,,,2029,85,65.6,,CIN
REGULAR_SEASON,60.0,3,54.3,,61.0,,MIN_LB_01,LB,0,,,51.0,,2029,136,,54.3,CLE
REGULAR_SEASON,,7,53.7,,,,P100675_WR,WR,0,63.1,53.8,,,2029,310,,,GB
REGULAR_SEASON,,6,63.4,,,,DAL_P_02,P,1,,,,,2029,30,59.1,,GB
REGULAR_SEASON,,6,55.4,,,50.5,ARI_QB_02,QB,1,,,,57.4,2029,362,,,CHI
REGULAR_SEASON,74.1,13,80.6,,,,P100178_S,S,1,,,73.1,,2029,661,,73.1,CHI
REGULAR_SEASON,,16,65.3,,,,FA_K_006,K,1,,,,,2029,96,67.7,,MIN
REGULAR_SEASON,,11,65.6,,,,P100516_WR,WR,1,62.6,65.0,,,2029,469,,,DET
REGULAR_SEASON,,11,55.7,,,,P100010_WR,WR,1,58.3,51.0,,,2029,456,,,HOU
REGULAR_SEASON,,16,51.1,,52.5,,CHI_EDGE_05,EDGE,1,,,53.8,,2029,703,,56.1,HOU
REGULAR_SEASON,,7,57.7,,65.1,,LAC_DT_06,DT,0,,,56.4,,2029,272,,54.0,HOU
REGULAR_SEASON,,2,68.2,,62.8,,P100159_DT,DT,0,,,49.6,,2029,63,,81.9,HOU
REGULAR_SEASON,,1,66.4,,,,NYJ_WR_07,WR,0,73.1,64.7,,,2029,44,,,LV
REGULAR_SEASON,,6,70.0,69.1,,,IND_OT_01,OT,0,,61.7,,,2029,396,,,IND
REGULAR_SEASON,,4,81.2,69.2,,,GB_OG_01,OG,0,,61.3,,,2029,269,,,IND
REGULAR_SEASON,54.4,8,52.2,,,,P100465_S,S,1,,,49.6,,2029,399,,52.2,IND
REGULAR_SEASON,,5,61.2,56.6,,,LAR_OG_03,OG,0,,70.2,,,2029,320,,,LAC
REGULAR_SEASON,,16,65.1,65.1,,,P100356_RB,RB,1,64.3,,,59.6,2029,375,,,NYG
REGULAR_SEASON,,16,79.2,73.5,,,CAR_TE_02,TE,1,76.9,68.4,,,2029,623,,,NYG
REGULAR_SEASON,,1,35.1,53.9,,,P100288_OT,OT,0,,49.4,,,2029,63,,,NYG
REGULAR_SEASON,,4,44.5,,48.9,,TEN_DT_06,DT,0,,,52.5,,2029,142,,45.4,NYG
REGULAR_SEASON,,16,70.7,,,65.5,TB_QB_02,QB,1,,,,70.7,2029,989,,,ARI
REGULAR_SEASON,,14,72.1,,,,P100447_WR,WR,1,71.8,71.2,,,2029,613,,,ARI
REGULAR_SEASON,,17,69.1,,,,NYJ_WR_08,WR,1,61.0,68.7,,,2029,724,,,ARI
REGULAR_SEASON,,11,45.2,,,,P100165_WR,WR,1,46.8,50.3,,,2029,483,,,ARI
REGULAR_SEASON,,15,57.7,,,,ARI_WR_08,WR,1,61.3,53.6,,,2029,669,,,ARI
REGULAR_SEASON,,16,59.7,58.9,,,DET_TE_03,TE,1,62.0,61.1,,,2029,628,,,ARI
REGULAR_SEASON,,7,57.1,54.8,,,P100629_TE,TE,1,60.3,62.7,,,2029,285,,,ARI
REGULAR_SEASON,,17,75.4,66.8,,,ARI_OT_01,OT,1,,69.3,,,2029,1105,,,ARI
REGULAR_SEASON,,17,47.1,61.3,,,P100641_OT,OT,1,,52.4,,,2029,1102,,,ARI
REGULAR_SEASON,,12,64.3,60.7,,,ARI_OG_04,OG,1,,60.4,,,2029,784,,,ARI
REGULAR_SEASON,,11,56.0,59.4,,,LAC_OG_01,OG,1,,60.6,,,2029,694,,,ARI
REGULAR_SEASON,,14,73.9,71.1,,,ARI_C_01,C,1,,78.0,,,2029,916,,,ARI
REGULAR_SEASON,,15,90.4,,81.2,,P100707_EDGE,EDGE,1,,,80.2,,2029,637,,81.9,ARI
REGULAR_SEASON,,13,60.6,,67.4,,P100478_EDGE,EDGE,1,,,66.2,,2029,589,,61.0,ARI
REGULAR_SEASON,,14,46.4,,50.0,,ARI_EDGE_01,EDGE,1,,,46.4,,2029,612,,55.0,ARI
REGULAR_SEASON,,3,60.6,,46.2,,P100562_EDGE,EDGE,0,,,60.5,,2029,125,,65.3,ARI
REGULAR_SEASON,,15,69.6,,69.5,,JAX_DT_02,DT,1,,,67.0,,2029,567,,68.6,ARI
REGULAR_SEASON,,14,65.9,,68.2,,DET_DT_05,DT,1,,,68.3,,2029,536,,60.3,ARI
REGULAR_SEASON,,3,69.0,,72.1,,CAR_DT_06,DT,0,,,75.0,,2029,114,,58.9,ARI
REGULAR_SEASON,66.6,17,69.4,,73.9,,ARI_LB_02,LB,1,,,66.1,,2029,789,,69.8,ARI
REGULAR_SEASON,72.8,17,79.3,,,,CAR_CB_01,CB,1,,,74.4,,2029,830,,77.0,ARI
REGULAR_SEASON,71.1,17,75.3,,,,KC_CB_02,CB,1,,,74.6,,2029,820,,73.1,ARI
REGULAR_SEASON,75.5,17,85.4,,,,LAR_CB_01,CB,1,,,77.5,,2029,826,,82.2,ARI
REGULAR_SEASON,73.4,17,75.5,,,,KC_CB_03,CB,1,,,71.2,,2029,844,,72.3,ARI
REGULAR_SEASON,55.0,16,58.2,,,,ARI_S_01,S,1,,,64.7,,2029,814,,61.0,ARI
REGULAR_SEASON,58.9,17,59.3,,,,GB_S_01,S,1,,,60.6,,2029,871,,60.0,ARI
REGULAR_SEASON,63.3,17,62.6,,,,P100116_S,S,1,,,63.4,,2029,861,,54.5,ARI
REGULAR_SEASON,,17,64.9,,,,SEA_K_01,K,1,,,,,2029,102,63.8,,ARI
REGULAR_SEASON,,16,72.1,70.0,,,LV_RB_02,RB,1,69.7,,,63.3,2029,347,,,PHI
REGULAR_SEASON,,16,86.2,82.6,,,LV_OT_02,OT,1,,74.5,,,2029,1060,,,PHI
REGULAR_SEASON,,10,62.2,62.6,,,PHI_OT_04,OT,1,,66.1,,,2029,658,,,PHI
REGULAR_SEASON,,4,74.7,,,67.7,LAC_QB_01,QB,0,,,,76.2,2029,259,,,DEN
REGULAR_SEASON,79.0,12,81.4,,,,P100366_CB,CB,1,,,77.9,,2029,584,,75.5,DEN
REGULAR_SEASON,68.3,15,66.7,,,,CLE_S_02,S,1,,,64.1,,2029,766,,70.5,DEN
REGULAR_SEASON,,15,74.2,,,,NYJ_K_01,K,1,,,,,2029,90,71.2,,DEN
REGULAR_SEASON,,11,70.4,,,,CHI_WR_02,WR,1,70.4,67.8,,,2029,506,,,NO
REGULAR_SEASON,,16,67.5,57.7,,,BUF_OT_03,OT,1,,61.8,,,2029,1060,,,NO
REGULAR_SEASON,64.0,4,49.3,,55.9,,P100284_LB,LB,0,,,71.3,,2029,174,,64.2,NO
REGULAR_SEASON,,15,58.5,54.8,,,NO_RB_03,RB,1,60.2,,,52.3,2029,310,,,ATL
REGULAR_SEASON,,10,76.7,,72.0,,DEN_EDGE_01,EDGE,1,,,76.4,,2029,432,,70.0,ATL
REGULAR_SEASON,,16,67.0,,65.5,,DAL_EDGE_05,EDGE,1,,,66.6,,2029,718,,64.0,ATL
REGULAR_SEASON,,6,66.0,,,,CAR_K_01,K,1,,,,,2029,36,63.7,,ATL
REGULAR_SEASON,,1,86.8,,,99.9,NYG_QB_01,QB,0,,,,91.4,2029,63,,,KC
REGULAR_SEASON,,16,54.3,55.8,,,P100385_RB,RB,1,59.5,,,58.5,2029,401,,,KC
REGULAR_SEASON,,9,55.9,48.6,,,P100408_OG,OG,1,,56.2,,,2029,581,,,KC
REGULAR_SEASON,,13,66.5,,,,P100746_P,P,1,,,,,2029,65,72.4,,KC
REGULAR_SEASON,,6,63.3,,,74.1,P100736_QB,QB,1,,,,59.8,2029,388,,,PIT
REGULAR_SEASON,,14,45.6,,51.4,,PIT_EDGE_05,EDGE,1,,,48.7,,2029,597,,56.4,PIT
REGULAR_SEASON,,15,63.6,,62.3,,KC_DT_03,DT,1,,,61.8,,2029,562,,61.7,TEN
REGULAR_SEASON,,5,64.4,,,69.1,P100370_QB,QB,0,,,,69.0,2029,318,,,DAL
REGULAR_SEASON,,17,69.6,,,66.2,CIN_QB_03,QB,1,,,,66.6,2029,1096,,,SEA
REGULAR_SEASON,,17,52.7,55.1,,,SF_RB_03,RB,1,47.9,,,61.0,2029,490,,,SEA
REGULAR_SEASON,,14,69.4,64.1,,,CAR_RB_03,RB,1,67.0,,,69.3,2029,289,,,SEA
REGULAR_SEASON,,17,62.0,59.0,,,FA_RB_021,RB,1,63.1,,,61.8,2029,269,,,SEA
REGULAR_SEASON,,16,60.7,,,,SF_WR_01,WR,1,66.6,63.4,,,2029,701,,,SEA
REGULAR_SEASON,,17,67.0,,,,P100557_WR,WR,1,62.9,64.2,,,2029,751,,,SEA
REGULAR_SEASON,,17,52.0,,,,P100552_WR,WR,1,52.5,55.5,,,2029,744,,,SEA
REGULAR_SEASON,,13,56.7,,,,P100384_WR,WR,1,57.3,64.7,,,2029,586,,,SEA
REGULAR_SEASON,,17,74.4,68.2,,,P100720_TE,TE,1,75.4,71.2,,,2029,678,,,SEA
REGULAR_SEASON,,17,43.1,45.6,,,P100692_TE,TE,1,45.6,47.6,,,2029,680,,,SEA
REGULAR_SEASON,,13,69.3,61.7,,,SEA_OT_02,OT,1,,72.6,,,2029,856,,,SEA
REGULAR_SEASON,,5,54.9,63.5,,,BAL_OT_01,OT,0,,60.7,,,2029,321,,,SEA
REGULAR_SEASON,,17,90.1,81.5,,,TEN_OG_04,OG,1,,80.1,,,2029,1124,,,SEA
REGULAR_SEASON,,17,67.1,69.3,,,LAC_OG_02,OG,1,,69.1,,,2029,1102,,,SEA
REGULAR_SEASON,,12,87.3,77.7,,,SEA_C_01,C,1,,77.8,,,2029,776,,,SEA
REGULAR_SEASON,,16,83.0,,77.4,,MIN_EDGE_02,EDGE,1,,,74.8,,2029,690,,74.6,SEA
REGULAR_SEASON,,13,88.6,,72.1,,P100698_EDGE,EDGE,1,,,77.3,,2029,572,,87.0,SEA
REGULAR_SEASON,,17,52.1,,52.4,,P100066_EDGE,EDGE,1,,,55.3,,2029,752,,55.4,SEA
REGULAR_SEASON,,17,56.9,,59.2,,P100316_EDGE,EDGE,1,,,62.7,,2029,681,,61.6,SEA
REGULAR_SEASON,,14,59.8,,60.6,,HOU_DT_01,DT,1,,,61.1,,2029,517,,56.6,SEA
REGULAR_SEASON,,17,68.3,,67.9,,P100238_DT,DT,1,,,71.9,,2029,649,,66.2,SEA
REGULAR_SEASON,,17,58.3,,59.9,,NYG_DT_02,DT,1,,,56.9,,2029,641,,58.7,SEA
REGULAR_SEASON,58.8,17,51.0,,49.5,,P100402_LB,LB,1,,,53.3,,2029,787,,50.3,SEA
REGULAR_SEASON,58.2,17,58.0,,57.5,,SEA_LB_04,LB,1,,,57.0,,2029,759,,57.0,SEA
REGULAR_SEASON,68.3,11,64.9,,,,SEA_CB_02,CB,1,,,63.9,,2029,550,,62.6,SEA
REGULAR_SEASON,64.1,17,65.1,,,,SEA_CB_04,CB,1,,,58.0,,2029,841,,60.1,SEA
REGULAR_SEASON,44.4,17,45.0,,,,CAR_CB_04,CB,1,,,50.7,,2029,818,,47.9,SEA
REGULAR_SEASON,53.1,17,54.2,,,,P100836_CB,CB,1,,,56.6,,2029,826,,54.5,SEA
REGULAR_SEASON,78.0,17,79.0,,,,SF_S_02,S,1,,,72.5,,2029,860,,71.4,SEA
REGULAR_SEASON,83.0,16,82.3,,,,SF_S_01,S,1,,,72.3,,2029,786,,72.9,SEA
REGULAR_SEASON,50.6,2,55.8,,,,P100410_S,S,0,,,40.0,,2029,109,,69.0,SEA
REGULAR_SEASON,,17,55.6,,,,CIN_K_01,K,1,,,,,2029,102,46.7,,SEA
REGULAR_SEASON,,17,75.1,,,,SF_P_01,P,1,,,,,2029,85,73.2,,SEA
REGULAR_SEASON,60.0,15,61.0,,53.0,,P100890_LB,LB,1,,,59.5,,2029,678,,61.2,WAS
REGULAR_SEASON,,3,73.1,,,,DEN_K_02,K,0,,,,,2029,18,69.6,,NE
REGULAR_SEASON,,14,88.3,,,78.1,CAR_QB_01,QB,1,,,,82.6,2029,913,,,CLE
REGULAR_SEASON,,7,49.8,,52.1,,CLE_DT_02,DT,0,,,51.8,,2029,261,,52.7,CLE
REGULAR_SEASON,60.1,4,50.9,,,,SF_S_07,S,0,,,56.2,,2029,219,,64.5,CLE
REGULAR_SEASON,57.6,15,57.0,,,,P100514_CB,CB,1,,,59.4,,2029,732,,57.9,BAL
REGULAR_SEASON,,5,48.9,,,,P100401_WR,WR,0,54.2,52.3,,,2029,229,,,HOU
REGULAR_SEASON,,14,69.5,57.9,,,P100654_RB,RB,1,75.2,,,58.9,2029,404,,,TEN
REGULAR_SEASON,,14,64.8,,,,LAR_WR_06,WR,1,60.7,62.9,,,2029,607,,,DEN
REGULAR_SEASON,63.6,14,57.7,,55.3,,SEA_LB_03,LB,1,,,59.8,,2029,631,,58.8,DEN
REGULAR_SEASON,57.3,14,51.5,,,,P100527_CB,CB,1,,,46.3,,2029,718,,53.7,LAC
REGULAR_SEASON,,11,74.3,74.2,,,IND_TE_01,TE,1,63.7,74.6,,,2029,418,,,PHI
REGULAR_SEASON,,15,62.7,60.0,,,GB_OT_03,OT,1,,62.8,,,2029,1003,,,NYG
REGULAR_SEASON,70.8,15,69.1,,,,NO_S_03,S,1,,,65.6,,2029,757,,72.0,NYG
REGULAR_SEASON,61.9,15,61.7,,,,TB_S_03,S,1,,,68.6,,2029,758,,63.0,NYG
REGULAR_SEASON,,13,69.5,61.8,,,BUF_OG_01,OG,1,,68.8,,,2029,839,,,MIN
REGULAR_SEASON,,11,58.9,54.8,,,CHI_RB_03,RB,1,55.3,,,59.7,2029,239,,,CHI
REGULAR_SEASON,,11,68.9,,66.6,,CHI_EDGE_01,EDGE,1,,,63.5,,2029,478,,58.3,CHI
REGULAR_SEASON,,2,40.9,26.4,,,ATL_RB_01,RB,0,25.1,,,59.5,2029,35,,,TB
REGULAR_SEASON,,14,72.8,72.4,,,DAL_OG_01,OG,1,,68.7,,,2029,939,,,TB
REGULAR_SEASON,,15,42.7,,45.1,,P100758_DT,DT,1,,,50.4,,2029,542,,48.8,NO
REGULAR_SEASON,,5,56.8,,,,FA_WR_049,WR,0,52.1,55.1,,,2029,195,,,LAR
REGULAR_SEASON,,13,76.8,75.1,,,LAR_OT_02,OT,1,,75.2,,,2029,856,,,LAR
REGULAR_SEASON,56.3,5,70.4,,,,NE_S_02,S,0,,,64.8,,2029,257,,68.4,LAR
REGULAR_SEASON,,3,47.5,51.6,,,P100087_RB,RB,0,64.5,,,59.5,2029,56,,,SEA
REGULAR_SEASON,,3,40.5,41.5,,,DEN_OT_04,OT,0,,43.0,,,2029,205,,,SEA
REGULAR_SEASON,77.0,16,85.3,,,,KC_S_01,S,1,,,76.2,,2029,794,,74.0,SEA
REGULAR_SEASON,,12,76.9,82.0,,,MIN_C_01,C,1,,76.8,,,2029,793,,,MIA
REGULAR_SEASON,,15,59.0,,,,HOU_WR_02,WR,1,59.4,60.1,,,2029,663,,,CIN
REGULAR_SEASON,,8,55.4,,,,CIN_WR_06,WR,0,55.2,59.8,,,2029,326,,,CIN
REGULAR_SEASON,,15,67.2,65.3,,,CIN_TE_01,TE,1,72.6,66.9,,,2029,588,,,CIN
REGULAR_SEASON,,15,64.8,61.2,,,WAS_OT_01,OT,1,,60.5,,,2029,981,,,CIN
REGULAR_SEASON,,15,55.9,,56.8,,GB_EDGE_07,EDGE,1,,,57.9,,2029,672,,49.1,CIN
REGULAR_SEASON,,7,72.0,,,,P100741_WR,WR,0,71.2,70.0,,,2029,320,,,KC
REGULAR_SEASON,,15,81.7,82.6,,,ARI_OG_02,OG,1,,78.4,,,2029,1008,,,KC
REGULAR_SEASON,,5,35.3,,,46.7,P100084_QB,QB,0,,,,37.1,2029,326,,,GB
REGULAR_SEASON,,11,70.6,67.7,,,NYJ_TE_03,TE,1,74.3,64.3,,,2029,435,,,BUF
REGULAR_SEASON,45.4,1,52.9,,,,DAL_S_02,S,0,,,63.1,,2029,59,,37.6,SF
REGULAR_SEASON,,3,71.7,,,,P100762_WR,WR,0,81.5,56.4,,,2029,139,,,IND
REGULAR_SEASON,,13,57.3,53.7,,,P100229_OG,OG,1,,54.0,,,2029,833,,,DET
REGULAR_SEASON,,13,66.8,,65.4,,TB_DT_02,DT,1,,,62.0,,2029,484,,62.1,DET
REGULAR_SEASON,,6,65.5,,,,P100761_P,P,1,,,,,2029,30,70.9,,DET
REGULAR_SEASON,,11,49.9,54.1,,,P100840_TE,TE,1,48.2,58.7,,,2029,439,,,CAR
REGULAR_SEASON,,3,68.3,,,,LV_WR_05,WR,0,63.1,50.4,,,2029,129,,,LV
REGULAR_SEASON,,13,72.2,,70.3,,LV_DT_01,DT,1,,,73.8,,2029,515,,69.1,LV
REGULAR_SEASON,,1,78.5,,,78.0,GB_QB_03,QB,0,,,,57.4,2029,64,,,ARI
REGULAR_SEASON,,11,62.3,59.3,,,PHI_TE_01,TE,1,61.8,60.4,,,2029,410,,,ARI
REGULAR_SEASON,,2,61.2,,52.0,,JAX_DT_03,DT,0,,,59.6,,2029,73,,69.4,ARI
REGULAR_SEASON,,13,52.9,,,,MIA_P_01,P,1,,,,,2029,65,58.0,,ARI
REGULAR_SEASON,,15,63.8,,59.4,,NYJ_EDGE_06,EDGE,1,,,56.6,,2029,616,,66.4,ATL
REGULAR_SEASON,,13,51.1,,,60.4,P100866_QB,QB,1,,,,56.7,2029,822,,,NE
REGULAR_SEASON,,11,67.3,64.7,,,P100888_OG,OG,1,,62.8,,,2029,721,,,CIN
REGULAR_SEASON,,5,47.9,,,,P100609_WR,WR,0,43.9,45.0,,,2029,218,,,IND
REGULAR_SEASON,,6,77.0,,,,P100245_WR,WR,0,80.5,71.4,,,2029,268,,,PHI
REGULAR_SEASON,66.2,6,65.6,,,,P100782_CB,CB,0,,,53.8,,2029,287,,61.8,PHI
REGULAR_SEASON,,2,46.7,,,45.3,PIT_QB_03,QB,0,,,,56.8,2029,126,,,CAR
REGULAR_SEASON,,11,65.4,,,,P100358_WR,WR,1,60.6,64.4,,,2029,469,,,ARI
REGULAR_SEASON,,11,61.2,,,,DEN_WR_05,WR,1,59.4,55.4,,,2029,491,,,BUF
REGULAR_SEASON,,3,51.9,,,,P100813_WR,WR,0,46.9,63.8,,,2029,129,,,BAL
REGULAR_SEASON,,14,65.6,,67.3,,P100311_DT,DT,1,,,68.6,,2029,511,,65.6,BAL
REGULAR_SEASON,,3,60.2,,,,KC_WR_07,WR,0,57.8,59.2,,,2029,125,,,TB
REGULAR_SEASON,,1,42.1,,,27.4,NYJ_QB_03,QB,0,,,,54.3,2029,64,,,NO
REGULAR_SEASON,,13,70.4,,,,NO_WR_06,WR,1,70.8,76.0,,,2029,575,,,NO
REGULAR_SEASON,,13,41.1,,50.3,,P100595_EDGE,EDGE,1,,,42.5,,2029,576,,53.0,KC
REGULAR_SEASON,,2,58.9,,55.9,,DAL_EDGE_06,EDGE,0,,,49.1,,2029,93,,52.1,MIA
REGULAR_SEASON,91.2,1,80.4,,46.2,,P100252_LB,LB,0,,,52.6,,2029,48,,81.8,TEN
REGULAR_SEASON,52.3,12,58.7,,,,BAL_S_01,S,1,,,58.6,,2029,617,,62.6,TEN
REGULAR_SEASON,,6,70.1,,,64.1,P100269_QB,QB,1,,,,67.0,2029,387,,,NYG
REGULAR_SEASON,,12,58.2,53.4,,,DET_RB_02,RB,1,68.5,,,57.9,2029,447,,,DEN
REGULAR_SEASON,,9,80.7,85.2,,,CHI_OT_04,OT,1,,70.9,,,2029,583,,,LV
REGULAR_SEASON,,10,52.0,,,,NYG_WR_04,WR,1,59.7,51.9,,,2029,446,,,NYG
REGULAR_SEASON,,14,63.6,61.9,,,P100464_RB,RB,1,58.5,,,70.6,2029,572,,,ARI
REGULAR_SEASON,,3,60.3,61.5,,,P100444_C,C,0,,65.1,,,2029,199,,,ARI
REGULAR_SEASON,,9,62.6,,66.7,,P100261_EDGE,EDGE,1,,,56.0,,2029,401,,62.2,ARI
REGULAR_SEASON,,13,73.3,,74.3,,ARI_DT_01,DT,1,,,69.5,,2029,498,,69.2,ARI
REGULAR_SEASON,,3,68.9,,70.7,,P100594_EDGE,EDGE,0,,,59.6,,2029,141,,68.6,LAR
REGULAR_SEASON,62.0,4,62.6,,,,HOU_CB_04,CB,0,,,51.8,,2029,207,,63.4,LAR
REGULAR_SEASON,,13,75.3,75.9,,,P100870_OG,OG,1,,64.3,,,2029,875,,,BAL
REGULAR_SEASON,64.5,1,47.0,,53.3,,NYG_LB_04,LB,0,,,48.8,,2029,43,,73.1,MIA
REGULAR_SEASON,,1,37.0,,,,ARI_WR_05,WR,0,42.4,50.7,,,2029,45,,,CLE
REGULAR_SEASON,,3,64.7,,,,WAS_WR_03,WR,0,67.0,73.3,,,2029,128,,,SF
REGULAR_SEASON,68.1,3,65.2,,51.9,,ATL_LB_06,LB,0,,,67.2,,2029,133,,73.0,SF
REGULAR_SEASON,,3,38.4,,,,P100313_WR,WR,0,42.0,42.7,,,2029,139,,,WAS
REGULAR_SEASON,,11,72.9,,,,P100484_WR,WR,1,67.5,72.7,,,2029,472,,,CIN
REGULAR_SEASON,,4,55.1,61.5,,,P100709_OG,OG,0,,60.6,,,2029,258,,,HOU
REGULAR_SEASON,,13,43.8,46.9,,,CAR_OT_04,OT,1,,41.0,,,2029,853,,,SEA
REGULAR_SEASON,,6,72.1,69.9,,,BUF_OT_01,OT,0,,73.8,,,2029,377,,,BUF
REGULAR_SEASON,,4,62.3,,56.8,,PHI_EDGE_03,EDGE,0,,,64.6,,2029,176,,49.0,MIA
REGULAR_SEASON,,8,63.6,,67.9,,CIN_EDGE_03,EDGE,1,,,67.0,,2029,335,,55.9,DAL
REGULAR_SEASON,,4,63.9,,,,GB_WR_03,WR,0,56.4,81.5,,,2029,169,,,SEA
REGULAR_SEASON,,5,82.1,80.6,,,NYJ_OT_04,OT,0,,72.6,,,2029,325,,,NYJ
REGULAR_SEASON,,1,72.8,,,,LAR_WR_03,WR,0,76.9,62.7,,,2029,42,,,IND
REGULAR_SEASON,,8,84.7,77.0,,,NYG_OT_01,OT,1,,77.9,,,2029,541,,,IND
REGULAR_SEASON,,3,75.6,,60.2,,MIA_DT_04,DT,0,,,72.1,,2029,112,,88.5,KC
REGULAR_SEASON,55.3,1,65.3,,70.3,,P100319_LB,LB,0,,,75.0,,2029,42,,61.9,NYG
REGULAR_SEASON,,8,77.0,74.8,,,SEA_OT_01,OT,1,,69.6,,,2029,514,,,SF
REGULAR_SEASON,,3,62.3,56.9,,,P100455_OT,OT,0,,59.5,,,2029,195,,,GB
REGULAR_SEASON,63.4,7,59.9,,,,P100153_CB,CB,0,,,60.4,,2029,342,,60.2,PIT
REGULAR_SEASON,,4,66.7,73.2,,,DAL_OT_04,OT,0,,67.2,,,2029,272,,,DAL
REGULAR_SEASON,75.7,3,69.0,,73.4,,CHI_LB_02,LB,0,,,71.6,,2029,129,,76.9,CHI
REGULAR_SEASON,,2,45.8,,,62.5,P100553_QB,QB,0,,,,37.9,2029,122,,,MIN
REGULAR_SEASON,56.9,9,60.8,,,,MIN_CB_01,CB,1,,,62.5,,2029,452,,56.6,MIN
REGULAR_SEASON,,2,74.8,55.1,,,DEN_OT_01,OT,0,,75.1,,,2029,129,,,SF
REGULAR_SEASON,60.5,4,64.3,,81.6,,P100213_LB,LB,0,,,63.1,,2029,180,,65.5,SF
REGULAR_SEASON,,1,78.1,89.8,,,SEA_OG_02,OG,0,,55.0,,,2029,73,,,CIN
REGULAR_SEASON,,7,53.7,63.0,,,BAL_RB_03,RB,0,60.9,,,50.6,2029,91,,,LAC
REGULAR_SEASON,62.6,5,63.7,,,,IND_S_01,S,0,,,61.9,,2029,258,,62.4,DET
REGULAR_SEASON,57.8,6,65.3,,,,P100702_CB,CB,0,,,64.0,,2029,295,,68.3,SEA
REGULAR_SEASON,,6,55.1,,58.0,,P100539_DT,DT,0,,,63.7,,2029,235,,55.9,ATL
REGULAR_SEASON,,11,48.5,,50.2,,P100561_EDGE,EDGE,1,,,51.4,,2029,477,,54.5,ARI
REGULAR_SEASON,,4,67.3,,66.7,,LV_DT_02,DT,0,,,63.7,,2029,144,,63.7,IND
REGULAR_SEASON,,7,51.1,58.9,,,P100438_OT,OT,0,,57.8,,,2029,440,,,TB
REGULAR_SEASON,56.5,4,67.0,,61.8,,LAR_LB_03,LB,0,,,68.5,,2029,189,,67.2,NYG
REGULAR_SEASON,70.2,8,67.2,,66.1,,P100520_LB,LB,1,,,61.0,,2029,364,,66.4,NYJ
REGULAR_SEASON,,5,71.5,,,56.6,GB_QB_02,QB,0,,,,77.9,2029,318,,,MIA
REGULAR_SEASON,62.4,4,52.7,,,,P100063_CB,CB,0,,,65.7,,2029,195,,47.8,WAS
REGULAR_SEASON,,2,55.6,44.2,,,NYG_C_03,C,0,,38.7,,,2029,119,,,NO
REGULAR_SEASON,63.4,4,52.5,,,,P100645_S,S,0,,,50.0,,2029,207,,54.8,NO
REGULAR_SEASON,,3,52.2,63.0,,,P100779_OG,OG,0,,55.9,,,2029,187,,,HOU
REGULAR_SEASON,,4,69.1,65.3,,,PHI_TE_03,TE,0,68.9,71.2,,,2029,155,,,MIN
REGULAR_SEASON,,7,59.9,,57.6,,CIN_DT_01,DT,0,,,59.6,,2029,247,,70.0,PIT
REGULAR_SEASON,48.7,6,51.3,,,,P100893_CB,CB,0,,,59.1,,2029,320,,45.8,PIT
REGULAR_SEASON,,3,41.8,,55.7,,LAC_EDGE_03,EDGE,0,,,53.8,,2029,130,,59.1,TEN
REGULAR_SEASON,,3,58.2,,53.3,,MIA_EDGE_04,EDGE,0,,,60.0,,2029,125,,56.0,CLE
REGULAR_SEASON,,6,74.9,68.9,,,BUF_OG_02,OG,0,,63.2,,,2029,402,,,ARI
REGULAR_SEASON,,6,48.1,42.4,,,LAR_TE_03,TE,0,53.2,48.2,,,2029,252,,,IND
REGULAR_SEASON,,5,52.7,,49.8,,NYG_EDGE_05,EDGE,0,,,50.3,,2029,226,,55.3,TB
REGULAR_SEASON,,3,37.4,,49.8,,LV_DT_04,DT,0,,,40.0,,2029,117,,35.3,LV
REGULAR_SEASON,,4,42.1,39.6,,,P100668_OG,OG,0,,59.5,,,2029,257,,,ARI
REGULAR_SEASON,56.4,1,57.8,,,,CIN_CB_04,CB,0,,,46.9,,2029,47,,44.3,CIN
REGULAR_SEASON,74.6,1,77.5,,,,P100611_CB,CB,0,,,58.2,,2029,48,,75.1,JAX
REGULAR_SEASON,,2,75.3,,,71.1,SEA_QB_01,QB,0,,,,69.0,2029,130,,,TEN
REGULAR_SEASON,,1,87.5,,,,P100293_WR,WR,0,86.2,76.4,,,2029,45,,,GB
REGULAR_SEASON,,4,73.3,85.4,,,P100001_OG,OG,0,,70.9,,,2029,257,,,NO
REGULAR_SEASON,74.3,2,52.8,,51.1,,DEN_LB_03,LB,0,,,55.0,,2029,92,,60.1,SF
REGULAR_SEASON,,7,56.5,,65.0,,WAS_DT_04,DT,0,,,68.6,,2029,255,,60.2,PHI
REGULAR_SEASON,,5,46.9,54.8,,,PIT_OG_03,OG,0,,46.7,,,2029,334,,,CLE
REGULAR_SEASON,,3,62.4,,53.7,,P100051_DT,DT,0,,,61.3,,2029,104,,59.8,ATL
REGULAR_SEASON,,4,51.4,,,,FA_WR_005,WR,0,58.1,43.4,,,2029,165,,,JAX
REGULAR_SEASON,,3,55.3,,,,ATL_WR_07,WR,0,57.3,52.9,,,2029,122,,,ATL
REGULAR_SEASON,,3,64.3,65.4,,,P100433_C,C,0,,61.5,,,2029,181,,,ATL
REGULAR_SEASON,,3,61.9,,68.4,,PHI_DT_02,DT,0,,,58.6,,2029,113,,51.1,LAR
REGULAR_SEASON,,5,46.6,48.1,,,P100097_C,C,0,,47.6,,,2029,329,,,SEA
REGULAR_SEASON,,2,35.1,,36.6,,P100492_DT,DT,0,,,33.1,,2029,71,,55.7,CAR
REGULAR_SEASON,49.9,3,59.5,,49.4,,P100015_LB,LB,0,,,56.8,,2029,142,,62.6,CAR
REGULAR_SEASON,,4,67.0,,67.1,,P100033_DT,DT,0,,,64.2,,2029,163,,63.5,DAL
REGULAR_SEASON,,2,76.4,,54.6,,P100570_DT,DT,0,,,74.1,,2029,78,,71.3,BAL
REGULAR_SEASON,,1,77.1,,56.9,,HOU_EDGE_06,EDGE,0,,,62.3,,2029,40,,71.3,CLE
REGULAR_SEASON,,2,59.7,,,,SEA_WR_06,WR,0,44.0,63.0,,,2029,87,,,TEN
REGULAR_SEASON,,3,50.4,,38.9,,P100789_DT,DT,0,,,66.2,,2029,119,,54.9,SEA
REGULAR_SEASON,70.3,3,77.1,,,,TEN_CB_06,CB,0,,,70.8,,2029,150,,70.8,NYJ
REGULAR_SEASON,,3,60.7,,65.6,,P100825_DT,DT,0,,,62.7,,2029,118,,38.3,LAC
REGULAR_SEASON,,1,74.0,57.0,,,MIN_OT_04,OT,0,,85.5,,,2029,63,,,MIN
REGULAR_SEASON,,3,57.0,,,,P100317_WR,WR,0,57.8,61.5,,,2029,122,,,CAR
REGULAR_SEASON,,3,81.3,84.7,,,CAR_OG_03,OG,0,,81.5,,,2029,194,,,CAR
REGULAR_SEASON,73.2,2,72.9,,,,BUF_S_01,S,0,,,73.9,,2029,102,,61.5,BUF
REGULAR_SEASON,,1,86.6,,65.1,,DAL_DT_05,DT,0,,,75.5,,2029,31,,95.1,MIA
REGULAR_SEASON,,1,58.7,42.8,,,LAR_OG_06,OG,0,,54.8,,,2029,66,,,ARI
REGULAR_SEASON,,4,64.1,,71.7,,DAL_DT_04,DT,0,,,60.0,,2029,151,,70.1,ARI
REGULAR_SEASON,,2,69.1,67.3,,,PIT_OT_02,OT,0,,57.5,,,2029,128,,,TEN
REGULAR_SEASON,53.5,2,55.4,,,,P100774_CB,CB,0,,,55.8,,2029,106,,65.0,NYG
REGULAR_SEASON,,2,62.4,55.3,,,DAL_C_01,C,0,,73.4,,,2029,133,,,DAL
REGULAR_SEASON,,2,69.1,77.5,,,CIN_OG_03,OG,0,,77.7,,,2029,121,,,PHI
REGULAR_SEASON,,1,49.6,39.9,,,DEN_OT_05,OT,0,,56.9,,,2029,73,,,WAS
REGULAR_SEASON,,1,52.9,60.0,,,BAL_OG_04,OG,0,,61.8,,,2029,66,,,WAS
REGULAR_SEASON,81.4,1,68.7,,,,P100871_CB,CB,0,,,82.4,,2029,48,,67.3,WAS
REGULAR_SEASON,68.1,1,57.0,,55.3,,HOU_LB_02,LB,0,,,36.0,,2029,42,,65.3,TB
REGULAR_SEASON,63.2,1,53.3,,50.9,,LAC_LB_04,LB,0,,,37.3,,2029,41,,43.1,TB
REGULAR_SEASON,,1,48.9,,45.4,,P100719_EDGE,EDGE,0,,,50.0,,2029,49,,44.4,SF
REGULAR_SEASON,75.1,2,83.4,,,,P100174_CB,CB,0,,,87.4,,2029,100,,85.2,MIN
REGULAR_SEASON,,1,66.3,,,,KC_K_02,K,0,,,,,2029,6,68.1,,HOU
REGULAR_SEASON,,1,78.6,92.8,,,DAL_C_02,C,0,,49.8,,,2029,70,,,LV
REGULAR_SEASON,47.6,1,41.6,,,,P100729_CB,CB,0,,,55.4,,2029,53,,58.6,CLE
REGULAR_SEASON,,2,92.7,88.2,,,NO_OT_02,OT,0,,83.2,,,2029,135,,,KC
REGULAR_SEASON,,1,52.5,60.0,,,TB_OG_02,OG,0,,53.3,,,2029,62,,,NYJ
REGULAR_SEASON,,1,66.9,74.8,,,SF_OG_04,OG,0,,64.1,,,2029,61,,,ATL
REGULAR_SEASON,,1,77.5,,,84.9,NYJ_QB_02,QB,0,,,,56.2,2029,59,,,LAC
REGULAR_SEASON,,1,27.4,51.9,,,P100341_OG,OG,0,,19.5,,,2029,70,,,JAX
REGULAR_SEASON,56.7,2,54.3,,,,CAR_CB_02,CB,0,,,59.9,,2029,99,,56.2,BAL
REGULAR_SEASON,,1,73.9,82.0,,,CHI_OT_01,OT,0,,49.3,,,2029,68,,,PIT
REGULAR_SEASON,54.6,1,64.9,,68.3,,LAC_LB_02,LB,0,,,48.5,,2029,46,,50.8,PIT
REGULAR_SEASON,,1,49.9,,,46.4,P100530_QB,QB,0,,,,38.5,2029,63,,,HOU
REGULAR_SEASON,,1,72.5,,75.6,,ARI_EDGE_03,EDGE,0,,,56.5,,2029,47,,88.7,DET
REGULAR_SEASON,,1,61.5,,53.3,,ARI_DT_03,DT,0,,,75.3,,2029,39,,59.8,BUF
REGULAR_SEASON,,1,62.5,68.9,,,P100498_OT,OT,0,,74.3,,,2029,65,,,TEN
PLAYOFFS,,1,97.9,,,91.4,DEN_QB_01,QB,0,,,,79.0,2029,58,,,DEN
PLAYOFFS,,1,44.7,35.3,,,DET_RB_02,RB,0,40.2,,,43.6,2029,33,,,DEN
PLAYOFFS,,1,61.9,44.1,,,P100857_RB,RB,0,60.6,,,50.6,2029,24,,,DEN
PLAYOFFS,,1,81.9,,,,DEN_WR_01,WR,0,90.3,66.6,,,2029,39,,,DEN
PLAYOFFS,,1,66.2,,,,CAR_WR_06,WR,0,64.4,66.7,,,2029,40,,,DEN
PLAYOFFS,,1,45.2,,,,PIT_WR_07,WR,0,28.3,40.0,,,2029,49,,,DEN
PLAYOFFS,,1,55.7,,,,LAR_WR_06,WR,0,44.2,48.4,,,2029,52,,,DEN
PLAYOFFS,,1,22.6,35.7,,,SF_TE_01,TE,0,47.3,27.2,,,2029,42,,,DEN
PLAYOFFS,,1,46.5,37.9,,,P100730_TE,TE,0,59.8,62.3,,,2029,38,,,DEN
PLAYOFFS,,1,55.7,61.3,,,GB_OT_01,OT,0,,36.5,,,2029,59,,,DEN
PLAYOFFS,,1,61.8,89.9,,,BAL_OT_02,OT,0,,68.2,,,2029,63,,,DEN
PLAYOFFS,,1,92.6,92.5,,,SF_OG_01,OG,0,,85.9,,,2029,63,,,DEN
PLAYOFFS,,1,83.4,94.4,,,DEN_OG_01,OG,0,,73.1,,,2029,69,,,DEN
PLAYOFFS,,1,56.5,47.2,,,LV_C_01,C,0,,64.1,,,2029,68,,,DEN
PLAYOFFS,,1,65.5,,61.7,,BAL_EDGE_02,EDGE,0,,,64.8,,2029,45,,37.0,DEN
PLAYOFFS,,1,75.9,,50.2,,GB_EDGE_03,EDGE,0,,,93.9,,2029,49,,64.3,DEN
PLAYOFFS,,1,93.2,,89.8,,P100114_EDGE,EDGE,0,,,80.9,,2029,46,,86.9,DEN
PLAYOFFS,,1,84.5,,99.6,,DEN_DT_02,DT,0,,,60.3,,2029,41,,75.0,DEN
PLAYOFFS,,1,46.5,,42.9,,SF_DT_02,DT,0,,,40.5,,2029,29,,28.5,DEN
PLAYOFFS,,1,72.7,,68.2,,P100826_DT,DT,0,,,60.5,,2029,36,,78.4,DEN
PLAYOFFS,89.5,1,84.6,,64.3,,LV_LB_01,LB,0,,,71.5,,2029,45,,64.3,DEN
PLAYOFFS,55.4,1,61.6,,95.6,,TB_LB_01,LB,0,,,66.6,,2029,43,,50.2,DEN
PLAYOFFS,45.0,1,32.7,,34.4,,SEA_LB_03,LB,0,,,33.9,,2029,39,,14.2,DEN
PLAYOFFS,92.0,1,94.5,,,,DEN_CB_03,CB,0,,,84.8,,2029,42,,89.5,DEN
PLAYOFFS,49.8,1,74.7,,,,NO_CB_02,CB,0,,,63.5,,2029,50,,67.2,DEN
PLAYOFFS,75.4,1,64.3,,,,P100366_CB,CB,0,,,59.7,,2029,50,,61.2,DEN
PLAYOFFS,68.5,1,89.3,,,,BAL_CB_01,CB,0,,,72.0,,2029,48,,69.3,DEN
PLAYOFFS,98.2,1,92.6,,,,PHI_S_02,S,0,,,99.9,,2029,51,,84.3,DEN
PLAYOFFS,61.6,1,65.4,,,,BUF_S_02,S,0,,,56.3,,2029,58,,67.4,DEN
PLAYOFFS,74.4,1,87.3,,,,CLE_S_02,S,0,,,74.1,,2029,47,,64.7,DEN
PLAYOFFS,,1,55.9,,,,NYJ_K_01,K,0,,,,,2029,6,69.9,,DEN
PLAYOFFS,,1,63.6,,,,P100081_P,P,0,,,,,2029,5,73.0,,DEN
PLAYOFFS,,2,89.1,,,82.6,CIN_QB_01,QB,0,,,,72.6,2029,135,,,PIT
PLAYOFFS,,2,93.2,72.9,,,DAL_RB_03,RB,0,93.5,,,94.9,2029,71,,,PIT
PLAYOFFS,,2,69.9,48.5,,,P100854_RB,RB,0,65.5,,,72.6,2029,47,,,PIT
PLAYOFFS,,2,62.2,,,,CHI_WR_01,WR,0,66.3,77.2,,,2029,84,,,PIT
PLAYOFFS,,2,58.1,,,,ATL_WR_04,WR,0,48.6,70.1,,,2029,97,,,PIT
PLAYOFFS,,2,65.0,,,,ATL_WR_05,WR,0,65.2,65.8,,,2029,92,,,PIT
PLAYOFFS,,2,69.0,,,,PIT_WR_05,WR,0,66.0,69.0,,,2029,85,,,PIT
PLAYOFFS,,2,61.5,56.3,,,LAC_TE_01,TE,0,67.8,73.1,,,2029,86,,,PIT
PLAYOFFS,,2,88.5,84.9,,,LV_OT_01,OT,0,,91.2,,,2029,133,,,PIT
PLAYOFFS,,2,80.2,88.4,,,CHI_OT_01,OT,0,,76.4,,,2029,123,,,PIT
PLAYOFFS,,2,67.9,63.9,,,PIT_OG_01,OG,0,,74.3,,,2029,135,,,PIT
PLAYOFFS,,2,60.8,59.1,,,ARI_OG_01,OG,0,,49.7,,,2029,124,,,PIT
PLAYOFFS,,2,81.7,81.9,,,PIT_C_01,C,0,,76.8,,,2029,135,,,PIT
PLAYOFFS,,2,60.0,,68.7,,NE_EDGE_02,EDGE,0,,,77.2,,2029,91,,61.1,PIT
PLAYOFFS,,2,60.7,,80.3,,PIT_EDGE_05,EDGE,0,,,75.7,,2029,84,,68.5,PIT
PLAYOFFS,,2,70.7,,80.4,,TEN_EDGE_03,EDGE,0,,,66.7,,2029,91,,81.3,PIT
PLAYOFFS,,2,53.0,,56.9,,CAR_EDGE_09,EDGE,0,,,46.2,,2029,99,,54.4,PIT
PLAYOFFS,,2,68.4,,70.8,,CIN_DT_01,DT,0,,,71.6,,2029,79,,52.4,PIT
PLAYOFFS,,2,79.3,,71.3,,P100851_DT,DT,0,,,89.5,,2029,81,,75.4,PIT
PLAYOFFS,,2,81.4,,57.1,,DET_DT_04,DT,0,,,65.6,,2029,71,,89.2,PIT
PLAYOFFS,77.3,2,75.7,,69.7,,PIT_LB_04,LB,0,,,58.2,,2029,83,,70.5,PIT
PLAYOFFS,66.3,2,52.1,,52.1,,LAC_LB_02,LB,0,,,37.4,,2029,87,,51.5,PIT
PLAYOFFS,73.6,2,64.8,,56.9,,LAC_LB_01,LB,0,,,53.6,,2029,104,,46.9,PIT
PLAYOFFS,53.9,2,61.9,,,,LV_CB_03,CB,0,,,59.4,,2029,91,,52.8,PIT
PLAYOFFS,55.0,2,58.1,,,,PIT_CB_03,CB,0,,,43.3,,2029,96,,69.7,PIT
PLAYOFFS,47.2,2,61.2,,,,PIT_CB_02,CB,0,,,60.3,,2029,99,,77.5,PIT
PLAYOFFS,41.3,2,44.5,,,,DET_CB_07,CB,0,,,51.9,,2029,104,,48.2,PIT
PLAYOFFS,74.7,2,73.9,,,,P100347_S,S,0,,,70.2,,2029,107,,49.6,PIT
PLAYOFFS,83.4,2,87.8,,,,P100428_S,S,0,,,67.1,,2029,117,,80.4,PIT
PLAYOFFS,58.6,2,46.0,,,,P100310_S,S,0,,,55.2,,2029,103,,59.7,PIT
PLAYOFFS,,2,74.2,,,,GB_K_01,K,0,,,,,2029,12,80.8,,PIT
PLAYOFFS,,2,61.0,,,,CLE_P_01,P,0,,,,,2029,10,62.6,,PIT
PLAYOFFS,,3,63.5,,,60.4,DAL_QB_02,QB,0,,,,60.1,2029,192,,,NYJ
PLAYOFFS,,3,91.5,91.5,,,P100035_RB,RB,0,68.1,,,82.1,2029,107,,,NYJ
PLAYOFFS,,3,58.4,63.5,,,CIN_RB_02,RB,0,63.7,,,55.1,2029,60,,,NYJ
PLAYOFFS,,3,70.2,,,,NYJ_WR_03,WR,0,66.9,59.8,,,2029,133,,,NYJ
PLAYOFFS,,3,79.0,,,,ARI_WR_01,WR,0,77.7,66.1,,,2029,135,,,NYJ
PLAYOFFS,,3,74.7,76.6,,,NE_TE_01,TE,0,74.7,76.1,,,2029,111,,,NYJ
PLAYOFFS,,3,67.3,54.5,,,LV_TE_02,TE,0,65.6,70.0,,,2029,108,,,NYJ
PLAYOFFS,,3,60.3,61.6,,,HOU_OT_01,OT,0,,63.3,,,2029,202,,,NYJ
PLAYOFFS,,3,62.5,63.1,,,NYJ_OT_02,OT,0,,55.1,,,2029,190,,,NYJ
PLAYOFFS,,3,79.1,79.6,,,NYJ_OG_01,OG,0,,78.3,,,2029,190,,,NYJ
PLAYOFFS,,3,74.8,58.5,,,HOU_OG_01,OG,0,,77.8,,,2029,200,,,NYJ
PLAYOFFS,,3,63.0,61.0,,,P100300_C,C,0,,62.8,,,2029,189,,,NYJ
PLAYOFFS,,3,68.0,,63.5,,JAX_EDGE_01,EDGE,0,,,70.4,,2029,122,,53.6,NYJ
PLAYOFFS,,3,77.9,,71.5,,NYJ_EDGE_04,EDGE,0,,,75.0,,2029,130,,70.3,NYJ
PLAYOFFS,,3,64.8,,65.0,,PIT_EDGE_03,EDGE,0,,,60.7,,2029,132,,69.7,NYJ
PLAYOFFS,,3,77.1,,66.8,,NYJ_EDGE_05,EDGE,0,,,63.3,,2029,138,,89.9,NYJ
PLAYOFFS,,3,87.6,,68.7,,WAS_DT_01,DT,0,,,87.2,,2029,111,,78.4,NYJ
PLAYOFFS,,3,72.8,,74.7,,TB_DT_03,DT,0,,,81.7,,2029,113,,59.9,NYJ
PLAYOFFS,,3,74.8,,62.2,,BUF_DT_05,DT,0,,,82.3,,2029,127,,68.3,NYJ
PLAYOFFS,63.9,3,67.5,,72.4,,NO_LB_01,LB,0,,,71.6,,2029,137,,56.0,NYJ
PLAYOFFS,76.5,3,82.4,,75.3,,NYG_LB_02,LB,0,,,71.9,,2029,131,,83.8,NYJ
PLAYOFFS,25.2,3,38.2,,39.4,,P100884_LB,LB,0,,,49.7,,2029,136,,48.2,NYJ
PLAYOFFS,86.2,3,88.2,,,,JAX_CB_03,CB,0,,,82.7,,2029,147,,81.9,NYJ
PLAYOFFS,60.7,3,75.3,,,,NYJ_CB_02,CB,0,,,62.1,,2029,158,,79.8,NYJ
PLAYOFFS,58.5,3,67.2,,,,CLE_CB_03,CB,0,,,61.4,,2029,150,,69.8,NYJ
PLAYOFFS,63.7,3,67.9,,,,TEN_CB_06,CB,0,,,60.9,,2029,146,,57.0,NYJ
PLAYOFFS,69.7,3,66.6,,,,CAR_S_03,S,0,,,66.8,,2029,166,,70.6,NYJ
PLAYOFFS,74.0,3,75.0,,,,P100592_S,S,0,,,75.8,,2029,155,,63.3,NYJ
PLAYOFFS,68.2,3,79.8,,,,PHI_S_01,S,0,,,68.5,,2029,144,,78.5,NYJ
PLAYOFFS,,3,75.0,,,,PHI_K_01,K,0,,,,,2029,18,68.3,,NYJ
PLAYOFFS,,3,56.7,,,,SEA_P_01,P,0,,,,,2029,15,68.6,,NYJ
PLAYOFFS,,1,72.9,,,74.2,P100496_QB,QB,0,,,,64.1,2029,72,,,CIN
PLAYOFFS,,1,99.4,80.1,,,NO_RB_02,RB,0,91.8,,,92.2,2029,42,,,CIN
PLAYOFFS,,1,60.2,,,,CIN_WR_04,WR,0,47.3,63.8,,,2029,39,,,CIN
PLAYOFFS,,1,81.9,,,,HOU_WR_02,WR,0,93.9,60.8,,,2029,41,,,CIN
PLAYOFFS,,1,32.4,,,,CIN_WR_03,WR,0,45.7,27.8,,,2029,49,,,CIN
PLAYOFFS,,1,71.4,,,,P100484_WR,WR,0,60.2,57.0,,,2029,47,,,CIN
PLAYOFFS,,1,80.2,99.9,,,GB_TE_03,TE,0,68.8,72.6,,,2029,40,,,CIN
PLAYOFFS,,1,76.1,76.8,,,CIN_TE_01,TE,0,70.1,76.8,,,2029,38,,,CIN
PLAYOFFS,,1,63.3,50.1,,,WAS_OT_01,OT,0,,72.5,,,2029,61,,,CIN
PLAYOFFS,,1,69.2,68.8,,,CIN_OT_02,OT,0,,43.9,,,2029,71,,,CIN
PLAYOFFS,,1,63.1,53.6,,,TEN_OG_01,OG,0,,61.3,,,2029,65,,,CIN
PLAYOFFS,,1,51.8,53.6,,,CIN_OG_02,OG,0,,37.3,,,2029,70,,,CIN
PLAYOFFS,,1,45.4,44.9,,,BAL_C_01,C,0,,52.4,,,2029,68,,,CIN
PLAYOFFS,,1,61.9,,69.5,,ATL_EDGE_01,EDGE,0,,,53.7,,2029,43,,61.3,CIN
PLAYOFFS,,1,55.9,,42.5,,LV_EDGE_02,EDGE,0,,,48.9,,2029,45,,53.6,CIN
PLAYOFFS,,1,57.4,,42.0,,GB_EDGE_07,EDGE,0,,,44.0,,2029,41,,80.3,CIN
PLAYOFFS,,1,42.3,,32.9,,P100663_EDGE,EDGE,0,,,58.4,,2029,48,,47.3,CIN
PLAYOFFS,,1,63.0,,52.9,,DEN_DT_01,DT,0,,,60.1,,2029,35,,60.2,CIN
PLAYOFFS,,1,46.1,,67.1,,P100475_DT,DT,0,,,42.0,,2029,36,,58.9,CIN
PLAYOFFS,,1,62.8,,71.5,,CIN_DT_03,DT,0,,,52.0,,2029,34,,42.8,CIN
PLAYOFFS,75.5,1,72.4,,73.0,,SEA_LB_02,LB,0,,,72.8,,2029,46,,80.6,CIN
PLAYOFFS,76.2,1,88.7,,92.1,,SF_LB_01,LB,0,,,77.1,,2029,38,,76.6,CIN
PLAYOFFS,73.4,1,79.2,,55.9,,ATL_LB_02,LB,0,,,83.1,,2029,49,,76.7,CIN
PLAYOFFS,67.7,1,76.7,,,,HOU_CB_05,CB,0,,,67.9,,2029,45,,66.6,CIN
PLAYOFFS,87.7,1,53.6,,,,CIN_CB_01,CB,0,,,75.3,,2029,53,,39.0,CIN
PLAYOFFS,79.8,1,82.4,,,,SEA_CB_05,CB,0,,,67.3,,2029,47,,65.0,CIN
PLAYOFFS,69.1,1,76.5,,,,NYJ_CB_05,CB,0,,,55.1,,2029,49,,52.6,CIN
PLAYOFFS,60.6,1,88.0,,,,CIN_S_01,S,0,,,69.7,,2029,51,,55.4,CIN
PLAYOFFS,85.9,1,69.3,,,,HOU_S_03,S,0,,,69.4,,2029,47,,76.8,CIN
PLAYOFFS,,1,66.6,,,,BAL_K_01,K,0,,,,,2029,6,69.2,,CIN
PLAYOFFS,,1,82.8,,,,ATL_P_01,P,0,,,,,2029,5,56.2,,CIN
PLAYOFFS,,2,86.0,,,87.1,CAR_QB_01,QB,0,,,,87.8,2029,130,,,CLE
PLAYOFFS,,2,79.2,74.6,,,WAS_RB_01,RB,0,77.6,,,77.0,2029,79,,,CLE
PLAYOFFS,,2,57.3,,,,CLE_WR_02,WR,0,56.9,56.9,,,2029,80,,,CLE
PLAYOFFS,,2,58.4,,,,CLE_WR_06,WR,0,65.4,39.3,,,2029,79,,,CLE
PLAYOFFS,,2,50.0,,,,P100365_WR,WR,0,56.1,61.7,,,2029,81,,,CLE
PLAYOFFS,,2,81.4,,,,IND_WR_05,WR,0,71.1,72.1,,,2029,95,,,CLE
PLAYOFFS,,2,55.1,42.4,,,CLE_TE_02,TE,0,67.0,65.2,,,2029,80,,,CLE
PLAYOFFS,,2,59.9,47.7,,,P100701_TE,TE,0,60.3,55.6,,,2029,82,,,CLE
PLAYOFFS,,2,63.0,59.2,,,TEN_OT_01,OT,0,,59.4,,,2029,137,,,CLE
PLAYOFFS,,2,60.7,72.0,,,CLE_OT_02,OT,0,,76.1,,,2029,139,,,CLE
PLAYOFFS,,2,65.5,54.9,,,CLE_OG_02,OG,0,,50.2,,,2029,133,,,CLE
PLAYOFFS,,2,78.2,66.1,,,PIT_OG_03,OG,0,,75.0,,,2029,130,,,CLE
PLAYOFFS,,2,88.5,81.1,,,NYJ_C_01,C,0,,84.5,,,2029,143,,,CLE
PLAYOFFS,,2,91.0,,84.8,,CLE_EDGE_01,EDGE,0,,,72.2,,2029,83,,85.1,CLE
PLAYOFFS,,2,71.7,,66.9,,TB_EDGE_02,EDGE,0,,,68.7,,2029,94,,76.0,CLE
PLAYOFFS,,2,48.0,,47.1,,P100018_EDGE,EDGE,0,,,52.6,,2029,90,,57.3,CLE
PLAYOFFS,,2,81.4,,81.9,,P100146_EDGE,EDGE,0,,,77.3,,2029,82,,79.4,CLE
PLAYOFFS,,2,75.2,,66.8,,BAL_DT_02,DT,0,,,85.7,,2029,61,,74.8,CLE
PLAYOFFS,,2,67.6,,60.4,,P100324_DT,DT,0,,,68.4,,2029,77,,75.3,CLE
PLAYOFFS,,2,88.9,,89.1,,LAC_DT_02,DT,0,,,89.9,,2029,79,,89.8,CLE
PLAYOFFS,59.8,2,63.2,,69.2,,CLE_LB_02,LB,0,,,43.0,,2029,100,,59.4,CLE
PLAYOFFS,57.1,2,54.0,,63.0,,NYJ_LB_02,LB,0,,,51.1,,2029,94,,58.6,CLE
PLAYOFFS,63.9,2,56.5,,49.8,,GB_LB_05,LB,0,,,58.8,,2029,87,,48.0,CLE
PLAYOFFS,44.6,2,49.5,,,,P100700_CB,CB,0,,,41.0,,2029,97,,61.9,CLE
PLAYOFFS,82.7,2,82.1,,,,DET_CB_04,CB,0,,,57.4,,2029,103,,60.7,CLE
PLAYOFFS,74.0,2,78.8,,,,TEN_CB_07,CB,0,,,60.5,,2029,111,,71.6,CLE
PLAYOFFS,78.9,2,75.2,,,,P100729_CB,CB,0,,,58.5,,2029,92,,70.1,CLE
PLAYOFFS,78.8,2,78.8,,,,NYG_S_01,S,0,,,89.5,,2029,108,,76.1,CLE
PLAYOFFS,62.8,2,67.4,,,,P100462_S,S,0,,,81.3,,2029,110,,66.4,CLE
PLAYOFFS,70.8,2,58.4,,,,P100142_S,S,0,,,45.9,,2029,103,,73.7,CLE
PLAYOFFS,,2,70.1,,,,CLE_K_01,K,0,,,,,2029,12,83.7,,CLE
PLAYOFFS,,2,48.2,,,,TEN_P_01,P,0,,,,,2029,10,63.4,,CLE
PLAYOFFS,,1,62.0,,,86.3,SF_QB_01,QB,0,,,,70.9,2029,60,,,TEN
PLAYOFFS,,1,64.3,63.7,,,IND_RB_02,RB,0,60.9,,,58.5,2029,27,,,TEN
PLAYOFFS,,1,54.8,40.8,,,P100654_RB,RB,0,52.1,,,77.3,2029,22,,,TEN
PLAYOFFS,,1,86.9,,,,ATL_WR_02,WR,0,81.2,71.4,,,2029,39,,,TEN
PLAYOFFS,,1,73.8,,,,TEN_WR_03,WR,0,60.7,63.8,,,2029,51,,,TEN
PLAYOFFS,,1,67.1,,,,DAL_WR_03,WR,0,64.4,58.8,,,2029,42,,,TEN
PLAYOFFS,,1,65.1,,,,TEN_WR_02,WR,0,73.3,77.1,,,2029,38,,,TEN
PLAYOFFS,,1,92.1,79.2,,,TEN_TE_03,TE,0,91.3,95.2,,,2029,47,,,TEN
PLAYOFFS,,1,71.8,44.9,,,CAR_OT_02,OT,0,,80.1,,,2029,68,,,TEN
PLAYOFFS,,1,60.3,32.3,,,P100498_OT,OT,0,,77.1,,,2029,65,,,TEN
PLAYOFFS,,1,99.9,92.0,,,BAL_OG_02,OG,0,,99.9,,,2029,64,,,TEN
PLAYOFFS,,1,47.4,32.5,,,CAR_OG_04,OG,0,,55.6,,,2029,72,,,TEN
PLAYOFFS,,1,43.3,70.5,,,P100005_C,C,0,,71.4,,,2029,66,,,TEN
PLAYOFFS,,1,61.9,,51.1,,NO_EDGE_02,EDGE,0,,,71.4,,2029,50,,65.5,TEN
PLAYOFFS,,1,91.2,,75.9,,LAC_EDGE_01,EDGE,0,,,90.5,,2029,43,,83.9,TEN
PLAYOFFS,,1,52.0,,58.9,,BUF_EDGE_02,EDGE,0,,,36.8,,2029,47,,86.0,TEN
PLAYOFFS,,1,70.4,,56.1,,CHI_EDGE_02,EDGE,0,,,59.8,,2029,46,,86.8,TEN
PLAYOFFS,,1,55.0,,54.3,,TEN_DT_01,DT,0,,,58.8,,2029,34,,51.8,TEN
PLAYOFFS,,1,36.9,,36.5,,KC_DT_03,DT,0,,,34.9,,2029,38,,35.9,TEN
PLAYOFFS,,1,70.5,,61.4,,TEN_DT_04,DT,0,,,90.5,,2029,32,,70.7,TEN
PLAYOFFS,53.0,1,74.5,,86.0,,TEN_LB_01,LB,0,,,47.8,,2029,46,,69.7,TEN
PLAYOFFS,92.0,1,70.4,,50.1,,DET_LB_04,LB,0,,,57.0,,2029,52,,63.6,TEN
PLAYOFFS,59.1,1,59.1,,58.1,,TEN_LB_04,LB,0,,,65.6,,2029,52,,78.6,TEN
PLAYOFFS,69.5,1,80.3,,,,CLE_CB_02,CB,0,,,72.6,,2029,48,,91.5,TEN
PLAYOFFS,58.5,1,59.5,,,,LAR_CB_08,CB,0,,,59.4,,2029,54,,62.9,TEN
PLAYOFFS,54.0,1,71.0,,,,PIT_CB_04,CB,0,,,71.7,,2029,50,,80.5,TEN
PLAYOFFS,75.1,1,82.1,,,,TEN_CB_04,CB,0,,,75.4,,2029,52,,82.8,TEN
PLAYOFFS,77.2,1,77.1,,,,TEN_S_01,S,0,,,73.2,,2029,49,,65.7,TEN
PLAYOFFS,72.1,1,67.8,,,,CLE_S_03,S,0,,,56.2,,2029,53,,65.0,TEN
PLAYOFFS,88.3,1,92.3,,,,BAL_S_01,S,0,,,76.7,,2029,52,,88.1,TEN
PLAYOFFS,,1,87.3,,,,MIN_K_01,K,0,,,,,2029,6,63.7,,TEN
PLAYOFFS,,1,64.5,,,,PIT_P_01,P,0,,,,,2029,5,67.4,,TEN
PLAYOFFS,,3,75.7,,,80.4,P100234_QB,QB,0,,,,75.2,2029,199,,,IND
PLAYOFFS,,3,65.1,63.7,,,NYG_RB_03,RB,0,65.6,,,63.5,2029,118,,,IND
PLAYOFFS,,3,77.4,,,,IND_WR_01,WR,0,74.8,72.0,,,2029,141,,,IND
PLAYOFFS,,3,60.6,,,,ARI_WR_02,WR,0,55.5,72.7,,,2029,134,,,IND
PLAYOFFS,,3,66.1,,,,NO_WR_05,WR,0,80.8,78.2,,,2029,128,,,IND
PLAYOFFS,,3,81.0,,,,HOU_WR_04,WR,0,77.4,78.3,,,2029,122,,,IND
PLAYOFFS,,3,75.2,71.2,,,NYJ_TE_01,TE,0,71.4,64.6,,,2029,122,,,IND
PLAYOFFS,,3,62.1,65.5,,,SEA_TE_02,TE,0,66.3,60.2,,,2029,114,,,IND
PLAYOFFS,,3,91.8,93.0,,,MIN_OT_02,OT,0,,94.9,,,2029,183,,,IND
PLAYOFFS,,3,84.2,79.1,,,NYG_OT_01,OT,0,,82.2,,,2029,198,,,IND
PLAYOFFS,,3,72.0,72.7,,,PHI_OG_01,OG,0,,66.3,,,2029,214,,,IND
PLAYOFFS,,3,76.4,68.4,,,DET_OG_02,OG,0,,85.9,,,2029,207,,,IND
PLAYOFFS,,3,76.6,71.7,,,IND_C_01,C,0,,71.7,,,2029,199,,,IND
PLAYOFFS,,3,86.9,,78.6,,IND_EDGE_01,EDGE,0,,,70.4,,2029,131,,85.2,IND
PLAYOFFS,,3,72.2,,62.4,,IND_EDGE_02,EDGE,0,,,60.8,,2029,130,,74.2,IND
PLAYOFFS,,3,83.6,,86.9,,DET_EDGE_01,EDGE,0,,,86.7,,2029,132,,77.2,IND
PLAYOFFS,,3,72.2,,66.9,,NO_EDGE_06,EDGE,0,,,71.3,,2029,130,,65.1,IND
PLAYOFFS,,3,66.3,,69.3,,PHI_DT_01,DT,0,,,77.6,,2029,116,,65.3,IND
PLAYOFFS,,3,81.2,,64.1,,CLE_DT_04,DT,0,,,73.8,,2029,107,,89.7,IND
PLAYOFFS,,3,66.1,,38.0,,CIN_DT_02,DT,0,,,74.2,,2029,112,,60.9,IND
PLAYOFFS,65.5,3,61.4,,67.2,,PHI_LB_04,LB,0,,,56.1,,2029,123,,68.0,IND
PLAYOFFS,67.9,3,76.2,,77.6,,GB_LB_03,LB,0,,,79.4,,2029,139,,80.6,IND
PLAYOFFS,70.9,3,64.6,,64.3,,IND_LB_02,LB,0,,,56.1,,2029,143,,58.9,IND
PLAYOFFS,83.3,3,84.2,,,,IND_CB_01,CB,0,,,67.7,,2029,143,,73.2,IND
PLAYOFFS,65.7,3,52.3,,,,PIT_CB_01,CB,0,,,51.4,,2029,146,,56.0,IND
PLAYOFFS,62.1,3,59.9,,,,IND_CB_03,CB,0,,,56.3,,2029,155,,49.7,IND
PLAYOFFS,63.9,3,74.8,,,,CAR_S_02,S,0,,,76.2,,2029,158,,78.7,IND
PLAYOFFS,82.6,3,68.7,,,,MIA_S_02,S,0,,,64.7,,2029,171,,55.2,IND
PLAYOFFS,75.1,3,70.4,,,,P100491_S,S,0,,,67.8,,2029,149,,78.9,IND
PLAYOFFS,,3,64.7,,,,ARI_K_01,K,0,,,,,2029,18,69.3,,IND
PLAYOFFS,,3,77.9,,,,IND_P_01,P,0,,,,,2029,15,85.8,,IND
PLAYOFFS,,2,81.4,,,73.5,PHI_QB_01,QB,0,,,,76.5,2029,114,,,PHI
PLAYOFFS,,2,76.7,90.0,,,CLE_RB_03,RB,0,64.9,,,61.8,2029,61,,,PHI
PLAYOFFS,,2,81.4,73.3,,,LV_RB_02,RB,0,81.8,,,68.4,2029,35,,,PHI
PLAYOFFS,,2,56.6,60.5,,,P100058_RB,RB,0,49.1,,,49.1,2029,32,,,PHI
PLAYOFFS,,2,82.0,,,,PIT_WR_02,WR,0,58.6,81.2,,,2029,90,,,PHI
PLAYOFFS,,2,77.6,,,,DET_WR_02,WR,0,76.1,75.8,,,2029,77,,,PHI
PLAYOFFS,,2,71.0,,,,P100615_WR,WR,0,54.1,78.0,,,2029,91,,,PHI
PLAYOFFS,,2,60.0,,,,BAL_WR_03,WR,0,66.0,46.5,,,2029,87,,,PHI
PLAYOFFS,,2,54.2,51.5,,,SEA_TE_01,TE,0,54.7,57.4,,,2029,80,,,PHI
PLAYOFFS,,2,63.2,62.2,,,PIT_TE_02,TE,0,69.3,60.1,,,2029,83,,,PHI
PLAYOFFS,,2,89.9,82.7,,,LV_OT_02,OT,0,,90.4,,,2029,135,,,PHI
PLAYOFFS,,2,84.5,75.5,,,PHI_OT_04,OT,0,,72.9,,,2029,129,,,PHI
PLAYOFFS,,2,85.4,85.3,,,LV_OG_03,OG,0,,75.1,,,2029,139,,,PHI
PLAYOFFS,,2,69.1,76.5,,,CIN_OG_03,OG,0,,69.9,,,2029,142,,,PHI
PLAYOFFS,,2,94.6,84.6,,,CAR_C_01,C,0,,89.1,,,2029,141,,,PHI
PLAYOFFS,,2,77.6,,80.4,,BUF_EDGE_01,EDGE,0,,,51.1,,2029,88,,67.6,PHI
PLAYOFFS,,2,71.2,,68.3,,PHI_EDGE_01,EDGE,0,,,74.7,,2029,80,,66.7,PHI
PLAYOFFS,,2,67.5,,53.0,,GB_EDGE_04,EDGE,0,,,70.6,,2029,88,,67.7,PHI
PLAYOFFS,,2,71.4,,76.3,,P100214_EDGE,EDGE,0,,,68.9,,2029,83,,64.7,PHI
PLAYOFFS,,2,56.9,,69.8,,CHI_DT_01,DT,0,,,48.1,,2029,80,,52.9,PHI
PLAYOFFS,,2,78.1,,91.9,,NYJ_DT_05,DT,0,,,84.4,,2029,68,,74.9,PHI
PLAYOFFS,,2,34.9,,45.2,,WAS_DT_04,DT,0,,,35.2,,2029,66,,57.1,PHI
PLAYOFFS,84.4,2,90.6,,85.3,,JAX_LB_01,LB,0,,,75.2,,2029,88,,86.8,PHI
PLAYOFFS,67.4,2,66.6,,61.6,,PHI_LB_03,LB,0,,,73.7,,2029,106,,58.8,PHI
PLAYOFFS,61.1,2,86.0,,,,HOU_CB_03,CB,0,,,69.6,,2029,101,,83.0,PHI
PLAYOFFS,69.5,2,71.7,,,,WAS_CB_08,CB,0,,,51.3,,2029,97,,83.0,PHI
PLAYOFFS,74.5,2,72.5,,,,NO_CB_04,CB,0,,,56.3,,2029,101,,71.8,PHI
PLAYOFFS,62.7,2,57.7,,,,P100249_CB,CB,0,,,56.1,,2029,96,,59.2,PHI
PLAYOFFS,38.5,2,52.1,,,,CAR_S_01,S,0,,,64.3,,2029,105,,63.0,PHI
PLAYOFFS,43.3,2,50.1,,,,NYJ_S_04,S,0,,,58.6,,2029,100,,53.4,PHI
PLAYOFFS,88.4,2,82.4,,,,P100342_S,S,0,,,79.4,,2029,109,,89.7,PHI
PLAYOFFS,,2,70.8,,,,P100078_K,K,0,,,,,2029,12,73.1,,PHI
PLAYOFFS,,2,58.2,,,,DEN_P_01,P,0,,,,,2029,10,56.5,,PHI
PLAYOFFS,,1,87.4,,,85.5,CIN_QB_03,QB,0,,,,68.3,2029,60,,,SEA
PLAYOFFS,,1,71.4,51.0,,,SF_RB_03,RB,0,68.1,,,69.6,2029,28,,,SEA
PLAYOFFS,,1,68.1,81.9,,,CAR_RB_03,RB,0,63.4,,,58.5,2029,19,,,SEA
PLAYOFFS,,1,59.1,77.3,,,FA_RB_021,RB,0,89.0,,,76.1,2029,15,,,SEA
PLAYOFFS,,1,69.9,,,,SF_WR_01,WR,0,72.9,62.5,,,2029,52,,,SEA
PLAYOFFS,,1,50.2,,,,P100557_WR,WR,0,76.8,43.5,,,2029,45,,,SEA
PLAYOFFS,,1,32.5,,,,P100552_WR,WR,0,35.0,34.9,,,2029,35,,,SEA
PLAYOFFS,,1,69.0,,,,P100384_WR,WR,0,76.3,62.4,,,2029,37,,,SEA
PLAYOFFS,,1,75.0,76.2,,,P100720_TE,TE,0,67.5,88.2,,,2029,42,,,SEA
PLAYOFFS,,1,47.0,69.9,,,P100692_TE,TE,0,50.7,52.8,,,2029,35,,,SEA
PLAYOFFS,,1,33.9,50.5,,,CAR_OT_04,OT,0,,22.4,,,2029,62,,,SEA
PLAYOFFS,,1,39.6,21.7,,,BAL_OT_01,OT,0,,45.2,,,2029,68,,,SEA
PLAYOFFS,,1,99.9,92.6,,,TEN_OG_04,OG,0,,99.9,,,2029,64,,,SEA
PLAYOFFS,,1,73.2,85.9,,,LAC_OG_02,OG,0,,62.5,,,2029,65,,,SEA
PLAYOFFS,,1,75.2,87.5,,,SEA_C_01,C,0,,67.8,,,2029,63,,,SEA
PLAYOFFS,,1,90.5,,92.0,,MIN_EDGE_02,EDGE,0,,,80.4,,2029,35,,89.2,SEA
PLAYOFFS,,1,72.5,,83.5,,P100066_EDGE,EDGE,0,,,77.0,,2029,45,,78.5,SEA
PLAYOFFS,,1,95.2,,87.0,,P100316_EDGE,EDGE,0,,,91.8,,2029,46,,72.5,SEA
PLAYOFFS,,1,62.8,,67.0,,HOU_DT_01,DT,0,,,72.3,,2029,39,,60.9,SEA
PLAYOFFS,,1,69.1,,72.8,,P100238_DT,DT,0,,,51.6,,2029,43,,52.9,SEA
PLAYOFFS,,1,44.2,,32.7,,NYG_DT_02,DT,0,,,50.7,,2029,40,,39.4,SEA
PLAYOFFS,42.5,1,58.7,,78.0,,P100402_LB,LB,0,,,58.5,,2029,43,,35.7,SEA
PLAYOFFS,75.7,1,63.9,,59.4,,SEA_LB_04,LB,0,,,84.4,,2029,45,,84.4,SEA
PLAYOFFS,79.7,1,57.3,,,,SEA_CB_04,CB,0,,,54.1,,2029,53,,25.6,SEA
PLAYOFFS,63.5,1,55.3,,,,CAR_CB_04,CB,0,,,44.9,,2029,44,,69.5,SEA
PLAYOFFS,81.3,1,46.7,,,,P100836_CB,CB,0,,,47.7,,2029,56,,48.6,SEA
PLAYOFFS,55.6,1,40.0,,,,P100702_CB,CB,0,,,24.5,,2029,49,,50.7,SEA
PLAYOFFS,80.1,1,89.9,,,,KC_S_01,S,0,,,89.1,,2029,48,,93.8,SEA
PLAYOFFS,75.5,1,74.1,,,,SF_S_02,S,0,,,73.7,,2029,47,,75.5,SEA
PLAYOFFS,74.5,1,76.5,,,,SF_S_01,S,0,,,69.2,,2029,47,,72.1,SEA
PLAYOFFS,,1,76.9,,,,CIN_K_01,K,0,,,,,2029,6,61.8,,SEA
PLAYOFFS,,1,90.2,,,,SF_P_01,P,0,,,,,2029,5,80.3,,SEA
PLAYOFFS,,1,52.0,,,54.7,LAR_QB_01,QB,0,,,,58.7,2029,64,,,LAR
PLAYOFFS,,1,69.7,81.3,,,CIN_RB_01,RB,0,66.7,,,50.7,2029,39,,,LAR
PLAYOFFS,,1,87.3,,,,IND_WR_02,WR,0,87.8,79.6,,,2029,40,,,LAR
PLAYOFFS,,1,70.3,,,,SEA_WR_02,WR,0,58.9,67.8,,,2029,44,,,LAR
PLAYOFFS,,1,59.8,,,,NYJ_WR_06,WR,0,71.3,63.1,,,2029,40,,,LAR
PLAYOFFS,,1,78.1,,,,MIN_WR_03,WR,0,56.1,46.2,,,2029,43,,,LAR
PLAYOFFS,,1,59.0,65.0,,,LAR_TE_02,TE,0,61.3,67.9,,,2029,39,,,LAR
PLAYOFFS,,1,63.0,36.2,,,LAR_OT_01,OT,0,,66.9,,,2029,70,,,LAR
PLAYOFFS,,1,81.7,63.3,,,LAR_OT_02,OT,0,,69.5,,,2029,67,,,LAR
PLAYOFFS,,1,79.5,73.8,,,SEA_OG_05,OG,0,,66.0,,,2029,61,,,LAR
PLAYOFFS,,1,45.1,41.7,,,KC_C_02,C,0,,60.8,,,2029,69,,,LAR
PLAYOFFS,,1,50.4,,47.7,,SEA_EDGE_02,EDGE,0,,,58.3,,2029,41,,48.0,LAR
PLAYOFFS,,1,88.1,,99.9,,CLE_EDGE_03,EDGE,0,,,78.1,,2029,43,,86.2,LAR
PLAYOFFS,,1,63.6,,72.4,,ATL_EDGE_07,EDGE,0,,,66.7,,2029,40,,80.1,LAR
PLAYOFFS,,1,85.3,,72.6,,P100134_EDGE,EDGE,0,,,88.0,,2029,50,,80.7,LAR
PLAYOFFS,,1,49.0,,87.1,,LAR_DT_02,DT,0,,,55.8,,2029,35,,67.7,LAR
PLAYOFFS,,1,57.2,,41.7,,MIN_DT_03,DT,0,,,51.3,,2029,38,,64.9,LAR
PLAYOFFS,,1,78.3,,61.2,,GB_DT_05,DT,0,,,87.2,,2029,35,,78.4,LAR
PLAYOFFS,87.8,1,89.6,,74.4,,P100545_LB,LB,0,,,87.0,,2029,41,,77.8,LAR
PLAYOFFS,86.3,1,88.9,,77.1,,P100696_LB,LB,0,,,90.9,,2029,44,,79.3,LAR
PLAYOFFS,88.3,1,67.9,,76.9,,P100519_LB,LB,0,,,93.4,,2029,45,,68.5,LAR
PLAYOFFS,79.5,1,94.7,,,,LAR_CB_02,CB,0,,,88.1,,2029,40,,87.1,LAR
PLAYOFFS,56.1,1,28.4,,,,JAX_CB_05,CB,0,,,36.9,,2029,56,,31.5,LAR
PLAYOFFS,53.2,1,62.0,,,,P100417_CB,CB,0,,,47.7,,2029,51,,62.3,LAR
PLAYOFFS,53.5,1,62.3,,,,LAC_CB_08,CB,0,,,55.3,,2029,52,,59.2,LAR
PLAYOFFS,94.7,1,94.8,,,,DET_S_01,S,0,,,99.9,,2029,60,,64.0,LAR
PLAYOFFS,49.3,1,52.6,,,,LAR_S_04,S,0,,,49.2,,2029,51,,82.9,LAR
PLAYOFFS,76.1,1,60.8,,,,P100676_S,S,0,,,52.4,,2029,50,,87.2,LAR
PLAYOFFS,,1,75.0,,,,DAL_K_01,K,0,,,,,2029,6,73.7,,LAR
PLAYOFFS,,1,59.0,,,,DAL_P_01,P,0,,,,,2029,5,58.6,,LAR
PLAYOFFS,,2,64.7,,,58.7,DET_QB_01,QB,0,,,,75.0,2029,134,,,TB
PLAYOFFS,,2,59.3,64.4,,,PIT_RB_03,RB,0,57.2,,,64.9,2029,57,,,TB
PLAYOFFS,,2,36.3,48.3,,,BUF_RB_04,RB,0,45.5,,,33.3,2029,37,,,TB
PLAYOFFS,,2,76.1,77.0,,,MIN_RB_02,RB,0,76.8,,,61.6,2029,30,,,TB
PLAYOFFS,,2,69.9,,,,HOU_WR_01,WR,0,58.3,69.0,,,2029,92,,,TB
PLAYOFFS,,2,54.8,,,,CAR_WR_08,WR,0,62.4,61.2,,,2029,88,,,TB
PLAYOFFS,,2,60.4,,,,MIA_WR_03,WR,0,51.6,59.1,,,2029,103,,,TB
PLAYOFFS,,2,32.2,,,,KC_WR_07,WR,0,37.4,32.5,,,2029,95,,,TB
PLAYOFFS,,2,74.8,70.6,,,P100868_TE,TE,0,65.2,77.0,,,2029,81,,,TB
PLAYOFFS,,2,61.5,63.4,,,P100634_TE,TE,0,61.1,67.4,,,2029,76,,,TB
PLAYOFFS,,2,86.2,82.4,,,TB_OT_02,OT,0,,74.3,,,2029,135,,,TB
PLAYOFFS,,2,87.9,77.8,,,ARI_OT_02,OT,0,,88.3,,,2029,133,,,TB
PLAYOFFS,,2,81.6,51.3,,,DAL_OG_01,OG,0,,74.5,,,2029,122,,,TB
PLAYOFFS,,2,63.4,57.7,,,MIN_OG_02,OG,0,,58.9,,,2029,137,,,TB
PLAYOFFS,,2,62.7,72.3,,,NYG_C_01,C,0,,72.5,,,2029,137,,,TB
PLAYOFFS,,2,77.2,,85.1,,NYJ_EDGE_01,EDGE,0,,,81.5,,2029,81,,79.1,TB
PLAYOFFS,,2,65.2,,67.4,,MIA_EDGE_01,EDGE,0,,,73.0,,2029,90,,72.2,TB
PLAYOFFS,,2,79.3,,87.9,,TEN_EDGE_02,EDGE,0,,,70.9,,2029,88,,75.6,TB
PLAYOFFS,,2,66.6,,69.9,,P100095_EDGE,EDGE,0,,,64.9,,2029,88,,55.0,TB
PLAYOFFS,,2,76.5,,68.2,,MIA_DT_02,DT,0,,,85.3,,2029,73,,55.4,TB
PLAYOFFS,,2,54.3,,64.7,,NO_DT_01,DT,0,,,57.1,,2029,79,,50.4,TB
PLAYOFFS,,2,78.2,,76.9,,ATL_DT_04,DT,0,,,73.7,,2029,75,,69.7,TB
PLAYOFFS,73.8,2,84.5,,74.5,,TB_LB_02,LB,0,,,72.4,,2029,91,,81.8,TB
PLAYOFFS,52.2,2,72.9,,68.7,,TB_LB_05,LB,0,,,64.8,,2029,93,,54.0,TB
PLAYOFFS,62.5,2,70.7,,73.8,,LAR_LB_04,LB,0,,,63.9,,2029,94,,60.3,TB
PLAYOFFS,52.7,2,52.0,,,,LV_CB_01,CB,0,,,47.0,,2029,101,,54.2,TB
PLAYOFFS,59.9,2,59.0,,,,TB_CB_05,CB,0,,,69.5,,2029,90,,46.8,TB
PLAYOFFS,61.5,2,44.7,,,,SF_CB_04,CB,0,,,51.1,,2029,96,,58.1,TB
PLAYOFFS,74.0,2,80.0,,,,NE_CB_06,CB,0,,,81.0,,2029,103,,81.0,TB
PLAYOFFS,70.5,2,78.7,,,,LV_S_01,S,0,,,76.9,,2029,104,,84.5,TB
PLAYOFFS,82.8,2,86.7,,,,GB_S_04,S,0,,,67.0,,2029,109,,83.2,TB
PLAYOFFS,56.9,2,69.4,,,,WAS_S_04,S,0,,,71.0,,2029,99,,71.6,TB
PLAYOFFS,,2,68.0,,,,JAX_K_01,K,0,,,,,2029,12,65.8,,TB
PLAYOFFS,,2,61.1,,,,TB_P_01,P,0,,,,,2029,10,53.5,,TB
PLAYOFFS,,1,82.3,,,70.7,WAS_QB_01,QB,0,,,,69.7,2029,58,,,MIN
PLAYOFFS,,1,50.2,68.6,,,P100007_RB,RB,0,48.3,,,56.9,2029,47,,,MIN
PLAYOFFS,,1,55.8,,,,MIN_WR_02,WR,0,60.1,49.2,,,2029,39,,,MIN
PLAYOFFS,,1,70.1,,,,P100722_WR,WR,0,69.9,72.5,,,2029,44,,,MIN
PLAYOFFS,,1,52.2,,,,MIN_WR_05,WR,0,42.8,54.9,,,2029,40,,,MIN
PLAYOFFS,,1,96.9,,,,LV_WR_07,WR,0,92.5,79.3,,,2029,48,,,MIN
PLAYOFFS,,1,67.3,83.1,,,NO_TE_03,TE,0,85.5,51.7,,,2029,37,,,MIN
PLAYOFFS,,1,80.0,76.6,,,ARI_TE_01,TE,0,68.6,63.1,,,2029,34,,,MIN
PLAYOFFS,,1,95.9,91.5,,,MIN_OT_01,OT,0,,99.8,,,2029,64,,,MIN
PLAYOFFS,,1,33.0,38.9,,,PHI_OT_01,OT,0,,51.5,,,2029,64,,,MIN
PLAYOFFS,,1,49.0,30.3,,,MIN_OG_01,OG,0,,72.6,,,2029,69,,,MIN
PLAYOFFS,,1,67.5,80.4,,,P100388_OG,OG,0,,55.7,,,2029,61,,,MIN
PLAYOFFS,,1,75.6,,89.7,,P100814_EDGE,EDGE,0,,,63.2,,2029,41,,88.3,MIN
PLAYOFFS,,1,53.3,,50.8,,NYJ_EDGE_02,EDGE,0,,,63.8,,2029,37,,45.0,MIN
PLAYOFFS,,1,61.0,,54.7,,P100346_EDGE,EDGE,0,,,58.8,,2029,45,,73.5,MIN
PLAYOFFS,,1,50.6,,66.1,,FA_EDGE_182,EDGE,0,,,61.7,,2029,40,,58.3,MIN
PLAYOFFS,,1,93.7,,82.3,,MIN_DT_01,DT,0,,,75.7,,2029,43,,93.6,MIN
PLAYOFFS,,1,87.1,,81.8,,MIN_DT_02,DT,0,,,60.5,,2029,33,,77.2,MIN
PLAYOFFS,,1,76.9,,61.8,,PIT_DT_01,DT,0,,,71.3,,2029,40,,89.3,MIN
PLAYOFFS,27.6,1,43.7,,53.1,,FA_LB_159,LB,0,,,60.8,,2029,36,,60.4,MIN
PLAYOFFS,48.7,1,46.7,,32.5,,BUF_LB_02,LB,0,,,30.0,,2029,45,,42.4,MIN
PLAYOFFS,60.7,1,48.5,,,,MIN_CB_01,CB,0,,,60.9,,2029,51,,65.1,MIN
PLAYOFFS,74.7,1,59.8,,,,LV_CB_04,CB,0,,,63.3,,2029,51,,77.5,MIN
PLAYOFFS,65.0,1,47.2,,,,P100174_CB,CB,0,,,54.4,,2029,53,,32.8,MIN
PLAYOFFS,65.1,1,62.3,,,,ARI_CB_06,CB,0,,,61.8,,2029,46,,66.9,MIN
PLAYOFFS,94.7,1,90.7,,,,TB_S_01,S,0,,,81.9,,2029,52,,83.3,MIN
PLAYOFFS,92.6,1,80.3,,,,DET_S_02,S,0,,,76.6,,2029,53,,45.7,MIN
PLAYOFFS,40.5,1,54.7,,,,ATL_S_01,S,0,,,43.6,,2029,54,,67.6,MIN
PLAYOFFS,,1,79.5,,,,FA_K_006,K,0,,,,,2029,6,65.7,,MIN
PLAYOFFS,,1,57.6,,,,MIN_P_01,P,0,,,,,2029,5,55.0,,MIN
PLAYOFFS,,3,91.5,,,72.4,ATL_QB_01,QB,0,,,,85.4,2029,190,,,ATL
PLAYOFFS,,3,55.1,65.6,,,DAL_RB_01,RB,0,60.3,,,61.6,2029,86,,,ATL
PLAYOFFS,,3,54.1,57.1,,,NO_RB_03,RB,0,61.6,,,52.7,2029,81,,,ATL
PLAYOFFS,,3,53.4,58.6,,,P100382_RB,RB,0,59.2,,,61.3,2029,34,,,ATL
PLAYOFFS,,3,61.7,,,,ATL_WR_06,WR,0,51.6,61.5,,,2029,133,,,ATL
PLAYOFFS,,3,87.5,,,,CLE_WR_04,WR,0,90.4,76.7,,,2029,106,,,ATL
PLAYOFFS,,3,71.8,,,,GB_WR_06,WR,0,73.3,62.6,,,2029,140,,,ATL
PLAYOFFS,,3,48.1,,,,P100218_WR,WR,0,77.6,55.8,,,2029,133,,,ATL
PLAYOFFS,,3,80.5,73.0,,,ATL_TE_01,TE,0,55.6,70.3,,,2029,124,,,ATL
PLAYOFFS,,3,64.6,47.0,,,ATL_TE_02,TE,0,59.1,50.1,,,2029,117,,,ATL
PLAYOFFS,,3,76.5,81.8,,,HOU_OT_02,OT,0,,61.4,,,2029,194,,,ATL
PLAYOFFS,,3,59.8,66.7,,,PIT_OT_03,OT,0,,64.4,,,2029,209,,,ATL
PLAYOFFS,,3,74.1,76.3,,,ATL_OG_01,OG,0,,87.7,,,2029,195,,,ATL
PLAYOFFS,,3,81.4,81.8,,,ATL_OG_04,OG,0,,75.8,,,2029,196,,,ATL
PLAYOFFS,,3,70.0,65.1,,,ATL_C_01,C,0,,75.3,,,2029,184,,,ATL
PLAYOFFS,,3,82.9,,84.7,,DET_EDGE_02,EDGE,0,,,72.1,,2029,137,,86.0,ATL
PLAYOFFS,,3,80.7,,78.8,,DEN_EDGE_01,EDGE,0,,,56.2,,2029,133,,78.5,ATL
PLAYOFFS,,3,65.1,,68.4,,DAL_EDGE_05,EDGE,0,,,53.2,,2029,132,,58.5,ATL
PLAYOFFS,,3,88.4,,75.6,,NYJ_EDGE_06,EDGE,0,,,90.4,,2029,127,,85.9,ATL
PLAYOFFS,,3,74.2,,67.0,,ATL_DT_01,DT,0,,,66.7,,2029,116,,82.4,ATL
PLAYOFFS,,3,73.3,,75.5,,PIT_DT_02,DT,0,,,80.4,,2029,112,,68.8,ATL
PLAYOFFS,,3,77.0,,66.8,,BAL_DT_04,DT,0,,,73.0,,2029,107,,74.8,ATL
PLAYOFFS,72.7,3,78.4,,75.2,,MIN_LB_02,LB,0,,,68.5,,2029,138,,71.2,ATL
PLAYOFFS,52.4,3,68.3,,,,P100681_CB,CB,0,,,63.2,,2029,140,,66.9,ATL
PLAYOFFS,68.8,3,66.6,,,,P100406_CB,CB,0,,,52.8,,2029,147,,55.4,ATL
PLAYOFFS,51.9,3,49.8,,,,HOU_S_01,S,0,,,41.7,,2029,137,,50.1,ATL
PLAYOFFS,54.5,3,54.6,,,,ATL_S_03,S,0,,,54.7,,2029,165,,37.8,ATL
PLAYOFFS,65.7,3,58.3,,,,P100117_S,S,0,,,53.6,,2029,150,,64.8,ATL
PLAYOFFS,,3,64.6,,,,ATL_K_01,K,0,,,,,2029,18,53.2,,ATL
PLAYOFFS,,3,69.4,,,,GB_P_01,P,0,,,,,2029,15,61.6,,ATL
PLAYOFFS,,3,85.2,,,71.1,PIT_QB_01,QB,0,,,,77.5,2029,198,,,CAR
PLAYOFFS,,3,71.8,69.8,,,CAR_RB_01,RB,0,69.2,,,60.2,2029,90,,,CAR
PLAYOFFS,,3,59.9,71.4,,,P100856_RB,RB,0,67.0,,,59.8,2029,62,,,CAR
PLAYOFFS,,3,83.1,,,,PHI_WR_03,WR,0,76.5,73.9,,,2029,123,,,CAR
PLAYOFFS,,3,49.0,,,,P100864_WR,WR,0,59.0,50.0,,,2029,116,,,CAR
PLAYOFFS,,3,73.1,,,,P100327_WR,WR,0,66.6,65.9,,,2029,143,,,CAR
PLAYOFFS,,3,63.3,,,,P100317_WR,WR,0,53.0,74.9,,,2029,131,,,CAR
PLAYOFFS,,3,60.5,39.1,,,MIA_TE_01,TE,0,48.8,53.3,,,2029,125,,,CAR
PLAYOFFS,,3,71.1,71.8,,,P100840_TE,TE,0,58.2,79.9,,,2029,119,,,CAR
PLAYOFFS,,3,88.7,94.0,,,CAR_OT_01,OT,0,,89.9,,,2029,199,,,CAR
PLAYOFFS,,3,76.6,83.4,,,NYJ_OT_01,OT,0,,69.8,,,2029,187,,,CAR
PLAYOFFS,,3,57.4,67.9,,,WAS_OG_02,OG,0,,49.7,,,2029,192,,,CAR
PLAYOFFS,,3,76.8,65.2,,,P100013_OG,OG,0,,77.2,,,2029,190,,,CAR
PLAYOFFS,,3,67.4,69.0,,,LAC_C_01,C,0,,61.7,,,2029,184,,,CAR
PLAYOFFS,,3,53.0,,60.8,,P100231_EDGE,EDGE,0,,,49.7,,2029,134,,30.6,CAR
PLAYOFFS,,3,61.2,,65.3,,P100326_EDGE,EDGE,0,,,58.5,,2029,142,,73.8,CAR
PLAYOFFS,,3,48.3,,49.1,,CAR_DT_01,DT,0,,,47.1,,2029,110,,41.5,CAR
PLAYOFFS,,3,68.4,,64.7,,P100482_DT,DT,0,,,68.6,,2029,109,,69.1,CAR
PLAYOFFS,,3,67.8,,66.2,,P100369_DT,DT,0,,,65.1,,2029,117,,62.3,CAR
PLAYOFFS,73.9,3,83.8,,67.2,,NE_LB_01,LB,0,,,84.9,,2029,140,,75.0,CAR
PLAYOFFS,61.7,3,53.0,,63.3,,GB_LB_02,LB,0,,,65.0,,2029,128,,45.7,CAR
PLAYOFFS,55.7,3,60.4,,55.1,,P100176_LB,LB,0,,,42.5,,2029,134,,74.6,CAR
PLAYOFFS,81.6,3,77.3,,,,SF_CB_03,CB,0,,,74.8,,2029,134,,77.1,CAR
PLAYOFFS,89.0,3,91.7,,,,DAL_CB_03,CB,0,,,79.8,,2029,149,,94.1,CAR
PLAYOFFS,82.1,3,92.7,,,,TB_CB_03,CB,0,,,90.2,,2029,154,,87.1,CAR
PLAYOFFS,59.5,3,65.0,,,,P100786_CB,CB,0,,,39.1,,2029,154,,55.6,CAR
PLAYOFFS,67.9,3,55.2,,,,P100283_S,S,0,,,46.8,,2029,159,,58.8,CAR
PLAYOFFS,60.4,3,58.3,,,,NE_S_07,S,0,,,68.3,,2029,169,,62.8,CAR
PLAYOFFS,,3,56.8,,,,LAR_K_01,K,0,,,,,2029,18,55.5,,CAR
PLAYOFFS,,3,77.9,,,,NYJ_P_01,P,0,,,,,2029,15,64.7,,CAR
REGULAR_SEASON,,13,74.7,,,72.3,TB_QB_01,QB,1,,,,70.7,2030,821,,,BUF
REGULAR_SEASON,,15,55.2,50.6,,,IND_RB_01,RB,1,56.4,,,56.5,2030,441,,,BUF
REGULAR_SEASON,,12,63.8,65.3,,,ARI_RB_05,RB,1,66.4,,,60.8,2030,250,,,BUF
REGULAR_SEASON,,17,40.8,50.1,,,P100620_RB,RB,1,44.9,,,46.7,2030,339,,,BUF
REGULAR_SEASON,,17,88.5,,,,P100404_WR,WR,1,88.5,78.3,,,2030,751,,,BUF
REGULAR_SEASON,,17,68.5,,,,P100119_WR,WR,1,68.1,73.1,,,2030,738,,,BUF
REGULAR_SEASON,,17,68.8,,,,LV_WR_04,WR,1,63.5,66.3,,,2030,710,,,BUF
REGULAR_SEASON,,17,57.4,,,,P100125_WR,WR,1,57.4,62.6,,,2030,749,,,BUF
REGULAR_SEASON,,13,71.4,64.8,,,NYJ_TE_03,TE,1,68.0,75.6,,,2030,520,,,BUF
REGULAR_SEASON,,17,66.8,72.6,,,WAS_TE_02,TE,1,63.1,64.2,,,2030,694,,,BUF
REGULAR_SEASON,,13,97.5,91.1,,,P100817_OT,OT,1,,86.7,,,2030,853,,,BUF
REGULAR_SEASON,,5,44.5,48.7,,,KC_OT_04,OT,0,,44.9,,,2030,330,,,BUF
REGULAR_SEASON,,17,82.3,77.7,,,CAR_OG_01,OG,1,,70.6,,,2030,1123,,,BUF
REGULAR_SEASON,,17,56.9,55.6,,,SEA_OG_04,OG,1,,61.4,,,2030,1083,,,BUF
REGULAR_SEASON,,17,76.3,70.0,,,BAL_C_01,C,1,,68.8,,,2030,1121,,,BUF
REGULAR_SEASON,,14,80.7,,79.6,,IND_EDGE_04,EDGE,1,,,72.8,,2030,606,,71.7,BUF
REGULAR_SEASON,,13,78.8,,73.2,,P100515_EDGE,EDGE,1,,,72.3,,2030,572,,75.5,BUF
REGULAR_SEASON,,17,61.3,,64.5,,P100565_EDGE,EDGE,1,,,62.9,,2030,731,,62.5,BUF
REGULAR_SEASON,,17,48.8,,50.5,,P100735_EDGE,EDGE,1,,,47.5,,2030,754,,51.8,BUF
REGULAR_SEASON,,14,70.4,,68.8,,P100812_DT,DT,1,,,71.2,,2030,540,,66.2,BUF
REGULAR_SEASON,,13,76.1,,72.3,,TEN_DT_02,DT,1,,,69.0,,2030,471,,74.2,BUF
REGULAR_SEASON,,17,64.0,,63.7,,ARI_DT_03,DT,1,,,61.7,,2030,649,,61.4,BUF
REGULAR_SEASON,64.2,17,64.2,,62.0,,P100104_LB,LB,1,,,64.0,,2030,772,,68.8,BUF
REGULAR_SEASON,62.5,17,62.8,,,,GB_CB_03,CB,1,,,62.1,,2030,826,,59.2,BUF
REGULAR_SEASON,65.3,17,61.1,,,,BUF_CB_02,CB,1,,,60.7,,2030,856,,62.9,BUF
REGULAR_SEASON,59.5,17,65.6,,,,P100190_CB,CB,1,,,66.2,,2030,841,,61.2,BUF
REGULAR_SEASON,51.1,12,51.4,,,,P100956_CB,CB,1,,,49.7,,2030,606,,58.0,BUF
REGULAR_SEASON,60.5,17,56.9,,,,PIT_S_01,S,1,,,58.4,,2030,869,,57.5,BUF
REGULAR_SEASON,61.6,17,62.8,,,,P100881_S,S,1,,,60.6,,2030,891,,65.9,BUF
REGULAR_SEASON,,17,60.5,,,,P100910_K,K,1,,,,,2030,102,56.7,,BUF
REGULAR_SEASON,,17,74.5,,,,PHI_P_01,P,1,,,,,2030,85,70.4,,BUF
REGULAR_SEASON,,17,85.7,,,79.1,P100866_QB,QB,1,,,,79.3,2030,1063,,,NE
REGULAR_SEASON,,17,58.5,58.9,,,P100343_RB,RB,1,60.0,,,55.0,2030,563,,,NE
REGULAR_SEASON,,17,53.3,58.2,,,P100385_RB,RB,1,59.1,,,58.1,2030,358,,,NE
REGULAR_SEASON,,16,80.0,,,,LAC_WR_01,WR,1,68.7,78.6,,,2030,657,,,NE
REGULAR_SEASON,,17,57.4,,,,P100255_WR,WR,1,65.8,59.3,,,2030,750,,,NE
REGULAR_SEASON,,13,68.2,,,,P100301_WR,WR,1,70.1,69.3,,,2030,593,,,NE
REGULAR_SEASON,,14,48.5,,,,P100633_WR,WR,1,51.1,52.0,,,2030,632,,,NE
REGULAR_SEASON,,17,76.7,73.7,,,P101142_TE,TE,1,75.7,74.6,,,2030,655,,,NE
REGULAR_SEASON,,17,61.2,63.6,,,NO_TE_02,TE,1,66.6,60.4,,,2030,646,,,NE
REGULAR_SEASON,,17,74.9,71.5,,,NE_OT_03,OT,1,,72.0,,,2030,1096,,,NE
REGULAR_SEASON,,17,46.4,47.9,,,DEN_OT_05,OT,1,,48.6,,,2030,1133,,,NE
REGULAR_SEASON,,17,64.5,60.0,,,P100959_OG,OG,1,,61.9,,,2030,1129,,,NE
REGULAR_SEASON,,17,68.8,61.9,,,P100930_OG,OG,1,,68.5,,,2030,1150,,,NE
REGULAR_SEASON,,17,83.0,,76.7,,P100586_EDGE,EDGE,1,,,77.7,,2030,769,,78.9,NE
REGULAR_SEASON,,17,73.5,,68.8,,P100804_EDGE,EDGE,1,,,66.2,,2030,741,,75.5,NE
REGULAR_SEASON,,8,62.1,,67.1,,P100985_EDGE,EDGE,1,,,66.1,,2030,336,,54.9,NE
REGULAR_SEASON,,17,76.4,,75.3,,ARI_DT_04,DT,1,,,73.1,,2030,636,,73.6,NE
REGULAR_SEASON,,10,53.4,,60.1,,P100540_DT,DT,1,,,50.8,,2030,376,,56.7,NE
REGULAR_SEASON,56.2,17,55.0,,58.3,,ATL_LB_07,LB,1,,,58.7,,2030,790,,55.4,NE
REGULAR_SEASON,67.2,17,70.5,,,,GB_CB_01,CB,1,,,68.6,,2030,843,,67.2,NE
REGULAR_SEASON,53.2,17,55.2,,,,P100583_CB,CB,1,,,48.4,,2030,850,,55.2,NE
REGULAR_SEASON,66.5,17,71.7,,,,NE_S_03,S,1,,,72.4,,2030,874,,68.9,NE
REGULAR_SEASON,58.6,13,64.2,,,,P100788_S,S,1,,,69.0,,2030,653,,67.3,NE
REGULAR_SEASON,64.4,17,70.8,,,,P100694_S,S,1,,,70.2,,2030,850,,73.3,NE
REGULAR_SEASON,,16,44.3,,,,MIA_K_01,K,1,,,,,2030,96,47.6,,NE
REGULAR_SEASON,,17,64.0,,,,GB_P_02,P,1,,,,,2030,85,67.5,,NE
REGULAR_SEASON,,17,84.7,,,77.8,CIN_QB_01,QB,1,,,,76.3,2030,1076,,,PIT
REGULAR_SEASON,,17,59.7,58.8,,,DAL_RB_03,RB,1,58.1,,,64.5,2030,520,,,PIT
REGULAR_SEASON,,17,51.6,55.9,,,P100854_RB,RB,1,57.8,,,56.4,2030,370,,,PIT
REGULAR_SEASON,,17,68.9,,,,ATL_WR_04,WR,1,66.3,61.8,,,2030,736,,,PIT
REGULAR_SEASON,,17,56.8,,,,PIT_WR_05,WR,1,58.6,58.3,,,2030,723,,,PIT
REGULAR_SEASON,,12,51.2,,,,KC_WR_08,WR,1,58.3,51.7,,,2030,518,,,PIT
REGULAR_SEASON,,16,51.6,,,,KC_WR_09,WR,1,60.4,52.0,,,2030,692,,,PIT
REGULAR_SEASON,,17,57.8,62.0,,,LAC_TE_01,TE,1,57.5,57.5,,,2030,686,,,PIT
REGULAR_SEASON,,17,64.8,63.1,,,P101121_TE,TE,1,61.8,69.4,,,2030,672,,,PIT
REGULAR_SEASON,,17,67.1,62.8,,,LV_OT_01,OT,1,,61.5,,,2030,1109,,,PIT
REGULAR_SEASON,,17,65.3,61.8,,,CAR_OT_02,OT,1,,71.5,,,2030,1087,,,PIT
REGULAR_SEASON,,12,64.8,64.5,,,PIT_OG_01,OG,1,,65.8,,,2030,812,,,PIT
REGULAR_SEASON,,17,63.1,61.7,,,DAL_OG_03,OG,1,,66.7,,,2030,1121,,,PIT
REGULAR_SEASON,,14,71.5,71.8,,,PIT_C_01,C,1,,70.8,,,2030,936,,,PIT
REGULAR_SEASON,,17,61.4,,61.3,,NE_EDGE_02,EDGE,1,,,58.8,,2030,762,,59.4,PIT
REGULAR_SEASON,,12,55.7,,55.3,,CAR_EDGE_09,EDGE,1,,,57.7,,2030,496,,58.3,PIT
REGULAR_SEASON,,17,46.6,,52.5,,ATL_EDGE_05,EDGE,1,,,59.0,,2030,746,,53.6,PIT
REGULAR_SEASON,,17,78.4,,73.2,,CIN_DT_01,DT,1,,,72.2,,2030,657,,75.1,PIT
REGULAR_SEASON,,17,73.0,,71.7,,P100851_DT,DT,1,,,66.3,,2030,644,,69.2,PIT
REGULAR_SEASON,,17,66.3,,64.2,,P100135_DT,DT,1,,,66.4,,2030,624,,67.3,PIT
REGULAR_SEASON,72.2,17,75.1,,74.9,,PIT_LB_04,LB,1,,,71.9,,2030,801,,68.6,PIT
REGULAR_SEASON,57.9,17,52.2,,55.5,,LAC_LB_01,LB,1,,,46.2,,2030,791,,59.3,PIT
REGULAR_SEASON,68.2,17,72.3,,71.2,,MIN_LB_03,LB,1,,,68.9,,2030,764,,68.8,PIT
REGULAR_SEASON,78.3,1,81.0,,,,LV_CB_03,CB,0,,,57.0,,2030,50,,63.2,PIT
REGULAR_SEASON,63.3,9,64.3,,,,PIT_CB_03,CB,1,,,63.0,,2030,445,,67.7,PIT
REGULAR_SEASON,71.8,17,71.7,,,,P101166_CB,CB,1,,,73.3,,2030,805,,67.6,PIT
REGULAR_SEASON,64.2,17,59.1,,,,DET_CB_07,CB,1,,,57.8,,2030,845,,57.7,PIT
REGULAR_SEASON,67.5,17,68.9,,,,P100428_S,S,1,,,67.1,,2030,903,,64.9,PIT
REGULAR_SEASON,69.9,17,72.5,,,,P100347_S,S,1,,,69.9,,2030,884,,71.8,PIT
REGULAR_SEASON,92.3,1,84.4,,,,P100310_S,S,0,,,53.2,,2030,53,,54.1,PIT
REGULAR_SEASON,,17,72.1,,,,KC_K_01,K,1,,,,,2030,102,67.5,,PIT
REGULAR_SEASON,,17,72.9,,,,GB_P_01,P,1,,,,,2030,85,73.3,,PIT
REGULAR_SEASON,,17,81.4,,,81.2,IND_QB_01,QB,1,,,,75.3,2030,1061,,,BAL
REGULAR_SEASON,,17,59.1,61.2,,,P100371_RB,RB,1,60.4,,,61.1,2030,706,,,BAL
REGULAR_SEASON,,17,91.2,,,,P101125_WR,WR,1,84.8,89.1,,,2030,752,,,BAL
REGULAR_SEASON,,9,82.9,,,,P100643_WR,WR,1,75.2,79.9,,,2030,384,,,BAL
REGULAR_SEASON,,17,65.1,,,,BAL_WR_04,WR,1,62.6,62.3,,,2030,755,,,BAL
REGULAR_SEASON,,4,54.3,,,,P100813_WR,WR,0,60.2,50.6,,,2030,174,,,BAL
REGULAR_SEASON,,14,57.3,64.1,,,P101119_TE,TE,1,52.5,58.8,,,2030,547,,,BAL
REGULAR_SEASON,,8,40.9,53.6,,,P100849_TE,TE,1,50.2,47.8,,,2030,329,,,BAL
REGULAR_SEASON,,16,87.2,84.8,,,P100242_OT,OT,1,,84.0,,,2030,1020,,,BAL
REGULAR_SEASON,,12,57.4,55.4,,,P100241_OT,OT,1,,54.4,,,2030,782,,,BAL
REGULAR_SEASON,,17,88.0,75.7,,,PIT_OG_02,OG,1,,82.8,,,2030,1119,,,BAL
REGULAR_SEASON,,17,58.3,60.4,,,P100870_OG,OG,1,,60.1,,,2030,1140,,,BAL
REGULAR_SEASON,,14,58.7,57.6,,,CIN_C_02,C,1,,63.6,,,2030,944,,,BAL
REGULAR_SEASON,,16,51.0,,54.3,,BAL_EDGE_01,EDGE,1,,,52.6,,2030,690,,53.6,BAL
REGULAR_SEASON,,17,65.7,,63.7,,P100314_EDGE,EDGE,1,,,65.0,,2030,718,,64.8,BAL
REGULAR_SEASON,,12,50.4,,55.9,,BUF_EDGE_05,EDGE,1,,,61.0,,2030,509,,54.2,BAL
REGULAR_SEASON,,15,54.5,,62.3,,P100480_EDGE,EDGE,1,,,52.6,,2030,672,,60.5,BAL
REGULAR_SEASON,,17,69.4,,68.3,,P100056_DT,DT,1,,,70.6,,2030,625,,67.9,BAL
REGULAR_SEASON,,17,75.5,,73.3,,P100311_DT,DT,1,,,70.5,,2030,621,,76.6,BAL
REGULAR_SEASON,,3,58.4,,56.3,,BAL_DT_03,DT,0,,,54.9,,2030,110,,66.4,BAL
REGULAR_SEASON,54.1,17,52.0,,53.5,,WAS_LB_04,LB,1,,,57.7,,2030,796,,58.2,BAL
REGULAR_SEASON,74.1,17,74.1,,,,BAL_CB_03,CB,1,,,76.7,,2030,834,,71.1,BAL
REGULAR_SEASON,63.0,17,63.6,,,,P100514_CB,CB,1,,,60.6,,2030,834,,55.9,BAL
REGULAR_SEASON,60.7,8,60.4,,,,P101170_CB,CB,1,,,66.8,,2030,395,,61.9,BAL
REGULAR_SEASON,62.4,4,54.4,,,,P100751_CB,CB,0,,,69.4,,2030,204,,62.1,BAL
REGULAR_SEASON,63.7,17,66.1,,,,P100243_S,S,1,,,73.7,,2030,887,,65.3,BAL
REGULAR_SEASON,59.3,17,53.3,,,,P100198_S,S,1,,,52.4,,2030,861,,58.6,BAL
REGULAR_SEASON,,17,75.1,,,,SF_K_01,K,1,,,,,2030,102,70.2,,BAL
REGULAR_SEASON,,17,45.4,,,,WAS_P_02,P,1,,,,,2030,85,54.5,,BAL
REGULAR_SEASON,,17,78.2,,,76.9,DAL_QB_02,QB,1,,,,74.3,2030,1079,,,NYJ
REGULAR_SEASON,,17,78.1,69.2,,,P100035_RB,RB,1,75.6,,,69.4,2030,707,,,NYJ
REGULAR_SEASON,,17,61.9,,,,CIN_WR_04,WR,1,63.1,64.8,,,2030,744,,,NYJ
REGULAR_SEASON,,12,75.7,,,,ATL_WR_01,WR,1,75.4,71.2,,,2030,515,,,NYJ
REGULAR_SEASON,,17,76.8,,,,NYJ_WR_03,WR,1,74.6,76.8,,,2030,739,,,NYJ
REGULAR_SEASON,,17,69.8,,,,ARI_WR_01,WR,1,66.3,65.6,,,2030,761,,,NYJ
REGULAR_SEASON,,17,64.9,63.6,,,P100981_TE,TE,1,62.5,64.8,,,2030,669,,,NYJ
REGULAR_SEASON,,2,88.1,74.1,,,LV_TE_02,TE,0,74.5,76.1,,,2030,84,,,NYJ
REGULAR_SEASON,,17,85.4,78.9,,,HOU_OT_01,OT,1,,76.3,,,2030,1097,,,NYJ
REGULAR_SEASON,,17,70.2,69.5,,,NYJ_OT_02,OT,1,,68.0,,,2030,1110,,,NYJ
REGULAR_SEASON,,15,74.4,67.8,,,NYJ_OG_01,OG,1,,71.8,,,2030,994,,,NYJ
REGULAR_SEASON,,17,66.7,66.7,,,IND_OG_02,OG,1,,66.1,,,2030,1099,,,NYJ
REGULAR_SEASON,,16,75.2,,75.0,,PIT_EDGE_03,EDGE,1,,,73.4,,2030,697,,77.5,NYJ
REGULAR_SEASON,,13,83.4,,77.3,,JAX_EDGE_01,EDGE,1,,,77.9,,2030,578,,79.8,NYJ
REGULAR_SEASON,,13,70.0,,66.7,,NYJ_EDGE_04,EDGE,1,,,67.2,,2030,575,,64.0,NYJ
REGULAR_SEASON,,10,88.4,,86.4,,NYJ_EDGE_05,EDGE,1,,,80.9,,2030,444,,80.5,NYJ
REGULAR_SEASON,,13,92.1,,82.1,,DEN_DT_02,DT,1,,,82.8,,2030,479,,84.1,NYJ
REGULAR_SEASON,,17,61.2,,59.8,,BUF_DT_05,DT,1,,,62.1,,2030,653,,64.7,NYJ
REGULAR_SEASON,,5,44.9,,46.0,,PHI_DT_06,DT,0,,,49.8,,2030,184,,54.8,NYJ
REGULAR_SEASON,62.5,17,68.6,,66.1,,NO_LB_01,LB,1,,,64.5,,2030,778,,63.3,NYJ
REGULAR_SEASON,55.9,17,61.6,,61.8,,NYG_LB_02,LB,1,,,60.9,,2030,768,,61.2,NYJ
REGULAR_SEASON,70.2,17,81.2,,75.4,,P100884_LB,LB,1,,,80.2,,2030,787,,73.1,NYJ
REGULAR_SEASON,69.1,17,69.9,,,,NYJ_CB_02,CB,1,,,71.2,,2030,847,,73.4,NYJ
REGULAR_SEASON,66.5,16,67.6,,,,PHI_CB_01,CB,1,,,61.5,,2030,793,,67.6,NYJ
REGULAR_SEASON,58.5,17,60.8,,,,PIT_CB_02,CB,1,,,59.7,,2030,823,,64.5,NYJ
REGULAR_SEASON,62.1,15,66.6,,,,CHI_CB_02,CB,1,,,67.1,,2030,745,,65.0,NYJ
REGULAR_SEASON,72.4,10,78.7,,,,CAR_S_03,S,1,,,67.9,,2030,514,,79.2,NYJ
REGULAR_SEASON,42.4,17,40.9,,,,P100592_S,S,1,,,48.1,,2030,875,,52.8,NYJ
REGULAR_SEASON,60.9,17,58.8,,,,NYG_S_01,S,1,,,59.7,,2030,878,,59.7,NYJ
REGULAR_SEASON,,17,59.9,,,,CHI_K_01,K,1,,,,,2030,102,66.6,,NYJ
REGULAR_SEASON,,15,71.5,,,,SEA_P_01,P,1,,,,,2030,75,70.2,,NYJ
REGULAR_SEASON,,14,77.2,,,75.9,P100234_QB,QB,1,,,,69.3,2030,860,,,IND
REGULAR_SEASON,,17,79.6,74.0,,,P100963_RB,RB,1,69.8,,,70.0,2030,720,,,IND
REGULAR_SEASON,,17,78.0,,,,DET_WR_02,WR,1,71.5,73.3,,,2030,736,,,IND
REGULAR_SEASON,,17,70.5,,,,IND_WR_01,WR,1,69.2,66.1,,,2030,738,,,IND
REGULAR_SEASON,,16,62.0,,,,P100762_WR,WR,1,60.2,57.9,,,2030,721,,,IND
REGULAR_SEASON,,17,61.4,,,,P101088_WR,WR,1,61.6,65.5,,,2030,765,,,IND
REGULAR_SEASON,,17,73.8,66.7,,,SEA_TE_02,TE,1,72.1,64.7,,,2030,669,,,IND
REGULAR_SEASON,,17,60.5,55.9,,,CHI_TE_02,TE,1,65.9,63.4,,,2030,661,,,IND
REGULAR_SEASON,,17,93.3,84.0,,,MIN_OT_02,OT,1,,88.0,,,2030,1109,,,IND
REGULAR_SEASON,,17,63.4,67.0,,,NYG_OT_01,OT,1,,62.7,,,2030,1101,,,IND
REGULAR_SEASON,,17,80.8,75.9,,,SF_OG_02,OG,1,,74.9,,,2030,1117,,,IND
REGULAR_SEASON,,17,66.1,58.4,,,DET_OG_02,OG,1,,64.0,,,2030,1103,,,IND
REGULAR_SEASON,,14,71.3,68.8,,,IND_C_01,C,1,,68.6,,,2030,923,,,IND
REGULAR_SEASON,,10,84.5,,79.8,,BAL_EDGE_02,EDGE,1,,,79.9,,2030,395,,76.0,IND
REGULAR_SEASON,,17,75.8,,75.6,,IND_EDGE_01,EDGE,1,,,72.3,,2030,751,,68.9,IND
REGULAR_SEASON,,15,59.1,,61.6,,DET_EDGE_01,EDGE,1,,,55.2,,2030,654,,60.3,IND
REGULAR_SEASON,,17,62.5,,58.1,,IND_EDGE_02,EDGE,1,,,67.0,,2030,751,,56.5,IND
REGULAR_SEASON,,15,80.7,,76.4,,TB_DT_02,DT,1,,,74.1,,2030,582,,76.9,IND
REGULAR_SEASON,,17,79.2,,74.5,,PHI_DT_01,DT,1,,,79.2,,2030,620,,75.9,IND
REGULAR_SEASON,,17,59.3,,63.8,,CLE_DT_04,DT,1,,,59.5,,2030,624,,59.2,IND
REGULAR_SEASON,75.9,17,77.7,,67.3,,JAX_LB_02,LB,1,,,74.5,,2030,765,,71.8,IND
REGULAR_SEASON,79.9,17,78.8,,76.6,,PHI_LB_04,LB,1,,,75.0,,2030,741,,67.0,IND
REGULAR_SEASON,55.5,12,51.3,,51.5,,GB_LB_03,LB,1,,,54.6,,2030,574,,63.8,IND
REGULAR_SEASON,75.2,17,76.6,,,,IND_CB_01,CB,1,,,67.1,,2030,852,,69.8,IND
REGULAR_SEASON,62.5,14,66.5,,,,CLE_CB_03,CB,1,,,63.7,,2030,668,,63.0,IND
REGULAR_SEASON,61.0,17,67.4,,,,IND_CB_03,CB,1,,,69.0,,2030,850,,66.1,IND
REGULAR_SEASON,68.6,17,71.8,,,,CAR_S_02,S,1,,,65.8,,2030,884,,61.9,IND
REGULAR_SEASON,72.0,17,75.8,,,,P100491_S,S,1,,,64.1,,2030,915,,72.5,IND
REGULAR_SEASON,61.3,17,57.4,,,,GB_S_02,S,1,,,59.3,,2030,845,,55.2,IND
REGULAR_SEASON,,17,69.9,,,,ARI_K_01,K,1,,,,,2030,102,70.1,,IND
REGULAR_SEASON,,15,46.6,,,,IND_P_01,P,1,,,,,2030,75,49.4,,IND
REGULAR_SEASON,,17,84.7,,,81.1,PHI_QB_01,QB,1,,,,74.1,2030,1111,,,PHI
REGULAR_SEASON,,17,65.0,60.3,,,FA_RB_021,RB,1,61.6,,,66.4,2030,514,,,PHI
REGULAR_SEASON,,13,54.8,48.6,,,P100931_RB,RB,1,51.1,,,56.9,2030,267,,,PHI
REGULAR_SEASON,,17,55.8,57.2,,,P100058_RB,RB,1,61.8,,,58.3,2030,264,,,PHI
REGULAR_SEASON,,17,84.2,,,,PIT_WR_02,WR,1,72.9,82.5,,,2030,734,,,PHI
REGULAR_SEASON,,17,81.8,,,,P100615_WR,WR,1,79.2,77.6,,,2030,746,,,PHI
REGULAR_SEASON,,12,65.3,,,,DET_WR_08,WR,1,60.8,69.8,,,2030,514,,,PHI
REGULAR_SEASON,,17,64.9,,,,P100245_WR,WR,1,68.3,62.9,,,2030,730,,,PHI
REGULAR_SEASON,,17,56.7,58.2,,,SEA_TE_01,TE,1,55.3,55.2,,,2030,668,,,PHI
REGULAR_SEASON,,17,65.5,62.2,,,CAR_TE_03,TE,1,65.3,60.7,,,2030,660,,,PHI
REGULAR_SEASON,,17,71.9,74.0,,,ATL_OT_04,OT,1,,66.6,,,2030,1108,,,PHI
REGULAR_SEASON,,2,47.3,57.8,,,PHI_OT_04,OT,0,,53.9,,,2030,125,,,PHI
REGULAR_SEASON,,17,66.3,64.3,,,SEA_OG_01,OG,1,,60.8,,,2030,1121,,,PHI
REGULAR_SEASON,,13,64.0,63.2,,,LV_OG_03,OG,1,,66.3,,,2030,853,,,PHI
REGULAR_SEASON,,15,89.4,77.8,,,CAR_C_01,C,1,,79.7,,,2030,1001,,,PHI
REGULAR_SEASON,,13,76.1,,70.9,,BUF_EDGE_01,EDGE,1,,,71.1,,2030,557,,76.4,PHI
REGULAR_SEASON,,9,81.3,,83.0,,P100214_EDGE,EDGE,1,,,75.6,,2030,403,,73.2,PHI
REGULAR_SEASON,,14,57.9,,54.4,,P100435_EDGE,EDGE,1,,,60.2,,2030,629,,61.3,PHI
REGULAR_SEASON,,12,52.8,,58.6,,P101169_EDGE,EDGE,1,,,55.2,,2030,525,,49.6,PHI
REGULAR_SEASON,,17,68.5,,70.3,,DET_DT_01,DT,1,,,64.6,,2030,621,,60.8,PHI
REGULAR_SEASON,,17,68.1,,64.6,,SF_DT_05,DT,1,,,67.2,,2030,623,,73.0,PHI
REGULAR_SEASON,,17,71.5,,67.5,,NYJ_DT_05,DT,1,,,68.3,,2030,633,,73.7,PHI
REGULAR_SEASON,63.6,11,75.0,,72.4,,JAX_LB_01,LB,1,,,70.4,,2030,491,,69.1,PHI
REGULAR_SEASON,58.7,10,66.6,,62.9,,PHI_LB_03,LB,1,,,59.0,,2030,466,,67.8,PHI
REGULAR_SEASON,86.9,14,94.9,,,,ATL_CB_02,CB,1,,,83.5,,2030,691,,83.5,PHI
REGULAR_SEASON,56.2,11,61.9,,,,KC_CB_02,CB,1,,,69.2,,2030,532,,65.0,PHI
REGULAR_SEASON,75.7,12,73.4,,,,JAX_CB_03,CB,1,,,67.8,,2030,584,,71.5,PHI
REGULAR_SEASON,61.6,13,62.3,,,,WAS_CB_08,CB,1,,,57.5,,2030,669,,59.8,PHI
REGULAR_SEASON,59.7,17,61.5,,,,NYJ_S_04,S,1,,,56.6,,2030,908,,60.3,PHI
REGULAR_SEASON,,12,82.8,,,,P100078_K,K,1,,,,,2030,72,77.0,,PHI
REGULAR_SEASON,,17,64.5,,,,DEN_P_01,P,1,,,,,2030,85,64.9,,PHI
REGULAR_SEASON,,16,88.7,,,84.4,PIT_QB_01,QB,1,,,,82.3,2030,1034,,,CAR
REGULAR_SEASON,,17,86.0,74.7,,,ARI_RB_02,RB,1,80.5,,,81.8,2030,503,,,CAR
REGULAR_SEASON,,17,63.0,65.1,,,P100856_RB,RB,1,60.4,,,62.4,2030,377,,,CAR
REGULAR_SEASON,,11,68.4,,,,CAR_WR_03,WR,1,65.9,62.0,,,2030,462,,,CAR
REGULAR_SEASON,,17,60.4,,,,ARI_WR_02,WR,1,61.3,65.1,,,2030,752,,,CAR
REGULAR_SEASON,,16,61.2,,,,P100864_WR,WR,1,63.6,63.4,,,2030,705,,,CAR
REGULAR_SEASON,,5,60.4,,,,P100317_WR,WR,0,56.2,48.6,,,2030,210,,,CAR
REGULAR_SEASON,,12,55.2,51.2,,,P101098_TE,TE,1,61.7,61.1,,,2030,455,,,CAR
REGULAR_SEASON,,17,64.3,63.5,,,P100840_TE,TE,1,59.9,61.8,,,2030,684,,,CAR
REGULAR_SEASON,,17,81.9,70.9,,,NYJ_OT_01,OT,1,,70.8,,,2030,1084,,,CAR
REGULAR_SEASON,,17,75.8,67.8,,,DET_OT_01,OT,1,,66.2,,,2030,1126,,,CAR
REGULAR_SEASON,,15,77.7,73.8,,,WAS_OG_02,OG,1,,70.9,,,2030,1001,,,CAR
REGULAR_SEASON,,17,76.7,75.5,,,P100013_OG,OG,1,,68.3,,,2030,1092,,,CAR
REGULAR_SEASON,,17,62.2,62.2,,,LAC_C_01,C,1,,58.0,,,2030,1145,,,CAR
REGULAR_SEASON,,11,62.4,,61.9,,P100231_EDGE,EDGE,1,,,64.1,,2030,470,,67.0,CAR
REGULAR_SEASON,,17,51.7,,56.9,,CIN_EDGE_03,EDGE,1,,,53.2,,2030,739,,64.3,CAR
REGULAR_SEASON,,10,71.7,,65.7,,P100369_DT,DT,1,,,69.4,,2030,372,,71.4,CAR
REGULAR_SEASON,,17,61.4,,60.0,,CIN_DT_03,DT,1,,,62.0,,2030,635,,62.5,CAR
REGULAR_SEASON,,11,57.3,,61.5,,P101154_DT,DT,1,,,70.3,,2030,386,,62.8,CAR
REGULAR_SEASON,70.3,17,70.3,,69.2,,NE_LB_01,LB,1,,,70.9,,2030,772,,68.0,CAR
REGULAR_SEASON,68.4,14,68.3,,64.5,,P100015_LB,LB,1,,,74.7,,2030,617,,66.7,CAR
REGULAR_SEASON,64.6,5,72.5,,65.9,,GB_LB_02,LB,0,,,65.6,,2030,227,,66.4,CAR
REGULAR_SEASON,70.1,17,71.8,,,,DAL_CB_03,CB,1,,,66.5,,2030,827,,65.4,CAR
REGULAR_SEASON,77.6,15,89.3,,,,SF_CB_03,CB,1,,,82.5,,2030,748,,76.7,CAR
REGULAR_SEASON,63.6,17,72.0,,,,TB_CB_03,CB,1,,,65.2,,2030,819,,75.0,CAR
REGULAR_SEASON,77.5,16,82.7,,,,P100786_CB,CB,1,,,79.9,,2030,779,,77.0,CAR
REGULAR_SEASON,60.9,8,65.8,,,,DET_S_02,S,1,,,67.8,,2030,412,,70.3,CAR
REGULAR_SEASON,68.3,17,69.6,,,,P100283_S,S,1,,,73.7,,2030,872,,65.4,CAR
REGULAR_SEASON,68.8,16,65.6,,,,MIA_S_02,S,1,,,66.1,,2030,799,,69.4,CAR
REGULAR_SEASON,,17,61.0,,,,LAR_K_01,K,1,,,,,2030,102,61.4,,CAR
REGULAR_SEASON,,17,71.3,,,,NYJ_P_01,P,1,,,,,2030,85,70.4,,CAR
REGULAR_SEASON,,17,70.0,,,64.7,P100863_QB,QB,1,,,,65.8,2030,1086,,,WAS
REGULAR_SEASON,,17,59.8,58.6,,,WAS_RB_02,RB,1,62.0,,,67.5,2030,541,,,WAS
REGULAR_SEASON,,17,63.3,62.3,,,P100952_RB,RB,1,66.5,,,66.0,2030,355,,,WAS
REGULAR_SEASON,,17,82.5,,,,P101059_WR,WR,1,71.6,75.8,,,2030,768,,,WAS
REGULAR_SEASON,,11,82.6,,,,WAS_WR_02,WR,1,79.2,84.2,,,2030,495,,,WAS
REGULAR_SEASON,,17,71.4,,,,PIT_WR_06,WR,1,67.0,69.1,,,2030,708,,,WAS
REGULAR_SEASON,,15,57.2,,,,CHI_WR_07,WR,1,58.9,55.5,,,2030,653,,,WAS
REGULAR_SEASON,,13,54.4,56.2,,,P100349_TE,TE,1,52.3,53.3,,,2030,513,,,WAS
REGULAR_SEASON,,17,64.4,55.3,,,CHI_TE_03,TE,1,62.8,70.0,,,2030,684,,,WAS
REGULAR_SEASON,,16,76.7,77.1,,,WAS_OT_02,OT,1,,76.0,,,2030,1046,,,WAS
REGULAR_SEASON,,17,72.5,72.1,,,LV_OT_03,OT,1,,71.1,,,2030,1112,,,WAS
REGULAR_SEASON,,11,84.4,79.2,,,P100503_OG,OG,1,,75.3,,,2030,739,,,WAS
REGULAR_SEASON,,17,71.9,71.3,,,P100381_OG,OG,1,,66.8,,,2030,1106,,,WAS
REGULAR_SEASON,,14,72.8,68.0,,,NO_C_01,C,1,,70.0,,,2030,892,,,WAS
REGULAR_SEASON,,17,72.7,,69.8,,P100021_EDGE,EDGE,1,,,67.7,,2030,733,,65.0,WAS
REGULAR_SEASON,,17,70.6,,70.2,,P100191_EDGE,EDGE,1,,,66.6,,2030,730,,72.5,WAS
REGULAR_SEASON,,10,73.7,,69.1,,WAS_EDGE_03,EDGE,1,,,66.5,,2030,436,,67.5,WAS
REGULAR_SEASON,,17,57.7,,55.9,,DEN_EDGE_04,EDGE,1,,,58.6,,2030,750,,62.5,WAS
REGULAR_SEASON,,17,73.0,,67.8,,P101158_DT,DT,1,,,68.0,,2030,663,,78.9,WAS
REGULAR_SEASON,,17,64.5,,62.6,,P101071_DT,DT,1,,,64.5,,2030,654,,66.5,WAS
REGULAR_SEASON,,17,61.6,,60.1,,P100228_DT,DT,1,,,64.0,,2030,637,,57.9,WAS
REGULAR_SEASON,72.7,14,79.0,,70.7,,P100890_LB,LB,1,,,83.6,,2030,659,,71.1,WAS
REGULAR_SEASON,57.6,17,54.5,,53.3,,P100768_LB,LB,1,,,59.3,,2030,762,,56.1,WAS
REGULAR_SEASON,75.4,17,75.3,,,,P100426_CB,CB,1,,,74.9,,2030,849,,74.0,WAS
REGULAR_SEASON,58.6,12,57.9,,,,WAS_CB_01,CB,1,,,54.1,,2030,578,,60.2,WAS
REGULAR_SEASON,68.7,12,66.5,,,,P100871_CB,CB,1,,,66.3,,2030,590,,67.3,WAS
REGULAR_SEASON,56.8,10,61.4,,,,P100525_CB,CB,1,,,60.3,,2030,481,,60.0,WAS
REGULAR_SEASON,55.0,14,56.4,,,,LAR_S_02,S,1,,,55.1,,2030,716,,59.5,WAS
REGULAR_SEASON,53.3,17,53.3,,,,P100109_S,S,1,,,56.1,,2030,885,,56.6,WAS
REGULAR_SEASON,64.8,17,63.8,,,,P101076_S,S,1,,,67.7,,2030,877,,62.3,WAS
REGULAR_SEASON,,11,79.4,,,,PIT_K_02,K,1,,,,,2030,66,81.0,,WAS
REGULAR_SEASON,,17,69.8,,,,LAR_P_01,P,1,,,,,2030,85,60.2,,WAS
REGULAR_SEASON,,17,70.4,,,75.5,P100088_QB,QB,1,,,,64.2,2030,1088,,,NO
REGULAR_SEASON,,16,55.9,58.3,,,P101092_RB,RB,1,61.9,,,58.8,2030,354,,,NO
REGULAR_SEASON,,17,68.9,,,,P101080_WR,WR,1,70.9,63.7,,,2030,744,,,NO
REGULAR_SEASON,,1,77.7,,,,CHI_WR_02,WR,0,93.1,65.2,,,2030,36,,,NO
REGULAR_SEASON,,17,53.2,,,,TB_WR_07,WR,1,54.8,52.4,,,2030,759,,,NO
REGULAR_SEASON,,12,36.3,,,,P101017_WR,WR,1,46.1,39.7,,,2030,519,,,NO
REGULAR_SEASON,,17,55.3,57.0,,,P101135_TE,TE,1,59.3,56.9,,,2030,676,,,NO
REGULAR_SEASON,,8,61.5,52.5,,,MIA_TE_01,TE,1,67.5,60.8,,,2030,327,,,NO
REGULAR_SEASON,,16,75.9,73.2,,,P100449_OT,OT,1,,67.7,,,2030,1080,,,NO
REGULAR_SEASON,,17,68.8,68.5,,,P100143_OT,OT,1,,64.6,,,2030,1116,,,NO
REGULAR_SEASON,,17,79.9,74.2,,,ARI_OG_05,OG,1,,74.0,,,2030,1119,,,NO
REGULAR_SEASON,,16,61.6,64.1,,,JAX_C_02,C,1,,59.9,,,2030,1040,,,NO
REGULAR_SEASON,,10,68.9,,68.7,,P100538_EDGE,EDGE,1,,,66.7,,2030,446,,66.5,NO
REGULAR_SEASON,,17,68.2,,65.3,,P100601_EDGE,EDGE,1,,,67.2,,2030,747,,67.9,NO
REGULAR_SEASON,,17,53.3,,53.8,,P100787_EDGE,EDGE,1,,,49.1,,2030,745,,56.1,NO
REGULAR_SEASON,,17,50.4,,51.7,,P101025_EDGE,EDGE,1,,,52.3,,2030,740,,53.9,NO
REGULAR_SEASON,,17,59.7,,65.7,,NO_DT_02,DT,1,,,60.5,,2030,621,,58.7,NO
REGULAR_SEASON,,17,65.0,,64.9,,NYG_DT_03,DT,1,,,61.3,,2030,600,,61.5,NO
REGULAR_SEASON,,17,66.7,,69.5,,P100758_DT,DT,1,,,65.2,,2030,631,,67.8,NO
REGULAR_SEASON,68.9,17,71.4,,66.5,,P100585_LB,LB,1,,,64.4,,2030,759,,67.1,NO
REGULAR_SEASON,57.9,17,63.9,,64.7,,NE_LB_02,LB,1,,,63.1,,2030,765,,68.5,NO
REGULAR_SEASON,67.9,17,77.4,,73.0,,P100357_LB,LB,1,,,74.5,,2030,762,,71.9,NO
REGULAR_SEASON,74.3,14,80.4,,,,HOU_CB_03,CB,1,,,75.4,,2030,687,,77.5,NO
REGULAR_SEASON,68.6,17,65.0,,,,P101027_CB,CB,1,,,62.7,,2030,833,,68.3,NO
REGULAR_SEASON,55.9,17,55.1,,,,P100628_CB,CB,1,,,63.4,,2030,820,,51.9,NO
REGULAR_SEASON,45.0,1,47.8,,,,P100913_CB,CB,0,,,58.6,,2030,46,,78.3,NO
REGULAR_SEASON,65.9,17,64.7,,,,KC_S_02,S,1,,,68.6,,2030,877,,70.5,NO
REGULAR_SEASON,55.4,17,53.9,,,,P100766_S,S,1,,,58.5,,2030,876,,58.6,NO
REGULAR_SEASON,62.7,17,57.6,,,,P100686_S,S,1,,,58.3,,2030,861,,60.9,NO
REGULAR_SEASON,,15,62.1,,,,P100362_K,K,1,,,,,2030,90,61.1,,NO
REGULAR_SEASON,,17,44.8,,,,ATL_P_02,P,1,,,,,2030,85,50.2,,NO
REGULAR_SEASON,,11,61.7,,,58.4,SF_QB_02,QB,1,,,,60.6,2030,686,,,SF
REGULAR_SEASON,,16,61.1,55.8,,,PHI_RB_01,RB,1,61.1,,,56.3,2030,668,,,SF
REGULAR_SEASON,,17,68.9,,,,P100995_WR,WR,1,62.1,64.7,,,2030,728,,,SF
REGULAR_SEASON,,17,60.0,,,,SEA_WR_02,WR,1,60.7,57.1,,,2030,731,,,SF
REGULAR_SEASON,,17,76.4,,,,SEA_WR_01,WR,1,66.9,78.1,,,2030,727,,,SF
REGULAR_SEASON,,17,61.2,,,,P100399_WR,WR,1,64.2,60.5,,,2030,730,,,SF
REGULAR_SEASON,,17,64.5,65.6,,,TEN_TE_01,TE,1,60.0,58.0,,,2030,682,,,SF
REGULAR_SEASON,,15,62.7,66.9,,,TB_TE_01,TE,1,71.0,56.3,,,2030,604,,,SF
REGULAR_SEASON,,17,88.7,75.8,,,SF_OT_01,OT,1,,80.8,,,2030,1104,,,SF
REGULAR_SEASON,,17,83.5,76.7,,,SF_OT_02,OT,1,,77.4,,,2030,1166,,,SF
REGULAR_SEASON,,17,67.7,60.7,,,KC_OG_02,OG,1,,64.0,,,2030,1079,,,SF
REGULAR_SEASON,,16,79.1,75.7,,,PIT_OG_04,OG,1,,78.5,,,2030,1041,,,SF
REGULAR_SEASON,,2,82.0,61.1,,,SF_C_01,C,0,,86.7,,,2030,139,,,SF
REGULAR_SEASON,,17,65.5,,60.7,,CIN_EDGE_04,EDGE,1,,,62.4,,2030,751,,61.0,SF
REGULAR_SEASON,,17,56.3,,59.5,,TEN_EDGE_04,EDGE,1,,,57.2,,2030,752,,56.7,SF
REGULAR_SEASON,,11,61.0,,69.7,,NYG_EDGE_01,EDGE,1,,,65.1,,2030,481,,60.7,SF
REGULAR_SEASON,,14,62.3,,59.0,,P100719_EDGE,EDGE,1,,,60.6,,2030,615,,62.7,SF
REGULAR_SEASON,,17,73.5,,68.8,,CHI_DT_02,DT,1,,,68.9,,2030,636,,67.2,SF
REGULAR_SEASON,,14,74.7,,71.6,,P100246_DT,DT,1,,,73.0,,2030,521,,73.4,SF
REGULAR_SEASON,,17,83.7,,82.0,,NYG_DT_04,DT,1,,,76.4,,2030,655,,76.1,SF
REGULAR_SEASON,62.2,14,65.8,,68.6,,SF_LB_01,LB,1,,,64.7,,2030,636,,62.7,SF
REGULAR_SEASON,64.9,17,67.5,,65.2,,SF_LB_02,LB,1,,,64.3,,2030,767,,70.8,SF
REGULAR_SEASON,79.8,6,79.6,,77.7,,NYJ_LB_01,LB,0,,,67.6,,2030,267,,72.5,SF
REGULAR_SEASON,49.3,17,50.3,,,,MIN_CB_05,CB,1,,,60.9,,2030,850,,52.0,SF
REGULAR_SEASON,67.7,3,68.1,,,,P100068_CB,CB,0,,,63.3,,2030,143,,53.3,SF
REGULAR_SEASON,66.1,15,62.5,,,,LAR_CB_05,CB,1,,,62.0,,2030,704,,60.4,SF
REGULAR_SEASON,60.1,17,58.5,,,,MIN_CB_04,CB,1,,,55.6,,2030,846,,61.4,SF
REGULAR_SEASON,69.9,16,76.5,,,,TB_S_02,S,1,,,73.4,,2030,826,,71.4,SF
REGULAR_SEASON,75.0,17,70.7,,,,NO_S_04,S,1,,,70.1,,2030,890,,70.5,SF
REGULAR_SEASON,47.2,16,46.5,,,,TEN_S_04,S,1,,,51.8,,2030,822,,52.6,SF
REGULAR_SEASON,,17,64.7,,,,P100794_K,K,1,,,,,2030,102,61.7,,SF
REGULAR_SEASON,,17,79.1,,,,WAS_P_01,P,1,,,,,2030,85,70.8,,SF
REGULAR_SEASON,,14,73.4,,,73.6,PIT_QB_02,QB,1,,,,63.8,2030,893,,,TB
REGULAR_SEASON,,17,65.9,69.5,,,CIN_RB_02,RB,1,66.6,,,65.6,2030,691,,,TB
REGULAR_SEASON,,17,60.9,,,,MIA_WR_03,WR,1,58.2,62.2,,,2030,734,,,TB
REGULAR_SEASON,,11,61.2,64.1,,,LAC_TE_02,TE,1,62.3,55.7,,,2030,430,,,TB
REGULAR_SEASON,,17,61.6,62.4,,,P100868_TE,TE,1,62.5,64.5,,,2030,669,,,TB
REGULAR_SEASON,,17,55.7,55.4,,,ARI_OT_02,OT,1,,52.4,,,2030,1100,,,TB
REGULAR_SEASON,,9,57.6,60.3,,,CHI_OT_01,OT,1,,54.2,,,2030,577,,,TB
REGULAR_SEASON,,17,64.5,68.5,,,MIN_OG_02,OG,1,,72.4,,,2030,1105,,,TB
REGULAR_SEASON,,1,44.4,60.0,,,ARI_OG_04,OG,0,,43.8,,,2030,67,,,TB
REGULAR_SEASON,,17,64.2,60.8,,,NYG_C_01,C,1,,65.6,,,2030,1115,,,TB
REGULAR_SEASON,,17,70.8,,68.4,,MIA_EDGE_01,EDGE,1,,,64.5,,2030,753,,74.7,TB
REGULAR_SEASON,,17,85.5,,79.6,,NYJ_EDGE_01,EDGE,1,,,78.2,,2030,741,,78.0,TB
REGULAR_SEASON,,10,78.8,,88.2,,P100095_EDGE,EDGE,1,,,76.7,,2030,430,,73.2,TB
REGULAR_SEASON,,17,75.3,,68.3,,NYG_EDGE_05,EDGE,1,,,76.1,,2030,736,,71.6,TB
REGULAR_SEASON,,13,60.3,,61.0,,MIA_DT_02,DT,1,,,61.4,,2030,504,,61.9,TB
REGULAR_SEASON,,15,63.0,,64.9,,ATL_DT_04,DT,1,,,58.4,,2030,558,,65.8,TB
REGULAR_SEASON,,17,76.5,,75.6,,NO_DT_01,DT,1,,,68.5,,2030,669,,75.2,TB
REGULAR_SEASON,71.4,17,75.1,,72.4,,TB_LB_02,LB,1,,,69.5,,2030,783,,67.7,TB
REGULAR_SEASON,76.9,9,79.2,,69.2,,TB_LB_05,LB,1,,,71.5,,2030,407,,73.4,TB
REGULAR_SEASON,70.5,12,65.9,,64.1,,LAR_LB_04,LB,1,,,69.4,,2030,542,,62.6,TB
REGULAR_SEASON,68.2,17,68.8,,,,BAL_CB_02,CB,1,,,64.8,,2030,844,,64.1,TB
REGULAR_SEASON,55.6,17,57.4,,,,HOU_CB_05,CB,1,,,55.9,,2030,798,,61.0,TB
REGULAR_SEASON,72.6,17,70.9,,,,SF_CB_04,CB,1,,,70.6,,2030,859,,73.7,TB
REGULAR_SEASON,58.7,15,58.1,,,,NE_CB_06,CB,1,,,53.8,,2030,771,,63.9,TB
REGULAR_SEASON,58.3,17,60.5,,,,LV_S_01,S,1,,,58.5,,2030,869,,62.9,TB
REGULAR_SEASON,64.6,17,67.9,,,,ATL_S_04,S,1,,,69.7,,2030,872,,59.8,TB
REGULAR_SEASON,59.1,1,66.8,,,,GB_S_04,S,0,,,79.2,,2030,49,,70.6,TB
REGULAR_SEASON,,11,72.1,,,,DEN_K_01,K,1,,,,,2030,66,67.8,,TB
REGULAR_SEASON,,9,66.8,,,,TB_P_01,P,1,,,,,2030,45,65.4,,TB
REGULAR_SEASON,,17,63.7,,,63.8,P100948_QB,QB,1,,,,63.4,2030,1068,,,DAL
REGULAR_SEASON,,17,61.9,64.5,,,KC_RB_03,RB,1,59.0,,,65.6,2030,537,,,DAL
REGULAR_SEASON,,17,57.5,56.9,,,TEN_RB_04,RB,1,61.8,,,59.3,2030,347,,,DAL
REGULAR_SEASON,,17,72.1,,,,CHI_WR_01,WR,1,66.6,70.7,,,2030,715,,,DAL
REGULAR_SEASON,,17,69.2,,,,DAL_WR_02,WR,1,65.9,65.8,,,2030,725,,,DAL
REGULAR_SEASON,,17,77.7,,,,P100431_WR,WR,1,74.1,70.9,,,2030,726,,,DAL
REGULAR_SEASON,,17,58.3,,,,P100993_WR,WR,1,58.3,55.9,,,2030,723,,,DAL
REGULAR_SEASON,,17,58.4,60.6,,,P100050_TE,TE,1,62.8,65.0,,,2030,699,,,DAL
REGULAR_SEASON,,17,74.2,71.2,,,P100682_OT,OT,1,,66.3,,,2030,1096,,,DAL
REGULAR_SEASON,,17,74.8,70.5,,,DAL_OT_04,OT,1,,62.5,,,2030,1082,,,DAL
REGULAR_SEASON,,17,78.4,76.6,,,PHI_OG_01,OG,1,,74.7,,,2030,1106,,,DAL
REGULAR_SEASON,,17,60.2,61.9,,,P101127_OG,OG,1,,60.5,,,2030,1122,,,DAL
REGULAR_SEASON,,13,72.5,65.0,,,DAL_C_01,C,1,,66.3,,,2030,819,,,DAL
REGULAR_SEASON,,14,65.1,,66.7,,P100279_EDGE,EDGE,1,,,64.7,,2030,598,,71.6,DAL
REGULAR_SEASON,,17,62.0,,54.6,,DEN_EDGE_02,EDGE,1,,,64.3,,2030,743,,60.5,DAL
REGULAR_SEASON,,14,50.6,,51.7,,DAL_EDGE_03,EDGE,1,,,57.9,,2030,634,,53.8,DAL
REGULAR_SEASON,,17,39.5,,46.3,,P100610_EDGE,EDGE,1,,,44.9,,2030,743,,41.8,DAL
REGULAR_SEASON,,17,65.9,,61.4,,GB_DT_02,DT,1,,,60.8,,2030,630,,63.9,DAL
REGULAR_SEASON,,17,74.0,,66.0,,NYJ_DT_03,DT,1,,,71.6,,2030,637,,70.5,DAL
REGULAR_SEASON,,17,55.9,,54.8,,P100033_DT,DT,1,,,53.4,,2030,623,,67.4,DAL
REGULAR_SEASON,68.5,17,67.8,,68.5,,PHI_LB_02,LB,1,,,66.4,,2030,771,,64.6,DAL
REGULAR_SEASON,55.8,17,55.4,,58.2,,P100489_LB,LB,1,,,61.4,,2030,767,,55.5,DAL
REGULAR_SEASON,66.0,17,69.2,,67.2,,CLE_LB_01,LB,1,,,68.0,,2030,774,,68.8,DAL
REGULAR_SEASON,78.3,17,76.7,,,,LV_CB_01,CB,1,,,68.8,,2030,838,,72.5,DAL
REGULAR_SEASON,56.0,17,66.3,,,,GB_CB_04,CB,1,,,62.5,,2030,858,,62.8,DAL
REGULAR_SEASON,57.4,17,59.0,,,,ATL_CB_05,CB,1,,,61.1,,2030,849,,54.3,DAL
REGULAR_SEASON,64.2,9,68.6,,,,P100550_CB,CB,1,,,67.4,,2030,421,,70.4,DAL
REGULAR_SEASON,57.2,17,62.3,,,,P100057_S,S,1,,,56.7,,2030,866,,59.8,DAL
REGULAR_SEASON,67.8,17,64.0,,,,P100210_S,S,1,,,62.4,,2030,893,,67.2,DAL
REGULAR_SEASON,55.8,17,47.9,,,,P100859_S,S,1,,,58.9,,2030,869,,46.3,DAL
REGULAR_SEASON,,17,77.2,,,,NE_K_01,K,1,,,,,2030,102,70.5,,DAL
REGULAR_SEASON,,16,61.8,,,,TB_P_02,P,1,,,,,2030,80,60.1,,DAL
REGULAR_SEASON,,15,74.1,71.8,,,LAR_C_01,C,1,,78.8,,,2030,966,,,SF
REGULAR_SEASON,,17,85.7,,,80.3,LAR_QB_01,QB,1,,,,77.7,2030,1083,,,LAR
REGULAR_SEASON,,17,89.7,87.2,,,CIN_RB_01,RB,1,79.2,,,85.4,2030,719,,,LAR
REGULAR_SEASON,,10,74.7,,,,ATL_WR_02,WR,1,69.6,72.2,,,2030,443,,,LAR
REGULAR_SEASON,,17,74.6,,,,IND_WR_02,WR,1,74.9,71.6,,,2030,752,,,LAR
REGULAR_SEASON,,17,56.7,,,,NYG_WR_09,WR,1,57.4,58.2,,,2030,730,,,LAR
REGULAR_SEASON,,17,66.7,,,,FA_WR_049,WR,1,62.1,68.1,,,2030,752,,,LAR
REGULAR_SEASON,,17,74.7,72.5,,,LAR_OT_01,OT,1,,68.2,,,2030,1091,,,LAR
REGULAR_SEASON,,17,54.4,52.8,,,PHI_OT_01,OT,1,,62.8,,,2030,1109,,,LAR
REGULAR_SEASON,,17,72.7,71.4,,,P101197_OG,OG,1,,69.1,,,2030,1127,,,LAR
REGULAR_SEASON,,17,67.6,66.3,,,KC_C_02,C,1,,66.7,,,2030,1107,,,LAR
REGULAR_SEASON,,17,57.5,,55.5,,LAC_EDGE_01,EDGE,1,,,61.1,,2030,745,,57.7,LAR
REGULAR_SEASON,,17,70.7,,66.0,,TEN_EDGE_01,EDGE,1,,,66.7,,2030,738,,62.7,LAR
REGULAR_SEASON,,11,54.1,,57.9,,SF_EDGE_03,EDGE,1,,,61.5,,2030,499,,67.8,LAR
REGULAR_SEASON,,15,65.6,,65.6,,CLE_EDGE_03,EDGE,1,,,63.1,,2030,633,,68.1,LAR
REGULAR_SEASON,,13,75.1,,71.5,,P101200_DT,DT,1,,,73.1,,2030,497,,71.2,LAR
REGULAR_SEASON,,17,76.0,,72.8,,LV_DT_01,DT,1,,,72.0,,2030,627,,74.1,LAR
REGULAR_SEASON,,17,65.7,,64.8,,SF_DT_04,DT,1,,,60.1,,2030,617,,63.5,LAR
REGULAR_SEASON,65.3,17,62.7,,57.9,,P100545_LB,LB,1,,,64.5,,2030,775,,65.3,LAR
REGULAR_SEASON,69.5,17,66.4,,65.3,,P100696_LB,LB,1,,,68.3,,2030,776,,67.2,LAR
REGULAR_SEASON,61.6,16,56.9,,54.5,,KC_LB_01,LB,1,,,59.3,,2030,722,,58.1,LAR
REGULAR_SEASON,62.5,17,68.4,,,,P100417_CB,CB,1,,,70.8,,2030,836,,62.7,LAR
REGULAR_SEASON,72.6,17,73.1,,,,JAX_CB_05,CB,1,,,72.4,,2030,834,,72.5,LAR
REGULAR_SEASON,60.4,17,63.6,,,,LAC_CB_08,CB,1,,,61.7,,2030,856,,63.3,LAR
REGULAR_SEASON,62.9,17,64.6,,,,NO_CB_07,CB,1,,,71.1,,2030,850,,65.3,LAR
REGULAR_SEASON,60.5,15,68.0,,,,LAR_S_04,S,1,,,62.3,,2030,760,,69.4,LAR
REGULAR_SEASON,74.5,16,76.9,,,,P100676_S,S,1,,,72.5,,2030,805,,74.0,LAR
REGULAR_SEASON,68.2,7,73.6,,,,NE_S_02,S,1,,,74.7,,2030,366,,60.0,LAR
REGULAR_SEASON,,16,74.4,,,,DAL_K_01,K,1,,,,,2030,96,73.5,,LAR
REGULAR_SEASON,,17,60.7,,,,DAL_P_01,P,1,,,,,2030,85,57.5,,LAR
REGULAR_SEASON,,2,51.2,,,50.4,P100904_QB,QB,0,,,,57.8,2030,127,,,LAC
REGULAR_SEASON,,17,57.4,60.1,,,P100430_RB,RB,1,66.9,,,56.5,2030,466,,,LAC
REGULAR_SEASON,,17,52.6,55.4,,,MIA_RB_04,RB,1,60.0,,,53.9,2030,355,,,LAC
REGULAR_SEASON,,17,35.9,41.6,,,CIN_RB_05,RB,1,42.0,,,47.6,2030,249,,,LAC
REGULAR_SEASON,,13,68.8,,,,SF_WR_03,WR,1,68.8,66.0,,,2030,574,,,LAC
REGULAR_SEASON,,16,65.6,,,,SF_WR_02,WR,1,64.3,67.2,,,2030,698,,,LAC
REGULAR_SEASON,,13,69.9,,,,ARI_WR_03,WR,1,64.9,69.4,,,2030,552,,,LAC
REGULAR_SEASON,,17,61.5,,,,P101164_WR,WR,1,63.5,59.3,,,2030,724,,,LAC
REGULAR_SEASON,,17,53.6,55.7,,,P101069_TE,TE,1,55.4,56.5,,,2030,667,,,LAC
REGULAR_SEASON,,3,56.9,58.8,,,P101090_TE,TE,0,52.3,62.4,,,2030,124,,,LAC
REGULAR_SEASON,,11,61.8,58.9,,,BAL_OT_01,OT,1,,59.0,,,2030,743,,,LAC
REGULAR_SEASON,,17,64.1,61.9,,,P100581_OT,OT,1,,63.1,,,2030,1144,,,LAC
REGULAR_SEASON,,16,77.7,69.7,,,P100853_OG,OG,1,,76.4,,,2030,1049,,,LAC
REGULAR_SEASON,,17,67.2,65.3,,,P100834_OG,OG,1,,70.5,,,2030,1118,,,LAC
REGULAR_SEASON,,12,71.1,68.2,,,GB_C_01,C,1,,67.0,,,2030,786,,,LAC
REGULAR_SEASON,,15,68.5,,65.3,,P100221_EDGE,EDGE,1,,,63.1,,2030,634,,71.7,LAC
REGULAR_SEASON,,17,59.9,,62.9,,P101103_EDGE,EDGE,1,,,59.8,,2030,748,,60.8,LAC
REGULAR_SEASON,,6,46.9,,47.1,,P100009_EDGE,EDGE,0,,,51.3,,2030,266,,41.2,LAC
REGULAR_SEASON,,17,76.7,,75.2,,SEA_DT_02,DT,1,,,68.9,,2030,636,,67.7,LAC
REGULAR_SEASON,,12,72.0,,72.8,,KC_DT_03,DT,1,,,70.0,,2030,467,,67.9,LAC
REGULAR_SEASON,,17,66.2,,65.1,,JAX_DT_04,DT,1,,,64.4,,2030,604,,64.5,LAC
REGULAR_SEASON,60.1,17,59.8,,59.1,,P100710_LB,LB,1,,,58.7,,2030,749,,61.9,LAC
REGULAR_SEASON,77.5,12,79.3,,,,P100422_CB,CB,1,,,77.0,,2030,609,,76.6,LAC
REGULAR_SEASON,65.7,17,65.9,,,,P100527_CB,CB,1,,,68.6,,2030,867,,63.8,LAC
REGULAR_SEASON,70.3,17,73.5,,,,P100075_S,S,1,,,73.1,,2030,885,,72.4,LAC
REGULAR_SEASON,60.3,17,61.1,,,,LAC_S_02,S,1,,,63.6,,2030,885,,58.7,LAC
REGULAR_SEASON,68.2,12,69.2,,,,P100158_S,S,1,,,63.2,,2030,624,,66.3,LAC
REGULAR_SEASON,,17,66.9,,,,LAC_K_01,K,1,,,,,2030,102,62.5,,LAC
REGULAR_SEASON,,13,67.6,,,,LAC_P_01,P,1,,,,,2030,65,72.3,,LAC
REGULAR_SEASON,,16,65.4,,,,BAL_WR_05,WR,1,67.2,57.9,,,2030,690,,,BAL
REGULAR_SEASON,,17,74.9,,,73.6,DEN_QB_01,QB,1,,,,68.9,2030,1055,,,DEN
REGULAR_SEASON,,17,70.9,68.9,,,DET_RB_02,RB,1,64.9,,,67.2,2030,684,,,DEN
REGULAR_SEASON,,17,83.7,,,,CAR_WR_06,WR,1,82.6,78.2,,,2030,713,,,DEN
REGULAR_SEASON,,17,70.5,,,,ATL_WR_06,WR,1,70.0,64.4,,,2030,741,,,DEN
REGULAR_SEASON,,17,65.3,,,,PIT_WR_07,WR,1,65.6,68.3,,,2030,723,,,DEN
REGULAR_SEASON,,17,65.4,,,,LAR_WR_06,WR,1,59.1,62.5,,,2030,749,,,DEN
REGULAR_SEASON,,17,56.9,63.5,,,SF_TE_01,TE,1,58.9,60.5,,,2030,674,,,DEN
REGULAR_SEASON,,17,78.4,79.9,,,DAL_OT_02,OT,1,,70.5,,,2030,1123,,,DEN
REGULAR_SEASON,,17,73.8,71.7,,,GB_OT_01,OT,1,,70.3,,,2030,1126,,,DEN
REGULAR_SEASON,,4,73.5,65.3,,,SF_OG_01,OG,0,,62.8,,,2030,261,,,DEN
REGULAR_SEASON,,17,62.2,67.0,,,DEN_OG_01,OG,1,,61.5,,,2030,1107,,,DEN
REGULAR_SEASON,,15,64.2,65.0,,,LV_C_01,C,1,,64.2,,,2030,1012,,,DEN
REGULAR_SEASON,,17,70.1,,68.6,,SEA_EDGE_02,EDGE,1,,,69.2,,2030,746,,63.8,DEN
REGULAR_SEASON,,17,77.6,,76.8,,NYG_EDGE_02,EDGE,1,,,75.0,,2030,727,,77.3,DEN
REGULAR_SEASON,,15,54.7,,57.0,,P100114_EDGE,EDGE,1,,,51.6,,2030,646,,58.9,DEN
REGULAR_SEASON,,8,74.4,,66.9,,NE_EDGE_04,EDGE,1,,,67.2,,2030,337,,75.0,DEN
REGULAR_SEASON,,15,70.6,,69.8,,P100826_DT,DT,1,,,68.9,,2030,562,,66.5,DEN
REGULAR_SEASON,,15,74.1,,74.3,,SF_DT_02,DT,1,,,73.0,,2030,565,,69.5,DEN
REGULAR_SEASON,,14,66.6,,59.8,,P100820_DT,DT,1,,,67.9,,2030,556,,65.2,DEN
REGULAR_SEASON,75.9,16,71.2,,65.8,,LV_LB_01,LB,1,,,69.3,,2030,759,,64.1,DEN
REGULAR_SEASON,68.2,13,75.1,,70.2,,TB_LB_01,LB,1,,,71.2,,2030,580,,68.5,DEN
REGULAR_SEASON,63.9,17,64.1,,66.1,,DET_LB_06,LB,1,,,61.9,,2030,798,,57.3,DEN
REGULAR_SEASON,69.1,15,75.3,,,,DEN_CB_03,CB,1,,,79.5,,2030,746,,67.7,DEN
REGULAR_SEASON,56.9,17,59.2,,,,P100366_CB,CB,1,,,61.0,,2030,852,,66.7,DEN
REGULAR_SEASON,60.6,13,65.2,,,,NO_CB_02,CB,1,,,66.2,,2030,637,,57.1,DEN
REGULAR_SEASON,65.0,17,65.3,,,,NYG_CB_01,CB,1,,,68.5,,2030,819,,67.1,DEN
REGULAR_SEASON,85.0,16,87.3,,,,PHI_S_02,S,1,,,82.2,,2030,791,,78.4,DEN
REGULAR_SEASON,73.9,11,73.0,,,,BUF_S_02,S,1,,,67.8,,2030,591,,67.7,DEN
REGULAR_SEASON,50.5,17,53.0,,,,ARI_S_02,S,1,,,60.8,,2030,863,,56.4,DEN
REGULAR_SEASON,,12,78.9,,,,NYJ_K_01,K,1,,,,,2030,72,73.9,,DEN
REGULAR_SEASON,,14,67.3,,,,P100081_P,P,1,,,,,2030,70,63.8,,DEN
REGULAR_SEASON,,1,45.6,,,72.0,NO_QB_01,QB,0,,,,49.2,2030,63,,,CIN
REGULAR_SEASON,,17,67.6,67.8,,,P101019_RB,RB,1,66.9,,,65.7,2030,474,,,CIN
REGULAR_SEASON,,17,45.6,49.5,,,P101044_RB,RB,1,51.4,,,52.8,2030,325,,,CIN
REGULAR_SEASON,,8,54.0,52.9,,,IND_RB_04,RB,0,56.5,,,51.5,2030,115,,,CIN
REGULAR_SEASON,,17,81.0,,,,DEN_WR_01,WR,1,74.7,72.0,,,2030,747,,,CIN
REGULAR_SEASON,,14,74.3,,,,HOU_WR_02,WR,1,69.7,66.1,,,2030,600,,,CIN
REGULAR_SEASON,,17,66.8,,,,CIN_WR_03,WR,1,66.9,64.9,,,2030,735,,,CIN
REGULAR_SEASON,,17,54.5,,,,P100484_WR,WR,1,58.9,59.9,,,2030,743,,,CIN
REGULAR_SEASON,,15,63.5,55.8,,,GB_TE_03,TE,1,58.8,58.9,,,2030,613,,,CIN
REGULAR_SEASON,,6,79.8,72.9,,,P100472_TE,TE,0,78.2,70.5,,,2030,248,,,CIN
REGULAR_SEASON,,17,63.9,66.4,,,P100660_OT,OT,1,,62.5,,,2030,1090,,,CIN
REGULAR_SEASON,,17,56.3,53.1,,,CIN_OT_02,OT,1,,63.4,,,2030,1133,,,CIN
REGULAR_SEASON,,15,59.7,60.5,,,P100888_OG,OG,1,,68.2,,,2030,938,,,CIN
REGULAR_SEASON,,17,57.1,60.0,,,CIN_OG_05,OG,1,,66.4,,,2030,1119,,,CIN
REGULAR_SEASON,,17,82.9,75.9,,,TB_C_01,C,1,,77.7,,,2030,1130,,,CIN
REGULAR_SEASON,,17,65.9,,65.2,,ATL_EDGE_01,EDGE,1,,,63.3,,2030,752,,69.1,CIN
REGULAR_SEASON,,17,71.3,,66.8,,LV_EDGE_02,EDGE,1,,,74.6,,2030,755,,71.4,CIN
REGULAR_SEASON,,17,68.0,,62.7,,DEN_EDGE_03,EDGE,1,,,65.6,,2030,741,,66.5,CIN
REGULAR_SEASON,,17,67.9,,64.4,,GB_EDGE_07,EDGE,1,,,69.2,,2030,748,,62.7,CIN
REGULAR_SEASON,,17,65.3,,63.9,,DEN_DT_01,DT,1,,,67.7,,2030,632,,61.2,CIN
REGULAR_SEASON,,14,57.2,,59.0,,P100475_DT,DT,1,,,59.1,,2030,507,,55.6,CIN
REGULAR_SEASON,,17,67.4,,66.9,,P100197_DT,DT,1,,,65.7,,2030,646,,62.2,CIN
REGULAR_SEASON,78.7,17,82.4,,79.5,,SEA_LB_02,LB,1,,,77.1,,2030,795,,69.9,CIN
REGULAR_SEASON,68.5,13,69.2,,65.2,,P100750_LB,LB,1,,,65.9,,2030,586,,63.5,CIN
REGULAR_SEASON,65.5,17,65.1,,65.4,,ATL_LB_03,LB,1,,,64.8,,2030,758,,73.3,CIN
REGULAR_SEASON,61.2,17,64.5,,,,TB_CB_02,CB,1,,,63.9,,2030,852,,70.7,CIN
REGULAR_SEASON,68.8,11,62.8,,,,CIN_CB_01,CB,1,,,64.4,,2030,547,,60.8,CIN
REGULAR_SEASON,66.5,17,67.7,,,,SEA_CB_05,CB,1,,,65.4,,2030,841,,70.1,CIN
REGULAR_SEASON,59.5,17,57.5,,,,MIA_CB_05,CB,1,,,54.0,,2030,826,,63.8,CIN
REGULAR_SEASON,74.3,8,71.7,,,,CIN_S_01,S,1,,,67.7,,2030,411,,66.3,CIN
REGULAR_SEASON,,9,59.5,,,,BAL_K_01,K,1,,,,,2030,54,60.6,,CIN
REGULAR_SEASON,,17,55.7,,,,ATL_P_01,P,1,,,,,2030,85,56.0,,CIN
REGULAR_SEASON,,1,62.1,,,,WAS_WR_03,WR,0,67.8,61.1,,,2030,51,,,NYJ
REGULAR_SEASON,,17,79.6,,,75.0,TEN_QB_02,QB,1,,,,75.3,2030,1103,,,NYG
REGULAR_SEASON,,17,62.8,61.1,,,P100534_RB,RB,1,61.7,,,64.5,2030,496,,,NYG
REGULAR_SEASON,,17,79.6,77.1,,,P100356_RB,RB,1,68.9,,,78.5,2030,369,,,NYG
REGULAR_SEASON,,16,76.4,72.8,,,P100511_RB,RB,1,74.5,,,73.3,2030,239,,,NYG
REGULAR_SEASON,,17,72.0,,,,DAL_WR_01,WR,1,70.6,74.8,,,2030,745,,,NYG
REGULAR_SEASON,,16,65.5,,,,DEN_WR_02,WR,1,61.1,64.2,,,2030,709,,,NYG
REGULAR_SEASON,,12,71.9,,,,MIN_WR_04,WR,1,75.2,68.7,,,2030,503,,,NYG
REGULAR_SEASON,,16,52.4,,,,DET_WR_04,WR,1,64.0,53.4,,,2030,677,,,NYG
REGULAR_SEASON,,12,71.7,77.1,,,CAR_TE_02,TE,1,74.8,71.5,,,2030,480,,,NYG
REGULAR_SEASON,,17,69.2,63.8,,,P100833_TE,TE,1,67.0,72.6,,,2030,688,,,NYG
REGULAR_SEASON,,10,68.2,60.2,,,NYG_OT_02,OT,1,,70.9,,,2030,651,,,NYG
REGULAR_SEASON,,12,55.4,60.8,,,GB_OT_03,OT,1,,55.1,,,2030,770,,,NYG
REGULAR_SEASON,,14,79.4,73.3,,,PHI_OG_02,OG,1,,74.0,,,2030,909,,,NYG
REGULAR_SEASON,,17,64.3,59.8,,,PHI_C_01,C,1,,61.4,,,2030,1102,,,NYG
REGULAR_SEASON,,14,76.6,,72.8,,PHI_EDGE_01,EDGE,1,,,78.9,,2030,618,,70.0,NYG
REGULAR_SEASON,,17,61.2,,56.4,,NE_EDGE_07,EDGE,1,,,64.5,,2030,742,,63.5,NYG
REGULAR_SEASON,,15,57.7,,56.0,,P101005_EDGE,EDGE,1,,,54.3,,2030,653,,60.8,NYG
REGULAR_SEASON,,14,67.9,,73.7,,P101010_EDGE,EDGE,1,,,63.9,,2030,613,,59.7,NYG
REGULAR_SEASON,,17,53.9,,57.5,,GB_DT_05,DT,1,,,54.2,,2030,641,,52.5,NYG
REGULAR_SEASON,,10,60.2,,52.5,,PIT_DT_05,DT,1,,,65.1,,2030,385,,56.5,NYG
REGULAR_SEASON,,17,76.6,,71.9,,NE_DT_04,DT,1,,,71.4,,2030,642,,68.7,NYG
REGULAR_SEASON,70.2,13,74.4,,71.1,,PIT_LB_02,LB,1,,,66.0,,2030,598,,73.2,NYG
REGULAR_SEASON,59.6,17,59.1,,62.5,,P100319_LB,LB,1,,,63.3,,2030,760,,60.5,NYG
REGULAR_SEASON,56.2,17,57.0,,61.4,,CHI_LB_04,LB,1,,,57.9,,2030,747,,56.9,NYG
REGULAR_SEASON,69.4,17,67.7,,,,P100731_CB,CB,1,,,62.4,,2030,821,,67.1,NYG
REGULAR_SEASON,59.7,15,59.1,,,,JAX_CB_01,CB,1,,,62.0,,2030,750,,60.1,NYG
REGULAR_SEASON,62.5,17,63.2,,,,P100638_CB,CB,1,,,59.5,,2030,841,,62.9,NYG
REGULAR_SEASON,70.6,17,78.4,,,,IND_CB_09,CB,1,,,68.0,,2030,866,,73.5,NYG
REGULAR_SEASON,68.1,17,64.7,,,,PIT_S_03,S,1,,,65.2,,2030,866,,60.3,NYG
REGULAR_SEASON,55.1,12,49.2,,,,TB_S_03,S,1,,,48.7,,2030,639,,58.7,NYG
REGULAR_SEASON,63.3,17,64.5,,,,NO_S_03,S,1,,,68.2,,2030,860,,60.8,NYG
REGULAR_SEASON,,15,72.7,,,,BUF_K_01,K,1,,,,,2030,90,67.3,,NYG
REGULAR_SEASON,64.9,15,66.5,,,,IND_CB_06,CB,1,,,64.5,,2030,764,,65.8,NE
REGULAR_SEASON,,14,61.6,,,58.3,NYG_QB_01,QB,1,,,,62.1,2030,899,,,KC
REGULAR_SEASON,,1,77.4,71.9,,,KC_RB_01,RB,0,91.2,,,78.8,2030,37,,,KC
REGULAR_SEASON,,17,59.2,59.3,,,P101086_RB,RB,1,57.9,,,55.9,2030,679,,,KC
REGULAR_SEASON,,17,86.2,,,,KC_WR_03,WR,1,77.0,79.2,,,2030,731,,,KC
REGULAR_SEASON,,17,60.0,,,,LAC_WR_07,WR,1,56.2,57.8,,,2030,748,,,KC
REGULAR_SEASON,,11,68.2,,,,P100160_WR,WR,1,70.1,70.0,,,2030,486,,,KC
REGULAR_SEASON,,5,55.9,,,,P101198_WR,WR,0,58.6,53.4,,,2030,222,,,KC
REGULAR_SEASON,,8,86.6,89.1,,,KC_TE_01,TE,1,83.2,80.7,,,2030,313,,,KC
REGULAR_SEASON,,17,73.8,75.4,,,P100186_TE,TE,1,70.2,70.5,,,2030,662,,,KC
REGULAR_SEASON,,17,76.2,76.6,,,NO_OT_02,OT,1,,71.4,,,2030,1139,,,KC
REGULAR_SEASON,,17,51.5,49.5,,,MIA_OT_01,OT,1,,55.0,,,2030,1115,,,KC
REGULAR_SEASON,,17,44.7,52.9,,,P100528_OG,OG,1,,47.2,,,2030,1104,,,KC
REGULAR_SEASON,,17,74.1,67.0,,,P100688_OG,OG,1,,71.0,,,2030,1123,,,KC
REGULAR_SEASON,,17,73.2,65.2,,,CHI_C_01,C,1,,72.1,,,2030,1075,,,KC
REGULAR_SEASON,,17,68.0,,63.6,,CLE_EDGE_02,EDGE,1,,,68.3,,2030,748,,63.1,KC
REGULAR_SEASON,,17,85.0,,76.5,,PIT_EDGE_05,EDGE,1,,,79.3,,2030,755,,80.7,KC
REGULAR_SEASON,,16,51.5,,57.0,,P100595_EDGE,EDGE,1,,,52.1,,2030,689,,56.7,KC
REGULAR_SEASON,,3,48.6,,53.4,,P100602_EDGE,EDGE,0,,,61.8,,2030,132,,37.9,KC
REGULAR_SEASON,,12,68.0,,68.9,,KC_DT_02,DT,1,,,69.9,,2030,456,,70.2,KC
REGULAR_SEASON,,11,64.2,,64.5,,ARI_DT_02,DT,1,,,58.4,,2030,421,,65.1,KC
REGULAR_SEASON,,17,50.6,,54.5,,MIA_DT_04,DT,1,,,57.3,,2030,640,,52.7,KC
REGULAR_SEASON,54.9,16,58.9,,59.7,,CAR_LB_01,LB,1,,,63.9,,2030,745,,54.8,KC
REGULAR_SEASON,62.8,17,67.8,,63.7,,P100781_LB,LB,1,,,69.5,,2030,760,,63.8,KC
REGULAR_SEASON,56.7,17,52.8,,58.1,,P100726_LB,LB,1,,,51.1,,2030,777,,53.8,KC
REGULAR_SEASON,64.2,17,60.9,,,,P100703_CB,CB,1,,,56.9,,2030,842,,63.5,KC
REGULAR_SEASON,58.6,13,61.1,,,,GB_CB_10,CB,1,,,56.6,,2030,642,,63.9,KC
REGULAR_SEASON,54.2,14,65.5,,,,P100927_S,S,1,,,67.1,,2030,736,,63.8,KC
REGULAR_SEASON,62.9,17,67.1,,,,P101188_S,S,1,,,64.4,,2030,882,,64.8,KC
REGULAR_SEASON,54.7,13,53.1,,,,P101007_S,S,1,,,55.3,,2030,685,,53.4,KC
REGULAR_SEASON,,17,86.6,,,,FA_K_006,K,1,,,,,2030,102,77.0,,KC
REGULAR_SEASON,,14,71.9,,,,P100746_P,P,1,,,,,2030,70,70.5,,KC
REGULAR_SEASON,,8,61.9,,,64.8,P101148_QB,QB,1,,,,65.2,2030,488,,,HOU
REGULAR_SEASON,,17,69.4,68.2,,,P100080_RB,RB,1,66.3,,,63.0,2030,502,,,HOU
REGULAR_SEASON,,17,66.9,62.9,,,DAL_RB_04,RB,1,67.4,,,68.8,2030,378,,,HOU
REGULAR_SEASON,,17,53.4,59.7,,,KC_RB_05,RB,1,57.2,,,58.0,2030,242,,,HOU
REGULAR_SEASON,,17,62.9,,,,P100295_WR,WR,1,57.8,61.1,,,2030,730,,,HOU
REGULAR_SEASON,,16,63.2,,,,P100401_WR,WR,1,66.9,61.8,,,2030,685,,,HOU
REGULAR_SEASON,,15,71.9,,,,HOU_WR_05,WR,1,67.8,73.5,,,2030,633,,,HOU
REGULAR_SEASON,,9,56.8,,,,P100010_WR,WR,1,58.1,63.2,,,2030,387,,,HOU
REGULAR_SEASON,,17,72.4,75.5,,,IND_TE_02,TE,1,73.1,73.0,,,2030,683,,,HOU
REGULAR_SEASON,,15,81.9,78.8,,,HOU_TE_03,TE,1,76.0,76.6,,,2030,592,,,HOU
REGULAR_SEASON,,15,61.6,61.3,,,P100649_OT,OT,1,,66.8,,,2030,1009,,,HOU
REGULAR_SEASON,,17,73.4,69.7,,,P101100_OT,OT,1,,69.8,,,2030,1104,,,HOU
REGULAR_SEASON,,13,79.6,71.8,,,NYJ_OG_02,OG,1,,80.3,,,2030,874,,,HOU
REGULAR_SEASON,,17,82.2,80.2,,,P100709_OG,OG,1,,75.9,,,2030,1124,,,HOU
REGULAR_SEASON,,17,65.5,70.5,,,SF_C_02,C,1,,64.0,,,2030,1147,,,HOU
REGULAR_SEASON,,14,74.1,,68.3,,LAR_EDGE_02,EDGE,1,,,67.6,,2030,634,,69.3,HOU
REGULAR_SEASON,,16,67.1,,69.9,,NE_EDGE_01,EDGE,1,,,65.7,,2030,663,,66.6,HOU
REGULAR_SEASON,,17,71.3,,64.7,,CHI_EDGE_05,EDGE,1,,,65.9,,2030,725,,71.4,HOU
REGULAR_SEASON,,17,66.5,,66.5,,P100124_EDGE,EDGE,1,,,65.5,,2030,728,,68.5,HOU
REGULAR_SEASON,,9,88.7,,85.5,,BAL_DT_01,DT,1,,,90.7,,2030,350,,83.3,HOU
REGULAR_SEASON,,17,77.1,,73.9,,HOU_DT_02,DT,1,,,71.8,,2030,642,,76.1,HOU
REGULAR_SEASON,,17,67.2,,69.3,,LAC_DT_06,DT,1,,,68.9,,2030,638,,62.2,HOU
REGULAR_SEASON,72.1,8,81.1,,75.2,,NYG_LB_01,LB,1,,,71.1,,2030,385,,71.9,HOU
REGULAR_SEASON,68.9,16,73.2,,71.3,,P100450_LB,LB,1,,,67.9,,2030,747,,72.1,HOU
REGULAR_SEASON,70.9,17,77.0,,,,SF_CB_01,CB,1,,,67.5,,2030,844,,73.9,HOU
REGULAR_SEASON,71.6,12,71.4,,,,SEA_CB_03,CB,1,,,73.6,,2030,618,,64.3,HOU
REGULAR_SEASON,59.4,16,61.8,,,,P100934_CB,CB,1,,,61.9,,2030,784,,62.5,HOU
REGULAR_SEASON,59.2,16,56.2,,,,P100895_CB,CB,1,,,62.6,,2030,786,,66.3,HOU
REGULAR_SEASON,66.2,17,62.1,,,,DET_S_05,S,1,,,58.9,,2030,860,,62.0,HOU
REGULAR_SEASON,64.4,17,72.7,,,,P100623_S,S,1,,,67.7,,2030,872,,72.7,HOU
REGULAR_SEASON,52.6,16,47.3,,,,P100917_S,S,1,,,55.8,,2030,827,,47.7,HOU
REGULAR_SEASON,,17,67.7,,,,WAS_K_02,K,1,,,,,2030,102,65.8,,HOU
REGULAR_SEASON,,17,54.4,,,,P101131_P,P,1,,,,,2030,85,54.0,,HOU
REGULAR_SEASON,,17,59.1,,,57.6,JAX_QB_01,QB,1,,,,61.0,2030,1050,,,JAX
REGULAR_SEASON,,17,60.6,63.3,,,LAR_RB_04,RB,1,61.7,,,62.9,2030,478,,,JAX
REGULAR_SEASON,,17,64.5,59.3,,,P100139_RB,RB,1,70.6,,,66.3,2030,322,,,JAX
REGULAR_SEASON,,13,52.7,55.9,,,P101077_RB,RB,0,53.3,,,58.0,2030,190,,,JAX
REGULAR_SEASON,,17,81.5,,,,CAR_WR_01,WR,1,78.7,75.8,,,2030,730,,,JAX
REGULAR_SEASON,,17,79.1,,,,P100512_WR,WR,1,78.0,78.2,,,2030,717,,,JAX
REGULAR_SEASON,,13,57.3,,,,P100140_WR,WR,1,48.7,57.8,,,2030,583,,,JAX
REGULAR_SEASON,,13,69.1,71.1,,,JAX_TE_02,TE,1,69.6,72.0,,,2030,488,,,JAX
REGULAR_SEASON,,17,60.5,60.4,,,DEN_TE_04,TE,1,60.3,61.4,,,2030,670,,,JAX
REGULAR_SEASON,,15,86.5,83.9,,,JAX_OT_02,OT,1,,83.1,,,2030,975,,,JAX
REGULAR_SEASON,,14,66.0,62.0,,,P100916_OT,OT,1,,57.0,,,2030,914,,,JAX
REGULAR_SEASON,,17,60.6,59.5,,,DET_OG_04,OG,1,,59.6,,,2030,1116,,,JAX
REGULAR_SEASON,,17,64.4,62.6,,,P100841_OG,OG,1,,65.1,,,2030,1115,,,JAX
REGULAR_SEASON,,17,73.7,67.2,,,P100321_C,C,1,,73.4,,,2030,1079,,,JAX
REGULAR_SEASON,,12,62.0,,57.7,,P100011_EDGE,EDGE,1,,,60.8,,2030,508,,65.2,JAX
REGULAR_SEASON,,17,61.1,,56.2,,PIT_EDGE_04,EDGE,1,,,62.1,,2030,739,,59.0,JAX
REGULAR_SEASON,,14,71.4,,72.2,,JAX_DT_01,DT,1,,,67.6,,2030,528,,67.4,JAX
REGULAR_SEASON,,17,63.8,,66.6,,JAX_DT_05,DT,1,,,59.3,,2030,612,,62.6,JAX
REGULAR_SEASON,,17,58.6,,64.1,,P100799_DT,DT,1,,,63.5,,2030,643,,56.5,JAX
REGULAR_SEASON,61.3,13,67.9,,63.1,,P100669_LB,LB,1,,,65.0,,2030,580,,67.9,JAX
REGULAR_SEASON,67.9,10,67.7,,65.0,,P100612_LB,LB,1,,,63.2,,2030,446,,65.5,JAX
REGULAR_SEASON,62.3,16,64.6,,59.7,,P100922_LB,LB,1,,,63.8,,2030,698,,63.3,JAX
REGULAR_SEASON,78.8,12,88.1,,,,JAX_CB_02,CB,1,,,74.2,,2030,590,,81.2,JAX
REGULAR_SEASON,69.1,17,70.4,,,,P100887_CB,CB,1,,,71.0,,2030,829,,65.7,JAX
REGULAR_SEASON,63.3,17,61.6,,,,P100008_CB,CB,1,,,61.7,,2030,842,,62.3,JAX
REGULAR_SEASON,57.2,17,56.7,,,,P100073_CB,CB,1,,,62.1,,2030,861,,53.5,JAX
REGULAR_SEASON,67.2,14,76.7,,,,CLE_S_01,S,1,,,72.9,,2030,729,,67.2,JAX
REGULAR_SEASON,68.0,17,62.8,,,,LAR_S_05,S,1,,,61.4,,2030,869,,62.5,JAX
REGULAR_SEASON,74.1,17,77.6,,,,ARI_S_05,S,1,,,73.3,,2030,861,,72.9,JAX
REGULAR_SEASON,,17,83.3,,,,IND_K_01,K,1,,,,,2030,102,71.4,,JAX
REGULAR_SEASON,,16,58.3,,,,DEN_P_02,P,1,,,,,2030,80,59.6,,JAX
REGULAR_SEASON,,17,68.9,,,67.0,CIN_QB_03,QB,1,,,,63.9,2030,1132,,,SEA
REGULAR_SEASON,,14,52.2,50.9,,,SF_RB_03,RB,1,58.7,,,54.3,2030,422,,,SEA
REGULAR_SEASON,,17,47.4,47.7,,,P100087_RB,RB,1,50.2,,,53.2,2030,321,,,SEA
REGULAR_SEASON,,12,59.6,57.8,,,P101008_RB,RB,0,60.6,,,59.5,2030,167,,,SEA
REGULAR_SEASON,,13,82.9,,,,P100557_WR,WR,1,72.9,72.2,,,2030,584,,,SEA
REGULAR_SEASON,,14,69.6,,,,SF_WR_01,WR,1,69.2,68.9,,,2030,586,,,SEA
REGULAR_SEASON,,11,56.1,,,,P100552_WR,WR,1,53.9,56.8,,,2030,476,,,SEA
REGULAR_SEASON,,17,39.1,,,,P100384_WR,WR,1,47.7,46.3,,,2030,740,,,SEA
REGULAR_SEASON,,11,66.1,69.8,,,P100720_TE,TE,1,55.7,62.6,,,2030,439,,,SEA
REGULAR_SEASON,,17,60.2,60.7,,,P100692_TE,TE,1,62.0,60.7,,,2030,667,,,SEA
REGULAR_SEASON,,17,72.8,71.9,,,DEN_OT_02,OT,1,,70.1,,,2030,1088,,,SEA
REGULAR_SEASON,,13,75.5,71.1,,,CAR_OT_04,OT,1,,78.5,,,2030,865,,,SEA
REGULAR_SEASON,,15,71.7,72.4,,,TEN_OG_04,OG,1,,66.7,,,2030,981,,,SEA
REGULAR_SEASON,,17,71.1,69.8,,,LAC_OG_02,OG,1,,66.2,,,2030,1117,,,SEA
REGULAR_SEASON,,17,72.7,67.7,,,SEA_C_01,C,1,,68.3,,,2030,1110,,,SEA
REGULAR_SEASON,,17,74.4,,70.6,,MIN_EDGE_02,EDGE,1,,,68.7,,2030,748,,71.9,SEA
REGULAR_SEASON,,14,53.0,,54.5,,P100066_EDGE,EDGE,1,,,57.2,,2030,602,,53.0,SEA
REGULAR_SEASON,,17,71.5,,70.7,,P100316_EDGE,EDGE,1,,,68.6,,2030,737,,78.4,SEA
REGULAR_SEASON,,17,49.4,,46.7,,HOU_DT_01,DT,1,,,57.6,,2030,672,,58.0,SEA
REGULAR_SEASON,,14,63.3,,65.5,,P100789_DT,DT,1,,,63.3,,2030,543,,64.7,SEA
REGULAR_SEASON,,4,72.7,,72.7,,NYG_DT_02,DT,0,,,62.4,,2030,146,,54.6,SEA
REGULAR_SEASON,76.5,12,83.1,,78.0,,P100402_LB,LB,1,,,77.6,,2030,547,,78.0,SEA
REGULAR_SEASON,72.4,17,66.9,,65.6,,SEA_LB_04,LB,1,,,70.5,,2030,782,,71.3,SEA
REGULAR_SEASON,74.0,17,77.0,,,,KC_CB_03,CB,1,,,76.8,,2030,851,,73.3,SEA
REGULAR_SEASON,60.8,17,61.0,,,,P101099_CB,CB,1,,,61.8,,2030,837,,66.6,SEA
REGULAR_SEASON,54.7,15,57.1,,,,CAR_CB_04,CB,1,,,63.1,,2030,734,,56.3,SEA
REGULAR_SEASON,58.4,17,54.6,,,,P100836_CB,CB,1,,,56.2,,2030,866,,55.8,SEA
REGULAR_SEASON,66.1,17,69.7,,,,SF_S_02,S,1,,,71.6,,2030,878,,72.3,SEA
REGULAR_SEASON,71.8,17,72.5,,,,P100410_S,S,1,,,72.5,,2030,893,,70.5,SEA
REGULAR_SEASON,,17,75.7,,,,CIN_K_01,K,1,,,,,2030,102,73.7,,SEA
REGULAR_SEASON,,9,74.4,,,67.9,CAR_QB_01,QB,1,,,,64.3,2030,579,,,ARI
REGULAR_SEASON,,16,69.7,69.2,,,P100464_RB,RB,1,66.6,,,65.7,2030,672,,,ARI
REGULAR_SEASON,,17,62.8,,,,P100447_WR,WR,1,62.4,52.3,,,2030,757,,,ARI
REGULAR_SEASON,,17,64.2,,,,P100165_WR,WR,1,63.3,64.0,,,2030,743,,,ARI
REGULAR_SEASON,,17,51.6,,,,NYJ_WR_08,WR,1,51.9,54.4,,,2030,760,,,ARI
REGULAR_SEASON,,12,57.4,,,,ARI_WR_08,WR,1,53.4,64.3,,,2030,542,,,ARI
REGULAR_SEASON,,17,67.7,68.6,,,DET_TE_03,TE,1,62.5,64.0,,,2030,680,,,ARI
REGULAR_SEASON,,17,57.4,64.4,,,P100629_TE,TE,1,63.3,65.0,,,2030,667,,,ARI
REGULAR_SEASON,,17,78.6,78.3,,,DET_OT_02,OT,1,,79.6,,,2030,1135,,,ARI
REGULAR_SEASON,,4,83.9,80.2,,,CLE_OT_01,OT,0,,89.1,,,2030,261,,,ARI
REGULAR_SEASON,,17,68.7,66.4,,,ARI_OG_01,OG,1,,63.8,,,2030,1120,,,ARI
REGULAR_SEASON,,17,64.6,61.2,,,LAC_OG_01,OG,1,,63.4,,,2030,1123,,,ARI
REGULAR_SEASON,,17,83.8,76.7,,,ARI_C_01,C,1,,79.7,,,2030,1116,,,ARI
REGULAR_SEASON,,17,82.0,,80.4,,P100707_EDGE,EDGE,1,,,73.9,,2030,770,,76.7,ARI
REGULAR_SEASON,,17,60.3,,60.6,,P100478_EDGE,EDGE,1,,,58.0,,2030,724,,58.2,ARI
REGULAR_SEASON,,13,57.3,,57.3,,P100561_EDGE,EDGE,1,,,57.9,,2030,545,,65.1,ARI
REGULAR_SEASON,,10,54.9,,57.4,,P100562_EDGE,EDGE,1,,,52.0,,2030,443,,56.0,ARI
REGULAR_SEASON,,9,80.4,,70.1,,JAX_DT_02,DT,1,,,74.6,,2030,354,,72.4,ARI
REGULAR_SEASON,,17,69.9,,69.2,,ARI_DT_01,DT,1,,,69.1,,2030,665,,68.6,ARI
REGULAR_SEASON,,17,78.3,,74.2,,DET_DT_05,DT,1,,,74.9,,2030,627,,72.3,ARI
REGULAR_SEASON,75.8,17,77.2,,69.6,,P101195_LB,LB,1,,,73.3,,2030,774,,69.5,ARI
REGULAR_SEASON,56.8,10,55.8,,57.3,,P101113_LB,LB,1,,,60.7,,2030,441,,60.9,ARI
REGULAR_SEASON,60.3,17,65.1,,62.4,,P100978_LB,LB,1,,,65.4,,2030,796,,65.8,ARI
REGULAR_SEASON,85.9,16,84.7,,,,CAR_CB_01,CB,1,,,79.5,,2030,781,,83.4,ARI
REGULAR_SEASON,74.3,17,83.4,,,,LAR_CB_01,CB,1,,,80.7,,2030,830,,77.7,ARI
REGULAR_SEASON,60.3,17,61.3,,,,PIT_CB_05,CB,1,,,62.1,,2030,830,,61.2,ARI
REGULAR_SEASON,63.4,17,52.3,,,,P100393_CB,CB,1,,,57.1,,2030,897,,55.4,ARI
REGULAR_SEASON,63.6,12,62.9,,,,P100116_S,S,1,,,59.0,,2030,601,,61.7,ARI
REGULAR_SEASON,,17,62.4,,,,SEA_K_01,K,1,,,,,2030,102,58.5,,ARI
REGULAR_SEASON,,14,69.3,,,,MIA_P_01,P,1,,,,,2030,70,67.3,,ARI
REGULAR_SEASON,,17,90.6,,,85.5,GB_QB_01,QB,1,,,,83.5,2030,1068,,,GB
REGULAR_SEASON,,14,72.0,76.8,,,CHI_RB_03,RB,1,71.1,,,73.1,2030,398,,,GB
REGULAR_SEASON,,17,57.8,53.8,,,P100831_RB,RB,1,56.5,,,59.9,2030,364,,,GB
REGULAR_SEASON,,17,47.1,45.3,,,P100790_RB,RB,1,50.6,,,54.6,2030,277,,,GB
REGULAR_SEASON,,16,69.3,,,,NYJ_WR_02,WR,1,68.4,72.4,,,2030,692,,,GB
REGULAR_SEASON,,12,85.2,,,,LV_WR_01,WR,1,75.2,76.8,,,2030,538,,,GB
REGULAR_SEASON,,17,65.6,,,,P100331_WR,WR,1,63.4,61.8,,,2030,730,,,GB
REGULAR_SEASON,,14,51.3,,,,FA_WR_005,WR,1,55.3,55.1,,,2030,641,,,GB
REGULAR_SEASON,,17,66.5,64.7,,,CAR_TE_01,TE,1,64.1,63.2,,,2030,677,,,GB
REGULAR_SEASON,,17,76.0,72.7,,,ATL_TE_02,TE,1,75.1,70.4,,,2030,677,,,GB
REGULAR_SEASON,,17,77.4,73.9,,,P100507_OT,OT,1,,75.0,,,2030,1106,,,GB
REGULAR_SEASON,,8,67.9,63.3,,,P100571_OT,OT,1,,68.1,,,2030,536,,,GB
REGULAR_SEASON,,17,67.3,69.0,,,JAX_OG_02,OG,1,,68.6,,,2030,1111,,,GB
REGULAR_SEASON,,17,87.4,78.4,,,NE_OG_01,OG,1,,75.4,,,2030,1103,,,GB
REGULAR_SEASON,,13,56.0,,58.4,,ATL_EDGE_07,EDGE,1,,,53.8,,2030,539,,59.2,GB
REGULAR_SEASON,,17,54.9,,52.8,,FA_EDGE_182,EDGE,1,,,54.1,,2030,754,,52.1,GB
REGULAR_SEASON,,13,62.0,,61.4,,P100797_EDGE,EDGE,1,,,61.7,,2030,572,,68.4,GB
REGULAR_SEASON,,4,59.8,,70.7,,P100869_EDGE,EDGE,0,,,65.6,,2030,182,,61.0,GB
REGULAR_SEASON,,17,82.5,,73.4,,GB_DT_01,DT,1,,,74.7,,2030,644,,79.9,GB
REGULAR_SEASON,,15,65.6,,60.4,,GB_DT_04,DT,1,,,72.7,,2030,573,,68.4,GB
REGULAR_SEASON,,17,58.9,,66.3,,WAS_DT_04,DT,1,,,62.6,,2030,649,,64.9,GB
REGULAR_SEASON,58.3,13,56.3,,56.9,,LAR_LB_01,LB,1,,,58.7,,2030,577,,63.8,GB
REGULAR_SEASON,64.1,17,63.1,,61.8,,P100185_LB,LB,1,,,65.9,,2030,766,,72.9,GB
REGULAR_SEASON,69.9,17,71.8,,,,DET_CB_01,CB,1,,,70.5,,2030,844,,71.6,GB
REGULAR_SEASON,68.7,17,68.3,,,,P100131_CB,CB,1,,,70.4,,2030,861,,67.7,GB
REGULAR_SEASON,58.8,17,62.4,,,,SEA_CB_04,CB,1,,,65.0,,2030,815,,63.8,GB
REGULAR_SEASON,57.4,17,49.6,,,,P100180_CB,CB,1,,,52.7,,2030,852,,55.1,GB
REGULAR_SEASON,70.8,17,78.8,,,,P101140_S,S,1,,,72.1,,2030,886,,71.0,GB
REGULAR_SEASON,70.9,17,70.5,,,,P101036_S,S,1,,,66.5,,2030,896,,70.4,GB
REGULAR_SEASON,72.3,17,71.7,,,,P101093_S,S,1,,,67.2,,2030,883,,69.0,GB
REGULAR_SEASON,,17,78.4,,,,P100052_K,K,1,,,,,2030,102,78.4,,GB
REGULAR_SEASON,,14,75.9,73.5,,,CLE_C_02,C,1,,74.1,,,2030,917,,,NE
REGULAR_SEASON,,10,59.0,,58.5,,P100420_DT,DT,1,,,51.9,,2030,376,,60.6,NE
REGULAR_SEASON,,11,95.0,,,94.1,KC_QB_01,QB,1,,,,89.0,2030,688,,,DET
REGULAR_SEASON,,17,71.1,72.5,,,P100695_RB,RB,1,70.5,,,65.3,2030,541,,,DET
REGULAR_SEASON,,16,57.2,61.0,,,P100523_RB,RB,1,56.9,,,53.7,2030,332,,,DET
REGULAR_SEASON,,17,76.3,,,,KC_WR_01,WR,1,70.3,71.0,,,2030,727,,,DET
REGULAR_SEASON,,17,67.2,,,,DET_WR_03,WR,1,62.5,67.6,,,2030,740,,,DET
REGULAR_SEASON,,17,73.2,,,,DET_WR_01,WR,1,74.2,70.9,,,2030,719,,,DET
REGULAR_SEASON,,2,49.0,,,,P100516_WR,WR,0,47.4,55.2,,,2030,88,,,DET
REGULAR_SEASON,,17,75.9,70.4,,,DET_TE_01,TE,1,74.5,65.3,,,2030,664,,,DET
REGULAR_SEASON,,17,73.9,69.8,,,KC_TE_02,TE,1,72.7,69.0,,,2030,668,,,DET
REGULAR_SEASON,,17,67.2,65.3,,,CIN_OT_03,OT,1,,65.0,,,2030,1124,,,DET
REGULAR_SEASON,,17,77.2,71.7,,,PIT_OT_04,OT,1,,70.5,,,2030,1124,,,DET
REGULAR_SEASON,,15,80.8,75.3,,,DEN_OG_02,OG,1,,79.9,,,2030,981,,,DET
REGULAR_SEASON,,17,59.2,60.7,,,P100229_OG,OG,1,,57.6,,,2030,1135,,,DET
REGULAR_SEASON,,13,83.4,81.5,,,TEN_C_01,C,1,,76.2,,,2030,843,,,DET
REGULAR_SEASON,,17,73.8,,70.3,,ARI_EDGE_02,EDGE,1,,,71.0,,2030,736,,65.6,DET
REGULAR_SEASON,,17,79.4,,70.7,,P100624_EDGE,EDGE,1,,,75.5,,2030,718,,74.1,DET
REGULAR_SEASON,,17,63.9,,62.0,,P100946_EDGE,EDGE,1,,,64.9,,2030,738,,63.1,DET
REGULAR_SEASON,,17,60.6,,60.1,,DET_EDGE_05,EDGE,1,,,62.9,,2030,727,,67.5,DET
REGULAR_SEASON,,17,62.3,,59.5,,IND_DT_01,DT,1,,,64.2,,2030,612,,63.9,DET
REGULAR_SEASON,,17,75.8,,74.7,,DET_DT_03,DT,1,,,73.7,,2030,646,,75.1,DET
REGULAR_SEASON,,14,74.6,,70.5,,P100184_DT,DT,1,,,72.2,,2030,501,,61.5,DET
REGULAR_SEASON,57.5,13,58.1,,62.6,,DET_LB_02,LB,1,,,61.1,,2030,600,,58.6,DET
REGULAR_SEASON,58.5,16,59.2,,63.6,,NE_LB_03,LB,1,,,58.4,,2030,719,,66.1,DET
REGULAR_SEASON,63.1,14,58.8,,63.7,,P100988_LB,LB,1,,,52.6,,2030,618,,59.7,DET
REGULAR_SEASON,62.8,17,62.0,,,,P100486_CB,CB,1,,,63.7,,2030,857,,60.0,DET
REGULAR_SEASON,68.5,17,65.2,,,,DET_CB_08,CB,1,,,61.2,,2030,845,,64.7,DET
REGULAR_SEASON,59.8,17,64.1,,,,ARI_CB_03,CB,1,,,62.0,,2030,832,,62.7,DET
REGULAR_SEASON,63.4,13,56.8,,,,ARI_CB_04,CB,1,,,60.3,,2030,661,,55.6,DET
REGULAR_SEASON,68.6,15,65.8,,,,SEA_S_02,S,1,,,64.9,,2030,773,,62.1,DET
REGULAR_SEASON,50.9,7,43.0,,,,P100907_S,S,1,,,50.5,,2030,350,,52.0,DET
REGULAR_SEASON,,16,42.8,,,,WAS_K_01,K,1,,,,,2030,96,49.9,,DET
REGULAR_SEASON,,15,50.5,,,,TEN_P_02,P,1,,,,,2030,75,52.8,,DET
REGULAR_SEASON,,3,33.3,27.9,,,P100873_C,C,0,,45.4,,,2030,200,,,BAL
REGULAR_SEASON,,17,82.8,,,77.6,P100074_QB,QB,1,,,,75.9,2030,1054,,,MIA
REGULAR_SEASON,,16,68.9,66.9,,,P101091_RB,RB,1,71.6,,,63.4,2030,516,,,MIA
REGULAR_SEASON,,17,72.7,,,,LV_WR_02,WR,1,65.0,72.0,,,2030,766,,,MIA
REGULAR_SEASON,,17,73.4,,,,PIT_WR_03,WR,1,66.2,71.6,,,2030,751,,,MIA
REGULAR_SEASON,,17,58.9,,,,IND_WR_03,WR,1,62.8,61.0,,,2030,758,,,MIA
REGULAR_SEASON,,4,54.5,,,,DAL_WR_08,WR,0,57.1,60.3,,,2030,181,,,MIA
REGULAR_SEASON,,11,66.0,64.3,,,MIA_TE_02,TE,1,60.6,60.3,,,2030,422,,,MIA
REGULAR_SEASON,,17,59.8,62.0,,,WAS_TE_01,TE,1,56.7,61.7,,,2030,662,,,MIA
REGULAR_SEASON,,11,72.0,62.0,,,PIT_OT_01,OT,1,,67.2,,,2030,731,,,MIA
REGULAR_SEASON,,17,63.7,61.1,,,P100684_OT,OT,1,,63.4,,,2030,1122,,,MIA
REGULAR_SEASON,,17,71.9,67.3,,,CLE_OG_03,OG,1,,67.1,,,2030,1120,,,MIA
REGULAR_SEASON,,14,71.7,70.0,,,P100060_OG,OG,1,,69.3,,,2030,908,,,MIA
REGULAR_SEASON,,17,84.4,74.9,,,MIN_C_01,C,1,,77.5,,,2030,1118,,,MIA
REGULAR_SEASON,,17,80.4,,76.7,,SF_EDGE_02,EDGE,1,,,77.1,,2030,754,,75.8,MIA
REGULAR_SEASON,,14,58.5,,65.7,,KC_EDGE_05,EDGE,1,,,60.4,,2030,611,,63.7,MIA
REGULAR_SEASON,,17,60.0,,56.3,,NO_EDGE_03,EDGE,1,,,57.1,,2030,729,,59.7,MIA
REGULAR_SEASON,,13,54.4,,55.5,,PHI_EDGE_03,EDGE,1,,,59.8,,2030,582,,60.5,MIA
REGULAR_SEASON,,17,73.6,,71.8,,CIN_DT_02,DT,1,,,74.7,,2030,637,,72.3,MIA
REGULAR_SEASON,,12,64.7,,60.5,,BUF_DT_02,DT,1,,,68.7,,2030,458,,68.5,MIA
REGULAR_SEASON,,16,74.7,,72.8,,PIT_DT_04,DT,1,,,67.8,,2030,611,,67.6,MIA
REGULAR_SEASON,66.1,15,66.6,,65.7,,CAR_LB_02,LB,1,,,54.7,,2030,690,,68.6,MIA
REGULAR_SEASON,57.4,13,51.0,,56.7,,FA_LB_118,LB,1,,,53.3,,2030,594,,55.0,MIA
REGULAR_SEASON,63.9,16,58.9,,59.0,,TEN_LB_03,LB,1,,,59.6,,2030,722,,61.4,MIA
REGULAR_SEASON,85.2,17,85.8,,,,WAS_CB_02,CB,1,,,80.8,,2030,850,,83.0,MIA
REGULAR_SEASON,77.7,17,81.4,,,,NYJ_CB_03,CB,1,,,77.9,,2030,861,,77.9,MIA
REGULAR_SEASON,72.5,17,68.6,,,,LAR_CB_11,CB,1,,,69.4,,2030,813,,67.4,MIA
REGULAR_SEASON,74.8,17,81.5,,,,DAL_CB_04,CB,1,,,75.4,,2030,815,,75.9,MIA
REGULAR_SEASON,68.6,17,69.8,,,,P100363_S,S,1,,,71.8,,2030,879,,70.2,MIA
REGULAR_SEASON,66.9,17,74.2,,,,CHI_S_04,S,1,,,66.3,,2030,863,,72.0,MIA
REGULAR_SEASON,60.5,17,61.7,,,,ATL_S_05,S,1,,,63.7,,2030,860,,65.5,MIA
REGULAR_SEASON,,16,57.6,,,,CAR_K_01,K,1,,,,,2030,96,55.2,,MIA
REGULAR_SEASON,,17,71.2,,,,CIN_P_01,P,1,,,,,2030,85,68.2,,MIA
REGULAR_SEASON,,17,68.1,,,67.0,P100986_QB,QB,1,,,,68.5,2030,1072,,,CHI
REGULAR_SEASON,,17,67.2,65.6,,,PHI_RB_03,RB,1,68.9,,,63.2,2030,736,,,CHI
REGULAR_SEASON,,14,69.2,,,,NYG_WR_02,WR,1,65.2,68.5,,,2030,604,,,CHI
REGULAR_SEASON,,14,66.7,,,,P100386_WR,WR,1,68.7,62.0,,,2030,627,,,CHI
REGULAR_SEASON,,8,38.8,,,,P101052_WR,WR,1,51.6,43.7,,,2030,349,,,CHI
REGULAR_SEASON,,4,41.4,,,,CHI_WR_06,WR,0,46.1,37.3,,,2030,185,,,CHI
REGULAR_SEASON,,10,58.6,60.2,,,CHI_TE_01,TE,1,55.5,52.7,,,2030,411,,,CHI
REGULAR_SEASON,,17,71.3,68.1,,,P101047_TE,TE,1,66.5,70.8,,,2030,670,,,CHI
REGULAR_SEASON,,17,67.5,64.8,,,CAR_OT_05,OT,1,,67.1,,,2030,1142,,,CHI
REGULAR_SEASON,,17,68.0,67.3,,,SEA_OT_05,OT,1,,64.8,,,2030,1155,,,CHI
REGULAR_SEASON,,13,62.5,62.2,,,CAR_OG_02,OG,1,,62.2,,,2030,849,,,CHI
REGULAR_SEASON,,16,79.5,73.4,,,IND_OG_01,OG,1,,73.8,,,2030,1052,,,CHI
REGULAR_SEASON,,17,72.5,65.8,,,TB_C_02,C,1,,72.9,,,2030,1119,,,CHI
REGULAR_SEASON,,17,70.1,,68.7,,LAR_EDGE_01,EDGE,1,,,66.9,,2030,749,,73.1,CHI
REGULAR_SEASON,,17,53.4,,56.7,,CHI_EDGE_01,EDGE,1,,,55.9,,2030,750,,60.2,CHI
REGULAR_SEASON,,17,57.4,,57.8,,CHI_EDGE_03,EDGE,1,,,56.3,,2030,748,,62.9,CHI
REGULAR_SEASON,,17,90.7,,85.5,,NE_DT_01,DT,1,,,82.1,,2030,650,,79.8,CHI
REGULAR_SEASON,,17,57.9,,50.8,,P100900_DT,DT,1,,,57.1,,2030,618,,65.3,CHI
REGULAR_SEASON,,14,64.1,,60.8,,PHI_DT_05,DT,1,,,70.7,,2030,525,,68.9,CHI
REGULAR_SEASON,76.8,17,82.7,,75.3,,P100783_LB,LB,1,,,75.4,,2030,796,,69.3,CHI
REGULAR_SEASON,59.7,17,69.3,,66.9,,WAS_LB_02,LB,1,,,66.7,,2030,777,,67.9,CHI
REGULAR_SEASON,53.1,17,56.7,,55.5,,ATL_LB_04,LB,1,,,53.4,,2030,751,,60.8,CHI
REGULAR_SEASON,80.6,17,77.6,,,,DEN_CB_01,CB,1,,,76.1,,2030,826,,74.4,CHI
REGULAR_SEASON,69.1,11,69.3,,,,P100291_CB,CB,1,,,76.0,,2030,555,,65.3,CHI
REGULAR_SEASON,65.9,17,69.4,,,,DEN_CB_08,CB,1,,,72.5,,2030,832,,67.3,CHI
REGULAR_SEASON,68.0,17,67.8,,,,BAL_CB_01,CB,1,,,63.2,,2030,836,,66.9,CHI
REGULAR_SEASON,73.6,17,72.9,,,,CHI_S_01,S,1,,,67.8,,2030,863,,66.1,CHI
REGULAR_SEASON,69.7,17,61.0,,,,P100178_S,S,1,,,56.9,,2030,846,,59.7,CHI
REGULAR_SEASON,55.3,12,66.9,,,,GB_S_03,S,1,,,66.2,,2030,607,,63.8,CHI
REGULAR_SEASON,,17,66.1,,,,TEN_K_01,K,1,,,,,2030,102,70.2,,CHI
REGULAR_SEASON,,17,70.9,,,,CHI_P_01,P,1,,,,,2030,85,72.6,,CHI
REGULAR_SEASON,,5,62.7,,,,P100968_WR,WR,0,65.7,64.5,,,2030,235,,,LAC
REGULAR_SEASON,66.6,9,66.7,,61.9,,SF_LB_05,LB,1,,,62.8,,2030,411,,63.7,LAC
REGULAR_SEASON,61.0,16,56.9,,,,P100063_CB,CB,1,,,61.2,,2030,773,,52.9,WAS
REGULAR_SEASON,,11,73.0,,,,P100260_WR,WR,1,67.4,62.5,,,2030,475,,,KC
REGULAR_SEASON,,6,79.8,,75.1,,P101141_DT,DT,0,,,68.8,,2030,216,,74.0,DEN
REGULAR_SEASON,51.2,3,57.1,,62.3,,SEA_LB_03,LB,0,,,65.2,,2030,135,,70.0,DEN
REGULAR_SEASON,,17,74.6,,,73.6,TB_QB_02,QB,1,,,,78.4,2030,1098,,,MIN
REGULAR_SEASON,,13,74.9,67.5,,,P100007_RB,RB,1,68.9,,,72.2,2030,424,,,MIN
REGULAR_SEASON,,12,53.2,60.5,,,P100857_RB,RB,1,55.6,,,52.7,2030,282,,,MIN
REGULAR_SEASON,,17,77.2,,,,MIN_WR_02,WR,1,73.9,75.2,,,2030,727,,,MIN
REGULAR_SEASON,,17,59.3,,,,P100722_WR,WR,1,59.4,64.8,,,2030,739,,,MIN
REGULAR_SEASON,,17,76.6,,,,MIA_WR_02,WR,1,73.8,73.7,,,2030,724,,,MIN
REGULAR_SEASON,,17,64.2,,,,MIN_WR_05,WR,1,65.9,60.2,,,2030,745,,,MIN
REGULAR_SEASON,,13,73.1,67.1,,,NO_TE_03,TE,1,65.1,74.2,,,2030,531,,,MIN
REGULAR_SEASON,,17,62.0,58.8,,,PHI_TE_03,TE,1,63.3,63.2,,,2030,678,,,MIN
REGULAR_SEASON,,14,82.1,78.5,,,MIN_OT_01,OT,1,,74.3,,,2030,898,,,MIN
REGULAR_SEASON,,9,58.4,67.8,,,MIN_OT_04,OT,1,,54.3,,,2030,589,,,MIN
REGULAR_SEASON,,15,71.4,66.6,,,CIN_OG_02,OG,1,,68.8,,,2030,994,,,MIN
REGULAR_SEASON,,17,65.0,64.1,,,P100388_OG,OG,1,,60.2,,,2030,1114,,,MIN
REGULAR_SEASON,,17,70.2,64.8,,,P100394_C,C,1,,59.9,,,2030,1065,,,MIN
REGULAR_SEASON,,17,62.8,,60.4,,GB_EDGE_03,EDGE,1,,,60.1,,2030,740,,68.0,MIN
REGULAR_SEASON,,17,70.1,,69.9,,P100814_EDGE,EDGE,1,,,69.7,,2030,729,,65.3,MIN
REGULAR_SEASON,,11,73.7,,71.0,,NYJ_EDGE_02,EDGE,1,,,72.9,,2030,464,,70.6,MIN
REGULAR_SEASON,,17,65.6,,62.8,,P100346_EDGE,EDGE,1,,,66.0,,2030,766,,67.7,MIN
REGULAR_SEASON,,13,78.6,,75.5,,MIN_DT_01,DT,1,,,71.6,,2030,486,,79.9,MIN
REGULAR_SEASON,,8,84.5,,76.5,,MIN_DT_02,DT,0,,,77.5,,2030,290,,72.4,MIN
REGULAR_SEASON,,17,66.9,,63.2,,PIT_DT_01,DT,1,,,67.9,,2030,633,,65.2,MIN
REGULAR_SEASON,66.7,17,64.5,,63.5,,FA_LB_159,LB,1,,,66.2,,2030,798,,64.8,MIN
REGULAR_SEASON,52.5,17,54.8,,51.1,,BUF_LB_02,LB,1,,,58.1,,2030,795,,56.2,MIN
REGULAR_SEASON,72.7,10,66.8,,69.4,,P101182_LB,LB,1,,,63.1,,2030,453,,59.8,MIN
REGULAR_SEASON,60.5,12,69.4,,,,LV_CB_04,CB,1,,,68.8,,2030,594,,67.8,MIN
REGULAR_SEASON,59.6,17,59.4,,,,P100606_CB,CB,1,,,59.9,,2030,839,,60.0,MIN
REGULAR_SEASON,76.7,10,83.4,,,,TB_S_01,S,1,,,75.2,,2030,530,,82.6,MIN
REGULAR_SEASON,73.2,17,80.5,,,,DET_S_03,S,1,,,73.7,,2030,894,,74.9,MIN
REGULAR_SEASON,52.5,17,46.3,,,,P100042_S,S,1,,,49.2,,2030,895,,49.4,MIN
REGULAR_SEASON,,17,67.7,,,,P101053_K,K,1,,,,,2030,102,72.2,,MIN
REGULAR_SEASON,,16,75.1,,,,MIN_P_01,P,1,,,,,2030,80,65.8,,MIN
REGULAR_SEASON,65.9,12,70.4,,,,DET_S_04,S,1,,,70.3,,2030,627,,57.1,DET
REGULAR_SEASON,70.3,16,70.4,,,,IND_S_01,S,1,,,67.9,,2030,825,,63.6,DET
REGULAR_SEASON,,2,43.0,,,,P100761_P,P,0,,,,,2030,10,36.7,,DET
REGULAR_SEASON,,6,70.6,66.1,,,P101149_OT,OT,0,,70.3,,,2030,395,,,BAL
REGULAR_SEASON,,14,45.4,,48.9,,P100938_DT,DT,1,,,52.4,,2030,501,,48.5,BAL
REGULAR_SEASON,79.2,9,74.9,,,,CIN_CB_03,CB,1,,,69.2,,2030,459,,80.9,BAL
REGULAR_SEASON,,17,68.5,,,69.3,LV_QB_01,QB,1,,,,72.7,2030,1100,,,LV
REGULAR_SEASON,,17,47.8,55.2,,,SF_RB_04,RB,1,53.0,,,50.1,2030,703,,,LV
REGULAR_SEASON,,12,65.8,,,,LAR_WR_08,WR,1,71.8,72.7,,,2030,529,,,LV
REGULAR_SEASON,,14,71.1,,,,FA_WR_083,WR,1,63.7,71.6,,,2030,613,,,LV
REGULAR_SEASON,,17,65.6,,,,LV_WR_05,WR,1,61.3,62.6,,,2030,733,,,LV
REGULAR_SEASON,,8,59.8,,,,P101114_WR,WR,1,53.7,63.6,,,2030,332,,,LV
REGULAR_SEASON,,11,71.4,68.7,,,P100212_TE,TE,1,74.3,68.8,,,2030,436,,,LV
REGULAR_SEASON,,12,63.0,70.2,,,P100219_TE,TE,1,55.2,64.6,,,2030,492,,,LV
REGULAR_SEASON,,15,79.9,75.4,,,P100361_OT,OT,1,,72.2,,,2030,1011,,,LV
REGULAR_SEASON,,15,84.2,77.1,,,CHI_OT_04,OT,1,,76.1,,,2030,973,,,LV
REGULAR_SEASON,,17,76.9,71.7,,,LV_OG_01,OG,1,,72.3,,,2030,1132,,,LV
REGULAR_SEASON,,17,78.4,66.5,,,SEA_OG_05,OG,1,,71.4,,,2030,1104,,,LV
REGULAR_SEASON,,17,68.9,63.2,,,DAL_C_02,C,1,,62.5,,,2030,1128,,,LV
REGULAR_SEASON,,17,68.8,,71.2,,KC_EDGE_04,EDGE,1,,,67.7,,2030,742,,69.8,LV
REGULAR_SEASON,,16,71.2,,73.6,,NO_EDGE_04,EDGE,1,,,71.6,,2030,711,,64.1,LV
REGULAR_SEASON,,17,59.6,,66.5,,PHI_EDGE_04,EDGE,1,,,56.6,,2030,746,,60.8,LV
REGULAR_SEASON,,14,74.0,,74.1,,LAC_DT_02,DT,1,,,68.0,,2030,521,,70.0,LV
REGULAR_SEASON,,16,76.0,,70.1,,MIA_DT_01,DT,1,,,76.0,,2030,618,,73.2,LV
REGULAR_SEASON,,16,64.5,,63.1,,LAR_DT_05,DT,1,,,62.0,,2030,592,,62.2,LV
REGULAR_SEASON,59.5,17,52.7,,57.9,,BAL_LB_01,LB,1,,,55.2,,2030,800,,56.4,LV
REGULAR_SEASON,56.6,13,58.3,,58.2,,BUF_LB_04,LB,1,,,60.0,,2030,601,,59.6,LV
REGULAR_SEASON,65.3,5,72.9,,65.8,,ATL_LB_05,LB,0,,,69.7,,2030,225,,71.1,LV
REGULAR_SEASON,58.3,17,64.4,,,,P100282_CB,CB,1,,,61.7,,2030,880,,60.4,LV
REGULAR_SEASON,86.5,17,90.3,,,,LV_CB_06,CB,1,,,83.4,,2030,863,,82.6,LV
REGULAR_SEASON,64.5,17,64.8,,,,GB_CB_06,CB,1,,,67.2,,2030,813,,58.1,LV
REGULAR_SEASON,60.0,17,65.1,,,,DAL_CB_08,CB,1,,,66.4,,2030,807,,64.1,LV
REGULAR_SEASON,72.2,12,79.0,,,,P101024_S,S,1,,,75.4,,2030,626,,73.7,LV
REGULAR_SEASON,69.8,17,75.9,,,,BAL_S_04,S,1,,,69.8,,2030,902,,71.7,LV
REGULAR_SEASON,54.3,17,56.5,,,,LAC_S_04,S,1,,,61.8,,2030,852,,54.2,LV
REGULAR_SEASON,,13,70.4,,,,DET_K_01,K,1,,,,,2030,78,65.7,,LV
REGULAR_SEASON,,17,63.0,,,,JAX_P_01,P,1,,,,,2030,85,59.4,,LV
REGULAR_SEASON,,15,74.3,71.4,,,PIT_OT_02,OT,1,,69.6,,,2030,988,,,PHI
REGULAR_SEASON,,12,63.0,,63.1,,P100309_EDGE,EDGE,1,,,61.9,,2030,516,,58.6,PHI
REGULAR_SEASON,54.8,13,57.1,,,,P100249_CB,CB,1,,,60.9,,2030,658,,54.3,PHI
REGULAR_SEASON,69.5,15,69.2,,,,P100342_S,S,1,,,65.3,,2030,784,,70.2,PHI
REGULAR_SEASON,,16,60.8,62.0,,,GB_C_02,C,1,,63.2,,,2030,1016,,,GB
REGULAR_SEASON,,16,67.2,,,,BAL_P_01,P,1,,,,,2030,80,64.7,,GB
REGULAR_SEASON,,16,62.4,57.0,,,P100544_RB,RB,1,57.8,,,71.3,2030,504,,,NO
REGULAR_SEASON,,16,51.5,52.4,,,P100001_OG,OG,1,,53.3,,,2030,1056,,,NO
REGULAR_SEASON,,7,41.8,,45.5,,P100412_EDGE,EDGE,0,,,56.5,,2030,305,,46.6,NO
REGULAR_SEASON,69.1,16,67.4,,,,P100803_CB,CB,1,,,62.9,,2030,807,,67.3,NO
REGULAR_SEASON,,14,84.9,,,80.4,DET_QB_01,QB,1,,,,80.2,2030,884,,,CLE
REGULAR_SEASON,,17,62.0,63.6,,,P101072_RB,RB,1,63.2,,,62.6,2030,484,,,CLE
REGULAR_SEASON,,17,49.8,60.0,,,P100990_RB,RB,1,57.7,,,52.1,2030,324,,,CLE
REGULAR_SEASON,,17,59.2,61.6,,,P100974_RB,RB,1,61.1,,,49.6,2030,286,,,CLE
REGULAR_SEASON,,13,71.3,,,,CLE_WR_02,WR,1,69.6,65.1,,,2030,567,,,CLE
REGULAR_SEASON,,14,76.0,,,,JAX_WR_02,WR,1,69.0,72.6,,,2030,606,,,CLE
REGULAR_SEASON,,17,62.5,,,,CLE_WR_06,WR,1,63.8,62.5,,,2030,725,,,CLE
REGULAR_SEASON,,17,64.0,,,,P100365_WR,WR,1,65.8,66.3,,,2030,727,,,CLE
REGULAR_SEASON,,17,56.5,56.5,,,CLE_TE_02,TE,1,56.2,55.6,,,2030,648,,,CLE
REGULAR_SEASON,,17,68.1,65.3,,,P100701_TE,TE,1,68.1,63.1,,,2030,673,,,CLE
REGULAR_SEASON,,14,76.5,73.6,,,CLE_OT_02,OT,1,,78.5,,,2030,914,,,CLE
REGULAR_SEASON,,17,74.8,66.7,,,SEA_OT_04,OT,1,,72.4,,,2030,1158,,,CLE
REGULAR_SEASON,,17,77.4,74.8,,,TEN_OG_01,OG,1,,74.5,,,2030,1087,,,CLE
REGULAR_SEASON,,17,65.6,63.1,,,CLE_OG_02,OG,1,,62.9,,,2030,1098,,,CLE
REGULAR_SEASON,,17,64.0,66.2,,,CIN_C_01,C,1,,59.8,,,2030,1127,,,CLE
REGULAR_SEASON,,17,74.4,,73.9,,CLE_EDGE_01,EDGE,1,,,73.2,,2030,752,,71.3,CLE
REGULAR_SEASON,,7,55.0,,60.2,,P100018_EDGE,EDGE,0,,,56.6,,2030,319,,59.2,CLE
REGULAR_SEASON,,16,71.9,,65.2,,P100146_EDGE,EDGE,1,,,72.6,,2030,718,,66.7,CLE
REGULAR_SEASON,,13,51.1,,53.1,,HOU_EDGE_06,EDGE,1,,,53.8,,2030,563,,54.2,CLE
REGULAR_SEASON,,17,92.7,,83.8,,BAL_DT_02,DT,1,,,86.8,,2030,647,,83.7,CLE
REGULAR_SEASON,,17,80.6,,75.3,,P100324_DT,DT,1,,,73.6,,2030,644,,78.2,CLE
REGULAR_SEASON,,17,66.8,,59.8,,CLE_DT_02,DT,1,,,65.4,,2030,628,,63.5,CLE
REGULAR_SEASON,71.6,17,71.4,,68.3,,CIN_LB_02,LB,1,,,64.6,,2030,762,,74.4,CLE
REGULAR_SEASON,57.9,15,59.1,,57.5,,CLE_LB_02,LB,1,,,61.9,,2030,700,,62.2,CLE
REGULAR_SEASON,67.3,15,70.7,,66.2,,NYJ_LB_02,LB,1,,,70.4,,2030,694,,68.8,CLE
REGULAR_SEASON,63.3,17,63.4,,,,P100700_CB,CB,1,,,58.6,,2030,836,,62.7,CLE
REGULAR_SEASON,70.7,17,71.6,,,,DET_CB_04,CB,1,,,67.5,,2030,839,,69.2,CLE
REGULAR_SEASON,52.4,17,50.3,,,,TEN_CB_07,CB,1,,,54.6,,2030,826,,47.8,CLE
REGULAR_SEASON,50.4,17,39.9,,,,P100729_CB,CB,1,,,46.0,,2030,858,,41.5,CLE
REGULAR_SEASON,69.5,12,71.9,,,,P100462_S,S,1,,,65.3,,2030,617,,65.8,CLE
REGULAR_SEASON,66.9,8,70.7,,,,P100142_S,S,1,,,68.3,,2030,412,,64.7,CLE
REGULAR_SEASON,68.2,17,71.7,,,,LAR_S_01,S,1,,,69.4,,2030,859,,69.2,CLE
REGULAR_SEASON,,14,73.0,,,,CLE_K_01,K,1,,,,,2030,84,75.7,,CLE
REGULAR_SEASON,,15,71.8,,,,TEN_P_01,P,1,,,,,2030,75,71.5,,CLE
REGULAR_SEASON,,7,55.7,,,,P100327_WR,WR,0,53.7,58.8,,,2030,309,,,CAR
REGULAR_SEASON,,2,67.9,,,,P101015_WR,WR,0,68.5,62.7,,,2030,91,,,CAR
REGULAR_SEASON,,9,71.6,,69.7,,KC_EDGE_01,EDGE,1,,,71.5,,2030,385,,75.8,CAR
REGULAR_SEASON,,8,70.1,67.0,,,P101112_RB,RB,1,73.2,,,73.3,2030,261,,,MIA
REGULAR_SEASON,,5,55.5,64.1,,,P100237_RB,RB,0,50.0,,,58.3,2030,90,,,BUF
REGULAR_SEASON,,2,56.5,65.5,,,P100745_RB,RB,0,61.2,,,61.5,2030,24,,,BUF
REGULAR_SEASON,,16,70.2,63.4,,,BUF_OT_01,OT,1,,72.5,,,2030,1073,,,BUF
REGULAR_SEASON,60.0,5,61.2,,,,P100659_CB,CB,0,,,54.5,,2030,242,,63.2,BUF
REGULAR_SEASON,,11,71.6,,69.2,,LV_EDGE_01,EDGE,1,,,62.1,,2030,496,,61.9,DEN
REGULAR_SEASON,,15,73.4,,,68.2,P100809_QB,QB,1,,,,75.2,2030,961,,,LAC
REGULAR_SEASON,,5,69.5,,66.7,,P100825_DT,DT,0,,,72.9,,2030,164,,68.5,LAC
REGULAR_SEASON,,15,57.4,,,,P100653_WR,WR,1,59.2,64.0,,,2030,661,,,CHI
REGULAR_SEASON,,15,68.1,,65.5,,P100882_EDGE,EDGE,1,,,63.6,,2030,640,,72.6,GB
REGULAR_SEASON,,6,81.4,,77.8,,P100902_EDGE,EDGE,0,,,70.7,,2030,253,,71.1,MIN
REGULAR_SEASON,75.9,15,79.5,,74.7,,P100176_LB,LB,1,,,75.8,,2030,692,,71.7,CAR
REGULAR_SEASON,,16,72.6,,,,PHI_WR_02,WR,1,71.6,70.1,,,2030,704,,,TB
REGULAR_SEASON,,15,57.3,,,,CAR_WR_08,WR,1,59.0,57.2,,,2030,633,,,TB
REGULAR_SEASON,,4,77.2,70.7,,,CHI_OG_03,OG,0,,70.5,,,2030,252,,,TB
REGULAR_SEASON,70.1,16,67.3,,,,NO_S_01,S,1,,,72.7,,2030,844,,61.9,TB
REGULAR_SEASON,,9,59.3,,63.3,,NO_EDGE_06,EDGE,1,,,60.6,,2030,384,,65.2,IND
REGULAR_SEASON,,15,62.1,,,,P100226_P,P,1,,,,,2030,75,67.1,,NYG
REGULAR_SEASON,,4,55.9,,,,P100377_WR,WR,0,61.0,49.5,,,2030,163,,,NYJ
REGULAR_SEASON,,15,90.9,83.8,,,DEN_TE_01,TE,1,86.5,80.2,,,2030,624,,,NYJ
REGULAR_SEASON,,15,63.6,,62.3,,CHI_DT_03,DT,1,,,62.9,,2030,574,,60.3,NYJ
REGULAR_SEASON,,13,55.3,,,,P100805_WR,WR,1,53.5,52.0,,,2030,576,,,DET
REGULAR_SEASON,58.2,14,54.6,,,,SF_S_07,S,1,,,61.7,,2030,728,,52.6,CLE
REGULAR_SEASON,79.8,2,52.0,,54.9,,P100213_LB,LB,0,,,57.5,,2030,91,,71.7,SF
REGULAR_SEASON,67.6,14,69.9,,,,IND_CB_02,CB,1,,,65.4,,2030,671,,67.3,SF
REGULAR_SEASON,,15,46.2,,53.9,,P100304_EDGE,EDGE,1,,,47.2,,2030,656,,44.7,KC
REGULAR_SEASON,63.2,7,67.9,,,,P101145_S,S,1,,,71.7,,2030,356,,63.5,KC
REGULAR_SEASON,,6,65.8,62.7,,,P100744_TE,TE,0,68.9,62.4,,,2030,234,,,SEA
REGULAR_SEASON,,16,70.5,,66.2,,P100238_DT,DT,1,,,70.1,,2030,605,,65.8,SEA
REGULAR_SEASON,,7,56.0,,46.8,,TEN_EDGE_06,EDGE,0,,,68.7,,2030,297,,53.7,BAL
REGULAR_SEASON,63.5,13,65.3,,,,MIA_CB_01,CB,1,,,62.9,,2030,620,,60.2,BAL
REGULAR_SEASON,,9,70.8,,,,P100838_WR,WR,1,63.0,66.3,,,2030,384,,,HOU
REGULAR_SEASON,,3,67.6,,64.3,,P100936_DT,DT,0,,,70.0,,2030,116,,65.3,JAX
REGULAR_SEASON,65.5,16,63.1,,,,P100153_CB,CB,1,,,67.6,,2030,795,,63.4,PIT
REGULAR_SEASON,41.6,8,33.8,,,,P100893_CB,CB,1,,,45.2,,2030,396,,42.9,PIT
REGULAR_SEASON,58.4,16,59.2,,,,P100400_S,S,1,,,60.8,,2030,823,,55.7,PIT
REGULAR_SEASON,,15,77.1,,,70.3,SF_QB_01,QB,1,,,,70.9,2030,957,,,TEN
REGULAR_SEASON,,17,57.2,60.8,,,IND_RB_02,RB,1,56.9,,,60.8,2030,563,,,TEN
REGULAR_SEASON,,17,52.1,56.2,,,P100654_RB,RB,1,51.1,,,58.9,2030,376,,,TEN
REGULAR_SEASON,,4,91.1,,,,TEN_WR_03,WR,0,93.1,81.1,,,2030,177,,,TEN
REGULAR_SEASON,,14,81.6,,,,DAL_WR_03,WR,1,78.1,72.1,,,2030,602,,,TEN
REGULAR_SEASON,,17,80.4,,,,SEA_WR_06,WR,1,75.3,81.1,,,2030,723,,,TEN
REGULAR_SEASON,,16,55.3,,,,P101161_WR,WR,1,48.5,59.5,,,2030,695,,,TEN
REGULAR_SEASON,,17,68.8,69.3,,,TEN_TE_03,TE,1,66.9,67.2,,,2030,682,,,TEN
REGULAR_SEASON,,4,89.5,83.4,,,TEN_OT_01,OT,0,,75.4,,,2030,264,,,TEN
REGULAR_SEASON,,17,52.9,50.4,,,LAC_OT_01,OT,1,,55.2,,,2030,1106,,,TEN
REGULAR_SEASON,,17,65.5,63.1,,,ARI_OG_02,OG,1,,66.2,,,2030,1124,,,TEN
REGULAR_SEASON,,3,52.4,54.1,,,LV_OG_02,OG,0,,55.0,,,2030,198,,,TEN
REGULAR_SEASON,,16,67.3,59.1,,,P100005_C,C,1,,70.3,,,2030,1037,,,TEN
REGULAR_SEASON,,17,88.2,,81.2,,NO_EDGE_02,EDGE,1,,,79.7,,2030,734,,81.6,TEN
REGULAR_SEASON,,17,64.7,,67.3,,BUF_EDGE_02,EDGE,1,,,67.3,,2030,721,,64.0,TEN
REGULAR_SEASON,,12,83.2,,78.6,,P100375_EDGE,EDGE,1,,,76.1,,2030,507,,81.3,TEN
REGULAR_SEASON,,16,52.0,,51.9,,P101061_EDGE,EDGE,1,,,48.8,,2030,686,,50.3,TEN
REGULAR_SEASON,,17,80.2,,79.2,,TEN_DT_01,DT,1,,,72.0,,2030,640,,72.5,TEN
REGULAR_SEASON,,13,69.3,,67.1,,IND_DT_05,DT,1,,,59.0,,2030,481,,72.0,TEN
REGULAR_SEASON,,1,31.0,,49.2,,P101016_DT,DT,0,,,11.9,,2030,34,,36.7,TEN
REGULAR_SEASON,72.7,11,85.2,,79.7,,TEN_LB_01,LB,1,,,77.5,,2030,504,,82.0,TEN
REGULAR_SEASON,58.8,17,60.6,,61.4,,DET_LB_04,LB,1,,,58.0,,2030,767,,58.0,TEN
REGULAR_SEASON,62.7,9,65.4,,70.3,,P100252_LB,LB,1,,,61.1,,2030,411,,52.6,TEN
REGULAR_SEASON,70.2,17,76.7,,,,CLE_CB_02,CB,1,,,73.3,,2030,836,,71.2,TEN
REGULAR_SEASON,56.4,17,56.8,,,,TEN_CB_08,CB,1,,,52.5,,2030,834,,59.1,TEN
REGULAR_SEASON,73.5,10,80.4,,,,TEN_CB_04,CB,1,,,74.7,,2030,501,,70.8,TEN
REGULAR_SEASON,79.9,15,79.5,,,,TEN_S_01,S,1,,,77.1,,2030,775,,72.5,TEN
REGULAR_SEASON,64.5,17,68.8,,,,BAL_S_01,S,1,,,70.9,,2030,904,,62.0,TEN
REGULAR_SEASON,72.9,1,40.5,,,,P101034_S,S,0,,,48.4,,2030,49,,54.4,TEN
REGULAR_SEASON,,17,61.3,,,,MIN_K_01,K,1,,,,,2030,102,60.3,,TEN
REGULAR_SEASON,,14,64.5,,,,PIT_P_01,P,1,,,,,2030,70,60.3,,TEN
REGULAR_SEASON,,11,60.7,65.7,,,CLE_TE_03,TE,1,62.0,66.1,,,2030,440,,,LV
REGULAR_SEASON,,5,58.5,,67.7,,LV_DT_03,DT,0,,,55.8,,2030,189,,54.6,LV
REGULAR_SEASON,78.6,16,84.2,,80.9,,PIT_LB_01,LB,1,,,81.8,,2030,732,,81.4,LV
REGULAR_SEASON,,7,59.0,,,,P100932_WR,WR,0,56.1,50.3,,,2030,306,,,WAS
REGULAR_SEASON,61.7,15,58.2,,58.7,,P100867_LB,LB,1,,,59.8,,2030,694,,55.6,WAS
REGULAR_SEASON,,12,73.0,,,72.6,ATL_QB_01,QB,1,,,,73.3,2030,757,,,ATL
REGULAR_SEASON,,12,60.7,55.4,,,LV_RB_02,RB,1,61.5,,,60.7,2030,361,,,ATL
REGULAR_SEASON,,17,64.6,64.7,,,P100600_RB,RB,1,64.0,,,66.5,2030,433,,,ATL
REGULAR_SEASON,,13,47.0,51.3,,,P100382_RB,RB,1,58.8,,,51.5,2030,232,,,ATL
REGULAR_SEASON,,17,88.5,,,,NE_WR_02,WR,1,83.1,78.2,,,2030,719,,,ATL
REGULAR_SEASON,,17,65.8,,,,CLE_WR_04,WR,1,66.9,62.5,,,2030,738,,,ATL
REGULAR_SEASON,,17,62.3,,,,GB_WR_06,WR,1,57.6,64.6,,,2030,771,,,ATL
REGULAR_SEASON,,1,63.3,,,,ATL_WR_07,WR,0,58.4,72.6,,,2030,44,,,ATL
REGULAR_SEASON,,14,68.7,66.3,,,ATL_TE_01,TE,1,66.4,65.4,,,2030,570,,,ATL
REGULAR_SEASON,,17,66.6,67.0,,,HOU_OT_02,OT,1,,64.1,,,2030,1108,,,ATL
REGULAR_SEASON,,17,44.4,54.3,,,P100872_OT,OT,1,,50.4,,,2030,1095,,,ATL
REGULAR_SEASON,,16,59.4,58.8,,,ATL_OG_01,OG,1,,62.1,,,2030,1046,,,ATL
REGULAR_SEASON,,8,54.9,45.1,,,ATL_OG_04,OG,1,,56.5,,,2030,533,,,ATL
REGULAR_SEASON,,17,76.4,68.0,,,ATL_C_01,C,1,,71.4,,,2030,1114,,,ATL
REGULAR_SEASON,,17,68.1,,69.5,,DET_EDGE_02,EDGE,1,,,65.6,,2030,784,,68.1,ATL
REGULAR_SEASON,,14,49.6,,51.9,,P101083_EDGE,EDGE,1,,,48.7,,2030,589,,49.8,ATL
REGULAR_SEASON,,17,63.1,,63.2,,DAL_EDGE_05,EDGE,1,,,57.7,,2030,699,,68.9,ATL
REGULAR_SEASON,,5,51.4,,47.8,,NYJ_EDGE_06,EDGE,0,,,54.3,,2030,230,,65.8,ATL
REGULAR_SEASON,,17,84.6,,76.8,,ATL_DT_01,DT,1,,,79.9,,2030,640,,80.4,ATL
REGULAR_SEASON,,17,76.4,,65.7,,PIT_DT_02,DT,1,,,72.4,,2030,644,,69.9,ATL
REGULAR_SEASON,,4,70.4,,71.0,,P100539_DT,DT,0,,,72.3,,2030,148,,55.9,ATL
REGULAR_SEASON,64.8,15,65.2,,66.3,,P101107_LB,LB,1,,,65.9,,2030,681,,70.0,ATL
REGULAR_SEASON,69.8,17,69.6,,65.4,,IND_LB_01,LB,1,,,66.9,,2030,761,,65.4,ATL
REGULAR_SEASON,55.3,17,53.6,,53.5,,P100980_LB,LB,1,,,54.8,,2030,771,,57.8,ATL
REGULAR_SEASON,59.7,17,61.5,,,,P100681_CB,CB,1,,,66.7,,2030,865,,66.3,ATL
REGULAR_SEASON,77.3,14,82.7,,,,P100406_CB,CB,1,,,78.2,,2030,709,,78.8,ATL
REGULAR_SEASON,60.7,17,61.1,,,,ATL_S_03,S,1,,,65.4,,2030,892,,62.9,ATL
REGULAR_SEASON,72.1,17,70.4,,,,HOU_S_03,S,1,,,68.6,,2030,867,,70.7,ATL
REGULAR_SEASON,47.3,3,53.3,,,,P100117_S,S,0,,,53.8,,2030,152,,58.9,ATL
REGULAR_SEASON,,17,60.6,,,,ATL_K_01,K,1,,,,,2030,102,60.9,,ATL
REGULAR_SEASON,,17,70.3,,,,CAR_P_01,P,1,,,,,2030,85,71.5,,ATL
REGULAR_SEASON,,16,73.7,,,71.1,P100496_QB,QB,1,,,,75.6,2030,1001,,,CIN
REGULAR_SEASON,,10,60.5,60.8,,,CIN_TE_01,TE,1,60.3,62.5,,,2030,390,,,CIN
REGULAR_SEASON,,6,41.9,,45.9,,P100728_EDGE,EDGE,0,,,42.9,,2030,257,,51.8,DAL
REGULAR_SEASON,63.0,8,56.5,,,,P101111_CB,CB,1,,,50.9,,2030,384,,53.6,DAL
REGULAR_SEASON,50.9,4,51.5,,,,P101153_S,S,0,,,54.5,,2030,209,,56.5,NE
REGULAR_SEASON,,13,72.7,,,,TB_WR_02,WR,1,62.9,72.3,,,2030,544,,,MIA
REGULAR_SEASON,,14,57.8,61.0,,,P100300_C,C,1,,56.6,,,2030,917,,,NYJ
REGULAR_SEASON,,7,84.4,,,,ARI_WR_05,WR,0,87.5,67.7,,,2030,318,,,CLE
REGULAR_SEASON,,12,58.1,,59.4,,MIA_EDGE_04,EDGE,1,,,54.5,,2030,534,,48.4,CLE
REGULAR_SEASON,,2,70.7,66.0,,,P100536_OT,OT,0,,63.4,,,2030,126,,,HOU
REGULAR_SEASON,,16,68.3,,,,TEN_WR_04,WR,1,61.6,69.3,,,2030,713,,,TEN
REGULAR_SEASON,,12,67.4,64.8,,,CAR_OG_04,OG,1,,60.5,,,2030,789,,,TEN
REGULAR_SEASON,,11,40.8,,42.8,,P100714_DT,DT,1,,,43.7,,2030,415,,46.8,TEN
REGULAR_SEASON,62.9,7,61.2,,,,CLE_S_03,S,1,,,60.4,,2030,372,,71.0,TEN
REGULAR_SEASON,,4,69.7,78.8,,,LV_OT_04,OT,0,,68.8,,,2030,257,,,LV
REGULAR_SEASON,,14,76.2,71.5,,,KC_TE_04,TE,1,67.2,76.5,,,2030,543,,,LAC
REGULAR_SEASON,,14,68.4,,,,HOU_WR_01,WR,1,59.3,68.3,,,2030,633,,,TB
REGULAR_SEASON,,13,65.0,,63.7,,P100482_DT,DT,1,,,64.0,,2030,491,,66.3,CAR
REGULAR_SEASON,,1,53.0,59.5,,,GB_OG_04,OG,0,,49.8,,,2030,67,,,SF
REGULAR_SEASON,,3,89.9,,87.2,,LAR_DT_06,DT,0,,,82.4,,2030,104,,89.7,SF
REGULAR_SEASON,55.5,11,58.7,,55.4,,ATL_LB_06,LB,1,,,64.8,,2030,489,,51.3,SF
REGULAR_SEASON,,4,62.9,57.1,,,CIN_OT_04,OT,0,,61.7,,,2030,271,,,SEA
REGULAR_SEASON,74.3,15,80.0,,,,KC_S_01,S,1,,,72.0,,2030,751,,72.2,SEA
REGULAR_SEASON,,16,70.3,,,,P100218_WR,WR,1,68.5,69.2,,,2030,695,,,ATL
REGULAR_SEASON,,15,82.1,,76.2,,DEN_EDGE_01,EDGE,1,,,79.5,,2030,631,,81.2,ATL
REGULAR_SEASON,,7,67.5,,,,SF_WR_05,WR,0,64.9,69.0,,,2030,304,,,NYG
REGULAR_SEASON,,15,83.5,82.2,,,LV_TE_01,TE,1,77.1,81.0,,,2030,637,,,LAR
REGULAR_SEASON,,4,67.6,,71.3,,PHI_DT_02,DT,0,,,62.3,,2030,150,,69.8,LAR
REGULAR_SEASON,57.6,13,62.0,,,,DET_S_01,S,1,,,64.8,,2030,671,,69.5,LAR
REGULAR_SEASON,,3,50.1,,46.3,,P100091_DT,DT,0,,,43.1,,2030,102,,47.6,CHI
REGULAR_SEASON,,5,66.2,,,,P100358_WR,WR,0,62.3,66.5,,,2030,217,,,ARI
REGULAR_SEASON,,9,66.8,,60.8,,P100261_EDGE,EDGE,1,,,70.1,,2030,393,,64.3,ARI
REGULAR_SEASON,,7,63.9,,60.5,,CAR_DT_06,DT,0,,,70.4,,2030,251,,62.5,ARI
REGULAR_SEASON,65.3,15,72.0,,,,ARI_S_01,S,1,,,67.7,,2030,739,,71.1,ARI
REGULAR_SEASON,63.0,4,63.4,,,,P100967_CB,CB,0,,,55.1,,2030,215,,66.9,DET
REGULAR_SEASON,,12,65.4,64.6,,,MIA_TE_03,TE,1,58.1,56.0,,,2030,456,,,BAL
REGULAR_SEASON,,7,58.6,,,,P100566_WR,WR,0,61.7,63.7,,,2030,312,,,GB
REGULAR_SEASON,,11,67.6,67.4,,,MIA_OT_04,OT,1,,57.1,,,2030,747,,,MIN
REGULAR_SEASON,,13,58.4,56.2,,,LAR_TE_02,TE,1,60.3,55.6,,,2030,524,,,DEN
REGULAR_SEASON,59.4,4,49.6,,,,NO_CB_05,CB,0,,,50.9,,2030,198,,53.0,DEN
REGULAR_SEASON,53.9,2,56.5,,,,PIT_CB_04,CB,0,,,59.4,,2030,94,,60.5,DEN
REGULAR_SEASON,63.1,4,74.6,,73.1,,GB_LB_05,LB,0,,,72.9,,2030,185,,73.8,CLE
REGULAR_SEASON,41.4,5,50.1,,,,P100065_S,S,0,,,44.8,,2030,262,,58.7,NYG
REGULAR_SEASON,,3,50.9,38.2,,,P100929_RB,RB,0,49.2,,,60.4,2030,44,,,GB
REGULAR_SEASON,,2,47.0,,,,P100675_WR,WR,0,74.9,61.6,,,2030,79,,,GB
REGULAR_SEASON,,9,73.0,63.8,,,DAL_OT_01,OT,1,,76.9,,,2030,588,,,GB
REGULAR_SEASON,,13,61.8,,,,P100322_WR,WR,1,61.8,66.0,,,2030,575,,,CHI
REGULAR_SEASON,,9,62.4,,61.7,,P101060_DT,DT,1,,,63.5,,2030,360,,62.6,MIN
REGULAR_SEASON,,12,81.3,80.4,,,TB_OG_01,OG,1,,78.7,,,2030,772,,,TB
REGULAR_SEASON,,13,81.3,60.4,,,JAX_OT_01,OT,1,,70.8,,,2030,852,,,ARI
REGULAR_SEASON,,10,55.9,,,,P100955_WR,WR,1,63.2,56.7,,,2030,441,,,SEA
REGULAR_SEASON,,2,66.4,50.9,,,P100926_TE,TE,0,85.6,68.7,,,2030,75,,,BUF
REGULAR_SEASON,,3,59.7,,,64.3,P100530_QB,QB,0,,,,45.2,2030,190,,,HOU
REGULAR_SEASON,,8,39.8,,,,P101187_WR,WR,1,48.5,47.4,,,2030,355,,,NE
REGULAR_SEASON,,14,66.7,,,,JAX_WR_01,WR,1,65.8,67.6,,,2030,617,,,JAX
REGULAR_SEASON,,14,66.5,,59.7,,SEA_EDGE_01,EDGE,1,,,66.8,,2030,558,,63.3,JAX
REGULAR_SEASON,,13,56.3,,59.2,,P100780_EDGE,EDGE,1,,,56.2,,2030,555,,53.5,NYJ
REGULAR_SEASON,70.9,7,76.4,,,,P100846_CB,CB,0,,,65.6,,2030,337,,66.1,KC
REGULAR_SEASON,,1,47.8,,,,P100383_P,P,0,,,,,2030,5,62.5,,KC
REGULAR_SEASON,,10,80.8,,,,PHI_WR_03,WR,1,78.2,71.0,,,2030,433,,,CAR
REGULAR_SEASON,,9,40.7,48.8,,,P100147_RB,RB,0,43.8,,,47.7,2030,119,,,CIN
REGULAR_SEASON,68.4,4,55.0,,60.5,,TEN_LB_06,LB,0,,,46.7,,2030,192,,54.1,CIN
REGULAR_SEASON,57.1,14,62.2,,62.4,,P100738_LB,LB,1,,,63.2,,2030,634,,61.1,TEN
REGULAR_SEASON,59.6,11,62.5,,,,FA_S_181,S,1,,,67.3,,2030,559,,58.7,TEN
REGULAR_SEASON,,13,70.7,,62.3,,CAR_DT_02,DT,1,,,72.6,,2030,488,,66.7,ATL
REGULAR_SEASON,82.0,2,76.2,,67.2,,PHI_LB_06,LB,0,,,75.0,,2030,86,,63.4,ATL
REGULAR_SEASON,53.6,14,57.7,,,,BUF_S_03,S,1,,,63.0,,2030,719,,61.9,ATL
REGULAR_SEASON,,1,11.5,,,,P100678_K,K,0,,,,,2030,6,39.1,,DET
REGULAR_SEASON,,5,57.7,,,55.2,SF_QB_03,QB,0,,,,57.9,2030,306,,,ATL
REGULAR_SEASON,,8,68.7,75.6,,,P100438_OT,OT,1,,69.3,,,2030,517,,,TB
REGULAR_SEASON,60.7,9,61.8,,65.1,,HOU_LB_02,LB,1,,,61.7,,2030,421,,61.6,TB
REGULAR_SEASON,,2,60.8,,62.2,,LV_DT_02,DT,0,,,77.0,,2030,81,,63.4,IND
REGULAR_SEASON,,1,65.5,,51.2,,GB_DT_03,DT,0,,,54.1,,2030,41,,89.8,MIA
REGULAR_SEASON,69.9,6,75.4,,64.1,,NYG_LB_04,LB,0,,,73.4,,2030,282,,71.8,MIA
REGULAR_SEASON,,13,62.3,64.9,,,P100498_OT,OT,1,,62.6,,,2030,836,,,TEN
REGULAR_SEASON,,9,80.5,,76.7,,TEN_DT_04,DT,1,,,70.2,,2030,339,,69.0,TEN
REGULAR_SEASON,,3,53.5,,,,P100964_P,P,0,,,,,2030,15,56.9,,TEN
REGULAR_SEASON,,9,60.7,,59.3,,HOU_EDGE_02,EDGE,1,,,59.5,,2030,400,,53.0,SF
REGULAR_SEASON,60.7,1,45.2,,57.9,,DEN_LB_03,LB,0,,,35.8,,2030,42,,66.0,SF
REGULAR_SEASON,,4,67.1,,62.7,,ARI_DT_05,DT,0,,,66.1,,2030,131,,69.9,MIN
REGULAR_SEASON,,6,54.0,,58.4,,P100483_EDGE,EDGE,0,,,65.1,,2030,272,,66.5,GB
REGULAR_SEASON,,8,61.9,,67.5,,LAC_DT_03,DT,1,,,56.2,,2030,301,,66.0,HOU
REGULAR_SEASON,,8,67.6,,,68.3,GB_QB_03,QB,1,,,,65.6,2030,519,,,ARI
REGULAR_SEASON,50.9,3,62.9,,,,P100723_CB,CB,0,,,66.2,,2030,151,,61.8,CAR
REGULAR_SEASON,,6,73.1,73.0,,,WAS_OT_01,OT,0,,79.1,,,2030,386,,,MIA
REGULAR_SEASON,,2,21.3,,,26.9,P101022_QB,QB,0,,,,24.2,2030,126,,,CLE
REGULAR_SEASON,,3,86.4,80.6,,,KC_C_03,C,0,,81.3,,,2030,206,,,PIT
REGULAR_SEASON,71.1,11,71.4,,,,LAR_CB_08,CB,1,,,72.1,,2030,552,,63.1,TEN
REGULAR_SEASON,,6,70.9,,,60.4,NO_QB_02,QB,1,,,,73.7,2030,379,,,HOU
REGULAR_SEASON,,9,75.1,77.0,,,MIN_TE_01,TE,1,73.0,77.8,,,2030,368,,,DAL
REGULAR_SEASON,,5,70.2,56.0,,,TB_OG_04,OG,0,,72.5,,,2030,335,,,CHI
REGULAR_SEASON,73.2,7,70.2,,61.6,,P100233_LB,LB,0,,,67.7,,2030,312,,68.6,NE
REGULAR_SEASON,,3,86.0,,,72.8,NYJ_QB_02,QB,0,,,,72.4,2030,186,,,KC
REGULAR_SEASON,,2,75.2,,,,IND_K_02,K,0,,,,,2030,12,82.6,,NYG
REGULAR_SEASON,,3,85.2,,69.0,,TEN_EDGE_05,EDGE,0,,,78.6,,2030,138,,85.5,NYJ
REGULAR_SEASON,,3,58.9,,,,P100708_WR,WR,0,56.6,61.6,,,2030,134,,,PHI
REGULAR_SEASON,,4,63.4,60.4,,,CIN_OG_03,OG,0,,55.0,,,2030,256,,,PHI
REGULAR_SEASON,76.0,3,63.3,,,,P100782_CB,CB,0,,,63.7,,2030,151,,59.7,PHI
REGULAR_SEASON,,8,63.7,,,,DET_K_02,K,1,,,,,2030,48,71.4,,CIN
REGULAR_SEASON,,6,67.3,64.3,,,JAX_OT_04,OT,0,,61.8,,,2030,402,,,LAC
REGULAR_SEASON,,6,63.5,66.4,,,P100288_OT,OT,0,,63.2,,,2030,395,,,NYG
REGULAR_SEASON,,10,72.7,68.9,,,DAL_OG_02,OG,1,,70.9,,,2030,660,,,ATL
REGULAR_SEASON,73.6,3,80.0,,,,P100044_CB,CB,0,,,62.5,,2030,160,,75.1,NO
REGULAR_SEASON,,7,51.3,,49.8,,P100977_EDGE,EDGE,0,,,44.3,,2030,304,,54.6,WAS
REGULAR_SEASON,,1,88.0,,,89.3,CHI_QB_01,QB,0,,,,77.6,2030,68,,,CLE
REGULAR_SEASON,,3,59.2,66.3,,,BUF_OT_06,OT,0,,43.6,,,2030,194,,,CLE
REGULAR_SEASON,,9,64.5,,66.8,,CAR_EDGE_03,EDGE,1,,,63.9,,2030,382,,64.0,CAR
REGULAR_SEASON,,7,56.2,65.7,,,P100359_TE,TE,0,50.6,60.7,,,2030,272,,,LAR
REGULAR_SEASON,,6,60.7,,56.1,,P100134_EDGE,EDGE,0,,,66.6,,2030,281,,53.0,LAR
REGULAR_SEASON,,5,71.8,,,,P100054_WR,WR,0,70.1,58.1,,,2030,225,,,BAL
REGULAR_SEASON,,2,43.9,,,,TB_WR_05,WR,0,53.5,51.7,,,2030,93,,,PHI
REGULAR_SEASON,,7,68.0,,58.9,,TEN_DT_06,DT,0,,,71.4,,2030,280,,61.3,NYG
REGULAR_SEASON,,6,65.5,,,70.5,DET_QB_02,QB,1,,,,67.8,2030,390,,,DET
REGULAR_SEASON,,4,67.8,71.5,,,BUF_C_02,C,0,,68.6,,,2030,258,,,DET
REGULAR_SEASON,,7,52.5,,,,P101043_WR,WR,0,55.7,55.6,,,2030,318,,,LAR
REGULAR_SEASON,,8,51.3,59.7,,,BAL_RB_02,RB,0,47.7,,,59.5,2030,193,,,SEA
REGULAR_SEASON,,6,62.9,,,60.7,ARI_QB_01,QB,1,,,,54.6,2030,380,,,SF
REGULAR_SEASON,,6,52.9,57.9,,,DAL_TE_01,TE,0,59.1,63.5,,,2030,225,,,TB
REGULAR_SEASON,,6,56.4,,56.4,,CAR_DT_04,DT,0,,,67.3,,2030,221,,56.2,TB
REGULAR_SEASON,58.1,4,59.5,,50.0,,LAC_LB_04,LB,0,,,70.3,,2030,162,,57.9,TB
REGULAR_SEASON,60.8,3,59.0,,,,P100352_S,S,0,,,46.4,,2030,151,,56.5,WAS
REGULAR_SEASON,,6,65.6,,,,HOU_K_01,K,1,,,,,2030,36,65.9,,WAS
REGULAR_SEASON,,6,60.1,52.7,,,PIT_TE_02,TE,0,58.8,62.6,,,2030,257,,,MIA
REGULAR_SEASON,72.8,6,70.0,,,,CHI_CB_04,CB,0,,,74.1,,2030,303,,64.0,CHI
REGULAR_SEASON,,1,54.6,,,,HOU_WR_04,WR,0,61.5,79.4,,,2030,45,,,IND
REGULAR_SEASON,,3,36.0,,,,P100972_WR,WR,0,35.1,39.5,,,2030,123,,,CIN
REGULAR_SEASON,51.9,6,51.3,,,,NYJ_CB_05,CB,0,,,59.9,,2030,297,,48.4,CIN
REGULAR_SEASON,,4,35.1,54.3,,,P100779_OG,OG,0,,55.4,,,2030,264,,,HOU
REGULAR_SEASON,,4,57.9,,,,P100741_WR,WR,0,58.8,63.6,,,2030,163,,,KC
REGULAR_SEASON,,3,40.5,,,,P101011_WR,WR,0,52.7,40.6,,,2030,133,,,KC
REGULAR_SEASON,,3,63.1,63.5,,,P101009_TE,TE,0,44.3,62.0,,,2030,107,,,MIN
REGULAR_SEASON,52.6,7,60.8,,53.9,,MIN_LB_08,LB,0,,,67.9,,2030,308,,65.7,MIN
REGULAR_SEASON,50.8,7,44.5,,,,DEN_CB_04,CB,0,,,44.7,,2030,338,,55.4,MIN
REGULAR_SEASON,,4,64.4,,,71.2,P101106_QB,QB,0,,,,66.6,2030,242,,,BUF
REGULAR_SEASON,,4,42.3,,57.9,,P100497_DT,DT,0,,,60.4,,2030,158,,42.9,BUF
REGULAR_SEASON,,6,52.3,,57.6,,DAL_EDGE_06,EDGE,0,,,46.6,,2030,254,,59.2,MIA
REGULAR_SEASON,,5,68.9,,62.2,,DAL_DT_05,DT,0,,,66.1,,2030,188,,66.0,MIA
REGULAR_SEASON,57.8,5,65.6,,,,CIN_CB_06,CB,0,,,56.7,,2030,249,,66.6,NE
REGULAR_SEASON,,4,71.6,,,,LAC_WR_03,WR,0,58.1,74.5,,,2030,170,,,LAC
REGULAR_SEASON,,5,68.5,,70.0,,NYG_EDGE_04,EDGE,0,,,62.3,,2030,222,,65.1,LAC
REGULAR_SEASON,,4,64.6,61.5,,,P100168_RB,RB,0,45.8,,,65.5,2030,67,,,ATL
REGULAR_SEASON,,2,71.9,72.3,,,MIN_OG_04,OG,0,,95.0,,,2030,136,,,CAR
REGULAR_SEASON,64.2,5,70.7,,,,P100611_CB,CB,0,,,60.6,,2030,256,,59.5,JAX
REGULAR_SEASON,,4,44.2,52.4,,,P100466_C,C,0,,40.2,,,2030,283,,,DAL
REGULAR_SEASON,71.8,5,69.9,,67.9,,P100415_LB,LB,0,,,63.3,,2030,219,,55.7,PHI
REGULAR_SEASON,,3,72.5,,,72.2,BUF_QB_03,QB,0,,,,62.8,2030,184,,,TB
REGULAR_SEASON,,2,65.1,,58.0,,P100594_EDGE,EDGE,0,,,43.0,,2030,86,,65.5,LAR
REGULAR_SEASON,,3,70.0,68.8,,,ATL_C_02,C,0,,63.9,,,2030,197,,,IND
REGULAR_SEASON,,6,51.7,59.6,,,P100141_OG,OG,0,,49.2,,,2030,381,,,WAS
REGULAR_SEASON,65.6,4,74.1,,68.0,,DEN_LB_02,LB,0,,,58.9,,2030,184,,73.9,NYG
REGULAR_SEASON,,3,63.3,66.7,,,BAL_OG_03,OG,0,,59.8,,,2030,210,,,MIA
REGULAR_SEASON,51.5,5,59.9,,62.0,,IND_LB_02,LB,0,,,59.0,,2030,214,,56.7,IND
REGULAR_SEASON,,4,79.1,87.7,,,LAR_OG_01,OG,0,,84.9,,,2030,253,,,LAR
REGULAR_SEASON,,4,21.7,26.9,,,PHI_RB_04,RB,0,33.8,,,20.9,2030,81,,,PHI
REGULAR_SEASON,60.7,2,60.0,,,,TB_CB_05,CB,0,,,61.5,,2030,109,,70.2,TB
REGULAR_SEASON,,3,50.4,54.7,,,P100819_OT,OT,0,,67.5,,,2030,186,,,NYG
REGULAR_SEASON,,3,57.1,,63.8,,P100405_DT,DT,0,,,60.9,,2030,104,,51.7,BUF
REGULAR_SEASON,,2,46.6,62.1,,,P100713_OG,OG,0,,41.4,,,2030,135,,,MIN
REGULAR_SEASON,,1,87.4,,86.2,,DEN_DT_04,DT,0,,,55.0,,2030,43,,89.0,DEN
REGULAR_SEASON,,2,45.5,50.3,,,LAC_OG_03,OG,0,,38.1,,,2030,126,,,NYJ
REGULAR_SEASON,,3,70.3,,65.3,,P100096_DT,DT,0,,,74.4,,2030,111,,56.8,CIN
REGULAR_SEASON,49.3,1,41.1,,,,P101050_CB,CB,0,,,17.2,,2030,64,,73.9,ARI
REGULAR_SEASON,,2,84.8,,,,P100022_WR,WR,0,76.0,56.0,,,2030,88,,,DET
REGULAR_SEASON,,2,62.0,71.6,,,P100339_OG,OG,0,,57.0,,,2030,133,,,DET
REGULAR_SEASON,,3,62.9,68.7,,,P100337_OT,OT,0,,74.1,,,2030,207,,,JAX
REGULAR_SEASON,,3,68.9,,70.0,,BAL_EDGE_04,EDGE,0,,,60.8,,2030,130,,53.3,SEA
REGULAR_SEASON,25.7,2,31.9,,,,P100702_CB,CB,0,,,40.1,,2030,109,,39.9,SEA
REGULAR_SEASON,,1,79.5,,,67.5,SEA_QB_01,QB,0,,,,54.4,2030,62,,,TEN
REGULAR_SEASON,,2,71.5,71.8,,,P100556_OG,OG,0,,66.8,,,2030,134,,,TEN
REGULAR_SEASON,,1,25.9,,,,P100313_WR,WR,0,56.7,41.0,,,2030,46,,,WAS
REGULAR_SEASON,,3,46.2,35.0,,,ARI_OT_03,OT,0,,53.0,,,2030,193,,,NYG
REGULAR_SEASON,,2,61.7,64.6,,,KC_C_01,C,0,,70.5,,,2030,133,,,DEN
REGULAR_SEASON,,2,72.0,,65.7,,LV_EDGE_04,EDGE,0,,,71.5,,2030,82,,74.0,LV
REGULAR_SEASON,,2,42.4,44.6,,,BAL_OG_04,OG,0,,52.6,,,2030,138,,,CIN
REGULAR_SEASON,77.4,1,76.5,,78.2,,P100519_LB,LB,0,,,71.1,,2030,45,,71.2,LAR
REGULAR_SEASON,,2,71.5,,,,KC_P_01,P,0,,,,,2030,10,53.2,,IND
REGULAR_SEASON,,1,69.2,63.2,,,NE_TE_03,TE,0,59.4,88.2,,,2030,40,,,MIN
REGULAR_SEASON,,1,63.8,,,39.4,NE_QB_02,QB,0,,,,58.6,2030,61,,,TEN
REGULAR_SEASON,,1,76.6,60.9,,,NO_C_03,C,0,,73.6,,,2030,63,,,TEN
REGULAR_SEASON,60.6,1,61.6,,,,P100292_CB,CB,0,,,66.7,,2030,49,,53.1,KC
REGULAR_SEASON,26.8,1,23.1,,,,P101057_S,S,0,,,49.8,,2030,55,,21.2,HOU
REGULAR_SEASON,,1,71.6,68.4,,,JAX_OG_01,OG,0,,89.9,,,2030,62,,,DEN
REGULAR_SEASON,56.9,2,59.7,,,,P101194_CB,CB,0,,,57.9,,2030,105,,57.9,NYG
REGULAR_SEASON,,2,50.4,54.3,,,SEA_OG_03,OG,0,,60.1,,,2030,130,,,SEA
REGULAR_SEASON,,1,72.3,87.2,,,NO_C_02,C,0,,56.3,,,2030,68,,,NE
REGULAR_SEASON,,1,62.5,,,,P101173_P,P,0,,,,,2030,5,83.0,,JAX
REGULAR_SEASON,,1,68.5,66.0,,,PIT_C_03,C,0,,88.4,,,2030,65,,,NO
REGULAR_SEASON,,1,79.2,,64.1,,DAL_DT_04,DT,0,,,87.8,,2030,41,,82.6,ARI
REGULAR_SEASON,,1,78.4,64.6,,,IND_OT_02,OT,0,,87.7,,,2030,58,,,WAS
REGULAR_SEASON,,1,74.3,,71.0,,TB_DT_03,DT,0,,,78.0,,2030,43,,92.8,NYJ
REGULAR_SEASON,,1,15.3,18.7,,,P100558_OG,OG,0,,29.9,,,2030,65,,,LAC
REGULAR_SEASON,34.0,1,21.9,,28.3,,ARI_LB_05,LB,0,,,63.1,,2030,43,,30.6,MIA
REGULAR_SEASON,,1,48.0,38.2,,,P100334_RB,RB,0,22.2,,,44.3,2030,6,,,NYG
REGULAR_SEASON,,1,74.4,,,,NYJ_WR_07,WR,0,72.3,59.3,,,2030,41,,,LV
PLAYOFFS,,2,74.3,,,81.1,P100234_QB,QB,0,,,,76.3,2030,117,,,IND
PLAYOFFS,,2,66.9,72.2,,,P100963_RB,RB,0,75.3,,,86.8,2030,86,,,IND
PLAYOFFS,,2,90.8,,,,DET_WR_02,WR,0,72.2,86.9,,,2030,88,,,IND
PLAYOFFS,,2,65.9,,,,IND_WR_01,WR,0,56.4,64.3,,,2030,87,,,IND
PLAYOFFS,,2,61.8,,,,P100762_WR,WR,0,67.7,59.9,,,2030,91,,,IND
PLAYOFFS,,2,61.8,,,,P101088_WR,WR,0,57.8,59.3,,,2030,80,,,IND
PLAYOFFS,,2,61.8,66.8,,,SEA_TE_02,TE,0,62.0,59.2,,,2030,82,,,IND
PLAYOFFS,,2,87.7,68.2,,,CHI_TE_02,TE,0,59.8,66.6,,,2030,89,,,IND
PLAYOFFS,,2,52.6,56.3,,,NYG_OT_01,OT,0,,53.3,,,2030,134,,,IND
PLAYOFFS,,2,57.0,27.1,,,IND_OT_01,OT,0,,53.1,,,2030,128,,,IND
PLAYOFFS,,2,80.9,76.8,,,SF_OG_02,OG,0,,83.1,,,2030,136,,,IND
PLAYOFFS,,2,87.1,86.6,,,DET_OG_02,OG,0,,78.5,,,2030,123,,,IND
PLAYOFFS,,2,84.8,85.6,,,IND_C_01,C,0,,88.8,,,2030,137,,,IND
PLAYOFFS,,2,99.7,,81.4,,BAL_EDGE_02,EDGE,0,,,83.5,,2030,79,,99.9,IND
PLAYOFFS,,2,70.4,,67.8,,IND_EDGE_01,EDGE,0,,,63.8,,2030,92,,63.6,IND
PLAYOFFS,,2,53.2,,67.4,,IND_EDGE_02,EDGE,0,,,57.1,,2030,85,,59.1,IND
PLAYOFFS,,2,53.7,,35.4,,NO_EDGE_06,EDGE,0,,,56.7,,2030,90,,53.9,IND
PLAYOFFS,,2,77.5,,71.3,,TB_DT_02,DT,0,,,70.9,,2030,77,,86.7,IND
PLAYOFFS,,2,79.1,,66.8,,PHI_DT_01,DT,0,,,75.0,,2030,70,,82.8,IND
PLAYOFFS,,2,48.1,,52.3,,CLE_DT_04,DT,0,,,50.1,,2030,83,,62.1,IND
PLAYOFFS,72.1,2,71.3,,64.9,,JAX_LB_02,LB,0,,,64.1,,2030,92,,67.2,IND
PLAYOFFS,83.8,2,77.3,,74.3,,PHI_LB_04,LB,0,,,71.7,,2030,92,,75.6,IND
PLAYOFFS,45.9,2,43.5,,35.5,,GB_LB_03,LB,0,,,55.2,,2030,101,,52.9,IND
PLAYOFFS,66.0,2,71.1,,,,IND_CB_01,CB,0,,,69.5,,2030,95,,62.3,IND
PLAYOFFS,66.2,2,61.0,,,,CLE_CB_03,CB,0,,,62.8,,2030,94,,60.0,IND
PLAYOFFS,68.1,2,76.5,,,,IND_CB_03,CB,0,,,72.3,,2030,103,,67.5,IND
PLAYOFFS,66.3,2,52.1,,,,CAR_S_02,S,0,,,40.2,,2030,110,,77.0,IND
PLAYOFFS,76.4,2,68.6,,,,P100491_S,S,0,,,47.8,,2030,105,,71.6,IND
PLAYOFFS,58.1,2,57.8,,,,GB_S_02,S,0,,,70.6,,2030,95,,64.0,IND
PLAYOFFS,,2,88.8,,,,NO_K_01,K,0,,,,,2030,12,92.1,,IND
PLAYOFFS,,2,71.4,,,,IND_P_01,P,0,,,,,2030,10,79.4,,IND
PLAYOFFS,,1,57.3,,,54.6,P100496_QB,QB,0,,,,62.7,2030,63,,,CIN
PLAYOFFS,,1,63.4,65.3,,,P101019_RB,RB,0,74.2,,,56.1,2030,25,,,CIN
PLAYOFFS,,1,45.2,57.0,,,P101044_RB,RB,0,80.3,,,27.8,2030,26,,,CIN
PLAYOFFS,,1,45.7,45.3,,,IND_RB_04,RB,0,53.3,,,74.8,2030,19,,,CIN
PLAYOFFS,,1,92.6,,,,DEN_WR_01,WR,0,80.6,90.4,,,2030,43,,,CIN
PLAYOFFS,,1,67.1,,,,HOU_WR_02,WR,0,59.8,44.1,,,2030,40,,,CIN
PLAYOFFS,,1,82.8,,,,CIN_WR_03,WR,0,90.7,76.9,,,2030,49,,,CIN
PLAYOFFS,,1,40.4,,,,P100484_WR,WR,0,46.8,49.3,,,2030,42,,,CIN
PLAYOFFS,,1,66.3,66.2,,,GB_TE_03,TE,0,79.6,53.6,,,2030,45,,,CIN
PLAYOFFS,,1,39.8,39.3,,,CIN_TE_01,TE,0,25.5,30.9,,,2030,45,,,CIN
PLAYOFFS,,1,69.7,74.2,,,P100660_OT,OT,0,,52.7,,,2030,64,,,CIN
PLAYOFFS,,1,89.0,95.3,,,CIN_OT_02,OT,0,,73.9,,,2030,61,,,CIN
PLAYOFFS,,1,55.3,65.8,,,P100888_OG,OG,0,,61.8,,,2030,58,,,CIN
PLAYOFFS,,1,85.5,87.8,,,CIN_OG_05,OG,0,,63.5,,,2030,61,,,CIN
PLAYOFFS,,1,91.1,74.6,,,TB_C_01,C,0,,73.3,,,2030,61,,,CIN
PLAYOFFS,,1,79.2,,84.0,,ATL_EDGE_01,EDGE,0,,,92.2,,2030,47,,67.7,CIN
PLAYOFFS,,1,63.3,,50.5,,LV_EDGE_02,EDGE,0,,,68.3,,2030,43,,68.8,CIN
PLAYOFFS,,1,66.3,,60.2,,DEN_EDGE_03,EDGE,0,,,67.2,,2030,47,,64.9,CIN
PLAYOFFS,,1,72.6,,87.7,,GB_EDGE_07,EDGE,0,,,82.2,,2030,39,,94.3,CIN
PLAYOFFS,,1,62.4,,57.0,,P100475_DT,DT,0,,,46.0,,2030,40,,72.9,CIN
PLAYOFFS,,1,87.2,,68.0,,P100197_DT,DT,0,,,59.4,,2030,37,,79.6,CIN
PLAYOFFS,,1,68.6,,52.7,,P100096_DT,DT,0,,,72.1,,2030,41,,58.1,CIN
PLAYOFFS,94.1,1,81.0,,58.7,,SEA_LB_02,LB,0,,,85.8,,2030,41,,52.6,CIN
PLAYOFFS,93.2,1,80.6,,74.0,,P100750_LB,LB,0,,,67.2,,2030,46,,58.1,CIN
PLAYOFFS,90.4,1,63.6,,72.3,,ATL_LB_03,LB,0,,,59.6,,2030,49,,88.9,CIN
PLAYOFFS,50.0,1,73.4,,,,TB_CB_02,CB,0,,,87.7,,2030,52,,82.9,CIN
PLAYOFFS,84.5,1,78.5,,,,CIN_CB_01,CB,0,,,80.5,,2030,50,,83.0,CIN
PLAYOFFS,76.7,1,84.4,,,,SEA_CB_05,CB,0,,,79.1,,2030,48,,65.5,CIN
PLAYOFFS,75.3,1,61.5,,,,MIA_CB_05,CB,0,,,71.3,,2030,50,,81.2,CIN
PLAYOFFS,70.4,1,61.2,,,,CIN_S_01,S,0,,,53.1,,2030,54,,68.8,CIN
PLAYOFFS,,1,48.0,,,,BAL_K_01,K,0,,,,,2030,6,52.3,,CIN
PLAYOFFS,,1,36.3,,,,ATL_P_01,P,0,,,,,2030,5,45.6,,CIN
PLAYOFFS,,4,69.7,,,59.8,CIN_QB_01,QB,0,,,,56.9,2030,261,,,PIT
PLAYOFFS,,4,29.3,32.1,,,P100854_RB,RB,0,36.9,,,34.8,2030,155,,,PIT
PLAYOFFS,,4,68.7,,,,ATL_WR_04,WR,0,67.4,69.5,,,2030,175,,,PIT
PLAYOFFS,,4,68.4,,,,PIT_WR_05,WR,0,64.4,66.4,,,2030,184,,,PIT
PLAYOFFS,,4,66.4,,,,KC_WR_08,WR,0,71.1,73.1,,,2030,172,,,PIT
PLAYOFFS,,4,58.1,61.7,,,LAC_TE_01,TE,0,57.1,59.0,,,2030,166,,,PIT
PLAYOFFS,,4,63.8,54.7,,,P101121_TE,TE,0,76.6,53.2,,,2030,162,,,PIT
PLAYOFFS,,4,75.8,64.9,,,LV_OT_01,OT,0,,62.1,,,2030,269,,,PIT
PLAYOFFS,,4,64.2,78.1,,,CAR_OT_02,OT,0,,62.2,,,2030,263,,,PIT
PLAYOFFS,,4,82.8,70.5,,,PIT_OG_01,OG,0,,77.5,,,2030,260,,,PIT
PLAYOFFS,,4,53.0,49.7,,,DAL_OG_03,OG,0,,55.9,,,2030,258,,,PIT
PLAYOFFS,,4,66.0,55.3,,,PIT_C_01,C,0,,63.6,,,2030,260,,,PIT
PLAYOFFS,,4,65.4,,66.1,,NE_EDGE_02,EDGE,0,,,60.7,,2030,179,,70.7,PIT
PLAYOFFS,,4,59.3,,67.4,,ATL_EDGE_05,EDGE,0,,,63.1,,2030,173,,60.5,PIT
PLAYOFFS,,4,65.1,,59.4,,CIN_DT_01,DT,0,,,68.1,,2030,156,,60.6,PIT
PLAYOFFS,,4,65.6,,68.1,,P100851_DT,DT,0,,,63.5,,2030,160,,73.4,PIT
PLAYOFFS,,4,64.9,,62.0,,P100135_DT,DT,0,,,73.1,,2030,158,,67.2,PIT
PLAYOFFS,75.7,4,74.3,,67.8,,PIT_LB_04,LB,0,,,69.4,,2030,183,,62.7,PIT
PLAYOFFS,59.4,4,58.3,,60.9,,LAC_LB_01,LB,0,,,61.8,,2030,188,,73.4,PIT
PLAYOFFS,69.7,4,56.1,,65.2,,MIN_LB_03,LB,0,,,52.5,,2030,199,,53.8,PIT
PLAYOFFS,72.5,4,70.9,,,,PIT_CB_03,CB,0,,,69.0,,2030,188,,67.9,PIT
PLAYOFFS,74.4,4,80.7,,,,P101166_CB,CB,0,,,71.9,,2030,201,,79.6,PIT
PLAYOFFS,55.8,4,61.9,,,,DET_CB_07,CB,0,,,64.9,,2030,189,,63.5,PIT
PLAYOFFS,55.9,4,50.8,,,,P100153_CB,CB,0,,,47.9,,2030,187,,56.0,PIT
PLAYOFFS,68.6,4,68.1,,,,P100428_S,S,0,,,71.8,,2030,225,,70.4,PIT
PLAYOFFS,79.8,4,73.9,,,,P100347_S,S,0,,,70.2,,2030,193,,76.5,PIT
PLAYOFFS,76.9,4,72.2,,,,P100400_S,S,0,,,77.0,,2030,200,,70.9,PIT
PLAYOFFS,,4,71.7,,,,KC_K_01,K,0,,,,,2030,24,73.6,,PIT
PLAYOFFS,,4,77.5,,,,GB_P_01,P,0,,,,,2030,20,77.7,,PIT
PLAYOFFS,,1,44.6,,,54.8,NE_QB_02,QB,0,,,,51.4,2030,60,,,TEN
PLAYOFFS,,1,59.6,51.0,,,IND_RB_02,RB,0,67.4,,,58.8,2030,31,,,TEN
PLAYOFFS,,1,40.1,37.8,,,P100654_RB,RB,0,36.5,,,52.4,2030,25,,,TEN
PLAYOFFS,,1,75.2,,,,DAL_WR_03,WR,0,59.5,55.5,,,2030,38,,,TEN
PLAYOFFS,,1,99.9,,,,SEA_WR_06,WR,0,92.7,87.5,,,2030,40,,,TEN
PLAYOFFS,,1,76.6,,,,TEN_WR_04,WR,0,69.1,52.1,,,2030,41,,,TEN
PLAYOFFS,,1,76.8,82.3,,,TEN_TE_03,TE,0,71.5,54.7,,,2030,40,,,TEN
PLAYOFFS,,1,78.7,76.0,,,LAC_OT_01,OT,0,,63.4,,,2030,61,,,TEN
PLAYOFFS,,1,89.7,99.9,,,P100498_OT,OT,0,,79.5,,,2030,72,,,TEN
PLAYOFFS,,1,60.2,58.6,,,ARI_OG_02,OG,0,,72.4,,,2030,62,,,TEN
PLAYOFFS,,1,47.8,54.8,,,CAR_OG_04,OG,0,,52.8,,,2030,71,,,TEN
PLAYOFFS,,1,74.0,63.4,,,NO_C_03,C,0,,52.4,,,2030,61,,,TEN
PLAYOFFS,,1,74.5,,94.3,,NO_EDGE_02,EDGE,0,,,69.6,,2030,38,,77.4,TEN
PLAYOFFS,,1,84.5,,88.0,,BUF_EDGE_02,EDGE,0,,,73.8,,2030,44,,88.0,TEN
PLAYOFFS,,1,79.6,,67.8,,P100375_EDGE,EDGE,0,,,76.7,,2030,39,,56.0,TEN
PLAYOFFS,,1,34.3,,41.3,,P101061_EDGE,EDGE,0,,,19.5,,2030,49,,56.4,TEN
PLAYOFFS,,1,81.8,,82.9,,TEN_DT_01,DT,0,,,78.2,,2030,36,,85.6,TEN
PLAYOFFS,,1,59.1,,69.2,,TEN_DT_04,DT,0,,,71.7,,2030,38,,79.7,TEN
PLAYOFFS,,1,87.8,,79.3,,IND_DT_05,DT,0,,,92.3,,2030,34,,78.7,TEN
PLAYOFFS,67.7,1,50.4,,37.2,,TEN_LB_01,LB,0,,,58.9,,2030,45,,62.0,TEN
PLAYOFFS,46.2,1,27.7,,45.7,,DET_LB_04,LB,0,,,59.7,,2030,50,,11.1,TEN
PLAYOFFS,62.6,1,60.4,,75.4,,P100738_LB,LB,0,,,66.1,,2030,45,,63.7,TEN
PLAYOFFS,76.0,1,88.1,,,,CLE_CB_02,CB,0,,,71.4,,2030,56,,71.3,TEN
PLAYOFFS,64.4,1,59.6,,,,TEN_CB_08,CB,0,,,66.0,,2030,55,,56.0,TEN
PLAYOFFS,92.2,1,88.5,,,,LAR_CB_08,CB,0,,,81.2,,2030,47,,81.4,TEN
PLAYOFFS,97.4,1,87.1,,,,TEN_CB_04,CB,0,,,70.1,,2030,47,,71.0,TEN
PLAYOFFS,96.7,1,95.6,,,,TEN_S_01,S,0,,,93.9,,2030,53,,86.7,TEN
PLAYOFFS,46.0,1,56.5,,,,FA_S_181,S,0,,,41.9,,2030,52,,69.5,TEN
PLAYOFFS,71.5,1,58.5,,,,BAL_S_01,S,0,,,57.3,,2030,50,,85.2,TEN
PLAYOFFS,,1,49.1,,,,MIN_K_01,K,0,,,,,2030,6,37.8,,TEN
PLAYOFFS,,1,65.8,,,,PIT_P_01,P,0,,,,,2030,5,57.2,,TEN
PLAYOFFS,,1,79.6,,,80.9,P100074_QB,QB,0,,,,81.7,2030,64,,,MIA
PLAYOFFS,,1,82.1,76.8,,,P101112_RB,RB,0,62.3,,,75.4,2030,28,,,MIA
PLAYOFFS,,1,88.8,91.6,,,P101091_RB,RB,0,73.2,,,71.0,2030,23,,,MIA
PLAYOFFS,,1,91.9,,,,LV_WR_02,WR,0,76.0,88.9,,,2030,36,,,MIA
PLAYOFFS,,1,58.5,,,,PIT_WR_03,WR,0,63.3,56.8,,,2030,46,,,MIA
PLAYOFFS,,1,52.2,,,,IND_WR_03,WR,0,63.6,47.8,,,2030,44,,,MIA
PLAYOFFS,,1,68.7,,,,TB_WR_02,WR,0,62.7,67.2,,,2030,41,,,MIA
PLAYOFFS,,1,68.2,61.9,,,MIA_TE_02,TE,0,41.1,86.2,,,2030,41,,,MIA
PLAYOFFS,,1,60.3,58.2,,,WAS_TE_01,TE,0,76.3,83.6,,,2030,34,,,MIA
PLAYOFFS,,1,58.7,61.5,,,PIT_OT_01,OT,0,,61.5,,,2030,67,,,MIA
PLAYOFFS,,1,70.5,70.0,,,P100684_OT,OT,0,,73.3,,,2030,73,,,MIA
PLAYOFFS,,1,68.5,61.5,,,CLE_OG_03,OG,0,,66.8,,,2030,65,,,MIA
PLAYOFFS,,1,68.4,67.5,,,P100060_OG,OG,0,,48.9,,,2030,67,,,MIA
PLAYOFFS,,1,78.9,83.0,,,MIN_C_01,C,0,,56.2,,,2030,61,,,MIA
PLAYOFFS,,1,92.3,,92.8,,SF_EDGE_02,EDGE,0,,,86.7,,2030,43,,88.5,MIA
PLAYOFFS,,1,75.9,,77.5,,KC_EDGE_05,EDGE,0,,,63.7,,2030,47,,53.7,MIA
PLAYOFFS,,1,40.8,,80.7,,NO_EDGE_03,EDGE,0,,,30.9,,2030,44,,31.9,MIA
PLAYOFFS,,1,88.8,,92.9,,DAL_EDGE_06,EDGE,0,,,89.7,,2030,42,,99.9,MIA
PLAYOFFS,,1,46.9,,50.3,,CIN_DT_02,DT,0,,,42.9,,2030,35,,54.4,MIA
PLAYOFFS,,1,49.7,,46.0,,BUF_DT_02,DT,0,,,14.7,,2030,33,,34.1,MIA
PLAYOFFS,,1,71.3,,73.6,,PIT_DT_04,DT,0,,,70.1,,2030,37,,75.5,MIA
PLAYOFFS,92.3,1,75.5,,82.7,,FA_LB_118,LB,0,,,62.1,,2030,45,,57.1,MIA
PLAYOFFS,77.5,1,87.4,,74.1,,NYG_LB_04,LB,0,,,81.0,,2030,47,,78.2,MIA
PLAYOFFS,49.3,1,53.2,,58.7,,ARI_LB_05,LB,0,,,59.9,,2030,44,,63.7,MIA
PLAYOFFS,57.2,1,62.2,,,,WAS_CB_02,CB,0,,,60.9,,2030,50,,88.1,MIA
PLAYOFFS,99.1,1,95.2,,,,NYJ_CB_03,CB,0,,,94.0,,2030,53,,77.9,MIA
PLAYOFFS,77.8,1,92.6,,,,LAR_CB_11,CB,0,,,74.5,,2030,46,,71.0,MIA
PLAYOFFS,75.6,1,59.9,,,,DAL_CB_04,CB,0,,,63.0,,2030,45,,50.1,MIA
PLAYOFFS,87.8,1,76.3,,,,P100363_S,S,0,,,91.3,,2030,49,,54.5,MIA
PLAYOFFS,84.9,1,85.0,,,,CHI_S_04,S,0,,,69.2,,2030,52,,79.8,MIA
PLAYOFFS,54.0,1,56.7,,,,ATL_S_05,S,0,,,36.3,,2030,49,,29.4,MIA
PLAYOFFS,,1,90.0,,,,CAR_K_01,K,0,,,,,2030,6,90.7,,MIA
PLAYOFFS,,1,85.1,,,,CIN_P_01,P,0,,,,,2030,5,96.8,,MIA
PLAYOFFS,,2,67.8,,,76.2,DET_QB_01,QB,0,,,,66.6,2030,128,,,CLE
PLAYOFFS,,2,54.5,66.4,,,P101072_RB,RB,0,49.4,,,62.2,2030,61,,,CLE
PLAYOFFS,,2,45.1,52.0,,,P100990_RB,RB,0,45.8,,,44.0,2030,32,,,CLE
PLAYOFFS,,2,57.8,,,,CLE_WR_02,WR,0,47.4,61.2,,,2030,78,,,CLE
PLAYOFFS,,2,75.5,,,,JAX_WR_02,WR,0,64.3,78.8,,,2030,87,,,CLE
PLAYOFFS,,2,72.2,,,,CLE_WR_06,WR,0,70.6,69.6,,,2030,78,,,CLE
PLAYOFFS,,2,64.6,,,,P100365_WR,WR,0,72.1,60.7,,,2030,81,,,CLE
PLAYOFFS,,2,73.3,74.0,,,P100701_TE,TE,0,66.3,71.9,,,2030,84,,,CLE
PLAYOFFS,,2,86.7,83.4,,,CLE_OT_02,OT,0,,72.4,,,2030,134,,,CLE
PLAYOFFS,,2,63.8,61.2,,,SEA_OT_04,OT,0,,58.4,,,2030,123,,,CLE
PLAYOFFS,,2,66.8,76.5,,,TEN_OG_01,OG,0,,74.2,,,2030,132,,,CLE
PLAYOFFS,,2,66.9,61.7,,,CLE_OG_02,OG,0,,83.4,,,2030,129,,,CLE
PLAYOFFS,,2,57.7,79.9,,,CIN_C_01,C,0,,79.8,,,2030,131,,,CLE
PLAYOFFS,,2,71.8,,75.1,,CLE_EDGE_01,EDGE,0,,,77.5,,2030,96,,68.7,CLE
PLAYOFFS,,2,53.5,,74.0,,P100018_EDGE,EDGE,0,,,66.1,,2030,81,,51.5,CLE
PLAYOFFS,,2,71.7,,63.6,,P100146_EDGE,EDGE,0,,,65.5,,2030,81,,66.9,CLE
PLAYOFFS,,2,36.8,,35.8,,MIA_EDGE_04,EDGE,0,,,44.5,,2030,93,,50.4,CLE
PLAYOFFS,,2,77.1,,73.5,,P100324_DT,DT,0,,,71.4,,2030,75,,60.5,CLE
PLAYOFFS,,2,58.5,,52.0,,CLE_DT_02,DT,0,,,53.8,,2030,64,,49.8,CLE
PLAYOFFS,,2,90.2,,74.2,,P100975_DT,DT,0,,,90.2,,2030,75,,82.7,CLE
PLAYOFFS,63.1,2,71.7,,65.2,,CIN_LB_02,LB,0,,,61.1,,2030,84,,72.3,CLE
PLAYOFFS,69.3,2,69.8,,63.6,,CLE_LB_02,LB,0,,,87.8,,2030,89,,80.6,CLE
PLAYOFFS,72.7,2,68.4,,71.4,,NYJ_LB_02,LB,0,,,72.1,,2030,88,,79.5,CLE
PLAYOFFS,82.1,2,65.8,,,,P100700_CB,CB,0,,,79.4,,2030,95,,74.8,CLE
PLAYOFFS,45.2,2,59.2,,,,TEN_CB_07,CB,0,,,68.7,,2030,103,,48.7,CLE
PLAYOFFS,65.6,2,52.5,,,,P100729_CB,CB,0,,,51.0,,2030,102,,35.2,CLE
PLAYOFFS,44.8,2,42.3,,,,NE_CB_02,CB,0,,,50.5,,2030,94,,55.2,CLE
PLAYOFFS,68.2,2,75.7,,,,P100142_S,S,0,,,87.9,,2030,108,,85.0,CLE
PLAYOFFS,66.8,2,71.7,,,,LAR_S_01,S,0,,,66.1,,2030,108,,77.3,CLE
PLAYOFFS,61.9,2,66.2,,,,SF_S_07,S,0,,,73.3,,2030,93,,67.6,CLE
PLAYOFFS,,2,56.4,,,,CLE_K_01,K,0,,,,,2030,12,56.8,,CLE
PLAYOFFS,,2,57.2,,,,TEN_P_01,P,0,,,,,2030,10,48.1,,CLE
PLAYOFFS,,2,89.3,,,76.6,DEN_QB_01,QB,0,,,,78.5,2030,130,,,DEN
PLAYOFFS,,2,61.5,59.4,,,DET_RB_02,RB,0,72.2,,,66.1,2030,81,,,DEN
PLAYOFFS,,2,74.9,,,,CAR_WR_06,WR,0,86.1,78.3,,,2030,92,,,DEN
PLAYOFFS,,2,73.8,,,,ATL_WR_06,WR,0,52.5,70.1,,,2030,79,,,DEN
PLAYOFFS,,2,57.0,,,,PIT_WR_07,WR,0,52.8,52.4,,,2030,79,,,DEN
PLAYOFFS,,2,52.9,,,,LAR_WR_06,WR,0,60.9,42.8,,,2030,87,,,DEN
PLAYOFFS,,2,57.6,42.6,,,SF_TE_01,TE,0,65.1,80.4,,,2030,77,,,DEN
PLAYOFFS,,2,51.7,62.2,,,LAR_TE_02,TE,0,42.1,52.8,,,2030,76,,,DEN
PLAYOFFS,,2,85.7,71.9,,,DAL_OT_02,OT,0,,68.5,,,2030,145,,,DEN
PLAYOFFS,,2,76.3,78.0,,,GB_OT_01,OT,0,,58.9,,,2030,127,,,DEN
PLAYOFFS,,2,64.8,69.5,,,JAX_OG_01,OG,0,,65.8,,,2030,139,,,DEN
PLAYOFFS,,2,41.5,50.1,,,DEN_OG_01,OG,0,,54.9,,,2030,143,,,DEN
PLAYOFFS,,2,70.6,71.4,,,LV_C_01,C,0,,66.3,,,2030,134,,,DEN
PLAYOFFS,,2,67.9,,52.1,,SEA_EDGE_02,EDGE,0,,,71.6,,2030,96,,59.1,DEN
PLAYOFFS,,2,57.0,,68.2,,LV_EDGE_01,EDGE,0,,,48.4,,2030,77,,58.0,DEN
PLAYOFFS,,2,77.3,,67.6,,NYG_EDGE_02,EDGE,0,,,76.9,,2030,87,,58.0,DEN
PLAYOFFS,,2,53.5,,74.0,,P100114_EDGE,EDGE,0,,,56.4,,2030,88,,51.0,DEN
PLAYOFFS,,2,51.8,,36.3,,P100826_DT,DT,0,,,54.5,,2030,81,,53.0,DEN
PLAYOFFS,,2,64.7,,48.7,,P100820_DT,DT,0,,,56.4,,2030,75,,64.8,DEN
PLAYOFFS,,2,86.3,,82.7,,P101141_DT,DT,0,,,77.8,,2030,83,,62.5,DEN
PLAYOFFS,64.3,2,67.9,,61.7,,LV_LB_01,LB,0,,,60.6,,2030,87,,75.9,DEN
PLAYOFFS,89.1,2,76.0,,61.8,,TB_LB_01,LB,0,,,63.7,,2030,82,,77.0,DEN
PLAYOFFS,52.9,2,82.0,,56.3,,DET_LB_06,LB,0,,,73.5,,2030,88,,69.2,DEN
PLAYOFFS,65.7,2,67.4,,,,DEN_CB_03,CB,0,,,63.3,,2030,103,,63.5,DEN
PLAYOFFS,56.7,2,57.7,,,,P100366_CB,CB,0,,,66.3,,2030,93,,53.8,DEN
PLAYOFFS,63.7,2,73.2,,,,NO_CB_02,CB,0,,,67.9,,2030,102,,61.0,DEN
PLAYOFFS,73.1,2,60.3,,,,NYG_CB_01,CB,0,,,54.5,,2030,102,,82.0,DEN
PLAYOFFS,57.3,2,56.7,,,,BUF_S_02,S,0,,,40.8,,2030,111,,56.1,DEN
PLAYOFFS,37.3,2,38.3,,,,ARI_S_02,S,0,,,40.2,,2030,101,,33.1,DEN
PLAYOFFS,,2,80.3,,,,NYJ_K_01,K,0,,,,,2030,12,75.8,,DEN
PLAYOFFS,,2,63.8,,,,P100081_P,P,0,,,,,2030,10,61.9,,DEN
PLAYOFFS,,1,87.6,,,66.1,GB_QB_01,QB,0,,,,73.2,2030,63,,,GB
PLAYOFFS,,1,59.4,71.6,,,CHI_RB_03,RB,0,62.5,,,64.3,2030,30,,,GB
PLAYOFFS,,1,77.8,88.7,,,P100831_RB,RB,0,64.0,,,79.5,2030,18,,,GB
PLAYOFFS,,1,70.7,68.6,,,P100790_RB,RB,0,80.3,,,57.3,2030,14,,,GB
PLAYOFFS,,1,85.8,,,,NYJ_WR_02,WR,0,95.2,94.3,,,2030,45,,,GB
PLAYOFFS,,1,78.8,,,,LV_WR_01,WR,0,75.7,90.9,,,2030,37,,,GB
PLAYOFFS,,1,67.7,,,,P100331_WR,WR,0,68.3,94.4,,,2030,42,,,GB
PLAYOFFS,,1,35.5,,,,FA_WR_005,WR,0,46.3,49.7,,,2030,38,,,GB
PLAYOFFS,,1,57.1,43.4,,,CAR_TE_01,TE,0,68.5,43.0,,,2030,38,,,GB
PLAYOFFS,,1,39.0,49.4,,,PHI_TE_06,TE,0,7.1,66.5,,,2030,36,,,GB
PLAYOFFS,,1,69.4,57.7,,,DAL_OT_01,OT,0,,54.1,,,2030,72,,,GB
PLAYOFFS,,1,91.3,89.0,,,P100507_OT,OT,0,,88.7,,,2030,65,,,GB
PLAYOFFS,,1,50.0,56.9,,,JAX_OG_02,OG,0,,31.9,,,2030,58,,,GB
PLAYOFFS,,1,81.1,62.9,,,NE_OG_01,OG,0,,67.9,,,2030,59,,,GB
PLAYOFFS,,1,61.1,71.5,,,GB_C_02,C,0,,61.5,,,2030,64,,,GB
PLAYOFFS,,1,77.7,,57.3,,P100882_EDGE,EDGE,0,,,77.3,,2030,47,,58.2,GB
PLAYOFFS,,1,59.6,,47.8,,ATL_EDGE_07,EDGE,0,,,67.5,,2030,47,,55.6,GB
PLAYOFFS,,1,68.8,,54.6,,FA_EDGE_182,EDGE,0,,,62.2,,2030,40,,61.4,GB
PLAYOFFS,,1,72.5,,68.9,,P100797_EDGE,EDGE,0,,,63.0,,2030,37,,43.5,GB
PLAYOFFS,,1,63.9,,49.4,,GB_DT_01,DT,0,,,71.8,,2030,32,,61.5,GB
PLAYOFFS,73.2,1,54.2,,62.4,,LAR_LB_01,LB,0,,,76.2,,2030,51,,35.2,GB
PLAYOFFS,53.8,1,70.2,,54.4,,P100185_LB,LB,0,,,70.5,,2030,44,,63.1,GB
PLAYOFFS,57.8,1,90.5,,,,P100131_CB,CB,0,,,99.9,,2030,46,,89.9,GB
PLAYOFFS,59.1,1,44.9,,,,SEA_CB_04,CB,0,,,51.5,,2030,52,,59.6,GB
PLAYOFFS,45.1,1,9.8,,,,P100180_CB,CB,0,,,5.4,,2030,44,,29.3,GB
PLAYOFFS,81.3,1,81.3,,,,P101140_S,S,0,,,67.3,,2030,44,,80.9,GB
PLAYOFFS,63.8,1,79.4,,,,P101036_S,S,0,,,68.7,,2030,48,,82.1,GB
PLAYOFFS,55.0,1,57.2,,,,P101093_S,S,0,,,66.0,,2030,51,,28.8,GB
PLAYOFFS,,1,82.9,,,,P100052_K,K,0,,,,,2030,6,71.9,,GB
PLAYOFFS,,1,65.2,,,,BAL_P_01,P,0,,,,,2030,5,52.9,,GB
PLAYOFFS,,3,80.0,,,71.4,ATL_QB_01,QB,0,,,,71.6,2030,202,,,ATL
PLAYOFFS,,3,52.8,52.3,,,P100600_RB,RB,0,52.5,,,55.2,2030,92,,,ATL
PLAYOFFS,,3,44.7,61.4,,,P100382_RB,RB,0,48.1,,,52.2,2030,61,,,ATL
PLAYOFFS,,3,61.9,57.6,,,P100168_RB,RB,0,69.3,,,56.1,2030,49,,,ATL
PLAYOFFS,,3,70.9,,,,NE_WR_02,WR,0,73.3,78.0,,,2030,127,,,ATL
PLAYOFFS,,3,72.9,,,,CLE_WR_04,WR,0,74.6,77.2,,,2030,138,,,ATL
PLAYOFFS,,3,68.7,,,,GB_WR_06,WR,0,77.3,74.5,,,2030,136,,,ATL
PLAYOFFS,,3,60.3,,,,P100218_WR,WR,0,61.6,78.2,,,2030,125,,,ATL
PLAYOFFS,,3,55.0,53.8,,,ATL_TE_01,TE,0,64.9,62.5,,,2030,119,,,ATL
PLAYOFFS,,3,59.6,59.0,,,HOU_OT_02,OT,0,,53.1,,,2030,193,,,ATL
PLAYOFFS,,3,49.8,55.6,,,P100872_OT,OT,0,,49.8,,,2030,190,,,ATL
PLAYOFFS,,3,76.6,84.5,,,DAL_OG_02,OG,0,,74.3,,,2030,198,,,ATL
PLAYOFFS,,3,49.3,52.9,,,ATL_OG_04,OG,0,,49.2,,,2030,186,,,ATL
PLAYOFFS,,3,73.1,74.1,,,ATL_C_01,C,0,,77.4,,,2030,189,,,ATL
PLAYOFFS,,3,77.2,,82.5,,DET_EDGE_02,EDGE,0,,,58.9,,2030,126,,59.8,ATL
PLAYOFFS,,3,74.9,,59.7,,P101083_EDGE,EDGE,0,,,69.9,,2030,126,,79.5,ATL
PLAYOFFS,,3,75.9,,73.3,,DAL_EDGE_05,EDGE,0,,,75.8,,2030,118,,63.3,ATL
PLAYOFFS,,3,55.5,,61.3,,NYJ_EDGE_06,EDGE,0,,,64.2,,2030,120,,51.8,ATL
PLAYOFFS,,3,91.5,,85.6,,ATL_DT_01,DT,0,,,82.0,,2030,117,,89.2,ATL
PLAYOFFS,,3,64.3,,58.5,,CAR_DT_02,DT,0,,,59.8,,2030,96,,67.0,ATL
PLAYOFFS,,3,79.9,,73.4,,PIT_DT_02,DT,0,,,79.6,,2030,122,,83.6,ATL
PLAYOFFS,56.0,3,56.3,,52.2,,P101107_LB,LB,0,,,50.8,,2030,120,,55.0,ATL
PLAYOFFS,88.8,3,75.0,,61.7,,IND_LB_01,LB,0,,,75.1,,2030,129,,63.9,ATL
PLAYOFFS,54.1,3,60.1,,50.6,,P100980_LB,LB,0,,,60.0,,2030,137,,45.4,ATL
PLAYOFFS,56.3,3,60.5,,,,P100681_CB,CB,0,,,86.4,,2030,149,,54.3,ATL
PLAYOFFS,89.5,3,89.9,,,,P100406_CB,CB,0,,,82.8,,2030,154,,87.1,ATL
PLAYOFFS,62.8,3,61.3,,,,BUF_S_03,S,0,,,59.2,,2030,154,,62.4,ATL
PLAYOFFS,63.5,3,61.7,,,,ATL_S_03,S,0,,,70.5,,2030,149,,60.8,ATL
PLAYOFFS,56.7,3,65.3,,,,HOU_S_03,S,0,,,69.3,,2030,155,,57.5,ATL
PLAYOFFS,,3,53.8,,,,ATL_K_01,K,0,,,,,2030,18,48.3,,ATL
PLAYOFFS,,3,67.4,,,,CAR_P_01,P,0,,,,,2030,15,75.4,,ATL
PLAYOFFS,,1,70.6,,,58.3,PIT_QB_01,QB,0,,,,67.2,2030,63,,,CAR
PLAYOFFS,,1,64.1,60.2,,,ARI_RB_02,RB,0,67.2,,,57.9,2030,29,,,CAR
PLAYOFFS,,1,49.2,80.3,,,P100856_RB,RB,0,47.9,,,66.1,2030,21,,,CAR
PLAYOFFS,,1,94.5,,,,CAR_WR_03,WR,0,87.8,97.8,,,2030,36,,,CAR
PLAYOFFS,,1,52.2,,,,ARI_WR_02,WR,0,56.6,63.4,,,2030,50,,,CAR
PLAYOFFS,,1,67.8,,,,P100864_WR,WR,0,57.1,72.3,,,2030,39,,,CAR
PLAYOFFS,,1,2.0,,,,P100317_WR,WR,0,22.9,26.9,,,2030,42,,,CAR
PLAYOFFS,,1,72.6,75.1,,,P101098_TE,TE,0,75.1,52.0,,,2030,42,,,CAR
PLAYOFFS,,1,38.5,41.7,,,P100840_TE,TE,0,60.9,57.5,,,2030,37,,,CAR
PLAYOFFS,,1,50.5,53.6,,,NYJ_OT_01,OT,0,,60.0,,,2030,67,,,CAR
PLAYOFFS,,1,65.9,72.6,,,DET_OT_01,OT,0,,54.0,,,2030,64,,,CAR
PLAYOFFS,,1,82.0,53.8,,,WAS_OG_02,OG,0,,62.3,,,2030,69,,,CAR
PLAYOFFS,,1,67.2,67.8,,,P100013_OG,OG,0,,77.7,,,2030,61,,,CAR
PLAYOFFS,,1,82.0,80.6,,,LAC_C_01,C,0,,75.8,,,2030,76,,,CAR
PLAYOFFS,,1,51.4,,60.1,,KC_EDGE_01,EDGE,0,,,65.4,,2030,36,,55.1,CAR
PLAYOFFS,,1,62.8,,70.9,,CAR_EDGE_03,EDGE,0,,,73.0,,2030,49,,72.7,CAR
PLAYOFFS,,1,36.8,,49.2,,P100231_EDGE,EDGE,0,,,25.9,,2030,40,,52.8,CAR
PLAYOFFS,,1,31.3,,26.7,,CIN_EDGE_03,EDGE,0,,,38.8,,2030,43,,42.6,CAR
PLAYOFFS,,1,69.0,,74.3,,P100482_DT,DT,0,,,75.5,,2030,39,,47.4,CAR
PLAYOFFS,,1,30.6,,34.8,,P100369_DT,DT,0,,,40.9,,2030,41,,44.0,CAR
PLAYOFFS,,1,55.7,,41.2,,CIN_DT_03,DT,0,,,75.8,,2030,35,,32.9,CAR
PLAYOFFS,75.9,1,69.6,,82.3,,NE_LB_01,LB,0,,,77.2,,2030,53,,49.5,CAR
PLAYOFFS,95.2,1,81.5,,77.1,,P100176_LB,LB,0,,,87.8,,2030,40,,93.9,CAR
PLAYOFFS,73.8,1,92.8,,67.1,,GB_LB_02,LB,0,,,75.8,,2030,45,,90.6,CAR
PLAYOFFS,60.2,1,64.2,,,,DAL_CB_03,CB,0,,,76.2,,2030,41,,70.8,CAR
PLAYOFFS,67.6,1,80.1,,,,SF_CB_03,CB,0,,,69.0,,2030,51,,49.1,CAR
PLAYOFFS,68.8,1,70.3,,,,TB_CB_03,CB,0,,,64.7,,2030,48,,46.6,CAR
PLAYOFFS,61.4,1,49.9,,,,P100723_CB,CB,0,,,37.3,,2030,45,,39.1,CAR
PLAYOFFS,83.1,1,96.6,,,,DET_S_02,S,0,,,73.6,,2030,48,,87.4,CAR
PLAYOFFS,86.5,1,78.1,,,,P100283_S,S,0,,,71.4,,2030,53,,58.2,CAR
PLAYOFFS,42.2,1,48.4,,,,MIA_S_02,S,0,,,40.3,,2030,50,,48.5,CAR
PLAYOFFS,,1,65.1,,,,LAR_K_01,K,0,,,,,2030,6,87.0,,CAR
PLAYOFFS,,1,57.6,,,,NYJ_P_01,P,0,,,,,2030,5,55.0,,CAR
PLAYOFFS,,2,87.8,,,90.2,CAR_QB_01,QB,0,,,,84.4,2030,121,,,ARI
PLAYOFFS,,2,71.3,46.9,,,P100464_RB,RB,0,68.4,,,64.4,2030,81,,,ARI
PLAYOFFS,,2,64.7,,,,P100447_WR,WR,0,60.7,67.7,,,2030,82,,,ARI
PLAYOFFS,,2,59.4,,,,P100165_WR,WR,0,63.7,68.2,,,2030,97,,,ARI
PLAYOFFS,,2,50.5,,,,NYJ_WR_08,WR,0,47.4,60.2,,,2030,83,,,ARI
PLAYOFFS,,2,66.5,,,,ARI_WR_08,WR,0,61.8,73.9,,,2030,98,,,ARI
PLAYOFFS,,2,62.2,73.4,,,DET_TE_03,TE,0,64.1,76.1,,,2030,79,,,ARI
PLAYOFFS,,2,57.0,64.5,,,P100629_TE,TE,0,63.8,30.6,,,2030,77,,,ARI
PLAYOFFS,,2,73.7,86.5,,,JAX_OT_01,OT,0,,74.8,,,2030,127,,,ARI
PLAYOFFS,,2,75.5,67.2,,,DET_OT_02,OT,0,,57.2,,,2030,127,,,ARI
PLAYOFFS,,2,73.8,74.2,,,ARI_OG_01,OG,0,,65.6,,,2030,141,,,ARI
PLAYOFFS,,2,79.2,79.3,,,LAC_OG_01,OG,0,,67.5,,,2030,128,,,ARI
PLAYOFFS,,2,86.1,88.0,,,ARI_C_01,C,0,,86.7,,,2030,126,,,ARI
PLAYOFFS,,2,92.0,,87.7,,P100707_EDGE,EDGE,0,,,92.8,,2030,90,,85.1,ARI
PLAYOFFS,,2,43.1,,37.4,,P100478_EDGE,EDGE,0,,,47.9,,2030,98,,60.4,ARI
PLAYOFFS,,2,53.1,,48.3,,P100561_EDGE,EDGE,0,,,69.2,,2030,91,,65.1,ARI
PLAYOFFS,,2,30.3,,33.4,,P100562_EDGE,EDGE,0,,,25.2,,2030,86,,32.3,ARI
PLAYOFFS,,2,80.6,,79.9,,ARI_DT_01,DT,0,,,76.5,,2030,78,,87.6,ARI
PLAYOFFS,,2,68.1,,73.0,,DET_DT_05,DT,0,,,62.8,,2030,97,,60.6,ARI
PLAYOFFS,,2,44.1,,36.4,,DAL_DT_04,DT,0,,,30.4,,2030,61,,48.5,ARI
PLAYOFFS,59.6,2,72.0,,70.5,,P101195_LB,LB,0,,,56.9,,2030,90,,61.6,ARI
PLAYOFFS,62.9,2,57.8,,68.5,,P101113_LB,LB,0,,,75.0,,2030,90,,62.7,ARI
PLAYOFFS,48.7,2,59.8,,57.7,,P100978_LB,LB,0,,,40.2,,2030,87,,76.1,ARI
PLAYOFFS,63.2,2,67.3,,,,CAR_CB_01,CB,0,,,75.5,,2030,100,,75.8,ARI
PLAYOFFS,73.9,2,76.0,,,,LAR_CB_01,CB,0,,,76.2,,2030,102,,73.4,ARI
PLAYOFFS,79.6,2,78.1,,,,PIT_CB_05,CB,0,,,76.0,,2030,103,,64.9,ARI
PLAYOFFS,47.3,2,59.7,,,,P100393_CB,CB,0,,,48.3,,2030,106,,55.0,ARI
PLAYOFFS,61.8,2,76.7,,,,ARI_S_01,S,0,,,69.1,,2030,109,,64.5,ARI
PLAYOFFS,81.4,2,79.6,,,,P100116_S,S,0,,,71.3,,2030,105,,72.2,ARI
PLAYOFFS,,2,49.7,,,,SEA_K_01,K,0,,,,,2030,12,71.1,,ARI
PLAYOFFS,,2,57.1,,,,MIA_P_01,P,0,,,,,2030,10,61.5,,ARI
PLAYOFFS,,1,62.3,,,55.1,P100948_QB,QB,0,,,,72.9,2030,65,,,DAL
PLAYOFFS,,1,82.5,66.1,,,KC_RB_03,RB,0,65.9,,,44.4,2030,27,,,DAL
PLAYOFFS,,1,50.6,56.8,,,TEN_RB_04,RB,0,37.8,,,66.4,2030,25,,,DAL
PLAYOFFS,,1,88.4,,,,CHI_WR_01,WR,0,99.2,63.6,,,2030,45,,,DAL
PLAYOFFS,,1,67.1,,,,DAL_WR_02,WR,0,88.2,84.1,,,2030,41,,,DAL
PLAYOFFS,,1,99.9,,,,P100431_WR,WR,0,92.6,96.0,,,2030,45,,,DAL
PLAYOFFS,,1,88.7,,,,P100993_WR,WR,0,79.0,61.1,,,2030,42,,,DAL
PLAYOFFS,,1,88.0,96.6,,,MIN_TE_01,TE,0,98.0,79.5,,,2030,41,,,DAL
PLAYOFFS,,1,42.7,73.2,,,P100050_TE,TE,0,40.8,52.9,,,2030,35,,,DAL
PLAYOFFS,,1,49.3,61.7,,,DAL_OT_04,OT,0,,62.1,,,2030,64,,,DAL
PLAYOFFS,,1,73.9,65.7,,,TB_OT_04,OT,0,,64.4,,,2030,64,,,DAL
PLAYOFFS,,1,69.9,74.0,,,PHI_OG_01,OG,0,,71.2,,,2030,59,,,DAL
PLAYOFFS,,1,39.1,69.1,,,P101127_OG,OG,0,,36.4,,,2030,66,,,DAL
PLAYOFFS,,1,83.4,91.6,,,DAL_C_01,C,0,,74.5,,,2030,63,,,DAL
PLAYOFFS,,1,57.6,,46.7,,P100279_EDGE,EDGE,0,,,65.7,,2030,49,,74.2,DAL
PLAYOFFS,,1,87.0,,83.5,,DEN_EDGE_02,EDGE,0,,,61.2,,2030,44,,41.6,DAL
PLAYOFFS,,1,70.6,,75.0,,DAL_EDGE_03,EDGE,0,,,83.0,,2030,45,,90.9,DAL
PLAYOFFS,,1,31.8,,41.2,,P100610_EDGE,EDGE,0,,,25.5,,2030,37,,33.8,DAL
PLAYOFFS,,1,66.1,,76.3,,GB_DT_02,DT,0,,,39.9,,2030,39,,74.0,DAL
PLAYOFFS,,1,69.2,,90.2,,NYJ_DT_03,DT,0,,,60.9,,2030,30,,81.5,DAL
PLAYOFFS,,1,53.3,,31.6,,P100033_DT,DT,0,,,47.8,,2030,42,,53.1,DAL
PLAYOFFS,81.2,1,63.7,,68.1,,PHI_LB_02,LB,0,,,60.8,,2030,45,,70.5,DAL
PLAYOFFS,39.2,1,60.6,,69.6,,P100489_LB,LB,0,,,68.0,,2030,40,,69.3,DAL
PLAYOFFS,59.3,1,57.6,,70.1,,CLE_LB_01,LB,0,,,57.5,,2030,41,,61.7,DAL
PLAYOFFS,46.6,1,87.0,,,,LV_CB_01,CB,0,,,94.0,,2030,50,,70.0,DAL
PLAYOFFS,77.8,1,83.1,,,,GB_CB_04,CB,0,,,80.6,,2030,52,,65.3,DAL
PLAYOFFS,53.3,1,58.4,,,,P100550_CB,CB,0,,,67.2,,2030,48,,68.4,DAL
PLAYOFFS,56.3,1,80.1,,,,P101111_CB,CB,0,,,67.6,,2030,51,,51.5,DAL
PLAYOFFS,74.1,1,67.8,,,,P100057_S,S,0,,,42.7,,2030,53,,84.0,DAL
PLAYOFFS,70.2,1,89.1,,,,P100210_S,S,0,,,93.9,,2030,50,,83.5,DAL
PLAYOFFS,33.1,1,37.0,,,,P100859_S,S,0,,,59.2,,2030,46,,65.7,DAL
PLAYOFFS,,1,84.5,,,,NE_K_01,K,0,,,,,2030,6,72.4,,DAL
PLAYOFFS,,1,38.5,,,,TB_P_02,P,0,,,,,2030,5,31.3,,DAL
PLAYOFFS,,4,80.3,,,75.5,LAR_QB_01,QB,0,,,,84.2,2030,253,,,LAR
PLAYOFFS,,4,79.5,70.1,,,CIN_RB_01,RB,0,79.0,,,74.5,2030,167,,,LAR
PLAYOFFS,,4,86.7,,,,IND_WR_02,WR,0,69.4,85.8,,,2030,162,,,LAR
PLAYOFFS,,4,57.2,,,,NYG_WR_09,WR,0,70.8,54.4,,,2030,164,,,LAR
PLAYOFFS,,4,60.7,,,,FA_WR_049,WR,0,61.3,57.4,,,2030,174,,,LAR
PLAYOFFS,,4,51.4,,,,P101043_WR,WR,0,61.0,48.3,,,2030,169,,,LAR
PLAYOFFS,,4,76.9,80.7,,,LV_TE_01,TE,0,68.3,77.5,,,2030,165,,,LAR
PLAYOFFS,,4,82.8,79.1,,,LAR_OT_01,OT,0,,73.0,,,2030,263,,,LAR
PLAYOFFS,,4,53.9,55.3,,,PHI_OT_01,OT,0,,64.9,,,2030,255,,,LAR
PLAYOFFS,,4,70.6,59.4,,,LAR_OG_01,OG,0,,60.7,,,2030,255,,,LAR
PLAYOFFS,,4,68.0,67.9,,,P101197_OG,OG,0,,58.2,,,2030,279,,,LAR
PLAYOFFS,,4,62.2,61.9,,,KC_C_02,C,0,,51.8,,,2030,269,,,LAR
PLAYOFFS,,4,51.0,,60.0,,LAC_EDGE_01,EDGE,0,,,53.0,,2030,177,,53.6,LAR
PLAYOFFS,,4,73.8,,68.0,,TEN_EDGE_01,EDGE,0,,,62.9,,2030,175,,68.6,LAR
PLAYOFFS,,4,54.4,,56.9,,SF_EDGE_03,EDGE,0,,,65.3,,2030,177,,48.6,LAR
PLAYOFFS,,4,69.4,,63.6,,CLE_EDGE_03,EDGE,0,,,53.5,,2030,171,,71.5,LAR
PLAYOFFS,,4,75.3,,75.4,,P101200_DT,DT,0,,,63.6,,2030,142,,79.3,LAR
PLAYOFFS,,4,73.4,,77.1,,LV_DT_01,DT,0,,,59.3,,2030,153,,67.2,LAR
PLAYOFFS,,4,57.8,,62.4,,SF_DT_04,DT,0,,,61.5,,2030,146,,61.5,LAR
PLAYOFFS,76.0,4,76.2,,62.4,,P100545_LB,LB,0,,,74.6,,2030,195,,81.6,LAR
PLAYOFFS,67.4,4,65.1,,64.8,,P100696_LB,LB,0,,,60.6,,2030,191,,54.5,LAR
PLAYOFFS,76.5,4,75.6,,78.1,,KC_LB_01,LB,0,,,67.1,,2030,177,,65.5,LAR
PLAYOFFS,74.5,4,73.0,,,,P100417_CB,CB,0,,,72.9,,2030,205,,58.4,LAR
PLAYOFFS,65.7,4,56.1,,,,JAX_CB_05,CB,0,,,60.2,,2030,200,,53.2,LAR
PLAYOFFS,73.3,4,76.4,,,,LAC_CB_08,CB,0,,,66.2,,2030,200,,62.3,LAR
PLAYOFFS,68.0,4,63.8,,,,NO_CB_07,CB,0,,,58.7,,2030,195,,58.3,LAR
PLAYOFFS,56.9,4,60.3,,,,DET_S_01,S,0,,,58.2,,2030,196,,65.4,LAR
PLAYOFFS,63.1,4,59.0,,,,LAR_S_04,S,0,,,60.6,,2030,207,,66.0,LAR
PLAYOFFS,57.9,4,54.8,,,,P100676_S,S,0,,,63.5,,2030,203,,52.9,LAR
PLAYOFFS,,4,72.1,,,,DAL_K_01,K,0,,,,,2030,24,74.6,,LAR
PLAYOFFS,,4,70.4,,,,DAL_P_01,P,0,,,,,2030,20,68.2,,LAR
PLAYOFFS,,1,53.0,,,69.1,ARI_QB_01,QB,0,,,,31.2,2030,61,,,SF
PLAYOFFS,,1,78.2,56.3,,,PHI_RB_01,RB,0,54.3,,,54.6,2030,38,,,SF
PLAYOFFS,,1,77.5,,,,P100995_WR,WR,0,89.4,49.3,,,2030,44,,,SF
PLAYOFFS,,1,66.6,,,,SEA_WR_02,WR,0,63.7,41.1,,,2030,43,,,SF
PLAYOFFS,,1,83.7,,,,SEA_WR_01,WR,0,85.3,99.8,,,2030,48,,,SF
PLAYOFFS,,1,57.8,,,,P100399_WR,WR,0,70.1,71.7,,,2030,45,,,SF
PLAYOFFS,,1,51.8,24.0,,,TEN_TE_01,TE,0,50.0,52.7,,,2030,36,,,SF
PLAYOFFS,,1,51.3,45.3,,,TB_TE_01,TE,0,62.9,72.8,,,2030,36,,,SF
PLAYOFFS,,1,66.0,64.7,,,SF_OT_01,OT,0,,56.4,,,2030,63,,,SF
PLAYOFFS,,1,76.3,75.4,,,SF_OT_02,OT,0,,81.7,,,2030,75,,,SF
PLAYOFFS,,1,63.8,63.1,,,KC_OG_02,OG,0,,86.4,,,2030,62,,,SF
PLAYOFFS,,1,55.2,70.2,,,PIT_OG_04,OG,0,,40.7,,,2030,65,,,SF
PLAYOFFS,,1,54.7,58.7,,,LAR_C_01,C,0,,45.5,,,2030,65,,,SF
PLAYOFFS,,1,78.8,,94.5,,CIN_EDGE_04,EDGE,0,,,99.9,,2030,47,,68.5,SF
PLAYOFFS,,1,48.6,,53.3,,TEN_EDGE_04,EDGE,0,,,45.7,,2030,38,,50.5,SF
PLAYOFFS,,1,62.5,,67.0,,P100719_EDGE,EDGE,0,,,87.9,,2030,44,,45.8,SF
PLAYOFFS,,1,78.1,,71.7,,HOU_EDGE_02,EDGE,0,,,94.2,,2030,43,,77.5,SF
PLAYOFFS,,1,76.6,,82.5,,CHI_DT_02,DT,0,,,84.4,,2030,42,,68.6,SF
PLAYOFFS,,1,69.3,,62.2,,NYG_DT_04,DT,0,,,38.2,,2030,37,,41.2,SF
PLAYOFFS,,1,63.9,,41.3,,LAR_DT_06,DT,0,,,67.2,,2030,43,,53.2,SF
PLAYOFFS,79.1,1,78.3,,80.1,,SF_LB_01,LB,0,,,72.0,,2030,42,,80.0,SF
PLAYOFFS,73.1,1,82.4,,81.3,,SF_LB_02,LB,0,,,87.3,,2030,49,,68.1,SF
PLAYOFFS,60.9,1,61.8,,61.0,,NYJ_LB_01,LB,0,,,58.9,,2030,48,,69.6,SF
PLAYOFFS,52.9,1,47.2,,,,MIN_CB_05,CB,0,,,41.9,,2030,47,,50.3,SF
PLAYOFFS,70.2,1,64.3,,,,IND_CB_02,CB,0,,,56.8,,2030,50,,73.3,SF
PLAYOFFS,52.5,1,69.2,,,,LAR_CB_05,CB,0,,,57.4,,2030,52,,73.2,SF
PLAYOFFS,92.3,1,83.2,,,,MIN_CB_04,CB,0,,,83.8,,2030,47,,99.9,SF
PLAYOFFS,68.7,1,88.0,,,,TB_S_02,S,0,,,86.3,,2030,56,,92.7,SF
PLAYOFFS,78.1,1,62.1,,,,NO_S_04,S,0,,,46.9,,2030,57,,72.2,SF
PLAYOFFS,70.3,1,56.9,,,,TEN_S_04,S,0,,,49.4,,2030,61,,61.0,SF
PLAYOFFS,,1,81.4,,,,P100794_K,K,0,,,,,2030,6,86.0,,SF
PLAYOFFS,,1,78.8,,,,WAS_P_01,P,0,,,,,2030,5,83.3,,SF
REGULAR_SEASON,,13,68.0,,,65.7,P100074_QB,QB,1,,,,67.5,2031,824,,,MIA
REGULAR_SEASON,,17,74.3,69.9,,,P101112_RB,RB,1,71.7,,,71.3,2031,523,,,MIA
REGULAR_SEASON,,17,71.9,71.2,,,P101091_RB,RB,1,73.6,,,73.6,2031,361,,,MIA
REGULAR_SEASON,,17,57.2,,,,PIT_WR_03,WR,1,61.1,54.1,,,2031,737,,,MIA
REGULAR_SEASON,,17,68.7,,,,DEN_WR_02,WR,1,65.9,64.4,,,2031,744,,,MIA
REGULAR_SEASON,,13,69.5,,,,TB_WR_02,WR,1,60.1,66.1,,,2031,567,,,MIA
REGULAR_SEASON,,17,71.9,,,,DAL_WR_08,WR,1,71.1,73.2,,,2031,754,,,MIA
REGULAR_SEASON,,16,72.7,65.8,,,MIA_TE_02,TE,1,72.0,65.8,,,2031,652,,,MIA
REGULAR_SEASON,,17,75.1,60.6,,,WAS_TE_01,TE,1,70.2,68.6,,,2031,655,,,MIA
REGULAR_SEASON,,17,75.7,75.3,,,P100684_OT,OT,1,,71.5,,,2031,1092,,,MIA
REGULAR_SEASON,,15,69.8,69.5,,,P100143_OT,OT,1,,62.4,,,2031,990,,,MIA
REGULAR_SEASON,,14,55.5,57.4,,,CLE_OG_03,OG,1,,53.7,,,2031,933,,,MIA
REGULAR_SEASON,,14,73.4,67.2,,,P101261_OG,OG,1,,70.0,,,2031,908,,,MIA
REGULAR_SEASON,,17,75.6,71.0,,,MIN_C_01,C,1,,66.1,,,2031,1122,,,MIA
REGULAR_SEASON,,17,76.1,,74.9,,SF_EDGE_02,EDGE,1,,,76.2,,2031,756,,73.3,MIA
REGULAR_SEASON,,17,67.8,,62.7,,NO_EDGE_03,EDGE,1,,,67.0,,2031,718,,66.7,MIA
REGULAR_SEASON,,17,69.9,,65.4,,BUF_DT_02,DT,1,,,70.1,,2031,645,,63.7,MIA
REGULAR_SEASON,,17,60.5,,56.3,,CIN_DT_02,DT,1,,,60.2,,2031,636,,60.6,MIA
REGULAR_SEASON,,15,69.7,,69.8,,P100091_DT,DT,1,,,70.4,,2031,569,,70.6,MIA
REGULAR_SEASON,75.6,17,80.4,,72.0,,CAR_LB_01,LB,1,,,76.9,,2031,774,,75.9,MIA
REGULAR_SEASON,68.4,17,70.3,,70.9,,NO_LB_01,LB,1,,,68.0,,2031,784,,68.7,MIA
REGULAR_SEASON,70.6,14,61.6,,60.1,,DET_LB_04,LB,1,,,67.4,,2031,651,,63.5,MIA
REGULAR_SEASON,91.5,15,95.4,,,,WAS_CB_02,CB,1,,,89.0,,2031,701,,90.0,MIA
REGULAR_SEASON,74.1,17,79.5,,,,NYJ_CB_03,CB,1,,,75.0,,2031,860,,77.7,MIA
REGULAR_SEASON,53.2,13,54.8,,,,P100703_CB,CB,1,,,58.4,,2031,651,,49.2,MIA
REGULAR_SEASON,71.1,17,79.1,,,,P100363_S,S,1,,,76.0,,2031,895,,72.3,MIA
REGULAR_SEASON,74.0,17,69.7,,,,P100210_S,S,1,,,67.7,,2031,905,,64.8,MIA
REGULAR_SEASON,69.3,17,75.7,,,,ATL_S_05,S,1,,,70.8,,2031,880,,72.2,MIA
REGULAR_SEASON,,17,71.3,,,,NE_K_01,K,1,,,,,2031,102,67.6,,MIA
REGULAR_SEASON,,17,64.6,,,,CIN_P_01,P,1,,,,,2031,85,61.7,,MIA
REGULAR_SEASON,,6,62.5,,,63.6,P101106_QB,QB,1,,,,57.1,2031,390,,,BUF
REGULAR_SEASON,,13,81.7,73.9,,,P101365_RB,RB,1,75.4,,,75.6,2031,405,,,BUF
REGULAR_SEASON,,7,73.8,61.5,,,P100237_RB,RB,0,64.8,,,66.1,2031,147,,,BUF
REGULAR_SEASON,,12,57.6,58.3,,,P100235_RB,RB,1,62.0,,,51.9,2031,208,,,BUF
REGULAR_SEASON,,17,78.8,,,,P100404_WR,WR,1,74.3,75.2,,,2031,754,,,BUF
REGULAR_SEASON,,17,84.5,,,,P100119_WR,WR,1,78.8,78.7,,,2031,745,,,BUF
REGULAR_SEASON,,17,68.1,,,,LAC_WR_07,WR,1,65.4,65.2,,,2031,726,,,BUF
REGULAR_SEASON,,17,67.7,,,,LV_WR_04,WR,1,64.7,69.6,,,2031,757,,,BUF
REGULAR_SEASON,,17,64.5,68.4,,,WAS_TE_02,TE,1,66.0,66.2,,,2031,695,,,BUF
REGULAR_SEASON,,3,49.4,54.9,,,P100926_TE,TE,0,44.1,57.1,,,2031,125,,,BUF
REGULAR_SEASON,,17,88.3,81.2,,,P100817_OT,OT,1,,83.3,,,2031,1114,,,BUF
REGULAR_SEASON,,17,78.3,77.9,,,BUF_OT_01,OT,1,,69.0,,,2031,1107,,,BUF
REGULAR_SEASON,,17,83.9,68.7,,,CAR_OG_01,OG,1,,73.2,,,2031,1132,,,BUF
REGULAR_SEASON,,14,77.8,74.7,,,SEA_OG_04,OG,1,,73.8,,,2031,928,,,BUF
REGULAR_SEASON,,17,82.1,79.3,,,BAL_C_01,C,1,,76.8,,,2031,1087,,,BUF
REGULAR_SEASON,,17,68.0,,63.0,,IND_EDGE_04,EDGE,1,,,69.4,,2031,734,,68.6,BUF
REGULAR_SEASON,,17,46.8,,53.3,,P100515_EDGE,EDGE,1,,,50.7,,2031,737,,54.6,BUF
REGULAR_SEASON,,17,59.0,,63.3,,P100565_EDGE,EDGE,1,,,56.0,,2031,749,,56.2,BUF
REGULAR_SEASON,,14,46.8,,50.8,,P101425_EDGE,EDGE,1,,,50.8,,2031,613,,48.0,BUF
REGULAR_SEASON,,10,47.9,,48.5,,P100812_DT,DT,1,,,51.6,,2031,361,,56.6,BUF
REGULAR_SEASON,,17,59.4,,58.3,,P100405_DT,DT,1,,,61.4,,2031,645,,59.9,BUF
REGULAR_SEASON,,8,72.2,,77.1,,P100716_DT,DT,1,,,71.1,,2031,309,,67.9,BUF
REGULAR_SEASON,59.3,15,69.5,,66.5,,PHI_LB_02,LB,1,,,77.2,,2031,689,,69.9,BUF
REGULAR_SEASON,53.1,15,54.2,,56.8,,P101500_LB,LB,1,,,63.2,,2031,647,,54.0,BUF
REGULAR_SEASON,76.8,15,81.9,,,,P101410_CB,CB,1,,,75.4,,2031,756,,76.7,BUF
REGULAR_SEASON,70.5,17,72.4,,,,P100190_CB,CB,1,,,70.5,,2031,856,,68.5,BUF
REGULAR_SEASON,57.6,12,56.3,,,,BUF_CB_02,CB,1,,,61.1,,2031,593,,55.6,BUF
REGULAR_SEASON,72.5,8,73.2,,,,P100956_CB,CB,1,,,70.4,,2031,405,,67.6,BUF
REGULAR_SEASON,64.6,17,68.5,,,,PIT_S_01,S,1,,,69.1,,2031,872,,69.0,BUF
REGULAR_SEASON,70.5,12,67.2,,,,P100881_S,S,1,,,64.7,,2031,632,,63.7,BUF
REGULAR_SEASON,,17,50.2,,,,P101156_K,K,1,,,,,2031,102,53.3,,BUF
REGULAR_SEASON,,17,70.7,,,,PHI_P_01,P,1,,,,,2031,85,72.4,,BUF
REGULAR_SEASON,,17,69.8,,,64.4,TB_QB_02,QB,1,,,,66.8,2031,1047,,,MIN
REGULAR_SEASON,,17,69.6,69.5,,,P101233_RB,RB,1,69.1,,,69.6,2031,520,,,MIN
REGULAR_SEASON,,17,69.0,62.1,,,P101350_RB,RB,1,63.5,,,66.5,2031,367,,,MIN
REGULAR_SEASON,,17,85.1,,,,MIN_WR_02,WR,1,75.5,81.0,,,2031,739,,,MIN
REGULAR_SEASON,,17,66.8,,,,P100722_WR,WR,1,66.3,63.5,,,2031,728,,,MIN
REGULAR_SEASON,,17,70.2,,,,MIA_WR_02,WR,1,70.6,64.0,,,2031,730,,,MIN
REGULAR_SEASON,,17,68.3,,,,MIN_WR_05,WR,1,73.0,66.8,,,2031,751,,,MIN
REGULAR_SEASON,,17,55.1,60.2,,,NE_TE_03,TE,1,53.0,53.0,,,2031,631,,,MIN
REGULAR_SEASON,,16,62.8,56.5,,,PHI_TE_03,TE,1,61.3,66.1,,,2031,654,,,MIN
REGULAR_SEASON,,17,70.7,71.5,,,MIA_OT_04,OT,1,,68.7,,,2031,1122,,,MIN
REGULAR_SEASON,,6,58.6,54.3,,,SF_OT_03,OT,0,,57.5,,,2031,416,,,MIN
REGULAR_SEASON,,17,65.0,63.7,,,CIN_OG_02,OG,1,,63.8,,,2031,1118,,,MIN
REGULAR_SEASON,,9,67.8,71.7,,,P100388_OG,OG,1,,62.6,,,2031,600,,,MIN
REGULAR_SEASON,,17,53.1,53.3,,,P100394_C,C,1,,53.5,,,2031,1082,,,MIN
REGULAR_SEASON,,17,70.6,,72.7,,GB_EDGE_03,EDGE,1,,,68.7,,2031,728,,67.6,MIN
REGULAR_SEASON,,10,69.3,,68.8,,P100814_EDGE,EDGE,1,,,64.0,,2031,438,,66.0,MIN
REGULAR_SEASON,,13,77.5,,75.3,,P100346_EDGE,EDGE,1,,,73.9,,2031,552,,79.3,MIN
REGULAR_SEASON,,3,54.1,,61.6,,P101307_EDGE,EDGE,0,,,62.3,,2031,143,,40.5,MIN
REGULAR_SEASON,,17,87.6,,80.1,,MIN_DT_01,DT,1,,,81.1,,2031,643,,79.1,MIN
REGULAR_SEASON,,17,75.5,,70.5,,MIN_DT_02,DT,1,,,76.5,,2031,645,,74.3,MIN
REGULAR_SEASON,,16,60.2,,63.1,,P101060_DT,DT,1,,,58.2,,2031,593,,65.4,MIN
REGULAR_SEASON,63.2,17,66.5,,66.7,,FA_LB_159,LB,1,,,66.6,,2031,794,,66.0,MIN
REGULAR_SEASON,68.1,16,69.2,,65.4,,BUF_LB_02,LB,1,,,69.6,,2031,721,,68.7,MIN
REGULAR_SEASON,69.6,8,65.5,,63.2,,MIN_LB_08,LB,1,,,67.7,,2031,368,,71.6,MIN
REGULAR_SEASON,86.7,17,93.7,,,,CAR_CB_01,CB,1,,,83.0,,2031,868,,84.6,MIN
REGULAR_SEASON,75.6,17,78.8,,,,SF_CB_03,CB,1,,,73.0,,2031,834,,72.1,MIN
REGULAR_SEASON,64.7,17,68.8,,,,MIN_CB_03,CB,1,,,67.4,,2031,839,,67.1,MIN
REGULAR_SEASON,88.9,1,77.6,,,,P101283_CB,CB,0,,,77.1,,2031,47,,63.4,MIN
REGULAR_SEASON,77.1,17,85.1,,,,TB_S_01,S,1,,,81.3,,2031,899,,81.7,MIN
REGULAR_SEASON,,17,66.3,,,,P101053_K,K,1,,,,,2031,102,66.6,,MIN
REGULAR_SEASON,,17,58.5,,,,DAL_P_01,P,1,,,,,2031,85,59.6,,MIN
REGULAR_SEASON,,17,78.7,,,73.5,KC_QB_01,QB,1,,,,73.9,2031,1049,,,DET
REGULAR_SEASON,,15,73.5,70.1,,,P100695_RB,RB,1,75.6,,,69.0,2031,441,,,DET
REGULAR_SEASON,,17,43.8,49.1,,,P100523_RB,RB,1,48.1,,,46.9,2031,357,,,DET
REGULAR_SEASON,,17,66.1,68.4,,,P101401_RB,RB,1,66.0,,,68.3,2031,263,,,DET
REGULAR_SEASON,,17,71.9,,,,P100022_WR,WR,1,73.3,68.4,,,2031,755,,,DET
REGULAR_SEASON,,17,58.3,,,,P100805_WR,WR,1,59.7,57.5,,,2031,738,,,DET
REGULAR_SEASON,,17,68.9,,,,P100516_WR,WR,1,72.8,73.7,,,2031,739,,,DET
REGULAR_SEASON,,16,70.2,67.4,,,DET_TE_02,TE,1,74.7,62.4,,,2031,645,,,DET
REGULAR_SEASON,,9,68.6,61.2,,,CHI_TE_02,TE,1,70.7,68.4,,,2031,353,,,DET
REGULAR_SEASON,,14,58.6,58.8,,,CIN_OT_03,OT,1,,59.6,,,2031,923,,,DET
REGULAR_SEASON,,17,63.6,68.3,,,PIT_OT_04,OT,1,,62.9,,,2031,1087,,,DET
REGULAR_SEASON,,17,69.1,67.2,,,P100339_OG,OG,1,,70.1,,,2031,1134,,,DET
REGULAR_SEASON,,17,50.5,60.1,,,SF_OG_05,OG,1,,56.8,,,2031,1133,,,DET
REGULAR_SEASON,,17,78.8,69.4,,,TEN_C_01,C,1,,75.8,,,2031,1089,,,DET
REGULAR_SEASON,,14,63.5,,63.3,,P100624_EDGE,EDGE,1,,,62.9,,2031,620,,70.5,DET
REGULAR_SEASON,,17,82.7,,77.0,,P100946_EDGE,EDGE,1,,,75.2,,2031,759,,74.9,DET
REGULAR_SEASON,,12,68.7,,62.9,,DET_EDGE_05,EDGE,1,,,66.7,,2031,533,,68.4,DET
REGULAR_SEASON,,15,64.2,,70.6,,P101193_EDGE,EDGE,1,,,62.0,,2031,693,,66.0,DET
REGULAR_SEASON,,13,70.2,,70.5,,MIA_DT_02,DT,1,,,65.5,,2031,489,,70.4,DET
REGULAR_SEASON,,15,59.3,,58.0,,DET_DT_03,DT,1,,,61.4,,2031,538,,56.2,DET
REGULAR_SEASON,,12,52.7,,55.2,,P101471_DT,DT,1,,,52.6,,2031,433,,52.7,DET
REGULAR_SEASON,77.2,17,84.5,,78.6,,P100233_LB,LB,1,,,74.2,,2031,785,,73.1,DET
REGULAR_SEASON,59.7,17,59.6,,60.2,,NE_LB_03,LB,1,,,62.5,,2031,747,,59.5,DET
REGULAR_SEASON,72.2,17,73.7,,72.0,,P101470_LB,LB,1,,,73.7,,2031,801,,75.4,DET
REGULAR_SEASON,67.8,16,68.9,,,,P100486_CB,CB,1,,,61.5,,2031,775,,74.2,DET
REGULAR_SEASON,66.1,15,69.6,,,,DET_CB_08,CB,1,,,66.0,,2031,752,,64.1,DET
REGULAR_SEASON,65.0,12,67.4,,,,P100967_CB,CB,1,,,67.3,,2031,584,,65.5,DET
REGULAR_SEASON,69.4,4,68.7,,,,P101181_CB,CB,0,,,60.5,,2031,208,,71.1,DET
REGULAR_SEASON,72.1,16,68.0,,,,DET_S_04,S,1,,,59.8,,2031,839,,73.3,DET
REGULAR_SEASON,54.1,15,54.3,,,,CLE_S_05,S,1,,,54.5,,2031,771,,56.6,DET
REGULAR_SEASON,55.1,17,53.2,,,,P100907_S,S,1,,,54.1,,2031,885,,56.0,DET
REGULAR_SEASON,,17,40.8,,,,WAS_K_01,K,1,,,,,2031,102,45.0,,DET
REGULAR_SEASON,,15,57.0,,,,P100761_P,P,1,,,,,2031,75,60.5,,DET
REGULAR_SEASON,,17,67.2,,,62.0,TEN_QB_02,QB,1,,,,66.1,2031,1107,,,NYG
REGULAR_SEASON,,17,65.6,59.6,,,P100534_RB,RB,1,66.0,,,63.1,2031,499,,,NYG
REGULAR_SEASON,,15,82.0,75.5,,,P100356_RB,RB,1,80.8,,,80.3,2031,291,,,NYG
REGULAR_SEASON,,3,62.1,65.6,,,P100334_RB,RB,0,55.9,,,54.0,2031,47,,,NYG
REGULAR_SEASON,,17,78.4,,,,DAL_WR_01,WR,1,75.1,73.7,,,2031,721,,,NYG
REGULAR_SEASON,,17,53.3,,,,DET_WR_04,WR,1,55.4,55.4,,,2031,728,,,NYG
REGULAR_SEASON,,16,65.1,,,,MIN_WR_04,WR,1,64.2,60.8,,,2031,720,,,NYG
REGULAR_SEASON,,17,65.5,,,,SF_WR_05,WR,1,64.2,64.7,,,2031,732,,,NYG
REGULAR_SEASON,,17,70.5,69.5,,,P100833_TE,TE,1,64.9,66.0,,,2031,645,,,NYG
REGULAR_SEASON,,17,78.6,75.7,,,NYJ_OT_01,OT,1,,77.6,,,2031,1129,,,NYG
REGULAR_SEASON,,14,63.6,61.9,,,ARI_OT_03,OT,1,,64.8,,,2031,903,,,NYG
REGULAR_SEASON,,13,77.0,71.9,,,NE_OG_01,OG,1,,77.5,,,2031,860,,,NYG
REGULAR_SEASON,,12,67.9,62.6,,,ARI_OG_01,OG,1,,54.8,,,2031,789,,,NYG
REGULAR_SEASON,,15,77.8,71.3,,,TB_C_01,C,1,,76.1,,,2031,988,,,NYG
REGULAR_SEASON,,14,84.5,,80.7,,PHI_EDGE_01,EDGE,1,,,83.4,,2031,586,,78.9,NYG
REGULAR_SEASON,,17,58.8,,56.8,,NE_EDGE_07,EDGE,1,,,61.4,,2031,741,,60.9,NYG
REGULAR_SEASON,,17,54.1,,54.3,,P101005_EDGE,EDGE,1,,,57.1,,2031,748,,58.2,NYG
REGULAR_SEASON,,17,62.0,,61.9,,P101010_EDGE,EDGE,1,,,64.2,,2031,734,,64.2,NYG
REGULAR_SEASON,,17,79.4,,76.0,,GB_DT_05,DT,1,,,74.1,,2031,625,,71.9,NYG
REGULAR_SEASON,,17,58.4,,60.4,,NE_DT_04,DT,1,,,58.6,,2031,623,,60.6,NYG
REGULAR_SEASON,,15,75.6,,76.3,,TEN_DT_06,DT,1,,,71.9,,2031,566,,71.6,NYG
REGULAR_SEASON,78.4,17,84.3,,79.2,,PIT_LB_02,LB,1,,,74.4,,2031,775,,77.0,NYG
REGULAR_SEASON,57.3,14,55.6,,61.6,,P100319_LB,LB,1,,,58.4,,2031,615,,55.2,NYG
REGULAR_SEASON,67.0,17,70.5,,66.5,,CHI_LB_04,LB,1,,,69.5,,2031,799,,65.3,NYG
REGULAR_SEASON,69.3,17,81.5,,,,P100731_CB,CB,1,,,76.4,,2031,802,,77.0,NYG
REGULAR_SEASON,68.6,17,71.0,,,,P100638_CB,CB,1,,,73.2,,2031,801,,67.9,NYG
REGULAR_SEASON,62.8,17,55.1,,,,P101194_CB,CB,1,,,58.6,,2031,794,,57.1,NYG
REGULAR_SEASON,57.2,17,56.3,,,,P100774_CB,CB,1,,,55.6,,2031,831,,56.2,NYG
REGULAR_SEASON,67.6,17,69.7,,,,CIN_S_01,S,1,,,68.2,,2031,868,,66.9,NYG
REGULAR_SEASON,51.1,17,49.9,,,,P101361_S,S,1,,,54.3,,2031,867,,51.1,NYG
REGULAR_SEASON,55.0,17,52.4,,,,P100065_S,S,1,,,55.8,,2031,877,,53.7,NYG
REGULAR_SEASON,,17,59.0,,,,P100306_K,K,1,,,,,2031,102,56.5,,NYG
REGULAR_SEASON,,14,87.4,,,,LAC_P_01,P,1,,,,,2031,70,88.3,,NYG
REGULAR_SEASON,,14,62.1,,,61.3,CIN_QB_03,QB,1,,,,59.9,2031,889,,,SEA
REGULAR_SEASON,,17,65.9,64.6,,,P101223_RB,RB,1,61.6,,,69.1,2031,485,,,SEA
REGULAR_SEASON,,17,50.5,51.9,,,P101008_RB,RB,1,54.3,,,54.2,2031,342,,,SEA
REGULAR_SEASON,,17,46.0,47.5,,,P101280_RB,RB,1,49.6,,,51.1,2031,275,,,SEA
REGULAR_SEASON,,15,68.7,,,,P100552_WR,WR,1,67.9,72.0,,,2031,649,,,SEA
REGULAR_SEASON,,17,74.2,,,,SF_WR_01,WR,1,69.5,71.3,,,2031,746,,,SEA
REGULAR_SEASON,,4,40.8,,,,P100384_WR,WR,0,42.6,50.2,,,2031,169,,,SEA
REGULAR_SEASON,,2,63.2,,,,P100955_WR,WR,0,55.3,56.5,,,2031,88,,,SEA
REGULAR_SEASON,,13,74.7,75.3,,,P100720_TE,TE,1,64.7,72.7,,,2031,516,,,SEA
REGULAR_SEASON,,17,70.7,63.8,,,P100692_TE,TE,1,66.8,71.5,,,2031,675,,,SEA
REGULAR_SEASON,,12,72.1,67.5,,,DEN_OT_02,OT,1,,72.5,,,2031,786,,,SEA
REGULAR_SEASON,,17,64.0,65.8,,,CAR_OT_04,OT,1,,60.8,,,2031,1123,,,SEA
REGULAR_SEASON,,17,68.4,62.0,,,SEA_OG_03,OG,1,,61.4,,,2031,1093,,,SEA
REGULAR_SEASON,,17,66.3,66.4,,,CIN_OG_03,OG,1,,69.7,,,2031,1128,,,SEA
REGULAR_SEASON,,17,62.1,62.4,,,P101286_C,C,1,,64.3,,,2031,1105,,,SEA
REGULAR_SEASON,,8,79.3,,77.2,,MIN_EDGE_02,EDGE,1,,,70.6,,2031,337,,73.0,SEA
REGULAR_SEASON,,12,76.9,,68.3,,P100191_EDGE,EDGE,1,,,73.7,,2031,507,,74.3,SEA
REGULAR_SEASON,,17,75.4,,71.5,,P100066_EDGE,EDGE,1,,,68.3,,2031,728,,73.1,SEA
REGULAR_SEASON,,10,65.5,,65.6,,BAL_EDGE_04,EDGE,1,,,65.9,,2031,427,,61.7,SEA
REGULAR_SEASON,,17,66.8,,64.4,,SEA_DT_02,DT,1,,,61.6,,2031,635,,65.8,SEA
REGULAR_SEASON,,14,83.9,,78.8,,CHI_DT_02,DT,1,,,77.4,,2031,530,,75.1,SEA
REGULAR_SEASON,,16,77.3,,70.9,,PHI_DT_01,DT,1,,,72.5,,2031,576,,75.8,SEA
REGULAR_SEASON,63.8,11,67.7,,60.2,,P100402_LB,LB,1,,,73.0,,2031,488,,63.4,SEA
REGULAR_SEASON,66.1,17,67.5,,,,P101099_CB,CB,1,,,65.6,,2031,852,,66.1,SEA
REGULAR_SEASON,78.9,17,80.3,,,,P101368_CB,CB,1,,,73.2,,2031,853,,79.1,SEA
REGULAR_SEASON,57.5,14,58.8,,,,CAR_CB_04,CB,1,,,62.9,,2031,695,,55.7,SEA
REGULAR_SEASON,73.9,17,66.3,,,,P101253_CB,CB,1,,,69.5,,2031,850,,61.3,SEA
REGULAR_SEASON,67.2,9,75.6,,,,SF_S_02,S,1,,,74.1,,2031,469,,70.2,SEA
REGULAR_SEASON,57.4,17,52.9,,,,P100410_S,S,1,,,59.5,,2031,874,,55.5,SEA
REGULAR_SEASON,,7,58.4,,,,CIN_K_01,K,1,,,,,2031,42,66.5,,SEA
REGULAR_SEASON,,16,75.2,,,79.0,ATL_QB_01,QB,1,,,,71.1,2031,1041,,,ATL
REGULAR_SEASON,,17,58.3,60.8,,,P100600_RB,RB,1,57.4,,,52.8,2031,506,,,ATL
REGULAR_SEASON,,17,57.4,52.2,,,P100382_RB,RB,1,56.2,,,62.1,2031,337,,,ATL
REGULAR_SEASON,,17,46.8,51.9,,,P100139_RB,RB,1,54.0,,,49.1,2031,238,,,ATL
REGULAR_SEASON,,17,90.1,,,,NE_WR_02,WR,1,79.2,83.5,,,2031,739,,,ATL
REGULAR_SEASON,,17,69.9,,,,P100218_WR,WR,1,65.5,66.6,,,2031,721,,,ATL
REGULAR_SEASON,,17,69.3,,,,NO_WR_01,WR,1,69.0,67.1,,,2031,771,,,ATL
REGULAR_SEASON,,17,48.9,,,,ATL_WR_07,WR,1,56.2,55.5,,,2031,765,,,ATL
REGULAR_SEASON,,17,73.1,71.0,,,ATL_TE_01,TE,1,65.1,75.4,,,2031,677,,,ATL
REGULAR_SEASON,,17,60.4,64.7,,,HOU_OT_02,OT,1,,62.0,,,2031,1129,,,ATL
REGULAR_SEASON,,14,72.7,74.0,,,P101378_OT,OT,1,,66.1,,,2031,940,,,ATL
REGULAR_SEASON,,12,71.6,66.9,,,SF_OG_04,OG,1,,72.6,,,2031,784,,,ATL
REGULAR_SEASON,,5,62.4,77.3,,,ATL_OG_04,OG,0,,69.2,,,2031,327,,,ATL
REGULAR_SEASON,,16,60.9,53.6,,,ATL_C_01,C,1,,58.8,,,2031,1075,,,ATL
REGULAR_SEASON,,17,56.1,,62.3,,P101256_EDGE,EDGE,1,,,50.7,,2031,734,,58.0,ATL
REGULAR_SEASON,,13,66.8,,64.3,,P101083_EDGE,EDGE,1,,,65.8,,2031,537,,66.2,ATL
REGULAR_SEASON,,16,64.0,,64.0,,DAL_EDGE_05,EDGE,1,,,67.1,,2031,719,,56.3,ATL
REGULAR_SEASON,,13,57.9,,62.3,,P100784_EDGE,EDGE,1,,,56.3,,2031,594,,62.3,ATL
REGULAR_SEASON,,14,72.5,,67.0,,ATL_DT_01,DT,1,,,63.4,,2031,512,,75.8,ATL
REGULAR_SEASON,,12,62.5,,58.1,,P100539_DT,DT,1,,,65.9,,2031,440,,58.8,ATL
REGULAR_SEASON,,14,68.6,,68.2,,SF_DT_04,DT,1,,,65.3,,2031,531,,64.9,ATL
REGULAR_SEASON,64.1,10,60.5,,64.7,,P101107_LB,LB,1,,,61.5,,2031,458,,57.3,ATL
REGULAR_SEASON,55.5,17,55.8,,57.2,,P100980_LB,LB,1,,,55.0,,2031,751,,57.6,ATL
REGULAR_SEASON,62.5,17,56.2,,57.6,,P101020_LB,LB,1,,,56.5,,2031,755,,63.4,ATL
REGULAR_SEASON,67.2,17,74.7,,,,P100406_CB,CB,1,,,73.3,,2031,840,,74.2,ATL
REGULAR_SEASON,62.6,17,68.4,,,,ATL_S_03,S,1,,,68.7,,2031,853,,70.7,ATL
REGULAR_SEASON,62.9,16,62.1,,,,BUF_S_03,S,1,,,59.0,,2031,814,,60.5,ATL
REGULAR_SEASON,74.2,17,75.4,,,,P100117_S,S,1,,,72.6,,2031,879,,68.4,ATL
REGULAR_SEASON,,17,74.3,,,,ATL_K_01,K,1,,,,,2031,102,67.6,,ATL
REGULAR_SEASON,,17,66.8,,,,CAR_P_01,P,1,,,,,2031,85,72.3,,ATL
REGULAR_SEASON,,17,76.0,,,74.6,P100496_QB,QB,1,,,,70.6,2031,1093,,,CIN
REGULAR_SEASON,,17,68.9,65.5,,,P101019_RB,RB,1,64.0,,,68.0,2031,475,,,CIN
REGULAR_SEASON,,15,66.3,62.5,,,IND_RB_04,RB,1,67.6,,,66.0,2031,319,,,CIN
REGULAR_SEASON,,16,56.3,65.4,,,P101196_RB,RB,1,56.5,,,56.8,2031,279,,,CIN
REGULAR_SEASON,,12,90.8,,,,DEN_WR_01,WR,1,80.1,84.6,,,2031,538,,,CIN
REGULAR_SEASON,,17,77.5,,,,SF_WR_03,WR,1,71.1,75.3,,,2031,768,,,CIN
REGULAR_SEASON,,12,58.7,,,,CIN_WR_03,WR,1,60.3,59.0,,,2031,546,,,CIN
REGULAR_SEASON,,17,53.7,,,,P100484_WR,WR,1,51.9,52.2,,,2031,728,,,CIN
REGULAR_SEASON,,15,59.9,65.4,,,GB_TE_03,TE,1,63.3,55.7,,,2031,581,,,CIN
REGULAR_SEASON,,16,58.1,59.3,,,CIN_TE_01,TE,1,57.2,58.0,,,2031,630,,,CIN
REGULAR_SEASON,,17,71.3,72.4,,,P100660_OT,OT,1,,68.9,,,2031,1119,,,CIN
REGULAR_SEASON,,17,55.1,54.2,,,BUF_OT_06,OT,1,,53.6,,,2031,1112,,,CIN
REGULAR_SEASON,,13,63.6,60.3,,,P100888_OG,OG,1,,66.6,,,2031,838,,,CIN
REGULAR_SEASON,,17,76.2,69.3,,,CIN_OG_05,OG,1,,69.5,,,2031,1129,,,CIN
REGULAR_SEASON,,17,49.5,51.4,,,PIT_C_03,C,1,,53.9,,,2031,1107,,,CIN
REGULAR_SEASON,,16,78.3,,77.0,,ATL_EDGE_01,EDGE,1,,,74.1,,2031,701,,76.7,CIN
REGULAR_SEASON,,17,61.4,,62.6,,KC_EDGE_05,EDGE,1,,,64.1,,2031,733,,55.9,CIN
REGULAR_SEASON,,17,70.7,,68.8,,P100663_EDGE,EDGE,1,,,73.5,,2031,746,,66.3,CIN
REGULAR_SEASON,,17,66.6,,68.6,,DEN_EDGE_03,EDGE,1,,,68.5,,2031,710,,68.5,CIN
REGULAR_SEASON,,14,63.6,,64.9,,P100475_DT,DT,1,,,66.5,,2031,517,,62.8,CIN
REGULAR_SEASON,,17,65.1,,71.5,,CIN_DT_03,DT,1,,,68.2,,2031,637,,67.1,CIN
REGULAR_SEASON,59.8,17,59.3,,60.2,,SEA_LB_02,LB,1,,,54.4,,2031,792,,62.2,CIN
REGULAR_SEASON,51.5,13,51.9,,54.9,,P100750_LB,LB,1,,,54.1,,2031,598,,54.9,CIN
REGULAR_SEASON,65.7,17,66.4,,66.2,,ATL_LB_03,LB,1,,,64.7,,2031,761,,68.9,CIN
REGULAR_SEASON,71.1,17,76.2,,,,CIN_CB_01,CB,1,,,75.7,,2031,821,,69.0,CIN
REGULAR_SEASON,66.5,17,70.4,,,,TB_CB_02,CB,1,,,72.9,,2031,853,,66.2,CIN
REGULAR_SEASON,61.2,17,70.8,,,,SEA_CB_05,CB,1,,,64.7,,2031,825,,66.6,CIN
REGULAR_SEASON,57.5,17,59.8,,,,CIN_CB_04,CB,1,,,57.1,,2031,846,,63.5,CIN
REGULAR_SEASON,57.0,13,60.9,,,,DET_S_01,S,1,,,67.0,,2031,676,,58.2,CIN
REGULAR_SEASON,67.2,17,67.6,,,,P101205_S,S,1,,,64.0,,2031,887,,66.6,CIN
REGULAR_SEASON,50.6,17,48.6,,,,P100243_S,S,1,,,50.7,,2031,884,,52.7,CIN
REGULAR_SEASON,,16,55.0,,,,BAL_K_01,K,1,,,,,2031,96,54.9,,CIN
REGULAR_SEASON,,17,67.5,,,61.9,LAR_QB_01,QB,1,,,,63.0,2031,1089,,,LAR
REGULAR_SEASON,,17,69.1,70.8,,,P101329_RB,RB,1,71.6,,,68.7,2031,502,,,LAR
REGULAR_SEASON,,11,69.1,64.0,,,P101344_RB,RB,1,67.5,,,66.0,2031,213,,,LAR
REGULAR_SEASON,,16,48.3,45.8,,,P101492_RB,RB,1,43.5,,,53.6,2031,298,,,LAR
REGULAR_SEASON,,17,68.3,,,,IND_WR_02,WR,1,68.9,70.0,,,2031,731,,,LAR
REGULAR_SEASON,,17,75.1,,,,NYG_WR_02,WR,1,64.5,68.2,,,2031,760,,,LAR
REGULAR_SEASON,,17,54.1,,,,NYG_WR_09,WR,1,56.2,54.7,,,2031,714,,,LAR
REGULAR_SEASON,,10,71.8,,,,P101374_WR,WR,1,69.7,66.3,,,2031,447,,,LAR
REGULAR_SEASON,,11,61.9,70.2,,,P100518_TE,TE,1,60.3,54.2,,,2031,432,,,LAR
REGULAR_SEASON,,17,64.5,62.9,,,LAR_OT_01,OT,1,,59.8,,,2031,1092,,,LAR
REGULAR_SEASON,,16,69.1,68.1,,,TB_OT_01,OT,1,,68.4,,,2031,1068,,,LAR
REGULAR_SEASON,,17,86.8,80.6,,,P101197_OG,OG,1,,83.6,,,2031,1150,,,LAR
REGULAR_SEASON,,17,60.4,65.6,,,P101042_OG,OG,1,,58.1,,,2031,1099,,,LAR
REGULAR_SEASON,,13,69.0,65.5,,,KC_C_02,C,1,,66.6,,,2031,852,,,LAR
REGULAR_SEASON,,17,63.9,,59.6,,LAC_EDGE_01,EDGE,1,,,62.6,,2031,729,,56.2,LAR
REGULAR_SEASON,,17,56.7,,51.5,,SF_EDGE_03,EDGE,1,,,60.9,,2031,759,,62.9,LAR
REGULAR_SEASON,,17,62.4,,63.3,,CLE_EDGE_03,EDGE,1,,,63.7,,2031,741,,62.8,LAR
REGULAR_SEASON,,1,75.6,,69.6,,P100134_EDGE,EDGE,0,,,74.2,,2031,52,,55.8,LAR
REGULAR_SEASON,,17,88.4,,81.9,,P101200_DT,DT,1,,,79.1,,2031,665,,82.2,LAR
REGULAR_SEASON,,17,71.3,,69.6,,LV_DT_01,DT,1,,,65.2,,2031,654,,64.2,LAR
REGULAR_SEASON,,17,53.0,,55.1,,PHI_DT_02,DT,1,,,52.8,,2031,619,,58.0,LAR
REGULAR_SEASON,71.2,17,79.7,,78.0,,P100545_LB,LB,1,,,76.5,,2031,771,,78.3,LAR
REGULAR_SEASON,72.8,17,81.1,,74.3,,P100696_LB,LB,1,,,80.4,,2031,771,,75.5,LAR
REGULAR_SEASON,68.4,17,69.2,,65.8,,KC_LB_01,LB,1,,,63.7,,2031,793,,68.7,LAR
REGULAR_SEASON,70.5,16,75.9,,,,P100417_CB,CB,1,,,69.6,,2031,798,,70.3,LAR
REGULAR_SEASON,60.1,13,62.2,,,,NO_CB_07,CB,1,,,59.2,,2031,653,,60.4,LAR
REGULAR_SEASON,68.5,14,65.4,,,,JAX_CB_05,CB,1,,,58.4,,2031,663,,63.6,LAR
REGULAR_SEASON,62.7,17,55.2,,,,P100987_CB,CB,1,,,49.5,,2031,824,,51.2,LAR
REGULAR_SEASON,56.2,16,56.1,,,,P100676_S,S,1,,,61.7,,2031,801,,59.9,LAR
REGULAR_SEASON,62.3,17,62.5,,,,NE_S_02,S,1,,,59.8,,2031,886,,62.9,LAR
REGULAR_SEASON,,17,70.5,,,,DAL_K_01,K,1,,,,,2031,102,66.7,,LAR
REGULAR_SEASON,,15,65.4,,,,P100226_P,P,1,,,,,2031,75,65.0,,LAR
REGULAR_SEASON,,13,68.5,,,67.8,P101148_QB,QB,1,,,,65.9,2031,798,,,HOU
REGULAR_SEASON,,17,70.7,75.3,,,P100080_RB,RB,1,67.1,,,70.4,2031,497,,,HOU
REGULAR_SEASON,,17,67.2,63.8,,,P100605_RB,RB,1,67.6,,,59.6,2031,348,,,HOU
REGULAR_SEASON,,17,56.5,60.3,,,PIT_RB_03,RB,1,58.9,,,55.9,2031,270,,,HOU
REGULAR_SEASON,,17,67.7,,,,P100295_WR,WR,1,58.3,62.6,,,2031,754,,,HOU
REGULAR_SEASON,,17,68.5,,,,P101304_WR,WR,1,59.0,71.4,,,2031,758,,,HOU
REGULAR_SEASON,,17,86.1,,,,P100838_WR,WR,1,84.8,83.3,,,2031,749,,,HOU
REGULAR_SEASON,,17,67.8,,,,P100401_WR,WR,1,71.3,63.5,,,2031,714,,,HOU
REGULAR_SEASON,,17,67.7,64.7,,,IND_TE_02,TE,1,60.2,63.3,,,2031,679,,,HOU
REGULAR_SEASON,,15,47.3,50.4,,,HOU_TE_03,TE,1,53.0,54.3,,,2031,613,,,HOU
REGULAR_SEASON,,10,60.8,64.4,,,P101100_OT,OT,1,,64.4,,,2031,645,,,HOU
REGULAR_SEASON,,13,72.9,73.0,,,P100536_OT,OT,1,,69.0,,,2031,851,,,HOU
REGULAR_SEASON,,17,55.0,57.6,,,NYJ_OG_02,OG,1,,59.3,,,2031,1095,,,HOU
REGULAR_SEASON,,12,49.6,50.7,,,P100709_OG,OG,1,,53.1,,,2031,781,,,HOU
REGULAR_SEASON,,10,58.0,65.5,,,P101371_C,C,1,,62.4,,,2031,648,,,HOU
REGULAR_SEASON,,17,68.0,,60.8,,LAR_EDGE_02,EDGE,1,,,67.2,,2031,731,,66.5,HOU
REGULAR_SEASON,,17,57.6,,59.4,,P101353_EDGE,EDGE,1,,,60.0,,2031,752,,56.6,HOU
REGULAR_SEASON,,17,66.7,,63.6,,P100985_EDGE,EDGE,1,,,65.6,,2031,753,,67.8,HOU
REGULAR_SEASON,,17,83.5,,80.1,,BAL_DT_01,DT,1,,,74.1,,2031,649,,71.6,HOU
REGULAR_SEASON,,12,85.2,,75.9,,HOU_DT_02,DT,1,,,83.4,,2031,447,,78.6,HOU
REGULAR_SEASON,,11,52.3,,56.0,,LAC_DT_06,DT,1,,,53.4,,2031,410,,50.3,HOU
REGULAR_SEASON,72.7,13,78.8,,72.6,,NYG_LB_01,LB,1,,,73.6,,2031,574,,76.3,HOU
REGULAR_SEASON,59.5,15,53.9,,53.4,,P100450_LB,LB,1,,,57.0,,2031,667,,55.7,HOU
REGULAR_SEASON,57.4,17,57.3,,61.4,,P101296_LB,LB,1,,,59.6,,2031,805,,55.1,HOU
REGULAR_SEASON,89.0,13,97.9,,,,SF_CB_01,CB,1,,,93.7,,2031,619,,90.8,HOU
REGULAR_SEASON,63.6,14,65.4,,,,P100934_CB,CB,1,,,67.7,,2031,685,,67.9,HOU
REGULAR_SEASON,71.3,17,77.3,,,,SEA_CB_03,CB,1,,,76.5,,2031,800,,77.6,HOU
REGULAR_SEASON,56.6,17,54.9,,,,P100895_CB,CB,1,,,59.7,,2031,855,,58.6,HOU
REGULAR_SEASON,57.3,17,59.4,,,,P100142_S,S,1,,,59.7,,2031,882,,61.1,HOU
REGULAR_SEASON,54.6,17,52.4,,,,P100623_S,S,1,,,54.3,,2031,892,,53.9,HOU
REGULAR_SEASON,59.0,17,56.4,,,,P100917_S,S,1,,,56.8,,2031,887,,60.0,HOU
REGULAR_SEASON,,17,61.1,,,,MIN_K_02,K,1,,,,,2031,102,62.5,,HOU
REGULAR_SEASON,,16,83.6,,,,P101131_P,P,1,,,,,2031,80,78.4,,HOU
REGULAR_SEASON,,17,73.1,,,67.8,CAR_QB_01,QB,1,,,,69.2,2031,1072,,,ARI
REGULAR_SEASON,,17,72.7,63.6,,,P100464_RB,RB,1,69.6,,,69.9,2031,706,,,ARI
REGULAR_SEASON,,17,78.6,,,,HOU_WR_01,WR,1,75.8,76.7,,,2031,749,,,ARI
REGULAR_SEASON,,17,72.7,,,,CAR_WR_03,WR,1,72.6,74.8,,,2031,730,,,ARI
REGULAR_SEASON,,17,78.3,,,,CAR_WR_01,WR,1,72.1,72.6,,,2031,728,,,ARI
REGULAR_SEASON,,5,77.4,,,,P101132_WR,WR,0,73.1,76.9,,,2031,228,,,ARI
REGULAR_SEASON,,15,66.8,63.7,,,DET_TE_03,TE,1,59.3,63.7,,,2031,582,,,ARI
REGULAR_SEASON,,17,64.1,62.8,,,KC_TE_04,TE,1,66.4,64.4,,,2031,654,,,ARI
REGULAR_SEASON,,13,77.0,73.5,,,JAX_OT_01,OT,1,,73.8,,,2031,866,,,ARI
REGULAR_SEASON,,17,81.0,77.6,,,DET_OT_02,OT,1,,72.5,,,2031,1100,,,ARI
REGULAR_SEASON,,17,62.9,64.2,,,LV_OG_03,OG,1,,63.5,,,2031,1088,,,ARI
REGULAR_SEASON,,13,49.7,50.7,,,BUF_OG_02,OG,1,,51.7,,,2031,869,,,ARI
REGULAR_SEASON,,15,67.0,71.2,,,ARI_C_01,C,1,,67.5,,,2031,964,,,ARI
REGULAR_SEASON,,17,83.7,,76.9,,P100707_EDGE,EDGE,1,,,74.6,,2031,748,,76.2,ARI
REGULAR_SEASON,,16,61.1,,55.0,,P100478_EDGE,EDGE,1,,,62.0,,2031,708,,60.6,ARI
REGULAR_SEASON,,17,70.1,,65.6,,P100561_EDGE,EDGE,1,,,68.7,,2031,730,,68.5,ARI
REGULAR_SEASON,,15,59.1,,65.8,,P100562_EDGE,EDGE,1,,,58.6,,2031,663,,64.0,ARI
REGULAR_SEASON,,17,56.2,,62.3,,JAX_DT_02,DT,1,,,52.9,,2031,659,,59.3,ARI
REGULAR_SEASON,,17,66.1,,61.0,,ARI_DT_01,DT,1,,,63.9,,2031,641,,61.8,ARI
REGULAR_SEASON,,17,55.8,,63.3,,DET_DT_05,DT,1,,,57.4,,2031,626,,53.9,ARI
REGULAR_SEASON,72.3,17,77.8,,74.9,,P101195_LB,LB,1,,,69.7,,2031,772,,77.8,ARI
REGULAR_SEASON,66.9,17,66.3,,69.1,,P101113_LB,LB,1,,,60.9,,2031,765,,64.4,ARI
REGULAR_SEASON,62.6,17,61.8,,61.5,,P100978_LB,LB,1,,,61.2,,2031,775,,66.4,ARI
REGULAR_SEASON,80.0,16,77.8,,,,LAR_CB_01,CB,1,,,74.5,,2031,765,,67.8,ARI
REGULAR_SEASON,70.0,17,68.9,,,,ATL_CB_04,CB,1,,,65.4,,2031,839,,64.5,ARI
REGULAR_SEASON,64.0,17,60.2,,,,P100393_CB,CB,1,,,68.4,,2031,853,,59.2,ARI
REGULAR_SEASON,58.5,2,77.5,,,,P101050_CB,CB,0,,,71.9,,2031,90,,77.2,ARI
REGULAR_SEASON,71.0,17,77.8,,,,P101299_S,S,1,,,75.7,,2031,867,,73.1,ARI
REGULAR_SEASON,63.4,17,64.1,,,,P101467_S,S,1,,,69.1,,2031,871,,66.0,ARI
REGULAR_SEASON,63.4,11,62.8,,,,P101281_S,S,1,,,66.3,,2031,568,,59.4,ARI
REGULAR_SEASON,,17,72.4,,,,SEA_K_01,K,1,,,,,2031,102,73.5,,ARI
REGULAR_SEASON,,17,78.2,,,,TEN_P_01,P,1,,,,,2031,85,74.4,,ARI
REGULAR_SEASON,,14,74.8,,,72.3,P100088_QB,QB,1,,,,75.0,2031,896,,,NO
REGULAR_SEASON,,17,76.6,72.2,,,P100544_RB,RB,1,69.6,,,72.7,2031,519,,,NO
REGULAR_SEASON,,17,53.7,57.1,,,P100058_RB,RB,1,54.2,,,52.4,2031,367,,,NO
REGULAR_SEASON,,17,82.9,,,,P101080_WR,WR,1,75.7,78.7,,,2031,747,,,NO
REGULAR_SEASON,,11,41.0,,,,P101337_WR,WR,1,48.4,43.4,,,2031,473,,,NO
REGULAR_SEASON,,17,51.6,,,,P101017_WR,WR,1,59.7,55.1,,,2031,734,,,NO
REGULAR_SEASON,,17,62.2,65.9,,,P101135_TE,TE,1,63.0,67.7,,,2031,660,,,NO
REGULAR_SEASON,,17,62.9,67.5,,,LAR_TE_03,TE,1,66.1,62.2,,,2031,655,,,NO
REGULAR_SEASON,,14,56.5,61.0,,,P101338_OT,OT,1,,59.7,,,2031,910,,,NO
REGULAR_SEASON,,17,75.4,72.8,,,P101395_OG,OG,1,,70.5,,,2031,1096,,,NO
REGULAR_SEASON,,16,65.2,65.2,,,NYG_OG_03,OG,1,,60.5,,,2031,1042,,,NO
REGULAR_SEASON,,17,68.5,67.3,,,JAX_C_02,C,1,,69.6,,,2031,1108,,,NO
REGULAR_SEASON,,17,49.1,,54.3,,P100538_EDGE,EDGE,1,,,48.9,,2031,720,,53.2,NO
REGULAR_SEASON,,14,61.6,,59.7,,P100601_EDGE,EDGE,1,,,54.1,,2031,616,,61.2,NO
REGULAR_SEASON,,14,58.0,,56.3,,P100787_EDGE,EDGE,1,,,61.8,,2031,614,,55.2,NO
REGULAR_SEASON,,17,55.4,,60.1,,P101025_EDGE,EDGE,1,,,58.5,,2031,759,,59.8,NO
REGULAR_SEASON,,17,70.3,,65.3,,NO_DT_02,DT,1,,,74.1,,2031,618,,67.2,NO
REGULAR_SEASON,,15,58.7,,64.6,,P101214_DT,DT,1,,,52.5,,2031,573,,57.8,NO
REGULAR_SEASON,,11,61.0,,57.9,,P100758_DT,DT,1,,,60.8,,2031,436,,69.7,NO
REGULAR_SEASON,65.0,17,62.7,,62.4,,P100585_LB,LB,1,,,59.8,,2031,802,,57.5,NO
REGULAR_SEASON,60.3,12,60.0,,55.6,,P100357_LB,LB,1,,,57.0,,2031,553,,57.2,NO
REGULAR_SEASON,62.2,4,69.5,,67.1,,P101351_LB,LB,0,,,65.8,,2031,190,,57.0,NO
REGULAR_SEASON,71.9,16,77.4,,,,HOU_CB_03,CB,1,,,68.6,,2031,780,,72.0,NO
REGULAR_SEASON,65.5,17,66.6,,,,P100803_CB,CB,1,,,68.6,,2031,862,,65.2,NO
REGULAR_SEASON,61.3,15,60.1,,,,P101027_CB,CB,1,,,61.5,,2031,735,,60.7,NO
REGULAR_SEASON,66.9,17,63.2,,,,P100628_CB,CB,1,,,57.7,,2031,844,,61.2,NO
REGULAR_SEASON,69.5,17,70.8,,,,KC_S_02,S,1,,,68.2,,2031,874,,65.5,NO
REGULAR_SEASON,70.8,13,74.1,,,,P100686_S,S,1,,,70.7,,2031,657,,65.9,NO
REGULAR_SEASON,77.6,17,80.1,,,,P100766_S,S,1,,,72.5,,2031,865,,75.7,NO
REGULAR_SEASON,,17,62.3,,,,DET_K_02,K,1,,,,,2031,102,66.0,,NO
REGULAR_SEASON,,10,69.0,,,,LAC_P_02,P,1,,,,,2031,50,56.4,,NO
REGULAR_SEASON,,17,68.5,,,67.6,LAR_QB_02,QB,1,,,,63.6,2031,1052,,,PHI
REGULAR_SEASON,,17,72.6,64.8,,,P100035_RB,RB,1,72.6,,,70.1,2031,532,,,PHI
REGULAR_SEASON,,17,49.4,52.2,,,P100931_RB,RB,1,59.9,,,50.6,2031,382,,,PHI
REGULAR_SEASON,,16,89.6,,,,PIT_WR_02,WR,1,81.1,87.3,,,2031,668,,,PHI
REGULAR_SEASON,,16,74.1,,,,P100615_WR,WR,1,64.9,70.9,,,2031,698,,,PHI
REGULAR_SEASON,,16,54.9,,,,P100708_WR,WR,1,62.0,52.1,,,2031,701,,,PHI
REGULAR_SEASON,,15,79.2,,,,WAS_WR_03,WR,1,79.5,73.1,,,2031,660,,,PHI
REGULAR_SEASON,,17,75.7,71.0,,,SEA_TE_01,TE,1,72.1,74.0,,,2031,666,,,PHI
REGULAR_SEASON,,13,70.5,67.8,,,CAR_TE_03,TE,1,62.6,73.6,,,2031,509,,,PHI
REGULAR_SEASON,,17,55.5,54.1,,,PIT_OT_02,OT,1,,50.4,,,2031,1099,,,PHI
REGULAR_SEASON,,1,75.8,67.3,,,ARI_OT_02,OT,0,,85.4,,,2031,63,,,PHI
REGULAR_SEASON,,15,51.0,48.8,,,SEA_OG_01,OG,1,,52.4,,,2031,988,,,PHI
REGULAR_SEASON,,17,59.4,58.9,,,BAL_OG_04,OG,1,,63.2,,,2031,1112,,,PHI
REGULAR_SEASON,,17,88.0,78.5,,,CAR_C_01,C,1,,75.6,,,2031,1121,,,PHI
REGULAR_SEASON,,15,72.4,,68.7,,P101435_EDGE,EDGE,1,,,70.6,,2031,629,,67.7,PHI
REGULAR_SEASON,,13,70.4,,69.9,,P100214_EDGE,EDGE,1,,,64.2,,2031,549,,70.9,PHI
REGULAR_SEASON,,15,43.1,,49.6,,P100435_EDGE,EDGE,1,,,44.7,,2031,664,,44.3,PHI
REGULAR_SEASON,,13,58.1,,62.7,,P101169_EDGE,EDGE,1,,,66.0,,2031,568,,58.0,PHI
REGULAR_SEASON,,17,58.0,,60.0,,DET_DT_01,DT,1,,,58.0,,2031,627,,57.1,PHI
REGULAR_SEASON,,17,66.8,,65.7,,P100056_DT,DT,1,,,63.3,,2031,663,,67.5,PHI
REGULAR_SEASON,,17,67.1,,65.7,,P100891_DT,DT,1,,,67.1,,2031,612,,66.2,PHI
REGULAR_SEASON,76.1,16,79.9,,76.1,,PHI_LB_03,LB,1,,,79.7,,2031,727,,74.9,PHI
REGULAR_SEASON,58.1,14,55.3,,59.9,,FA_LB_118,LB,1,,,56.0,,2031,638,,52.7,PHI
REGULAR_SEASON,60.4,17,61.9,,65.8,,P100104_LB,LB,1,,,58.9,,2031,794,,62.2,PHI
REGULAR_SEASON,88.1,17,92.9,,,,ATL_CB_02,CB,1,,,87.7,,2031,859,,84.2,PHI
REGULAR_SEASON,78.3,17,83.0,,,,KC_CB_02,CB,1,,,79.6,,2031,830,,76.6,PHI
REGULAR_SEASON,68.9,17,64.7,,,,JAX_CB_03,CB,1,,,64.9,,2031,828,,61.6,PHI
REGULAR_SEASON,62.2,10,59.0,,,,P100782_CB,CB,1,,,56.4,,2031,461,,64.0,PHI
REGULAR_SEASON,63.5,11,58.7,,,,P100057_S,S,1,,,56.6,,2031,577,,58.0,PHI
REGULAR_SEASON,65.8,17,61.9,,,,NYJ_S_04,S,1,,,63.0,,2031,878,,58.8,PHI
REGULAR_SEASON,67.9,15,69.9,,,,P100342_S,S,1,,,72.2,,2031,771,,69.0,PHI
REGULAR_SEASON,,17,81.3,,,,PIT_K_02,K,1,,,,,2031,102,71.9,,PHI
REGULAR_SEASON,,17,67.8,,,65.4,CLE_QB_01,QB,1,,,,60.0,2031,1096,,,TEN
REGULAR_SEASON,,17,61.5,57.9,,,P100654_RB,RB,1,61.2,,,57.6,2031,336,,,TEN
REGULAR_SEASON,,14,51.5,52.6,,,TEN_RB_04,RB,1,50.1,,,54.9,2031,231,,,TEN
REGULAR_SEASON,,17,66.6,,,,SEA_WR_06,WR,1,64.4,66.6,,,2031,739,,,TEN
REGULAR_SEASON,,2,70.0,,,,TEN_WR_04,WR,0,71.9,57.3,,,2031,97,,,TEN
REGULAR_SEASON,,17,63.8,61.2,,,P101493_TE,TE,1,73.2,59.9,,,2031,657,,,TEN
REGULAR_SEASON,,17,63.3,63.2,,,P101327_TE,TE,1,66.6,64.1,,,2031,658,,,TEN
REGULAR_SEASON,,17,72.8,72.8,,,PIT_OT_01,OT,1,,71.5,,,2031,1136,,,TEN
REGULAR_SEASON,,17,52.5,55.2,,,P100498_OT,OT,1,,55.0,,,2031,1119,,,TEN
REGULAR_SEASON,,16,76.7,76.8,,,ARI_OG_02,OG,1,,75.8,,,2031,1028,,,TEN
REGULAR_SEASON,,11,49.7,48.7,,,P100556_OG,OG,1,,62.6,,,2031,740,,,TEN
REGULAR_SEASON,,1,53.2,50.9,,,NO_C_03,C,0,,36.6,,,2031,63,,,TEN
REGULAR_SEASON,,10,62.8,,63.6,,P100375_EDGE,EDGE,1,,,61.4,,2031,448,,67.7,TEN
REGULAR_SEASON,,17,74.7,,74.9,,BUF_EDGE_02,EDGE,1,,,73.0,,2031,743,,70.4,TEN
REGULAR_SEASON,,12,63.4,,57.7,,P101061_EDGE,EDGE,1,,,66.1,,2031,506,,56.1,TEN
REGULAR_SEASON,,13,66.4,,64.8,,TEN_DT_02,DT,1,,,68.7,,2031,491,,62.3,TEN
REGULAR_SEASON,,17,88.2,,83.4,,TEN_DT_01,DT,1,,,78.8,,2031,592,,77.8,TEN
REGULAR_SEASON,,13,72.7,,69.8,,HOU_DT_01,DT,1,,,70.7,,2031,478,,67.6,TEN
REGULAR_SEASON,75.5,14,88.5,,74.8,,TEN_LB_01,LB,1,,,80.2,,2031,656,,84.7,TEN
REGULAR_SEASON,63.7,10,67.4,,68.4,,P100738_LB,LB,1,,,62.2,,2031,474,,61.4,TEN
REGULAR_SEASON,68.5,17,66.5,,,,CLE_CB_02,CB,1,,,65.5,,2031,830,,68.3,TEN
REGULAR_SEASON,64.4,17,57.6,,,,LAC_CB_08,CB,1,,,62.1,,2031,860,,64.5,TEN
REGULAR_SEASON,62.0,13,71.7,,,,TEN_CB_08,CB,1,,,73.6,,2031,657,,65.4,TEN
REGULAR_SEASON,66.8,15,77.7,,,,TEN_CB_04,CB,1,,,74.7,,2031,778,,67.3,TEN
REGULAR_SEASON,81.2,17,85.0,,,,TEN_S_01,S,1,,,77.6,,2031,853,,75.5,TEN
REGULAR_SEASON,56.8,17,57.3,,,,BAL_S_01,S,1,,,56.9,,2031,870,,57.5,TEN
REGULAR_SEASON,61.9,14,63.1,,,,P101034_S,S,1,,,63.5,,2031,705,,71.3,TEN
REGULAR_SEASON,,14,71.8,,,,MIN_K_01,K,1,,,,,2031,84,64.6,,TEN
REGULAR_SEASON,,17,60.4,,,,PIT_P_01,P,1,,,,,2031,85,62.6,,TEN
REGULAR_SEASON,,16,73.2,70.7,,,P100511_RB,RB,1,73.1,,,71.7,2031,241,,,NYG
REGULAR_SEASON,,3,59.9,63.6,,,PHI_OT_04,OT,0,,61.1,,,2031,199,,,PHI
REGULAR_SEASON,,14,65.1,,,60.6,PIT_QB_02,QB,1,,,,63.8,2031,897,,,TB
REGULAR_SEASON,,17,53.6,51.6,,,CIN_RB_02,RB,1,59.3,,,56.7,2031,705,,,TB
REGULAR_SEASON,,17,61.9,,,,PHI_WR_02,WR,1,68.0,61.4,,,2031,752,,,TB
REGULAR_SEASON,,14,69.7,,,,P100165_WR,WR,1,69.5,74.9,,,2031,618,,,TB
REGULAR_SEASON,,17,72.5,,,,CAR_WR_08,WR,1,72.3,67.5,,,2031,723,,,TB
REGULAR_SEASON,,2,80.6,,,,SF_WR_04,WR,0,80.3,71.9,,,2031,89,,,TB
REGULAR_SEASON,,17,58.3,58.6,,,CAR_TE_01,TE,1,58.9,58.1,,,2031,673,,,TB
REGULAR_SEASON,,15,58.6,57.9,,,P100868_TE,TE,1,57.7,59.3,,,2031,599,,,TB
REGULAR_SEASON,,13,73.9,70.0,,,DET_OT_01,OT,1,,67.8,,,2031,846,,,TB
REGULAR_SEASON,,1,55.6,68.7,,,P100438_OT,OT,0,,55.2,,,2031,71,,,TB
REGULAR_SEASON,,14,63.7,61.4,,,MIN_OG_02,OG,1,,63.0,,,2031,913,,,TB
REGULAR_SEASON,,5,48.1,51.9,,,TB_OG_01,OG,0,,53.0,,,2031,330,,,TB
REGULAR_SEASON,,17,73.9,70.5,,,DEN_C_03,C,1,,74.8,,,2031,1128,,,TB
REGULAR_SEASON,,17,79.5,,74.4,,MIA_EDGE_01,EDGE,1,,,73.6,,2031,733,,79.5,TB
REGULAR_SEASON,,13,52.8,,54.2,,P100095_EDGE,EDGE,1,,,54.7,,2031,576,,62.6,TB
REGULAR_SEASON,,17,64.7,,63.4,,NYJ_EDGE_01,EDGE,1,,,63.6,,2031,725,,61.9,TB
REGULAR_SEASON,,17,69.5,,72.0,,P101323_EDGE,EDGE,1,,,65.5,,2031,746,,61.7,TB
REGULAR_SEASON,,17,44.2,,53.2,,ATL_DT_04,DT,1,,,50.2,,2031,617,,48.9,TB
REGULAR_SEASON,,17,67.6,,61.9,,P100318_DT,DT,1,,,72.8,,2031,635,,65.0,TB
REGULAR_SEASON,,17,68.5,,67.5,,NO_DT_01,DT,1,,,64.6,,2031,651,,69.6,TB
REGULAR_SEASON,70.9,15,74.1,,66.4,,TB_LB_02,LB,1,,,72.0,,2031,655,,71.4,TB
REGULAR_SEASON,65.7,17,75.8,,70.8,,P101291_LB,LB,1,,,69.1,,2031,785,,72.3,TB
REGULAR_SEASON,62.5,17,64.9,,65.0,,LAR_LB_04,LB,1,,,68.0,,2031,790,,59.3,TB
REGULAR_SEASON,70.9,17,76.0,,,,GB_CB_01,CB,1,,,74.2,,2031,808,,75.7,TB
REGULAR_SEASON,67.1,15,72.9,,,,SF_CB_04,CB,1,,,74.8,,2031,736,,73.1,TB
REGULAR_SEASON,73.4,16,68.4,,,,P100918_CB,CB,1,,,63.2,,2031,794,,68.9,TB
REGULAR_SEASON,63.8,14,62.9,,,,NE_CB_06,CB,1,,,56.7,,2031,713,,56.9,TB
REGULAR_SEASON,77.5,17,78.1,,,,LV_S_01,S,1,,,76.8,,2031,853,,71.6,TB
REGULAR_SEASON,59.4,17,53.8,,,,CAR_S_03,S,1,,,58.0,,2031,869,,61.2,TB
REGULAR_SEASON,53.8,17,58.8,,,,DET_S_05,S,1,,,65.2,,2031,846,,60.3,TB
REGULAR_SEASON,,17,57.8,,,,DEN_K_01,K,1,,,,,2031,102,60.2,,TB
REGULAR_SEASON,,16,80.8,,,73.2,IND_QB_01,QB,1,,,,78.9,2031,1011,,,BAL
REGULAR_SEASON,,17,61.4,60.3,,,P100371_RB,RB,1,62.1,,,60.7,2031,715,,,BAL
REGULAR_SEASON,,17,86.6,,,,P101125_WR,WR,1,81.7,79.8,,,2031,738,,,BAL
REGULAR_SEASON,,17,76.4,,,,P100643_WR,WR,1,72.9,67.1,,,2031,746,,,BAL
REGULAR_SEASON,,15,70.4,,,,BAL_WR_04,WR,1,66.3,68.1,,,2031,646,,,BAL
REGULAR_SEASON,,17,54.1,,,,P101246_WR,WR,1,55.4,52.5,,,2031,720,,,BAL
REGULAR_SEASON,,17,61.6,63.7,,,P101476_TE,TE,1,60.0,59.3,,,2031,653,,,BAL
REGULAR_SEASON,,11,70.2,65.1,,,P100241_OT,OT,1,,75.8,,,2031,705,,,BAL
REGULAR_SEASON,,7,70.2,79.5,,,P101149_OT,OT,0,,72.3,,,2031,466,,,BAL
REGULAR_SEASON,,17,72.3,71.4,,,PIT_OG_02,OG,1,,68.6,,,2031,1119,,,BAL
REGULAR_SEASON,,17,58.3,64.1,,,P100870_OG,OG,1,,58.2,,,2031,1147,,,BAL
REGULAR_SEASON,,14,68.3,67.2,,,CIN_C_02,C,1,,69.2,,,2031,902,,,BAL
REGULAR_SEASON,,17,68.3,,66.2,,BAL_EDGE_01,EDGE,1,,,69.1,,2031,752,,62.7,BAL
REGULAR_SEASON,,7,83.8,,82.9,,P100314_EDGE,EDGE,0,,,79.2,,2031,296,,70.6,BAL
REGULAR_SEASON,,17,69.8,,69.2,,P100480_EDGE,EDGE,1,,,68.4,,2031,747,,67.5,BAL
REGULAR_SEASON,,17,53.7,,55.3,,BUF_EDGE_05,EDGE,1,,,56.7,,2031,756,,57.7,BAL
REGULAR_SEASON,,17,63.8,,62.2,,P100311_DT,DT,1,,,63.1,,2031,630,,61.4,BAL
REGULAR_SEASON,,17,54.3,,52.4,,P100938_DT,DT,1,,,59.7,,2031,620,,58.9,BAL
REGULAR_SEASON,,16,60.3,,61.5,,P101244_DT,DT,1,,,65.0,,2031,590,,57.6,BAL
REGULAR_SEASON,58.1,17,51.3,,54.3,,WAS_LB_04,LB,1,,,53.1,,2031,761,,56.1,BAL
REGULAR_SEASON,57.9,17,56.3,,55.0,,ATL_LB_07,LB,1,,,58.9,,2031,762,,54.2,BAL
REGULAR_SEASON,78.2,17,75.9,,,,CIN_CB_03,CB,1,,,74.2,,2031,817,,68.3,BAL
REGULAR_SEASON,65.6,11,63.4,,,,P100514_CB,CB,1,,,64.7,,2031,538,,58.1,BAL
REGULAR_SEASON,49.8,4,43.7,,,,P101170_CB,CB,0,,,46.8,,2031,197,,44.2,BAL
REGULAR_SEASON,52.9,13,55.9,,,,P100751_CB,CB,1,,,56.5,,2031,610,,62.1,BAL
REGULAR_SEASON,52.0,17,53.7,,,,P100198_S,S,1,,,59.3,,2031,890,,55.7,BAL
REGULAR_SEASON,54.0,17,48.8,,,,LAR_S_05,S,1,,,52.6,,2031,895,,49.0,BAL
REGULAR_SEASON,,17,85.6,,,,SF_K_01,K,1,,,,,2031,102,85.2,,BAL
REGULAR_SEASON,,17,71.8,,,,WAS_P_02,P,1,,,,,2031,85,68.9,,BAL
REGULAR_SEASON,,11,72.4,72.3,,,P100649_OT,OT,1,,70.9,,,2031,713,,,HOU
REGULAR_SEASON,,17,88.9,,,80.1,DET_QB_01,QB,1,,,,81.9,2031,1066,,,CLE
REGULAR_SEASON,,17,48.7,55.0,,,P100087_RB,RB,1,50.7,,,53.3,2031,459,,,CLE
REGULAR_SEASON,,17,53.9,56.1,,,P101072_RB,RB,1,60.4,,,56.8,2031,370,,,CLE
REGULAR_SEASON,,17,51.5,54.0,,,P100385_RB,RB,1,56.9,,,52.7,2031,276,,,CLE
REGULAR_SEASON,,17,69.0,,,,CLE_WR_02,WR,1,59.4,64.0,,,2031,695,,,CLE
REGULAR_SEASON,,17,73.2,,,,CLE_WR_06,WR,1,68.6,70.3,,,2031,758,,,CLE
REGULAR_SEASON,,17,83.3,,,,JAX_WR_02,WR,1,78.7,81.5,,,2031,712,,,CLE
REGULAR_SEASON,,17,65.4,,,,P100365_WR,WR,1,63.6,63.1,,,2031,747,,,CLE
REGULAR_SEASON,,17,71.1,73.6,,,P100701_TE,TE,1,64.6,66.8,,,2031,677,,,CLE
REGULAR_SEASON,,16,69.2,67.4,,,SEA_OT_04,OT,1,,66.8,,,2031,1062,,,CLE
REGULAR_SEASON,,5,51.4,59.3,,,JAX_OT_04,OT,0,,57.3,,,2031,317,,,CLE
REGULAR_SEASON,,17,84.1,78.0,,,TEN_OG_01,OG,1,,79.0,,,2031,1132,,,CLE
REGULAR_SEASON,,17,71.7,68.8,,,CLE_OG_02,OG,1,,70.0,,,2031,1141,,,CLE
REGULAR_SEASON,,17,54.4,57.9,,,P101239_C,C,1,,60.1,,,2031,1136,,,CLE
REGULAR_SEASON,,17,81.0,,70.5,,LAR_EDGE_01,EDGE,1,,,77.7,,2031,735,,76.6,CLE
REGULAR_SEASON,,12,95.8,,89.4,,DET_EDGE_02,EDGE,1,,,87.1,,2031,534,,88.0,CLE
REGULAR_SEASON,,17,78.8,,75.4,,CLE_EDGE_01,EDGE,1,,,72.7,,2031,757,,76.2,CLE
REGULAR_SEASON,,17,57.2,,61.7,,P100018_EDGE,EDGE,1,,,57.4,,2031,759,,52.3,CLE
REGULAR_SEASON,,17,76.6,,68.0,,P101267_DT,DT,1,,,69.7,,2031,639,,72.1,CLE
REGULAR_SEASON,,14,73.7,,70.5,,CAR_DT_02,DT,1,,,66.8,,2031,532,,66.5,CLE
REGULAR_SEASON,,16,76.1,,67.6,,KC_DT_02,DT,1,,,65.7,,2031,598,,78.1,CLE
REGULAR_SEASON,68.4,17,69.5,,66.1,,CIN_LB_02,LB,1,,,68.3,,2031,756,,75.3,CLE
REGULAR_SEASON,61.2,13,66.2,,54.7,,NYJ_LB_02,LB,1,,,63.7,,2031,568,,69.9,CLE
REGULAR_SEASON,65.8,17,72.8,,72.4,,GB_LB_05,LB,1,,,70.3,,2031,776,,77.4,CLE
REGULAR_SEASON,77.3,17,77.3,,,,P100700_CB,CB,1,,,68.4,,2031,831,,71.1,CLE
REGULAR_SEASON,51.5,17,53.1,,,,DET_CB_04,CB,1,,,55.1,,2031,832,,56.2,CLE
REGULAR_SEASON,58.8,17,61.8,,,,P100729_CB,CB,1,,,61.2,,2031,850,,61.3,CLE
REGULAR_SEASON,64.5,17,68.6,,,,P101266_CB,CB,1,,,67.2,,2031,848,,66.6,CLE
REGULAR_SEASON,58.6,15,60.3,,,,P100462_S,S,1,,,60.6,,2031,762,,62.7,CLE
REGULAR_SEASON,,17,66.3,,,,CLE_K_01,K,1,,,,,2031,102,69.2,,CLE
REGULAR_SEASON,,13,78.5,,,,WAS_P_01,P,1,,,,,2031,65,66.2,,CLE
REGULAR_SEASON,,15,83.3,,,82.7,JAX_QB_01,QB,1,,,,81.5,2031,946,,,JAX
REGULAR_SEASON,,17,72.2,70.4,,,P101209_RB,RB,1,73.2,,,66.2,2031,610,,,JAX
REGULAR_SEASON,,14,51.8,52.7,,,P101077_RB,RB,1,59.0,,,53.1,2031,298,,,JAX
REGULAR_SEASON,,15,61.3,,,,P100512_WR,WR,1,62.4,59.6,,,2031,657,,,JAX
REGULAR_SEASON,,17,60.8,,,,P100140_WR,WR,1,67.5,57.9,,,2031,731,,,JAX
REGULAR_SEASON,,11,47.4,,,,P101318_WR,WR,1,57.5,51.5,,,2031,479,,,JAX
REGULAR_SEASON,,12,53.2,,,,P101301_WR,WR,1,56.6,54.4,,,2031,513,,,JAX
REGULAR_SEASON,,17,76.0,65.6,,,TEN_TE_03,TE,1,68.6,73.8,,,2031,663,,,JAX
REGULAR_SEASON,,14,59.7,64.5,,,P100274_TE,TE,1,57.3,61.8,,,2031,539,,,JAX
REGULAR_SEASON,,16,78.2,75.9,,,JAX_OT_02,OT,1,,71.8,,,2031,1058,,,JAX
REGULAR_SEASON,,17,64.0,66.2,,,ATL_OT_05,OT,1,,60.0,,,2031,1129,,,JAX
REGULAR_SEASON,,13,71.8,70.8,,,DET_OG_04,OG,1,,78.3,,,2031,848,,,JAX
REGULAR_SEASON,,17,71.0,65.9,,,P100841_OG,OG,1,,67.6,,,2031,1098,,,JAX
REGULAR_SEASON,,17,71.1,70.0,,,P100321_C,C,1,,68.5,,,2031,1098,,,JAX
REGULAR_SEASON,,13,66.2,,67.5,,P100011_EDGE,EDGE,1,,,72.3,,2031,585,,63.8,JAX
REGULAR_SEASON,,17,72.3,,67.1,,SEA_EDGE_01,EDGE,1,,,73.0,,2031,750,,74.5,JAX
REGULAR_SEASON,,16,75.1,,66.1,,P101236_EDGE,EDGE,1,,,70.6,,2031,685,,70.9,JAX
REGULAR_SEASON,,17,50.8,,52.1,,P101232_EDGE,EDGE,1,,,53.4,,2031,741,,52.3,JAX
REGULAR_SEASON,,17,56.4,,57.3,,PIT_DT_01,DT,1,,,56.7,,2031,607,,55.1,JAX
REGULAR_SEASON,,14,60.0,,62.4,,JAX_DT_05,DT,1,,,57.5,,2031,535,,63.9,JAX
REGULAR_SEASON,,17,57.4,,59.7,,P100936_DT,DT,1,,,60.9,,2031,642,,60.0,JAX
REGULAR_SEASON,71.2,16,73.4,,67.2,,P100612_LB,LB,1,,,65.8,,2031,739,,71.0,JAX
REGULAR_SEASON,71.6,17,75.5,,69.6,,P100669_LB,LB,1,,,71.0,,2031,741,,74.0,JAX
REGULAR_SEASON,66.9,17,71.6,,71.3,,P100922_LB,LB,1,,,73.3,,2031,780,,69.6,JAX
REGULAR_SEASON,66.3,17,70.9,,,,JAX_CB_02,CB,1,,,68.0,,2031,845,,68.3,JAX
REGULAR_SEASON,55.9,16,57.3,,,,P100008_CB,CB,1,,,63.0,,2031,795,,63.1,JAX
REGULAR_SEASON,56.0,17,56.0,,,,P100887_CB,CB,1,,,58.3,,2031,836,,58.9,JAX
REGULAR_SEASON,48.1,17,46.7,,,,P100611_CB,CB,1,,,49.1,,2031,850,,50.1,JAX
REGULAR_SEASON,67.7,17,71.6,,,,CLE_S_01,S,1,,,67.1,,2031,882,,67.7,JAX
REGULAR_SEASON,57.9,15,58.8,,,,P100042_S,S,1,,,60.7,,2031,786,,63.8,JAX
REGULAR_SEASON,53.4,17,51.1,,,,P101373_S,S,1,,,54.9,,2031,885,,51.3,JAX
REGULAR_SEASON,,2,71.5,,,,HOU_K_01,K,0,,,,,2031,12,63.5,,JAX
REGULAR_SEASON,,1,46.7,,,,P101173_P,P,0,,,,,2031,5,37.3,,JAX
REGULAR_SEASON,,14,73.5,,73.2,,PHI_EDGE_03,EDGE,1,,,67.0,,2031,615,,71.5,MIA
REGULAR_SEASON,,2,51.6,,,,MIN_P_02,P,0,,,,,2031,10,51.6,,DET
REGULAR_SEASON,,15,51.2,,,,LV_WR_07,WR,1,50.3,56.0,,,2031,628,,,TEN
REGULAR_SEASON,,16,64.1,,,,DET_WR_08,WR,1,61.8,60.7,,,2031,712,,,TEN
REGULAR_SEASON,,16,74.2,70.1,,,P100005_C,C,1,,68.6,,,2031,1052,,,TEN
REGULAR_SEASON,,4,71.9,72.8,,,P100744_TE,TE,0,68.9,77.4,,,2031,146,,,SEA
REGULAR_SEASON,62.4,3,57.2,,,,P100836_CB,CB,0,,,63.6,,2031,145,,45.1,SEA
REGULAR_SEASON,,17,79.6,,,75.7,DEN_QB_01,QB,1,,,,73.6,2031,1076,,,DEN
REGULAR_SEASON,,17,68.9,69.3,,,DET_RB_02,RB,1,65.1,,,69.4,2031,730,,,DEN
REGULAR_SEASON,,17,84.6,,,,KC_WR_01,WR,1,83.8,76.4,,,2031,764,,,DEN
REGULAR_SEASON,,17,69.0,,,,CAR_WR_06,WR,1,66.6,70.2,,,2031,739,,,DEN
REGULAR_SEASON,,17,62.7,,,,ATL_WR_06,WR,1,59.3,58.3,,,2031,752,,,DEN
REGULAR_SEASON,,5,74.7,,,,CLE_WR_04,WR,0,68.2,73.8,,,2031,209,,,DEN
REGULAR_SEASON,,11,68.2,67.5,,,P101393_TE,TE,1,65.3,61.2,,,2031,452,,,DEN
REGULAR_SEASON,,17,57.7,54.6,,,NO_TE_03,TE,1,59.0,59.4,,,2031,657,,,DEN
REGULAR_SEASON,,17,82.9,76.1,,,DAL_OT_02,OT,1,,83.4,,,2031,1156,,,DEN
REGULAR_SEASON,,17,79.7,75.3,,,LV_OT_01,OT,1,,75.4,,,2031,1137,,,DEN
REGULAR_SEASON,,10,82.0,76.3,,,WAS_OG_02,OG,1,,73.3,,,2031,651,,,DEN
REGULAR_SEASON,,17,76.6,67.4,,,JAX_OG_01,OG,1,,71.7,,,2031,1123,,,DEN
REGULAR_SEASON,,17,72.8,72.1,,,KC_C_01,C,1,,69.4,,,2031,1078,,,DEN
REGULAR_SEASON,,17,77.6,,69.1,,SEA_EDGE_02,EDGE,1,,,70.5,,2031,770,,74.9,DEN
REGULAR_SEASON,,13,81.6,,75.7,,ARI_EDGE_02,EDGE,1,,,81.3,,2031,565,,69.1,DEN
REGULAR_SEASON,,15,69.2,,66.2,,NYG_EDGE_02,EDGE,1,,,65.5,,2031,646,,65.4,DEN
REGULAR_SEASON,,17,69.4,,66.0,,P100826_DT,DT,1,,,64.7,,2031,626,,67.5,DEN
REGULAR_SEASON,,17,55.7,,56.7,,P100820_DT,DT,1,,,58.4,,2031,625,,59.8,DEN
REGULAR_SEASON,,17,71.7,,71.9,,P101141_DT,DT,1,,,64.9,,2031,645,,69.9,DEN
REGULAR_SEASON,71.4,9,68.8,,74.6,,TB_LB_01,LB,1,,,72.0,,2031,415,,62.0,DEN
REGULAR_SEASON,61.1,17,59.7,,62.6,,MIN_LB_03,LB,1,,,62.8,,2031,784,,59.5,DEN
REGULAR_SEASON,70.3,11,69.9,,72.9,,LAC_LB_01,LB,1,,,58.9,,2031,516,,73.1,DEN
REGULAR_SEASON,70.2,15,74.9,,,,DEN_CB_03,CB,1,,,66.0,,2031,758,,70.8,DEN
REGULAR_SEASON,71.0,12,78.4,,,,P100366_CB,CB,1,,,71.2,,2031,571,,75.7,DEN
REGULAR_SEASON,55.2,17,51.5,,,,PIT_CB_04,CB,1,,,47.8,,2031,855,,53.8,DEN
REGULAR_SEASON,60.2,17,60.8,,,,NYG_CB_01,CB,1,,,58.0,,2031,799,,57.6,DEN
REGULAR_SEASON,75.0,17,81.6,,,,BUF_S_02,S,1,,,77.4,,2031,875,,73.3,DEN
REGULAR_SEASON,60.7,17,65.7,,,,MIA_S_02,S,1,,,67.3,,2031,880,,68.1,DEN
REGULAR_SEASON,76.1,3,80.4,,,,ARI_S_02,S,0,,,83.2,,2031,163,,79.5,DEN
REGULAR_SEASON,,15,88.7,,,,NYJ_K_01,K,1,,,,,2031,90,77.1,,DEN
REGULAR_SEASON,,17,60.8,,,,P101460_P,P,1,,,,,2031,85,56.4,,DEN
REGULAR_SEASON,,13,66.3,,,63.1,P100863_QB,QB,1,,,,58.0,2031,861,,,WAS
REGULAR_SEASON,,14,51.0,56.9,,,WAS_RB_02,RB,1,50.2,,,57.2,2031,446,,,WAS
REGULAR_SEASON,,17,55.5,57.0,,,P100952_RB,RB,1,57.5,,,56.7,2031,411,,,WAS
REGULAR_SEASON,,17,69.0,,,,P101059_WR,WR,1,65.5,65.6,,,2031,772,,,WAS
REGULAR_SEASON,,10,61.6,,,,PIT_WR_06,WR,1,60.5,64.0,,,2031,448,,,WAS
REGULAR_SEASON,,17,59.7,,,,CHI_WR_07,WR,1,62.0,57.0,,,2031,785,,,WAS
REGULAR_SEASON,,17,52.9,,,,P100932_WR,WR,1,59.1,54.7,,,2031,756,,,WAS
REGULAR_SEASON,,17,78.1,79.9,,,P100349_TE,TE,1,75.1,74.1,,,2031,669,,,WAS
REGULAR_SEASON,,17,93.4,90.3,,,MIN_OT_01,OT,1,,84.6,,,2031,1107,,,WAS
REGULAR_SEASON,,1,52.9,62.2,,,P101216_OT,OT,0,,65.2,,,2031,61,,,WAS
REGULAR_SEASON,,15,63.0,64.2,,,P100381_OG,OG,1,,61.7,,,2031,1000,,,WAS
REGULAR_SEASON,,17,69.6,62.1,,,NO_C_01,C,1,,66.9,,,2031,1118,,,WAS
REGULAR_SEASON,,14,83.6,,73.8,,P100021_EDGE,EDGE,1,,,79.2,,2031,571,,78.4,WAS
REGULAR_SEASON,,15,58.0,,59.7,,WAS_EDGE_03,EDGE,1,,,61.5,,2031,642,,61.2,WAS
REGULAR_SEASON,,17,61.9,,59.8,,P101331_EDGE,EDGE,1,,,61.8,,2031,706,,62.2,WAS
REGULAR_SEASON,,17,74.0,,70.3,,P100977_EDGE,EDGE,1,,,71.7,,2031,727,,69.4,WAS
REGULAR_SEASON,,17,79.9,,78.6,,P101158_DT,DT,1,,,75.7,,2031,612,,73.3,WAS
REGULAR_SEASON,,13,67.2,,66.0,,P101071_DT,DT,1,,,64.7,,2031,480,,68.7,WAS
REGULAR_SEASON,,17,69.6,,63.0,,P100816_DT,DT,1,,,70.9,,2031,618,,72.6,WAS
REGULAR_SEASON,66.5,17,71.5,,62.2,,P100890_LB,LB,1,,,61.8,,2031,780,,60.7,WAS
REGULAR_SEASON,75.2,15,82.8,,75.4,,P100867_LB,LB,1,,,72.2,,2031,687,,77.8,WAS
REGULAR_SEASON,63.6,17,64.3,,64.7,,P100768_LB,LB,1,,,66.1,,2031,774,,62.1,WAS
REGULAR_SEASON,63.4,17,75.1,,,,P100426_CB,CB,1,,,72.0,,2031,867,,68.0,WAS
REGULAR_SEASON,70.2,11,60.4,,,,WAS_CB_01,CB,1,,,58.1,,2031,537,,57.7,WAS
REGULAR_SEASON,55.0,17,55.9,,,,P100871_CB,CB,1,,,57.6,,2031,840,,55.6,WAS
REGULAR_SEASON,54.2,15,47.3,,,,P100525_CB,CB,1,,,50.1,,2031,722,,53.4,WAS
REGULAR_SEASON,77.1,17,84.4,,,,DET_S_02,S,1,,,78.3,,2031,868,,75.1,WAS
REGULAR_SEASON,55.9,17,56.9,,,,P101076_S,S,1,,,59.1,,2031,883,,58.1,WAS
REGULAR_SEASON,54.6,17,56.0,,,,P101089_S,S,1,,,52.3,,2031,856,,62.0,WAS
REGULAR_SEASON,,2,68.7,,,,LAC_K_01,K,0,,,,,2031,12,60.4,,WAS
REGULAR_SEASON,,17,63.5,,,,LAR_P_01,P,1,,,,,2031,85,59.2,,WAS
REGULAR_SEASON,,5,47.8,,52.1,,P101341_EDGE,EDGE,0,,,42.8,,2031,216,,56.7,JAX
REGULAR_SEASON,,3,57.9,,62.5,,P100799_DT,DT,0,,,60.0,,2031,107,,63.9,JAX
REGULAR_SEASON,,16,74.7,,,,DEN_P_02,P,1,,,,,2031,80,78.7,,JAX
REGULAR_SEASON,65.2,9,67.7,,67.7,,P100329_LB,LB,1,,,71.3,,2031,408,,76.1,DEN
REGULAR_SEASON,,14,61.2,,,67.9,ATL_QB_02,QB,1,,,,65.1,2031,893,,,KC
REGULAR_SEASON,,17,68.3,64.1,,,P101443_RB,RB,1,61.5,,,71.6,2031,527,,,KC
REGULAR_SEASON,,17,77.2,69.5,,,P101465_RB,RB,1,74.2,,,76.4,2031,355,,,KC
REGULAR_SEASON,,14,82.3,,,,SF_WR_02,WR,1,75.4,82.6,,,2031,630,,,KC
REGULAR_SEASON,,17,61.1,,,,P101198_WR,WR,1,58.9,60.1,,,2031,749,,,KC
REGULAR_SEASON,,17,88.1,,,,P100260_WR,WR,1,81.3,79.9,,,2031,766,,,KC
REGULAR_SEASON,,17,58.3,,,,P100741_WR,WR,1,60.8,59.0,,,2031,752,,,KC
REGULAR_SEASON,,17,71.4,69.4,,,P100186_TE,TE,1,73.0,67.5,,,2031,670,,,KC
REGULAR_SEASON,,13,71.0,70.3,,,MIA_OT_01,OT,1,,68.6,,,2031,835,,,KC
REGULAR_SEASON,,13,48.1,48.4,,,P100163_OT,OT,1,,52.9,,,2031,847,,,KC
REGULAR_SEASON,,17,85.5,80.8,,,P100688_OG,OG,1,,82.2,,,2031,1104,,,KC
REGULAR_SEASON,,5,56.1,57.9,,,P100408_OG,OG,0,,62.8,,,2031,334,,,KC
REGULAR_SEASON,,13,71.9,62.2,,,CHI_C_01,C,1,,67.3,,,2031,841,,,KC
REGULAR_SEASON,,10,65.7,,60.0,,CLE_EDGE_02,EDGE,1,,,65.2,,2031,417,,62.2,KC
REGULAR_SEASON,,17,70.5,,67.4,,PIT_EDGE_05,EDGE,1,,,66.5,,2031,737,,64.5,KC
REGULAR_SEASON,,17,59.1,,62.7,,P101381_EDGE,EDGE,1,,,55.7,,2031,726,,56.5,KC
REGULAR_SEASON,,17,45.2,,51.0,,P100304_EDGE,EDGE,1,,,44.0,,2031,740,,53.9,KC
REGULAR_SEASON,,17,62.4,,62.8,,ARI_DT_02,DT,1,,,61.6,,2031,638,,61.6,KC
REGULAR_SEASON,,13,61.9,,58.0,,P100187_DT,DT,1,,,66.7,,2031,476,,65.9,KC
REGULAR_SEASON,,17,59.5,,58.4,,P100156_DT,DT,1,,,63.3,,2031,639,,59.4,KC
REGULAR_SEASON,65.0,17,70.3,,65.0,,CAR_LB_02,LB,1,,,68.9,,2031,756,,70.7,KC
REGULAR_SEASON,54.2,17,55.9,,59.2,,P100726_LB,LB,1,,,52.6,,2031,781,,60.5,KC
REGULAR_SEASON,46.2,12,36.9,,47.5,,P101452_LB,LB,1,,,44.7,,2031,555,,41.5,KC
REGULAR_SEASON,67.5,17,71.3,,,,P100292_CB,CB,1,,,74.4,,2031,825,,67.6,KC
REGULAR_SEASON,71.3,13,79.2,,,,IND_CB_09,CB,1,,,69.7,,2031,627,,71.7,KC
REGULAR_SEASON,60.7,14,57.2,,,,P101271_CB,CB,1,,,56.1,,2031,708,,52.6,KC
REGULAR_SEASON,64.4,14,62.4,,,,P100927_S,S,1,,,59.2,,2031,730,,51.3,KC
REGULAR_SEASON,65.8,14,70.6,,,,P101188_S,S,1,,,71.6,,2031,680,,70.9,KC
REGULAR_SEASON,73.4,14,69.6,,,,P101007_S,S,1,,,67.9,,2031,721,,70.9,KC
REGULAR_SEASON,,14,70.2,,,,FA_K_006,K,1,,,,,2031,84,73.4,,KC
REGULAR_SEASON,,17,61.2,,,,P100746_P,P,1,,,,,2031,85,60.3,,KC
REGULAR_SEASON,,12,73.0,,,76.3,P100948_QB,QB,1,,,,72.2,2031,755,,,DAL
REGULAR_SEASON,,17,66.1,65.2,,,KC_RB_03,RB,1,65.3,,,67.1,2031,673,,,DAL
REGULAR_SEASON,,14,61.3,,,,CHI_WR_01,WR,1,66.0,64.5,,,2031,584,,,DAL
REGULAR_SEASON,,17,67.4,,,,NYJ_WR_07,WR,1,67.4,67.1,,,2031,736,,,DAL
REGULAR_SEASON,,15,51.7,,,,P100431_WR,WR,1,58.8,52.7,,,2031,641,,,DAL
REGULAR_SEASON,,14,74.7,,,,P100993_WR,WR,1,64.6,71.5,,,2031,606,,,DAL
REGULAR_SEASON,,15,84.5,76.2,,,DET_TE_01,TE,1,76.3,76.5,,,2031,595,,,DAL
REGULAR_SEASON,,17,83.5,78.1,,,SF_TE_01,TE,1,81.8,71.6,,,2031,660,,,DAL
REGULAR_SEASON,,17,80.4,75.0,,,P100682_OT,OT,1,,77.1,,,2031,1118,,,DAL
REGULAR_SEASON,,17,71.8,68.5,,,DAL_OT_04,OT,1,,72.6,,,2031,1098,,,DAL
REGULAR_SEASON,,17,60.1,60.6,,,PHI_OG_01,OG,1,,57.4,,,2031,1105,,,DAL
REGULAR_SEASON,,14,63.2,65.6,,,P101127_OG,OG,1,,70.5,,,2031,915,,,DAL
REGULAR_SEASON,,17,69.2,62.6,,,DAL_C_01,C,1,,65.4,,,2031,1124,,,DAL
REGULAR_SEASON,,14,81.4,,75.2,,P100279_EDGE,EDGE,1,,,79.0,,2031,615,,76.1,DAL
REGULAR_SEASON,,17,59.5,,63.2,,NO_EDGE_04,EDGE,1,,,57.7,,2031,740,,62.9,DAL
REGULAR_SEASON,,17,56.9,,64.2,,DAL_EDGE_03,EDGE,1,,,59.8,,2031,727,,57.8,DAL
REGULAR_SEASON,,17,51.2,,55.5,,P100610_EDGE,EDGE,1,,,51.3,,2031,748,,57.2,DAL
REGULAR_SEASON,,17,84.5,,78.2,,GB_DT_02,DT,1,,,73.3,,2031,622,,67.5,DAL
REGULAR_SEASON,,17,65.9,,67.3,,NYJ_DT_03,DT,1,,,64.2,,2031,603,,62.2,DAL
REGULAR_SEASON,,1,55.7,,37.4,,P100800_DT,DT,0,,,56.2,,2031,34,,52.3,DAL
REGULAR_SEASON,63.0,15,65.6,,58.8,,P100489_LB,LB,1,,,66.3,,2031,674,,64.8,DAL
REGULAR_SEASON,66.3,17,65.2,,64.7,,CLE_LB_01,LB,1,,,64.5,,2031,769,,60.0,DAL
REGULAR_SEASON,56.6,15,53.0,,56.7,,P101491_LB,LB,1,,,62.1,,2031,697,,57.5,DAL
REGULAR_SEASON,61.4,17,60.6,,,,P101408_CB,CB,1,,,56.9,,2031,811,,61.4,DAL
REGULAR_SEASON,55.6,17,49.4,,,,ATL_CB_05,CB,1,,,56.9,,2031,844,,53.7,DAL
REGULAR_SEASON,57.5,17,54.5,,,,P100550_CB,CB,1,,,55.9,,2031,846,,58.9,DAL
REGULAR_SEASON,56.9,17,62.1,,,,P101420_CB,CB,1,,,63.7,,2031,826,,62.0,DAL
REGULAR_SEASON,77.2,13,77.8,,,,KC_S_01,S,1,,,76.5,,2031,683,,74.9,DAL
REGULAR_SEASON,61.6,14,61.8,,,,P100859_S,S,1,,,64.9,,2031,739,,60.5,DAL
REGULAR_SEASON,56.3,17,53.9,,,,P100604_S,S,1,,,53.2,,2031,890,,62.6,DAL
REGULAR_SEASON,,17,65.8,,,,P100078_K,K,1,,,,,2031,102,67.6,,DAL
REGULAR_SEASON,,17,64.1,,,,TB_P_02,P,1,,,,,2031,85,56.8,,DAL
REGULAR_SEASON,,9,50.9,55.8,,,P101406_OG,OG,1,,49.3,,,2031,588,,,NYG
REGULAR_SEASON,,16,70.8,64.7,,,WAS_OT_02,OT,1,,67.8,,,2031,1041,,,WAS
REGULAR_SEASON,,17,75.8,,,71.6,PIT_QB_01,QB,1,,,,79.5,2031,1077,,,CAR
REGULAR_SEASON,,17,55.7,56.2,,,P100856_RB,RB,1,59.9,,,58.8,2031,523,,,CAR
REGULAR_SEASON,,15,58.2,62.8,,,P101086_RB,RB,1,68.0,,,59.4,2031,317,,,CAR
REGULAR_SEASON,,17,85.4,,,,PHI_WR_03,WR,1,78.1,77.3,,,2031,754,,,CAR
REGULAR_SEASON,,17,66.5,,,,P100864_WR,WR,1,67.0,72.4,,,2031,722,,,CAR
REGULAR_SEASON,,16,76.6,74.6,,,CAR_TE_02,TE,1,73.3,76.1,,,2031,653,,,CAR
REGULAR_SEASON,,9,61.8,51.1,,,P101098_TE,TE,1,61.5,59.3,,,2031,354,,,CAR
REGULAR_SEASON,,17,70.9,69.0,,,NO_OT_02,OT,1,,70.3,,,2031,1111,,,CAR
REGULAR_SEASON,,12,65.3,65.6,,,CHI_OT_02,OT,1,,64.8,,,2031,791,,,CAR
REGULAR_SEASON,,17,69.4,68.1,,,P100060_OG,OG,1,,72.3,,,2031,1095,,,CAR
REGULAR_SEASON,,14,64.9,58.8,,,P100001_OG,OG,1,,66.1,,,2031,931,,,CAR
REGULAR_SEASON,,15,86.9,85.4,,,LAC_C_01,C,1,,78.6,,,2031,979,,,CAR
REGULAR_SEASON,,17,68.3,,67.7,,P100231_EDGE,EDGE,1,,,69.0,,2031,732,,63.3,CAR
REGULAR_SEASON,,17,71.5,,65.6,,CAR_EDGE_03,EDGE,1,,,69.6,,2031,726,,65.8,CAR
REGULAR_SEASON,,17,69.3,,67.2,,NE_EDGE_01,EDGE,1,,,69.1,,2031,744,,69.4,CAR
REGULAR_SEASON,,13,51.6,,54.5,,NYG_EDGE_05,EDGE,1,,,63.0,,2031,589,,55.4,CAR
REGULAR_SEASON,,11,70.5,,67.7,,LAR_DT_06,DT,1,,,71.7,,2031,412,,65.1,CAR
REGULAR_SEASON,,12,73.6,,71.4,,P100482_DT,DT,1,,,72.8,,2031,445,,72.3,CAR
REGULAR_SEASON,,15,66.1,,65.9,,P100369_DT,DT,1,,,72.3,,2031,575,,70.0,CAR
REGULAR_SEASON,70.4,17,73.7,,74.3,,NE_LB_01,LB,1,,,65.0,,2031,800,,70.2,CAR
REGULAR_SEASON,73.7,14,75.8,,70.6,,P100015_LB,LB,1,,,64.9,,2031,658,,70.6,CAR
REGULAR_SEASON,65.8,15,69.2,,67.4,,P100176_LB,LB,1,,,62.4,,2031,680,,68.2,CAR
REGULAR_SEASON,85.4,17,87.9,,,,DAL_CB_03,CB,1,,,81.9,,2031,834,,80.5,CAR
REGULAR_SEASON,61.0,17,65.4,,,,TB_CB_03,CB,1,,,68.8,,2031,853,,63.9,CAR
REGULAR_SEASON,75.6,13,80.3,,,,GB_CB_04,CB,1,,,64.7,,2031,654,,71.8,CAR
REGULAR_SEASON,62.1,17,56.3,,,,P100786_CB,CB,1,,,58.7,,2031,821,,60.1,CAR
REGULAR_SEASON,68.5,17,74.6,,,,P100075_S,S,1,,,70.2,,2031,892,,70.0,CAR
REGULAR_SEASON,64.9,17,63.2,,,,P100178_S,S,1,,,60.0,,2031,883,,63.6,CAR
REGULAR_SEASON,65.4,17,71.5,,,,P101303_S,S,1,,,70.9,,2031,881,,67.8,CAR
REGULAR_SEASON,,11,74.0,,,,LAR_K_01,K,1,,,,,2031,66,72.1,,CAR
REGULAR_SEASON,,16,75.0,,,,NYJ_P_01,P,1,,,,,2031,80,70.2,,CAR
REGULAR_SEASON,,17,91.9,,,89.0,GB_QB_01,QB,1,,,,87.4,2031,1080,,,GB
REGULAR_SEASON,,15,74.8,68.1,,,CIN_RB_01,RB,1,68.9,,,71.5,2031,463,,,GB
REGULAR_SEASON,,17,61.2,59.1,,,P100831_RB,RB,1,60.7,,,66.5,2031,379,,,GB
REGULAR_SEASON,,13,52.7,59.7,,,P100790_RB,RB,1,52.1,,,53.2,2031,217,,,GB
REGULAR_SEASON,,17,80.0,,,,NYJ_WR_02,WR,1,73.2,79.6,,,2031,739,,,GB
REGULAR_SEASON,,17,48.5,,,,P100331_WR,WR,1,49.9,51.7,,,2031,741,,,GB
REGULAR_SEASON,,15,67.7,,,,FA_WR_005,WR,1,69.9,69.4,,,2031,654,,,GB
REGULAR_SEASON,,17,62.7,,,,P100566_WR,WR,1,68.1,64.2,,,2031,734,,,GB
REGULAR_SEASON,,17,51.2,52.4,,,PHI_TE_06,TE,1,53.6,52.5,,,2031,694,,,GB
REGULAR_SEASON,,5,78.0,78.1,,,P100547_TE,TE,0,63.6,79.8,,,2031,184,,,GB
REGULAR_SEASON,,17,81.8,74.6,,,DAL_OT_01,OT,1,,74.2,,,2031,1131,,,GB
REGULAR_SEASON,,10,84.7,83.0,,,P100507_OT,OT,1,,79.7,,,2031,642,,,GB
REGULAR_SEASON,,4,94.6,90.4,,,PHI_OG_02,OG,0,,85.9,,,2031,257,,,GB
REGULAR_SEASON,,17,60.6,60.2,,,LAR_OG_01,OG,1,,60.1,,,2031,1116,,,GB
REGULAR_SEASON,,12,62.4,57.4,,,GB_C_02,C,1,,63.8,,,2031,788,,,GB
REGULAR_SEASON,,17,53.3,,57.4,,P100882_EDGE,EDGE,1,,,53.3,,2031,742,,55.5,GB
REGULAR_SEASON,,17,53.1,,53.8,,ATL_EDGE_07,EDGE,1,,,59.6,,2031,754,,49.1,GB
REGULAR_SEASON,,17,72.1,,70.0,,FA_EDGE_182,EDGE,1,,,71.9,,2031,751,,73.2,GB
REGULAR_SEASON,,16,65.7,,63.2,,P100797_EDGE,EDGE,1,,,67.8,,2031,674,,67.5,GB
REGULAR_SEASON,,16,69.3,,67.4,,GB_DT_04,DT,1,,,70.4,,2031,592,,71.1,GB
REGULAR_SEASON,,17,70.3,,65.2,,DEN_DT_04,DT,1,,,67.3,,2031,643,,67.5,GB
REGULAR_SEASON,,17,72.1,,76.6,,SF_DT_05,DT,1,,,61.8,,2031,641,,67.0,GB
REGULAR_SEASON,62.7,17,66.6,,60.6,,JAX_LB_01,LB,1,,,64.7,,2031,774,,63.1,GB
REGULAR_SEASON,64.9,17,62.2,,65.9,,P101392_LB,LB,1,,,60.2,,2031,803,,59.3,GB
REGULAR_SEASON,58.0,17,60.4,,63.3,,P101411_LB,LB,1,,,64.0,,2031,776,,58.5,GB
REGULAR_SEASON,66.2,17,73.2,,,,DET_CB_01,CB,1,,,70.1,,2031,820,,63.3,GB
REGULAR_SEASON,59.6,17,57.8,,,,P100131_CB,CB,1,,,58.0,,2031,839,,63.1,GB
REGULAR_SEASON,64.7,10,61.5,,,,LV_CB_07,CB,1,,,57.8,,2031,464,,61.8,GB
REGULAR_SEASON,59.8,12,64.4,,,,SEA_CB_04,CB,1,,,57.6,,2031,606,,62.3,GB
REGULAR_SEASON,64.6,17,64.4,,,,P101140_S,S,1,,,60.4,,2031,913,,63.0,GB
REGULAR_SEASON,70.0,17,71.2,,,,P101036_S,S,1,,,71.7,,2031,859,,70.7,GB
REGULAR_SEASON,63.9,17,58.8,,,,P101093_S,S,1,,,58.6,,2031,848,,61.9,GB
REGULAR_SEASON,,17,65.2,,,,P100052_K,K,1,,,,,2031,102,67.8,,GB
REGULAR_SEASON,,17,72.7,,,,BAL_P_01,P,1,,,,,2031,85,66.9,,GB
REGULAR_SEASON,,11,87.3,78.3,,,MIN_OT_02,OT,1,,83.3,,,2031,702,,,MIN
REGULAR_SEASON,,16,78.1,,75.4,,NYJ_EDGE_02,EDGE,1,,,76.1,,2031,683,,71.5,MIN
REGULAR_SEASON,66.4,16,65.3,,,,LV_CB_04,CB,1,,,67.1,,2031,778,,62.9,MIN
REGULAR_SEASON,,17,64.7,,,61.8,P100866_QB,QB,1,,,,64.7,2031,1083,,,NE
REGULAR_SEASON,,17,61.6,59.3,,,P100343_RB,RB,1,61.1,,,60.8,2031,611,,,NE
REGULAR_SEASON,,12,42.7,45.5,,,P100122_RB,RB,1,43.5,,,49.7,2031,271,,,NE
REGULAR_SEASON,,17,64.4,,,,LAC_WR_01,WR,1,62.1,61.9,,,2031,727,,,NE
REGULAR_SEASON,,11,74.5,,,,FA_WR_083,WR,1,68.1,72.4,,,2031,494,,,NE
REGULAR_SEASON,,17,60.2,,,,P100301_WR,WR,1,62.6,62.1,,,2031,712,,,NE
REGULAR_SEASON,,17,63.8,,,,P100633_WR,WR,1,67.5,62.1,,,2031,740,,,NE
REGULAR_SEASON,,17,79.0,70.2,,,P101142_TE,TE,1,75.2,72.0,,,2031,677,,,NE
REGULAR_SEASON,,16,72.0,74.6,,,NO_TE_02,TE,1,76.4,72.1,,,2031,619,,,NE
REGULAR_SEASON,,13,86.3,89.2,,,NE_OT_03,OT,1,,82.4,,,2031,863,,,NE
REGULAR_SEASON,,14,50.2,53.2,,,DEN_OT_05,OT,1,,54.9,,,2031,897,,,NE
REGULAR_SEASON,,13,84.9,87.2,,,P100959_OG,OG,1,,77.3,,,2031,844,,,NE
REGULAR_SEASON,,17,44.4,44.8,,,P101026_OG,OG,1,,48.2,,,2031,1125,,,NE
REGULAR_SEASON,,17,70.3,67.9,,,SEA_C_01,C,1,,68.1,,,2031,1140,,,NE
REGULAR_SEASON,,17,85.7,,80.0,,P100586_EDGE,EDGE,1,,,82.8,,2031,759,,76.2,NE
REGULAR_SEASON,,12,87.1,,77.9,,P100804_EDGE,EDGE,1,,,78.9,,2031,519,,89.6,NE
REGULAR_SEASON,,13,58.5,,56.8,,P101428_EDGE,EDGE,1,,,60.8,,2031,561,,57.2,NE
REGULAR_SEASON,,14,75.4,,77.2,,ARI_DT_04,DT,1,,,66.9,,2031,541,,66.9,NE
REGULAR_SEASON,,17,54.9,,56.4,,P100420_DT,DT,1,,,60.2,,2031,632,,55.5,NE
REGULAR_SEASON,,17,57.4,,61.5,,P100540_DT,DT,1,,,56.8,,2031,611,,61.0,NE
REGULAR_SEASON,69.8,13,70.9,,63.4,,P101459_LB,LB,1,,,68.5,,2031,589,,74.6,NE
REGULAR_SEASON,50.4,17,48.4,,61.7,,P101230_LB,LB,1,,,48.8,,2031,787,,51.9,NE
REGULAR_SEASON,69.7,17,69.1,,67.6,,P101306_LB,LB,1,,,69.1,,2031,736,,61.9,NE
REGULAR_SEASON,65.4,13,68.2,,,,P101463_CB,CB,1,,,60.7,,2031,653,,61.5,NE
REGULAR_SEASON,68.8,17,74.7,,,,CIN_CB_06,CB,1,,,74.6,,2031,855,,78.5,NE
REGULAR_SEASON,63.8,8,57.3,,,,P100583_CB,CB,1,,,62.0,,2031,396,,59.8,NE
REGULAR_SEASON,68.6,6,62.7,,,,P100249_CB,CB,0,,,64.3,,2031,314,,66.6,NE
REGULAR_SEASON,76.0,16,76.8,,,,NE_S_03,S,1,,,69.2,,2031,842,,64.9,NE
REGULAR_SEASON,75.6,10,81.2,,,,P100788_S,S,1,,,80.0,,2031,510,,75.3,NE
REGULAR_SEASON,57.5,17,58.8,,,,P100694_S,S,1,,,59.7,,2031,897,,56.3,NE
REGULAR_SEASON,,2,80.0,,,,MIA_K_01,K,0,,,,,2031,12,72.0,,NE
REGULAR_SEASON,,17,64.7,,,,GB_P_02,P,1,,,,,2031,85,61.7,,NE
REGULAR_SEASON,,17,53.1,,,58.0,ARI_QB_01,QB,1,,,,58.7,2031,1106,,,SF
REGULAR_SEASON,,15,58.6,60.4,,,P101387_RB,RB,1,62.8,,,57.4,2031,608,,,SF
REGULAR_SEASON,,17,73.1,,,,P100995_WR,WR,1,66.7,72.1,,,2031,739,,,SF
REGULAR_SEASON,,17,66.8,,,,SEA_WR_02,WR,1,67.2,66.6,,,2031,731,,,SF
REGULAR_SEASON,,17,72.8,,,,P100399_WR,WR,1,69.8,73.9,,,2031,744,,,SF
REGULAR_SEASON,,3,56.3,,,,DAL_WR_03,WR,0,49.3,57.7,,,2031,129,,,SF
REGULAR_SEASON,,17,70.7,69.9,,,TEN_TE_01,TE,1,64.1,72.0,,,2031,645,,,SF
REGULAR_SEASON,,16,56.4,61.6,,,DEN_TE_04,TE,1,55.3,58.8,,,2031,626,,,SF
REGULAR_SEASON,,17,86.1,80.2,,,SF_OT_01,OT,1,,77.1,,,2031,1115,,,SF
REGULAR_SEASON,,17,80.3,70.4,,,SF_OT_02,OT,1,,71.6,,,2031,1092,,,SF
REGULAR_SEASON,,17,72.7,75.2,,,KC_OG_02,OG,1,,71.2,,,2031,1131,,,SF
REGULAR_SEASON,,17,67.8,66.4,,,DEN_OG_01,OG,1,,63.6,,,2031,1123,,,SF
REGULAR_SEASON,,17,76.8,73.4,,,LAR_C_01,C,1,,76.1,,,2031,1073,,,SF
REGULAR_SEASON,,17,73.7,,72.6,,KC_EDGE_01,EDGE,1,,,72.9,,2031,728,,67.7,SF
REGULAR_SEASON,,17,72.1,,66.0,,CIN_EDGE_04,EDGE,1,,,63.4,,2031,743,,72.4,SF
REGULAR_SEASON,,17,47.2,,50.0,,TEN_EDGE_04,EDGE,1,,,51.6,,2031,731,,49.3,SF
REGULAR_SEASON,,17,79.7,,78.7,,P100719_EDGE,EDGE,1,,,80.0,,2031,780,,69.8,SF
REGULAR_SEASON,,17,59.4,,55.7,,NYG_DT_04,DT,1,,,61.2,,2031,661,,62.3,SF
REGULAR_SEASON,,17,59.8,,54.7,,P100270_DT,DT,1,,,59.6,,2031,640,,56.9,SF
REGULAR_SEASON,,3,63.1,,59.2,,NYJ_DT_05,DT,0,,,64.4,,2031,115,,52.0,SF
REGULAR_SEASON,65.8,16,62.8,,61.4,,SF_LB_01,LB,1,,,63.5,,2031,746,,60.4,SF
REGULAR_SEASON,73.3,16,69.5,,67.7,,NE_LB_02,LB,1,,,65.8,,2031,715,,72.4,SF
REGULAR_SEASON,68.5,17,60.2,,62.0,,SF_LB_02,LB,1,,,62.9,,2031,761,,60.0,SF
REGULAR_SEASON,74.5,10,78.8,,,,IND_CB_02,CB,1,,,72.6,,2031,515,,71.4,SF
REGULAR_SEASON,53.9,17,56.8,,,,P100063_CB,CB,1,,,53.6,,2031,820,,61.2,SF
REGULAR_SEASON,72.5,17,75.8,,,,P100068_CB,CB,1,,,68.1,,2031,856,,69.1,SF
REGULAR_SEASON,69.2,17,76.8,,,,TB_S_02,S,1,,,74.5,,2031,906,,72.0,SF
REGULAR_SEASON,67.1,17,74.3,,,,P100283_S,S,1,,,76.5,,2031,874,,68.0,SF
REGULAR_SEASON,70.7,17,69.2,,,,NO_S_04,S,1,,,67.0,,2031,883,,68.8,SF
REGULAR_SEASON,,13,67.2,,,,P100794_K,K,1,,,,,2031,78,65.9,,SF
REGULAR_SEASON,,9,51.0,,,,P101312_P,P,1,,,,,2031,45,56.7,,SF
REGULAR_SEASON,,17,54.1,,,56.0,P100234_QB,QB,1,,,,60.1,2031,1086,,,IND
REGULAR_SEASON,,17,59.8,63.6,,,P100963_RB,RB,1,59.2,,,55.8,2031,726,,,IND
REGULAR_SEASON,,17,71.4,,,,P101088_WR,WR,1,66.0,65.1,,,2031,767,,,IND
REGULAR_SEASON,,17,61.0,,,,P100762_WR,WR,1,55.6,63.4,,,2031,761,,,IND
REGULAR_SEASON,,17,78.3,71.0,,,SEA_TE_02,TE,1,73.0,80.8,,,2031,679,,,IND
REGULAR_SEASON,,6,78.6,77.2,,,LV_TE_01,TE,0,64.4,78.8,,,2031,238,,,IND
REGULAR_SEASON,,17,54.8,59.5,,,NYG_OT_01,OT,1,,62.0,,,2031,1126,,,IND
REGULAR_SEASON,,17,74.1,70.7,,,IND_OT_01,OT,1,,74.7,,,2031,1100,,,IND
REGULAR_SEASON,,17,75.1,70.2,,,DET_OG_02,OG,1,,77.6,,,2031,1115,,,IND
REGULAR_SEASON,,3,83.9,70.0,,,LAR_OG_02,OG,0,,69.9,,,2031,195,,,IND
REGULAR_SEASON,,12,90.8,84.9,,,IND_C_01,C,1,,81.0,,,2031,776,,,IND
REGULAR_SEASON,,17,71.8,,68.0,,BAL_EDGE_02,EDGE,1,,,69.9,,2031,745,,67.2,IND
REGULAR_SEASON,,17,76.6,,72.0,,IND_EDGE_01,EDGE,1,,,76.3,,2031,700,,69.4,IND
REGULAR_SEASON,,13,66.9,,65.2,,NYJ_EDGE_05,EDGE,1,,,62.4,,2031,573,,65.8,IND
REGULAR_SEASON,,17,69.0,,68.8,,TEN_EDGE_01,EDGE,1,,,71.2,,2031,750,,67.9,IND
REGULAR_SEASON,,14,90.7,,85.8,,TB_DT_02,DT,1,,,78.1,,2031,528,,86.0,IND
REGULAR_SEASON,,17,69.8,,67.9,,CLE_DT_04,DT,1,,,72.9,,2031,660,,68.9,IND
REGULAR_SEASON,,17,64.4,,57.2,,CLE_DT_02,DT,1,,,68.2,,2031,632,,70.9,IND
REGULAR_SEASON,75.1,17,75.1,,68.5,,JAX_LB_02,LB,1,,,70.5,,2031,773,,70.7,IND
REGULAR_SEASON,68.0,15,79.5,,81.0,,PHI_LB_04,LB,1,,,71.3,,2031,699,,79.4,IND
REGULAR_SEASON,69.6,6,71.1,,76.3,,GB_LB_03,LB,0,,,70.8,,2031,270,,70.0,IND
REGULAR_SEASON,78.7,17,89.6,,,,IND_CB_01,CB,1,,,85.6,,2031,833,,78.7,IND
REGULAR_SEASON,57.5,13,62.6,,,,IND_CB_03,CB,1,,,60.8,,2031,627,,61.3,IND
REGULAR_SEASON,52.9,15,55.9,,,,HOU_CB_05,CB,1,,,60.6,,2031,742,,59.5,IND
REGULAR_SEASON,68.5,17,65.9,,,,PIT_CB_05,CB,1,,,67.1,,2031,849,,71.8,IND
REGULAR_SEASON,77.5,17,82.9,,,,ARI_S_01,S,1,,,75.5,,2031,882,,77.9,IND
REGULAR_SEASON,74.5,17,74.7,,,,CAR_S_02,S,1,,,68.6,,2031,883,,70.1,IND
REGULAR_SEASON,83.6,9,80.0,,,,P100491_S,S,1,,,74.0,,2031,456,,71.0,IND
REGULAR_SEASON,,17,71.8,,,,ARI_K_01,K,1,,,,,2031,102,73.1,,IND
REGULAR_SEASON,,3,47.9,,,,KC_P_01,P,0,,,,,2031,15,50.4,,IND
REGULAR_SEASON,,16,84.6,,73.8,,DEN_DT_01,DT,1,,,77.1,,2031,575,,87.1,CIN
REGULAR_SEASON,,11,70.1,,,68.2,TB_QB_01,QB,1,,,,64.9,2031,688,,,BUF
REGULAR_SEASON,,16,69.1,,66.8,,P100497_DT,DT,1,,,63.6,,2031,606,,62.0,BUF
REGULAR_SEASON,56.6,16,58.7,,60.8,,P101413_LB,LB,1,,,57.6,,2031,720,,59.8,BUF
REGULAR_SEASON,64.4,10,66.2,,,,P101128_CB,CB,1,,,58.7,,2031,487,,68.0,BUF
REGULAR_SEASON,,1,96.1,99.9,,,NYG_OT_03,OT,0,,92.5,,,2031,65,,,LAR
REGULAR_SEASON,,4,64.4,54.7,,,P100752_C,C,0,,58.8,,,2031,262,,,LAR
REGULAR_SEASON,,15,62.2,62.4,,,CLE_TE_02,TE,1,65.6,66.2,,,2031,620,,,CLE
REGULAR_SEASON,,2,63.3,,,,P100813_WR,WR,0,71.9,72.6,,,2031,92,,,BAL
REGULAR_SEASON,,16,76.0,71.2,,,P100242_OT,OT,1,,74.6,,,2031,1069,,,BAL
REGULAR_SEASON,57.9,16,56.8,,,,P101414_CB,CB,1,,,61.4,,2031,780,,52.8,BAL
REGULAR_SEASON,,10,67.7,,,,JAX_WR_01,WR,1,62.9,63.2,,,2031,454,,,JAX
REGULAR_SEASON,,15,64.2,,,,IND_K_01,K,1,,,,,2031,90,63.5,,JAX
REGULAR_SEASON,,15,51.4,50.8,,,IND_RB_02,RB,1,50.4,,,57.7,2031,397,,,TEN
REGULAR_SEASON,60.9,9,51.6,,,,P101145_S,S,1,,,58.9,,2031,452,,53.2,KC
REGULAR_SEASON,,2,67.7,76.9,,,P100587_OT,OT,0,,56.4,,,2031,125,,,PHI
REGULAR_SEASON,72.0,8,72.6,,,,LAR_S_02,S,1,,,74.7,,2031,403,,70.8,PHI
REGULAR_SEASON,,14,80.2,,,,DEN_P_01,P,1,,,,,2031,70,71.4,,PHI
REGULAR_SEASON,,2,62.2,,62.7,,P100228_DT,DT,0,,,63.8,,2031,86,,42.9,NYG
REGULAR_SEASON,,15,49.7,,,,P100376_WR,WR,1,48.6,56.3,,,2031,664,,,DET
REGULAR_SEASON,,6,48.7,,54.3,,P101377_EDGE,EDGE,0,,,60.0,,2031,268,,47.1,DET
REGULAR_SEASON,68.7,8,70.5,,,,ARI_CB_04,CB,1,,,75.2,,2031,404,,67.8,DET
REGULAR_SEASON,68.5,2,70.6,,,,ARI_CB_03,CB,0,,,68.2,,2031,94,,72.6,DET
REGULAR_SEASON,,3,59.8,,,58.6,SEA_QB_04,QB,0,,,,59.5,2031,197,,,CHI
REGULAR_SEASON,,17,77.4,69.2,,,P100007_RB,RB,1,66.8,,,76.3,2031,581,,,CHI
REGULAR_SEASON,,10,76.1,71.8,,,P101248_RB,RB,1,75.2,,,69.6,2031,221,,,CHI
REGULAR_SEASON,,17,70.2,,,,P100322_WR,WR,1,67.3,62.1,,,2031,762,,,CHI
REGULAR_SEASON,,17,72.3,,,,P100386_WR,WR,1,66.1,70.3,,,2031,756,,,CHI
REGULAR_SEASON,,17,63.2,,,,P100653_WR,WR,1,65.4,60.6,,,2031,713,,,CHI
REGULAR_SEASON,,17,62.4,,,,PIT_WR_07,WR,1,66.5,64.8,,,2031,773,,,CHI
REGULAR_SEASON,,13,67.8,65.9,,,CHI_TE_01,TE,1,69.4,66.8,,,2031,526,,,CHI
REGULAR_SEASON,,13,48.6,50.7,,,P101047_TE,TE,1,48.9,59.7,,,2031,543,,,CHI
REGULAR_SEASON,,16,67.4,73.0,,,CAR_OT_05,OT,1,,65.1,,,2031,1067,,,CHI
REGULAR_SEASON,,17,53.5,62.9,,,CAR_OT_03,OT,1,,56.9,,,2031,1085,,,CHI
REGULAR_SEASON,,12,56.0,55.4,,,HOU_OG_01,OG,1,,57.7,,,2031,785,,,CHI
REGULAR_SEASON,,16,59.1,62.2,,,TB_OG_04,OG,1,,62.3,,,2031,1018,,,CHI
REGULAR_SEASON,,17,80.4,75.3,,,TB_C_02,C,1,,79.8,,,2031,1122,,,CHI
REGULAR_SEASON,,17,83.7,,78.8,,DEN_EDGE_01,EDGE,1,,,76.1,,2031,738,,76.3,CHI
REGULAR_SEASON,,8,79.8,,68.4,,CHI_EDGE_03,EDGE,1,,,77.9,,2031,368,,65.2,CHI
REGULAR_SEASON,,17,59.4,,56.7,,P100261_EDGE,EDGE,1,,,62.5,,2031,754,,62.4,CHI
REGULAR_SEASON,,17,57.8,,58.6,,P101231_EDGE,EDGE,1,,,51.7,,2031,725,,59.5,CHI
REGULAR_SEASON,,13,94.3,,86.5,,NE_DT_01,DT,1,,,85.3,,2031,479,,88.5,CHI
REGULAR_SEASON,,17,72.9,,63.9,,P100900_DT,DT,1,,,67.6,,2031,656,,70.8,CHI
REGULAR_SEASON,,17,69.2,,67.8,,P100238_DT,DT,1,,,67.9,,2031,659,,63.9,CHI
REGULAR_SEASON,75.3,17,85.6,,77.8,,P100783_LB,LB,1,,,82.9,,2031,757,,77.9,CHI
REGULAR_SEASON,73.7,17,74.7,,71.0,,WAS_LB_02,LB,1,,,73.3,,2031,774,,73.3,CHI
REGULAR_SEASON,64.9,15,59.3,,66.5,,ATL_LB_04,LB,1,,,58.8,,2031,698,,68.1,CHI
REGULAR_SEASON,63.6,17,67.2,,,,DEN_CB_01,CB,1,,,63.6,,2031,831,,69.2,CHI
REGULAR_SEASON,64.3,16,71.6,,,,P100291_CB,CB,1,,,70.2,,2031,787,,67.4,CHI
REGULAR_SEASON,53.6,17,58.5,,,,DEN_CB_08,CB,1,,,51.8,,2031,841,,66.3,CHI
REGULAR_SEASON,68.1,17,70.2,,,,P101118_CB,CB,1,,,69.1,,2031,809,,73.5,CHI
REGULAR_SEASON,,17,80.0,,,,TEN_K_01,K,1,,,,,2031,102,69.5,,CHI
REGULAR_SEASON,,15,59.2,,,,P100362_K,K,1,,,,,2031,90,57.5,,WAS
REGULAR_SEASON,,14,71.0,,66.8,,P100246_DT,DT,1,,,66.3,,2031,540,,71.7,SF
REGULAR_SEASON,77.9,16,78.6,,,,BAL_CB_02,CB,1,,,73.2,,2031,797,,77.0,SF
REGULAR_SEASON,51.8,10,46.2,,51.7,,P101182_LB,LB,1,,,41.4,,2031,438,,52.5,MIN
REGULAR_SEASON,,15,61.2,65.2,,,P100620_RB,RB,1,58.9,,,65.4,2031,327,,,BUF
REGULAR_SEASON,60.3,6,64.2,,,,P100659_CB,CB,0,,,67.1,,2031,295,,66.6,BUF
REGULAR_SEASON,,10,53.4,51.5,,,ATL_TE_02,TE,1,51.3,53.7,,,2031,376,,,GB
REGULAR_SEASON,,1,70.3,,76.1,,P100483_EDGE,EDGE,0,,,63.4,,2031,46,,64.0,GB
REGULAR_SEASON,74.5,6,75.9,,,,TB_CB_05,CB,0,,,74.9,,2031,294,,65.7,GB
REGULAR_SEASON,,15,51.1,,53.3,,P100146_EDGE,EDGE,1,,,52.8,,2031,666,,55.2,LAR
REGULAR_SEASON,44.6,8,45.8,,,,HOU_CB_04,CB,1,,,54.1,,2031,394,,45.7,LAR
REGULAR_SEASON,,6,49.6,,,,P101187_WR,WR,0,59.8,46.9,,,2031,260,,,NE
REGULAR_SEASON,,17,76.0,,,71.9,CIN_QB_01,QB,1,,,,69.9,2031,1106,,,PIT
REGULAR_SEASON,,13,59.8,59.7,,,DAL_RB_03,RB,1,60.4,,,66.8,2031,383,,,PIT
REGULAR_SEASON,,17,54.1,55.0,,,P100854_RB,RB,1,61.4,,,58.1,2031,368,,,PIT
REGULAR_SEASON,,16,64.6,59.0,,,P100857_RB,RB,1,60.8,,,66.3,2031,273,,,PIT
REGULAR_SEASON,,17,70.1,,,,ATL_WR_04,WR,1,66.6,75.1,,,2031,760,,,PIT
REGULAR_SEASON,,15,79.4,,,,PIT_WR_05,WR,1,78.9,70.4,,,2031,660,,,PIT
REGULAR_SEASON,,10,45.2,,,,KC_WR_08,WR,1,50.4,53.5,,,2031,422,,,PIT
REGULAR_SEASON,,17,54.1,,,,KC_WR_09,WR,1,56.2,54.7,,,2031,728,,,PIT
REGULAR_SEASON,,17,61.1,63.0,,,P101315_TE,TE,1,56.6,63.1,,,2031,670,,,PIT
REGULAR_SEASON,,5,68.0,69.1,,,P101121_TE,TE,0,67.1,65.1,,,2031,206,,,PIT
REGULAR_SEASON,,16,78.2,76.3,,,CAR_OT_02,OT,1,,73.7,,,2031,1053,,,PIT
REGULAR_SEASON,,13,67.3,68.0,,,CAR_OT_01,OT,1,,72.8,,,2031,852,,,PIT
REGULAR_SEASON,,11,69.9,67.5,,,PIT_OG_01,OG,1,,69.0,,,2031,723,,,PIT
REGULAR_SEASON,,16,74.3,73.6,,,GB_OG_04,OG,1,,68.6,,,2031,1072,,,PIT
REGULAR_SEASON,,15,77.8,75.0,,,PIT_C_01,C,1,,71.8,,,2031,988,,,PIT
REGULAR_SEASON,,14,51.2,,55.4,,NE_EDGE_02,EDGE,1,,,50.9,,2031,583,,50.5,PIT
REGULAR_SEASON,,17,59.3,,61.1,,ATL_EDGE_05,EDGE,1,,,61.6,,2031,735,,59.7,PIT
REGULAR_SEASON,,17,56.6,,60.9,,P101494_EDGE,EDGE,1,,,56.4,,2031,763,,51.8,PIT
REGULAR_SEASON,,17,71.4,,68.1,,P100851_DT,DT,1,,,66.6,,2031,633,,68.4,PIT
REGULAR_SEASON,,17,70.6,,64.6,,JAX_DT_01,DT,1,,,66.1,,2031,642,,67.3,PIT
REGULAR_SEASON,,15,59.3,,57.1,,P100135_DT,DT,1,,,61.3,,2031,548,,61.5,PIT
REGULAR_SEASON,79.6,17,85.8,,76.2,,PIT_LB_04,LB,1,,,78.8,,2031,802,,79.5,PIT
REGULAR_SEASON,67.1,17,70.6,,67.2,,P100456_LB,LB,1,,,63.7,,2031,771,,66.8,PIT
REGULAR_SEASON,60.5,17,52.7,,57.4,,P101322_LB,LB,1,,,51.9,,2031,772,,49.1,PIT
REGULAR_SEASON,64.5,17,75.3,,,,PIT_CB_03,CB,1,,,71.7,,2031,830,,73.7,PIT
REGULAR_SEASON,71.7,17,69.9,,,,P101499_CB,CB,1,,,68.8,,2031,824,,66.8,PIT
REGULAR_SEASON,51.7,17,54.2,,,,P100893_CB,CB,1,,,53.9,,2031,831,,54.0,PIT
REGULAR_SEASON,60.3,3,43.5,,,,P101319_CB,CB,0,,,37.9,,2031,138,,57.2,PIT
REGULAR_SEASON,64.3,17,62.5,,,,P100428_S,S,1,,,65.9,,2031,876,,60.2,PIT
REGULAR_SEASON,73.4,9,77.9,,,,P100347_S,S,1,,,83.8,,2031,458,,68.6,PIT
REGULAR_SEASON,72.0,17,73.4,,,,P100400_S,S,1,,,73.1,,2031,855,,75.7,PIT
REGULAR_SEASON,,17,78.7,,,,KC_K_01,K,1,,,,,2031,102,76.8,,PIT
REGULAR_SEASON,,17,75.0,,,,GB_P_01,P,1,,,,,2031,85,69.1,,PIT
REGULAR_SEASON,,3,58.6,47.8,,,P100472_TE,TE,0,52.8,67.0,,,2031,116,,,CIN
REGULAR_SEASON,,15,77.5,,,,ATL_P_01,P,1,,,,,2031,75,75.9,,CIN
REGULAR_SEASON,,9,77.3,,74.1,,P100902_EDGE,EDGE,1,,,66.5,,2031,395,,78.5,MIN
REGULAR_SEASON,,16,56.1,,,,P100160_WR,WR,1,54.4,59.2,,,2031,661,,,TB
REGULAR_SEASON,,16,69.4,63.5,,,P100323_OT,OT,1,,69.5,,,2031,1051,,,TB
REGULAR_SEASON,,4,51.9,52.8,,,P100916_OT,OT,0,,59.2,,,2031,259,,,TB
REGULAR_SEASON,,14,70.7,,,,P100081_P,P,1,,,,,2031,70,72.6,,TB
REGULAR_SEASON,,12,54.1,,56.5,,P101154_DT,DT,1,,,47.5,,2031,469,,59.2,CAR
REGULAR_SEASON,52.6,5,65.1,,60.7,,GB_LB_02,LB,0,,,78.5,,2031,230,,65.4,CAR
REGULAR_SEASON,,4,51.4,53.7,,,CLE_OT_01,OT,0,,53.1,,,2031,255,,,ARI
REGULAR_SEASON,65.4,16,73.8,,,,JAX_CB_01,CB,1,,,69.0,,2031,791,,73.7,ARI
REGULAR_SEASON,,14,77.5,76.9,,,NYJ_TE_03,TE,1,76.1,74.2,,,2031,557,,,BUF
REGULAR_SEASON,54.7,2,75.1,,82.1,,DET_LB_06,LB,0,,,78.2,,2031,92,,77.7,DEN
REGULAR_SEASON,82.1,14,88.6,,,,PHI_S_02,S,1,,,78.0,,2031,752,,82.2,DEN
REGULAR_SEASON,,17,81.1,,,77.1,LV_QB_01,QB,1,,,,74.9,2031,1051,,,LV
REGULAR_SEASON,,12,70.4,70.6,,,SF_RB_04,RB,1,68.5,,,67.8,2031,502,,,LV
REGULAR_SEASON,,17,65.2,,,,P101433_WR,WR,1,64.7,59.9,,,2031,769,,,LV
REGULAR_SEASON,,17,74.0,,,,LAR_WR_08,WR,1,70.9,68.1,,,2031,746,,,LV
REGULAR_SEASON,,13,74.5,,,,NYJ_WR_04,WR,1,68.5,66.4,,,2031,590,,,LV
REGULAR_SEASON,,17,62.3,,,,TB_WR_07,WR,1,63.0,56.1,,,2031,759,,,LV
REGULAR_SEASON,,17,55.3,58.6,,,P100212_TE,TE,1,58.5,56.7,,,2031,667,,,LV
REGULAR_SEASON,,17,65.6,66.1,,,P100219_TE,TE,1,67.1,63.4,,,2031,688,,,LV
REGULAR_SEASON,,17,65.8,65.1,,,P100361_OT,OT,1,,69.6,,,2031,1143,,,LV
REGULAR_SEASON,,17,83.6,75.5,,,CHI_OT_04,OT,1,,74.9,,,2031,1131,,,LV
REGULAR_SEASON,,17,72.9,71.6,,,LV_OG_01,OG,1,,64.5,,,2031,1115,,,LV
REGULAR_SEASON,,17,74.7,74.8,,,SEA_OG_05,OG,1,,71.5,,,2031,1118,,,LV
REGULAR_SEASON,,15,68.7,72.7,,,CAR_C_02,C,1,,71.7,,,2031,979,,,LV
REGULAR_SEASON,,17,75.5,,72.4,,LV_EDGE_04,EDGE,1,,,70.0,,2031,747,,69.8,LV
REGULAR_SEASON,,17,69.2,,67.4,,KC_EDGE_04,EDGE,1,,,67.2,,2031,730,,66.6,LV
REGULAR_SEASON,,17,48.4,,54.8,,PHI_EDGE_04,EDGE,1,,,51.8,,2031,753,,51.2,LV
REGULAR_SEASON,,17,48.3,,49.5,,LAC_DT_02,DT,1,,,57.4,,2031,624,,52.8,LV
REGULAR_SEASON,,17,58.7,,54.9,,MIA_DT_01,DT,1,,,61.7,,2031,633,,57.6,LV
REGULAR_SEASON,,13,71.1,,62.5,,LAR_DT_05,DT,1,,,69.4,,2031,484,,63.5,LV
REGULAR_SEASON,63.7,12,55.3,,49.1,,ATL_LB_05,LB,1,,,50.0,,2031,566,,58.4,LV
REGULAR_SEASON,64.2,17,53.7,,57.0,,BUF_LB_04,LB,1,,,48.9,,2031,771,,58.6,LV
REGULAR_SEASON,64.5,17,60.9,,61.7,,P100333_LB,LB,1,,,60.5,,2031,756,,61.1,LV
REGULAR_SEASON,63.3,17,57.9,,,,P100282_CB,CB,1,,,60.0,,2031,865,,58.6,LV
REGULAR_SEASON,60.6,17,62.0,,,,GB_CB_06,CB,1,,,63.8,,2031,831,,60.9,LV
REGULAR_SEASON,54.8,17,59.4,,,,DAL_CB_08,CB,1,,,54.3,,2031,842,,64.3,LV
REGULAR_SEASON,68.4,17,66.8,,,,P100798_CB,CB,1,,,68.5,,2031,792,,69.5,LV
REGULAR_SEASON,75.9,17,80.8,,,,P101024_S,S,1,,,76.4,,2031,890,,76.2,LV
REGULAR_SEASON,83.1,13,77.6,,,,P100109_S,S,1,,,74.3,,2031,641,,76.2,LV
REGULAR_SEASON,64.8,17,61.9,,,,ARI_S_05,S,1,,,63.8,,2031,848,,63.8,LV
REGULAR_SEASON,,17,76.9,,,,DET_K_01,K,1,,,,,2031,102,70.5,,LV
REGULAR_SEASON,,17,72.4,,,,JAX_P_01,P,1,,,,,2031,85,69.6,,LV
REGULAR_SEASON,67.9,5,66.4,,71.7,,P100781_LB,LB,0,,,75.8,,2031,214,,69.1,KC
REGULAR_SEASON,,3,71.4,64.3,,,P100873_C,C,0,,66.9,,,2031,191,,,BAL
REGULAR_SEASON,,11,67.9,,62.8,,LAC_DT_03,DT,1,,,62.1,,2031,436,,60.3,HOU
REGULAR_SEASON,,4,51.5,,,,TB_WR_05,WR,0,57.6,60.8,,,2031,179,,,PHI
REGULAR_SEASON,,10,94.0,,85.3,,BUF_EDGE_01,EDGE,1,,,84.0,,2031,439,,88.7,PHI
REGULAR_SEASON,,15,71.8,,,,P100557_WR,WR,1,69.2,60.4,,,2031,666,,,SEA
REGULAR_SEASON,,15,50.0,,,,P100421_WR,WR,1,51.7,54.4,,,2031,621,,,SEA
REGULAR_SEASON,,5,61.1,60.6,,,KC_OT_04,OT,0,,56.1,,,2031,327,,,SEA
REGULAR_SEASON,,14,66.6,,65.9,,P100316_EDGE,EDGE,1,,,59.1,,2031,613,,66.5,SEA
REGULAR_SEASON,,9,77.9,71.4,,,ATL_OG_01,OG,1,,74.2,,,2031,582,,,ATL
REGULAR_SEASON,,7,65.6,57.4,,,P101290_OT,OT,0,,63.7,,,2031,449,,,GB
REGULAR_SEASON,,14,72.1,69.9,,,P100449_OT,OT,1,,72.0,,,2031,902,,,NO
REGULAR_SEASON,65.5,13,60.5,,62.0,,P101330_LB,LB,1,,,62.9,,2031,586,,58.0,NO
REGULAR_SEASON,,17,70.1,,,71.0,DAL_QB_02,QB,1,,,,72.2,2031,1094,,,NYJ
REGULAR_SEASON,,17,52.1,60.2,,,P101447_RB,RB,1,57.7,,,60.2,2031,723,,,NYJ
REGULAR_SEASON,,17,70.3,,,,CIN_WR_04,WR,1,70.7,66.1,,,2031,729,,,NYJ
REGULAR_SEASON,,13,78.6,,,,DET_WR_01,WR,1,70.2,72.8,,,2031,561,,,NYJ
REGULAR_SEASON,,11,78.9,,,,NYJ_WR_03,WR,1,67.5,70.7,,,2031,493,,,NYJ
REGULAR_SEASON,,17,63.0,,,,ATL_WR_01,WR,1,63.1,60.0,,,2031,743,,,NYJ
REGULAR_SEASON,,17,91.7,86.8,,,DEN_TE_01,TE,1,88.2,85.7,,,2031,668,,,NYJ
REGULAR_SEASON,,17,79.8,73.8,,,P100981_TE,TE,1,78.3,75.7,,,2031,669,,,NYJ
REGULAR_SEASON,,17,71.9,68.1,,,HOU_OT_01,OT,1,,66.9,,,2031,1114,,,NYJ
REGULAR_SEASON,,1,75.6,68.6,,,NYJ_OT_02,OT,0,,75.3,,,2031,62,,,NYJ
REGULAR_SEASON,,9,63.7,65.7,,,P100013_OG,OG,1,,63.5,,,2031,597,,,NYJ
REGULAR_SEASON,,17,74.5,68.8,,,IND_OG_01,OG,1,,74.6,,,2031,1139,,,NYJ
REGULAR_SEASON,,16,63.6,65.7,,,P100300_C,C,1,,64.6,,,2031,1079,,,NYJ
REGULAR_SEASON,,17,57.8,,60.2,,PIT_EDGE_03,EDGE,1,,,56.1,,2031,748,,57.5,NYJ
REGULAR_SEASON,,15,74.7,,67.2,,JAX_EDGE_01,EDGE,1,,,67.9,,2031,680,,64.5,NYJ
REGULAR_SEASON,,17,76.6,,69.7,,P100780_EDGE,EDGE,1,,,73.6,,2031,755,,68.8,NYJ
REGULAR_SEASON,,17,59.9,,56.1,,NYJ_EDGE_04,EDGE,1,,,62.9,,2031,744,,56.4,NYJ
REGULAR_SEASON,,17,77.2,,74.7,,DEN_DT_02,DT,1,,,71.7,,2031,646,,74.9,NYJ
REGULAR_SEASON,,12,70.6,,69.8,,CHI_DT_03,DT,1,,,69.5,,2031,461,,64.5,NYJ
REGULAR_SEASON,,11,67.4,,69.7,,JAX_DT_04,DT,1,,,61.4,,2031,396,,59.7,NYJ
REGULAR_SEASON,58.8,17,58.2,,57.5,,P100884_LB,LB,1,,,59.6,,2031,779,,60.4,NYJ
REGULAR_SEASON,60.1,17,56.3,,56.3,,P100520_LB,LB,1,,,60.8,,2031,745,,56.3,NYJ
REGULAR_SEASON,58.5,17,54.9,,60.7,,ATL_LB_02,LB,1,,,57.3,,2031,751,,57.4,NYJ
REGULAR_SEASON,72.1,17,73.3,,,,GB_CB_03,CB,1,,,69.3,,2031,837,,72.6,NYJ
REGULAR_SEASON,63.3,17,65.8,,,,NYJ_CB_02,CB,1,,,63.4,,2031,854,,68.6,NYJ
REGULAR_SEASON,69.1,17,72.5,,,,PHI_CB_01,CB,1,,,72.4,,2031,864,,68.8,NYJ
REGULAR_SEASON,56.6,12,55.9,,,,P101219_CB,CB,1,,,58.1,,2031,585,,56.3,NYJ
REGULAR_SEASON,67.5,15,72.3,,,,P100592_S,S,1,,,67.1,,2031,760,,72.7,NYJ
REGULAR_SEASON,57.2,17,60.9,,,,NYG_S_01,S,1,,,63.0,,2031,865,,61.9,NYJ
REGULAR_SEASON,,9,70.9,,,,CHI_K_01,K,1,,,,,2031,54,76.7,,NYJ
REGULAR_SEASON,,17,77.7,,,,SEA_P_01,P,1,,,,,2031,85,77.0,,NYJ
REGULAR_SEASON,,14,76.6,74.7,,,SF_OG_02,OG,1,,71.6,,,2031,911,,,IND
REGULAR_SEASON,,14,62.4,,,,P101161_WR,WR,1,61.5,63.6,,,2031,590,,,TEN
REGULAR_SEASON,,17,70.5,,,63.6,P100809_QB,QB,1,,,,64.8,2031,1061,,,LAC
REGULAR_SEASON,,17,57.8,58.5,,,P100430_RB,RB,1,57.3,,,51.2,2031,489,,,LAC
REGULAR_SEASON,,17,59.3,52.0,,,CIN_RB_05,RB,1,58.8,,,60.6,2031,323,,,LAC
REGULAR_SEASON,,17,38.7,42.1,,,HOU_RB_02,RB,1,43.5,,,45.0,2031,263,,,LAC
REGULAR_SEASON,,17,54.9,,,,ARI_WR_03,WR,1,55.8,56.4,,,2031,732,,,LAC
REGULAR_SEASON,,17,71.9,,,,P101164_WR,WR,1,66.1,68.4,,,2031,754,,,LAC
REGULAR_SEASON,,17,73.3,71.8,,,MIA_TE_03,TE,1,74.0,72.7,,,2031,682,,,LAC
REGULAR_SEASON,,17,55.1,53.1,,,P101069_TE,TE,1,57.3,58.6,,,2031,676,,,LAC
REGULAR_SEASON,,17,68.7,69.5,,,P100581_OT,OT,1,,67.6,,,2031,1097,,,LAC
REGULAR_SEASON,,2,51.3,56.4,,,P101375_OT,OT,0,,54.3,,,2031,133,,,LAC
REGULAR_SEASON,,17,56.4,63.7,,,P101240_OG,OG,1,,55.1,,,2031,1087,,,LAC
REGULAR_SEASON,,3,64.4,64.3,,,P100834_OG,OG,0,,70.3,,,2031,201,,,LAC
REGULAR_SEASON,,17,58.5,58.6,,,GB_C_01,C,1,,62.7,,,2031,1095,,,LAC
REGULAR_SEASON,,17,77.9,,74.3,,P100221_EDGE,EDGE,1,,,71.1,,2031,747,,72.1,LAC
REGULAR_SEASON,,17,83.0,,82.0,,P101488_EDGE,EDGE,1,,,75.6,,2031,751,,73.6,LAC
REGULAR_SEASON,,6,54.1,,60.8,,P101103_EDGE,EDGE,0,,,50.9,,2031,263,,53.5,LAC
REGULAR_SEASON,,17,77.3,,72.5,,P101436_DT,DT,1,,,69.3,,2031,618,,68.4,LAC
REGULAR_SEASON,,17,48.1,,47.3,,P100825_DT,DT,1,,,53.6,,2031,640,,52.0,LAC
REGULAR_SEASON,,4,43.4,,48.9,,P101002_DT,DT,0,,,44.8,,2031,153,,55.2,LAC
REGULAR_SEASON,60.5,16,64.6,,66.9,,SF_LB_05,LB,1,,,63.4,,2031,755,,64.3,LAC
REGULAR_SEASON,66.3,12,70.2,,68.8,,P100710_LB,LB,1,,,72.7,,2031,568,,68.2,LAC
REGULAR_SEASON,58.4,17,59.1,,60.8,,P100252_LB,LB,1,,,60.1,,2031,756,,55.5,LAC
REGULAR_SEASON,59.3,17,56.1,,,,P100153_CB,CB,1,,,59.4,,2031,828,,56.7,LAC
REGULAR_SEASON,66.2,17,64.1,,,,NE_CB_02,CB,1,,,60.3,,2031,847,,60.8,LAC
REGULAR_SEASON,67.9,17,70.1,,,,P100527_CB,CB,1,,,70.0,,2031,832,,68.5,LAC
REGULAR_SEASON,64.1,17,69.4,,,,P100158_S,S,1,,,67.2,,2031,884,,65.2,LAC
REGULAR_SEASON,80.0,8,80.3,,,,P101495_S,S,1,,,78.3,,2031,415,,78.4,LAC
REGULAR_SEASON,61.6,17,65.3,,,,P101276_S,S,1,,,68.0,,2031,872,,65.0,LAC
REGULAR_SEASON,,3,60.0,,,,PIT_K_01,K,0,,,,,2031,18,56.9,,LAC
REGULAR_SEASON,,16,63.1,,,,MIA_P_01,P,1,,,,,2031,80,63.9,,LAC
REGULAR_SEASON,,4,74.4,,69.5,,P100324_DT,DT,0,,,69.6,,2031,148,,71.3,CLE
REGULAR_SEASON,,3,48.1,51.1,,,P101082_OG,OG,0,,60.4,,,2031,198,,,DAL
REGULAR_SEASON,,3,80.6,,72.5,,P100307_DT,DT,0,,,78.3,,2031,114,,69.0,DAL
REGULAR_SEASON,,8,66.5,,,,P100377_WR,WR,1,69.6,61.0,,,2031,345,,,NYJ
REGULAR_SEASON,,16,67.8,65.2,,,NYG_OT_02,OT,1,,67.0,,,2031,1053,,,NYJ
REGULAR_SEASON,,15,75.5,,,,SF_K_02,K,1,,,,,2031,90,71.1,,NE
REGULAR_SEASON,68.6,8,70.2,,,,JAX_S_02,S,1,,,70.8,,2031,430,,71.7,BAL
REGULAR_SEASON,,3,45.2,42.4,,,P101044_RB,RB,0,55.3,,,49.9,2031,60,,,CIN
REGULAR_SEASON,,14,57.3,,,60.5,P100986_QB,QB,1,,,,55.2,2031,891,,,CHI
REGULAR_SEASON,,2,66.2,,,,P100675_WR,WR,0,56.2,76.1,,,2031,95,,,GB
REGULAR_SEASON,,8,77.3,74.1,,,P100840_TE,TE,1,70.1,73.9,,,2031,304,,,CAR
REGULAR_SEASON,,14,71.8,71.3,,,CHI_OG_03,OG,1,,68.9,,,2031,931,,,TB
REGULAR_SEASON,68.7,5,63.8,,60.5,,MIA_LB_05,LB,0,,,57.4,,2031,233,,69.8,LV
REGULAR_SEASON,,16,63.3,,55.7,,CAR_EDGE_09,EDGE,1,,,62.1,,2031,683,,63.2,PIT
REGULAR_SEASON,52.1,8,52.1,,,,PHI_S_03,S,1,,,55.3,,2031,405,,54.0,IND
REGULAR_SEASON,55.6,3,58.5,,,,P100941_S,S,0,,,54.0,,2031,163,,49.6,TEN
REGULAR_SEASON,,13,87.9,84.2,,,CLE_OT_02,OT,1,,74.0,,,2031,879,,,CLE
REGULAR_SEASON,,14,74.3,,,,IND_WR_01,WR,1,70.1,73.0,,,2031,603,,,SF
REGULAR_SEASON,,10,62.5,,,,BUF_WR_06,WR,1,61.9,60.3,,,2031,441,,,LAC
REGULAR_SEASON,,4,77.0,,,61.3,GB_QB_02,QB,0,,,,77.3,2031,267,,,MIA
REGULAR_SEASON,50.3,12,51.0,,,,SF_S_07,S,1,,,55.5,,2031,622,,52.9,CLE
REGULAR_SEASON,77.7,13,81.3,,74.2,,NE_LB_04,LB,1,,,78.0,,2031,595,,77.1,IND
REGULAR_SEASON,,11,55.5,,,,IND_P_01,P,1,,,,,2031,55,61.3,,IND
REGULAR_SEASON,,13,63.6,,60.4,,P100033_DT,DT,1,,,58.3,,2031,490,,66.6,DAL
REGULAR_SEASON,,11,81.9,80.7,,,ATL_OT_01,OT,1,,79.1,,,2031,717,,,PHI
REGULAR_SEASON,64.7,3,67.8,,70.0,,DEN_LB_02,LB,0,,,65.8,,2031,132,,64.8,NYG
REGULAR_SEASON,,13,70.4,61.8,,,JAX_OG_02,OG,1,,63.7,,,2031,862,,,GB
REGULAR_SEASON,,1,74.2,,,88.9,SF_QB_03,QB,0,,,,53.3,2031,64,,,ATL
REGULAR_SEASON,,1,41.3,75.4,,,P101202_OG,OG,0,,51.4,,,2031,67,,,NO
REGULAR_SEASON,,6,48.4,,50.8,,P100412_EDGE,EDGE,0,,,53.6,,2031,239,,54.2,NO
REGULAR_SEASON,,8,69.9,,71.1,,NYG_DT_03,DT,1,,,58.9,,2031,302,,66.0,NO
REGULAR_SEASON,68.4,3,71.8,,,,P100913_CB,CB,0,,,74.6,,2031,145,,63.6,NO
REGULAR_SEASON,,15,51.7,58.0,,,P100897_OT,OT,1,,47.2,,,2031,969,,,LAC
REGULAR_SEASON,,3,87.4,64.1,,,LAC_OG_03,OG,0,,82.9,,,2031,205,,,BUF
REGULAR_SEASON,71.7,14,72.3,,,,P101166_CB,CB,1,,,69.1,,2031,684,,65.4,PIT
REGULAR_SEASON,,10,42.6,,45.3,,P101250_DT,DT,1,,,47.9,,2031,377,,53.0,DET
REGULAR_SEASON,78.5,11,85.8,,,,CLE_CB_01,CB,1,,,78.7,,2031,515,,82.1,DET
REGULAR_SEASON,,1,64.1,77.4,,,CHI_TE_03,TE,0,89.3,61.0,,,2031,37,,,CAR
REGULAR_SEASON,,13,74.4,,,,CHI_P_01,P,1,,,,,2031,65,74.2,,CHI
REGULAR_SEASON,,12,70.6,,,,CAR_WR_05,WR,1,62.7,74.1,,,2031,503,,,DEN
REGULAR_SEASON,72.6,3,71.0,,58.1,,IND_LB_01,LB,0,,,65.7,,2031,118,,68.3,DEN
REGULAR_SEASON,66.1,5,53.2,,,,P101087_CB,CB,0,,,56.6,,2031,243,,52.5,BAL
REGULAR_SEASON,,2,47.7,70.5,,,IND_RB_01,RB,0,55.3,,,51.3,2031,32,,,BUF
REGULAR_SEASON,,2,62.6,42.8,,,CIN_OT_04,OT,0,,64.4,,,2031,124,,,MIA
REGULAR_SEASON,,1,45.4,44.1,,,P101432_TE,TE,0,55.6,59.3,,,2031,38,,,PIT
REGULAR_SEASON,53.5,8,47.1,,,,P100607_S,S,1,,,52.3,,2031,421,,49.7,PIT
REGULAR_SEASON,,4,65.4,,73.0,,TEN_EDGE_06,EDGE,0,,,67.7,,2031,192,,55.1,BAL
REGULAR_SEASON,,3,34.9,,39.1,,P100728_EDGE,EDGE,0,,,51.8,,2031,136,,46.9,DAL
REGULAR_SEASON,,4,66.9,,,61.1,MIA_QB_03,QB,0,,,,63.4,2031,264,,,WAS
REGULAR_SEASON,,4,44.1,,59.4,,P101431_DT,DT,0,,,63.7,,2031,138,,57.6,WAS
REGULAR_SEASON,,8,67.4,63.6,,,DAL_OG_02,OG,1,,73.2,,,2031,541,,,ATL
REGULAR_SEASON,77.0,11,83.5,,,,P100681_CB,CB,1,,,81.0,,2031,541,,77.5,ATL
REGULAR_SEASON,,12,88.2,,,,P100447_WR,WR,1,88.9,82.4,,,2031,536,,,ARI
REGULAR_SEASON,,5,44.2,,,,P101043_WR,WR,0,48.7,48.7,,,2031,222,,,LAR
REGULAR_SEASON,,14,63.9,68.4,,,P100853_OG,OG,1,,58.0,,,2031,903,,,LAC
REGULAR_SEASON,,7,71.4,,,,JAX_K_01,K,1,,,,,2031,42,77.1,,LAC
REGULAR_SEASON,,12,69.9,60.7,,,P100312_OG,OG,1,,65.7,,,2031,787,,,KC
REGULAR_SEASON,,4,57.9,,,56.5,P101212_QB,QB,0,,,,54.3,2031,262,,,HOU
REGULAR_SEASON,,2,57.1,59.4,,,P101404_C,C,0,,68.7,,,2031,133,,,HOU
REGULAR_SEASON,,11,69.1,67.0,,,KC_TE_02,TE,1,59.3,59.3,,,2031,430,,,IND
REGULAR_SEASON,,3,65.1,71.1,,,HOU_OT_04,OT,0,,62.5,,,2031,189,,,DET
REGULAR_SEASON,65.8,1,73.0,,,,CHI_CB_02,CB,0,,,59.6,,2031,52,,88.1,NYJ
REGULAR_SEASON,,6,68.8,69.1,,,LV_OG_04,OG,0,,72.9,,,2031,393,,,CHI
REGULAR_SEASON,,4,55.9,,,,P100543_WR,WR,0,58.5,56.6,,,2031,182,,,LV
REGULAR_SEASON,,13,68.5,,66.9,,KC_DT_03,DT,1,,,67.5,,2031,491,,71.6,LAC
REGULAR_SEASON,,3,53.8,,,55.1,P101001_QB,QB,0,,,,62.1,2031,186,,,KC
REGULAR_SEASON,,5,48.2,,52.2,,P100595_EDGE,EDGE,0,,,51.4,,2031,232,,54.0,KC
REGULAR_SEASON,,8,57.4,58.4,,,P100713_OG,OG,1,,61.0,,,2031,520,,,MIN
REGULAR_SEASON,,11,74.2,71.9,,,LAC_TE_01,TE,1,78.7,68.4,,,2031,410,,,PIT
REGULAR_SEASON,,2,80.8,,,,CIN_P_02,P,0,,,,,2031,10,88.6,,NO
REGULAR_SEASON,,1,55.0,,,,NO_P_02,P,0,,,,,2031,5,69.1,,HOU
REGULAR_SEASON,,1,76.9,,,80.1,P101151_QB,QB,0,,,,72.7,2031,63,,,JAX
REGULAR_SEASON,,7,49.9,51.5,,,P100288_OT,OT,0,,65.4,,,2031,462,,,NE
REGULAR_SEASON,58.1,4,56.7,,50.2,,P101399_LB,LB,0,,,50.0,,2031,173,,55.7,NE
REGULAR_SEASON,59.4,7,48.3,,,,WAS_CB_08,CB,1,,,43.6,,2031,350,,56.9,PHI
REGULAR_SEASON,,8,70.8,,70.7,,P100184_DT,DT,1,,,69.6,,2031,303,,65.3,ATL
REGULAR_SEASON,,3,54.3,,,71.1,BUF_QB_03,QB,0,,,,57.6,2031,189,,,TB
REGULAR_SEASON,49.1,1,78.7,,76.5,,TB_LB_05,LB,0,,,46.3,,2031,49,,75.0,TB
REGULAR_SEASON,,6,39.7,45.0,,,P100775_OG,OG,0,,38.0,,,2031,407,,,TEN
REGULAR_SEASON,,8,57.2,,64.7,,IND_DT_05,DT,0,,,58.6,,2031,292,,54.8,TEN
REGULAR_SEASON,,5,52.4,50.0,,,P100779_OG,OG,0,,51.3,,,2031,342,,,HOU
REGULAR_SEASON,53.3,3,56.5,,,,IND_CB_06,CB,0,,,64.2,,2031,147,,52.0,DEN
REGULAR_SEASON,,7,69.8,67.6,,,P100862_OT,OT,0,,68.5,,,2031,445,,,KC
REGULAR_SEASON,,2,66.6,,70.5,,P100602_EDGE,EDGE,0,,,74.8,,2031,85,,72.9,KC
REGULAR_SEASON,68.9,2,52.5,,50.2,,ATL_LB_06,LB,0,,,65.1,,2031,87,,51.4,SF
REGULAR_SEASON,,3,60.7,,,82.5,P100553_QB,QB,0,,,,55.6,2031,180,,,SEA
REGULAR_SEASON,,5,66.1,,,66.8,P100370_QB,QB,0,,,,77.1,2031,307,,,DAL
REGULAR_SEASON,57.2,4,63.2,,61.4,,P100818_LB,LB,0,,,55.9,,2031,176,,74.7,DAL
REGULAR_SEASON,,2,69.1,57.4,,,P100745_RB,RB,0,59.6,,,86.7,2031,33,,,BUF
REGULAR_SEASON,,6,54.4,,55.7,,P101336_EDGE,EDGE,0,,,55.0,,2031,245,,53.9,BAL
REGULAR_SEASON,,1,75.1,80.9,,,P100433_C,C,0,,45.3,,,2031,66,,,ATL
REGULAR_SEASON,68.0,6,61.1,,,,P101480_S,S,0,,,58.9,,2031,307,,69.6,ARI
REGULAR_SEASON,,3,73.1,,65.3,,IND_DT_01,DT,0,,,71.6,,2031,116,,58.3,IND
REGULAR_SEASON,,1,35.1,,,,P101448_WR,WR,0,48.3,47.6,,,2031,49,,,PHI
REGULAR_SEASON,,7,53.2,,,,P101243_WR,WR,0,57.6,57.5,,,2031,319,,,WAS
REGULAR_SEASON,63.8,2,58.5,,62.1,,P101472_LB,LB,0,,,55.6,,2031,85,,51.9,WAS
REGULAR_SEASON,,3,49.4,41.4,,,P100819_OT,OT,0,,53.9,,,2031,198,,,NYG
REGULAR_SEASON,62.5,7,66.2,,,,P101153_S,S,1,,,71.0,,2031,370,,65.5,NE
REGULAR_SEASON,66.0,4,61.2,,,,P101289_S,S,0,,,53.6,,2031,205,,60.8,CIN
REGULAR_SEASON,,5,61.8,,62.9,,CHI_EDGE_05,EDGE,0,,,65.9,,2031,221,,59.9,CLE
REGULAR_SEASON,,7,61.6,64.0,,,P100229_OG,OG,0,,62.1,,,2031,462,,,DEN
REGULAR_SEASON,,8,71.6,65.4,,,P100541_OG,OG,1,,68.8,,,2031,501,,,WAS
REGULAR_SEASON,,2,64.2,,,,P101397_WR,WR,0,51.7,74.3,,,2031,89,,,LAR
REGULAR_SEASON,,7,71.3,59.1,,,CLE_TE_01,TE,0,74.6,56.1,,,2031,260,,,BAL
REGULAR_SEASON,,4,56.9,,51.6,,ARI_EDGE_03,EDGE,0,,,54.4,,2031,190,,54.5,CAR
REGULAR_SEASON,,9,68.6,,65.9,,P101321_EDGE,EDGE,1,,,65.9,,2031,416,,57.2,CHI
REGULAR_SEASON,,2,76.4,92.6,,,NYJ_OG_01,OG,0,,79.7,,,2031,141,,,NYJ
REGULAR_SEASON,,10,62.9,,63.7,,BUF_DT_05,DT,1,,,67.3,,2031,379,,57.0,NYJ
REGULAR_SEASON,,8,52.0,,,,PHI_K_01,K,1,,,,,2031,48,57.0,,NYJ
REGULAR_SEASON,,2,51.0,,,,MIA_WR_03,WR,0,62.4,37.6,,,2031,83,,,TB
REGULAR_SEASON,,4,57.1,64.6,,,P101067_OT,OT,0,,55.3,,,2031,250,,,PIT
REGULAR_SEASON,,5,77.2,74.1,,,PHI_C_01,C,0,,68.6,,,2031,319,,,IND
REGULAR_SEASON,,4,64.2,,,,P100759_WR,WR,0,65.4,59.2,,,2031,173,,,MIA
REGULAR_SEASON,,1,82.9,89.3,,,CAR_TE_04,TE,0,80.2,69.2,,,2031,37,,,MIA
REGULAR_SEASON,,3,61.0,,,72.1,P100598_QB,QB,0,,,,61.9,2031,182,,,NO
REGULAR_SEASON,,6,75.8,67.1,,,TB_OG_02,OG,0,,67.7,,,2031,395,,,NYJ
REGULAR_SEASON,67.7,4,62.9,,66.2,,IND_LB_05,LB,0,,,69.4,,2031,189,,56.4,CLE
REGULAR_SEASON,,5,78.5,79.8,,,LV_C_02,C,0,,64.6,,,2031,325,,,HOU
REGULAR_SEASON,,4,54.6,,59.0,,LV_DT_03,DT,0,,,61.1,,2031,130,,60.9,LV
REGULAR_SEASON,63.9,4,62.6,,,,NO_CB_05,CB,0,,,77.1,,2031,173,,55.9,DEN
REGULAR_SEASON,,7,62.6,,,,DEN_K_02,K,1,,,,,2031,42,56.1,,LAC
REGULAR_SEASON,,5,69.4,70.2,,,P100113_C,C,0,,62.2,,,2031,334,,,GB
REGULAR_SEASON,,3,52.4,,51.5,,MIN_DT_04,DT,0,,,42.5,,2031,129,,54.9,ATL
REGULAR_SEASON,72.6,1,47.7,,,,P100880_S,S,0,,,57.8,,2031,51,,38.7,NE
REGULAR_SEASON,,4,57.2,54.9,,,P100668_OG,OG,0,,44.5,,,2031,264,,,ARI
REGULAR_SEASON,62.2,4,63.4,,59.7,,P100213_LB,LB,0,,,72.0,,2031,191,,61.6,PHI
REGULAR_SEASON,68.9,4,67.0,,,,P100723_CB,CB,0,,,63.2,,2031,189,,64.0,CAR
REGULAR_SEASON,,7,65.5,70.9,,,DAL_OG_03,OG,0,,66.7,,,2031,458,,,PIT
REGULAR_SEASON,,1,69.8,,60.6,,P100735_EDGE,EDGE,0,,,56.9,,2031,40,,72.0,BUF
REGULAR_SEASON,,1,44.4,,41.9,,P101229_DT,DT,0,,,74.2,,2031,39,,51.7,DET
REGULAR_SEASON,,4,62.2,,67.9,,P100789_DT,DT,0,,,55.7,,2031,143,,69.2,SEA
REGULAR_SEASON,,4,63.4,57.6,,,P100930_OG,OG,0,,69.7,,,2031,258,,,NE
REGULAR_SEASON,,1,76.7,,,50.7,P100712_QB,QB,0,,,,54.2,2031,62,,,JAX
REGULAR_SEASON,,4,55.8,48.2,,,NO_TE_01,TE,0,48.7,51.0,,,2031,135,,,CHI
REGULAR_SEASON,,3,55.3,59.7,,,CAR_OG_04,OG,0,,56.7,,,2031,204,,,MIA
REGULAR_SEASON,,3,59.3,61.7,,,BAL_OG_03,OG,0,,62.8,,,2031,203,,,MIA
REGULAR_SEASON,75.7,3,61.5,,64.0,,TEN_LB_03,LB,0,,,72.0,,2031,135,,58.0,MIA
REGULAR_SEASON,,5,72.2,,,,PIT_WR_08,WR,0,56.2,73.1,,,2031,208,,,DAL
REGULAR_SEASON,,4,62.8,65.4,,,P100992_C,C,0,,63.4,,,2031,269,,,KC
REGULAR_SEASON,67.3,5,53.6,,,,P100846_CB,CB,0,,,45.1,,2031,247,,64.0,KC
REGULAR_SEASON,,4,67.0,59.2,,,P100141_OG,OG,0,,65.9,,,2031,255,,,CIN
REGULAR_SEASON,,2,54.7,40.0,,,P100629_TE,TE,0,58.7,60.0,,,2031,90,,,ARI
REGULAR_SEASON,,3,46.7,47.8,,,P100872_OT,OT,0,,57.6,,,2031,201,,,ATL
REGULAR_SEASON,41.4,1,60.3,,,,HOU_S_03,S,0,,,61.1,,2031,51,,79.8,ATL
REGULAR_SEASON,,2,76.4,,,,ARI_WR_01,WR,0,86.5,71.5,,,2031,93,,,NYJ
REGULAR_SEASON,,4,67.8,,73.8,,P101285_DT,DT,0,,,52.5,,2031,140,,65.5,CHI
REGULAR_SEASON,38.7,4,37.3,,,,P100645_S,S,0,,,48.7,,2031,210,,49.8,NO
REGULAR_SEASON,,1,72.9,76.8,,,ARI_OG_04,OG,0,,48.3,,,2031,66,,,TB
REGULAR_SEASON,,3,46.7,,,,P100255_WR,WR,0,37.6,65.6,,,2031,146,,,KC
REGULAR_SEASON,,3,79.0,,,,P101298_K,K,0,,,,,2031,18,70.4,,KC
REGULAR_SEASON,,2,83.8,,83.8,,PIT_DT_04,DT,0,,,76.2,,2031,73,,76.0,MIA
REGULAR_SEASON,,3,73.6,60.0,,,NO_OG_02,OG,0,,60.6,,,2031,197,,,CAR
REGULAR_SEASON,,2,65.1,70.0,,,HOU_C_01,C,0,,58.8,,,2031,132,,,CAR
REGULAR_SEASON,66.1,1,66.5,,,,TEN_CB_07,CB,0,,,88.4,,2031,49,,75.4,TEN
REGULAR_SEASON,,2,67.5,74.1,,,CIN_C_01,C,0,,80.6,,,2031,127,,,NYG
REGULAR_SEASON,,1,53.4,53.6,,,P100337_OT,OT,0,,56.8,,,2031,66,,,JAX
REGULAR_SEASON,,4,58.5,53.8,,,P100341_OG,OG,0,,63.8,,,2031,269,,,JAX
REGULAR_SEASON,,1,14.1,,19.0,,GB_EDGE_07,EDGE,0,,,20.6,,2031,42,,22.5,CIN
REGULAR_SEASON,,2,72.7,,,,MIN_P_01,P,0,,,,,2031,10,63.3,,TB
REGULAR_SEASON,,2,68.0,85.1,,,MIN_TE_01,TE,0,68.8,61.4,,,2031,78,,,DAL
REGULAR_SEASON,,2,60.0,,58.1,,TEN_EDGE_05,EDGE,0,,,56.8,,2031,93,,64.2,NYJ
REGULAR_SEASON,,1,62.2,,43.9,,PHI_DT_06,DT,0,,,69.3,,2031,29,,58.1,NYJ
REGULAR_SEASON,,1,60.1,,,,P101065_WR,WR,0,46.0,56.1,,,2031,46,,,NYG
REGULAR_SEASON,,1,49.2,64.5,,,P101009_TE,TE,0,45.4,42.2,,,2031,44,,,MIN
REGULAR_SEASON,,1,31.6,,16.8,,ARI_DT_05,DT,0,,,49.1,,2031,39,,19.3,MIN
REGULAR_SEASON,,2,42.6,38.7,,,KC_C_03,C,0,,47.9,,,2031,123,,,PIT
REGULAR_SEASON,,1,50.5,,53.0,,DET_DT_04,DT,0,,,43.8,,2031,40,,57.6,PIT
REGULAR_SEASON,,2,41.7,48.6,,,DAL_C_02,C,0,,41.3,,,2031,130,,,LV
REGULAR_SEASON,,1,69.3,68.6,,,SEA_OT_05,OT,0,,59.8,,,2031,65,,,CHI
REGULAR_SEASON,69.0,2,73.9,,85.2,,CHI_LB_02,LB,0,,,55.6,,2031,86,,73.4,CHI
REGULAR_SEASON,80.8,1,75.0,,,,CHI_CB_04,CB,0,,,80.4,,2031,58,,60.9,CHI
REGULAR_SEASON,,1,89.1,,91.3,,P100698_EDGE,EDGE,0,,,92.2,,2031,48,,90.6,SEA
REGULAR_SEASON,,1,49.4,,,,SF_P_01,P,0,,,,,2031,5,65.6,,SEA
REGULAR_SEASON,,1,44.5,,,51.8,P101208_QB,QB,0,,,,41.5,2031,58,,,BAL
REGULAR_SEASON,,1,90.7,,65.4,,BAL_DT_03,DT,0,,,87.5,,2031,34,,73.5,BAL
REGULAR_SEASON,62.7,1,65.4,,,,P101137_CB,CB,0,,,85.9,,2031,50,,76.7,JAX
REGULAR_SEASON,,1,59.3,,65.3,,ARI_DT_03,DT,0,,,66.9,,2031,35,,74.3,GB
REGULAR_SEASON,,1,69.4,96.8,,,P100250_OT,OT,0,,82.5,,,2031,64,,,PIT
REGULAR_SEASON,,1,31.0,,31.9,,P101496_DT,DT,0,,,41.1,,2031,34,,45.7,PIT
PLAYOFFS,,4,88.6,,,77.0,DEN_QB_01,QB,0,,,,79.1,2031,253,,,DEN
PLAYOFFS,,4,89.5,,,,KC_WR_01,WR,0,78.7,85.5,,,2031,177,,,DEN
PLAYOFFS,,4,67.6,,,,CAR_WR_06,WR,0,66.1,67.1,,,2031,173,,,DEN
PLAYOFFS,,4,69.4,,,,ATL_WR_06,WR,0,67.9,61.9,,,2031,172,,,DEN
PLAYOFFS,,4,55.6,,,,CAR_WR_05,WR,0,55.8,47.7,,,2031,167,,,DEN
PLAYOFFS,,4,81.3,85.2,,,P101393_TE,TE,0,74.7,72.8,,,2031,154,,,DEN
PLAYOFFS,,4,58.9,56.0,,,NO_TE_03,TE,0,52.9,59.3,,,2031,150,,,DEN
PLAYOFFS,,4,87.0,86.9,,,DAL_OT_02,OT,0,,84.2,,,2031,270,,,DEN
PLAYOFFS,,4,81.0,65.4,,,LV_OT_01,OT,0,,76.8,,,2031,271,,,DEN
PLAYOFFS,,4,79.6,67.1,,,SF_OG_01,OG,0,,76.8,,,2031,256,,,DEN
PLAYOFFS,,4,81.9,77.3,,,JAX_OG_01,OG,0,,70.7,,,2031,255,,,DEN
PLAYOFFS,,4,74.5,66.3,,,KC_C_01,C,0,,76.7,,,2031,263,,,DEN
PLAYOFFS,,4,79.0,,66.9,,SEA_EDGE_02,EDGE,0,,,72.4,,2031,165,,71.4,DEN
PLAYOFFS,,4,87.9,,78.5,,ARI_EDGE_02,EDGE,0,,,70.1,,2031,159,,71.8,DEN
PLAYOFFS,,4,75.2,,63.6,,NYG_EDGE_02,EDGE,0,,,81.8,,2031,168,,72.6,DEN
PLAYOFFS,,4,72.3,,75.2,,P100826_DT,DT,0,,,71.6,,2031,136,,76.2,DEN
PLAYOFFS,,4,49.2,,51.5,,P100820_DT,DT,0,,,59.7,,2031,154,,56.5,DEN
PLAYOFFS,,4,66.6,,54.3,,P101141_DT,DT,0,,,75.2,,2031,170,,62.7,DEN
PLAYOFFS,51.8,4,54.2,,50.0,,P100329_LB,LB,0,,,68.1,,2031,175,,52.3,DEN
PLAYOFFS,65.7,4,48.7,,40.6,,TB_LB_01,LB,0,,,49.1,,2031,192,,54.3,DEN
PLAYOFFS,56.5,4,60.0,,69.4,,MIN_LB_03,LB,0,,,61.6,,2031,178,,55.4,DEN
PLAYOFFS,85.3,4,86.5,,,,P100366_CB,CB,0,,,78.5,,2031,203,,79.9,DEN
PLAYOFFS,43.0,4,50.3,,,,PIT_CB_04,CB,0,,,43.1,,2031,204,,49.2,DEN
PLAYOFFS,58.9,4,59.4,,,,NYG_CB_01,CB,0,,,57.2,,2031,195,,57.3,DEN
PLAYOFFS,56.6,4,52.7,,,,IND_CB_06,CB,0,,,61.8,,2031,193,,55.6,DEN
PLAYOFFS,70.2,4,80.8,,,,PHI_S_02,S,0,,,76.8,,2031,208,,77.3,DEN
PLAYOFFS,66.3,4,68.9,,,,BUF_S_02,S,0,,,61.3,,2031,208,,70.6,DEN
PLAYOFFS,77.0,4,77.8,,,,MIA_S_02,S,0,,,77.5,,2031,196,,59.4,DEN
PLAYOFFS,,4,90.3,,,,NYJ_K_01,K,0,,,,,2031,24,90.7,,DEN
PLAYOFFS,,1,63.3,,,57.6,CIN_QB_02,QB,0,,,,31.3,2031,54,,,NYJ
PLAYOFFS,,1,47.9,66.4,,,P101447_RB,RB,0,60.7,,,58.0,2031,39,,,NYJ
PLAYOFFS,,1,87.2,,,,CIN_WR_04,WR,0,86.6,83.7,,,2031,46,,,NYJ
PLAYOFFS,,1,86.6,,,,NYJ_WR_03,WR,0,65.9,99.9,,,2031,40,,,NYJ
PLAYOFFS,,1,77.7,,,,ATL_WR_01,WR,0,88.6,59.0,,,2031,41,,,NYJ
PLAYOFFS,,1,63.4,,,,P100377_WR,WR,0,49.4,59.9,,,2031,50,,,NYJ
PLAYOFFS,,1,75.1,52.6,,,DEN_TE_01,TE,0,55.0,83.1,,,2031,40,,,NYJ
PLAYOFFS,,1,68.7,79.7,,,P100981_TE,TE,0,61.4,61.4,,,2031,36,,,NYJ
PLAYOFFS,,1,73.1,65.0,,,NYJ_OT_02,OT,0,,51.6,,,2031,64,,,NYJ
PLAYOFFS,,1,46.5,66.3,,,NYG_OT_02,OT,0,,43.1,,,2031,64,,,NYJ
PLAYOFFS,,1,41.6,13.5,,,P100013_OG,OG,0,,42.3,,,2031,69,,,NYJ
PLAYOFFS,,1,73.1,95.9,,,IND_OG_01,OG,0,,49.3,,,2031,64,,,NYJ
PLAYOFFS,,1,61.0,,79.9,,PIT_EDGE_03,EDGE,0,,,81.2,,2031,44,,73.4,NYJ
PLAYOFFS,,1,93.1,,89.4,,JAX_EDGE_01,EDGE,0,,,97.8,,2031,43,,93.1,NYJ
PLAYOFFS,,1,75.8,,66.2,,P100780_EDGE,EDGE,0,,,56.9,,2031,43,,96.4,NYJ
PLAYOFFS,,1,63.3,,67.4,,NYJ_EDGE_04,EDGE,0,,,62.0,,2031,49,,65.8,NYJ
PLAYOFFS,,1,76.0,,66.9,,DEN_DT_02,DT,0,,,92.3,,2031,35,,82.8,NYJ
PLAYOFFS,,1,53.6,,47.1,,CHI_DT_03,DT,0,,,64.5,,2031,38,,74.6,NYJ
PLAYOFFS,,1,77.0,,72.7,,JAX_DT_04,DT,0,,,76.1,,2031,35,,68.7,NYJ
PLAYOFFS,43.6,1,44.3,,51.3,,P100884_LB,LB,0,,,50.8,,2031,43,,30.7,NYJ
PLAYOFFS,77.6,1,64.6,,68.5,,P100520_LB,LB,0,,,85.1,,2031,48,,52.9,NYJ
PLAYOFFS,43.3,1,44.3,,35.1,,ATL_LB_02,LB,0,,,59.1,,2031,44,,45.8,NYJ
PLAYOFFS,74.1,1,58.1,,,,GB_CB_03,CB,0,,,54.2,,2031,42,,68.6,NYJ
PLAYOFFS,88.5,1,81.0,,,,NYJ_CB_02,CB,0,,,62.5,,2031,52,,72.9,NYJ
PLAYOFFS,57.1,1,58.7,,,,P101219_CB,CB,0,,,41.1,,2031,53,,72.3,NYJ
PLAYOFFS,44.8,1,37.1,,,,P100592_S,S,0,,,37.2,,2031,51,,45.6,NYJ
PLAYOFFS,59.2,1,61.8,,,,NYG_S_01,S,0,,,64.0,,2031,45,,70.9,NYJ
PLAYOFFS,,1,48.4,,,,PHI_K_01,K,0,,,,,2031,6,54.0,,NYJ
PLAYOFFS,,1,83.2,,,,SEA_P_01,P,0,,,,,2031,5,72.6,,NYJ
PLAYOFFS,,2,87.1,,,77.2,DET_QB_01,QB,0,,,,85.2,2031,132,,,CLE
PLAYOFFS,,2,48.8,76.2,,,P100087_RB,RB,0,39.8,,,47.6,2031,48,,,CLE
PLAYOFFS,,2,64.0,63.1,,,P101072_RB,RB,0,57.0,,,80.5,2031,52,,,CLE
PLAYOFFS,,2,50.6,47.2,,,P100385_RB,RB,0,60.9,,,49.0,2031,22,,,CLE
PLAYOFFS,,2,75.7,,,,CLE_WR_02,WR,0,65.6,66.6,,,2031,84,,,CLE
PLAYOFFS,,2,69.6,,,,CLE_WR_06,WR,0,87.6,65.4,,,2031,82,,,CLE
PLAYOFFS,,2,82.4,,,,JAX_WR_02,WR,0,79.1,75.4,,,2031,87,,,CLE
PLAYOFFS,,2,48.3,,,,P100365_WR,WR,0,70.6,38.0,,,2031,86,,,CLE
PLAYOFFS,,2,36.7,42.9,,,CLE_TE_02,TE,0,40.9,42.5,,,2031,80,,,CLE
PLAYOFFS,,2,67.3,80.5,,,P100701_TE,TE,0,57.9,74.5,,,2031,79,,,CLE
PLAYOFFS,,2,70.1,63.5,,,CLE_OT_02,OT,0,,57.3,,,2031,145,,,CLE
PLAYOFFS,,2,58.7,58.3,,,JAX_OT_04,OT,0,,63.5,,,2031,128,,,CLE
PLAYOFFS,,2,88.5,89.9,,,TEN_OG_01,OG,0,,86.7,,,2031,135,,,CLE
PLAYOFFS,,2,72.7,80.5,,,CLE_OG_02,OG,0,,49.9,,,2031,136,,,CLE
PLAYOFFS,,2,41.2,32.7,,,P101239_C,C,0,,42.3,,,2031,134,,,CLE
PLAYOFFS,,2,80.6,,74.1,,LAR_EDGE_01,EDGE,0,,,77.6,,2031,96,,70.7,CLE
PLAYOFFS,,2,85.0,,64.7,,DET_EDGE_02,EDGE,0,,,78.0,,2031,83,,76.3,CLE
PLAYOFFS,,2,72.0,,70.6,,CLE_EDGE_01,EDGE,0,,,63.8,,2031,84,,75.0,CLE
PLAYOFFS,,2,60.4,,66.4,,P100018_EDGE,EDGE,0,,,41.7,,2031,89,,66.7,CLE
PLAYOFFS,,2,55.8,,55.3,,P101267_DT,DT,0,,,62.0,,2031,70,,47.8,CLE
PLAYOFFS,,2,85.9,,83.9,,CAR_DT_02,DT,0,,,76.0,,2031,76,,89.7,CLE
PLAYOFFS,,2,65.4,,65.2,,KC_DT_02,DT,0,,,67.0,,2031,77,,70.9,CLE
PLAYOFFS,45.1,2,51.2,,55.2,,CIN_LB_02,LB,0,,,40.3,,2031,84,,39.6,CLE
PLAYOFFS,75.4,2,66.5,,64.6,,NYJ_LB_02,LB,0,,,76.5,,2031,92,,77.7,CLE
PLAYOFFS,74.7,2,79.0,,72.7,,GB_LB_05,LB,0,,,83.3,,2031,91,,53.0,CLE
PLAYOFFS,87.5,2,72.0,,,,P100700_CB,CB,0,,,60.6,,2031,100,,64.6,CLE
PLAYOFFS,55.3,2,41.8,,,,DET_CB_04,CB,0,,,49.3,,2031,107,,46.3,CLE
PLAYOFFS,63.0,2,61.0,,,,P100729_CB,CB,0,,,50.0,,2031,93,,46.4,CLE
PLAYOFFS,58.4,2,55.5,,,,P101266_CB,CB,0,,,65.0,,2031,88,,58.2,CLE
PLAYOFFS,51.3,2,59.3,,,,P100462_S,S,0,,,65.3,,2031,103,,63.9,CLE
PLAYOFFS,43.9,2,45.6,,,,SF_S_07,S,0,,,40.9,,2031,103,,57.6,CLE
PLAYOFFS,,2,54.9,,,,CLE_K_01,K,0,,,,,2031,12,42.2,,CLE
PLAYOFFS,,2,76.5,,,,WAS_P_01,P,0,,,,,2031,10,77.0,,CLE
PLAYOFFS,,1,54.6,,,44.8,P101208_QB,QB,0,,,,60.5,2031,64,,,BAL
PLAYOFFS,,1,53.6,61.5,,,P100371_RB,RB,0,57.1,,,61.8,2031,35,,,BAL
PLAYOFFS,,1,77.2,,,,P101125_WR,WR,0,87.3,62.7,,,2031,49,,,BAL
PLAYOFFS,,1,66.9,,,,P100643_WR,WR,0,87.6,42.2,,,2031,46,,,BAL
PLAYOFFS,,1,78.4,,,,BAL_WR_04,WR,0,73.0,83.6,,,2031,44,,,BAL
PLAYOFFS,,1,61.3,,,,P101246_WR,WR,0,75.0,72.9,,,2031,41,,,BAL
PLAYOFFS,,1,66.1,50.7,,,P101476_TE,TE,0,80.2,46.2,,,2031,37,,,BAL
PLAYOFFS,,1,87.0,69.2,,,P100242_OT,OT,0,,77.1,,,2031,64,,,BAL
PLAYOFFS,,1,73.8,89.8,,,P100241_OT,OT,0,,85.6,,,2031,68,,,BAL
PLAYOFFS,,1,62.4,56.9,,,PIT_OG_02,OG,0,,44.3,,,2031,68,,,BAL
PLAYOFFS,,1,43.4,43.2,,,P100870_OG,OG,0,,61.2,,,2031,76,,,BAL
PLAYOFFS,,1,70.8,75.8,,,CIN_C_02,C,0,,65.6,,,2031,68,,,BAL
PLAYOFFS,,1,82.6,,97.0,,BAL_EDGE_01,EDGE,0,,,88.2,,2031,47,,53.2,BAL
PLAYOFFS,,1,58.9,,84.9,,P100314_EDGE,EDGE,0,,,68.8,,2031,50,,59.3,BAL
PLAYOFFS,,1,53.4,,55.8,,P100480_EDGE,EDGE,0,,,40.0,,2031,39,,47.9,BAL
PLAYOFFS,,1,42.8,,57.5,,BUF_EDGE_05,EDGE,0,,,39.1,,2031,47,,53.7,BAL
PLAYOFFS,,1,88.9,,67.1,,P100311_DT,DT,0,,,92.0,,2031,32,,85.4,BAL
PLAYOFFS,,1,82.9,,77.9,,BAL_DT_03,DT,0,,,68.4,,2031,34,,94.4,BAL
PLAYOFFS,,1,67.9,,70.3,,P100938_DT,DT,0,,,67.2,,2031,40,,53.8,BAL
PLAYOFFS,41.8,1,39.7,,49.6,,WAS_LB_04,LB,0,,,80.0,,2031,49,,69.8,BAL
PLAYOFFS,57.0,1,30.4,,23.9,,ATL_LB_07,LB,0,,,34.1,,2031,51,,50.0,BAL
PLAYOFFS,47.8,1,44.2,,,,CIN_CB_03,CB,0,,,44.5,,2031,40,,62.7,BAL
PLAYOFFS,69.1,1,49.0,,,,P100514_CB,CB,0,,,84.0,,2031,48,,58.4,BAL
PLAYOFFS,60.3,1,54.0,,,,P100751_CB,CB,0,,,47.0,,2031,47,,68.7,BAL
PLAYOFFS,56.8,1,67.4,,,,P101414_CB,CB,0,,,56.1,,2031,54,,68.7,BAL
PLAYOFFS,46.6,1,55.0,,,,JAX_S_02,S,0,,,47.9,,2031,54,,40.3,BAL
PLAYOFFS,44.6,1,63.6,,,,P100198_S,S,0,,,55.3,,2031,46,,48.7,BAL
PLAYOFFS,39.0,1,51.1,,,,LAR_S_05,S,0,,,47.8,,2031,55,,62.9,BAL
PLAYOFFS,,1,59.4,,,,SF_K_01,K,0,,,,,2031,6,71.2,,BAL
PLAYOFFS,,1,77.1,,,,WAS_P_02,P,0,,,,,2031,5,72.0,,BAL
PLAYOFFS,,1,68.1,,,64.0,P100074_QB,QB,0,,,,83.7,2031,63,,,MIA
PLAYOFFS,,1,71.9,74.9,,,P101112_RB,RB,0,88.8,,,73.7,2031,26,,,MIA
PLAYOFFS,,1,18.2,16.3,,,P101091_RB,RB,0,10.8,,,27.8,2031,22,,,MIA
PLAYOFFS,,1,69.0,,,,PIT_WR_03,WR,0,97.1,54.8,,,2031,48,,,MIA
PLAYOFFS,,1,55.6,,,,DEN_WR_02,WR,0,51.1,56.8,,,2031,42,,,MIA
PLAYOFFS,,1,62.2,,,,TB_WR_02,WR,0,72.0,57.0,,,2031,47,,,MIA
PLAYOFFS,,1,42.9,,,,DAL_WR_08,WR,0,62.3,45.0,,,2031,46,,,MIA
PLAYOFFS,,1,70.2,53.7,,,WAS_TE_01,TE,0,87.1,60.2,,,2031,37,,,MIA
PLAYOFFS,,1,78.8,68.9,,,CAR_TE_04,TE,0,59.5,65.6,,,2031,40,,,MIA
PLAYOFFS,,1,86.5,76.2,,,P100684_OT,OT,0,,80.8,,,2031,73,,,MIA
PLAYOFFS,,1,71.3,81.3,,,P100143_OT,OT,0,,62.8,,,2031,64,,,MIA
PLAYOFFS,,1,85.0,77.2,,,P101261_OG,OG,0,,90.7,,,2031,60,,,MIA
PLAYOFFS,,1,86.8,92.9,,,CAR_OG_04,OG,0,,77.1,,,2031,63,,,MIA
PLAYOFFS,,1,72.6,57.6,,,MIN_C_01,C,0,,76.2,,,2031,73,,,MIA
PLAYOFFS,,1,73.1,,61.1,,SF_EDGE_02,EDGE,0,,,69.8,,2031,43,,64.4,MIA
PLAYOFFS,,1,72.9,,72.5,,NO_EDGE_03,EDGE,0,,,99.9,,2031,44,,68.4,MIA
PLAYOFFS,,1,65.5,,58.8,,PHI_EDGE_03,EDGE,0,,,57.8,,2031,47,,72.1,MIA
PLAYOFFS,,1,99.9,,99.9,,BUF_DT_02,DT,0,,,91.3,,2031,40,,89.1,MIA
PLAYOFFS,,1,46.6,,61.3,,CIN_DT_02,DT,0,,,51.1,,2031,41,,47.0,MIA
PLAYOFFS,,1,56.8,,78.0,,P100091_DT,DT,0,,,64.1,,2031,33,,48.6,MIA
PLAYOFFS,70.5,1,66.8,,48.8,,CAR_LB_01,LB,0,,,75.2,,2031,46,,66.1,MIA
PLAYOFFS,85.5,1,56.5,,73.6,,NO_LB_01,LB,0,,,79.4,,2031,44,,46.8,MIA
PLAYOFFS,62.5,1,47.5,,81.5,,TEN_LB_03,LB,0,,,47.9,,2031,44,,44.7,MIA
PLAYOFFS,59.3,1,61.7,,,,WAS_CB_02,CB,0,,,64.7,,2031,49,,76.2,MIA
PLAYOFFS,86.0,1,85.7,,,,NYJ_CB_03,CB,0,,,71.8,,2031,46,,84.0,MIA
PLAYOFFS,87.5,1,85.1,,,,P100703_CB,CB,0,,,78.5,,2031,52,,82.3,MIA
PLAYOFFS,37.4,1,36.9,,,,P100363_S,S,0,,,8.0,,2031,52,,55.5,MIA
PLAYOFFS,57.1,1,71.0,,,,ATL_S_05,S,0,,,57.5,,2031,48,,58.1,MIA
PLAYOFFS,61.1,1,83.4,,,,CHI_S_04,S,0,,,70.4,,2031,54,,66.5,MIA
PLAYOFFS,,1,80.2,,,,NE_K_01,K,0,,,,,2031,6,68.1,,MIA
PLAYOFFS,,1,97.5,,,,CIN_P_01,P,0,,,,,2031,5,84.8,,MIA
PLAYOFFS,,3,80.7,,,85.0,LV_QB_01,QB,0,,,,66.6,2031,184,,,LV
PLAYOFFS,,3,75.3,66.5,,,SF_RB_04,RB,0,62.8,,,77.1,2031,126,,,LV
PLAYOFFS,,3,74.8,,,,P101433_WR,WR,0,69.6,63.5,,,2031,135,,,LV
PLAYOFFS,,3,87.4,,,,LAR_WR_08,WR,0,74.9,88.6,,,2031,123,,,LV
PLAYOFFS,,3,62.8,,,,NYJ_WR_04,WR,0,60.8,63.9,,,2031,132,,,LV
PLAYOFFS,,3,63.7,,,,TB_WR_07,WR,0,69.7,75.5,,,2031,141,,,LV
PLAYOFFS,,3,53.3,63.6,,,P100212_TE,TE,0,47.5,56.8,,,2031,122,,,LV
PLAYOFFS,,3,61.5,65.4,,,P100219_TE,TE,0,67.1,60.8,,,2031,108,,,LV
PLAYOFFS,,3,71.7,59.8,,,P100361_OT,OT,0,,70.3,,,2031,192,,,LV
PLAYOFFS,,3,73.1,70.3,,,CHI_OT_04,OT,0,,64.6,,,2031,196,,,LV
PLAYOFFS,,3,64.1,73.1,,,SEA_OG_05,OG,0,,58.2,,,2031,208,,,LV
PLAYOFFS,,3,50.2,53.4,,,LAC_OG_01,OG,0,,67.4,,,2031,208,,,LV
PLAYOFFS,,3,61.4,58.4,,,DAL_C_02,C,0,,46.2,,,2031,198,,,LV
PLAYOFFS,,3,73.3,,62.0,,LV_EDGE_04,EDGE,0,,,70.8,,2031,127,,83.6,LV
PLAYOFFS,,3,70.9,,65.1,,KC_EDGE_04,EDGE,0,,,56.4,,2031,115,,70.0,LV
PLAYOFFS,,3,35.6,,31.2,,PHI_EDGE_04,EDGE,0,,,37.9,,2031,135,,45.9,LV
PLAYOFFS,,3,50.7,,47.0,,LAC_DT_02,DT,0,,,56.0,,2031,122,,50.9,LV
PLAYOFFS,,3,73.0,,68.1,,MIA_DT_01,DT,0,,,73.1,,2031,109,,62.9,LV
PLAYOFFS,,3,70.5,,68.1,,LAR_DT_05,DT,0,,,72.4,,2031,124,,60.2,LV
PLAYOFFS,61.9,3,60.5,,58.1,,ATL_LB_05,LB,0,,,71.4,,2031,143,,58.9,LV
PLAYOFFS,58.4,3,49.5,,50.9,,BUF_LB_04,LB,0,,,49.7,,2031,144,,53.2,LV
PLAYOFFS,59.1,3,74.7,,71.6,,P100333_LB,LB,0,,,80.8,,2031,137,,73.7,LV
PLAYOFFS,55.7,3,58.6,,,,P100282_CB,CB,0,,,48.2,,2031,159,,52.6,LV
PLAYOFFS,51.8,3,39.5,,,,DAL_CB_08,CB,0,,,38.7,,2031,147,,55.4,LV
PLAYOFFS,59.1,3,70.1,,,,P100798_CB,CB,0,,,63.6,,2031,161,,70.7,LV
PLAYOFFS,56.0,3,53.5,,,,P101462_CB,CB,0,,,51.5,,2031,146,,63.5,LV
PLAYOFFS,69.5,3,83.2,,,,P101024_S,S,0,,,73.6,,2031,146,,70.0,LV
PLAYOFFS,68.9,3,73.0,,,,P100109_S,S,0,,,83.8,,2031,150,,77.2,LV
PLAYOFFS,58.4,3,64.3,,,,ARI_S_05,S,0,,,48.5,,2031,175,,71.8,LV
PLAYOFFS,,3,84.2,,,,DET_K_01,K,0,,,,,2031,18,89.6,,LV
PLAYOFFS,,3,64.0,,,,JAX_P_01,P,0,,,,,2031,15,57.6,,LV
PLAYOFFS,,1,61.1,,,51.1,P100234_QB,QB,0,,,,71.4,2031,58,,,IND
PLAYOFFS,,1,76.0,73.2,,,P100963_RB,RB,0,47.8,,,74.4,2031,34,,,IND
PLAYOFFS,,1,58.7,,,,P101088_WR,WR,0,53.3,71.4,,,2031,41,,,IND
PLAYOFFS,,1,39.9,,,,P100762_WR,WR,0,49.1,31.3,,,2031,49,,,IND
PLAYOFFS,,1,69.6,85.5,,,SEA_TE_02,TE,0,56.9,62.8,,,2031,36,,,IND
PLAYOFFS,,1,74.1,74.8,,,KC_TE_02,TE,0,87.5,52.1,,,2031,38,,,IND
PLAYOFFS,,1,50.7,54.7,,,NYG_OT_01,OT,0,,65.1,,,2031,61,,,IND
PLAYOFFS,,1,94.9,68.8,,,IND_OT_01,OT,0,,93.7,,,2031,68,,,IND
PLAYOFFS,,1,72.9,53.7,,,DET_OG_02,OG,0,,68.4,,,2031,67,,,IND
PLAYOFFS,,1,67.4,75.3,,,LAR_OG_02,OG,0,,51.6,,,2031,64,,,IND
PLAYOFFS,,1,78.2,58.0,,,IND_C_01,C,0,,47.1,,,2031,58,,,IND
PLAYOFFS,,1,90.1,,65.0,,BAL_EDGE_02,EDGE,0,,,53.8,,2031,41,,82.9,IND
PLAYOFFS,,1,79.3,,72.5,,IND_EDGE_01,EDGE,0,,,56.7,,2031,42,,72.1,IND
PLAYOFFS,,1,76.1,,66.7,,NYJ_EDGE_05,EDGE,0,,,80.3,,2031,43,,71.0,IND
PLAYOFFS,,1,77.3,,60.0,,TEN_EDGE_01,EDGE,0,,,81.2,,2031,49,,69.2,IND
PLAYOFFS,,1,99.9,,95.1,,TB_DT_02,DT,0,,,99.9,,2031,39,,96.5,IND
PLAYOFFS,,1,59.2,,71.7,,CLE_DT_04,DT,0,,,54.3,,2031,41,,53.6,IND
PLAYOFFS,,1,71.8,,48.7,,CLE_DT_02,DT,0,,,57.0,,2031,38,,37.7,IND
PLAYOFFS,34.7,1,72.6,,68.2,,JAX_LB_02,LB,0,,,46.6,,2031,48,,68.7,IND
PLAYOFFS,91.0,1,82.7,,82.7,,NE_LB_04,LB,0,,,74.2,,2031,54,,69.7,IND
PLAYOFFS,62.5,1,59.4,,66.5,,GB_LB_03,LB,0,,,73.4,,2031,44,,75.9,IND
PLAYOFFS,93.5,1,99.9,,,,IND_CB_01,CB,0,,,97.1,,2031,52,,99.9,IND
PLAYOFFS,44.6,1,65.2,,,,IND_CB_03,CB,0,,,75.7,,2031,52,,51.9,IND
PLAYOFFS,88.7,1,95.0,,,,PIT_CB_05,CB,0,,,94.2,,2031,48,,90.5,IND
PLAYOFFS,59.1,1,80.7,,,,ARI_S_01,S,0,,,88.2,,2031,50,,93.3,IND
PLAYOFFS,68.4,1,65.8,,,,CAR_S_02,S,0,,,57.7,,2031,54,,60.8,IND
PLAYOFFS,50.0,1,66.0,,,,PHI_S_03,S,0,,,69.1,,2031,55,,56.3,IND
PLAYOFFS,,1,75.0,,,,ARI_K_01,K,0,,,,,2031,6,54.8,,IND
PLAYOFFS,,1,69.7,,,,IND_P_01,P,0,,,,,2031,5,87.4,,IND
PLAYOFFS,,4,76.6,,,71.4,PIT_QB_01,QB,0,,,,70.2,2031,252,,,CAR
PLAYOFFS,,4,52.2,62.7,,,P100856_RB,RB,0,49.3,,,53.1,2031,133,,,CAR
PLAYOFFS,,4,40.8,43.2,,,P101086_RB,RB,0,57.2,,,44.1,2031,85,,,CAR
PLAYOFFS,,4,87.9,,,,PHI_WR_03,WR,0,88.2,86.6,,,2031,148,,,CAR
PLAYOFFS,,4,50.1,,,,P100864_WR,WR,0,52.0,45.7,,,2031,186,,,CAR
PLAYOFFS,,4,64.1,76.5,,,CAR_TE_02,TE,0,72.1,60.4,,,2031,161,,,CAR
PLAYOFFS,,4,62.5,67.5,,,P101098_TE,TE,0,66.9,59.3,,,2031,149,,,CAR
PLAYOFFS,,4,69.9,67.9,,,NO_OT_02,OT,0,,64.6,,,2031,270,,,CAR
PLAYOFFS,,4,75.5,58.5,,,CHI_OT_02,OT,0,,60.7,,,2031,249,,,CAR
PLAYOFFS,,4,67.7,57.7,,,NO_OG_02,OG,0,,64.3,,,2031,255,,,CAR
PLAYOFFS,,4,70.7,56.7,,,P100060_OG,OG,0,,82.5,,,2031,256,,,CAR
PLAYOFFS,,4,84.0,90.3,,,LAC_C_01,C,0,,88.4,,,2031,262,,,CAR
PLAYOFFS,,4,66.1,,73.0,,P100231_EDGE,EDGE,0,,,71.6,,2031,172,,63.5,CAR
PLAYOFFS,,4,74.9,,70.7,,CAR_EDGE_03,EDGE,0,,,64.0,,2031,171,,71.9,CAR
PLAYOFFS,,4,73.9,,69.6,,NE_EDGE_01,EDGE,0,,,65.7,,2031,184,,59.9,CAR
PLAYOFFS,,4,61.0,,65.5,,NYG_EDGE_05,EDGE,0,,,67.6,,2031,175,,62.0,CAR
PLAYOFFS,,4,84.1,,79.0,,LAR_DT_06,DT,0,,,92.4,,2031,160,,78.2,CAR
PLAYOFFS,,4,70.1,,69.5,,P100482_DT,DT,0,,,70.1,,2031,145,,51.4,CAR
PLAYOFFS,,4,50.2,,54.3,,P100369_DT,DT,0,,,39.6,,2031,149,,65.3,CAR
PLAYOFFS,68.9,4,74.1,,63.6,,NE_LB_01,LB,0,,,70.2,,2031,185,,64.0,CAR
PLAYOFFS,71.3,4,81.2,,69.3,,P100015_LB,LB,0,,,71.7,,2031,194,,69.7,CAR
PLAYOFFS,76.3,4,77.9,,74.9,,P100176_LB,LB,0,,,82.2,,2031,184,,69.8,CAR
PLAYOFFS,86.0,4,87.0,,,,DAL_CB_03,CB,0,,,74.5,,2031,199,,81.0,CAR
PLAYOFFS,61.4,4,68.7,,,,TB_CB_03,CB,0,,,80.6,,2031,177,,66.8,CAR
PLAYOFFS,64.0,4,62.5,,,,P100786_CB,CB,0,,,57.5,,2031,203,,67.4,CAR
PLAYOFFS,68.4,4,64.7,,,,P100723_CB,CB,0,,,50.3,,2031,184,,62.2,CAR
PLAYOFFS,93.5,4,90.6,,,,P100075_S,S,0,,,83.6,,2031,212,,86.6,CAR
PLAYOFFS,59.2,4,52.7,,,,P100178_S,S,0,,,59.0,,2031,214,,65.7,CAR
PLAYOFFS,81.7,4,78.2,,,,P101303_S,S,0,,,77.0,,2031,202,,77.9,CAR
PLAYOFFS,,4,89.1,,,,LAR_K_01,K,0,,,,,2031,24,89.8,,CAR
PLAYOFFS,,4,72.2,,,,NYJ_P_01,P,0,,,,,2031,20,68.5,,CAR
PLAYOFFS,,1,63.1,,,82.2,PIT_QB_02,QB,0,,,,54.7,2031,68,,,TB
PLAYOFFS,,1,38.6,29.4,,,CIN_RB_02,RB,0,57.7,,,15.7,2031,45,,,TB
PLAYOFFS,,1,84.2,,,,PHI_WR_02,WR,0,63.4,99.9,,,2031,51,,,TB
PLAYOFFS,,1,39.9,,,,P100165_WR,WR,0,49.1,64.2,,,2031,41,,,TB
PLAYOFFS,,1,44.5,,,,P100160_WR,WR,0,53.6,49.6,,,2031,47,,,TB
PLAYOFFS,,1,60.0,,,,CAR_WR_08,WR,0,67.4,55.7,,,2031,47,,,TB
PLAYOFFS,,1,59.7,47.3,,,CAR_TE_01,TE,0,70.1,81.1,,,2031,48,,,TB
PLAYOFFS,,1,66.9,32.0,,,P100868_TE,TE,0,65.0,62.7,,,2031,35,,,TB
PLAYOFFS,,1,73.4,47.9,,,DET_OT_01,OT,0,,69.7,,,2031,59,,,TB
PLAYOFFS,,1,64.9,54.1,,,P100323_OT,OT,0,,75.1,,,2031,62,,,TB
PLAYOFFS,,1,28.4,34.4,,,MIN_OG_02,OG,0,,17.2,,,2031,70,,,TB
PLAYOFFS,,1,97.2,97.0,,,CHI_OG_03,OG,0,,99.9,,,2031,64,,,TB
PLAYOFFS,,1,75.5,66.5,,,DEN_C_03,C,0,,79.1,,,2031,64,,,TB
PLAYOFFS,,1,82.6,,79.5,,MIA_EDGE_01,EDGE,0,,,89.9,,2031,37,,77.2,TB
PLAYOFFS,,1,69.9,,46.9,,NYJ_EDGE_01,EDGE,0,,,82.4,,2031,44,,42.8,TB
PLAYOFFS,,1,59.6,,58.7,,P101323_EDGE,EDGE,0,,,50.5,,2031,50,,82.5,TB
PLAYOFFS,,1,87.2,,74.5,,ATL_DT_04,DT,0,,,79.2,,2031,41,,74.3,TB
PLAYOFFS,,1,87.3,,71.3,,P100318_DT,DT,0,,,81.6,,2031,38,,89.2,TB
PLAYOFFS,,1,87.4,,87.5,,NO_DT_01,DT,0,,,77.0,,2031,41,,85.9,TB
PLAYOFFS,63.8,1,54.8,,29.2,,TB_LB_02,LB,0,,,81.7,,2031,50,,71.5,TB
PLAYOFFS,57.8,1,71.1,,57.9,,P101291_LB,LB,0,,,57.6,,2031,45,,66.6,TB
PLAYOFFS,62.2,1,55.1,,41.8,,LAR_LB_04,LB,0,,,75.1,,2031,47,,53.7,TB
PLAYOFFS,56.1,1,69.9,,,,GB_CB_01,CB,0,,,57.7,,2031,49,,68.5,TB
PLAYOFFS,97.8,1,90.1,,,,SF_CB_04,CB,0,,,73.5,,2031,51,,85.0,TB
PLAYOFFS,90.7,1,70.2,,,,P100918_CB,CB,0,,,90.4,,2031,46,,42.0,TB
PLAYOFFS,64.2,1,75.4,,,,NE_CB_06,CB,0,,,52.0,,2031,54,,64.1,TB
PLAYOFFS,78.7,1,85.6,,,,LV_S_01,S,0,,,92.0,,2031,57,,65.5,TB
PLAYOFFS,48.9,1,59.1,,,,CAR_S_03,S,0,,,64.3,,2031,49,,64.6,TB
PLAYOFFS,50.4,1,56.9,,,,DET_S_05,S,0,,,69.6,,2031,55,,75.3,TB
PLAYOFFS,,1,56.2,,,,DEN_K_01,K,0,,,,,2031,6,43.9,,TB
PLAYOFFS,,1,46.2,,,,P100081_P,P,0,,,,,2031,5,44.9,,TB
PLAYOFFS,,2,99.9,,,95.4,GB_QB_01,QB,0,,,,82.4,2031,129,,,GB
PLAYOFFS,,2,74.0,60.8,,,CIN_RB_01,RB,0,66.8,,,55.3,2031,69,,,GB
PLAYOFFS,,2,65.3,55.8,,,P100831_RB,RB,0,69.1,,,66.0,2031,50,,,GB
PLAYOFFS,,2,71.7,,,,NYJ_WR_02,WR,0,55.3,70.6,,,2031,91,,,GB
PLAYOFFS,,2,51.3,,,,P100331_WR,WR,0,44.3,67.3,,,2031,81,,,GB
PLAYOFFS,,2,57.5,,,,FA_WR_005,WR,0,68.9,58.6,,,2031,89,,,GB
PLAYOFFS,,2,63.6,,,,P100566_WR,WR,0,65.4,58.6,,,2031,86,,,GB
PLAYOFFS,,2,56.8,71.5,,,ATL_TE_02,TE,0,52.3,60.7,,,2031,75,,,GB
PLAYOFFS,,2,65.9,76.1,,,PHI_TE_06,TE,0,68.1,59.3,,,2031,91,,,GB
PLAYOFFS,,2,80.2,75.5,,,DAL_OT_01,OT,0,,68.2,,,2031,122,,,GB
PLAYOFFS,,2,58.2,54.3,,,P100507_OT,OT,0,,47.7,,,2031,135,,,GB
PLAYOFFS,,2,60.0,49.8,,,LAR_OG_01,OG,0,,56.8,,,2031,131,,,GB
PLAYOFFS,,2,79.5,78.5,,,JAX_OG_02,OG,0,,66.4,,,2031,134,,,GB
PLAYOFFS,,2,63.8,53.3,,,GB_C_02,C,0,,79.5,,,2031,133,,,GB
PLAYOFFS,,2,42.1,,42.6,,P100882_EDGE,EDGE,0,,,57.1,,2031,92,,52.1,GB
PLAYOFFS,,2,53.9,,34.1,,ATL_EDGE_07,EDGE,0,,,60.2,,2031,86,,66.3,GB
PLAYOFFS,,2,67.6,,55.8,,FA_EDGE_182,EDGE,0,,,63.4,,2031,94,,60.5,GB
PLAYOFFS,,2,64.9,,68.3,,P100797_EDGE,EDGE,0,,,69.5,,2031,87,,51.4,GB
PLAYOFFS,,2,79.2,,86.7,,DEN_DT_04,DT,0,,,65.0,,2031,79,,80.8,GB
PLAYOFFS,,2,75.9,,81.9,,SF_DT_05,DT,0,,,58.4,,2031,85,,59.6,GB
PLAYOFFS,,2,43.5,,46.3,,ARI_DT_03,DT,0,,,62.5,,2031,85,,45.7,GB
PLAYOFFS,51.3,2,58.0,,81.7,,JAX_LB_01,LB,0,,,51.3,,2031,101,,59.5,GB
PLAYOFFS,48.6,2,64.4,,62.1,,P101392_LB,LB,0,,,57.5,,2031,104,,51.9,GB
PLAYOFFS,64.1,2,52.8,,62.3,,P101411_LB,LB,0,,,67.2,,2031,95,,48.7,GB
PLAYOFFS,87.6,2,85.0,,,,DET_CB_01,CB,0,,,83.4,,2031,100,,75.7,GB
PLAYOFFS,62.2,2,56.5,,,,P100131_CB,CB,0,,,57.8,,2031,97,,42.1,GB
PLAYOFFS,59.9,2,59.1,,,,LV_CB_07,CB,0,,,40.8,,2031,92,,70.5,GB
PLAYOFFS,55.3,2,57.0,,,,SEA_CB_04,CB,0,,,28.5,,2031,94,,49.3,GB
PLAYOFFS,70.1,2,78.7,,,,P101140_S,S,0,,,71.8,,2031,106,,66.4,GB
PLAYOFFS,58.2,2,61.0,,,,P101036_S,S,0,,,74.1,,2031,106,,41.9,GB
PLAYOFFS,65.0,2,51.5,,,,P101093_S,S,0,,,52.7,,2031,98,,68.9,GB
PLAYOFFS,,2,56.6,,,,P100052_K,K,0,,,,,2031,12,70.6,,GB
PLAYOFFS,,2,61.5,,,,BAL_P_01,P,0,,,,,2031,10,60.8,,GB
PLAYOFFS,,1,36.3,,,42.8,TB_QB_02,QB,0,,,,64.9,2031,67,,,MIN
PLAYOFFS,,1,82.7,90.6,,,P101233_RB,RB,0,65.7,,,76.0,2031,38,,,MIN
PLAYOFFS,,1,61.3,63.4,,,P101350_RB,RB,0,50.1,,,39.2,2031,19,,,MIN
PLAYOFFS,,1,76.7,,,,P100722_WR,WR,0,74.6,78.9,,,2031,46,,,MIN
PLAYOFFS,,1,67.1,,,,MIA_WR_02,WR,0,75.5,68.2,,,2031,41,,,MIN
PLAYOFFS,,1,62.3,,,,MIN_WR_05,WR,0,58.4,67.8,,,2031,46,,,MIN
PLAYOFFS,,1,66.3,,,,P101023_WR,WR,0,63.7,70.9,,,2031,42,,,MIN
PLAYOFFS,,1,29.2,55.9,,,NE_TE_03,TE,0,62.2,77.6,,,2031,32,,,MIN
PLAYOFFS,,1,78.8,86.5,,,P101009_TE,TE,0,65.3,84.1,,,2031,42,,,MIN
PLAYOFFS,,1,47.8,47.2,,,MIA_OT_04,OT,0,,67.9,,,2031,67,,,MIN
PLAYOFFS,,1,76.5,63.6,,,SF_OT_03,OT,0,,41.6,,,2031,63,,,MIN
PLAYOFFS,,1,63.3,87.8,,,CIN_OG_02,OG,0,,70.4,,,2031,66,,,MIN
PLAYOFFS,,1,39.8,30.5,,,P100713_OG,OG,0,,32.1,,,2031,61,,,MIN
PLAYOFFS,,1,46.6,33.5,,,P100394_C,C,0,,64.8,,,2031,63,,,MIN
PLAYOFFS,,1,78.3,,65.1,,GB_EDGE_03,EDGE,0,,,71.2,,2031,46,,78.0,MIN
PLAYOFFS,,1,74.1,,74.7,,P100814_EDGE,EDGE,0,,,73.1,,2031,42,,53.9,MIN
PLAYOFFS,,1,78.1,,63.0,,NYJ_EDGE_02,EDGE,0,,,57.0,,2031,43,,88.6,MIN
PLAYOFFS,,1,62.2,,67.0,,P100346_EDGE,EDGE,0,,,52.6,,2031,41,,37.3,MIN
PLAYOFFS,,1,96.8,,90.8,,MIN_DT_01,DT,0,,,86.1,,2031,39,,84.2,MIN
PLAYOFFS,,1,78.5,,79.2,,MIN_DT_02,DT,0,,,63.1,,2031,33,,89.3,MIN
PLAYOFFS,,1,42.1,,41.0,,P101060_DT,DT,0,,,30.0,,2031,42,,41.6,MIN
PLAYOFFS,89.5,1,72.9,,76.1,,FA_LB_159,LB,0,,,81.6,,2031,38,,76.1,MIN
PLAYOFFS,68.6,1,73.3,,68.1,,BUF_LB_02,LB,0,,,67.7,,2031,51,,65.1,MIN
PLAYOFFS,39.2,1,62.7,,73.7,,MIN_LB_08,LB,0,,,58.1,,2031,46,,55.1,MIN
PLAYOFFS,66.1,1,89.5,,,,CAR_CB_01,CB,0,,,71.2,,2031,56,,68.8,MIN
PLAYOFFS,60.3,1,71.6,,,,SF_CB_03,CB,0,,,72.8,,2031,46,,85.3,MIN
PLAYOFFS,78.9,1,67.1,,,,MIN_CB_03,CB,0,,,80.3,,2031,45,,56.1,MIN
PLAYOFFS,61.6,1,67.2,,,,LV_CB_04,CB,0,,,80.1,,2031,59,,64.1,MIN
PLAYOFFS,75.3,1,85.9,,,,TB_S_01,S,0,,,75.3,,2031,46,,62.6,MIN
PLAYOFFS,,1,29.9,,,,P101053_K,K,0,,,,,2031,6,45.3,,MIN
PLAYOFFS,,1,65.6,,,,DAL_P_01,P,0,,,,,2031,5,59.2,,MIN
PLAYOFFS,,2,64.3,,,67.8,LAR_QB_02,QB,0,,,,65.4,2031,128,,,PHI
PLAYOFFS,,2,68.6,81.2,,,P100035_RB,RB,0,82.7,,,65.2,2031,72,,,PHI
PLAYOFFS,,2,43.5,51.9,,,P100931_RB,RB,0,42.4,,,51.5,2031,38,,,PHI
PLAYOFFS,,2,98.6,,,,PIT_WR_02,WR,0,92.3,90.4,,,2031,89,,,PHI
PLAYOFFS,,2,55.9,,,,P100708_WR,WR,0,64.1,55.7,,,2031,86,,,PHI
PLAYOFFS,,2,63.3,,,,WAS_WR_03,WR,0,57.4,68.6,,,2031,90,,,PHI
PLAYOFFS,,2,57.3,,,,TB_WR_05,WR,0,69.8,72.0,,,2031,85,,,PHI
PLAYOFFS,,2,65.8,74.4,,,SEA_TE_01,TE,0,49.8,66.7,,,2031,78,,,PHI
PLAYOFFS,,2,91.2,84.7,,,CAR_TE_03,TE,0,84.9,83.5,,,2031,73,,,PHI
PLAYOFFS,,2,79.6,82.1,,,ATL_OT_01,OT,0,,74.7,,,2031,138,,,PHI
PLAYOFFS,,2,58.4,59.7,,,PIT_OT_02,OT,0,,61.4,,,2031,133,,,PHI
PLAYOFFS,,2,56.0,52.1,,,SEA_OG_01,OG,0,,57.4,,,2031,133,,,PHI
PLAYOFFS,,2,71.2,60.4,,,BAL_OG_04,OG,0,,62.7,,,2031,133,,,PHI
PLAYOFFS,,2,88.1,65.5,,,CAR_C_01,C,0,,62.1,,,2031,136,,,PHI
PLAYOFFS,,2,84.3,,78.0,,BUF_EDGE_01,EDGE,0,,,87.8,,2031,94,,90.6,PHI
PLAYOFFS,,2,62.5,,63.2,,P101435_EDGE,EDGE,0,,,52.2,,2031,88,,65.2,PHI
PLAYOFFS,,2,35.9,,55.9,,P100435_EDGE,EDGE,0,,,36.4,,2031,91,,49.6,PHI
PLAYOFFS,,2,73.7,,67.8,,P101169_EDGE,EDGE,0,,,57.3,,2031,84,,81.1,PHI
PLAYOFFS,,2,68.7,,66.2,,DET_DT_01,DT,0,,,62.8,,2031,75,,63.7,PHI
PLAYOFFS,,2,66.5,,62.0,,P100056_DT,DT,0,,,50.9,,2031,74,,64.4,PHI
PLAYOFFS,,2,73.7,,75.8,,P100891_DT,DT,0,,,63.0,,2031,77,,67.9,PHI
PLAYOFFS,69.6,2,56.4,,61.0,,FA_LB_118,LB,0,,,45.3,,2031,93,,57.0,PHI
PLAYOFFS,70.0,2,59.9,,78.7,,P100104_LB,LB,0,,,65.7,,2031,89,,69.3,PHI
PLAYOFFS,42.4,2,55.7,,52.2,,P100213_LB,LB,0,,,54.5,,2031,91,,72.4,PHI
PLAYOFFS,77.1,2,83.6,,,,ATL_CB_02,CB,0,,,74.3,,2031,99,,68.8,PHI
PLAYOFFS,52.5,2,62.5,,,,KC_CB_02,CB,0,,,53.3,,2031,94,,65.8,PHI
PLAYOFFS,50.2,2,53.9,,,,JAX_CB_03,CB,0,,,50.8,,2031,102,,67.6,PHI
PLAYOFFS,68.6,2,64.5,,,,WAS_CB_08,CB,0,,,64.0,,2031,104,,48.9,PHI
PLAYOFFS,83.1,2,77.1,,,,P100057_S,S,0,,,86.3,,2031,102,,88.3,PHI
PLAYOFFS,57.4,2,58.0,,,,NYJ_S_04,S,0,,,62.8,,2031,101,,70.2,PHI
PLAYOFFS,75.1,2,69.3,,,,LAR_S_02,S,0,,,67.7,,2031,101,,72.6,PHI
PLAYOFFS,,2,69.9,,,,PIT_K_02,K,0,,,,,2031,12,82.0,,PHI
PLAYOFFS,,2,96.5,,,,DEN_P_01,P,0,,,,,2031,10,90.3,,PHI
PLAYOFFS,,1,31.6,,,47.8,ARI_QB_01,QB,0,,,,36.2,2031,65,,,SF
PLAYOFFS,,1,32.6,38.3,,,P101387_RB,RB,0,62.4,,,55.8,2031,40,,,SF
PLAYOFFS,,1,40.7,,,,P100995_WR,WR,0,40.4,49.1,,,2031,42,,,SF
PLAYOFFS,,1,96.0,,,,IND_WR_01,WR,0,99.9,97.4,,,2031,44,,,SF
PLAYOFFS,,1,66.2,,,,SEA_WR_02,WR,0,63.4,68.5,,,2031,51,,,SF
PLAYOFFS,,1,82.2,,,,P100399_WR,WR,0,73.3,87.3,,,2031,46,,,SF
PLAYOFFS,,1,81.6,63.6,,,TEN_TE_01,TE,0,53.2,83.8,,,2031,40,,,SF
PLAYOFFS,,1,42.7,33.6,,,DEN_TE_04,TE,0,46.3,35.7,,,2031,40,,,SF
PLAYOFFS,,1,81.8,88.7,,,SF_OT_01,OT,0,,51.9,,,2031,69,,,SF
PLAYOFFS,,1,58.2,22.9,,,SF_OT_02,OT,0,,59.7,,,2031,65,,,SF
PLAYOFFS,,1,84.6,83.7,,,KC_OG_02,OG,0,,87.8,,,2031,63,,,SF
PLAYOFFS,,1,69.6,63.7,,,DEN_OG_01,OG,0,,70.5,,,2031,70,,,SF
PLAYOFFS,,1,85.7,75.5,,,LAR_C_01,C,0,,92.8,,,2031,71,,,SF
PLAYOFFS,,1,52.1,,70.3,,KC_EDGE_01,EDGE,0,,,28.3,,2031,43,,57.1,SF
PLAYOFFS,,1,74.5,,67.5,,CIN_EDGE_04,EDGE,0,,,73.8,,2031,48,,68.0,SF
PLAYOFFS,,1,61.0,,57.1,,TEN_EDGE_04,EDGE,0,,,66.7,,2031,39,,78.4,SF
PLAYOFFS,,1,65.8,,65.6,,P100719_EDGE,EDGE,0,,,63.2,,2031,47,,61.8,SF
PLAYOFFS,,1,61.7,,63.0,,P100246_DT,DT,0,,,69.0,,2031,37,,57.0,SF
PLAYOFFS,,1,48.9,,31.2,,NYG_DT_04,DT,0,,,57.6,,2031,35,,26.3,SF
PLAYOFFS,,1,92.9,,78.7,,P100270_DT,DT,0,,,68.0,,2031,32,,67.2,SF
PLAYOFFS,86.5,1,88.9,,50.2,,SF_LB_01,LB,0,,,87.9,,2031,41,,86.1,SF
PLAYOFFS,59.2,1,67.5,,86.9,,NE_LB_02,LB,0,,,66.8,,2031,47,,70.2,SF
PLAYOFFS,56.8,1,44.0,,51.6,,SF_LB_02,LB,0,,,69.7,,2031,45,,60.5,SF
PLAYOFFS,78.9,1,87.6,,,,BAL_CB_02,CB,0,,,81.6,,2031,46,,63.1,SF
PLAYOFFS,45.1,1,59.2,,,,P100063_CB,CB,0,,,63.4,,2031,49,,54.4,SF
PLAYOFFS,53.4,1,68.8,,,,P100068_CB,CB,0,,,73.6,,2031,49,,82.3,SF
PLAYOFFS,66.4,1,81.3,,,,TB_S_02,S,0,,,77.2,,2031,47,,78.1,SF
PLAYOFFS,49.9,1,33.1,,,,P100283_S,S,0,,,54.3,,2031,44,,35.3,SF
PLAYOFFS,81.9,1,70.5,,,,NO_S_04,S,0,,,63.3,,2031,51,,84.9,SF
PLAYOFFS,,1,49.3,,,,P100794_K,K,0,,,,,2031,6,41.0,,SF
PLAYOFFS,,2,73.8,,,62.3,CAR_QB_01,QB,0,,,,63.2,2031,133,,,ARI
PLAYOFFS,,2,73.0,66.9,,,P100464_RB,RB,0,59.8,,,60.2,2031,84,,,ARI
PLAYOFFS,,2,69.4,,,,HOU_WR_01,WR,0,80.8,55.1,,,2031,86,,,ARI
PLAYOFFS,,2,90.8,,,,CAR_WR_01,WR,0,92.1,96.7,,,2031,89,,,ARI
PLAYOFFS,,2,94.7,,,,P100447_WR,WR,0,87.7,99.9,,,2031,87,,,ARI
PLAYOFFS,,2,64.4,,,,P101132_WR,WR,0,63.2,72.2,,,2031,82,,,ARI
PLAYOFFS,,2,70.7,73.0,,,DET_TE_03,TE,0,68.6,73.1,,,2031,79,,,ARI
PLAYOFFS,,2,48.9,73.2,,,KC_TE_04,TE,0,35.6,44.5,,,2031,74,,,ARI
PLAYOFFS,,2,75.1,62.4,,,JAX_OT_01,OT,0,,63.8,,,2031,135,,,ARI
PLAYOFFS,,2,75.5,60.5,,,DET_OT_02,OT,0,,81.3,,,2031,134,,,ARI
PLAYOFFS,,2,56.7,75.0,,,BUF_OG_02,OG,0,,58.8,,,2031,136,,,ARI
PLAYOFFS,,2,52.0,54.3,,,P100668_OG,OG,0,,65.6,,,2031,122,,,ARI
PLAYOFFS,,2,86.7,69.0,,,ARI_C_01,C,0,,83.0,,,2031,130,,,ARI
PLAYOFFS,,2,89.6,,83.7,,P100707_EDGE,EDGE,0,,,83.9,,2031,84,,88.7,ARI
PLAYOFFS,,2,35.8,,46.6,,P100478_EDGE,EDGE,0,,,54.0,,2031,83,,57.3,ARI
PLAYOFFS,,2,66.6,,70.0,,P100561_EDGE,EDGE,0,,,69.0,,2031,97,,56.7,ARI
PLAYOFFS,,2,48.4,,54.5,,P100562_EDGE,EDGE,0,,,58.2,,2031,80,,32.2,ARI
PLAYOFFS,,2,62.5,,58.9,,JAX_DT_02,DT,0,,,78.7,,2031,69,,57.8,ARI
PLAYOFFS,,2,71.3,,60.3,,ARI_DT_01,DT,0,,,73.8,,2031,72,,66.3,ARI
PLAYOFFS,,2,51.1,,41.3,,DET_DT_05,DT,0,,,57.6,,2031,70,,38.3,ARI
PLAYOFFS,64.2,2,80.5,,74.7,,P101195_LB,LB,0,,,66.7,,2031,94,,87.7,ARI
PLAYOFFS,47.9,2,47.6,,32.5,,P101113_LB,LB,0,,,54.8,,2031,83,,51.0,ARI
PLAYOFFS,66.1,2,63.5,,74.9,,P100978_LB,LB,0,,,63.0,,2031,85,,58.7,ARI
PLAYOFFS,63.4,2,70.8,,,,LAR_CB_01,CB,0,,,74.0,,2031,100,,75.0,ARI
PLAYOFFS,60.1,2,61.5,,,,ATL_CB_04,CB,0,,,50.2,,2031,109,,58.0,ARI
PLAYOFFS,44.4,2,44.9,,,,P100393_CB,CB,0,,,62.6,,2031,97,,43.3,ARI
PLAYOFFS,82.5,2,61.5,,,,P101050_CB,CB,0,,,69.6,,2031,100,,59.3,ARI
PLAYOFFS,68.3,2,57.8,,,,P101281_S,S,0,,,58.1,,2031,107,,47.2,ARI
PLAYOFFS,53.9,2,57.7,,,,P101480_S,S,0,,,57.5,,2031,96,,40.9,ARI
PLAYOFFS,54.0,2,58.1,,,,P101222_S,S,0,,,74.5,,2031,115,,44.0,ARI
PLAYOFFS,,2,64.4,,,,SEA_K_01,K,0,,,,,2031,12,72.1,,ARI
