player_id,team_id,morale,playing_time_satisfaction,contract_satisfaction,coach_trust,locker_room_influence,trade_request,holdout_risk,data_class
BUF_QB_01,BUF,82,85,55,55,100,0,0,MODELED
BUF_QB_02,BUF,63,63,89,70,41,0,0,MODELED
BUF_QB_03,BUF,24,51,46,86,44,0,0,MODELED
BUF_QB_04,BUF,53,57,65,59,44,0,20,MODELED
BUF_RB_01,BUF,74,87,58,92,40,0,0,MODELED
BUF_RB_02,BUF,60,55,65,78,28,0,0,MODELED
BUF_RB_03,BUF,63,62,75,56,10,0,13,MODELED
BUF_RB_04,BUF,47,47,53,59,34,0,0,MODELED
BUF_RB_05,BUF,50,39,73,64,1,0,0,MODELED
BUF_FB_01,BUF,81,78,39,20,26,0,16,MODELED
BUF_WR_01,BUF,73,77,67,55,77,0,12,MODELED
BUF_WR_02,BUF,77,100,29,68,37,0,0,MODELED
BUF_WR_03,BUF,79,79,62,66,45,0,15,MODELED
BUF_WR_04,BUF,63,79,74,83,38,0,13,MODELED
BUF_WR_05,BUF,77,76,68,56,37,0,15,MODELED
BUF_WR_06,BUF,58,76,73,62,50,0,0,MODELED
BUF_WR_07,BUF,61,39,90,69,3,0,0,MODELED
BUF_WR_08,BUF,42,64,67,55,3,0,7,MODELED
BUF_WR_09,BUF,42,47,64,83,39,0,6,MODELED
BUF_WR_10,BUF,45,39,54,79,49,0,8,MODELED
BUF_WR_11,BUF,40,58,70,65,21,0,0,MODELED
BUF_TE_01,BUF,84,100,60,66,76,0,14,MODELED
BUF_TE_02,BUF,63,57,67,80,52,0,0,MODELED
BUF_TE_03,BUF,58,75,53,53,68,0,10,MODELED
BUF_TE_04,BUF,64,50,80,75,45,0,7,MODELED
BUF_TE_05,BUF,72,17,79,66,1,0,5,MODELED
BUF_TE_06,BUF,65,51,61,36,28,0,25,MODELED
BUF_OT_01,BUF,86,80,66,81,52,0,0,MODELED
BUF_OT_02,BUF,100,78,80,37,52,0,15,MODELED
BUF_OT_03,BUF,76,71,53,61,33,0,16,MODELED
BUF_OT_04,BUF,78,80,40,73,50,0,23,MODELED
BUF_OT_05,BUF,42,63,65,60,26,0,8,MODELED
BUF_OT_06,BUF,60,58,72,72,29,0,12,MODELED
BUF_OG_01,BUF,90,81,75,64,42,0,0,MODELED
BUF_OG_02,BUF,83,86,58,84,26,0,15,MODELED
BUF_OG_03,BUF,68,44,74,59,39,0,10,MODELED
BUF_OG_04,BUF,64,52,56,68,33,0,16,MODELED
BUF_OG_05,BUF,59,56,72,84,27,0,17,MODELED
BUF_OG_06,BUF,27,41,73,78,8,0,0,MODELED
BUF_C_01,BUF,72,80,63,61,63,0,13,MODELED
BUF_C_02,BUF,63,75,68,53,26,0,0,MODELED
BUF_C_03,BUF,23,80,65,74,46,0,11,MODELED
BUF_EDGE_01,BUF,84,87,60,64,49,0,9,MODELED
BUF_EDGE_02,BUF,71,57,68,59,67,0,22,MODELED
BUF_EDGE_03,BUF,65,84,69,81,38,0,12,MODELED
BUF_EDGE_04,BUF,68,58,60,59,64,0,0,MODELED
BUF_EDGE_05,BUF,60,78,66,74,37,0,0,MODELED
BUF_EDGE_06,BUF,61,66,85,53,27,0,14,MODELED
BUF_EDGE_07,BUF,42,63,71,42,29,0,21,MODELED
BUF_EDGE_08,BUF,52,44,62,73,8,0,13,MODELED
BUF_EDGE_09,BUF,52,50,74,70,45,0,6,MODELED
BUF_DT_01,BUF,87,82,50,83,53,0,15,MODELED
BUF_DT_02,BUF,74,62,65,73,36,0,15,MODELED
BUF_DT_03,BUF,69,51,54,67,33,0,12,MODELED
BUF_DT_04,BUF,46,55,77,50,69,0,3,MODELED
BUF_DT_05,BUF,58,58,75,56,46,0,12,MODELED
BUF_DT_06,BUF,59,70,50,65,23,0,27,MODELED
BUF_DT_07,BUF,59,24,69,49,14,0,0,MODELED
BUF_DT_08,BUF,53,38,75,70,53,0,8,MODELED
BUF_LB_01,BUF,85,93,50,67,55,0,0,MODELED
BUF_LB_02,BUF,100,65,64,90,41,0,8,MODELED
BUF_LB_03,BUF,61,72,40,84,32,0,21,MODELED
BUF_LB_04,BUF,74,60,90,65,53,0,0,MODELED
BUF_LB_05,BUF,62,69,53,66,58,0,1,MODELED
BUF_LB_06,BUF,59,53,57,53,1,0,0,MODELED
BUF_LB_07,BUF,30,37,53,70,27,0,2,MODELED
BUF_LB_08,BUF,41,44,65,81,30,0,24,MODELED
BUF_CB_01,BUF,82,83,88,71,52,0,0,MODELED
BUF_CB_02,BUF,86,78,39,70,33,0,16,MODELED
BUF_CB_03,BUF,87,69,42,71,76,0,8,MODELED
BUF_CB_04,BUF,70,73,48,56,21,0,0,MODELED
BUF_CB_05,BUF,84,68,47,72,33,0,6,MODELED
BUF_CB_06,BUF,46,63,72,48,45,0,5,MODELED
BUF_CB_07,BUF,45,41,64,56,64,0,19,MODELED
BUF_CB_08,BUF,55,58,98,64,36,0,9,MODELED
BUF_CB_09,BUF,58,61,70,100,19,0,15,MODELED
BUF_CB_10,BUF,31,32,71,48,11,0,1,MODELED
BUF_CB_11,BUF,40,50,76,71,20,0,13,MODELED
BUF_S_01,BUF,82,82,83,49,59,0,15,MODELED
BUF_S_02,BUF,73,85,58,57,53,0,13,MODELED
BUF_S_03,BUF,40,60,79,57,30,0,13,MODELED
BUF_S_04,BUF,65,58,70,38,34,0,14,MODELED
BUF_S_05,BUF,50,44,58,74,51,0,7,MODELED
BUF_S_06,BUF,41,38,61,67,47,0,7,MODELED
BUF_S_07,BUF,61,43,76,65,15,0,3,MODELED
BUF_K_01,BUF,89,100,63,42,67,0,11,MODELED
BUF_K_02,BUF,39,85,82,71,4,0,20,MODELED
BUF_P_01,BUF,81,83,65,74,83,0,0,MODELED
BUF_P_02,BUF,69,53,77,73,48,0,15,MODELED
BUF_LS_01,BUF,89,65,77,67,66,0,5,MODELED
MIA_QB_01,MIA,84,69,68,100,100,0,5,MODELED
MIA_QB_02,MIA,40,53,80,52,14,0,0,MODELED
MIA_QB_03,MIA,37,58,55,26,48,0,0,MODELED
MIA_QB_04,MIA,46,51,63,65,30,0,0,MODELED
MIA_RB_01,MIA,100,84,62,66,35,0,1,MODELED
MIA_RB_02,MIA,60,73,61,77,39,0,14,MODELED
MIA_RB_03,MIA,66,74,80,84,29,0,5,MODELED
MIA_RB_04,MIA,55,34,69,60,28,0,0,MODELED
MIA_RB_05,MIA,51,59,86,71,51,0,23,MODELED
MIA_FB_01,MIA,63,97,34,82,28,0,0,MODELED
MIA_WR_01,MIA,72,75,67,77,73,0,19,MODELED
MIA_WR_02,MIA,88,74,84,47,60,0,5,MODELED
MIA_WR_03,MIA,95,87,58,64,58,0,2,MODELED
MIA_WR_04,MIA,61,74,91,53,64,0,0,MODELED
MIA_WR_05,MIA,50,64,71,55,52,0,3,MODELED
MIA_WR_06,MIA,56,63,71,60,84,0,28,MODELED
MIA_WR_07,MIA,41,57,82,60,51,0,22,MODELED
MIA_WR_08,MIA,44,56,100,74,18,0,10,MODELED
MIA_WR_09,MIA,55,43,90,89,29,0,0,MODELED
MIA_WR_10,MIA,46,26,49,40,1,0,21,MODELED
MIA_WR_11,MIA,54,50,78,61,22,0,16,MODELED
MIA_TE_01,MIA,89,77,85,88,42,0,7,MODELED
MIA_TE_02,MIA,62,71,31,55,56,0,0,MODELED
MIA_TE_03,MIA,60,73,76,80,46,0,13,MODELED
MIA_TE_04,MIA,65,31,72,60,1,0,12,MODELED
MIA_TE_05,MIA,36,29,60,40,1,0,0,MODELED
MIA_TE_06,MIA,33,24,59,31,31,0,7,MODELED
MIA_OT_01,MIA,91,65,64,60,22,0,0,MODELED
MIA_OT_02,MIA,83,89,91,69,73,0,0,MODELED
MIA_OT_03,MIA,73,68,93,66,50,0,10,MODELED
MIA_OT_04,MIA,53,54,34,49,65,0,18,MODELED
MIA_OT_05,MIA,51,54,82,85,35,0,0,MODELED
MIA_OT_06,MIA,67,28,44,57,32,0,7,MODELED
MIA_OG_01,MIA,62,100,45,79,73,0,6,MODELED
MIA_OG_02,MIA,76,87,97,63,65,0,11,MODELED
MIA_OG_03,MIA,86,40,90,61,51,0,4,MODELED
MIA_OG_04,MIA,80,56,70,74,22,0,8,MODELED
MIA_OG_05,MIA,58,51,56,48,23,0,8,MODELED
MIA_OG_06,MIA,48,28,84,76,2,0,2,MODELED
MIA_C_01,MIA,61,70,38,79,65,0,11,MODELED
MIA_C_02,MIA,72,78,60,70,19,0,23,MODELED
MIA_C_03,MIA,54,60,67,79,16,0,20,MODELED
MIA_EDGE_01,MIA,88,86,55,62,73,0,18,MODELED
MIA_EDGE_02,MIA,90,81,74,87,70,0,14,MODELED
MIA_EDGE_03,MIA,61,53,80,86,51,0,0,MODELED
MIA_EDGE_04,MIA,65,87,67,58,48,0,7,MODELED
MIA_EDGE_05,MIA,81,45,69,50,21,0,12,MODELED
MIA_EDGE_06,MIA,39,52,64,77,10,0,14,MODELED
MIA_EDGE_07,MIA,47,75,64,67,12,0,20,MODELED
MIA_EDGE_08,MIA,52,42,71,79,29,0,0,MODELED
MIA_EDGE_09,MIA,36,49,87,67,29,0,0,MODELED
MIA_DT_01,MIA,81,93,36,62,37,0,0,MODELED
MIA_DT_02,MIA,73,65,61,80,61,0,7,MODELED
MIA_DT_03,MIA,84,78,38,66,39,0,10,MODELED
MIA_DT_04,MIA,52,63,69,96,59,0,2,MODELED
MIA_DT_05,MIA,66,52,67,62,87,0,3,MODELED
MIA_DT_06,MIA,59,67,56,81,4,0,16,MODELED
MIA_DT_07,MIA,46,31,39,66,31,0,20,MODELED
MIA_DT_08,MIA,58,41,56,78,38,0,1,MODELED
MIA_LB_01,MIA,78,68,88,55,44,0,13,MODELED
MIA_LB_02,MIA,67,86,56,70,43,0,2,MODELED
MIA_LB_03,MIA,83,60,58,61,45,0,0,MODELED
MIA_LB_04,MIA,63,69,76,82,22,0,0,MODELED
MIA_LB_05,MIA,50,76,54,62,45,0,4,MODELED
MIA_LB_06,MIA,70,45,94,82,11,0,5,MODELED
MIA_LB_07,MIA,39,44,53,81,17,0,18,MODELED
MIA_LB_08,MIA,52,28,57,45,21,0,14,MODELED
MIA_CB_01,MIA,84,70,47,42,49,0,28,MODELED
MIA_CB_02,MIA,74,84,51,79,73,0,6,MODELED
MIA_CB_03,MIA,100,86,68,100,93,0,11,MODELED
MIA_CB_04,MIA,69,68,71,57,51,0,5,MODELED
MIA_CB_05,MIA,74,62,61,70,38,0,9,MODELED
MIA_CB_06,MIA,69,56,64,78,25,0,19,MODELED
MIA_CB_07,MIA,59,48,83,74,39,0,5,MODELED
MIA_CB_08,MIA,66,44,58,53,69,0,8,MODELED
MIA_CB_09,MIA,36,30,63,60,14,0,0,MODELED
MIA_CB_10,MIA,47,53,64,80,34,0,7,MODELED
MIA_CB_11,MIA,61,61,66,62,54,0,1,MODELED
MIA_S_01,MIA,75,78,62,58,45,0,6,MODELED
MIA_S_02,MIA,86,71,55,66,40,0,0,MODELED
MIA_S_03,MIA,57,73,76,58,61,0,11,MODELED
MIA_S_04,MIA,59,67,81,81,45,0,0,MODELED
MIA_S_05,MIA,56,64,52,73,35,0,20,MODELED
MIA_S_06,MIA,46,50,67,43,22,0,0,MODELED
MIA_S_07,MIA,47,21,49,74,15,0,15,MODELED
MIA_K_01,MIA,72,98,53,56,33,0,21,MODELED
MIA_K_02,MIA,36,69,56,69,27,0,13,MODELED
MIA_P_01,MIA,82,88,54,58,25,0,18,MODELED
MIA_P_02,MIA,46,59,63,45,33,0,8,MODELED
MIA_LS_01,MIA,77,82,44,62,29,0,17,MODELED
NE_QB_01,NE,92,85,44,71,46,0,6,MODELED
NE_QB_02,NE,64,77,59,86,46,0,0,MODELED
NE_QB_03,NE,64,43,67,58,6,0,0,MODELED
NE_QB_04,NE,23,57,59,66,13,0,5,MODELED
NE_RB_01,NE,71,98,63,77,77,0,12,MODELED
NE_RB_02,NE,65,75,66,82,30,0,5,MODELED
NE_RB_03,NE,60,61,70,63,22,0,0,MODELED
NE_RB_04,NE,62,33,47,93,33,0,0,MODELED
NE_RB_05,NE,29,61,74,70,4,0,16,MODELED
NE_FB_01,NE,87,72,75,60,68,0,14,MODELED
NE_WR_01,NE,93,71,74,51,83,0,8,MODELED
NE_WR_02,NE,86,93,57,48,42,0,0,MODELED
NE_WR_03,NE,100,76,73,36,59,0,0,MODELED
NE_WR_04,NE,64,66,68,83,21,0,11,MODELED
NE_WR_05,NE,56,77,72,70,28,0,15,MODELED
NE_WR_06,NE,60,60,76,70,58,0,0,MODELED
NE_WR_07,NE,58,60,66,81,48,0,1,MODELED
NE_WR_08,NE,49,66,91,53,36,0,10,MODELED
NE_WR_09,NE,35,50,78,75,1,0,24,MODELED
NE_WR_10,NE,28,46,44,73,22,0,11,MODELED
NE_WR_11,NE,58,47,63,57,10,0,20,MODELED
NE_TE_01,NE,91,86,57,45,90,0,0,MODELED
NE_TE_02,NE,63,63,73,72,59,0,1,MODELED
NE_TE_03,NE,60,80,82,69,32,0,5,MODELED
NE_TE_04,NE,81,70,40,57,9,0,0,MODELED
NE_TE_05,NE,36,41,73,61,51,0,2,MODELED
NE_TE_06,NE,44,52,78,58,2,0,14,MODELED
NE_OT_01,NE,71,69,70,73,66,0,27,MODELED
NE_OT_02,NE,100,84,64,76,34,0,6,MODELED
NE_OT_03,NE,77,55,51,60,42,0,11,MODELED
NE_OT_04,NE,57,65,78,70,4,0,2,MODELED
NE_OT_05,NE,64,51,65,52,55,0,7,MODELED
NE_OT_06,NE,24,32,75,77,31,0,5,MODELED
NE_OG_01,NE,96,90,55,79,39,0,3,MODELED
NE_OG_02,NE,85,82,59,82,42,0,5,MODELED
NE_OG_03,NE,58,45,69,63,49,0,5,MODELED
NE_OG_04,NE,79,58,69,100,44,0,20,MODELED
NE_OG_05,NE,49,58,72,61,38,0,9,MODELED
NE_OG_06,NE,40,52,74,69,18,0,3,MODELED
NE_C_01,NE,70,79,61,56,60,0,0,MODELED
NE_C_02,NE,62,60,64,49,17,0,11,MODELED
NE_C_03,NE,59,68,52,49,35,0,8,MODELED
NE_EDGE_01,NE,86,100,78,66,42,0,21,MODELED
NE_EDGE_02,NE,80,79,65,56,62,0,0,MODELED
NE_EDGE_03,NE,77,50,68,43,36,0,10,MODELED
NE_EDGE_04,NE,51,41,51,49,41,0,10,MODELED
NE_EDGE_05,NE,77,67,62,58,43,0,15,MODELED
NE_EDGE_06,NE,53,35,70,92,14,0,22,MODELED
NE_EDGE_07,NE,42,48,63,79,36,0,5,MODELED
NE_EDGE_08,NE,62,49,59,66,29,0,3,MODELED
NE_EDGE_09,NE,56,43,77,70,12,0,0,MODELED
NE_DT_01,NE,82,82,75,56,63,0,11,MODELED
NE_DT_02,NE,98,77,64,72,46,0,5,MODELED
NE_DT_03,NE,74,80,44,69,43,0,18,MODELED
NE_DT_04,NE,56,68,58,49,52,0,2,MODELED
NE_DT_05,NE,72,72,68,73,44,0,0,MODELED
NE_DT_06,NE,63,43,55,59,47,0,1,MODELED
NE_DT_07,NE,28,41,74,62,41,0,0,MODELED
NE_DT_08,NE,42,16,74,78,13,0,11,MODELED
NE_LB_01,NE,94,78,20,75,70,0,10,MODELED
NE_LB_02,NE,56,81,67,53,50,0,6,MODELED
NE_LB_03,NE,74,70,37,59,38,0,11,MODELED
NE_LB_04,NE,54,68,65,57,57,0,5,MODELED
NE_LB_05,NE,68,72,60,60,32,0,10,MODELED
NE_LB_06,NE,34,69,68,90,1,0,19,MODELED
NE_LB_07,NE,36,55,42,57,17,0,12,MODELED
NE_LB_08,NE,52,49,64,72,47,0,13,MODELED
NE_CB_01,NE,80,100,89,70,31,0,6,MODELED
NE_CB_02,NE,75,91,72,78,30,0,1,MODELED
NE_CB_03,NE,78,72,84,69,61,0,3,MODELED
NE_CB_04,NE,57,48,72,88,56,0,8,MODELED
NE_CB_05,NE,72,53,56,67,41,0,0,MODELED
NE_CB_06,NE,52,57,72,68,38,0,9,MODELED
NE_CB_07,NE,56,64,86,53,26,0,12,MODELED
NE_CB_08,NE,63,50,87,47,9,0,0,MODELED
NE_CB_09,NE,65,59,79,88,34,0,10,MODELED
NE_CB_10,NE,46,54,66,71,1,0,10,MODELED
NE_CB_11,NE,72,38,59,40,17,0,15,MODELED
NE_S_01,NE,100,64,92,68,54,0,15,MODELED
NE_S_02,NE,97,78,81,76,75,0,16,MODELED
NE_S_03,NE,78,57,88,64,47,0,15,MODELED
NE_S_04,NE,55,73,60,70,26,0,1,MODELED
NE_S_05,NE,58,39,100,59,16,0,15,MODELED
NE_S_06,NE,55,30,77,71,1,0,18,MODELED
NE_S_07,NE,34,27,67,60,48,0,7,MODELED
NE_K_01,NE,81,87,53,69,36,0,9,MODELED
NE_K_02,NE,51,55,45,100,37,0,12,MODELED
NE_P_01,NE,71,81,71,89,32,0,3,MODELED
NE_P_02,NE,37,61,51,71,33,0,21,MODELED
NE_LS_01,NE,83,95,63,55,31,0,8,MODELED
NYJ_QB_01,NYJ,85,97,46,94,70,0,12,MODELED
NYJ_QB_02,NYJ,70,74,36,47,38,0,10,MODELED
NYJ_QB_03,NYJ,74,54,44,50,34,0,9,MODELED
NYJ_QB_04,NYJ,59,17,55,55,39,0,0,MODELED
NYJ_RB_01,NYJ,76,84,27,70,44,0,0,MODELED
NYJ_RB_02,NYJ,90,59,57,48,56,0,10,MODELED
NYJ_RB_03,NYJ,55,73,54,69,23,0,1,MODELED
NYJ_RB_04,NYJ,31,57,67,63,26,0,12,MODELED
NYJ_RB_05,NYJ,31,46,90,80,14,0,4,MODELED
NYJ_FB_01,NYJ,65,95,49,67,50,0,18,MODELED
NYJ_WR_01,NYJ,89,80,62,91,79,0,2,MODELED
NYJ_WR_02,NYJ,81,87,88,73,65,0,27,MODELED
NYJ_WR_03,NYJ,95,89,60,44,50,0,0,MODELED
NYJ_WR_04,NYJ,54,73,52,49,54,0,2,MODELED
NYJ_WR_05,NYJ,86,55,85,61,32,0,14,MODELED
NYJ_WR_06,NYJ,53,62,52,67,35,0,8,MODELED
NYJ_WR_07,NYJ,65,40,66,84,34,0,0,MODELED
NYJ_WR_08,NYJ,62,66,100,46,48,0,21,MODELED
NYJ_WR_09,NYJ,40,36,58,55,1,0,0,MODELED
NYJ_WR_10,NYJ,38,44,50,82,40,0,9,MODELED
NYJ_WR_11,NYJ,58,64,48,76,15,0,15,MODELED
NYJ_TE_01,NYJ,86,87,62,50,100,0,4,MODELED
NYJ_TE_02,NYJ,57,58,76,26,49,0,17,MODELED
NYJ_TE_03,NYJ,66,59,61,74,43,0,14,MODELED
NYJ_TE_04,NYJ,45,45,45,76,37,0,9,MODELED
NYJ_TE_05,NYJ,24,32,67,88,34,0,6,MODELED
NYJ_TE_06,NYJ,64,13,77,51,43,0,7,MODELED
NYJ_OT_01,NYJ,69,93,45,46,75,0,19,MODELED
NYJ_OT_02,NYJ,87,80,66,84,51,0,10,MODELED
NYJ_OT_03,NYJ,68,75,63,43,44,0,20,MODELED
NYJ_OT_04,NYJ,46,67,58,64,66,0,0,MODELED
NYJ_OT_05,NYJ,64,63,60,76,31,0,6,MODELED
NYJ_OT_06,NYJ,39,34,73,52,30,0,16,MODELED
NYJ_OG_01,NYJ,79,75,70,67,56,0,9,MODELED
NYJ_OG_02,NYJ,94,70,66,58,28,0,8,MODELED
NYJ_OG_03,NYJ,57,64,65,74,32,0,9,MODELED
NYJ_OG_04,NYJ,64,81,76,67,57,0,6,MODELED
NYJ_OG_05,NYJ,64,80,100,56,13,0,0,MODELED
NYJ_OG_06,NYJ,46,55,76,91,4,0,4,MODELED
NYJ_C_01,NYJ,75,82,55,70,62,0,0,MODELED
NYJ_C_02,NYJ,79,47,63,73,100,0,5,MODELED
NYJ_C_03,NYJ,65,47,68,84,52,0,0,MODELED
NYJ_EDGE_01,NYJ,76,100,53,69,22,0,14,MODELED
NYJ_EDGE_02,NYJ,72,86,69,69,47,0,20,MODELED
NYJ_EDGE_03,NYJ,68,71,72,74,36,0,0,MODELED
NYJ_EDGE_04,NYJ,48,70,51,76,74,0,0,MODELED
NYJ_EDGE_05,NYJ,68,62,40,90,56,0,7,MODELED
NYJ_EDGE_06,NYJ,44,63,75,64,36,0,5,MODELED
NYJ_EDGE_07,NYJ,34,55,49,68,28,0,6,MODELED
NYJ_EDGE_08,NYJ,63,56,72,69,28,0,9,MODELED
NYJ_EDGE_09,NYJ,29,46,68,76,1,0,6,MODELED
NYJ_DT_01,NYJ,99,92,84,72,61,0,11,MODELED
NYJ_DT_02,NYJ,85,89,76,62,80,0,11,MODELED
NYJ_DT_03,NYJ,67,43,41,70,13,0,13,MODELED
NYJ_DT_04,NYJ,70,67,77,64,60,0,6,MODELED
NYJ_DT_05,NYJ,71,62,71,36,41,0,0,MODELED
NYJ_DT_06,NYJ,32,56,38,75,42,0,2,MODELED
NYJ_DT_07,NYJ,44,41,80,84,12,0,17,MODELED
NYJ_DT_08,NYJ,42,30,62,80,25,0,11,MODELED
NYJ_LB_01,NYJ,58,89,54,67,45,0,16,MODELED
NYJ_LB_02,NYJ,56,75,39,78,38,0,32,MODELED
NYJ_LB_03,NYJ,76,67,30,89,58,0,13,MODELED
NYJ_LB_04,NYJ,58,47,48,82,42,0,8,MODELED
NYJ_LB_05,NYJ,58,58,61,89,54,0,0,MODELED
NYJ_LB_06,NYJ,30,54,46,65,14,0,14,MODELED
NYJ_LB_07,NYJ,63,42,76,45,24,0,0,MODELED
NYJ_LB_08,NYJ,63,49,64,78,24,0,32,MODELED
NYJ_CB_01,NYJ,74,83,77,46,82,0,8,MODELED
NYJ_CB_02,NYJ,79,100,71,51,65,0,4,MODELED
NYJ_CB_03,NYJ,80,51,44,45,57,0,9,MODELED
NYJ_CB_04,NYJ,56,58,77,62,67,0,10,MODELED
NYJ_CB_05,NYJ,77,57,63,59,53,0,7,MODELED
NYJ_CB_06,NYJ,83,76,46,66,22,0,5,MODELED
NYJ_CB_07,NYJ,55,46,69,55,24,0,8,MODELED
NYJ_CB_08,NYJ,58,56,69,70,35,0,2,MODELED
NYJ_CB_09,NYJ,29,51,78,56,23,0,9,MODELED
NYJ_CB_10,NYJ,27,35,86,63,28,0,23,MODELED
NYJ_CB_11,NYJ,50,43,75,56,28,0,6,MODELED
NYJ_S_01,NYJ,90,92,50,47,61,0,20,MODELED
NYJ_S_02,NYJ,79,63,62,72,90,0,7,MODELED
NYJ_S_03,NYJ,73,96,73,90,56,0,13,MODELED
NYJ_S_04,NYJ,56,54,62,52,48,0,2,MODELED
NYJ_S_05,NYJ,57,62,64,82,48,0,1,MODELED
NYJ_S_06,NYJ,45,46,61,35,43,0,22,MODELED
NYJ_S_07,NYJ,42,29,57,38,14,0,2,MODELED
NYJ_K_01,NYJ,78,86,51,56,95,0,32,MODELED
NYJ_K_02,NYJ,64,42,44,78,16,0,15,MODELED
NYJ_P_01,NYJ,84,75,57,62,45,0,13,MODELED
NYJ_P_02,NYJ,59,28,72,66,36,0,5,MODELED
NYJ_LS_01,NYJ,78,84,51,55,63,0,6,MODELED
BAL_QB_01,BAL,83,86,81,65,54,0,0,MODELED
BAL_QB_02,BAL,62,71,78,73,23,0,21,MODELED
BAL_QB_03,BAL,53,35,100,73,42,0,10,MODELED
BAL_QB_04,BAL,48,31,66,97,41,0,8,MODELED
BAL_RB_01,BAL,91,81,57,95,66,0,13,MODELED
BAL_RB_02,BAL,70,68,42,81,48,0,5,MODELED
BAL_RB_03,BAL,75,48,46,61,66,0,6,MODELED
BAL_RB_04,BAL,70,67,67,48,43,0,4,MODELED
BAL_RB_05,BAL,52,57,65,100,40,0,18,MODELED
BAL_FB_01,BAL,89,98,65,89,35,0,20,MODELED
BAL_WR_01,BAL,75,60,84,45,59,0,6,MODELED
BAL_WR_02,BAL,94,77,51,78,60,0,8,MODELED
BAL_WR_03,BAL,71,68,51,76,67,0,4,MODELED
BAL_WR_04,BAL,74,60,48,48,36,0,0,MODELED
BAL_WR_05,BAL,40,85,50,84,42,0,0,MODELED
BAL_WR_06,BAL,67,59,75,62,57,0,0,MODELED
BAL_WR_07,BAL,30,33,46,62,18,0,0,MODELED
BAL_WR_08,BAL,47,57,53,71,30,0,11,MODELED
BAL_WR_09,BAL,29,24,41,60,50,0,7,MODELED
BAL_WR_10,BAL,35,27,70,7,3,0,5,MODELED
BAL_WR_11,BAL,53,40,79,69,47,0,3,MODELED
BAL_TE_01,BAL,87,90,53,66,73,0,0,MODELED
BAL_TE_02,BAL,48,57,78,90,47,0,10,MODELED
BAL_TE_03,BAL,59,51,66,67,49,0,0,MODELED
BAL_TE_04,BAL,41,44,56,84,33,0,5,MODELED
BAL_TE_05,BAL,54,22,58,48,52,0,0,MODELED
BAL_TE_06,BAL,37,28,83,95,10,0,15,MODELED
BAL_OT_01,BAL,100,58,41,59,64,0,13,MODELED
BAL_OT_02,BAL,71,75,47,69,38,0,25,MODELED
BAL_OT_03,BAL,78,61,61,79,50,0,6,MODELED
BAL_OT_04,BAL,81,73,81,51,49,0,0,MODELED
BAL_OT_05,BAL,58,48,62,58,45,0,25,MODELED
BAL_OT_06,BAL,63,27,90,81,3,0,0,MODELED
BAL_OG_01,BAL,82,86,90,40,51,0,9,MODELED
BAL_OG_02,BAL,88,79,16,45,100,0,8,MODELED
BAL_OG_03,BAL,70,60,68,71,72,0,2,MODELED
BAL_OG_04,BAL,48,63,67,68,35,0,14,MODELED
BAL_OG_05,BAL,45,41,56,49,17,0,5,MODELED
BAL_OG_06,BAL,53,52,60,64,21,0,5,MODELED
BAL_C_01,BAL,89,73,73,77,36,0,6,MODELED
BAL_C_02,BAL,68,92,87,63,66,0,1,MODELED
BAL_C_03,BAL,43,51,66,52,40,0,11,MODELED
BAL_EDGE_01,BAL,94,78,49,68,74,0,11,MODELED
BAL_EDGE_02,BAL,87,83,62,52,100,0,22,MODELED
BAL_EDGE_03,BAL,57,69,53,77,100,0,1,MODELED
BAL_EDGE_04,BAL,62,46,50,42,55,0,15,MODELED
BAL_EDGE_05,BAL,72,53,77,83,61,0,8,MODELED
BAL_EDGE_06,BAL,49,58,44,83,44,0,6,MODELED
BAL_EDGE_07,BAL,47,33,54,55,50,0,0,MODELED
BAL_EDGE_08,BAL,50,43,77,87,22,0,11,MODELED
BAL_EDGE_09,BAL,73,34,67,65,29,0,0,MODELED
BAL_DT_01,BAL,78,100,43,86,54,0,0,MODELED
BAL_DT_02,BAL,72,76,41,59,42,0,4,MODELED
BAL_DT_03,BAL,44,64,82,70,47,0,14,MODELED
BAL_DT_04,BAL,72,66,52,55,67,0,2,MODELED
BAL_DT_05,BAL,74,74,57,63,55,0,17,MODELED
BAL_DT_06,BAL,53,69,65,74,46,0,8,MODELED
BAL_DT_07,BAL,59,29,52,83,38,0,4,MODELED
BAL_DT_08,BAL,8,52,91,35,36,0,0,MODELED
BAL_LB_01,BAL,79,77,51,100,51,0,5,MODELED
BAL_LB_02,BAL,88,65,21,52,86,0,0,MODELED
BAL_LB_03,BAL,86,83,47,48,40,0,14,MODELED
BAL_LB_04,BAL,62,40,71,98,15,0,5,MODELED
BAL_LB_05,BAL,79,52,42,51,57,0,20,MODELED
BAL_LB_06,BAL,59,56,64,40,28,0,15,MODELED
BAL_LB_07,BAL,44,63,71,79,26,0,16,MODELED
BAL_LB_08,BAL,29,36,75,73,14,0,0,MODELED
BAL_CB_01,BAL,58,82,46,69,59,0,0,MODELED
BAL_CB_02,BAL,98,91,38,79,32,0,10,MODELED
BAL_CB_03,BAL,84,98,57,71,57,0,0,MODELED
BAL_CB_04,BAL,72,57,89,67,22,0,5,MODELED
BAL_CB_05,BAL,63,63,68,75,62,0,20,MODELED
BAL_CB_06,BAL,60,68,70,52,41,0,20,MODELED
BAL_CB_07,BAL,45,64,80,47,26,0,1,MODELED
BAL_CB_08,BAL,25,32,34,84,1,0,9,MODELED
BAL_CB_09,BAL,47,26,67,65,37,0,0,MODELED
BAL_CB_10,BAL,22,58,60,49,32,0,3,MODELED
BAL_CB_11,BAL,30,52,51,56,42,0,0,MODELED
BAL_S_01,BAL,85,75,55,66,36,0,8,MODELED
BAL_S_02,BAL,100,94,47,63,87,0,1,MODELED
BAL_S_03,BAL,45,51,90,71,27,0,13,MODELED
BAL_S_04,BAL,57,52,33,47,48,0,15,MODELED
BAL_S_05,BAL,64,67,91,65,2,0,1,MODELED
BAL_S_06,BAL,54,60,94,62,1,0,5,MODELED
BAL_S_07,BAL,42,46,46,77,20,0,25,MODELED
BAL_K_01,BAL,90,100,69,82,41,0,0,MODELED
BAL_K_02,BAL,49,38,61,67,33,0,4,MODELED
BAL_P_01,BAL,100,70,92,72,80,0,0,MODELED
BAL_P_02,BAL,52,62,58,78,58,0,22,MODELED
BAL_LS_01,BAL,84,85,42,63,49,0,13,MODELED
PIT_QB_01,PIT,85,70,48,37,59,0,3,MODELED
PIT_QB_02,PIT,59,73,83,80,39,0,5,MODELED
PIT_QB_03,PIT,47,59,51,58,65,0,0,MODELED
PIT_QB_04,PIT,52,34,70,78,11,0,0,MODELED
PIT_RB_01,PIT,74,83,41,73,67,0,8,MODELED
PIT_RB_02,PIT,77,56,76,68,20,0,17,MODELED
PIT_RB_03,PIT,40,72,69,68,38,0,8,MODELED
PIT_RB_04,PIT,64,55,81,59,21,0,15,MODELED
PIT_RB_05,PIT,30,54,96,69,40,0,0,MODELED
PIT_FB_01,PIT,84,80,49,69,56,0,3,MODELED
PIT_WR_01,PIT,87,80,27,82,81,0,19,MODELED
PIT_WR_02,PIT,88,91,67,69,83,0,4,MODELED
PIT_WR_03,PIT,100,75,79,78,41,0,0,MODELED
PIT_WR_04,PIT,85,75,56,58,87,0,13,MODELED
PIT_WR_05,PIT,73,73,78,20,1,0,0,MODELED
PIT_WR_06,PIT,72,59,57,100,48,0,0,MODELED
PIT_WR_07,PIT,47,41,54,94,60,0,25,MODELED
PIT_WR_08,PIT,58,39,55,51,35,0,0,MODELED
PIT_WR_09,PIT,51,33,70,79,19,0,15,MODELED
PIT_WR_10,PIT,55,68,62,52,39,0,0,MODELED
PIT_WR_11,PIT,72,69,69,63,18,0,8,MODELED
PIT_TE_01,PIT,85,72,42,60,63,0,3,MODELED
PIT_TE_02,PIT,73,71,29,70,71,0,15,MODELED
PIT_TE_03,PIT,58,63,70,51,46,0,6,MODELED
PIT_TE_04,PIT,41,54,77,81,49,0,11,MODELED
PIT_TE_05,PIT,53,32,71,73,46,0,25,MODELED
PIT_TE_06,PIT,46,40,69,77,36,0,4,MODELED
PIT_OT_01,PIT,92,92,62,42,54,0,4,MODELED
PIT_OT_02,PIT,79,90,43,50,50,0,0,MODELED
PIT_OT_03,PIT,41,67,46,89,51,0,25,MODELED
PIT_OT_04,PIT,72,59,62,69,53,0,6,MODELED
PIT_OT_05,PIT,48,53,79,93,17,0,16,MODELED
PIT_OT_06,PIT,45,42,90,80,21,0,0,MODELED
PIT_OG_01,PIT,75,83,29,66,19,0,0,MODELED
PIT_OG_02,PIT,78,92,44,71,69,0,4,MODELED
PIT_OG_03,PIT,85,73,57,52,41,0,7,MODELED
PIT_OG_04,PIT,77,63,61,77,60,0,10,MODELED
PIT_OG_05,PIT,55,48,75,64,13,0,0,MODELED
PIT_OG_06,PIT,41,35,71,97,33,0,0,MODELED
PIT_C_01,PIT,85,70,65,54,62,0,21,MODELED
PIT_C_02,PIT,65,53,46,56,42,0,6,MODELED
PIT_C_03,PIT,71,51,58,80,54,0,1,MODELED
PIT_EDGE_01,PIT,68,79,61,69,64,0,0,MODELED
PIT_EDGE_02,PIT,100,84,55,54,66,0,0,MODELED
PIT_EDGE_03,PIT,51,64,41,76,39,0,14,MODELED
PIT_EDGE_04,PIT,50,69,57,94,52,0,13,MODELED
PIT_EDGE_05,PIT,59,73,29,53,33,0,12,MODELED
PIT_EDGE_06,PIT,46,27,59,59,62,0,4,MODELED
PIT_EDGE_07,PIT,55,39,39,60,36,0,15,MODELED
PIT_EDGE_08,PIT,48,52,57,52,37,0,0,MODELED
PIT_EDGE_09,PIT,51,47,69,75,25,0,4,MODELED
PIT_DT_01,PIT,74,88,52,68,50,0,17,MODELED
PIT_DT_02,PIT,94,96,66,61,47,0,0,MODELED
PIT_DT_03,PIT,78,54,70,52,34,0,10,MODELED
PIT_DT_04,PIT,72,65,68,64,46,0,3,MODELED
PIT_DT_05,PIT,61,54,42,67,44,0,10,MODELED
PIT_DT_06,PIT,42,66,97,79,46,0,13,MODELED
PIT_DT_07,PIT,19,23,86,60,44,0,6,MODELED
PIT_DT_08,PIT,33,35,47,78,23,0,4,MODELED
PIT_LB_01,PIT,89,84,48,90,92,0,12,MODELED
PIT_LB_02,PIT,84,69,50,73,58,0,16,MODELED
PIT_LB_03,PIT,61,82,63,65,35,0,19,MODELED
PIT_LB_04,PIT,83,55,49,74,48,0,10,MODELED
PIT_LB_05,PIT,66,65,47,60,48,0,4,MODELED
PIT_LB_06,PIT,52,54,92,68,32,0,0,MODELED
PIT_LB_07,PIT,42,53,74,71,1,0,5,MODELED
PIT_LB_08,PIT,51,50,73,76,31,0,37,MODELED
PIT_CB_01,PIT,84,93,67,68,55,0,13,MODELED
PIT_CB_02,PIT,87,95,70,47,59,0,8,MODELED
PIT_CB_03,PIT,89,87,43,53,60,0,0,MODELED
PIT_CB_04,PIT,57,78,53,86,37,0,0,MODELED
PIT_CB_05,PIT,55,62,20,54,68,0,8,MODELED
PIT_CB_06,PIT,71,43,50,71,68,0,11,MODELED
PIT_CB_07,PIT,66,63,54,50,42,0,0,MODELED
PIT_CB_08,PIT,26,44,85,83,42,0,5,MODELED
PIT_CB_09,PIT,43,52,85,72,10,0,5,MODELED
PIT_CB_10,PIT,49,54,58,80,21,0,15,MODELED
PIT_CB_11,PIT,45,60,73,54,32,0,0,MODELED
PIT_S_01,PIT,92,61,37,75,49,0,8,MODELED
PIT_S_02,PIT,77,83,36,33,40,0,12,MODELED
PIT_S_03,PIT,61,43,81,64,47,0,6,MODELED
PIT_S_04,PIT,53,54,41,59,62,0,16,MODELED
PIT_S_05,PIT,66,53,74,67,49,0,5,MODELED
PIT_S_06,PIT,62,38,91,71,11,0,15,MODELED
PIT_S_07,PIT,40,40,89,71,25,0,21,MODELED
PIT_K_01,PIT,78,73,41,65,81,0,12,MODELED
PIT_K_02,PIT,58,76,68,60,17,0,0,MODELED
PIT_P_01,PIT,90,75,60,66,73,0,20,MODELED
PIT_P_02,PIT,48,50,68,69,38,0,25,MODELED
PIT_LS_01,PIT,85,70,37,74,62,0,6,MODELED
CLE_QB_01,CLE,100,59,61,71,65,0,3,MODELED
CLE_QB_02,CLE,76,59,61,74,61,0,0,MODELED
CLE_QB_03,CLE,37,60,80,64,17,0,9,MODELED
CLE_QB_04,CLE,29,37,46,65,15,0,17,MODELED
CLE_RB_01,CLE,57,81,54,59,65,0,17,MODELED
CLE_RB_02,CLE,77,60,63,56,70,0,3,MODELED
CLE_RB_03,CLE,87,60,86,43,73,0,12,MODELED
CLE_RB_04,CLE,47,29,48,65,32,0,27,MODELED
CLE_RB_05,CLE,58,27,58,47,42,0,0,MODELED
CLE_FB_01,CLE,72,77,61,56,76,0,15,MODELED
CLE_WR_01,CLE,74,90,63,75,84,0,11,MODELED
CLE_WR_02,CLE,90,64,51,68,46,0,7,MODELED
CLE_WR_03,CLE,75,100,58,46,67,0,0,MODELED
CLE_WR_04,CLE,57,85,44,70,57,0,3,MODELED
CLE_WR_05,CLE,72,66,87,63,18,0,6,MODELED
CLE_WR_06,CLE,39,57,70,47,51,0,19,MODELED
CLE_WR_07,CLE,41,62,79,61,41,0,11,MODELED
CLE_WR_08,CLE,65,42,61,59,17,0,16,MODELED
CLE_WR_09,CLE,34,34,45,64,21,0,5,MODELED
CLE_WR_10,CLE,28,35,86,66,19,0,7,MODELED
CLE_WR_11,CLE,53,34,61,87,8,0,19,MODELED
CLE_TE_01,CLE,79,86,71,49,45,0,22,MODELED
CLE_TE_02,CLE,54,55,49,45,50,0,18,MODELED
CLE_TE_03,CLE,56,56,69,42,41,0,0,MODELED
CLE_TE_04,CLE,61,40,56,82,50,0,6,MODELED
CLE_TE_05,CLE,49,49,66,53,26,0,27,MODELED
CLE_TE_06,CLE,46,46,51,46,31,0,17,MODELED
CLE_OT_01,CLE,70,75,53,49,86,0,20,MODELED
CLE_OT_02,CLE,79,100,67,91,42,0,26,MODELED
CLE_OT_03,CLE,81,72,73,65,75,0,11,MODELED
CLE_OT_04,CLE,74,67,38,69,33,0,8,MODELED
CLE_OT_05,CLE,24,52,76,70,7,0,0,MODELED
CLE_OT_06,CLE,41,66,55,65,41,0,10,MODELED
CLE_OG_01,CLE,72,73,89,74,46,0,14,MODELED
CLE_OG_02,CLE,82,100,67,81,26,0,12,MODELED
CLE_OG_03,CLE,61,62,36,83,47,0,8,MODELED
CLE_OG_04,CLE,63,67,82,82,37,0,16,MODELED
CLE_OG_05,CLE,53,70,92,57,32,0,10,MODELED
CLE_OG_06,CLE,68,44,57,74,12,0,0,MODELED
CLE_C_01,CLE,70,73,62,74,33,0,13,MODELED
CLE_C_02,CLE,80,81,66,66,63,0,0,MODELED
CLE_C_03,CLE,72,50,31,79,50,0,9,MODELED
CLE_EDGE_01,CLE,84,99,58,84,74,0,0,MODELED
CLE_EDGE_02,CLE,100,77,61,65,59,0,0,MODELED
CLE_EDGE_03,CLE,48,73,90,65,22,0,10,MODELED
CLE_EDGE_04,CLE,76,81,55,54,64,0,4,MODELED
CLE_EDGE_05,CLE,65,77,29,74,32,0,2,MODELED
CLE_EDGE_06,CLE,58,38,80,85,25,0,0,MODELED
CLE_EDGE_07,CLE,48,59,59,80,26,0,23,MODELED
CLE_EDGE_08,CLE,38,34,81,53,49,0,7,MODELED
CLE_EDGE_09,CLE,32,48,76,43,22,0,9,MODELED
CLE_DT_01,CLE,77,84,43,57,63,0,12,MODELED
CLE_DT_02,CLE,76,65,68,65,52,0,5,MODELED
CLE_DT_03,CLE,72,86,64,53,87,0,10,MODELED
CLE_DT_04,CLE,62,94,53,57,46,0,0,MODELED
CLE_DT_05,CLE,70,70,44,45,41,0,9,MODELED
CLE_DT_06,CLE,43,55,61,75,38,0,12,MODELED
CLE_DT_07,CLE,31,52,51,63,12,0,0,MODELED
CLE_DT_08,CLE,45,20,59,44,27,0,4,MODELED
CLE_LB_01,CLE,80,74,60,44,36,0,11,MODELED
CLE_LB_02,CLE,76,83,55,64,45,0,0,MODELED
CLE_LB_03,CLE,76,87,60,50,45,0,20,MODELED
CLE_LB_04,CLE,44,57,56,84,56,0,0,MODELED
CLE_LB_05,CLE,95,63,58,75,61,0,0,MODELED
CLE_LB_06,CLE,67,50,56,64,26,0,12,MODELED
CLE_LB_07,CLE,59,27,74,72,14,0,9,MODELED
CLE_LB_08,CLE,20,66,91,62,1,0,24,MODELED
CLE_CB_01,CLE,75,90,37,88,86,0,5,MODELED
CLE_CB_02,CLE,72,89,52,66,72,0,12,MODELED
CLE_CB_03,CLE,85,83,86,84,39,0,0,MODELED
CLE_CB_04,CLE,66,70,72,78,54,0,10,MODELED
CLE_CB_05,CLE,86,63,66,67,53,0,15,MODELED
CLE_CB_06,CLE,67,70,68,55,74,0,11,MODELED
CLE_CB_07,CLE,57,55,97,61,14,0,6,MODELED
CLE_CB_08,CLE,53,62,44,82,9,0,11,MODELED
CLE_CB_09,CLE,50,41,77,75,38,0,8,MODELED
CLE_CB_10,CLE,57,34,50,49,17,0,17,MODELED
CLE_CB_11,CLE,51,45,68,79,33,0,4,MODELED
CLE_S_01,CLE,95,87,52,41,32,0,4,MODELED
CLE_S_02,CLE,86,78,62,72,73,0,22,MODELED
CLE_S_03,CLE,70,70,66,86,48,0,13,MODELED
CLE_S_04,CLE,68,53,56,48,41,0,28,MODELED
CLE_S_05,CLE,63,33,68,45,41,0,6,MODELED
CLE_S_06,CLE,23,60,69,58,45,0,0,MODELED
CLE_S_07,CLE,41,50,80,46,29,0,13,MODELED
CLE_K_01,CLE,90,73,76,66,70,0,19,MODELED
CLE_K_02,CLE,45,39,66,57,1,0,10,MODELED
CLE_P_01,CLE,80,86,77,46,40,0,0,MODELED
CLE_P_02,CLE,76,50,70,45,27,0,13,MODELED
CLE_LS_01,CLE,96,73,60,62,36,0,7,MODELED
CIN_QB_01,CIN,65,75,30,42,77,0,20,MODELED
CIN_QB_02,CIN,68,65,66,70,54,0,1,MODELED
CIN_QB_03,CIN,58,41,62,73,13,0,1,MODELED
CIN_QB_04,CIN,59,55,75,42,8,0,10,MODELED
CIN_RB_01,CIN,87,67,65,47,66,0,9,MODELED
CIN_RB_02,CIN,55,73,68,61,58,0,0,MODELED
CIN_RB_03,CIN,76,76,33,56,53,0,9,MODELED
CIN_RB_04,CIN,39,66,64,50,36,0,17,MODELED
CIN_RB_05,CIN,46,50,64,75,2,0,12,MODELED
CIN_FB_01,CIN,73,74,72,46,71,0,6,MODELED
CIN_WR_01,CIN,54,79,30,48,74,0,6,MODELED
CIN_WR_02,CIN,68,68,82,84,50,0,7,MODELED
CIN_WR_03,CIN,88,86,46,65,46,0,0,MODELED
CIN_WR_04,CIN,77,63,75,67,69,0,27,MODELED
CIN_WR_05,CIN,43,77,79,77,51,0,16,MODELED
CIN_WR_06,CIN,83,75,42,81,53,0,0,MODELED
CIN_WR_07,CIN,57,56,56,90,46,0,15,MODELED
CIN_WR_08,CIN,49,52,74,74,24,0,13,MODELED
CIN_WR_09,CIN,24,43,64,75,35,0,5,MODELED
CIN_WR_10,CIN,34,40,86,47,42,0,7,MODELED
CIN_WR_11,CIN,36,44,72,58,22,0,25,MODELED
CIN_TE_01,CIN,76,80,83,44,52,0,11,MODELED
CIN_TE_02,CIN,67,53,76,46,55,0,0,MODELED
CIN_TE_03,CIN,76,63,68,72,44,0,12,MODELED
CIN_TE_04,CIN,48,69,73,51,37,0,8,MODELED
CIN_TE_05,CIN,59,55,80,66,1,0,2,MODELED
CIN_TE_06,CIN,40,29,83,56,5,0,0,MODELED
CIN_OT_01,CIN,100,100,70,82,77,0,0,MODELED
CIN_OT_02,CIN,89,60,38,57,34,0,10,MODELED
CIN_OT_03,CIN,44,63,41,70,49,0,4,MODELED
CIN_OT_04,CIN,67,59,38,67,54,0,4,MODELED
CIN_OT_05,CIN,52,49,54,80,1,0,14,MODELED
CIN_OT_06,CIN,52,60,72,57,34,0,0,MODELED
CIN_OG_01,CIN,77,82,54,62,35,0,10,MODELED
CIN_OG_02,CIN,75,89,23,42,34,0,19,MODELED
CIN_OG_03,CIN,66,59,48,92,47,0,0,MODELED
CIN_OG_04,CIN,60,65,65,71,42,0,4,MODELED
CIN_OG_05,CIN,49,41,100,59,17,0,0,MODELED
CIN_OG_06,CIN,63,33,59,53,25,0,2,MODELED
CIN_C_01,CIN,83,82,73,46,56,0,15,MODELED
CIN_C_02,CIN,70,100,37,42,39,0,26,MODELED
CIN_C_03,CIN,52,67,78,71,57,0,0,MODELED
CIN_EDGE_01,CIN,73,75,64,89,66,0,8,MODELED
CIN_EDGE_02,CIN,65,93,78,61,30,0,12,MODELED
CIN_EDGE_03,CIN,58,82,66,70,48,0,13,MODELED
CIN_EDGE_04,CIN,72,69,75,64,53,0,1,MODELED
CIN_EDGE_05,CIN,54,76,64,91,4,0,17,MODELED
CIN_EDGE_06,CIN,49,57,75,66,49,0,14,MODELED
CIN_EDGE_07,CIN,64,59,71,53,53,0,16,MODELED
CIN_EDGE_08,CIN,52,46,76,72,10,0,11,MODELED
CIN_EDGE_09,CIN,34,40,47,71,34,0,0,MODELED
CIN_DT_01,CIN,71,80,34,80,94,0,24,MODELED
CIN_DT_02,CIN,69,66,36,94,59,0,17,MODELED
CIN_DT_03,CIN,70,54,55,90,50,0,3,MODELED
CIN_DT_04,CIN,80,58,68,85,50,0,10,MODELED
CIN_DT_05,CIN,71,56,99,59,10,0,14,MODELED
CIN_DT_06,CIN,63,36,77,57,46,0,9,MODELED
CIN_DT_07,CIN,39,52,65,67,30,0,18,MODELED
CIN_DT_08,CIN,36,49,81,74,18,0,18,MODELED
CIN_LB_01,CIN,77,62,57,75,49,0,8,MODELED
CIN_LB_02,CIN,73,97,55,56,27,0,4,MODELED
CIN_LB_03,CIN,68,80,83,61,67,0,9,MODELED
CIN_LB_04,CIN,76,51,57,48,50,0,0,MODELED
CIN_LB_05,CIN,74,34,68,59,37,0,13,MODELED
CIN_LB_06,CIN,54,59,56,76,17,0,0,MODELED
CIN_LB_07,CIN,48,59,42,67,14,0,0,MODELED
CIN_LB_08,CIN,38,47,56,49,39,0,6,MODELED
CIN_CB_01,CIN,59,81,59,56,58,0,8,MODELED
CIN_CB_02,CIN,82,75,78,49,77,0,16,MODELED
CIN_CB_03,CIN,68,80,61,75,50,0,13,MODELED
CIN_CB_04,CIN,48,58,61,89,11,0,20,MODELED
CIN_CB_05,CIN,47,83,43,68,44,0,7,MODELED
CIN_CB_06,CIN,66,68,74,56,40,0,17,MODELED
CIN_CB_07,CIN,34,51,67,49,26,0,20,MODELED
CIN_CB_08,CIN,58,55,47,73,13,0,6,MODELED
CIN_CB_09,CIN,40,33,76,75,44,0,25,MODELED
CIN_CB_10,CIN,44,49,70,39,32,0,0,MODELED
CIN_CB_11,CIN,33,44,41,33,49,0,22,MODELED
CIN_S_01,CIN,86,75,60,74,29,0,9,MODELED
CIN_S_02,CIN,93,60,47,82,73,0,4,MODELED
CIN_S_03,CIN,48,59,87,78,12,0,0,MODELED
CIN_S_04,CIN,78,73,69,68,55,0,7,MODELED
CIN_S_05,CIN,53,46,66,46,51,0,13,MODELED
CIN_S_06,CIN,48,58,90,80,19,0,0,MODELED
CIN_S_07,CIN,35,66,90,73,11,0,2,MODELED
CIN_K_01,CIN,94,97,87,66,52,0,5,MODELED
CIN_K_02,CIN,55,54,39,49,32,0,0,MODELED
CIN_P_01,CIN,86,82,60,54,59,0,16,MODELED
CIN_P_02,CIN,60,39,68,73,28,0,19,MODELED
CIN_LS_01,CIN,73,88,66,81,60,0,19,MODELED
HOU_QB_01,HOU,92,67,72,34,72,0,0,MODELED
HOU_QB_02,HOU,57,50,66,56,28,0,4,MODELED
HOU_QB_03,HOU,56,35,75,73,40,0,21,MODELED
HOU_QB_04,HOU,41,59,100,85,34,0,0,MODELED
HOU_RB_01,HOU,82,91,69,78,100,0,0,MODELED
HOU_RB_02,HOU,71,66,71,42,1,0,2,MODELED
HOU_RB_03,HOU,69,79,51,71,59,0,10,MODELED
HOU_RB_04,HOU,29,55,83,73,26,0,4,MODELED
HOU_RB_05,HOU,49,29,71,46,23,0,13,MODELED
HOU_FB_01,HOU,92,100,51,65,31,0,4,MODELED
HOU_WR_01,HOU,100,83,61,43,44,0,10,MODELED
HOU_WR_02,HOU,73,81,77,68,89,0,3,MODELED
HOU_WR_03,HOU,64,69,54,42,57,0,6,MODELED
HOU_WR_04,HOU,79,52,60,76,66,0,6,MODELED
HOU_WR_05,HOU,67,82,79,76,59,0,0,MODELED
HOU_WR_06,HOU,49,63,58,41,40,0,0,MODELED
HOU_WR_07,HOU,44,58,51,44,29,0,9,MODELED
HOU_WR_08,HOU,40,58,63,61,75,0,7,MODELED
HOU_WR_09,HOU,27,44,51,55,64,0,0,MODELED
HOU_WR_10,HOU,23,49,72,80,35,0,22,MODELED
HOU_WR_11,HOU,42,30,61,62,35,0,18,MODELED
HOU_TE_01,HOU,71,85,52,82,47,0,0,MODELED
HOU_TE_02,HOU,69,56,81,50,73,0,25,MODELED
HOU_TE_03,HOU,58,73,73,70,78,0,2,MODELED
HOU_TE_04,HOU,39,55,50,58,40,0,18,MODELED
HOU_TE_05,HOU,30,33,72,56,13,0,0,MODELED
HOU_TE_06,HOU,54,41,63,90,22,0,13,MODELED
HOU_OT_01,HOU,97,92,62,54,35,0,12,MODELED
HOU_OT_02,HOU,69,100,60,74,37,0,27,MODELED
HOU_OT_03,HOU,43,73,71,68,34,0,1,MODELED
HOU_OT_04,HOU,56,63,73,54,30,0,0,MODELED
HOU_OT_05,HOU,43,39,78,58,8,0,3,MODELED
HOU_OT_06,HOU,37,34,75,53,29,0,9,MODELED
HOU_OG_01,HOU,68,78,39,69,47,0,0,MODELED
HOU_OG_02,HOU,79,80,82,70,46,0,0,MODELED
HOU_OG_03,HOU,58,44,57,70,2,0,11,MODELED
HOU_OG_04,HOU,68,66,63,76,49,0,7,MODELED
HOU_OG_05,HOU,54,56,63,55,18,0,2,MODELED
HOU_OG_06,HOU,29,55,60,75,32,0,3,MODELED
HOU_C_01,HOU,74,85,56,48,37,0,16,MODELED
HOU_C_02,HOU,77,65,96,80,30,0,2,MODELED
HOU_C_03,HOU,49,62,100,64,50,0,15,MODELED
HOU_EDGE_01,HOU,74,81,63,58,98,0,5,MODELED
HOU_EDGE_02,HOU,88,87,43,76,57,0,18,MODELED
HOU_EDGE_03,HOU,78,63,89,64,69,0,0,MODELED
HOU_EDGE_04,HOU,43,63,40,74,40,0,13,MODELED
HOU_EDGE_05,HOU,54,48,42,60,38,0,26,MODELED
HOU_EDGE_06,HOU,68,48,55,83,61,0,14,MODELED
HOU_EDGE_07,HOU,52,37,58,62,25,0,12,MODELED
HOU_EDGE_08,HOU,16,52,42,51,20,0,7,MODELED
HOU_EDGE_09,HOU,47,45,74,56,10,0,11,MODELED
HOU_DT_01,HOU,75,82,50,50,43,0,16,MODELED
HOU_DT_02,HOU,88,88,63,55,18,0,17,MODELED
HOU_DT_03,HOU,94,46,72,61,49,0,15,MODELED
HOU_DT_04,HOU,63,50,50,77,41,0,11,MODELED
HOU_DT_05,HOU,48,68,83,47,39,0,13,MODELED
HOU_DT_06,HOU,52,48,54,45,35,0,16,MODELED
HOU_DT_07,HOU,60,70,34,68,28,0,11,MODELED
HOU_DT_08,HOU,42,39,51,49,21,0,0,MODELED
HOU_LB_01,HOU,74,89,77,53,47,0,11,MODELED
HOU_LB_02,HOU,74,88,60,82,28,0,19,MODELED
HOU_LB_03,HOU,41,67,58,58,36,0,6,MODELED
HOU_LB_04,HOU,69,84,76,71,29,0,14,MODELED
HOU_LB_05,HOU,59,35,69,33,98,0,0,MODELED
HOU_LB_06,HOU,78,52,59,52,52,0,13,MODELED
HOU_LB_07,HOU,50,32,75,84,32,0,5,MODELED
HOU_LB_08,HOU,61,46,69,49,28,0,17,MODELED
HOU_CB_01,HOU,86,97,67,60,51,0,0,MODELED
HOU_CB_02,HOU,100,82,85,72,75,0,0,MODELED
HOU_CB_03,HOU,94,80,58,72,66,0,1,MODELED
HOU_CB_04,HOU,50,61,58,79,35,0,14,MODELED
HOU_CB_05,HOU,63,93,63,89,66,0,1,MODELED
HOU_CB_06,HOU,64,75,50,67,33,0,11,MODELED
HOU_CB_07,HOU,56,50,92,62,1,0,16,MODELED
HOU_CB_08,HOU,52,34,100,59,31,0,0,MODELED
HOU_CB_09,HOU,27,47,54,73,7,0,0,MODELED
HOU_CB_10,HOU,27,61,72,89,7,0,0,MODELED
HOU_CB_11,HOU,54,43,68,82,26,0,7,MODELED
HOU_S_01,HOU,70,100,54,45,28,0,15,MODELED
HOU_S_02,HOU,69,87,59,46,65,0,8,MODELED
HOU_S_03,HOU,77,52,74,60,44,0,20,MODELED
HOU_S_04,HOU,78,58,48,96,43,0,11,MODELED
HOU_S_05,HOU,64,36,91,51,55,0,0,MODELED
HOU_S_06,HOU,47,51,61,71,34,0,13,MODELED
HOU_S_07,HOU,29,42,67,51,17,0,14,MODELED
HOU_K_01,HOU,87,66,48,69,46,0,11,MODELED
HOU_K_02,HOU,70,51,63,90,30,0,28,MODELED
HOU_P_01,HOU,69,68,85,90,41,0,0,MODELED
HOU_P_02,HOU,68,53,44,70,44,0,0,MODELED
HOU_LS_01,HOU,78,78,70,66,92,0,8,MODELED
IND_QB_01,IND,91,83,58,56,41,0,9,MODELED
IND_QB_02,IND,66,78,84,73,18,0,0,MODELED
IND_QB_03,IND,43,68,40,53,21,0,25,MODELED
IND_QB_04,IND,31,51,100,45,44,0,11,MODELED
IND_RB_01,IND,73,79,49,61,38,0,0,MODELED
IND_RB_02,IND,38,62,71,60,18,0,13,MODELED
IND_RB_03,IND,72,52,94,70,61,0,1,MODELED
IND_RB_04,IND,51,41,63,58,35,0,4,MODELED
IND_RB_05,IND,39,41,39,82,16,0,0,MODELED
IND_FB_01,IND,75,87,74,70,72,0,4,MODELED
IND_WR_01,IND,76,87,73,71,52,0,9,MODELED
IND_WR_02,IND,77,79,37,69,38,0,3,MODELED
IND_WR_03,IND,78,80,33,50,67,0,13,MODELED
IND_WR_04,IND,62,65,74,76,39,0,0,MODELED
IND_WR_05,IND,51,64,60,54,51,0,14,MODELED
IND_WR_06,IND,63,63,100,64,38,0,25,MODELED
IND_WR_07,IND,43,45,43,66,17,0,9,MODELED
IND_WR_08,IND,66,33,58,73,87,0,10,MODELED
IND_WR_09,IND,50,40,77,61,4,0,4,MODELED
IND_WR_10,IND,38,32,74,74,35,0,13,MODELED
IND_WR_11,IND,60,36,82,52,18,0,5,MODELED
IND_TE_01,IND,79,65,54,69,35,0,5,MODELED
IND_TE_02,IND,76,62,81,78,38,0,0,MODELED
IND_TE_03,IND,82,62,63,76,39,0,7,MODELED
IND_TE_04,IND,55,60,89,59,27,0,3,MODELED
IND_TE_05,IND,30,46,48,52,1,0,0,MODELED
IND_TE_06,IND,45,31,84,72,16,0,7,MODELED
IND_OT_01,IND,63,73,71,57,33,0,7,MODELED
IND_OT_02,IND,100,79,41,76,49,0,21,MODELED
IND_OT_03,IND,69,66,56,66,25,0,30,MODELED
IND_OT_04,IND,76,63,72,32,38,0,11,MODELED
IND_OT_05,IND,44,63,71,88,20,0,8,MODELED
IND_OT_06,IND,37,44,67,67,37,0,6,MODELED
IND_OG_01,IND,84,63,69,70,58,0,14,MODELED
IND_OG_02,IND,94,77,66,71,51,0,0,MODELED
IND_OG_03,IND,68,66,62,62,57,0,35,MODELED
IND_OG_04,IND,60,72,64,65,47,0,4,MODELED
IND_OG_05,IND,57,32,80,61,19,0,0,MODELED
IND_OG_06,IND,44,5,58,92,15,0,13,MODELED
IND_C_01,IND,70,86,50,69,92,0,18,MODELED
IND_C_02,IND,58,58,64,79,55,0,4,MODELED
IND_C_03,IND,41,55,51,55,19,0,6,MODELED
IND_EDGE_01,IND,95,78,51,80,35,0,9,MODELED
IND_EDGE_02,IND,89,83,69,50,84,0,3,MODELED
IND_EDGE_03,IND,55,61,49,63,54,0,0,MODELED
IND_EDGE_04,IND,67,68,70,48,35,0,5,MODELED
IND_EDGE_05,IND,69,64,66,54,40,0,10,MODELED
IND_EDGE_06,IND,71,53,73,62,46,0,6,MODELED
IND_EDGE_07,IND,42,45,56,76,12,0,8,MODELED
IND_EDGE_08,IND,53,43,50,55,35,0,1,MODELED
IND_EDGE_09,IND,63,38,60,80,30,0,12,MODELED
IND_DT_01,IND,75,51,49,60,74,0,10,MODELED
IND_DT_02,IND,85,74,68,56,73,0,20,MODELED
IND_DT_03,IND,56,80,82,59,46,0,0,MODELED
IND_DT_04,IND,63,46,68,79,60,0,7,MODELED
IND_DT_05,IND,61,69,70,77,29,0,18,MODELED
IND_DT_06,IND,57,56,49,48,44,0,22,MODELED
IND_DT_07,IND,60,47,68,57,46,0,8,MODELED
IND_DT_08,IND,16,38,86,72,24,0,4,MODELED
IND_LB_01,IND,82,71,54,90,19,0,21,MODELED
IND_LB_02,IND,89,63,50,54,39,0,11,MODELED
IND_LB_03,IND,59,65,60,68,35,0,0,MODELED
IND_LB_04,IND,72,94,51,42,38,0,1,MODELED
IND_LB_05,IND,60,83,70,76,18,0,4,MODELED
IND_LB_06,IND,48,51,50,59,23,0,12,MODELED
IND_LB_07,IND,47,59,63,51,35,0,8,MODELED
IND_LB_08,IND,47,42,48,69,30,0,0,MODELED
IND_CB_01,IND,73,78,42,59,76,0,26,MODELED
IND_CB_02,IND,96,85,64,55,45,0,2,MODELED
IND_CB_03,IND,100,77,46,41,39,0,11,MODELED
IND_CB_04,IND,48,36,65,61,43,0,0,MODELED
IND_CB_05,IND,54,60,51,54,36,0,2,MODELED
IND_CB_06,IND,64,75,63,42,52,0,0,MODELED
IND_CB_07,IND,59,36,54,43,46,0,15,MODELED
IND_CB_08,IND,46,47,76,70,19,0,4,MODELED
IND_CB_09,IND,55,31,55,47,31,0,11,MODELED
IND_CB_10,IND,32,56,65,59,23,0,18,MODELED
IND_CB_11,IND,45,46,59,78,10,0,12,MODELED
IND_S_01,IND,67,79,36,97,82,0,25,MODELED
IND_S_02,IND,96,67,54,30,31,0,19,MODELED
IND_S_03,IND,62,67,67,59,7,0,14,MODELED
IND_S_04,IND,54,76,57,79,13,0,8,MODELED
IND_S_05,IND,55,48,69,73,81,0,7,MODELED
IND_S_06,IND,56,34,66,59,1,0,12,MODELED
IND_S_07,IND,50,30,95,86,5,0,0,MODELED
IND_K_01,IND,85,63,68,57,35,0,22,MODELED
IND_K_02,IND,43,43,100,61,17,0,24,MODELED
IND_P_01,IND,90,71,42,92,47,0,9,MODELED
IND_P_02,IND,45,58,78,73,36,0,13,MODELED
IND_LS_01,IND,80,89,68,51,19,0,4,MODELED
JAX_QB_01,JAX,92,78,69,52,35,0,10,MODELED
JAX_QB_02,JAX,72,61,41,77,19,0,21,MODELED
JAX_QB_03,JAX,65,35,90,97,39,0,24,MODELED
JAX_QB_04,JAX,39,47,76,48,28,0,4,MODELED
JAX_RB_01,JAX,77,87,75,71,59,0,17,MODELED
JAX_RB_02,JAX,51,64,91,58,42,0,23,MODELED
JAX_RB_03,JAX,57,69,68,73,67,0,0,MODELED
JAX_RB_04,JAX,54,45,59,38,35,0,25,MODELED
JAX_RB_05,JAX,37,66,64,91,9,0,12,MODELED
JAX_FB_01,JAX,88,99,68,47,85,0,25,MODELED
JAX_WR_01,JAX,58,89,54,71,50,0,0,MODELED
JAX_WR_02,JAX,80,96,45,67,36,0,20,MODELED
JAX_WR_03,JAX,84,75,72,30,45,0,12,MODELED
JAX_WR_04,JAX,74,59,75,68,18,0,15,MODELED
JAX_WR_05,JAX,53,64,97,94,10,0,29,MODELED
JAX_WR_06,JAX,48,72,72,51,40,0,0,MODELED
JAX_WR_07,JAX,57,38,67,66,40,0,8,MODELED
JAX_WR_08,JAX,66,42,62,51,41,0,0,MODELED
JAX_WR_09,JAX,27,49,45,66,46,0,0,MODELED
JAX_WR_10,JAX,45,39,63,76,7,0,10,MODELED
JAX_WR_11,JAX,45,59,56,74,10,0,0,MODELED
JAX_TE_01,JAX,84,97,72,90,67,0,9,MODELED
JAX_TE_02,JAX,63,73,69,48,73,0,10,MODELED
JAX_TE_03,JAX,79,47,70,79,50,0,4,MODELED
JAX_TE_04,JAX,52,74,68,71,30,0,0,MODELED
JAX_TE_05,JAX,38,10,68,82,23,0,0,MODELED
JAX_TE_06,JAX,36,34,46,42,14,0,10,MODELED
JAX_OT_01,JAX,91,57,47,64,69,0,5,MODELED
JAX_OT_02,JAX,84,98,67,44,29,0,8,MODELED
JAX_OT_03,JAX,71,58,37,63,70,0,21,MODELED
JAX_OT_04,JAX,63,43,74,43,69,0,10,MODELED
JAX_OT_05,JAX,53,41,54,95,13,0,6,MODELED
JAX_OT_06,JAX,37,42,63,75,22,0,9,MODELED
JAX_OG_01,JAX,83,100,70,89,60,0,23,MODELED
JAX_OG_02,JAX,72,91,71,71,39,0,10,MODELED
JAX_OG_03,JAX,79,52,61,52,40,0,7,MODELED
JAX_OG_04,JAX,66,70,45,64,71,0,7,MODELED
JAX_OG_05,JAX,74,34,68,83,14,0,7,MODELED
JAX_OG_06,JAX,33,29,94,78,59,0,0,MODELED
JAX_C_01,JAX,100,76,53,81,57,0,35,MODELED
JAX_C_02,JAX,76,52,81,66,63,0,8,MODELED
JAX_C_03,JAX,57,57,68,64,29,0,3,MODELED
JAX_EDGE_01,JAX,90,80,61,61,39,0,29,MODELED
JAX_EDGE_02,JAX,89,90,46,49,61,0,0,MODELED
JAX_EDGE_03,JAX,67,80,70,62,56,0,13,MODELED
JAX_EDGE_04,JAX,77,73,56,79,31,0,5,MODELED
JAX_EDGE_05,JAX,87,99,72,38,19,0,10,MODELED
JAX_EDGE_06,JAX,69,66,71,50,41,0,10,MODELED
JAX_EDGE_07,JAX,32,63,87,78,43,0,11,MODELED
JAX_EDGE_08,JAX,53,35,61,60,20,0,0,MODELED
JAX_EDGE_09,JAX,40,49,58,70,30,0,28,MODELED
JAX_DT_01,JAX,79,84,62,65,74,0,28,MODELED
JAX_DT_02,JAX,83,85,51,93,85,0,12,MODELED
JAX_DT_03,JAX,63,75,77,34,52,0,12,MODELED
JAX_DT_04,JAX,57,84,76,54,47,0,13,MODELED
JAX_DT_05,JAX,49,69,56,39,46,0,5,MODELED
JAX_DT_06,JAX,53,53,39,68,32,0,21,MODELED
JAX_DT_07,JAX,46,47,59,68,17,0,7,MODELED
JAX_DT_08,JAX,52,53,97,69,51,0,10,MODELED
JAX_LB_01,JAX,67,77,46,88,47,0,3,MODELED
JAX_LB_02,JAX,100,76,27,80,70,0,7,MODELED
JAX_LB_03,JAX,67,63,79,66,41,0,18,MODELED
JAX_LB_04,JAX,46,75,72,69,26,0,4,MODELED
JAX_LB_05,JAX,78,71,58,51,48,0,6,MODELED
JAX_LB_06,JAX,55,55,72,50,28,0,3,MODELED
JAX_LB_07,JAX,58,23,81,45,43,0,13,MODELED
JAX_LB_08,JAX,56,45,77,70,14,0,20,MODELED
JAX_CB_01,JAX,99,100,51,68,31,0,21,MODELED
JAX_CB_02,JAX,85,97,56,68,33,0,8,MODELED
JAX_CB_03,JAX,77,83,68,73,85,0,14,MODELED
JAX_CB_04,JAX,70,67,80,53,77,0,0,MODELED
JAX_CB_05,JAX,52,66,74,80,40,0,15,MODELED
JAX_CB_06,JAX,75,80,57,66,68,0,7,MODELED
JAX_CB_07,JAX,58,54,60,92,44,0,0,MODELED
JAX_CB_08,JAX,58,41,76,71,45,0,2,MODELED
JAX_CB_09,JAX,47,24,50,63,14,0,3,MODELED
JAX_CB_10,JAX,56,44,81,56,12,0,1,MODELED
JAX_CB_11,JAX,58,58,64,51,14,0,4,MODELED
JAX_S_01,JAX,88,63,71,61,41,0,0,MODELED
JAX_S_02,JAX,70,100,45,45,44,0,0,MODELED
JAX_S_03,JAX,84,74,74,57,17,0,9,MODELED
JAX_S_04,JAX,80,44,54,63,66,0,0,MODELED
JAX_S_05,JAX,37,47,63,88,42,0,18,MODELED
JAX_S_06,JAX,23,50,98,42,13,0,0,MODELED
JAX_S_07,JAX,67,62,60,71,22,0,12,MODELED
JAX_K_01,JAX,97,81,80,100,70,0,12,MODELED
JAX_K_02,JAX,56,65,68,58,40,0,5,MODELED
JAX_P_01,JAX,89,66,81,53,43,0,16,MODELED
JAX_P_02,JAX,55,56,55,96,54,0,2,MODELED
JAX_LS_01,JAX,74,77,69,67,59,0,0,MODELED
TEN_QB_01,TEN,79,84,76,50,88,0,18,MODELED
TEN_QB_02,TEN,53,58,84,75,32,0,3,MODELED
TEN_QB_03,TEN,45,58,95,52,37,0,0,MODELED
TEN_QB_04,TEN,43,40,64,81,17,0,0,MODELED
TEN_RB_01,TEN,82,63,40,29,77,0,17,MODELED
TEN_RB_02,TEN,62,62,26,76,55,0,17,MODELED
TEN_RB_03,TEN,61,68,79,58,50,0,3,MODELED
TEN_RB_04,TEN,47,64,62,76,25,0,0,MODELED
TEN_RB_05,TEN,44,37,92,63,31,0,0,MODELED
TEN_FB_01,TEN,93,79,38,34,51,0,0,MODELED
TEN_WR_01,TEN,78,79,50,47,75,0,2,MODELED
TEN_WR_02,TEN,89,73,55,66,63,0,13,MODELED
TEN_WR_03,TEN,76,89,50,67,41,0,19,MODELED
TEN_WR_04,TEN,69,65,74,69,44,0,0,MODELED
TEN_WR_05,TEN,62,72,30,81,58,0,0,MODELED
TEN_WR_06,TEN,46,72,24,66,55,0,16,MODELED
TEN_WR_07,TEN,77,39,54,55,9,0,7,MODELED
TEN_WR_08,TEN,43,46,56,61,10,0,16,MODELED
TEN_WR_09,TEN,54,44,67,51,35,0,20,MODELED
TEN_WR_10,TEN,50,52,69,53,39,0,0,MODELED
TEN_WR_11,TEN,40,18,86,72,24,0,0,MODELED
TEN_TE_01,TEN,100,73,97,69,55,0,13,MODELED
TEN_TE_02,TEN,69,58,90,44,21,0,8,MODELED
TEN_TE_03,TEN,64,58,57,69,73,0,7,MODELED
TEN_TE_04,TEN,56,85,63,57,36,0,0,MODELED
TEN_TE_05,TEN,49,40,56,66,40,0,16,MODELED
TEN_TE_06,TEN,51,62,74,44,21,0,7,MODELED
TEN_OT_01,TEN,72,72,52,79,77,0,16,MODELED
TEN_OT_02,TEN,95,91,50,51,52,0,6,MODELED
TEN_OT_03,TEN,68,79,57,33,26,0,0,MODELED
TEN_OT_04,TEN,79,65,43,100,37,0,2,MODELED
TEN_OT_05,TEN,40,42,76,67,44,0,13,MODELED
TEN_OT_06,TEN,22,57,48,71,1,0,12,MODELED
TEN_OG_01,TEN,95,64,14,74,21,0,9,MODELED
TEN_OG_02,TEN,74,100,54,50,81,0,2,MODELED
TEN_OG_03,TEN,77,58,70,69,50,0,6,MODELED
TEN_OG_04,TEN,78,56,67,65,68,0,19,MODELED
TEN_OG_05,TEN,50,52,53,60,40,0,0,MODELED
TEN_OG_06,TEN,49,31,80,78,5,0,2,MODELED
TEN_C_01,TEN,79,90,32,63,76,0,16,MODELED
TEN_C_02,TEN,68,68,72,69,47,0,22,MODELED
TEN_C_03,TEN,57,58,73,70,40,0,1,MODELED
TEN_EDGE_01,TEN,89,93,77,71,55,0,11,MODELED
TEN_EDGE_02,TEN,78,86,82,66,65,0,14,MODELED
TEN_EDGE_03,TEN,66,66,25,74,69,0,14,MODELED
TEN_EDGE_04,TEN,48,56,61,48,50,0,15,MODELED
TEN_EDGE_05,TEN,75,69,68,72,57,0,0,MODELED
TEN_EDGE_06,TEN,56,46,62,47,30,0,16,MODELED
TEN_EDGE_07,TEN,46,50,70,55,37,0,25,MODELED
TEN_EDGE_08,TEN,33,54,68,56,37,0,2,MODELED
TEN_EDGE_09,TEN,44,43,71,41,6,0,0,MODELED
TEN_DT_01,TEN,78,73,60,60,54,0,13,MODELED
TEN_DT_02,TEN,100,80,71,75,74,0,8,MODELED
TEN_DT_03,TEN,59,74,61,47,37,0,1,MODELED
TEN_DT_04,TEN,57,75,59,65,50,0,4,MODELED
TEN_DT_05,TEN,57,58,57,53,89,0,25,MODELED
TEN_DT_06,TEN,61,49,45,83,38,0,7,MODELED
TEN_DT_07,TEN,49,26,63,48,17,0,4,MODELED
TEN_DT_08,TEN,58,62,36,93,47,0,17,MODELED
TEN_LB_01,TEN,68,77,76,63,26,0,0,MODELED
TEN_LB_02,TEN,97,57,73,64,62,0,9,MODELED
TEN_LB_03,TEN,57,66,72,67,30,0,21,MODELED
TEN_LB_04,TEN,81,46,53,77,71,0,4,MODELED
TEN_LB_05,TEN,54,60,50,48,67,0,13,MODELED
TEN_LB_06,TEN,49,52,76,86,39,0,17,MODELED
TEN_LB_07,TEN,43,47,59,72,35,0,8,MODELED
TEN_LB_08,TEN,56,43,73,90,32,0,25,MODELED
TEN_CB_01,TEN,100,78,53,93,58,0,25,MODELED
TEN_CB_02,TEN,87,77,52,90,68,0,0,MODELED
TEN_CB_03,TEN,78,70,31,76,80,0,11,MODELED
TEN_CB_04,TEN,60,69,50,38,34,0,0,MODELED
TEN_CB_05,TEN,91,72,65,100,49,0,21,MODELED
TEN_CB_06,TEN,57,59,41,64,66,0,28,MODELED
TEN_CB_07,TEN,44,54,56,58,49,0,0,MODELED
TEN_CB_08,TEN,53,77,72,78,26,0,8,MODELED
TEN_CB_09,TEN,47,42,56,89,37,0,17,MODELED
TEN_CB_10,TEN,48,63,94,61,38,0,0,MODELED
TEN_CB_11,TEN,28,66,38,69,22,0,10,MODELED
TEN_S_01,TEN,69,100,63,58,35,0,7,MODELED
TEN_S_02,TEN,72,98,42,56,81,0,0,MODELED
TEN_S_03,TEN,87,74,62,56,84,0,13,MODELED
TEN_S_04,TEN,73,60,56,68,60,0,3,MODELED
TEN_S_05,TEN,26,33,57,57,5,0,6,MODELED
TEN_S_06,TEN,55,30,85,69,30,0,14,MODELED
TEN_S_07,TEN,44,26,81,84,31,0,10,MODELED
TEN_K_01,TEN,70,73,37,51,36,0,9,MODELED
TEN_K_02,TEN,35,33,74,75,30,0,0,MODELED
TEN_P_01,TEN,78,61,71,64,43,0,20,MODELED
TEN_P_02,TEN,48,59,88,64,36,0,14,MODELED
TEN_LS_01,TEN,89,83,58,71,85,0,9,MODELED
DEN_QB_01,DEN,83,69,40,88,90,0,15,MODELED
DEN_QB_02,DEN,56,91,65,93,100,0,15,MODELED
DEN_QB_03,DEN,27,43,80,40,33,0,3,MODELED
DEN_QB_04,DEN,47,32,50,75,3,0,16,MODELED
DEN_RB_01,DEN,89,67,60,65,76,0,0,MODELED
DEN_RB_02,DEN,80,53,74,100,71,0,0,MODELED
DEN_RB_03,DEN,57,72,100,59,33,0,9,MODELED
DEN_RB_04,DEN,45,68,88,55,6,0,0,MODELED
DEN_RB_05,DEN,53,47,65,47,19,0,0,MODELED
DEN_FB_01,DEN,87,81,83,67,60,0,23,MODELED
DEN_WR_01,DEN,86,76,34,80,75,0,18,MODELED
DEN_WR_02,DEN,82,86,46,65,50,0,12,MODELED
DEN_WR_03,DEN,84,72,75,50,87,0,3,MODELED
DEN_WR_04,DEN,60,73,40,81,62,0,15,MODELED
DEN_WR_05,DEN,61,72,80,35,68,0,14,MODELED
DEN_WR_06,DEN,45,98,51,72,49,0,26,MODELED
DEN_WR_07,DEN,37,43,69,76,58,0,0,MODELED
DEN_WR_08,DEN,47,63,71,66,40,0,6,MODELED
DEN_WR_09,DEN,52,45,66,69,24,0,16,MODELED
DEN_WR_10,DEN,43,44,86,93,32,0,12,MODELED
DEN_WR_11,DEN,31,51,68,74,17,0,16,MODELED
DEN_TE_01,DEN,75,88,48,75,63,0,7,MODELED
DEN_TE_02,DEN,54,62,40,66,85,0,0,MODELED
DEN_TE_03,DEN,82,64,46,57,40,0,2,MODELED
DEN_TE_04,DEN,57,36,69,75,30,0,29,MODELED
DEN_TE_05,DEN,40,32,54,67,6,0,0,MODELED
DEN_TE_06,DEN,62,30,53,63,2,0,4,MODELED
DEN_OT_01,DEN,72,71,49,59,57,0,13,MODELED
DEN_OT_02,DEN,87,65,78,54,45,0,0,MODELED
DEN_OT_03,DEN,59,69,67,61,55,0,10,MODELED
DEN_OT_04,DEN,85,53,74,100,60,0,6,MODELED
DEN_OT_05,DEN,62,65,76,62,48,0,3,MODELED
DEN_OT_06,DEN,49,56,57,68,41,0,12,MODELED
DEN_OG_01,DEN,85,78,74,100,75,0,13,MODELED
DEN_OG_02,DEN,74,71,69,63,41,0,6,MODELED
DEN_OG_03,DEN,85,56,55,79,66,0,0,MODELED
DEN_OG_04,DEN,65,56,82,64,38,0,0,MODELED
DEN_OG_05,DEN,56,36,29,59,39,0,12,MODELED
DEN_OG_06,DEN,33,41,48,91,59,0,14,MODELED
DEN_C_01,DEN,86,96,58,56,59,0,0,MODELED
DEN_C_02,DEN,59,69,66,73,94,0,7,MODELED
DEN_C_03,DEN,56,59,41,61,36,0,8,MODELED
DEN_EDGE_01,DEN,90,63,41,74,69,0,12,MODELED
DEN_EDGE_02,DEN,85,93,76,98,90,0,16,MODELED
DEN_EDGE_03,DEN,65,57,58,79,29,0,0,MODELED
DEN_EDGE_04,DEN,55,56,67,77,30,0,23,MODELED
DEN_EDGE_05,DEN,54,61,54,69,23,0,16,MODELED
DEN_EDGE_06,DEN,54,55,66,73,25,0,9,MODELED
DEN_EDGE_07,DEN,60,47,73,55,36,0,10,MODELED
DEN_EDGE_08,DEN,46,38,66,65,15,0,5,MODELED
DEN_EDGE_09,DEN,49,30,69,86,32,0,3,MODELED
DEN_DT_01,DEN,85,66,48,70,49,0,15,MODELED
DEN_DT_02,DEN,89,90,72,62,61,0,4,MODELED
DEN_DT_03,DEN,85,56,55,56,42,0,5,MODELED
DEN_DT_04,DEN,73,70,51,63,46,0,6,MODELED
DEN_DT_05,DEN,56,53,40,61,54,0,0,MODELED
DEN_DT_06,DEN,58,48,65,67,29,0,0,MODELED
DEN_DT_07,DEN,54,35,58,80,44,0,16,MODELED
DEN_DT_08,DEN,54,49,62,75,48,0,9,MODELED
DEN_LB_01,DEN,93,68,65,80,66,0,6,MODELED
DEN_LB_02,DEN,71,64,72,62,54,0,9,MODELED
DEN_LB_03,DEN,39,63,55,62,26,0,7,MODELED
DEN_LB_04,DEN,63,67,75,76,61,0,0,MODELED
DEN_LB_05,DEN,88,61,60,71,45,0,6,MODELED
DEN_LB_06,DEN,63,57,53,59,20,0,0,MODELED
DEN_LB_07,DEN,58,50,73,72,20,0,19,MODELED
DEN_LB_08,DEN,47,12,77,62,25,0,14,MODELED
DEN_CB_01,DEN,71,84,22,98,74,0,14,MODELED
DEN_CB_02,DEN,84,75,55,71,87,0,20,MODELED
DEN_CB_03,DEN,65,91,33,60,58,0,7,MODELED
DEN_CB_04,DEN,64,57,78,46,21,0,13,MODELED
DEN_CB_05,DEN,77,61,46,43,29,0,10,MODELED
DEN_CB_06,DEN,51,62,74,79,39,0,0,MODELED
DEN_CB_07,DEN,54,60,63,75,30,0,11,MODELED
DEN_CB_08,DEN,73,26,38,56,56,0,20,MODELED
DEN_CB_09,DEN,46,45,66,66,23,0,3,MODELED
DEN_CB_10,DEN,58,32,62,46,15,0,2,MODELED
DEN_CB_11,DEN,34,37,51,44,37,0,0,MODELED
DEN_S_01,DEN,96,100,50,56,100,0,13,MODELED
DEN_S_02,DEN,80,90,75,86,54,0,0,MODELED
DEN_S_03,DEN,61,63,61,67,35,0,13,MODELED
DEN_S_04,DEN,74,59,64,64,62,0,5,MODELED
DEN_S_05,DEN,55,80,71,71,40,0,12,MODELED
DEN_S_06,DEN,37,38,70,54,18,0,16,MODELED
DEN_S_07,DEN,38,45,95,76,11,0,3,MODELED
DEN_K_01,DEN,82,68,71,49,38,0,7,MODELED
DEN_K_02,DEN,51,36,70,77,55,0,15,MODELED
DEN_P_01,DEN,80,97,51,70,55,0,11,MODELED
DEN_P_02,DEN,57,69,56,39,33,0,26,MODELED
DEN_LS_01,DEN,77,60,86,88,66,0,4,MODELED
KC_QB_01,KC,68,88,40,62,49,0,0,MODELED
KC_QB_02,KC,87,44,56,76,89,0,11,MODELED
KC_QB_03,KC,48,35,50,64,40,0,15,MODELED
KC_QB_04,KC,50,53,67,65,1,0,11,MODELED
KC_RB_01,KC,96,91,69,78,47,0,23,MODELED
KC_RB_02,KC,60,63,38,62,68,0,13,MODELED
KC_RB_03,KC,71,65,75,66,60,0,7,MODELED
KC_RB_04,KC,44,49,47,49,28,0,30,MODELED
KC_RB_05,KC,48,42,74,72,29,0,12,MODELED
KC_FB_01,KC,82,100,84,52,36,0,2,MODELED
KC_WR_01,KC,87,92,55,78,45,0,0,MODELED
KC_WR_02,KC,77,81,57,46,38,0,12,MODELED
KC_WR_03,KC,91,69,45,46,68,0,0,MODELED
KC_WR_04,KC,64,86,72,98,47,0,13,MODELED
KC_WR_05,KC,73,57,67,55,61,0,10,MODELED
KC_WR_06,KC,97,60,95,63,44,0,0,MODELED
KC_WR_07,KC,62,75,87,88,46,0,4,MODELED
KC_WR_08,KC,50,37,52,79,26,0,0,MODELED
KC_WR_09,KC,47,41,75,53,19,0,0,MODELED
KC_WR_10,KC,20,52,66,80,38,0,3,MODELED
KC_WR_11,KC,62,36,56,79,36,0,17,MODELED
KC_TE_01,KC,82,80,60,49,44,0,0,MODELED
KC_TE_02,KC,77,58,58,63,51,0,7,MODELED
KC_TE_03,KC,80,82,63,73,34,0,28,MODELED
KC_TE_04,KC,43,56,55,72,43,0,0,MODELED
KC_TE_05,KC,38,46,56,65,8,0,24,MODELED
KC_TE_06,KC,31,53,74,82,44,0,1,MODELED
KC_OT_01,KC,80,64,55,68,75,0,6,MODELED
KC_OT_02,KC,75,91,62,62,82,0,9,MODELED
KC_OT_03,KC,69,72,53,50,39,0,18,MODELED
KC_OT_04,KC,66,71,31,71,25,0,0,MODELED
KC_OT_05,KC,62,64,54,51,14,0,7,MODELED
KC_OT_06,KC,33,48,84,80,27,0,15,MODELED
KC_OG_01,KC,84,71,44,57,76,0,17,MODELED
KC_OG_02,KC,98,85,77,72,23,0,18,MODELED
KC_OG_03,KC,50,91,49,62,28,0,14,MODELED
KC_OG_04,KC,67,69,84,59,46,0,5,MODELED
KC_OG_05,KC,41,48,79,71,16,0,21,MODELED
KC_OG_06,KC,57,40,42,71,31,0,11,MODELED
KC_C_01,KC,86,96,51,51,17,0,14,MODELED
KC_C_02,KC,64,48,74,97,48,0,5,MODELED
KC_C_03,KC,47,43,77,55,37,0,21,MODELED
KC_EDGE_01,KC,77,60,50,54,45,0,7,MODELED
KC_EDGE_02,KC,73,68,59,70,66,0,23,MODELED
KC_EDGE_03,KC,60,57,67,77,29,0,1,MODELED
KC_EDGE_04,KC,83,63,51,44,69,0,0,MODELED
KC_EDGE_05,KC,47,60,85,68,81,0,10,MODELED
KC_EDGE_06,KC,53,53,73,76,39,0,23,MODELED
KC_EDGE_07,KC,48,29,73,70,52,0,5,MODELED
KC_EDGE_08,KC,34,71,70,51,56,0,8,MODELED
KC_EDGE_09,KC,51,60,73,37,33,0,20,MODELED
KC_DT_01,KC,80,97,41,48,56,0,0,MODELED
KC_DT_02,KC,76,78,30,46,70,0,10,MODELED
KC_DT_03,KC,72,84,64,63,65,0,14,MODELED
KC_DT_04,KC,60,58,26,60,39,0,9,MODELED
KC_DT_05,KC,81,92,71,74,43,0,14,MODELED
KC_DT_06,KC,61,34,53,49,23,0,9,MODELED
KC_DT_07,KC,32,29,69,59,19,0,13,MODELED
KC_DT_08,KC,31,55,79,92,13,0,17,MODELED
KC_LB_01,KC,75,97,56,52,36,0,7,MODELED
KC_LB_02,KC,68,86,42,59,70,0,4,MODELED
KC_LB_03,KC,52,72,59,69,74,0,9,MODELED
KC_LB_04,KC,68,78,71,61,22,0,16,MODELED
KC_LB_05,KC,77,61,67,45,38,0,11,MODELED
KC_LB_06,KC,33,55,61,79,29,0,12,MODELED
KC_LB_07,KC,59,33,59,55,37,0,0,MODELED
KC_LB_08,KC,48,36,60,49,56,0,1,MODELED
KC_CB_01,KC,87,71,38,47,87,0,17,MODELED
KC_CB_02,KC,56,84,37,39,56,0,0,MODELED
KC_CB_03,KC,62,96,40,75,70,0,19,MODELED
KC_CB_04,KC,64,39,57,86,79,0,7,MODELED
KC_CB_05,KC,64,64,73,54,21,0,11,MODELED
KC_CB_06,KC,61,70,54,58,44,0,9,MODELED
KC_CB_07,KC,46,65,64,62,29,0,7,MODELED
KC_CB_08,KC,53,66,70,88,46,0,7,MODELED
KC_CB_09,KC,59,46,48,70,34,0,0,MODELED
KC_CB_10,KC,16,23,82,76,25,0,11,MODELED
KC_CB_11,KC,41,52,70,65,12,0,0,MODELED
KC_S_01,KC,99,77,69,62,70,0,10,MODELED
KC_S_02,KC,100,77,55,50,48,0,12,MODELED
KC_S_03,KC,70,62,78,54,48,0,8,MODELED
KC_S_04,KC,62,73,58,64,30,0,21,MODELED
KC_S_05,KC,57,33,68,59,33,0,12,MODELED
KC_S_06,KC,23,36,41,70,46,0,0,MODELED
KC_S_07,KC,46,57,85,86,45,0,19,MODELED
KC_K_01,KC,95,85,66,54,78,0,0,MODELED
KC_K_02,KC,59,55,49,45,31,0,18,MODELED
KC_P_01,KC,81,100,38,87,71,0,5,MODELED
KC_P_02,KC,52,57,54,72,31,0,0,MODELED
KC_LS_01,KC,89,98,50,64,84,0,6,MODELED
LV_QB_01,LV,87,65,32,84,39,0,13,MODELED
LV_QB_02,LV,63,73,85,53,64,0,4,MODELED
LV_QB_03,LV,63,54,80,84,56,0,12,MODELED
LV_QB_04,LV,57,32,55,76,14,0,3,MODELED
LV_RB_01,LV,73,77,70,77,57,0,6,MODELED
LV_RB_02,LV,62,75,70,65,36,0,13,MODELED
LV_RB_03,LV,67,68,51,54,39,0,0,MODELED
LV_RB_04,LV,45,66,62,66,47,0,14,MODELED
LV_RB_05,LV,41,53,74,57,29,0,16,MODELED
LV_FB_01,LV,76,86,72,63,43,0,13,MODELED
LV_WR_01,LV,99,76,33,62,58,0,12,MODELED
LV_WR_02,LV,81,92,86,90,69,0,5,MODELED
LV_WR_03,LV,71,93,83,71,27,0,12,MODELED
LV_WR_04,LV,76,58,62,37,18,0,10,MODELED
LV_WR_05,LV,80,65,55,76,69,0,0,MODELED
LV_WR_06,LV,67,48,74,56,64,0,15,MODELED
LV_WR_07,LV,51,37,69,48,33,0,4,MODELED
LV_WR_08,LV,51,56,39,82,23,0,19,MODELED
LV_WR_09,LV,44,43,78,58,21,0,0,MODELED
LV_WR_10,LV,34,45,83,68,27,0,17,MODELED
LV_WR_11,LV,30,49,87,67,13,0,13,MODELED
LV_TE_01,LV,63,95,48,58,46,0,7,MODELED
LV_TE_02,LV,45,61,51,66,52,0,6,MODELED
LV_TE_03,LV,70,89,62,100,51,0,16,MODELED
LV_TE_04,LV,47,42,68,71,33,0,15,MODELED
LV_TE_05,LV,45,36,64,54,1,0,12,MODELED
LV_TE_06,LV,68,63,56,76,33,0,13,MODELED
LV_OT_01,LV,84,93,56,70,73,0,6,MODELED
LV_OT_02,LV,89,90,68,65,77,0,14,MODELED
LV_OT_03,LV,66,74,83,42,30,0,7,MODELED
LV_OT_04,LV,66,75,77,95,60,0,13,MODELED
LV_OT_05,LV,64,54,81,64,64,0,9,MODELED
LV_OT_06,LV,47,47,70,45,17,0,14,MODELED
LV_OG_01,LV,82,88,44,65,83,0,0,MODELED
LV_OG_02,LV,75,62,39,75,51,0,16,MODELED
LV_OG_03,LV,76,26,62,70,33,0,16,MODELED
LV_OG_04,LV,67,74,75,55,60,0,1,MODELED
LV_OG_05,LV,54,54,66,54,45,0,13,MODELED
LV_OG_06,LV,44,49,51,49,1,0,12,MODELED
LV_C_01,LV,91,87,73,30,72,0,8,MODELED
LV_C_02,LV,74,61,64,58,55,0,24,MODELED
LV_C_03,LV,36,42,76,55,22,0,0,MODELED
LV_EDGE_01,LV,90,100,69,30,57,0,27,MODELED
LV_EDGE_02,LV,72,65,67,48,61,0,10,MODELED
LV_EDGE_03,LV,72,63,75,41,69,0,0,MODELED
LV_EDGE_04,LV,59,63,65,42,64,0,5,MODELED
LV_EDGE_05,LV,59,33,68,51,45,0,6,MODELED
LV_EDGE_06,LV,49,60,66,68,35,0,7,MODELED
LV_EDGE_07,LV,52,37,43,56,48,0,3,MODELED
LV_EDGE_08,LV,62,55,86,65,25,0,1,MODELED
LV_EDGE_09,LV,43,52,79,50,6,0,14,MODELED
LV_DT_01,LV,100,93,80,64,39,0,7,MODELED
LV_DT_02,LV,91,75,60,67,45,0,12,MODELED
LV_DT_03,LV,56,68,57,88,43,0,21,MODELED
LV_DT_04,LV,78,72,95,75,42,0,11,MODELED
LV_DT_05,LV,58,68,47,76,59,0,10,MODELED
LV_DT_06,LV,49,98,65,63,15,0,14,MODELED
LV_DT_07,LV,37,46,84,74,42,0,12,MODELED
LV_DT_08,LV,36,41,57,73,18,0,0,MODELED
LV_LB_01,LV,65,70,93,52,72,0,10,MODELED
LV_LB_02,LV,86,98,50,76,77,0,0,MODELED
LV_LB_03,LV,51,58,69,79,54,0,18,MODELED
LV_LB_04,LV,65,77,40,63,73,0,0,MODELED
LV_LB_05,LV,64,63,89,44,59,0,26,MODELED
LV_LB_06,LV,28,45,83,61,72,0,9,MODELED
LV_LB_07,LV,42,38,68,68,4,0,10,MODELED
LV_LB_08,LV,46,28,73,73,19,0,15,MODELED
LV_CB_01,LV,67,80,49,59,54,0,3,MODELED
LV_CB_02,LV,78,76,38,60,66,0,0,MODELED
LV_CB_03,LV,80,83,55,88,47,0,0,MODELED
LV_CB_04,LV,61,69,62,72,44,0,5,MODELED
LV_CB_05,LV,67,63,49,64,42,0,0,MODELED
LV_CB_06,LV,77,53,30,69,42,0,24,MODELED
LV_CB_07,LV,48,25,76,55,44,0,4,MODELED
LV_CB_08,LV,63,58,80,72,27,0,5,MODELED
LV_CB_09,LV,63,36,75,54,34,0,6,MODELED
LV_CB_10,LV,17,32,68,51,25,0,20,MODELED
LV_CB_11,LV,25,15,37,46,1,0,4,MODELED
LV_S_01,LV,91,95,82,68,46,0,4,MODELED
LV_S_02,LV,74,94,65,77,66,0,5,MODELED
LV_S_03,LV,67,79,70,54,48,0,11,MODELED
LV_S_04,LV,53,65,52,85,54,0,3,MODELED
LV_S_05,LV,66,47,52,73,36,0,0,MODELED
LV_S_06,LV,24,25,48,78,35,0,0,MODELED
LV_S_07,LV,42,23,81,72,1,0,6,MODELED
LV_K_01,LV,80,86,60,56,43,0,19,MODELED
LV_K_02,LV,61,51,53,55,14,0,4,MODELED
LV_P_01,LV,98,74,38,54,98,0,26,MODELED
LV_P_02,LV,40,59,66,59,29,0,0,MODELED
LV_LS_01,LV,85,93,72,70,45,0,9,MODELED
LAC_QB_01,LAC,88,88,74,66,56,0,0,MODELED
LAC_QB_02,LAC,71,69,36,62,63,0,0,MODELED
LAC_QB_03,LAC,59,27,85,66,32,0,5,MODELED
LAC_QB_04,LAC,57,44,72,68,12,0,0,MODELED
LAC_RB_01,LAC,100,70,71,54,45,0,0,MODELED
LAC_RB_02,LAC,75,59,73,66,61,0,0,MODELED
LAC_RB_03,LAC,53,65,57,71,38,0,8,MODELED
LAC_RB_04,LAC,48,52,57,77,34,0,18,MODELED
LAC_RB_05,LAC,37,58,74,69,7,0,8,MODELED
LAC_FB_01,LAC,66,69,81,81,57,0,8,MODELED
LAC_WR_01,LAC,98,86,43,78,80,0,10,MODELED
LAC_WR_02,LAC,78,87,43,67,100,0,3,MODELED
LAC_WR_03,LAC,72,79,53,74,55,0,24,MODELED
LAC_WR_04,LAC,83,51,54,58,54,0,7,MODELED
LAC_WR_05,LAC,69,63,57,70,55,0,0,MODELED
LAC_WR_06,LAC,60,74,53,66,68,0,13,MODELED
LAC_WR_07,LAC,55,67,55,66,53,0,25,MODELED
LAC_WR_08,LAC,41,67,53,39,52,0,15,MODELED
LAC_WR_09,LAC,37,41,78,91,24,0,5,MODELED
LAC_WR_10,LAC,59,37,81,30,1,0,9,MODELED
LAC_WR_11,LAC,40,53,79,69,6,0,27,MODELED
LAC_TE_01,LAC,87,88,63,71,45,0,14,MODELED
LAC_TE_02,LAC,73,60,60,54,31,0,12,MODELED
LAC_TE_03,LAC,59,51,68,46,37,0,3,MODELED
LAC_TE_04,LAC,47,53,73,74,28,0,18,MODELED
LAC_TE_05,LAC,62,44,71,96,27,0,10,MODELED
LAC_TE_06,LAC,56,30,94,58,59,0,5,MODELED
LAC_OT_01,LAC,65,100,34,61,58,0,4,MODELED
LAC_OT_02,LAC,83,93,63,61,51,0,3,MODELED
LAC_OT_03,LAC,55,69,77,59,59,0,11,MODELED
LAC_OT_04,LAC,67,63,65,66,64,0,10,MODELED
LAC_OT_05,LAC,60,57,72,86,38,0,19,MODELED
LAC_OT_06,LAC,45,42,62,50,35,0,0,MODELED
LAC_OG_01,LAC,70,100,54,57,47,0,9,MODELED
LAC_OG_02,LAC,53,79,59,59,52,0,18,MODELED
LAC_OG_03,LAC,77,87,60,46,35,0,0,MODELED
LAC_OG_04,LAC,56,59,64,67,10,0,24,MODELED
LAC_OG_05,LAC,40,37,81,77,22,0,10,MODELED
LAC_OG_06,LAC,43,44,62,78,15,0,6,MODELED
LAC_C_01,LAC,88,84,48,38,48,0,16,MODELED
LAC_C_02,LAC,64,70,89,84,78,0,3,MODELED
LAC_C_03,LAC,47,63,72,49,37,0,6,MODELED
LAC_EDGE_01,LAC,91,92,74,57,45,0,16,MODELED
LAC_EDGE_02,LAC,76,74,37,41,38,0,7,MODELED
LAC_EDGE_03,LAC,55,65,38,61,52,0,11,MODELED
LAC_EDGE_04,LAC,54,60,59,66,35,0,28,MODELED
LAC_EDGE_05,LAC,64,65,82,57,35,0,15,MODELED
LAC_EDGE_06,LAC,35,65,64,69,26,0,0,MODELED
LAC_EDGE_07,LAC,58,57,68,82,20,0,0,MODELED
LAC_EDGE_08,LAC,33,36,93,52,20,0,26,MODELED
LAC_EDGE_09,LAC,42,41,69,74,31,0,11,MODELED
LAC_DT_01,LAC,90,67,55,66,48,0,6,MODELED
LAC_DT_02,LAC,80,64,80,68,30,0,3,MODELED
LAC_DT_03,LAC,83,50,57,24,42,0,7,MODELED
LAC_DT_04,LAC,54,83,75,85,50,0,5,MODELED
LAC_DT_05,LAC,86,68,60,81,40,0,17,MODELED
LAC_DT_06,LAC,58,35,34,85,48,0,13,MODELED
LAC_DT_07,LAC,27,49,70,60,29,0,0,MODELED
LAC_DT_08,LAC,38,34,94,94,16,0,8,MODELED
LAC_LB_01,LAC,72,74,53,65,46,0,9,MODELED
LAC_LB_02,LAC,87,97,22,49,60,0,9,MODELED
LAC_LB_03,LAC,73,72,82,47,27,0,0,MODELED
LAC_LB_04,LAC,65,57,78,71,41,0,16,MODELED
LAC_LB_05,LAC,64,54,83,61,8,0,4,MODELED
LAC_LB_06,LAC,43,65,82,60,38,0,7,MODELED
LAC_LB_07,LAC,38,55,87,79,44,0,8,MODELED
LAC_LB_08,LAC,36,27,86,61,27,0,13,MODELED
LAC_CB_01,LAC,65,100,36,72,70,0,4,MODELED
LAC_CB_02,LAC,90,80,35,74,78,0,27,MODELED
LAC_CB_03,LAC,76,88,63,85,64,0,0,MODELED
LAC_CB_04,LAC,75,59,64,66,82,0,4,MODELED
LAC_CB_05,LAC,86,58,58,56,50,0,18,MODELED
LAC_CB_06,LAC,68,48,62,80,45,0,16,MODELED
LAC_CB_07,LAC,42,59,47,60,38,0,6,MODELED
LAC_CB_08,LAC,49,52,68,69,18,0,11,MODELED
LAC_CB_09,LAC,45,45,52,60,27,0,13,MODELED
LAC_CB_10,LAC,50,47,58,83,44,0,0,MODELED
LAC_CB_11,LAC,42,36,55,71,9,0,0,MODELED
LAC_S_01,LAC,82,92,31,84,77,0,9,MODELED
LAC_S_02,LAC,79,85,54,96,100,0,0,MODELED
LAC_S_03,LAC,56,68,76,59,65,0,7,MODELED
LAC_S_04,LAC,68,72,62,65,51,0,14,MODELED
LAC_S_05,LAC,50,34,50,92,31,0,8,MODELED
LAC_S_06,LAC,59,40,71,83,14,0,5,MODELED
LAC_S_07,LAC,43,36,69,65,20,0,4,MODELED
LAC_K_01,LAC,84,76,48,70,27,0,12,MODELED
LAC_K_02,LAC,30,42,40,81,50,0,8,MODELED
LAC_P_01,LAC,94,85,68,41,43,0,17,MODELED
LAC_P_02,LAC,41,48,57,73,41,0,0,MODELED
LAC_LS_01,LAC,71,100,80,84,44,0,0,MODELED
DAL_QB_01,DAL,100,85,59,70,57,0,12,MODELED
DAL_QB_02,DAL,71,72,78,75,50,0,0,MODELED
DAL_QB_03,DAL,48,41,66,48,27,0,9,MODELED
DAL_QB_04,DAL,55,31,46,85,9,0,13,MODELED
DAL_RB_01,DAL,100,85,55,67,51,0,0,MODELED
DAL_RB_02,DAL,61,60,83,53,10,0,8,MODELED
DAL_RB_03,DAL,70,52,59,78,41,0,9,MODELED
DAL_RB_04,DAL,60,67,92,64,34,0,0,MODELED
DAL_RB_05,DAL,58,59,63,69,28,0,20,MODELED
DAL_FB_01,DAL,81,79,43,44,34,0,22,MODELED
DAL_WR_01,DAL,82,84,38,76,58,0,12,MODELED
DAL_WR_02,DAL,87,67,68,84,89,0,24,MODELED
DAL_WR_03,DAL,86,99,45,71,70,0,2,MODELED
DAL_WR_04,DAL,67,67,61,61,39,0,15,MODELED
DAL_WR_05,DAL,68,74,63,49,38,0,11,MODELED
DAL_WR_06,DAL,79,35,73,64,37,0,0,MODELED
DAL_WR_07,DAL,65,55,70,79,51,0,26,MODELED
DAL_WR_08,DAL,63,55,61,43,47,0,18,MODELED
DAL_WR_09,DAL,51,58,41,51,19,0,16,MODELED
DAL_WR_10,DAL,18,59,68,53,26,0,15,MODELED
DAL_WR_11,DAL,26,17,59,71,23,0,1,MODELED
DAL_TE_01,DAL,77,86,75,85,60,0,0,MODELED
DAL_TE_02,DAL,72,61,37,49,15,0,4,MODELED
DAL_TE_03,DAL,70,75,81,63,42,0,5,MODELED
DAL_TE_04,DAL,50,48,66,59,25,0,21,MODELED
DAL_TE_05,DAL,59,35,67,76,21,0,6,MODELED
DAL_TE_06,DAL,40,39,68,55,22,0,10,MODELED
DAL_OT_01,DAL,83,72,53,90,62,0,18,MODELED
DAL_OT_02,DAL,89,86,12,99,73,0,1,MODELED
DAL_OT_03,DAL,64,78,82,42,16,0,7,MODELED
DAL_OT_04,DAL,69,55,59,100,53,0,7,MODELED
DAL_OT_05,DAL,63,55,47,47,32,0,0,MODELED
DAL_OT_06,DAL,57,39,93,52,37,0,0,MODELED
DAL_OG_01,DAL,98,74,79,62,63,0,0,MODELED
DAL_OG_02,DAL,72,100,68,95,73,0,6,MODELED
DAL_OG_03,DAL,74,70,68,47,41,0,0,MODELED
DAL_OG_04,DAL,63,61,75,77,41,0,1,MODELED
DAL_OG_05,DAL,53,53,76,57,48,0,17,MODELED
DAL_OG_06,DAL,51,59,82,76,23,0,6,MODELED
DAL_C_01,DAL,69,74,55,62,54,0,0,MODELED
DAL_C_02,DAL,50,57,45,65,53,0,7,MODELED
DAL_C_03,DAL,30,50,52,53,30,0,0,MODELED
DAL_EDGE_01,DAL,58,49,65,63,54,0,9,MODELED
DAL_EDGE_02,DAL,89,62,39,70,100,0,25,MODELED
DAL_EDGE_03,DAL,77,69,80,69,42,0,19,MODELED
DAL_EDGE_04,DAL,62,73,35,81,52,0,10,MODELED
DAL_EDGE_05,DAL,84,47,70,57,53,0,11,MODELED
DAL_EDGE_06,DAL,47,51,72,59,57,0,0,MODELED
DAL_EDGE_07,DAL,68,47,67,60,28,0,16,MODELED
DAL_EDGE_08,DAL,50,14,76,71,21,0,21,MODELED
DAL_EDGE_09,DAL,53,30,39,77,14,0,12,MODELED
DAL_DT_01,DAL,83,72,52,51,52,0,13,MODELED
DAL_DT_02,DAL,94,86,62,55,39,0,0,MODELED
DAL_DT_03,DAL,80,77,82,100,69,0,4,MODELED
DAL_DT_04,DAL,65,57,66,79,18,0,4,MODELED
DAL_DT_05,DAL,67,65,53,61,32,0,17,MODELED
DAL_DT_06,DAL,53,42,46,65,19,0,5,MODELED
DAL_DT_07,DAL,42,40,63,31,9,0,9,MODELED
DAL_DT_08,DAL,38,63,60,65,21,0,11,MODELED
DAL_LB_01,DAL,74,75,78,88,78,0,11,MODELED
DAL_LB_02,DAL,100,94,79,49,48,0,4,MODELED
DAL_LB_03,DAL,82,53,73,67,16,0,0,MODELED
DAL_LB_04,DAL,59,60,77,78,61,0,13,MODELED
DAL_LB_05,DAL,55,67,70,78,25,0,16,MODELED
DAL_LB_06,DAL,63,53,75,67,1,0,15,MODELED
DAL_LB_07,DAL,52,49,57,52,1,0,20,MODELED
DAL_LB_08,DAL,49,69,82,35,22,0,0,MODELED
DAL_CB_01,DAL,67,76,49,83,84,0,6,MODELED
DAL_CB_02,DAL,72,87,61,72,72,0,6,MODELED
DAL_CB_03,DAL,74,83,63,43,35,0,20,MODELED
DAL_CB_04,DAL,75,75,56,61,23,0,19,MODELED
DAL_CB_05,DAL,57,70,58,98,97,0,6,MODELED
DAL_CB_06,DAL,66,36,80,64,69,0,20,MODELED
DAL_CB_07,DAL,49,46,68,56,56,0,2,MODELED
DAL_CB_08,DAL,45,31,60,55,14,0,24,MODELED
DAL_CB_09,DAL,44,29,76,55,27,0,0,MODELED
DAL_CB_10,DAL,36,44,87,42,9,0,24,MODELED
DAL_CB_11,DAL,62,64,65,51,7,0,2,MODELED
DAL_S_01,DAL,92,95,82,47,19,0,8,MODELED
DAL_S_02,DAL,69,80,54,46,43,0,0,MODELED
DAL_S_03,DAL,74,61,55,71,33,0,8,MODELED
DAL_S_04,DAL,54,70,73,79,23,0,0,MODELED
DAL_S_05,DAL,62,53,82,60,34,0,11,MODELED
DAL_S_06,DAL,42,71,79,70,27,0,3,MODELED
DAL_S_07,DAL,42,29,60,51,11,0,12,MODELED
DAL_K_01,DAL,70,80,28,46,56,0,8,MODELED
DAL_K_02,DAL,44,40,57,28,29,0,0,MODELED
DAL_P_01,DAL,73,82,57,67,82,0,14,MODELED
DAL_P_02,DAL,48,46,78,80,34,0,14,MODELED
DAL_LS_01,DAL,79,86,50,97,55,0,9,MODELED
PHI_QB_01,PHI,79,72,79,73,70,0,16,MODELED
PHI_QB_02,PHI,73,86,67,100,69,0,12,MODELED
PHI_QB_03,PHI,65,58,88,76,53,0,23,MODELED
PHI_QB_04,PHI,31,43,74,74,21,0,3,MODELED
PHI_RB_01,PHI,89,82,60,46,78,0,2,MODELED
PHI_RB_02,PHI,62,41,64,35,100,0,21,MODELED
PHI_RB_03,PHI,69,73,63,78,33,0,11,MODELED
PHI_RB_04,PHI,57,37,85,58,13,0,25,MODELED
PHI_RB_05,PHI,31,56,33,53,36,0,0,MODELED
PHI_FB_01,PHI,79,80,66,72,43,0,9,MODELED
PHI_WR_01,PHI,86,75,41,55,71,0,0,MODELED
PHI_WR_02,PHI,84,73,81,56,22,0,2,MODELED
PHI_WR_03,PHI,96,80,39,64,84,0,0,MODELED
PHI_WR_04,PHI,38,92,51,51,45,0,6,MODELED
PHI_WR_05,PHI,56,60,50,56,53,0,1,MODELED
PHI_WR_06,PHI,67,75,80,81,24,0,17,MODELED
PHI_WR_07,PHI,44,46,44,50,19,0,3,MODELED
PHI_WR_08,PHI,45,60,83,77,56,0,17,MODELED
PHI_WR_09,PHI,34,39,33,44,16,0,13,MODELED
PHI_WR_10,PHI,46,53,76,53,8,0,0,MODELED
PHI_WR_11,PHI,36,48,100,48,28,0,24,MODELED
PHI_TE_01,PHI,84,69,59,75,27,0,8,MODELED
PHI_TE_02,PHI,58,56,62,67,63,0,11,MODELED
PHI_TE_03,PHI,55,59,81,63,40,0,8,MODELED
PHI_TE_04,PHI,45,52,94,55,17,0,6,MODELED
PHI_TE_05,PHI,56,48,87,48,10,0,0,MODELED
PHI_TE_06,PHI,54,29,79,69,28,0,5,MODELED
PHI_OT_01,PHI,78,54,57,59,28,0,0,MODELED
PHI_OT_02,PHI,77,82,61,52,79,0,5,MODELED
PHI_OT_03,PHI,84,55,46,74,43,0,3,MODELED
PHI_OT_04,PHI,57,63,80,69,25,0,8,MODELED
PHI_OT_05,PHI,52,64,50,71,14,0,0,MODELED
PHI_OT_06,PHI,45,40,79,63,5,0,9,MODELED
PHI_OG_01,PHI,80,81,60,72,72,0,0,MODELED
PHI_OG_02,PHI,70,100,45,63,40,0,15,MODELED
PHI_OG_03,PHI,79,85,72,70,25,0,19,MODELED
PHI_OG_04,PHI,66,81,77,66,61,0,7,MODELED
PHI_OG_05,PHI,48,48,74,81,46,0,4,MODELED
PHI_OG_06,PHI,49,29,38,38,8,0,5,MODELED
PHI_C_01,PHI,80,89,65,38,34,0,9,MODELED
PHI_C_02,PHI,60,58,76,39,50,0,15,MODELED
PHI_C_03,PHI,53,56,68,63,41,0,14,MODELED
PHI_EDGE_01,PHI,94,77,50,72,74,0,6,MODELED
PHI_EDGE_02,PHI,70,61,47,91,63,0,6,MODELED
PHI_EDGE_03,PHI,71,76,98,59,46,0,0,MODELED
PHI_EDGE_04,PHI,72,56,19,66,42,0,0,MODELED
PHI_EDGE_05,PHI,45,69,72,65,82,0,3,MODELED
PHI_EDGE_06,PHI,46,30,54,69,22,0,0,MODELED
PHI_EDGE_07,PHI,75,91,78,85,37,0,8,MODELED
PHI_EDGE_08,PHI,64,59,87,55,1,0,14,MODELED
PHI_EDGE_09,PHI,59,60,82,49,51,0,0,MODELED
PHI_DT_01,PHI,67,79,46,74,54,0,21,MODELED
PHI_DT_02,PHI,69,77,88,71,41,0,17,MODELED
PHI_DT_03,PHI,61,42,42,42,70,0,10,MODELED
PHI_DT_04,PHI,81,67,90,83,14,0,3,MODELED
PHI_DT_05,PHI,64,58,50,66,38,0,2,MODELED
PHI_DT_06,PHI,62,40,70,70,30,0,6,MODELED
PHI_DT_07,PHI,38,58,69,55,26,0,2,MODELED
PHI_DT_08,PHI,44,44,72,34,14,0,17,MODELED
PHI_LB_01,PHI,83,80,38,56,87,0,1,MODELED
PHI_LB_02,PHI,99,87,63,48,64,0,10,MODELED
PHI_LB_03,PHI,63,44,64,93,29,0,3,MODELED
PHI_LB_04,PHI,55,64,78,66,47,0,0,MODELED
PHI_LB_05,PHI,62,74,44,62,32,0,2,MODELED
PHI_LB_06,PHI,38,40,96,62,36,0,17,MODELED
PHI_LB_07,PHI,29,41,67,57,34,0,5,MODELED
PHI_LB_08,PHI,34,20,66,50,42,0,17,MODELED
PHI_CB_01,PHI,88,74,70,63,65,0,10,MODELED
PHI_CB_02,PHI,80,73,62,71,88,0,14,MODELED
PHI_CB_03,PHI,69,69,62,66,61,0,17,MODELED
PHI_CB_04,PHI,70,81,50,77,24,0,6,MODELED
PHI_CB_05,PHI,73,60,71,61,57,0,6,MODELED
PHI_CB_06,PHI,48,59,64,70,48,0,19,MODELED
PHI_CB_07,PHI,46,61,64,64,42,0,12,MODELED
PHI_CB_08,PHI,58,51,95,46,25,0,2,MODELED
PHI_CB_09,PHI,50,48,61,82,17,0,11,MODELED
PHI_CB_10,PHI,41,51,64,41,13,0,11,MODELED
PHI_CB_11,PHI,8,25,48,65,4,0,0,MODELED
PHI_S_01,PHI,78,95,68,43,56,0,9,MODELED
PHI_S_02,PHI,66,77,49,86,64,0,20,MODELED
PHI_S_03,PHI,74,52,69,64,34,0,0,MODELED
PHI_S_04,PHI,68,51,64,50,52,0,0,MODELED
PHI_S_05,PHI,55,76,72,42,74,0,2,MODELED
PHI_S_06,PHI,52,39,57,58,2,0,11,MODELED
PHI_S_07,PHI,42,46,49,62,11,0,21,MODELED
PHI_K_01,PHI,71,87,75,70,23,0,6,MODELED
PHI_K_02,PHI,43,61,66,72,48,0,0,MODELED
PHI_P_01,PHI,48,72,43,58,45,0,20,MODELED
PHI_P_02,PHI,50,85,61,58,15,0,7,MODELED
PHI_LS_01,PHI,84,88,67,48,45,0,0,MODELED
WAS_QB_01,WAS,64,73,71,88,45,0,12,MODELED
WAS_QB_02,WAS,56,54,64,64,36,0,11,MODELED
WAS_QB_03,WAS,54,29,88,88,46,0,8,MODELED
WAS_QB_04,WAS,45,7,81,57,2,0,1,MODELED
WAS_RB_01,WAS,94,72,61,65,72,0,30,MODELED
WAS_RB_02,WAS,69,75,78,75,49,0,0,MODELED
WAS_RB_03,WAS,66,71,68,80,47,0,9,MODELED
WAS_RB_04,WAS,54,65,52,55,36,0,0,MODELED
WAS_RB_05,WAS,45,45,83,55,29,0,0,MODELED
WAS_FB_01,WAS,90,65,56,54,77,0,10,MODELED
WAS_WR_01,WAS,65,81,71,67,72,0,0,MODELED
WAS_WR_02,WAS,100,76,57,71,49,0,19,MODELED
WAS_WR_03,WAS,88,80,55,53,67,0,4,MODELED
WAS_WR_04,WAS,73,65,69,47,47,0,0,MODELED
WAS_WR_05,WAS,74,56,47,65,53,0,3,MODELED
WAS_WR_06,WAS,72,43,66,90,27,0,0,MODELED
WAS_WR_07,WAS,29,61,57,98,38,0,5,MODELED
WAS_WR_08,WAS,73,47,65,71,33,0,4,MODELED
WAS_WR_09,WAS,35,64,56,75,27,0,12,MODELED
WAS_WR_10,WAS,47,40,72,58,25,0,23,MODELED
WAS_WR_11,WAS,48,27,62,42,41,0,19,MODELED
WAS_TE_01,WAS,83,67,76,72,44,0,11,MODELED
WAS_TE_02,WAS,52,55,46,89,50,0,2,MODELED
WAS_TE_03,WAS,92,51,70,44,55,0,7,MODELED
WAS_TE_04,WAS,45,67,72,75,26,0,0,MODELED
WAS_TE_05,WAS,38,41,61,88,1,0,8,MODELED
WAS_TE_06,WAS,34,39,60,76,13,0,0,MODELED
WAS_OT_01,WAS,72,84,83,67,54,0,28,MODELED
WAS_OT_02,WAS,78,86,48,87,50,0,2,MODELED
WAS_OT_03,WAS,69,49,31,61,76,0,0,MODELED
WAS_OT_04,WAS,56,73,82,66,50,0,0,MODELED
WAS_OT_05,WAS,39,52,93,69,37,0,3,MODELED
WAS_OT_06,WAS,48,35,88,77,33,0,11,MODELED
WAS_OG_01,WAS,78,80,84,58,81,0,9,MODELED
WAS_OG_02,WAS,74,81,75,51,78,0,0,MODELED
WAS_OG_03,WAS,55,47,59,61,47,0,14,MODELED
WAS_OG_04,WAS,65,51,68,50,65,0,11,MODELED
WAS_OG_05,WAS,70,59,66,49,45,0,14,MODELED
WAS_OG_06,WAS,6,62,76,75,36,0,15,MODELED
WAS_C_01,WAS,81,86,67,69,67,0,20,MODELED
WAS_C_02,WAS,61,68,92,61,57,0,0,MODELED
WAS_C_03,WAS,22,45,51,63,42,0,12,MODELED
WAS_EDGE_01,WAS,69,72,60,55,59,0,0,MODELED
WAS_EDGE_02,WAS,73,74,57,69,61,0,8,MODELED
WAS_EDGE_03,WAS,71,65,53,69,1,0,0,MODELED
WAS_EDGE_04,WAS,51,79,91,56,62,0,1,MODELED
WAS_EDGE_05,WAS,48,56,70,61,67,0,0,MODELED
WAS_EDGE_06,WAS,24,55,46,39,64,0,9,MODELED
WAS_EDGE_07,WAS,49,34,73,69,48,0,20,MODELED
WAS_EDGE_08,WAS,39,52,75,64,4,0,20,MODELED
WAS_EDGE_09,WAS,52,45,100,65,60,0,2,MODELED
WAS_DT_01,WAS,70,68,47,57,51,0,0,MODELED
WAS_DT_02,WAS,76,75,48,83,83,0,10,MODELED
WAS_DT_03,WAS,67,58,52,83,55,0,19,MODELED
WAS_DT_04,WAS,83,52,61,70,40,0,0,MODELED
WAS_DT_05,WAS,83,77,62,77,55,0,6,MODELED
WAS_DT_06,WAS,59,81,69,29,1,0,12,MODELED
WAS_DT_07,WAS,41,36,79,58,17,0,17,MODELED
WAS_DT_08,WAS,44,44,68,64,4,0,11,MODELED
WAS_LB_01,WAS,100,81,63,77,56,0,31,MODELED
WAS_LB_02,WAS,62,75,64,62,41,0,18,MODELED
WAS_LB_03,WAS,57,54,48,77,54,0,3,MODELED
WAS_LB_04,WAS,62,52,71,55,50,0,6,MODELED
WAS_LB_05,WAS,78,64,56,83,64,0,11,MODELED
WAS_LB_06,WAS,46,82,46,39,40,0,10,MODELED
WAS_LB_07,WAS,53,45,75,61,18,0,1,MODELED
WAS_LB_08,WAS,55,54,82,73,37,0,5,MODELED
WAS_CB_01,WAS,100,100,72,60,23,0,0,MODELED
WAS_CB_02,WAS,70,99,73,85,44,0,18,MODELED
WAS_CB_03,WAS,83,70,40,35,57,0,14,MODELED
WAS_CB_04,WAS,48,73,55,71,13,0,16,MODELED
WAS_CB_05,WAS,64,87,89,49,59,0,13,MODELED
WAS_CB_06,WAS,67,71,71,36,20,0,11,MODELED
WAS_CB_07,WAS,45,69,88,45,9,0,4,MODELED
WAS_CB_08,WAS,35,54,84,81,46,0,12,MODELED
WAS_CB_09,WAS,64,30,78,83,24,0,9,MODELED
WAS_CB_10,WAS,39,59,67,69,22,0,5,MODELED
WAS_CB_11,WAS,60,59,50,65,22,0,0,MODELED
WAS_S_01,WAS,100,59,43,65,52,0,4,MODELED
WAS_S_02,WAS,81,69,53,89,30,0,36,MODELED
WAS_S_03,WAS,57,58,63,84,50,0,11,MODELED
WAS_S_04,WAS,58,82,58,65,49,0,15,MODELED
WAS_S_05,WAS,62,40,87,55,63,0,16,MODELED
WAS_S_06,WAS,39,21,82,63,25,0,16,MODELED
WAS_S_07,WAS,54,55,72,73,49,0,16,MODELED
WAS_K_01,WAS,98,73,76,84,68,0,8,MODELED
WAS_K_02,WAS,18,54,45,85,10,0,6,MODELED
WAS_P_01,WAS,69,88,37,66,56,0,2,MODELED
WAS_P_02,WAS,54,67,64,56,43,0,0,MODELED
WAS_LS_01,WAS,89,70,82,78,46,0,0,MODELED
NYG_QB_01,NYG,78,81,60,45,41,0,0,MODELED
NYG_QB_02,NYG,76,78,48,52,43,0,16,MODELED
NYG_QB_03,NYG,54,52,59,74,34,0,3,MODELED
NYG_QB_04,NYG,41,38,90,37,30,0,11,MODELED
NYG_RB_01,NYG,87,81,85,47,49,0,16,MODELED
NYG_RB_02,NYG,58,72,63,82,53,0,1,MODELED
NYG_RB_03,NYG,43,50,42,73,17,0,1,MODELED
NYG_RB_04,NYG,67,33,55,76,68,0,7,MODELED
NYG_RB_05,NYG,40,31,48,76,34,0,14,MODELED
NYG_FB_01,NYG,66,67,60,86,68,0,19,MODELED
NYG_WR_01,NYG,98,89,95,58,39,0,0,MODELED
NYG_WR_02,NYG,88,77,65,61,50,0,4,MODELED
NYG_WR_03,NYG,97,92,83,61,76,0,20,MODELED
NYG_WR_04,NYG,71,72,62,60,31,0,17,MODELED
NYG_WR_05,NYG,55,63,58,63,45,0,14,MODELED
NYG_WR_06,NYG,60,56,100,47,19,0,20,MODELED
NYG_WR_07,NYG,41,37,60,59,59,0,8,MODELED
NYG_WR_08,NYG,65,51,72,71,18,0,23,MODELED
NYG_WR_09,NYG,40,48,75,67,56,0,0,MODELED
NYG_WR_10,NYG,31,26,53,45,16,0,0,MODELED
NYG_WR_11,NYG,46,27,51,48,15,0,10,MODELED
NYG_TE_01,NYG,71,100,74,80,1,0,4,MODELED
NYG_TE_02,NYG,63,62,77,73,35,0,10,MODELED
NYG_TE_03,NYG,60,72,58,81,52,0,7,MODELED
NYG_TE_04,NYG,42,30,68,100,25,0,0,MODELED
NYG_TE_05,NYG,45,29,84,44,3,0,14,MODELED
NYG_TE_06,NYG,63,38,83,84,22,0,15,MODELED
NYG_OT_01,NYG,91,86,75,41,55,0,7,MODELED
NYG_OT_02,NYG,83,100,74,50,48,0,7,MODELED
NYG_OT_03,NYG,72,58,38,37,44,0,20,MODELED
NYG_OT_04,NYG,52,57,51,54,57,0,18,MODELED
NYG_OT_05,NYG,50,59,83,57,27,0,0,MODELED
NYG_OT_06,NYG,51,23,58,72,22,0,8,MODELED
NYG_OG_01,NYG,91,77,100,58,34,0,0,MODELED
NYG_OG_02,NYG,92,66,35,61,34,0,17,MODELED
NYG_OG_03,NYG,63,56,37,50,32,0,2,MODELED
NYG_OG_04,NYG,71,66,81,54,39,0,7,MODELED
NYG_OG_05,NYG,47,55,72,84,11,0,10,MODELED
NYG_OG_06,NYG,42,41,64,62,1,0,1,MODELED
NYG_C_01,NYG,76,51,58,57,24,0,0,MODELED
NYG_C_02,NYG,80,51,95,77,16,0,0,MODELED
NYG_C_03,NYG,61,45,68,80,47,0,7,MODELED
NYG_EDGE_01,NYG,90,80,57,47,65,0,23,MODELED
NYG_EDGE_02,NYG,75,84,54,67,62,0,14,MODELED
NYG_EDGE_03,NYG,63,42,66,71,39,0,0,MODELED
NYG_EDGE_04,NYG,74,75,55,78,40,0,4,MODELED
NYG_EDGE_05,NYG,62,59,43,63,38,0,0,MODELED
NYG_EDGE_06,NYG,47,60,75,78,60,0,1,MODELED
NYG_EDGE_07,NYG,49,50,76,49,9,0,4,MODELED
NYG_EDGE_08,NYG,43,47,41,37,50,0,8,MODELED
NYG_EDGE_09,NYG,37,50,71,35,11,0,1,MODELED
NYG_DT_01,NYG,93,66,65,62,43,0,12,MODELED
NYG_DT_02,NYG,70,77,65,65,27,0,14,MODELED
NYG_DT_03,NYG,63,99,65,68,31,0,12,MODELED
NYG_DT_04,NYG,71,80,47,74,34,0,0,MODELED
NYG_DT_05,NYG,60,67,74,68,38,0,28,MODELED
NYG_DT_06,NYG,52,35,72,46,14,0,16,MODELED
NYG_DT_07,NYG,25,25,46,59,7,0,5,MODELED
NYG_DT_08,NYG,37,42,44,73,44,0,30,MODELED
NYG_LB_01,NYG,74,94,62,64,51,0,0,MODELED
NYG_LB_02,NYG,92,72,84,68,46,0,17,MODELED
NYG_LB_03,NYG,47,61,74,43,60,0,8,MODELED
NYG_LB_04,NYG,77,61,62,53,23,0,0,MODELED
NYG_LB_05,NYG,66,54,63,73,21,0,5,MODELED
NYG_LB_06,NYG,44,41,65,73,37,0,25,MODELED
NYG_LB_07,NYG,45,41,49,68,31,0,9,MODELED
NYG_LB_08,NYG,57,42,72,35,1,0,13,MODELED
NYG_CB_01,NYG,89,54,59,58,36,0,16,MODELED
NYG_CB_02,NYG,72,66,25,69,44,0,11,MODELED
NYG_CB_03,NYG,92,99,44,96,41,0,8,MODELED
NYG_CB_04,NYG,75,74,52,80,33,0,16,MODELED
NYG_CB_05,NYG,56,57,51,58,52,0,23,MODELED
NYG_CB_06,NYG,69,63,55,54,35,0,14,MODELED
NYG_CB_07,NYG,41,37,63,81,25,0,0,MODELED
NYG_CB_08,NYG,45,58,62,74,56,0,12,MODELED
NYG_CB_09,NYG,53,76,55,55,24,0,10,MODELED
NYG_CB_10,NYG,51,33,59,66,40,0,0,MODELED
NYG_CB_11,NYG,21,46,48,61,17,0,12,MODELED
NYG_S_01,NYG,93,80,69,66,25,0,9,MODELED
NYG_S_02,NYG,79,87,65,75,83,0,10,MODELED
NYG_S_03,NYG,80,69,50,67,65,0,5,MODELED
NYG_S_04,NYG,70,71,84,53,34,0,5,MODELED
NYG_S_05,NYG,66,53,48,81,39,0,8,MODELED
NYG_S_06,NYG,57,30,73,67,6,0,8,MODELED
NYG_S_07,NYG,52,43,80,97,15,0,1,MODELED
NYG_K_01,NYG,91,93,67,67,45,0,16,MODELED
NYG_K_02,NYG,81,67,60,90,60,0,10,MODELED
NYG_P_01,NYG,74,78,73,89,30,0,1,MODELED
NYG_P_02,NYG,52,66,42,89,66,0,8,MODELED
NYG_LS_01,NYG,75,80,39,62,33,0,11,MODELED
CHI_QB_01,CHI,78,83,48,62,63,0,24,MODELED
CHI_QB_02,CHI,84,63,63,74,15,0,0,MODELED
CHI_QB_03,CHI,52,39,73,79,39,0,8,MODELED
CHI_QB_04,CHI,48,38,55,67,7,0,26,MODELED
CHI_RB_01,CHI,86,89,28,53,87,0,0,MODELED
CHI_RB_02,CHI,66,44,39,61,29,0,12,MODELED
CHI_RB_03,CHI,61,62,57,49,34,0,2,MODELED
CHI_RB_04,CHI,40,64,82,84,62,0,2,MODELED
CHI_RB_05,CHI,31,58,57,51,13,0,7,MODELED
CHI_FB_01,CHI,90,85,63,55,88,0,18,MODELED
CHI_WR_01,CHI,71,98,53,56,66,0,10,MODELED
CHI_WR_02,CHI,79,82,51,57,41,0,0,MODELED
CHI_WR_03,CHI,93,69,92,62,67,0,19,MODELED
CHI_WR_04,CHI,69,67,47,52,74,0,8,MODELED
CHI_WR_05,CHI,76,60,56,58,85,0,14,MODELED
CHI_WR_06,CHI,37,56,53,77,24,0,6,MODELED
CHI_WR_07,CHI,59,43,35,65,57,0,2,MODELED
CHI_WR_08,CHI,48,71,68,75,19,0,0,MODELED
CHI_WR_09,CHI,49,18,59,45,23,0,7,MODELED
CHI_WR_10,CHI,69,49,74,66,21,0,1,MODELED
CHI_WR_11,CHI,61,52,80,79,34,0,2,MODELED
CHI_TE_01,CHI,70,79,82,97,35,0,14,MODELED
CHI_TE_02,CHI,53,59,70,66,43,0,5,MODELED
CHI_TE_03,CHI,52,69,87,57,45,0,20,MODELED
CHI_TE_04,CHI,57,51,63,55,56,0,0,MODELED
CHI_TE_05,CHI,53,60,69,72,10,0,12,MODELED
CHI_TE_06,CHI,9,36,68,78,44,0,11,MODELED
CHI_OT_01,CHI,72,62,59,59,55,0,0,MODELED
CHI_OT_02,CHI,78,75,60,73,19,0,11,MODELED
CHI_OT_03,CHI,82,70,63,69,100,0,27,MODELED
CHI_OT_04,CHI,69,55,75,45,48,0,5,MODELED
CHI_OT_05,CHI,46,74,65,73,26,0,0,MODELED
CHI_OT_06,CHI,39,26,45,54,30,0,0,MODELED
CHI_OG_01,CHI,82,82,80,52,63,0,3,MODELED
CHI_OG_02,CHI,63,89,53,71,65,0,6,MODELED
CHI_OG_03,CHI,60,76,70,71,38,0,9,MODELED
CHI_OG_04,CHI,79,72,55,71,55,0,1,MODELED
CHI_OG_05,CHI,52,64,49,61,57,0,19,MODELED
CHI_OG_06,CHI,30,12,62,60,40,0,1,MODELED
CHI_C_01,CHI,67,87,49,52,55,0,6,MODELED
CHI_C_02,CHI,72,54,97,75,57,0,2,MODELED
CHI_C_03,CHI,45,50,66,54,42,0,2,MODELED
CHI_EDGE_01,CHI,84,96,33,53,43,0,10,MODELED
CHI_EDGE_02,CHI,77,71,67,60,45,0,8,MODELED
CHI_EDGE_03,CHI,67,54,85,79,41,0,19,MODELED
CHI_EDGE_04,CHI,44,61,69,53,44,0,13,MODELED
CHI_EDGE_05,CHI,55,77,70,72,64,0,0,MODELED
CHI_EDGE_06,CHI,47,53,71,53,11,0,5,MODELED
CHI_EDGE_07,CHI,31,53,64,76,33,0,16,MODELED
CHI_EDGE_08,CHI,43,19,61,70,14,0,0,MODELED
CHI_EDGE_09,CHI,41,38,55,79,1,0,7,MODELED
CHI_DT_01,CHI,98,86,25,57,56,0,0,MODELED
CHI_DT_02,CHI,91,80,32,80,39,0,32,MODELED
CHI_DT_03,CHI,76,65,56,62,55,0,2,MODELED
CHI_DT_04,CHI,56,47,100,82,24,0,16,MODELED
CHI_DT_05,CHI,66,74,53,40,43,0,0,MODELED
CHI_DT_06,CHI,73,24,77,46,22,0,0,MODELED
CHI_DT_07,CHI,34,55,57,44,1,0,0,MODELED
CHI_DT_08,CHI,33,50,70,57,24,0,4,MODELED
CHI_LB_01,CHI,69,81,65,54,51,0,2,MODELED
CHI_LB_02,CHI,74,87,44,60,43,0,5,MODELED
CHI_LB_03,CHI,75,70,60,67,40,0,15,MODELED
CHI_LB_04,CHI,63,61,41,61,39,0,0,MODELED
CHI_LB_05,CHI,79,64,53,94,47,0,19,MODELED
CHI_LB_06,CHI,49,50,74,83,15,0,0,MODELED
CHI_LB_07,CHI,38,35,80,75,8,0,16,MODELED
CHI_LB_08,CHI,54,40,72,53,42,0,4,MODELED
CHI_CB_01,CHI,84,70,75,85,79,0,21,MODELED
CHI_CB_02,CHI,83,65,68,72,21,0,9,MODELED
CHI_CB_03,CHI,74,78,65,84,79,0,0,MODELED
CHI_CB_04,CHI,48,69,55,65,46,0,0,MODELED
CHI_CB_05,CHI,70,64,54,79,28,0,14,MODELED
CHI_CB_06,CHI,62,52,66,73,43,0,0,MODELED
CHI_CB_07,CHI,48,70,79,62,35,0,0,MODELED
CHI_CB_08,CHI,53,40,76,78,26,0,3,MODELED
CHI_CB_09,CHI,46,34,83,83,51,0,24,MODELED
CHI_CB_10,CHI,62,53,62,31,14,0,11,MODELED
CHI_CB_11,CHI,41,50,53,76,29,0,14,MODELED
CHI_S_01,CHI,80,84,61,57,45,0,14,MODELED
CHI_S_02,CHI,73,73,61,70,57,0,8,MODELED
CHI_S_03,CHI,66,40,40,63,36,0,13,MODELED
CHI_S_04,CHI,76,48,69,57,66,0,10,MODELED
CHI_S_05,CHI,53,63,93,78,33,0,12,MODELED
CHI_S_06,CHI,56,33,85,62,43,0,3,MODELED
CHI_S_07,CHI,52,46,60,56,15,0,3,MODELED
CHI_K_01,CHI,78,93,67,86,38,0,20,MODELED
CHI_K_02,CHI,62,55,56,73,65,0,22,MODELED
CHI_P_01,CHI,85,97,51,70,68,0,1,MODELED
CHI_P_02,CHI,53,44,93,88,36,0,14,MODELED
CHI_LS_01,CHI,69,82,73,78,55,0,9,MODELED
DET_QB_01,DET,94,71,53,47,74,0,14,MODELED
DET_QB_02,DET,58,59,67,65,52,0,10,MODELED
DET_QB_03,DET,53,61,41,74,2,0,18,MODELED
DET_QB_04,DET,27,40,60,72,41,0,14,MODELED
DET_RB_01,DET,88,87,71,73,68,0,0,MODELED
DET_RB_02,DET,75,55,64,100,31,0,20,MODELED
DET_RB_03,DET,54,85,70,75,36,0,5,MODELED
DET_RB_04,DET,29,52,68,74,31,0,4,MODELED
DET_RB_05,DET,65,31,69,63,13,0,3,MODELED
DET_FB_01,DET,75,100,80,100,56,0,0,MODELED
DET_WR_01,DET,74,64,59,68,8,0,0,MODELED
DET_WR_02,DET,89,80,23,68,61,0,0,MODELED
DET_WR_03,DET,91,78,47,72,67,0,1,MODELED
DET_WR_04,DET,78,79,57,56,53,0,11,MODELED
DET_WR_05,DET,84,67,42,66,53,0,11,MODELED
DET_WR_06,DET,74,77,52,72,64,0,13,MODELED
DET_WR_07,DET,40,68,64,42,54,0,0,MODELED
DET_WR_08,DET,45,54,25,65,51,0,0,MODELED
DET_WR_09,DET,69,43,70,87,16,0,3,MODELED
DET_WR_10,DET,58,49,46,63,25,0,2,MODELED
DET_WR_11,DET,40,36,78,67,29,0,0,MODELED
DET_TE_01,DET,83,89,82,81,59,0,18,MODELED
DET_TE_02,DET,57,70,67,44,54,0,10,MODELED
DET_TE_03,DET,71,59,27,61,51,0,12,MODELED
DET_TE_04,DET,39,54,80,60,14,0,4,MODELED
DET_TE_05,DET,44,38,60,54,15,0,0,MODELED
DET_TE_06,DET,44,43,40,66,34,0,5,MODELED
DET_OT_01,DET,90,75,42,93,52,0,0,MODELED
DET_OT_02,DET,85,93,65,70,60,0,0,MODELED
DET_OT_03,DET,81,94,83,67,77,0,8,MODELED
DET_OT_04,DET,52,75,63,74,47,0,8,MODELED
DET_OT_05,DET,49,58,53,69,20,0,7,MODELED
DET_OT_06,DET,77,32,53,43,18,0,8,MODELED
DET_OG_01,DET,62,78,37,52,81,0,0,MODELED
DET_OG_02,DET,93,65,49,48,63,0,12,MODELED
DET_OG_03,DET,60,81,83,59,86,0,15,MODELED
DET_OG_04,DET,61,58,79,82,76,0,9,MODELED
DET_OG_05,DET,44,52,80,63,28,0,4,MODELED
DET_OG_06,DET,50,41,47,80,13,0,0,MODELED
DET_C_01,DET,100,97,83,49,50,0,7,MODELED
DET_C_02,DET,77,71,56,60,63,0,26,MODELED
DET_C_03,DET,44,61,87,60,11,0,0,MODELED
DET_EDGE_01,DET,76,83,66,89,31,0,1,MODELED
DET_EDGE_02,DET,79,65,45,36,52,0,0,MODELED
DET_EDGE_03,DET,66,71,80,66,30,0,13,MODELED
DET_EDGE_04,DET,67,62,45,65,61,0,18,MODELED
DET_EDGE_05,DET,84,70,73,73,8,0,0,MODELED
DET_EDGE_06,DET,38,53,93,84,46,0,8,MODELED
DET_EDGE_07,DET,37,42,59,64,38,0,7,MODELED
DET_EDGE_08,DET,47,39,50,61,19,0,0,MODELED
DET_EDGE_09,DET,40,34,59,44,32,0,2,MODELED
DET_DT_01,DET,89,74,70,83,38,0,7,MODELED
DET_DT_02,DET,90,74,71,68,94,0,21,MODELED
DET_DT_03,DET,71,58,60,62,61,0,0,MODELED
DET_DT_04,DET,51,68,65,95,41,0,8,MODELED
DET_DT_05,DET,74,64,45,54,39,0,19,MODELED
DET_DT_06,DET,31,55,67,47,25,0,11,MODELED
DET_DT_07,DET,50,38,57,53,14,0,0,MODELED
DET_DT_08,DET,40,45,61,46,23,0,10,MODELED
DET_LB_01,DET,79,92,69,73,84,0,0,MODELED
DET_LB_02,DET,69,78,39,60,66,0,9,MODELED
DET_LB_03,DET,69,65,79,79,59,0,10,MODELED
DET_LB_04,DET,67,76,55,62,50,0,3,MODELED
DET_LB_05,DET,66,53,73,41,46,0,7,MODELED
DET_LB_06,DET,51,80,53,59,64,0,0,MODELED
DET_LB_07,DET,37,33,61,78,4,0,0,MODELED
DET_LB_08,DET,68,46,88,79,8,0,3,MODELED
DET_CB_01,DET,85,82,73,67,65,0,18,MODELED
DET_CB_02,DET,76,81,55,79,100,0,9,MODELED
DET_CB_03,DET,100,82,53,62,74,0,0,MODELED
DET_CB_04,DET,60,66,30,52,49,0,0,MODELED
DET_CB_05,DET,58,65,43,71,55,0,8,MODELED
DET_CB_06,DET,58,64,62,67,95,0,3,MODELED
DET_CB_07,DET,64,65,44,91,16,0,0,MODELED
DET_CB_08,DET,53,57,63,57,20,0,0,MODELED
DET_CB_09,DET,46,35,79,71,51,0,10,MODELED
DET_CB_10,DET,47,27,45,67,2,0,7,MODELED
DET_CB_11,DET,40,61,54,44,17,0,12,MODELED
DET_S_01,DET,90,63,64,53,31,0,12,MODELED
DET_S_02,DET,74,93,34,84,79,0,24,MODELED
DET_S_03,DET,68,61,68,76,50,0,9,MODELED
DET_S_04,DET,61,66,71,85,40,0,15,MODELED
DET_S_05,DET,63,52,53,68,23,0,16,MODELED
DET_S_06,DET,51,69,91,45,24,0,5,MODELED
DET_S_07,DET,37,41,88,56,11,0,15,MODELED
DET_K_01,DET,93,77,54,75,44,0,0,MODELED
DET_K_02,DET,48,46,71,35,38,0,17,MODELED
DET_P_01,DET,77,79,45,82,46,0,11,MODELED
DET_P_02,DET,66,30,41,71,56,0,8,MODELED
DET_LS_01,DET,91,87,67,80,65,0,5,MODELED
GB_QB_01,GB,81,55,43,36,81,0,11,MODELED
GB_QB_02,GB,64,76,68,61,45,0,6,MODELED
GB_QB_03,GB,64,51,50,65,48,0,9,MODELED
GB_QB_04,GB,56,45,67,62,29,0,8,MODELED
GB_RB_01,GB,71,88,37,55,100,0,0,MODELED
GB_RB_02,GB,43,59,85,85,40,0,29,MODELED
GB_RB_03,GB,80,74,54,80,73,0,13,MODELED
GB_RB_04,GB,56,55,51,65,48,0,4,MODELED
GB_RB_05,GB,50,60,66,66,33,0,1,MODELED
GB_FB_01,GB,74,94,41,77,40,0,22,MODELED
GB_WR_01,GB,78,90,63,57,79,0,5,MODELED
GB_WR_02,GB,64,69,51,82,75,0,0,MODELED
GB_WR_03,GB,71,69,88,68,78,0,5,MODELED
GB_WR_04,GB,66,55,45,63,40,0,13,MODELED
GB_WR_05,GB,66,50,76,45,39,0,11,MODELED
GB_WR_06,GB,60,79,57,67,59,0,0,MODELED
GB_WR_07,GB,43,63,53,87,72,0,8,MODELED
GB_WR_08,GB,35,51,79,68,3,0,10,MODELED
GB_WR_09,GB,46,71,72,76,28,0,0,MODELED
GB_WR_10,GB,51,47,52,63,30,0,6,MODELED
GB_WR_11,GB,47,26,88,88,28,0,10,MODELED
GB_TE_01,GB,74,60,46,66,78,0,9,MODELED
GB_TE_02,GB,51,88,72,63,31,0,0,MODELED
GB_TE_03,GB,85,78,61,85,61,0,21,MODELED
GB_TE_04,GB,35,65,56,64,18,0,3,MODELED
GB_TE_05,GB,37,42,72,49,17,0,9,MODELED
GB_TE_06,GB,33,35,100,62,24,0,9,MODELED
GB_OT_01,GB,72,62,14,76,76,0,13,MODELED
GB_OT_02,GB,94,67,77,77,78,0,5,MODELED
GB_OT_03,GB,85,61,54,81,50,0,2,MODELED
GB_OT_04,GB,59,60,65,82,60,0,12,MODELED
GB_OT_05,GB,44,48,100,60,20,0,7,MODELED
GB_OT_06,GB,37,37,63,67,2,0,0,MODELED
GB_OG_01,GB,78,85,44,74,51,0,7,MODELED
GB_OG_02,GB,97,85,28,100,53,0,15,MODELED
GB_OG_03,GB,69,91,72,57,71,0,6,MODELED
GB_OG_04,GB,55,57,59,93,49,0,16,MODELED
GB_OG_05,GB,49,70,62,68,1,0,13,MODELED
GB_OG_06,GB,49,28,70,53,21,0,22,MODELED
GB_C_01,GB,100,80,47,59,52,0,4,MODELED
GB_C_02,GB,56,74,30,92,42,0,1,MODELED
GB_C_03,GB,51,34,51,58,35,0,11,MODELED
GB_EDGE_01,GB,100,92,41,73,62,0,10,MODELED
GB_EDGE_02,GB,85,80,31,45,72,0,15,MODELED
GB_EDGE_03,GB,58,57,62,78,28,0,19,MODELED
GB_EDGE_04,GB,69,81,51,63,52,0,18,MODELED
GB_EDGE_05,GB,69,55,51,58,71,0,0,MODELED
GB_EDGE_06,GB,65,43,47,43,7,0,0,MODELED
GB_EDGE_07,GB,26,67,79,77,10,0,15,MODELED
GB_EDGE_08,GB,46,31,72,54,28,0,2,MODELED
GB_EDGE_09,GB,35,61,61,74,34,0,13,MODELED
GB_DT_01,GB,68,76,47,52,85,0,6,MODELED
GB_DT_02,GB,66,77,64,73,53,0,22,MODELED
GB_DT_03,GB,74,63,66,51,34,0,9,MODELED
GB_DT_04,GB,51,60,44,68,33,0,15,MODELED
GB_DT_05,GB,71,52,63,66,24,0,9,MODELED
GB_DT_06,GB,44,46,60,63,13,0,0,MODELED
GB_DT_07,GB,42,34,60,65,3,0,9,MODELED
GB_DT_08,GB,41,44,66,59,45,0,12,MODELED
GB_LB_01,GB,61,74,82,78,96,0,10,MODELED
GB_LB_02,GB,72,77,62,53,52,0,4,MODELED
GB_LB_03,GB,70,56,84,48,62,0,4,MODELED
GB_LB_04,GB,72,47,77,54,69,0,11,MODELED
GB_LB_05,GB,49,68,62,79,39,0,8,MODELED
GB_LB_06,GB,48,79,58,56,32,0,12,MODELED
GB_LB_07,GB,43,45,55,74,34,0,0,MODELED
GB_LB_08,GB,46,48,65,56,32,0,23,MODELED
GB_CB_01,GB,65,77,82,69,64,0,13,MODELED
GB_CB_02,GB,80,100,55,78,77,0,0,MODELED
GB_CB_03,GB,76,68,49,55,36,0,17,MODELED
GB_CB_04,GB,57,54,37,69,65,0,11,MODELED
GB_CB_05,GB,69,57,66,66,60,0,6,MODELED
GB_CB_06,GB,73,88,35,67,34,0,3,MODELED
GB_CB_07,GB,50,51,40,69,7,0,6,MODELED
GB_CB_08,GB,49,46,57,77,30,0,22,MODELED
GB_CB_09,GB,52,52,86,92,28,0,7,MODELED
GB_CB_10,GB,57,44,93,28,58,0,19,MODELED
GB_CB_11,GB,39,36,73,60,1,0,11,MODELED
GB_S_01,GB,76,63,70,73,38,0,0,MODELED
GB_S_02,GB,74,75,50,67,49,0,15,MODELED
GB_S_03,GB,61,75,76,54,36,0,4,MODELED
GB_S_04,GB,61,54,54,55,42,0,24,MODELED
GB_S_05,GB,60,39,56,29,29,0,4,MODELED
GB_S_06,GB,46,36,75,82,1,0,12,MODELED
GB_S_07,GB,54,44,68,89,27,0,0,MODELED
GB_K_01,GB,84,98,43,70,83,0,1,MODELED
GB_K_02,GB,45,46,72,89,25,0,19,MODELED
GB_P_01,GB,70,89,87,75,84,0,10,MODELED
GB_P_02,GB,49,42,51,75,60,0,16,MODELED
GB_LS_01,GB,100,84,53,60,72,0,15,MODELED
MIN_QB_01,MIN,79,72,55,89,74,0,15,MODELED
MIN_QB_02,MIN,55,80,66,61,70,0,8,MODELED
MIN_QB_03,MIN,63,39,67,47,19,0,21,MODELED
MIN_QB_04,MIN,33,46,55,51,44,0,11,MODELED
MIN_RB_01,MIN,75,97,52,70,100,0,8,MODELED
MIN_RB_02,MIN,72,69,55,54,33,0,9,MODELED
MIN_RB_03,MIN,61,83,37,69,65,0,13,MODELED
MIN_RB_04,MIN,47,38,87,57,41,0,10,MODELED
MIN_RB_05,MIN,41,42,54,72,27,0,6,MODELED
MIN_FB_01,MIN,80,76,42,82,36,0,4,MODELED
MIN_WR_01,MIN,84,100,75,81,53,0,9,MODELED
MIN_WR_02,MIN,90,73,37,46,35,0,5,MODELED
MIN_WR_03,MIN,88,100,66,70,30,0,2,MODELED
MIN_WR_04,MIN,68,77,69,76,28,0,6,MODELED
MIN_WR_05,MIN,70,86,88,61,59,0,2,MODELED
MIN_WR_06,MIN,85,61,57,47,43,0,11,MODELED
MIN_WR_07,MIN,54,36,72,69,44,0,5,MODELED
MIN_WR_08,MIN,44,41,45,56,63,0,0,MODELED
MIN_WR_09,MIN,51,36,53,70,11,0,18,MODELED
MIN_WR_10,MIN,50,54,43,72,32,0,14,MODELED
MIN_WR_11,MIN,38,36,70,69,18,0,5,MODELED
MIN_TE_01,MIN,73,89,79,46,64,0,17,MODELED
MIN_TE_02,MIN,75,53,63,76,47,0,14,MODELED
MIN_TE_03,MIN,83,72,58,73,90,0,1,MODELED
MIN_TE_04,MIN,41,54,74,100,36,0,6,MODELED
MIN_TE_05,MIN,42,34,56,65,1,0,0,MODELED
MIN_TE_06,MIN,49,62,70,72,1,0,10,MODELED
MIN_OT_01,MIN,60,88,43,56,45,0,20,MODELED
MIN_OT_02,MIN,78,93,45,71,65,0,0,MODELED
MIN_OT_03,MIN,55,61,81,67,39,0,0,MODELED
MIN_OT_04,MIN,64,84,96,45,43,0,12,MODELED
MIN_OT_05,MIN,54,56,87,59,36,0,9,MODELED
MIN_OT_06,MIN,40,44,61,67,33,0,13,MODELED
MIN_OG_01,MIN,68,89,50,65,60,0,12,MODELED
MIN_OG_02,MIN,80,84,60,75,34,0,0,MODELED
MIN_OG_03,MIN,63,78,51,77,35,0,12,MODELED
MIN_OG_04,MIN,51,64,66,94,72,0,14,MODELED
MIN_OG_05,MIN,48,34,60,36,35,0,21,MODELED
MIN_OG_06,MIN,32,51,59,75,23,0,16,MODELED
MIN_C_01,MIN,65,82,55,67,63,0,17,MODELED
MIN_C_02,MIN,57,60,75,76,83,0,0,MODELED
MIN_C_03,MIN,45,57,74,79,22,0,15,MODELED
MIN_EDGE_01,MIN,57,78,27,40,54,0,16,MODELED
MIN_EDGE_02,MIN,82,87,72,60,56,0,26,MODELED
MIN_EDGE_03,MIN,83,73,49,89,58,0,6,MODELED
MIN_EDGE_04,MIN,67,70,62,68,40,0,9,MODELED
MIN_EDGE_05,MIN,53,47,60,72,52,0,13,MODELED
MIN_EDGE_06,MIN,37,39,79,93,48,0,17,MODELED
MIN_EDGE_07,MIN,32,62,54,64,21,0,6,MODELED
MIN_EDGE_08,MIN,37,29,69,54,31,0,9,MODELED
MIN_EDGE_09,MIN,32,23,97,40,32,0,5,MODELED
MIN_DT_01,MIN,75,100,83,91,35,0,2,MODELED
MIN_DT_02,MIN,88,81,69,75,51,0,0,MODELED
MIN_DT_03,MIN,64,73,80,54,86,0,7,MODELED
MIN_DT_04,MIN,72,79,88,59,69,0,14,MODELED
MIN_DT_05,MIN,74,72,85,60,63,0,16,MODELED
MIN_DT_06,MIN,58,52,82,62,39,0,15,MODELED
MIN_DT_07,MIN,44,28,50,58,19,0,24,MODELED
MIN_DT_08,MIN,65,50,67,64,11,0,2,MODELED
MIN_LB_01,MIN,75,71,58,90,52,0,8,MODELED
MIN_LB_02,MIN,85,100,65,72,48,0,6,MODELED
MIN_LB_03,MIN,71,64,35,59,16,0,9,MODELED
MIN_LB_04,MIN,68,98,44,60,45,0,6,MODELED
MIN_LB_05,MIN,72,66,72,50,49,0,5,MODELED
MIN_LB_06,MIN,27,53,81,79,9,0,13,MODELED
MIN_LB_07,MIN,51,39,80,71,55,0,8,MODELED
MIN_LB_08,MIN,58,22,67,69,45,0,6,MODELED
MIN_CB_01,MIN,91,94,58,46,79,0,12,MODELED
MIN_CB_02,MIN,100,81,63,71,50,0,0,MODELED
MIN_CB_03,MIN,90,82,72,59,52,0,2,MODELED
MIN_CB_04,MIN,75,71,49,60,43,0,8,MODELED
MIN_CB_05,MIN,78,55,41,53,65,0,16,MODELED
MIN_CB_06,MIN,57,45,36,73,47,0,0,MODELED
MIN_CB_07,MIN,54,46,60,77,76,0,21,MODELED
MIN_CB_08,MIN,49,53,41,85,34,0,6,MODELED
MIN_CB_09,MIN,28,50,82,58,8,0,20,MODELED
MIN_CB_10,MIN,52,52,84,69,22,0,0,MODELED
MIN_CB_11,MIN,41,37,60,90,17,0,14,MODELED
MIN_S_01,MIN,71,84,42,62,57,0,0,MODELED
MIN_S_02,MIN,100,96,23,63,51,0,28,MODELED
MIN_S_03,MIN,66,78,90,54,26,0,30,MODELED
MIN_S_04,MIN,61,55,66,65,48,0,2,MODELED
MIN_S_05,MIN,46,51,66,67,11,0,19,MODELED
MIN_S_06,MIN,44,46,74,56,2,0,8,MODELED
MIN_S_07,MIN,49,61,77,65,24,0,16,MODELED
MIN_K_01,MIN,76,95,28,60,82,0,1,MODELED
MIN_K_02,MIN,45,54,79,49,57,0,15,MODELED
MIN_P_01,MIN,52,99,31,43,43,0,2,MODELED
MIN_P_02,MIN,60,51,39,92,37,0,1,MODELED
MIN_LS_01,MIN,71,82,57,91,34,0,8,MODELED
ATL_QB_01,ATL,75,80,67,68,53,0,11,MODELED
ATL_QB_02,ATL,79,45,61,65,19,0,0,MODELED
ATL_QB_03,ATL,57,27,59,76,25,0,3,MODELED
ATL_QB_04,ATL,57,55,62,76,16,0,1,MODELED
ATL_RB_01,ATL,83,91,53,82,63,0,5,MODELED
ATL_RB_02,ATL,70,46,74,75,34,0,8,MODELED
ATL_RB_03,ATL,61,64,80,94,47,0,0,MODELED
ATL_RB_04,ATL,38,56,43,54,51,0,5,MODELED
ATL_RB_05,ATL,33,49,77,66,12,0,12,MODELED
ATL_FB_01,ATL,79,89,88,100,59,0,11,MODELED
ATL_WR_01,ATL,58,85,81,65,53,0,0,MODELED
ATL_WR_02,ATL,81,64,73,48,44,0,0,MODELED
ATL_WR_03,ATL,81,63,38,74,64,0,13,MODELED
ATL_WR_04,ATL,82,60,92,77,1,0,14,MODELED
ATL_WR_05,ATL,58,55,33,62,82,0,0,MODELED
ATL_WR_06,ATL,61,74,64,77,51,0,0,MODELED
ATL_WR_07,ATL,35,50,58,49,14,0,1,MODELED
ATL_WR_08,ATL,60,38,73,72,42,0,13,MODELED
ATL_WR_09,ATL,47,30,84,29,37,0,7,MODELED
ATL_WR_10,ATL,35,36,100,97,7,0,6,MODELED
ATL_WR_11,ATL,40,49,65,100,16,0,10,MODELED
ATL_TE_01,ATL,86,98,64,73,54,0,15,MODELED
ATL_TE_02,ATL,64,73,54,51,42,0,5,MODELED
ATL_TE_03,ATL,57,69,50,72,23,0,7,MODELED
ATL_TE_04,ATL,56,44,64,44,62,0,0,MODELED
ATL_TE_05,ATL,32,66,73,64,33,0,13,MODELED
ATL_TE_06,ATL,50,53,66,82,25,0,6,MODELED
ATL_OT_01,ATL,66,89,39,59,78,0,0,MODELED
ATL_OT_02,ATL,79,100,41,68,100,0,11,MODELED
ATL_OT_03,ATL,56,62,47,79,28,0,12,MODELED
ATL_OT_04,ATL,66,82,73,53,63,0,0,MODELED
ATL_OT_05,ATL,54,50,59,44,41,0,9,MODELED
ATL_OT_06,ATL,55,55,63,64,4,0,8,MODELED
ATL_OG_01,ATL,80,86,60,70,26,0,0,MODELED
ATL_OG_02,ATL,87,83,37,81,66,0,0,MODELED
ATL_OG_03,ATL,53,83,87,56,63,0,3,MODELED
ATL_OG_04,ATL,74,87,50,66,49,0,0,MODELED
ATL_OG_05,ATL,37,68,63,84,34,0,0,MODELED
ATL_OG_06,ATL,39,45,76,53,16,0,1,MODELED
ATL_C_01,ATL,94,79,64,61,56,0,13,MODELED
ATL_C_02,ATL,67,72,69,58,78,0,0,MODELED
ATL_C_03,ATL,59,41,51,78,14,0,15,MODELED
ATL_EDGE_01,ATL,65,85,48,59,61,0,21,MODELED
ATL_EDGE_02,ATL,77,83,48,78,59,0,10,MODELED
ATL_EDGE_03,ATL,48,53,89,73,71,0,10,MODELED
ATL_EDGE_04,ATL,70,75,55,48,63,0,0,MODELED
ATL_EDGE_05,ATL,79,70,61,81,42,0,2,MODELED
ATL_EDGE_06,ATL,45,74,60,61,73,0,0,MODELED
ATL_EDGE_07,ATL,62,48,89,37,43,0,15,MODELED
ATL_EDGE_08,ATL,42,54,63,70,1,0,10,MODELED
ATL_EDGE_09,ATL,41,56,63,88,2,0,0,MODELED
ATL_DT_01,ATL,93,81,42,70,74,0,16,MODELED
ATL_DT_02,ATL,100,79,66,48,89,0,22,MODELED
ATL_DT_03,ATL,51,78,62,56,62,0,21,MODELED
ATL_DT_04,ATL,68,51,47,64,44,0,0,MODELED
ATL_DT_05,ATL,60,47,67,69,32,0,8,MODELED
ATL_DT_06,ATL,55,48,39,87,32,0,5,MODELED
ATL_DT_07,ATL,28,68,81,62,3,0,7,MODELED
ATL_DT_08,ATL,38,45,60,52,20,0,20,MODELED
ATL_LB_01,ATL,53,81,61,58,94,0,14,MODELED
ATL_LB_02,ATL,77,73,72,84,76,0,19,MODELED
ATL_LB_03,ATL,51,79,71,80,42,0,7,MODELED
ATL_LB_04,ATL,61,53,66,68,39,0,20,MODELED
ATL_LB_05,ATL,67,78,50,56,39,0,22,MODELED
ATL_LB_06,ATL,70,63,48,61,33,0,0,MODELED
ATL_LB_07,ATL,41,35,69,84,47,0,18,MODELED
ATL_LB_08,ATL,47,35,66,57,28,0,6,MODELED
ATL_CB_01,ATL,65,83,71,55,61,0,13,MODELED
ATL_CB_02,ATL,74,85,62,56,90,0,8,MODELED
ATL_CB_03,ATL,67,69,53,84,73,0,16,MODELED
ATL_CB_04,ATL,78,67,49,57,31,0,14,MODELED
ATL_CB_05,ATL,58,57,48,65,37,0,15,MODELED
ATL_CB_06,ATL,76,66,55,68,37,0,17,MODELED
ATL_CB_07,ATL,52,56,51,56,17,0,18,MODELED
ATL_CB_08,ATL,43,40,39,41,28,0,16,MODELED
ATL_CB_09,ATL,31,37,86,65,35,0,0,MODELED
ATL_CB_10,ATL,33,40,82,77,12,0,4,MODELED
ATL_CB_11,ATL,34,14,94,62,19,0,7,MODELED
ATL_S_01,ATL,77,97,45,65,84,0,1,MODELED
ATL_S_02,ATL,89,79,43,59,80,0,17,MODELED
ATL_S_03,ATL,57,54,56,72,15,0,21,MODELED
ATL_S_04,ATL,74,60,88,87,45,0,5,MODELED
ATL_S_05,ATL,63,55,67,63,33,0,9,MODELED
ATL_S_06,ATL,62,38,56,88,18,0,4,MODELED
ATL_S_07,ATL,31,40,53,65,45,0,25,MODELED
ATL_K_01,ATL,76,63,85,83,46,0,8,MODELED
ATL_K_02,ATL,36,53,94,49,33,0,6,MODELED
ATL_P_01,ATL,79,74,19,56,81,0,8,MODELED
ATL_P_02,ATL,71,52,100,71,64,0,2,MODELED
ATL_LS_01,ATL,80,87,49,48,61,0,1,MODELED
CAR_QB_01,CAR,82,74,64,77,53,0,6,MODELED
CAR_QB_02,CAR,73,59,60,73,71,0,8,MODELED
CAR_QB_03,CAR,59,28,60,60,48,0,5,MODELED
CAR_QB_04,CAR,38,47,69,63,32,0,7,MODELED
CAR_RB_01,CAR,95,100,76,69,67,0,6,MODELED
CAR_RB_02,CAR,82,70,64,85,60,0,16,MODELED
CAR_RB_03,CAR,60,78,72,75,30,0,0,MODELED
CAR_RB_04,CAR,60,52,78,60,38,0,12,MODELED
CAR_RB_05,CAR,26,39,53,64,52,0,13,MODELED
CAR_FB_01,CAR,88,88,31,81,41,0,5,MODELED
CAR_WR_01,CAR,86,71,47,52,73,0,14,MODELED
CAR_WR_02,CAR,71,62,60,80,100,0,2,MODELED
CAR_WR_03,CAR,62,89,63,68,100,0,0,MODELED
CAR_WR_04,CAR,68,77,72,68,17,0,8,MODELED
CAR_WR_05,CAR,60,66,50,61,62,0,9,MODELED
CAR_WR_06,CAR,53,66,56,64,37,0,17,MODELED
CAR_WR_07,CAR,45,40,68,74,12,0,0,MODELED
CAR_WR_08,CAR,51,62,74,74,27,0,9,MODELED
CAR_WR_09,CAR,48,41,49,46,29,0,21,MODELED
CAR_WR_10,CAR,49,46,63,85,20,0,0,MODELED
CAR_WR_11,CAR,30,38,85,69,37,0,4,MODELED
CAR_TE_01,CAR,92,76,48,85,80,0,1,MODELED
CAR_TE_02,CAR,66,67,69,70,55,0,23,MODELED
CAR_TE_03,CAR,69,50,77,80,53,0,16,MODELED
CAR_TE_04,CAR,52,53,70,80,51,0,0,MODELED
CAR_TE_05,CAR,43,48,55,69,36,0,0,MODELED
CAR_TE_06,CAR,53,46,60,81,53,0,7,MODELED
CAR_OT_01,CAR,62,93,28,80,63,0,7,MODELED
CAR_OT_02,CAR,61,100,30,36,74,0,9,MODELED
CAR_OT_03,CAR,55,63,62,60,40,0,9,MODELED
CAR_OT_04,CAR,62,58,53,66,76,0,12,MODELED
CAR_OT_05,CAR,47,48,81,59,47,0,0,MODELED
CAR_OT_06,CAR,32,30,91,49,20,0,4,MODELED
CAR_OG_01,CAR,82,91,51,91,77,0,30,MODELED
CAR_OG_02,CAR,83,58,66,76,35,0,4,MODELED
CAR_OG_03,CAR,73,64,92,48,46,0,9,MODELED
CAR_OG_04,CAR,74,59,84,74,58,0,11,MODELED
CAR_OG_05,CAR,52,47,60,66,28,0,9,MODELED
CAR_OG_06,CAR,45,62,40,51,24,0,0,MODELED
CAR_C_01,CAR,100,86,30,82,76,0,0,MODELED
CAR_C_02,CAR,60,48,70,77,33,0,2,MODELED
CAR_C_03,CAR,27,60,40,73,46,0,15,MODELED
CAR_EDGE_01,CAR,79,85,54,77,94,0,18,MODELED
CAR_EDGE_02,CAR,82,100,54,73,42,0,17,MODELED
CAR_EDGE_03,CAR,45,42,58,55,14,0,12,MODELED
CAR_EDGE_04,CAR,62,66,97,67,54,0,16,MODELED
CAR_EDGE_05,CAR,65,61,71,51,66,0,10,MODELED
CAR_EDGE_06,CAR,57,40,72,41,64,0,21,MODELED
CAR_EDGE_07,CAR,44,47,74,62,42,0,0,MODELED
CAR_EDGE_08,CAR,25,34,58,48,7,0,0,MODELED
CAR_EDGE_09,CAR,39,42,40,50,21,0,4,MODELED
CAR_DT_01,CAR,78,92,74,59,82,0,12,MODELED
CAR_DT_02,CAR,78,86,37,66,61,0,2,MODELED
CAR_DT_03,CAR,51,77,41,64,47,0,18,MODELED
CAR_DT_04,CAR,74,73,31,89,40,0,20,MODELED
CAR_DT_05,CAR,77,59,75,53,1,0,5,MODELED
CAR_DT_06,CAR,55,45,61,85,30,0,6,MODELED
CAR_DT_07,CAR,48,50,89,69,26,0,3,MODELED
CAR_DT_08,CAR,57,40,60,60,10,0,1,MODELED
CAR_LB_01,CAR,71,58,62,55,47,0,24,MODELED
CAR_LB_02,CAR,80,91,38,91,62,0,14,MODELED
CAR_LB_03,CAR,67,56,48,70,65,0,7,MODELED
CAR_LB_04,CAR,61,44,52,90,75,0,12,MODELED
CAR_LB_05,CAR,60,48,58,71,40,0,0,MODELED
CAR_LB_06,CAR,46,51,49,83,7,0,14,MODELED
CAR_LB_07,CAR,32,63,69,63,27,0,1,MODELED
CAR_LB_08,CAR,47,58,47,68,1,0,4,MODELED
CAR_CB_01,CAR,73,81,45,78,70,0,0,MODELED
CAR_CB_02,CAR,65,61,55,74,56,0,0,MODELED
CAR_CB_03,CAR,88,67,71,62,83,0,11,MODELED
CAR_CB_04,CAR,63,45,51,85,48,0,10,MODELED
CAR_CB_05,CAR,65,67,68,85,49,0,9,MODELED
CAR_CB_06,CAR,52,82,41,84,39,0,2,MODELED
CAR_CB_07,CAR,61,37,52,48,39,0,16,MODELED
CAR_CB_08,CAR,58,41,34,65,24,0,8,MODELED
CAR_CB_09,CAR,37,52,75,81,15,0,16,MODELED
CAR_CB_10,CAR,50,36,73,35,33,0,19,MODELED
CAR_CB_11,CAR,41,50,72,94,35,0,21,MODELED
CAR_S_01,CAR,86,93,55,72,49,0,17,MODELED
CAR_S_02,CAR,67,67,53,64,64,0,10,MODELED
CAR_S_03,CAR,61,65,61,56,54,0,1,MODELED
CAR_S_04,CAR,58,79,55,76,51,0,4,MODELED
CAR_S_05,CAR,57,65,68,68,47,0,4,MODELED
CAR_S_06,CAR,51,57,67,83,1,0,19,MODELED
CAR_S_07,CAR,29,44,77,94,24,0,13,MODELED
CAR_K_01,CAR,80,100,42,77,71,0,8,MODELED
CAR_K_02,CAR,74,49,62,59,35,0,20,MODELED
CAR_P_01,CAR,81,82,48,73,71,0,9,MODELED
CAR_P_02,CAR,50,48,40,71,32,0,8,MODELED
CAR_LS_01,CAR,100,56,61,61,39,0,20,MODELED
NO_QB_01,NO,77,97,63,58,53,0,35,MODELED
NO_QB_02,NO,59,53,80,66,46,0,7,MODELED
NO_QB_03,NO,58,61,61,39,32,0,4,MODELED
NO_QB_04,NO,30,49,55,43,13,0,10,MODELED
NO_RB_01,NO,69,83,56,81,66,0,0,MODELED
NO_RB_02,NO,59,56,72,64,61,0,3,MODELED
NO_RB_03,NO,68,68,44,55,67,0,0,MODELED
NO_RB_04,NO,45,48,77,62,36,0,10,MODELED
NO_RB_05,NO,51,43,89,71,24,0,18,MODELED
NO_FB_01,NO,84,68,81,70,53,0,13,MODELED
NO_WR_01,NO,96,44,67,62,57,0,6,MODELED
NO_WR_02,NO,86,81,51,72,83,0,10,MODELED
NO_WR_03,NO,79,77,84,54,73,0,0,MODELED
NO_WR_04,NO,54,80,85,67,31,0,15,MODELED
NO_WR_05,NO,63,75,55,73,36,0,0,MODELED
NO_WR_06,NO,55,73,79,88,45,0,1,MODELED
NO_WR_07,NO,64,58,78,73,78,0,12,MODELED
NO_WR_08,NO,49,53,43,57,35,0,6,MODELED
NO_WR_09,NO,42,63,76,64,38,0,8,MODELED
NO_WR_10,NO,35,62,68,47,18,0,3,MODELED
NO_WR_11,NO,44,36,61,62,31,0,5,MODELED
NO_TE_01,NO,97,75,64,63,38,0,15,MODELED
NO_TE_02,NO,79,47,75,81,35,0,14,MODELED
NO_TE_03,NO,43,67,64,80,34,0,0,MODELED
NO_TE_04,NO,52,18,78,75,16,0,6,MODELED
NO_TE_05,NO,36,44,91,71,22,0,14,MODELED
NO_TE_06,NO,60,65,77,94,39,0,3,MODELED
NO_OT_01,NO,100,89,64,70,85,0,0,MODELED
NO_OT_02,NO,84,76,49,49,69,0,7,MODELED
NO_OT_03,NO,56,66,75,81,51,0,9,MODELED
NO_OT_04,NO,63,92,65,75,100,0,3,MODELED
NO_OT_05,NO,71,66,74,60,44,0,11,MODELED
NO_OT_06,NO,36,56,76,63,14,0,5,MODELED
NO_OG_01,NO,64,55,54,73,83,0,4,MODELED
NO_OG_02,NO,63,95,40,59,39,0,12,MODELED
NO_OG_03,NO,74,63,63,85,33,0,1,MODELED
NO_OG_04,NO,64,62,65,44,71,0,0,MODELED
NO_OG_05,NO,60,36,37,45,49,0,6,MODELED
NO_OG_06,NO,28,33,98,76,11,0,15,MODELED
NO_C_01,NO,94,94,26,57,100,0,8,MODELED
NO_C_02,NO,73,56,43,68,52,0,5,MODELED
NO_C_03,NO,53,48,55,57,26,0,8,MODELED
NO_EDGE_01,NO,68,93,48,93,77,0,16,MODELED
NO_EDGE_02,NO,52,64,71,77,86,0,22,MODELED
NO_EDGE_03,NO,74,87,65,58,30,0,14,MODELED
NO_EDGE_04,NO,64,54,53,79,26,0,13,MODELED
NO_EDGE_05,NO,57,61,63,36,30,0,0,MODELED
NO_EDGE_06,NO,22,45,52,51,32,0,7,MODELED
NO_EDGE_07,NO,59,63,76,88,37,0,0,MODELED
NO_EDGE_08,NO,54,24,40,66,43,0,18,MODELED
NO_EDGE_09,NO,42,36,54,66,18,0,22,MODELED
NO_DT_01,NO,58,70,66,49,46,0,5,MODELED
NO_DT_02,NO,81,79,72,68,56,0,6,MODELED
NO_DT_03,NO,68,74,75,30,30,0,2,MODELED
NO_DT_04,NO,54,50,82,63,49,0,5,MODELED
NO_DT_05,NO,76,57,63,48,16,0,0,MODELED
NO_DT_06,NO,67,60,81,56,39,0,0,MODELED
NO_DT_07,NO,40,49,64,52,7,0,0,MODELED
NO_DT_08,NO,45,52,45,66,29,0,26,MODELED
NO_LB_01,NO,100,79,34,57,58,0,14,MODELED
NO_LB_02,NO,66,87,55,53,55,0,0,MODELED
NO_LB_03,NO,61,73,67,73,48,0,4,MODELED
NO_LB_04,NO,67,79,57,60,68,0,19,MODELED
NO_LB_05,NO,62,57,40,46,81,0,1,MODELED
NO_LB_06,NO,35,41,56,67,25,0,6,MODELED
NO_LB_07,NO,53,56,54,48,37,0,0,MODELED
NO_LB_08,NO,50,59,52,74,32,0,11,MODELED
NO_CB_01,NO,75,84,59,99,78,0,21,MODELED
NO_CB_02,NO,66,78,65,67,57,0,17,MODELED
NO_CB_03,NO,79,81,62,68,78,0,4,MODELED
NO_CB_04,NO,67,70,50,57,62,0,13,MODELED
NO_CB_05,NO,57,61,58,74,42,0,10,MODELED
NO_CB_06,NO,66,59,46,61,57,0,10,MODELED
NO_CB_07,NO,64,80,79,49,52,0,14,MODELED
NO_CB_08,NO,34,72,54,48,54,0,0,MODELED
NO_CB_09,NO,48,34,70,65,1,0,9,MODELED
NO_CB_10,NO,57,43,49,73,35,0,1,MODELED
NO_CB_11,NO,44,33,77,78,46,0,6,MODELED
NO_S_01,NO,97,100,86,78,50,0,9,MODELED
NO_S_02,NO,77,80,66,40,61,0,5,MODELED
NO_S_03,NO,53,70,63,70,39,0,7,MODELED
NO_S_04,NO,66,34,56,40,32,0,9,MODELED
NO_S_05,NO,27,16,39,45,54,0,8,MODELED
NO_S_06,NO,32,63,67,84,22,0,16,MODELED
NO_S_07,NO,64,42,85,73,22,0,1,MODELED
NO_K_01,NO,71,73,72,51,16,0,19,MODELED
NO_K_02,NO,40,60,72,39,33,0,0,MODELED
NO_P_01,NO,62,89,70,64,30,0,10,MODELED
NO_P_02,NO,40,46,78,66,40,0,7,MODELED
NO_LS_01,NO,95,89,58,78,48,0,8,MODELED
TB_QB_01,TB,84,74,37,94,88,0,0,MODELED
TB_QB_02,TB,44,77,72,78,55,0,3,MODELED
TB_QB_03,TB,39,70,68,69,9,0,12,MODELED
TB_QB_04,TB,44,22,57,70,25,0,0,MODELED
TB_RB_01,TB,63,88,32,71,49,0,3,MODELED
TB_RB_02,TB,77,59,47,58,68,0,2,MODELED
TB_RB_03,TB,78,76,63,59,45,0,2,MODELED
TB_RB_04,TB,45,73,66,79,26,0,20,MODELED
TB_RB_05,TB,57,59,78,72,19,0,9,MODELED
TB_FB_01,TB,78,96,58,78,47,0,9,MODELED
TB_WR_01,TB,77,66,40,68,67,0,16,MODELED
TB_WR_02,TB,59,89,74,62,24,0,21,MODELED
TB_WR_03,TB,99,88,65,26,59,0,3,MODELED
TB_WR_04,TB,64,64,66,73,21,0,12,MODELED
TB_WR_05,TB,65,75,65,57,22,0,0,MODELED
TB_WR_06,TB,66,64,36,54,31,0,0,MODELED
TB_WR_07,TB,57,37,66,56,49,0,14,MODELED
TB_WR_08,TB,59,40,59,57,31,0,8,MODELED
TB_WR_09,TB,44,31,56,49,13,0,8,MODELED
TB_WR_10,TB,40,38,87,74,1,0,25,MODELED
TB_WR_11,TB,22,47,52,68,41,0,18,MODELED
TB_TE_01,TB,100,81,28,72,46,0,16,MODELED
TB_TE_02,TB,69,72,47,52,19,0,32,MODELED
TB_TE_03,TB,74,60,59,66,64,0,0,MODELED
TB_TE_04,TB,59,47,60,53,56,0,17,MODELED
TB_TE_05,TB,27,32,76,32,1,0,17,MODELED
TB_TE_06,TB,44,67,94,56,1,0,0,MODELED
TB_OT_01,TB,80,68,58,51,80,0,6,MODELED
TB_OT_02,TB,62,87,50,73,94,0,0,MODELED
TB_OT_03,TB,82,45,46,59,48,0,10,MODELED
TB_OT_04,TB,82,80,69,86,51,0,8,MODELED
TB_OT_05,TB,72,5,79,71,35,0,18,MODELED
TB_OT_06,TB,35,50,99,45,38,0,15,MODELED
TB_OG_01,TB,74,100,93,27,56,0,6,MODELED
TB_OG_02,TB,71,73,79,85,23,0,9,MODELED
TB_OG_03,TB,66,69,55,75,44,0,21,MODELED
TB_OG_04,TB,73,80,82,35,68,0,20,MODELED
TB_OG_05,TB,45,55,30,91,39,0,1,MODELED
TB_OG_06,TB,29,45,64,65,27,0,21,MODELED
TB_C_01,TB,82,88,53,68,56,0,0,MODELED
TB_C_02,TB,60,54,53,69,39,0,1,MODELED
TB_C_03,TB,69,49,97,56,17,0,0,MODELED
TB_EDGE_01,TB,89,86,46,39,61,0,7,MODELED
TB_EDGE_02,TB,85,96,54,99,68,0,25,MODELED
TB_EDGE_03,TB,49,73,60,55,54,0,15,MODELED
TB_EDGE_04,TB,79,49,34,57,39,0,12,MODELED
TB_EDGE_05,TB,66,72,75,58,68,0,14,MODELED
TB_EDGE_06,TB,47,65,66,52,41,0,0,MODELED
TB_EDGE_07,TB,63,60,95,75,18,0,6,MODELED
TB_EDGE_08,TB,41,51,100,50,15,0,1,MODELED
TB_EDGE_09,TB,65,43,61,55,1,0,7,MODELED
TB_DT_01,TB,100,87,61,44,51,0,0,MODELED
TB_DT_02,TB,88,71,47,85,75,0,2,MODELED
TB_DT_03,TB,70,67,41,92,82,0,12,MODELED
TB_DT_04,TB,54,73,69,78,51,0,5,MODELED
TB_DT_05,TB,85,44,54,82,51,0,0,MODELED
TB_DT_06,TB,58,44,75,68,53,0,8,MODELED
TB_DT_07,TB,36,53,70,88,21,0,5,MODELED
TB_DT_08,TB,24,31,79,80,16,0,14,MODELED
TB_LB_01,TB,57,100,71,43,55,0,21,MODELED
TB_LB_02,TB,82,79,46,86,53,0,17,MODELED
TB_LB_03,TB,81,70,94,93,45,0,0,MODELED
TB_LB_04,TB,53,58,67,67,53,0,4,MODELED
TB_LB_05,TB,66,81,53,55,32,0,22,MODELED
TB_LB_06,TB,44,53,88,92,41,0,20,MODELED
TB_LB_07,TB,28,31,73,80,15,0,7,MODELED
TB_LB_08,TB,40,41,75,56,18,0,15,MODELED
TB_CB_01,TB,94,79,59,88,83,0,0,MODELED
TB_CB_02,TB,83,100,40,61,84,0,23,MODELED
TB_CB_03,TB,68,87,74,63,93,0,23,MODELED
TB_CB_04,TB,90,72,63,54,62,0,20,MODELED
TB_CB_05,TB,86,60,71,69,58,0,9,MODELED
TB_CB_06,TB,63,78,30,81,76,0,4,MODELED
TB_CB_07,TB,54,56,56,66,29,0,18,MODELED
TB_CB_08,TB,59,55,65,54,7,0,22,MODELED
TB_CB_09,TB,54,55,87,87,29,0,3,MODELED
TB_CB_10,TB,25,35,68,78,11,0,0,MODELED
TB_CB_11,TB,15,36,78,36,22,0,22,MODELED
TB_S_01,TB,73,69,60,65,49,0,8,MODELED
TB_S_02,TB,59,98,35,63,62,0,9,MODELED
TB_S_03,TB,84,74,51,72,30,0,9,MODELED
TB_S_04,TB,66,65,64,73,49,0,7,MODELED
TB_S_05,TB,57,37,52,55,44,0,8,MODELED
TB_S_06,TB,51,27,42,59,45,0,7,MODELED
TB_S_07,TB,19,51,75,57,43,0,11,MODELED
TB_K_01,TB,74,87,68,52,53,0,0,MODELED
TB_K_02,TB,62,37,87,51,45,0,9,MODELED
TB_P_01,TB,82,96,65,78,53,0,0,MODELED
TB_P_02,TB,39,59,66,62,40,0,12,MODELED
TB_LS_01,TB,65,85,88,79,61,0,17,MODELED
ARI_QB_01,ARI,46,92,41,74,48,0,14,MODELED
ARI_QB_02,ARI,76,63,52,70,52,0,4,MODELED
ARI_QB_03,ARI,58,45,85,65,34,0,0,MODELED
ARI_QB_04,ARI,51,58,50,68,22,0,17,MODELED
ARI_RB_01,ARI,93,65,49,76,56,0,13,MODELED
ARI_RB_02,ARI,60,56,46,50,25,0,7,MODELED
ARI_RB_03,ARI,58,45,60,42,25,0,6,MODELED
ARI_RB_04,ARI,42,55,72,50,27,0,19,MODELED
ARI_RB_05,ARI,50,50,63,73,28,0,4,MODELED
ARI_FB_01,ARI,52,66,74,63,33,0,0,MODELED
ARI_WR_01,ARI,82,66,62,58,48,0,2,MODELED
ARI_WR_02,ARI,77,76,67,71,56,0,0,MODELED
ARI_WR_03,ARI,74,89,72,82,40,0,14,MODELED
ARI_WR_04,ARI,80,69,48,79,63,0,20,MODELED
ARI_WR_05,ARI,63,55,70,71,22,0,9,MODELED
ARI_WR_06,ARI,60,66,78,76,30,0,10,MODELED
ARI_WR_07,ARI,52,59,62,43,16,0,2,MODELED
ARI_WR_08,ARI,42,52,74,56,23,0,12,MODELED
ARI_WR_09,ARI,31,55,88,65,1,0,0,MODELED
ARI_WR_10,ARI,53,29,78,59,45,0,14,MODELED
ARI_WR_11,ARI,29,47,59,75,3,0,20,MODELED
ARI_TE_01,ARI,63,72,45,65,48,0,0,MODELED
ARI_TE_02,ARI,69,74,54,73,32,0,3,MODELED
ARI_TE_03,ARI,70,90,49,40,66,0,6,MODELED
ARI_TE_04,ARI,68,53,54,69,1,0,8,MODELED
ARI_TE_05,ARI,56,44,47,47,34,0,18,MODELED
ARI_TE_06,ARI,54,55,71,76,22,0,7,MODELED
ARI_OT_01,ARI,97,76,42,57,76,0,12,MODELED
ARI_OT_02,ARI,75,80,47,53,39,0,12,MODELED
ARI_OT_03,ARI,86,70,72,45,77,0,2,MODELED
ARI_OT_04,ARI,55,63,45,66,50,0,2,MODELED
ARI_OT_05,ARI,34,53,69,62,26,0,3,MODELED
ARI_OT_06,ARI,50,44,63,79,1,0,11,MODELED
ARI_OG_01,ARI,72,90,54,66,47,0,4,MODELED
ARI_OG_02,ARI,67,81,60,61,48,0,14,MODELED
ARI_OG_03,ARI,52,67,86,80,15,0,0,MODELED
ARI_OG_04,ARI,69,78,68,61,28,0,14,MODELED
ARI_OG_05,ARI,56,56,30,64,60,0,3,MODELED
ARI_OG_06,ARI,52,60,54,72,23,0,16,MODELED
ARI_C_01,ARI,65,87,68,84,54,0,0,MODELED
ARI_C_02,ARI,80,57,48,75,33,0,14,MODELED
ARI_C_03,ARI,40,52,82,62,27,0,0,MODELED
ARI_EDGE_01,ARI,83,90,50,80,73,0,3,MODELED
ARI_EDGE_02,ARI,95,72,46,77,88,0,5,MODELED
ARI_EDGE_03,ARI,67,80,53,63,64,0,10,MODELED
ARI_EDGE_04,ARI,69,71,30,78,32,0,0,MODELED
ARI_EDGE_05,ARI,70,73,74,56,31,0,20,MODELED
ARI_EDGE_06,ARI,66,45,54,70,43,0,2,MODELED
ARI_EDGE_07,ARI,49,76,82,79,21,0,8,MODELED
ARI_EDGE_08,ARI,46,51,50,59,24,0,10,MODELED
ARI_EDGE_09,ARI,54,34,69,74,16,0,15,MODELED
ARI_DT_01,ARI,76,94,100,41,72,0,2,MODELED
ARI_DT_02,ARI,58,100,91,68,39,0,8,MODELED
ARI_DT_03,ARI,64,85,63,62,45,0,27,MODELED
ARI_DT_04,ARI,66,75,55,46,44,0,0,MODELED
ARI_DT_05,ARI,66,55,58,97,31,0,15,MODELED
ARI_DT_06,ARI,46,65,91,50,35,0,6,MODELED
ARI_DT_07,ARI,36,24,82,56,23,0,20,MODELED
ARI_DT_08,ARI,45,38,66,63,25,0,11,MODELED
ARI_LB_01,ARI,88,78,79,72,46,0,7,MODELED
ARI_LB_02,ARI,97,80,72,81,68,0,0,MODELED
ARI_LB_03,ARI,62,66,91,56,19,0,11,MODELED
ARI_LB_04,ARI,61,63,95,39,24,0,0,MODELED
ARI_LB_05,ARI,53,59,51,45,58,0,0,MODELED
ARI_LB_06,ARI,35,44,54,80,34,0,5,MODELED
ARI_LB_07,ARI,37,36,69,49,11,0,21,MODELED
ARI_LB_08,ARI,32,42,68,53,2,0,0,MODELED
ARI_CB_01,ARI,78,74,56,94,88,0,0,MODELED
ARI_CB_02,ARI,95,85,60,56,91,0,19,MODELED
ARI_CB_03,ARI,63,70,44,59,66,0,0,MODELED
ARI_CB_04,ARI,70,83,69,63,60,0,11,MODELED
ARI_CB_05,ARI,59,91,74,68,24,0,6,MODELED
ARI_CB_06,ARI,52,81,46,59,33,0,0,MODELED
ARI_CB_07,ARI,59,48,80,48,4,0,14,MODELED
ARI_CB_08,ARI,62,89,50,67,38,0,10,MODELED
ARI_CB_09,ARI,42,60,73,58,27,0,32,MODELED
ARI_CB_10,ARI,20,49,78,90,32,0,1,MODELED
ARI_CB_11,ARI,51,59,64,55,32,0,19,MODELED
ARI_S_01,ARI,77,88,77,86,60,0,0,MODELED
ARI_S_02,ARI,96,91,25,55,51,0,7,MODELED
ARI_S_03,ARI,62,74,74,73,40,0,12,MODELED
ARI_S_04,ARI,55,59,67,72,50,0,0,MODELED
ARI_S_05,ARI,52,63,43,93,40,0,0,MODELED
ARI_S_06,ARI,22,33,91,69,18,0,11,MODELED
ARI_S_07,ARI,37,53,75,56,16,0,8,MODELED
ARI_K_01,ARI,77,76,81,58,47,0,23,MODELED
ARI_K_02,ARI,64,51,68,65,53,0,20,MODELED
ARI_P_01,ARI,81,75,61,73,42,0,11,MODELED
ARI_P_02,ARI,40,57,57,49,11,0,10,MODELED
ARI_LS_01,ARI,82,88,48,45,62,0,0,MODELED
LAR_QB_01,LAR,84,85,31,74,62,0,20,MODELED
LAR_QB_02,LAR,58,82,32,80,28,0,10,MODELED
LAR_QB_03,LAR,53,61,63,69,44,0,3,MODELED
LAR_QB_04,LAR,37,50,50,56,12,0,20,MODELED
LAR_RB_01,LAR,77,83,49,71,46,0,8,MODELED
LAR_RB_02,LAR,73,57,80,42,20,0,8,MODELED
LAR_RB_03,LAR,67,49,71,72,55,0,14,MODELED
LAR_RB_04,LAR,76,74,73,98,43,0,18,MODELED
LAR_RB_05,LAR,45,42,56,63,50,0,0,MODELED
LAR_FB_01,LAR,74,98,60,45,48,0,5,MODELED
LAR_WR_01,LAR,73,73,58,44,52,0,23,MODELED
LAR_WR_02,LAR,87,73,63,61,82,0,8,MODELED
LAR_WR_03,LAR,95,90,40,68,54,0,6,MODELED
LAR_WR_04,LAR,67,51,45,72,17,0,15,MODELED
LAR_WR_05,LAR,66,87,85,67,53,0,3,MODELED
LAR_WR_06,LAR,69,53,73,58,48,0,23,MODELED
LAR_WR_07,LAR,30,50,51,61,36,0,13,MODELED
LAR_WR_08,LAR,50,44,52,65,37,0,0,MODELED
LAR_WR_09,LAR,53,41,70,41,15,0,0,MODELED
LAR_WR_10,LAR,56,58,68,75,30,0,5,MODELED
LAR_WR_11,LAR,54,36,67,58,22,0,4,MODELED
LAR_TE_01,LAR,65,82,86,65,57,0,0,MODELED
LAR_TE_02,LAR,66,69,49,58,28,0,17,MODELED
LAR_TE_03,LAR,76,69,74,65,27,0,10,MODELED
LAR_TE_04,LAR,58,50,85,77,22,0,0,MODELED
LAR_TE_05,LAR,59,42,63,50,38,0,19,MODELED
LAR_TE_06,LAR,27,43,88,57,29,0,9,MODELED
LAR_OT_01,LAR,78,68,62,75,49,0,16,MODELED
LAR_OT_02,LAR,89,89,94,84,59,0,2,MODELED
LAR_OT_03,LAR,76,56,79,74,49,0,6,MODELED
LAR_OT_04,LAR,53,67,57,60,44,0,11,MODELED
LAR_OT_05,LAR,48,78,87,56,32,0,0,MODELED
LAR_OT_06,LAR,43,41,67,77,31,0,0,MODELED
LAR_OG_01,LAR,77,83,60,77,70,0,0,MODELED
LAR_OG_02,LAR,88,95,53,58,42,0,6,MODELED
LAR_OG_03,LAR,61,68,32,55,68,0,14,MODELED
LAR_OG_04,LAR,64,65,63,40,1,0,26,MODELED
LAR_OG_05,LAR,35,47,67,69,36,0,0,MODELED
LAR_OG_06,LAR,35,59,70,85,39,0,13,MODELED
LAR_C_01,LAR,93,82,62,85,62,0,16,MODELED
LAR_C_02,LAR,63,66,51,67,44,0,11,MODELED
LAR_C_03,LAR,48,48,89,46,12,0,5,MODELED
LAR_EDGE_01,LAR,70,80,38,67,51,0,0,MODELED
LAR_EDGE_02,LAR,75,76,61,68,29,0,8,MODELED
LAR_EDGE_03,LAR,74,81,71,56,47,0,9,MODELED
LAR_EDGE_04,LAR,62,58,84,73,56,0,15,MODELED
LAR_EDGE_05,LAR,80,79,57,56,41,0,0,MODELED
LAR_EDGE_06,LAR,56,37,62,58,67,0,3,MODELED
LAR_EDGE_07,LAR,42,51,74,81,31,0,7,MODELED
LAR_EDGE_08,LAR,22,59,71,62,10,0,7,MODELED
LAR_EDGE_09,LAR,49,58,68,57,39,0,17,MODELED
LAR_DT_01,LAR,80,96,74,69,86,0,0,MODELED
LAR_DT_02,LAR,83,82,51,68,74,0,0,MODELED
LAR_DT_03,LAR,85,74,47,54,57,0,0,MODELED
LAR_DT_04,LAR,53,49,60,60,45,0,9,MODELED
LAR_DT_05,LAR,85,65,45,37,63,0,0,MODELED
LAR_DT_06,LAR,43,85,49,72,50,0,7,MODELED
LAR_DT_07,LAR,52,51,65,62,35,0,8,MODELED
LAR_DT_08,LAR,45,55,45,60,42,0,0,MODELED
LAR_LB_01,LAR,77,56,36,49,75,0,9,MODELED
LAR_LB_02,LAR,77,72,48,45,90,0,0,MODELED
LAR_LB_03,LAR,58,77,42,92,65,0,3,MODELED
LAR_LB_04,LAR,81,73,46,72,33,0,13,MODELED
LAR_LB_05,LAR,53,62,88,70,28,0,16,MODELED
LAR_LB_06,LAR,36,34,73,67,32,0,0,MODELED
LAR_LB_07,LAR,38,52,65,67,32,0,0,MODELED
LAR_LB_08,LAR,47,31,94,45,43,0,11,MODELED
LAR_CB_01,LAR,64,100,36,67,67,0,20,MODELED
LAR_CB_02,LAR,63,78,51,64,71,0,5,MODELED
LAR_CB_03,LAR,54,94,48,83,63,0,4,MODELED
LAR_CB_04,LAR,54,53,67,35,56,0,25,MODELED
LAR_CB_05,LAR,59,61,69,66,25,0,0,MODELED
LAR_CB_06,LAR,46,67,77,39,78,0,5,MODELED
LAR_CB_07,LAR,46,32,50,58,36,0,14,MODELED
LAR_CB_08,LAR,55,32,63,60,58,0,5,MODELED
LAR_CB_09,LAR,40,65,89,83,38,0,13,MODELED
LAR_CB_10,LAR,41,39,63,65,61,0,10,MODELED
LAR_CB_11,LAR,47,50,89,88,37,0,18,MODELED
LAR_S_01,LAR,81,70,63,67,70,0,0,MODELED
LAR_S_02,LAR,81,78,48,99,55,0,12,MODELED
LAR_S_03,LAR,63,64,86,82,41,0,0,MODELED
LAR_S_04,LAR,84,73,67,74,45,0,9,MODELED
LAR_S_05,LAR,37,66,52,73,52,0,15,MODELED
LAR_S_06,LAR,32,35,81,65,32,0,3,MODELED
LAR_S_07,LAR,34,57,73,60,20,0,9,MODELED
LAR_K_01,LAR,59,66,67,65,51,0,2,MODELED
LAR_K_02,LAR,51,27,45,58,16,0,0,MODELED
LAR_P_01,LAR,93,89,86,70,48,0,8,MODELED
LAR_P_02,LAR,51,55,65,68,47,0,1,MODELED
LAR_LS_01,LAR,69,94,70,95,61,0,5,MODELED
SF_QB_01,SF,84,91,62,68,54,0,3,MODELED
SF_QB_02,SF,77,78,67,76,41,0,11,MODELED
SF_QB_03,SF,45,73,45,81,35,0,2,MODELED
SF_QB_04,SF,62,58,57,81,5,0,24,MODELED
SF_RB_01,SF,100,64,54,66,66,0,0,MODELED
SF_RB_02,SF,61,61,63,56,52,0,0,MODELED
SF_RB_03,SF,71,70,95,69,33,0,0,MODELED
SF_RB_04,SF,48,42,81,100,38,0,1,MODELED
SF_RB_05,SF,46,31,73,74,34,0,17,MODELED
SF_FB_01,SF,71,76,68,83,68,0,0,MODELED
SF_WR_01,SF,73,77,55,68,50,0,19,MODELED
SF_WR_02,SF,86,82,71,62,55,0,17,MODELED
SF_WR_03,SF,88,86,79,34,55,0,10,MODELED
SF_WR_04,SF,66,90,77,57,27,0,20,MODELED
SF_WR_05,SF,89,77,62,54,53,0,10,MODELED
SF_WR_06,SF,55,70,80,71,54,0,12,MODELED
SF_WR_07,SF,35,34,100,48,51,0,16,MODELED
SF_WR_08,SF,52,38,50,67,38,0,1,MODELED
SF_WR_09,SF,37,49,73,72,2,0,22,MODELED
SF_WR_10,SF,59,45,41,63,18,0,4,MODELED
SF_WR_11,SF,67,33,46,54,2,0,12,MODELED
SF_TE_01,SF,84,80,41,69,61,0,13,MODELED
SF_TE_02,SF,56,65,60,95,58,0,8,MODELED
SF_TE_03,SF,70,81,61,80,73,0,17,MODELED
SF_TE_04,SF,59,39,75,44,26,0,12,MODELED
SF_TE_05,SF,31,38,90,49,30,0,0,MODELED
SF_TE_06,SF,56,47,60,54,40,0,25,MODELED
SF_OT_01,SF,99,90,51,66,76,0,3,MODELED
SF_OT_02,SF,99,81,66,83,70,0,1,MODELED
SF_OT_03,SF,49,51,63,67,52,0,6,MODELED
SF_OT_04,SF,67,47,67,53,53,0,7,MODELED
SF_OT_05,SF,51,45,79,62,33,0,11,MODELED
SF_OT_06,SF,61,34,54,63,46,0,2,MODELED
SF_OG_01,SF,84,92,42,59,67,0,0,MODELED
SF_OG_02,SF,64,85,52,74,58,0,0,MODELED
SF_OG_03,SF,70,28,50,73,32,0,12,MODELED
SF_OG_04,SF,58,54,67,82,53,0,0,MODELED
SF_OG_05,SF,64,49,52,60,39,0,0,MODELED
SF_OG_06,SF,41,40,66,67,62,0,20,MODELED
SF_C_01,SF,49,76,64,54,66,0,2,MODELED
SF_C_02,SF,50,63,57,78,38,0,0,MODELED
SF_C_03,SF,42,34,56,60,35,0,32,MODELED
SF_EDGE_01,SF,98,92,63,73,62,0,11,MODELED
SF_EDGE_02,SF,88,91,61,77,42,0,9,MODELED
SF_EDGE_03,SF,69,64,54,71,59,0,6,MODELED
SF_EDGE_04,SF,59,86,68,75,41,0,17,MODELED
SF_EDGE_05,SF,65,59,68,69,44,0,9,MODELED
SF_EDGE_06,SF,60,29,55,74,29,0,0,MODELED
SF_EDGE_07,SF,62,53,74,49,32,0,4,MODELED
SF_EDGE_08,SF,20,32,64,66,26,0,15,MODELED
SF_EDGE_09,SF,51,31,65,71,33,0,35,MODELED
SF_DT_01,SF,68,77,85,60,95,0,0,MODELED
SF_DT_02,SF,82,94,65,63,66,0,0,MODELED
SF_DT_03,SF,80,51,48,60,73,0,0,MODELED
SF_DT_04,SF,64,76,70,90,90,0,0,MODELED
SF_DT_05,SF,66,63,70,72,29,0,17,MODELED
SF_DT_06,SF,40,37,55,65,18,0,12,MODELED
SF_DT_07,SF,27,58,71,60,27,0,8,MODELED
SF_DT_08,SF,37,42,53,61,16,0,9,MODELED
SF_LB_01,SF,92,74,65,52,75,0,12,MODELED
SF_LB_02,SF,81,88,57,80,44,0,0,MODELED
SF_LB_03,SF,34,60,86,59,28,0,2,MODELED
SF_LB_04,SF,50,61,74,83,45,0,0,MODELED
SF_LB_05,SF,87,68,74,48,6,0,3,MODELED
SF_LB_06,SF,62,63,51,72,26,0,6,MODELED
SF_LB_07,SF,22,33,56,71,13,0,9,MODELED
SF_LB_08,SF,34,46,81,75,7,0,21,MODELED
SF_CB_01,SF,64,68,57,75,71,0,0,MODELED
SF_CB_02,SF,92,75,58,46,100,0,10,MODELED
SF_CB_03,SF,98,97,46,89,82,0,2,MODELED
SF_CB_04,SF,61,78,46,67,31,0,17,MODELED
SF_CB_05,SF,62,71,64,46,62,0,7,MODELED
SF_CB_06,SF,58,77,77,69,78,0,2,MODELED
SF_CB_07,SF,58,28,75,60,62,0,0,MODELED
SF_CB_08,SF,74,54,96,92,46,0,2,MODELED
SF_CB_09,SF,48,50,99,51,31,0,6,MODELED
SF_CB_10,SF,42,65,67,72,14,0,0,MODELED
SF_CB_11,SF,19,47,59,70,8,0,14,MODELED
SF_S_01,SF,98,63,54,96,94,0,3,MODELED
SF_S_02,SF,70,84,40,70,61,0,0,MODELED
SF_S_03,SF,63,74,58,67,33,0,14,MODELED
SF_S_04,SF,64,73,75,62,65,0,8,MODELED
SF_S_05,SF,67,48,84,71,39,0,2,MODELED
SF_S_06,SF,28,49,64,27,26,0,11,MODELED
SF_S_07,SF,49,58,45,61,39,0,8,MODELED
SF_K_01,SF,85,79,62,39,35,0,13,MODELED
SF_K_02,SF,36,51,33,69,17,0,0,MODELED
SF_P_01,SF,75,53,88,58,43,0,0,MODELED
SF_P_02,SF,46,37,87,61,1,0,0,MODELED
SF_LS_01,SF,92,95,79,69,70,0,0,MODELED
SEA_QB_01,SEA,63,78,53,69,67,0,4,MODELED
SEA_QB_02,SEA,50,84,76,47,48,0,3,MODELED
SEA_QB_03,SEA,51,57,80,61,51,0,3,MODELED
SEA_QB_04,SEA,29,41,52,79,19,0,8,MODELED
SEA_RB_01,SEA,81,77,89,65,74,0,21,MODELED
SEA_RB_02,SEA,56,65,67,53,28,0,0,MODELED
SEA_RB_03,SEA,63,85,56,35,60,0,0,MODELED
SEA_RB_04,SEA,61,63,79,83,30,0,4,MODELED
SEA_RB_05,SEA,46,38,49,79,19,0,4,MODELED
SEA_FB_01,SEA,92,71,72,48,76,0,5,MODELED
SEA_WR_01,SEA,94,69,60,76,34,0,0,MODELED
SEA_WR_02,SEA,94,79,77,64,67,0,0,MODELED
SEA_WR_03,SEA,98,70,78,58,39,0,5,MODELED
SEA_WR_04,SEA,54,69,67,54,92,0,10,MODELED
SEA_WR_05,SEA,53,51,65,61,54,0,30,MODELED
SEA_WR_06,SEA,74,71,81,67,54,0,18,MODELED
SEA_WR_07,SEA,38,57,80,86,13,0,22,MODELED
SEA_WR_08,SEA,46,45,72,84,61,0,9,MODELED
SEA_WR_09,SEA,24,27,62,68,23,0,0,MODELED
SEA_WR_10,SEA,52,37,76,100,37,0,13,MODELED
SEA_WR_11,SEA,49,52,69,41,10,0,3,MODELED
SEA_TE_01,SEA,99,88,47,77,42,0,22,MODELED
SEA_TE_02,SEA,58,55,49,71,37,0,8,MODELED
SEA_TE_03,SEA,96,54,86,73,31,0,8,MODELED
SEA_TE_04,SEA,40,37,67,78,11,0,7,MODELED
SEA_TE_05,SEA,44,26,80,73,22,0,6,MODELED
SEA_TE_06,SEA,51,42,83,50,23,0,11,MODELED
SEA_OT_01,SEA,100,84,55,72,79,0,12,MODELED
SEA_OT_02,SEA,70,85,64,68,77,0,31,MODELED
SEA_OT_03,SEA,51,49,29,54,39,0,1,MODELED
SEA_OT_04,SEA,65,62,55,76,70,0,16,MODELED
SEA_OT_05,SEA,51,48,82,63,59,0,22,MODELED
SEA_OT_06,SEA,51,75,64,51,27,0,9,MODELED
SEA_OG_01,SEA,73,100,79,67,43,0,15,MODELED
SEA_OG_02,SEA,73,100,68,74,57,0,23,MODELED
SEA_OG_03,SEA,64,59,45,48,49,0,0,MODELED
SEA_OG_04,SEA,58,80,59,62,33,0,6,MODELED
SEA_OG_05,SEA,67,66,57,52,31,0,0,MODELED
SEA_OG_06,SEA,48,57,47,69,45,0,11,MODELED
SEA_C_01,SEA,94,68,88,59,73,0,1,MODELED
SEA_C_02,SEA,67,70,52,54,53,0,3,MODELED
SEA_C_03,SEA,66,49,87,56,32,0,9,MODELED
SEA_EDGE_01,SEA,100,73,63,43,42,0,1,MODELED
SEA_EDGE_02,SEA,83,79,44,55,53,0,13,MODELED
SEA_EDGE_03,SEA,64,54,68,40,62,0,8,MODELED
SEA_EDGE_04,SEA,83,74,59,78,49,0,13,MODELED
SEA_EDGE_05,SEA,79,68,48,64,26,0,16,MODELED
SEA_EDGE_06,SEA,44,50,41,59,19,0,11,MODELED
SEA_EDGE_07,SEA,58,53,68,75,11,0,11,MODELED
SEA_EDGE_08,SEA,54,47,67,67,38,0,0,MODELED
SEA_EDGE_09,SEA,69,39,63,91,29,0,12,MODELED
SEA_DT_01,SEA,85,90,80,75,42,0,13,MODELED
SEA_DT_02,SEA,89,98,40,46,52,0,1,MODELED
SEA_DT_03,SEA,38,64,66,71,37,0,19,MODELED
SEA_DT_04,SEA,54,60,67,75,41,0,16,MODELED
SEA_DT_05,SEA,78,78,74,41,43,0,0,MODELED
SEA_DT_06,SEA,65,56,95,14,52,0,12,MODELED
SEA_DT_07,SEA,32,59,76,38,2,0,5,MODELED
SEA_DT_08,SEA,44,49,41,64,34,0,17,MODELED
SEA_LB_01,SEA,76,90,56,71,93,0,17,MODELED
SEA_LB_02,SEA,71,96,75,37,49,0,1,MODELED
SEA_LB_03,SEA,66,42,57,68,50,0,0,MODELED
SEA_LB_04,SEA,61,68,59,79,25,0,8,MODELED
SEA_LB_05,SEA,65,41,47,90,71,0,19,MODELED
SEA_LB_06,SEA,46,76,83,62,59,0,3,MODELED
SEA_LB_07,SEA,37,49,79,38,7,0,0,MODELED
SEA_LB_08,SEA,53,57,57,41,21,0,0,MODELED
SEA_CB_01,SEA,79,77,64,56,78,0,7,MODELED
SEA_CB_02,SEA,77,70,55,74,50,0,0,MODELED
SEA_CB_03,SEA,73,80,79,61,38,0,7,MODELED
SEA_CB_04,SEA,60,54,64,62,36,0,7,MODELED
SEA_CB_05,SEA,81,81,62,76,46,0,11,MODELED
SEA_CB_06,SEA,84,50,87,52,20,0,18,MODELED
SEA_CB_07,SEA,63,47,50,60,35,0,0,MODELED
SEA_CB_08,SEA,52,44,65,74,52,0,2,MODELED
SEA_CB_09,SEA,46,59,64,47,30,0,0,MODELED
SEA_CB_10,SEA,47,55,73,51,20,0,3,MODELED
SEA_CB_11,SEA,35,54,62,67,8,0,0,MODELED
SEA_S_01,SEA,82,85,48,65,49,0,0,MODELED
SEA_S_02,SEA,83,82,48,55,40,0,7,MODELED
SEA_S_03,SEA,37,59,97,74,47,0,2,MODELED
SEA_S_04,SEA,63,71,49,26,40,0,0,MODELED
SEA_S_05,SEA,49,38,60,53,42,0,0,MODELED
SEA_S_06,SEA,52,67,51,70,29,0,4,MODELED
SEA_S_07,SEA,48,54,70,52,9,0,11,MODELED
SEA_K_01,SEA,100,90,29,76,66,0,0,MODELED
SEA_K_02,SEA,44,64,53,97,47,0,8,MODELED
SEA_P_01,SEA,83,79,41,67,55,0,11,MODELED
SEA_P_02,SEA,64,42,57,78,48,0,18,MODELED
SEA_LS_01,SEA,92,85,88,64,45,0,7,MODELED
FA_EDGE_001,FA,59,,,,39,0,0,MODELED
FA_DT_002,FA,43,,,,55,0,0,MODELED
FA_LB_003,FA,33,,,,27,0,0,MODELED
FA_DT_004,FA,41,,,,45,0,0,MODELED
FA_WR_005,FA,33,,,,43,0,0,MODELED
FA_K_006,FA,60,,,,35,0,0,MODELED
FA_CB_007,FA,40,,,,15,0,0,MODELED
FA_CB_008,FA,44,,,,46,0,0,MODELED
FA_K_009,FA,59,,,,46,0,0,MODELED
FA_CB_010,FA,72,,,,59,0,0,MODELED
FA_S_011,FA,61,,,,48,0,0,MODELED
FA_OT_012,FA,36,,,,17,0,0,MODELED
FA_EDGE_013,FA,64,,,,29,0,0,MODELED
FA_QB_014,FA,55,,,,53,0,0,MODELED
FA_S_015,FA,48,,,,22,0,0,MODELED
FA_OG_016,FA,69,,,,26,0,0,MODELED
FA_CB_017,FA,39,,,,31,0,0,MODELED
FA_OG_018,FA,31,,,,25,0,0,MODELED
FA_WR_019,FA,66,,,,41,0,0,MODELED
FA_CB_020,FA,51,,,,58,0,0,MODELED
FA_RB_021,FA,50,,,,20,0,0,MODELED
FA_QB_022,FA,50,,,,24,0,0,MODELED
FA_EDGE_023,FA,33,,,,15,0,0,MODELED
FA_DT_024,FA,65,,,,22,0,0,MODELED
FA_WR_025,FA,35,,,,47,0,0,MODELED
FA_C_026,FA,41,,,,32,0,0,MODELED
FA_WR_027,FA,71,,,,28,0,0,MODELED
FA_OG_028,FA,56,,,,55,0,0,MODELED
FA_CB_029,FA,66,,,,18,0,0,MODELED
FA_OT_030,FA,71,,,,27,0,0,MODELED
FA_CB_031,FA,58,,,,21,0,0,MODELED
FA_S_032,FA,67,,,,27,0,0,MODELED
FA_TE_033,FA,43,,,,34,0,0,MODELED
FA_OT_034,FA,42,,,,34,0,0,MODELED
FA_FB_035,FA,74,,,,16,0,0,MODELED
FA_LS_036,FA,66,,,,42,0,0,MODELED
FA_K_037,FA,72,,,,50,0,0,MODELED
FA_S_038,FA,70,,,,24,0,0,MODELED
FA_WR_039,FA,30,,,,48,0,0,MODELED
FA_P_040,FA,58,,,,36,0,0,MODELED
FA_OG_041,FA,36,,,,46,0,0,MODELED
FA_LB_042,FA,60,,,,18,0,0,MODELED
FA_QB_043,FA,65,,,,28,0,0,MODELED
FA_S_044,FA,48,,,,56,0,0,MODELED
FA_WR_045,FA,73,,,,44,0,0,MODELED
FA_CB_046,FA,35,,,,20,0,0,MODELED
FA_WR_047,FA,70,,,,34,0,0,MODELED
FA_QB_048,FA,41,,,,45,0,0,MODELED
FA_WR_049,FA,58,,,,47,0,0,MODELED
FA_OG_050,FA,45,,,,26,0,0,MODELED
FA_OT_051,FA,49,,,,37,0,0,MODELED
FA_C_052,FA,35,,,,27,0,0,MODELED
FA_LB_053,FA,46,,,,29,0,0,MODELED
FA_LB_054,FA,36,,,,31,0,0,MODELED
FA_DT_055,FA,47,,,,48,0,0,MODELED
FA_EDGE_056,FA,46,,,,13,0,0,MODELED
FA_RB_057,FA,48,,,,19,0,0,MODELED
FA_LS_058,FA,58,,,,46,0,0,MODELED
FA_WR_059,FA,69,,,,45,0,0,MODELED
FA_CB_060,FA,33,,,,25,0,0,MODELED
FA_TE_061,FA,52,,,,49,0,0,MODELED
FA_TE_062,FA,43,,,,36,0,0,MODELED
FA_WR_063,FA,31,,,,21,0,0,MODELED
FA_OG_064,FA,71,,,,15,0,0,MODELED
FA_LB_065,FA,71,,,,52,0,0,MODELED
FA_DT_066,FA,52,,,,49,0,0,MODELED
FA_S_067,FA,49,,,,36,0,0,MODELED
FA_WR_068,FA,68,,,,13,0,0,MODELED
FA_WR_069,FA,50,,,,47,0,0,MODELED
FA_P_070,FA,67,,,,34,0,0,MODELED
FA_CB_071,FA,63,,,,37,0,0,MODELED
FA_EDGE_072,FA,40,,,,31,0,0,MODELED
FA_CB_073,FA,58,,,,14,0,0,MODELED
FA_CB_074,FA,30,,,,30,0,0,MODELED
FA_DT_075,FA,46,,,,37,0,0,MODELED
FA_EDGE_076,FA,40,,,,26,0,0,MODELED
FA_CB_077,FA,66,,,,19,0,0,MODELED
FA_CB_078,FA,59,,,,49,0,0,MODELED
FA_WR_079,FA,42,,,,56,0,0,MODELED
FA_OT_080,FA,50,,,,35,0,0,MODELED
FA_EDGE_081,FA,32,,,,26,0,0,MODELED
FA_TE_082,FA,55,,,,14,0,0,MODELED
FA_WR_083,FA,62,,,,31,0,0,MODELED
FA_WR_084,FA,45,,,,19,0,0,MODELED
FA_DT_085,FA,48,,,,39,0,0,MODELED
FA_DT_086,FA,40,,,,11,0,0,MODELED
FA_QB_087,FA,37,,,,39,0,0,MODELED
FA_CB_088,FA,44,,,,13,0,0,MODELED
FA_QB_089,FA,43,,,,52,0,0,MODELED
FA_S_090,FA,69,,,,18,0,0,MODELED
FA_OG_091,FA,63,,,,38,0,0,MODELED
FA_WR_092,FA,47,,,,17,0,0,MODELED
FA_WR_093,FA,67,,,,57,0,0,MODELED
FA_OG_094,FA,60,,,,43,0,0,MODELED
FA_EDGE_095,FA,71,,,,47,0,0,MODELED
FA_QB_096,FA,64,,,,24,0,0,MODELED
FA_DT_097,FA,73,,,,29,0,0,MODELED
FA_TE_098,FA,73,,,,16,0,0,MODELED
FA_WR_099,FA,50,,,,52,0,0,MODELED
FA_OG_100,FA,50,,,,58,0,0,MODELED
FA_P_101,FA,73,,,,54,0,0,MODELED
FA_LB_102,FA,43,,,,25,0,0,MODELED
FA_DT_103,FA,33,,,,23,0,0,MODELED
FA_CB_104,FA,67,,,,29,0,0,MODELED
FA_DT_105,FA,70,,,,32,0,0,MODELED
FA_EDGE_106,FA,50,,,,22,0,0,MODELED
FA_RB_107,FA,53,,,,39,0,0,MODELED
FA_C_108,FA,36,,,,47,0,0,MODELED
FA_C_109,FA,69,,,,58,0,0,MODELED
FA_S_110,FA,51,,,,14,0,0,MODELED
FA_CB_111,FA,39,,,,26,0,0,MODELED
FA_WR_112,FA,58,,,,58,0,0,MODELED
FA_S_113,FA,70,,,,50,0,0,MODELED
FA_RB_114,FA,55,,,,46,0,0,MODELED
FA_EDGE_115,FA,30,,,,11,0,0,MODELED
FA_C_116,FA,40,,,,37,0,0,MODELED
FA_TE_117,FA,48,,,,19,0,0,MODELED
FA_LB_118,FA,37,,,,51,0,0,MODELED
FA_EDGE_119,FA,74,,,,51,0,0,MODELED
FA_WR_120,FA,70,,,,17,0,0,MODELED
FA_LS_121,FA,31,,,,28,0,0,MODELED
FA_P_122,FA,54,,,,21,0,0,MODELED
FA_TE_123,FA,49,,,,13,0,0,MODELED
FA_LB_124,FA,42,,,,35,0,0,MODELED
FA_EDGE_125,FA,73,,,,41,0,0,MODELED
FA_CB_126,FA,33,,,,53,0,0,MODELED
FA_WR_127,FA,48,,,,13,0,0,MODELED
FA_LB_128,FA,40,,,,16,0,0,MODELED
FA_DT_129,FA,47,,,,38,0,0,MODELED
FA_S_130,FA,74,,,,38,0,0,MODELED
FA_DT_131,FA,38,,,,50,0,0,MODELED
FA_WR_132,FA,52,,,,22,0,0,MODELED
FA_LB_133,FA,41,,,,50,0,0,MODELED
FA_OG_134,FA,62,,,,41,0,0,MODELED
FA_QB_135,FA,42,,,,19,0,0,MODELED
FA_EDGE_136,FA,35,,,,18,0,0,MODELED
FA_DT_137,FA,62,,,,45,0,0,MODELED
FA_OG_138,FA,35,,,,47,0,0,MODELED
FA_RB_139,FA,45,,,,47,0,0,MODELED
FA_RB_140,FA,59,,,,42,0,0,MODELED
FA_DT_141,FA,51,,,,48,0,0,MODELED
FA_OT_142,FA,44,,,,12,0,0,MODELED
FA_LB_143,FA,68,,,,42,0,0,MODELED
FA_TE_144,FA,46,,,,28,0,0,MODELED
FA_WR_145,FA,56,,,,47,0,0,MODELED
FA_CB_146,FA,49,,,,17,0,0,MODELED
FA_RB_147,FA,30,,,,11,0,0,MODELED
FA_EDGE_148,FA,44,,,,18,0,0,MODELED
FA_QB_149,FA,73,,,,14,0,0,MODELED
FA_EDGE_150,FA,51,,,,19,0,0,MODELED
FA_CB_151,FA,40,,,,51,0,0,MODELED
FA_S_152,FA,72,,,,34,0,0,MODELED
FA_DT_153,FA,62,,,,28,0,0,MODELED
FA_FB_154,FA,33,,,,18,0,0,MODELED
FA_WR_155,FA,65,,,,53,0,0,MODELED
FA_EDGE_156,FA,59,,,,51,0,0,MODELED
FA_TE_157,FA,68,,,,33,0,0,MODELED
FA_CB_158,FA,70,,,,47,0,0,MODELED
FA_LB_159,FA,39,,,,43,0,0,MODELED
FA_TE_160,FA,38,,,,46,0,0,MODELED
FA_WR_161,FA,58,,,,27,0,0,MODELED
FA_CB_162,FA,73,,,,24,0,0,MODELED
FA_OG_163,FA,67,,,,59,0,0,MODELED
FA_EDGE_164,FA,55,,,,47,0,0,MODELED
FA_DT_165,FA,45,,,,33,0,0,MODELED
FA_OG_166,FA,62,,,,46,0,0,MODELED
FA_CB_167,FA,55,,,,36,0,0,MODELED
FA_RB_168,FA,58,,,,13,0,0,MODELED
FA_DT_169,FA,42,,,,18,0,0,MODELED
FA_DT_170,FA,71,,,,16,0,0,MODELED
FA_WR_171,FA,70,,,,48,0,0,MODELED
FA_WR_172,FA,46,,,,59,0,0,MODELED
FA_OG_173,FA,43,,,,57,0,0,MODELED
FA_OG_174,FA,43,,,,45,0,0,MODELED
FA_TE_175,FA,36,,,,19,0,0,MODELED
FA_OG_176,FA,46,,,,42,0,0,MODELED
FA_WR_177,FA,49,,,,37,0,0,MODELED
FA_C_178,FA,61,,,,57,0,0,MODELED
FA_OT_179,FA,71,,,,44,0,0,MODELED
FA_RB_180,FA,47,,,,58,0,0,MODELED
FA_S_181,FA,54,,,,27,0,0,MODELED
FA_EDGE_182,FA,63,,,,48,0,0,MODELED
FA_OG_183,FA,47,,,,41,0,0,MODELED
FA_DT_184,FA,42,,,,59,0,0,MODELED
FA_TE_185,FA,48,,,,59,0,0,MODELED
FA_RB_186,FA,61,,,,26,0,0,MODELED
