contract_id,player_id,team_id,contract_type,start_year,end_year,years_total,years_remaining,total_value,average_annual_value,base_salary_2026,signing_bonus_total,bonus_proration_2026,roster_bonus_2026,guaranteed_money,cap_hit_2026,dead_cap_if_cut_2026,no_trade_clause,contract_status,data_class
CTR00001,BUF_QB_01,BUF,VETERAN,2022,2026,5,1,89807874,17961575,14970635,14954697,2990939,0,77705999,17961575,2990939,0,ACTIVE,MODELED
CTR00002,BUF_QB_02,BUF,VETERAN_MINIMUM,2026,2026,1,1,1330000,1330000,1330000,0,0,0,66500,1330000,0,0,ACTIVE,MODELED
CTR00003,BUF_QB_03,BUF,VETERAN_MINIMUM,2026,2029,4,4,6018394,1504599,1504599,0,0,0,300920,1504599,0,0,ACTIVE,MODELED
CTR00004,BUF_QB_04,BUF,VETERAN_MINIMUM,2025,2028,4,3,5320000,1330000,1330000,0,0,0,266000,1330000,0,0,ACTIVE,MODELED
CTR00005,BUF_RB_01,BUF,VETERAN_MINIMUM,2026,2026,1,1,1420000,1420000,1420000,0,0,0,71000,1420000,0,0,ACTIVE,MODELED
CTR00006,BUF_RB_02,BUF,VETERAN_MINIMUM,2025,2026,2,1,2660000,1330000,1330000,0,0,0,133000,1330000,0,0,ACTIVE,MODELED
CTR00007,BUF_RB_03,BUF,ROOKIE_SCALE,2025,2028,4,3,4240000,1060000,812431,990277,247569,0,1060000,1060000,742708,0,ACTIVE,MODELED
CTR00008,BUF_RB_04,BUF,VETERAN_MINIMUM,2026,2027,2,2,2060000,1030000,1030000,0,0,0,103000,1030000,0,0,ACTIVE,MODELED
CTR00009,BUF_RB_05,BUF,UDFA,2026,2028,3,3,2520000,840000,756000,573960,191320,0,50400,947320,573960,0,ACTIVE,MODELED
CTR00010,BUF_FB_01,BUF,VETERAN_MINIMUM,2023,2026,4,1,5320000,1330000,1330000,0,0,0,266000,1330000,0,0,ACTIVE,MODELED
CTR00011,BUF_WR_01,BUF,VETERAN,2026,2026,1,1,4592077,4592077,4148814,443263,443263,0,1983741,4592077,443263,0,ACTIVE,MODELED
CTR00012,BUF_WR_02,BUF,VETERAN,2026,2026,1,1,4559191,4559191,3031236,1527954,1527954,0,1526156,4559191,1527954,0,ACTIVE,MODELED
CTR00013,BUF_WR_03,BUF,VETERAN,2026,2026,1,1,5686298,5686298,4156139,1530158,1530158,170589,3299386,5856886,1530158,0,ACTIVE,MODELED
CTR00014,BUF_WR_04,BUF,VETERAN,2026,2026,1,1,1931641,1931641,1755107,176534,176534,0,676522,1931641,176534,0,ACTIVE,MODELED
CTR00015,BUF_WR_05,BUF,VETERAN_MINIMUM,2026,2027,2,2,2420000,1210000,1210000,0,0,0,121000,1210000,0,0,ACTIVE,MODELED
CTR00016,BUF_WR_06,BUF,VETERAN_MINIMUM,2025,2027,3,2,3878490,1292830,1292830,0,0,0,193925,1292830,0,0,ACTIVE,MODELED
CTR00017,BUF_WR_07,BUF,ROOKIE_SCALE,2023,2026,4,1,3860000,965000,799865,660541,165135,0,965000,965000,165135,0,ACTIVE,MODELED
CTR00018,BUF_WR_08,BUF,UDFA,2025,2027,3,2,2520000,840000,756000,626595,208865,0,50400,964865,417730,0,ACTIVE,MODELED
CTR00019,BUF_WR_09,BUF,ROOKIE_SCALE,2024,2027,4,2,3860000,965000,814927,600290,150073,0,965000,965000,300145,0,ACTIVE,MODELED
CTR00020,BUF_WR_10,BUF,VETERAN_MINIMUM,2024,2026,3,1,3090000,1030000,1030000,0,0,0,154500,1030000,0,0,ACTIVE,MODELED
CTR00021,BUF_WR_11,BUF,UDFA,2026,2028,3,3,2520000,840000,756000,614217,204739,0,50400,960739,614217,0,ACTIVE,MODELED
CTR00022,BUF_TE_01,BUF,VETERAN_MINIMUM,2026,2026,1,1,1420000,1420000,1420000,0,0,0,71000,1420000,0,0,ACTIVE,MODELED
CTR00023,BUF_TE_02,BUF,VETERAN_MINIMUM,2026,2026,1,1,1210000,1210000,1210000,0,0,0,60500,1210000,0,0,ACTIVE,MODELED
CTR00024,BUF_TE_03,BUF,VETERAN,2026,2027,2,2,6889589,3444795,3124143,641303,320651,0,1826122,3444795,641303,0,ACTIVE,MODELED
CTR00025,BUF_TE_04,BUF,VETERAN_MINIMUM,2024,2026,3,1,3390000,1130000,1130000,0,0,0,169500,1130000,0,0,ACTIVE,MODELED
CTR00026,BUF_TE_05,BUF,VETERAN_MINIMUM,2026,2026,1,1,1130000,1130000,1130000,0,0,0,56500,1130000,0,0,ACTIVE,MODELED
CTR00027,BUF_TE_06,BUF,VETERAN_MINIMUM,2026,2028,3,3,3090000,1030000,1030000,0,0,0,154500,1030000,0,0,ACTIVE,MODELED
CTR00028,BUF_OT_01,BUF,VETERAN,2026,2026,1,1,2182833,2182833,1739192,443641,443641,65485,343000,2248318,443641,0,ACTIVE,MODELED
CTR00029,BUF_OT_02,BUF,VETERAN,2026,2028,3,3,28636846,9545615,8491143,3163418,1054473,0,14692472,9545615,3163418,0,ACTIVE,MODELED
CTR00030,BUF_OT_03,BUF,VETERAN,2026,2026,1,1,3222949,3222949,2742143,480806,480806,0,1914002,3222949,480806,0,ACTIVE,MODELED
CTR00031,BUF_OT_04,BUF,VETERAN_MINIMUM,2026,2027,2,2,2420000,1210000,1210000,0,0,0,121000,1210000,0,0,ACTIVE,MODELED
CTR00032,BUF_OT_05,BUF,VETERAN_MINIMUM,2026,2026,1,1,1130000,1130000,1130000,0,0,0,56500,1130000,0,0,ACTIVE,MODELED
CTR00033,BUF_OT_06,BUF,ROOKIE_SCALE,2024,2027,4,2,9000000,2250000,1690385,2238458,559615,0,4950000,2250000,1119229,0,ACTIVE,MODELED
CTR00034,BUF_OG_01,BUF,VETERAN_MINIMUM,2025,2026,2,1,2735972,1367986,1367986,0,0,0,136799,1367986,0,0,ACTIVE,MODELED
CTR00035,BUF_OG_02,BUF,ROOKIE_SCALE,2024,2028,5,3,49647595,9929519,7606555,11614819,2322964,0,49647595,9929519,6968891,0,ACTIVE,MODELED
CTR00036,BUF_OG_03,BUF,VETERAN_MINIMUM,2026,2026,1,1,1130000,1130000,1130000,0,0,0,56500,1130000,0,0,ACTIVE,MODELED
CTR00037,BUF_OG_04,BUF,VETERAN_MINIMUM,2025,2026,2,1,2420000,1210000,1210000,0,0,0,121000,1210000,0,0,ACTIVE,MODELED
CTR00038,BUF_OG_05,BUF,UDFA,2026,2028,3,3,2520000,840000,756000,638501,212834,0,50400,968834,638501,0,ACTIVE,MODELED
CTR00039,BUF_OG_06,BUF,ROOKIE_SCALE,2024,2027,4,2,3980000,995000,905568,357726,89432,0,995000,995000,178863,0,ACTIVE,MODELED
CTR00040,BUF_C_01,BUF,VETERAN,2026,2026,1,1,2003011,2003011,1514810,488200,488200,0,936881,2003011,488200,0,ACTIVE,MODELED
CTR00041,BUF_C_02,BUF,UDFA,2026,2028,3,3,2520000,840000,756000,533646,177882,0,50400,933882,533646,0,ACTIVE,MODELED
CTR00042,BUF_C_03,BUF,VETERAN_MINIMUM,2026,2026,1,1,1330000,1330000,1330000,0,0,0,66500,1330000,0,0,ACTIVE,MODELED
CTR00043,BUF_EDGE_01,BUF,VETERAN,2026,2026,1,1,23838840,23838840,14649908,9188932,9188932,715165,12640795,24554005,9188932,0,ACTIVE,MODELED
CTR00044,BUF_EDGE_02,BUF,VETERAN,2026,2026,1,1,6455310,6455310,4844187,1611123,1611123,0,2859535,6455310,1611123,0,ACTIVE,MODELED
CTR00045,BUF_EDGE_03,BUF,VETERAN_MINIMUM,2026,2028,3,3,3630000,1210000,1210000,0,0,0,181500,1210000,0,0,ACTIVE,MODELED
CTR00046,BUF_EDGE_04,BUF,VETERAN_MINIMUM,2026,2027,2,2,2777857,1388928,1388928,0,0,0,138893,1388928,0,0,ACTIVE,MODELED
CTR00047,BUF_EDGE_05,BUF,VETERAN,2026,2026,1,1,2007831,2007831,1463396,544436,544436,0,927219,2007831,544436,0,ACTIVE,MODELED
CTR00048,BUF_EDGE_06,BUF,UDFA,2026,2028,3,3,2520000,840000,756000,798547,266182,0,50400,1022182,798547,0,ACTIVE,MODELED
CTR00049,BUF_EDGE_07,BUF,VETERAN_MINIMUM,2026,2028,3,3,3390000,1130000,1130000,0,0,0,169500,1130000,0,0,ACTIVE,MODELED
CTR00050,BUF_EDGE_08,BUF,ROOKIE_SCALE,2024,2027,4,2,3980000,995000,756000,983438,245860,0,995000,1001860,491719,0,ACTIVE,MODELED
CTR00051,BUF_EDGE_09,BUF,VETERAN_MINIMUM,2026,2027,2,2,2060000,1030000,1030000,0,0,0,103000,1030000,0,0,ACTIVE,MODELED
CTR00052,BUF_DT_01,BUF,VETERAN_MINIMUM,2026,2027,2,2,2984299,1492150,1492150,0,0,0,149215,1492150,0,0,ACTIVE,MODELED
CTR00053,BUF_DT_02,BUF,VETERAN,2025,2027,3,2,5881306,1960435,1226830,2200818,733606,176439,2880344,2136875,1467212,0,ACTIVE,MODELED
CTR00054,BUF_DT_03,BUF,ROOKIE_SCALE,2024,2027,4,2,3860000,965000,756000,1065594,266398,0,965000,1022398,532797,0,ACTIVE,MODELED
CTR00055,BUF_DT_04,BUF,VETERAN,2024,2027,4,2,20848102,5212025,4067074,4579807,1144952,0,6697089,5212025,2289903,0,ACTIVE,MODELED
CTR00056,BUF_DT_05,BUF,VETERAN,2025,2026,2,1,3660879,1830439,1515937,629005,314503,0,1770421,1830439,314503,0,ACTIVE,MODELED
CTR00057,BUF_DT_06,BUF,VETERAN_MINIMUM,2026,2026,1,1,1130000,1130000,1130000,0,0,0,56500,1130000,0,0,ACTIVE,MODELED
CTR00058,BUF_DT_07,BUF,UDFA,2026,2028,3,3,2520000,840000,756000,541890,180630,0,50400,936630,541890,0,ACTIVE,MODELED
CTR00059,BUF_DT_08,BUF,ROOKIE_SCALE,2024,2027,4,2,3860000,965000,853833,444666,111167,0,965000,965000,222333,0,ACTIVE,MODELED
CTR00060,BUF_LB_01,BUF,VETERAN_MINIMUM,2026,2027,2,2,2660000,1330000,1330000,0,0,0,133000,1330000,0,0,ACTIVE,MODELED
CTR00061,BUF_LB_02,BUF,VETERAN,2025,2026,2,1,2917233,1458616,1052819,811595,405798,87517,1162163,1546133,405798,0,ACTIVE,MODELED
CTR00062,BUF_LB_03,BUF,VETERAN_MINIMUM,2026,2026,1,1,1030000,1030000,1030000,0,0,0,51500,1030000,0,0,ACTIVE,MODELED
CTR00063,BUF_LB_04,BUF,VETERAN,2026,2026,1,1,1575269,1575269,1163830,411439,411439,0,492877,1575269,411439,0,ACTIVE,MODELED
CTR00064,BUF_LB_05,BUF,VETERAN_MINIMUM,2026,2026,1,1,1330000,1330000,1330000,0,0,0,66500,1330000,0,0,ACTIVE,MODELED
CTR00065,BUF_LB_06,BUF,VETERAN_MINIMUM,2025,2026,2,1,2060000,1030000,1030000,0,0,0,103000,1030000,0,0,ACTIVE,MODELED
CTR00066,BUF_LB_07,BUF,VETERAN_MINIMUM,2026,2026,1,1,1030000,1030000,1030000,0,0,0,51500,1030000,0,0,ACTIVE,MODELED
CTR00067,BUF_LB_08,BUF,ROOKIE_SCALE,2026,2029,4,4,3860000,965000,819051,583796,145949,0,965000,965000,583796,0,ACTIVE,MODELED
CTR00068,BUF_CB_01,BUF,VETERAN_MINIMUM,2026,2026,1,1,1330000,1330000,1330000,0,0,0,66500,1330000,0,0,ACTIVE,MODELED
CTR00069,BUF_CB_02,BUF,ROOKIE_SCALE,2024,2027,4,2,4760000,1190000,892987,1188050,297013,0,1190000,1190000,594025,0,ACTIVE,MODELED
CTR00070,BUF_CB_03,BUF,VETERAN,2025,2026,2,1,4895924,2447962,1737143,1421637,710819,0,2461128,2447962,710819,0,ACTIVE,MODELED
CTR00071,BUF_CB_04,BUF,VETERAN_MINIMUM,2026,2027,2,2,2420000,1210000,1210000,0,0,0,121000,1210000,0,0,ACTIVE,MODELED
CTR00072,BUF_CB_05,BUF,VETERAN_MINIMUM,2026,2028,3,3,3630000,1210000,1210000,0,0,0,181500,1210000,0,0,ACTIVE,MODELED
CTR00073,BUF_CB_06,BUF,VETERAN_MINIMUM,2025,2026,2,1,2840000,1420000,1420000,0,0,0,142000,1420000,0,0,ACTIVE,MODELED
CTR00074,BUF_CB_07,BUF,VETERAN,2026,2026,1,1,1693028,1693028,1114845,578183,578183,50791,858789,1743819,578183,0,ACTIVE,MODELED
CTR00075,BUF_CB_08,BUF,VETERAN_MINIMUM,2025,2026,2,1,2420000,1210000,1210000,0,0,0,121000,1210000,0,0,ACTIVE,MODELED
CTR00076,BUF_CB_09,BUF,ROOKIE_SCALE,2026,2029,4,4,4240000,1060000,794712,1061153,265288,0,1060000,1060000,1061153,0,ACTIVE,MODELED
CTR00077,BUF_CB_10,BUF,ROOKIE_SCALE,2023,2026,4,1,4240000,1060000,929728,521089,130272,0,1060000,1060000,130272,0,ACTIVE,MODELED
CTR00078,BUF_CB_11,BUF,UDFA,2025,2027,3,2,2520000,840000,756000,611536,203845,0,50400,959845,407691,0,ACTIVE,MODELED
CTR00079,BUF_S_01,BUF,VETERAN_MINIMUM,2024,2026,3,1,3889877,1296626,1296626,0,0,0,194494,1296626,0,0,ACTIVE,MODELED
CTR00080,BUF_S_02,BUF,VETERAN,2026,2027,2,2,14151211,7075606,5772407,2606398,1303199,0,10012171,7075606,2606398,0,ACTIVE,MODELED
CTR00081,BUF_S_03,BUF,VETERAN_MINIMUM,2026,2026,1,1,1130000,1130000,1130000,0,0,0,56500,1130000,0,0,ACTIVE,MODELED
CTR00082,BUF_S_04,BUF,VETERAN_MINIMUM,2026,2027,2,2,2660000,1330000,1330000,0,0,0,133000,1330000,0,0,ACTIVE,MODELED
CTR00083,BUF_S_05,BUF,VETERAN_MINIMUM,2026,2027,2,2,2060000,1030000,1030000,0,0,0,103000,1030000,0,0,ACTIVE,MODELED
CTR00084,BUF_S_06,BUF,ROOKIE_SCALE,2023,2026,4,1,4240000,1060000,756000,1361895,340474,0,1060000,1096474,340474,0,ACTIVE,MODELED
CTR00085,BUF_S_07,BUF,VETERAN_MINIMUM,2026,2027,2,2,2060000,1030000,1030000,0,0,0,103000,1030000,0,0,ACTIVE,MODELED
CTR00086,BUF_K_01,BUF,VETERAN_MINIMUM,2026,2027,2,2,2840000,1420000,1420000,0,0,0,142000,1420000,0,0,ACTIVE,MODELED
CTR00087,BUF_K_02,BUF,VETERAN_MINIMUM,2025,2029,5,4,6050000,1210000,1210000,0,0,0,302500,1210000,0,0,ACTIVE,MODELED
CTR00088,BUF_P_01,BUF,VETERAN_MINIMUM,2026,2026,1,1,1330000,1330000,1330000,0,0,0,66500,1330000,0,0,ACTIVE,MODELED
CTR00089,BUF_P_02,BUF,UDFA,2024,2026,3,1,2520000,840000,756000,754217,251406,0,50400,1007406,251406,0,ACTIVE,MODELED
CTR00090,BUF_LS_01,BUF,VETERAN_MINIMUM,2025,2026,2,1,2660000,1330000,1330000,0,0,0,133000,1330000,0,0,ACTIVE,MODELED
CTR00091,MIA_QB_01,MIA,VETERAN,2026,2026,1,1,2579182,2579182,1884348,694834,694834,0,1497115,2579182,694834,0,ACTIVE,MODELED
CTR00092,MIA_QB_02,MIA,VETERAN_MINIMUM,2026,2027,2,2,2660000,1330000,1330000,0,0,0,133000,1330000,0,0,ACTIVE,MODELED
CTR00093,MIA_QB_03,MIA,VETERAN_MINIMUM,2025,2027,3,2,3090000,1030000,1030000,0,0,0,154500,1030000,0,0,ACTIVE,MODELED
CTR00094,MIA_QB_04,MIA,ROOKIE_SCALE,2026,2029,4,4,4240000,1060000,853403,826389,206597,0,1060000,1060000,826389,0,ACTIVE,MODELED
CTR00095,MIA_RB_01,MIA,VETERAN_MINIMUM,2025,2027,3,2,3990000,1330000,1330000,0,0,0,199500,1330000,0,0,ACTIVE,MODELED
CTR00096,MIA_RB_02,MIA,VETERAN_MINIMUM,2026,2027,2,2,2260000,1130000,1130000,0,0,0,113000,1130000,0,0,ACTIVE,MODELED
CTR00097,MIA_RB_03,MIA,VETERAN_MINIMUM,2026,2026,1,1,1030000,1030000,1030000,0,0,0,51500,1030000,0,0,ACTIVE,MODELED
CTR00098,MIA_RB_04,MIA,ROOKIE_SCALE,2025,2028,4,3,4240000,1060000,855262,818952,204738,0,1060000,1060000,614214,0,ACTIVE,MODELED
CTR00099,MIA_RB_05,MIA,VETERAN_MINIMUM,2025,2026,2,1,2060000,1030000,1030000,0,0,0,103000,1030000,0,0,ACTIVE,MODELED
CTR00100,MIA_FB_01,MIA,VETERAN_MINIMUM,2026,2027,2,2,2660000,1330000,1330000,0,0,0,133000,1330000,0,0,ACTIVE,MODELED
CTR00101,MIA_WR_01,MIA,VETERAN,2024,2026,3,1,18301936,6100645,4295268,5416132,1805377,549058,8113597,6649703,1805377,0,ACTIVE,MODELED
CTR00102,MIA_WR_02,MIA,VETERAN_MINIMUM,2026,2029,4,4,5302591,1325648,1325648,0,0,0,265130,1325648,0,0,ACTIVE,MODELED
CTR00103,MIA_WR_03,MIA,VETERAN,2026,2026,1,1,2698901,2698901,2257046,441855,441855,0,1132853,2698901,441855,0,ACTIVE,MODELED
CTR00104,MIA_WR_04,MIA,VETERAN_MINIMUM,2026,2026,1,1,1420000,1420000,1420000,0,0,0,71000,1420000,0,0,ACTIVE,MODELED
CTR00105,MIA_WR_05,MIA,VETERAN_MINIMUM,2026,2026,1,1,1420000,1420000,1420000,0,0,0,71000,1420000,0,0,ACTIVE,MODELED
CTR00106,MIA_WR_06,MIA,VETERAN,2026,2027,2,2,8267815,4133907,2804635,2658544,1329272,248034,0,4381942,2658544,0,ACTIVE,MODELED
CTR00107,MIA_WR_07,MIA,VETERAN_MINIMUM,2026,2027,2,2,2660000,1330000,1330000,0,0,0,133000,1330000,0,0,ACTIVE,MODELED
CTR00108,MIA_WR_08,MIA,VETERAN_MINIMUM,2025,2026,2,1,2260000,1130000,1130000,0,0,0,113000,1130000,0,0,ACTIVE,MODELED
CTR00109,MIA_WR_09,MIA,UDFA,2026,2028,3,3,2520000,840000,756000,614456,204819,0,50400,960819,614456,0,ACTIVE,MODELED
CTR00110,MIA_WR_10,MIA,ROOKIE_SCALE,2024,2027,4,2,4240000,1060000,756000,1222220,305555,0,1060000,1061555,611110,0,ACTIVE,MODELED
CTR00111,MIA_WR_11,MIA,ROOKIE_SCALE,2023,2026,4,1,3860000,965000,756000,1331501,332875,0,965000,1088875,332875,0,ACTIVE,MODELED
CTR00112,MIA_TE_01,MIA,VETERAN_MINIMUM,2024,2026,3,1,3390000,1130000,1130000,0,0,0,169500,1130000,0,0,ACTIVE,MODELED
CTR00113,MIA_TE_02,MIA,VETERAN,2024,2027,4,2,13685400,3421350,2355815,4262140,1065535,0,4655132,3421350,2131070,0,ACTIVE,MODELED
CTR00114,MIA_TE_03,MIA,ROOKIE_SCALE,2023,2026,4,1,4760000,1190000,1063113,507549,126887,0,1190000,1190000,126887,0,ACTIVE,MODELED
CTR00115,MIA_TE_04,MIA,ROOKIE_SCALE,2023,2026,4,1,3860000,965000,756000,854198,213549,0,965000,969549,213549,0,ACTIVE,MODELED
CTR00116,MIA_TE_05,MIA,ROOKIE_SCALE,2024,2027,4,2,3860000,965000,802912,648351,162088,0,965000,965000,324175,0,ACTIVE,MODELED
CTR00117,MIA_TE_06,MIA,VETERAN_MINIMUM,2024,2027,4,2,4120000,1030000,1030000,0,0,0,206000,1030000,0,0,ACTIVE,MODELED
CTR00118,MIA_OT_01,MIA,VETERAN_MINIMUM,2026,2026,1,1,1030000,1030000,1030000,0,0,0,51500,1030000,0,0,ACTIVE,MODELED
CTR00119,MIA_OT_02,MIA,VETERAN_MINIMUM,2025,2027,3,2,4075582,1358527,1358527,0,0,0,203779,1358527,0,0,ACTIVE,MODELED
CTR00120,MIA_OT_03,MIA,VETERAN_MINIMUM,2026,2026,1,1,1330000,1330000,1330000,0,0,0,66500,1330000,0,0,ACTIVE,MODELED
CTR00121,MIA_OT_04,MIA,VETERAN,2024,2026,3,1,6207219,2069073,1540569,1585512,528504,186217,2509435,2255289,528504,0,ACTIVE,MODELED
CTR00122,MIA_OT_05,MIA,VETERAN_MINIMUM,2025,2029,5,4,5150000,1030000,1030000,0,0,0,257500,1030000,0,0,ACTIVE,MODELED
CTR00123,MIA_OT_06,MIA,VETERAN_MINIMUM,2024,2026,3,1,3630000,1210000,1210000,0,0,0,181500,1210000,0,0,ACTIVE,MODELED
CTR00124,MIA_OG_01,MIA,VETERAN_MINIMUM,2026,2026,1,1,1330000,1330000,1330000,0,0,0,66500,1330000,0,0,ACTIVE,MODELED
CTR00125,MIA_OG_02,MIA,VETERAN_MINIMUM,2025,2026,2,1,2840000,1420000,1420000,0,0,0,142000,1420000,0,0,ACTIVE,MODELED
CTR00126,MIA_OG_03,MIA,VETERAN_MINIMUM,2024,2026,3,1,3630000,1210000,1210000,0,0,0,181500,1210000,0,0,ACTIVE,MODELED
CTR00127,MIA_OG_04,MIA,VETERAN_MINIMUM,2024,2026,3,1,3990000,1330000,1330000,0,0,0,199500,1330000,0,0,ACTIVE,MODELED
CTR00128,MIA_OG_05,MIA,VETERAN_MINIMUM,2026,2026,1,1,1030000,1030000,1030000,0,0,0,51500,1030000,0,0,ACTIVE,MODELED
CTR00129,MIA_OG_06,MIA,ROOKIE_SCALE,2024,2027,4,2,3980000,995000,861638,533448,133362,0,995000,995000,266724,0,ACTIVE,MODELED
CTR00130,MIA_C_01,MIA,VETERAN_MINIMUM,2025,2026,2,1,2840000,1420000,1420000,0,0,0,142000,1420000,0,0,ACTIVE,MODELED
CTR00131,MIA_C_02,MIA,UDFA,2026,2028,3,3,2520000,840000,756000,507152,169051,0,50400,925051,507152,0,ACTIVE,MODELED
CTR00132,MIA_C_03,MIA,VETERAN_MINIMUM,2026,2027,2,2,2420000,1210000,1210000,0,0,0,121000,1210000,0,0,ACTIVE,MODELED
CTR00133,MIA_EDGE_01,MIA,VETERAN,2026,2027,2,2,12791166,6395583,4207323,4376520,2188260,383735,5385675,6779318,4376520,0,ACTIVE,MODELED
CTR00134,MIA_EDGE_02,MIA,VETERAN_MINIMUM,2026,2026,1,1,1420000,1420000,1420000,0,0,0,71000,1420000,0,0,ACTIVE,MODELED
CTR00135,MIA_EDGE_03,MIA,VETERAN_MINIMUM,2026,2027,2,2,2660000,1330000,1330000,0,0,0,133000,1330000,0,0,ACTIVE,MODELED
CTR00136,MIA_EDGE_04,MIA,VETERAN_MINIMUM,2023,2027,5,2,6650000,1330000,1330000,0,0,0,332500,1330000,0,0,ACTIVE,MODELED
CTR00137,MIA_EDGE_05,MIA,VETERAN_MINIMUM,2024,2026,3,1,3390000,1130000,1130000,0,0,0,169500,1130000,0,0,ACTIVE,MODELED
CTR00138,MIA_EDGE_06,MIA,ROOKIE_SCALE,2025,2028,4,3,4240000,1060000,929788,520847,130212,0,1060000,1060000,390635,0,ACTIVE,MODELED
CTR00139,MIA_EDGE_07,MIA,UDFA,2025,2027,3,2,2520000,840000,756000,685640,228547,0,50400,984547,457093,0,ACTIVE,MODELED
CTR00140,MIA_EDGE_08,MIA,VETERAN_MINIMUM,2026,2026,1,1,1030000,1030000,1030000,0,0,0,51500,1030000,0,0,ACTIVE,MODELED
CTR00141,MIA_EDGE_09,MIA,VETERAN_MINIMUM,2026,2026,1,1,1030000,1030000,1030000,0,0,0,51500,1030000,0,0,ACTIVE,MODELED
CTR00142,MIA_DT_01,MIA,VETERAN,2024,2026,3,1,11977358,3992453,2494586,4493599,1497866,359321,4737002,4351773,1497866,0,ACTIVE,MODELED
CTR00143,MIA_DT_02,MIA,VETERAN,2025,2027,3,2,8685302,2895101,2398558,1489626,496542,0,6366138,2895101,993084,0,ACTIVE,MODELED
CTR00144,MIA_DT_03,MIA,VETERAN_MINIMUM,2026,2026,1,1,1330000,1330000,1330000,0,0,0,66500,1330000,0,0,ACTIVE,MODELED
CTR00145,MIA_DT_04,MIA,VETERAN,2026,2026,1,1,3724922,3724922,2961376,763545,763545,111748,173689,3836669,763545,0,ACTIVE,MODELED
CTR00146,MIA_DT_05,MIA,VETERAN,2026,2026,1,1,2277442,2277442,2016134,261308,261308,68323,1527075,2345765,261308,0,ACTIVE,MODELED
CTR00147,MIA_DT_06,MIA,VETERAN_MINIMUM,2026,2026,1,1,1030000,1030000,1030000,0,0,0,51500,1030000,0,0,ACTIVE,MODELED
CTR00148,MIA_DT_07,MIA,VETERAN_MINIMUM,2026,2028,3,3,3390000,1130000,1130000,0,0,0,169500,1130000,0,0,ACTIVE,MODELED
CTR00149,MIA_DT_08,MIA,VETERAN_MINIMUM,2026,2026,1,1,1030000,1030000,1030000,0,0,0,51500,1030000,0,0,ACTIVE,MODELED
CTR00150,MIA_LB_01,MIA,VETERAN_MINIMUM,2026,2029,4,4,4120000,1030000,1030000,0,0,0,206000,1030000,0,0,ACTIVE,MODELED
CTR00151,MIA_LB_02,MIA,VETERAN_MINIMUM,2026,2026,1,1,1330000,1330000,1330000,0,0,0,66500,1330000,0,0,ACTIVE,MODELED
CTR00152,MIA_LB_03,MIA,VETERAN,2026,2026,1,1,1710117,1710117,1327358,382758,382758,51303,840115,1761420,382758,0,ACTIVE,MODELED
CTR00153,MIA_LB_04,MIA,VETERAN_MINIMUM,2026,2026,1,1,1130000,1130000,1130000,0,0,0,56500,1130000,0,0,ACTIVE,MODELED
CTR00154,MIA_LB_05,MIA,VETERAN_MINIMUM,2025,2027,3,2,3390000,1130000,1130000,0,0,0,169500,1130000,0,0,ACTIVE,MODELED
CTR00155,MIA_LB_06,MIA,UDFA,2024,2026,3,1,2520000,840000,756000,890964,296988,0,50400,1052988,296988,0,ACTIVE,MODELED
CTR00156,MIA_LB_07,MIA,VETERAN_MINIMUM,2026,2026,1,1,1130000,1130000,1130000,0,0,0,56500,1130000,0,0,ACTIVE,MODELED
CTR00157,MIA_LB_08,MIA,ROOKIE_SCALE,2026,2029,4,4,3980000,995000,759836,940657,235164,0,995000,995000,940657,0,ACTIVE,MODELED
CTR00158,MIA_CB_01,MIA,VETERAN,2026,2026,1,1,2914507,2914507,2342320,572186,572186,0,1222371,2914507,572186,0,ACTIVE,MODELED
CTR00159,MIA_CB_02,MIA,VETERAN,2026,2026,1,1,1954627,1954627,1381758,572869,572869,0,1004309,1954627,572869,0,ACTIVE,MODELED
CTR00160,MIA_CB_03,MIA,VETERAN,2025,2026,2,1,14439725,7219862,5654213,3131298,1565649,0,5105436,7219862,1565649,0,ACTIVE,MODELED
CTR00161,MIA_CB_04,MIA,VETERAN_MINIMUM,2026,2028,3,3,3390000,1130000,1130000,0,0,0,169500,1130000,0,0,ACTIVE,MODELED
CTR00162,MIA_CB_05,MIA,VETERAN_MINIMUM,2025,2026,2,1,2060000,1030000,1030000,0,0,0,103000,1030000,0,0,ACTIVE,MODELED
CTR00163,MIA_CB_06,MIA,ROOKIE_SCALE,2024,2027,4,2,3980000,995000,770930,896278,224070,0,995000,995000,448139,0,ACTIVE,MODELED
CTR00164,MIA_CB_07,MIA,VETERAN_MINIMUM,2026,2026,1,1,1210000,1210000,1210000,0,0,0,60500,1210000,0,0,ACTIVE,MODELED
CTR00165,MIA_CB_08,MIA,VETERAN_MINIMUM,2026,2026,1,1,1210000,1210000,1210000,0,0,0,60500,1210000,0,0,ACTIVE,MODELED
CTR00166,MIA_CB_09,MIA,UDFA,2024,2026,3,1,2520000,840000,756000,512128,170709,0,50400,926709,170709,0,ACTIVE,MODELED
CTR00167,MIA_CB_10,MIA,ROOKIE_SCALE,2026,2029,4,4,3980000,995000,869088,503646,125912,0,995000,995000,503646,0,ACTIVE,MODELED
CTR00168,MIA_CB_11,MIA,UDFA,2025,2027,3,2,2520000,840000,756000,420484,140161,0,50400,896161,280323,0,ACTIVE,MODELED
CTR00169,MIA_S_01,MIA,VETERAN_MINIMUM,2026,2027,2,2,2660000,1330000,1330000,0,0,0,133000,1330000,0,0,ACTIVE,MODELED
CTR00170,MIA_S_02,MIA,VETERAN,2026,2026,1,1,3947881,3947881,2828653,1119228,1119228,118436,2358001,4066317,1119228,0,ACTIVE,MODELED
CTR00171,MIA_S_03,MIA,VETERAN_MINIMUM,2025,2027,3,2,3990000,1330000,1330000,0,0,0,199500,1330000,0,0,ACTIVE,MODELED
CTR00172,MIA_S_04,MIA,VETERAN_MINIMUM,2026,2026,1,1,1030000,1030000,1030000,0,0,0,51500,1030000,0,0,ACTIVE,MODELED
CTR00173,MIA_S_05,MIA,VETERAN_MINIMUM,2023,2026,4,1,5320000,1330000,1330000,0,0,0,266000,1330000,0,0,ACTIVE,MODELED
CTR00174,MIA_S_06,MIA,ROOKIE_SCALE,2024,2027,4,2,3980000,995000,756000,1317608,329402,0,995000,1085402,658804,0,ACTIVE,MODELED
CTR00175,MIA_S_07,MIA,ROOKIE_SCALE,2024,2027,4,2,3980000,995000,758167,947331,236833,0,995000,995000,473666,0,ACTIVE,MODELED
CTR00176,MIA_K_01,MIA,VETERAN_MINIMUM,2025,2027,3,2,3390000,1130000,1130000,0,0,0,169500,1130000,0,0,ACTIVE,MODELED
CTR00177,MIA_K_02,MIA,ROOKIE_SCALE,2023,2026,4,1,3980000,995000,756000,1293708,323427,0,995000,1079427,323427,0,ACTIVE,MODELED
CTR00178,MIA_P_01,MIA,VETERAN_MINIMUM,2026,2028,3,3,3090000,1030000,1030000,0,0,0,154500,1030000,0,0,ACTIVE,MODELED
CTR00179,MIA_P_02,MIA,VETERAN_MINIMUM,2025,2026,2,1,2660000,1330000,1330000,0,0,0,133000,1330000,0,0,ACTIVE,MODELED
CTR00180,MIA_LS_01,MIA,VETERAN_MINIMUM,2025,2026,2,1,2660000,1330000,1330000,0,0,0,133000,1330000,0,0,ACTIVE,MODELED
CTR00181,NE_QB_01,NE,VETERAN,2026,2028,3,3,7796360,2598787,1898428,2101077,700359,0,4210533,2598787,2101077,0,ACTIVE,MODELED
CTR00182,NE_QB_02,NE,VETERAN,2025,2027,3,2,6731113,2243704,1348524,2685541,895180,0,3112829,2243704,1790361,0,ACTIVE,MODELED
CTR00183,NE_QB_03,NE,VETERAN_MINIMUM,2026,2026,1,1,1030000,1030000,1030000,0,0,0,51500,1030000,0,0,ACTIVE,MODELED
CTR00184,NE_QB_04,NE,UDFA,2024,2026,3,1,2520000,840000,756000,1071108,357036,0,50400,1113036,357036,0,ACTIVE,MODELED
CTR00185,NE_RB_01,NE,VETERAN,2026,2027,2,2,18950626,9475313,7837402,3275822,1637911,0,7846006,9475313,3275822,0,ACTIVE,MODELED
CTR00186,NE_RB_02,NE,VETERAN_MINIMUM,2026,2026,1,1,1130000,1130000,1130000,0,0,0,56500,1130000,0,0,ACTIVE,MODELED
CTR00187,NE_RB_03,NE,VETERAN_MINIMUM,2026,2026,1,1,1210000,1210000,1210000,0,0,0,60500,1210000,0,0,ACTIVE,MODELED
CTR00188,NE_RB_04,NE,VETERAN_MINIMUM,2026,2028,3,3,3990000,1330000,1330000,0,0,0,199500,1330000,0,0,ACTIVE,MODELED
CTR00189,NE_RB_05,NE,VETERAN_MINIMUM,2026,2026,1,1,1130000,1130000,1130000,0,0,0,56500,1130000,0,0,ACTIVE,MODELED
CTR00190,NE_FB_01,NE,VETERAN_MINIMUM,2026,2026,1,1,1330000,1330000,1330000,0,0,0,66500,1330000,0,0,ACTIVE,MODELED
CTR00191,NE_WR_01,NE,VETERAN,2026,2026,1,1,9143666,9143666,5702425,3441242,3441242,0,3896075,9143666,3441242,0,ACTIVE,MODELED
CTR00192,NE_WR_02,NE,VETERAN,2026,2028,3,3,34466628,11488876,8889849,7797080,2599027,0,23504574,11488876,7797080,0,ACTIVE,MODELED
CTR00193,NE_WR_03,NE,VETERAN,2026,2026,1,1,4703716,4703716,3692453,1011263,1011263,141111,2596830,4844827,1011263,0,ACTIVE,MODELED
CTR00194,NE_WR_04,NE,VETERAN_MINIMUM,2026,2026,1,1,1210000,1210000,1210000,0,0,0,60500,1210000,0,0,ACTIVE,MODELED
CTR00195,NE_WR_05,NE,UDFA,2025,2027,3,2,2520000,840000,756000,620050,206683,0,50400,962683,413367,0,ACTIVE,MODELED
CTR00196,NE_WR_06,NE,VETERAN,2025,2026,2,1,9034603,4517301,3705781,1623042,811521,0,0,4517301,811521,0,ACTIVE,MODELED
CTR00197,NE_WR_07,NE,ROOKIE_SCALE,2025,2028,4,3,3860000,965000,756000,1012419,253105,0,965000,1009105,759314,0,ACTIVE,MODELED
CTR00198,NE_WR_08,NE,VETERAN_MINIMUM,2026,2027,2,2,2060000,1030000,1030000,0,0,0,103000,1030000,0,0,ACTIVE,MODELED
CTR00199,NE_WR_09,NE,VETERAN_MINIMUM,2026,2026,1,1,1030000,1030000,1030000,0,0,0,51500,1030000,0,0,ACTIVE,MODELED
CTR00200,NE_WR_10,NE,UDFA,2025,2027,3,2,2520000,840000,756000,886589,295530,0,50400,1051530,591060,0,ACTIVE,MODELED
CTR00201,NE_WR_11,NE,VETERAN_MINIMUM,2026,2028,3,3,3090000,1030000,1030000,0,0,0,154500,1030000,0,0,ACTIVE,MODELED
CTR00202,NE_TE_01,NE,VETERAN,2026,2026,1,1,8808149,8808149,5914769,2893380,2893380,264244,3744524,9072394,2893380,0,ACTIVE,MODELED
CTR00203,NE_TE_02,NE,VETERAN_MINIMUM,2026,2026,1,1,1330000,1330000,1330000,0,0,0,66500,1330000,0,0,ACTIVE,MODELED
CTR00204,NE_TE_03,NE,ROOKIE_SCALE,2022,2026,5,1,31040270,6208054,5023011,5925213,1185043,0,31040270,6208054,1185043,0,ACTIVE,MODELED
CTR00205,NE_TE_04,NE,ROOKIE_SCALE,2025,2028,4,3,3980000,995000,784179,843285,210821,0,995000,995000,632464,0,ACTIVE,MODELED
CTR00206,NE_TE_05,NE,VETERAN_MINIMUM,2026,2027,2,2,2260000,1130000,1130000,0,0,0,113000,1130000,0,0,ACTIVE,MODELED
CTR00207,NE_TE_06,NE,UDFA,2024,2026,3,1,2520000,840000,756000,492213,164071,0,50400,920071,164071,0,ACTIVE,MODELED
CTR00208,NE_OT_01,NE,VETERAN_MINIMUM,2026,2026,1,1,1629204,1629204,1629204,0,0,0,81460,1629204,0,0,ACTIVE,MODELED
CTR00209,NE_OT_02,NE,VETERAN,2024,2026,3,1,13326383,4442128,3460551,2944731,981577,0,8045477,4442128,981577,0,ACTIVE,MODELED
CTR00210,NE_OT_03,NE,VETERAN,2026,2027,2,2,7169460,3584730,2968542,1232376,616188,0,2236040,3584730,1232376,0,ACTIVE,MODELED
CTR00211,NE_OT_04,NE,VETERAN_MINIMUM,2026,2027,2,2,2260000,1130000,1130000,0,0,0,113000,1130000,0,0,ACTIVE,MODELED
CTR00212,NE_OT_05,NE,VETERAN_MINIMUM,2026,2026,1,1,1330000,1330000,1330000,0,0,0,66500,1330000,0,0,ACTIVE,MODELED
CTR00213,NE_OT_06,NE,UDFA,2024,2026,3,1,2520000,840000,756000,798906,266302,0,50400,1022302,266302,0,ACTIVE,MODELED
CTR00214,NE_OG_01,NE,VETERAN,2026,2026,1,1,2569077,2569077,2151943,417134,417134,77072,1630176,2646149,417134,0,ACTIVE,MODELED
CTR00215,NE_OG_02,NE,VETERAN_MINIMUM,2025,2028,4,3,6991879,1747970,1747970,0,0,0,349594,1747970,0,0,ACTIVE,MODELED
CTR00216,NE_OG_03,NE,VETERAN_MINIMUM,2026,2026,1,1,1330000,1330000,1330000,0,0,0,66500,1330000,0,0,ACTIVE,MODELED
CTR00217,NE_OG_04,NE,VETERAN_MINIMUM,2026,2026,1,1,1330000,1330000,1330000,0,0,0,66500,1330000,0,0,ACTIVE,MODELED
CTR00218,NE_OG_05,NE,ROOKIE_SCALE,2026,2029,4,4,4240000,1060000,815745,977021,244255,0,1060000,1060000,977021,0,ACTIVE,MODELED
CTR00219,NE_OG_06,NE,VETERAN_MINIMUM,2026,2026,1,1,1210000,1210000,1210000,0,0,0,60500,1210000,0,0,ACTIVE,MODELED
CTR00220,NE_C_01,NE,VETERAN,2024,2026,3,1,10888551,3629517,3206161,1270068,423356,326657,6376545,3956174,423356,0,ACTIVE,MODELED
CTR00221,NE_C_02,NE,VETERAN_MINIMUM,2026,2027,2,2,2660000,1330000,1330000,0,0,0,133000,1330000,0,0,ACTIVE,MODELED
CTR00222,NE_C_03,NE,VETERAN_MINIMUM,2024,2026,3,1,3090000,1030000,1030000,0,0,0,154500,1030000,0,0,ACTIVE,MODELED
CTR00223,NE_EDGE_01,NE,VETERAN,2026,2026,1,1,8177335,8177335,7901322,276013,276013,245320,4716608,8422655,276013,0,ACTIVE,MODELED
CTR00224,NE_EDGE_02,NE,VETERAN,2025,2028,4,3,23464686,5866171,3784597,8326298,2081574,0,14207984,5866171,6244723,0,ACTIVE,MODELED
CTR00225,NE_EDGE_03,NE,VETERAN_MINIMUM,2026,2026,1,1,1420000,1420000,1420000,0,0,0,71000,1420000,0,0,ACTIVE,MODELED
CTR00226,NE_EDGE_04,NE,VETERAN_MINIMUM,2026,2027,2,2,3036998,1518499,1518499,0,0,0,151850,1518499,0,0,ACTIVE,MODELED
CTR00227,NE_EDGE_05,NE,VETERAN_MINIMUM,2025,2028,4,3,4120000,1030000,1030000,0,0,0,206000,1030000,0,0,ACTIVE,MODELED
CTR00228,NE_EDGE_06,NE,UDFA,2026,2028,3,3,2520000,840000,756000,659212,219737,0,50400,975737,659212,0,ACTIVE,MODELED
CTR00229,NE_EDGE_07,NE,VETERAN_MINIMUM,2026,2026,1,1,1030000,1030000,1030000,0,0,0,51500,1030000,0,0,ACTIVE,MODELED
CTR00230,NE_EDGE_08,NE,UDFA,2024,2026,3,1,2520000,840000,756000,320531,106844,0,50400,862844,106844,0,ACTIVE,MODELED
CTR00231,NE_EDGE_09,NE,UDFA,2026,2028,3,3,2520000,840000,756000,596925,198975,0,50400,954975,596925,0,ACTIVE,MODELED
CTR00232,NE_DT_01,NE,VETERAN,2026,2027,2,2,16994979,8497490,5146134,6702711,3351356,509849,7263023,9007339,6702711,0,ACTIVE,MODELED
CTR00233,NE_DT_02,NE,VETERAN_MINIMUM,2026,2026,1,1,1330000,1330000,1330000,0,0,0,66500,1330000,0,0,ACTIVE,MODELED
CTR00234,NE_DT_03,NE,VETERAN_MINIMUM,2026,2028,3,3,3630000,1210000,1210000,0,0,0,181500,1210000,0,0,ACTIVE,MODELED
CTR00235,NE_DT_04,NE,VETERAN_MINIMUM,2025,2027,3,2,3135145,1045048,1045048,0,0,0,156757,1045048,0,0,ACTIVE,MODELED
CTR00236,NE_DT_05,NE,VETERAN_MINIMUM,2026,2026,1,1,1330000,1330000,1330000,0,0,0,66500,1330000,0,0,ACTIVE,MODELED
CTR00237,NE_DT_06,NE,VETERAN_MINIMUM,2025,2026,2,1,2260000,1130000,1130000,0,0,0,113000,1130000,0,0,ACTIVE,MODELED
CTR00238,NE_DT_07,NE,VETERAN_MINIMUM,2026,2026,1,1,1030000,1030000,1030000,0,0,0,51500,1030000,0,0,ACTIVE,MODELED
CTR00239,NE_DT_08,NE,VETERAN_MINIMUM,2025,2026,2,1,2060000,1030000,1030000,0,0,0,103000,1030000,0,0,ACTIVE,MODELED
CTR00240,NE_LB_01,NE,VETERAN,2024,2027,4,2,40199567,10049892,6072748,15908577,3977144,0,19107247,10049892,7954288,0,ACTIVE,MODELED
CTR00241,NE_LB_02,NE,VETERAN,2026,2026,1,1,2546149,2546149,1875478,670671,670671,76384,910381,2622533,670671,0,ACTIVE,MODELED
CTR00242,NE_LB_03,NE,VETERAN_MINIMUM,2026,2026,1,1,1793269,1793269,1793269,0,0,0,89663,1793269,0,0,ACTIVE,MODELED
CTR00243,NE_LB_04,NE,VETERAN,2026,2030,5,5,20416086,4083217,2789769,6467242,1293448,0,13258189,4083217,6467242,0,ACTIVE,MODELED
CTR00244,NE_LB_05,NE,VETERAN_MINIMUM,2025,2027,3,2,3090000,1030000,1030000,0,0,0,154500,1030000,0,0,ACTIVE,MODELED
CTR00245,NE_LB_06,NE,ROOKIE_SCALE,2026,2029,4,4,4240000,1060000,830742,917032,229258,0,1060000,1060000,917032,0,ACTIVE,MODELED
CTR00246,NE_LB_07,NE,VETERAN_MINIMUM,2026,2026,1,1,1210000,1210000,1210000,0,0,0,60500,1210000,0,0,ACTIVE,MODELED
CTR00247,NE_LB_08,NE,VETERAN_MINIMUM,2022,2026,5,1,5650000,1130000,1130000,0,0,0,282500,1130000,0,0,ACTIVE,MODELED
CTR00248,NE_CB_01,NE,VETERAN_MINIMUM,2025,2026,2,1,3200082,1600041,1600041,0,0,0,160004,1600041,0,0,ACTIVE,MODELED
CTR00249,NE_CB_02,NE,VETERAN,2026,2026,1,1,1768133,1768133,1388037,380096,380096,53044,726178,1821177,380096,0,ACTIVE,MODELED
CTR00250,NE_CB_03,NE,VETERAN,2026,2026,1,1,3787829,3787829,2415442,1372387,1372387,113635,1906854,3901464,1372387,0,ACTIVE,MODELED
CTR00251,NE_CB_04,NE,VETERAN,2025,2028,4,3,10863555,2715889,2322807,1572327,393082,0,4476748,2715889,1179245,0,ACTIVE,MODELED
CTR00252,NE_CB_05,NE,VETERAN_MINIMUM,2026,2026,1,1,1330000,1330000,1330000,0,0,0,66500,1330000,0,0,ACTIVE,MODELED
CTR00253,NE_CB_06,NE,VETERAN,2025,2026,2,1,3215903,1607952,1330027,555849,277925,96477,543362,1704429,277925,0,ACTIVE,MODELED
CTR00254,NE_CB_07,NE,UDFA,2026,2028,3,3,2520000,840000,756000,734977,244992,0,50400,1000992,734977,0,ACTIVE,MODELED
CTR00255,NE_CB_08,NE,VETERAN_MINIMUM,2024,2026,3,1,3630000,1210000,1210000,0,0,0,181500,1210000,0,0,ACTIVE,MODELED
CTR00256,NE_CB_09,NE,VETERAN_MINIMUM,2025,2026,2,1,2060000,1030000,1030000,0,0,0,103000,1030000,0,0,ACTIVE,MODELED
CTR00257,NE_CB_10,NE,VETERAN_MINIMUM,2026,2026,1,1,1130000,1130000,1130000,0,0,0,56500,1130000,0,0,ACTIVE,MODELED
CTR00258,NE_CB_11,NE,VETERAN_MINIMUM,2026,2026,1,1,1210000,1210000,1210000,0,0,0,60500,1210000,0,0,ACTIVE,MODELED
CTR00259,NE_S_01,NE,VETERAN_MINIMUM,2026,2030,5,5,6650000,1330000,1330000,0,0,0,332500,1330000,0,0,ACTIVE,MODELED
CTR00260,NE_S_02,NE,VETERAN,2024,2026,3,1,8256135,2752045,2139360,1838056,612685,0,5758291,2752045,612685,0,ACTIVE,MODELED
CTR00261,NE_S_03,NE,VETERAN,2024,2028,5,3,13841234,2768247,2301361,2334429,466886,0,8065276,2768247,1400658,0,ACTIVE,MODELED
CTR00262,NE_S_04,NE,VETERAN_MINIMUM,2025,2026,2,1,2260000,1130000,1130000,0,0,0,113000,1130000,0,0,ACTIVE,MODELED
CTR00263,NE_S_05,NE,ROOKIE_SCALE,2026,2029,4,4,4240000,1060000,756000,1264530,316132,0,1060000,1072132,1264530,0,ACTIVE,MODELED
CTR00264,NE_S_06,NE,UDFA,2026,2028,3,3,2520000,840000,756000,612036,204012,0,50400,960012,612036,0,ACTIVE,MODELED
CTR00265,NE_S_07,NE,UDFA,2026,2028,3,3,2520000,840000,756000,594836,198279,0,50400,954279,594836,0,ACTIVE,MODELED
CTR00266,NE_K_01,NE,VETERAN_MINIMUM,2024,2026,3,1,3390000,1130000,1130000,0,0,0,169500,1130000,0,0,ACTIVE,MODELED
CTR00267,NE_K_02,NE,VETERAN_MINIMUM,2025,2029,5,4,5650000,1130000,1130000,0,0,0,282500,1130000,0,0,ACTIVE,MODELED
CTR00268,NE_P_01,NE,VETERAN_MINIMUM,2026,2026,1,1,1330000,1330000,1330000,0,0,0,66500,1330000,0,0,ACTIVE,MODELED
CTR00269,NE_P_02,NE,ROOKIE_SCALE,2023,2026,4,1,4240000,1060000,914630,581482,145370,0,1060000,1060000,145370,0,ACTIVE,MODELED
CTR00270,NE_LS_01,NE,ROOKIE_SCALE,2024,2027,4,2,6000000,1500000,1209239,1163042,290761,0,1500000,1500000,581521,0,ACTIVE,MODELED
CTR00271,NYJ_QB_01,NYJ,VETERAN,2025,2027,3,2,82448198,27482733,17280934,30605396,10201799,2473446,26303243,29956178,20403597,1,ACTIVE,MODELED
CTR00272,NYJ_QB_02,NYJ,VETERAN,2026,2026,1,1,1737862,1737862,1605094,132768,132768,0,887201,1737862,132768,0,ACTIVE,MODELED
CTR00273,NYJ_QB_03,NYJ,VETERAN_MINIMUM,2025,2027,3,2,3990000,1330000,1330000,0,0,0,199500,1330000,0,0,ACTIVE,MODELED
CTR00274,NYJ_QB_04,NYJ,VETERAN_MINIMUM,2024,2026,3,1,3090000,1030000,1030000,0,0,0,154500,1030000,0,0,ACTIVE,MODELED
CTR00275,NYJ_RB_01,NYJ,VETERAN_MINIMUM,2026,2026,1,1,1330000,1330000,1330000,0,0,0,66500,1330000,0,0,ACTIVE,MODELED
CTR00276,NYJ_RB_02,NYJ,VETERAN_MINIMUM,2026,2026,1,1,1420000,1420000,1420000,0,0,0,71000,1420000,0,0,ACTIVE,MODELED
CTR00277,NYJ_RB_03,NYJ,VETERAN,2026,2026,1,1,3334946,3334946,2767388,567559,567559,100048,1554464,3434995,567559,0,ACTIVE,MODELED
CTR00278,NYJ_RB_04,NYJ,UDFA,2024,2026,3,1,2520000,840000,756000,706855,235618,0,50400,991618,235618,0,ACTIVE,MODELED
CTR00279,NYJ_RB_05,NYJ,ROOKIE_SCALE,2023,2026,4,1,4240000,1060000,870260,758962,189740,0,1060000,1060000,189740,0,ACTIVE,MODELED
CTR00280,NYJ_FB_01,NYJ,VETERAN_MINIMUM,2026,2026,1,1,1210000,1210000,1210000,0,0,0,60500,1210000,0,0,ACTIVE,MODELED
CTR00281,NYJ_WR_01,NYJ,VETERAN,2026,2026,1,1,5877343,5877343,4475181,1402162,1402162,176320,2093892,6053663,1402162,0,ACTIVE,MODELED
CTR00282,NYJ_WR_02,NYJ,VETERAN,2024,2028,5,3,65653825,13130765,12017079,5568430,1113686,1969615,261214,15100380,3341058,0,ACTIVE,MODELED
CTR00283,NYJ_WR_03,NYJ,VETERAN,2026,2026,1,1,12711755,12711755,9695682,3016073,3016073,381353,4400285,13093108,3016073,0,ACTIVE,MODELED
CTR00284,NYJ_WR_04,NYJ,VETERAN,2026,2026,1,1,1903557,1903557,1582607,320951,320951,0,418229,1903557,320951,0,ACTIVE,MODELED
CTR00285,NYJ_WR_05,NYJ,VETERAN_MINIMUM,2026,2026,1,1,1741085,1741085,1741085,0,0,0,87054,1741085,0,0,ACTIVE,MODELED
CTR00286,NYJ_WR_06,NYJ,VETERAN,2026,2027,2,2,11660327,5830163,4604293,2451741,1225870,0,8219755,5830163,2451741,0,ACTIVE,MODELED
CTR00287,NYJ_WR_07,NYJ,ROOKIE_SCALE,2025,2028,4,3,6000000,1500000,1114288,1542847,385712,0,1500000,1500000,1157135,0,ACTIVE,MODELED
CTR00288,NYJ_WR_08,NYJ,VETERAN_MINIMUM,2025,2026,2,1,2787690,1393845,1393845,0,0,0,139384,1393845,0,0,ACTIVE,MODELED
CTR00289,NYJ_WR_09,NYJ,VETERAN_MINIMUM,2025,2027,3,2,3090000,1030000,1030000,0,0,0,154500,1030000,0,0,ACTIVE,MODELED
CTR00290,NYJ_WR_10,NYJ,VETERAN_MINIMUM,2026,2026,1,1,1130000,1130000,1130000,0,0,0,56500,1130000,0,0,ACTIVE,MODELED
CTR00291,NYJ_WR_11,NYJ,UDFA,2024,2026,3,1,2520000,840000,756000,896141,298714,0,50400,1054714,298714,0,ACTIVE,MODELED
CTR00292,NYJ_TE_01,NYJ,VETERAN,2025,2026,2,1,26286268,13143134,10064296,6157675,3078838,0,4457103,13143134,3078838,0,ACTIVE,MODELED
CTR00293,NYJ_TE_02,NYJ,VETERAN_MINIMUM,2026,2026,1,1,1330000,1330000,1330000,0,0,0,66500,1330000,0,0,ACTIVE,MODELED
CTR00294,NYJ_TE_03,NYJ,VETERAN,2025,2026,2,1,4805469,2402734,1665425,1474619,737309,144164,323660,2546898,737309,0,ACTIVE,MODELED
CTR00295,NYJ_TE_04,NYJ,VETERAN_MINIMUM,2024,2026,3,1,3990000,1330000,1330000,0,0,0,199500,1330000,0,0,ACTIVE,MODELED
CTR00296,NYJ_TE_05,NYJ,ROOKIE_SCALE,2024,2027,4,2,3860000,965000,756000,1324064,331016,0,965000,1087016,662032,0,ACTIVE,MODELED
CTR00297,NYJ_TE_06,NYJ,VETERAN_MINIMUM,2025,2026,2,1,2420000,1210000,1210000,0,0,0,121000,1210000,0,0,ACTIVE,MODELED
CTR00298,NYJ_OT_01,NYJ,VETERAN,2026,2027,2,2,25380473,12690236,7898348,9583778,4791889,0,12624762,12690236,9583778,0,ACTIVE,MODELED
CTR00299,NYJ_OT_02,NYJ,VETERAN,2026,2026,1,1,6707394,6707394,6707394,0,0,0,2885520,6707394,0,0,ACTIVE,MODELED
CTR00300,NYJ_OT_03,NYJ,VETERAN_MINIMUM,2026,2028,3,3,4260000,1420000,1420000,0,0,0,213000,1420000,0,0,ACTIVE,MODELED
CTR00301,NYJ_OT_04,NYJ,VETERAN,2025,2026,2,1,16718658,8359329,7461124,1796410,898205,0,8805336,8359329,898205,0,ACTIVE,MODELED
CTR00302,NYJ_OT_05,NYJ,VETERAN_MINIMUM,2023,2026,4,1,4120000,1030000,1030000,0,0,0,206000,1030000,0,0,ACTIVE,MODELED
CTR00303,NYJ_OT_06,NYJ,UDFA,2024,2026,3,1,2520000,840000,756000,491267,163756,0,50400,919756,163756,0,ACTIVE,MODELED
CTR00304,NYJ_OG_01,NYJ,VETERAN,2026,2026,1,1,2484748,2484748,2081296,403452,403452,0,1203111,2484748,403452,0,ACTIVE,MODELED
CTR00305,NYJ_OG_02,NYJ,VETERAN,2024,2026,3,1,5306230,1768743,1185593,1749452,583151,159187,2083935,1927930,583151,0,ACTIVE,MODELED
CTR00306,NYJ_OG_03,NYJ,VETERAN_MINIMUM,2025,2026,2,1,2260000,1130000,1130000,0,0,0,113000,1130000,0,0,ACTIVE,MODELED
CTR00307,NYJ_OG_04,NYJ,VETERAN_MINIMUM,2025,2029,5,4,6650000,1330000,1330000,0,0,0,332500,1330000,0,0,ACTIVE,MODELED
CTR00308,NYJ_OG_05,NYJ,ROOKIE_SCALE,2024,2027,4,2,4240000,1060000,789359,1082563,270641,0,1060000,1060000,541282,0,ACTIVE,MODELED
CTR00309,NYJ_OG_06,NYJ,ROOKIE_SCALE,2026,2029,4,4,3980000,995000,756000,1030208,257552,0,995000,1013552,1030208,0,ACTIVE,MODELED
CTR00310,NYJ_C_01,NYJ,VETERAN,2026,2026,1,1,4382001,4382001,3511527,870474,870474,131460,3328073,4513461,870474,0,ACTIVE,MODELED
CTR00311,NYJ_C_02,NYJ,VETERAN,2024,2026,3,1,8316530,2772177,1878428,2681246,893749,0,4051820,2772177,893749,0,ACTIVE,MODELED
CTR00312,NYJ_C_03,NYJ,VETERAN_MINIMUM,2026,2027,2,2,2260000,1130000,1130000,0,0,0,113000,1130000,0,0,ACTIVE,MODELED
CTR00313,NYJ_EDGE_01,NYJ,VETERAN,2024,2027,4,2,36707409,9176852,6396975,11119507,2779877,1101222,19282773,10278075,5559754,0,ACTIVE,MODELED
CTR00314,NYJ_EDGE_02,NYJ,VETERAN,2026,2026,1,1,4829808,4829808,3595776,1234032,1234032,0,1693090,4829808,1234032,0,ACTIVE,MODELED
CTR00315,NYJ_EDGE_03,NYJ,VETERAN_MINIMUM,2026,2026,1,1,1210000,1210000,1210000,0,0,0,60500,1210000,0,0,ACTIVE,MODELED
CTR00316,NYJ_EDGE_04,NYJ,VETERAN,2026,2026,1,1,9302679,9302679,7303258,1999421,1999421,0,4539037,9302679,1999421,0,ACTIVE,MODELED
CTR00317,NYJ_EDGE_05,NYJ,ROOKIE_SCALE,2025,2028,4,3,3860000,965000,759063,823746,205937,0,965000,965000,617810,0,ACTIVE,MODELED
CTR00318,NYJ_EDGE_06,NYJ,VETERAN,2026,2026,1,1,2919502,2919502,2286151,633351,633351,87585,1360780,3007087,633351,0,ACTIVE,MODELED
CTR00319,NYJ_EDGE_07,NYJ,UDFA,2024,2026,3,1,2520000,840000,756000,313999,104666,0,50400,860666,104666,0,ACTIVE,MODELED
CTR00320,NYJ_EDGE_08,NYJ,UDFA,2026,2028,3,3,2520000,840000,756000,266548,88849,0,50400,844849,266548,0,ACTIVE,MODELED
CTR00321,NYJ_EDGE_09,NYJ,ROOKIE_SCALE,2026,2029,4,4,3980000,995000,890077,419691,104923,0,995000,995000,419691,0,ACTIVE,MODELED
CTR00322,NYJ_DT_01,NYJ,VETERAN,2025,2027,3,2,19123581,6374527,5813709,1682453,560818,0,11823845,6374527,1121635,0,ACTIVE,MODELED
CTR00323,NYJ_DT_02,NYJ,VETERAN,2026,2026,1,1,8009068,8009068,6022614,1986454,1986454,240272,6104575,8249340,1986454,0,ACTIVE,MODELED
CTR00324,NYJ_DT_03,NYJ,VETERAN,2025,2026,2,1,6433169,3216584,2540397,1352374,676187,0,3887582,3216584,676187,0,ACTIVE,MODELED
CTR00325,NYJ_DT_04,NYJ,VETERAN_MINIMUM,2025,2028,4,3,5320000,1330000,1330000,0,0,0,266000,1330000,0,0,ACTIVE,MODELED
CTR00326,NYJ_DT_05,NYJ,VETERAN,2026,2028,3,3,6458307,2152769,1806560,1038627,346209,0,3015186,2152769,1038627,0,ACTIVE,MODELED
CTR00327,NYJ_DT_06,NYJ,VETERAN_MINIMUM,2025,2027,3,2,3390000,1130000,1130000,0,0,0,169500,1130000,0,0,ACTIVE,MODELED
CTR00328,NYJ_DT_07,NYJ,ROOKIE_SCALE,2024,2027,4,2,3860000,965000,756000,1116857,279214,0,965000,1035214,558428,0,ACTIVE,MODELED
CTR00329,NYJ_DT_08,NYJ,UDFA,2026,2028,3,3,2520000,840000,756000,514366,171455,0,50400,927455,514366,0,ACTIVE,MODELED
CTR00330,NYJ_LB_01,NYJ,VETERAN,2026,2027,2,2,8048975,4024488,2831568,2385839,1192919,241469,5061975,4265957,2385839,0,ACTIVE,MODELED
CTR00331,NYJ_LB_02,NYJ,VETERAN,2026,2028,3,3,6091940,2030647,1560074,1411719,470573,182758,2546123,2213405,1411719,0,ACTIVE,MODELED
CTR00332,NYJ_LB_03,NYJ,VETERAN_MINIMUM,2026,2027,2,2,2840000,1420000,1420000,0,0,0,142000,1420000,0,0,ACTIVE,MODELED
CTR00333,NYJ_LB_04,NYJ,VETERAN,2025,2027,3,2,5754416,1918139,1716258,605641,201880,0,2565100,1918139,403761,0,ACTIVE,MODELED
CTR00334,NYJ_LB_05,NYJ,VETERAN_MINIMUM,2025,2026,2,1,2260000,1130000,1130000,0,0,0,113000,1130000,0,0,ACTIVE,MODELED
CTR00335,NYJ_LB_06,NYJ,UDFA,2025,2027,3,2,2520000,840000,756000,798000,266000,0,50400,1022000,532000,0,ACTIVE,MODELED
CTR00336,NYJ_LB_07,NYJ,UDFA,2024,2026,3,1,2520000,840000,756000,678574,226191,0,50400,982191,226191,0,ACTIVE,MODELED
CTR00337,NYJ_LB_08,NYJ,ROOKIE_SCALE,2023,2026,4,1,3980000,995000,756000,1641755,410439,0,995000,1166439,410439,0,ACTIVE,MODELED
CTR00338,NYJ_CB_01,NYJ,VETERAN,2026,2027,2,2,11212730,5606365,4087032,3038665,1519333,0,7790931,5606365,3038665,0,ACTIVE,MODELED
CTR00339,NYJ_CB_02,NYJ,VETERAN,2026,2026,1,1,9647750,9647750,7744565,1903186,1903186,0,7077350,9647750,1903186,0,ACTIVE,MODELED
CTR00340,NYJ_CB_03,NYJ,VETERAN,2026,2026,1,1,17803653,17803653,12980263,4823390,4823390,0,8078187,17803653,4823390,0,ACTIVE,MODELED
CTR00341,NYJ_CB_04,NYJ,VETERAN,2026,2026,1,1,2992654,2992654,2588296,404358,404358,89780,1242619,3082433,404358,0,ACTIVE,MODELED
CTR00342,NYJ_CB_05,NYJ,ROOKIE_SCALE,2023,2026,4,1,9000000,2250000,1795603,1817589,454397,0,4950000,2250000,454397,0,ACTIVE,MODELED
CTR00343,NYJ_CB_06,NYJ,VETERAN_MINIMUM,2026,2026,1,1,1410611,1410611,1410611,0,0,0,70531,1410611,0,0,ACTIVE,MODELED
CTR00344,NYJ_CB_07,NYJ,VETERAN_MINIMUM,2026,2026,1,1,1210000,1210000,1210000,0,0,0,60500,1210000,0,0,ACTIVE,MODELED
CTR00345,NYJ_CB_08,NYJ,UDFA,2025,2027,3,2,2520000,840000,756000,692108,230703,0,50400,986703,461405,0,ACTIVE,MODELED
CTR00346,NYJ_CB_09,NYJ,ROOKIE_SCALE,2025,2028,4,3,3980000,995000,821377,694493,173623,0,995000,995000,520870,0,ACTIVE,MODELED
CTR00347,NYJ_CB_10,NYJ,VETERAN_MINIMUM,2025,2026,2,1,2660000,1330000,1330000,0,0,0,133000,1330000,0,0,ACTIVE,MODELED
CTR00348,NYJ_CB_11,NYJ,ROOKIE_SCALE,2024,2027,4,2,3980000,995000,760565,937742,234435,0,995000,995000,468871,0,ACTIVE,MODELED
CTR00349,NYJ_S_01,NYJ,VETERAN,2026,2027,2,2,11905482,5952741,4255033,3395416,1697708,357164,2172872,6309906,3395416,0,ACTIVE,MODELED
CTR00350,NYJ_S_02,NYJ,VETERAN,2026,2029,4,4,45263068,11315767,7427355,15553646,3888412,1357892,30841684,12673659,15553646,0,ACTIVE,MODELED
CTR00351,NYJ_S_03,NYJ,VETERAN_MINIMUM,2025,2027,3,2,3990000,1330000,1330000,0,0,0,199500,1330000,0,0,ACTIVE,MODELED
CTR00352,NYJ_S_04,NYJ,VETERAN_MINIMUM,2026,2026,1,1,1130000,1130000,1130000,0,0,0,56500,1130000,0,0,ACTIVE,MODELED
CTR00353,NYJ_S_05,NYJ,VETERAN_MINIMUM,2025,2026,2,1,2840000,1420000,1420000,0,0,0,142000,1420000,0,0,ACTIVE,MODELED
CTR00354,NYJ_S_06,NYJ,ROOKIE_SCALE,2026,2029,4,4,3860000,965000,756000,1175140,293785,0,965000,1049785,1175140,0,ACTIVE,MODELED
CTR00355,NYJ_S_07,NYJ,VETERAN_MINIMUM,2026,2026,1,1,1030000,1030000,1030000,0,0,0,51500,1030000,0,0,ACTIVE,MODELED
CTR00356,NYJ_K_01,NYJ,VETERAN,2026,2027,2,2,6515420,3257710,3006995,501430,250715,0,2397949,3257710,501430,0,ACTIVE,MODELED
CTR00357,NYJ_K_02,NYJ,VETERAN_MINIMUM,2026,2028,3,3,3390000,1130000,1130000,0,0,0,169500,1130000,0,0,ACTIVE,MODELED
CTR00358,NYJ_P_01,NYJ,VETERAN,2024,2026,3,1,4612734,1537578,1152171,1156222,385407,138382,416416,1675960,385407,0,ACTIVE,MODELED
CTR00359,NYJ_P_02,NYJ,VETERAN_MINIMUM,2026,2027,2,2,2060000,1030000,1030000,0,0,0,103000,1030000,0,0,ACTIVE,MODELED
CTR00360,NYJ_LS_01,NYJ,VETERAN_MINIMUM,2026,2026,1,1,1030000,1030000,1030000,0,0,0,51500,1030000,0,0,ACTIVE,MODELED
CTR00361,BAL_QB_01,BAL,VETERAN,2026,2028,3,3,30971134,10323711,7991848,6995589,2331863,0,19812554,10323711,6995589,0,ACTIVE,MODELED
CTR00362,BAL_QB_02,BAL,VETERAN,2025,2026,2,1,5883948,2941974,2305354,1273240,636620,0,3461178,2941974,636620,0,ACTIVE,MODELED
CTR00363,BAL_QB_03,BAL,VETERAN_MINIMUM,2024,2026,3,1,4260000,1420000,1420000,0,0,0,213000,1420000,0,0,ACTIVE,MODELED
CTR00364,BAL_QB_04,BAL,UDFA,2024,2026,3,1,2520000,840000,756000,676473,225491,0,50400,981491,225491,0,ACTIVE,MODELED
CTR00365,BAL_RB_01,BAL,VETERAN,2025,2026,2,1,4197543,2098771,1446203,1305136,652568,0,3139088,2098771,652568,0,ACTIVE,MODELED
CTR00366,BAL_RB_02,BAL,VETERAN_MINIMUM,2025,2027,3,2,3390000,1130000,1130000,0,0,0,169500,1130000,0,0,ACTIVE,MODELED
CTR00367,BAL_RB_03,BAL,VETERAN_MINIMUM,2026,2026,1,1,1130000,1130000,1130000,0,0,0,56500,1130000,0,0,ACTIVE,MODELED
CTR00368,BAL_RB_04,BAL,VETERAN_MINIMUM,2026,2026,1,1,1130000,1130000,1130000,0,0,0,56500,1130000,0,0,ACTIVE,MODELED
CTR00369,BAL_RB_05,BAL,UDFA,2026,2028,3,3,2520000,840000,756000,513346,171115,0,50400,927115,513346,0,ACTIVE,MODELED
CTR00370,BAL_FB_01,BAL,VETERAN_MINIMUM,2026,2027,2,2,2420000,1210000,1210000,0,0,0,121000,1210000,0,0,ACTIVE,MODELED
CTR00371,BAL_WR_01,BAL,VETERAN,2026,2028,3,3,7032881,2344294,1962528,1145298,381766,0,4420696,2344294,1145298,0,ACTIVE,MODELED
CTR00372,BAL_WR_02,BAL,VETERAN,2026,2026,1,1,9001319,9001319,6824388,2176930,2176930,270040,3695762,9271358,2176930,0,ACTIVE,MODELED
CTR00373,BAL_WR_03,BAL,VETERAN,2026,2026,1,1,12976886,12976886,10046350,2930537,2930537,0,8994103,12976886,2930537,0,ACTIVE,MODELED
CTR00374,BAL_WR_04,BAL,ROOKIE_SCALE,2025,2028,4,3,4240000,1060000,869349,762602,190651,0,1060000,1060000,571952,0,ACTIVE,MODELED
CTR00375,BAL_WR_05,BAL,ROOKIE_SCALE,2026,2030,5,5,29396850,5879370,4628151,6256096,1251219,0,29396850,5879370,6256096,0,ACTIVE,MODELED
CTR00376,BAL_WR_06,BAL,VETERAN_MINIMUM,2024,2026,3,1,3990000,1330000,1330000,0,0,0,199500,1330000,0,0,ACTIVE,MODELED
CTR00377,BAL_WR_07,BAL,VETERAN_MINIMUM,2026,2026,1,1,1330000,1330000,1330000,0,0,0,66500,1330000,0,0,ACTIVE,MODELED
CTR00378,BAL_WR_08,BAL,VETERAN_MINIMUM,2026,2026,1,1,1130000,1130000,1130000,0,0,0,56500,1130000,0,0,ACTIVE,MODELED
CTR00379,BAL_WR_09,BAL,UDFA,2024,2026,3,1,2520000,840000,756000,484396,161465,0,50400,917465,161465,0,ACTIVE,MODELED
CTR00380,BAL_WR_10,BAL,ROOKIE_SCALE,2025,2028,4,3,3860000,965000,824264,562946,140736,0,965000,965000,422209,0,ACTIVE,MODELED
CTR00381,BAL_WR_11,BAL,UDFA,2026,2028,3,3,2520000,840000,756000,361357,120452,0,50400,876452,361357,0,ACTIVE,MODELED
CTR00382,BAL_TE_01,BAL,VETERAN,2026,2026,1,1,5644492,5644492,4362878,1281614,1281614,0,1437740,5644492,1281614,0,ACTIVE,MODELED
CTR00383,BAL_TE_02,BAL,VETERAN_MINIMUM,2026,2026,1,1,1330000,1330000,1330000,0,0,0,66500,1330000,0,0,ACTIVE,MODELED
CTR00384,BAL_TE_03,BAL,VETERAN_MINIMUM,2025,2026,2,1,2666627,1333313,1333313,0,0,0,133331,1333313,0,0,ACTIVE,MODELED
CTR00385,BAL_TE_04,BAL,VETERAN_MINIMUM,2026,2026,1,1,1030000,1030000,1030000,0,0,0,51500,1030000,0,0,ACTIVE,MODELED
CTR00386,BAL_TE_05,BAL,VETERAN_MINIMUM,2025,2026,2,1,2060000,1030000,1030000,0,0,0,103000,1030000,0,0,ACTIVE,MODELED
CTR00387,BAL_TE_06,BAL,UDFA,2024,2026,3,1,2520000,840000,756000,486959,162320,0,50400,918320,162320,0,ACTIVE,MODELED
CTR00388,BAL_OT_01,BAL,VETERAN_MINIMUM,2025,2026,2,1,2788482,1394241,1394241,0,0,0,139424,1394241,0,0,ACTIVE,MODELED
CTR00389,BAL_OT_02,BAL,VETERAN,2026,2026,1,1,7251110,7251110,5437461,1813649,1813649,0,3224275,7251110,1813649,0,ACTIVE,MODELED
CTR00390,BAL_OT_03,BAL,VETERAN_MINIMUM,2026,2026,1,1,1030000,1030000,1030000,0,0,0,51500,1030000,0,0,ACTIVE,MODELED
CTR00391,BAL_OT_04,BAL,VETERAN_MINIMUM,2025,2026,2,1,2840000,1420000,1420000,0,0,0,142000,1420000,0,0,ACTIVE,MODELED
CTR00392,BAL_OT_05,BAL,UDFA,2025,2027,3,2,2520000,840000,756000,570977,190326,0,50400,946326,380651,0,ACTIVE,MODELED
CTR00393,BAL_OT_06,BAL,UDFA,2024,2026,3,1,2520000,840000,756000,413014,137671,0,50400,893671,137671,0,ACTIVE,MODELED
CTR00394,BAL_OG_01,BAL,VETERAN,2026,2026,1,1,3329792,3329792,2391073,938720,938720,0,1730083,3329792,938720,0,ACTIVE,MODELED
CTR00395,BAL_OG_02,BAL,VETERAN,2026,2026,1,1,11836253,11836253,9378718,2457535,2457535,0,6089262,11836253,2457535,0,ACTIVE,MODELED
CTR00396,BAL_OG_03,BAL,VETERAN_MINIMUM,2026,2026,1,1,1595273,1595273,1595273,0,0,0,79764,1595273,0,0,ACTIVE,MODELED
CTR00397,BAL_OG_04,BAL,VETERAN_MINIMUM,2026,2027,2,2,2060000,1030000,1030000,0,0,0,103000,1030000,0,0,ACTIVE,MODELED
CTR00398,BAL_OG_05,BAL,VETERAN_MINIMUM,2026,2026,1,1,1420000,1420000,1420000,0,0,0,71000,1420000,0,0,ACTIVE,MODELED
CTR00399,BAL_OG_06,BAL,VETERAN_MINIMUM,2026,2027,2,2,2420000,1210000,1210000,0,0,0,121000,1210000,0,0,ACTIVE,MODELED
CTR00400,BAL_C_01,BAL,VETERAN,2025,2028,4,3,11948712,2987178,1970398,4067119,1016780,358461,4070768,3345639,3050339,0,ACTIVE,MODELED
CTR00401,BAL_C_02,BAL,VETERAN_MINIMUM,2024,2026,3,1,3630000,1210000,1210000,0,0,0,181500,1210000,0,0,ACTIVE,MODELED
CTR00402,BAL_C_03,BAL,ROOKIE_SCALE,2025,2028,4,3,3980000,995000,756000,1037564,259391,0,995000,1015391,778173,0,ACTIVE,MODELED
CTR00403,BAL_EDGE_01,BAL,ROOKIE_SCALE,2026,2029,4,4,4760000,1190000,856228,1335087,333772,0,1190000,1190000,1335087,0,ACTIVE,MODELED
CTR00404,BAL_EDGE_02,BAL,VETERAN,2026,2026,1,1,39089792,39089792,30654229,8435563,8435563,1172694,8530907,40262486,8435563,0,ACTIVE,MODELED
CTR00405,BAL_EDGE_03,BAL,VETERAN,2025,2028,4,3,15929371,3982343,2813146,4676789,1169197,0,10534606,3982343,3507592,0,ACTIVE,MODELED
CTR00406,BAL_EDGE_04,BAL,VETERAN,2026,2027,2,2,6170041,3085021,2723629,722783,361392,185101,2966495,3270122,722783,0,ACTIVE,MODELED
CTR00407,BAL_EDGE_05,BAL,VETERAN_MINIMUM,2025,2026,2,1,2060000,1030000,1030000,0,0,0,103000,1030000,0,0,ACTIVE,MODELED
CTR00408,BAL_EDGE_06,BAL,UDFA,2025,2027,3,2,2520000,840000,756000,351843,117281,0,50400,873281,234562,0,ACTIVE,MODELED
CTR00409,BAL_EDGE_07,BAL,VETERAN_MINIMUM,2026,2028,3,3,3630000,1210000,1210000,0,0,0,181500,1210000,0,0,ACTIVE,MODELED
CTR00410,BAL_EDGE_08,BAL,VETERAN_MINIMUM,2026,2026,1,1,1130000,1130000,1130000,0,0,0,56500,1130000,0,0,ACTIVE,MODELED
CTR00411,BAL_EDGE_09,BAL,ROOKIE_SCALE,2025,2028,4,3,3980000,995000,756000,1250850,312713,0,995000,1068713,938138,0,ACTIVE,MODELED
CTR00412,BAL_DT_01,BAL,VETERAN,2026,2026,1,1,9995069,9995069,7716492,2278577,2278577,299852,4824993,10294922,2278577,0,ACTIVE,MODELED
CTR00413,BAL_DT_02,BAL,VETERAN,2026,2027,2,2,18084840,9042420,6589256,4906327,2453164,0,6284942,9042420,4906327,0,ACTIVE,MODELED
CTR00414,BAL_DT_03,BAL,VETERAN_MINIMUM,2026,2026,1,1,1268312,1268312,1268312,0,0,0,63416,1268312,0,0,ACTIVE,MODELED
CTR00415,BAL_DT_04,BAL,VETERAN_MINIMUM,2024,2026,3,1,4543678,1514559,1514559,0,0,0,227184,1514559,0,0,ACTIVE,MODELED
CTR00416,BAL_DT_05,BAL,VETERAN_MINIMUM,2026,2027,2,2,2060000,1030000,1030000,0,0,0,103000,1030000,0,0,ACTIVE,MODELED
CTR00417,BAL_DT_06,BAL,VETERAN_MINIMUM,2026,2026,1,1,1030000,1030000,1030000,0,0,0,51500,1030000,0,0,ACTIVE,MODELED
CTR00418,BAL_DT_07,BAL,UDFA,2026,2028,3,3,2520000,840000,756000,834038,278013,0,50400,1034013,834038,0,ACTIVE,MODELED
CTR00419,BAL_DT_08,BAL,VETERAN_MINIMUM,2026,2027,2,2,2260000,1130000,1130000,0,0,0,113000,1130000,0,0,ACTIVE,MODELED
CTR00420,BAL_LB_01,BAL,VETERAN,2026,2026,1,1,5782128,5782128,4648882,1133247,1133247,173464,1098691,5955592,1133247,0,ACTIVE,MODELED
CTR00421,BAL_LB_02,BAL,VETERAN,2026,2028,3,3,23598262,7866087,6901060,2895082,965027,0,16468002,7866087,2895082,0,ACTIVE,MODELED
CTR00422,BAL_LB_03,BAL,VETERAN_MINIMUM,2026,2027,2,2,2660000,1330000,1330000,0,0,0,133000,1330000,0,0,ACTIVE,MODELED
CTR00423,BAL_LB_04,BAL,VETERAN_MINIMUM,2026,2026,1,1,1330000,1330000,1330000,0,0,0,66500,1330000,0,0,ACTIVE,MODELED
CTR00424,BAL_LB_05,BAL,VETERAN_MINIMUM,2026,2027,2,2,2660000,1330000,1330000,0,0,0,133000,1330000,0,0,ACTIVE,MODELED
CTR00425,BAL_LB_06,BAL,VETERAN_MINIMUM,2024,2026,3,1,3090000,1030000,1030000,0,0,0,154500,1030000,0,0,ACTIVE,MODELED
CTR00426,BAL_LB_07,BAL,ROOKIE_SCALE,2023,2026,4,1,4240000,1060000,892874,668503,167126,0,1060000,1060000,167126,0,ACTIVE,MODELED
CTR00427,BAL_LB_08,BAL,UDFA,2025,2027,3,2,2520000,840000,756000,807131,269044,0,50400,1025044,538087,0,ACTIVE,MODELED
CTR00428,BAL_CB_01,BAL,VETERAN,2026,2026,1,1,7251537,7251537,6457682,793855,793855,217546,3157395,7469083,793855,0,ACTIVE,MODELED
CTR00429,BAL_CB_02,BAL,VETERAN,2025,2026,2,1,10449622,5224811,3526252,3397117,1698558,0,4236078,5224811,1698558,0,ACTIVE,MODELED
CTR00430,BAL_CB_03,BAL,VETERAN,2024,2028,5,3,53732282,10746456,8251506,12474750,2494950,1611968,26649204,12358425,7484850,0,ACTIVE,MODELED
CTR00431,BAL_CB_04,BAL,VETERAN_MINIMUM,2026,2026,1,1,1130000,1130000,1130000,0,0,0,56500,1130000,0,0,ACTIVE,MODELED
CTR00432,BAL_CB_05,BAL,VETERAN_MINIMUM,2025,2027,3,2,4260000,1420000,1420000,0,0,0,213000,1420000,0,0,ACTIVE,MODELED
CTR00433,BAL_CB_06,BAL,VETERAN,2025,2026,2,1,5380876,2690438,2119412,1142053,571026,161426,2954262,2851864,571026,0,ACTIVE,MODELED
CTR00434,BAL_CB_07,BAL,VETERAN_MINIMUM,2026,2026,1,1,1130000,1130000,1130000,0,0,0,56500,1130000,0,0,ACTIVE,MODELED
CTR00435,BAL_CB_08,BAL,ROOKIE_SCALE,2023,2026,4,1,4240000,1060000,904354,622584,155646,0,1060000,1060000,155646,0,ACTIVE,MODELED
CTR00436,BAL_CB_09,BAL,VETERAN_MINIMUM,2026,2026,1,1,1030000,1030000,1030000,0,0,0,51500,1030000,0,0,ACTIVE,MODELED
CTR00437,BAL_CB_10,BAL,UDFA,2025,2027,3,2,2520000,840000,756000,637439,212480,0,50400,968480,424959,0,ACTIVE,MODELED
CTR00438,BAL_CB_11,BAL,VETERAN_MINIMUM,2025,2027,3,2,3630000,1210000,1210000,0,0,0,181500,1210000,0,0,ACTIVE,MODELED
CTR00439,BAL_S_01,BAL,VETERAN_MINIMUM,2026,2027,2,2,2260000,1130000,1130000,0,0,0,113000,1130000,0,0,ACTIVE,MODELED
CTR00440,BAL_S_02,BAL,VETERAN_MINIMUM,2026,2027,2,2,2840000,1420000,1420000,0,0,0,142000,1420000,0,0,ACTIVE,MODELED
CTR00441,BAL_S_03,BAL,VETERAN,2026,2026,1,1,1820721,1820721,1344921,475801,475801,54622,653866,1875343,475801,0,ACTIVE,MODELED
CTR00442,BAL_S_04,BAL,VETERAN_MINIMUM,2026,2026,1,1,1210000,1210000,1210000,0,0,0,60500,1210000,0,0,ACTIVE,MODELED
CTR00443,BAL_S_05,BAL,ROOKIE_SCALE,2024,2027,4,2,3860000,965000,756000,978577,244644,0,965000,1000644,489289,0,ACTIVE,MODELED
CTR00444,BAL_S_06,BAL,UDFA,2024,2026,3,1,2520000,840000,756000,559186,186395,0,50400,942395,186395,0,ACTIVE,MODELED
CTR00445,BAL_S_07,BAL,VETERAN_MINIMUM,2025,2026,2,1,2060000,1030000,1030000,0,0,0,103000,1030000,0,0,ACTIVE,MODELED
CTR00446,BAL_K_01,BAL,VETERAN_MINIMUM,2023,2027,5,2,6650000,1330000,1330000,0,0,0,332500,1330000,0,0,ACTIVE,MODELED
CTR00447,BAL_K_02,BAL,VETERAN_MINIMUM,2026,2026,1,1,1030000,1030000,1030000,0,0,0,51500,1030000,0,0,ACTIVE,MODELED
CTR00448,BAL_P_01,BAL,VETERAN_MINIMUM,2026,2026,1,1,1030000,1030000,1030000,0,0,0,51500,1030000,0,0,ACTIVE,MODELED
CTR00449,BAL_P_02,BAL,VETERAN_MINIMUM,2026,2026,1,1,1210000,1210000,1210000,0,0,0,60500,1210000,0,0,ACTIVE,MODELED
CTR00450,BAL_LS_01,BAL,VETERAN_MINIMUM,2026,2027,2,2,2840000,1420000,1420000,0,0,0,142000,1420000,0,0,ACTIVE,MODELED
CTR00451,PIT_QB_01,PIT,VETERAN,2026,2026,1,1,30340788,30340788,20796877,9543911,9543911,910224,17429651,31251012,9543911,0,ACTIVE,MODELED
CTR00452,PIT_QB_02,PIT,VETERAN,2023,2026,4,1,43538030,10884508,7180380,14816510,3704127,0,31244653,10884508,3704127,0,ACTIVE,MODELED
CTR00453,PIT_QB_03,PIT,VETERAN_MINIMUM,2026,2026,1,1,1030000,1030000,1030000,0,0,0,51500,1030000,0,0,ACTIVE,MODELED
CTR00454,PIT_QB_04,PIT,ROOKIE_SCALE,2026,2029,4,4,3980000,995000,756000,1256451,314113,0,995000,1070113,1256451,0,ACTIVE,MODELED
CTR00455,PIT_RB_01,PIT,VETERAN,2026,2028,3,3,24797944,8265981,6591794,5022561,1674187,0,10401374,8265981,5022561,0,ACTIVE,MODELED
CTR00456,PIT_RB_02,PIT,VETERAN_MINIMUM,2026,2027,2,2,2745648,1372824,1372824,0,0,0,137282,1372824,0,0,ACTIVE,MODELED
CTR00457,PIT_RB_03,PIT,VETERAN_MINIMUM,2026,2027,2,2,2741397,1370699,1370699,0,0,0,137070,1370699,0,0,ACTIVE,MODELED
CTR00458,PIT_RB_04,PIT,VETERAN_MINIMUM,2026,2029,4,4,4120000,1030000,1030000,0,0,0,206000,1030000,0,0,ACTIVE,MODELED
CTR00459,PIT_RB_05,PIT,VETERAN_MINIMUM,2025,2027,3,2,3090000,1030000,1030000,0,0,0,154500,1030000,0,0,ACTIVE,MODELED
CTR00460,PIT_FB_01,PIT,VETERAN_MINIMUM,2025,2026,2,1,2840000,1420000,1420000,0,0,0,142000,1420000,0,0,ACTIVE,MODELED
CTR00461,PIT_WR_01,PIT,VETERAN,2026,2026,1,1,18126305,18126305,14709420,3416885,3416885,0,5422455,18126305,3416885,0,ACTIVE,MODELED
CTR00462,PIT_WR_02,PIT,VETERAN,2025,2026,2,1,26291415,13145707,10078849,6133716,3066858,0,13816736,13145707,3066858,0,ACTIVE,MODELED
CTR00463,PIT_WR_03,PIT,VETERAN,2026,2027,2,2,22752036,11376018,9136299,4479438,2239719,682561,14592964,12058579,4479438,0,ACTIVE,MODELED
CTR00464,PIT_WR_04,PIT,VETERAN,2025,2026,2,1,14303937,7151968,5497044,3309848,1654924,0,5599504,7151968,1654924,0,ACTIVE,MODELED
CTR00465,PIT_WR_05,PIT,VETERAN,2025,2027,3,2,6999214,2333071,1974777,1074883,358294,0,4357123,2333071,716589,0,ACTIVE,MODELED
CTR00466,PIT_WR_06,PIT,ROOKIE_SCALE,2025,2028,4,3,9000000,2250000,1655687,2377254,594313,0,4950000,2250000,1782940,0,ACTIVE,MODELED
CTR00467,PIT_WR_07,PIT,VETERAN_MINIMUM,2026,2028,3,3,5299737,1766579,1766579,0,0,0,264987,1766579,0,0,ACTIVE,MODELED
CTR00468,PIT_WR_08,PIT,UDFA,2025,2027,3,2,2520000,840000,756000,468124,156041,0,50400,912041,312083,0,ACTIVE,MODELED
CTR00469,PIT_WR_09,PIT,ROOKIE_SCALE,2024,2027,4,2,3860000,965000,756000,953561,238390,0,965000,994390,476781,0,ACTIVE,MODELED
CTR00470,PIT_WR_10,PIT,VETERAN_MINIMUM,2024,2026,3,1,3630000,1210000,1210000,0,0,0,181500,1210000,0,0,ACTIVE,MODELED
CTR00471,PIT_WR_11,PIT,VETERAN_MINIMUM,2026,2026,1,1,1210000,1210000,1210000,0,0,0,60500,1210000,0,0,ACTIVE,MODELED
CTR00472,PIT_TE_01,PIT,VETERAN,2026,2026,1,1,6620768,6620768,4520299,2100469,2100469,0,4197533,6620768,2100469,0,ACTIVE,MODELED
CTR00473,PIT_TE_02,PIT,VETERAN,2024,2027,4,2,8459234,2114808,1570860,2175793,543948,253777,5082183,2368585,1087897,0,ACTIVE,MODELED
CTR00474,PIT_TE_03,PIT,VETERAN_MINIMUM,2026,2027,2,2,2840000,1420000,1420000,0,0,0,142000,1420000,0,0,ACTIVE,MODELED
CTR00475,PIT_TE_04,PIT,ROOKIE_SCALE,2025,2028,4,3,3860000,965000,835347,518612,129653,0,965000,965000,388959,0,ACTIVE,MODELED
CTR00476,PIT_TE_05,PIT,UDFA,2025,2027,3,2,2520000,840000,756000,734014,244671,0,50400,1000671,489343,0,ACTIVE,MODELED
CTR00477,PIT_TE_06,PIT,VETERAN_MINIMUM,2026,2026,1,1,1130000,1130000,1130000,0,0,0,56500,1130000,0,0,ACTIVE,MODELED
CTR00478,PIT_OT_01,PIT,VETERAN,2026,2026,1,1,10120950,10120950,8022791,2098159,2098159,303629,5855826,10424579,2098159,0,ACTIVE,MODELED
CTR00479,PIT_OT_02,PIT,VETERAN,2026,2026,1,1,7415407,7415407,5076815,2338592,2338592,222462,4150111,7637869,2338592,0,ACTIVE,MODELED
CTR00480,PIT_OT_03,PIT,VETERAN,2026,2026,1,1,2385707,2385707,1956753,428955,428955,71571,1401343,2457279,428955,0,ACTIVE,MODELED
CTR00481,PIT_OT_04,PIT,VETERAN,2025,2026,2,1,3977833,1988917,1356949,1263936,631968,119335,2190809,2108252,631968,0,ACTIVE,MODELED
CTR00482,PIT_OT_05,PIT,VETERAN_MINIMUM,2026,2027,2,2,2420000,1210000,1210000,0,0,0,121000,1210000,0,0,ACTIVE,MODELED
CTR00483,PIT_OT_06,PIT,UDFA,2025,2027,3,2,2520000,840000,756000,326097,108699,0,50400,864699,217398,0,ACTIVE,MODELED
CTR00484,PIT_OG_01,PIT,VETERAN,2026,2028,3,3,17250396,5750132,4073638,5029481,1676494,0,8131036,5750132,5029481,0,ACTIVE,MODELED
CTR00485,PIT_OG_02,PIT,VETERAN,2025,2026,2,1,23198055,11599027,7400113,8397829,4198915,695942,7996549,12294969,4198915,0,ACTIVE,MODELED
CTR00486,PIT_OG_03,PIT,VETERAN_MINIMUM,2024,2026,3,1,4164902,1388301,1388301,0,0,0,208245,1388301,0,0,ACTIVE,MODELED
CTR00487,PIT_OG_04,PIT,VETERAN,2024,2026,3,1,8611881,2870627,2433950,1310032,436677,0,4677721,2870627,436677,0,ACTIVE,MODELED
CTR00488,PIT_OG_05,PIT,ROOKIE_SCALE,2024,2027,4,2,4760000,1190000,1017281,690876,172719,0,1190000,1190000,345438,0,ACTIVE,MODELED
CTR00489,PIT_OG_06,PIT,UDFA,2024,2026,3,1,2520000,840000,756000,900590,300197,0,50400,1056197,300197,0,ACTIVE,MODELED
CTR00490,PIT_C_01,PIT,VETERAN,2026,2026,1,1,5822439,5822439,5253774,568665,568665,0,686165,5822439,568665,0,ACTIVE,MODELED
CTR00491,PIT_C_02,PIT,VETERAN_MINIMUM,2026,2026,1,1,1330000,1330000,1330000,0,0,0,66500,1330000,0,0,ACTIVE,MODELED
CTR00492,PIT_C_03,PIT,VETERAN_MINIMUM,2026,2029,4,4,4840000,1210000,1210000,0,0,0,242000,1210000,0,0,ACTIVE,MODELED
CTR00493,PIT_EDGE_01,PIT,VETERAN,2024,2026,3,1,18231188,6077063,4585936,4473381,1491127,0,8083070,6077063,1491127,0,ACTIVE,MODELED
CTR00494,PIT_EDGE_02,PIT,VETERAN,2026,2026,1,1,12346337,12346337,8624694,3721644,3721644,0,5433800,12346337,3721644,0,ACTIVE,MODELED
CTR00495,PIT_EDGE_03,PIT,VETERAN,2024,2026,3,1,13730821,4576940,2983578,4780086,1593362,0,8392651,4576940,1593362,0,ACTIVE,MODELED
CTR00496,PIT_EDGE_04,PIT,VETERAN,2026,2026,1,1,5124453,5124453,3345387,1779066,1779066,0,2602003,5124453,1779066,0,ACTIVE,MODELED
CTR00497,PIT_EDGE_05,PIT,VETERAN,2026,2029,4,4,19712768,4928192,3176857,7005342,1751335,591383,10634845,5519575,7005342,0,ACTIVE,MODELED
CTR00498,PIT_EDGE_06,PIT,UDFA,2024,2026,3,1,2520000,840000,756000,712227,237409,0,50400,993409,237409,0,ACTIVE,MODELED
CTR00499,PIT_EDGE_07,PIT,VETERAN_MINIMUM,2026,2027,2,2,2660000,1330000,1330000,0,0,0,133000,1330000,0,0,ACTIVE,MODELED
CTR00500,PIT_EDGE_08,PIT,VETERAN_MINIMUM,2025,2026,2,1,2060000,1030000,1030000,0,0,0,103000,1030000,0,0,ACTIVE,MODELED
CTR00501,PIT_EDGE_09,PIT,UDFA,2025,2027,3,2,2520000,840000,756000,469747,156582,0,50400,912582,313165,0,ACTIVE,MODELED
CTR00502,PIT_DT_01,PIT,VETERAN,2026,2026,1,1,8051677,8051677,5090336,2961341,2961341,241550,1749191,8293227,2961341,0,ACTIVE,MODELED
CTR00503,PIT_DT_02,PIT,VETERAN,2026,2026,1,1,12668163,12668163,9304340,3363822,3363822,0,5114279,12668163,3363822,0,ACTIVE,MODELED
CTR00504,PIT_DT_03,PIT,VETERAN_MINIMUM,2025,2026,2,1,2840000,1420000,1420000,0,0,0,142000,1420000,0,0,ACTIVE,MODELED
CTR00505,PIT_DT_04,PIT,VETERAN,2025,2026,2,1,4485822,2242911,1839610,806602,403301,0,3664592,2242911,403301,0,ACTIVE,MODELED
CTR00506,PIT_DT_05,PIT,VETERAN,2025,2026,2,1,7306708,3653354,1983884,3338941,1669470,219201,2116618,3872555,1669470,0,ACTIVE,MODELED
CTR00507,PIT_DT_06,PIT,VETERAN_MINIMUM,2025,2027,3,2,3090000,1030000,1030000,0,0,0,154500,1030000,0,0,ACTIVE,MODELED
CTR00508,PIT_DT_07,PIT,ROOKIE_SCALE,2024,2027,4,2,3860000,965000,764573,801709,200427,0,965000,965000,400854,0,ACTIVE,MODELED
CTR00509,PIT_DT_08,PIT,UDFA,2025,2027,3,2,2520000,840000,756000,972851,324284,0,50400,1080284,648567,0,ACTIVE,MODELED
CTR00510,PIT_LB_01,PIT,VETERAN,2026,2026,1,1,17854249,17854249,13159177,4695072,4695072,0,13979167,17854249,4695072,0,ACTIVE,MODELED
CTR00511,PIT_LB_02,PIT,VETERAN,2026,2026,1,1,5517572,5517572,4138122,1379450,1379450,0,2057692,5517572,1379450,0,ACTIVE,MODELED
CTR00512,PIT_LB_03,PIT,VETERAN_MINIMUM,2026,2026,1,1,1420000,1420000,1420000,0,0,0,71000,1420000,0,0,ACTIVE,MODELED
CTR00513,PIT_LB_04,PIT,VETERAN,2026,2026,1,1,9396501,9396501,6580373,2816128,2816128,0,4610759,9396501,2816128,0,ACTIVE,MODELED
CTR00514,PIT_LB_05,PIT,VETERAN_MINIMUM,2026,2027,2,2,2660000,1330000,1330000,0,0,0,133000,1330000,0,0,ACTIVE,MODELED
CTR00515,PIT_LB_06,PIT,VETERAN_MINIMUM,2026,2026,1,1,1130000,1130000,1130000,0,0,0,56500,1130000,0,0,ACTIVE,MODELED
CTR00516,PIT_LB_07,PIT,VETERAN_MINIMUM,2022,2026,5,1,5150000,1030000,1030000,0,0,0,257500,1030000,0,0,ACTIVE,MODELED
CTR00517,PIT_LB_08,PIT,VETERAN_MINIMUM,2026,2026,1,1,1030000,1030000,1030000,0,0,0,51500,1030000,0,0,ACTIVE,MODELED
CTR00518,PIT_CB_01,PIT,VETERAN,2025,2026,2,1,13484754,6742377,5569539,2345676,1172838,404543,5361874,7146919,1172838,0,ACTIVE,MODELED
CTR00519,PIT_CB_02,PIT,VETERAN,2025,2026,2,1,12792746,6396373,4492024,3808698,1904349,0,1698046,6396373,1904349,0,ACTIVE,MODELED
CTR00520,PIT_CB_03,PIT,VETERAN,2026,2027,2,2,23838377,11919188,8361390,7115597,3557798,715151,15298549,12634340,7115597,0,ACTIVE,MODELED
CTR00521,PIT_CB_04,PIT,VETERAN_MINIMUM,2024,2026,3,1,3936762,1312254,1312254,0,0,0,196838,1312254,0,0,ACTIVE,MODELED
CTR00522,PIT_CB_05,PIT,VETERAN,2026,2028,3,3,16685997,5561999,4249645,3937061,1312354,500580,6405329,6062579,3937061,0,ACTIVE,MODELED
CTR00523,PIT_CB_06,PIT,VETERAN_MINIMUM,2025,2026,2,1,2907756,1453878,1453878,0,0,0,145388,1453878,0,0,ACTIVE,MODELED
CTR00524,PIT_CB_07,PIT,VETERAN_MINIMUM,2025,2026,2,1,2060000,1030000,1030000,0,0,0,103000,1030000,0,0,ACTIVE,MODELED
CTR00525,PIT_CB_08,PIT,VETERAN_MINIMUM,2026,2028,3,3,3390000,1130000,1130000,0,0,0,169500,1130000,0,0,ACTIVE,MODELED
CTR00526,PIT_CB_09,PIT,UDFA,2024,2026,3,1,2520000,840000,756000,989215,329738,0,50400,1085738,329738,0,ACTIVE,MODELED
CTR00527,PIT_CB_10,PIT,VETERAN_MINIMUM,2026,2028,3,3,3390000,1130000,1130000,0,0,0,169500,1130000,0,0,ACTIVE,MODELED
CTR00528,PIT_CB_11,PIT,ROOKIE_SCALE,2023,2026,4,1,3980000,995000,834959,640163,160041,0,995000,995000,160041,0,ACTIVE,MODELED
CTR00529,PIT_S_01,PIT,VETERAN,2026,2026,1,1,5958276,5958276,5614347,343929,343929,0,4316811,5958276,343929,0,ACTIVE,MODELED
CTR00530,PIT_S_02,PIT,VETERAN,2026,2027,2,2,10512830,5256415,5083094,346642,173321,0,3607776,5256415,346642,0,ACTIVE,MODELED
CTR00531,PIT_S_03,PIT,VETERAN,2025,2027,3,2,5558967,1852989,1369161,1451485,483828,0,1579974,1852989,967656,0,ACTIVE,MODELED
CTR00532,PIT_S_04,PIT,VETERAN_MINIMUM,2025,2027,3,2,4260000,1420000,1420000,0,0,0,213000,1420000,0,0,ACTIVE,MODELED
CTR00533,PIT_S_05,PIT,UDFA,2025,2027,3,2,2520000,840000,756000,362330,120777,0,50400,876777,241553,0,ACTIVE,MODELED
CTR00534,PIT_S_06,PIT,UDFA,2025,2027,3,2,2520000,840000,756000,590611,196870,0,50400,952870,393741,0,ACTIVE,MODELED
CTR00535,PIT_S_07,PIT,VETERAN_MINIMUM,2026,2026,1,1,1030000,1030000,1030000,0,0,0,51500,1030000,0,0,ACTIVE,MODELED
CTR00536,PIT_K_01,PIT,VETERAN_MINIMUM,2026,2026,1,1,1420000,1420000,1420000,0,0,0,71000,1420000,0,0,ACTIVE,MODELED
CTR00537,PIT_K_02,PIT,ROOKIE_SCALE,2024,2027,4,2,9000000,2250000,1648653,2405389,601347,0,4950000,2250000,1202694,0,ACTIVE,MODELED
CTR00538,PIT_P_01,PIT,VETERAN_MINIMUM,2025,2026,2,1,2660000,1330000,1330000,0,0,0,133000,1330000,0,0,ACTIVE,MODELED
CTR00539,PIT_P_02,PIT,VETERAN_MINIMUM,2026,2026,1,1,1210000,1210000,1210000,0,0,0,60500,1210000,0,0,ACTIVE,MODELED
CTR00540,PIT_LS_01,PIT,VETERAN_MINIMUM,2025,2027,3,2,4260000,1420000,1420000,0,0,0,213000,1420000,0,0,ACTIVE,MODELED
CTR00541,CLE_QB_01,CLE,VETERAN,2026,2026,1,1,8463180,8463180,7007905,1455275,1455275,253895,2886630,8717075,1455275,0,ACTIVE,MODELED
CTR00542,CLE_QB_02,CLE,VETERAN_MINIMUM,2026,2026,1,1,1420000,1420000,1420000,0,0,0,71000,1420000,0,0,ACTIVE,MODELED
CTR00543,CLE_QB_03,CLE,VETERAN_MINIMUM,2026,2027,2,2,2060000,1030000,1030000,0,0,0,103000,1030000,0,0,ACTIVE,MODELED
CTR00544,CLE_QB_04,CLE,VETERAN_MINIMUM,2026,2027,2,2,2060000,1030000,1030000,0,0,0,103000,1030000,0,0,ACTIVE,MODELED
CTR00545,CLE_RB_01,CLE,VETERAN,2024,2026,3,1,13164694,4388231,3538828,2548208,849403,0,8469487,4388231,849403,0,ACTIVE,MODELED
CTR00546,CLE_RB_02,CLE,VETERAN,2026,2030,5,5,10056283,2011257,1374154,3185513,637103,301688,5916603,2312945,3185513,0,ACTIVE,MODELED
CTR00547,CLE_RB_03,CLE,VETERAN,2026,2026,1,1,2000127,2000127,1585599,414528,414528,0,1266197,2000127,414528,0,ACTIVE,MODELED
CTR00548,CLE_RB_04,CLE,VETERAN_MINIMUM,2026,2026,1,1,1210000,1210000,1210000,0,0,0,60500,1210000,0,0,ACTIVE,MODELED
CTR00549,CLE_RB_05,CLE,VETERAN_MINIMUM,2026,2027,2,2,2420000,1210000,1210000,0,0,0,121000,1210000,0,0,ACTIVE,MODELED
CTR00550,CLE_FB_01,CLE,VETERAN_MINIMUM,2026,2027,2,2,2840000,1420000,1420000,0,0,0,142000,1420000,0,0,ACTIVE,MODELED
CTR00551,CLE_WR_01,CLE,VETERAN,2024,2028,5,3,45562110,9112422,6009183,15516193,3103239,1366863,15368470,10479285,9309716,0,ACTIVE,MODELED
CTR00552,CLE_WR_02,CLE,VETERAN,2026,2027,2,2,27965399,13982700,10090921,7783556,3891778,0,13177807,13982700,7783556,0,ACTIVE,MODELED
CTR00553,CLE_WR_03,CLE,VETERAN,2026,2027,2,2,47354337,23677169,13284185,20785966,10392983,1420630,14365613,25097799,20785966,1,ACTIVE,MODELED
CTR00554,CLE_WR_04,CLE,VETERAN,2026,2026,1,1,3866602,3866602,2798191,1068412,1068412,115998,1852898,3982600,1068412,0,ACTIVE,MODELED
CTR00555,CLE_WR_05,CLE,VETERAN_MINIMUM,2026,2027,2,2,2060000,1030000,1030000,0,0,0,103000,1030000,0,0,ACTIVE,MODELED
CTR00556,CLE_WR_06,CLE,VETERAN,2025,2026,2,1,9346983,4673492,3623923,2099136,1049568,0,5461498,4673492,1049568,0,ACTIVE,MODELED
CTR00557,CLE_WR_07,CLE,ROOKIE_SCALE,2025,2028,4,3,3860000,965000,756714,833144,208286,0,965000,965000,624858,0,ACTIVE,MODELED
CTR00558,CLE_WR_08,CLE,VETERAN_MINIMUM,2025,2029,5,4,5650000,1130000,1130000,0,0,0,282500,1130000,0,0,ACTIVE,MODELED
CTR00559,CLE_WR_09,CLE,VETERAN_MINIMUM,2026,2026,1,1,1330000,1330000,1330000,0,0,0,66500,1330000,0,0,ACTIVE,MODELED
CTR00560,CLE_WR_10,CLE,ROOKIE_SCALE,2025,2028,4,3,4240000,1060000,756000,1240042,310010,0,1060000,1066010,930031,0,ACTIVE,MODELED
CTR00561,CLE_WR_11,CLE,VETERAN_MINIMUM,2026,2027,2,2,2060000,1030000,1030000,0,0,0,103000,1030000,0,0,ACTIVE,MODELED
CTR00562,CLE_TE_01,CLE,VETERAN,2025,2026,2,1,34315247,17157624,12464150,9386947,4693474,1029457,20786703,18187081,4693474,0,ACTIVE,MODELED
CTR00563,CLE_TE_02,CLE,VETERAN_MINIMUM,2025,2028,4,3,4120000,1030000,1030000,0,0,0,206000,1030000,0,0,ACTIVE,MODELED
CTR00564,CLE_TE_03,CLE,VETERAN_MINIMUM,2026,2027,2,2,2260000,1130000,1130000,0,0,0,113000,1130000,0,0,ACTIVE,MODELED
CTR00565,CLE_TE_04,CLE,ROOKIE_SCALE,2026,2029,4,4,4760000,1190000,870947,1276210,319053,0,1190000,1190000,1276210,0,ACTIVE,MODELED
CTR00566,CLE_TE_05,CLE,VETERAN_MINIMUM,2026,2026,1,1,1030000,1030000,1030000,0,0,0,51500,1030000,0,0,ACTIVE,MODELED
CTR00567,CLE_TE_06,CLE,ROOKIE_SCALE,2026,2029,4,4,3860000,965000,756000,1017386,254346,0,965000,1010346,1017386,0,ACTIVE,MODELED
CTR00568,CLE_OT_01,CLE,VETERAN,2025,2026,2,1,27197189,13598595,9033528,9130132,4565066,815916,13782149,14414510,4565066,0,ACTIVE,MODELED
CTR00569,CLE_OT_02,CLE,VETERAN,2026,2026,1,1,13631105,13631105,9790275,3840830,3840830,408933,3944141,14040038,3840830,0,ACTIVE,MODELED
CTR00570,CLE_OT_03,CLE,VETERAN_MINIMUM,2023,2026,4,1,5680000,1420000,1420000,0,0,0,284000,1420000,0,0,ACTIVE,MODELED
CTR00571,CLE_OT_04,CLE,VETERAN,2025,2026,2,1,3061738,1530869,1103246,855246,427623,0,1208335,1530869,427623,0,ACTIVE,MODELED
CTR00572,CLE_OT_05,CLE,VETERAN_MINIMUM,2024,2026,3,1,3090000,1030000,1030000,0,0,0,154500,1030000,0,0,ACTIVE,MODELED
CTR00573,CLE_OT_06,CLE,ROOKIE_SCALE,2024,2027,4,2,4240000,1060000,770881,1156477,289119,0,1060000,1060000,578238,0,ACTIVE,MODELED
CTR00574,CLE_OG_01,CLE,VETERAN_MINIMUM,2026,2026,1,1,1420000,1420000,1420000,0,0,0,71000,1420000,0,0,ACTIVE,MODELED
CTR00575,CLE_OG_02,CLE,ROOKIE_SCALE,2026,2029,4,4,6000000,1500000,1270370,918520,229630,0,1500000,1500000,918520,0,ACTIVE,MODELED
CTR00576,CLE_OG_03,CLE,VETERAN,2024,2027,4,2,12176994,3044248,2340985,2813053,703263,0,4817737,3044248,1406526,0,ACTIVE,MODELED
CTR00577,CLE_OG_04,CLE,VETERAN_MINIMUM,2024,2026,3,1,3090000,1030000,1030000,0,0,0,154500,1030000,0,0,ACTIVE,MODELED
CTR00578,CLE_OG_05,CLE,ROOKIE_SCALE,2023,2026,4,1,3860000,965000,756000,882079,220520,0,965000,976520,220520,0,ACTIVE,MODELED
CTR00579,CLE_OG_06,CLE,ROOKIE_SCALE,2024,2027,4,2,3980000,995000,756000,1502048,375512,0,995000,1131512,751024,0,ACTIVE,MODELED
CTR00580,CLE_C_01,CLE,VETERAN_MINIMUM,2026,2026,1,1,1210000,1210000,1210000,0,0,0,60500,1210000,0,0,ACTIVE,MODELED
CTR00581,CLE_C_02,CLE,ROOKIE_SCALE,2025,2028,4,3,3860000,965000,756000,956235,239059,0,965000,995059,717176,0,ACTIVE,MODELED
CTR00582,CLE_C_03,CLE,VETERAN_MINIMUM,2026,2027,2,2,2420000,1210000,1210000,0,0,0,121000,1210000,0,0,ACTIVE,MODELED
CTR00583,CLE_EDGE_01,CLE,VETERAN,2025,2026,2,1,66742692,33371346,25337651,16067391,8033695,0,3807458,33371346,8033695,0,ACTIVE,MODELED
CTR00584,CLE_EDGE_02,CLE,VETERAN,2024,2026,3,1,37302545,12434182,8360567,12220844,4073615,0,9617328,12434182,4073615,0,ACTIVE,MODELED
CTR00585,CLE_EDGE_03,CLE,VETERAN,2025,2026,2,1,7300086,3650043,2437508,2425070,1212535,0,4639659,3650043,1212535,0,ACTIVE,MODELED
CTR00586,CLE_EDGE_04,CLE,VETERAN_MINIMUM,2026,2026,1,1,1420000,1420000,1420000,0,0,0,71000,1420000,0,0,ACTIVE,MODELED
CTR00587,CLE_EDGE_05,CLE,VETERAN,2024,2026,3,1,13752842,4584281,3700696,2650753,883584,0,8950494,4584281,883584,0,ACTIVE,MODELED
CTR00588,CLE_EDGE_06,CLE,VETERAN_MINIMUM,2026,2028,3,3,3990000,1330000,1330000,0,0,0,199500,1330000,0,0,ACTIVE,MODELED
CTR00589,CLE_EDGE_07,CLE,ROOKIE_SCALE,2023,2026,4,1,3980000,995000,756000,985199,246300,0,995000,1002300,246300,0,ACTIVE,MODELED
CTR00590,CLE_EDGE_08,CLE,VETERAN_MINIMUM,2024,2028,5,3,5150000,1030000,1030000,0,0,0,257500,1030000,0,0,ACTIVE,MODELED
CTR00591,CLE_EDGE_09,CLE,ROOKIE_SCALE,2024,2027,4,2,3860000,965000,819379,582485,145621,0,965000,965000,291243,0,ACTIVE,MODELED
CTR00592,CLE_DT_01,CLE,VETERAN,2026,2027,2,2,8673465,4336733,3764819,1143828,571914,0,2406027,4336733,1143828,0,ACTIVE,MODELED
CTR00593,CLE_DT_02,CLE,VETERAN,2026,2027,2,2,6901423,3450711,2239793,2421837,1210918,207043,0,3657754,2421837,0,ACTIVE,MODELED
CTR00594,CLE_DT_03,CLE,VETERAN,2026,2027,2,2,6209880,3104940,2528656,1152568,576284,0,4053526,3104940,1152568,0,ACTIVE,MODELED
CTR00595,CLE_DT_04,CLE,ROOKIE_SCALE,2023,2026,4,1,4760000,1190000,895621,1177516,294379,0,1190000,1190000,294379,0,ACTIVE,MODELED
CTR00596,CLE_DT_05,CLE,VETERAN_MINIMUM,2024,2026,3,1,4260000,1420000,1420000,0,0,0,213000,1420000,0,0,ACTIVE,MODELED
CTR00597,CLE_DT_06,CLE,VETERAN_MINIMUM,2026,2028,3,3,3390000,1130000,1130000,0,0,0,169500,1130000,0,0,ACTIVE,MODELED
CTR00598,CLE_DT_07,CLE,UDFA,2026,2028,3,3,2520000,840000,756000,617433,205811,0,50400,961811,617433,0,ACTIVE,MODELED
CTR00599,CLE_DT_08,CLE,UDFA,2025,2027,3,2,2520000,840000,756000,449313,149771,0,50400,905771,299542,0,ACTIVE,MODELED
CTR00600,CLE_LB_01,CLE,VETERAN_MINIMUM,2026,2026,1,1,1270654,1270654,1270654,0,0,0,63533,1270654,0,0,ACTIVE,MODELED
CTR00601,CLE_LB_02,CLE,VETERAN,2026,2030,5,5,26533044,5306609,4441238,4326856,865371,0,4793149,5306609,4326856,0,ACTIVE,MODELED
CTR00602,CLE_LB_03,CLE,VETERAN,2025,2027,3,2,6004819,2001606,1621884,1139167,379722,0,3282128,2001606,759445,0,ACTIVE,MODELED
CTR00603,CLE_LB_04,CLE,VETERAN,2026,2026,1,1,3032691,3032691,2179130,853561,853561,0,660941,3032691,853561,0,ACTIVE,MODELED
CTR00604,CLE_LB_05,CLE,VETERAN_MINIMUM,2025,2026,2,1,2840000,1420000,1420000,0,0,0,142000,1420000,0,0,ACTIVE,MODELED
CTR00605,CLE_LB_06,CLE,VETERAN_MINIMUM,2026,2026,1,1,1030000,1030000,1030000,0,0,0,51500,1030000,0,0,ACTIVE,MODELED
CTR00606,CLE_LB_07,CLE,UDFA,2026,2028,3,3,2520000,840000,756000,433790,144597,0,50400,900597,433790,0,ACTIVE,MODELED
CTR00607,CLE_LB_08,CLE,VETERAN_MINIMUM,2026,2026,1,1,1030000,1030000,1030000,0,0,0,51500,1030000,0,0,ACTIVE,MODELED
CTR00608,CLE_CB_01,CLE,VETERAN,2026,2026,1,1,14566173,14566173,11661655,2904518,2904518,0,6707633,14566173,2904518,0,ACTIVE,MODELED
CTR00609,CLE_CB_02,CLE,VETERAN,2025,2027,3,2,41107292,13702431,12213203,4467683,1489228,0,21610265,13702431,2978455,0,ACTIVE,MODELED
CTR00610,CLE_CB_03,CLE,VETERAN,2025,2026,2,1,18250576,9125288,7652405,2945765,1472882,0,10854155,9125288,1472882,0,ACTIVE,MODELED
CTR00611,CLE_CB_04,CLE,VETERAN_MINIMUM,2025,2026,2,1,2747536,1373768,1373768,0,0,0,137377,1373768,0,0,ACTIVE,MODELED
CTR00612,CLE_CB_05,CLE,VETERAN,2026,2027,2,2,6390275,3195137,2497297,1395681,697840,0,2829005,3195137,1395681,0,ACTIVE,MODELED
CTR00613,CLE_CB_06,CLE,VETERAN,2026,2026,1,1,2016853,2016853,1601883,414970,414970,60506,487772,2077358,414970,0,ACTIVE,MODELED
CTR00614,CLE_CB_07,CLE,ROOKIE_SCALE,2024,2027,4,2,3860000,965000,756000,1177821,294455,0,965000,1050455,588911,0,ACTIVE,MODELED
CTR00615,CLE_CB_08,CLE,UDFA,2025,2027,3,2,2520000,840000,756000,590648,196883,0,50400,952883,393765,0,ACTIVE,MODELED
CTR00616,CLE_CB_09,CLE,VETERAN_MINIMUM,2026,2026,1,1,1210000,1210000,1210000,0,0,0,60500,1210000,0,0,ACTIVE,MODELED
CTR00617,CLE_CB_10,CLE,UDFA,2026,2028,3,3,2520000,840000,756000,615579,205193,0,50400,961193,615579,0,ACTIVE,MODELED
CTR00618,CLE_CB_11,CLE,VETERAN_MINIMUM,2026,2026,1,1,1030000,1030000,1030000,0,0,0,51500,1030000,0,0,ACTIVE,MODELED
CTR00619,CLE_S_01,CLE,VETERAN,2026,2026,1,1,4977386,4977386,3693549,1283837,1283837,0,1630912,4977386,1283837,0,ACTIVE,MODELED
CTR00620,CLE_S_02,CLE,VETERAN,2025,2026,2,1,18587184,9293592,5799989,6987207,3493604,557616,10357401,9851208,3493604,0,ACTIVE,MODELED
CTR00621,CLE_S_03,CLE,VETERAN,2025,2026,2,1,3836674,1918337,1639719,557236,278618,115100,1314417,2033437,278618,0,ACTIVE,MODELED
CTR00622,CLE_S_04,CLE,VETERAN_MINIMUM,2026,2026,1,1,1030000,1030000,1030000,0,0,0,51500,1030000,0,0,ACTIVE,MODELED
CTR00623,CLE_S_05,CLE,ROOKIE_SCALE,2026,2029,4,4,4240000,1060000,955725,417099,104275,0,1060000,1060000,417099,0,ACTIVE,MODELED
CTR00624,CLE_S_06,CLE,VETERAN_MINIMUM,2022,2026,5,1,5150000,1030000,1030000,0,0,0,257500,1030000,0,0,ACTIVE,MODELED
CTR00625,CLE_S_07,CLE,UDFA,2025,2027,3,2,2520000,840000,756000,713362,237787,0,50400,993787,475575,0,ACTIVE,MODELED
CTR00626,CLE_K_01,CLE,VETERAN,2026,2027,2,2,4832366,2416183,1959128,914110,457055,0,2084206,2416183,914110,0,ACTIVE,MODELED
CTR00627,CLE_K_02,CLE,VETERAN_MINIMUM,2026,2029,4,4,4520000,1130000,1130000,0,0,0,226000,1130000,0,0,ACTIVE,MODELED
CTR00628,CLE_P_01,CLE,VETERAN_MINIMUM,2025,2027,3,2,3990000,1330000,1330000,0,0,0,199500,1330000,0,0,ACTIVE,MODELED
CTR00629,CLE_P_02,CLE,UDFA,2026,2028,3,3,2520000,840000,756000,809404,269801,0,50400,1025801,809404,0,ACTIVE,MODELED
CTR00630,CLE_LS_01,CLE,VETERAN_MINIMUM,2026,2026,1,1,1330000,1330000,1330000,0,0,0,66500,1330000,0,0,ACTIVE,MODELED
CTR00631,CIN_QB_01,CIN,VETERAN,2026,2026,1,1,45188390,45188390,40739180,4449210,4449210,0,11770256,45188390,4449210,0,ACTIVE,MODELED
CTR00632,CIN_QB_02,CIN,VETERAN,2025,2026,2,1,9984154,4992077,4020098,1943958,971979,0,1566328,4992077,971979,0,ACTIVE,MODELED
CTR00633,CIN_QB_03,CIN,VETERAN,2026,2027,2,2,11630127,5815064,5343145,943837,471918,348904,5196553,6163967,943837,0,ACTIVE,MODELED
CTR00634,CIN_QB_04,CIN,ROOKIE_SCALE,2025,2028,4,3,3860000,965000,756000,1170192,292548,0,965000,1048548,877644,0,ACTIVE,MODELED
CTR00635,CIN_RB_01,CIN,VETERAN,2025,2026,2,1,15293017,7646509,5884002,3525013,1762507,458791,9519508,8105299,1762507,0,ACTIVE,MODELED
CTR00636,CIN_RB_02,CIN,VETERAN,2024,2026,3,1,5803950,1934650,1562074,1117727,372576,174119,3786408,2108769,372576,0,ACTIVE,MODELED
CTR00637,CIN_RB_03,CIN,VETERAN_MINIMUM,2026,2027,2,2,2660000,1330000,1330000,0,0,0,133000,1330000,0,0,ACTIVE,MODELED
CTR00638,CIN_RB_04,CIN,VETERAN_MINIMUM,2024,2028,5,3,5650000,1130000,1130000,0,0,0,282500,1130000,0,0,ACTIVE,MODELED
CTR00639,CIN_RB_05,CIN,ROOKIE_SCALE,2024,2027,4,2,4240000,1060000,756000,1314619,328655,0,1060000,1084655,657309,0,ACTIVE,MODELED
CTR00640,CIN_FB_01,CIN,VETERAN_MINIMUM,2026,2026,1,1,1330000,1330000,1330000,0,0,0,66500,1330000,0,0,ACTIVE,MODELED
CTR00641,CIN_WR_01,CIN,VETERAN,2023,2027,5,2,43177250,8635450,6592999,10212255,2042451,1295317,27350330,9930767,4084902,0,ACTIVE,MODELED
CTR00642,CIN_WR_02,CIN,VETERAN,2026,2026,1,1,5598395,5598395,5291145,307251,307251,0,1439277,5598395,307251,0,ACTIVE,MODELED
CTR00643,CIN_WR_03,CIN,VETERAN,2026,2026,1,1,3543132,3543132,3087861,455271,455271,0,1249330,3543132,455271,0,ACTIVE,MODELED
CTR00644,CIN_WR_04,CIN,ROOKIE_SCALE,2026,2029,4,4,4760000,1190000,930528,1037888,259472,0,1190000,1190000,1037888,0,ACTIVE,MODELED
CTR00645,CIN_WR_05,CIN,VETERAN_MINIMUM,2026,2026,1,1,1330000,1330000,1330000,0,0,0,66500,1330000,0,0,ACTIVE,MODELED
CTR00646,CIN_WR_06,CIN,ROOKIE_SCALE,2026,2029,4,4,3860000,965000,756000,1354994,338749,0,965000,1094749,1354994,0,ACTIVE,MODELED
CTR00647,CIN_WR_07,CIN,VETERAN_MINIMUM,2025,2026,2,1,2660000,1330000,1330000,0,0,0,133000,1330000,0,0,ACTIVE,MODELED
CTR00648,CIN_WR_08,CIN,ROOKIE_SCALE,2024,2027,4,2,3860000,965000,756000,1038067,259517,0,965000,1015517,519033,0,ACTIVE,MODELED
CTR00649,CIN_WR_09,CIN,UDFA,2024,2026,3,1,2520000,840000,756000,781883,260628,0,50400,1016628,260628,0,ACTIVE,MODELED
CTR00650,CIN_WR_10,CIN,VETERAN_MINIMUM,2026,2026,1,1,1330000,1330000,1330000,0,0,0,66500,1330000,0,0,ACTIVE,MODELED
CTR00651,CIN_WR_11,CIN,ROOKIE_SCALE,2026,2029,4,4,6000000,1500000,1064477,1742090,435523,0,1500000,1500000,1742090,0,ACTIVE,MODELED
CTR00652,CIN_TE_01,CIN,VETERAN,2024,2027,4,2,11827556,2956889,2536330,1682236,420559,354827,5807110,3311716,841118,0,ACTIVE,MODELED
CTR00653,CIN_TE_02,CIN,VETERAN_MINIMUM,2026,2027,2,2,2260000,1130000,1130000,0,0,0,113000,1130000,0,0,ACTIVE,MODELED
CTR00654,CIN_TE_03,CIN,VETERAN_MINIMUM,2026,2027,2,2,2060000,1030000,1030000,0,0,0,103000,1030000,0,0,ACTIVE,MODELED
CTR00655,CIN_TE_04,CIN,ROOKIE_SCALE,2026,2029,4,4,4240000,1060000,756000,1724649,431162,0,1060000,1187162,1724649,0,ACTIVE,MODELED
CTR00656,CIN_TE_05,CIN,VETERAN_MINIMUM,2026,2026,1,1,1030000,1030000,1030000,0,0,0,51500,1030000,0,0,ACTIVE,MODELED
CTR00657,CIN_TE_06,CIN,VETERAN_MINIMUM,2022,2026,5,1,5150000,1030000,1030000,0,0,0,257500,1030000,0,0,ACTIVE,MODELED
CTR00658,CIN_OT_01,CIN,VETERAN,2025,2026,2,1,14567008,7283504,5156237,4254534,2127267,0,7847594,7283504,2127267,0,ACTIVE,MODELED
CTR00659,CIN_OT_02,CIN,VETERAN,2026,2026,1,1,2475521,2475521,1955738,519783,519783,0,1926879,2475521,519783,0,ACTIVE,MODELED
CTR00660,CIN_OT_03,CIN,VETERAN,2026,2026,1,1,2864866,2864866,1842556,1022310,1022310,0,1148881,2864866,1022310,0,ACTIVE,MODELED
CTR00661,CIN_OT_04,CIN,VETERAN,2026,2026,1,1,3194242,3194242,1949497,1244745,1244745,95827,1813577,3290069,1244745,0,ACTIVE,MODELED
CTR00662,CIN_OT_05,CIN,UDFA,2026,2028,3,3,2520000,840000,756000,425114,141705,0,50400,897705,425114,0,ACTIVE,MODELED
CTR00663,CIN_OT_06,CIN,UDFA,2024,2026,3,1,2520000,840000,756000,692844,230948,0,50400,986948,230948,0,ACTIVE,MODELED
CTR00664,CIN_OG_01,CIN,VETERAN,2026,2026,1,1,1836389,1836389,1259690,576698,576698,0,519990,1836389,576698,0,ACTIVE,MODELED
CTR00665,CIN_OG_02,CIN,VETERAN,2026,2026,1,1,3290128,3290128,2448688,841439,841439,0,1221715,3290128,841439,0,ACTIVE,MODELED
CTR00666,CIN_OG_03,CIN,VETERAN,2025,2027,3,2,5852489,1950830,1328448,1867147,622382,0,3969167,1950830,1244765,0,ACTIVE,MODELED
CTR00667,CIN_OG_04,CIN,VETERAN_MINIMUM,2024,2026,3,1,3630000,1210000,1210000,0,0,0,181500,1210000,0,0,ACTIVE,MODELED
CTR00668,CIN_OG_05,CIN,ROOKIE_SCALE,2026,2029,4,4,3980000,995000,756000,1205316,301329,0,995000,1057329,1205316,0,ACTIVE,MODELED
CTR00669,CIN_OG_06,CIN,ROOKIE_SCALE,2025,2028,4,3,4240000,1060000,756000,1648621,412155,0,1060000,1168155,1236466,0,ACTIVE,MODELED
CTR00670,CIN_C_01,CIN,VETERAN,2024,2026,3,1,14240307,4746769,3966512,2340770,780257,0,7551675,4746769,780257,0,ACTIVE,MODELED
CTR00671,CIN_C_02,CIN,VETERAN_MINIMUM,2026,2028,3,3,4654545,1551515,1551515,0,0,0,232727,1551515,0,0,ACTIVE,MODELED
CTR00672,CIN_C_03,CIN,VETERAN_MINIMUM,2026,2027,2,2,2060000,1030000,1030000,0,0,0,103000,1030000,0,0,ACTIVE,MODELED
CTR00673,CIN_EDGE_01,CIN,VETERAN,2025,2027,3,2,10327222,3442407,2093516,4046673,1348891,0,2079887,3442407,2697782,0,ACTIVE,MODELED
CTR00674,CIN_EDGE_02,CIN,VETERAN,2024,2026,3,1,16831921,5610640,3809720,5402759,1800920,504958,5603893,6115598,1800920,0,ACTIVE,MODELED
CTR00675,CIN_EDGE_03,CIN,VETERAN_MINIMUM,2026,2026,1,1,1330000,1330000,1330000,0,0,0,66500,1330000,0,0,ACTIVE,MODELED
CTR00676,CIN_EDGE_04,CIN,VETERAN,2023,2027,5,2,16079407,3215881,2430818,3925318,785064,0,11351500,3215881,1570127,0,ACTIVE,MODELED
CTR00677,CIN_EDGE_05,CIN,VETERAN_MINIMUM,2025,2027,3,2,3630000,1210000,1210000,0,0,0,181500,1210000,0,0,ACTIVE,MODELED
CTR00678,CIN_EDGE_06,CIN,VETERAN_MINIMUM,2026,2028,3,3,3990000,1330000,1330000,0,0,0,199500,1330000,0,0,ACTIVE,MODELED
CTR00679,CIN_EDGE_07,CIN,VETERAN_MINIMUM,2026,2027,2,2,2060000,1030000,1030000,0,0,0,103000,1030000,0,0,ACTIVE,MODELED
CTR00680,CIN_EDGE_08,CIN,UDFA,2025,2027,3,2,2520000,840000,756000,814118,271373,0,50400,1027373,542745,0,ACTIVE,MODELED
CTR00681,CIN_EDGE_09,CIN,VETERAN_MINIMUM,2026,2026,1,1,1030000,1030000,1030000,0,0,0,51500,1030000,0,0,ACTIVE,MODELED
CTR00682,CIN_DT_01,CIN,VETERAN,2026,2026,1,1,13420237,13420237,9296322,4123916,4123916,0,7138661,13420237,4123916,0,ACTIVE,MODELED
CTR00683,CIN_DT_02,CIN,VETERAN,2026,2026,1,1,8487291,8487291,6747441,1739850,1739850,0,2959495,8487291,1739850,0,ACTIVE,MODELED
CTR00684,CIN_DT_03,CIN,VETERAN_MINIMUM,2026,2029,4,4,4520000,1130000,1130000,0,0,0,226000,1130000,0,0,ACTIVE,MODELED
CTR00685,CIN_DT_04,CIN,VETERAN,2026,2026,1,1,2426499,2426499,2007800,418699,418699,72795,818496,2499294,418699,0,ACTIVE,MODELED
CTR00686,CIN_DT_05,CIN,ROOKIE_SCALE,2025,2028,4,3,4760000,1190000,818007,1487972,371993,0,1190000,1190000,1115979,0,ACTIVE,MODELED
CTR00687,CIN_DT_06,CIN,VETERAN_MINIMUM,2024,2028,5,3,6050000,1210000,1210000,0,0,0,302500,1210000,0,0,ACTIVE,MODELED
CTR00688,CIN_DT_07,CIN,UDFA,2024,2026,3,1,2520000,840000,756000,551180,183727,0,50400,939727,183727,0,ACTIVE,MODELED
CTR00689,CIN_DT_08,CIN,VETERAN_MINIMUM,2026,2028,3,3,3090000,1030000,1030000,0,0,0,154500,1030000,0,0,ACTIVE,MODELED
CTR00690,CIN_LB_01,CIN,VETERAN,2026,2026,1,1,5752491,5752491,4470854,1281637,1281637,172575,2535651,5925066,1281637,0,ACTIVE,MODELED
CTR00691,CIN_LB_02,CIN,VETERAN,2025,2027,3,2,14445010,4815003,3808970,3018099,1006033,0,8518609,4815003,2012066,0,ACTIVE,MODELED
CTR00692,CIN_LB_03,CIN,VETERAN,2025,2026,2,1,4553919,2276959,1910114,733690,366845,136618,2710868,2413577,366845,0,ACTIVE,MODELED
CTR00693,CIN_LB_04,CIN,VETERAN_MINIMUM,2026,2026,1,1,1210000,1210000,1210000,0,0,0,60500,1210000,0,0,ACTIVE,MODELED
CTR00694,CIN_LB_05,CIN,VETERAN_MINIMUM,2026,2026,1,1,1330000,1330000,1330000,0,0,0,66500,1330000,0,0,ACTIVE,MODELED
CTR00695,CIN_LB_06,CIN,ROOKIE_SCALE,2023,2026,4,1,4240000,1060000,886608,693568,173392,0,1060000,1060000,173392,0,ACTIVE,MODELED
CTR00696,CIN_LB_07,CIN,VETERAN_MINIMUM,2026,2026,1,1,1030000,1030000,1030000,0,0,0,51500,1030000,0,0,ACTIVE,MODELED
CTR00697,CIN_LB_08,CIN,VETERAN_MINIMUM,2026,2027,2,2,2660000,1330000,1330000,0,0,0,133000,1330000,0,0,ACTIVE,MODELED
CTR00698,CIN_CB_01,CIN,VETERAN,2025,2027,3,2,14507012,4835671,4316028,1558929,519643,435210,8486849,5270881,1039286,0,ACTIVE,MODELED
CTR00699,CIN_CB_02,CIN,VETERAN,2026,2027,2,2,18999737,9499869,8432619,2134499,1067250,0,12574900,9499869,2134499,0,ACTIVE,MODELED
CTR00700,CIN_CB_03,CIN,VETERAN,2026,2026,1,1,13591380,13591380,9746552,3844828,3844828,0,7947381,13591380,3844828,0,ACTIVE,MODELED
CTR00701,CIN_CB_04,CIN,VETERAN_MINIMUM,2026,2027,2,2,2260000,1130000,1130000,0,0,0,113000,1130000,0,0,ACTIVE,MODELED
CTR00702,CIN_CB_05,CIN,VETERAN_MINIMUM,2026,2026,1,1,1420000,1420000,1420000,0,0,0,71000,1420000,0,0,ACTIVE,MODELED
CTR00703,CIN_CB_06,CIN,UDFA,2024,2026,3,1,2520000,840000,756000,824100,274700,0,50400,1030700,274700,0,ACTIVE,MODELED
CTR00704,CIN_CB_07,CIN,VETERAN_MINIMUM,2026,2028,3,3,3090000,1030000,1030000,0,0,0,154500,1030000,0,0,ACTIVE,MODELED
CTR00705,CIN_CB_08,CIN,VETERAN_MINIMUM,2026,2026,1,1,1030000,1030000,1030000,0,0,0,51500,1030000,0,0,ACTIVE,MODELED
CTR00706,CIN_CB_09,CIN,UDFA,2026,2028,3,3,2520000,840000,756000,671282,223761,0,50400,979761,671282,0,ACTIVE,MODELED
CTR00707,CIN_CB_10,CIN,UDFA,2024,2026,3,1,2520000,840000,756000,854799,284933,0,50400,1040933,284933,0,ACTIVE,MODELED
CTR00708,CIN_CB_11,CIN,UDFA,2024,2026,3,1,2520000,840000,756000,484023,161341,0,50400,917341,161341,0,ACTIVE,MODELED
CTR00709,CIN_S_01,CIN,ROOKIE_SCALE,2026,2030,5,5,31040270,6208054,4703347,7523537,1504707,0,31040270,6208054,7523537,0,ACTIVE,MODELED
CTR00710,CIN_S_02,CIN,VETERAN,2025,2026,2,1,7407750,3703875,2721260,1965229,982615,0,2788889,3703875,982615,0,ACTIVE,MODELED
CTR00711,CIN_S_03,CIN,VETERAN_MINIMUM,2026,2026,1,1,1330000,1330000,1330000,0,0,0,66500,1330000,0,0,ACTIVE,MODELED
CTR00712,CIN_S_04,CIN,VETERAN_MINIMUM,2026,2026,1,1,1503128,1503128,1503128,0,0,0,75156,1503128,0,0,ACTIVE,MODELED
CTR00713,CIN_S_05,CIN,VETERAN_MINIMUM,2026,2026,1,1,1130000,1130000,1130000,0,0,0,56500,1130000,0,0,ACTIVE,MODELED
CTR00714,CIN_S_06,CIN,ROOKIE_SCALE,2023,2026,4,1,3860000,965000,756000,957705,239426,0,965000,995426,239426,0,ACTIVE,MODELED
CTR00715,CIN_S_07,CIN,UDFA,2025,2027,3,2,2520000,840000,756000,725329,241776,0,50400,997776,483553,0,ACTIVE,MODELED
CTR00716,CIN_K_01,CIN,VETERAN_MINIMUM,2026,2028,3,3,3990000,1330000,1330000,0,0,0,199500,1330000,0,0,ACTIVE,MODELED
CTR00717,CIN_K_02,CIN,VETERAN_MINIMUM,2026,2026,1,1,1420000,1420000,1420000,0,0,0,71000,1420000,0,0,ACTIVE,MODELED
CTR00718,CIN_P_01,CIN,VETERAN_MINIMUM,2026,2027,2,2,2690747,1345374,1345374,0,0,0,134537,1345374,0,0,ACTIVE,MODELED
CTR00719,CIN_P_02,CIN,VETERAN_MINIMUM,2026,2027,2,2,2660000,1330000,1330000,0,0,0,133000,1330000,0,0,ACTIVE,MODELED
CTR00720,CIN_LS_01,CIN,VETERAN_MINIMUM,2026,2026,1,1,1330000,1330000,1330000,0,0,0,66500,1330000,0,0,ACTIVE,MODELED
CTR00721,HOU_QB_01,HOU,VETERAN,2026,2027,2,2,36137578,18068789,13566039,9005501,4502751,0,25793039,18068789,9005501,0,ACTIVE,MODELED
CTR00722,HOU_QB_02,HOU,VETERAN_MINIMUM,2025,2026,2,1,2840000,1420000,1420000,0,0,0,142000,1420000,0,0,ACTIVE,MODELED
CTR00723,HOU_QB_03,HOU,UDFA,2024,2026,3,1,2520000,840000,756000,559354,186451,0,50400,942451,186451,0,ACTIVE,MODELED
CTR00724,HOU_QB_04,HOU,VETERAN_MINIMUM,2026,2026,1,1,1210000,1210000,1210000,0,0,0,60500,1210000,0,0,ACTIVE,MODELED
CTR00725,HOU_RB_01,HOU,VETERAN_MINIMUM,2026,2026,1,1,1420000,1420000,1420000,0,0,0,71000,1420000,0,0,ACTIVE,MODELED
CTR00726,HOU_RB_02,HOU,VETERAN_MINIMUM,2024,2026,3,1,3090000,1030000,1030000,0,0,0,154500,1030000,0,0,ACTIVE,MODELED
CTR00727,HOU_RB_03,HOU,VETERAN_MINIMUM,2026,2027,2,2,2420000,1210000,1210000,0,0,0,121000,1210000,0,0,ACTIVE,MODELED
CTR00728,HOU_RB_04,HOU,VETERAN_MINIMUM,2026,2027,2,2,2060000,1030000,1030000,0,0,0,103000,1030000,0,0,ACTIVE,MODELED
CTR00729,HOU_RB_05,HOU,ROOKIE_SCALE,2024,2027,4,2,3980000,995000,839935,620261,155065,0,995000,995000,310131,0,ACTIVE,MODELED
CTR00730,HOU_FB_01,HOU,VETERAN_MINIMUM,2026,2028,3,3,3990000,1330000,1330000,0,0,0,199500,1330000,0,0,ACTIVE,MODELED
CTR00731,HOU_WR_01,HOU,VETERAN,2023,2026,4,1,81419910,20354978,13616016,26955845,6738961,0,52243969,20354978,6738961,0,ACTIVE,MODELED
CTR00732,HOU_WR_02,HOU,VETERAN,2026,2026,1,1,4574610,4574610,4045543,529067,529067,0,1618099,4574610,529067,0,ACTIVE,MODELED
CTR00733,HOU_WR_03,HOU,VETERAN,2025,2026,2,1,5753921,2876960,1873004,2007912,1003956,0,2239813,2876960,1003956,0,ACTIVE,MODELED
CTR00734,HOU_WR_04,HOU,VETERAN,2026,2026,1,1,2965805,2965805,2667335,298471,298471,88974,1838233,3054780,298471,0,ACTIVE,MODELED
CTR00735,HOU_WR_05,HOU,VETERAN_MINIMUM,2025,2026,2,1,3469522,1734761,1734761,0,0,0,173476,1734761,0,0,ACTIVE,MODELED
CTR00736,HOU_WR_06,HOU,ROOKIE_SCALE,2026,2029,4,4,4240000,1060000,756000,1339821,334955,0,1060000,1090955,1339821,0,ACTIVE,MODELED
CTR00737,HOU_WR_07,HOU,VETERAN_MINIMUM,2025,2026,2,1,2660000,1330000,1330000,0,0,0,133000,1330000,0,0,ACTIVE,MODELED
CTR00738,HOU_WR_08,HOU,VETERAN_MINIMUM,2025,2026,2,1,2679699,1339850,1339850,0,0,0,133985,1339850,0,0,ACTIVE,MODELED
CTR00739,HOU_WR_09,HOU,VETERAN_MINIMUM,2026,2026,1,1,1210000,1210000,1210000,0,0,0,60500,1210000,0,0,ACTIVE,MODELED
CTR00740,HOU_WR_10,HOU,VETERAN_MINIMUM,2026,2027,2,2,2060000,1030000,1030000,0,0,0,103000,1030000,0,0,ACTIVE,MODELED
CTR00741,HOU_WR_11,HOU,VETERAN_MINIMUM,2026,2026,1,1,1030000,1030000,1030000,0,0,0,51500,1030000,0,0,ACTIVE,MODELED
CTR00742,HOU_TE_01,HOU,VETERAN_MINIMUM,2024,2026,3,1,3990000,1330000,1330000,0,0,0,199500,1330000,0,0,ACTIVE,MODELED
CTR00743,HOU_TE_02,HOU,VETERAN_MINIMUM,2026,2026,1,1,1420000,1420000,1420000,0,0,0,71000,1420000,0,0,ACTIVE,MODELED
CTR00744,HOU_TE_03,HOU,VETERAN,2026,2026,1,1,2208822,2208822,1813303,395519,395519,66265,1507350,2275087,395519,0,ACTIVE,MODELED
CTR00745,HOU_TE_04,HOU,UDFA,2025,2027,3,2,2520000,840000,756000,501798,167266,0,50400,923266,334532,0,ACTIVE,MODELED
CTR00746,HOU_TE_05,HOU,VETERAN_MINIMUM,2025,2026,2,1,2060000,1030000,1030000,0,0,0,103000,1030000,0,0,ACTIVE,MODELED
CTR00747,HOU_TE_06,HOU,UDFA,2024,2026,3,1,2520000,840000,756000,891736,297245,0,50400,1053245,297245,0,ACTIVE,MODELED
CTR00748,HOU_OT_01,HOU,VETERAN,2026,2026,1,1,4979308,4979308,3794889,1184419,1184419,0,3269034,4979308,1184419,0,ACTIVE,MODELED
CTR00749,HOU_OT_02,HOU,VETERAN,2025,2026,2,1,6888753,3444377,2248713,2391328,1195664,206663,2935186,3651039,1195664,0,ACTIVE,MODELED
CTR00750,HOU_OT_03,HOU,VETERAN_MINIMUM,2026,2028,3,3,3630000,1210000,1210000,0,0,0,181500,1210000,0,0,ACTIVE,MODELED
CTR00751,HOU_OT_04,HOU,VETERAN_MINIMUM,2024,2027,4,2,4120000,1030000,1030000,0,0,0,206000,1030000,0,0,ACTIVE,MODELED
CTR00752,HOU_OT_05,HOU,ROOKIE_SCALE,2026,2029,4,4,4240000,1060000,786391,1094437,273609,0,1060000,1060000,1094437,0,ACTIVE,MODELED
CTR00753,HOU_OT_06,HOU,ROOKIE_SCALE,2024,2027,4,2,3860000,965000,756000,1308449,327112,0,965000,1083112,654225,0,ACTIVE,MODELED
CTR00754,HOU_OG_01,HOU,VETERAN_MINIMUM,2026,2026,1,1,1545726,1545726,1545726,0,0,0,77286,1545726,0,0,ACTIVE,MODELED
CTR00755,HOU_OG_02,HOU,VETERAN_MINIMUM,2025,2027,3,2,4260000,1420000,1420000,0,0,0,213000,1420000,0,0,ACTIVE,MODELED
CTR00756,HOU_OG_03,HOU,VETERAN_MINIMUM,2026,2028,3,3,3630000,1210000,1210000,0,0,0,181500,1210000,0,0,ACTIVE,MODELED
CTR00757,HOU_OG_04,HOU,VETERAN_MINIMUM,2026,2026,1,1,1330000,1330000,1330000,0,0,0,66500,1330000,0,0,ACTIVE,MODELED
CTR00758,HOU_OG_05,HOU,UDFA,2026,2028,3,3,2520000,840000,756000,669722,223241,0,50400,979241,669722,0,ACTIVE,MODELED
CTR00759,HOU_OG_06,HOU,UDFA,2025,2027,3,2,2520000,840000,756000,373263,124421,0,50400,880421,248842,0,ACTIVE,MODELED
CTR00760,HOU_C_01,HOU,VETERAN_MINIMUM,2023,2026,4,1,6269906,1567477,1567477,0,0,0,313495,1567477,0,0,ACTIVE,MODELED
CTR00761,HOU_C_02,HOU,VETERAN_MINIMUM,2026,2027,2,2,2060000,1030000,1030000,0,0,0,103000,1030000,0,0,ACTIVE,MODELED
CTR00762,HOU_C_03,HOU,VETERAN_MINIMUM,2025,2028,4,3,4120000,1030000,1030000,0,0,0,206000,1030000,0,0,ACTIVE,MODELED
CTR00763,HOU_EDGE_01,HOU,VETERAN,2025,2027,3,2,26684554,8894851,5268851,10878002,3626001,0,6033274,8894851,7252001,0,ACTIVE,MODELED
CTR00764,HOU_EDGE_02,HOU,VETERAN,2026,2027,2,2,4222979,2111490,1744252,734475,367238,0,3013625,2111490,734475,0,ACTIVE,MODELED
CTR00765,HOU_EDGE_03,HOU,VETERAN_MINIMUM,2026,2026,1,1,1420000,1420000,1420000,0,0,0,71000,1420000,0,0,ACTIVE,MODELED
CTR00766,HOU_EDGE_04,HOU,VETERAN,2025,2026,2,1,5482224,2741112,2120634,1240956,620478,164467,2475758,2905579,620478,0,ACTIVE,MODELED
CTR00767,HOU_EDGE_05,HOU,VETERAN_MINIMUM,2026,2028,3,3,3090000,1030000,1030000,0,0,0,154500,1030000,0,0,ACTIVE,MODELED
CTR00768,HOU_EDGE_06,HOU,VETERAN_MINIMUM,2026,2026,1,1,1476805,1476805,1476805,0,0,0,73840,1476805,0,0,ACTIVE,MODELED
CTR00769,HOU_EDGE_07,HOU,VETERAN_MINIMUM,2025,2027,3,2,3990000,1330000,1330000,0,0,0,199500,1330000,0,0,ACTIVE,MODELED
CTR00770,HOU_EDGE_08,HOU,UDFA,2024,2026,3,1,2520000,840000,756000,601227,200409,0,50400,956409,200409,0,ACTIVE,MODELED
CTR00771,HOU_EDGE_09,HOU,ROOKIE_SCALE,2025,2028,4,3,4240000,1060000,756000,1303866,325966,0,1060000,1081966,977899,0,ACTIVE,MODELED
CTR00772,HOU_DT_01,HOU,VETERAN,2026,2027,2,2,5941101,2970551,2684626,571849,285924,0,1972828,2970551,571849,0,ACTIVE,MODELED
CTR00773,HOU_DT_02,HOU,VETERAN,2026,2028,3,3,5306962,1768987,1171945,1791127,597042,159209,1847106,1928196,1791127,0,ACTIVE,MODELED
CTR00774,HOU_DT_03,HOU,VETERAN_MINIMUM,2025,2027,3,2,3990000,1330000,1330000,0,0,0,199500,1330000,0,0,ACTIVE,MODELED
CTR00775,HOU_DT_04,HOU,VETERAN_MINIMUM,2026,2027,2,2,2420000,1210000,1210000,0,0,0,121000,1210000,0,0,ACTIVE,MODELED
CTR00776,HOU_DT_05,HOU,ROOKIE_SCALE,2025,2028,4,3,6000000,1500000,918443,2326229,581557,0,1500000,1500000,1744672,0,ACTIVE,MODELED
CTR00777,HOU_DT_06,HOU,ROOKIE_SCALE,2024,2027,4,2,4240000,1060000,756000,1633946,408486,0,1060000,1164486,816973,0,ACTIVE,MODELED
CTR00778,HOU_DT_07,HOU,VETERAN_MINIMUM,2026,2026,1,1,1330000,1330000,1330000,0,0,0,66500,1330000,0,0,ACTIVE,MODELED
CTR00779,HOU_DT_08,HOU,ROOKIE_SCALE,2026,2029,4,4,3860000,965000,756000,857695,214424,0,965000,970424,857695,0,ACTIVE,MODELED
CTR00780,HOU_LB_01,HOU,VETERAN_MINIMUM,2024,2026,3,1,4306568,1435523,1435523,0,0,0,215328,1435523,0,0,ACTIVE,MODELED
CTR00781,HOU_LB_02,HOU,VETERAN_MINIMUM,2025,2027,3,2,5213574,1737858,1737858,0,0,0,260679,1737858,0,0,ACTIVE,MODELED
CTR00782,HOU_LB_03,HOU,VETERAN,2026,2026,1,1,1806737,1806737,1355039,451698,451698,54202,891894,1860939,451698,0,ACTIVE,MODELED
CTR00783,HOU_LB_04,HOU,VETERAN_MINIMUM,2026,2026,1,1,1210000,1210000,1210000,0,0,0,60500,1210000,0,0,ACTIVE,MODELED
CTR00784,HOU_LB_05,HOU,VETERAN_MINIMUM,2024,2026,3,1,4260000,1420000,1420000,0,0,0,213000,1420000,0,0,ACTIVE,MODELED
CTR00785,HOU_LB_06,HOU,VETERAN_MINIMUM,2026,2027,2,2,2260000,1130000,1130000,0,0,0,113000,1130000,0,0,ACTIVE,MODELED
CTR00786,HOU_LB_07,HOU,ROOKIE_SCALE,2024,2027,4,2,3980000,995000,785155,839379,209845,0,995000,995000,419690,0,ACTIVE,MODELED
CTR00787,HOU_LB_08,HOU,UDFA,2025,2027,3,2,2520000,840000,756000,771118,257039,0,50400,1013039,514079,0,ACTIVE,MODELED
CTR00788,HOU_CB_01,HOU,VETERAN,2026,2026,1,1,2555612,2555612,2448748,106864,106864,76668,1110365,2632281,106864,0,ACTIVE,MODELED
CTR00789,HOU_CB_02,HOU,VETERAN,2025,2027,3,2,6772878,2257626,1724918,1598124,532708,0,442771,2257626,1065416,0,ACTIVE,MODELED
CTR00790,HOU_CB_03,HOU,VETERAN,2026,2026,1,1,11712736,11712736,10484119,1228617,1228617,351382,1915326,12064118,1228617,0,ACTIVE,MODELED
CTR00791,HOU_CB_04,HOU,VETERAN,2026,2026,1,1,1906229,1906229,1180329,725900,725900,0,1398693,1906229,725900,0,ACTIVE,MODELED
CTR00792,HOU_CB_05,HOU,VETERAN,2026,2026,1,1,3351522,3351522,2505527,845995,845995,0,0,3351522,845995,0,ACTIVE,MODELED
CTR00793,HOU_CB_06,HOU,ROOKIE_SCALE,2023,2026,4,1,9000000,2250000,1893458,1426169,356542,0,4950000,2250000,356542,0,ACTIVE,MODELED
CTR00794,HOU_CB_07,HOU,VETERAN_MINIMUM,2026,2027,2,2,2060000,1030000,1030000,0,0,0,103000,1030000,0,0,ACTIVE,MODELED
CTR00795,HOU_CB_08,HOU,VETERAN_MINIMUM,2025,2028,4,3,4840000,1210000,1210000,0,0,0,242000,1210000,0,0,ACTIVE,MODELED
CTR00796,HOU_CB_09,HOU,VETERAN_MINIMUM,2026,2026,1,1,1130000,1130000,1130000,0,0,0,56500,1130000,0,0,ACTIVE,MODELED
CTR00797,HOU_CB_10,HOU,UDFA,2026,2028,3,3,2520000,840000,756000,557835,185945,0,50400,941945,557835,0,ACTIVE,MODELED
CTR00798,HOU_CB_11,HOU,ROOKIE_SCALE,2024,2027,4,2,3860000,965000,756000,1141808,285452,0,965000,1041452,570904,0,ACTIVE,MODELED
CTR00799,HOU_S_01,HOU,VETERAN,2025,2027,3,2,9134039,3044680,2492460,1656660,552220,274021,3035343,3318701,1104440,0,ACTIVE,MODELED
CTR00800,HOU_S_02,HOU,VETERAN_MINIMUM,2026,2027,2,2,2840000,1420000,1420000,0,0,0,142000,1420000,0,0,ACTIVE,MODELED
CTR00801,HOU_S_03,HOU,VETERAN,2026,2026,1,1,2024686,2024686,1487971,536714,536714,0,749653,2024686,536714,0,ACTIVE,MODELED
CTR00802,HOU_S_04,HOU,VETERAN_MINIMUM,2023,2027,5,2,6650000,1330000,1330000,0,0,0,332500,1330000,0,0,ACTIVE,MODELED
CTR00803,HOU_S_05,HOU,VETERAN_MINIMUM,2026,2028,3,3,3990000,1330000,1330000,0,0,0,199500,1330000,0,0,ACTIVE,MODELED
CTR00804,HOU_S_06,HOU,VETERAN_MINIMUM,2024,2026,3,1,3390000,1130000,1130000,0,0,0,169500,1130000,0,0,ACTIVE,MODELED
CTR00805,HOU_S_07,HOU,ROOKIE_SCALE,2023,2026,4,1,3860000,965000,756000,1336785,334196,0,965000,1090196,334196,0,ACTIVE,MODELED
CTR00806,HOU_K_01,HOU,VETERAN_MINIMUM,2025,2027,3,2,3990000,1330000,1330000,0,0,0,199500,1330000,0,0,ACTIVE,MODELED
CTR00807,HOU_K_02,HOU,VETERAN_MINIMUM,2026,2026,1,1,1030000,1030000,1030000,0,0,0,51500,1030000,0,0,ACTIVE,MODELED
CTR00808,HOU_P_01,HOU,VETERAN_MINIMUM,2026,2027,2,2,2660000,1330000,1330000,0,0,0,133000,1330000,0,0,ACTIVE,MODELED
CTR00809,HOU_P_02,HOU,VETERAN_MINIMUM,2026,2027,2,2,2420000,1210000,1210000,0,0,0,121000,1210000,0,0,ACTIVE,MODELED
CTR00810,HOU_LS_01,HOU,VETERAN_MINIMUM,2026,2026,1,1,1420000,1420000,1420000,0,0,0,71000,1420000,0,0,ACTIVE,MODELED
CTR00811,IND_QB_01,IND,VETERAN,2025,2028,4,3,166385284,41596321,33754581,31366960,7841740,0,70799070,41596321,23525220,1,ACTIVE,MODELED
CTR00812,IND_QB_02,IND,VETERAN_MINIMUM,2025,2027,3,2,4260000,1420000,1420000,0,0,0,213000,1420000,0,0,ACTIVE,MODELED
CTR00813,IND_QB_03,IND,VETERAN,2026,2026,1,1,3337171,3337171,2697771,639400,639400,100115,1144791,3437286,639400,0,ACTIVE,MODELED
CTR00814,IND_QB_04,IND,VETERAN_MINIMUM,2026,2026,1,1,1130000,1130000,1130000,0,0,0,56500,1130000,0,0,ACTIVE,MODELED
CTR00815,IND_RB_01,IND,VETERAN_MINIMUM,2022,2026,5,1,5650000,1130000,1130000,0,0,0,282500,1130000,0,0,ACTIVE,MODELED
CTR00816,IND_RB_02,IND,ROOKIE_SCALE,2025,2028,4,3,9000000,2250000,2008386,966457,241614,0,4950000,2250000,724843,0,ACTIVE,MODELED
CTR00817,IND_RB_03,IND,VETERAN_MINIMUM,2026,2026,1,1,1130000,1130000,1130000,0,0,0,56500,1130000,0,0,ACTIVE,MODELED
CTR00818,IND_RB_04,IND,ROOKIE_SCALE,2026,2029,4,4,3980000,995000,828538,665850,166462,0,995000,995000,665850,0,ACTIVE,MODELED
CTR00819,IND_RB_05,IND,VETERAN_MINIMUM,2026,2027,2,2,2260000,1130000,1130000,0,0,0,113000,1130000,0,0,ACTIVE,MODELED
CTR00820,IND_FB_01,IND,VETERAN_MINIMUM,2026,2027,2,2,2660000,1330000,1330000,0,0,0,133000,1330000,0,0,ACTIVE,MODELED
CTR00821,IND_WR_01,IND,ROOKIE_SCALE,2023,2026,4,1,6000000,1500000,1283646,865415,216354,0,1500000,1500000,216354,0,ACTIVE,MODELED
CTR00822,IND_WR_02,IND,ROOKIE_SCALE,2024,2028,5,3,48134795,9626959,7091819,12675698,2535140,0,48134795,9626959,7605419,0,ACTIVE,MODELED
CTR00823,IND_WR_03,IND,VETERAN,2026,2027,2,2,33285568,16642784,10821022,11643523,5821762,0,6127001,16642784,11643523,0,ACTIVE,MODELED
CTR00824,IND_WR_04,IND,VETERAN,2026,2026,1,1,1915389,1915389,1507859,407530,407530,0,1048218,1915389,407530,0,ACTIVE,MODELED
CTR00825,IND_WR_05,IND,VETERAN_MINIMUM,2023,2027,5,2,6050000,1210000,1210000,0,0,0,302500,1210000,0,0,ACTIVE,MODELED
CTR00826,IND_WR_06,IND,VETERAN_MINIMUM,2026,2026,1,1,1130000,1130000,1130000,0,0,0,56500,1130000,0,0,ACTIVE,MODELED
CTR00827,IND_WR_07,IND,ROOKIE_SCALE,2023,2026,4,1,3980000,995000,818063,707747,176937,0,995000,995000,176937,0,ACTIVE,MODELED
CTR00828,IND_WR_08,IND,VETERAN_MINIMUM,2024,2026,3,1,3990000,1330000,1330000,0,0,0,199500,1330000,0,0,ACTIVE,MODELED
CTR00829,IND_WR_09,IND,ROOKIE_SCALE,2023,2026,4,1,4240000,1060000,767719,1169124,292281,0,1060000,1060000,292281,0,ACTIVE,MODELED
CTR00830,IND_WR_10,IND,VETERAN_MINIMUM,2026,2026,1,1,1030000,1030000,1030000,0,0,0,51500,1030000,0,0,ACTIVE,MODELED
CTR00831,IND_WR_11,IND,UDFA,2025,2027,3,2,2520000,840000,756000,392158,130719,0,50400,886719,261439,0,ACTIVE,MODELED
CTR00832,IND_TE_01,IND,VETERAN,2024,2026,3,1,7192672,2397557,1880479,1551235,517078,215780,3654773,2613337,517078,0,ACTIVE,MODELED
CTR00833,IND_TE_02,IND,UDFA,2024,2026,3,1,2520000,840000,756000,665800,221933,0,50400,977933,221933,0,ACTIVE,MODELED
CTR00834,IND_TE_03,IND,VETERAN_MINIMUM,2026,2026,1,1,1210000,1210000,1210000,0,0,0,60500,1210000,0,0,ACTIVE,MODELED
CTR00835,IND_TE_04,IND,VETERAN_MINIMUM,2025,2026,2,1,2060000,1030000,1030000,0,0,0,103000,1030000,0,0,ACTIVE,MODELED
CTR00836,IND_TE_05,IND,UDFA,2025,2027,3,2,2520000,840000,756000,717622,239207,0,50400,995207,478415,0,ACTIVE,MODELED
CTR00837,IND_TE_06,IND,ROOKIE_SCALE,2026,2029,4,4,3860000,965000,756000,1130695,282674,0,965000,1038674,1130695,0,ACTIVE,MODELED
CTR00838,IND_OT_01,IND,VETERAN,2025,2026,2,1,6347851,3173925,2742436,862979,431489,0,4247804,3173925,431489,0,ACTIVE,MODELED
CTR00839,IND_OT_02,IND,VETERAN_MINIMUM,2026,2026,1,1,1551773,1551773,1551773,0,0,0,77589,1551773,0,0,ACTIVE,MODELED
CTR00840,IND_OT_03,IND,VETERAN_MINIMUM,2023,2026,4,1,4120000,1030000,1030000,0,0,0,206000,1030000,0,0,ACTIVE,MODELED
CTR00841,IND_OT_04,IND,VETERAN_MINIMUM,2026,2026,1,1,1210000,1210000,1210000,0,0,0,60500,1210000,0,0,ACTIVE,MODELED
CTR00842,IND_OT_05,IND,VETERAN_MINIMUM,2026,2026,1,1,1210000,1210000,1210000,0,0,0,60500,1210000,0,0,ACTIVE,MODELED
CTR00843,IND_OT_06,IND,VETERAN_MINIMUM,2026,2026,1,1,1130000,1130000,1130000,0,0,0,56500,1130000,0,0,ACTIVE,MODELED
CTR00844,IND_OG_01,IND,VETERAN,2026,2026,1,1,6621436,6621436,4485084,2136352,2136352,0,3874189,6621436,2136352,0,ACTIVE,MODELED
CTR00845,IND_OG_02,IND,VETERAN_MINIMUM,2026,2026,1,1,1330000,1330000,1330000,0,0,0,66500,1330000,0,0,ACTIVE,MODELED
CTR00846,IND_OG_03,IND,VETERAN_MINIMUM,2026,2027,2,2,2660000,1330000,1330000,0,0,0,133000,1330000,0,0,ACTIVE,MODELED
CTR00847,IND_OG_04,IND,VETERAN_MINIMUM,2026,2026,1,1,1210000,1210000,1210000,0,0,0,60500,1210000,0,0,ACTIVE,MODELED
CTR00848,IND_OG_05,IND,UDFA,2025,2027,3,2,2520000,840000,756000,498357,166119,0,50400,922119,332238,0,ACTIVE,MODELED
CTR00849,IND_OG_06,IND,ROOKIE_SCALE,2025,2028,4,3,3980000,995000,756000,1144825,286206,0,995000,1042206,858619,0,ACTIVE,MODELED
CTR00850,IND_C_01,IND,VETERAN,2025,2026,2,1,19892989,9946494,9022585,1847818,923909,0,6036377,9946494,923909,0,ACTIVE,MODELED
CTR00851,IND_C_02,IND,VETERAN_MINIMUM,2026,2026,1,1,1330000,1330000,1330000,0,0,0,66500,1330000,0,0,ACTIVE,MODELED
CTR00852,IND_C_03,IND,VETERAN_MINIMUM,2025,2026,2,1,2060000,1030000,1030000,0,0,0,103000,1030000,0,0,ACTIVE,MODELED
CTR00853,IND_EDGE_01,IND,VETERAN,2025,2026,2,1,31358398,15679199,13472208,4413981,2206991,940752,6418875,16619951,2206991,0,ACTIVE,MODELED
CTR00854,IND_EDGE_02,IND,VETERAN,2026,2027,2,2,34534955,17267477,13753299,7028357,3514179,1036049,19626097,18303526,7028357,0,ACTIVE,MODELED
CTR00855,IND_EDGE_03,IND,VETERAN,2023,2026,4,1,22096551,5524138,4366842,4629182,1157296,0,16909541,5524138,1157296,0,ACTIVE,MODELED
CTR00856,IND_EDGE_04,IND,VETERAN,2024,2026,3,1,14045453,4681818,2609547,6216813,2072271,0,7954557,4681818,2072271,0,ACTIVE,MODELED
CTR00857,IND_EDGE_05,IND,VETERAN,2024,2026,3,1,6453645,2151215,1464692,2059570,686523,193609,2928642,2344824,686523,0,ACTIVE,MODELED
CTR00858,IND_EDGE_06,IND,VETERAN_MINIMUM,2026,2026,1,1,1130000,1130000,1130000,0,0,0,56500,1130000,0,0,ACTIVE,MODELED
CTR00859,IND_EDGE_07,IND,VETERAN_MINIMUM,2025,2026,2,1,2420000,1210000,1210000,0,0,0,121000,1210000,0,0,ACTIVE,MODELED
CTR00860,IND_EDGE_08,IND,VETERAN_MINIMUM,2026,2026,1,1,1030000,1030000,1030000,0,0,0,51500,1030000,0,0,ACTIVE,MODELED
CTR00861,IND_EDGE_09,IND,UDFA,2024,2026,3,1,2520000,840000,756000,830375,276792,0,50400,1032792,276792,0,ACTIVE,MODELED
CTR00862,IND_DT_01,IND,VETERAN,2026,2027,2,2,11710888,5855444,5767819,175249,87624,0,4042305,5855444,175249,0,ACTIVE,MODELED
CTR00863,IND_DT_02,IND,VETERAN,2026,2026,1,1,2708046,2708046,2068280,639765,639765,0,817729,2708046,639765,0,ACTIVE,MODELED
CTR00864,IND_DT_03,IND,VETERAN_MINIMUM,2026,2026,1,1,1628634,1628634,1628634,0,0,0,81432,1628634,0,0,ACTIVE,MODELED
CTR00865,IND_DT_04,IND,VETERAN,2024,2026,3,1,6331458,2110486,1629732,1442261,480754,189944,3307592,2300430,480754,0,ACTIVE,MODELED
CTR00866,IND_DT_05,IND,ROOKIE_SCALE,2026,2029,4,4,3860000,965000,756000,1166886,291721,0,965000,1047721,1166886,0,ACTIVE,MODELED
CTR00867,IND_DT_06,IND,VETERAN_MINIMUM,2025,2028,4,3,4520000,1130000,1130000,0,0,0,226000,1130000,0,0,ACTIVE,MODELED
CTR00868,IND_DT_07,IND,VETERAN_MINIMUM,2026,2026,1,1,1210000,1210000,1210000,0,0,0,60500,1210000,0,0,ACTIVE,MODELED
CTR00869,IND_DT_08,IND,ROOKIE_SCALE,2023,2026,4,1,3860000,965000,802574,649705,162426,0,965000,965000,162426,0,ACTIVE,MODELED
CTR00870,IND_LB_01,IND,VETERAN,2025,2026,2,1,3268920,1634460,1191729,885462,442731,98068,2282524,1732528,442731,0,ACTIVE,MODELED
CTR00871,IND_LB_02,IND,VETERAN_MINIMUM,2026,2028,3,3,4246174,1415391,1415391,0,0,0,212309,1415391,0,0,ACTIVE,MODELED
CTR00872,IND_LB_03,IND,VETERAN_MINIMUM,2025,2027,3,2,3990000,1330000,1330000,0,0,0,199500,1330000,0,0,ACTIVE,MODELED
CTR00873,IND_LB_04,IND,VETERAN_MINIMUM,2026,2026,1,1,1030000,1030000,1030000,0,0,0,51500,1030000,0,0,ACTIVE,MODELED
CTR00874,IND_LB_05,IND,ROOKIE_SCALE,2024,2027,4,2,3980000,995000,811398,734407,183602,0,995000,995000,367204,0,ACTIVE,MODELED
CTR00875,IND_LB_06,IND,VETERAN_MINIMUM,2026,2027,2,2,2060000,1030000,1030000,0,0,0,103000,1030000,0,0,ACTIVE,MODELED
CTR00876,IND_LB_07,IND,ROOKIE_SCALE,2023,2026,4,1,4240000,1060000,871077,755693,188923,0,1060000,1060000,188923,0,ACTIVE,MODELED
CTR00877,IND_LB_08,IND,UDFA,2026,2028,3,3,2520000,840000,756000,853195,284398,0,50400,1040398,853195,0,ACTIVE,MODELED
CTR00878,IND_CB_01,IND,VETERAN,2024,2026,3,1,33925767,11308589,8734553,7722108,2574036,1017773,23342458,12326362,2574036,0,ACTIVE,MODELED
CTR00879,IND_CB_02,IND,VETERAN,2026,2027,2,2,6730850,3365425,2711949,1306952,653476,0,2283031,3365425,1306952,0,ACTIVE,MODELED
CTR00880,IND_CB_03,IND,VETERAN,2026,2027,2,2,6606028,3303014,2446764,1712500,856250,0,2665543,3303014,1712500,0,ACTIVE,MODELED
CTR00881,IND_CB_04,IND,VETERAN_MINIMUM,2026,2026,1,1,1420000,1420000,1420000,0,0,0,71000,1420000,0,0,ACTIVE,MODELED
CTR00882,IND_CB_05,IND,VETERAN_MINIMUM,2026,2028,3,3,3390000,1130000,1130000,0,0,0,169500,1130000,0,0,ACTIVE,MODELED
CTR00883,IND_CB_06,IND,VETERAN,2025,2026,2,1,5951990,2975995,2337624,1276741,638371,0,509006,2975995,638371,0,ACTIVE,MODELED
CTR00884,IND_CB_07,IND,VETERAN_MINIMUM,2024,2026,3,1,3090000,1030000,1030000,0,0,0,154500,1030000,0,0,ACTIVE,MODELED
CTR00885,IND_CB_08,IND,VETERAN_MINIMUM,2025,2026,2,1,2060000,1030000,1030000,0,0,0,103000,1030000,0,0,ACTIVE,MODELED
CTR00886,IND_CB_09,IND,VETERAN_MINIMUM,2022,2026,5,1,5150000,1030000,1030000,0,0,0,257500,1030000,0,0,ACTIVE,MODELED
CTR00887,IND_CB_10,IND,VETERAN_MINIMUM,2026,2027,2,2,2060000,1030000,1030000,0,0,0,103000,1030000,0,0,ACTIVE,MODELED
CTR00888,IND_CB_11,IND,UDFA,2025,2027,3,2,2520000,840000,756000,687890,229297,0,50400,985297,458593,0,ACTIVE,MODELED
CTR00889,IND_S_01,IND,VETERAN,2023,2027,5,2,21976748,4395350,3948339,2235051,447010,659302,10138185,5054652,894021,0,ACTIVE,MODELED
CTR00890,IND_S_02,IND,VETERAN,2026,2028,3,3,13684497,4561499,3513858,3142923,1047641,0,8590300,4561499,3142923,0,ACTIVE,MODELED
CTR00891,IND_S_03,IND,VETERAN_MINIMUM,2024,2026,3,1,3990000,1330000,1330000,0,0,0,199500,1330000,0,0,ACTIVE,MODELED
CTR00892,IND_S_04,IND,VETERAN_MINIMUM,2026,2026,1,1,1210000,1210000,1210000,0,0,0,60500,1210000,0,0,ACTIVE,MODELED
CTR00893,IND_S_05,IND,VETERAN_MINIMUM,2026,2026,1,1,1420000,1420000,1420000,0,0,0,71000,1420000,0,0,ACTIVE,MODELED
CTR00894,IND_S_06,IND,UDFA,2026,2028,3,3,2520000,840000,756000,503883,167961,0,50400,923961,503883,0,ACTIVE,MODELED
CTR00895,IND_S_07,IND,VETERAN_MINIMUM,2026,2026,1,1,1030000,1030000,1030000,0,0,0,51500,1030000,0,0,ACTIVE,MODELED
CTR00896,IND_K_01,IND,VETERAN_MINIMUM,2025,2026,2,1,2060000,1030000,1030000,0,0,0,103000,1030000,0,0,ACTIVE,MODELED
CTR00897,IND_K_02,IND,VETERAN_MINIMUM,2026,2026,1,1,1030000,1030000,1030000,0,0,0,51500,1030000,0,0,ACTIVE,MODELED
CTR00898,IND_P_01,IND,ROOKIE_SCALE,2025,2028,4,3,9000000,2250000,1810460,1758159,439540,0,4950000,2250000,1318619,0,ACTIVE,MODELED
CTR00899,IND_P_02,IND,VETERAN_MINIMUM,2025,2027,3,2,3630000,1210000,1210000,0,0,0,181500,1210000,0,0,ACTIVE,MODELED
CTR00900,IND_LS_01,IND,VETERAN_MINIMUM,2025,2026,2,1,2420000,1210000,1210000,0,0,0,121000,1210000,0,0,ACTIVE,MODELED
CTR00901,JAX_QB_01,JAX,VETERAN,2026,2026,1,1,15943056,15943056,12504414,3438642,3438642,0,0,15943056,3438642,0,ACTIVE,MODELED
CTR00902,JAX_QB_02,JAX,VETERAN,2025,2027,3,2,16832232,5610744,3449702,6483126,2161042,0,6625698,5610744,4322084,0,ACTIVE,MODELED
CTR00903,JAX_QB_03,JAX,VETERAN_MINIMUM,2026,2026,1,1,1130000,1130000,1130000,0,0,0,56500,1130000,0,0,ACTIVE,MODELED
CTR00904,JAX_QB_04,JAX,UDFA,2024,2026,3,1,2520000,840000,756000,805424,268475,0,50400,1024475,268475,0,ACTIVE,MODELED
CTR00905,JAX_RB_01,JAX,VETERAN,2025,2026,2,1,18065912,9032956,6281965,5501981,2750991,0,10192089,9032956,2750991,0,ACTIVE,MODELED
CTR00906,JAX_RB_02,JAX,VETERAN_MINIMUM,2026,2026,1,1,1210000,1210000,1210000,0,0,0,60500,1210000,0,0,ACTIVE,MODELED
CTR00907,JAX_RB_03,JAX,VETERAN_MINIMUM,2025,2026,2,1,2420000,1210000,1210000,0,0,0,121000,1210000,0,0,ACTIVE,MODELED
CTR00908,JAX_RB_04,JAX,VETERAN_MINIMUM,2025,2026,2,1,2420000,1210000,1210000,0,0,0,121000,1210000,0,0,ACTIVE,MODELED
CTR00909,JAX_RB_05,JAX,ROOKIE_SCALE,2025,2028,4,3,4240000,1060000,889369,682525,170631,0,1060000,1060000,511894,0,ACTIVE,MODELED
CTR00910,JAX_FB_01,JAX,VETERAN_MINIMUM,2026,2028,3,3,4260000,1420000,1420000,0,0,0,213000,1420000,0,0,ACTIVE,MODELED
CTR00911,JAX_WR_01,JAX,VETERAN,2025,2026,2,1,6763146,3381573,1991939,2779268,1389634,0,4699461,3381573,1389634,0,ACTIVE,MODELED
CTR00912,JAX_WR_02,JAX,VETERAN,2026,2026,1,1,2585666,2585666,2060581,525085,525085,0,870396,2585666,525085,0,ACTIVE,MODELED
CTR00913,JAX_WR_03,JAX,VETERAN,2025,2026,2,1,20478422,10239211,9178129,2122165,1061082,614353,8704159,10853564,1061082,0,ACTIVE,MODELED
CTR00914,JAX_WR_04,JAX,VETERAN_MINIMUM,2026,2026,1,1,1330000,1330000,1330000,0,0,0,66500,1330000,0,0,ACTIVE,MODELED
CTR00915,JAX_WR_05,JAX,VETERAN_MINIMUM,2026,2028,3,3,3090000,1030000,1030000,0,0,0,154500,1030000,0,0,ACTIVE,MODELED
CTR00916,JAX_WR_06,JAX,VETERAN_MINIMUM,2026,2026,1,1,1130000,1130000,1130000,0,0,0,56500,1130000,0,0,ACTIVE,MODELED
CTR00917,JAX_WR_07,JAX,VETERAN_MINIMUM,2026,2026,1,1,1283401,1283401,1283401,0,0,0,64170,1283401,0,0,ACTIVE,MODELED
CTR00918,JAX_WR_08,JAX,ROOKIE_SCALE,2024,2027,4,2,6000000,1500000,1042942,1828233,457058,0,1500000,1500000,914116,0,ACTIVE,MODELED
CTR00919,JAX_WR_09,JAX,VETERAN_MINIMUM,2026,2027,2,2,2060000,1030000,1030000,0,0,0,103000,1030000,0,0,ACTIVE,MODELED
CTR00920,JAX_WR_10,JAX,ROOKIE_SCALE,2023,2026,4,1,3860000,965000,756000,1282584,320646,0,965000,1076646,320646,0,ACTIVE,MODELED
CTR00921,JAX_WR_11,JAX,VETERAN_MINIMUM,2025,2026,2,1,2260000,1130000,1130000,0,0,0,113000,1130000,0,0,ACTIVE,MODELED
CTR00922,JAX_TE_01,JAX,VETERAN,2026,2026,1,1,2374510,2374510,1980169,394341,394341,71235,1628502,2445745,394341,0,ACTIVE,MODELED
CTR00923,JAX_TE_02,JAX,VETERAN,2026,2030,5,5,24886103,4977221,4224598,3763111,752622,0,9872653,4977221,3763111,0,ACTIVE,MODELED
CTR00924,JAX_TE_03,JAX,VETERAN_MINIMUM,2026,2026,1,1,1420000,1420000,1420000,0,0,0,71000,1420000,0,0,ACTIVE,MODELED
CTR00925,JAX_TE_04,JAX,VETERAN_MINIMUM,2026,2026,1,1,1030000,1030000,1030000,0,0,0,51500,1030000,0,0,ACTIVE,MODELED
CTR00926,JAX_TE_05,JAX,ROOKIE_SCALE,2025,2028,4,3,3860000,965000,818618,585528,146382,0,965000,965000,439146,0,ACTIVE,MODELED
CTR00927,JAX_TE_06,JAX,UDFA,2026,2028,3,3,2520000,840000,756000,613302,204434,0,50400,960434,613302,0,ACTIVE,MODELED
CTR00928,JAX_OT_01,JAX,VETERAN,2025,2026,2,1,13303969,6651984,5391456,2521056,1260528,0,9801336,6651984,1260528,0,ACTIVE,MODELED
CTR00929,JAX_OT_02,JAX,VETERAN,2026,2027,2,2,17445283,8722641,7379549,2686186,1343093,0,8051110,8722641,2686186,0,ACTIVE,MODELED
CTR00930,JAX_OT_03,JAX,VETERAN_MINIMUM,2024,2026,3,1,4260000,1420000,1420000,0,0,0,213000,1420000,0,0,ACTIVE,MODELED
CTR00931,JAX_OT_04,JAX,VETERAN_MINIMUM,2024,2026,3,1,3990000,1330000,1330000,0,0,0,199500,1330000,0,0,ACTIVE,MODELED
CTR00932,JAX_OT_05,JAX,VETERAN_MINIMUM,2026,2026,1,1,1130000,1130000,1130000,0,0,0,56500,1130000,0,0,ACTIVE,MODELED
CTR00933,JAX_OT_06,JAX,UDFA,2024,2026,3,1,2520000,840000,756000,383752,127917,0,50400,883917,127917,0,ACTIVE,MODELED
CTR00934,JAX_OG_01,JAX,VETERAN,2026,2027,2,2,11485906,5742953,4420475,2644955,1322478,344577,5107964,6087530,2644955,0,ACTIVE,MODELED
CTR00935,JAX_OG_02,JAX,VETERAN,2026,2026,1,1,3819943,3819943,2879942,940001,940001,0,272842,3819943,940001,0,ACTIVE,MODELED
CTR00936,JAX_OG_03,JAX,VETERAN,2026,2026,1,1,2122355,2122355,1742476,379879,379879,63671,1375236,2186026,379879,0,ACTIVE,MODELED
CTR00937,JAX_OG_04,JAX,VETERAN_MINIMUM,2026,2026,1,1,1753427,1753427,1753427,0,0,0,87671,1753427,0,0,ACTIVE,MODELED
CTR00938,JAX_OG_05,JAX,VETERAN_MINIMUM,2025,2026,2,1,2260000,1130000,1130000,0,0,0,113000,1130000,0,0,ACTIVE,MODELED
CTR00939,JAX_OG_06,JAX,VETERAN_MINIMUM,2023,2026,4,1,4520000,1130000,1130000,0,0,0,226000,1130000,0,0,ACTIVE,MODELED
CTR00940,JAX_C_01,JAX,VETERAN_MINIMUM,2025,2027,3,2,4260000,1420000,1420000,0,0,0,213000,1420000,0,0,ACTIVE,MODELED
CTR00941,JAX_C_02,JAX,VETERAN,2024,2027,4,2,9382129,2345532,1575221,3081246,770311,0,3818149,2345532,1540623,0,ACTIVE,MODELED
CTR00942,JAX_C_03,JAX,VETERAN_MINIMUM,2026,2026,1,1,1030000,1030000,1030000,0,0,0,51500,1030000,0,0,ACTIVE,MODELED
CTR00943,JAX_EDGE_01,JAX,VETERAN,2026,2026,1,1,6113368,6113368,4388175,1725194,1725194,0,3066369,6113368,1725194,0,ACTIVE,MODELED
CTR00944,JAX_EDGE_02,JAX,VETERAN,2026,2026,1,1,14519958,14519958,7755356,6764602,6764602,0,2089429,14519958,6764602,0,ACTIVE,MODELED
CTR00945,JAX_EDGE_03,JAX,VETERAN_MINIMUM,2026,2026,1,1,1330000,1330000,1330000,0,0,0,66500,1330000,0,0,ACTIVE,MODELED
CTR00946,JAX_EDGE_04,JAX,VETERAN_MINIMUM,2025,2026,2,1,2840000,1420000,1420000,0,0,0,142000,1420000,0,0,ACTIVE,MODELED
CTR00947,JAX_EDGE_05,JAX,VETERAN_MINIMUM,2025,2026,2,1,2660000,1330000,1330000,0,0,0,133000,1330000,0,0,ACTIVE,MODELED
CTR00948,JAX_EDGE_06,JAX,VETERAN_MINIMUM,2026,2026,1,1,1130000,1130000,1130000,0,0,0,56500,1130000,0,0,ACTIVE,MODELED
CTR00949,JAX_EDGE_07,JAX,VETERAN_MINIMUM,2026,2026,1,1,1330000,1330000,1330000,0,0,0,66500,1330000,0,0,ACTIVE,MODELED
CTR00950,JAX_EDGE_08,JAX,UDFA,2025,2027,3,2,2520000,840000,756000,741099,247033,0,50400,1003033,494066,0,ACTIVE,MODELED
CTR00951,JAX_EDGE_09,JAX,VETERAN_MINIMUM,2024,2026,3,1,3090000,1030000,1030000,0,0,0,154500,1030000,0,0,ACTIVE,MODELED
CTR00952,JAX_DT_01,JAX,VETERAN,2026,2026,1,1,5594923,5594923,4635820,959103,959103,0,2246937,5594923,959103,0,ACTIVE,MODELED
CTR00953,JAX_DT_02,JAX,VETERAN,2024,2026,3,1,20810231,6936744,4820165,6349738,2116579,0,11420922,6936744,2116579,0,ACTIVE,MODELED
CTR00954,JAX_DT_03,JAX,VETERAN_MINIMUM,2026,2026,1,1,1529852,1529852,1529852,0,0,0,76493,1529852,0,0,ACTIVE,MODELED
CTR00955,JAX_DT_04,JAX,VETERAN,2026,2026,1,1,4329359,4329359,3174625,1154734,1154734,129881,2700855,4459240,1154734,0,ACTIVE,MODELED
CTR00956,JAX_DT_05,JAX,VETERAN,2026,2027,2,2,3496217,1748108,1180586,1135044,567522,0,1403871,1748108,1135044,0,ACTIVE,MODELED
CTR00957,JAX_DT_06,JAX,VETERAN_MINIMUM,2026,2027,2,2,2260000,1130000,1130000,0,0,0,113000,1130000,0,0,ACTIVE,MODELED
CTR00958,JAX_DT_07,JAX,VETERAN_MINIMUM,2026,2027,2,2,2260000,1130000,1130000,0,0,0,113000,1130000,0,0,ACTIVE,MODELED
CTR00959,JAX_DT_08,JAX,UDFA,2024,2026,3,1,2520000,840000,756000,559740,186580,0,50400,942580,186580,0,ACTIVE,MODELED
CTR00960,JAX_LB_01,JAX,VETERAN,2026,2028,3,3,29297125,9765708,6638690,9381055,3127018,0,20283688,9765708,9381055,0,ACTIVE,MODELED
CTR00961,JAX_LB_02,JAX,VETERAN,2025,2026,2,1,24831272,12415636,8560590,7710091,3855045,0,9992350,12415636,3855045,0,ACTIVE,MODELED
CTR00962,JAX_LB_03,JAX,VETERAN_MINIMUM,2025,2028,4,3,4120000,1030000,1030000,0,0,0,206000,1030000,0,0,ACTIVE,MODELED
CTR00963,JAX_LB_04,JAX,VETERAN_MINIMUM,2026,2027,2,2,2660000,1330000,1330000,0,0,0,133000,1330000,0,0,ACTIVE,MODELED
CTR00964,JAX_LB_05,JAX,VETERAN_MINIMUM,2026,2027,2,2,2660000,1330000,1330000,0,0,0,133000,1330000,0,0,ACTIVE,MODELED
CTR00965,JAX_LB_06,JAX,VETERAN_MINIMUM,2024,2027,4,2,4520000,1130000,1130000,0,0,0,226000,1130000,0,0,ACTIVE,MODELED
CTR00966,JAX_LB_07,JAX,ROOKIE_SCALE,2024,2027,4,2,3860000,965000,756000,1252929,313232,0,965000,1069232,626465,0,ACTIVE,MODELED
CTR00967,JAX_LB_08,JAX,ROOKIE_SCALE,2026,2029,4,4,4240000,1060000,786404,1094383,273596,0,1060000,1060000,1094383,0,ACTIVE,MODELED
CTR00968,JAX_CB_01,JAX,VETERAN,2026,2026,1,1,6520694,6520694,5831512,689182,689182,0,2949912,6520694,689182,0,ACTIVE,MODELED
CTR00969,JAX_CB_02,JAX,VETERAN,2026,2026,1,1,9446201,9446201,7645214,1800987,1800987,0,3056248,9446201,1800987,0,ACTIVE,MODELED
CTR00970,JAX_CB_03,JAX,VETERAN,2025,2026,2,1,37423269,18711634,14342375,8738519,4369259,0,20350358,18711634,4369259,0,ACTIVE,MODELED
CTR00971,JAX_CB_04,JAX,VETERAN_MINIMUM,2026,2026,1,1,1420000,1420000,1420000,0,0,0,71000,1420000,0,0,ACTIVE,MODELED
CTR00972,JAX_CB_05,JAX,VETERAN,2023,2026,4,1,6825695,1706424,1453495,1011715,252929,204771,2590002,1911195,252929,0,ACTIVE,MODELED
CTR00973,JAX_CB_06,JAX,VETERAN,2024,2026,3,1,10199355,3399785,2663235,2209650,736550,0,5936111,3399785,736550,0,ACTIVE,MODELED
CTR00974,JAX_CB_07,JAX,ROOKIE_SCALE,2025,2028,4,3,6000000,1500000,1120696,1517216,379304,0,1500000,1500000,1137912,0,ACTIVE,MODELED
CTR00975,JAX_CB_08,JAX,VETERAN_MINIMUM,2024,2026,3,1,3390000,1130000,1130000,0,0,0,169500,1130000,0,0,ACTIVE,MODELED
CTR00976,JAX_CB_09,JAX,ROOKIE_SCALE,2023,2026,4,1,4240000,1060000,756000,1349374,337343,0,1060000,1093343,337343,0,ACTIVE,MODELED
CTR00977,JAX_CB_10,JAX,ROOKIE_SCALE,2025,2028,4,3,3860000,965000,756000,972554,243139,0,965000,999139,729416,0,ACTIVE,MODELED
CTR00978,JAX_CB_11,JAX,UDFA,2026,2028,3,3,2520000,840000,756000,401246,133749,0,50400,889749,401246,0,ACTIVE,MODELED
CTR00979,JAX_S_01,JAX,VETERAN_MINIMUM,2026,2026,1,1,1504128,1504128,1504128,0,0,0,75206,1504128,0,0,ACTIVE,MODELED
CTR00980,JAX_S_02,JAX,VETERAN,2026,2026,1,1,4058545,4058545,3061015,997530,997530,0,2141317,4058545,997530,0,ACTIVE,MODELED
CTR00981,JAX_S_03,JAX,VETERAN_MINIMUM,2026,2027,2,2,2260000,1130000,1130000,0,0,0,113000,1130000,0,0,ACTIVE,MODELED
CTR00982,JAX_S_04,JAX,VETERAN_MINIMUM,2026,2027,2,2,2840000,1420000,1420000,0,0,0,142000,1420000,0,0,ACTIVE,MODELED
CTR00983,JAX_S_05,JAX,VETERAN_MINIMUM,2026,2026,1,1,1130000,1130000,1130000,0,0,0,56500,1130000,0,0,ACTIVE,MODELED
CTR00984,JAX_S_06,JAX,UDFA,2024,2026,3,1,2520000,840000,756000,579666,193222,0,50400,949222,193222,0,ACTIVE,MODELED
CTR00985,JAX_S_07,JAX,UDFA,2024,2026,3,1,2520000,840000,756000,709433,236478,0,50400,992478,236478,0,ACTIVE,MODELED
CTR00986,JAX_K_01,JAX,VETERAN_MINIMUM,2026,2026,1,1,1420000,1420000,1420000,0,0,0,71000,1420000,0,0,ACTIVE,MODELED
CTR00987,JAX_K_02,JAX,VETERAN_MINIMUM,2026,2026,1,1,1330000,1330000,1330000,0,0,0,66500,1330000,0,0,ACTIVE,MODELED
CTR00988,JAX_P_01,JAX,VETERAN_MINIMUM,2025,2028,4,3,4120000,1030000,1030000,0,0,0,206000,1030000,0,0,ACTIVE,MODELED
CTR00989,JAX_P_02,JAX,VETERAN_MINIMUM,2025,2026,2,1,2260000,1130000,1130000,0,0,0,113000,1130000,0,0,ACTIVE,MODELED
CTR00990,JAX_LS_01,JAX,VETERAN_MINIMUM,2024,2026,3,1,3990000,1330000,1330000,0,0,0,199500,1330000,0,0,ACTIVE,MODELED
CTR00991,TEN_QB_01,TEN,VETERAN,2026,2026,1,1,28549784,28549784,24274764,4275020,4275020,0,11901797,28549784,4275020,1,ACTIVE,MODELED
CTR00992,TEN_QB_02,TEN,ROOKIE_SCALE,2023,2026,4,1,3980000,995000,791842,812632,203158,0,995000,995000,203158,0,ACTIVE,MODELED
CTR00993,TEN_QB_03,TEN,VETERAN_MINIMUM,2026,2026,1,1,1210000,1210000,1210000,0,0,0,60500,1210000,0,0,ACTIVE,MODELED
CTR00994,TEN_QB_04,TEN,ROOKIE_SCALE,2026,2029,4,4,3980000,995000,756000,969056,242264,0,995000,998264,969056,0,ACTIVE,MODELED
CTR00995,TEN_RB_01,TEN,VETERAN_MINIMUM,2025,2026,2,1,3715814,1857907,1857907,0,0,0,185791,1857907,0,0,ACTIVE,MODELED
CTR00996,TEN_RB_02,TEN,VETERAN_MINIMUM,2026,2026,1,1,1330000,1330000,1330000,0,0,0,66500,1330000,0,0,ACTIVE,MODELED
CTR00997,TEN_RB_03,TEN,VETERAN_MINIMUM,2026,2027,2,2,2060000,1030000,1030000,0,0,0,103000,1030000,0,0,ACTIVE,MODELED
CTR00998,TEN_RB_04,TEN,VETERAN_MINIMUM,2025,2026,2,1,2060000,1030000,1030000,0,0,0,103000,1030000,0,0,ACTIVE,MODELED
CTR00999,TEN_RB_05,TEN,VETERAN_MINIMUM,2025,2027,3,2,3090000,1030000,1030000,0,0,0,154500,1030000,0,0,ACTIVE,MODELED
CTR01000,TEN_FB_01,TEN,VETERAN_MINIMUM,2025,2028,4,3,5320000,1330000,1330000,0,0,0,266000,1330000,0,0,ACTIVE,MODELED
CTR01001,TEN_WR_01,TEN,VETERAN,2026,2028,3,3,56666811,18888937,17103483,5356361,1785454,1700004,26863390,20588941,5356361,0,ACTIVE,MODELED
CTR01002,TEN_WR_02,TEN,VETERAN,2026,2026,1,1,7942415,7942415,5898614,2043801,2043801,238272,5094992,8180687,2043801,0,ACTIVE,MODELED
CTR01003,TEN_WR_03,TEN,VETERAN,2026,2026,1,1,23185887,23185887,18807904,4377982,4377982,0,11470971,23185887,4377982,0,ACTIVE,MODELED
CTR01004,TEN_WR_04,TEN,ROOKIE_SCALE,2025,2028,4,3,4240000,1060000,842337,870652,217663,0,1060000,1060000,652989,0,ACTIVE,MODELED
CTR01005,TEN_WR_05,TEN,VETERAN,2026,2030,5,5,33193804,6638761,4868002,8853793,1770759,0,10033177,6638761,8853793,0,ACTIVE,MODELED
CTR01006,TEN_WR_06,TEN,VETERAN_MINIMUM,2026,2026,1,1,1420000,1420000,1420000,0,0,0,71000,1420000,0,0,ACTIVE,MODELED
CTR01007,TEN_WR_07,TEN,VETERAN_MINIMUM,2026,2026,1,1,1030000,1030000,1030000,0,0,0,51500,1030000,0,0,ACTIVE,MODELED
CTR01008,TEN_WR_08,TEN,VETERAN_MINIMUM,2023,2026,4,1,4520000,1130000,1130000,0,0,0,226000,1130000,0,0,ACTIVE,MODELED
CTR01009,TEN_WR_09,TEN,UDFA,2024,2026,3,1,2520000,840000,756000,548290,182763,0,50400,938763,182763,0,ACTIVE,MODELED
CTR01010,TEN_WR_10,TEN,VETERAN_MINIMUM,2026,2026,1,1,1030000,1030000,1030000,0,0,0,51500,1030000,0,0,ACTIVE,MODELED
CTR01011,TEN_WR_11,TEN,VETERAN_MINIMUM,2026,2027,2,2,2060000,1030000,1030000,0,0,0,103000,1030000,0,0,ACTIVE,MODELED
CTR01012,TEN_TE_01,TEN,VETERAN,2026,2026,1,1,2140265,2140265,1555808,584458,584458,0,1603891,2140265,584458,0,ACTIVE,MODELED
CTR01013,TEN_TE_02,TEN,VETERAN_MINIMUM,2026,2027,2,2,2060000,1030000,1030000,0,0,0,103000,1030000,0,0,ACTIVE,MODELED
CTR01014,TEN_TE_03,TEN,VETERAN,2025,2027,3,2,12114677,4038226,3613317,1274726,424909,363440,6687828,4401666,849817,0,ACTIVE,MODELED
CTR01015,TEN_TE_04,TEN,ROOKIE_SCALE,2025,2028,4,3,4240000,1060000,756000,1402084,350521,0,1060000,1106521,1051563,0,ACTIVE,MODELED
CTR01016,TEN_TE_05,TEN,UDFA,2025,2027,3,2,2520000,840000,756000,857880,285960,0,50400,1041960,571920,0,ACTIVE,MODELED
CTR01017,TEN_TE_06,TEN,VETERAN_MINIMUM,2023,2026,4,1,4120000,1030000,1030000,0,0,0,206000,1030000,0,0,ACTIVE,MODELED
CTR01018,TEN_OT_01,TEN,VETERAN,2024,2026,3,1,69918243,23306081,14260817,27135792,9045264,0,6925881,23306081,9045264,0,ACTIVE,MODELED
CTR01019,TEN_OT_02,TEN,VETERAN,2026,2026,1,1,4808448,4808448,2974526,1833922,1833922,0,3437227,4808448,1833922,0,ACTIVE,MODELED
CTR01020,TEN_OT_03,TEN,VETERAN_MINIMUM,2026,2026,1,1,1330000,1330000,1330000,0,0,0,66500,1330000,0,0,ACTIVE,MODELED
CTR01021,TEN_OT_04,TEN,VETERAN,2026,2026,1,1,5931599,5931599,4779194,1152404,1152404,0,3522876,5931599,1152404,0,ACTIVE,MODELED
CTR01022,TEN_OT_05,TEN,VETERAN_MINIMUM,2026,2026,1,1,1030000,1030000,1030000,0,0,0,51500,1030000,0,0,ACTIVE,MODELED
CTR01023,TEN_OT_06,TEN,ROOKIE_SCALE,2024,2027,4,2,3860000,965000,924787,160852,40213,0,965000,965000,80426,0,ACTIVE,MODELED
CTR01024,TEN_OG_01,TEN,VETERAN,2026,2026,1,1,3940510,3940510,2789649,1150861,1150861,118215,1575525,4058725,1150861,0,ACTIVE,MODELED
CTR01025,TEN_OG_02,TEN,VETERAN,2026,2026,1,1,2742324,2742324,2026546,715778,715778,0,2282301,2742324,715778,0,ACTIVE,MODELED
CTR01026,TEN_OG_03,TEN,VETERAN_MINIMUM,2026,2026,1,1,1420000,1420000,1420000,0,0,0,71000,1420000,0,0,ACTIVE,MODELED
CTR01027,TEN_OG_04,TEN,VETERAN,2025,2027,3,2,22117099,7372366,6169066,3609901,1203300,0,3567372,7372366,2406601,0,ACTIVE,MODELED
CTR01028,TEN_OG_05,TEN,VETERAN_MINIMUM,2026,2028,3,3,3990000,1330000,1330000,0,0,0,199500,1330000,0,0,ACTIVE,MODELED
CTR01029,TEN_OG_06,TEN,VETERAN_MINIMUM,2026,2026,1,1,1130000,1130000,1130000,0,0,0,56500,1130000,0,0,ACTIVE,MODELED
CTR01030,TEN_C_01,TEN,VETERAN,2024,2026,3,1,23457909,7819303,4849460,8909529,2969843,703737,1582640,8523040,2969843,0,ACTIVE,MODELED
CTR01031,TEN_C_02,TEN,VETERAN_MINIMUM,2025,2026,2,1,2840000,1420000,1420000,0,0,0,142000,1420000,0,0,ACTIVE,MODELED
CTR01032,TEN_C_03,TEN,VETERAN_MINIMUM,2026,2026,1,1,1030000,1030000,1030000,0,0,0,51500,1030000,0,0,ACTIVE,MODELED
CTR01033,TEN_EDGE_01,TEN,VETERAN,2026,2026,1,1,7373547,7373547,6051886,1321661,1321661,0,3765037,7373547,1321661,0,ACTIVE,MODELED
CTR01034,TEN_EDGE_02,TEN,VETERAN,2026,2028,3,3,39086101,13028700,10166606,8586282,2862094,0,15961971,13028700,8586282,0,ACTIVE,MODELED
CTR01035,TEN_EDGE_03,TEN,VETERAN,2025,2026,2,1,6679897,3339948,2602648,1474601,737300,0,2057791,3339948,737300,0,ACTIVE,MODELED
CTR01036,TEN_EDGE_04,TEN,VETERAN,2024,2026,3,1,7870355,2623452,1880062,2230170,743390,0,3552602,2623452,743390,0,ACTIVE,MODELED
CTR01037,TEN_EDGE_05,TEN,VETERAN,2026,2026,1,1,3265645,3265645,2844095,421549,421549,0,969864,3265645,421549,0,ACTIVE,MODELED
CTR01038,TEN_EDGE_06,TEN,ROOKIE_SCALE,2024,2027,4,2,4240000,1060000,756000,1316526,329132,0,1060000,1085132,658263,0,ACTIVE,MODELED
CTR01039,TEN_EDGE_07,TEN,VETERAN,2026,2026,1,1,1998841,1998841,1419033,579808,579808,0,815501,1998841,579808,0,ACTIVE,MODELED
CTR01040,TEN_EDGE_08,TEN,UDFA,2026,2028,3,3,2520000,840000,756000,846821,282274,0,50400,1038274,846821,0,ACTIVE,MODELED
CTR01041,TEN_EDGE_09,TEN,VETERAN_MINIMUM,2026,2026,1,1,1030000,1030000,1030000,0,0,0,51500,1030000,0,0,ACTIVE,MODELED
CTR01042,TEN_DT_01,TEN,VETERAN,2026,2027,2,2,10016879,5008440,4387381,1242117,621058,300506,3219666,5308946,1242117,0,ACTIVE,MODELED
CTR01043,TEN_DT_02,TEN,VETERAN,2026,2027,2,2,26884459,13442229,9286821,8310817,4155408,0,15590159,13442229,8310817,0,ACTIVE,MODELED
CTR01044,TEN_DT_03,TEN,VETERAN_MINIMUM,2025,2027,3,2,3090000,1030000,1030000,0,0,0,154500,1030000,0,0,ACTIVE,MODELED
CTR01045,TEN_DT_04,TEN,VETERAN,2026,2026,1,1,4178032,4178032,3235497,942535,942535,0,1482036,4178032,942535,0,ACTIVE,MODELED
CTR01046,TEN_DT_05,TEN,VETERAN,2026,2028,3,3,6502169,2167390,1473060,2082988,694329,0,4259724,2167390,2082988,0,ACTIVE,MODELED
CTR01047,TEN_DT_06,TEN,VETERAN_MINIMUM,2026,2026,1,1,1132088,1132088,1132088,0,0,0,56604,1132088,0,0,ACTIVE,MODELED
CTR01048,TEN_DT_07,TEN,VETERAN_MINIMUM,2023,2026,4,1,4520000,1130000,1130000,0,0,0,226000,1130000,0,0,ACTIVE,MODELED
CTR01049,TEN_DT_08,TEN,VETERAN_MINIMUM,2023,2026,4,1,4120000,1030000,1030000,0,0,0,206000,1030000,0,0,ACTIVE,MODELED
CTR01050,TEN_LB_01,TEN,VETERAN,2025,2026,2,1,22445242,11222621,8508576,5428091,2714045,673357,6164420,11895978,2714045,0,ACTIVE,MODELED
CTR01051,TEN_LB_02,TEN,VETERAN,2026,2026,1,1,3025864,3025864,2526402,499462,499462,0,2874571,3025864,499462,0,ACTIVE,MODELED
CTR01052,TEN_LB_03,TEN,VETERAN_MINIMUM,2026,2026,1,1,1030000,1030000,1030000,0,0,0,51500,1030000,0,0,ACTIVE,MODELED
CTR01053,TEN_LB_04,TEN,VETERAN,2026,2027,2,2,10133117,5066558,3550002,3033113,1516556,0,1957329,5066558,3033113,0,ACTIVE,MODELED
CTR01054,TEN_LB_05,TEN,VETERAN_MINIMUM,2026,2026,1,1,1130000,1130000,1130000,0,0,0,56500,1130000,0,0,ACTIVE,MODELED
CTR01055,TEN_LB_06,TEN,VETERAN_MINIMUM,2025,2026,2,1,2420000,1210000,1210000,0,0,0,121000,1210000,0,0,ACTIVE,MODELED
CTR01056,TEN_LB_07,TEN,VETERAN_MINIMUM,2026,2028,3,3,3090000,1030000,1030000,0,0,0,154500,1030000,0,0,ACTIVE,MODELED
CTR01057,TEN_LB_08,TEN,VETERAN_MINIMUM,2025,2027,3,2,3090000,1030000,1030000,0,0,0,154500,1030000,0,0,ACTIVE,MODELED
CTR01058,TEN_CB_01,TEN,VETERAN,2026,2027,2,2,6342621,3171311,2541457,1259706,629853,0,4161329,3171311,1259706,0,ACTIVE,MODELED
CTR01059,TEN_CB_02,TEN,VETERAN,2026,2028,3,3,31355273,10451758,8753627,5094393,1698131,0,14302969,10451758,5094393,0,ACTIVE,MODELED
CTR01060,TEN_CB_03,TEN,VETERAN,2025,2028,4,3,55497629,13874407,9586631,17151105,4287776,0,23937051,13874407,12863329,0,ACTIVE,MODELED
CTR01061,TEN_CB_04,TEN,VETERAN_MINIMUM,2024,2027,4,2,4120000,1030000,1030000,0,0,0,206000,1030000,0,0,ACTIVE,MODELED
CTR01062,TEN_CB_05,TEN,VETERAN,2026,2026,1,1,1796186,1796186,1036614,759572,759572,0,810001,1796186,759572,0,ACTIVE,MODELED
CTR01063,TEN_CB_06,TEN,VETERAN,2026,2027,2,2,5523156,2761578,1614256,2294645,1147322,0,2715869,2761578,2294645,0,ACTIVE,MODELED
CTR01064,TEN_CB_07,TEN,VETERAN,2026,2028,3,3,5506452,1835484,1377481,1374010,458003,165194,1686598,2000678,1374010,0,ACTIVE,MODELED
CTR01065,TEN_CB_08,TEN,ROOKIE_SCALE,2025,2028,4,3,3980000,995000,756000,1139858,284965,0,995000,1040965,854894,0,ACTIVE,MODELED
CTR01066,TEN_CB_09,TEN,VETERAN_MINIMUM,2026,2026,1,1,1210000,1210000,1210000,0,0,0,60500,1210000,0,0,ACTIVE,MODELED
CTR01067,TEN_CB_10,TEN,VETERAN_MINIMUM,2024,2026,3,1,3390000,1130000,1130000,0,0,0,169500,1130000,0,0,ACTIVE,MODELED
CTR01068,TEN_CB_11,TEN,VETERAN_MINIMUM,2026,2026,1,1,1030000,1030000,1030000,0,0,0,51500,1030000,0,0,ACTIVE,MODELED
CTR01069,TEN_S_01,TEN,VETERAN,2026,2028,3,3,45094874,15031625,11739599,9876076,3292025,1352846,23488083,16384471,9876076,0,ACTIVE,MODELED
CTR01070,TEN_S_02,TEN,VETERAN,2026,2026,1,1,10181096,10181096,8805131,1375965,1375965,0,7316773,10181096,1375965,0,ACTIVE,MODELED
CTR01071,TEN_S_03,TEN,VETERAN_MINIMUM,2025,2027,3,2,5108823,1702941,1702941,0,0,0,255441,1702941,0,0,ACTIVE,MODELED
CTR01072,TEN_S_04,TEN,VETERAN,2025,2026,2,1,3487233,1743617,1466126,554981,277490,0,1907697,1743617,277490,0,ACTIVE,MODELED
CTR01073,TEN_S_05,TEN,VETERAN_MINIMUM,2026,2026,1,1,1210000,1210000,1210000,0,0,0,60500,1210000,0,0,ACTIVE,MODELED
CTR01074,TEN_S_06,TEN,VETERAN_MINIMUM,2026,2026,1,1,1130000,1130000,1130000,0,0,0,56500,1130000,0,0,ACTIVE,MODELED
CTR01075,TEN_S_07,TEN,VETERAN_MINIMUM,2025,2026,2,1,2060000,1030000,1030000,0,0,0,103000,1030000,0,0,ACTIVE,MODELED
CTR01076,TEN_K_01,TEN,VETERAN_MINIMUM,2026,2026,1,1,1030000,1030000,1030000,0,0,0,51500,1030000,0,0,ACTIVE,MODELED
CTR01077,TEN_K_02,TEN,VETERAN_MINIMUM,2026,2027,2,2,2060000,1030000,1030000,0,0,0,103000,1030000,0,0,ACTIVE,MODELED
CTR01078,TEN_P_01,TEN,VETERAN_MINIMUM,2026,2027,2,2,2420000,1210000,1210000,0,0,0,121000,1210000,0,0,ACTIVE,MODELED
CTR01079,TEN_P_02,TEN,VETERAN_MINIMUM,2025,2027,3,2,3090000,1030000,1030000,0,0,0,154500,1030000,0,0,ACTIVE,MODELED
CTR01080,TEN_LS_01,TEN,VETERAN_MINIMUM,2026,2027,2,2,2840000,1420000,1420000,0,0,0,142000,1420000,0,0,ACTIVE,MODELED
CTR01081,DEN_QB_01,DEN,VETERAN,2026,2026,1,1,62938088,62938088,36958996,25979092,25979092,0,21717269,62938088,25979092,1,ACTIVE,MODELED
CTR01082,DEN_QB_02,DEN,VETERAN,2023,2027,5,2,18585332,3717066,3168441,2743129,548626,0,8774713,3717066,1097252,0,ACTIVE,MODELED
CTR01083,DEN_QB_03,DEN,VETERAN_MINIMUM,2026,2026,1,1,1210000,1210000,1210000,0,0,0,60500,1210000,0,0,ACTIVE,MODELED
CTR01084,DEN_QB_04,DEN,VETERAN_MINIMUM,2026,2027,2,2,2060000,1030000,1030000,0,0,0,103000,1030000,0,0,ACTIVE,MODELED
CTR01085,DEN_RB_01,DEN,VETERAN,2026,2028,3,3,10522489,3507496,2890510,1850958,616986,0,7121398,3507496,1850958,0,ACTIVE,MODELED
CTR01086,DEN_RB_02,DEN,VETERAN_MINIMUM,2026,2026,1,1,1330000,1330000,1330000,0,0,0,66500,1330000,0,0,ACTIVE,MODELED
CTR01087,DEN_RB_03,DEN,VETERAN_MINIMUM,2026,2028,3,3,3990000,1330000,1330000,0,0,0,199500,1330000,0,0,ACTIVE,MODELED
CTR01088,DEN_RB_04,DEN,VETERAN_MINIMUM,2026,2026,1,1,1030000,1030000,1030000,0,0,0,51500,1030000,0,0,ACTIVE,MODELED
CTR01089,DEN_RB_05,DEN,UDFA,2024,2026,3,1,2520000,840000,756000,547720,182573,0,50400,938573,182573,0,ACTIVE,MODELED
CTR01090,DEN_FB_01,DEN,VETERAN_MINIMUM,2026,2027,2,2,2660000,1330000,1330000,0,0,0,133000,1330000,0,0,ACTIVE,MODELED
CTR01091,DEN_WR_01,DEN,VETERAN,2025,2027,3,2,57926161,19308720,13703651,16815208,5605069,1737785,31996372,21046505,11210139,0,ACTIVE,MODELED
CTR01092,DEN_WR_02,DEN,VETERAN,2026,2028,3,3,34309284,11436428,7653063,11350093,3783364,1029279,7319155,12465706,11350093,0,ACTIVE,MODELED
CTR01093,DEN_WR_03,DEN,VETERAN,2025,2027,3,2,31813331,10604444,7193381,10233187,3411062,0,15467665,10604444,6822125,0,ACTIVE,MODELED
CTR01094,DEN_WR_04,DEN,VETERAN,2025,2027,3,2,8554750,2851583,2190947,1981910,660637,256642,5535006,3108226,1321273,0,ACTIVE,MODELED
CTR01095,DEN_WR_05,DEN,VETERAN,2026,2026,1,1,1855738,1855738,1246936,608803,608803,0,527272,1855738,608803,0,ACTIVE,MODELED
CTR01096,DEN_WR_06,DEN,VETERAN_MINIMUM,2026,2026,1,1,1330000,1330000,1330000,0,0,0,66500,1330000,0,0,ACTIVE,MODELED
CTR01097,DEN_WR_07,DEN,VETERAN_MINIMUM,2026,2026,1,1,1295549,1295549,1295549,0,0,0,64777,1295549,0,0,ACTIVE,MODELED
CTR01098,DEN_WR_08,DEN,VETERAN_MINIMUM,2026,2026,1,1,1210000,1210000,1210000,0,0,0,60500,1210000,0,0,ACTIVE,MODELED
CTR01099,DEN_WR_09,DEN,VETERAN_MINIMUM,2026,2027,2,2,2060000,1030000,1030000,0,0,0,103000,1030000,0,0,ACTIVE,MODELED
CTR01100,DEN_WR_10,DEN,UDFA,2026,2028,3,3,2520000,840000,756000,461010,153670,0,50400,909670,461010,0,ACTIVE,MODELED
CTR01101,DEN_WR_11,DEN,ROOKIE_SCALE,2024,2027,4,2,4240000,1060000,804092,1023633,255908,0,1060000,1060000,511817,0,ACTIVE,MODELED
CTR01102,DEN_TE_01,DEN,VETERAN,2026,2026,1,1,10806464,10806464,8462859,2343605,2343605,0,1096628,10806464,2343605,0,ACTIVE,MODELED
CTR01103,DEN_TE_02,DEN,VETERAN,2026,2027,2,2,5247196,2623598,2079230,1088735,544368,0,821515,2623598,1088735,0,ACTIVE,MODELED
CTR01104,DEN_TE_03,DEN,VETERAN,2025,2027,3,2,6757313,2252438,1679371,1719201,573067,202719,2966088,2455157,1146134,0,ACTIVE,MODELED
CTR01105,DEN_TE_04,DEN,ROOKIE_SCALE,2025,2028,4,3,6000000,1500000,1087296,1650817,412704,0,1500000,1500000,1238112,0,ACTIVE,MODELED
CTR01106,DEN_TE_05,DEN,UDFA,2024,2026,3,1,2520000,840000,756000,562281,187427,0,50400,943427,187427,0,ACTIVE,MODELED
CTR01107,DEN_TE_06,DEN,ROOKIE_SCALE,2023,2026,4,1,4240000,1060000,964952,380193,95048,0,1060000,1060000,95048,0,ACTIVE,MODELED
CTR01108,DEN_OT_01,DEN,VETERAN,2026,2026,1,1,4478216,4478216,2588037,1890179,1890179,0,2458186,4478216,1890179,0,ACTIVE,MODELED
CTR01109,DEN_OT_02,DEN,VETERAN,2025,2026,2,1,11445718,5722859,3904918,3635882,1817941,343372,7300281,6066231,1817941,0,ACTIVE,MODELED
CTR01110,DEN_OT_03,DEN,VETERAN,2026,2026,1,1,1902218,1902218,1446794,455424,455424,0,778039,1902218,455424,0,ACTIVE,MODELED
CTR01111,DEN_OT_04,DEN,VETERAN_MINIMUM,2026,2028,3,3,3744822,1248274,1248274,0,0,0,187241,1248274,0,0,ACTIVE,MODELED
CTR01112,DEN_OT_05,DEN,UDFA,2026,2028,3,3,2520000,840000,756000,661938,220646,0,50400,976646,661938,0,ACTIVE,MODELED
CTR01113,DEN_OT_06,DEN,VETERAN_MINIMUM,2025,2026,2,1,2260000,1130000,1130000,0,0,0,113000,1130000,0,0,ACTIVE,MODELED
CTR01114,DEN_OG_01,DEN,VETERAN,2026,2027,2,2,6121756,3060878,2080156,1961444,980722,0,2666408,3060878,1961444,0,ACTIVE,MODELED
CTR01115,DEN_OG_02,DEN,VETERAN,2026,2026,1,1,3445832,3445832,2609792,836040,836040,0,1039019,3445832,836040,0,ACTIVE,MODELED
CTR01116,DEN_OG_03,DEN,VETERAN_MINIMUM,2025,2026,2,1,2840000,1420000,1420000,0,0,0,142000,1420000,0,0,ACTIVE,MODELED
CTR01117,DEN_OG_04,DEN,VETERAN_MINIMUM,2026,2029,4,4,5347562,1336890,1336890,0,0,0,267378,1336890,0,0,ACTIVE,MODELED
CTR01118,DEN_OG_05,DEN,VETERAN_MINIMUM,2026,2026,1,1,1130000,1130000,1130000,0,0,0,56500,1130000,0,0,ACTIVE,MODELED
CTR01119,DEN_OG_06,DEN,VETERAN_MINIMUM,2025,2027,3,2,3990000,1330000,1330000,0,0,0,199500,1330000,0,0,ACTIVE,MODELED
CTR01120,DEN_C_01,DEN,VETERAN,2026,2026,1,1,4699154,4699154,3521454,1177700,1177700,0,2075000,4699154,1177700,0,ACTIVE,MODELED
CTR01121,DEN_C_02,DEN,VETERAN,2026,2026,1,1,2234790,2234790,1749604,485186,485186,0,762616,2234790,485186,0,ACTIVE,MODELED
CTR01122,DEN_C_03,DEN,VETERAN_MINIMUM,2024,2026,3,1,3612527,1204176,1204176,0,0,0,180626,1204176,0,0,ACTIVE,MODELED
CTR01123,DEN_EDGE_01,DEN,VETERAN,2026,2026,1,1,21681147,21681147,15751781,5929366,5929366,650434,7339479,22331581,5929366,0,ACTIVE,MODELED
CTR01124,DEN_EDGE_02,DEN,VETERAN,2026,2026,1,1,15280142,15280142,11414558,3865584,3865584,0,10916054,15280142,3865584,0,ACTIVE,MODELED
CTR01125,DEN_EDGE_03,DEN,VETERAN_MINIMUM,2026,2026,1,1,1030000,1030000,1030000,0,0,0,51500,1030000,0,0,ACTIVE,MODELED
CTR01126,DEN_EDGE_04,DEN,VETERAN,2026,2026,1,1,3081907,3081907,2517502,564406,564406,0,1260344,3081907,564406,0,ACTIVE,MODELED
CTR01127,DEN_EDGE_05,DEN,VETERAN_MINIMUM,2026,2028,3,3,3990000,1330000,1330000,0,0,0,199500,1330000,0,0,ACTIVE,MODELED
CTR01128,DEN_EDGE_06,DEN,VETERAN_MINIMUM,2026,2026,1,1,1210000,1210000,1210000,0,0,0,60500,1210000,0,0,ACTIVE,MODELED
CTR01129,DEN_EDGE_07,DEN,VETERAN_MINIMUM,2026,2026,1,1,1210000,1210000,1210000,0,0,0,60500,1210000,0,0,ACTIVE,MODELED
CTR01130,DEN_EDGE_08,DEN,VETERAN_MINIMUM,2025,2026,2,1,2060000,1030000,1030000,0,0,0,103000,1030000,0,0,ACTIVE,MODELED
CTR01131,DEN_EDGE_09,DEN,VETERAN_MINIMUM,2026,2026,1,1,1030000,1030000,1030000,0,0,0,51500,1030000,0,0,ACTIVE,MODELED
CTR01132,DEN_DT_01,DEN,VETERAN,2024,2026,3,1,35087518,11695839,9936633,5277618,1759206,0,15948969,11695839,1759206,0,ACTIVE,MODELED
CTR01133,DEN_DT_02,DEN,ROOKIE_SCALE,2022,2026,5,1,48134795,9626959,6556947,15350059,3070012,0,48134795,9626959,3070012,0,ACTIVE,MODELED
CTR01134,DEN_DT_03,DEN,VETERAN_MINIMUM,2026,2026,1,1,1130000,1130000,1130000,0,0,0,56500,1130000,0,0,ACTIVE,MODELED
CTR01135,DEN_DT_04,DEN,VETERAN,2026,2030,5,5,13791864,2758373,2469851,1442611,288522,0,3525433,2758373,1442611,0,ACTIVE,MODELED
CTR01136,DEN_DT_05,DEN,VETERAN_MINIMUM,2026,2026,1,1,1420000,1420000,1420000,0,0,0,71000,1420000,0,0,ACTIVE,MODELED
CTR01137,DEN_DT_06,DEN,VETERAN_MINIMUM,2025,2026,2,1,2260000,1130000,1130000,0,0,0,113000,1130000,0,0,ACTIVE,MODELED
CTR01138,DEN_DT_07,DEN,ROOKIE_SCALE,2026,2029,4,4,3860000,965000,756000,1149038,287260,0,965000,1043260,1149038,0,ACTIVE,MODELED
CTR01139,DEN_DT_08,DEN,VETERAN_MINIMUM,2026,2027,2,2,2060000,1030000,1030000,0,0,0,103000,1030000,0,0,ACTIVE,MODELED
CTR01140,DEN_LB_01,DEN,VETERAN,2026,2026,1,1,3034594,3034594,2462469,572125,572125,91038,2276511,3125632,572125,0,ACTIVE,MODELED
CTR01141,DEN_LB_02,DEN,VETERAN,2025,2027,3,2,6457851,2152617,1585862,1700267,566756,0,4136772,2152617,1133511,0,ACTIVE,MODELED
CTR01142,DEN_LB_03,DEN,VETERAN_MINIMUM,2026,2028,3,3,3990000,1330000,1330000,0,0,0,199500,1330000,0,0,ACTIVE,MODELED
CTR01143,DEN_LB_04,DEN,VETERAN,2025,2026,2,1,8961693,4480846,3133834,2694024,1347012,268851,4570819,4749697,1347012,0,ACTIVE,MODELED
CTR01144,DEN_LB_05,DEN,VETERAN_MINIMUM,2026,2026,1,1,1330000,1330000,1330000,0,0,0,66500,1330000,0,0,ACTIVE,MODELED
CTR01145,DEN_LB_06,DEN,UDFA,2026,2028,3,3,2520000,840000,756000,309611,103204,0,50400,859204,309611,0,ACTIVE,MODELED
CTR01146,DEN_LB_07,DEN,ROOKIE_SCALE,2026,2029,4,4,3980000,995000,756000,1120331,280083,0,995000,1036083,1120331,0,ACTIVE,MODELED
CTR01147,DEN_LB_08,DEN,VETERAN_MINIMUM,2025,2026,2,1,2660000,1330000,1330000,0,0,0,133000,1330000,0,0,ACTIVE,MODELED
CTR01148,DEN_CB_01,DEN,VETERAN,2026,2027,2,2,26351197,13175598,9019140,8312916,4156458,0,13839469,13175598,8312916,0,ACTIVE,MODELED
CTR01149,DEN_CB_02,DEN,VETERAN,2026,2027,2,2,22875220,11437610,10468191,1938837,969419,0,11896918,11437610,1938837,0,ACTIVE,MODELED
CTR01150,DEN_CB_03,DEN,VETERAN,2026,2027,2,2,14484042,7242021,5188179,4107685,2053842,434521,9167304,7676542,4107685,0,ACTIVE,MODELED
CTR01151,DEN_CB_04,DEN,UDFA,2025,2027,3,2,2520000,840000,756000,529245,176415,0,50400,932415,352830,0,ACTIVE,MODELED
CTR01152,DEN_CB_05,DEN,VETERAN_MINIMUM,2026,2026,1,1,1030000,1030000,1030000,0,0,0,51500,1030000,0,0,ACTIVE,MODELED
CTR01153,DEN_CB_06,DEN,VETERAN_MINIMUM,2026,2026,1,1,1210000,1210000,1210000,0,0,0,60500,1210000,0,0,ACTIVE,MODELED
CTR01154,DEN_CB_07,DEN,VETERAN_MINIMUM,2026,2026,1,1,1330000,1330000,1330000,0,0,0,66500,1330000,0,0,ACTIVE,MODELED
CTR01155,DEN_CB_08,DEN,VETERAN_MINIMUM,2026,2027,2,2,2458247,1229123,1229123,0,0,0,122912,1229123,0,0,ACTIVE,MODELED
CTR01156,DEN_CB_09,DEN,VETERAN_MINIMUM,2026,2027,2,2,2420000,1210000,1210000,0,0,0,121000,1210000,0,0,ACTIVE,MODELED
CTR01157,DEN_CB_10,DEN,VETERAN_MINIMUM,2025,2028,4,3,4520000,1130000,1130000,0,0,0,226000,1130000,0,0,ACTIVE,MODELED
CTR01158,DEN_CB_11,DEN,VETERAN_MINIMUM,2024,2026,3,1,3090000,1030000,1030000,0,0,0,154500,1030000,0,0,ACTIVE,MODELED
CTR01159,DEN_S_01,DEN,VETERAN,2026,2026,1,1,11317019,11317019,7793222,3523797,3523797,0,5786624,11317019,3523797,0,ACTIVE,MODELED
CTR01160,DEN_S_02,DEN,VETERAN,2026,2028,3,3,15619491,5206497,4693610,1538662,512887,0,7703155,5206497,1538662,0,ACTIVE,MODELED
CTR01161,DEN_S_03,DEN,VETERAN_MINIMUM,2026,2027,2,2,2260000,1130000,1130000,0,0,0,113000,1130000,0,0,ACTIVE,MODELED
CTR01162,DEN_S_04,DEN,VETERAN_MINIMUM,2025,2026,2,1,2060000,1030000,1030000,0,0,0,103000,1030000,0,0,ACTIVE,MODELED
CTR01163,DEN_S_05,DEN,VETERAN_MINIMUM,2026,2027,2,2,2060000,1030000,1030000,0,0,0,103000,1030000,0,0,ACTIVE,MODELED
CTR01164,DEN_S_06,DEN,VETERAN_MINIMUM,2025,2027,3,2,3090000,1030000,1030000,0,0,0,154500,1030000,0,0,ACTIVE,MODELED
CTR01165,DEN_S_07,DEN,UDFA,2024,2026,3,1,2520000,840000,756000,365329,121776,0,50400,877776,121776,0,ACTIVE,MODELED
CTR01166,DEN_K_01,DEN,VETERAN_MINIMUM,2025,2027,3,2,3255887,1085296,1085296,0,0,0,162794,1085296,0,0,ACTIVE,MODELED
CTR01167,DEN_K_02,DEN,VETERAN_MINIMUM,2024,2026,3,1,3090000,1030000,1030000,0,0,0,154500,1030000,0,0,ACTIVE,MODELED
CTR01168,DEN_P_01,DEN,VETERAN_MINIMUM,2026,2026,1,1,1239030,1239030,1239030,0,0,0,61952,1239030,0,0,ACTIVE,MODELED
CTR01169,DEN_P_02,DEN,VETERAN_MINIMUM,2023,2026,4,1,4120000,1030000,1030000,0,0,0,206000,1030000,0,0,ACTIVE,MODELED
CTR01170,DEN_LS_01,DEN,VETERAN_MINIMUM,2024,2026,3,1,4260000,1420000,1420000,0,0,0,213000,1420000,0,0,ACTIVE,MODELED
CTR01171,KC_QB_01,KC,VETERAN,2026,2026,1,1,24730859,24730859,22751288,1979571,1979571,741926,5676633,25472785,1979571,1,ACTIVE,MODELED
CTR01172,KC_QB_02,KC,VETERAN,2026,2026,1,1,12542353,12542353,10387899,2154454,2154454,376271,5029459,12918624,2154454,0,ACTIVE,MODELED
CTR01173,KC_QB_03,KC,ROOKIE_SCALE,2026,2029,4,4,6000000,1500000,1043772,1824913,456228,0,1500000,1500000,1824913,0,ACTIVE,MODELED
CTR01174,KC_QB_04,KC,UDFA,2024,2026,3,1,2520000,840000,756000,766531,255510,0,50400,1011510,255510,0,ACTIVE,MODELED
CTR01175,KC_RB_01,KC,ROOKIE_SCALE,2026,2029,4,4,6000000,1500000,1213460,1146158,286540,0,1500000,1500000,1146158,0,ACTIVE,MODELED
CTR01176,KC_RB_02,KC,VETERAN,2025,2026,2,1,5518592,2759296,2077591,1363410,681705,0,3261090,2759296,681705,0,ACTIVE,MODELED
CTR01177,KC_RB_03,KC,VETERAN,2026,2027,2,2,5170535,2585267,2379546,411443,205721,0,3184305,2585267,411443,0,ACTIVE,MODELED
CTR01178,KC_RB_04,KC,VETERAN_MINIMUM,2025,2027,3,2,3630000,1210000,1210000,0,0,0,181500,1210000,0,0,ACTIVE,MODELED
CTR01179,KC_RB_05,KC,UDFA,2025,2027,3,2,2520000,840000,756000,637986,212662,0,50400,968662,425324,0,ACTIVE,MODELED
CTR01180,KC_FB_01,KC,VETERAN_MINIMUM,2025,2029,5,4,5650000,1130000,1130000,0,0,0,282500,1130000,0,0,ACTIVE,MODELED
CTR01181,KC_WR_01,KC,VETERAN,2026,2026,1,1,6427366,6427366,4504486,1922880,1922880,0,2020285,6427366,1922880,0,ACTIVE,MODELED
CTR01182,KC_WR_02,KC,VETERAN,2026,2026,1,1,5790582,5790582,5138316,652265,652265,0,2924353,5790582,652265,0,ACTIVE,MODELED
CTR01183,KC_WR_03,KC,VETERAN,2026,2026,1,1,22526062,22526062,15839656,6686407,6686407,0,9986901,22526062,6686407,1,ACTIVE,MODELED
CTR01184,KC_WR_04,KC,VETERAN,2026,2026,1,1,1801204,1801204,1407551,393653,393653,0,339785,1801204,393653,0,ACTIVE,MODELED
CTR01185,KC_WR_05,KC,VETERAN,2026,2026,1,1,2736058,2736058,2302855,433203,433203,0,700707,2736058,433203,0,ACTIVE,MODELED
CTR01186,KC_WR_06,KC,VETERAN_MINIMUM,2024,2026,3,1,3819426,1273142,1273142,0,0,0,190971,1273142,0,0,ACTIVE,MODELED
CTR01187,KC_WR_07,KC,VETERAN_MINIMUM,2026,2026,1,1,1330000,1330000,1330000,0,0,0,66500,1330000,0,0,ACTIVE,MODELED
CTR01188,KC_WR_08,KC,UDFA,2026,2028,3,3,2520000,840000,756000,630680,210227,0,50400,966227,630680,0,ACTIVE,MODELED
CTR01189,KC_WR_09,KC,UDFA,2026,2028,3,3,2520000,840000,756000,507254,169085,0,50400,925085,507254,0,ACTIVE,MODELED
CTR01190,KC_WR_10,KC,ROOKIE_SCALE,2026,2029,4,4,3860000,965000,773536,765855,191464,0,965000,965000,765855,0,ACTIVE,MODELED
CTR01191,KC_WR_11,KC,VETERAN_MINIMUM,2026,2027,2,2,2060000,1030000,1030000,0,0,0,103000,1030000,0,0,ACTIVE,MODELED
CTR01192,KC_TE_01,KC,VETERAN,2025,2026,2,1,19406089,9703044,8032187,3341714,1670857,0,4696370,9703044,1670857,0,ACTIVE,MODELED
CTR01193,KC_TE_02,KC,VETERAN,2026,2026,1,1,2549230,2549230,1755172,794058,794058,0,1079624,2549230,794058,0,ACTIVE,MODELED
CTR01194,KC_TE_03,KC,ROOKIE_SCALE,2023,2026,4,1,4240000,1060000,816573,973707,243427,0,1060000,1060000,243427,0,ACTIVE,MODELED
CTR01195,KC_TE_04,KC,VETERAN_MINIMUM,2026,2026,1,1,1030000,1030000,1030000,0,0,0,51500,1030000,0,0,ACTIVE,MODELED
CTR01196,KC_TE_05,KC,UDFA,2024,2026,3,1,2520000,840000,756000,399520,133173,0,50400,889173,133173,0,ACTIVE,MODELED
CTR01197,KC_TE_06,KC,VETERAN_MINIMUM,2025,2026,2,1,2660000,1330000,1330000,0,0,0,133000,1330000,0,0,ACTIVE,MODELED
CTR01198,KC_OT_01,KC,VETERAN,2025,2026,2,1,22574999,11287500,10868117,838765,419382,0,7918564,11287500,419382,0,ACTIVE,MODELED
CTR01199,KC_OT_02,KC,VETERAN,2026,2026,1,1,6184481,6184481,4475172,1709309,1709309,185534,2631733,6370016,1709309,0,ACTIVE,MODELED
CTR01200,KC_OT_03,KC,VETERAN_MINIMUM,2026,2026,1,1,1330000,1330000,1330000,0,0,0,66500,1330000,0,0,ACTIVE,MODELED
CTR01201,KC_OT_04,KC,VETERAN_MINIMUM,2026,2026,1,1,1210000,1210000,1210000,0,0,0,60500,1210000,0,0,ACTIVE,MODELED
CTR01202,KC_OT_05,KC,VETERAN,2026,2026,1,1,2168910,2168910,1612962,555947,555947,0,1274242,2168910,555947,0,ACTIVE,MODELED
CTR01203,KC_OT_06,KC,UDFA,2024,2026,3,1,2520000,840000,756000,644533,214844,0,50400,970844,214844,0,ACTIVE,MODELED
CTR01204,KC_OG_01,KC,VETERAN,2024,2026,3,1,15041425,5013808,3859238,3463711,1154570,0,6517371,5013808,1154570,0,ACTIVE,MODELED
CTR01205,KC_OG_02,KC,VETERAN,2026,2026,1,1,3252963,3252963,2551806,701158,701158,97589,265779,3350552,701158,0,ACTIVE,MODELED
CTR01206,KC_OG_03,KC,VETERAN_MINIMUM,2025,2027,3,2,3773862,1257954,1257954,0,0,0,188693,1257954,0,0,ACTIVE,MODELED
CTR01207,KC_OG_04,KC,VETERAN_MINIMUM,2025,2026,2,1,2260000,1130000,1130000,0,0,0,113000,1130000,0,0,ACTIVE,MODELED
CTR01208,KC_OG_05,KC,VETERAN_MINIMUM,2026,2027,2,2,2260000,1130000,1130000,0,0,0,113000,1130000,0,0,ACTIVE,MODELED
CTR01209,KC_OG_06,KC,VETERAN_MINIMUM,2026,2026,1,1,1030000,1030000,1030000,0,0,0,51500,1030000,0,0,ACTIVE,MODELED
CTR01210,KC_C_01,KC,VETERAN,2025,2026,2,1,4563054,2281527,1743520,1076013,538006,136892,1419059,2418418,538006,0,ACTIVE,MODELED
CTR01211,KC_C_02,KC,ROOKIE_SCALE,2025,2028,4,3,9000000,2250000,1449023,3203907,800977,0,4950000,2250000,2402930,0,ACTIVE,MODELED
CTR01212,KC_C_03,KC,VETERAN,2026,2026,1,1,1762393,1762393,1105405,656988,656988,52872,442398,1815265,656988,0,ACTIVE,MODELED
CTR01213,KC_EDGE_01,KC,VETERAN,2025,2026,2,1,47763907,23881954,17842162,12079584,6039792,0,15554767,23881954,6039792,0,ACTIVE,MODELED
CTR01214,KC_EDGE_02,KC,VETERAN,2026,2027,2,2,28107572,14053786,11497182,5113208,2556604,0,14281160,14053786,5113208,0,ACTIVE,MODELED
CTR01215,KC_EDGE_03,KC,VETERAN,2026,2027,2,2,6543415,3271708,2408210,1726996,863498,0,2735638,3271708,1726996,0,ACTIVE,MODELED
CTR01216,KC_EDGE_04,KC,VETERAN,2026,2026,1,1,4188890,4188890,3273648,915242,915242,125667,2608256,4314557,915242,0,ACTIVE,MODELED
CTR01217,KC_EDGE_05,KC,VETERAN,2025,2027,3,2,6596720,2198907,1651474,1642299,547433,197902,1840251,2396808,1094866,0,ACTIVE,MODELED
CTR01218,KC_EDGE_06,KC,VETERAN_MINIMUM,2026,2026,1,1,1330000,1330000,1330000,0,0,0,66500,1330000,0,0,ACTIVE,MODELED
CTR01219,KC_EDGE_07,KC,VETERAN_MINIMUM,2026,2027,2,2,2260000,1130000,1130000,0,0,0,113000,1130000,0,0,ACTIVE,MODELED
CTR01220,KC_EDGE_08,KC,VETERAN_MINIMUM,2025,2026,2,1,2660000,1330000,1330000,0,0,0,133000,1330000,0,0,ACTIVE,MODELED
CTR01221,KC_EDGE_09,KC,ROOKIE_SCALE,2025,2028,4,3,3980000,995000,756000,978294,244573,0,995000,1000573,733720,0,ACTIVE,MODELED
CTR01222,KC_DT_01,KC,VETERAN,2025,2026,2,1,25249230,12624615,9756890,5735449,2867725,0,6948927,12624615,2867725,0,ACTIVE,MODELED
CTR01223,KC_DT_02,KC,VETERAN,2026,2026,1,1,16057896,16057896,13392436,2665460,2665460,481737,12352108,16539633,2665460,0,ACTIVE,MODELED
CTR01224,KC_DT_03,KC,VETERAN,2026,2026,1,1,6398705,6398705,4915385,1483320,1483320,0,2182153,6398705,1483320,0,ACTIVE,MODELED
CTR01225,KC_DT_04,KC,VETERAN,2026,2026,1,1,1925472,1925472,1316043,609430,609430,57764,596897,1983237,609430,0,ACTIVE,MODELED
CTR01226,KC_DT_05,KC,VETERAN_MINIMUM,2026,2026,1,1,1216647,1216647,1216647,0,0,0,60832,1216647,0,0,ACTIVE,MODELED
CTR01227,KC_DT_06,KC,UDFA,2025,2027,3,2,2520000,840000,756000,902225,300742,0,50400,1056742,601484,0,ACTIVE,MODELED
CTR01228,KC_DT_07,KC,UDFA,2026,2028,3,3,2520000,840000,756000,288953,96318,0,50400,852318,288953,0,ACTIVE,MODELED
CTR01229,KC_DT_08,KC,ROOKIE_SCALE,2023,2026,4,1,3860000,965000,756000,883373,220843,0,965000,976843,220843,0,ACTIVE,MODELED
CTR01230,KC_LB_01,KC,VETERAN,2025,2026,2,1,7519242,3759621,2950341,1618559,809280,0,5279558,3759621,809280,0,ACTIVE,MODELED
CTR01231,KC_LB_02,KC,VETERAN,2026,2027,2,2,12460453,6230227,4555770,3348914,1674457,0,4416158,6230227,3348914,0,ACTIVE,MODELED
CTR01232,KC_LB_03,KC,VETERAN,2025,2026,2,1,5666145,2833073,2230019,1206107,603054,0,3095964,2833073,603054,0,ACTIVE,MODELED
CTR01233,KC_LB_04,KC,VETERAN_MINIMUM,2026,2030,5,5,6050000,1210000,1210000,0,0,0,302500,1210000,0,0,ACTIVE,MODELED
CTR01234,KC_LB_05,KC,VETERAN,2026,2028,3,3,5926623,1975541,1875927,298841,99614,0,4729807,1975541,298841,0,ACTIVE,MODELED
CTR01235,KC_LB_06,KC,UDFA,2024,2026,3,1,2520000,840000,756000,449314,149771,0,50400,905771,149771,0,ACTIVE,MODELED
CTR01236,KC_LB_07,KC,ROOKIE_SCALE,2026,2029,4,4,4240000,1060000,891919,672325,168081,0,1060000,1060000,672325,0,ACTIVE,MODELED
CTR01237,KC_LB_08,KC,UDFA,2025,2027,3,2,2520000,840000,756000,494171,164724,0,50400,920724,329448,0,ACTIVE,MODELED
CTR01238,KC_CB_01,KC,VETERAN,2026,2027,2,2,10459423,5229712,3818112,2823200,1411600,0,2799491,5229712,2823200,0,ACTIVE,MODELED
CTR01239,KC_CB_02,KC,VETERAN,2024,2027,4,2,110928834,27732209,20112528,30478721,7619680,0,60202891,27732209,15239361,0,ACTIVE,MODELED
CTR01240,KC_CB_03,KC,VETERAN,2026,2027,2,2,37070046,18535023,13019420,11031206,5515603,1112101,22105292,19647124,11031206,0,ACTIVE,MODELED
CTR01241,KC_CB_04,KC,VETERAN,2026,2029,4,4,10449218,2612305,1999849,2449823,612456,313477,3711497,2925781,2449823,0,ACTIVE,MODELED
CTR01242,KC_CB_05,KC,VETERAN,2024,2026,3,1,10612706,3537569,2620370,2751595,917198,0,1494999,3537569,917198,0,ACTIVE,MODELED
CTR01243,KC_CB_06,KC,VETERAN,2026,2027,2,2,6311995,3155997,2364957,1582081,791041,189360,5092285,3345357,1582081,0,ACTIVE,MODELED
CTR01244,KC_CB_07,KC,VETERAN_MINIMUM,2025,2027,3,2,3990000,1330000,1330000,0,0,0,199500,1330000,0,0,ACTIVE,MODELED
CTR01245,KC_CB_08,KC,VETERAN_MINIMUM,2026,2026,1,1,1030000,1030000,1030000,0,0,0,51500,1030000,0,0,ACTIVE,MODELED
CTR01246,KC_CB_09,KC,VETERAN_MINIMUM,2025,2027,3,2,3090000,1030000,1030000,0,0,0,154500,1030000,0,0,ACTIVE,MODELED
CTR01247,KC_CB_10,KC,UDFA,2025,2027,3,2,2520000,840000,756000,1097300,365767,0,50400,1121767,731534,0,ACTIVE,MODELED
CTR01248,KC_CB_11,KC,VETERAN_MINIMUM,2025,2026,2,1,2060000,1030000,1030000,0,0,0,103000,1030000,0,0,ACTIVE,MODELED
CTR01249,KC_S_01,KC,VETERAN,2025,2028,4,3,41213357,10303339,7245502,12231351,3057838,0,25679526,10303339,9173513,0,ACTIVE,MODELED
CTR01250,KC_S_02,KC,VETERAN,2026,2026,1,1,3746519,3746519,2772553,973966,973966,112396,1582907,3858914,973966,0,ACTIVE,MODELED
CTR01251,KC_S_03,KC,VETERAN_MINIMUM,2025,2026,2,1,2660000,1330000,1330000,0,0,0,133000,1330000,0,0,ACTIVE,MODELED
CTR01252,KC_S_04,KC,VETERAN_MINIMUM,2026,2026,1,1,1330000,1330000,1330000,0,0,0,66500,1330000,0,0,ACTIVE,MODELED
CTR01253,KC_S_05,KC,VETERAN_MINIMUM,2025,2027,3,2,3090000,1030000,1030000,0,0,0,154500,1030000,0,0,ACTIVE,MODELED
CTR01254,KC_S_06,KC,VETERAN_MINIMUM,2026,2028,3,3,3390000,1130000,1130000,0,0,0,169500,1130000,0,0,ACTIVE,MODELED
CTR01255,KC_S_07,KC,VETERAN_MINIMUM,2023,2026,4,1,4120000,1030000,1030000,0,0,0,206000,1030000,0,0,ACTIVE,MODELED
CTR01256,KC_K_01,KC,VETERAN,2025,2029,5,4,15320827,3064165,2139962,4621018,924204,0,6153413,3064165,3696814,0,ACTIVE,MODELED
CTR01257,KC_K_02,KC,VETERAN_MINIMUM,2025,2026,2,1,2660000,1330000,1330000,0,0,0,133000,1330000,0,0,ACTIVE,MODELED
CTR01258,KC_P_01,KC,VETERAN_MINIMUM,2026,2028,3,3,3990000,1330000,1330000,0,0,0,199500,1330000,0,0,ACTIVE,MODELED
CTR01259,KC_P_02,KC,VETERAN_MINIMUM,2026,2026,1,1,1030000,1030000,1030000,0,0,0,51500,1030000,0,0,ACTIVE,MODELED
CTR01260,KC_LS_01,KC,VETERAN_MINIMUM,2026,2026,1,1,1330000,1330000,1330000,0,0,0,66500,1330000,0,0,ACTIVE,MODELED
CTR01261,LV_QB_01,LV,VETERAN,2025,2027,3,2,73740927,24580309,14448397,30395737,10131912,2212228,34079469,26792537,20263825,0,ACTIVE,MODELED
CTR01262,LV_QB_02,LV,VETERAN_MINIMUM,2025,2026,2,1,3207279,1603640,1603640,0,0,0,160364,1603640,0,0,ACTIVE,MODELED
CTR01263,LV_QB_03,LV,VETERAN_MINIMUM,2024,2027,4,2,5320000,1330000,1330000,0,0,0,266000,1330000,0,0,ACTIVE,MODELED
CTR01264,LV_QB_04,LV,VETERAN_MINIMUM,2026,2026,1,1,1030000,1030000,1030000,0,0,0,51500,1030000,0,0,ACTIVE,MODELED
CTR01265,LV_RB_01,LV,VETERAN,2025,2027,3,2,9142018,3047339,2535919,1534260,511420,274261,2884218,3321600,1022840,0,ACTIVE,MODELED
CTR01266,LV_RB_02,LV,VETERAN_MINIMUM,2026,2027,2,2,2060000,1030000,1030000,0,0,0,103000,1030000,0,0,ACTIVE,MODELED
CTR01267,LV_RB_03,LV,VETERAN_MINIMUM,2023,2026,4,1,4120000,1030000,1030000,0,0,0,206000,1030000,0,0,ACTIVE,MODELED
CTR01268,LV_RB_04,LV,VETERAN_MINIMUM,2025,2026,2,1,2260000,1130000,1130000,0,0,0,113000,1130000,0,0,ACTIVE,MODELED
CTR01269,LV_RB_05,LV,UDFA,2026,2028,3,3,2520000,840000,756000,480035,160012,0,50400,916012,480035,0,ACTIVE,MODELED
CTR01270,LV_FB_01,LV,VETERAN_MINIMUM,2026,2028,3,3,3630000,1210000,1210000,0,0,0,181500,1210000,0,0,ACTIVE,MODELED
CTR01271,LV_WR_01,LV,VETERAN,2025,2026,2,1,44376450,22188225,18611171,7154107,3577053,0,9301115,22188225,3577053,0,ACTIVE,MODELED
CTR01272,LV_WR_02,LV,VETERAN,2026,2026,1,1,6958825,6958825,6192200,766625,766625,0,2087282,6958825,766625,0,ACTIVE,MODELED
CTR01273,LV_WR_03,LV,VETERAN,2025,2026,2,1,13723979,6861990,5985115,1753750,876875,411719,2935204,7273709,876875,0,ACTIVE,MODELED
CTR01274,LV_WR_04,LV,VETERAN_MINIMUM,2025,2027,3,2,3792135,1264045,1264045,0,0,0,189607,1264045,0,0,ACTIVE,MODELED
CTR01275,LV_WR_05,LV,VETERAN,2026,2026,1,1,2217102,2217102,1568852,648250,648250,0,645064,2217102,648250,0,ACTIVE,MODELED
CTR01276,LV_WR_06,LV,VETERAN_MINIMUM,2026,2030,5,5,7100000,1420000,1420000,0,0,0,355000,1420000,0,0,ACTIVE,MODELED
CTR01277,LV_WR_07,LV,VETERAN_MINIMUM,2026,2027,2,2,2449007,1224504,1224504,0,0,0,122450,1224504,0,0,ACTIVE,MODELED
CTR01278,LV_WR_08,LV,VETERAN_MINIMUM,2025,2027,3,2,3090000,1030000,1030000,0,0,0,154500,1030000,0,0,ACTIVE,MODELED
CTR01279,LV_WR_09,LV,VETERAN_MINIMUM,2026,2026,1,1,1030000,1030000,1030000,0,0,0,51500,1030000,0,0,ACTIVE,MODELED
CTR01280,LV_WR_10,LV,UDFA,2026,2028,3,3,2520000,840000,756000,598734,199578,0,50400,955578,598734,0,ACTIVE,MODELED
CTR01281,LV_WR_11,LV,VETERAN_MINIMUM,2026,2026,1,1,1030000,1030000,1030000,0,0,0,51500,1030000,0,0,ACTIVE,MODELED
CTR01282,LV_TE_01,LV,VETERAN,2026,2026,1,1,6317176,6317176,5398118,919058,919058,0,3012541,6317176,919058,0,ACTIVE,MODELED
CTR01283,LV_TE_02,LV,VETERAN,2026,2026,1,1,2308873,2308873,1602179,706694,706694,0,1249710,2308873,706694,0,ACTIVE,MODELED
CTR01284,LV_TE_03,LV,VETERAN,2026,2026,1,1,2517858,2517858,2105306,412552,412552,0,0,2517858,412552,0,ACTIVE,MODELED
CTR01285,LV_TE_04,LV,VETERAN_MINIMUM,2026,2026,1,1,1130000,1130000,1130000,0,0,0,56500,1130000,0,0,ACTIVE,MODELED
CTR01286,LV_TE_05,LV,VETERAN_MINIMUM,2026,2026,1,1,1210000,1210000,1210000,0,0,0,60500,1210000,0,0,ACTIVE,MODELED
CTR01287,LV_TE_06,LV,ROOKIE_SCALE,2026,2029,4,4,3860000,965000,804551,641798,160449,0,965000,965000,641798,0,ACTIVE,MODELED
CTR01288,LV_OT_01,LV,VETERAN,2026,2026,1,1,7376814,7376814,4319010,3057805,3057805,0,1280226,7376814,3057805,0,ACTIVE,MODELED
CTR01289,LV_OT_02,LV,VETERAN,2024,2028,5,3,91066638,18213328,13599148,23070896,4614179,0,75268682,18213328,13842537,0,ACTIVE,MODELED
CTR01290,LV_OT_03,LV,VETERAN_MINIMUM,2025,2027,3,2,3630000,1210000,1210000,0,0,0,181500,1210000,0,0,ACTIVE,MODELED
CTR01291,LV_OT_04,LV,VETERAN,2023,2026,4,1,17389393,4347348,3427068,3681121,920280,0,6082376,4347348,920280,0,ACTIVE,MODELED
CTR01292,LV_OT_05,LV,VETERAN_MINIMUM,2026,2029,4,4,5320000,1330000,1330000,0,0,0,266000,1330000,0,0,ACTIVE,MODELED
CTR01293,LV_OT_06,LV,VETERAN_MINIMUM,2026,2026,1,1,1030000,1030000,1030000,0,0,0,51500,1030000,0,0,ACTIVE,MODELED
CTR01294,LV_OG_01,LV,VETERAN,2026,2028,3,3,14703787,4901262,3829924,3214013,1071338,0,7857838,4901262,3214013,0,ACTIVE,MODELED
CTR01295,LV_OG_02,LV,VETERAN,2025,2026,2,1,9482933,4741467,3167431,3148072,1574036,284488,4265198,5025955,1574036,0,ACTIVE,MODELED
CTR01296,LV_OG_03,LV,VETERAN,2026,2027,2,2,3513822,1756911,1409230,695362,347681,105415,1404739,1862326,695362,0,ACTIVE,MODELED
CTR01297,LV_OG_04,LV,VETERAN_MINIMUM,2026,2027,2,2,2660000,1330000,1330000,0,0,0,133000,1330000,0,0,ACTIVE,MODELED
CTR01298,LV_OG_05,LV,VETERAN_MINIMUM,2022,2026,5,1,5150000,1030000,1030000,0,0,0,257500,1030000,0,0,ACTIVE,MODELED
CTR01299,LV_OG_06,LV,VETERAN_MINIMUM,2026,2026,1,1,1030000,1030000,1030000,0,0,0,51500,1030000,0,0,ACTIVE,MODELED
CTR01300,LV_C_01,LV,VETERAN,2026,2027,2,2,11150167,5575083,5090797,968573,484287,334505,4045971,5909589,968573,0,ACTIVE,MODELED
CTR01301,LV_C_02,LV,VETERAN,2026,2026,1,1,2964519,2964519,2472232,492287,492287,0,765712,2964519,492287,0,ACTIVE,MODELED
CTR01302,LV_C_03,LV,VETERAN_MINIMUM,2025,2026,2,1,2060000,1030000,1030000,0,0,0,103000,1030000,0,0,ACTIVE,MODELED
CTR01303,LV_EDGE_01,LV,VETERAN,2026,2026,1,1,7389568,7389568,5939691,1449877,1449877,0,1883194,7389568,1449877,0,ACTIVE,MODELED
CTR01304,LV_EDGE_02,LV,VETERAN,2026,2027,2,2,26390614,13195307,8128650,10133315,5066657,791718,14345439,13987025,10133315,0,ACTIVE,MODELED
CTR01305,LV_EDGE_03,LV,VETERAN,2026,2026,1,1,2823473,2823473,2407885,415588,415588,0,1286005,2823473,415588,0,ACTIVE,MODELED
CTR01306,LV_EDGE_04,LV,ROOKIE_SCALE,2024,2027,4,2,4240000,1060000,761654,1193384,298346,0,1060000,1060000,596692,0,ACTIVE,MODELED
CTR01307,LV_EDGE_05,LV,VETERAN,2026,2026,1,1,2318393,2318393,1678931,639463,639463,0,1184675,2318393,639463,0,ACTIVE,MODELED
CTR01308,LV_EDGE_06,LV,VETERAN_MINIMUM,2026,2030,5,5,5150000,1030000,1030000,0,0,0,257500,1030000,0,0,ACTIVE,MODELED
CTR01309,LV_EDGE_07,LV,VETERAN,2025,2027,3,2,8311232,2770411,2183501,1760728,586909,0,2424905,2770411,1173818,0,ACTIVE,MODELED
CTR01310,LV_EDGE_08,LV,VETERAN_MINIMUM,2026,2027,2,2,2060000,1030000,1030000,0,0,0,103000,1030000,0,0,ACTIVE,MODELED
CTR01311,LV_EDGE_09,LV,ROOKIE_SCALE,2023,2026,4,1,4240000,1060000,759435,1202262,300565,0,1060000,1060000,300565,0,ACTIVE,MODELED
CTR01312,LV_DT_01,LV,VETERAN,2026,2027,2,2,16222513,8111257,6884682,2453149,1226574,0,11851076,8111257,2453149,0,ACTIVE,MODELED
CTR01313,LV_DT_02,LV,VETERAN,2026,2026,1,1,4242552,4242552,3455656,786896,786896,0,1971719,4242552,786896,0,ACTIVE,MODELED
CTR01314,LV_DT_03,LV,VETERAN,2026,2027,2,2,5976706,2988353,2339672,1297362,648681,0,4941336,2988353,1297362,0,ACTIVE,MODELED
CTR01315,LV_DT_04,LV,VETERAN_MINIMUM,2026,2030,5,5,6650000,1330000,1330000,0,0,0,332500,1330000,0,0,ACTIVE,MODELED
CTR01316,LV_DT_05,LV,VETERAN,2025,2027,3,2,9232698,3077566,1804781,3818355,1272785,0,4145572,3077566,2545570,0,ACTIVE,MODELED
CTR01317,LV_DT_06,LV,VETERAN_MINIMUM,2025,2026,2,1,2060000,1030000,1030000,0,0,0,103000,1030000,0,0,ACTIVE,MODELED
CTR01318,LV_DT_07,LV,VETERAN_MINIMUM,2025,2026,2,1,2060000,1030000,1030000,0,0,0,103000,1030000,0,0,ACTIVE,MODELED
CTR01319,LV_DT_08,LV,ROOKIE_SCALE,2024,2027,4,2,3980000,995000,756000,1205832,301458,0,995000,1057458,602916,0,ACTIVE,MODELED
CTR01320,LV_LB_01,LV,VETERAN,2024,2026,3,1,39515231,13171744,9101114,12211890,4070630,0,15243597,13171744,4070630,0,ACTIVE,MODELED
CTR01321,LV_LB_02,LV,VETERAN,2026,2026,1,1,4665311,4665311,3801182,864129,864129,0,2161827,4665311,864129,0,ACTIVE,MODELED
CTR01322,LV_LB_03,LV,VETERAN,2025,2026,2,1,4558106,2279053,1459741,1638623,819312,0,2040731,2279053,819312,0,ACTIVE,MODELED
CTR01323,LV_LB_04,LV,VETERAN_MINIMUM,2025,2027,3,2,4260000,1420000,1420000,0,0,0,213000,1420000,0,0,ACTIVE,MODELED
CTR01324,LV_LB_05,LV,VETERAN_MINIMUM,2025,2029,5,4,5650000,1130000,1130000,0,0,0,282500,1130000,0,0,ACTIVE,MODELED
CTR01325,LV_LB_06,LV,VETERAN_MINIMUM,2026,2030,5,5,6050000,1210000,1210000,0,0,0,302500,1210000,0,0,ACTIVE,MODELED
CTR01326,LV_LB_07,LV,VETERAN_MINIMUM,2026,2026,1,1,1030000,1030000,1030000,0,0,0,51500,1030000,0,0,ACTIVE,MODELED
CTR01327,LV_LB_08,LV,VETERAN_MINIMUM,2025,2027,3,2,3390000,1130000,1130000,0,0,0,169500,1130000,0,0,ACTIVE,MODELED
CTR01328,LV_CB_01,LV,VETERAN,2025,2026,2,1,13820449,6910224,5321935,3176579,1588290,0,10208363,6910224,1588290,0,ACTIVE,MODELED
CTR01329,LV_CB_02,LV,VETERAN,2026,2026,1,1,6429929,6429929,4995085,1434844,1434844,192898,1950129,6622826,1434844,0,ACTIVE,MODELED
CTR01330,LV_CB_03,LV,VETERAN,2025,2028,4,3,32053110,8013278,6672520,5363030,1340757,0,15026375,8013278,4022272,0,ACTIVE,MODELED
CTR01331,LV_CB_04,LV,ROOKIE_SCALE,2025,2028,4,3,6000000,1500000,941063,2235750,558937,0,1500000,1500000,1676812,0,ACTIVE,MODELED
CTR01332,LV_CB_05,LV,VETERAN_MINIMUM,2025,2026,2,1,2420000,1210000,1210000,0,0,0,121000,1210000,0,0,ACTIVE,MODELED
CTR01333,LV_CB_06,LV,VETERAN,2026,2026,1,1,5786093,5786093,5031994,754099,754099,0,1231461,5786093,754099,0,ACTIVE,MODELED
CTR01334,LV_CB_07,LV,VETERAN,2026,2027,2,2,3536866,1768433,1147589,1241688,620844,0,1173970,1768433,1241688,0,ACTIVE,MODELED
CTR01335,LV_CB_08,LV,VETERAN_MINIMUM,2026,2026,1,1,1030000,1030000,1030000,0,0,0,51500,1030000,0,0,ACTIVE,MODELED
CTR01336,LV_CB_09,LV,VETERAN_MINIMUM,2026,2026,1,1,1130000,1130000,1130000,0,0,0,56500,1130000,0,0,ACTIVE,MODELED
CTR01337,LV_CB_10,LV,UDFA,2026,2028,3,3,2520000,840000,756000,266960,88987,0,50400,844987,266960,0,ACTIVE,MODELED
CTR01338,LV_CB_11,LV,UDFA,2024,2026,3,1,2520000,840000,756000,632530,210843,0,50400,966843,210843,0,ACTIVE,MODELED
CTR01339,LV_S_01,LV,ROOKIE_SCALE,2023,2027,5,2,24514580,4902916,3772341,5652877,1130575,0,24514580,4902916,2261151,0,ACTIVE,MODELED
CTR01340,LV_S_02,LV,VETERAN,2025,2026,2,1,15190498,7595249,6184569,2821361,1410680,0,1402188,7595249,1410680,0,ACTIVE,MODELED
CTR01341,LV_S_03,LV,VETERAN_MINIMUM,2026,2026,1,1,1130000,1130000,1130000,0,0,0,56500,1130000,0,0,ACTIVE,MODELED
CTR01342,LV_S_04,LV,VETERAN_MINIMUM,2026,2028,3,3,5268780,1756260,1756260,0,0,0,263439,1756260,0,0,ACTIVE,MODELED
CTR01343,LV_S_05,LV,VETERAN_MINIMUM,2026,2026,1,1,1030000,1030000,1030000,0,0,0,51500,1030000,0,0,ACTIVE,MODELED
CTR01344,LV_S_06,LV,VETERAN_MINIMUM,2026,2026,1,1,1130000,1130000,1130000,0,0,0,56500,1130000,0,0,ACTIVE,MODELED
CTR01345,LV_S_07,LV,UDFA,2024,2026,3,1,2520000,840000,756000,398543,132848,0,50400,888848,132848,0,ACTIVE,MODELED
CTR01346,LV_K_01,LV,VETERAN_MINIMUM,2026,2026,1,1,1130000,1130000,1130000,0,0,0,56500,1130000,0,0,ACTIVE,MODELED
CTR01347,LV_K_02,LV,VETERAN_MINIMUM,2024,2027,4,2,4120000,1030000,1030000,0,0,0,206000,1030000,0,0,ACTIVE,MODELED
CTR01348,LV_P_01,LV,VETERAN_MINIMUM,2025,2026,2,1,2840000,1420000,1420000,0,0,0,142000,1420000,0,0,ACTIVE,MODELED
CTR01349,LV_P_02,LV,VETERAN_MINIMUM,2026,2026,1,1,1030000,1030000,1030000,0,0,0,51500,1030000,0,0,ACTIVE,MODELED
CTR01350,LV_LS_01,LV,VETERAN_MINIMUM,2026,2027,2,2,2660000,1330000,1330000,0,0,0,133000,1330000,0,0,ACTIVE,MODELED
CTR01351,LAC_QB_01,LAC,VETERAN,2025,2028,4,3,25746004,6436501,4923789,6050849,1512712,772380,14322930,7208881,4538137,0,ACTIVE,MODELED
CTR01352,LAC_QB_02,LAC,VETERAN,2025,2026,2,1,10972541,5486270,3660580,3651382,1825691,0,4993555,5486270,1825691,0,ACTIVE,MODELED
CTR01353,LAC_QB_03,LAC,VETERAN_MINIMUM,2025,2028,4,3,5524087,1381022,1381022,0,0,0,276204,1381022,0,0,ACTIVE,MODELED
CTR01354,LAC_QB_04,LAC,UDFA,2026,2028,3,3,2520000,840000,756000,770486,256829,0,50400,1012829,770486,0,ACTIVE,MODELED
CTR01355,LAC_RB_01,LAC,VETERAN,2026,2026,1,1,1761148,1761148,1256346,504802,504802,0,743688,1761148,504802,0,ACTIVE,MODELED
CTR01356,LAC_RB_02,LAC,VETERAN_MINIMUM,2026,2027,2,2,2060000,1030000,1030000,0,0,0,103000,1030000,0,0,ACTIVE,MODELED
CTR01357,LAC_RB_03,LAC,VETERAN_MINIMUM,2025,2028,4,3,5680000,1420000,1420000,0,0,0,284000,1420000,0,0,ACTIVE,MODELED
CTR01358,LAC_RB_04,LAC,VETERAN_MINIMUM,2025,2026,2,1,2420000,1210000,1210000,0,0,0,121000,1210000,0,0,ACTIVE,MODELED
CTR01359,LAC_RB_05,LAC,ROOKIE_SCALE,2025,2028,4,3,3980000,995000,756000,1184272,296068,0,995000,1052068,888204,0,ACTIVE,MODELED
CTR01360,LAC_FB_01,LAC,VETERAN_MINIMUM,2026,2027,2,2,2840000,1420000,1420000,0,0,0,142000,1420000,0,0,ACTIVE,MODELED
CTR01361,LAC_WR_01,LAC,VETERAN,2026,2026,1,1,17188990,17188990,14960351,2228640,2228640,515670,12154464,17704660,2228640,0,ACTIVE,MODELED
CTR01362,LAC_WR_02,LAC,VETERAN,2026,2026,1,1,17629429,17629429,11969709,5659721,5659721,528883,4827666,18158312,5659721,0,ACTIVE,MODELED
CTR01363,LAC_WR_03,LAC,VETERAN,2024,2027,4,2,6880493,1720123,1327856,1569069,392267,206415,1717423,1926538,784535,0,ACTIVE,MODELED
CTR01364,LAC_WR_04,LAC,VETERAN_MINIMUM,2026,2026,1,1,1330000,1330000,1330000,0,0,0,66500,1330000,0,0,ACTIVE,MODELED
CTR01365,LAC_WR_05,LAC,VETERAN_MINIMUM,2026,2027,2,2,2840000,1420000,1420000,0,0,0,142000,1420000,0,0,ACTIVE,MODELED
CTR01366,LAC_WR_06,LAC,VETERAN_MINIMUM,2026,2026,1,1,1210000,1210000,1210000,0,0,0,60500,1210000,0,0,ACTIVE,MODELED
CTR01367,LAC_WR_07,LAC,VETERAN,2026,2026,1,1,1725097,1725097,1159662,565434,565434,51753,1029093,1776850,565434,0,ACTIVE,MODELED
CTR01368,LAC_WR_08,LAC,VETERAN_MINIMUM,2026,2026,1,1,1330000,1330000,1330000,0,0,0,66500,1330000,0,0,ACTIVE,MODELED
CTR01369,LAC_WR_09,LAC,ROOKIE_SCALE,2026,2029,4,4,4240000,1060000,762790,1188840,297210,0,1060000,1060000,1188840,0,ACTIVE,MODELED
CTR01370,LAC_WR_10,LAC,VETERAN_MINIMUM,2024,2026,3,1,3090000,1030000,1030000,0,0,0,154500,1030000,0,0,ACTIVE,MODELED
CTR01371,LAC_WR_11,LAC,ROOKIE_SCALE,2026,2029,4,4,3860000,965000,756000,1839730,459933,0,965000,1215933,1839730,0,ACTIVE,MODELED
CTR01372,LAC_TE_01,LAC,VETERAN,2024,2026,3,1,23867090,7955697,6106142,5548665,1849555,716013,7492510,8671709,1849555,0,ACTIVE,MODELED
CTR01373,LAC_TE_02,LAC,ROOKIE_SCALE,2025,2028,4,3,4240000,1060000,786988,1092049,273012,0,1060000,1060000,819037,0,ACTIVE,MODELED
CTR01374,LAC_TE_03,LAC,VETERAN_MINIMUM,2026,2027,2,2,2260000,1130000,1130000,0,0,0,113000,1130000,0,0,ACTIVE,MODELED
CTR01375,LAC_TE_04,LAC,VETERAN_MINIMUM,2025,2028,4,3,4520000,1130000,1130000,0,0,0,226000,1130000,0,0,ACTIVE,MODELED
CTR01376,LAC_TE_05,LAC,ROOKIE_SCALE,2026,2029,4,4,4240000,1060000,756000,1762765,440691,0,1060000,1196691,1762765,0,ACTIVE,MODELED
CTR01377,LAC_TE_06,LAC,VETERAN_MINIMUM,2024,2026,3,1,3630000,1210000,1210000,0,0,0,181500,1210000,0,0,ACTIVE,MODELED
CTR01378,LAC_OT_01,LAC,VETERAN,2026,2027,2,2,3991532,1995766,1260899,1469733,734866,0,1726515,1995766,1469733,0,ACTIVE,MODELED
CTR01379,LAC_OT_02,LAC,VETERAN,2025,2026,2,1,10622637,5311319,3888271,2846095,1423047,0,5137404,5311319,1423047,0,ACTIVE,MODELED
CTR01380,LAC_OT_03,LAC,VETERAN_MINIMUM,2026,2028,3,3,3990000,1330000,1330000,0,0,0,199500,1330000,0,0,ACTIVE,MODELED
CTR01381,LAC_OT_04,LAC,VETERAN,2026,2026,1,1,5801691,5801691,4569854,1231837,1231837,0,3362913,5801691,1231837,0,ACTIVE,MODELED
CTR01382,LAC_OT_05,LAC,VETERAN_MINIMUM,2026,2026,1,1,1130000,1130000,1130000,0,0,0,56500,1130000,0,0,ACTIVE,MODELED
CTR01383,LAC_OT_06,LAC,VETERAN_MINIMUM,2026,2026,1,1,1130000,1130000,1130000,0,0,0,56500,1130000,0,0,ACTIVE,MODELED
CTR01384,LAC_OG_01,LAC,VETERAN_MINIMUM,2026,2026,1,1,1352260,1352260,1352260,0,0,0,67613,1352260,0,0,ACTIVE,MODELED
CTR01385,LAC_OG_02,LAC,VETERAN,2026,2027,2,2,16181610,8090805,6064707,4052196,2026098,0,6890204,8090805,4052196,0,ACTIVE,MODELED
CTR01386,LAC_OG_03,LAC,VETERAN_MINIMUM,2026,2029,4,4,4840000,1210000,1210000,0,0,0,242000,1210000,0,0,ACTIVE,MODELED
CTR01387,LAC_OG_04,LAC,VETERAN_MINIMUM,2026,2027,2,2,2660000,1330000,1330000,0,0,0,133000,1330000,0,0,ACTIVE,MODELED
CTR01388,LAC_OG_05,LAC,ROOKIE_SCALE,2025,2028,4,3,3860000,965000,758622,825511,206378,0,965000,965000,619133,0,ACTIVE,MODELED
CTR01389,LAC_OG_06,LAC,UDFA,2026,2028,3,3,2520000,840000,756000,509687,169896,0,50400,925896,509687,0,ACTIVE,MODELED
CTR01390,LAC_C_01,LAC,VETERAN,2026,2026,1,1,5224308,5224308,3786210,1438098,1438098,0,590374,5224308,1438098,0,ACTIVE,MODELED
CTR01391,LAC_C_02,LAC,VETERAN_MINIMUM,2026,2026,1,1,1420000,1420000,1420000,0,0,0,71000,1420000,0,0,ACTIVE,MODELED
CTR01392,LAC_C_03,LAC,VETERAN_MINIMUM,2026,2027,2,2,2060000,1030000,1030000,0,0,0,103000,1030000,0,0,ACTIVE,MODELED
CTR01393,LAC_EDGE_01,LAC,VETERAN,2025,2026,2,1,10299349,5149675,4131075,2037200,1018600,0,5036789,5149675,1018600,0,ACTIVE,MODELED
CTR01394,LAC_EDGE_02,LAC,VETERAN,2025,2026,2,1,8745324,4372662,3257271,2230782,1115391,262360,5147802,4635022,1115391,0,ACTIVE,MODELED
CTR01395,LAC_EDGE_03,LAC,VETERAN,2025,2026,2,1,4817384,2408692,1752651,1312082,656041,0,2975871,2408692,656041,0,ACTIVE,MODELED
CTR01396,LAC_EDGE_04,LAC,VETERAN_MINIMUM,2026,2026,1,1,1420000,1420000,1420000,0,0,0,71000,1420000,0,0,ACTIVE,MODELED
CTR01397,LAC_EDGE_05,LAC,VETERAN_MINIMUM,2022,2026,5,1,5650000,1130000,1130000,0,0,0,282500,1130000,0,0,ACTIVE,MODELED
CTR01398,LAC_EDGE_06,LAC,VETERAN_MINIMUM,2025,2026,2,1,2660000,1330000,1330000,0,0,0,133000,1330000,0,0,ACTIVE,MODELED
CTR01399,LAC_EDGE_07,LAC,ROOKIE_SCALE,2026,2029,4,4,3980000,995000,793674,805305,201326,0,995000,995000,805305,0,ACTIVE,MODELED
CTR01400,LAC_EDGE_08,LAC,VETERAN_MINIMUM,2026,2026,1,1,1030000,1030000,1030000,0,0,0,51500,1030000,0,0,ACTIVE,MODELED
CTR01401,LAC_EDGE_09,LAC,VETERAN_MINIMUM,2024,2026,3,1,3390000,1130000,1130000,0,0,0,169500,1130000,0,0,ACTIVE,MODELED
CTR01402,LAC_DT_01,LAC,VETERAN,2026,2026,1,1,2547938,2547938,1686581,861357,861357,0,1194083,2547938,861357,0,ACTIVE,MODELED
CTR01403,LAC_DT_02,LAC,VETERAN,2025,2026,2,1,10957291,5478646,4309741,2337808,1168904,0,6791045,5478646,1168904,0,ACTIVE,MODELED
CTR01404,LAC_DT_03,LAC,VETERAN_MINIMUM,2025,2026,2,1,2660000,1330000,1330000,0,0,0,133000,1330000,0,0,ACTIVE,MODELED
CTR01405,LAC_DT_04,LAC,VETERAN_MINIMUM,2025,2027,3,2,3990000,1330000,1330000,0,0,0,199500,1330000,0,0,ACTIVE,MODELED
CTR01406,LAC_DT_05,LAC,VETERAN_MINIMUM,2023,2026,4,1,4576370,1144092,1144092,0,0,0,228818,1144092,0,0,ACTIVE,MODELED
CTR01407,LAC_DT_06,LAC,ROOKIE_SCALE,2023,2026,4,1,3980000,995000,756000,1066316,266579,0,995000,1022579,266579,0,ACTIVE,MODELED
CTR01408,LAC_DT_07,LAC,VETERAN_MINIMUM,2026,2026,1,1,1030000,1030000,1030000,0,0,0,51500,1030000,0,0,ACTIVE,MODELED
CTR01409,LAC_DT_08,LAC,ROOKIE_SCALE,2025,2028,4,3,3980000,995000,760478,938089,234522,0,995000,995000,703567,0,ACTIVE,MODELED
CTR01410,LAC_LB_01,LAC,VETERAN,2026,2026,1,1,3782586,3782586,3033526,749060,749060,113478,1968203,3896064,749060,0,ACTIVE,MODELED
CTR01411,LAC_LB_02,LAC,VETERAN,2026,2028,3,3,15240415,5080138,4031954,3144553,1048184,0,8899324,5080138,3144553,0,ACTIVE,MODELED
CTR01412,LAC_LB_03,LAC,VETERAN_MINIMUM,2026,2026,1,1,1030000,1030000,1030000,0,0,0,51500,1030000,0,0,ACTIVE,MODELED
CTR01413,LAC_LB_04,LAC,VETERAN_MINIMUM,2025,2026,2,1,3336370,1668185,1668185,0,0,0,166819,1668185,0,0,ACTIVE,MODELED
CTR01414,LAC_LB_05,LAC,ROOKIE_SCALE,2025,2028,4,3,3980000,995000,756000,983443,245861,0,995000,1001861,737583,0,ACTIVE,MODELED
CTR01415,LAC_LB_06,LAC,VETERAN_MINIMUM,2026,2027,2,2,2060000,1030000,1030000,0,0,0,103000,1030000,0,0,ACTIVE,MODELED
CTR01416,LAC_LB_07,LAC,ROOKIE_SCALE,2023,2026,4,1,4760000,1190000,929388,1042448,260612,0,1190000,1190000,260612,0,ACTIVE,MODELED
CTR01417,LAC_LB_08,LAC,ROOKIE_SCALE,2025,2028,4,3,3860000,965000,871028,375889,93972,0,965000,965000,281917,0,ACTIVE,MODELED
CTR01418,LAC_CB_01,LAC,VETERAN_MINIMUM,2025,2027,3,2,3990000,1330000,1330000,0,0,0,199500,1330000,0,0,ACTIVE,MODELED
CTR01419,LAC_CB_02,LAC,VETERAN,2025,2027,3,2,31524686,10508229,7458327,9149703,3049901,0,11360646,10508229,6099802,0,ACTIVE,MODELED
CTR01420,LAC_CB_03,LAC,VETERAN,2026,2027,2,2,8719665,4359833,3188946,2341774,1170887,0,3706745,4359833,2341774,0,ACTIVE,MODELED
CTR01421,LAC_CB_04,LAC,VETERAN,2026,2027,2,2,7747020,3873510,2483814,2779392,1389696,0,3508050,3873510,2779392,0,ACTIVE,MODELED
CTR01422,LAC_CB_05,LAC,VETERAN_MINIMUM,2026,2027,2,2,2260000,1130000,1130000,0,0,0,113000,1130000,0,0,ACTIVE,MODELED
CTR01423,LAC_CB_06,LAC,VETERAN_MINIMUM,2025,2026,2,1,2660000,1330000,1330000,0,0,0,133000,1330000,0,0,ACTIVE,MODELED
CTR01424,LAC_CB_07,LAC,VETERAN_MINIMUM,2026,2026,1,1,1030000,1030000,1030000,0,0,0,51500,1030000,0,0,ACTIVE,MODELED
CTR01425,LAC_CB_08,LAC,ROOKIE_SCALE,2024,2027,4,2,3980000,995000,756000,959410,239852,0,995000,995852,479705,0,ACTIVE,MODELED
CTR01426,LAC_CB_09,LAC,VETERAN_MINIMUM,2025,2026,2,1,2260000,1130000,1130000,0,0,0,113000,1130000,0,0,ACTIVE,MODELED
CTR01427,LAC_CB_10,LAC,VETERAN_MINIMUM,2026,2027,2,2,2420000,1210000,1210000,0,0,0,121000,1210000,0,0,ACTIVE,MODELED
CTR01428,LAC_CB_11,LAC,UDFA,2026,2028,3,3,2520000,840000,756000,490224,163408,0,50400,919408,490224,0,ACTIVE,MODELED
CTR01429,LAC_S_01,LAC,VETERAN,2026,2026,1,1,3963114,3963114,2517907,1445208,1445208,0,2372136,3963114,1445208,0,ACTIVE,MODELED
CTR01430,LAC_S_02,LAC,VETERAN,2026,2026,1,1,4144716,4144716,2985599,1159117,1159117,124341,1916516,4269057,1159117,0,ACTIVE,MODELED
CTR01431,LAC_S_03,LAC,VETERAN_MINIMUM,2024,2026,3,1,3990000,1330000,1330000,0,0,0,199500,1330000,0,0,ACTIVE,MODELED
CTR01432,LAC_S_04,LAC,VETERAN,2026,2026,1,1,2109093,2109093,1619078,490014,490014,0,1195295,2109093,490014,0,ACTIVE,MODELED
CTR01433,LAC_S_05,LAC,UDFA,2025,2027,3,2,2520000,840000,756000,398927,132976,0,50400,888976,265951,0,ACTIVE,MODELED
CTR01434,LAC_S_06,LAC,UDFA,2024,2026,3,1,2520000,840000,756000,432783,144261,0,50400,900261,144261,0,ACTIVE,MODELED
CTR01435,LAC_S_07,LAC,VETERAN_MINIMUM,2024,2026,3,1,3390000,1130000,1130000,0,0,0,169500,1130000,0,0,ACTIVE,MODELED
CTR01436,LAC_K_01,LAC,VETERAN_MINIMUM,2026,2026,1,1,1330000,1330000,1330000,0,0,0,66500,1330000,0,0,ACTIVE,MODELED
CTR01437,LAC_K_02,LAC,VETERAN_MINIMUM,2026,2029,4,4,4120000,1030000,1030000,0,0,0,206000,1030000,0,0,ACTIVE,MODELED
CTR01438,LAC_P_01,LAC,VETERAN_MINIMUM,2023,2026,4,1,5680000,1420000,1420000,0,0,0,284000,1420000,0,0,ACTIVE,MODELED
CTR01439,LAC_P_02,LAC,ROOKIE_SCALE,2026,2029,4,4,3860000,965000,846328,474687,118672,0,965000,965000,474687,0,ACTIVE,MODELED
CTR01440,LAC_LS_01,LAC,VETERAN_MINIMUM,2025,2027,3,2,3630000,1210000,1210000,0,0,0,181500,1210000,0,0,ACTIVE,MODELED
CTR01441,DAL_QB_01,DAL,VETERAN,2026,2026,1,1,8003902,8003902,6556921,1446981,1446981,0,4954013,8003902,1446981,0,ACTIVE,MODELED
CTR01442,DAL_QB_02,DAL,VETERAN,2026,2027,2,2,20952096,10476048,10463328,25441,12720,0,8400818,10476048,25441,0,ACTIVE,MODELED
CTR01443,DAL_QB_03,DAL,UDFA,2026,2028,3,3,2520000,840000,756000,805483,268494,0,50400,1024494,805483,0,ACTIVE,MODELED
CTR01444,DAL_QB_04,DAL,UDFA,2025,2027,3,2,2520000,840000,756000,595311,198437,0,50400,954437,396874,0,ACTIVE,MODELED
CTR01445,DAL_RB_01,DAL,VETERAN,2026,2027,2,2,3554732,1777366,1255086,1044560,522280,0,2078759,1777366,1044560,0,ACTIVE,MODELED
CTR01446,DAL_RB_02,DAL,VETERAN_MINIMUM,2025,2026,2,1,2660000,1330000,1330000,0,0,0,133000,1330000,0,0,ACTIVE,MODELED
CTR01447,DAL_RB_03,DAL,ROOKIE_SCALE,2023,2026,4,1,4240000,1060000,767526,1169895,292474,0,1060000,1060000,292474,0,ACTIVE,MODELED
CTR01448,DAL_RB_04,DAL,UDFA,2026,2028,3,3,2520000,840000,756000,333853,111284,0,50400,867284,333853,0,ACTIVE,MODELED
CTR01449,DAL_RB_05,DAL,VETERAN_MINIMUM,2026,2026,1,1,1130000,1130000,1130000,0,0,0,56500,1130000,0,0,ACTIVE,MODELED
CTR01450,DAL_FB_01,DAL,VETERAN_MINIMUM,2026,2026,1,1,1130000,1130000,1130000,0,0,0,56500,1130000,0,0,ACTIVE,MODELED
CTR01451,DAL_WR_01,DAL,VETERAN,2026,2026,1,1,5558575,5558575,3663853,1894722,1894722,0,1926912,5558575,1894722,0,ACTIVE,MODELED
CTR01452,DAL_WR_02,DAL,VETERAN,2025,2026,2,1,16670624,8335312,5525814,5618996,2809498,500119,5992156,8835431,2809498,0,ACTIVE,MODELED
CTR01453,DAL_WR_03,DAL,VETERAN,2026,2027,2,2,16035417,8017709,6377790,3279837,1639919,0,6822133,8017709,3279837,0,ACTIVE,MODELED
CTR01454,DAL_WR_04,DAL,VETERAN_MINIMUM,2025,2026,2,1,2840000,1420000,1420000,0,0,0,142000,1420000,0,0,ACTIVE,MODELED
CTR01455,DAL_WR_05,DAL,VETERAN_MINIMUM,2026,2028,3,3,3990000,1330000,1330000,0,0,0,199500,1330000,0,0,ACTIVE,MODELED
CTR01456,DAL_WR_06,DAL,VETERAN_MINIMUM,2024,2028,5,3,6778898,1355780,1355780,0,0,0,338945,1355780,0,0,ACTIVE,MODELED
CTR01457,DAL_WR_07,DAL,VETERAN_MINIMUM,2025,2026,2,1,2060000,1030000,1030000,0,0,0,103000,1030000,0,0,ACTIVE,MODELED
CTR01458,DAL_WR_08,DAL,VETERAN,2025,2027,3,2,4593464,1531155,1073243,1373735,457912,0,1589502,1531155,915823,0,ACTIVE,MODELED
CTR01459,DAL_WR_09,DAL,UDFA,2025,2027,3,2,2520000,840000,756000,817630,272543,0,50400,1028543,545086,0,ACTIVE,MODELED
CTR01460,DAL_WR_10,DAL,VETERAN_MINIMUM,2024,2026,3,1,3090000,1030000,1030000,0,0,0,154500,1030000,0,0,ACTIVE,MODELED
CTR01461,DAL_WR_11,DAL,VETERAN_MINIMUM,2026,2026,1,1,1030000,1030000,1030000,0,0,0,51500,1030000,0,0,ACTIVE,MODELED
CTR01462,DAL_TE_01,DAL,VETERAN_MINIMUM,2025,2026,2,1,2260000,1130000,1130000,0,0,0,113000,1130000,0,0,ACTIVE,MODELED
CTR01463,DAL_TE_02,DAL,VETERAN_MINIMUM,2025,2029,5,4,6050000,1210000,1210000,0,0,0,302500,1210000,0,0,ACTIVE,MODELED
CTR01464,DAL_TE_03,DAL,VETERAN_MINIMUM,2026,2026,1,1,1420000,1420000,1420000,0,0,0,71000,1420000,0,0,ACTIVE,MODELED
CTR01465,DAL_TE_04,DAL,VETERAN_MINIMUM,2025,2026,2,1,2060000,1030000,1030000,0,0,0,103000,1030000,0,0,ACTIVE,MODELED
CTR01466,DAL_TE_05,DAL,ROOKIE_SCALE,2025,2028,4,3,4240000,1060000,819985,960059,240015,0,1060000,1060000,720044,0,ACTIVE,MODELED
CTR01467,DAL_TE_06,DAL,ROOKIE_SCALE,2025,2028,4,3,3860000,965000,756000,1160575,290144,0,965000,1046144,870432,0,ACTIVE,MODELED
CTR01468,DAL_OT_01,DAL,VETERAN,2026,2027,2,2,40634730,20317365,17986534,4661662,2330831,1219042,18216093,21536407,4661662,0,ACTIVE,MODELED
CTR01469,DAL_OT_02,DAL,VETERAN,2026,2027,2,2,30908368,15454184,13000761,4906846,2453423,927251,15128027,16381435,4906846,0,ACTIVE,MODELED
CTR01470,DAL_OT_03,DAL,VETERAN_MINIMUM,2025,2026,2,1,2420000,1210000,1210000,0,0,0,121000,1210000,0,0,ACTIVE,MODELED
CTR01471,DAL_OT_04,DAL,VETERAN,2026,2026,1,1,2221616,2221616,1525877,695739,695739,0,1326442,2221616,695739,0,ACTIVE,MODELED
CTR01472,DAL_OT_05,DAL,VETERAN_MINIMUM,2026,2027,2,2,2660000,1330000,1330000,0,0,0,133000,1330000,0,0,ACTIVE,MODELED
CTR01473,DAL_OT_06,DAL,VETERAN_MINIMUM,2024,2026,3,1,3390000,1130000,1130000,0,0,0,169500,1130000,0,0,ACTIVE,MODELED
CTR01474,DAL_OG_01,DAL,VETERAN,2026,2026,1,1,4722550,4722550,4309012,413538,413538,141676,626204,4864226,413538,0,ACTIVE,MODELED
CTR01475,DAL_OG_02,DAL,VETERAN,2026,2027,2,2,15350191,7675096,6720761,1908669,954334,0,6948211,7675096,1908669,0,ACTIVE,MODELED
CTR01476,DAL_OG_03,DAL,VETERAN_MINIMUM,2025,2026,2,1,3234663,1617332,1617332,0,0,0,161733,1617332,0,0,ACTIVE,MODELED
CTR01477,DAL_OG_04,DAL,VETERAN_MINIMUM,2026,2027,2,2,2060000,1030000,1030000,0,0,0,103000,1030000,0,0,ACTIVE,MODELED
CTR01478,DAL_OG_05,DAL,VETERAN_MINIMUM,2026,2026,1,1,1330000,1330000,1330000,0,0,0,66500,1330000,0,0,ACTIVE,MODELED
CTR01479,DAL_OG_06,DAL,UDFA,2025,2027,3,2,2520000,840000,756000,269570,89857,0,50400,845857,179713,0,ACTIVE,MODELED
CTR01480,DAL_C_01,DAL,VETERAN,2026,2026,1,1,2740660,2740660,2042475,698185,698185,0,969361,2740660,698185,0,ACTIVE,MODELED
CTR01481,DAL_C_02,DAL,VETERAN,2026,2027,2,2,5606413,2803206,1995708,1614997,807499,0,2564948,2803206,1614997,0,ACTIVE,MODELED
CTR01482,DAL_C_03,DAL,VETERAN_MINIMUM,2026,2026,1,1,1210000,1210000,1210000,0,0,0,60500,1210000,0,0,ACTIVE,MODELED
CTR01483,DAL_EDGE_01,DAL,VETERAN,2026,2026,1,1,2743848,2743848,1942303,801545,801545,82315,378027,2826164,801545,0,ACTIVE,MODELED
CTR01484,DAL_EDGE_02,DAL,VETERAN,2026,2026,1,1,37039082,37039082,29277293,7761790,7761790,0,11308001,37039082,7761790,0,ACTIVE,MODELED
CTR01485,DAL_EDGE_03,DAL,VETERAN,2025,2026,2,1,17598703,8799352,6012218,5574266,2787133,527961,7772534,9327313,2787133,0,ACTIVE,MODELED
CTR01486,DAL_EDGE_04,DAL,VETERAN_MINIMUM,2026,2026,1,1,1330000,1330000,1330000,0,0,0,66500,1330000,0,0,ACTIVE,MODELED
CTR01487,DAL_EDGE_05,DAL,VETERAN,2026,2026,1,1,2110457,2110457,1878294,232163,232163,0,1885566,2110457,232163,0,ACTIVE,MODELED
CTR01488,DAL_EDGE_06,DAL,UDFA,2024,2026,3,1,2520000,840000,756000,626568,208856,0,50400,964856,208856,0,ACTIVE,MODELED
CTR01489,DAL_EDGE_07,DAL,VETERAN_MINIMUM,2023,2026,4,1,4520000,1130000,1130000,0,0,0,226000,1130000,0,0,ACTIVE,MODELED
CTR01490,DAL_EDGE_08,DAL,UDFA,2024,2026,3,1,2520000,840000,756000,689292,229764,0,50400,985764,229764,0,ACTIVE,MODELED
CTR01491,DAL_EDGE_09,DAL,ROOKIE_SCALE,2026,2029,4,4,3860000,965000,780020,739920,184980,0,965000,965000,739920,0,ACTIVE,MODELED
CTR01492,DAL_DT_01,DAL,VETERAN_MINIMUM,2026,2026,1,1,1330000,1330000,1330000,0,0,0,66500,1330000,0,0,ACTIVE,MODELED
CTR01493,DAL_DT_02,DAL,VETERAN,2026,2026,1,1,2016561,2016561,1432378,584183,584183,0,1099885,2016561,584183,0,ACTIVE,MODELED
CTR01494,DAL_DT_03,DAL,VETERAN,2025,2026,2,1,8162026,4081013,3206795,1748437,874218,0,4422797,4081013,874218,0,ACTIVE,MODELED
CTR01495,DAL_DT_04,DAL,VETERAN_MINIMUM,2025,2026,2,1,2712685,1356342,1356342,0,0,0,135634,1356342,0,0,ACTIVE,MODELED
CTR01496,DAL_DT_05,DAL,VETERAN,2026,2026,1,1,1691806,1691806,1208417,483389,483389,0,959579,1691806,483389,0,ACTIVE,MODELED
CTR01497,DAL_DT_06,DAL,VETERAN_MINIMUM,2026,2026,1,1,1130000,1130000,1130000,0,0,0,56500,1130000,0,0,ACTIVE,MODELED
CTR01498,DAL_DT_07,DAL,VETERAN_MINIMUM,2026,2026,1,1,1130000,1130000,1130000,0,0,0,56500,1130000,0,0,ACTIVE,MODELED
CTR01499,DAL_DT_08,DAL,VETERAN_MINIMUM,2026,2029,4,4,4120000,1030000,1030000,0,0,0,206000,1030000,0,0,ACTIVE,MODELED
CTR01500,DAL_LB_01,DAL,VETERAN_MINIMUM,2026,2026,1,1,1330000,1330000,1330000,0,0,0,66500,1330000,0,0,ACTIVE,MODELED
CTR01501,DAL_LB_02,DAL,VETERAN,2024,2027,4,2,21145712,5286428,4978620,1231230,307807,0,7268294,5286428,615615,0,ACTIVE,MODELED
CTR01502,DAL_LB_03,DAL,VETERAN_MINIMUM,2026,2026,1,1,1030000,1030000,1030000,0,0,0,51500,1030000,0,0,ACTIVE,MODELED
CTR01503,DAL_LB_04,DAL,VETERAN_MINIMUM,2026,2026,1,1,1330000,1330000,1330000,0,0,0,66500,1330000,0,0,ACTIVE,MODELED
CTR01504,DAL_LB_05,DAL,VETERAN_MINIMUM,2026,2026,1,1,1030000,1030000,1030000,0,0,0,51500,1030000,0,0,ACTIVE,MODELED
CTR01505,DAL_LB_06,DAL,UDFA,2025,2027,3,2,2520000,840000,756000,734438,244813,0,50400,1000813,489626,0,ACTIVE,MODELED
CTR01506,DAL_LB_07,DAL,ROOKIE_SCALE,2026,2029,4,4,3980000,995000,880540,457840,114460,0,995000,995000,457840,0,ACTIVE,MODELED
CTR01507,DAL_LB_08,DAL,VETERAN_MINIMUM,2024,2026,3,1,3090000,1030000,1030000,0,0,0,154500,1030000,0,0,ACTIVE,MODELED
CTR01508,DAL_CB_01,DAL,VETERAN,2025,2026,2,1,13077827,6538914,5000343,3077141,1538571,0,8937863,6538914,1538571,0,ACTIVE,MODELED
CTR01509,DAL_CB_02,DAL,VETERAN,2025,2027,3,2,36799031,12266344,11163091,3309758,1103253,0,16966835,12266344,2206505,0,ACTIVE,MODELED
CTR01510,DAL_CB_03,DAL,ROOKIE_SCALE,2024,2028,5,3,23914705,4782941,3394552,6941944,1388389,0,23914705,4782941,4165167,0,ACTIVE,MODELED
CTR01511,DAL_CB_04,DAL,VETERAN_MINIMUM,2026,2026,1,1,1130000,1130000,1130000,0,0,0,56500,1130000,0,0,ACTIVE,MODELED
CTR01512,DAL_CB_05,DAL,VETERAN,2025,2026,2,1,16618106,8309053,5956288,4705531,2352766,0,9113525,8309053,2352766,0,ACTIVE,MODELED
CTR01513,DAL_CB_06,DAL,VETERAN_MINIMUM,2026,2026,1,1,1420000,1420000,1420000,0,0,0,71000,1420000,0,0,ACTIVE,MODELED
CTR01514,DAL_CB_07,DAL,VETERAN_MINIMUM,2025,2026,2,1,2420000,1210000,1210000,0,0,0,121000,1210000,0,0,ACTIVE,MODELED
CTR01515,DAL_CB_08,DAL,VETERAN,2025,2026,2,1,3669927,1834964,1414043,841842,420921,0,295481,1834964,420921,0,ACTIVE,MODELED
CTR01516,DAL_CB_09,DAL,UDFA,2026,2028,3,3,2520000,840000,803562,109313,36438,0,50400,840000,109313,0,ACTIVE,MODELED
CTR01517,DAL_CB_10,DAL,VETERAN_MINIMUM,2026,2026,1,1,1130000,1130000,1130000,0,0,0,56500,1130000,0,0,ACTIVE,MODELED
CTR01518,DAL_CB_11,DAL,ROOKIE_SCALE,2026,2029,4,4,4240000,1060000,778476,1126097,281524,0,1060000,1060000,1126097,0,ACTIVE,MODELED
CTR01519,DAL_S_01,DAL,VETERAN_MINIMUM,2026,2026,1,1,1130000,1130000,1130000,0,0,0,56500,1130000,0,0,ACTIVE,MODELED
CTR01520,DAL_S_02,DAL,VETERAN,2024,2026,3,1,6532605,2177535,1705763,1415316,471772,195978,2608588,2373513,471772,0,ACTIVE,MODELED
CTR01521,DAL_S_03,DAL,VETERAN_MINIMUM,2026,2026,1,1,1210000,1210000,1210000,0,0,0,60500,1210000,0,0,ACTIVE,MODELED
CTR01522,DAL_S_04,DAL,VETERAN_MINIMUM,2026,2026,1,1,1210000,1210000,1210000,0,0,0,60500,1210000,0,0,ACTIVE,MODELED
CTR01523,DAL_S_05,DAL,VETERAN_MINIMUM,2026,2026,1,1,1130000,1130000,1130000,0,0,0,56500,1130000,0,0,ACTIVE,MODELED
CTR01524,DAL_S_06,DAL,UDFA,2026,2028,3,3,2520000,840000,756000,705737,235246,0,50400,991246,705737,0,ACTIVE,MODELED
CTR01525,DAL_S_07,DAL,VETERAN_MINIMUM,2026,2027,2,2,2060000,1030000,1030000,0,0,0,103000,1030000,0,0,ACTIVE,MODELED
CTR01526,DAL_K_01,DAL,VETERAN_MINIMUM,2024,2026,3,1,3990000,1330000,1330000,0,0,0,199500,1330000,0,0,ACTIVE,MODELED
CTR01527,DAL_K_02,DAL,UDFA,2024,2026,3,1,2520000,840000,756000,911556,303852,0,50400,1059852,303852,0,ACTIVE,MODELED
CTR01528,DAL_P_01,DAL,VETERAN_MINIMUM,2026,2027,2,2,2660000,1330000,1330000,0,0,0,133000,1330000,0,0,ACTIVE,MODELED
CTR01529,DAL_P_02,DAL,VETERAN_MINIMUM,2025,2026,2,1,2060000,1030000,1030000,0,0,0,103000,1030000,0,0,ACTIVE,MODELED
CTR01530,DAL_LS_01,DAL,VETERAN_MINIMUM,2025,2026,2,1,2660000,1330000,1330000,0,0,0,133000,1330000,0,0,ACTIVE,MODELED
CTR01531,PHI_QB_01,PHI,VETERAN,2024,2027,4,2,60430369,15107592,10406656,18803744,4700936,1812911,30436082,16920503,9401872,0,ACTIVE,MODELED
CTR01532,PHI_QB_02,PHI,VETERAN_MINIMUM,2026,2026,1,1,1420000,1420000,1420000,0,0,0,71000,1420000,0,0,ACTIVE,MODELED
CTR01533,PHI_QB_03,PHI,VETERAN_MINIMUM,2024,2028,5,3,6650000,1330000,1330000,0,0,0,332500,1330000,0,0,ACTIVE,MODELED
CTR01534,PHI_QB_04,PHI,UDFA,2025,2027,3,2,2520000,840000,756000,977717,325906,0,50400,1081906,651811,0,ACTIVE,MODELED
CTR01535,PHI_RB_01,PHI,VETERAN,2026,2026,1,1,11057513,11057513,8344990,2712522,2712522,331725,8143186,11389238,2712522,0,ACTIVE,MODELED
CTR01536,PHI_RB_02,PHI,VETERAN_MINIMUM,2026,2027,2,2,3753767,1876884,1876884,0,0,0,187688,1876884,0,0,ACTIVE,MODELED
CTR01537,PHI_RB_03,PHI,VETERAN,2026,2026,1,1,3132072,3132072,2690236,441836,441836,93962,1450679,3226034,441836,0,ACTIVE,MODELED
CTR01538,PHI_RB_04,PHI,UDFA,2024,2026,3,1,2520000,840000,756000,467757,155919,0,50400,911919,155919,0,ACTIVE,MODELED
CTR01539,PHI_RB_05,PHI,VETERAN_MINIMUM,2026,2026,1,1,1330000,1330000,1330000,0,0,0,66500,1330000,0,0,ACTIVE,MODELED
CTR01540,PHI_FB_01,PHI,VETERAN_MINIMUM,2026,2026,1,1,1330000,1330000,1330000,0,0,0,66500,1330000,0,0,ACTIVE,MODELED
CTR01541,PHI_WR_01,PHI,VETERAN,2026,2026,1,1,7795055,7795055,5688429,2106626,2106626,0,1661083,7795055,2106626,0,ACTIVE,MODELED
CTR01542,PHI_WR_02,PHI,VETERAN,2024,2026,3,1,29130810,9710270,6495960,9642931,3214310,873924,7869383,10584194,3214310,0,ACTIVE,MODELED
CTR01543,PHI_WR_03,PHI,VETERAN,2025,2026,2,1,45299925,22649962,17962669,9374586,4687293,1358998,28444380,24008960,4687293,0,ACTIVE,MODELED
CTR01544,PHI_WR_04,PHI,VETERAN,2025,2026,2,1,4646335,2323168,1925592,795151,397576,139390,2308095,2462558,397576,0,ACTIVE,MODELED
CTR01545,PHI_WR_05,PHI,VETERAN_MINIMUM,2026,2026,1,1,1130000,1130000,1130000,0,0,0,56500,1130000,0,0,ACTIVE,MODELED
CTR01546,PHI_WR_06,PHI,VETERAN_MINIMUM,2026,2026,1,1,1130000,1130000,1130000,0,0,0,56500,1130000,0,0,ACTIVE,MODELED
CTR01547,PHI_WR_07,PHI,UDFA,2025,2027,3,2,2520000,840000,756000,626296,208765,0,50400,964765,417531,0,ACTIVE,MODELED
CTR01548,PHI_WR_08,PHI,VETERAN_MINIMUM,2026,2026,1,1,1450779,1450779,1450779,0,0,0,72539,1450779,0,0,ACTIVE,MODELED
CTR01549,PHI_WR_09,PHI,ROOKIE_SCALE,2025,2028,4,3,4240000,1060000,822670,949320,237330,0,1060000,1060000,711990,0,ACTIVE,MODELED
CTR01550,PHI_WR_10,PHI,VETERAN_MINIMUM,2025,2026,2,1,2060000,1030000,1030000,0,0,0,103000,1030000,0,0,ACTIVE,MODELED
CTR01551,PHI_WR_11,PHI,VETERAN_MINIMUM,2025,2026,2,1,2060000,1030000,1030000,0,0,0,103000,1030000,0,0,ACTIVE,MODELED
CTR01552,PHI_TE_01,PHI,VETERAN_MINIMUM,2025,2026,2,1,3249161,1624580,1624580,0,0,0,162458,1624580,0,0,ACTIVE,MODELED
CTR01553,PHI_TE_02,PHI,VETERAN_MINIMUM,2024,2027,4,2,5680000,1420000,1420000,0,0,0,284000,1420000,0,0,ACTIVE,MODELED
CTR01554,PHI_TE_03,PHI,VETERAN_MINIMUM,2026,2027,2,2,2060000,1030000,1030000,0,0,0,103000,1030000,0,0,ACTIVE,MODELED
CTR01555,PHI_TE_04,PHI,UDFA,2024,2026,3,1,2520000,840000,756000,839427,279809,0,50400,1035809,279809,0,ACTIVE,MODELED
CTR01556,PHI_TE_05,PHI,ROOKIE_SCALE,2026,2029,4,4,3980000,995000,756000,1113473,278368,0,995000,1034368,1113473,0,ACTIVE,MODELED
CTR01557,PHI_TE_06,PHI,ROOKIE_SCALE,2024,2027,4,2,3860000,965000,756000,1478018,369505,0,965000,1125505,739009,0,ACTIVE,MODELED
CTR01558,PHI_OT_01,PHI,VETERAN,2025,2026,2,1,10988793,5494397,3744756,3499280,1749640,0,5528267,5494397,1749640,0,ACTIVE,MODELED
CTR01559,PHI_OT_02,PHI,VETERAN,2026,2026,1,1,7122438,7122438,5027859,2094580,2094580,0,3391811,7122438,2094580,0,ACTIVE,MODELED
CTR01560,PHI_OT_03,PHI,VETERAN_MINIMUM,2025,2026,2,1,2420000,1210000,1210000,0,0,0,121000,1210000,0,0,ACTIVE,MODELED
CTR01561,PHI_OT_04,PHI,VETERAN,2025,2027,3,2,5810206,1936735,1527492,1227729,409243,174306,2345971,2111042,818486,0,ACTIVE,MODELED
CTR01562,PHI_OT_05,PHI,VETERAN_MINIMUM,2026,2026,1,1,1408563,1408563,1408563,0,0,0,70428,1408563,0,0,ACTIVE,MODELED
CTR01563,PHI_OT_06,PHI,ROOKIE_SCALE,2026,2029,4,4,3980000,995000,756000,981884,245471,0,995000,1001471,981884,0,ACTIVE,MODELED
CTR01564,PHI_OG_01,PHI,VETERAN,2026,2028,3,3,52923581,17641194,11717705,17770467,5923489,1587707,16756624,19228901,17770467,0,ACTIVE,MODELED
CTR01565,PHI_OG_02,PHI,VETERAN,2026,2026,1,1,11830077,11830077,9748001,2082076,2082076,0,6516663,11830077,2082076,0,ACTIVE,MODELED
CTR01566,PHI_OG_03,PHI,VETERAN_MINIMUM,2026,2026,1,1,1030000,1030000,1030000,0,0,0,51500,1030000,0,0,ACTIVE,MODELED
CTR01567,PHI_OG_04,PHI,VETERAN_MINIMUM,2025,2026,2,1,2660000,1330000,1330000,0,0,0,133000,1330000,0,0,ACTIVE,MODELED
CTR01568,PHI_OG_05,PHI,VETERAN_MINIMUM,2026,2026,1,1,1210000,1210000,1210000,0,0,0,60500,1210000,0,0,ACTIVE,MODELED
CTR01569,PHI_OG_06,PHI,UDFA,2024,2026,3,1,2520000,840000,756000,356366,118789,0,50400,874789,118789,0,ACTIVE,MODELED
CTR01570,PHI_C_01,PHI,VETERAN,2024,2026,3,1,8556322,2852107,2216615,1906478,635493,256690,3474346,3108797,635493,0,ACTIVE,MODELED
CTR01571,PHI_C_02,PHI,VETERAN_MINIMUM,2026,2026,1,1,1330000,1330000,1330000,0,0,0,66500,1330000,0,0,ACTIVE,MODELED
CTR01572,PHI_C_03,PHI,VETERAN_MINIMUM,2025,2026,2,1,2060000,1030000,1030000,0,0,0,103000,1030000,0,0,ACTIVE,MODELED
CTR01573,PHI_EDGE_01,PHI,VETERAN,2025,2027,3,2,51549985,17183328,12944562,12716300,4238767,1546500,25427360,18729828,8477533,0,ACTIVE,MODELED
CTR01574,PHI_EDGE_02,PHI,VETERAN,2026,2026,1,1,11579525,11579525,10466247,1113279,1113279,0,7124027,11579525,1113279,0,ACTIVE,MODELED
CTR01575,PHI_EDGE_03,PHI,VETERAN,2024,2027,4,2,12939034,3234758,2447101,3150630,787658,0,8534745,3234758,1575315,0,ACTIVE,MODELED
CTR01576,PHI_EDGE_04,PHI,VETERAN_MINIMUM,2025,2028,4,3,4120000,1030000,1030000,0,0,0,206000,1030000,0,0,ACTIVE,MODELED
CTR01577,PHI_EDGE_05,PHI,VETERAN,2026,2026,1,1,3090203,3090203,2570264,519938,519938,0,1117425,3090203,519938,0,ACTIVE,MODELED
CTR01578,PHI_EDGE_06,PHI,VETERAN_MINIMUM,2025,2026,2,1,2660000,1330000,1330000,0,0,0,133000,1330000,0,0,ACTIVE,MODELED
CTR01579,PHI_EDGE_07,PHI,VETERAN_MINIMUM,2026,2026,1,1,1030000,1030000,1030000,0,0,0,51500,1030000,0,0,ACTIVE,MODELED
CTR01580,PHI_EDGE_08,PHI,UDFA,2025,2027,3,2,2520000,840000,756000,565839,188613,0,50400,944613,377226,0,ACTIVE,MODELED
CTR01581,PHI_EDGE_09,PHI,ROOKIE_SCALE,2023,2026,4,1,3980000,995000,756000,1290424,322606,0,995000,1078606,322606,0,ACTIVE,MODELED
CTR01582,PHI_DT_01,PHI,VETERAN,2025,2026,2,1,23746342,11873171,8651794,6442754,3221377,712390,12107384,12585561,3221377,0,ACTIVE,MODELED
CTR01583,PHI_DT_02,PHI,VETERAN,2026,2027,2,2,5294028,2647014,1773192,1747644,873822,0,4159178,2647014,1747644,0,ACTIVE,MODELED
CTR01584,PHI_DT_03,PHI,VETERAN_MINIMUM,2024,2026,3,1,4269230,1423077,1423077,0,0,0,213462,1423077,0,0,ACTIVE,MODELED
CTR01585,PHI_DT_04,PHI,VETERAN_MINIMUM,2026,2026,1,1,1130000,1130000,1130000,0,0,0,56500,1130000,0,0,ACTIVE,MODELED
CTR01586,PHI_DT_05,PHI,VETERAN,2025,2026,2,1,7534551,3767275,3311001,912549,456274,0,4323019,3767275,456274,0,ACTIVE,MODELED
CTR01587,PHI_DT_06,PHI,UDFA,2025,2027,3,2,2520000,840000,756000,570638,190213,0,50400,946213,380426,0,ACTIVE,MODELED
CTR01588,PHI_DT_07,PHI,UDFA,2024,2026,3,1,2520000,840000,756000,855743,285248,0,50400,1041248,285248,0,ACTIVE,MODELED
CTR01589,PHI_DT_08,PHI,VETERAN_MINIMUM,2026,2026,1,1,1030000,1030000,1030000,0,0,0,51500,1030000,0,0,ACTIVE,MODELED
CTR01590,PHI_LB_01,PHI,VETERAN,2026,2027,2,2,25729760,12864880,10558874,4612012,2306006,0,13288397,12864880,4612012,0,ACTIVE,MODELED
CTR01591,PHI_LB_02,PHI,VETERAN,2026,2026,1,1,5093210,5093210,3962139,1131071,1131071,152796,2809408,5246006,1131071,0,ACTIVE,MODELED
CTR01592,PHI_LB_03,PHI,UDFA,2026,2028,3,3,2520000,840000,756000,659613,219871,0,50400,975871,659613,0,ACTIVE,MODELED
CTR01593,PHI_LB_04,PHI,ROOKIE_SCALE,2025,2028,4,3,3980000,995000,756000,1167021,291755,0,995000,1047755,875266,0,ACTIVE,MODELED
CTR01594,PHI_LB_05,PHI,VETERAN_MINIMUM,2025,2026,2,1,2420000,1210000,1210000,0,0,0,121000,1210000,0,0,ACTIVE,MODELED
CTR01595,PHI_LB_06,PHI,VETERAN_MINIMUM,2026,2029,4,4,4520000,1130000,1130000,0,0,0,226000,1130000,0,0,ACTIVE,MODELED
CTR01596,PHI_LB_07,PHI,UDFA,2026,2028,3,3,2520000,840000,831029,26914,8971,0,50400,840000,26914,0,ACTIVE,MODELED
CTR01597,PHI_LB_08,PHI,VETERAN_MINIMUM,2026,2027,2,2,2060000,1030000,1030000,0,0,0,103000,1030000,0,0,ACTIVE,MODELED
CTR01598,PHI_CB_01,PHI,VETERAN,2024,2026,3,1,20011280,6670427,4361695,6926196,2308732,0,13006225,6670427,2308732,0,ACTIVE,MODELED
CTR01599,PHI_CB_02,PHI,VETERAN,2026,2026,1,1,4509645,4509645,3411954,1097692,1097692,0,1870507,4509645,1097692,0,ACTIVE,MODELED
CTR01600,PHI_CB_03,PHI,VETERAN,2026,2026,1,1,3528550,3528550,2598042,930509,930509,0,1513349,3528550,930509,0,ACTIVE,MODELED
CTR01601,PHI_CB_04,PHI,VETERAN_MINIMUM,2025,2026,2,1,2260000,1130000,1130000,0,0,0,113000,1130000,0,0,ACTIVE,MODELED
CTR01602,PHI_CB_05,PHI,VETERAN_MINIMUM,2026,2026,1,1,1210000,1210000,1210000,0,0,0,60500,1210000,0,0,ACTIVE,MODELED
CTR01603,PHI_CB_06,PHI,VETERAN_MINIMUM,2025,2027,3,2,3630000,1210000,1210000,0,0,0,181500,1210000,0,0,ACTIVE,MODELED
CTR01604,PHI_CB_07,PHI,VETERAN_MINIMUM,2026,2026,1,1,1621588,1621588,1621588,0,0,0,81079,1621588,0,0,ACTIVE,MODELED
CTR01605,PHI_CB_08,PHI,ROOKIE_SCALE,2023,2026,4,1,3860000,965000,756000,1364302,341075,0,965000,1097075,341075,0,ACTIVE,MODELED
CTR01606,PHI_CB_09,PHI,VETERAN_MINIMUM,2024,2026,3,1,3390000,1130000,1130000,0,0,0,169500,1130000,0,0,ACTIVE,MODELED
CTR01607,PHI_CB_10,PHI,VETERAN_MINIMUM,2025,2026,2,1,2060000,1030000,1030000,0,0,0,103000,1030000,0,0,ACTIVE,MODELED
CTR01608,PHI_CB_11,PHI,ROOKIE_SCALE,2025,2028,4,3,3860000,965000,772421,770315,192579,0,965000,965000,577736,0,ACTIVE,MODELED
CTR01609,PHI_S_01,PHI,VETERAN,2026,2026,1,1,3873277,3873277,3257089,616188,616188,0,1672036,3873277,616188,0,ACTIVE,MODELED
CTR01610,PHI_S_02,PHI,VETERAN,2026,2027,2,2,21185312,10592656,7806178,5572955,2786478,635559,8081341,11228215,5572955,0,ACTIVE,MODELED
CTR01611,PHI_S_03,PHI,ROOKIE_SCALE,2025,2029,5,4,40144575,8028915,6407789,8105628,1621126,0,40144575,8028915,6484503,0,ACTIVE,MODELED
CTR01612,PHI_S_04,PHI,VETERAN_MINIMUM,2026,2027,2,2,2840000,1420000,1420000,0,0,0,142000,1420000,0,0,ACTIVE,MODELED
CTR01613,PHI_S_05,PHI,VETERAN_MINIMUM,2024,2026,3,1,3390000,1130000,1130000,0,0,0,169500,1130000,0,0,ACTIVE,MODELED
CTR01614,PHI_S_06,PHI,UDFA,2025,2027,3,2,2520000,840000,756000,477126,159042,0,50400,915042,318084,0,ACTIVE,MODELED
CTR01615,PHI_S_07,PHI,ROOKIE_SCALE,2025,2028,4,3,3980000,995000,778160,867360,216840,0,995000,995000,650520,0,ACTIVE,MODELED
CTR01616,PHI_K_01,PHI,VETERAN_MINIMUM,2026,2026,1,1,1330000,1330000,1330000,0,0,0,66500,1330000,0,0,ACTIVE,MODELED
CTR01617,PHI_K_02,PHI,VETERAN_MINIMUM,2026,2026,1,1,1030000,1030000,1030000,0,0,0,51500,1030000,0,0,ACTIVE,MODELED
CTR01618,PHI_P_01,PHI,VETERAN_MINIMUM,2026,2026,1,1,1210000,1210000,1210000,0,0,0,60500,1210000,0,0,ACTIVE,MODELED
CTR01619,PHI_P_02,PHI,UDFA,2024,2026,3,1,2520000,840000,756000,628250,209417,0,50400,965417,209417,0,ACTIVE,MODELED
CTR01620,PHI_LS_01,PHI,VETERAN_MINIMUM,2025,2027,3,2,3630000,1210000,1210000,0,0,0,181500,1210000,0,0,ACTIVE,MODELED
CTR01621,WAS_QB_01,WAS,VETERAN,2026,2026,1,1,9768529,9768529,8022859,1745670,1745670,293056,4210128,10061585,1745670,0,ACTIVE,MODELED
CTR01622,WAS_QB_02,WAS,VETERAN_MINIMUM,2026,2026,1,1,1330000,1330000,1330000,0,0,0,66500,1330000,0,0,ACTIVE,MODELED
CTR01623,WAS_QB_03,WAS,VETERAN,2026,2026,1,1,1684195,1684195,1351472,332723,332723,0,611713,1684195,332723,0,ACTIVE,MODELED
CTR01624,WAS_QB_04,WAS,ROOKIE_SCALE,2023,2026,4,1,4240000,1060000,820738,957048,239262,0,1060000,1060000,239262,0,ACTIVE,MODELED
CTR01625,WAS_RB_01,WAS,VETERAN,2026,2028,3,3,13254873,4418291,3068964,4047980,1349327,397646,5438421,4815937,4047980,0,ACTIVE,MODELED
CTR01626,WAS_RB_02,WAS,VETERAN,2025,2027,3,2,6366287,2122096,1698507,1270766,423589,190989,2925590,2313084,847177,0,ACTIVE,MODELED
CTR01627,WAS_RB_03,WAS,VETERAN_MINIMUM,2026,2026,1,1,1330000,1330000,1330000,0,0,0,66500,1330000,0,0,ACTIVE,MODELED
CTR01628,WAS_RB_04,WAS,VETERAN_MINIMUM,2026,2027,2,2,2260000,1130000,1130000,0,0,0,113000,1130000,0,0,ACTIVE,MODELED
CTR01629,WAS_RB_05,WAS,VETERAN_MINIMUM,2026,2026,1,1,1030000,1030000,1030000,0,0,0,51500,1030000,0,0,ACTIVE,MODELED
CTR01630,WAS_FB_01,WAS,VETERAN_MINIMUM,2026,2027,2,2,2660000,1330000,1330000,0,0,0,133000,1330000,0,0,ACTIVE,MODELED
CTR01631,WAS_WR_01,WAS,VETERAN,2026,2027,2,2,10179165,5089582,4182412,1814341,907171,0,3365162,5089582,1814341,0,ACTIVE,MODELED
CTR01632,WAS_WR_02,WAS,VETERAN,2025,2027,3,2,28679870,9559957,6269049,9872721,3290907,860396,22931143,10420353,6581814,0,ACTIVE,MODELED
CTR01633,WAS_WR_03,WAS,VETERAN,2026,2026,1,1,6424462,6424462,4027962,2396500,2396500,192734,5018824,6617196,2396500,0,ACTIVE,MODELED
CTR01634,WAS_WR_04,WAS,VETERAN_MINIMUM,2024,2026,3,1,4260000,1420000,1420000,0,0,0,213000,1420000,0,0,ACTIVE,MODELED
CTR01635,WAS_WR_05,WAS,VETERAN_MINIMUM,2026,2026,1,1,1330000,1330000,1330000,0,0,0,66500,1330000,0,0,ACTIVE,MODELED
CTR01636,WAS_WR_06,WAS,VETERAN,2026,2028,3,3,7694205,2564735,2134749,1289957,429986,0,2500433,2564735,1289957,0,ACTIVE,MODELED
CTR01637,WAS_WR_07,WAS,VETERAN_MINIMUM,2026,2026,1,1,1210000,1210000,1210000,0,0,0,60500,1210000,0,0,ACTIVE,MODELED
CTR01638,WAS_WR_08,WAS,ROOKIE_SCALE,2026,2029,4,4,4240000,1060000,786312,1094753,273688,0,1060000,1060000,1094753,0,ACTIVE,MODELED
CTR01639,WAS_WR_09,WAS,UDFA,2026,2028,3,3,2520000,840000,759964,240107,80036,0,50400,840000,240107,0,ACTIVE,MODELED
CTR01640,WAS_WR_10,WAS,UDFA,2024,2026,3,1,2520000,840000,756000,815013,271671,0,50400,1027671,271671,0,ACTIVE,MODELED
CTR01641,WAS_WR_11,WAS,VETERAN_MINIMUM,2026,2026,1,1,1030000,1030000,1030000,0,0,0,51500,1030000,0,0,ACTIVE,MODELED
CTR01642,WAS_TE_01,WAS,VETERAN,2025,2027,3,2,5117545,1705848,1305867,1199943,399981,153526,2963680,1859375,799962,0,ACTIVE,MODELED
CTR01643,WAS_TE_02,WAS,VETERAN_MINIMUM,2026,2026,1,1,1322376,1322376,1322376,0,0,0,66119,1322376,0,0,ACTIVE,MODELED
CTR01644,WAS_TE_03,WAS,VETERAN_MINIMUM,2026,2028,3,3,3990000,1330000,1330000,0,0,0,199500,1330000,0,0,ACTIVE,MODELED
CTR01645,WAS_TE_04,WAS,VETERAN_MINIMUM,2026,2027,2,2,2260000,1130000,1130000,0,0,0,113000,1130000,0,0,ACTIVE,MODELED
CTR01646,WAS_TE_05,WAS,VETERAN_MINIMUM,2026,2027,2,2,2260000,1130000,1130000,0,0,0,113000,1130000,0,0,ACTIVE,MODELED
CTR01647,WAS_TE_06,WAS,ROOKIE_SCALE,2023,2026,4,1,3980000,995000,756000,1411007,352752,0,995000,1108752,352752,0,ACTIVE,MODELED
CTR01648,WAS_OT_01,WAS,VETERAN,2026,2026,1,1,7282823,7282823,5963696,1319127,1319127,0,2045593,7282823,1319127,0,ACTIVE,MODELED
CTR01649,WAS_OT_02,WAS,VETERAN,2026,2027,2,2,6906741,3453371,2416807,2073126,1036563,0,4231512,3453371,2073126,0,ACTIVE,MODELED
CTR01650,WAS_OT_03,WAS,VETERAN,2025,2027,3,2,6830781,2276927,1759270,1552970,517657,204923,3084311,2481850,1035313,0,ACTIVE,MODELED
CTR01651,WAS_OT_04,WAS,VETERAN,2025,2028,4,3,11254716,2813679,2273918,2159044,539761,0,6267527,2813679,1619283,0,ACTIVE,MODELED
CTR01652,WAS_OT_05,WAS,VETERAN_MINIMUM,2026,2027,2,2,2060000,1030000,1030000,0,0,0,103000,1030000,0,0,ACTIVE,MODELED
CTR01653,WAS_OT_06,WAS,VETERAN_MINIMUM,2026,2026,1,1,1330000,1330000,1330000,0,0,0,66500,1330000,0,0,ACTIVE,MODELED
CTR01654,WAS_OG_01,WAS,VETERAN_MINIMUM,2025,2027,3,2,5190822,1730274,1730274,0,0,0,259541,1730274,0,0,ACTIVE,MODELED
CTR01655,WAS_OG_02,WAS,VETERAN,2026,2027,2,2,22171739,11085870,7906923,6357893,3178946,0,3400813,11085870,6357893,0,ACTIVE,MODELED
CTR01656,WAS_OG_03,WAS,ROOKIE_SCALE,2025,2028,4,3,3980000,995000,756000,1068162,267041,0,995000,1023041,801122,0,ACTIVE,MODELED
CTR01657,WAS_OG_04,WAS,VETERAN,2023,2026,4,1,7376506,1844126,1604384,958972,239743,221295,3780113,2065422,239743,0,ACTIVE,MODELED
CTR01658,WAS_OG_05,WAS,VETERAN_MINIMUM,2024,2026,3,1,3090000,1030000,1030000,0,0,0,154500,1030000,0,0,ACTIVE,MODELED
CTR01659,WAS_OG_06,WAS,VETERAN_MINIMUM,2026,2026,1,1,1130000,1130000,1130000,0,0,0,56500,1130000,0,0,ACTIVE,MODELED
CTR01660,WAS_C_01,WAS,VETERAN_MINIMUM,2025,2027,3,2,4260000,1420000,1420000,0,0,0,213000,1420000,0,0,ACTIVE,MODELED
CTR01661,WAS_C_02,WAS,VETERAN_MINIMUM,2026,2028,3,3,4260000,1420000,1420000,0,0,0,213000,1420000,0,0,ACTIVE,MODELED
CTR01662,WAS_C_03,WAS,VETERAN_MINIMUM,2025,2026,2,1,2660000,1330000,1330000,0,0,0,133000,1330000,0,0,ACTIVE,MODELED
CTR01663,WAS_EDGE_01,WAS,VETERAN,2024,2026,3,1,9143178,3047726,2353340,2083157,694386,274295,4888574,3322021,694386,0,ACTIVE,MODELED
CTR01664,WAS_EDGE_02,WAS,VETERAN,2026,2026,1,1,9495199,9495199,7828776,1666422,1666422,0,5876403,9495199,1666422,0,ACTIVE,MODELED
CTR01665,WAS_EDGE_03,WAS,VETERAN_MINIMUM,2026,2026,1,1,1030000,1030000,1030000,0,0,0,51500,1030000,0,0,ACTIVE,MODELED
CTR01666,WAS_EDGE_04,WAS,VETERAN_MINIMUM,2026,2027,2,2,2660000,1330000,1330000,0,0,0,133000,1330000,0,0,ACTIVE,MODELED
CTR01667,WAS_EDGE_05,WAS,VETERAN,2026,2028,3,3,7979695,2659898,1989325,2011722,670574,239391,4274254,2899289,2011722,0,ACTIVE,MODELED
CTR01668,WAS_EDGE_06,WAS,VETERAN,2024,2026,3,1,18954535,6318178,4517867,5400933,1800311,0,14705338,6318178,1800311,0,ACTIVE,MODELED
CTR01669,WAS_EDGE_07,WAS,VETERAN_MINIMUM,2026,2026,1,1,1210000,1210000,1210000,0,0,0,60500,1210000,0,0,ACTIVE,MODELED
CTR01670,WAS_EDGE_08,WAS,UDFA,2026,2028,3,3,2520000,840000,756000,995560,331853,0,50400,1087853,995560,0,ACTIVE,MODELED
CTR01671,WAS_EDGE_09,WAS,VETERAN_MINIMUM,2025,2027,3,2,3630000,1210000,1210000,0,0,0,181500,1210000,0,0,ACTIVE,MODELED
CTR01672,WAS_DT_01,WAS,VETERAN,2026,2027,2,2,12007357,6003679,4687025,2633307,1316654,0,2738995,6003679,2633307,0,ACTIVE,MODELED
CTR01673,WAS_DT_02,WAS,VETERAN,2026,2027,2,2,33258596,16629298,11619164,10020267,5010134,0,14096435,16629298,10020267,0,ACTIVE,MODELED
CTR01674,WAS_DT_03,WAS,VETERAN_MINIMUM,2026,2026,1,1,1330000,1330000,1330000,0,0,0,66500,1330000,0,0,ACTIVE,MODELED
CTR01675,WAS_DT_04,WAS,VETERAN,2026,2026,1,1,1688894,1688894,1275737,413157,413157,50667,911255,1739561,413157,0,ACTIVE,MODELED
CTR01676,WAS_DT_05,WAS,VETERAN_MINIMUM,2026,2027,2,2,2660000,1330000,1330000,0,0,0,133000,1330000,0,0,ACTIVE,MODELED
CTR01677,WAS_DT_06,WAS,ROOKIE_SCALE,2026,2029,4,4,3980000,995000,830716,657138,164284,0,995000,995000,657138,0,ACTIVE,MODELED
CTR01678,WAS_DT_07,WAS,VETERAN_MINIMUM,2025,2026,2,1,2060000,1030000,1030000,0,0,0,103000,1030000,0,0,ACTIVE,MODELED
CTR01679,WAS_DT_08,WAS,ROOKIE_SCALE,2026,2029,4,4,3980000,995000,756000,1009088,252272,0,995000,1008272,1009088,0,ACTIVE,MODELED
CTR01680,WAS_LB_01,WAS,VETERAN,2025,2026,2,1,8899671,4449836,3954347,990977,495489,0,5190738,4449836,495489,0,ACTIVE,MODELED
CTR01681,WAS_LB_02,WAS,VETERAN,2024,2026,3,1,15545691,5181897,3884610,3891862,1297287,466371,11200592,5648268,1297287,0,ACTIVE,MODELED
CTR01682,WAS_LB_03,WAS,VETERAN_MINIMUM,2026,2027,2,2,2948355,1474178,1474178,0,0,0,147418,1474178,0,0,ACTIVE,MODELED
CTR01683,WAS_LB_04,WAS,VETERAN_MINIMUM,2025,2026,2,1,2447118,1223559,1223559,0,0,0,122356,1223559,0,0,ACTIVE,MODELED
CTR01684,WAS_LB_05,WAS,VETERAN_MINIMUM,2026,2027,2,2,2660000,1330000,1330000,0,0,0,133000,1330000,0,0,ACTIVE,MODELED
CTR01685,WAS_LB_06,WAS,ROOKIE_SCALE,2026,2029,4,4,3860000,965000,756000,1019052,254763,0,965000,1010763,1019052,0,ACTIVE,MODELED
CTR01686,WAS_LB_07,WAS,VETERAN_MINIMUM,2026,2026,1,1,1030000,1030000,1030000,0,0,0,51500,1030000,0,0,ACTIVE,MODELED
CTR01687,WAS_LB_08,WAS,ROOKIE_SCALE,2025,2028,4,3,3860000,965000,756000,885520,221380,0,965000,977380,664140,0,ACTIVE,MODELED
CTR01688,WAS_CB_01,WAS,VETERAN,2026,2027,2,2,11058496,5529248,4425960,2206576,1103288,331755,7032912,5861003,2206576,0,ACTIVE,MODELED
CTR01689,WAS_CB_02,WAS,VETERAN,2024,2026,3,1,42630389,14210130,10589338,10862374,3620791,1278912,11654511,15489041,3620791,0,ACTIVE,MODELED
CTR01690,WAS_CB_03,WAS,VETERAN_MINIMUM,2025,2028,4,3,7143928,1785982,1785982,0,0,0,357196,1785982,0,0,ACTIVE,MODELED
CTR01691,WAS_CB_04,WAS,VETERAN,2026,2026,1,1,2026597,2026597,1646028,380569,380569,60798,1284459,2087395,380569,0,ACTIVE,MODELED
CTR01692,WAS_CB_05,WAS,VETERAN_MINIMUM,2024,2027,4,2,5680000,1420000,1420000,0,0,0,284000,1420000,0,0,ACTIVE,MODELED
CTR01693,WAS_CB_06,WAS,VETERAN_MINIMUM,2026,2027,2,2,3102556,1551278,1551278,0,0,0,155128,1551278,0,0,ACTIVE,MODELED
CTR01694,WAS_CB_07,WAS,VETERAN_MINIMUM,2026,2027,2,2,2260000,1130000,1130000,0,0,0,113000,1130000,0,0,ACTIVE,MODELED
CTR01695,WAS_CB_08,WAS,VETERAN_MINIMUM,2023,2026,4,1,4120000,1030000,1030000,0,0,0,206000,1030000,0,0,ACTIVE,MODELED
CTR01696,WAS_CB_09,WAS,VETERAN_MINIMUM,2024,2026,3,1,3090000,1030000,1030000,0,0,0,154500,1030000,0,0,ACTIVE,MODELED
CTR01697,WAS_CB_10,WAS,UDFA,2025,2027,3,2,2520000,840000,756000,479425,159808,0,50400,915808,319617,0,ACTIVE,MODELED
CTR01698,WAS_CB_11,WAS,ROOKIE_SCALE,2023,2026,4,1,3860000,965000,756000,1218920,304730,0,965000,1060730,304730,0,ACTIVE,MODELED
CTR01699,WAS_S_01,WAS,VETERAN_MINIMUM,2026,2026,1,1,1330000,1330000,1330000,0,0,0,66500,1330000,0,0,ACTIVE,MODELED
CTR01700,WAS_S_02,WAS,VETERAN_MINIMUM,2024,2026,3,1,3990000,1330000,1330000,0,0,0,199500,1330000,0,0,ACTIVE,MODELED
CTR01701,WAS_S_03,WAS,VETERAN_MINIMUM,2026,2027,2,2,2660000,1330000,1330000,0,0,0,133000,1330000,0,0,ACTIVE,MODELED
CTR01702,WAS_S_04,WAS,VETERAN,2026,2027,2,2,3900779,1950390,1803899,292980,146490,0,2418635,1950390,292980,0,ACTIVE,MODELED
CTR01703,WAS_S_05,WAS,VETERAN_MINIMUM,2023,2026,4,1,4840000,1210000,1210000,0,0,0,242000,1210000,0,0,ACTIVE,MODELED
CTR01704,WAS_S_06,WAS,VETERAN_MINIMUM,2025,2026,2,1,2260000,1130000,1130000,0,0,0,113000,1130000,0,0,ACTIVE,MODELED
CTR01705,WAS_S_07,WAS,VETERAN_MINIMUM,2026,2026,1,1,1130000,1130000,1130000,0,0,0,56500,1130000,0,0,ACTIVE,MODELED
CTR01706,WAS_K_01,WAS,VETERAN_MINIMUM,2026,2027,2,2,2840000,1420000,1420000,0,0,0,142000,1420000,0,0,ACTIVE,MODELED
CTR01707,WAS_K_02,WAS,VETERAN_MINIMUM,2026,2026,1,1,1030000,1030000,1030000,0,0,0,51500,1030000,0,0,ACTIVE,MODELED
CTR01708,WAS_P_01,WAS,VETERAN_MINIMUM,2025,2028,4,3,4520000,1130000,1130000,0,0,0,226000,1130000,0,0,ACTIVE,MODELED
CTR01709,WAS_P_02,WAS,VETERAN_MINIMUM,2026,2027,2,2,2260000,1130000,1130000,0,0,0,113000,1130000,0,0,ACTIVE,MODELED
CTR01710,WAS_LS_01,WAS,VETERAN_MINIMUM,2026,2027,2,2,2840000,1420000,1420000,0,0,0,142000,1420000,0,0,ACTIVE,MODELED
CTR01711,NYG_QB_01,NYG,VETERAN,2025,2026,2,1,5578715,2789357,2229560,1119595,559797,0,2692695,2789357,559797,0,ACTIVE,MODELED
CTR01712,NYG_QB_02,NYG,VETERAN_MINIMUM,2025,2026,2,1,3346557,1673278,1673278,0,0,0,167328,1673278,0,0,ACTIVE,MODELED
CTR01713,NYG_QB_03,NYG,VETERAN_MINIMUM,2026,2026,1,1,1210000,1210000,1210000,0,0,0,60500,1210000,0,0,ACTIVE,MODELED
CTR01714,NYG_QB_04,NYG,ROOKIE_SCALE,2026,2029,4,4,3980000,995000,756000,1502176,375544,0,995000,1131544,1502176,0,ACTIVE,MODELED
CTR01715,NYG_RB_01,NYG,VETERAN,2026,2026,1,1,1937146,1937146,1664692,272455,272455,58114,1216919,1995261,272455,0,ACTIVE,MODELED
CTR01716,NYG_RB_02,NYG,VETERAN_MINIMUM,2024,2026,3,1,3390000,1130000,1130000,0,0,0,169500,1130000,0,0,ACTIVE,MODELED
CTR01717,NYG_RB_03,NYG,VETERAN,2026,2026,1,1,1498666,1498666,1096250,402416,402416,0,753558,1498666,402416,0,ACTIVE,MODELED
CTR01718,NYG_RB_04,NYG,VETERAN_MINIMUM,2025,2026,2,1,2260000,1130000,1130000,0,0,0,113000,1130000,0,0,ACTIVE,MODELED
CTR01719,NYG_RB_05,NYG,VETERAN_MINIMUM,2025,2027,3,2,3390000,1130000,1130000,0,0,0,169500,1130000,0,0,ACTIVE,MODELED
CTR01720,NYG_FB_01,NYG,VETERAN_MINIMUM,2025,2026,2,1,2660000,1330000,1330000,0,0,0,133000,1330000,0,0,ACTIVE,MODELED
CTR01721,NYG_WR_01,NYG,VETERAN_MINIMUM,2024,2026,3,1,3673702,1224567,1224567,0,0,0,183685,1224567,0,0,ACTIVE,MODELED
CTR01722,NYG_WR_02,NYG,VETERAN,2025,2027,3,2,20636994,6878998,5406971,4416082,1472027,0,10436606,6878998,2944055,0,ACTIVE,MODELED
CTR01723,NYG_WR_03,NYG,VETERAN,2025,2026,2,1,19823319,9911659,6650236,6522848,3261424,0,6739895,9911659,3261424,0,ACTIVE,MODELED
CTR01724,NYG_WR_04,NYG,ROOKIE_SCALE,2026,2029,4,4,3980000,995000,756000,1194593,298648,0,995000,1054648,1194593,0,ACTIVE,MODELED
CTR01725,NYG_WR_05,NYG,VETERAN_MINIMUM,2024,2026,3,1,3390000,1130000,1130000,0,0,0,169500,1130000,0,0,ACTIVE,MODELED
CTR01726,NYG_WR_06,NYG,ROOKIE_SCALE,2024,2027,4,2,4240000,1060000,815855,976582,244145,0,1060000,1060000,488291,0,ACTIVE,MODELED
CTR01727,NYG_WR_07,NYG,VETERAN_MINIMUM,2025,2026,2,1,2660000,1330000,1330000,0,0,0,133000,1330000,0,0,ACTIVE,MODELED
CTR01728,NYG_WR_08,NYG,VETERAN_MINIMUM,2026,2026,1,1,1210000,1210000,1210000,0,0,0,60500,1210000,0,0,ACTIVE,MODELED
CTR01729,NYG_WR_09,NYG,ROOKIE_SCALE,2026,2029,4,4,4760000,1190000,1021212,675151,168788,0,1190000,1190000,675151,0,ACTIVE,MODELED
CTR01730,NYG_WR_10,NYG,ROOKIE_SCALE,2023,2026,4,1,3980000,995000,841255,614979,153745,0,995000,995000,153745,0,ACTIVE,MODELED
CTR01731,NYG_WR_11,NYG,UDFA,2026,2028,3,3,2520000,840000,756000,563999,188000,0,50400,944000,563999,0,ACTIVE,MODELED
CTR01732,NYG_TE_01,NYG,VETERAN_MINIMUM,2026,2026,1,1,1030000,1030000,1030000,0,0,0,51500,1030000,0,0,ACTIVE,MODELED
CTR01733,NYG_TE_02,NYG,VETERAN_MINIMUM,2026,2026,1,1,1130000,1130000,1130000,0,0,0,56500,1130000,0,0,ACTIVE,MODELED
CTR01734,NYG_TE_03,NYG,VETERAN_MINIMUM,2026,2028,3,3,4260000,1420000,1420000,0,0,0,213000,1420000,0,0,ACTIVE,MODELED
CTR01735,NYG_TE_04,NYG,UDFA,2024,2026,3,1,2520000,840000,756000,722725,240908,0,50400,996908,240908,0,ACTIVE,MODELED
CTR01736,NYG_TE_05,NYG,ROOKIE_SCALE,2023,2026,4,1,4240000,1060000,790492,1078034,269508,0,1060000,1060000,269508,0,ACTIVE,MODELED
CTR01737,NYG_TE_06,NYG,ROOKIE_SCALE,2023,2026,4,1,3860000,965000,756000,1158285,289571,0,965000,1045571,289571,0,ACTIVE,MODELED
CTR01738,NYG_OT_01,NYG,VETERAN,2026,2027,2,2,9118418,4559209,3285943,2546532,1273266,273553,3751977,4832761,2546532,0,ACTIVE,MODELED
CTR01739,NYG_OT_02,NYG,VETERAN,2026,2026,1,1,5486616,5486616,3938692,1547924,1547924,0,2915511,5486616,1547924,0,ACTIVE,MODELED
CTR01740,NYG_OT_03,NYG,VETERAN_MINIMUM,2026,2027,2,2,2260000,1130000,1130000,0,0,0,113000,1130000,0,0,ACTIVE,MODELED
CTR01741,NYG_OT_04,NYG,VETERAN_MINIMUM,2025,2026,2,1,3257289,1628644,1628644,0,0,0,162864,1628644,0,0,ACTIVE,MODELED
CTR01742,NYG_OT_05,NYG,VETERAN_MINIMUM,2026,2026,1,1,1030000,1030000,1030000,0,0,0,51500,1030000,0,0,ACTIVE,MODELED
CTR01743,NYG_OT_06,NYG,ROOKIE_SCALE,2023,2026,4,1,3980000,995000,756000,1237371,309343,0,995000,1065343,309343,0,ACTIVE,MODELED
CTR01744,NYG_OG_01,NYG,VETERAN_MINIMUM,2025,2026,2,1,2260000,1130000,1130000,0,0,0,113000,1130000,0,0,ACTIVE,MODELED
CTR01745,NYG_OG_02,NYG,VETERAN_MINIMUM,2026,2027,2,2,2660000,1330000,1330000,0,0,0,133000,1330000,0,0,ACTIVE,MODELED
CTR01746,NYG_OG_03,NYG,VETERAN_MINIMUM,2026,2027,2,2,2060000,1030000,1030000,0,0,0,103000,1030000,0,0,ACTIVE,MODELED
CTR01747,NYG_OG_04,NYG,VETERAN_MINIMUM,2026,2026,1,1,1210000,1210000,1210000,0,0,0,60500,1210000,0,0,ACTIVE,MODELED
CTR01748,NYG_OG_05,NYG,VETERAN_MINIMUM,2025,2028,4,3,4520000,1130000,1130000,0,0,0,226000,1130000,0,0,ACTIVE,MODELED
CTR01749,NYG_OG_06,NYG,ROOKIE_SCALE,2024,2027,4,2,4240000,1060000,941986,472057,118014,0,1060000,1060000,236029,0,ACTIVE,MODELED
CTR01750,NYG_C_01,NYG,VETERAN_MINIMUM,2025,2026,2,1,2660000,1330000,1330000,0,0,0,133000,1330000,0,0,ACTIVE,MODELED
CTR01751,NYG_C_02,NYG,VETERAN_MINIMUM,2025,2026,2,1,2260000,1130000,1130000,0,0,0,113000,1130000,0,0,ACTIVE,MODELED
CTR01752,NYG_C_03,NYG,VETERAN_MINIMUM,2026,2026,1,1,1030000,1030000,1030000,0,0,0,51500,1030000,0,0,ACTIVE,MODELED
CTR01753,NYG_EDGE_01,NYG,VETERAN,2026,2026,1,1,5706200,5706200,5105573,600627,600627,0,4157085,5706200,600627,0,ACTIVE,MODELED
CTR01754,NYG_EDGE_02,NYG,VETERAN,2026,2029,4,4,19433654,4858414,3471216,5548791,1387198,0,9264284,4858414,5548791,0,ACTIVE,MODELED
CTR01755,NYG_EDGE_03,NYG,VETERAN_MINIMUM,2023,2026,4,1,5320000,1330000,1330000,0,0,0,266000,1330000,0,0,ACTIVE,MODELED
CTR01756,NYG_EDGE_04,NYG,VETERAN,2026,2026,1,1,3374288,3374288,2240477,1133811,1133811,0,2649816,3374288,1133811,0,ACTIVE,MODELED
CTR01757,NYG_EDGE_05,NYG,VETERAN,2026,2028,3,3,5386497,1795499,1509079,859259,286420,0,1060402,1795499,859259,0,ACTIVE,MODELED
CTR01758,NYG_EDGE_06,NYG,VETERAN,2025,2026,2,1,3534836,1767418,1264393,1006050,503025,106045,2097367,1873463,503025,0,ACTIVE,MODELED
CTR01759,NYG_EDGE_07,NYG,UDFA,2024,2026,3,1,2520000,840000,756000,638243,212748,0,50400,968748,212748,0,ACTIVE,MODELED
CTR01760,NYG_EDGE_08,NYG,VETERAN_MINIMUM,2026,2026,1,1,1330000,1330000,1330000,0,0,0,66500,1330000,0,0,ACTIVE,MODELED
CTR01761,NYG_EDGE_09,NYG,VETERAN_MINIMUM,2025,2026,2,1,2260000,1130000,1130000,0,0,0,113000,1130000,0,0,ACTIVE,MODELED
CTR01762,NYG_DT_01,NYG,VETERAN_MINIMUM,2026,2026,1,1,1210000,1210000,1210000,0,0,0,60500,1210000,0,0,ACTIVE,MODELED
CTR01763,NYG_DT_02,NYG,VETERAN,2025,2027,3,2,5941720,1980573,1606415,1122475,374158,0,1807651,1980573,748317,0,ACTIVE,MODELED
CTR01764,NYG_DT_03,NYG,VETERAN,2025,2027,3,2,6140011,2046670,1351647,2085069,695023,184200,1897828,2230871,1390046,0,ACTIVE,MODELED
CTR01765,NYG_DT_04,NYG,ROOKIE_SCALE,2026,2029,4,4,4240000,1060000,756000,1399908,349977,0,1060000,1105977,1399908,0,ACTIVE,MODELED
CTR01766,NYG_DT_05,NYG,VETERAN_MINIMUM,2026,2027,2,2,2660000,1330000,1330000,0,0,0,133000,1330000,0,0,ACTIVE,MODELED
CTR01767,NYG_DT_06,NYG,VETERAN_MINIMUM,2025,2026,2,1,2260000,1130000,1130000,0,0,0,113000,1130000,0,0,ACTIVE,MODELED
CTR01768,NYG_DT_07,NYG,VETERAN_MINIMUM,2026,2026,1,1,1210000,1210000,1210000,0,0,0,60500,1210000,0,0,ACTIVE,MODELED
CTR01769,NYG_DT_08,NYG,ROOKIE_SCALE,2025,2028,4,3,3860000,965000,756000,1230797,307699,0,965000,1063699,923097,0,ACTIVE,MODELED
CTR01770,NYG_LB_01,NYG,VETERAN,2023,2026,4,1,35112711,8778178,6290732,9949785,2487446,0,14764721,8778178,2487446,0,ACTIVE,MODELED
CTR01771,NYG_LB_02,NYG,VETERAN,2026,2026,1,1,2718664,2718664,2210991,507673,507673,0,484804,2718664,507673,0,ACTIVE,MODELED
CTR01772,NYG_LB_03,NYG,VETERAN_MINIMUM,2025,2027,3,2,3990000,1330000,1330000,0,0,0,199500,1330000,0,0,ACTIVE,MODELED
CTR01773,NYG_LB_04,NYG,VETERAN_MINIMUM,2025,2027,3,2,3915238,1305079,1305079,0,0,0,195762,1305079,0,0,ACTIVE,MODELED
CTR01774,NYG_LB_05,NYG,VETERAN_MINIMUM,2026,2026,1,1,1210000,1210000,1210000,0,0,0,60500,1210000,0,0,ACTIVE,MODELED
CTR01775,NYG_LB_06,NYG,UDFA,2026,2028,3,3,2520000,840000,756000,903884,301295,0,50400,1057295,903884,0,ACTIVE,MODELED
CTR01776,NYG_LB_07,NYG,VETERAN_MINIMUM,2026,2029,4,4,4120000,1030000,1030000,0,0,0,206000,1030000,0,0,ACTIVE,MODELED
CTR01777,NYG_LB_08,NYG,ROOKIE_SCALE,2023,2026,4,1,3860000,965000,756000,1569639,392410,0,965000,1148410,392410,0,ACTIVE,MODELED
CTR01778,NYG_CB_01,NYG,ROOKIE_SCALE,2023,2026,4,1,6000000,1500000,1006828,1972690,493172,0,1500000,1500000,493172,0,ACTIVE,MODELED
CTR01779,NYG_CB_02,NYG,VETERAN,2026,2027,2,2,13145575,6572787,5305646,2534283,1267141,0,1082722,6572787,2534283,0,ACTIVE,MODELED
CTR01780,NYG_CB_03,NYG,VETERAN,2026,2026,1,1,2667251,2667251,1725135,942116,942116,80018,1386002,2747269,942116,0,ACTIVE,MODELED
CTR01781,NYG_CB_04,NYG,VETERAN_MINIMUM,2025,2026,2,1,2660000,1330000,1330000,0,0,0,133000,1330000,0,0,ACTIVE,MODELED
CTR01782,NYG_CB_05,NYG,VETERAN,2026,2027,2,2,8523539,4261769,3516272,1490995,745498,255706,4492454,4517476,1490995,0,ACTIVE,MODELED
CTR01783,NYG_CB_06,NYG,UDFA,2024,2026,3,1,2520000,840000,756000,374328,124776,0,50400,880776,124776,0,ACTIVE,MODELED
CTR01784,NYG_CB_07,NYG,VETERAN_MINIMUM,2025,2026,2,1,2060000,1030000,1030000,0,0,0,103000,1030000,0,0,ACTIVE,MODELED
CTR01785,NYG_CB_08,NYG,VETERAN_MINIMUM,2026,2026,1,1,1030000,1030000,1030000,0,0,0,51500,1030000,0,0,ACTIVE,MODELED
CTR01786,NYG_CB_09,NYG,VETERAN_MINIMUM,2026,2027,2,2,2660000,1330000,1330000,0,0,0,133000,1330000,0,0,ACTIVE,MODELED
CTR01787,NYG_CB_10,NYG,UDFA,2025,2027,3,2,2520000,840000,756000,415306,138435,0,50400,894435,276871,0,ACTIVE,MODELED
CTR01788,NYG_CB_11,NYG,VETERAN_MINIMUM,2026,2026,1,1,1130000,1130000,1130000,0,0,0,56500,1130000,0,0,ACTIVE,MODELED
CTR01789,NYG_S_01,NYG,VETERAN_MINIMUM,2026,2027,2,2,2943087,1471544,1471544,0,0,0,147154,1471544,0,0,ACTIVE,MODELED
CTR01790,NYG_S_02,NYG,VETERAN_MINIMUM,2025,2027,3,2,4260000,1420000,1420000,0,0,0,213000,1420000,0,0,ACTIVE,MODELED
CTR01791,NYG_S_03,NYG,VETERAN_MINIMUM,2026,2026,1,1,1698112,1698112,1698112,0,0,0,84906,1698112,0,0,ACTIVE,MODELED
CTR01792,NYG_S_04,NYG,VETERAN_MINIMUM,2026,2026,1,1,1030000,1030000,1030000,0,0,0,51500,1030000,0,0,ACTIVE,MODELED
CTR01793,NYG_S_05,NYG,VETERAN_MINIMUM,2025,2027,3,2,3090000,1030000,1030000,0,0,0,154500,1030000,0,0,ACTIVE,MODELED
CTR01794,NYG_S_06,NYG,UDFA,2025,2027,3,2,2520000,840000,756000,630950,210317,0,50400,966317,420633,0,ACTIVE,MODELED
CTR01795,NYG_S_07,NYG,ROOKIE_SCALE,2026,2029,4,4,3860000,965000,756000,1025226,256306,0,965000,1012306,1025226,0,ACTIVE,MODELED
CTR01796,NYG_K_01,NYG,VETERAN_MINIMUM,2026,2028,3,3,4260000,1420000,1420000,0,0,0,213000,1420000,0,0,ACTIVE,MODELED
CTR01797,NYG_K_02,NYG,VETERAN_MINIMUM,2026,2028,3,3,3630000,1210000,1210000,0,0,0,181500,1210000,0,0,ACTIVE,MODELED
CTR01798,NYG_P_01,NYG,VETERAN_MINIMUM,2026,2026,1,1,1330000,1330000,1330000,0,0,0,66500,1330000,0,0,ACTIVE,MODELED
CTR01799,NYG_P_02,NYG,VETERAN_MINIMUM,2026,2026,1,1,1210000,1210000,1210000,0,0,0,60500,1210000,0,0,ACTIVE,MODELED
CTR01800,NYG_LS_01,NYG,VETERAN_MINIMUM,2025,2026,2,1,2420000,1210000,1210000,0,0,0,121000,1210000,0,0,ACTIVE,MODELED
CTR01801,CHI_QB_01,CHI,VETERAN,2024,2026,3,1,86045078,28681693,24639632,12126181,4042060,2581352,65731596,31263045,4042060,0,ACTIVE,MODELED
CTR01802,CHI_QB_02,CHI,VETERAN_MINIMUM,2026,2028,3,3,3390000,1130000,1130000,0,0,0,169500,1130000,0,0,ACTIVE,MODELED
CTR01803,CHI_QB_03,CHI,ROOKIE_SCALE,2024,2027,4,2,3860000,965000,756000,1055898,263975,0,965000,1019975,527949,0,ACTIVE,MODELED
CTR01804,CHI_QB_04,CHI,VETERAN_MINIMUM,2026,2026,1,1,1030000,1030000,1030000,0,0,0,51500,1030000,0,0,ACTIVE,MODELED
CTR01805,CHI_RB_01,CHI,VETERAN,2025,2026,2,1,4628711,2314356,1619544,1389624,694812,0,2851543,2314356,694812,0,ACTIVE,MODELED
CTR01806,CHI_RB_02,CHI,VETERAN_MINIMUM,2023,2026,4,1,4120000,1030000,1030000,0,0,0,206000,1030000,0,0,ACTIVE,MODELED
CTR01807,CHI_RB_03,CHI,VETERAN_MINIMUM,2026,2027,2,2,2060000,1030000,1030000,0,0,0,103000,1030000,0,0,ACTIVE,MODELED
CTR01808,CHI_RB_04,CHI,VETERAN_MINIMUM,2025,2027,3,2,3630000,1210000,1210000,0,0,0,181500,1210000,0,0,ACTIVE,MODELED
CTR01809,CHI_RB_05,CHI,VETERAN_MINIMUM,2026,2027,2,2,2060000,1030000,1030000,0,0,0,103000,1030000,0,0,ACTIVE,MODELED
CTR01810,CHI_FB_01,CHI,VETERAN_MINIMUM,2026,2026,1,1,1420000,1420000,1420000,0,0,0,71000,1420000,0,0,ACTIVE,MODELED
CTR01811,CHI_WR_01,CHI,VETERAN,2026,2026,1,1,22895439,22895439,17325145,5570294,5570294,686863,1513590,23582302,5570294,0,ACTIVE,MODELED
CTR01812,CHI_WR_02,CHI,VETERAN,2026,2026,1,1,5351253,5351253,4112981,1238272,1238272,160538,2786821,5511791,1238272,0,ACTIVE,MODELED
CTR01813,CHI_WR_03,CHI,VETERAN,2026,2027,2,2,7787450,3893725,2660007,2467436,1233718,0,3541646,3893725,2467436,0,ACTIVE,MODELED
CTR01814,CHI_WR_04,CHI,VETERAN,2025,2027,3,2,8186856,2728952,2083673,1935837,645279,245606,3881438,2974558,1290558,0,ACTIVE,MODELED
CTR01815,CHI_WR_05,CHI,VETERAN,2025,2027,3,2,12566886,4188962,3651583,1612136,537379,0,6521159,4188962,1074757,0,ACTIVE,MODELED
CTR01816,CHI_WR_06,CHI,VETERAN_MINIMUM,2026,2030,5,5,6050000,1210000,1210000,0,0,0,302500,1210000,0,0,ACTIVE,MODELED
CTR01817,CHI_WR_07,CHI,VETERAN,2026,2027,2,2,6456864,3228432,2444820,1567223,783611,193706,2969199,3422138,1567223,0,ACTIVE,MODELED
CTR01818,CHI_WR_08,CHI,VETERAN_MINIMUM,2026,2026,1,1,1030000,1030000,1030000,0,0,0,51500,1030000,0,0,ACTIVE,MODELED
CTR01819,CHI_WR_09,CHI,VETERAN_MINIMUM,2025,2026,2,1,2060000,1030000,1030000,0,0,0,103000,1030000,0,0,ACTIVE,MODELED
CTR01820,CHI_WR_10,CHI,ROOKIE_SCALE,2024,2027,4,2,3860000,965000,840527,497892,124473,0,965000,965000,248946,0,ACTIVE,MODELED
CTR01821,CHI_WR_11,CHI,VETERAN_MINIMUM,2026,2027,2,2,2060000,1030000,1030000,0,0,0,103000,1030000,0,0,ACTIVE,MODELED
CTR01822,CHI_TE_01,CHI,VETERAN,2025,2028,4,3,25596286,6399072,4657927,6964577,1741144,767889,11845517,7166960,5223433,0,ACTIVE,MODELED
CTR01823,CHI_TE_02,CHI,VETERAN,2026,2026,1,1,2383511,2383511,1719056,664454,664454,0,1294382,2383511,664454,0,ACTIVE,MODELED
CTR01824,CHI_TE_03,CHI,VETERAN_MINIMUM,2026,2028,3,3,3090000,1030000,1030000,0,0,0,154500,1030000,0,0,ACTIVE,MODELED
CTR01825,CHI_TE_04,CHI,VETERAN_MINIMUM,2025,2029,5,4,5650000,1130000,1130000,0,0,0,282500,1130000,0,0,ACTIVE,MODELED
CTR01826,CHI_TE_05,CHI,ROOKIE_SCALE,2024,2027,4,2,3980000,995000,756000,1378597,344649,0,995000,1100649,689299,0,ACTIVE,MODELED
CTR01827,CHI_TE_06,CHI,VETERAN_MINIMUM,2025,2026,2,1,2420000,1210000,1210000,0,0,0,121000,1210000,0,0,ACTIVE,MODELED
CTR01828,CHI_OT_01,CHI,VETERAN,2025,2027,3,2,8500484,2833495,1849832,2950989,983663,0,3783243,2833495,1967326,0,ACTIVE,MODELED
CTR01829,CHI_OT_02,CHI,ROOKIE_SCALE,2025,2029,5,4,43918185,8783637,5807927,14878550,2975710,0,43918185,8783637,11902840,0,ACTIVE,MODELED
CTR01830,CHI_OT_03,CHI,VETERAN_MINIMUM,2025,2028,4,3,5680000,1420000,1420000,0,0,0,284000,1420000,0,0,ACTIVE,MODELED
CTR01831,CHI_OT_04,CHI,VETERAN,2026,2026,1,1,2581168,2581168,2140647,440520,440520,0,1364936,2581168,440520,0,ACTIVE,MODELED
CTR01832,CHI_OT_05,CHI,VETERAN_MINIMUM,2026,2026,1,1,1030000,1030000,1030000,0,0,0,51500,1030000,0,0,ACTIVE,MODELED
CTR01833,CHI_OT_06,CHI,VETERAN_MINIMUM,2026,2028,3,3,3390000,1130000,1130000,0,0,0,169500,1130000,0,0,ACTIVE,MODELED
CTR01834,CHI_OG_01,CHI,VETERAN_MINIMUM,2026,2026,1,1,1568644,1568644,1568644,0,0,0,78432,1568644,0,0,ACTIVE,MODELED
CTR01835,CHI_OG_02,CHI,VETERAN_MINIMUM,2026,2027,2,2,2840000,1420000,1420000,0,0,0,142000,1420000,0,0,ACTIVE,MODELED
CTR01836,CHI_OG_03,CHI,VETERAN,2026,2026,1,1,1929890,1929890,1741753,188137,188137,0,681850,1929890,188137,0,ACTIVE,MODELED
CTR01837,CHI_OG_04,CHI,VETERAN_MINIMUM,2026,2028,3,3,4260000,1420000,1420000,0,0,0,213000,1420000,0,0,ACTIVE,MODELED
CTR01838,CHI_OG_05,CHI,VETERAN_MINIMUM,2026,2026,1,1,1420000,1420000,1420000,0,0,0,71000,1420000,0,0,ACTIVE,MODELED
CTR01839,CHI_OG_06,CHI,UDFA,2026,2028,3,3,2520000,840000,756000,252019,84006,0,50400,840006,252019,0,ACTIVE,MODELED
CTR01840,CHI_C_01,CHI,VETERAN,2026,2026,1,1,3047605,3047605,2268644,778961,778961,0,1041539,3047605,778961,0,ACTIVE,MODELED
CTR01841,CHI_C_02,CHI,VETERAN_MINIMUM,2025,2026,2,1,2260000,1130000,1130000,0,0,0,113000,1130000,0,0,ACTIVE,MODELED
CTR01842,CHI_C_03,CHI,VETERAN_MINIMUM,2024,2026,3,1,3630000,1210000,1210000,0,0,0,181500,1210000,0,0,ACTIVE,MODELED
CTR01843,CHI_EDGE_01,CHI,VETERAN,2025,2027,3,2,40661757,13553919,11549187,6014195,2004732,1219853,18445636,14773772,4009464,0,ACTIVE,MODELED
CTR01844,CHI_EDGE_02,CHI,VETERAN,2024,2026,3,1,18650895,6216965,4804874,4236273,1412091,0,10669788,6216965,1412091,0,ACTIVE,MODELED
CTR01845,CHI_EDGE_03,CHI,VETERAN_MINIMUM,2025,2026,2,1,2470739,1235369,1235369,0,0,0,123537,1235369,0,0,ACTIVE,MODELED
CTR01846,CHI_EDGE_04,CHI,VETERAN_MINIMUM,2025,2027,3,2,3390000,1130000,1130000,0,0,0,169500,1130000,0,0,ACTIVE,MODELED
CTR01847,CHI_EDGE_05,CHI,VETERAN_MINIMUM,2026,2026,1,1,1624300,1624300,1624300,0,0,0,81215,1624300,0,0,ACTIVE,MODELED
CTR01848,CHI_EDGE_06,CHI,UDFA,2024,2026,3,1,2520000,840000,756000,609677,203226,0,50400,959226,203226,0,ACTIVE,MODELED
CTR01849,CHI_EDGE_07,CHI,VETERAN_MINIMUM,2026,2026,1,1,1330000,1330000,1330000,0,0,0,66500,1330000,0,0,ACTIVE,MODELED
CTR01850,CHI_EDGE_08,CHI,ROOKIE_SCALE,2025,2028,4,3,3860000,965000,756000,892613,223153,0,965000,979153,669460,0,ACTIVE,MODELED
CTR01851,CHI_EDGE_09,CHI,VETERAN_MINIMUM,2026,2027,2,2,2060000,1030000,1030000,0,0,0,103000,1030000,0,0,ACTIVE,MODELED
CTR01852,CHI_DT_01,CHI,VETERAN,2026,2026,1,1,7390362,7390362,5650036,1740326,1740326,221711,1975926,7612073,1740326,0,ACTIVE,MODELED
CTR01853,CHI_DT_02,CHI,VETERAN,2025,2027,3,2,31380262,10460087,6888057,10716091,3572030,0,19178018,10460087,7144061,0,ACTIVE,MODELED
CTR01854,CHI_DT_03,CHI,VETERAN,2025,2026,2,1,7783312,3891656,3127326,1528661,764330,0,3284546,3891656,764330,0,ACTIVE,MODELED
CTR01855,CHI_DT_04,CHI,VETERAN_MINIMUM,2024,2027,4,2,4840000,1210000,1210000,0,0,0,242000,1210000,0,0,ACTIVE,MODELED
CTR01856,CHI_DT_05,CHI,VETERAN_MINIMUM,2026,2026,1,1,1330000,1330000,1330000,0,0,0,66500,1330000,0,0,ACTIVE,MODELED
CTR01857,CHI_DT_06,CHI,VETERAN_MINIMUM,2025,2026,2,1,2260000,1130000,1130000,0,0,0,113000,1130000,0,0,ACTIVE,MODELED
CTR01858,CHI_DT_07,CHI,ROOKIE_SCALE,2025,2028,4,3,3860000,965000,756000,1117929,279482,0,965000,1035482,838447,0,ACTIVE,MODELED
CTR01859,CHI_DT_08,CHI,ROOKIE_SCALE,2026,2029,4,4,4240000,1060000,837756,888978,222244,0,1060000,1060000,888978,0,ACTIVE,MODELED
CTR01860,CHI_LB_01,CHI,VETERAN_MINIMUM,2025,2027,3,2,4260000,1420000,1420000,0,0,0,213000,1420000,0,0,ACTIVE,MODELED
CTR01861,CHI_LB_02,CHI,VETERAN,2026,2026,1,1,2899306,2899306,2250240,649067,649067,86979,2010949,2986286,649067,0,ACTIVE,MODELED
CTR01862,CHI_LB_03,CHI,VETERAN_MINIMUM,2026,2029,4,4,5320000,1330000,1330000,0,0,0,266000,1330000,0,0,ACTIVE,MODELED
CTR01863,CHI_LB_04,CHI,VETERAN,2026,2026,1,1,2332359,2332359,1517056,815302,815302,0,1176859,2332359,815302,0,ACTIVE,MODELED
CTR01864,CHI_LB_05,CHI,VETERAN_MINIMUM,2026,2026,1,1,1330000,1330000,1330000,0,0,0,66500,1330000,0,0,ACTIVE,MODELED
CTR01865,CHI_LB_06,CHI,ROOKIE_SCALE,2023,2026,4,1,6000000,1500000,1110201,1559196,389799,0,1500000,1500000,389799,0,ACTIVE,MODELED
CTR01866,CHI_LB_07,CHI,ROOKIE_SCALE,2026,2029,4,4,3860000,965000,821123,575508,143877,0,965000,965000,575508,0,ACTIVE,MODELED
CTR01867,CHI_LB_08,CHI,VETERAN_MINIMUM,2025,2026,2,1,2060000,1030000,1030000,0,0,0,103000,1030000,0,0,ACTIVE,MODELED
CTR01868,CHI_CB_01,CHI,VETERAN,2026,2028,3,3,16824078,5608026,4195831,4236584,1412195,0,3559884,5608026,4236584,0,ACTIVE,MODELED
CTR01869,CHI_CB_02,CHI,VETERAN,2026,2028,3,3,8335922,2778641,1811972,2900007,966669,0,5078076,2778641,2900007,0,ACTIVE,MODELED
CTR01870,CHI_CB_03,CHI,VETERAN,2026,2026,1,1,4576117,4576117,3683008,893110,893110,0,101615,4576117,893110,0,ACTIVE,MODELED
CTR01871,CHI_CB_04,CHI,VETERAN_MINIMUM,2026,2026,1,1,1334930,1334930,1334930,0,0,0,66747,1334930,0,0,ACTIVE,MODELED
CTR01872,CHI_CB_05,CHI,VETERAN_MINIMUM,2026,2026,1,1,1210000,1210000,1210000,0,0,0,60500,1210000,0,0,ACTIVE,MODELED
CTR01873,CHI_CB_06,CHI,VETERAN_MINIMUM,2026,2026,1,1,1330000,1330000,1330000,0,0,0,66500,1330000,0,0,ACTIVE,MODELED
CTR01874,CHI_CB_07,CHI,VETERAN_MINIMUM,2026,2027,2,2,2660000,1330000,1330000,0,0,0,133000,1330000,0,0,ACTIVE,MODELED
CTR01875,CHI_CB_08,CHI,VETERAN_MINIMUM,2026,2028,3,3,3090000,1030000,1030000,0,0,0,154500,1030000,0,0,ACTIVE,MODELED
CTR01876,CHI_CB_09,CHI,VETERAN_MINIMUM,2025,2027,3,2,3630000,1210000,1210000,0,0,0,181500,1210000,0,0,ACTIVE,MODELED
CTR01877,CHI_CB_10,CHI,ROOKIE_SCALE,2024,2027,4,2,4240000,1060000,929051,523795,130949,0,1060000,1060000,261897,0,ACTIVE,MODELED
CTR01878,CHI_CB_11,CHI,UDFA,2024,2026,3,1,2520000,840000,756000,680689,226896,0,50400,982896,226896,0,ACTIVE,MODELED
CTR01879,CHI_S_01,CHI,VETERAN,2026,2026,1,1,13176842,13176842,8010908,5165934,5165934,0,1714627,13176842,5165934,0,ACTIVE,MODELED
CTR01880,CHI_S_02,CHI,VETERAN_MINIMUM,2026,2026,1,1,1723631,1723631,1723631,0,0,0,86182,1723631,0,0,ACTIVE,MODELED
CTR01881,CHI_S_03,CHI,VETERAN_MINIMUM,2026,2027,2,2,2420000,1210000,1210000,0,0,0,121000,1210000,0,0,ACTIVE,MODELED
CTR01882,CHI_S_04,CHI,VETERAN_MINIMUM,2025,2027,3,2,3630000,1210000,1210000,0,0,0,181500,1210000,0,0,ACTIVE,MODELED
CTR01883,CHI_S_05,CHI,VETERAN_MINIMUM,2026,2029,4,4,4520000,1130000,1130000,0,0,0,226000,1130000,0,0,ACTIVE,MODELED
CTR01884,CHI_S_06,CHI,UDFA,2024,2026,3,1,2520000,840000,756000,585373,195124,0,50400,951124,195124,0,ACTIVE,MODELED
CTR01885,CHI_S_07,CHI,VETERAN_MINIMUM,2026,2028,3,3,3090000,1030000,1030000,0,0,0,154500,1030000,0,0,ACTIVE,MODELED
CTR01886,CHI_K_01,CHI,VETERAN_MINIMUM,2026,2026,1,1,1330000,1330000,1330000,0,0,0,66500,1330000,0,0,ACTIVE,MODELED
CTR01887,CHI_K_02,CHI,VETERAN_MINIMUM,2026,2028,3,3,3990000,1330000,1330000,0,0,0,199500,1330000,0,0,ACTIVE,MODELED
CTR01888,CHI_P_01,CHI,VETERAN_MINIMUM,2025,2027,3,2,3090000,1030000,1030000,0,0,0,154500,1030000,0,0,ACTIVE,MODELED
CTR01889,CHI_P_02,CHI,VETERAN_MINIMUM,2026,2026,1,1,1030000,1030000,1030000,0,0,0,51500,1030000,0,0,ACTIVE,MODELED
CTR01890,CHI_LS_01,CHI,VETERAN_MINIMUM,2026,2026,1,1,1210000,1210000,1210000,0,0,0,60500,1210000,0,0,ACTIVE,MODELED
CTR01891,DET_QB_01,DET,VETERAN,2025,2026,2,1,73686128,36843064,31920776,9844576,4922288,0,19732954,36843064,4922288,0,ACTIVE,MODELED
CTR01892,DET_QB_02,DET,VETERAN,2026,2026,1,1,3432483,3432483,2191024,1241459,1241459,0,1403018,3432483,1241459,0,ACTIVE,MODELED
CTR01893,DET_QB_03,DET,VETERAN,2025,2026,2,1,3979981,1989990,1638256,703469,351735,0,2135745,1989990,351735,0,ACTIVE,MODELED
CTR01894,DET_QB_04,DET,VETERAN_MINIMUM,2025,2028,4,3,4520000,1130000,1130000,0,0,0,226000,1130000,0,0,ACTIVE,MODELED
CTR01895,DET_RB_01,DET,VETERAN,2025,2027,3,2,18199238,6066413,4388277,5034406,1678135,545977,10569150,6612390,3356271,0,ACTIVE,MODELED
CTR01896,DET_RB_02,DET,ROOKIE_SCALE,2025,2028,4,3,6000000,1500000,1221079,1115683,278921,0,1500000,1500000,836762,0,ACTIVE,MODELED
CTR01897,DET_RB_03,DET,VETERAN_MINIMUM,2025,2026,2,1,2154556,1077278,1077278,0,0,0,107728,1077278,0,0,ACTIVE,MODELED
CTR01898,DET_RB_04,DET,VETERAN_MINIMUM,2025,2026,2,1,2260000,1130000,1130000,0,0,0,113000,1130000,0,0,ACTIVE,MODELED
CTR01899,DET_RB_05,DET,VETERAN_MINIMUM,2026,2028,3,3,3090000,1030000,1030000,0,0,0,154500,1030000,0,0,ACTIVE,MODELED
CTR01900,DET_FB_01,DET,VETERAN_MINIMUM,2026,2027,2,2,2420000,1210000,1210000,0,0,0,121000,1210000,0,0,ACTIVE,MODELED
CTR01901,DET_WR_01,DET,ROOKIE_SCALE,2026,2030,5,5,29396850,5879370,4067771,9057994,1811599,0,29396850,5879370,9057994,0,ACTIVE,MODELED
CTR01902,DET_WR_02,DET,VETERAN,2026,2026,1,1,14945206,14945206,11545648,3399558,3399558,448356,3524340,15393562,3399558,0,ACTIVE,MODELED
CTR01903,DET_WR_03,DET,VETERAN,2023,2026,4,1,80977811,20244453,16739178,14021100,3505275,2429334,63393023,22673787,3505275,1,ACTIVE,MODELED
CTR01904,DET_WR_04,DET,VETERAN,2024,2026,3,1,22597527,7532509,4889631,7928635,2642878,677926,16186535,8210435,2642878,0,ACTIVE,MODELED
CTR01905,DET_WR_05,DET,VETERAN,2026,2026,1,1,7757814,7757814,5686655,2071159,2071159,232734,3356279,7990548,2071159,0,ACTIVE,MODELED
CTR01906,DET_WR_06,DET,VETERAN,2026,2026,1,1,7861565,7861565,6079867,1781698,1781698,0,3585978,7861565,1781698,0,ACTIVE,MODELED
CTR01907,DET_WR_07,DET,VETERAN_MINIMUM,2026,2026,1,1,1130000,1130000,1130000,0,0,0,56500,1130000,0,0,ACTIVE,MODELED
CTR01908,DET_WR_08,DET,VETERAN,2025,2029,5,4,8591575,1718315,1219102,2496066,499213,257747,5425879,1976062,1996853,0,ACTIVE,MODELED
CTR01909,DET_WR_09,DET,UDFA,2026,2028,3,3,2520000,840000,760106,239681,79894,0,50400,840000,239681,0,ACTIVE,MODELED
CTR01910,DET_WR_10,DET,VETERAN_MINIMUM,2026,2026,1,1,1030000,1030000,1030000,0,0,0,51500,1030000,0,0,ACTIVE,MODELED
CTR01911,DET_WR_11,DET,VETERAN_MINIMUM,2026,2026,1,1,1030000,1030000,1030000,0,0,0,51500,1030000,0,0,ACTIVE,MODELED
CTR01912,DET_TE_01,DET,VETERAN,2025,2029,5,4,30807505,6161501,4417169,8721659,1744332,924225,24988811,7085726,6977327,0,ACTIVE,MODELED
CTR01913,DET_TE_02,DET,ROOKIE_SCALE,2023,2026,4,1,3980000,995000,849637,581452,145363,0,995000,995000,145363,0,ACTIVE,MODELED
CTR01914,DET_TE_03,DET,VETERAN,2025,2027,3,2,14295212,4765071,3347399,4253016,1417672,428856,6315973,5193927,2835344,0,ACTIVE,MODELED
CTR01915,DET_TE_04,DET,VETERAN_MINIMUM,2026,2026,1,1,1030000,1030000,1030000,0,0,0,51500,1030000,0,0,ACTIVE,MODELED
CTR01916,DET_TE_05,DET,ROOKIE_SCALE,2026,2029,4,4,4240000,1060000,756000,1224167,306042,0,1060000,1062042,1224167,0,ACTIVE,MODELED
CTR01917,DET_TE_06,DET,UDFA,2024,2026,3,1,2520000,840000,756000,531590,177197,0,50400,933197,177197,0,ACTIVE,MODELED
CTR01918,DET_OT_01,DET,VETERAN,2026,2027,2,2,14846424,7423212,6171475,2503474,1251737,0,9243376,7423212,2503474,0,ACTIVE,MODELED
CTR01919,DET_OT_02,DET,VETERAN,2025,2027,3,2,21127740,7042580,5310806,5195323,1731774,633832,19076626,7676412,3463548,0,ACTIVE,MODELED
CTR01920,DET_OT_03,DET,VETERAN,2026,2026,1,1,2616424,2616424,2099160,517264,517264,0,1019004,2616424,517264,0,ACTIVE,MODELED
CTR01921,DET_OT_04,DET,VETERAN,2026,2027,2,2,7242184,3621092,3123377,995430,497715,0,4205991,3621092,995430,0,ACTIVE,MODELED
CTR01922,DET_OT_05,DET,VETERAN_MINIMUM,2025,2026,2,1,2582184,1291092,1291092,0,0,0,129109,1291092,0,0,ACTIVE,MODELED
CTR01923,DET_OT_06,DET,VETERAN_MINIMUM,2026,2026,1,1,1210000,1210000,1210000,0,0,0,60500,1210000,0,0,ACTIVE,MODELED
CTR01924,DET_OG_01,DET,VETERAN,2023,2026,4,1,16427022,4106755,2882402,4897412,1224353,0,7690921,4106755,1224353,0,ACTIVE,MODELED
CTR01925,DET_OG_02,DET,VETERAN,2026,2026,1,1,11732498,11732498,8854794,2877705,2877705,0,2974206,11732498,2877705,0,ACTIVE,MODELED
CTR01926,DET_OG_03,DET,VETERAN_MINIMUM,2026,2026,1,1,1330000,1330000,1330000,0,0,0,66500,1330000,0,0,ACTIVE,MODELED
CTR01927,DET_OG_04,DET,VETERAN,2025,2027,3,2,11465352,3821784,2415974,4217432,1405811,0,4133051,3821784,2811621,0,ACTIVE,MODELED
CTR01928,DET_OG_05,DET,ROOKIE_SCALE,2026,2029,4,4,3860000,965000,756000,1104102,276025,0,965000,1032025,1104102,0,ACTIVE,MODELED
CTR01929,DET_OG_06,DET,VETERAN_MINIMUM,2026,2026,1,1,1030000,1030000,1030000,0,0,0,51500,1030000,0,0,ACTIVE,MODELED
CTR01930,DET_C_01,DET,VETERAN,2026,2026,1,1,4290371,4290371,3606085,684286,684286,0,2610358,4290371,684286,0,ACTIVE,MODELED
CTR01931,DET_C_02,DET,VETERAN_MINIMUM,2026,2026,1,1,1330000,1330000,1330000,0,0,0,66500,1330000,0,0,ACTIVE,MODELED
CTR01932,DET_C_03,DET,ROOKIE_SCALE,2024,2027,4,2,4240000,1060000,781905,1112379,278095,0,1060000,1060000,556190,0,ACTIVE,MODELED
CTR01933,DET_EDGE_01,DET,VETERAN,2025,2027,3,2,55414822,18471607,13787851,14051269,4683756,1662445,39790044,20134052,9367513,0,ACTIVE,MODELED
CTR01934,DET_EDGE_02,DET,VETERAN,2026,2026,1,1,18913857,18913857,13275857,5638001,5638001,0,6969774,18913857,5638001,0,ACTIVE,MODELED
CTR01935,DET_EDGE_03,DET,VETERAN,2026,2026,1,1,3023438,3023438,2370935,652502,652502,0,1806828,3023438,652502,0,ACTIVE,MODELED
CTR01936,DET_EDGE_04,DET,VETERAN,2026,2026,1,1,3942346,3942346,3138057,804289,804289,118270,1586733,4060616,804289,0,ACTIVE,MODELED
CTR01937,DET_EDGE_05,DET,VETERAN,2026,2027,2,2,6046814,3023407,2378011,1290792,645396,0,1535617,3023407,1290792,0,ACTIVE,MODELED
CTR01938,DET_EDGE_06,DET,VETERAN_MINIMUM,2026,2026,1,1,1130000,1130000,1130000,0,0,0,56500,1130000,0,0,ACTIVE,MODELED
CTR01939,DET_EDGE_07,DET,VETERAN_MINIMUM,2025,2026,2,1,2060000,1030000,1030000,0,0,0,103000,1030000,0,0,ACTIVE,MODELED
CTR01940,DET_EDGE_08,DET,UDFA,2026,2028,3,3,2520000,840000,756000,634142,211381,0,50400,967381,634142,0,ACTIVE,MODELED
CTR01941,DET_EDGE_09,DET,VETERAN_MINIMUM,2026,2026,1,1,1330000,1330000,1330000,0,0,0,66500,1330000,0,0,ACTIVE,MODELED
CTR01942,DET_DT_01,DET,VETERAN,2026,2026,1,1,5357797,5357797,4136931,1220866,1220866,160734,562014,5518531,1220866,0,ACTIVE,MODELED
CTR01943,DET_DT_02,DET,VETERAN,2026,2026,1,1,12239069,12239069,10735343,1503726,1503726,0,7392415,12239069,1503726,0,ACTIVE,MODELED
CTR01944,DET_DT_03,DET,VETERAN,2026,2026,1,1,3214070,3214070,2338253,875817,875817,96422,1940513,3310492,875817,0,ACTIVE,MODELED
CTR01945,DET_DT_04,DET,VETERAN,2026,2027,2,2,4571758,2285879,1891751,788256,394128,0,2369401,2285879,788256,0,ACTIVE,MODELED
CTR01946,DET_DT_05,DET,VETERAN,2025,2026,2,1,8069841,4034921,2889983,2289876,1144938,0,1504097,4034921,1144938,0,ACTIVE,MODELED
CTR01947,DET_DT_06,DET,ROOKIE_SCALE,2023,2026,4,1,3980000,995000,756000,1018859,254715,0,995000,1010715,254715,0,ACTIVE,MODELED
CTR01948,DET_DT_07,DET,VETERAN_MINIMUM,2025,2026,2,1,2420000,1210000,1210000,0,0,0,121000,1210000,0,0,ACTIVE,MODELED
CTR01949,DET_DT_08,DET,UDFA,2026,2028,3,3,2520000,840000,756000,298578,99526,0,50400,855526,298578,0,ACTIVE,MODELED
CTR01950,DET_LB_01,DET,VETERAN,2022,2026,5,1,72261210,14452242,11945103,12535698,2507140,2167836,61345846,16620078,2507140,0,ACTIVE,MODELED
CTR01951,DET_LB_02,DET,VETERAN,2026,2027,2,2,13449246,6724623,4414350,4620546,2310273,0,10811129,6724623,4620546,0,ACTIVE,MODELED
CTR01952,DET_LB_03,DET,VETERAN_MINIMUM,2026,2026,1,1,1420000,1420000,1420000,0,0,0,71000,1420000,0,0,ACTIVE,MODELED
CTR01953,DET_LB_04,DET,VETERAN,2026,2026,1,1,3982926,3982926,3165016,817910,817910,119488,2901936,4102414,817910,0,ACTIVE,MODELED
CTR01954,DET_LB_05,DET,VETERAN,2025,2026,2,1,8168343,4084172,3305350,1557643,778821,0,3458123,4084172,778821,0,ACTIVE,MODELED
CTR01955,DET_LB_06,DET,VETERAN_MINIMUM,2025,2027,3,2,3090000,1030000,1030000,0,0,0,154500,1030000,0,0,ACTIVE,MODELED
CTR01956,DET_LB_07,DET,ROOKIE_SCALE,2026,2029,4,4,3980000,995000,756000,1046912,261728,0,995000,1017728,1046912,0,ACTIVE,MODELED
CTR01957,DET_LB_08,DET,UDFA,2024,2026,3,1,2520000,840000,756000,285168,95056,0,50400,851056,95056,0,ACTIVE,MODELED
CTR01958,DET_CB_01,DET,VETERAN,2026,2026,1,1,13766911,13766911,10461035,3305876,3305876,413007,9295199,14179919,3305876,0,ACTIVE,MODELED
CTR01959,DET_CB_02,DET,VETERAN,2026,2028,3,3,44861136,14953712,12627102,6979831,2326610,1345834,21213404,16299546,6979831,0,ACTIVE,MODELED
CTR01960,DET_CB_03,DET,VETERAN,2026,2026,1,1,10415475,10415475,8539674,1875801,1875801,0,4946142,10415475,1875801,0,ACTIVE,MODELED
CTR01961,DET_CB_04,DET,VETERAN,2025,2026,2,1,6951783,3475891,3072994,805795,402897,208553,4487905,3684445,402897,0,ACTIVE,MODELED
CTR01962,DET_CB_05,DET,VETERAN,2026,2027,2,2,16928382,8464191,6072203,4783975,2391988,507851,6451336,8972043,4783975,0,ACTIVE,MODELED
CTR01963,DET_CB_06,DET,VETERAN,2026,2028,3,3,14716011,4905337,2886306,6057092,2019031,441480,8165298,5346817,6057092,0,ACTIVE,MODELED
CTR01964,DET_CB_07,DET,VETERAN_MINIMUM,2024,2027,4,2,4840000,1210000,1210000,0,0,0,242000,1210000,0,0,ACTIVE,MODELED
CTR01965,DET_CB_08,DET,ROOKIE_SCALE,2024,2027,4,2,9000000,2250000,1819646,1721416,430354,0,4950000,2250000,860708,0,ACTIVE,MODELED
CTR01966,DET_CB_09,DET,VETERAN_MINIMUM,2025,2026,2,1,2060000,1030000,1030000,0,0,0,103000,1030000,0,0,ACTIVE,MODELED
CTR01967,DET_CB_10,DET,VETERAN_MINIMUM,2026,2026,1,1,1210000,1210000,1210000,0,0,0,60500,1210000,0,0,ACTIVE,MODELED
CTR01968,DET_CB_11,DET,ROOKIE_SCALE,2025,2028,4,3,3860000,965000,787135,711461,177865,0,965000,965000,533595,0,ACTIVE,MODELED
CTR01969,DET_S_01,DET,VETERAN,2024,2027,4,2,22317317,5579329,4617987,3845368,961342,0,6675195,5579329,1922684,0,ACTIVE,MODELED
CTR01970,DET_S_02,DET,VETERAN,2026,2026,1,1,18103152,18103152,11941733,6161419,6161419,0,11457785,18103152,6161419,0,ACTIVE,MODELED
CTR01971,DET_S_03,DET,VETERAN,2026,2026,1,1,4908092,4908092,3612193,1295899,1295899,0,1752532,4908092,1295899,0,ACTIVE,MODELED
CTR01972,DET_S_04,DET,VETERAN,2026,2026,1,1,4701058,4701058,3388067,1312991,1312991,141032,2718951,4842090,1312991,0,ACTIVE,MODELED
CTR01973,DET_S_05,DET,ROOKIE_SCALE,2025,2028,4,3,9000000,2250000,1768846,1924615,481154,0,4950000,2250000,1443462,0,ACTIVE,MODELED
CTR01974,DET_S_06,DET,VETERAN_MINIMUM,2026,2026,1,1,1330000,1330000,1330000,0,0,0,66500,1330000,0,0,ACTIVE,MODELED
CTR01975,DET_S_07,DET,ROOKIE_SCALE,2025,2028,4,3,3980000,995000,756000,1470349,367587,0,995000,1123587,1102762,0,ACTIVE,MODELED
CTR01976,DET_K_01,DET,VETERAN,2026,2027,2,2,5646452,2823226,2148087,1350277,675139,169394,3008772,2992619,1350277,0,ACTIVE,MODELED
CTR01977,DET_K_02,DET,VETERAN_MINIMUM,2026,2028,3,3,3990000,1330000,1330000,0,0,0,199500,1330000,0,0,ACTIVE,MODELED
CTR01978,DET_P_01,DET,VETERAN_MINIMUM,2025,2027,3,2,4727347,1575782,1575782,0,0,0,236367,1575782,0,0,ACTIVE,MODELED
CTR01979,DET_P_02,DET,VETERAN_MINIMUM,2026,2026,1,1,1130000,1130000,1130000,0,0,0,56500,1130000,0,0,ACTIVE,MODELED
CTR01980,DET_LS_01,DET,VETERAN_MINIMUM,2026,2028,3,3,4260000,1420000,1420000,0,0,0,213000,1420000,0,0,ACTIVE,MODELED
CTR01981,GB_QB_01,GB,VETERAN,2025,2026,2,1,130101385,65050693,47003374,36094637,18047319,0,57581526,65050693,18047319,0,ACTIVE,MODELED
CTR01982,GB_QB_02,GB,VETERAN,2023,2026,4,1,22355678,5588920,4131203,5830867,1457717,0,6675853,5588920,1457717,0,ACTIVE,MODELED
CTR01983,GB_QB_03,GB,VETERAN,2026,2026,1,1,1552121,1552121,1137797,414324,414324,0,402959,1552121,414324,0,ACTIVE,MODELED
CTR01984,GB_QB_04,GB,UDFA,2025,2027,3,2,2520000,840000,756000,740384,246795,0,50400,1002795,493589,0,ACTIVE,MODELED
CTR01985,GB_RB_01,GB,VETERAN,2026,2028,3,3,10809939,3603313,2740922,2587173,862391,324298,3950327,3927611,2587173,0,ACTIVE,MODELED
CTR01986,GB_RB_02,GB,VETERAN_MINIMUM,2025,2026,2,1,2660000,1330000,1330000,0,0,0,133000,1330000,0,0,ACTIVE,MODELED
CTR01987,GB_RB_03,GB,VETERAN_MINIMUM,2026,2026,1,1,1330000,1330000,1330000,0,0,0,66500,1330000,0,0,ACTIVE,MODELED
CTR01988,GB_RB_04,GB,VETERAN_MINIMUM,2026,2026,1,1,1210000,1210000,1210000,0,0,0,60500,1210000,0,0,ACTIVE,MODELED
CTR01989,GB_RB_05,GB,UDFA,2026,2028,3,3,2520000,840000,756000,577780,192593,0,50400,948593,577780,0,ACTIVE,MODELED
CTR01990,GB_FB_01,GB,VETERAN_MINIMUM,2025,2026,2,1,2260000,1130000,1130000,0,0,0,113000,1130000,0,0,ACTIVE,MODELED
CTR01991,GB_WR_01,GB,VETERAN,2026,2026,1,1,16992213,16992213,15509292,1482921,1482921,509766,15105722,17501980,1482921,0,ACTIVE,MODELED
CTR01992,GB_WR_02,GB,VETERAN,2026,2026,1,1,11117006,11117006,8176122,2940884,2940884,0,6040178,11117006,2940884,0,ACTIVE,MODELED
CTR01993,GB_WR_03,GB,VETERAN,2025,2027,3,2,29590592,9863531,7300995,7687608,2562536,0,14603319,9863531,5125072,0,ACTIVE,MODELED
CTR01994,GB_WR_04,GB,VETERAN_MINIMUM,2026,2028,3,3,3390000,1130000,1130000,0,0,0,169500,1130000,0,0,ACTIVE,MODELED
CTR01995,GB_WR_05,GB,VETERAN_MINIMUM,2025,2026,2,1,2660000,1330000,1330000,0,0,0,133000,1330000,0,0,ACTIVE,MODELED
CTR01996,GB_WR_06,GB,VETERAN,2024,2027,4,2,16420211,4105053,3543613,2245757,561439,0,8666562,4105053,1122879,0,ACTIVE,MODELED
CTR01997,GB_WR_07,GB,VETERAN_MINIMUM,2026,2026,1,1,1330000,1330000,1330000,0,0,0,66500,1330000,0,0,ACTIVE,MODELED
CTR01998,GB_WR_08,GB,UDFA,2026,2028,3,3,2520000,840000,756000,806933,268978,0,50400,1024978,806933,0,ACTIVE,MODELED
CTR01999,GB_WR_09,GB,ROOKIE_SCALE,2026,2029,4,4,3860000,965000,819204,583186,145796,0,965000,965000,583186,0,ACTIVE,MODELED
CTR02000,GB_WR_10,GB,VETERAN_MINIMUM,2026,2026,1,1,1030000,1030000,1030000,0,0,0,51500,1030000,0,0,ACTIVE,MODELED
CTR02001,GB_WR_11,GB,VETERAN_MINIMUM,2025,2026,2,1,2060000,1030000,1030000,0,0,0,103000,1030000,0,0,ACTIVE,MODELED
CTR02002,GB_TE_01,GB,VETERAN,2025,2027,3,2,8496776,2832259,2073459,2276398,758799,0,2833372,2832259,1517599,0,ACTIVE,MODELED
CTR02003,GB_TE_02,GB,VETERAN_MINIMUM,2025,2028,4,3,4840000,1210000,1210000,0,0,0,242000,1210000,0,0,ACTIVE,MODELED
CTR02004,GB_TE_03,GB,VETERAN,2026,2027,2,2,5712096,2856048,2081445,1549205,774602,0,1837783,2856048,1549205,0,ACTIVE,MODELED
CTR02005,GB_TE_04,GB,VETERAN_MINIMUM,2024,2026,3,1,3090000,1030000,1030000,0,0,0,154500,1030000,0,0,ACTIVE,MODELED
CTR02006,GB_TE_05,GB,ROOKIE_SCALE,2025,2028,4,3,4240000,1060000,879111,723558,180889,0,1060000,1060000,542668,0,ACTIVE,MODELED
CTR02007,GB_TE_06,GB,UDFA,2026,2028,3,3,2520000,840000,756000,734111,244704,0,50400,1000704,734111,0,ACTIVE,MODELED
CTR02008,GB_OT_01,GB,VETERAN,2025,2027,3,2,29469314,9823105,7819277,6011484,2003828,0,10100140,9823105,4007656,0,ACTIVE,MODELED
CTR02009,GB_OT_02,GB,VETERAN,2026,2027,2,2,13112589,6556294,5430129,2252330,1126165,393378,7142122,6949672,2252330,0,ACTIVE,MODELED
CTR02010,GB_OT_03,GB,VETERAN_MINIMUM,2026,2026,1,1,1555710,1555710,1555710,0,0,0,77786,1555710,0,0,ACTIVE,MODELED
CTR02011,GB_OT_04,GB,VETERAN,2022,2026,5,1,16745388,3349078,2201874,5736017,1147203,0,1324658,3349078,1147203,0,ACTIVE,MODELED
CTR02012,GB_OT_05,GB,VETERAN_MINIMUM,2026,2028,3,3,3390000,1130000,1130000,0,0,0,169500,1130000,0,0,ACTIVE,MODELED
CTR02013,GB_OT_06,GB,UDFA,2024,2026,3,1,2520000,840000,756000,278608,92869,0,50400,848869,92869,0,ACTIVE,MODELED
CTR02014,GB_OG_01,GB,VETERAN,2026,2026,1,1,6129140,6129140,5255240,873900,873900,0,2240599,6129140,873900,0,ACTIVE,MODELED
CTR02015,GB_OG_02,GB,VETERAN,2024,2026,3,1,24051212,8017071,5305525,8134636,2711545,721536,13406888,8738607,2711545,0,ACTIVE,MODELED
CTR02016,GB_OG_03,GB,VETERAN_MINIMUM,2025,2026,2,1,2840000,1420000,1420000,0,0,0,142000,1420000,0,0,ACTIVE,MODELED
CTR02017,GB_OG_04,GB,VETERAN_MINIMUM,2026,2028,3,3,3390000,1130000,1130000,0,0,0,169500,1130000,0,0,ACTIVE,MODELED
CTR02018,GB_OG_05,GB,VETERAN_MINIMUM,2025,2026,2,1,2260000,1130000,1130000,0,0,0,113000,1130000,0,0,ACTIVE,MODELED
CTR02019,GB_OG_06,GB,VETERAN_MINIMUM,2025,2026,2,1,2060000,1030000,1030000,0,0,0,103000,1030000,0,0,ACTIVE,MODELED
CTR02020,GB_C_01,GB,VETERAN,2026,2026,1,1,3105412,3105412,2171266,934145,934145,93162,1814335,3198574,934145,0,ACTIVE,MODELED
CTR02021,GB_C_02,GB,ROOKIE_SCALE,2025,2028,4,3,6000000,1500000,1249498,1002009,250502,0,1500000,1500000,751507,0,ACTIVE,MODELED
CTR02022,GB_C_03,GB,VETERAN_MINIMUM,2025,2026,2,1,2060000,1030000,1030000,0,0,0,103000,1030000,0,0,ACTIVE,MODELED
CTR02023,GB_EDGE_01,GB,VETERAN,2026,2026,1,1,14665732,14665732,12558459,2107273,2107273,0,2758338,14665732,2107273,0,ACTIVE,MODELED
CTR02024,GB_EDGE_02,GB,VETERAN,2026,2027,2,2,15214155,7607078,6878594,1456968,728484,456425,5770363,8063502,1456968,0,ACTIVE,MODELED
CTR02025,GB_EDGE_03,GB,VETERAN,2026,2027,2,2,17681528,8840764,7706194,2269140,1134570,0,10178347,8840764,2269140,0,ACTIVE,MODELED
CTR02026,GB_EDGE_04,GB,VETERAN,2026,2026,1,1,5286358,5286358,3834940,1451418,1451418,0,2528703,5286358,1451418,0,ACTIVE,MODELED
CTR02027,GB_EDGE_05,GB,VETERAN_MINIMUM,2025,2026,2,1,3398895,1699447,1699447,0,0,0,169945,1699447,0,0,ACTIVE,MODELED
CTR02028,GB_EDGE_06,GB,VETERAN,2025,2026,2,1,3886203,1943101,1390602,1104999,552500,116586,2919341,2059688,552500,0,ACTIVE,MODELED
CTR02029,GB_EDGE_07,GB,UDFA,2025,2027,3,2,2520000,840000,756000,538439,179480,0,50400,935480,358960,0,ACTIVE,MODELED
CTR02030,GB_EDGE_08,GB,UDFA,2024,2026,3,1,2520000,840000,756000,516898,172299,0,50400,928299,172299,0,ACTIVE,MODELED
CTR02031,GB_EDGE_09,GB,VETERAN_MINIMUM,2026,2027,2,2,2060000,1030000,1030000,0,0,0,103000,1030000,0,0,ACTIVE,MODELED
CTR02032,GB_DT_01,GB,VETERAN,2025,2027,3,2,45319625,15106542,12333178,8320091,2773364,0,12338846,15106542,5546727,0,ACTIVE,MODELED
CTR02033,GB_DT_02,GB,VETERAN,2025,2026,2,1,17406927,8703464,6405733,4595460,2297730,0,8606488,8703464,2297730,0,ACTIVE,MODELED
CTR02034,GB_DT_03,GB,VETERAN,2026,2026,1,1,1919723,1919723,1555666,364057,364057,57592,456606,1977315,364057,0,ACTIVE,MODELED
CTR02035,GB_DT_04,GB,ROOKIE_SCALE,2022,2026,5,1,25783010,5156602,4619741,2684307,536861,0,25783010,5156602,536861,0,ACTIVE,MODELED
CTR02036,GB_DT_05,GB,VETERAN,2026,2026,1,1,3503711,3503711,2712448,791262,791262,0,2666473,3503711,791262,0,ACTIVE,MODELED
CTR02037,GB_DT_06,GB,VETERAN_MINIMUM,2024,2026,3,1,3390000,1130000,1130000,0,0,0,169500,1130000,0,0,ACTIVE,MODELED
CTR02038,GB_DT_07,GB,VETERAN_MINIMUM,2023,2026,4,1,4120000,1030000,1030000,0,0,0,206000,1030000,0,0,ACTIVE,MODELED
CTR02039,GB_DT_08,GB,ROOKIE_SCALE,2026,2029,4,4,3860000,965000,756000,856708,214177,0,965000,970177,856708,0,ACTIVE,MODELED
CTR02040,GB_LB_01,GB,VETERAN,2026,2027,2,2,4468136,2234068,1564789,1338558,669279,0,1321174,2234068,1338558,0,ACTIVE,MODELED
CTR02041,GB_LB_02,GB,VETERAN,2026,2026,1,1,5155857,5155857,3553372,1602485,1602485,0,3020043,5155857,1602485,0,ACTIVE,MODELED
CTR02042,GB_LB_03,GB,VETERAN,2024,2027,4,2,11338812,2834703,2285574,2196516,549129,0,7176931,2834703,1098258,0,ACTIVE,MODELED
CTR02043,GB_LB_04,GB,VETERAN_MINIMUM,2026,2026,1,1,1420000,1420000,1420000,0,0,0,71000,1420000,0,0,ACTIVE,MODELED
CTR02044,GB_LB_05,GB,VETERAN_MINIMUM,2025,2026,2,1,2670042,1335021,1335021,0,0,0,133502,1335021,0,0,ACTIVE,MODELED
CTR02045,GB_LB_06,GB,ROOKIE_SCALE,2023,2026,4,1,3860000,965000,851238,455046,113762,0,965000,965000,113762,0,ACTIVE,MODELED
CTR02046,GB_LB_07,GB,ROOKIE_SCALE,2023,2026,4,1,3860000,965000,756000,1150059,287515,0,965000,1043515,287515,0,ACTIVE,MODELED
CTR02047,GB_LB_08,GB,VETERAN_MINIMUM,2024,2028,5,3,5650000,1130000,1130000,0,0,0,282500,1130000,0,0,ACTIVE,MODELED
CTR02048,GB_CB_01,GB,VETERAN,2026,2026,1,1,8567391,8567391,6333209,2234182,2234182,257022,3402714,8824413,2234182,0,ACTIVE,MODELED
CTR02049,GB_CB_02,GB,VETERAN,2026,2026,1,1,4565667,4565667,3037566,1528101,1528101,0,3333314,4565667,1528101,0,ACTIVE,MODELED
CTR02050,GB_CB_03,GB,VETERAN,2026,2026,1,1,12186780,12186780,10249547,1937233,1937233,0,4060000,12186780,1937233,0,ACTIVE,MODELED
CTR02051,GB_CB_04,GB,VETERAN,2026,2026,1,1,6591800,6591800,4802977,1788823,1788823,0,2458646,6591800,1788823,0,ACTIVE,MODELED
CTR02052,GB_CB_05,GB,VETERAN,2026,2027,2,2,5855416,2927708,2428478,998459,499230,0,2444068,2927708,998459,0,ACTIVE,MODELED
CTR02053,GB_CB_06,GB,VETERAN,2026,2026,1,1,5778112,5778112,4105494,1672618,1672618,0,1928883,5778112,1672618,0,ACTIVE,MODELED
CTR02054,GB_CB_07,GB,VETERAN_MINIMUM,2026,2029,4,4,4520000,1130000,1130000,0,0,0,226000,1130000,0,0,ACTIVE,MODELED
CTR02055,GB_CB_08,GB,VETERAN_MINIMUM,2026,2026,1,1,1030000,1030000,1030000,0,0,0,51500,1030000,0,0,ACTIVE,MODELED
CTR02056,GB_CB_09,GB,VETERAN_MINIMUM,2026,2026,1,1,1030000,1030000,1030000,0,0,0,51500,1030000,0,0,ACTIVE,MODELED
CTR02057,GB_CB_10,GB,ROOKIE_SCALE,2026,2029,4,4,3980000,995000,756000,1359083,339771,0,995000,1095771,1359083,0,ACTIVE,MODELED
CTR02058,GB_CB_11,GB,UDFA,2025,2027,3,2,2520000,840000,756000,520612,173537,0,50400,929537,347075,0,ACTIVE,MODELED
CTR02059,GB_S_01,GB,VETERAN,2026,2028,3,3,7672530,2557510,1769869,2362923,787641,0,5284340,2557510,2362923,0,ACTIVE,MODELED
CTR02060,GB_S_02,GB,VETERAN,2023,2026,4,1,25879560,6469890,4766401,6813956,1703489,0,10980844,6469890,1703489,0,ACTIVE,MODELED
CTR02061,GB_S_03,GB,VETERAN_MINIMUM,2026,2027,2,2,2124876,1062438,1062438,0,0,0,106244,1062438,0,0,ACTIVE,MODELED
CTR02062,GB_S_04,GB,VETERAN_MINIMUM,2026,2027,2,2,2260000,1130000,1130000,0,0,0,113000,1130000,0,0,ACTIVE,MODELED
CTR02063,GB_S_05,GB,VETERAN_MINIMUM,2025,2026,2,1,2660000,1330000,1330000,0,0,0,133000,1330000,0,0,ACTIVE,MODELED
CTR02064,GB_S_06,GB,UDFA,2025,2027,3,2,2520000,840000,756000,715177,238392,0,50400,994392,476785,0,ACTIVE,MODELED
CTR02065,GB_S_07,GB,UDFA,2024,2026,3,1,2520000,840000,756000,353019,117673,0,50400,873673,117673,0,ACTIVE,MODELED
CTR02066,GB_K_01,GB,VETERAN,2026,2026,1,1,2479802,2479802,2096664,383138,383138,74394,1735824,2554196,383138,0,ACTIVE,MODELED
CTR02067,GB_K_02,GB,VETERAN_MINIMUM,2026,2026,1,1,1330000,1330000,1330000,0,0,0,66500,1330000,0,0,ACTIVE,MODELED
CTR02068,GB_P_01,GB,VETERAN_MINIMUM,2026,2026,1,1,1330000,1330000,1330000,0,0,0,66500,1330000,0,0,ACTIVE,MODELED
CTR02069,GB_P_02,GB,VETERAN_MINIMUM,2026,2028,3,3,3630000,1210000,1210000,0,0,0,181500,1210000,0,0,ACTIVE,MODELED
CTR02070,GB_LS_01,GB,VETERAN_MINIMUM,2026,2026,1,1,1330000,1330000,1330000,0,0,0,66500,1330000,0,0,ACTIVE,MODELED
CTR02071,MIN_QB_01,MIN,VETERAN,2026,2026,1,1,18747276,18747276,16478063,2269213,2269213,562418,8980110,19309694,2269213,0,ACTIVE,MODELED
CTR02072,MIN_QB_02,MIN,VETERAN,2026,2026,1,1,2643792,2643792,1746894,896898,896898,79314,712516,2723106,896898,0,ACTIVE,MODELED
CTR02073,MIN_QB_03,MIN,VETERAN_MINIMUM,2025,2028,4,3,4120000,1030000,1030000,0,0,0,206000,1030000,0,0,ACTIVE,MODELED
CTR02074,MIN_QB_04,MIN,UDFA,2026,2028,3,3,2520000,840000,756000,457868,152623,0,50400,908623,457868,0,ACTIVE,MODELED
CTR02075,MIN_RB_01,MIN,VETERAN_MINIMUM,2025,2026,2,1,3234669,1617334,1617334,0,0,0,161733,1617334,0,0,ACTIVE,MODELED
CTR02076,MIN_RB_02,MIN,VETERAN_MINIMUM,2025,2026,2,1,2420000,1210000,1210000,0,0,0,121000,1210000,0,0,ACTIVE,MODELED
CTR02077,MIN_RB_03,MIN,VETERAN_MINIMUM,2025,2026,2,1,2660000,1330000,1330000,0,0,0,133000,1330000,0,0,ACTIVE,MODELED
CTR02078,MIN_RB_04,MIN,VETERAN_MINIMUM,2026,2026,1,1,1330000,1330000,1330000,0,0,0,66500,1330000,0,0,ACTIVE,MODELED
CTR02079,MIN_RB_05,MIN,UDFA,2026,2028,3,3,2520000,840000,756000,629271,209757,0,50400,965757,629271,0,ACTIVE,MODELED
CTR02080,MIN_FB_01,MIN,VETERAN_MINIMUM,2026,2027,2,2,2260000,1130000,1130000,0,0,0,113000,1130000,0,0,ACTIVE,MODELED
CTR02081,MIN_WR_01,MIN,VETERAN,2025,2026,2,1,50821141,25410571,20579856,9661430,4830715,1524634,13115443,26935205,4830715,0,ACTIVE,MODELED
CTR02082,MIN_WR_02,MIN,VETERAN,2026,2026,1,1,9457208,9457208,6668999,2788209,2788209,0,3060185,9457208,2788209,0,ACTIVE,MODELED
CTR02083,MIN_WR_03,MIN,VETERAN,2026,2027,2,2,10598090,5299045,3967530,2663031,1331515,317943,7043127,5616988,2663031,0,ACTIVE,MODELED
CTR02084,MIN_WR_04,MIN,VETERAN,2025,2026,2,1,5397820,2698910,1586707,2224406,1112203,0,2717181,2698910,1112203,0,ACTIVE,MODELED
CTR02085,MIN_WR_05,MIN,VETERAN,2026,2026,1,1,3128882,3128882,2442158,686724,686724,0,576407,3128882,686724,0,ACTIVE,MODELED
CTR02086,MIN_WR_06,MIN,VETERAN_MINIMUM,2026,2026,1,1,1736681,1736681,1736681,0,0,0,86834,1736681,0,0,ACTIVE,MODELED
CTR02087,MIN_WR_07,MIN,VETERAN_MINIMUM,2025,2026,2,1,2060000,1030000,1030000,0,0,0,103000,1030000,0,0,ACTIVE,MODELED
CTR02088,MIN_WR_08,MIN,ROOKIE_SCALE,2026,2029,4,4,3980000,995000,781289,854843,213711,0,995000,995000,854843,0,ACTIVE,MODELED
CTR02089,MIN_WR_09,MIN,UDFA,2026,2028,3,3,2520000,840000,756000,675594,225198,0,50400,981198,675594,0,ACTIVE,MODELED
CTR02090,MIN_WR_10,MIN,VETERAN_MINIMUM,2026,2026,1,1,1330000,1330000,1330000,0,0,0,66500,1330000,0,0,ACTIVE,MODELED
CTR02091,MIN_WR_11,MIN,VETERAN_MINIMUM,2026,2027,2,2,2260000,1130000,1130000,0,0,0,113000,1130000,0,0,ACTIVE,MODELED
CTR02092,MIN_TE_01,MIN,VETERAN,2025,2027,3,2,5921836,1973945,1556118,1253483,417828,0,4216264,1973945,835655,0,ACTIVE,MODELED
CTR02093,MIN_TE_02,MIN,VETERAN_MINIMUM,2026,2026,1,1,1382413,1382413,1382413,0,0,0,69121,1382413,0,0,ACTIVE,MODELED
CTR02094,MIN_TE_03,MIN,VETERAN_MINIMUM,2026,2027,2,2,2840000,1420000,1420000,0,0,0,142000,1420000,0,0,ACTIVE,MODELED
CTR02095,MIN_TE_04,MIN,VETERAN_MINIMUM,2025,2026,2,1,2060000,1030000,1030000,0,0,0,103000,1030000,0,0,ACTIVE,MODELED
CTR02096,MIN_TE_05,MIN,UDFA,2024,2026,3,1,2520000,840000,756000,811623,270541,0,50400,1026541,270541,0,ACTIVE,MODELED
CTR02097,MIN_TE_06,MIN,UDFA,2025,2027,3,2,2520000,840000,787701,156896,52299,0,50400,840000,104598,0,ACTIVE,MODELED
CTR02098,MIN_OT_01,MIN,ROOKIE_SCALE,2026,2030,5,5,26453305,5290661,3743036,7738125,1547625,0,26453305,5290661,7738125,0,ACTIVE,MODELED
CTR02099,MIN_OT_02,MIN,VETERAN,2026,2026,1,1,19465650,19465650,16961798,2503853,2503853,583970,7958247,20049620,2503853,0,ACTIVE,MODELED
CTR02100,MIN_OT_03,MIN,VETERAN_MINIMUM,2026,2026,1,1,1210000,1210000,1210000,0,0,0,60500,1210000,0,0,ACTIVE,MODELED
CTR02101,MIN_OT_04,MIN,VETERAN,2025,2026,2,1,6424064,3212032,2798161,827741,413871,192722,3015026,3404754,413871,0,ACTIVE,MODELED
CTR02102,MIN_OT_05,MIN,ROOKIE_SCALE,2024,2027,4,2,6000000,1500000,1295260,818960,204740,0,1500000,1500000,409480,0,ACTIVE,MODELED
CTR02103,MIN_OT_06,MIN,VETERAN_MINIMUM,2026,2026,1,1,1030000,1030000,1030000,0,0,0,51500,1030000,0,0,ACTIVE,MODELED
CTR02104,MIN_OG_01,MIN,VETERAN,2026,2027,2,2,4614671,2307335,2142105,330460,165230,0,2355482,2307335,330460,0,ACTIVE,MODELED
CTR02105,MIN_OG_02,MIN,VETERAN,2026,2026,1,1,1976392,1976392,1489896,486495,486495,0,880779,1976392,486495,0,ACTIVE,MODELED
CTR02106,MIN_OG_03,MIN,ROOKIE_SCALE,2025,2028,4,3,4240000,1060000,871844,752625,188156,0,1060000,1060000,564469,0,ACTIVE,MODELED
CTR02107,MIN_OG_04,MIN,VETERAN,2026,2026,1,1,2509023,2509023,2175518,333505,333505,0,827326,2509023,333505,0,ACTIVE,MODELED
CTR02108,MIN_OG_05,MIN,VETERAN_MINIMUM,2026,2026,1,1,1330000,1330000,1330000,0,0,0,66500,1330000,0,0,ACTIVE,MODELED
CTR02109,MIN_OG_06,MIN,UDFA,2024,2026,3,1,2520000,840000,756000,815585,271862,0,50400,1027862,271862,0,ACTIVE,MODELED
CTR02110,MIN_C_01,MIN,VETERAN,2026,2027,2,2,14307996,7153998,6062581,2182835,1091417,0,7835621,7153998,2182835,0,ACTIVE,MODELED
CTR02111,MIN_C_02,MIN,VETERAN_MINIMUM,2026,2026,1,1,1420000,1420000,1420000,0,0,0,71000,1420000,0,0,ACTIVE,MODELED
CTR02112,MIN_C_03,MIN,ROOKIE_SCALE,2024,2027,4,2,3980000,995000,756000,1360585,340146,0,995000,1096146,680292,0,ACTIVE,MODELED
CTR02113,MIN_EDGE_01,MIN,VETERAN,2024,2026,3,1,11409749,3803250,2569812,3700315,1233438,0,8716402,3803250,1233438,0,ACTIVE,MODELED
CTR02114,MIN_EDGE_02,MIN,VETERAN,2026,2026,1,1,23026952,23026952,15695577,7331375,7331375,690809,6136367,23717761,7331375,0,ACTIVE,MODELED
CTR02115,MIN_EDGE_03,MIN,VETERAN,2026,2029,4,4,11790219,2947555,2401962,2182372,545593,0,2668634,2947555,2182372,0,ACTIVE,MODELED
CTR02116,MIN_EDGE_04,MIN,VETERAN_MINIMUM,2026,2026,1,1,1330000,1330000,1330000,0,0,0,66500,1330000,0,0,ACTIVE,MODELED
CTR02117,MIN_EDGE_05,MIN,VETERAN_MINIMUM,2026,2030,5,5,6650000,1330000,1330000,0,0,0,332500,1330000,0,0,ACTIVE,MODELED
CTR02118,MIN_EDGE_06,MIN,VETERAN_MINIMUM,2025,2026,2,1,2420000,1210000,1210000,0,0,0,121000,1210000,0,0,ACTIVE,MODELED
CTR02119,MIN_EDGE_07,MIN,VETERAN_MINIMUM,2026,2026,1,1,1030000,1030000,1030000,0,0,0,51500,1030000,0,0,ACTIVE,MODELED
CTR02120,MIN_EDGE_08,MIN,ROOKIE_SCALE,2026,2029,4,4,3860000,965000,756000,862826,215707,0,965000,971707,862826,0,ACTIVE,MODELED
CTR02121,MIN_EDGE_09,MIN,VETERAN_MINIMUM,2026,2026,1,1,1030000,1030000,1030000,0,0,0,51500,1030000,0,0,ACTIVE,MODELED
CTR02122,MIN_DT_01,MIN,VETERAN,2025,2026,2,1,17046431,8523216,7343528,2359375,1179687,511393,4968290,9034609,1179687,0,ACTIVE,MODELED
CTR02123,MIN_DT_02,MIN,VETERAN,2026,2026,1,1,8294179,8294179,5605900,2688279,2688279,0,3999977,8294179,2688279,0,ACTIVE,MODELED
CTR02124,MIN_DT_03,MIN,VETERAN,2026,2026,1,1,2590774,2590774,1878412,712363,712363,77723,0,2668498,712363,0,ACTIVE,MODELED
CTR02125,MIN_DT_04,MIN,VETERAN,2024,2026,3,1,18243046,6081015,4526606,4663227,1554409,547291,6833892,6628307,1554409,0,ACTIVE,MODELED
CTR02126,MIN_DT_05,MIN,VETERAN_MINIMUM,2026,2026,1,1,1130000,1130000,1130000,0,0,0,56500,1130000,0,0,ACTIVE,MODELED
CTR02127,MIN_DT_06,MIN,VETERAN_MINIMUM,2026,2027,2,2,2260000,1130000,1130000,0,0,0,113000,1130000,0,0,ACTIVE,MODELED
CTR02128,MIN_DT_07,MIN,VETERAN_MINIMUM,2026,2026,1,1,1330000,1330000,1330000,0,0,0,66500,1330000,0,0,ACTIVE,MODELED
CTR02129,MIN_DT_08,MIN,VETERAN_MINIMUM,2025,2026,2,1,2060000,1030000,1030000,0,0,0,103000,1030000,0,0,ACTIVE,MODELED
CTR02130,MIN_LB_01,MIN,VETERAN,2026,2026,1,1,2281061,2281061,1788086,492975,492975,0,1241932,2281061,492975,0,ACTIVE,MODELED
CTR02131,MIN_LB_02,MIN,VETERAN,2026,2026,1,1,4291638,4291638,2819538,1472100,1472100,0,3212945,4291638,1472100,0,ACTIVE,MODELED
CTR02132,MIN_LB_03,MIN,VETERAN,2024,2026,3,1,4815703,1605234,1242934,1086902,362301,0,2119104,1605234,362301,0,ACTIVE,MODELED
CTR02133,MIN_LB_04,MIN,VETERAN_MINIMUM,2026,2027,2,2,3503685,1751842,1751842,0,0,0,175184,1751842,0,0,ACTIVE,MODELED
CTR02134,MIN_LB_05,MIN,VETERAN_MINIMUM,2026,2026,1,1,1030000,1030000,1030000,0,0,0,51500,1030000,0,0,ACTIVE,MODELED
CTR02135,MIN_LB_06,MIN,UDFA,2026,2028,3,3,2520000,840000,756000,769248,256416,0,50400,1012416,769248,0,ACTIVE,MODELED
CTR02136,MIN_LB_07,MIN,VETERAN_MINIMUM,2026,2026,1,1,1130000,1130000,1130000,0,0,0,56500,1130000,0,0,ACTIVE,MODELED
CTR02137,MIN_LB_08,MIN,UDFA,2024,2026,3,1,2520000,840000,756000,462692,154231,0,50400,910231,154231,0,ACTIVE,MODELED
CTR02138,MIN_CB_01,MIN,VETERAN,2026,2026,1,1,11642054,11642054,9148143,2493912,2493912,349262,8274910,11991316,2493912,0,ACTIVE,MODELED
CTR02139,MIN_CB_02,MIN,VETERAN,2026,2026,1,1,1962220,1962220,1222971,739249,739249,0,522025,1962220,739249,0,ACTIVE,MODELED
CTR02140,MIN_CB_03,MIN,VETERAN,2022,2026,5,1,66591384,13318277,9523998,18971394,3794279,0,20226662,13318277,3794279,0,ACTIVE,MODELED
CTR02141,MIN_CB_04,MIN,VETERAN,2026,2026,1,1,2744275,2744275,2224713,519562,519562,82328,1943914,2826603,519562,0,ACTIVE,MODELED
CTR02142,MIN_CB_05,MIN,VETERAN,2026,2027,2,2,11635306,5817653,4818882,1997543,998771,0,8597283,5817653,1997543,0,ACTIVE,MODELED
CTR02143,MIN_CB_06,MIN,VETERAN_MINIMUM,2022,2026,5,1,5650000,1130000,1130000,0,0,0,282500,1130000,0,0,ACTIVE,MODELED
CTR02144,MIN_CB_07,MIN,VETERAN_MINIMUM,2022,2026,5,1,7100000,1420000,1420000,0,0,0,355000,1420000,0,0,ACTIVE,MODELED
CTR02145,MIN_CB_08,MIN,VETERAN_MINIMUM,2025,2029,5,4,5150000,1030000,1030000,0,0,0,257500,1030000,0,0,ACTIVE,MODELED
CTR02146,MIN_CB_09,MIN,UDFA,2026,2028,3,3,2520000,840000,756000,681351,227117,0,50400,983117,681351,0,ACTIVE,MODELED
CTR02147,MIN_CB_10,MIN,UDFA,2025,2027,3,2,2520000,840000,756000,689518,229839,0,50400,985839,459679,0,ACTIVE,MODELED
CTR02148,MIN_CB_11,MIN,VETERAN_MINIMUM,2025,2029,5,4,5650000,1130000,1130000,0,0,0,282500,1130000,0,0,ACTIVE,MODELED
CTR02149,MIN_S_01,MIN,VETERAN,2026,2026,1,1,5757198,5757198,4644614,1112583,1112583,172716,2232867,5929914,1112583,0,ACTIVE,MODELED
CTR02150,MIN_S_02,MIN,VETERAN,2026,2027,2,2,14198157,7099079,5425893,3346372,1673186,0,5415668,7099079,3346372,0,ACTIVE,MODELED
CTR02151,MIN_S_03,MIN,VETERAN_MINIMUM,2026,2026,1,1,1030000,1030000,1030000,0,0,0,51500,1030000,0,0,ACTIVE,MODELED
CTR02152,MIN_S_04,MIN,VETERAN_MINIMUM,2026,2026,1,1,1420000,1420000,1420000,0,0,0,71000,1420000,0,0,ACTIVE,MODELED
CTR02153,MIN_S_05,MIN,VETERAN_MINIMUM,2025,2027,3,2,3090000,1030000,1030000,0,0,0,154500,1030000,0,0,ACTIVE,MODELED
CTR02154,MIN_S_06,MIN,VETERAN_MINIMUM,2026,2026,1,1,1210000,1210000,1210000,0,0,0,60500,1210000,0,0,ACTIVE,MODELED
CTR02155,MIN_S_07,MIN,ROOKIE_SCALE,2024,2027,4,2,3860000,965000,806395,634421,158605,0,965000,965000,317211,0,ACTIVE,MODELED
CTR02156,MIN_K_01,MIN,VETERAN_MINIMUM,2026,2026,1,1,1330000,1330000,1330000,0,0,0,66500,1330000,0,0,ACTIVE,MODELED
CTR02157,MIN_K_02,MIN,VETERAN_MINIMUM,2026,2026,1,1,1030000,1030000,1030000,0,0,0,51500,1030000,0,0,ACTIVE,MODELED
CTR02158,MIN_P_01,MIN,ROOKIE_SCALE,2026,2030,5,5,46676945,9335389,7182245,10765719,2153144,0,46676945,9335389,10765719,0,ACTIVE,MODELED
CTR02159,MIN_P_02,MIN,UDFA,2024,2026,3,1,2520000,840000,813602,79195,26398,0,50400,840000,26398,0,ACTIVE,MODELED
CTR02160,MIN_LS_01,MIN,VETERAN_MINIMUM,2026,2026,1,1,1420000,1420000,1420000,0,0,0,71000,1420000,0,0,ACTIVE,MODELED
CTR02161,ATL_QB_01,ATL,ROOKIE_SCALE,2026,2029,4,4,4760000,1190000,865306,1298775,324694,0,1190000,1190000,1298775,0,ACTIVE,MODELED
CTR02162,ATL_QB_02,ATL,VETERAN,2025,2026,2,1,12902544,6451272,4876220,3150105,1575053,0,5160689,6451272,1575053,0,ACTIVE,MODELED
CTR02163,ATL_QB_03,ATL,VETERAN_MINIMUM,2024,2026,3,1,3090000,1030000,1030000,0,0,0,154500,1030000,0,0,ACTIVE,MODELED
CTR02164,ATL_QB_04,ATL,VETERAN_MINIMUM,2025,2026,2,1,2420000,1210000,1210000,0,0,0,121000,1210000,0,0,ACTIVE,MODELED
CTR02165,ATL_RB_01,ATL,VETERAN,2026,2027,2,2,4513585,2256793,1761623,990339,495169,135408,2578107,2392200,990339,0,ACTIVE,MODELED
CTR02166,ATL_RB_02,ATL,VETERAN_MINIMUM,2024,2026,3,1,3990000,1330000,1330000,0,0,0,199500,1330000,0,0,ACTIVE,MODELED
CTR02167,ATL_RB_03,ATL,VETERAN_MINIMUM,2026,2027,2,2,2420000,1210000,1210000,0,0,0,121000,1210000,0,0,ACTIVE,MODELED
CTR02168,ATL_RB_04,ATL,VETERAN_MINIMUM,2026,2026,1,1,1130000,1130000,1130000,0,0,0,56500,1130000,0,0,ACTIVE,MODELED
CTR02169,ATL_RB_05,ATL,VETERAN_MINIMUM,2026,2026,1,1,1030000,1030000,1030000,0,0,0,51500,1030000,0,0,ACTIVE,MODELED
CTR02170,ATL_FB_01,ATL,VETERAN_MINIMUM,2026,2026,1,1,1130000,1130000,1130000,0,0,0,56500,1130000,0,0,ACTIVE,MODELED
CTR02171,ATL_WR_01,ATL,VETERAN,2025,2026,2,1,32512605,16256302,10773548,10965509,5482755,975378,7170511,17231680,5482755,0,ACTIVE,MODELED
CTR02172,ATL_WR_02,ATL,VETERAN,2026,2026,1,1,12050369,12050369,11201729,848640,848640,361511,6134690,12411880,848640,0,ACTIVE,MODELED
CTR02173,ATL_WR_03,ATL,VETERAN,2025,2027,3,2,44105421,14701807,10616639,12255503,4085168,1323163,10294755,16024969,8170336,0,ACTIVE,MODELED
CTR02174,ATL_WR_04,ATL,UDFA,2025,2027,3,2,2520000,840000,756000,544341,181447,0,50400,937447,362894,0,ACTIVE,MODELED
CTR02175,ATL_WR_05,ATL,VETERAN,2026,2027,2,2,12209623,6104812,4663468,2882687,1441344,0,5941422,6104812,2882687,0,ACTIVE,MODELED
CTR02176,ATL_WR_06,ATL,VETERAN,2026,2029,4,4,22173182,5543296,3921820,6485900,1621475,665195,8971430,6208491,6485900,0,ACTIVE,MODELED
CTR02177,ATL_WR_07,ATL,ROOKIE_SCALE,2024,2027,4,2,3860000,965000,756000,1848591,462148,0,965000,1218148,924296,0,ACTIVE,MODELED
CTR02178,ATL_WR_08,ATL,VETERAN_MINIMUM,2026,2027,2,2,2060000,1030000,1030000,0,0,0,103000,1030000,0,0,ACTIVE,MODELED
CTR02179,ATL_WR_09,ATL,UDFA,2026,2028,3,3,2520000,840000,756000,533022,177674,0,50400,933674,533022,0,ACTIVE,MODELED
CTR02180,ATL_WR_10,ATL,VETERAN_MINIMUM,2024,2026,3,1,3390000,1130000,1130000,0,0,0,169500,1130000,0,0,ACTIVE,MODELED
CTR02181,ATL_WR_11,ATL,UDFA,2024,2026,3,1,2520000,840000,756000,544325,181442,0,50400,937442,181442,0,ACTIVE,MODELED
CTR02182,ATL_TE_01,ATL,VETERAN,2026,2026,1,1,9505729,9505729,7123366,2382362,2382362,0,5526948,9505729,2382362,0,ACTIVE,MODELED
CTR02183,ATL_TE_02,ATL,VETERAN,2025,2029,5,4,14049761,2809952,2162972,3234899,646980,0,4009144,2809952,2587919,0,ACTIVE,MODELED
CTR02184,ATL_TE_03,ATL,VETERAN_MINIMUM,2024,2026,3,1,3390000,1130000,1130000,0,0,0,169500,1130000,0,0,ACTIVE,MODELED
CTR02185,ATL_TE_04,ATL,VETERAN_MINIMUM,2026,2026,1,1,1420000,1420000,1420000,0,0,0,71000,1420000,0,0,ACTIVE,MODELED
CTR02186,ATL_TE_05,ATL,ROOKIE_SCALE,2024,2027,4,2,3860000,965000,827303,550788,137697,0,965000,965000,275394,0,ACTIVE,MODELED
CTR02187,ATL_TE_06,ATL,VETERAN_MINIMUM,2025,2026,2,1,2260000,1130000,1130000,0,0,0,113000,1130000,0,0,ACTIVE,MODELED
CTR02188,ATL_OT_01,ATL,VETERAN,2024,2026,3,1,36391608,12130536,7285041,14536484,4845495,0,20600539,12130536,4845495,0,ACTIVE,MODELED
CTR02189,ATL_OT_02,ATL,VETERAN,2026,2027,2,2,10561486,5280743,4110103,2341281,1170640,0,4917825,5280743,2341281,0,ACTIVE,MODELED
CTR02190,ATL_OT_03,ATL,VETERAN_MINIMUM,2026,2026,1,1,1030000,1030000,1030000,0,0,0,51500,1030000,0,0,ACTIVE,MODELED
CTR02191,ATL_OT_04,ATL,VETERAN,2026,2027,2,2,5179618,2589809,2021129,1137361,568680,0,4364284,2589809,1137361,0,ACTIVE,MODELED
CTR02192,ATL_OT_05,ATL,UDFA,2024,2026,3,1,2520000,840000,756000,648924,216308,0,50400,972308,216308,0,ACTIVE,MODELED
CTR02193,ATL_OT_06,ATL,VETERAN_MINIMUM,2025,2026,2,1,2060000,1030000,1030000,0,0,0,103000,1030000,0,0,ACTIVE,MODELED
CTR02194,ATL_OG_01,ATL,VETERAN,2024,2026,3,1,14794952,4931651,3631665,3899957,1299986,443849,6685710,5375499,1299986,0,ACTIVE,MODELED
CTR02195,ATL_OG_02,ATL,VETERAN,2026,2026,1,1,3503985,3503985,2190619,1313366,1313366,105120,1515690,3609104,1313366,0,ACTIVE,MODELED
CTR02196,ATL_OG_03,ATL,VETERAN_MINIMUM,2026,2026,1,1,1330000,1330000,1330000,0,0,0,66500,1330000,0,0,ACTIVE,MODELED
CTR02197,ATL_OG_04,ATL,VETERAN_MINIMUM,2023,2026,4,1,5331901,1332975,1332975,0,0,0,266595,1332975,0,0,ACTIVE,MODELED
CTR02198,ATL_OG_05,ATL,VETERAN_MINIMUM,2026,2027,2,2,2660000,1330000,1330000,0,0,0,133000,1330000,0,0,ACTIVE,MODELED
CTR02199,ATL_OG_06,ATL,VETERAN_MINIMUM,2026,2026,1,1,1030000,1030000,1030000,0,0,0,51500,1030000,0,0,ACTIVE,MODELED
CTR02200,ATL_C_01,ATL,VETERAN,2026,2027,2,2,4175751,2087876,1538442,1098867,549434,125273,2360885,2213148,1098867,0,ACTIVE,MODELED
CTR02201,ATL_C_02,ATL,VETERAN,2026,2027,2,2,6361012,3180506,2676697,1007618,503809,190830,2277654,3371337,1007618,0,ACTIVE,MODELED
CTR02202,ATL_C_03,ATL,VETERAN_MINIMUM,2025,2026,2,1,2060000,1030000,1030000,0,0,0,103000,1030000,0,0,ACTIVE,MODELED
CTR02203,ATL_EDGE_01,ATL,VETERAN,2026,2026,1,1,20847654,20847654,12707939,8139715,8139715,0,12031114,20847654,8139715,1,ACTIVE,MODELED
CTR02204,ATL_EDGE_02,ATL,VETERAN,2026,2026,1,1,12725584,12725584,9371388,3354196,3354196,0,3971118,12725584,3354196,0,ACTIVE,MODELED
CTR02205,ATL_EDGE_03,ATL,VETERAN,2026,2026,1,1,7308714,7308714,5313189,1995525,1995525,0,6313171,7308714,1995525,0,ACTIVE,MODELED
CTR02206,ATL_EDGE_04,ATL,VETERAN,2025,2026,2,1,26595046,13297523,9256220,8082606,4041303,0,13547920,13297523,4041303,0,ACTIVE,MODELED
CTR02207,ATL_EDGE_05,ATL,VETERAN_MINIMUM,2025,2026,2,1,2749791,1374895,1374895,0,0,0,137490,1374895,0,0,ACTIVE,MODELED
CTR02208,ATL_EDGE_06,ATL,VETERAN_MINIMUM,2026,2026,1,1,1420000,1420000,1420000,0,0,0,71000,1420000,0,0,ACTIVE,MODELED
CTR02209,ATL_EDGE_07,ATL,VETERAN,2026,2027,2,2,5426473,2713236,2128725,1169023,584512,162794,525583,2876031,1169023,0,ACTIVE,MODELED
CTR02210,ATL_EDGE_08,ATL,UDFA,2026,2028,3,3,2520000,840000,756000,431684,143895,0,50400,899895,431684,0,ACTIVE,MODELED
CTR02211,ATL_EDGE_09,ATL,ROOKIE_SCALE,2024,2027,4,2,3860000,965000,774572,761710,190428,0,965000,965000,380855,0,ACTIVE,MODELED
CTR02212,ATL_DT_01,ATL,VETERAN,2025,2026,2,1,14270578,7135289,6081122,2108335,1054168,0,6177341,7135289,1054168,0,ACTIVE,MODELED
CTR02213,ATL_DT_02,ATL,VETERAN,2026,2027,2,2,27172817,13586409,10317487,6537844,3268922,0,7749203,13586409,6537844,0,ACTIVE,MODELED
CTR02214,ATL_DT_03,ATL,VETERAN_MINIMUM,2026,2028,3,3,4260000,1420000,1420000,0,0,0,213000,1420000,0,0,ACTIVE,MODELED
CTR02215,ATL_DT_04,ATL,VETERAN,2026,2026,1,1,1885427,1885427,1704795,180632,180632,56563,774244,1941990,180632,0,ACTIVE,MODELED
CTR02216,ATL_DT_05,ATL,VETERAN_MINIMUM,2026,2028,3,3,3390000,1130000,1130000,0,0,0,169500,1130000,0,0,ACTIVE,MODELED
CTR02217,ATL_DT_06,ATL,ROOKIE_SCALE,2026,2029,4,4,3980000,995000,756000,1037330,259332,0,995000,1015332,1037330,0,ACTIVE,MODELED
CTR02218,ATL_DT_07,ATL,ROOKIE_SCALE,2023,2026,4,1,3980000,995000,756000,1075225,268806,0,995000,1024806,268806,0,ACTIVE,MODELED
CTR02219,ATL_DT_08,ATL,ROOKIE_SCALE,2026,2029,4,4,3860000,965000,756000,979257,244814,0,965000,1000814,979257,0,ACTIVE,MODELED
CTR02220,ATL_LB_01,ATL,VETERAN,2025,2028,4,3,50284646,12571161,10413241,8631683,2157921,0,15156949,12571161,6473762,0,ACTIVE,MODELED
CTR02221,ATL_LB_02,ATL,VETERAN,2026,2026,1,1,3878683,3878683,2896218,982466,982466,0,985930,3878683,982466,0,ACTIVE,MODELED
CTR02222,ATL_LB_03,ATL,ROOKIE_SCALE,2025,2028,4,3,3860000,965000,774689,761246,190311,0,965000,965000,570934,0,ACTIVE,MODELED
CTR02223,ATL_LB_04,ATL,VETERAN_MINIMUM,2026,2026,1,1,1584813,1584813,1584813,0,0,0,79241,1584813,0,0,ACTIVE,MODELED
CTR02224,ATL_LB_05,ATL,VETERAN_MINIMUM,2026,2027,2,2,2060000,1030000,1030000,0,0,0,103000,1030000,0,0,ACTIVE,MODELED
CTR02225,ATL_LB_06,ATL,VETERAN_MINIMUM,2026,2026,1,1,1030000,1030000,1030000,0,0,0,51500,1030000,0,0,ACTIVE,MODELED
CTR02226,ATL_LB_07,ATL,ROOKIE_SCALE,2026,2029,4,4,3860000,965000,827783,548866,137217,0,965000,965000,548866,0,ACTIVE,MODELED
CTR02227,ATL_LB_08,ATL,VETERAN_MINIMUM,2026,2029,4,4,4120000,1030000,1030000,0,0,0,206000,1030000,0,0,ACTIVE,MODELED
CTR02228,ATL_CB_01,ATL,VETERAN,2026,2026,1,1,6016479,6016479,4057782,1958697,1958697,0,4313060,6016479,1958697,0,ACTIVE,MODELED
CTR02229,ATL_CB_02,ATL,VETERAN,2026,2026,1,1,14455216,14455216,9541229,4913986,4913986,0,5411268,14455216,4913986,0,ACTIVE,MODELED
CTR02230,ATL_CB_03,ATL,VETERAN,2026,2029,4,4,76232323,19058081,15146572,15646034,3911508,2286970,41094462,21345050,15646034,0,ACTIVE,MODELED
CTR02231,ATL_CB_04,ATL,VETERAN,2026,2026,1,1,1945468,1945468,1329380,616088,616088,58364,1492280,2003832,616088,0,ACTIVE,MODELED
CTR02232,ATL_CB_05,ATL,VETERAN,2026,2026,1,1,2602670,2602670,1975525,627146,627146,0,1197342,2602670,627146,0,ACTIVE,MODELED
CTR02233,ATL_CB_06,ATL,VETERAN,2026,2026,1,1,1878465,1878465,1362804,515661,515661,56354,1437398,1934819,515661,0,ACTIVE,MODELED
CTR02234,ATL_CB_07,ATL,VETERAN_MINIMUM,2025,2026,2,1,2060000,1030000,1030000,0,0,0,103000,1030000,0,0,ACTIVE,MODELED
CTR02235,ATL_CB_08,ATL,VETERAN_MINIMUM,2026,2026,1,1,1210000,1210000,1210000,0,0,0,60500,1210000,0,0,ACTIVE,MODELED
CTR02236,ATL_CB_09,ATL,ROOKIE_SCALE,2025,2028,4,3,4240000,1060000,806765,1012941,253235,0,1060000,1060000,759706,0,ACTIVE,MODELED
CTR02237,ATL_CB_10,ATL,ROOKIE_SCALE,2024,2027,4,2,3980000,995000,756000,1049663,262416,0,995000,1018416,524831,0,ACTIVE,MODELED
CTR02238,ATL_CB_11,ATL,VETERAN_MINIMUM,2026,2026,1,1,1030000,1030000,1030000,0,0,0,51500,1030000,0,0,ACTIVE,MODELED
CTR02239,ATL_S_01,ATL,VETERAN,2026,2026,1,1,16277715,16277715,11639902,4637813,4637813,0,5868265,16277715,4637813,0,ACTIVE,MODELED
CTR02240,ATL_S_02,ATL,VETERAN,2025,2026,2,1,8821884,4410942,3549339,1723206,861603,0,3040238,4410942,861603,0,ACTIVE,MODELED
CTR02241,ATL_S_03,ATL,ROOKIE_SCALE,2025,2028,4,3,3980000,995000,808364,746545,186636,0,995000,995000,559909,0,ACTIVE,MODELED
CTR02242,ATL_S_04,ATL,VETERAN,2024,2026,3,1,7611159,2537053,2208323,986191,328730,0,4827421,2537053,328730,0,ACTIVE,MODELED
CTR02243,ATL_S_05,ATL,ROOKIE_SCALE,2024,2027,4,2,3980000,995000,886121,435518,108879,0,995000,995000,217759,0,ACTIVE,MODELED
CTR02244,ATL_S_06,ATL,VETERAN_MINIMUM,2026,2026,1,1,1030000,1030000,1030000,0,0,0,51500,1030000,0,0,ACTIVE,MODELED
CTR02245,ATL_S_07,ATL,VETERAN_MINIMUM,2024,2026,3,1,3390000,1130000,1130000,0,0,0,169500,1130000,0,0,ACTIVE,MODELED
CTR02246,ATL_K_01,ATL,VETERAN_MINIMUM,2025,2026,2,1,2420000,1210000,1210000,0,0,0,121000,1210000,0,0,ACTIVE,MODELED
CTR02247,ATL_K_02,ATL,VETERAN_MINIMUM,2025,2026,2,1,2660000,1330000,1330000,0,0,0,133000,1330000,0,0,ACTIVE,MODELED
CTR02248,ATL_P_01,ATL,VETERAN_MINIMUM,2026,2026,1,1,1622580,1622580,1622580,0,0,0,81129,1622580,0,0,ACTIVE,MODELED
CTR02249,ATL_P_02,ATL,VETERAN_MINIMUM,2026,2026,1,1,1420000,1420000,1420000,0,0,0,71000,1420000,0,0,ACTIVE,MODELED
CTR02250,ATL_LS_01,ATL,VETERAN_MINIMUM,2026,2026,1,1,1130000,1130000,1130000,0,0,0,56500,1130000,0,0,ACTIVE,MODELED
CTR02251,CAR_QB_01,CAR,VETERAN,2026,2026,1,1,24313098,24313098,15518925,8794173,8794173,0,8887887,24313098,8794173,1,ACTIVE,MODELED
CTR02252,CAR_QB_02,CAR,VETERAN,2026,2028,3,3,6395170,2131723,1718387,1240010,413337,0,4947071,2131723,1240010,0,ACTIVE,MODELED
CTR02253,CAR_QB_03,CAR,VETERAN,2026,2026,1,1,4257090,4257090,3033507,1223583,1223583,0,1243400,4257090,1223583,0,ACTIVE,MODELED
CTR02254,CAR_QB_04,CAR,VETERAN_MINIMUM,2026,2027,2,2,2420000,1210000,1210000,0,0,0,121000,1210000,0,0,ACTIVE,MODELED
CTR02255,CAR_RB_01,CAR,VETERAN,2024,2028,5,3,26724253,5344851,3501890,9214804,1842961,0,724988,5344851,5528883,0,ACTIVE,MODELED
CTR02256,CAR_RB_02,CAR,VETERAN_MINIMUM,2026,2026,1,1,1330000,1330000,1330000,0,0,0,66500,1330000,0,0,ACTIVE,MODELED
CTR02257,CAR_RB_03,CAR,VETERAN_MINIMUM,2026,2027,2,2,2420000,1210000,1210000,0,0,0,121000,1210000,0,0,ACTIVE,MODELED
CTR02258,CAR_RB_04,CAR,VETERAN_MINIMUM,2025,2026,2,1,2260000,1130000,1130000,0,0,0,113000,1130000,0,0,ACTIVE,MODELED
CTR02259,CAR_RB_05,CAR,UDFA,2024,2026,3,1,2520000,840000,756000,674542,224847,0,50400,980847,224847,0,ACTIVE,MODELED
CTR02260,CAR_FB_01,CAR,VETERAN_MINIMUM,2025,2026,2,1,2260000,1130000,1130000,0,0,0,113000,1130000,0,0,ACTIVE,MODELED
CTR02261,CAR_WR_01,CAR,VETERAN,2025,2026,2,1,63394751,31697375,24600955,14192841,7096420,1901843,15819630,33599218,7096420,0,ACTIVE,MODELED
CTR02262,CAR_WR_02,CAR,VETERAN,2024,2027,4,2,29026603,7256651,5734553,6088392,1522098,0,6737914,7256651,3044196,0,ACTIVE,MODELED
CTR02263,CAR_WR_03,CAR,VETERAN,2025,2027,3,2,62149625,20716542,12745440,23913306,7971102,1864489,49515884,22581031,15942204,0,ACTIVE,MODELED
CTR02264,CAR_WR_04,CAR,VETERAN_MINIMUM,2026,2026,1,1,1030000,1030000,1030000,0,0,0,51500,1030000,0,0,ACTIVE,MODELED
CTR02265,CAR_WR_05,CAR,VETERAN,2026,2027,2,2,14225229,7112614,5537109,3151010,1575505,0,6836538,7112614,3151010,0,ACTIVE,MODELED
CTR02266,CAR_WR_06,CAR,ROOKIE_SCALE,2025,2028,4,3,4240000,1060000,967703,369187,92297,0,1060000,1060000,276890,0,ACTIVE,MODELED
CTR02267,CAR_WR_07,CAR,VETERAN_MINIMUM,2026,2028,3,3,3990000,1330000,1330000,0,0,0,199500,1330000,0,0,ACTIVE,MODELED
CTR02268,CAR_WR_08,CAR,VETERAN,2025,2026,2,1,3707309,1853654,1404402,898504,449252,0,3077197,1853654,449252,0,ACTIVE,MODELED
CTR02269,CAR_WR_09,CAR,ROOKIE_SCALE,2025,2028,4,3,4240000,1060000,915586,577654,144414,0,1060000,1060000,433241,0,ACTIVE,MODELED
CTR02270,CAR_WR_10,CAR,UDFA,2026,2028,3,3,2520000,840000,756000,309392,103131,0,50400,859131,309392,0,ACTIVE,MODELED
CTR02271,CAR_WR_11,CAR,UDFA,2024,2026,3,1,2520000,840000,756000,507410,169137,0,50400,925137,169137,0,ACTIVE,MODELED
CTR02272,CAR_TE_01,CAR,VETERAN,2025,2027,3,2,17460804,5820268,4320993,4497826,1499275,0,10030851,5820268,2998550,0,ACTIVE,MODELED
CTR02273,CAR_TE_02,CAR,VETERAN,2026,2026,1,1,2991110,2991110,2508840,482270,482270,89733,1781325,3080843,482270,0,ACTIVE,MODELED
CTR02274,CAR_TE_03,CAR,VETERAN_MINIMUM,2026,2026,1,1,1363945,1363945,1363945,0,0,0,68197,1363945,0,0,ACTIVE,MODELED
CTR02275,CAR_TE_04,CAR,ROOKIE_SCALE,2025,2028,4,3,3860000,965000,934037,123851,30963,0,965000,965000,92888,0,ACTIVE,MODELED
CTR02276,CAR_TE_05,CAR,UDFA,2026,2028,3,3,2520000,840000,756000,855185,285062,0,50400,1041062,855185,0,ACTIVE,MODELED
CTR02277,CAR_TE_06,CAR,VETERAN_MINIMUM,2024,2026,3,1,3390000,1130000,1130000,0,0,0,169500,1130000,0,0,ACTIVE,MODELED
CTR02278,CAR_OT_01,CAR,VETERAN,2026,2029,4,4,60257242,15064311,12098274,11864145,2966036,1807717,24054257,16872028,11864145,0,ACTIVE,MODELED
CTR02279,CAR_OT_02,CAR,VETERAN,2026,2028,3,3,31803750,10601250,7448536,9458142,3152714,0,7674121,10601250,9458142,0,ACTIVE,MODELED
CTR02280,CAR_OT_03,CAR,VETERAN,2024,2026,3,1,12478629,4159543,2944929,3643842,1214614,0,6009344,4159543,1214614,0,ACTIVE,MODELED
CTR02281,CAR_OT_04,CAR,VETERAN,2026,2026,1,1,2319482,2319482,1523111,796371,796371,0,995882,2319482,796371,0,ACTIVE,MODELED
CTR02282,CAR_OT_05,CAR,VETERAN,2026,2026,1,1,1908317,1908317,1435632,472685,472685,0,589975,1908317,472685,0,ACTIVE,MODELED
CTR02283,CAR_OT_06,CAR,UDFA,2026,2028,3,3,2520000,840000,756000,786428,262143,0,50400,1018143,786428,0,ACTIVE,MODELED
CTR02284,CAR_OG_01,CAR,VETERAN,2026,2026,1,1,7269066,7269066,4695416,2573650,2573650,218072,6108701,7487138,2573650,0,ACTIVE,MODELED
CTR02285,CAR_OG_02,CAR,VETERAN,2024,2026,3,1,26555564,8851855,5802123,9149195,3049732,796667,5611094,9648521,3049732,0,ACTIVE,MODELED
CTR02286,CAR_OG_03,CAR,ROOKIE_SCALE,2026,2030,5,5,42613495,8522699,6322204,11002475,2200495,0,42613495,8522699,11002475,0,ACTIVE,MODELED
CTR02287,CAR_OG_04,CAR,VETERAN,2026,2026,1,1,1965696,1965696,1197000,778236,778236,58971,1280899,2034207,778236,0,ACTIVE,MODELED
CTR02288,CAR_OG_05,CAR,ROOKIE_SCALE,2024,2027,4,2,3860000,965000,756000,1288746,322187,0,965000,1078187,644373,0,ACTIVE,MODELED
CTR02289,CAR_OG_06,CAR,ROOKIE_SCALE,2023,2026,4,1,4240000,1060000,928122,527514,131878,0,1060000,1060000,131878,0,ACTIVE,MODELED
CTR02290,CAR_C_01,CAR,VETERAN,2023,2026,4,1,43291487,10822872,8538916,9135821,2283955,1298745,20484410,12121616,2283955,0,ACTIVE,MODELED
CTR02291,CAR_C_02,CAR,VETERAN,2026,2027,2,2,8663025,4331513,3104075,2454875,1227437,0,1673322,4331513,2454875,0,ACTIVE,MODELED
CTR02292,CAR_C_03,CAR,VETERAN,2025,2026,2,1,2921551,1460775,1106541,708469,354234,0,1496979,1460775,354234,0,ACTIVE,MODELED
CTR02293,CAR_EDGE_01,CAR,VETERAN,2026,2026,1,1,9927870,9927870,7818096,2109774,2109774,0,5834797,9927870,2109774,0,ACTIVE,MODELED
CTR02294,CAR_EDGE_02,CAR,VETERAN,2024,2026,3,1,40702769,13567590,10572915,8984025,2994675,1221083,19429076,14788673,2994675,0,ACTIVE,MODELED
CTR02295,CAR_EDGE_03,CAR,VETERAN,2026,2028,3,3,18022962,6007654,5068403,2817754,939251,0,77543,6007654,2817754,0,ACTIVE,MODELED
CTR02296,CAR_EDGE_04,CAR,VETERAN_MINIMUM,2025,2026,2,1,2857285,1428643,1428643,0,0,0,142864,1428643,0,0,ACTIVE,MODELED
CTR02297,CAR_EDGE_05,CAR,VETERAN,2026,2028,3,3,19198544,6399515,4879908,4558819,1519606,0,8812677,6399515,4558819,0,ACTIVE,MODELED
CTR02298,CAR_EDGE_06,CAR,VETERAN_MINIMUM,2023,2026,4,1,4520000,1130000,1130000,0,0,0,226000,1130000,0,0,ACTIVE,MODELED
CTR02299,CAR_EDGE_07,CAR,VETERAN_MINIMUM,2026,2026,1,1,1330000,1330000,1330000,0,0,0,66500,1330000,0,0,ACTIVE,MODELED
CTR02300,CAR_EDGE_08,CAR,ROOKIE_SCALE,2025,2028,4,3,3980000,995000,756000,1123045,280761,0,995000,1036761,842284,0,ACTIVE,MODELED
CTR02301,CAR_EDGE_09,CAR,VETERAN_MINIMUM,2025,2027,3,2,3090000,1030000,1030000,0,0,0,154500,1030000,0,0,ACTIVE,MODELED
CTR02302,CAR_DT_01,CAR,VETERAN,2026,2027,2,2,23191749,11595875,8249126,6693498,3346749,0,16571917,11595875,6693498,0,ACTIVE,MODELED
CTR02303,CAR_DT_02,CAR,VETERAN,2026,2027,2,2,27335595,13667798,13667798,0,0,820068,9642388,14487866,0,0,ACTIVE,MODELED
CTR02304,CAR_DT_03,CAR,VETERAN_MINIMUM,2025,2027,3,2,3990000,1330000,1330000,0,0,0,199500,1330000,0,0,ACTIVE,MODELED
CTR02305,CAR_DT_04,CAR,VETERAN,2023,2027,5,2,17075313,3415063,3162545,1262589,252518,512259,9779663,3927322,505036,0,ACTIVE,MODELED
CTR02306,CAR_DT_05,CAR,VETERAN_MINIMUM,2024,2026,3,1,3090000,1030000,1030000,0,0,0,154500,1030000,0,0,ACTIVE,MODELED
CTR02307,CAR_DT_06,CAR,VETERAN_MINIMUM,2026,2026,1,1,1030000,1030000,1030000,0,0,0,51500,1030000,0,0,ACTIVE,MODELED
CTR02308,CAR_DT_07,CAR,VETERAN_MINIMUM,2026,2026,1,1,1130000,1130000,1130000,0,0,0,56500,1130000,0,0,ACTIVE,MODELED
CTR02309,CAR_DT_08,CAR,VETERAN_MINIMUM,2026,2027,2,2,2420000,1210000,1210000,0,0,0,121000,1210000,0,0,ACTIVE,MODELED
CTR02310,CAR_LB_01,CAR,VETERAN,2026,2026,1,1,6163774,6163774,4784921,1378853,1378853,184913,2012889,6348687,1378853,0,ACTIVE,MODELED
CTR02311,CAR_LB_02,CAR,VETERAN,2026,2026,1,1,3061753,3061753,2318556,743197,743197,0,1664571,3061753,743197,0,ACTIVE,MODELED
CTR02312,CAR_LB_03,CAR,VETERAN,2026,2026,1,1,2835531,2835531,2539807,295724,295724,0,1531130,2835531,295724,0,ACTIVE,MODELED
CTR02313,CAR_LB_04,CAR,VETERAN,2026,2026,1,1,2703357,2703357,2054993,648364,648364,0,499855,2703357,648364,0,ACTIVE,MODELED
CTR02314,CAR_LB_05,CAR,VETERAN_MINIMUM,2026,2027,2,2,2420000,1210000,1210000,0,0,0,121000,1210000,0,0,ACTIVE,MODELED
CTR02315,CAR_LB_06,CAR,VETERAN_MINIMUM,2024,2027,4,2,4120000,1030000,1030000,0,0,0,206000,1030000,0,0,ACTIVE,MODELED
CTR02316,CAR_LB_07,CAR,UDFA,2026,2028,3,3,2520000,840000,756000,718155,239385,0,50400,995385,718155,0,ACTIVE,MODELED
CTR02317,CAR_LB_08,CAR,ROOKIE_SCALE,2025,2028,4,3,3860000,965000,756000,927155,231789,0,965000,987789,695366,0,ACTIVE,MODELED
CTR02318,CAR_CB_01,CAR,VETERAN,2026,2027,2,2,30100072,15050036,9004562,12090948,6045474,903002,16860414,15953038,12090948,0,ACTIVE,MODELED
CTR02319,CAR_CB_02,CAR,VETERAN,2025,2026,2,1,5590691,2795345,2127650,1335391,667696,0,1755826,2795345,667696,0,ACTIVE,MODELED
CTR02320,CAR_CB_03,CAR,VETERAN,2025,2029,5,4,21803001,4360600,2976017,6922918,1384584,654090,14142057,5014690,5538334,0,ACTIVE,MODELED
CTR02321,CAR_CB_04,CAR,VETERAN_MINIMUM,2026,2026,1,1,1086692,1086692,1086692,0,0,0,54335,1086692,0,0,ACTIVE,MODELED
CTR02322,CAR_CB_05,CAR,VETERAN_MINIMUM,2025,2026,2,1,2840000,1420000,1420000,0,0,0,142000,1420000,0,0,ACTIVE,MODELED
CTR02323,CAR_CB_06,CAR,VETERAN_MINIMUM,2026,2026,1,1,1030000,1030000,1030000,0,0,0,51500,1030000,0,0,ACTIVE,MODELED
CTR02324,CAR_CB_07,CAR,VETERAN_MINIMUM,2024,2026,3,1,3990000,1330000,1330000,0,0,0,199500,1330000,0,0,ACTIVE,MODELED
CTR02325,CAR_CB_08,CAR,UDFA,2025,2027,3,2,2520000,840000,756000,278564,92855,0,50400,848855,185709,0,ACTIVE,MODELED
CTR02326,CAR_CB_09,CAR,ROOKIE_SCALE,2026,2029,4,4,3860000,965000,897275,270900,67725,0,965000,965000,270900,0,ACTIVE,MODELED
CTR02327,CAR_CB_10,CAR,VETERAN_MINIMUM,2024,2028,5,3,5150000,1030000,1030000,0,0,0,257500,1030000,0,0,ACTIVE,MODELED
CTR02328,CAR_CB_11,CAR,ROOKIE_SCALE,2025,2028,4,3,4240000,1060000,789383,1082468,270617,0,1060000,1060000,811851,0,ACTIVE,MODELED
CTR02329,CAR_S_01,CAR,VETERAN,2024,2026,3,1,13329628,4443209,3225574,3652906,1217635,399889,6152879,4843098,1217635,0,ACTIVE,MODELED
CTR02330,CAR_S_02,CAR,VETERAN,2026,2028,3,3,23815398,7938466,5952586,5957641,1985880,0,4939641,7938466,5957641,0,ACTIVE,MODELED
CTR02331,CAR_S_03,CAR,VETERAN,2026,2027,2,2,10016879,5008440,3833425,2350030,1175015,300506,3934502,5308946,2350030,0,ACTIVE,MODELED
CTR02332,CAR_S_04,CAR,VETERAN_MINIMUM,2025,2026,2,1,2660000,1330000,1330000,0,0,0,133000,1330000,0,0,ACTIVE,MODELED
CTR02333,CAR_S_05,CAR,VETERAN_MINIMUM,2025,2027,3,2,4260000,1420000,1420000,0,0,0,213000,1420000,0,0,ACTIVE,MODELED
CTR02334,CAR_S_06,CAR,VETERAN_MINIMUM,2026,2028,3,3,3090000,1030000,1030000,0,0,0,154500,1030000,0,0,ACTIVE,MODELED
CTR02335,CAR_S_07,CAR,VETERAN_MINIMUM,2025,2026,2,1,2060000,1030000,1030000,0,0,0,103000,1030000,0,0,ACTIVE,MODELED
CTR02336,CAR_K_01,CAR,VETERAN_MINIMUM,2024,2026,3,1,4260000,1420000,1420000,0,0,0,213000,1420000,0,0,ACTIVE,MODELED
CTR02337,CAR_K_02,CAR,VETERAN_MINIMUM,2024,2026,3,1,3090000,1030000,1030000,0,0,0,154500,1030000,0,0,ACTIVE,MODELED
CTR02338,CAR_P_01,CAR,VETERAN_MINIMUM,2026,2026,1,1,1130000,1130000,1130000,0,0,0,56500,1130000,0,0,ACTIVE,MODELED
CTR02339,CAR_P_02,CAR,VETERAN_MINIMUM,2025,2026,2,1,2420000,1210000,1210000,0,0,0,121000,1210000,0,0,ACTIVE,MODELED
CTR02340,CAR_LS_01,CAR,VETERAN_MINIMUM,2024,2026,3,1,3990000,1330000,1330000,0,0,0,199500,1330000,0,0,ACTIVE,MODELED
CTR02341,NO_QB_01,NO,VETERAN,2026,2026,1,1,10498316,10498316,8131025,2367292,2367292,0,5416655,10498316,2367292,0,ACTIVE,MODELED
CTR02342,NO_QB_02,NO,VETERAN,2026,2026,1,1,3663084,3663084,2803734,859350,859350,109893,1811656,3772976,859350,0,ACTIVE,MODELED
CTR02343,NO_QB_03,NO,VETERAN_MINIMUM,2024,2027,4,2,5164486,1291122,1291122,0,0,0,258224,1291122,0,0,ACTIVE,MODELED
CTR02344,NO_QB_04,NO,ROOKIE_SCALE,2023,2026,4,1,3860000,965000,756000,878735,219684,0,965000,975684,219684,0,ACTIVE,MODELED
CTR02345,NO_RB_01,NO,VETERAN,2026,2026,1,1,2893686,2893686,2529344,364342,364342,0,1989047,2893686,364342,0,ACTIVE,MODELED
CTR02346,NO_RB_02,NO,VETERAN,2026,2026,1,1,1693534,1693534,1221592,471942,471942,0,645617,1693534,471942,0,ACTIVE,MODELED
CTR02347,NO_RB_03,NO,VETERAN,2025,2027,3,2,10358477,3452826,2305662,3441492,1147164,0,7593747,3452826,2294328,0,ACTIVE,MODELED
CTR02348,NO_RB_04,NO,UDFA,2025,2027,3,2,2520000,840000,756000,782591,260864,0,50400,1016864,521728,0,ACTIVE,MODELED
CTR02349,NO_RB_05,NO,VETERAN_MINIMUM,2025,2026,2,1,2060000,1030000,1030000,0,0,0,103000,1030000,0,0,ACTIVE,MODELED
CTR02350,NO_FB_01,NO,VETERAN_MINIMUM,2026,2026,1,1,1030000,1030000,1030000,0,0,0,51500,1030000,0,0,ACTIVE,MODELED
CTR02351,NO_WR_01,NO,VETERAN,2026,2027,2,2,11217239,5608620,4393977,2429284,1214642,0,2646015,5608620,2429284,0,ACTIVE,MODELED
CTR02352,NO_WR_02,NO,VETERAN,2025,2026,2,1,12022349,6011175,5014042,1994266,997133,360670,2971350,6371845,997133,0,ACTIVE,MODELED
CTR02353,NO_WR_03,NO,VETERAN,2026,2026,1,1,6829929,6829929,4699427,2130502,2130502,204898,5441687,7034827,2130502,0,ACTIVE,MODELED
CTR02354,NO_WR_04,NO,VETERAN,2026,2026,1,1,1402826,1402826,1171366,231460,231460,42085,898349,1444911,231460,0,ACTIVE,MODELED
CTR02355,NO_WR_05,NO,VETERAN,2025,2026,2,1,3380709,1690355,1275607,829495,414748,101421,2541896,1791776,414748,0,ACTIVE,MODELED
CTR02356,NO_WR_06,NO,VETERAN_MINIMUM,2026,2029,4,4,4840000,1210000,1210000,0,0,0,242000,1210000,0,0,ACTIVE,MODELED
CTR02357,NO_WR_07,NO,VETERAN,2024,2026,3,1,9396456,3132152,2118642,3040531,1013510,281894,5181541,3414046,1013510,0,ACTIVE,MODELED
CTR02358,NO_WR_08,NO,ROOKIE_SCALE,2023,2026,4,1,3980000,995000,756000,1081432,270358,0,995000,1026358,270358,0,ACTIVE,MODELED
CTR02359,NO_WR_09,NO,VETERAN_MINIMUM,2026,2027,2,2,2420000,1210000,1210000,0,0,0,121000,1210000,0,0,ACTIVE,MODELED
CTR02360,NO_WR_10,NO,VETERAN_MINIMUM,2026,2027,2,2,2660000,1330000,1330000,0,0,0,133000,1330000,0,0,ACTIVE,MODELED
CTR02361,NO_WR_11,NO,VETERAN_MINIMUM,2025,2027,3,2,3090000,1030000,1030000,0,0,0,154500,1030000,0,0,ACTIVE,MODELED
CTR02362,NO_TE_01,NO,VETERAN,2026,2026,1,1,2112825,2112825,1657671,455155,455155,0,1285100,2112825,455155,0,ACTIVE,MODELED
CTR02363,NO_TE_02,NO,VETERAN,2026,2026,1,1,2853933,2853933,2297437,556496,556496,85618,616963,2939551,556496,0,ACTIVE,MODELED
CTR02364,NO_TE_03,NO,VETERAN,2026,2026,1,1,1727451,1727451,1408211,319240,319240,51824,1417472,1779274,319240,0,ACTIVE,MODELED
CTR02365,NO_TE_04,NO,VETERAN_MINIMUM,2025,2026,2,1,2260000,1130000,1130000,0,0,0,113000,1130000,0,0,ACTIVE,MODELED
CTR02366,NO_TE_05,NO,ROOKIE_SCALE,2024,2027,4,2,4240000,1060000,867756,768977,192244,0,1060000,1060000,384488,0,ACTIVE,MODELED
CTR02367,NO_TE_06,NO,UDFA,2024,2026,3,1,2520000,840000,756000,758362,252787,0,50400,1008787,252787,0,ACTIVE,MODELED
CTR02368,NO_OT_01,NO,VETERAN,2026,2026,1,1,4543142,4543142,3430900,1112242,1112242,0,3195692,4543142,1112242,0,ACTIVE,MODELED
CTR02369,NO_OT_02,NO,VETERAN,2026,2026,1,1,17471308,17471308,13219808,4251500,4251500,524139,4466857,17995447,4251500,0,ACTIVE,MODELED
CTR02370,NO_OT_03,NO,VETERAN_MINIMUM,2025,2026,2,1,2429974,1214987,1214987,0,0,0,121499,1214987,0,0,ACTIVE,MODELED
CTR02371,NO_OT_04,NO,VETERAN,2026,2027,2,2,7864529,3932264,2922286,2019956,1009978,0,2821745,3932264,2019956,0,ACTIVE,MODELED
CTR02372,NO_OT_05,NO,VETERAN_MINIMUM,2025,2026,2,1,2060000,1030000,1030000,0,0,0,103000,1030000,0,0,ACTIVE,MODELED
CTR02373,NO_OT_06,NO,UDFA,2026,2028,3,3,2520000,840000,756000,687809,229270,0,50400,985270,687809,0,ACTIVE,MODELED
CTR02374,NO_OG_01,NO,VETERAN,2024,2026,3,1,14624517,4874839,3393985,4442561,1480854,438735,9525248,5313574,1480854,0,ACTIVE,MODELED
CTR02375,NO_OG_02,NO,VETERAN,2026,2026,1,1,2039121,2039121,1438706,600415,600415,0,232847,2039121,600415,0,ACTIVE,MODELED
CTR02376,NO_OG_03,NO,ROOKIE_SCALE,2023,2026,4,1,3980000,995000,756000,1336337,334084,0,995000,1090084,334084,0,ACTIVE,MODELED
CTR02377,NO_OG_04,NO,VETERAN,2026,2027,2,2,8538046,4269023,3646535,1244975,622488,256141,6267815,4525164,1244975,0,ACTIVE,MODELED
CTR02378,NO_OG_05,NO,VETERAN_MINIMUM,2026,2026,1,1,1330000,1330000,1330000,0,0,0,66500,1330000,0,0,ACTIVE,MODELED
CTR02379,NO_OG_06,NO,VETERAN_MINIMUM,2024,2026,3,1,3090000,1030000,1030000,0,0,0,154500,1030000,0,0,ACTIVE,MODELED
CTR02380,NO_C_01,NO,VETERAN,2025,2026,2,1,13996567,6998283,4749618,4497330,2248665,0,5059840,6998283,2248665,0,ACTIVE,MODELED
CTR02381,NO_C_02,NO,VETERAN,2026,2028,3,3,9653595,3217865,2356516,2584047,861349,0,2162901,3217865,2584047,0,ACTIVE,MODELED
CTR02382,NO_C_03,NO,VETERAN_MINIMUM,2026,2026,1,1,1215989,1215989,1215989,0,0,0,60799,1215989,0,0,ACTIVE,MODELED
CTR02383,NO_EDGE_01,NO,VETERAN,2026,2026,1,1,13907606,13907606,9772766,4134840,4134840,417228,3106856,14324834,4134840,0,ACTIVE,MODELED
CTR02384,NO_EDGE_02,NO,VETERAN,2026,2027,2,2,42453699,21226849,17141209,8171282,4085641,1273611,20337659,22500460,8171282,0,ACTIVE,MODELED
CTR02385,NO_EDGE_03,NO,ROOKIE_SCALE,2023,2026,4,1,9000000,2250000,1390202,3439192,859798,0,4950000,2250000,859798,0,ACTIVE,MODELED
CTR02386,NO_EDGE_04,NO,VETERAN,2025,2029,5,4,23042472,4608494,3670964,4687653,937531,0,8342180,4608494,3750122,0,ACTIVE,MODELED
CTR02387,NO_EDGE_05,NO,VETERAN,2024,2027,4,2,12143644,3035911,1865895,4680066,1170016,0,5170878,3035911,2340033,0,ACTIVE,MODELED
CTR02388,NO_EDGE_06,NO,VETERAN,2026,2028,3,3,4863516,1621172,1396515,673971,224657,0,2058328,1621172,673971,0,ACTIVE,MODELED
CTR02389,NO_EDGE_07,NO,VETERAN_MINIMUM,2026,2026,1,1,1130000,1130000,1130000,0,0,0,56500,1130000,0,0,ACTIVE,MODELED
CTR02390,NO_EDGE_08,NO,VETERAN_MINIMUM,2026,2026,1,1,1130000,1130000,1130000,0,0,0,56500,1130000,0,0,ACTIVE,MODELED
CTR02391,NO_EDGE_09,NO,VETERAN_MINIMUM,2026,2026,1,1,1030000,1030000,1030000,0,0,0,51500,1030000,0,0,ACTIVE,MODELED
CTR02392,NO_DT_01,NO,VETERAN,2025,2026,2,1,7764267,3882133,3216745,1330777,665388,0,3917385,3882133,665388,0,ACTIVE,MODELED
CTR02393,NO_DT_02,NO,VETERAN,2026,2026,1,1,7282142,7282142,5734682,1547460,1547460,0,3912511,7282142,1547460,0,ACTIVE,MODELED
CTR02394,NO_DT_03,NO,VETERAN_MINIMUM,2026,2026,1,1,1030000,1030000,1030000,0,0,0,51500,1030000,0,0,ACTIVE,MODELED
CTR02395,NO_DT_04,NO,VETERAN_MINIMUM,2025,2027,3,2,3990000,1330000,1330000,0,0,0,199500,1330000,0,0,ACTIVE,MODELED
CTR02396,NO_DT_05,NO,VETERAN_MINIMUM,2026,2027,2,2,2260000,1130000,1130000,0,0,0,113000,1130000,0,0,ACTIVE,MODELED
CTR02397,NO_DT_06,NO,VETERAN_MINIMUM,2026,2026,1,1,1130000,1130000,1130000,0,0,0,56500,1130000,0,0,ACTIVE,MODELED
CTR02398,NO_DT_07,NO,UDFA,2026,2028,3,3,2520000,840000,756000,556262,185421,0,50400,941421,556262,0,ACTIVE,MODELED
CTR02399,NO_DT_08,NO,VETERAN_MINIMUM,2024,2026,3,1,3090000,1030000,1030000,0,0,0,154500,1030000,0,0,ACTIVE,MODELED
CTR02400,NO_LB_01,NO,VETERAN,2025,2026,2,1,7527132,3763566,2526813,2473506,1236753,225814,4919436,3989380,1236753,0,ACTIVE,MODELED
CTR02401,NO_LB_02,NO,VETERAN,2026,2026,1,1,7956301,7956301,6280423,1675878,1675878,0,4449939,7956301,1675878,0,ACTIVE,MODELED
CTR02402,NO_LB_03,NO,VETERAN_MINIMUM,2026,2026,1,1,1330000,1330000,1330000,0,0,0,66500,1330000,0,0,ACTIVE,MODELED
CTR02403,NO_LB_04,NO,VETERAN,2026,2028,3,3,10976276,3658759,3002419,1969018,656339,329288,5335853,3988047,1969018,0,ACTIVE,MODELED
CTR02404,NO_LB_05,NO,VETERAN,2026,2027,2,2,3869922,1934961,1335482,1198958,599479,0,3645380,1934961,1198958,0,ACTIVE,MODELED
CTR02405,NO_LB_06,NO,UDFA,2026,2028,3,3,2520000,840000,756000,568710,189570,0,50400,945570,568710,0,ACTIVE,MODELED
CTR02406,NO_LB_07,NO,UDFA,2025,2027,3,2,2520000,840000,756000,576649,192216,0,50400,948216,384433,0,ACTIVE,MODELED
CTR02407,NO_LB_08,NO,ROOKIE_SCALE,2023,2026,4,1,4240000,1060000,799563,1041750,260437,0,1060000,1060000,260437,0,ACTIVE,MODELED
CTR02408,NO_CB_01,NO,VETERAN,2024,2026,3,1,15050492,5016831,3733702,3849388,1283129,451515,5080535,5468346,1283129,0,ACTIVE,MODELED
CTR02409,NO_CB_02,NO,VETERAN,2025,2028,4,3,32970394,8242598,6698808,6175163,1543791,989112,3424307,9231710,4631372,0,ACTIVE,MODELED
CTR02410,NO_CB_03,NO,VETERAN,2025,2026,2,1,10548723,5274361,3936486,2675751,1337875,0,5258754,5274361,1337875,0,ACTIVE,MODELED
CTR02411,NO_CB_04,NO,VETERAN_MINIMUM,2026,2026,1,1,1246206,1246206,1246206,0,0,0,62310,1246206,0,0,ACTIVE,MODELED
CTR02412,NO_CB_05,NO,VETERAN,2025,2026,2,1,4706257,2353129,1559317,1587624,793812,141188,1592671,2494316,793812,0,ACTIVE,MODELED
CTR02413,NO_CB_06,NO,VETERAN,2026,2026,1,1,1634561,1634561,1253280,381281,381281,0,253037,1634561,381281,0,ACTIVE,MODELED
CTR02414,NO_CB_07,NO,ROOKIE_SCALE,2026,2029,4,4,3860000,965000,756000,1025990,256498,0,965000,1012498,1025990,0,ACTIVE,MODELED
CTR02415,NO_CB_08,NO,VETERAN,2026,2027,2,2,5812679,2906340,2626858,558964,279482,0,2032449,2906340,558964,0,ACTIVE,MODELED
CTR02416,NO_CB_09,NO,ROOKIE_SCALE,2025,2028,4,3,4240000,1060000,756000,1535778,383944,0,1060000,1139944,1151833,0,ACTIVE,MODELED
CTR02417,NO_CB_10,NO,VETERAN_MINIMUM,2026,2027,2,2,2060000,1030000,1030000,0,0,0,103000,1030000,0,0,ACTIVE,MODELED
CTR02418,NO_CB_11,NO,VETERAN_MINIMUM,2026,2026,1,1,1130000,1130000,1130000,0,0,0,56500,1130000,0,0,ACTIVE,MODELED
CTR02419,NO_S_01,NO,VETERAN,2026,2028,3,3,11051968,3683989,2871222,2438302,812767,0,5139931,3683989,2438302,0,ACTIVE,MODELED
CTR02420,NO_S_02,NO,VETERAN,2026,2026,1,1,2469052,2469052,1822934,646118,646118,0,1600521,2469052,646118,0,ACTIVE,MODELED
CTR02421,NO_S_03,NO,VETERAN_MINIMUM,2025,2026,2,1,2728403,1364201,1364201,0,0,0,136420,1364201,0,0,ACTIVE,MODELED
CTR02422,NO_S_04,NO,VETERAN,2026,2026,1,1,1945982,1945982,1351339,594643,594643,0,1449536,1945982,594643,0,ACTIVE,MODELED
CTR02423,NO_S_05,NO,VETERAN_MINIMUM,2026,2029,4,4,4840000,1210000,1210000,0,0,0,242000,1210000,0,0,ACTIVE,MODELED
CTR02424,NO_S_06,NO,UDFA,2026,2028,3,3,2520000,840000,756000,779051,259684,0,50400,1015684,779051,0,ACTIVE,MODELED
CTR02425,NO_S_07,NO,UDFA,2026,2028,3,3,2520000,840000,756000,875860,291953,0,50400,1047953,875860,0,ACTIVE,MODELED
CTR02426,NO_K_01,NO,VETERAN_MINIMUM,2026,2026,1,1,1423236,1423236,1423236,0,0,0,71162,1423236,0,0,ACTIVE,MODELED
CTR02427,NO_K_02,NO,VETERAN_MINIMUM,2026,2027,2,2,2660000,1330000,1330000,0,0,0,133000,1330000,0,0,ACTIVE,MODELED
CTR02428,NO_P_01,NO,VETERAN_MINIMUM,2026,2026,1,1,1330000,1330000,1330000,0,0,0,66500,1330000,0,0,ACTIVE,MODELED
CTR02429,NO_P_02,NO,VETERAN_MINIMUM,2026,2028,3,3,3390000,1130000,1130000,0,0,0,169500,1130000,0,0,ACTIVE,MODELED
CTR02430,NO_LS_01,NO,VETERAN_MINIMUM,2024,2026,3,1,3090000,1030000,1030000,0,0,0,154500,1030000,0,0,ACTIVE,MODELED
CTR02431,TB_QB_01,TB,VETERAN,2026,2026,1,1,24551661,24551661,21487507,3064154,3064154,0,12219742,24551661,3064154,0,ACTIVE,MODELED
CTR02432,TB_QB_02,TB,VETERAN,2025,2026,2,1,22597753,11298876,7992908,6611938,3305969,0,14414749,11298876,3305969,0,ACTIVE,MODELED
CTR02433,TB_QB_03,TB,VETERAN_MINIMUM,2025,2029,5,4,5150000,1030000,1030000,0,0,0,257500,1030000,0,0,ACTIVE,MODELED
CTR02434,TB_QB_04,TB,ROOKIE_SCALE,2025,2028,4,3,3980000,995000,770215,899141,224785,0,995000,995000,674356,0,ACTIVE,MODELED
CTR02435,TB_RB_01,TB,VETERAN_MINIMUM,2026,2027,2,2,3212894,1606447,1606447,0,0,0,160645,1606447,0,0,ACTIVE,MODELED
CTR02436,TB_RB_02,TB,VETERAN_MINIMUM,2026,2027,2,2,3108051,1554025,1554025,0,0,0,155403,1554025,0,0,ACTIVE,MODELED
CTR02437,TB_RB_03,TB,VETERAN_MINIMUM,2025,2026,2,1,2060000,1030000,1030000,0,0,0,103000,1030000,0,0,ACTIVE,MODELED
CTR02438,TB_RB_04,TB,VETERAN_MINIMUM,2026,2027,2,2,2060000,1030000,1030000,0,0,0,103000,1030000,0,0,ACTIVE,MODELED
CTR02439,TB_RB_05,TB,ROOKIE_SCALE,2023,2026,4,1,3980000,995000,911336,334658,83664,0,995000,995000,83664,0,ACTIVE,MODELED
CTR02440,TB_FB_01,TB,VETERAN_MINIMUM,2026,2026,1,1,1030000,1030000,1030000,0,0,0,51500,1030000,0,0,ACTIVE,MODELED
CTR02441,TB_WR_01,TB,VETERAN,2026,2026,1,1,3572227,3572227,2489842,1082385,1082385,107167,1848318,3679394,1082385,0,ACTIVE,MODELED
CTR02442,TB_WR_02,TB,VETERAN,2025,2026,2,1,4048213,2024107,1574719,898775,449387,121446,3340432,2145553,449387,0,ACTIVE,MODELED
CTR02443,TB_WR_03,TB,VETERAN,2026,2026,1,1,3471005,3471005,3282937,188068,188068,0,1474054,3471005,188068,0,ACTIVE,MODELED
CTR02444,TB_WR_04,TB,VETERAN_MINIMUM,2026,2027,2,2,2660000,1330000,1330000,0,0,0,133000,1330000,0,0,ACTIVE,MODELED
CTR02445,TB_WR_05,TB,UDFA,2025,2027,3,2,2520000,840000,756000,486737,162246,0,50400,918246,324491,0,ACTIVE,MODELED
CTR02446,TB_WR_06,TB,ROOKIE_SCALE,2024,2027,4,2,3980000,995000,780902,856392,214098,0,995000,995000,428196,0,ACTIVE,MODELED
CTR02447,TB_WR_07,TB,VETERAN_MINIMUM,2025,2027,3,2,3955289,1318430,1318430,0,0,0,197764,1318430,0,0,ACTIVE,MODELED
CTR02448,TB_WR_08,TB,ROOKIE_SCALE,2024,2027,4,2,3860000,965000,814827,600692,150173,0,965000,965000,300346,0,ACTIVE,MODELED
CTR02449,TB_WR_09,TB,VETERAN_MINIMUM,2026,2026,1,1,1030000,1030000,1030000,0,0,0,51500,1030000,0,0,ACTIVE,MODELED
CTR02450,TB_WR_10,TB,ROOKIE_SCALE,2024,2027,4,2,3980000,995000,756000,1332463,333116,0,995000,1089116,666231,0,ACTIVE,MODELED
CTR02451,TB_WR_11,TB,VETERAN_MINIMUM,2026,2027,2,2,2060000,1030000,1030000,0,0,0,103000,1030000,0,0,ACTIVE,MODELED
CTR02452,TB_TE_01,TB,VETERAN,2026,2028,3,3,9283806,3094602,2764653,989846,329949,0,2538299,3094602,989846,0,ACTIVE,MODELED
CTR02453,TB_TE_02,TB,VETERAN_MINIMUM,2026,2026,1,1,1030000,1030000,1030000,0,0,0,51500,1030000,0,0,ACTIVE,MODELED
CTR02454,TB_TE_03,TB,VETERAN_MINIMUM,2025,2026,2,1,2660000,1330000,1330000,0,0,0,133000,1330000,0,0,ACTIVE,MODELED
CTR02455,TB_TE_04,TB,VETERAN_MINIMUM,2026,2028,3,3,3990000,1330000,1330000,0,0,0,199500,1330000,0,0,ACTIVE,MODELED
CTR02456,TB_TE_05,TB,VETERAN_MINIMUM,2025,2026,2,1,2260000,1130000,1130000,0,0,0,113000,1130000,0,0,ACTIVE,MODELED
CTR02457,TB_TE_06,TB,VETERAN_MINIMUM,2026,2027,2,2,2060000,1030000,1030000,0,0,0,103000,1030000,0,0,ACTIVE,MODELED
CTR02458,TB_OT_01,TB,VETERAN,2026,2026,1,1,7238453,7238453,4951026,2287427,2287427,217154,4525820,7455607,2287427,0,ACTIVE,MODELED
CTR02459,TB_OT_02,TB,VETERAN,2023,2026,4,1,62760118,15690029,12002114,14751662,3687915,1882804,2690840,17572833,3687915,0,ACTIVE,MODELED
CTR02460,TB_OT_03,TB,VETERAN_MINIMUM,2026,2028,3,3,3990000,1330000,1330000,0,0,0,199500,1330000,0,0,ACTIVE,MODELED
CTR02461,TB_OT_04,TB,VETERAN,2026,2026,1,1,1992278,1992278,1581337,410941,410941,59768,825060,2052046,410941,0,ACTIVE,MODELED
CTR02462,TB_OT_05,TB,VETERAN_MINIMUM,2023,2027,5,2,5650000,1130000,1130000,0,0,0,282500,1130000,0,0,ACTIVE,MODELED
CTR02463,TB_OT_06,TB,VETERAN_MINIMUM,2026,2026,1,1,1030000,1030000,1030000,0,0,0,51500,1030000,0,0,ACTIVE,MODELED
CTR02464,TB_OG_01,TB,VETERAN,2026,2026,1,1,2590307,2590307,1680175,910132,910132,0,1193351,2590307,910132,0,ACTIVE,MODELED
CTR02465,TB_OG_02,TB,VETERAN_MINIMUM,2024,2026,3,1,3090000,1030000,1030000,0,0,0,154500,1030000,0,0,ACTIVE,MODELED
CTR02466,TB_OG_03,TB,ROOKIE_SCALE,2026,2029,4,4,3860000,965000,823191,567237,141809,0,965000,965000,567237,0,ACTIVE,MODELED
CTR02467,TB_OG_04,TB,VETERAN_MINIMUM,2025,2027,3,2,3990000,1330000,1330000,0,0,0,199500,1330000,0,0,ACTIVE,MODELED
CTR02468,TB_OG_05,TB,VETERAN_MINIMUM,2026,2026,1,1,1030000,1030000,1030000,0,0,0,51500,1030000,0,0,ACTIVE,MODELED
CTR02469,TB_OG_06,TB,ROOKIE_SCALE,2026,2029,4,4,3860000,965000,756000,1091136,272784,0,965000,1028784,1091136,0,ACTIVE,MODELED
CTR02470,TB_C_01,TB,VETERAN,2026,2026,1,1,4135462,4135462,2930213,1205248,1205248,0,1431221,4135462,1205248,0,ACTIVE,MODELED
CTR02471,TB_C_02,TB,VETERAN_MINIMUM,2026,2027,2,2,2978471,1489236,1489236,0,0,0,148924,1489236,0,0,ACTIVE,MODELED
CTR02472,TB_C_03,TB,VETERAN_MINIMUM,2026,2026,1,1,1130000,1130000,1130000,0,0,0,56500,1130000,0,0,ACTIVE,MODELED
CTR02473,TB_EDGE_01,TB,VETERAN,2026,2026,1,1,3367368,3367368,2865319,502049,502049,0,1820922,3367368,502049,0,ACTIVE,MODELED
CTR02474,TB_EDGE_02,TB,VETERAN,2026,2026,1,1,8215091,8215091,7091079,1124012,1124012,0,3817254,8215091,1124012,0,ACTIVE,MODELED
CTR02475,TB_EDGE_03,TB,VETERAN,2026,2026,1,1,4345486,4345486,3249418,1096069,1096069,0,1021752,4345486,1096069,0,ACTIVE,MODELED
CTR02476,TB_EDGE_04,TB,VETERAN,2026,2026,1,1,3059873,3059873,1992597,1067277,1067277,0,1116798,3059873,1067277,0,ACTIVE,MODELED
CTR02477,TB_EDGE_05,TB,VETERAN,2026,2028,3,3,7930791,2643597,1961515,2046246,682082,237924,4749483,2881521,2046246,0,ACTIVE,MODELED
CTR02478,TB_EDGE_06,TB,VETERAN_MINIMUM,2026,2026,1,1,1210000,1210000,1210000,0,0,0,60500,1210000,0,0,ACTIVE,MODELED
CTR02479,TB_EDGE_07,TB,ROOKIE_SCALE,2025,2028,4,3,4240000,1060000,796354,1054584,263646,0,1060000,1060000,790938,0,ACTIVE,MODELED
CTR02480,TB_EDGE_08,TB,ROOKIE_SCALE,2025,2028,4,3,4240000,1060000,756000,1523095,380774,0,1060000,1136774,1142322,0,ACTIVE,MODELED
CTR02481,TB_EDGE_09,TB,ROOKIE_SCALE,2024,2027,4,2,4240000,1060000,824230,943080,235770,0,1060000,1060000,471540,0,ACTIVE,MODELED
CTR02482,TB_DT_01,TB,VETERAN,2026,2027,2,2,7792967,3896483,2771789,2249388,1124694,233789,3738461,4130272,2249388,0,ACTIVE,MODELED
CTR02483,TB_DT_02,TB,VETERAN,2024,2027,4,2,67054917,16763729,13498243,13061944,3265486,0,41694692,16763729,6530972,0,ACTIVE,MODELED
CTR02484,TB_DT_03,TB,VETERAN,2025,2026,2,1,8301202,4150601,3706171,888861,444431,0,1880463,4150601,444431,0,ACTIVE,MODELED
CTR02485,TB_DT_04,TB,VETERAN_MINIMUM,2025,2027,3,2,3990000,1330000,1330000,0,0,0,199500,1330000,0,0,ACTIVE,MODELED
CTR02486,TB_DT_05,TB,VETERAN_MINIMUM,2025,2026,2,1,2840000,1420000,1420000,0,0,0,142000,1420000,0,0,ACTIVE,MODELED
CTR02487,TB_DT_06,TB,ROOKIE_SCALE,2023,2026,4,1,3980000,995000,807214,751144,187786,0,995000,995000,187786,0,ACTIVE,MODELED
CTR02488,TB_DT_07,TB,UDFA,2025,2027,3,2,2520000,840000,756000,671274,223758,0,50400,979758,447516,0,ACTIVE,MODELED
CTR02489,TB_DT_08,TB,VETERAN_MINIMUM,2025,2026,2,1,2060000,1030000,1030000,0,0,0,103000,1030000,0,0,ACTIVE,MODELED
CTR02490,TB_LB_01,TB,VETERAN,2024,2026,3,1,7113825,2371275,1548817,2467374,822458,0,3917980,2371275,822458,0,ACTIVE,MODELED
CTR02491,TB_LB_02,TB,VETERAN,2025,2027,3,2,12849386,4283129,2909244,4121655,1373885,0,4744277,4283129,2747770,0,ACTIVE,MODELED
CTR02492,TB_LB_03,TB,VETERAN_MINIMUM,2026,2026,1,1,1420000,1420000,1420000,0,0,0,71000,1420000,0,0,ACTIVE,MODELED
CTR02493,TB_LB_04,TB,VETERAN_MINIMUM,2026,2026,1,1,1717128,1717128,1717128,0,0,0,85856,1717128,0,0,ACTIVE,MODELED
CTR02494,TB_LB_05,TB,VETERAN,2026,2026,1,1,4353370,4353370,3575695,777675,777675,0,2034625,4353370,777675,0,ACTIVE,MODELED
CTR02495,TB_LB_06,TB,ROOKIE_SCALE,2025,2028,4,3,6000000,1500000,907524,2369905,592476,0,1500000,1500000,1777429,0,ACTIVE,MODELED
CTR02496,TB_LB_07,TB,VETERAN_MINIMUM,2023,2027,5,2,6050000,1210000,1210000,0,0,0,302500,1210000,0,0,ACTIVE,MODELED
CTR02497,TB_LB_08,TB,UDFA,2025,2027,3,2,2520000,840000,756000,680822,226941,0,50400,982941,453881,0,ACTIVE,MODELED
CTR02498,TB_CB_01,TB,VETERAN,2026,2027,2,2,15779661,7889830,6193308,3393044,1696522,473390,7181364,8363220,3393044,0,ACTIVE,MODELED
CTR02499,TB_CB_02,TB,VETERAN,2025,2026,2,1,17168034,8584017,7554438,2059158,1029579,0,5631574,8584017,1029579,0,ACTIVE,MODELED
CTR02500,TB_CB_03,TB,VETERAN,2026,2028,3,3,45981028,15327009,11767664,10678037,3559346,0,22058607,15327009,10678037,0,ACTIVE,MODELED
CTR02501,TB_CB_04,TB,VETERAN_MINIMUM,2024,2026,3,1,4260000,1420000,1420000,0,0,0,213000,1420000,0,0,ACTIVE,MODELED
CTR02502,TB_CB_05,TB,VETERAN,2025,2026,2,1,3276471,1638235,1186890,902690,451345,98294,1736443,1736530,451345,0,ACTIVE,MODELED
CTR02503,TB_CB_06,TB,VETERAN_MINIMUM,2025,2026,2,1,2840000,1420000,1420000,0,0,0,142000,1420000,0,0,ACTIVE,MODELED
CTR02504,TB_CB_07,TB,VETERAN_MINIMUM,2026,2026,1,1,1330000,1330000,1330000,0,0,0,66500,1330000,0,0,ACTIVE,MODELED
CTR02505,TB_CB_08,TB,UDFA,2025,2027,3,2,2520000,840000,756000,536823,178941,0,50400,934941,357882,0,ACTIVE,MODELED
CTR02506,TB_CB_09,TB,UDFA,2026,2028,3,3,2520000,840000,756000,658241,219414,0,50400,975414,658241,0,ACTIVE,MODELED
CTR02507,TB_CB_10,TB,ROOKIE_SCALE,2026,2029,4,4,3860000,965000,756000,1400877,350219,0,965000,1106219,1400877,0,ACTIVE,MODELED
CTR02508,TB_CB_11,TB,UDFA,2025,2027,3,2,2520000,840000,756000,547333,182444,0,50400,938444,364889,0,ACTIVE,MODELED
CTR02509,TB_S_01,TB,VETERAN,2025,2026,2,1,26895879,13447940,10527907,5840066,2920033,0,4749352,13447940,2920033,0,ACTIVE,MODELED
CTR02510,TB_S_02,TB,VETERAN,2026,2026,1,1,6977631,6977631,5619479,1358152,1358152,0,2610958,6977631,1358152,0,ACTIVE,MODELED
CTR02511,TB_S_03,TB,VETERAN_MINIMUM,2026,2028,3,3,3402642,1134214,1134214,0,0,0,170132,1134214,0,0,ACTIVE,MODELED
CTR02512,TB_S_04,TB,VETERAN_MINIMUM,2023,2026,4,1,5320000,1330000,1330000,0,0,0,266000,1330000,0,0,ACTIVE,MODELED
CTR02513,TB_S_05,TB,VETERAN_MINIMUM,2025,2026,2,1,2060000,1030000,1030000,0,0,0,103000,1030000,0,0,ACTIVE,MODELED
CTR02514,TB_S_06,TB,VETERAN_MINIMUM,2026,2026,1,1,1030000,1030000,1030000,0,0,0,51500,1030000,0,0,ACTIVE,MODELED
CTR02515,TB_S_07,TB,ROOKIE_SCALE,2024,2027,4,2,6000000,1500000,832924,2668303,667076,0,1500000,1500000,1334151,0,ACTIVE,MODELED
CTR02516,TB_K_01,TB,VETERAN_MINIMUM,2026,2026,1,1,1420000,1420000,1420000,0,0,0,71000,1420000,0,0,ACTIVE,MODELED
CTR02517,TB_K_02,TB,VETERAN_MINIMUM,2026,2026,1,1,1130000,1130000,1130000,0,0,0,56500,1130000,0,0,ACTIVE,MODELED
CTR02518,TB_P_01,TB,VETERAN_MINIMUM,2026,2026,1,1,1030000,1030000,1030000,0,0,0,51500,1030000,0,0,ACTIVE,MODELED
CTR02519,TB_P_02,TB,VETERAN_MINIMUM,2026,2026,1,1,1030000,1030000,1030000,0,0,0,51500,1030000,0,0,ACTIVE,MODELED
CTR02520,TB_LS_01,TB,VETERAN_MINIMUM,2026,2027,2,2,2060000,1030000,1030000,0,0,0,103000,1030000,0,0,ACTIVE,MODELED
CTR02521,ARI_QB_01,ARI,VETERAN,2026,2026,1,1,12453723,12453723,8413448,4040275,4040275,0,2859630,12453723,4040275,0,ACTIVE,MODELED
CTR02522,ARI_QB_02,ARI,VETERAN,2026,2026,1,1,2146263,2146263,1609799,536464,536464,0,974298,2146263,536464,0,ACTIVE,MODELED
CTR02523,ARI_QB_03,ARI,VETERAN_MINIMUM,2026,2026,1,1,1030000,1030000,1030000,0,0,0,51500,1030000,0,0,ACTIVE,MODELED
CTR02524,ARI_QB_04,ARI,VETERAN_MINIMUM,2026,2026,1,1,1130000,1130000,1130000,0,0,0,56500,1130000,0,0,ACTIVE,MODELED
CTR02525,ARI_RB_01,ARI,VETERAN,2026,2027,2,2,5142840,2571420,1858546,1425749,712875,0,1681948,2571420,1425749,0,ACTIVE,MODELED
CTR02526,ARI_RB_02,ARI,VETERAN_MINIMUM,2024,2026,3,1,3090000,1030000,1030000,0,0,0,154500,1030000,0,0,ACTIVE,MODELED
CTR02527,ARI_RB_03,ARI,VETERAN_MINIMUM,2026,2026,1,1,1130000,1130000,1130000,0,0,0,56500,1130000,0,0,ACTIVE,MODELED
CTR02528,ARI_RB_04,ARI,VETERAN_MINIMUM,2026,2026,1,1,1130000,1130000,1130000,0,0,0,56500,1130000,0,0,ACTIVE,MODELED
CTR02529,ARI_RB_05,ARI,ROOKIE_SCALE,2026,2029,4,4,6000000,1500000,1003207,1987170,496793,0,1500000,1500000,1987170,0,ACTIVE,MODELED
CTR02530,ARI_FB_01,ARI,VETERAN_MINIMUM,2024,2026,3,1,3390000,1130000,1130000,0,0,0,169500,1130000,0,0,ACTIVE,MODELED
CTR02531,ARI_WR_01,ARI,VETERAN,2025,2026,2,1,16087801,8043901,6515907,3055987,1527994,0,9541881,8043901,1527994,0,ACTIVE,MODELED
CTR02532,ARI_WR_02,ARI,VETERAN,2026,2026,1,1,7240066,7240066,5916492,1323574,1323574,0,4493143,7240066,1323574,0,ACTIVE,MODELED
CTR02533,ARI_WR_03,ARI,VETERAN,2025,2027,3,2,23661244,7887081,7227270,1979432,659811,0,6221619,7887081,1319621,0,ACTIVE,MODELED
CTR02534,ARI_WR_04,ARI,VETERAN_MINIMUM,2025,2026,2,1,2660000,1330000,1330000,0,0,0,133000,1330000,0,0,ACTIVE,MODELED
CTR02535,ARI_WR_05,ARI,ROOKIE_SCALE,2025,2028,4,3,3980000,995000,807398,750406,187602,0,995000,995000,562805,0,ACTIVE,MODELED
CTR02536,ARI_WR_06,ARI,VETERAN_MINIMUM,2024,2026,3,1,3090000,1030000,1030000,0,0,0,154500,1030000,0,0,ACTIVE,MODELED
CTR02537,ARI_WR_07,ARI,VETERAN_MINIMUM,2026,2026,1,1,1330000,1330000,1330000,0,0,0,66500,1330000,0,0,ACTIVE,MODELED
CTR02538,ARI_WR_08,ARI,VETERAN,2026,2026,1,1,1530766,1530766,1062015,468751,468751,0,875868,1530766,468751,0,ACTIVE,MODELED
CTR02539,ARI_WR_09,ARI,ROOKIE_SCALE,2023,2026,4,1,3860000,965000,756000,917529,229382,0,965000,985382,229382,0,ACTIVE,MODELED
CTR02540,ARI_WR_10,ARI,ROOKIE_SCALE,2024,2027,4,2,4240000,1060000,844031,863875,215969,0,1060000,1060000,431937,0,ACTIVE,MODELED
CTR02541,ARI_WR_11,ARI,ROOKIE_SCALE,2024,2027,4,2,3860000,965000,756000,1210060,302515,0,965000,1058515,605030,0,ACTIVE,MODELED
CTR02542,ARI_TE_01,ARI,VETERAN,2024,2028,5,3,16508536,3301707,2522877,3894151,778830,0,7941421,3301707,2336491,0,ACTIVE,MODELED
CTR02543,ARI_TE_02,ARI,VETERAN_MINIMUM,2026,2026,1,1,1030000,1030000,1030000,0,0,0,51500,1030000,0,0,ACTIVE,MODELED
CTR02544,ARI_TE_03,ARI,VETERAN_MINIMUM,2026,2026,1,1,1420000,1420000,1420000,0,0,0,71000,1420000,0,0,ACTIVE,MODELED
CTR02545,ARI_TE_04,ARI,VETERAN_MINIMUM,2026,2026,1,1,1330000,1330000,1330000,0,0,0,66500,1330000,0,0,ACTIVE,MODELED
CTR02546,ARI_TE_05,ARI,VETERAN_MINIMUM,2026,2026,1,1,1030000,1030000,1030000,0,0,0,51500,1030000,0,0,ACTIVE,MODELED
CTR02547,ARI_TE_06,ARI,UDFA,2025,2027,3,2,2520000,840000,756000,332351,110784,0,50400,866784,221567,0,ACTIVE,MODELED
CTR02548,ARI_OT_01,ARI,VETERAN,2026,2029,4,4,47552219,11888055,9664553,8894005,2223501,1426567,0,13314621,8894005,0,ACTIVE,MODELED
CTR02549,ARI_OT_02,ARI,VETERAN,2023,2026,4,1,15695478,3923870,3526182,1590752,397688,0,4516390,3923870,397688,0,ACTIVE,MODELED
CTR02550,ARI_OT_03,ARI,ROOKIE_SCALE,2023,2026,4,1,6000000,1500000,1341490,634040,158510,0,1500000,1500000,158510,0,ACTIVE,MODELED
CTR02551,ARI_OT_04,ARI,VETERAN_MINIMUM,2026,2026,1,1,1330000,1330000,1330000,0,0,0,66500,1330000,0,0,ACTIVE,MODELED
CTR02552,ARI_OT_05,ARI,ROOKIE_SCALE,2025,2028,4,3,4240000,1060000,790249,1079005,269751,0,1060000,1060000,809254,0,ACTIVE,MODELED
CTR02553,ARI_OT_06,ARI,UDFA,2026,2028,3,3,2520000,840000,756000,961715,320572,0,50400,1076572,961715,0,ACTIVE,MODELED
CTR02554,ARI_OG_01,ARI,VETERAN,2026,2026,1,1,2603994,2603994,2133694,470300,470300,0,96470,2603994,470300,0,ACTIVE,MODELED
CTR02555,ARI_OG_02,ARI,VETERAN,2026,2027,2,2,5855809,2927905,2104652,1646506,823253,0,3544857,2927905,1646506,0,ACTIVE,MODELED
CTR02556,ARI_OG_03,ARI,UDFA,2024,2026,3,1,2520000,840000,770183,209452,69817,0,50400,840000,69817,0,ACTIVE,MODELED
CTR02557,ARI_OG_04,ARI,ROOKIE_SCALE,2026,2029,4,4,3980000,995000,851387,574450,143613,0,995000,995000,574450,0,ACTIVE,MODELED
CTR02558,ARI_OG_05,ARI,ROOKIE_SCALE,2025,2028,4,3,3860000,965000,756000,1038460,259615,0,965000,1015615,778845,0,ACTIVE,MODELED
CTR02559,ARI_OG_06,ARI,VETERAN_MINIMUM,2022,2026,5,1,5650000,1130000,1130000,0,0,0,282500,1130000,0,0,ACTIVE,MODELED
CTR02560,ARI_C_01,ARI,ROOKIE_SCALE,2026,2030,5,5,35722480,7144496,5897264,6236159,1247232,0,35722480,7144496,6236159,0,ACTIVE,MODELED
CTR02561,ARI_C_02,ARI,VETERAN_MINIMUM,2025,2026,2,1,2660000,1330000,1330000,0,0,0,133000,1330000,0,0,ACTIVE,MODELED
CTR02562,ARI_C_03,ARI,ROOKIE_SCALE,2024,2027,4,2,4760000,1190000,1002916,748336,187084,0,1190000,1190000,374168,0,ACTIVE,MODELED
CTR02563,ARI_EDGE_01,ARI,VETERAN,2025,2027,3,2,17955640,5985213,4476361,4526557,1508852,538669,6901969,6523883,3017704,0,ACTIVE,MODELED
CTR02564,ARI_EDGE_02,ARI,VETERAN,2024,2026,3,1,37390089,12463363,11560312,2709152,903051,1121703,13194118,13585066,903051,0,ACTIVE,MODELED
CTR02565,ARI_EDGE_03,ARI,VETERAN_MINIMUM,2025,2027,3,2,5090164,1696721,1696721,0,0,0,254508,1696721,0,0,ACTIVE,MODELED
CTR02566,ARI_EDGE_04,ARI,VETERAN_MINIMUM,2023,2027,5,2,6050000,1210000,1210000,0,0,0,302500,1210000,0,0,ACTIVE,MODELED
CTR02567,ARI_EDGE_05,ARI,VETERAN_MINIMUM,2025,2026,2,1,2060000,1030000,1030000,0,0,0,103000,1030000,0,0,ACTIVE,MODELED
CTR02568,ARI_EDGE_06,ARI,VETERAN_MINIMUM,2026,2027,2,2,2660000,1330000,1330000,0,0,0,133000,1330000,0,0,ACTIVE,MODELED
CTR02569,ARI_EDGE_07,ARI,VETERAN_MINIMUM,2024,2027,4,2,5320000,1330000,1330000,0,0,0,266000,1330000,0,0,ACTIVE,MODELED
CTR02570,ARI_EDGE_08,ARI,ROOKIE_SCALE,2026,2029,4,4,3980000,995000,818491,706036,176509,0,995000,995000,706036,0,ACTIVE,MODELED
CTR02571,ARI_EDGE_09,ARI,UDFA,2024,2026,3,1,2520000,840000,756000,509375,169792,0,50400,925792,169792,0,ACTIVE,MODELED
CTR02572,ARI_DT_01,ARI,VETERAN,2026,2027,2,2,9745654,4872827,3785507,2174639,1087319,292370,1951250,5165196,2174639,0,ACTIVE,MODELED
CTR02573,ARI_DT_02,ARI,VETERAN_MINIMUM,2025,2026,2,1,2420000,1210000,1210000,0,0,0,121000,1210000,0,0,ACTIVE,MODELED
CTR02574,ARI_DT_03,ARI,VETERAN_MINIMUM,2025,2026,2,1,2420000,1210000,1210000,0,0,0,121000,1210000,0,0,ACTIVE,MODELED
CTR02575,ARI_DT_04,ARI,VETERAN,2025,2026,2,1,7702577,3851288,3013422,1675732,837866,0,0,3851288,837866,0,ACTIVE,MODELED
CTR02576,ARI_DT_05,ARI,VETERAN_MINIMUM,2026,2027,2,2,2060000,1030000,1030000,0,0,0,103000,1030000,0,0,ACTIVE,MODELED
CTR02577,ARI_DT_06,ARI,ROOKIE_SCALE,2023,2026,4,1,3980000,995000,889165,423341,105835,0,995000,995000,105835,0,ACTIVE,MODELED
CTR02578,ARI_DT_07,ARI,VETERAN_MINIMUM,2024,2027,4,2,4120000,1030000,1030000,0,0,0,206000,1030000,0,0,ACTIVE,MODELED
CTR02579,ARI_DT_08,ARI,UDFA,2025,2027,3,2,2520000,840000,756000,261787,87262,0,50400,843262,174525,0,ACTIVE,MODELED
CTR02580,ARI_LB_01,ARI,VETERAN_MINIMUM,2026,2028,3,3,3990000,1330000,1330000,0,0,0,199500,1330000,0,0,ACTIVE,MODELED
CTR02581,ARI_LB_02,ARI,VETERAN,2026,2029,4,4,25102998,6275749,4690470,6341119,1585280,0,11892255,6275749,6341119,0,ACTIVE,MODELED
CTR02582,ARI_LB_03,ARI,ROOKIE_SCALE,2024,2027,4,2,3860000,965000,756000,1219132,304783,0,965000,1060783,609566,0,ACTIVE,MODELED
CTR02583,ARI_LB_04,ARI,VETERAN_MINIMUM,2025,2026,2,1,2660000,1330000,1330000,0,0,0,133000,1330000,0,0,ACTIVE,MODELED
CTR02584,ARI_LB_05,ARI,VETERAN_MINIMUM,2023,2027,5,2,6650000,1330000,1330000,0,0,0,332500,1330000,0,0,ACTIVE,MODELED
CTR02585,ARI_LB_06,ARI,VETERAN_MINIMUM,2026,2028,3,3,3990000,1330000,1330000,0,0,0,199500,1330000,0,0,ACTIVE,MODELED
CTR02586,ARI_LB_07,ARI,VETERAN_MINIMUM,2024,2026,3,1,3390000,1130000,1130000,0,0,0,169500,1130000,0,0,ACTIVE,MODELED
CTR02587,ARI_LB_08,ARI,UDFA,2024,2026,3,1,2520000,840000,756000,503285,167762,0,50400,923762,167762,0,ACTIVE,MODELED
CTR02588,ARI_CB_01,ARI,VETERAN,2026,2026,1,1,3481884,3481884,2737918,743965,743965,0,1030373,3481884,743965,0,ACTIVE,MODELED
CTR02589,ARI_CB_02,ARI,VETERAN_MINIMUM,2026,2026,1,1,1501675,1501675,1501675,0,0,0,75084,1501675,0,0,ACTIVE,MODELED
CTR02590,ARI_CB_03,ARI,VETERAN,2026,2027,2,2,9765522,4882761,3685747,2394029,1197015,0,4627996,4882761,2394029,0,ACTIVE,MODELED
CTR02591,ARI_CB_04,ARI,VETERAN,2025,2027,3,2,10027074,3342358,2583547,2276434,758811,300812,7155547,3643170,1517622,0,ACTIVE,MODELED
CTR02592,ARI_CB_05,ARI,VETERAN_MINIMUM,2025,2026,2,1,2260000,1130000,1130000,0,0,0,113000,1130000,0,0,ACTIVE,MODELED
CTR02593,ARI_CB_06,ARI,VETERAN_MINIMUM,2026,2026,1,1,1440413,1440413,1440413,0,0,0,72021,1440413,0,0,ACTIVE,MODELED
CTR02594,ARI_CB_07,ARI,UDFA,2026,2028,3,3,2520000,840000,756000,1039853,346618,0,50400,1102618,1039853,0,ACTIVE,MODELED
CTR02595,ARI_CB_08,ARI,VETERAN_MINIMUM,2023,2026,4,1,4120000,1030000,1030000,0,0,0,206000,1030000,0,0,ACTIVE,MODELED
CTR02596,ARI_CB_09,ARI,ROOKIE_SCALE,2026,2029,4,4,3860000,965000,756000,1236773,309193,0,965000,1065193,1236773,0,ACTIVE,MODELED
CTR02597,ARI_CB_10,ARI,ROOKIE_SCALE,2024,2027,4,2,3980000,995000,798480,786080,196520,0,995000,995000,393040,0,ACTIVE,MODELED
CTR02598,ARI_CB_11,ARI,VETERAN_MINIMUM,2026,2027,2,2,2060000,1030000,1030000,0,0,0,103000,1030000,0,0,ACTIVE,MODELED
CTR02599,ARI_S_01,ARI,VETERAN,2026,2026,1,1,2696917,2696917,1999870,697046,697046,0,1462358,2696917,697046,0,ACTIVE,MODELED
CTR02600,ARI_S_02,ARI,VETERAN,2026,2026,1,1,2962117,2962117,2345200,616916,616916,88863,886320,3050980,616916,0,ACTIVE,MODELED
CTR02601,ARI_S_03,ARI,VETERAN_MINIMUM,2026,2026,1,1,1330000,1330000,1330000,0,0,0,66500,1330000,0,0,ACTIVE,MODELED
CTR02602,ARI_S_04,ARI,VETERAN_MINIMUM,2024,2026,3,1,3390000,1130000,1130000,0,0,0,169500,1130000,0,0,ACTIVE,MODELED
CTR02603,ARI_S_05,ARI,ROOKIE_SCALE,2025,2028,4,3,3860000,965000,756000,1240925,310231,0,965000,1066231,930693,0,ACTIVE,MODELED
CTR02604,ARI_S_06,ARI,VETERAN_MINIMUM,2026,2026,1,1,1030000,1030000,1030000,0,0,0,51500,1030000,0,0,ACTIVE,MODELED
CTR02605,ARI_S_07,ARI,UDFA,2024,2026,3,1,2520000,840000,756000,361111,120370,0,50400,876370,120370,0,ACTIVE,MODELED
CTR02606,ARI_K_01,ARI,VETERAN_MINIMUM,2026,2028,3,3,3390000,1130000,1130000,0,0,0,169500,1130000,0,0,ACTIVE,MODELED
CTR02607,ARI_K_02,ARI,VETERAN_MINIMUM,2026,2026,1,1,1130000,1130000,1130000,0,0,0,56500,1130000,0,0,ACTIVE,MODELED
CTR02608,ARI_P_01,ARI,VETERAN_MINIMUM,2026,2026,1,1,1330000,1330000,1330000,0,0,0,66500,1330000,0,0,ACTIVE,MODELED
CTR02609,ARI_P_02,ARI,UDFA,2025,2027,3,2,2520000,840000,756000,529155,176385,0,50400,932385,352770,0,ACTIVE,MODELED
CTR02610,ARI_LS_01,ARI,VETERAN_MINIMUM,2026,2026,1,1,1420000,1420000,1420000,0,0,0,71000,1420000,0,0,ACTIVE,MODELED
CTR02611,LAR_QB_01,LAR,VETERAN,2026,2027,2,2,41024108,20512054,17587944,5848219,2924110,0,33892191,20512054,5848219,1,ACTIVE,MODELED
CTR02612,LAR_QB_02,LAR,ROOKIE_SCALE,2025,2029,5,4,30203360,6040672,4977202,5317351,1063470,0,30203360,6040672,4253881,0,ACTIVE,MODELED
CTR02613,LAR_QB_03,LAR,VETERAN_MINIMUM,2023,2026,4,1,5320000,1330000,1330000,0,0,0,266000,1330000,0,0,ACTIVE,MODELED
CTR02614,LAR_QB_04,LAR,UDFA,2026,2028,3,3,2520000,840000,756000,613238,204413,0,50400,960413,613238,0,ACTIVE,MODELED
CTR02615,LAR_RB_01,LAR,VETERAN,2024,2026,3,1,19715130,6571710,5295690,3828060,1276020,0,4062215,6571710,1276020,0,ACTIVE,MODELED
CTR02616,LAR_RB_02,LAR,VETERAN_MINIMUM,2025,2026,2,1,2660000,1330000,1330000,0,0,0,133000,1330000,0,0,ACTIVE,MODELED
CTR02617,LAR_RB_03,LAR,VETERAN_MINIMUM,2026,2026,1,1,1095976,1095976,1095976,0,0,0,54799,1095976,0,0,ACTIVE,MODELED
CTR02618,LAR_RB_04,LAR,VETERAN_MINIMUM,2025,2026,2,1,2060000,1030000,1030000,0,0,0,103000,1030000,0,0,ACTIVE,MODELED
CTR02619,LAR_RB_05,LAR,VETERAN_MINIMUM,2026,2027,2,2,2060000,1030000,1030000,0,0,0,103000,1030000,0,0,ACTIVE,MODELED
CTR02620,LAR_FB_01,LAR,VETERAN_MINIMUM,2026,2026,1,1,1330000,1330000,1330000,0,0,0,66500,1330000,0,0,ACTIVE,MODELED
CTR02621,LAR_WR_01,LAR,VETERAN,2026,2028,3,3,12756632,4252211,3386786,2596274,865425,0,5203136,4252211,2596274,0,ACTIVE,MODELED
CTR02622,LAR_WR_02,LAR,VETERAN,2026,2027,2,2,43039702,21519851,19473481,4092741,2046370,1291191,15474058,22811042,4092741,1,ACTIVE,MODELED
CTR02623,LAR_WR_03,LAR,VETERAN,2026,2026,1,1,3743726,3743726,2818065,925661,925661,112312,1932631,3856038,925661,0,ACTIVE,MODELED
CTR02624,LAR_WR_04,LAR,VETERAN_MINIMUM,2026,2026,1,1,1210000,1210000,1210000,0,0,0,60500,1210000,0,0,ACTIVE,MODELED
CTR02625,LAR_WR_05,LAR,VETERAN_MINIMUM,2026,2028,3,3,3390000,1130000,1130000,0,0,0,169500,1130000,0,0,ACTIVE,MODELED
CTR02626,LAR_WR_06,LAR,VETERAN_MINIMUM,2026,2027,2,2,2871691,1435845,1435845,0,0,0,143585,1435845,0,0,ACTIVE,MODELED
CTR02627,LAR_WR_07,LAR,VETERAN_MINIMUM,2025,2026,2,1,2420000,1210000,1210000,0,0,0,121000,1210000,0,0,ACTIVE,MODELED
CTR02628,LAR_WR_08,LAR,VETERAN,2026,2027,2,2,5878111,2939056,2070393,1737325,868662,0,3484946,2939056,1737325,0,ACTIVE,MODELED
CTR02629,LAR_WR_09,LAR,VETERAN_MINIMUM,2026,2026,1,1,1210000,1210000,1210000,0,0,0,60500,1210000,0,0,ACTIVE,MODELED
CTR02630,LAR_WR_10,LAR,VETERAN_MINIMUM,2025,2026,2,1,2060000,1030000,1030000,0,0,0,103000,1030000,0,0,ACTIVE,MODELED
CTR02631,LAR_WR_11,LAR,VETERAN_MINIMUM,2026,2026,1,1,1130000,1130000,1130000,0,0,0,56500,1130000,0,0,ACTIVE,MODELED
CTR02632,LAR_TE_01,LAR,VETERAN_MINIMUM,2025,2026,2,1,3598880,1799440,1799440,0,0,0,179944,1799440,0,0,ACTIVE,MODELED
CTR02633,LAR_TE_02,LAR,VETERAN_MINIMUM,2025,2027,3,2,3518412,1172804,1172804,0,0,0,175921,1172804,0,0,ACTIVE,MODELED
CTR02634,LAR_TE_03,LAR,VETERAN_MINIMUM,2026,2027,2,2,2260000,1130000,1130000,0,0,0,113000,1130000,0,0,ACTIVE,MODELED
CTR02635,LAR_TE_04,LAR,VETERAN_MINIMUM,2026,2026,1,1,1130000,1130000,1130000,0,0,0,56500,1130000,0,0,ACTIVE,MODELED
CTR02636,LAR_TE_05,LAR,VETERAN_MINIMUM,2026,2026,1,1,1330000,1330000,1330000,0,0,0,66500,1330000,0,0,ACTIVE,MODELED
CTR02637,LAR_TE_06,LAR,VETERAN_MINIMUM,2025,2026,2,1,2060000,1030000,1030000,0,0,0,103000,1030000,0,0,ACTIVE,MODELED
CTR02638,LAR_OT_01,LAR,VETERAN,2026,2029,4,4,32311122,8077780,5760831,9267799,2316950,0,10822227,8077780,9267799,0,ACTIVE,MODELED
CTR02639,LAR_OT_02,LAR,VETERAN,2026,2029,4,4,21898037,5474509,4650836,3294694,823673,656941,11340460,6131450,3294694,0,ACTIVE,MODELED
CTR02640,LAR_OT_03,LAR,VETERAN_MINIMUM,2026,2026,1,1,1330000,1330000,1330000,0,0,0,66500,1330000,0,0,ACTIVE,MODELED
CTR02641,LAR_OT_04,LAR,VETERAN_MINIMUM,2023,2027,5,2,6050000,1210000,1210000,0,0,0,302500,1210000,0,0,ACTIVE,MODELED
CTR02642,LAR_OT_05,LAR,VETERAN_MINIMUM,2024,2026,3,1,3390000,1130000,1130000,0,0,0,169500,1130000,0,0,ACTIVE,MODELED
CTR02643,LAR_OT_06,LAR,VETERAN_MINIMUM,2026,2026,1,1,1030000,1030000,1030000,0,0,0,51500,1030000,0,0,ACTIVE,MODELED
CTR02644,LAR_OG_01,LAR,VETERAN,2026,2026,1,1,12782145,12782145,9616256,3165889,3165889,383464,1926822,13165609,3165889,0,ACTIVE,MODELED
CTR02645,LAR_OG_02,LAR,VETERAN,2026,2026,1,1,8809894,8809894,7106783,1703111,1703111,0,3494311,8809894,1703111,0,ACTIVE,MODELED
CTR02646,LAR_OG_03,LAR,VETERAN,2026,2027,2,2,5424981,2712491,2001623,1421735,710867,162749,1933267,2875240,1421735,0,ACTIVE,MODELED
CTR02647,LAR_OG_04,LAR,ROOKIE_SCALE,2025,2028,4,3,3860000,965000,756000,945649,236412,0,965000,992412,709237,0,ACTIVE,MODELED
CTR02648,LAR_OG_05,LAR,VETERAN_MINIMUM,2024,2026,3,1,3090000,1030000,1030000,0,0,0,154500,1030000,0,0,ACTIVE,MODELED
CTR02649,LAR_OG_06,LAR,VETERAN_MINIMUM,2026,2026,1,1,1030000,1030000,1030000,0,0,0,51500,1030000,0,0,ACTIVE,MODELED
CTR02650,LAR_C_01,LAR,VETERAN,2025,2028,4,3,52132966,13033242,8476063,18228716,4557179,1563989,25485903,14597231,13671537,0,ACTIVE,MODELED
CTR02651,LAR_C_02,LAR,VETERAN_MINIMUM,2025,2026,2,1,2660000,1330000,1330000,0,0,0,133000,1330000,0,0,ACTIVE,MODELED
CTR02652,LAR_C_03,LAR,VETERAN_MINIMUM,2026,2026,1,1,1130000,1130000,1130000,0,0,0,56500,1130000,0,0,ACTIVE,MODELED
CTR02653,LAR_EDGE_01,LAR,VETERAN,2023,2026,4,1,89040637,22260159,17661387,18395089,4598772,2671219,34234719,24931378,4598772,0,ACTIVE,MODELED
CTR02654,LAR_EDGE_02,LAR,VETERAN,2026,2026,1,1,9118393,9118393,6275206,2843187,2843187,273552,5233890,9391945,2843187,0,ACTIVE,MODELED
CTR02655,LAR_EDGE_03,LAR,ROOKIE_SCALE,2025,2028,4,3,3980000,995000,828280,666881,166720,0,995000,995000,500161,0,ACTIVE,MODELED
CTR02656,LAR_EDGE_04,LAR,VETERAN_MINIMUM,2026,2026,1,1,1420000,1420000,1420000,0,0,0,71000,1420000,0,0,ACTIVE,MODELED
CTR02657,LAR_EDGE_05,LAR,VETERAN,2025,2026,2,1,6779228,3389614,2447090,1885047,942523,203377,649054,3592991,942523,0,ACTIVE,MODELED
CTR02658,LAR_EDGE_06,LAR,VETERAN_MINIMUM,2025,2026,2,1,2840000,1420000,1420000,0,0,0,142000,1420000,0,0,ACTIVE,MODELED
CTR02659,LAR_EDGE_07,LAR,VETERAN_MINIMUM,2023,2026,4,1,5320000,1330000,1330000,0,0,0,266000,1330000,0,0,ACTIVE,MODELED
CTR02660,LAR_EDGE_08,LAR,UDFA,2026,2028,3,3,2520000,840000,756000,841052,280351,0,50400,1036351,841052,0,ACTIVE,MODELED
CTR02661,LAR_EDGE_09,LAR,VETERAN_MINIMUM,2026,2027,2,2,2420000,1210000,1210000,0,0,0,121000,1210000,0,0,ACTIVE,MODELED
CTR02662,LAR_DT_01,LAR,VETERAN,2026,2027,2,2,34071529,17035764,14690824,4689880,2344940,1022146,21521101,18057910,4689880,0,ACTIVE,MODELED
CTR02663,LAR_DT_02,LAR,VETERAN,2025,2026,2,1,22114162,11057081,7945836,6222491,3111245,0,1954981,11057081,3111245,0,ACTIVE,MODELED
CTR02664,LAR_DT_03,LAR,VETERAN_MINIMUM,2024,2028,5,3,7100000,1420000,1420000,0,0,0,355000,1420000,0,0,ACTIVE,MODELED
CTR02665,LAR_DT_04,LAR,VETERAN,2023,2026,4,1,9695002,2423750,2080494,1373025,343256,290850,4305190,2714601,343256,0,ACTIVE,MODELED
CTR02666,LAR_DT_05,LAR,VETERAN,2025,2026,2,1,9019731,4509866,3404835,2210062,1105031,270592,3320395,4780458,1105031,0,ACTIVE,MODELED
CTR02667,LAR_DT_06,LAR,VETERAN,2025,2027,3,2,12599548,4199849,2972729,3681361,1227120,377986,2750794,4577836,2454241,0,ACTIVE,MODELED
CTR02668,LAR_DT_07,LAR,VETERAN_MINIMUM,2025,2026,2,1,2060000,1030000,1030000,0,0,0,103000,1030000,0,0,ACTIVE,MODELED
CTR02669,LAR_DT_08,LAR,ROOKIE_SCALE,2023,2026,4,1,3980000,995000,827790,668838,167210,0,995000,995000,167210,0,ACTIVE,MODELED
CTR02670,LAR_LB_01,LAR,VETERAN,2026,2026,1,1,12542268,12542268,7542989,4999279,4999279,376268,9153512,12918536,4999279,0,ACTIVE,MODELED
CTR02671,LAR_LB_02,LAR,VETERAN,2026,2026,1,1,5137411,5137411,3866925,1270486,1270486,154122,2727657,5291533,1270486,0,ACTIVE,MODELED
CTR02672,LAR_LB_03,LAR,VETERAN,2025,2027,3,2,7244708,2414903,1461482,2860262,953421,217341,1612240,2632244,1906841,0,ACTIVE,MODELED
CTR02673,LAR_LB_04,LAR,VETERAN,2025,2027,3,2,9166496,3055499,2058669,2990489,996830,274995,4677901,3330494,1993659,0,ACTIVE,MODELED
CTR02674,LAR_LB_05,LAR,VETERAN_MINIMUM,2023,2027,5,2,5150000,1030000,1030000,0,0,0,257500,1030000,0,0,ACTIVE,MODELED
CTR02675,LAR_LB_06,LAR,VETERAN_MINIMUM,2026,2028,3,3,3990000,1330000,1330000,0,0,0,199500,1330000,0,0,ACTIVE,MODELED
CTR02676,LAR_LB_07,LAR,UDFA,2025,2027,3,2,2520000,840000,756000,720802,240267,0,50400,996267,480535,0,ACTIVE,MODELED
CTR02677,LAR_LB_08,LAR,VETERAN_MINIMUM,2025,2026,2,1,2660000,1330000,1330000,0,0,0,133000,1330000,0,0,ACTIVE,MODELED
CTR02678,LAR_CB_01,LAR,VETERAN,2026,2027,2,2,27568614,13784307,10424594,6719427,3359713,827058,15699520,14611365,6719427,0,ACTIVE,MODELED
CTR02679,LAR_CB_02,LAR,VETERAN,2023,2026,4,1,52785469,13196367,8878132,17272941,4318235,0,33342305,13196367,4318235,0,ACTIVE,MODELED
CTR02680,LAR_CB_03,LAR,VETERAN,2026,2026,1,1,4850101,4850101,3502422,1347679,1347679,0,1327655,4850101,1347679,0,ACTIVE,MODELED
CTR02681,LAR_CB_04,LAR,VETERAN_MINIMUM,2026,2028,3,3,3990000,1330000,1330000,0,0,0,199500,1330000,0,0,ACTIVE,MODELED
CTR02682,LAR_CB_05,LAR,ROOKIE_SCALE,2026,2029,4,4,4240000,1060000,840379,878485,219621,0,1060000,1060000,878485,0,ACTIVE,MODELED
CTR02683,LAR_CB_06,LAR,VETERAN,2026,2026,1,1,2393817,2393817,1723255,670562,670562,0,1079198,2393817,670562,0,ACTIVE,MODELED
CTR02684,LAR_CB_07,LAR,VETERAN_MINIMUM,2026,2027,2,2,2420000,1210000,1210000,0,0,0,121000,1210000,0,0,ACTIVE,MODELED
CTR02685,LAR_CB_08,LAR,VETERAN,2024,2026,3,1,5927749,1975916,1468544,1522119,507373,0,1222249,1975916,507373,0,ACTIVE,MODELED
CTR02686,LAR_CB_09,LAR,VETERAN_MINIMUM,2026,2026,1,1,1030000,1030000,1030000,0,0,0,51500,1030000,0,0,ACTIVE,MODELED
CTR02687,LAR_CB_10,LAR,VETERAN_MINIMUM,2026,2026,1,1,1210000,1210000,1210000,0,0,0,60500,1210000,0,0,ACTIVE,MODELED
CTR02688,LAR_CB_11,LAR,VETERAN_MINIMUM,2026,2027,2,2,2060000,1030000,1030000,0,0,0,103000,1030000,0,0,ACTIVE,MODELED
CTR02689,LAR_S_01,LAR,VETERAN,2026,2026,1,1,2402673,2402673,1994066,408607,408607,72080,560683,2474753,408607,0,ACTIVE,MODELED
CTR02690,LAR_S_02,LAR,VETERAN,2024,2027,4,2,16191544,4047886,3301881,2984018,746005,485746,6736328,4533632,1492009,0,ACTIVE,MODELED
CTR02691,LAR_S_03,LAR,VETERAN_MINIMUM,2026,2029,4,4,4840000,1210000,1210000,0,0,0,242000,1210000,0,0,ACTIVE,MODELED
CTR02692,LAR_S_04,LAR,VETERAN,2026,2026,1,1,2124410,2124410,1623070,501341,501341,0,487943,2124410,501341,0,ACTIVE,MODELED
CTR02693,LAR_S_05,LAR,ROOKIE_SCALE,2026,2029,4,4,4240000,1060000,756000,1305235,326309,0,1060000,1082309,1305235,0,ACTIVE,MODELED
CTR02694,LAR_S_06,LAR,VETERAN_MINIMUM,2026,2026,1,1,1030000,1030000,1030000,0,0,0,51500,1030000,0,0,ACTIVE,MODELED
CTR02695,LAR_S_07,LAR,VETERAN_MINIMUM,2026,2026,1,1,1030000,1030000,1030000,0,0,0,51500,1030000,0,0,ACTIVE,MODELED
CTR02696,LAR_K_01,LAR,VETERAN,2024,2026,3,1,7876074,2625358,2222324,1209103,403034,0,3313402,2625358,403034,0,ACTIVE,MODELED
CTR02697,LAR_K_02,LAR,ROOKIE_SCALE,2025,2028,4,3,3860000,965000,756000,965561,241390,0,965000,997390,724170,0,ACTIVE,MODELED
CTR02698,LAR_P_01,LAR,VETERAN_MINIMUM,2026,2026,1,1,1330000,1330000,1330000,0,0,0,66500,1330000,0,0,ACTIVE,MODELED
CTR02699,LAR_P_02,LAR,VETERAN_MINIMUM,2026,2027,2,2,2660000,1330000,1330000,0,0,0,133000,1330000,0,0,ACTIVE,MODELED
CTR02700,LAR_LS_01,LAR,VETERAN_MINIMUM,2024,2026,3,1,4260000,1420000,1420000,0,0,0,213000,1420000,0,0,ACTIVE,MODELED
CTR02701,SF_QB_01,SF,VETERAN,2026,2026,1,1,19176480,19176480,13630046,5546434,5546434,575294,4435183,19751775,5546434,0,ACTIVE,MODELED
CTR02702,SF_QB_02,SF,VETERAN,2026,2026,1,1,6742585,6742585,4621969,2120616,2120616,0,1292536,6742585,2120616,0,ACTIVE,MODELED
CTR02703,SF_QB_03,SF,VETERAN,2025,2027,3,2,5528153,1842718,1348674,1482130,494043,0,931703,1842718,988087,0,ACTIVE,MODELED
CTR02704,SF_QB_04,SF,UDFA,2024,2026,3,1,2520000,840000,756000,438056,146019,0,50400,902019,146019,0,ACTIVE,MODELED
CTR02705,SF_RB_01,SF,VETERAN,2025,2026,2,1,22212016,11106008,7281746,7648524,3824262,666360,21101415,11772369,3824262,0,ACTIVE,MODELED
CTR02706,SF_RB_02,SF,VETERAN_MINIMUM,2026,2026,1,1,1330000,1330000,1330000,0,0,0,66500,1330000,0,0,ACTIVE,MODELED
CTR02707,SF_RB_03,SF,VETERAN_MINIMUM,2026,2028,3,3,3630000,1210000,1210000,0,0,0,181500,1210000,0,0,ACTIVE,MODELED
CTR02708,SF_RB_04,SF,VETERAN_MINIMUM,2026,2026,1,1,1030000,1030000,1030000,0,0,0,51500,1030000,0,0,ACTIVE,MODELED
CTR02709,SF_RB_05,SF,ROOKIE_SCALE,2026,2029,4,4,4240000,1060000,865034,779862,194966,0,1060000,1060000,779862,0,ACTIVE,MODELED
CTR02710,SF_FB_01,SF,VETERAN_MINIMUM,2026,2030,5,5,7100000,1420000,1420000,0,0,0,355000,1420000,0,0,ACTIVE,MODELED
CTR02711,SF_WR_01,SF,VETERAN,2025,2028,4,3,61145029,15286257,12560545,10902851,2725713,1834351,33865936,17120608,8177138,0,ACTIVE,MODELED
CTR02712,SF_WR_02,SF,VETERAN,2025,2027,3,2,20104049,6701350,5156392,4634872,1544957,0,6347724,6701350,3089915,0,ACTIVE,MODELED
CTR02713,SF_WR_03,SF,VETERAN,2026,2026,1,1,12015556,12015556,9350288,2665269,2665269,0,8508929,12015556,2665269,0,ACTIVE,MODELED
CTR02714,SF_WR_04,SF,VETERAN,2024,2028,5,3,8565160,1713032,1352825,1801036,360207,0,5708512,1713032,1080621,0,ACTIVE,MODELED
CTR02715,SF_WR_05,SF,VETERAN_MINIMUM,2025,2027,3,2,3423724,1141241,1141241,0,0,0,171186,1141241,0,0,ACTIVE,MODELED
CTR02716,SF_WR_06,SF,VETERAN,2026,2026,1,1,4963108,4963108,3867290,1095819,1095819,0,1520306,4963108,1095819,0,ACTIVE,MODELED
CTR02717,SF_WR_07,SF,VETERAN_MINIMUM,2024,2027,4,2,5680000,1420000,1420000,0,0,0,284000,1420000,0,0,ACTIVE,MODELED
CTR02718,SF_WR_08,SF,VETERAN_MINIMUM,2026,2026,1,1,1030000,1030000,1030000,0,0,0,51500,1030000,0,0,ACTIVE,MODELED
CTR02719,SF_WR_09,SF,ROOKIE_SCALE,2025,2028,4,3,3980000,995000,756000,1291649,322912,0,995000,1078912,968737,0,ACTIVE,MODELED
CTR02720,SF_WR_10,SF,VETERAN_MINIMUM,2026,2026,1,1,1130000,1130000,1130000,0,0,0,56500,1130000,0,0,ACTIVE,MODELED
CTR02721,SF_WR_11,SF,ROOKIE_SCALE,2026,2029,4,4,3980000,995000,759266,942937,235734,0,995000,995000,942937,0,ACTIVE,MODELED
CTR02722,SF_TE_01,SF,VETERAN,2026,2026,1,1,7121943,7121943,6520558,601385,601385,0,3584581,7121943,601385,0,ACTIVE,MODELED
CTR02723,SF_TE_02,SF,VETERAN_MINIMUM,2026,2027,2,2,2660000,1330000,1330000,0,0,0,133000,1330000,0,0,ACTIVE,MODELED
CTR02724,SF_TE_03,SF,VETERAN,2025,2026,2,1,4005004,2002502,1391924,1221156,610578,120150,2218931,2122652,610578,0,ACTIVE,MODELED
CTR02725,SF_TE_04,SF,VETERAN_MINIMUM,2026,2028,3,3,3990000,1330000,1330000,0,0,0,199500,1330000,0,0,ACTIVE,MODELED
CTR02726,SF_TE_05,SF,VETERAN_MINIMUM,2026,2026,1,1,1030000,1030000,1030000,0,0,0,51500,1030000,0,0,ACTIVE,MODELED
CTR02727,SF_TE_06,SF,VETERAN_MINIMUM,2025,2026,2,1,2060000,1030000,1030000,0,0,0,103000,1030000,0,0,ACTIVE,MODELED
CTR02728,SF_OT_01,SF,VETERAN,2026,2026,1,1,20178976,20178976,14937959,5241017,5241017,605369,695382,20784346,5241017,0,ACTIVE,MODELED
CTR02729,SF_OT_02,SF,VETERAN,2026,2027,2,2,31250309,15625154,10293978,10662353,5331176,937509,4724251,16562664,10662353,0,ACTIVE,MODELED
CTR02730,SF_OT_03,SF,VETERAN_MINIMUM,2026,2026,1,1,1477615,1477615,1477615,0,0,0,73881,1477615,0,0,ACTIVE,MODELED
CTR02731,SF_OT_04,SF,VETERAN_MINIMUM,2026,2026,1,1,1130000,1130000,1130000,0,0,0,56500,1130000,0,0,ACTIVE,MODELED
CTR02732,SF_OT_05,SF,VETERAN_MINIMUM,2026,2026,1,1,1330000,1330000,1330000,0,0,0,66500,1330000,0,0,ACTIVE,MODELED
CTR02733,SF_OT_06,SF,VETERAN_MINIMUM,2023,2026,4,1,4520000,1130000,1130000,0,0,0,226000,1130000,0,0,ACTIVE,MODELED
CTR02734,SF_OG_01,SF,VETERAN,2025,2026,2,1,23951874,11975937,7985571,7980731,3990366,718556,16869936,12694493,3990366,0,ACTIVE,MODELED
CTR02735,SF_OG_02,SF,ROOKIE_SCALE,2023,2027,5,2,48134795,9626959,6184510,17212244,3442449,0,48134795,9626959,6884898,0,ACTIVE,MODELED
CTR02736,SF_OG_03,SF,VETERAN_MINIMUM,2026,2026,1,1,1151525,1151525,1151525,0,0,0,57576,1151525,0,0,ACTIVE,MODELED
CTR02737,SF_OG_04,SF,VETERAN_MINIMUM,2026,2028,3,3,4217584,1405861,1405861,0,0,0,210879,1405861,0,0,ACTIVE,MODELED
CTR02738,SF_OG_05,SF,UDFA,2025,2027,3,2,2520000,840000,756000,496323,165441,0,50400,921441,330882,0,ACTIVE,MODELED
CTR02739,SF_OG_06,SF,VETERAN_MINIMUM,2024,2026,3,1,3990000,1330000,1330000,0,0,0,199500,1330000,0,0,ACTIVE,MODELED
CTR02740,SF_C_01,SF,VETERAN,2025,2026,2,1,14237847,7118924,6444169,1349509,674754,0,3646997,7118924,674754,0,ACTIVE,MODELED
CTR02741,SF_C_02,SF,VETERAN_MINIMUM,2026,2026,1,1,1050648,1050648,1050648,0,0,0,52532,1050648,0,0,ACTIVE,MODELED
CTR02742,SF_C_03,SF,VETERAN_MINIMUM,2026,2028,3,3,3390000,1130000,1130000,0,0,0,169500,1130000,0,0,ACTIVE,MODELED
CTR02743,SF_EDGE_01,SF,VETERAN,2026,2026,1,1,19731654,19731654,13196348,6535306,6535306,0,9897103,19731654,6535306,0,ACTIVE,MODELED
CTR02744,SF_EDGE_02,SF,ROOKIE_SCALE,2024,2028,5,3,46676945,9335389,7405045,9651721,1930344,0,46676945,9335389,5791033,0,ACTIVE,MODELED
CTR02745,SF_EDGE_03,SF,VETERAN,2025,2027,3,2,8887371,2962457,2463257,1497599,499200,0,6426388,2962457,998399,0,ACTIVE,MODELED
CTR02746,SF_EDGE_04,SF,VETERAN,2025,2026,2,1,6996638,3498319,2863556,1269526,634763,209899,2844980,3708218,634763,0,ACTIVE,MODELED
CTR02747,SF_EDGE_05,SF,VETERAN,2026,2028,3,3,21191579,7063860,5247627,5448697,1816232,0,11523195,7063860,5448697,0,ACTIVE,MODELED
CTR02748,SF_EDGE_06,SF,VETERAN_MINIMUM,2026,2027,2,2,2420000,1210000,1210000,0,0,0,121000,1210000,0,0,ACTIVE,MODELED
CTR02749,SF_EDGE_07,SF,VETERAN_MINIMUM,2026,2027,2,2,2260000,1130000,1130000,0,0,0,113000,1130000,0,0,ACTIVE,MODELED
CTR02750,SF_EDGE_08,SF,ROOKIE_SCALE,2025,2028,4,3,3860000,965000,803229,647086,161771,0,965000,965000,485314,0,ACTIVE,MODELED
CTR02751,SF_EDGE_09,SF,UDFA,2024,2026,3,1,2520000,840000,756000,563621,187874,0,50400,943874,187874,0,ACTIVE,MODELED
CTR02752,SF_DT_01,SF,VETERAN,2026,2027,2,2,15843382,7921691,5943615,3956151,1978076,0,8178926,7921691,3956151,0,ACTIVE,MODELED
CTR02753,SF_DT_02,SF,VETERAN,2026,2026,1,1,9100049,9100049,6758490,2341559,2341559,273001,5671776,9373050,2341559,0,ACTIVE,MODELED
CTR02754,SF_DT_03,SF,VETERAN,2024,2026,3,1,9962798,3320933,2644236,2030089,676696,0,4554132,3320933,676696,0,ACTIVE,MODELED
CTR02755,SF_DT_04,SF,VETERAN,2026,2026,1,1,1913918,1913918,1614322,299596,299596,0,1049370,1913918,299596,0,ACTIVE,MODELED
CTR02756,SF_DT_05,SF,VETERAN,2026,2026,1,1,3775996,3775996,2856297,919699,919699,0,878711,3775996,919699,0,ACTIVE,MODELED
CTR02757,SF_DT_06,SF,VETERAN_MINIMUM,2025,2026,2,1,2060000,1030000,1030000,0,0,0,103000,1030000,0,0,ACTIVE,MODELED
CTR02758,SF_DT_07,SF,ROOKIE_SCALE,2025,2028,4,3,4240000,1060000,895348,658609,164652,0,1060000,1060000,493957,0,ACTIVE,MODELED
CTR02759,SF_DT_08,SF,VETERAN_MINIMUM,2023,2026,4,1,4520000,1130000,1130000,0,0,0,226000,1130000,0,0,ACTIVE,MODELED
CTR02760,SF_LB_01,SF,VETERAN,2026,2026,1,1,7351581,7351581,5497270,1854310,1854310,0,3712631,7351581,1854310,0,ACTIVE,MODELED
CTR02761,SF_LB_02,SF,VETERAN,2025,2028,4,3,26954719,6738680,5225323,6053427,1513357,808642,11333996,7547321,4540070,0,ACTIVE,MODELED
CTR02762,SF_LB_03,SF,VETERAN_MINIMUM,2025,2026,2,1,2867527,1433764,1433764,0,0,0,143376,1433764,0,0,ACTIVE,MODELED
CTR02763,SF_LB_04,SF,VETERAN_MINIMUM,2022,2026,5,1,8418951,1683790,1683790,0,0,0,420948,1683790,0,0,ACTIVE,MODELED
CTR02764,SF_LB_05,SF,VETERAN_MINIMUM,2025,2026,2,1,2708701,1354350,1354350,0,0,0,135435,1354350,0,0,ACTIVE,MODELED
CTR02765,SF_LB_06,SF,VETERAN_MINIMUM,2026,2026,1,1,1030000,1030000,1030000,0,0,0,51500,1030000,0,0,ACTIVE,MODELED
CTR02766,SF_LB_07,SF,VETERAN_MINIMUM,2026,2027,2,2,2260000,1130000,1130000,0,0,0,113000,1130000,0,0,ACTIVE,MODELED
CTR02767,SF_LB_08,SF,VETERAN_MINIMUM,2026,2027,2,2,2060000,1030000,1030000,0,0,0,103000,1030000,0,0,ACTIVE,MODELED
CTR02768,SF_CB_01,SF,VETERAN,2026,2026,1,1,11531255,11531255,9532218,1999037,1999037,0,2581726,11531255,1999037,0,ACTIVE,MODELED
CTR02769,SF_CB_02,SF,VETERAN,2022,2026,5,1,20976653,4195331,3297675,4488277,897655,0,12878642,4195331,897655,0,ACTIVE,MODELED
CTR02770,SF_CB_03,SF,VETERAN,2026,2028,3,3,48183833,16061278,11134546,14780195,4926732,0,16822539,16061278,14780195,0,ACTIVE,MODELED
CTR02771,SF_CB_04,SF,UDFA,2024,2026,3,1,2520000,840000,756000,284269,94756,0,50400,850756,94756,0,ACTIVE,MODELED
CTR02772,SF_CB_05,SF,VETERAN_MINIMUM,2026,2027,2,2,2840000,1420000,1420000,0,0,0,142000,1420000,0,0,ACTIVE,MODELED
CTR02773,SF_CB_06,SF,VETERAN_MINIMUM,2026,2026,1,1,1368211,1368211,1368211,0,0,0,68411,1368211,0,0,ACTIVE,MODELED
CTR02774,SF_CB_07,SF,VETERAN_MINIMUM,2024,2026,3,1,3990000,1330000,1330000,0,0,0,199500,1330000,0,0,ACTIVE,MODELED
CTR02775,SF_CB_08,SF,VETERAN_MINIMUM,2026,2026,1,1,1330000,1330000,1330000,0,0,0,66500,1330000,0,0,ACTIVE,MODELED
CTR02776,SF_CB_09,SF,VETERAN_MINIMUM,2026,2027,2,2,2420000,1210000,1210000,0,0,0,121000,1210000,0,0,ACTIVE,MODELED
CTR02777,SF_CB_10,SF,ROOKIE_SCALE,2024,2027,4,2,3980000,995000,765337,918651,229663,0,995000,995000,459326,0,ACTIVE,MODELED
CTR02778,SF_CB_11,SF,VETERAN_MINIMUM,2026,2027,2,2,2420000,1210000,1210000,0,0,0,121000,1210000,0,0,ACTIVE,MODELED
CTR02779,SF_S_01,SF,VETERAN,2026,2028,3,3,57600008,19200003,15110034,12269906,4089969,0,37941137,19200003,12269906,0,ACTIVE,MODELED
CTR02780,SF_S_02,SF,VETERAN,2024,2028,5,3,43536440,8707288,7112167,7975605,1595121,1306093,9607287,10013381,4785363,0,ACTIVE,MODELED
CTR02781,SF_S_03,SF,VETERAN_MINIMUM,2026,2026,1,1,1330000,1330000,1330000,0,0,0,66500,1330000,0,0,ACTIVE,MODELED
CTR02782,SF_S_04,SF,VETERAN,2025,2028,4,3,10399624,2599906,1933269,2666550,666637,0,2497136,2599906,1999912,0,ACTIVE,MODELED
CTR02783,SF_S_05,SF,VETERAN_MINIMUM,2025,2026,2,1,2060000,1030000,1030000,0,0,0,103000,1030000,0,0,ACTIVE,MODELED
CTR02784,SF_S_06,SF,VETERAN_MINIMUM,2025,2026,2,1,2060000,1030000,1030000,0,0,0,103000,1030000,0,0,ACTIVE,MODELED
CTR02785,SF_S_07,SF,UDFA,2024,2026,3,1,2520000,840000,756000,719036,239679,0,50400,995679,239679,0,ACTIVE,MODELED
CTR02786,SF_K_01,SF,VETERAN_MINIMUM,2025,2027,3,2,5232736,1744245,1744245,0,0,0,261637,1744245,0,0,ACTIVE,MODELED
CTR02787,SF_K_02,SF,VETERAN_MINIMUM,2025,2026,2,1,2260000,1130000,1130000,0,0,0,113000,1130000,0,0,ACTIVE,MODELED
CTR02788,SF_P_01,SF,VETERAN_MINIMUM,2025,2026,2,1,2420000,1210000,1210000,0,0,0,121000,1210000,0,0,ACTIVE,MODELED
CTR02789,SF_P_02,SF,VETERAN_MINIMUM,2026,2026,1,1,1210000,1210000,1210000,0,0,0,60500,1210000,0,0,ACTIVE,MODELED
CTR02790,SF_LS_01,SF,VETERAN_MINIMUM,2026,2026,1,1,1030000,1030000,1030000,0,0,0,51500,1030000,0,0,ACTIVE,MODELED
CTR02791,SEA_QB_01,SEA,VETERAN,2025,2027,3,2,59318536,19772845,14182152,16772079,5590693,0,16799924,19772845,11181386,0,ACTIVE,MODELED
CTR02792,SEA_QB_02,SEA,VETERAN_MINIMUM,2026,2027,2,2,2840000,1420000,1420000,0,0,0,142000,1420000,0,0,ACTIVE,MODELED
CTR02793,SEA_QB_03,SEA,ROOKIE_SCALE,2026,2029,4,4,3980000,995000,828422,666313,166578,0,995000,995000,666313,0,ACTIVE,MODELED
CTR02794,SEA_QB_04,SEA,ROOKIE_SCALE,2026,2029,4,4,3980000,995000,756000,1154317,288579,0,995000,1044579,1154317,0,ACTIVE,MODELED
CTR02795,SEA_RB_01,SEA,VETERAN,2023,2026,4,1,15555642,3888910,2994807,3576414,894104,0,4815834,3888910,894104,0,ACTIVE,MODELED
CTR02796,SEA_RB_02,SEA,VETERAN_MINIMUM,2025,2026,2,1,2660000,1330000,1330000,0,0,0,133000,1330000,0,0,ACTIVE,MODELED
CTR02797,SEA_RB_03,SEA,VETERAN_MINIMUM,2025,2026,2,1,2420000,1210000,1210000,0,0,0,121000,1210000,0,0,ACTIVE,MODELED
CTR02798,SEA_RB_04,SEA,ROOKIE_SCALE,2023,2026,4,1,4760000,1190000,876483,1254068,313517,0,1190000,1190000,313517,0,ACTIVE,MODELED
CTR02799,SEA_RB_05,SEA,VETERAN_MINIMUM,2026,2026,1,1,1030000,1030000,1030000,0,0,0,51500,1030000,0,0,ACTIVE,MODELED
CTR02800,SEA_FB_01,SEA,VETERAN_MINIMUM,2026,2026,1,1,1330000,1330000,1330000,0,0,0,66500,1330000,0,0,ACTIVE,MODELED
CTR02801,SEA_WR_01,SEA,VETERAN,2026,2027,2,2,6686165,3343083,2188736,2308693,1154347,0,3468394,3343083,2308693,0,ACTIVE,MODELED
CTR02802,SEA_WR_02,SEA,ROOKIE_SCALE,2024,2027,4,2,6000000,1500000,1193299,1226804,306701,0,1500000,1500000,613402,0,ACTIVE,MODELED
CTR02803,SEA_WR_03,SEA,VETERAN,2025,2027,3,2,19574537,6524846,4417206,6322917,2107639,0,6574691,6524846,4215278,0,ACTIVE,MODELED
CTR02804,SEA_WR_04,SEA,VETERAN,2026,2027,2,2,5669961,2834981,2183954,1302053,651027,170099,2450506,3005079,1302053,0,ACTIVE,MODELED
CTR02805,SEA_WR_05,SEA,VETERAN_MINIMUM,2026,2027,2,2,2660000,1330000,1330000,0,0,0,133000,1330000,0,0,ACTIVE,MODELED
CTR02806,SEA_WR_06,SEA,VETERAN,2024,2026,3,1,12087318,4029106,2723201,3917714,1305905,0,3553680,4029106,1305905,0,ACTIVE,MODELED
CTR02807,SEA_WR_07,SEA,VETERAN_MINIMUM,2026,2028,3,3,3390000,1130000,1130000,0,0,0,169500,1130000,0,0,ACTIVE,MODELED
CTR02808,SEA_WR_08,SEA,VETERAN_MINIMUM,2026,2026,1,1,1130000,1130000,1130000,0,0,0,56500,1130000,0,0,ACTIVE,MODELED
CTR02809,SEA_WR_09,SEA,VETERAN_MINIMUM,2026,2026,1,1,1030000,1030000,1030000,0,0,0,51500,1030000,0,0,ACTIVE,MODELED
CTR02810,SEA_WR_10,SEA,VETERAN_MINIMUM,2026,2026,1,1,1330000,1330000,1330000,0,0,0,66500,1330000,0,0,ACTIVE,MODELED
CTR02811,SEA_WR_11,SEA,VETERAN_MINIMUM,2026,2026,1,1,1030000,1030000,1030000,0,0,0,51500,1030000,0,0,ACTIVE,MODELED
CTR02812,SEA_TE_01,SEA,VETERAN_MINIMUM,2026,2026,1,1,1255649,1255649,1255649,0,0,0,62782,1255649,0,0,ACTIVE,MODELED
CTR02813,SEA_TE_02,SEA,VETERAN,2026,2026,1,1,2118183,2118183,1694740,423443,423443,0,924339,2118183,423443,0,ACTIVE,MODELED
CTR02814,SEA_TE_03,SEA,VETERAN_MINIMUM,2024,2026,3,1,3990000,1330000,1330000,0,0,0,199500,1330000,0,0,ACTIVE,MODELED
CTR02815,SEA_TE_04,SEA,UDFA,2026,2028,3,3,2520000,840000,756000,625161,208387,0,50400,964387,625161,0,ACTIVE,MODELED
CTR02816,SEA_TE_05,SEA,VETERAN_MINIMUM,2026,2029,4,4,4120000,1030000,1030000,0,0,0,206000,1030000,0,0,ACTIVE,MODELED
CTR02817,SEA_TE_06,SEA,UDFA,2026,2028,3,3,2520000,840000,756000,280907,93636,0,50400,849636,280907,0,ACTIVE,MODELED
CTR02818,SEA_OT_01,SEA,VETERAN,2026,2028,3,3,21308395,7102798,3865202,9712790,3237597,639252,15774348,7742050,9712790,0,ACTIVE,MODELED
CTR02819,SEA_OT_02,SEA,VETERAN,2026,2027,2,2,38222601,19111300,11867205,14488190,7244095,0,16412887,19111300,14488190,0,ACTIVE,MODELED
CTR02820,SEA_OT_03,SEA,VETERAN,2025,2027,3,2,7607319,2535773,1877576,1974591,658197,0,5474031,2535773,1316394,0,ACTIVE,MODELED
CTR02821,SEA_OT_04,SEA,VETERAN,2026,2026,1,1,5992903,5992903,4664254,1328649,1328649,0,4302828,5992903,1328649,0,ACTIVE,MODELED
CTR02822,SEA_OT_05,SEA,ROOKIE_SCALE,2023,2026,4,1,3860000,965000,756000,960008,240002,0,965000,996002,240002,0,ACTIVE,MODELED
CTR02823,SEA_OT_06,SEA,VETERAN_MINIMUM,2026,2026,1,1,1030000,1030000,1030000,0,0,0,51500,1030000,0,0,ACTIVE,MODELED
CTR02824,SEA_OG_01,SEA,VETERAN,2026,2027,2,2,6013278,3006639,2018790,1975698,987849,0,1663310,3006639,1975698,0,ACTIVE,MODELED
CTR02825,SEA_OG_02,SEA,VETERAN_MINIMUM,2025,2026,2,1,2660000,1330000,1330000,0,0,0,133000,1330000,0,0,ACTIVE,MODELED
CTR02826,SEA_OG_03,SEA,VETERAN,2026,2026,1,1,3174578,3174578,2696470,478108,478108,0,1583882,3174578,478108,0,ACTIVE,MODELED
CTR02827,SEA_OG_04,SEA,VETERAN_MINIMUM,2025,2026,2,1,2260000,1130000,1130000,0,0,0,113000,1130000,0,0,ACTIVE,MODELED
CTR02828,SEA_OG_05,SEA,ROOKIE_SCALE,2023,2026,4,1,3980000,995000,789099,823606,205901,0,995000,995000,205901,0,ACTIVE,MODELED
CTR02829,SEA_OG_06,SEA,VETERAN_MINIMUM,2026,2026,1,1,1030000,1030000,1030000,0,0,0,51500,1030000,0,0,ACTIVE,MODELED
CTR02830,SEA_C_01,SEA,VETERAN,2024,2026,3,1,14890629,4963543,3440438,4569314,1523105,446719,6134108,5410262,1523105,0,ACTIVE,MODELED
CTR02831,SEA_C_02,SEA,VETERAN_MINIMUM,2026,2026,1,1,1210000,1210000,1210000,0,0,0,60500,1210000,0,0,ACTIVE,MODELED
CTR02832,SEA_C_03,SEA,VETERAN_MINIMUM,2026,2026,1,1,1030000,1030000,1030000,0,0,0,51500,1030000,0,0,ACTIVE,MODELED
CTR02833,SEA_EDGE_01,SEA,VETERAN,2024,2026,3,1,12320882,4106961,2573305,4600969,1533656,0,5671239,4106961,1533656,0,ACTIVE,MODELED
CTR02834,SEA_EDGE_02,SEA,VETERAN,2024,2026,3,1,52649909,17549970,15504579,6136171,2045390,0,21949916,17549970,2045390,0,ACTIVE,MODELED
CTR02835,SEA_EDGE_03,SEA,VETERAN_MINIMUM,2026,2026,1,1,1420000,1420000,1420000,0,0,0,71000,1420000,0,0,ACTIVE,MODELED
CTR02836,SEA_EDGE_04,SEA,VETERAN,2026,2026,1,1,4102101,4102101,3592940,509161,509161,0,2514946,4102101,509161,0,ACTIVE,MODELED
CTR02837,SEA_EDGE_05,SEA,VETERAN_MINIMUM,2026,2026,1,1,1130000,1130000,1130000,0,0,0,56500,1130000,0,0,ACTIVE,MODELED
CTR02838,SEA_EDGE_06,SEA,VETERAN_MINIMUM,2026,2026,1,1,1130000,1130000,1130000,0,0,0,56500,1130000,0,0,ACTIVE,MODELED
CTR02839,SEA_EDGE_07,SEA,VETERAN_MINIMUM,2026,2027,2,2,2260000,1130000,1130000,0,0,0,113000,1130000,0,0,ACTIVE,MODELED
CTR02840,SEA_EDGE_08,SEA,ROOKIE_SCALE,2026,2029,4,4,3860000,965000,756000,1198882,299721,0,965000,1055721,1198882,0,ACTIVE,MODELED
CTR02841,SEA_EDGE_09,SEA,UDFA,2026,2028,3,3,2520000,840000,756000,952922,317641,0,50400,1073641,952922,0,ACTIVE,MODELED
CTR02842,SEA_DT_01,SEA,VETERAN,2025,2026,2,1,10507466,5253733,4194609,2118248,1059124,0,6158067,5253733,1059124,0,ACTIVE,MODELED
CTR02843,SEA_DT_02,SEA,VETERAN,2026,2026,1,1,8629879,8629879,6543608,2086271,2086271,258896,2915072,8888775,2086271,0,ACTIVE,MODELED
CTR02844,SEA_DT_03,SEA,UDFA,2025,2027,3,2,2520000,840000,756000,616150,205383,0,50400,961383,410766,0,ACTIVE,MODELED
CTR02845,SEA_DT_04,SEA,VETERAN,2024,2026,3,1,6256870,2085623,1675824,1229400,409800,187706,4749713,2273330,409800,0,ACTIVE,MODELED
CTR02846,SEA_DT_05,SEA,VETERAN_MINIMUM,2026,2027,2,2,2660000,1330000,1330000,0,0,0,133000,1330000,0,0,ACTIVE,MODELED
CTR02847,SEA_DT_06,SEA,VETERAN_MINIMUM,2026,2027,2,2,2260000,1130000,1130000,0,0,0,113000,1130000,0,0,ACTIVE,MODELED
CTR02848,SEA_DT_07,SEA,VETERAN_MINIMUM,2024,2027,4,2,4120000,1030000,1030000,0,0,0,206000,1030000,0,0,ACTIVE,MODELED
CTR02849,SEA_DT_08,SEA,VETERAN_MINIMUM,2026,2028,3,3,3990000,1330000,1330000,0,0,0,199500,1330000,0,0,ACTIVE,MODELED
CTR02850,SEA_LB_01,SEA,VETERAN,2026,2027,2,2,13056886,6528443,5635177,1786532,893266,0,3095107,6528443,1786532,0,ACTIVE,MODELED
CTR02851,SEA_LB_02,SEA,VETERAN,2024,2026,3,1,15271787,5090596,4797284,879934,293311,0,10192918,5090596,293311,0,ACTIVE,MODELED
CTR02852,SEA_LB_03,SEA,VETERAN,2024,2026,3,1,6121932,2040644,1824230,649242,216414,0,3608611,2040644,216414,0,ACTIVE,MODELED
CTR02853,SEA_LB_04,SEA,VETERAN,2025,2028,4,3,8331354,2082839,1679718,1612481,403120,249941,4208756,2332779,1209361,0,ACTIVE,MODELED
CTR02854,SEA_LB_05,SEA,VETERAN_MINIMUM,2026,2028,3,3,3990000,1330000,1330000,0,0,0,199500,1330000,0,0,ACTIVE,MODELED
CTR02855,SEA_LB_06,SEA,VETERAN_MINIMUM,2025,2027,3,2,3990000,1330000,1330000,0,0,0,199500,1330000,0,0,ACTIVE,MODELED
CTR02856,SEA_LB_07,SEA,ROOKIE_SCALE,2024,2027,4,2,3860000,965000,771405,774382,193595,0,965000,965000,387191,0,ACTIVE,MODELED
CTR02857,SEA_LB_08,SEA,UDFA,2026,2028,3,3,2520000,840000,756000,644372,214791,0,50400,970791,644372,0,ACTIVE,MODELED
CTR02858,SEA_CB_01,SEA,VETERAN,2026,2026,1,1,2156104,2156104,1652465,503639,503639,0,1578762,2156104,503639,0,ACTIVE,MODELED
CTR02859,SEA_CB_02,SEA,VETERAN,2025,2027,3,2,19668907,6556302,4781313,5324969,1774990,590067,10840530,7146370,3549979,0,ACTIVE,MODELED
CTR02860,SEA_CB_03,SEA,VETERAN,2026,2028,3,3,11665417,3888472,2531053,4072258,1357419,349963,4103213,4238435,4072258,0,ACTIVE,MODELED
CTR02861,SEA_CB_04,SEA,UDFA,2024,2026,3,1,2520000,840000,756000,962410,320803,0,50400,1076803,320803,0,ACTIVE,MODELED
CTR02862,SEA_CB_05,SEA,ROOKIE_SCALE,2024,2027,4,2,9000000,2250000,1646650,2413399,603350,0,4950000,2250000,1206700,0,ACTIVE,MODELED
CTR02863,SEA_CB_06,SEA,VETERAN_MINIMUM,2025,2028,4,3,5320000,1330000,1330000,0,0,0,266000,1330000,0,0,ACTIVE,MODELED
CTR02864,SEA_CB_07,SEA,VETERAN_MINIMUM,2026,2027,2,2,2420000,1210000,1210000,0,0,0,121000,1210000,0,0,ACTIVE,MODELED
CTR02865,SEA_CB_08,SEA,ROOKIE_SCALE,2025,2028,4,3,3980000,995000,812703,729188,182297,0,995000,995000,546891,0,ACTIVE,MODELED
CTR02866,SEA_CB_09,SEA,VETERAN_MINIMUM,2025,2026,2,1,2060000,1030000,1030000,0,0,0,103000,1030000,0,0,ACTIVE,MODELED
CTR02867,SEA_CB_10,SEA,UDFA,2025,2027,3,2,2520000,840000,756000,390962,130321,0,50400,886321,260641,0,ACTIVE,MODELED
CTR02868,SEA_CB_11,SEA,UDFA,2025,2027,3,2,2520000,840000,756000,868992,289664,0,50400,1045664,579328,0,ACTIVE,MODELED
CTR02869,SEA_S_01,SEA,VETERAN,2026,2027,2,2,4856287,2428144,1848352,1159582,579791,145689,2526543,2573832,1159582,0,ACTIVE,MODELED
CTR02870,SEA_S_02,SEA,VETERAN,2026,2028,3,3,12799644,4266548,3146477,3360214,1120071,0,2026846,4266548,3360214,0,ACTIVE,MODELED
CTR02871,SEA_S_03,SEA,VETERAN_MINIMUM,2026,2026,1,1,1330000,1330000,1330000,0,0,0,66500,1330000,0,0,ACTIVE,MODELED
CTR02872,SEA_S_04,SEA,VETERAN_MINIMUM,2025,2026,2,1,2660000,1330000,1330000,0,0,0,133000,1330000,0,0,ACTIVE,MODELED
CTR02873,SEA_S_05,SEA,VETERAN_MINIMUM,2026,2026,1,1,1030000,1030000,1030000,0,0,0,51500,1030000,0,0,ACTIVE,MODELED
CTR02874,SEA_S_06,SEA,UDFA,2024,2026,3,1,2520000,840000,756000,429572,143191,0,50400,899191,143191,0,ACTIVE,MODELED
CTR02875,SEA_S_07,SEA,VETERAN_MINIMUM,2026,2026,1,1,1330000,1330000,1330000,0,0,0,66500,1330000,0,0,ACTIVE,MODELED
CTR02876,SEA_K_01,SEA,VETERAN_MINIMUM,2026,2028,3,3,3630000,1210000,1210000,0,0,0,181500,1210000,0,0,ACTIVE,MODELED
CTR02877,SEA_K_02,SEA,VETERAN_MINIMUM,2026,2026,1,1,1130000,1130000,1130000,0,0,0,56500,1130000,0,0,ACTIVE,MODELED
CTR02878,SEA_P_01,SEA,VETERAN_MINIMUM,2026,2026,1,1,1030000,1030000,1030000,0,0,0,51500,1030000,0,0,ACTIVE,MODELED
CTR02879,SEA_P_02,SEA,VETERAN_MINIMUM,2025,2026,2,1,2660000,1330000,1330000,0,0,0,133000,1330000,0,0,ACTIVE,MODELED
CTR02880,SEA_LS_01,SEA,VETERAN_MINIMUM,2026,2026,1,1,1210000,1210000,1210000,0,0,0,60500,1210000,0,0,ACTIVE,MODELED
