player_id,position,speed,acceleration,agility,strength,stamina,durability,awareness,football_iq,work_ethic,consistency,anchor,ball_skills,blitzing,block_shedding,break_tackle,carrying,catch_in_traffic,catching,clutch,contact_balance,coverage,decision_making,deep_accuracy,directional,elusiveness,finesse_move,hang_time,kick_accuracy,kick_power,kickoff_power,lead_block,line_calls,man_coverage,medium_accuracy,pass_block,pass_protection,pass_rush,play_action,play_recognition,pocket_presence,power,power_move,press,pressure_handling,punt_accuracy,punt_power,pursuit,receiving,release,route_running,run_block,run_defense,run_support,scrambling,second_level,separation,short_accuracy,snap_accuracy,snap_speed,spectacular_catch,tackling,technique,throw_on_run,throw_power,vision,zone_coverage,data_class
BUF_QB_01,QB,72,76,87,81,87,52,87,85,59,70,,,,,,,,,,,,73,83,,,,,,,,,,,76,,,,79,,87,,,,83,,,,,,,,,,99,,,83,,,,,,79,80,,,MODELED
BUF_QB_02,QB,55,51,62,55,75,63,72,66,72,54,,,,,,,,,,,,52,60,,,,,,,,,,,64,,,,60,,76,,,,60,,,,,,,,,,60,,,71,,,,,,49,62,,,MODELED
BUF_QB_03,QB,50,71,59,65,68,90,71,63,59,63,,,,,,,,,,,,78,63,,,,,,,,,,,56,,,,67,,68,,,,67,,,,,,,,,,73,,,61,,,,,,67,75,,,MODELED
BUF_QB_04,QB,50,50,56,58,87,41,61,56,62,58,,,,,,,,,,,,58,59,,,,,,,,,,,61,,,,51,,54,,,,53,,,,,,,,,,55,,,69,,,,,,56,68,,,MODELED
BUF_RB_01,RB,72,77,74,72,76,50,60,70,65,63,,,,,71,67,,,,59,,,,,63,,,,,,,,,,,72,,,,,,,,,,,,62,,,,,,,,,,,,,,,,,66,,MODELED
BUF_RB_02,RB,76,68,72,66,77,62,66,71,75,58,,,,,60,62,,,,55,,,,,48,,,,,,,,,,,58,,,,,,,,,,,,60,,,,,,,,,,,,,,,,,63,,MODELED
BUF_RB_03,RB,68,71,69,60,79,56,47,54,60,50,,,,,58,54,,,,53,,,,,44,,,,,,,,,,,57,,,,,,,,,,,,52,,,,,,,,,,,,,,,,,56,,MODELED
BUF_RB_04,RB,77,79,67,71,83,74,71,66,83,83,,,,,67,82,,,,77,,,,,71,,,,,,,,,,,74,,,,,,,,,,,,67,,,,,,,,,,,,,,,,,67,,MODELED
BUF_RB_05,RB,59,64,68,56,75,66,56,52,59,51,,,,,63,58,,,,40,,,,,56,,,,,,,,,,,59,,,,,,,,,,,,50,,,,,,,,,,,,,,,,,51,,MODELED
BUF_FB_01,FB,66,70,60,86,67,65,78,80,75,85,,,,,,60,,,,75,,,,,,,,,,,73,,,,,66,,,,,,,,,,,,74,,,65,,,,,,,,,,,,,,,,MODELED
BUF_WR_01,WR,87,82,75,79,88,34,90,87,76,63,,,,,,,76,78,,,,,,,,,,,,,,,,,,,,,,,,,,,,,,,96,87,76,,,,,68,,,,84,,,,,,,MODELED
BUF_WR_02,WR,87,82,85,66,76,59,70,76,66,65,,,,,,,75,66,,,,,,,,,,,,,,,,,,,,,,,,,,,,,,,72,77,80,,,,,87,,,,75,,,,,,,MODELED
BUF_WR_03,WR,91,89,89,69,83,79,79,78,73,71,,,,,,,82,80,,,,,,,,,,,,,,,,,,,,,,,,,,,,,,,90,85,80,,,,,74,,,,70,,,,,,,MODELED
BUF_WR_04,WR,80,86,72,63,87,76,64,68,78,66,,,,,,,69,65,,,,,,,,,,,,,,,,,,,,,,,,,,,,,,,70,76,66,,,,,70,,,,72,,,,,,,MODELED
BUF_WR_05,WR,71,79,83,47,83,75,61,66,80,71,,,,,,,67,69,,,,,,,,,,,,,,,,,,,,,,,,,,,,,,,60,63,65,,,,,73,,,,63,,,,,,,MODELED
BUF_WR_06,WR,74,80,66,52,81,73,68,67,90,69,,,,,,,66,53,,,,,,,,,,,,,,,,,,,,,,,,,,,,,,,79,64,73,,,,,59,,,,66,,,,,,,MODELED
BUF_WR_07,WR,57,65,68,50,79,72,63,44,70,55,,,,,,,54,59,,,,,,,,,,,,,,,,,,,,,,,,,,,,,,,56,55,57,,,,,57,,,,51,,,,,,,MODELED
BUF_WR_08,WR,62,74,72,47,77,55,53,65,47,64,,,,,,,45,68,,,,,,,,,,,,,,,,,,,,,,,,,,,,,,,53,60,57,,,,,49,,,,38,,,,,,,MODELED
BUF_WR_09,WR,65,71,51,57,69,90,70,57,60,61,,,,,,,69,70,,,,,,,,,,,,,,,,,,,,,,,,,,,,,,,61,58,64,,,,,58,,,,54,,,,,,,MODELED
BUF_WR_10,WR,60,73,70,53,87,52,62,61,86,80,,,,,,,58,59,,,,,,,,,,,,,,,,,,,,,,,,,,,,,,,63,49,74,,,,,61,,,,50,,,,,,,MODELED
BUF_WR_11,WR,64,70,63,45,83,85,67,41,77,50,,,,,,,66,65,,,,,,,,,,,,,,,,,,,,,,,,,,,,,,,54,38,58,,,,,62,,,,63,,,,,,,MODELED
BUF_TE_01,TE,64,56,67,72,94,81,78,69,73,72,,,,,,,66,71,,,,,,,,,,,,,,,,,64,,,,,,,,,,,,,,60,55,78,,,,,68,,,,65,,,,,,,MODELED
BUF_TE_02,TE,71,65,77,72,86,82,72,60,60,65,,,,,,,64,70,,,,,,,,,,,,,,,,,58,,,,,,,,,,,,,,65,70,66,,,,,65,,,,60,,,,,,,MODELED
BUF_TE_03,TE,75,86,82,82,86,81,77,86,64,72,,,,,,,82,79,,,,,,,,,,,,,,,,,79,,,,,,,,,,,,,,78,71,77,,,,,71,,,,75,,,,,,,MODELED
BUF_TE_04,TE,60,60,63,67,81,65,61,59,68,53,,,,,,,67,60,,,,,,,,,,,,,,,,,55,,,,,,,,,,,,,,67,76,66,,,,,76,,,,64,,,,,,,MODELED
BUF_TE_05,TE,46,45,47,44,82,63,44,48,65,41,,,,,,,51,63,,,,,,,,,,,,,,,,,51,,,,,,,,,,,,,,46,55,42,,,,,46,,,,41,,,,,,,MODELED
BUF_TE_06,TE,51,47,56,50,65,90,57,52,70,74,,,,,,,50,55,,,,,,,,,,,,,,,,,70,,,,,,,,,,,,,,68,47,47,,,,,52,,,,53,,,,,,,MODELED
BUF_OT_01,OT,61,62,64,97,79,73,74,66,78,66,78,,,,,,,,,,,,,,,,,,,,,,,,57,,,,,,56,,,,,,,,,,71,,,,77,,,,,,,81,,,,,MODELED
BUF_OT_02,OT,59,72,76,92,83,49,95,88,63,54,81,,,,,,,,,,,,,,,,,,,,,,,,83,,,,,,86,,,,,,,,,,79,,,,90,,,,,,,81,,,,,MODELED
BUF_OT_03,OT,58,59,74,92,77,76,73,78,73,62,81,,,,,,,,,,,,,,,,,,,,,,,,73,,,,,,83,,,,,,,,,,83,,,,86,,,,,,,77,,,,,MODELED
BUF_OT_04,OT,48,60,62,75,80,62,64,64,63,58,75,,,,,,,,,,,,,,,,,,,,,,,,60,,,,,,67,,,,,,,,,,66,,,,62,,,,,,,68,,,,,MODELED
BUF_OT_05,OT,51,38,57,76,83,99,66,70,69,53,70,,,,,,,,,,,,,,,,,,,,,,,,66,,,,,,61,,,,,,,,,,58,,,,57,,,,,,,75,,,,,MODELED
BUF_OT_06,OT,59,53,64,80,92,90,66,62,99,61,64,,,,,,,,,,,,,,,,,,,,,,,,74,,,,,,72,,,,,,,,,,60,,,,70,,,,,,,54,,,,,MODELED
BUF_OG_01,OG,54,57,58,89,83,54,74,63,71,65,64,,,,,,,,,,,,,,,,,,,,,,,,78,,,,,,65,,,,,,,,,,70,,,,61,,,,,,,69,,,,,MODELED
BUF_OG_02,OG,50,52,61,99,76,78,76,63,80,74,59,,,,,,,,,,,,,,,,,,,,,,,,70,,,,,,72,,,,,,,,,,67,,,,66,,,,,,,58,,,,,MODELED
BUF_OG_03,OG,46,52,56,84,72,85,74,70,65,77,59,,,,,,,,,,,,,,,,,,,,,,,,66,,,,,,66,,,,,,,,,,71,,,,63,,,,,,,72,,,,,MODELED
BUF_OG_04,OG,40,44,54,78,75,74,55,67,88,67,51,,,,,,,,,,,,,,,,,,,,,,,,43,,,,,,60,,,,,,,,,,65,,,,54,,,,,,,62,,,,,MODELED
BUF_OG_05,OG,38,49,49,79,70,54,56,58,80,47,59,,,,,,,,,,,,,,,,,,,,,,,,61,,,,,,67,,,,,,,,,,62,,,,61,,,,,,,59,,,,,MODELED
BUF_OG_06,OG,32,28,50,72,78,79,51,51,85,61,57,,,,,,,,,,,,,,,,,,,,,,,,42,,,,,,34,,,,,,,,,,57,,,,62,,,,,,,50,,,,,MODELED
BUF_C_01,C,69,62,57,80,88,63,66,71,68,74,75,,,,,,,,,,,,,,,,,,,,,93,,,74,,,,,,83,,,,,,,,,,85,,,,,,,73,,,,81,,,,,MODELED
BUF_C_02,C,52,57,63,80,85,84,70,72,78,64,64,,,,,,,,,,,,,,,,,,,,,78,,,79,,,,,,77,,,,,,,,,,72,,,,,,,76,,,,78,,,,,MODELED
BUF_C_03,C,47,48,55,92,61,80,72,68,59,60,72,,,,,,,,,,,,,,,,,,,,,69,,,52,,,,,,59,,,,,,,,,,62,,,,,,,67,,,,65,,,,,MODELED
BUF_EDGE_01,EDGE,89,98,90,91,86,78,87,91,64,82,,,,89,,,,,,,71,,,,,98,,,,,,,,,,,85,,,,,88,,,,,82,,,,,86,,,,,,,,,,,,,,,MODELED
BUF_EDGE_02,EDGE,83,79,78,90,84,58,69,70,64,74,,,,82,,,,,,,80,,,,,72,,,,,,,,,,,69,,,,,83,,,,,70,,,,,79,,,,,,,,,,,,,,,MODELED
BUF_EDGE_03,EDGE,63,70,62,74,76,99,63,52,40,69,,,,58,,,,,,,67,,,,,64,,,,,,,,,,,68,,,,,57,,,,,68,,,,,65,,,,,,,,,,,,,,,MODELED
BUF_EDGE_04,EDGE,59,64,75,84,84,90,71,77,71,61,,,,67,,,,,,,75,,,,,82,,,,,,,,,,,80,,,,,67,,,,,72,,,,,66,,,,,,,,,,,,,,,MODELED
BUF_EDGE_05,EDGE,76,81,82,84,64,64,63,67,63,49,,,,80,,,,,,,71,,,,,67,,,,,,,,,,,74,,,,,65,,,,,79,,,,,65,,,,,,,,,,,,,,,MODELED
BUF_EDGE_06,EDGE,56,67,72,60,81,64,63,52,97,63,,,,65,,,,,,,53,,,,,54,,,,,,,,,,,72,,,,,54,,,,,58,,,,,47,,,,,,,,,,,,,,,MODELED
BUF_EDGE_07,EDGE,63,71,71,68,72,63,56,54,73,51,,,,61,,,,,,,62,,,,,62,,,,,,,,,,,72,,,,,69,,,,,63,,,,,58,,,,,,,,,,,,,,,MODELED
BUF_EDGE_08,EDGE,66,65,56,56,73,83,51,49,82,68,,,,60,,,,,,,61,,,,,57,,,,,,,,,,,64,,,,,55,,,,,65,,,,,58,,,,,,,,,,,,,,,MODELED
BUF_EDGE_09,EDGE,61,57,59,65,65,89,48,55,86,51,,,,46,,,,,,,51,,,,,66,,,,,,,,,,,50,,,,,56,,,,,45,,,,,44,,,,,,,,,,,,,,,MODELED
BUF_DT_01,DT,58,66,66,94,89,79,74,72,56,73,,,,68,,,,,,,,,,,,76,,,,,,,,,,,78,,,,,72,,,,,69,,,,,77,,,,,,,,,,,,,,,MODELED
BUF_DT_02,DT,64,71,57,88,77,56,67,72,69,67,,,,75,,,,,,,,,,,,67,,,,,,,,,,,72,,,,,69,,,,,65,,,,,82,,,,,,,,,,,,,,,MODELED
BUF_DT_03,DT,65,52,48,84,72,57,60,56,72,55,,,,64,,,,,,,,,,,,58,,,,,,,,,,,57,,,,,63,,,,,54,,,,,66,,,,,,,,,,,,,,,MODELED
BUF_DT_04,DT,63,79,69,94,81,64,77,83,57,79,,,,75,,,,,,,,,,,,79,,,,,,,,,,,86,,,,,80,,,,,80,,,,,73,,,,,,,,,,,,,,,MODELED
BUF_DT_05,DT,54,65,59,96,81,99,68,73,74,55,,,,66,,,,,,,,,,,,75,,,,,,,,,,,74,,,,,77,,,,,73,,,,,69,,,,,,,,,,,,,,,MODELED
BUF_DT_06,DT,50,57,52,83,73,61,55,53,72,59,,,,66,,,,,,,,,,,,55,,,,,,,,,,,64,,,,,62,,,,,57,,,,,58,,,,,,,,,,,,,,,MODELED
BUF_DT_07,DT,56,58,56,77,77,89,60,58,64,53,,,,72,,,,,,,,,,,,65,,,,,,,,,,,69,,,,,65,,,,,63,,,,,57,,,,,,,,,,,,,,,MODELED
BUF_DT_08,DT,45,55,49,73,77,85,61,57,50,57,,,,52,,,,,,,,,,,,62,,,,,,,,,,,52,,,,,62,,,,,66,,,,,53,,,,,,,,,,,,,,,MODELED
BUF_LB_01,LB,66,72,82,83,88,70,79,72,93,76,,,86,78,,,,,,,,,,,,,,,,,,,73,,,,,,79,,,,,,,,77,,,,,,,,,,,,,,91,,,,,69,MODELED
BUF_LB_02,LB,74,64,81,78,76,58,69,78,68,75,,,74,69,,,,,,,,,,,,,,,,,,,71,,,,,,73,,,,,,,,83,,,,,,,,,,,,,,78,,,,,68,MODELED
BUF_LB_03,LB,67,73,65,72,83,95,67,66,75,62,,,73,76,,,,,,,,,,,,,,,,,,,54,,,,,,54,,,,,,,,59,,,,,,,,,,,,,,67,,,,,62,MODELED
BUF_LB_04,LB,78,74,79,79,80,58,73,70,84,74,,,64,72,,,,,,,,,,,,,,,,,,,85,,,,,,81,,,,,,,,70,,,,,,,,,,,,,,68,,,,,74,MODELED
BUF_LB_05,LB,66,69,72,77,70,73,65,66,59,59,,,43,56,,,,,,,,,,,,,,,,,,,70,,,,,,69,,,,,,,,68,,,,,,,,,,,,,,61,,,,,70,MODELED
BUF_LB_06,LB,51,65,58,67,74,72,56,56,80,52,,,59,70,,,,,,,,,,,,,,,,,,,61,,,,,,55,,,,,,,,62,,,,,,,,,,,,,,64,,,,,40,MODELED
BUF_LB_07,LB,47,51,52,53,71,80,36,51,76,56,,,53,55,,,,,,,,,,,,,,,,,,,58,,,,,,48,,,,,,,,47,,,,,,,,,,,,,,55,,,,,55,MODELED
BUF_LB_08,LB,73,60,65,66,72,64,59,64,69,52,,,63,77,,,,,,,,,,,,,,,,,,,72,,,,,,59,,,,,,,,70,,,,,,,,,,,,,,60,,,,,52,MODELED
BUF_CB_01,CB,76,79,74,61,91,64,78,77,67,67,,60,,,,,,,,,,,,,,,,,,,,,72,,,,,,73,,,,78,,,,,,,,,,,,,,,,,,64,,,,,69,MODELED
BUF_CB_02,CB,88,74,89,70,76,77,65,71,67,62,,75,,,,,,,,,,,,,,,,,,,,,75,,,,,,78,,,,70,,,,,,,,,,,,,,,,,,59,,,,,68,MODELED
BUF_CB_03,CB,75,83,88,64,81,63,82,74,94,77,,73,,,,,,,,,,,,,,,,,,,,,76,,,,,,79,,,,57,,,,,,,,,,,,,,,,,,70,,,,,75,MODELED
BUF_CB_04,CB,74,82,61,37,75,77,72,70,73,60,,61,,,,,,,,,,,,,,,,,,,,,61,,,,,,53,,,,71,,,,,,,,,,,,,,,,,,59,,,,,72,MODELED
BUF_CB_05,CB,73,76,72,60,91,69,59,63,87,77,,71,,,,,,,,,,,,,,,,,,,,,71,,,,,,48,,,,64,,,,,,,,,,,,,,,,,,60,,,,,63,MODELED
BUF_CB_06,CB,74,69,77,56,66,68,68,76,63,51,,62,,,,,,,,,,,,,,,,,,,,,78,,,,,,68,,,,59,,,,,,,,,,,,,,,,,,66,,,,,73,MODELED
BUF_CB_07,CB,87,82,71,71,76,54,70,67,67,63,,58,,,,,,,,,,,,,,,,,,,,,81,,,,,,77,,,,76,,,,,,,,,,,,,,,,,,69,,,,,59,MODELED
BUF_CB_08,CB,66,63,70,56,74,46,61,57,68,65,,65,,,,,,,,,,,,,,,,,,,,,68,,,,,,72,,,,56,,,,,,,,,,,,,,,,,,59,,,,,54,MODELED
BUF_CB_09,CB,68,63,55,37,80,70,45,53,57,60,,62,,,,,,,,,,,,,,,,,,,,,40,,,,,,53,,,,57,,,,,,,,,,,,,,,,,,43,,,,,51,MODELED
BUF_CB_10,CB,55,67,61,43,79,67,42,43,78,46,,57,,,,,,,,,,,,,,,,,,,,,41,,,,,,45,,,,56,,,,,,,,,,,,,,,,,,46,,,,,46,MODELED
BUF_CB_11,CB,74,75,75,47,67,78,59,73,86,59,,59,,,,,,,,,,,,,,,,,,,,,51,,,,,,66,,,,50,,,,,,,,,,,,,,,,,,62,,,,,47,MODELED
BUF_S_01,S,76,85,75,60,91,62,66,76,87,69,,58,,,,,,,,,,,,,,,,,,,,,71,,,,,,74,,,,75,,,,,,,,,,73,,,,,,,,75,,,,,64,MODELED
BUF_S_02,S,84,90,81,82,87,65,74,81,78,73,,76,,,,,,,,,,,,,,,,,,,,,88,,,,,,96,,,,66,,,,,,,,,,78,,,,,,,,91,,,,,80,MODELED
BUF_S_03,S,81,77,72,60,76,70,67,66,56,54,,69,,,,,,,,,,,,,,,,,,,,,65,,,,,,76,,,,67,,,,,,,,,,72,,,,,,,,57,,,,,70,MODELED
BUF_S_04,S,64,59,68,51,76,74,70,65,72,84,,54,,,,,,,,,,,,,,,,,,,,,61,,,,,,68,,,,63,,,,,,,,,,57,,,,,,,,62,,,,,48,MODELED
BUF_S_05,S,68,65,69,60,76,72,60,62,71,50,,60,,,,,,,,,,,,,,,,,,,,,56,,,,,,58,,,,72,,,,,,,,,,59,,,,,,,,70,,,,,68,MODELED
BUF_S_06,S,57,68,64,54,68,66,52,65,60,50,,62,,,,,,,,,,,,,,,,,,,,,57,,,,,,58,,,,52,,,,,,,,,,63,,,,,,,,61,,,,,63,MODELED
BUF_S_07,S,53,53,52,55,82,85,38,42,69,60,,52,,,,,,,,,,,,,,,,,,,,,57,,,,,,39,,,,54,,,,,,,,,,47,,,,,,,,46,,,,,44,MODELED
BUF_K_01,K,51,51,52,59,74,49,74,74,69,63,,,,,,,,,76,,,,,,,,,80,77,66,,,,,,,,,,,,,,,,,,,,,,,,,,,,,,,,,,,,,MODELED
BUF_K_02,K,33,28,47,42,58,56,52,57,64,68,,,,,,,,,62,,,,,,,,,65,52,60,,,,,,,,,,,,,,,,,,,,,,,,,,,,,,,,,,,,,MODELED
BUF_P_01,P,43,42,58,51,80,87,73,79,87,58,,,,,,,,,,,,,,69,,,70,,,,,,,,,,,,,,,,,,76,76,,,,,,,,,,,,,,,,,,,,,MODELED
BUF_P_02,P,46,39,45,63,72,71,65,71,72,68,,,,,,,,,,,,,,75,,,77,,,,,,,,,,,,,,,,,,78,63,,,,,,,,,,,,,,,,,,,,,MODELED
BUF_LS_01,LS,57,46,50,64,72,97,65,65,88,58,,,,,,,,,,,72,,,,,,,,,,,,,,,,,,,,,,,,,,,,,,,,,,,,,68,71,,,,,,,,MODELED
MIA_QB_01,QB,68,64,60,68,82,44,88,86,79,71,,,,,,,,,,,,67,59,,,,,,,,,,,72,,,,77,,71,,,,66,,,,,,,,,,64,,,78,,,,,,71,67,,,MODELED
MIA_QB_02,QB,53,39,43,44,58,66,50,57,69,57,,,,,,,,,,,,57,57,,,,,,,,,,,45,,,,49,,56,,,,65,,,,,,,,,,64,,,60,,,,,,53,55,,,MODELED
MIA_QB_03,QB,52,57,66,48,73,63,62,59,51,62,,,,,,,,,,,,67,54,,,,,,,,,,,72,,,,65,,72,,,,72,,,,,,,,,,55,,,66,,,,,,54,63,,,MODELED
MIA_QB_04,QB,46,53,53,49,65,70,46,49,48,54,,,,,,,,,,,,54,62,,,,,,,,,,,56,,,,48,,39,,,,54,,,,,,,,,,51,,,55,,,,,,57,53,,,MODELED
MIA_RB_01,RB,69,62,77,57,81,61,64,63,63,71,,,,,61,59,,,,65,,,,,57,,,,,,,,,,,59,,,,,,,,,,,,74,,,,,,,,,,,,,,,,,70,,MODELED
MIA_RB_02,RB,73,66,72,59,78,99,54,64,54,62,,,,,62,73,,,,72,,,,,62,,,,,,,,,,,59,,,,,,,,,,,,60,,,,,,,,,,,,,,,,,68,,MODELED
MIA_RB_03,RB,58,59,66,63,63,69,53,45,71,70,,,,,55,61,,,,47,,,,,49,,,,,,,,,,,55,,,,,,,,,,,,58,,,,,,,,,,,,,,,,,46,,MODELED
MIA_RB_04,RB,69,70,83,66,66,75,56,66,67,61,,,,,66,69,,,,66,,,,,70,,,,,,,,,,,65,,,,,,,,,,,,67,,,,,,,,,,,,,,,,,71,,MODELED
MIA_RB_05,RB,49,52,52,36,76,76,48,37,81,57,,,,,49,50,,,,53,,,,,49,,,,,,,,,,,48,,,,,,,,,,,,44,,,,,,,,,,,,,,,,,52,,MODELED
MIA_FB_01,FB,60,74,71,70,75,60,72,83,67,65,,,,,,71,,,,75,,,,,,,,,,,62,,,,,70,,,,,,,,,,,,56,,,64,,,,,,,,,,,,,,,,MODELED
MIA_WR_01,WR,94,84,79,69,85,77,86,84,77,69,,,,,,,73,78,,,,,,,,,,,,,,,,,,,,,,,,,,,,,,,75,75,84,,,,,67,,,,72,,,,,,,MODELED
MIA_WR_02,WR,79,77,85,49,86,67,62,66,56,61,,,,,,,59,68,,,,,,,,,,,,,,,,,,,,,,,,,,,,,,,66,80,74,,,,,72,,,,65,,,,,,,MODELED
MIA_WR_03,WR,72,91,79,64,78,73,72,87,65,55,,,,,,,73,64,,,,,,,,,,,,,,,,,,,,,,,,,,,,,,,68,63,67,,,,,82,,,,65,,,,,,,MODELED
MIA_WR_04,WR,82,78,73,69,76,59,72,77,64,65,,,,,,,63,72,,,,,,,,,,,,,,,,,,,,,,,,,,,,,,,68,85,67,,,,,67,,,,58,,,,,,,MODELED
MIA_WR_05,WR,68,69,62,57,81,83,56,68,87,70,,,,,,,54,62,,,,,,,,,,,,,,,,,,,,,,,,,,,,,,,63,41,60,,,,,46,,,,71,,,,,,,MODELED
MIA_WR_06,WR,91,95,92,65,75,60,93,84,72,69,,,,,,,84,77,,,,,,,,,,,,,,,,,,,,,,,,,,,,,,,82,74,72,,,,,84,,,,70,,,,,,,MODELED
MIA_WR_07,WR,70,65,71,65,80,81,76,60,73,68,,,,,,,57,67,,,,,,,,,,,,,,,,,,,,,,,,,,,,,,,68,49,77,,,,,47,,,,49,,,,,,,MODELED
MIA_WR_08,WR,61,65,68,49,73,73,54,44,59,62,,,,,,,47,54,,,,,,,,,,,,,,,,,,,,,,,,,,,,,,,51,61,48,,,,,44,,,,62,,,,,,,MODELED
MIA_WR_09,WR,69,64,71,54,69,99,50,53,72,55,,,,,,,66,68,,,,,,,,,,,,,,,,,,,,,,,,,,,,,,,58,68,58,,,,,77,,,,55,,,,,,,MODELED
MIA_WR_10,WR,69,72,63,52,60,91,61,64,55,45,,,,,,,53,53,,,,,,,,,,,,,,,,,,,,,,,,,,,,,,,58,67,53,,,,,60,,,,72,,,,,,,MODELED
MIA_WR_11,WR,74,78,64,56,75,59,58,65,83,49,,,,,,,70,67,,,,,,,,,,,,,,,,,,,,,,,,,,,,,,,47,56,60,,,,,56,,,,57,,,,,,,MODELED
MIA_TE_01,TE,69,62,76,79,78,71,71,73,72,62,,,,,,,55,68,,,,,,,,,,,,,,,,,64,,,,,,,,,,,,,,71,63,68,,,,,55,,,,61,,,,,,,MODELED
MIA_TE_02,TE,82,81,76,76,95,71,73,83,79,67,,,,,,,78,76,,,,,,,,,,,,,,,,,66,,,,,,,,,,,,,,87,79,82,,,,,75,,,,80,,,,,,,MODELED
MIA_TE_03,TE,71,64,74,73,85,75,64,72,48,71,,,,,,,69,74,,,,,,,,,,,,,,,,,76,,,,,,,,,,,,,,65,72,77,,,,,74,,,,71,,,,,,,MODELED
MIA_TE_04,TE,55,48,50,55,78,77,58,53,72,52,,,,,,,52,59,,,,,,,,,,,,,,,,,63,,,,,,,,,,,,,,59,48,59,,,,,57,,,,59,,,,,,,MODELED
MIA_TE_05,TE,64,58,52,67,85,60,67,61,60,60,,,,,,,63,47,,,,,,,,,,,,,,,,,76,,,,,,,,,,,,,,62,68,55,,,,,53,,,,67,,,,,,,MODELED
MIA_TE_06,TE,62,59,66,64,80,67,59,68,55,74,,,,,,,62,58,,,,,,,,,,,,,,,,,50,,,,,,,,,,,,,,64,64,59,,,,,50,,,,64,,,,,,,MODELED
MIA_OT_01,OT,57,53,60,83,82,61,71,59,52,77,76,,,,,,,,,,,,,,,,,,,,,,,,58,,,,,,70,,,,,,,,,,80,,,,66,,,,,,,60,,,,,MODELED
MIA_OT_02,OT,46,46,61,72,78,49,67,70,49,74,69,,,,,,,,,,,,,,,,,,,,,,,,72,,,,,,64,,,,,,,,,,66,,,,65,,,,,,,72,,,,,MODELED
MIA_OT_03,OT,50,45,40,77,90,84,54,74,71,57,63,,,,,,,,,,,,,,,,,,,,,,,,73,,,,,,79,,,,,,,,,,53,,,,83,,,,,,,70,,,,,MODELED
MIA_OT_04,OT,52,66,64,82,58,70,69,73,92,66,72,,,,,,,,,,,,,,,,,,,,,,,,67,,,,,,66,,,,,,,,,,69,,,,78,,,,,,,71,,,,,MODELED
MIA_OT_05,OT,46,38,63,81,77,89,63,61,57,60,57,,,,,,,,,,,,,,,,,,,,,,,,69,,,,,,65,,,,,,,,,,70,,,,57,,,,,,,60,,,,,MODELED
MIA_OT_06,OT,33,53,62,70,79,82,60,59,48,55,52,,,,,,,,,,,,,,,,,,,,,,,,66,,,,,,62,,,,,,,,,,69,,,,56,,,,,,,66,,,,,MODELED
MIA_OG_01,OG,59,54,57,86,72,60,76,59,61,60,76,,,,,,,,,,,,,,,,,,,,,,,,80,,,,,,67,,,,,,,,,,65,,,,80,,,,,,,69,,,,,MODELED
MIA_OG_02,OG,58,50,57,87,82,99,74,71,72,77,78,,,,,,,,,,,,,,,,,,,,,,,,66,,,,,,60,,,,,,,,,,62,,,,65,,,,,,,58,,,,,MODELED
MIA_OG_03,OG,28,41,58,70,77,80,68,69,62,73,48,,,,,,,,,,,,,,,,,,,,,,,,46,,,,,,68,,,,,,,,,,71,,,,56,,,,,,,67,,,,,MODELED
MIA_OG_04,OG,48,34,48,77,67,69,60,67,57,57,56,,,,,,,,,,,,,,,,,,,,,,,,59,,,,,,65,,,,,,,,,,59,,,,50,,,,,,,62,,,,,MODELED
MIA_OG_05,OG,51,51,62,82,85,55,64,70,74,59,65,,,,,,,,,,,,,,,,,,,,,,,,78,,,,,,78,,,,,,,,,,63,,,,58,,,,,,,73,,,,,MODELED
MIA_OG_06,OG,33,47,35,67,73,64,53,56,88,70,34,,,,,,,,,,,,,,,,,,,,,,,,63,,,,,,54,,,,,,,,,,45,,,,53,,,,,,,41,,,,,MODELED
MIA_C_01,C,51,66,63,67,82,82,68,76,64,58,62,,,,,,,,,,,,,,,,,,,,,65,,,76,,,,,,64,,,,,,,,,,80,,,,,,,75,,,,72,,,,,MODELED
MIA_C_02,C,37,52,60,77,89,56,70,70,52,65,72,,,,,,,,,,,,,,,,,,,,,65,,,55,,,,,,61,,,,,,,,,,72,,,,,,,74,,,,68,,,,,MODELED
MIA_C_03,C,28,43,43,69,67,89,60,45,87,62,58,,,,,,,,,,,,,,,,,,,,,50,,,64,,,,,,48,,,,,,,,,,62,,,,,,,53,,,,62,,,,,MODELED
MIA_EDGE_01,EDGE,86,80,83,89,93,71,71,80,75,71,,,,86,,,,,,,81,,,,,70,,,,,,,,,,,79,,,,,78,,,,,85,,,,,75,,,,,,,,,,,,,,,MODELED
MIA_EDGE_02,EDGE,54,62,73,71,83,83,73,67,73,69,,,,72,,,,,,,70,,,,,83,,,,,,,,,,,63,,,,,57,,,,,60,,,,,69,,,,,,,,,,,,,,,MODELED
MIA_EDGE_03,EDGE,64,65,61,62,69,49,56,53,51,65,,,,67,,,,,,,57,,,,,59,,,,,,,,,,,56,,,,,49,,,,,52,,,,,44,,,,,,,,,,,,,,,MODELED
MIA_EDGE_04,EDGE,68,66,78,69,80,72,61,71,69,61,,,,62,,,,,,,53,,,,,73,,,,,,,,,,,65,,,,,69,,,,,57,,,,,77,,,,,,,,,,,,,,,MODELED
MIA_EDGE_05,EDGE,55,69,60,58,72,55,57,63,81,69,,,,71,,,,,,,61,,,,,44,,,,,,,,,,,54,,,,,61,,,,,52,,,,,44,,,,,,,,,,,,,,,MODELED
MIA_EDGE_06,EDGE,63,62,65,75,85,42,53,56,71,57,,,,48,,,,,,,63,,,,,50,,,,,,,,,,,52,,,,,63,,,,,62,,,,,57,,,,,,,,,,,,,,,MODELED
MIA_EDGE_07,EDGE,65,61,71,81,79,60,68,69,61,64,,,,68,,,,,,,75,,,,,70,,,,,,,,,,,68,,,,,68,,,,,64,,,,,57,,,,,,,,,,,,,,,MODELED
MIA_EDGE_08,EDGE,61,79,73,61,88,80,59,65,68,63,,,,63,,,,,,,69,,,,,59,,,,,,,,,,,65,,,,,57,,,,,70,,,,,53,,,,,,,,,,,,,,,MODELED
MIA_EDGE_09,EDGE,65,60,70,74,77,66,52,56,81,48,,,,60,,,,,,,54,,,,,49,,,,,,,,,,,46,,,,,55,,,,,64,,,,,61,,,,,,,,,,,,,,,MODELED
MIA_DT_01,DT,51,74,64,93,83,82,66,72,63,68,,,,77,,,,,,,,,,,,83,,,,,,,,,,,81,,,,,62,,,,,73,,,,,77,,,,,,,,,,,,,,,MODELED
MIA_DT_02,DT,56,68,66,88,79,86,71,73,80,66,,,,82,,,,,,,,,,,,82,,,,,,,,,,,79,,,,,82,,,,,75,,,,,86,,,,,,,,,,,,,,,MODELED
MIA_DT_03,DT,53,71,65,86,66,59,70,73,69,67,,,,66,,,,,,,,,,,,71,,,,,,,,,,,69,,,,,68,,,,,74,,,,,60,,,,,,,,,,,,,,,MODELED
MIA_DT_04,DT,55,58,69,74,70,89,68,67,48,65,,,,77,,,,,,,,,,,,84,,,,,,,,,,,78,,,,,72,,,,,74,,,,,56,,,,,,,,,,,,,,,MODELED
MIA_DT_05,DT,61,64,75,93,81,80,74,76,77,80,,,,63,,,,,,,,,,,,83,,,,,,,,,,,83,,,,,73,,,,,83,,,,,77,,,,,,,,,,,,,,,MODELED
MIA_DT_06,DT,49,49,45,82,76,59,58,57,66,55,,,,71,,,,,,,,,,,,56,,,,,,,,,,,60,,,,,57,,,,,59,,,,,67,,,,,,,,,,,,,,,MODELED
MIA_DT_07,DT,43,61,50,73,72,64,56,76,71,55,,,,71,,,,,,,,,,,,62,,,,,,,,,,,53,,,,,69,,,,,56,,,,,66,,,,,,,,,,,,,,,MODELED
MIA_DT_08,DT,52,54,48,76,72,58,56,64,52,70,,,,52,,,,,,,,,,,,61,,,,,,,,,,,52,,,,,55,,,,,51,,,,,49,,,,,,,,,,,,,,,MODELED
MIA_LB_01,LB,61,73,71,64,72,78,49,68,44,70,,,52,78,,,,,,,,,,,,,,,,,,,73,,,,,,68,,,,,,,,57,,,,,,,,,,,,,,71,,,,,61,MODELED
MIA_LB_02,LB,67,66,64,60,88,79,57,78,99,54,,,60,54,,,,,,,,,,,,,,,,,,,66,,,,,,62,,,,,,,,43,,,,,,,,,,,,,,68,,,,,65,MODELED
MIA_LB_03,LB,85,70,86,79,71,76,71,69,74,64,,,83,76,,,,,,,,,,,,,,,,,,,73,,,,,,70,,,,,,,,70,,,,,,,,,,,,,,63,,,,,60,MODELED
MIA_LB_04,LB,60,57,62,73,82,83,63,60,66,59,,,69,75,,,,,,,,,,,,,,,,,,,62,,,,,,56,,,,,,,,73,,,,,,,,,,,,,,67,,,,,70,MODELED
MIA_LB_05,LB,74,70,66,76,61,95,72,66,93,65,,,74,71,,,,,,,,,,,,,,,,,,,70,,,,,,68,,,,,,,,65,,,,,,,,,,,,,,73,,,,,67,MODELED
MIA_LB_06,LB,55,54,61,65,80,78,55,54,77,52,,,57,57,,,,,,,,,,,,,,,,,,,65,,,,,,67,,,,,,,,66,,,,,,,,,,,,,,54,,,,,56,MODELED
MIA_LB_07,LB,58,50,51,59,77,37,58,40,53,64,,,63,51,,,,,,,,,,,,,,,,,,,46,,,,,,64,,,,,,,,57,,,,,,,,,,,,,,49,,,,,58,MODELED
MIA_LB_08,LB,65,63,58,60,84,99,54,54,81,61,,,58,64,,,,,,,,,,,,,,,,,,,56,,,,,,64,,,,,,,,74,,,,,,,,,,,,,,70,,,,,73,MODELED
MIA_CB_01,CB,92,79,85,71,77,66,81,72,64,80,,69,,,,,,,,,,,,,,,,,,,,,59,,,,,,67,,,,89,,,,,,,,,,,,,,,,,,69,,,,,74,MODELED
MIA_CB_02,CB,78,86,82,67,75,70,80,76,58,61,,67,,,,,,,,,,,,,,,,,,,,,68,,,,,,61,,,,68,,,,,,,,,,,,,,,,,,76,,,,,68,MODELED
MIA_CB_03,CB,99,84,95,84,89,83,92,92,72,71,,93,,,,,,,,,,,,,,,,,,,,,75,,,,,,88,,,,86,,,,,,,,,,,,,,,,,,80,,,,,92,MODELED
MIA_CB_04,CB,70,65,62,56,77,84,63,53,40,84,,62,,,,,,,,,,,,,,,,,,,,,65,,,,,,76,,,,76,,,,,,,,,,,,,,,,,,60,,,,,60,MODELED
MIA_CB_05,CB,77,73,81,62,78,77,57,72,57,66,,73,,,,,,,,,,,,,,,,,,,,,72,,,,,,67,,,,70,,,,,,,,,,,,,,,,,,64,,,,,66,MODELED
MIA_CB_06,CB,66,64,59,51,79,82,48,61,77,58,,59,,,,,,,,,,,,,,,,,,,,,47,,,,,,57,,,,69,,,,,,,,,,,,,,,,,,56,,,,,73,MODELED
MIA_CB_07,CB,80,68,77,66,69,63,75,63,82,70,,59,,,,,,,,,,,,,,,,,,,,,65,,,,,,68,,,,71,,,,,,,,,,,,,,,,,,66,,,,,60,MODELED
MIA_CB_08,CB,69,67,73,60,81,77,67,66,66,52,,60,,,,,,,,,,,,,,,,,,,,,69,,,,,,54,,,,69,,,,,,,,,,,,,,,,,,70,,,,,68,MODELED
MIA_CB_09,CB,66,61,57,42,81,47,54,50,58,58,,66,,,,,,,,,,,,,,,,,,,,,59,,,,,,44,,,,55,,,,,,,,,,,,,,,,,,68,,,,,60,MODELED
MIA_CB_10,CB,73,65,66,52,79,65,51,60,31,55,,52,,,,,,,,,,,,,,,,,,,,,59,,,,,,58,,,,57,,,,,,,,,,,,,,,,,,71,,,,,51,MODELED
MIA_CB_11,CB,73,72,60,48,72,56,53,46,78,53,,56,,,,,,,,,,,,,,,,,,,,,56,,,,,,48,,,,68,,,,,,,,,,,,,,,,,,45,,,,,42,MODELED
MIA_S_01,S,63,72,62,54,75,61,64,68,52,69,,55,,,,,,,,,,,,,,,,,,,,,55,,,,,,55,,,,69,,,,,,,,,,68,,,,,,,,73,,,,,70,MODELED
MIA_S_02,S,80,84,83,77,84,86,73,84,67,60,,72,,,,,,,,,,,,,,,,,,,,,89,,,,,,78,,,,85,,,,,,,,,,60,,,,,,,,79,,,,,69,MODELED
MIA_S_03,S,68,65,85,68,82,46,80,69,71,69,,62,,,,,,,,,,,,,,,,,,,,,70,,,,,,75,,,,65,,,,,,,,,,63,,,,,,,,65,,,,,59,MODELED
MIA_S_04,S,71,78,73,73,83,56,76,55,81,66,,67,,,,,,,,,,,,,,,,,,,,,71,,,,,,68,,,,65,,,,,,,,,,59,,,,,,,,69,,,,,70,MODELED
MIA_S_05,S,70,83,74,66,74,66,55,64,60,70,,73,,,,,,,,,,,,,,,,,,,,,68,,,,,,63,,,,63,,,,,,,,,,71,,,,,,,,54,,,,,60,MODELED
MIA_S_06,S,68,73,65,63,80,70,54,60,70,54,,60,,,,,,,,,,,,,,,,,,,,,63,,,,,,63,,,,61,,,,,,,,,,56,,,,,,,,69,,,,,72,MODELED
MIA_S_07,S,70,57,66,67,76,53,48,56,77,67,,56,,,,,,,,,,,,,,,,,,,,,66,,,,,,63,,,,67,,,,,,,,,,58,,,,,,,,59,,,,,51,MODELED
MIA_K_01,K,68,44,52,54,66,78,68,62,62,67,,,,,,,,,74,,,,,,,,,75,62,78,,,,,,,,,,,,,,,,,,,,,,,,,,,,,,,,,,,,,MODELED
MIA_K_02,K,44,43,42,50,83,64,60,63,72,74,,,,,,,,,65,,,,,,,,,61,72,64,,,,,,,,,,,,,,,,,,,,,,,,,,,,,,,,,,,,,MODELED
MIA_P_01,P,41,49,61,58,71,42,67,65,68,58,,,,,,,,,,,,,,83,,,62,,,,,,,,,,,,,,,,,,59,68,,,,,,,,,,,,,,,,,,,,,MODELED
MIA_P_02,P,30,31,43,32,78,65,63,57,69,57,,,,,,,,,,,,,,54,,,58,,,,,,,,,,,,,,,,,,43,65,,,,,,,,,,,,,,,,,,,,,MODELED
MIA_LS_01,LS,75,57,60,87,80,63,76,75,57,84,,,,,,,,,,,66,,,,,,,,,,,,,,,,,,,,,,,,,,,,,,,,,,,,,79,72,,,,,,,,MODELED
NE_QB_01,QB,63,75,72,54,74,78,69,71,74,79,,,,,,,,,,,,71,61,,,,,,,,,,,74,,,,74,,67,,,,77,,,,,,,,,,74,,,66,,,,,,69,78,,,MODELED
NE_QB_02,QB,68,61,69,45,93,62,65,62,71,66,,,,,,,,,,,,60,77,,,,,,,,,,,65,,,,70,,79,,,,64,,,,,,,,,,56,,,66,,,,,,63,63,,,MODELED
NE_QB_03,QB,49,57,47,48,61,57,53,55,69,52,,,,,,,,,,,,52,56,,,,,,,,,,,39,,,,51,,71,,,,61,,,,,,,,,,57,,,69,,,,,,58,64,,,MODELED
NE_QB_04,QB,55,48,49,47,84,66,39,52,55,59,,,,,,,,,,,,51,59,,,,,,,,,,,49,,,,45,,50,,,,64,,,,,,,,,,63,,,55,,,,,,48,43,,,MODELED
NE_RB_01,RB,99,90,87,88,83,65,97,97,83,93,,,,,98,99,,,,99,,,,,83,,,,,,,,,,,94,,,,,,,,,,,,82,,,,,,,,,,,,,,,,,95,,MODELED
NE_RB_02,RB,68,69,61,64,77,75,57,66,99,65,,,,,60,54,,,,72,,,,,64,,,,,,,,,,,63,,,,,,,,,,,,61,,,,,,,,,,,,,,,,,56,,MODELED
NE_RB_03,RB,87,66,74,63,85,73,55,62,82,60,,,,,69,75,,,,61,,,,,65,,,,,,,,,,,70,,,,,,,,,,,,70,,,,,,,,,,,,,,,,,71,,MODELED
NE_RB_04,RB,77,88,71,65,88,70,67,62,71,49,,,,,71,70,,,,75,,,,,67,,,,,,,,,,,52,,,,,,,,,,,,75,,,,,,,,,,,,,,,,,68,,MODELED
NE_RB_05,RB,71,60,58,59,58,75,57,59,76,57,,,,,54,61,,,,52,,,,,62,,,,,,,,,,,71,,,,,,,,,,,,52,,,,,,,,,,,,,,,,,57,,MODELED
NE_FB_01,FB,69,75,75,87,92,78,81,77,53,69,,,,,,76,,,,88,,,,,,,,,,,99,,,,,75,,,,,,,,,,,,64,,,83,,,,,,,,,,,,,,,,MODELED
NE_WR_01,WR,97,84,91,69,89,69,80,75,45,74,,,,,,,79,84,,,,,,,,,,,,,,,,,,,,,,,,,,,,,,,70,72,65,,,,,81,,,,98,,,,,,,MODELED
NE_WR_02,WR,95,95,97,79,82,63,94,94,72,75,,,,,,,88,87,,,,,,,,,,,,,,,,,,,,,,,,,,,,,,,89,77,84,,,,,80,,,,85,,,,,,,MODELED
NE_WR_03,WR,92,91,84,74,93,79,83,92,48,65,,,,,,,60,79,,,,,,,,,,,,,,,,,,,,,,,,,,,,,,,68,67,78,,,,,76,,,,64,,,,,,,MODELED
NE_WR_04,WR,74,76,76,57,78,68,61,67,95,52,,,,,,,81,65,,,,,,,,,,,,,,,,,,,,,,,,,,,,,,,60,72,64,,,,,64,,,,79,,,,,,,MODELED
NE_WR_05,WR,70,77,69,59,60,55,68,74,82,80,,,,,,,59,66,,,,,,,,,,,,,,,,,,,,,,,,,,,,,,,60,60,66,,,,,73,,,,67,,,,,,,MODELED
NE_WR_06,WR,99,92,77,80,82,72,77,81,84,61,,,,,,,78,77,,,,,,,,,,,,,,,,,,,,,,,,,,,,,,,85,82,77,,,,,84,,,,68,,,,,,,MODELED
NE_WR_07,WR,61,74,78,60,76,81,63,60,67,69,,,,,,,66,61,,,,,,,,,,,,,,,,,,,,,,,,,,,,,,,64,67,60,,,,,67,,,,67,,,,,,,MODELED
NE_WR_08,WR,75,67,79,52,88,58,54,64,95,62,,,,,,,50,60,,,,,,,,,,,,,,,,,,,,,,,,,,,,,,,70,57,70,,,,,58,,,,65,,,,,,,MODELED
NE_WR_09,WR,56,65,59,45,72,77,48,43,68,48,,,,,,,62,56,,,,,,,,,,,,,,,,,,,,,,,,,,,,,,,45,39,48,,,,,47,,,,52,,,,,,,MODELED
NE_WR_10,WR,64,51,65,53,81,42,51,52,77,59,,,,,,,41,61,,,,,,,,,,,,,,,,,,,,,,,,,,,,,,,44,64,72,,,,,60,,,,62,,,,,,,MODELED
NE_WR_11,WR,86,65,58,61,76,66,60,66,72,56,,,,,,,61,57,,,,,,,,,,,,,,,,,,,,,,,,,,,,,,,69,68,66,,,,,59,,,,57,,,,,,,MODELED
NE_TE_01,TE,88,76,87,90,83,73,91,77,60,79,,,,,,,91,81,,,,,,,,,,,,,,,,,81,,,,,,,,,,,,,,77,94,93,,,,,93,,,,76,,,,,,,MODELED
NE_TE_02,TE,68,64,67,67,82,94,70,68,93,64,,,,,,,75,75,,,,,,,,,,,,,,,,,69,,,,,,,,,,,,,,63,65,77,,,,,64,,,,70,,,,,,,MODELED
NE_TE_03,TE,63,74,72,70,76,85,73,77,45,68,,,,,,,90,66,,,,,,,,,,,,,,,,,71,,,,,,,,,,,,,,73,80,61,,,,,66,,,,68,,,,,,,MODELED
NE_TE_04,TE,76,68,71,74,90,79,55,67,85,70,,,,,,,68,68,,,,,,,,,,,,,,,,,58,,,,,,,,,,,,,,64,57,65,,,,,69,,,,52,,,,,,,MODELED
NE_TE_05,TE,64,55,60,66,81,65,65,71,55,71,,,,,,,68,63,,,,,,,,,,,,,,,,,62,,,,,,,,,,,,,,62,67,72,,,,,57,,,,63,,,,,,,MODELED
NE_TE_06,TE,62,67,58,72,93,60,69,57,63,56,,,,,,,74,64,,,,,,,,,,,,,,,,,67,,,,,,,,,,,,,,58,67,64,,,,,54,,,,66,,,,,,,MODELED
NE_OT_01,OT,53,55,68,86,74,72,71,68,71,75,76,,,,,,,,,,,,,,,,,,,,,,,,58,,,,,,60,,,,,,,,,,59,,,,68,,,,,,,60,,,,,MODELED
NE_OT_02,OT,52,65,71,97,81,91,77,87,64,75,78,,,,,,,,,,,,,,,,,,,,,,,,78,,,,,,82,,,,,,,,,,85,,,,76,,,,,,,72,,,,,MODELED
NE_OT_03,OT,56,66,63,88,87,74,76,71,61,93,75,,,,,,,,,,,,,,,,,,,,,,,,80,,,,,,83,,,,,,,,,,75,,,,76,,,,,,,83,,,,,MODELED
NE_OT_04,OT,48,42,63,76,80,77,53,58,57,66,69,,,,,,,,,,,,,,,,,,,,,,,,60,,,,,,67,,,,,,,,,,60,,,,61,,,,,,,43,,,,,MODELED
NE_OT_05,OT,47,40,61,70,78,89,71,60,87,64,59,,,,,,,,,,,,,,,,,,,,,,,,60,,,,,,63,,,,,,,,,,77,,,,68,,,,,,,68,,,,,MODELED
NE_OT_06,OT,44,49,53,77,75,84,57,64,93,59,64,,,,,,,,,,,,,,,,,,,,,,,,45,,,,,,67,,,,,,,,,,64,,,,66,,,,,,,58,,,,,MODELED
NE_OG_01,OG,65,57,59,94,78,79,79,87,77,61,54,,,,,,,,,,,,,,,,,,,,,,,,68,,,,,,82,,,,,,,,,,78,,,,66,,,,,,,91,,,,,MODELED
NE_OG_02,OG,59,55,64,84,79,65,68,84,77,75,69,,,,,,,,,,,,,,,,,,,,,,,,75,,,,,,70,,,,,,,,,,82,,,,75,,,,,,,82,,,,,MODELED
NE_OG_03,OG,40,54,53,72,89,69,55,71,64,67,63,,,,,,,,,,,,,,,,,,,,,,,,62,,,,,,70,,,,,,,,,,74,,,,62,,,,,,,74,,,,,MODELED
NE_OG_04,OG,53,55,51,82,85,72,58,79,67,69,72,,,,,,,,,,,,,,,,,,,,,,,,65,,,,,,60,,,,,,,,,,62,,,,68,,,,,,,70,,,,,MODELED
NE_OG_05,OG,56,42,59,78,73,75,66,63,60,61,52,,,,,,,,,,,,,,,,,,,,,,,,62,,,,,,64,,,,,,,,,,61,,,,75,,,,,,,69,,,,,MODELED
NE_OG_06,OG,46,44,54,73,79,73,64,56,66,43,55,,,,,,,,,,,,,,,,,,,,,,,,66,,,,,,64,,,,,,,,,,68,,,,56,,,,,,,62,,,,,MODELED
NE_C_01,C,65,62,61,97,98,79,86,87,67,65,86,,,,,,,,,,,,,,,,,,,,,72,,,79,,,,,,80,,,,,,,,,,70,,,,,,,81,,,,84,,,,,MODELED
NE_C_02,C,57,59,62,83,92,55,65,60,80,70,57,,,,,,,,,,,,,,,,,,,,,64,,,62,,,,,,55,,,,,,,,,,67,,,,,,,65,,,,66,,,,,MODELED
NE_C_03,C,32,52,27,72,78,53,57,60,45,80,56,,,,,,,,,,,,,,,,,,,,,64,,,65,,,,,,65,,,,,,,,,,53,,,,,,,64,,,,67,,,,,MODELED
NE_EDGE_01,EDGE,81,93,74,92,63,66,81,79,64,57,,,,65,,,,,,,88,,,,,83,,,,,,,,,,,78,,,,,87,,,,,88,,,,,73,,,,,,,,,,,,,,,MODELED
NE_EDGE_02,EDGE,80,81,92,92,82,53,83,79,74,78,,,,68,,,,,,,98,,,,,62,,,,,,,,,,,90,,,,,84,,,,,82,,,,,79,,,,,,,,,,,,,,,MODELED
NE_EDGE_03,EDGE,71,69,73,74,82,80,75,67,78,57,,,,72,,,,,,,63,,,,,63,,,,,,,,,,,74,,,,,57,,,,,63,,,,,69,,,,,,,,,,,,,,,MODELED
NE_EDGE_04,EDGE,64,82,72,78,80,70,76,68,56,69,,,,82,,,,,,,62,,,,,74,,,,,,,,,,,74,,,,,82,,,,,76,,,,,63,,,,,,,,,,,,,,,MODELED
NE_EDGE_05,EDGE,70,67,65,81,69,87,73,55,56,60,,,,75,,,,,,,60,,,,,59,,,,,,,,,,,69,,,,,68,,,,,68,,,,,61,,,,,,,,,,,,,,,MODELED
NE_EDGE_06,EDGE,71,62,68,63,69,83,62,56,58,68,,,,54,,,,,,,55,,,,,65,,,,,,,,,,,66,,,,,53,,,,,52,,,,,52,,,,,,,,,,,,,,,MODELED
NE_EDGE_07,EDGE,74,66,67,78,90,85,69,68,59,67,,,,75,,,,,,,66,,,,,54,,,,,,,,,,,56,,,,,77,,,,,63,,,,,54,,,,,,,,,,,,,,,MODELED
NE_EDGE_08,EDGE,53,59,59,68,70,61,49,55,50,42,,,,58,,,,,,,45,,,,,43,,,,,,,,,,,63,,,,,47,,,,,59,,,,,48,,,,,,,,,,,,,,,MODELED
NE_EDGE_09,EDGE,59,71,70,67,68,70,56,67,68,55,,,,69,,,,,,,59,,,,,53,,,,,,,,,,,69,,,,,54,,,,,53,,,,,78,,,,,,,,,,,,,,,MODELED
NE_DT_01,DT,70,75,70,96,91,41,78,72,90,67,,,,69,,,,,,,,,,,,86,,,,,,,,,,,81,,,,,90,,,,,75,,,,,81,,,,,,,,,,,,,,,MODELED
NE_DT_02,DT,60,63,52,89,85,52,63,67,75,66,,,,67,,,,,,,,,,,,75,,,,,,,,,,,62,,,,,83,,,,,71,,,,,79,,,,,,,,,,,,,,,MODELED
NE_DT_03,DT,62,54,66,79,77,86,70,69,71,72,,,,77,,,,,,,,,,,,78,,,,,,,,,,,65,,,,,48,,,,,81,,,,,71,,,,,,,,,,,,,,,MODELED
NE_DT_04,DT,56,68,52,85,77,64,63,63,70,64,,,,55,,,,,,,,,,,,77,,,,,,,,,,,74,,,,,73,,,,,70,,,,,67,,,,,,,,,,,,,,,MODELED
NE_DT_05,DT,42,56,60,82,79,99,54,67,86,55,,,,68,,,,,,,,,,,,66,,,,,,,,,,,85,,,,,58,,,,,72,,,,,68,,,,,,,,,,,,,,,MODELED
NE_DT_06,DT,40,49,39,69,72,67,61,73,55,53,,,,49,,,,,,,,,,,,44,,,,,,,,,,,51,,,,,56,,,,,59,,,,,60,,,,,,,,,,,,,,,MODELED
NE_DT_07,DT,48,44,49,80,73,73,57,56,81,67,,,,65,,,,,,,,,,,,60,,,,,,,,,,,60,,,,,60,,,,,57,,,,,70,,,,,,,,,,,,,,,MODELED
NE_DT_08,DT,50,53,48,71,69,66,48,51,70,55,,,,52,,,,,,,,,,,,53,,,,,,,,,,,53,,,,,62,,,,,72,,,,,55,,,,,,,,,,,,,,,MODELED
NE_LB_01,LB,92,82,95,84,83,84,93,85,50,71,,,82,88,,,,,,,,,,,,,,,,,,,86,,,,,,89,,,,,,,,88,,,,,,,,,,,,,,93,,,,,99,MODELED
NE_LB_02,LB,73,75,72,76,86,61,71,82,87,72,,,80,81,,,,,,,,,,,,,,,,,,,84,,,,,,62,,,,,,,,75,,,,,,,,,,,,,,86,,,,,72,MODELED
NE_LB_03,LB,77,79,85,67,89,79,77,63,83,59,,,71,81,,,,,,,,,,,,,,,,,,,74,,,,,,83,,,,,,,,70,,,,,,,,,,,,,,78,,,,,62,MODELED
NE_LB_04,LB,77,77,75,91,80,70,78,85,76,68,,,81,88,,,,,,,,,,,,,,,,,,,75,,,,,,83,,,,,,,,74,,,,,,,,,,,,,,72,,,,,84,MODELED
NE_LB_05,LB,73,69,80,62,62,73,63,58,71,70,,,64,64,,,,,,,,,,,,,,,,,,,64,,,,,,60,,,,,,,,65,,,,,,,,,,,,,,58,,,,,75,MODELED
NE_LB_06,LB,68,66,63,56,72,99,48,52,71,56,,,65,52,,,,,,,,,,,,,,,,,,,62,,,,,,56,,,,,,,,58,,,,,,,,,,,,,,70,,,,,66,MODELED
NE_LB_07,LB,57,51,46,62,70,72,38,51,80,54,,,56,51,,,,,,,,,,,,,,,,,,,53,,,,,,66,,,,,,,,59,,,,,,,,,,,,,,50,,,,,52,MODELED
NE_LB_08,LB,64,56,60,56,78,83,56,52,89,52,,,57,63,,,,,,,,,,,,,,,,,,,64,,,,,,60,,,,,,,,52,,,,,,,,,,,,,,68,,,,,72,MODELED
NE_CB_01,CB,68,84,83,54,80,64,65,75,48,71,,63,,,,,,,,,,,,,,,,,,,,,81,,,,,,68,,,,65,,,,,,,,,,,,,,,,,,58,,,,,66,MODELED
NE_CB_02,CB,73,80,72,60,86,70,68,69,65,74,,59,,,,,,,,,,,,,,,,,,,,,68,,,,,,65,,,,78,,,,,,,,,,,,,,,,,,86,,,,,79,MODELED
NE_CB_03,CB,85,92,87,62,89,54,78,71,83,71,,83,,,,,,,,,,,,,,,,,,,,,79,,,,,,83,,,,79,,,,,,,,,,,,,,,,,,84,,,,,76,MODELED
NE_CB_04,CB,81,78,83,60,83,82,59,85,72,85,,76,,,,,,,,,,,,,,,,,,,,,69,,,,,,77,,,,77,,,,,,,,,,,,,,,,,,75,,,,,73,MODELED
NE_CB_05,CB,61,66,63,39,76,70,63,68,80,62,,61,,,,,,,,,,,,,,,,,,,,,63,,,,,,67,,,,63,,,,,,,,,,,,,,,,,,57,,,,,63,MODELED
NE_CB_06,CB,73,90,85,59,85,29,75,69,68,86,,78,,,,,,,,,,,,,,,,,,,,,75,,,,,,78,,,,65,,,,,,,,,,,,,,,,,,65,,,,,72,MODELED
NE_CB_07,CB,61,70,66,52,75,75,52,44,74,63,,53,,,,,,,,,,,,,,,,,,,,,56,,,,,,64,,,,43,,,,,,,,,,,,,,,,,,60,,,,,53,MODELED
NE_CB_08,CB,64,77,70,49,60,48,69,59,98,61,,59,,,,,,,,,,,,,,,,,,,,,54,,,,,,56,,,,66,,,,,,,,,,,,,,,,,,57,,,,,57,MODELED
NE_CB_09,CB,68,69,69,57,83,70,47,48,61,50,,53,,,,,,,,,,,,,,,,,,,,,56,,,,,,59,,,,53,,,,,,,,,,,,,,,,,,46,,,,,52,MODELED
NE_CB_10,CB,83,75,81,61,75,76,70,62,67,57,,80,,,,,,,,,,,,,,,,,,,,,67,,,,,,62,,,,54,,,,,,,,,,,,,,,,,,69,,,,,66,MODELED
NE_CB_11,CB,68,59,60,49,67,97,62,56,71,51,,66,,,,,,,,,,,,,,,,,,,,,68,,,,,,67,,,,65,,,,,,,,,,,,,,,,,,55,,,,,43,MODELED
NE_S_01,S,74,64,68,59,87,73,67,74,78,59,,79,,,,,,,,,,,,,,,,,,,,,67,,,,,,62,,,,64,,,,,,,,,,66,,,,,,,,62,,,,,59,MODELED
NE_S_02,S,68,72,72,72,86,62,76,70,76,53,,69,,,,,,,,,,,,,,,,,,,,,83,,,,,,78,,,,63,,,,,,,,,,83,,,,,,,,72,,,,,79,MODELED
NE_S_03,S,73,76,77,56,99,70,77,71,47,72,,79,,,,,,,,,,,,,,,,,,,,,80,,,,,,74,,,,65,,,,,,,,,,62,,,,,,,,79,,,,,79,MODELED
NE_S_04,S,75,73,71,61,79,60,64,67,45,74,,55,,,,,,,,,,,,,,,,,,,,,62,,,,,,61,,,,70,,,,,,,,,,76,,,,,,,,65,,,,,83,MODELED
NE_S_05,S,70,87,80,62,72,56,54,48,68,78,,65,,,,,,,,,,,,,,,,,,,,,48,,,,,,60,,,,62,,,,,,,,,,69,,,,,,,,59,,,,,57,MODELED
NE_S_06,S,50,52,62,56,72,76,44,53,61,56,,52,,,,,,,,,,,,,,,,,,,,,56,,,,,,57,,,,56,,,,,,,,,,51,,,,,,,,60,,,,,59,MODELED
NE_S_07,S,72,62,74,59,79,40,56,64,70,70,,65,,,,,,,,,,,,,,,,,,,,,74,,,,,,82,,,,69,,,,,,,,,,68,,,,,,,,67,,,,,55,MODELED
NE_K_01,K,50,57,61,56,82,58,81,75,70,78,,,,,,,,,76,,,,,,,,,84,77,72,,,,,,,,,,,,,,,,,,,,,,,,,,,,,,,,,,,,,MODELED
NE_K_02,K,30,48,44,53,69,64,60,57,76,59,,,,,,,,,59,,,,,,,,,60,62,57,,,,,,,,,,,,,,,,,,,,,,,,,,,,,,,,,,,,,MODELED
NE_P_01,P,36,49,44,51,94,63,73,70,60,72,,,,,,,,,,,,,,68,,,60,,,,,,,,,,,,,,,,,,71,73,,,,,,,,,,,,,,,,,,,,,MODELED
NE_P_02,P,32,48,29,41,75,74,52,61,61,56,,,,,,,,,,,,,,56,,,58,,,,,,,,,,,,,,,,,,36,61,,,,,,,,,,,,,,,,,,,,,MODELED
NE_LS_01,LS,54,57,52,75,78,60,67,62,59,65,,,,,,,,,,,66,,,,,,,,,,,,,,,,,,,,,,,,,,,,,,,,,,,,,69,71,,,,,,,,MODELED
NYJ_QB_01,QB,86,96,84,85,79,80,97,93,44,71,,,,,,,,,,,,86,83,,,,,,,,,,,97,,,,99,,89,,,,81,,,,,,,,,,99,,,92,,,,,,96,90,,,MODELED
NYJ_QB_02,QB,53,53,62,72,77,63,71,66,63,71,,,,,,,,,,,,67,70,,,,,,,,,,,54,,,,57,,74,,,,74,,,,,,,,,,68,,,71,,,,,,68,69,,,MODELED
NYJ_QB_03,QB,56,59,56,59,79,75,71,71,98,68,,,,,,,,,,,,57,55,,,,,,,,,,,60,,,,69,,75,,,,72,,,,,,,,,,49,,,63,,,,,,75,66,,,MODELED
NYJ_QB_04,QB,48,50,41,60,82,69,45,53,71,69,,,,,,,,,,,,50,64,,,,,,,,,,,55,,,,68,,63,,,,43,,,,,,,,,,57,,,45,,,,,,46,47,,,MODELED
NYJ_RB_01,RB,85,82,71,72,81,55,76,85,63,49,,,,,79,75,,,,80,,,,,71,,,,,,,,,,,69,,,,,,,,,,,,77,,,,,,,,,,,,,,,,,69,,MODELED
NYJ_RB_02,RB,74,86,73,58,75,80,62,58,76,58,,,,,54,57,,,,66,,,,,55,,,,,,,,,,,60,,,,,,,,,,,,48,,,,,,,,,,,,,,,,,59,,MODELED
NYJ_RB_03,RB,80,83,83,78,86,85,77,72,59,70,,,,,83,73,,,,91,,,,,80,,,,,,,,,,,72,,,,,,,,,,,,80,,,,,,,,,,,,,,,,,80,,MODELED
NYJ_RB_04,RB,65,54,58,60,80,52,57,53,74,67,,,,,63,54,,,,49,,,,,58,,,,,,,,,,,68,,,,,,,,,,,,58,,,,,,,,,,,,,,,,,45,,MODELED
NYJ_RB_05,RB,71,79,73,66,85,73,55,45,77,60,,,,,46,49,,,,51,,,,,56,,,,,,,,,,,74,,,,,,,,,,,,63,,,,,,,,,,,,,,,,,43,,MODELED
NYJ_FB_01,FB,67,76,69,92,77,52,83,80,57,85,,,,,,78,,,,78,,,,,,,,,,,77,,,,,89,,,,,,,,,,,,82,,,79,,,,,,,,,,,,,,,,MODELED
NYJ_WR_01,WR,83,78,72,67,91,66,86,80,53,63,,,,,,,81,73,,,,,,,,,,,,,,,,,,,,,,,,,,,,,,,80,72,74,,,,,86,,,,84,,,,,,,MODELED
NYJ_WR_02,WR,84,94,96,77,92,85,79,84,35,62,,,,,,,92,81,,,,,,,,,,,,,,,,,,,,,,,,,,,,,,,81,92,80,,,,,87,,,,83,,,,,,,MODELED
NYJ_WR_03,WR,82,92,97,68,84,56,84,91,91,63,,,,,,,83,83,,,,,,,,,,,,,,,,,,,,,,,,,,,,,,,90,86,87,,,,,76,,,,94,,,,,,,MODELED
NYJ_WR_04,WR,74,75,77,55,83,81,62,72,62,61,,,,,,,71,70,,,,,,,,,,,,,,,,,,,,,,,,,,,,,,,79,67,83,,,,,77,,,,75,,,,,,,MODELED
NYJ_WR_05,WR,74,77,84,62,81,55,74,80,63,66,,,,,,,71,77,,,,,,,,,,,,,,,,,,,,,,,,,,,,,,,80,76,72,,,,,65,,,,83,,,,,,,MODELED
NYJ_WR_06,WR,81,82,81,62,79,98,79,86,86,76,,,,,,,72,67,,,,,,,,,,,,,,,,,,,,,,,,,,,,,,,75,67,70,,,,,71,,,,72,,,,,,,MODELED
NYJ_WR_07,WR,82,70,72,60,81,61,56,83,52,61,,,,,,,61,73,,,,,,,,,,,,,,,,,,,,,,,,,,,,,,,57,75,68,,,,,53,,,,73,,,,,,,MODELED
NYJ_WR_08,WR,68,76,81,64,75,85,71,65,69,67,,,,,,,69,69,,,,,,,,,,,,,,,,,,,,,,,,,,,,,,,62,71,76,,,,,70,,,,64,,,,,,,MODELED
NYJ_WR_09,WR,51,41,68,38,67,73,44,38,58,69,,,,,,,56,57,,,,,,,,,,,,,,,,,,,,,,,,,,,,,,,51,44,47,,,,,55,,,,59,,,,,,,MODELED
NYJ_WR_10,WR,77,62,62,46,85,73,58,56,54,53,,,,,,,48,51,,,,,,,,,,,,,,,,,,,,,,,,,,,,,,,67,56,66,,,,,61,,,,73,,,,,,,MODELED
NYJ_WR_11,WR,81,69,62,67,68,76,66,62,69,59,,,,,,,59,53,,,,,,,,,,,,,,,,,,,,,,,,,,,,,,,58,57,57,,,,,58,,,,60,,,,,,,MODELED
NYJ_TE_01,TE,75,88,81,96,78,67,98,99,69,73,,,,,,,97,86,,,,,,,,,,,,,,,,,86,,,,,,,,,,,,,,92,91,88,,,,,97,,,,78,,,,,,,MODELED
NYJ_TE_02,TE,63,76,60,82,80,87,64,69,73,69,,,,,,,78,44,,,,,,,,,,,,,,,,,68,,,,,,,,,,,,,,78,64,58,,,,,71,,,,76,,,,,,,MODELED
NYJ_TE_03,TE,64,77,68,71,73,68,69,71,75,74,,,,,,,79,73,,,,,,,,,,,,,,,,,65,,,,,,,,,,,,,,83,59,56,,,,,76,,,,79,,,,,,,MODELED
NYJ_TE_04,TE,58,72,44,62,73,63,55,66,74,58,,,,,,,60,62,,,,,,,,,,,,,,,,,58,,,,,,,,,,,,,,54,68,59,,,,,60,,,,63,,,,,,,MODELED
NYJ_TE_05,TE,54,62,59,54,72,74,53,67,42,63,,,,,,,51,65,,,,,,,,,,,,,,,,,52,,,,,,,,,,,,,,50,63,60,,,,,48,,,,47,,,,,,,MODELED
NYJ_TE_06,TE,50,50,52,63,73,91,58,56,84,58,,,,,,,52,52,,,,,,,,,,,,,,,,,56,,,,,,,,,,,,,,44,53,55,,,,,64,,,,55,,,,,,,MODELED
NYJ_OT_01,OT,70,78,82,99,83,68,99,90,68,87,79,,,,,,,,,,,,,,,,,,,,,,,,89,,,,,,84,,,,,,,,,,90,,,,82,,,,,,,81,,,,,MODELED
NYJ_OT_02,OT,74,60,74,99,88,46,82,84,39,72,82,,,,,,,,,,,,,,,,,,,,,,,,79,,,,,,87,,,,,,,,,,69,,,,71,,,,,,,83,,,,,MODELED
NYJ_OT_03,OT,65,50,53,84,73,59,72,65,57,67,59,,,,,,,,,,,,,,,,,,,,,,,,84,,,,,,73,,,,,,,,,,76,,,,57,,,,,,,58,,,,,MODELED
NYJ_OT_04,OT,56,59,74,91,79,99,77,79,62,67,86,,,,,,,,,,,,,,,,,,,,,,,,88,,,,,,86,,,,,,,,,,88,,,,72,,,,,,,84,,,,,MODELED
NYJ_OT_05,OT,48,48,45,76,70,82,65,57,83,64,54,,,,,,,,,,,,,,,,,,,,,,,,56,,,,,,57,,,,,,,,,,60,,,,62,,,,,,,62,,,,,MODELED
NYJ_OT_06,OT,47,55,51,87,83,72,65,63,77,53,47,,,,,,,,,,,,,,,,,,,,,,,,72,,,,,,58,,,,,,,,,,71,,,,73,,,,,,,58,,,,,MODELED
NYJ_OG_01,OG,54,51,72,96,77,70,64,61,45,70,84,,,,,,,,,,,,,,,,,,,,,,,,66,,,,,,74,,,,,,,,,,73,,,,72,,,,,,,69,,,,,MODELED
NYJ_OG_02,OG,56,67,56,93,88,99,66,64,69,71,81,,,,,,,,,,,,,,,,,,,,,,,,77,,,,,,82,,,,,,,,,,61,,,,69,,,,,,,81,,,,,MODELED
NYJ_OG_03,OG,43,50,45,82,94,73,57,61,70,65,63,,,,,,,,,,,,,,,,,,,,,,,,69,,,,,,67,,,,,,,,,,73,,,,72,,,,,,,67,,,,,MODELED
NYJ_OG_04,OG,51,47,52,75,75,99,70,66,80,71,62,,,,,,,,,,,,,,,,,,,,,,,,77,,,,,,73,,,,,,,,,,65,,,,61,,,,,,,71,,,,,MODELED
NYJ_OG_05,OG,47,43,50,88,80,84,52,67,65,57,68,,,,,,,,,,,,,,,,,,,,,,,,61,,,,,,58,,,,,,,,,,67,,,,64,,,,,,,59,,,,,MODELED
NYJ_OG_06,OG,37,44,28,71,71,63,48,55,63,61,50,,,,,,,,,,,,,,,,,,,,,,,,44,,,,,,44,,,,,,,,,,59,,,,60,,,,,,,48,,,,,MODELED
NYJ_C_01,C,65,60,75,94,82,85,74,99,80,84,82,,,,,,,,,,,,,,,,,,,,,82,,,78,,,,,,75,,,,,,,,,,84,,,,,,,75,,,,90,,,,,MODELED
NYJ_C_02,C,62,56,61,95,91,63,93,94,78,74,67,,,,,,,,,,,,,,,,,,,,,80,,,74,,,,,,54,,,,,,,,,,84,,,,,,,84,,,,86,,,,,MODELED
NYJ_C_03,C,35,44,34,67,74,75,60,62,51,57,47,,,,,,,,,,,,,,,,,,,,,54,,,55,,,,,,64,,,,,,,,,,57,,,,,,,50,,,,63,,,,,MODELED
NYJ_EDGE_01,EDGE,91,79,80,91,77,74,72,84,99,73,,,,83,,,,,,,73,,,,,72,,,,,,,,,,,80,,,,,90,,,,,91,,,,,65,,,,,,,,,,,,,,,MODELED
NYJ_EDGE_02,EDGE,67,80,83,80,91,69,71,72,73,76,,,,56,,,,,,,73,,,,,58,,,,,,,,,,,74,,,,,73,,,,,52,,,,,84,,,,,,,,,,,,,,,MODELED
NYJ_EDGE_03,EDGE,65,65,59,79,80,69,68,53,84,78,,,,65,,,,,,,62,,,,,54,,,,,,,,,,,69,,,,,69,,,,,56,,,,,72,,,,,,,,,,,,,,,MODELED
NYJ_EDGE_04,EDGE,76,83,78,82,75,77,77,81,80,68,,,,83,,,,,,,85,,,,,78,,,,,,,,,,,83,,,,,87,,,,,80,,,,,80,,,,,,,,,,,,,,,MODELED
NYJ_EDGE_05,EDGE,85,72,80,86,76,80,61,75,73,61,,,,85,,,,,,,81,,,,,72,,,,,,,,,,,70,,,,,74,,,,,55,,,,,78,,,,,,,,,,,,,,,MODELED
NYJ_EDGE_06,EDGE,75,75,70,76,79,60,80,69,75,58,,,,66,,,,,,,76,,,,,69,,,,,,,,,,,67,,,,,69,,,,,74,,,,,68,,,,,,,,,,,,,,,MODELED
NYJ_EDGE_07,EDGE,65,63,68,72,85,79,68,65,61,67,,,,57,,,,,,,71,,,,,48,,,,,,,,,,,70,,,,,74,,,,,55,,,,,73,,,,,,,,,,,,,,,MODELED
NYJ_EDGE_08,EDGE,58,70,52,67,76,93,58,61,66,71,,,,66,,,,,,,58,,,,,57,,,,,,,,,,,75,,,,,73,,,,,60,,,,,62,,,,,,,,,,,,,,,MODELED
NYJ_EDGE_09,EDGE,47,68,64,64,75,58,68,48,74,70,,,,54,,,,,,,49,,,,,57,,,,,,,,,,,53,,,,,67,,,,,61,,,,,49,,,,,,,,,,,,,,,MODELED
NYJ_DT_01,DT,56,86,57,99,76,76,71,80,75,58,,,,77,,,,,,,,,,,,87,,,,,,,,,,,79,,,,,70,,,,,85,,,,,71,,,,,,,,,,,,,,,MODELED
NYJ_DT_02,DT,61,73,68,94,82,74,90,85,75,76,,,,79,,,,,,,,,,,,80,,,,,,,,,,,76,,,,,75,,,,,69,,,,,74,,,,,,,,,,,,,,,MODELED
NYJ_DT_03,DT,65,62,64,90,82,63,66,71,66,72,,,,67,,,,,,,,,,,,74,,,,,,,,,,,68,,,,,62,,,,,82,,,,,85,,,,,,,,,,,,,,,MODELED
NYJ_DT_04,DT,51,44,56,87,79,90,68,79,83,71,,,,64,,,,,,,,,,,,55,,,,,,,,,,,62,,,,,69,,,,,56,,,,,63,,,,,,,,,,,,,,,MODELED
NYJ_DT_05,DT,68,60,61,83,80,63,87,67,84,78,,,,67,,,,,,,,,,,,75,,,,,,,,,,,74,,,,,72,,,,,87,,,,,84,,,,,,,,,,,,,,,MODELED
NYJ_DT_06,DT,44,54,55,78,86,66,58,63,57,64,,,,61,,,,,,,,,,,,57,,,,,,,,,,,61,,,,,52,,,,,61,,,,,63,,,,,,,,,,,,,,,MODELED
NYJ_DT_07,DT,47,53,52,69,82,52,48,55,70,57,,,,45,,,,,,,,,,,,64,,,,,,,,,,,56,,,,,54,,,,,49,,,,,58,,,,,,,,,,,,,,,MODELED
NYJ_DT_08,DT,40,56,55,71,68,55,56,62,87,57,,,,57,,,,,,,,,,,,54,,,,,,,,,,,53,,,,,56,,,,,55,,,,,54,,,,,,,,,,,,,,,MODELED
NYJ_LB_01,LB,77,81,80,82,79,90,70,87,60,48,,,71,74,,,,,,,,,,,,,,,,,,,89,,,,,,78,,,,,,,,93,,,,,,,,,,,,,,80,,,,,77,MODELED
NYJ_LB_02,LB,75,78,70,73,79,80,81,74,57,66,,,83,79,,,,,,,,,,,,,,,,,,,76,,,,,,73,,,,,,,,77,,,,,,,,,,,,,,74,,,,,84,MODELED
NYJ_LB_03,LB,65,65,73,72,81,54,62,60,71,67,,,59,65,,,,,,,,,,,,,,,,,,,50,,,,,,71,,,,,,,,76,,,,,,,,,,,,,,75,,,,,71,MODELED
NYJ_LB_04,LB,70,85,80,80,87,61,76,73,50,61,,,75,70,,,,,,,,,,,,,,,,,,,83,,,,,,79,,,,,,,,76,,,,,,,,,,,,,,54,,,,,65,MODELED
NYJ_LB_05,LB,78,73,66,70,81,89,70,64,52,65,,,65,51,,,,,,,,,,,,,,,,,,,62,,,,,,72,,,,,,,,88,,,,,,,,,,,,,,67,,,,,74,MODELED
NYJ_LB_06,LB,69,60,54,63,74,99,60,51,68,57,,,63,59,,,,,,,,,,,,,,,,,,,59,,,,,,60,,,,,,,,60,,,,,,,,,,,,,,65,,,,,54,MODELED
NYJ_LB_07,LB,54,66,59,66,77,72,52,61,81,53,,,47,50,,,,,,,,,,,,,,,,,,,56,,,,,,44,,,,,,,,56,,,,,,,,,,,,,,48,,,,,56,MODELED
NYJ_LB_08,LB,65,55,53,66,83,63,49,56,49,47,,,55,61,,,,,,,,,,,,,,,,,,,61,,,,,,66,,,,,,,,55,,,,,,,,,,,,,,54,,,,,44,MODELED
NYJ_CB_01,CB,87,88,88,62,91,58,83,85,73,71,,92,,,,,,,,,,,,,,,,,,,,,84,,,,,,70,,,,83,,,,,,,,,,,,,,,,,,70,,,,,70,MODELED
NYJ_CB_02,CB,94,98,90,81,87,66,82,71,76,77,,78,,,,,,,,,,,,,,,,,,,,,82,,,,,,81,,,,89,,,,,,,,,,,,,,,,,,82,,,,,86,MODELED
NYJ_CB_03,CB,99,99,99,89,88,32,95,80,57,83,,87,,,,,,,,,,,,,,,,,,,,,92,,,,,,89,,,,91,,,,,,,,,,,,,,,,,,99,,,,,89,MODELED
NYJ_CB_04,CB,82,83,92,65,86,70,69,91,70,75,,77,,,,,,,,,,,,,,,,,,,,,62,,,,,,76,,,,81,,,,,,,,,,,,,,,,,,86,,,,,76,MODELED
NYJ_CB_05,CB,79,82,84,72,74,67,63,72,52,66,,79,,,,,,,,,,,,,,,,,,,,,72,,,,,,73,,,,82,,,,,,,,,,,,,,,,,,90,,,,,74,MODELED
NYJ_CB_06,CB,77,70,84,52,81,54,69,76,65,60,,69,,,,,,,,,,,,,,,,,,,,,71,,,,,,76,,,,69,,,,,,,,,,,,,,,,,,71,,,,,80,MODELED
NYJ_CB_07,CB,74,71,65,52,82,68,53,52,71,58,,52,,,,,,,,,,,,,,,,,,,,,59,,,,,,61,,,,65,,,,,,,,,,,,,,,,,,63,,,,,52,MODELED
NYJ_CB_08,CB,83,70,76,57,88,74,60,55,88,55,,66,,,,,,,,,,,,,,,,,,,,,62,,,,,,68,,,,67,,,,,,,,,,,,,,,,,,61,,,,,61,MODELED
NYJ_CB_09,CB,74,74,80,55,77,75,59,54,86,59,,63,,,,,,,,,,,,,,,,,,,,,67,,,,,,78,,,,67,,,,,,,,,,,,,,,,,,59,,,,,65,MODELED
NYJ_CB_10,CB,62,71,70,53,76,75,50,55,66,52,,60,,,,,,,,,,,,,,,,,,,,,60,,,,,,59,,,,56,,,,,,,,,,,,,,,,,,63,,,,,54,MODELED
NYJ_CB_11,CB,64,62,76,53,82,86,64,52,77,67,,52,,,,,,,,,,,,,,,,,,,,,57,,,,,,56,,,,68,,,,,,,,,,,,,,,,,,57,,,,,66,MODELED
NYJ_S_01,S,85,90,95,82,86,60,82,92,96,75,,86,,,,,,,,,,,,,,,,,,,,,91,,,,,,88,,,,76,,,,,,,,,,97,,,,,,,,71,,,,,86,MODELED
NYJ_S_02,S,93,99,91,89,90,93,86,93,71,61,,96,,,,,,,,,,,,,,,,,,,,,99,,,,,,88,,,,85,,,,,,,,,,86,,,,,,,,99,,,,,94,MODELED
NYJ_S_03,S,78,75,77,66,80,70,71,68,67,61,,62,,,,,,,,,,,,,,,,,,,,,79,,,,,,74,,,,87,,,,,,,,,,52,,,,,,,,63,,,,,61,MODELED
NYJ_S_04,S,84,74,73,73,81,81,74,64,75,64,,74,,,,,,,,,,,,,,,,,,,,,64,,,,,,69,,,,75,,,,,,,,,,66,,,,,,,,68,,,,,59,MODELED
NYJ_S_05,S,67,64,54,46,67,96,62,65,73,58,,67,,,,,,,,,,,,,,,,,,,,,55,,,,,,47,,,,68,,,,,,,,,,65,,,,,,,,67,,,,,65,MODELED
NYJ_S_06,S,62,67,64,58,60,79,59,59,57,56,,61,,,,,,,,,,,,,,,,,,,,,55,,,,,,59,,,,59,,,,,,,,,,53,,,,,,,,55,,,,,50,MODELED
NYJ_S_07,S,69,60,63,60,67,65,64,52,76,64,,60,,,,,,,,,,,,,,,,,,,,,57,,,,,,54,,,,57,,,,,,,,,,59,,,,,,,,50,,,,,45,MODELED
NYJ_K_01,K,59,81,72,78,84,75,93,95,90,67,,,,,,,,,82,,,,,,,,,95,88,77,,,,,,,,,,,,,,,,,,,,,,,,,,,,,,,,,,,,,MODELED
NYJ_K_02,K,33,20,38,42,71,99,66,66,72,59,,,,,,,,,63,,,,,,,,,56,55,61,,,,,,,,,,,,,,,,,,,,,,,,,,,,,,,,,,,,,MODELED
NYJ_P_01,P,61,71,61,76,97,78,89,87,68,76,,,,,,,,,,,,,,88,,,99,,,,,,,,,,,,,,,,,,91,93,,,,,,,,,,,,,,,,,,,,,MODELED
NYJ_P_02,P,32,45,43,56,80,76,65,62,68,73,,,,,,,,,,,,,,67,,,74,,,,,,,,,,,,,,,,,,65,71,,,,,,,,,,,,,,,,,,,,,MODELED
NYJ_LS_01,LS,50,47,53,65,68,80,58,65,68,60,,,,,,,,,,,84,,,,,,,,,,,,,,,,,,,,,,,,,,,,,,,,,,,,,72,66,,,,,,,,MODELED
BAL_QB_01,QB,80,71,76,70,80,63,70,78,58,80,,,,,,,,,,,,72,69,,,,,,,,,,,60,,,,84,,87,,,,75,,,,,,,,,,73,,,84,,,,,,63,81,,,MODELED
BAL_QB_02,QB,59,66,63,57,68,72,53,64,72,62,,,,,,,,,,,,70,67,,,,,,,,,,,74,,,,87,,73,,,,78,,,,,,,,,,76,,,71,,,,,,68,69,,,MODELED
BAL_QB_03,QB,46,66,62,77,85,54,65,70,85,72,,,,,,,,,,,,62,72,,,,,,,,,,,70,,,,57,,60,,,,65,,,,,,,,,,66,,,72,,,,,,62,66,,,MODELED
BAL_QB_04,QB,42,52,60,43,66,88,48,55,96,58,,,,,,,,,,,,50,43,,,,,,,,,,,55,,,,57,,44,,,,52,,,,,,,,,,67,,,52,,,,,,51,53,,,MODELED
BAL_RB_01,RB,92,81,82,71,91,86,83,74,67,65,,,,,82,80,,,,75,,,,,71,,,,,,,,,,,78,,,,,,,,,,,,88,,,,,,,,,,,,,,,,,82,,MODELED
BAL_RB_02,RB,74,84,77,75,86,92,62,64,65,66,,,,,75,64,,,,67,,,,,66,,,,,,,,,,,62,,,,,,,,,,,,79,,,,,,,,,,,,,,,,,67,,MODELED
BAL_RB_03,RB,66,72,81,63,74,67,69,64,59,58,,,,,75,63,,,,67,,,,,65,,,,,,,,,,,63,,,,,,,,,,,,50,,,,,,,,,,,,,,,,,55,,MODELED
BAL_RB_04,RB,69,75,70,63,85,56,59,64,49,61,,,,,63,64,,,,63,,,,,70,,,,,,,,,,,61,,,,,,,,,,,,48,,,,,,,,,,,,,,,,,65,,MODELED
BAL_RB_05,RB,70,63,73,66,87,89,58,53,72,59,,,,,57,66,,,,65,,,,,71,,,,,,,,,,,67,,,,,,,,,,,,58,,,,,,,,,,,,,,,,,70,,MODELED
BAL_FB_01,FB,71,66,70,78,78,81,75,72,62,54,,,,,,73,,,,75,,,,,,,,,,,69,,,,,58,,,,,,,,,,,,80,,,69,,,,,,,,,,,,,,,,MODELED
BAL_WR_01,WR,71,84,82,71,80,67,81,70,47,59,,,,,,,61,82,,,,,,,,,,,,,,,,,,,,,,,,,,,,,,,78,73,67,,,,,74,,,,77,,,,,,,MODELED
BAL_WR_02,WR,83,89,87,69,78,92,80,80,59,75,,,,,,,86,77,,,,,,,,,,,,,,,,,,,,,,,,,,,,,,,92,84,89,,,,,86,,,,74,,,,,,,MODELED
BAL_WR_03,WR,94,95,92,84,83,64,85,97,93,63,,,,,,,89,74,,,,,,,,,,,,,,,,,,,,,,,,,,,,,,,91,99,90,,,,,86,,,,89,,,,,,,MODELED
BAL_WR_04,WR,83,77,74,72,83,82,71,62,92,62,,,,,,,75,72,,,,,,,,,,,,,,,,,,,,,,,,,,,,,,,73,80,67,,,,,67,,,,73,,,,,,,MODELED
BAL_WR_05,WR,85,82,73,70,85,99,73,70,69,59,,,,,,,63,64,,,,,,,,,,,,,,,,,,,,,,,,,,,,,,,78,65,82,,,,,77,,,,76,,,,,,,MODELED
BAL_WR_06,WR,81,73,62,65,79,52,58,74,76,72,,,,,,,71,61,,,,,,,,,,,,,,,,,,,,,,,,,,,,,,,65,50,60,,,,,64,,,,67,,,,,,,MODELED
BAL_WR_07,WR,67,73,68,59,80,48,55,66,94,66,,,,,,,68,56,,,,,,,,,,,,,,,,,,,,,,,,,,,,,,,49,74,72,,,,,65,,,,65,,,,,,,MODELED
BAL_WR_08,WR,74,74,60,64,78,97,59,74,83,71,,,,,,,65,69,,,,,,,,,,,,,,,,,,,,,,,,,,,,,,,66,67,78,,,,,63,,,,58,,,,,,,MODELED
BAL_WR_09,WR,63,72,66,66,69,66,67,61,84,65,,,,,,,63,73,,,,,,,,,,,,,,,,,,,,,,,,,,,,,,,76,64,62,,,,,61,,,,68,,,,,,,MODELED
BAL_WR_10,WR,67,76,60,58,75,74,55,66,69,67,,,,,,,54,56,,,,,,,,,,,,,,,,,,,,,,,,,,,,,,,69,55,57,,,,,58,,,,49,,,,,,,MODELED
BAL_WR_11,WR,80,66,71,58,70,80,69,64,45,59,,,,,,,54,57,,,,,,,,,,,,,,,,,,,,,,,,,,,,,,,66,64,59,,,,,76,,,,70,,,,,,,MODELED
BAL_TE_01,TE,87,88,89,87,74,71,75,80,60,71,,,,,,,87,73,,,,,,,,,,,,,,,,,80,,,,,,,,,,,,,,85,77,94,,,,,94,,,,82,,,,,,,MODELED
BAL_TE_02,TE,67,76,67,77,90,57,68,65,79,60,,,,,,,56,71,,,,,,,,,,,,,,,,,63,,,,,,,,,,,,,,65,71,69,,,,,71,,,,76,,,,,,,MODELED
BAL_TE_03,TE,72,63,65,80,70,60,71,72,93,56,,,,,,,69,65,,,,,,,,,,,,,,,,,62,,,,,,,,,,,,,,72,77,71,,,,,69,,,,66,,,,,,,MODELED
BAL_TE_04,TE,61,51,59,64,68,68,61,66,67,65,,,,,,,63,60,,,,,,,,,,,,,,,,,62,,,,,,,,,,,,,,60,67,57,,,,,70,,,,55,,,,,,,MODELED
BAL_TE_05,TE,57,49,50,51,72,71,50,57,62,50,,,,,,,43,56,,,,,,,,,,,,,,,,,54,,,,,,,,,,,,,,51,37,58,,,,,62,,,,50,,,,,,,MODELED
BAL_TE_06,TE,60,64,51,59,77,68,40,48,73,60,,,,,,,63,58,,,,,,,,,,,,,,,,,52,,,,,,,,,,,,,,47,54,60,,,,,56,,,,54,,,,,,,MODELED
BAL_OT_01,OT,50,62,57,92,81,58,68,78,61,72,62,,,,,,,,,,,,,,,,,,,,,,,,66,,,,,,67,,,,,,,,,,64,,,,65,,,,,,,64,,,,,MODELED
BAL_OT_02,OT,58,68,76,88,89,61,79,82,81,67,80,,,,,,,,,,,,,,,,,,,,,,,,80,,,,,,72,,,,,,,,,,71,,,,70,,,,,,,87,,,,,MODELED
BAL_OT_03,OT,44,47,55,85,70,72,50,59,88,70,71,,,,,,,,,,,,,,,,,,,,,,,,55,,,,,,46,,,,,,,,,,63,,,,72,,,,,,,56,,,,,MODELED
BAL_OT_04,OT,60,58,59,71,62,88,75,63,66,64,63,,,,,,,,,,,,,,,,,,,,,,,,70,,,,,,76,,,,,,,,,,84,,,,65,,,,,,,61,,,,,MODELED
BAL_OT_05,OT,39,57,48,75,73,83,75,63,58,62,59,,,,,,,,,,,,,,,,,,,,,,,,68,,,,,,58,,,,,,,,,,70,,,,73,,,,,,,51,,,,,MODELED
BAL_OT_06,OT,32,39,48,63,87,68,45,53,82,55,55,,,,,,,,,,,,,,,,,,,,,,,,55,,,,,,69,,,,,,,,,,58,,,,63,,,,,,,52,,,,,MODELED
BAL_OG_01,OG,50,60,60,93,78,79,71,82,57,80,73,,,,,,,,,,,,,,,,,,,,,,,,82,,,,,,79,,,,,,,,,,59,,,,84,,,,,,,74,,,,,MODELED
BAL_OG_02,OG,66,77,81,99,88,88,91,98,77,73,99,,,,,,,,,,,,,,,,,,,,,,,,99,,,,,,97,,,,,,,,,,99,,,,85,,,,,,,90,,,,,MODELED
BAL_OG_03,OG,59,58,63,81,83,78,68,61,56,63,72,,,,,,,,,,,,,,,,,,,,,,,,76,,,,,,53,,,,,,,,,,63,,,,69,,,,,,,67,,,,,MODELED
BAL_OG_04,OG,39,53,49,79,77,64,57,69,69,61,51,,,,,,,,,,,,,,,,,,,,,,,,63,,,,,,63,,,,,,,,,,52,,,,61,,,,,,,60,,,,,MODELED
BAL_OG_05,OG,45,54,45,79,85,60,74,74,89,68,70,,,,,,,,,,,,,,,,,,,,,,,,75,,,,,,71,,,,,,,,,,74,,,,72,,,,,,,67,,,,,MODELED
BAL_OG_06,OG,32,41,35,63,70,63,48,52,74,70,51,,,,,,,,,,,,,,,,,,,,,,,,46,,,,,,67,,,,,,,,,,51,,,,56,,,,,,,55,,,,,MODELED
BAL_C_01,C,50,65,74,96,81,63,82,86,68,81,70,,,,,,,,,,,,,,,,,,,,,90,,,84,,,,,,69,,,,,,,,,,72,,,,,,,75,,,,77,,,,,MODELED
BAL_C_02,C,52,48,46,87,80,78,66,67,75,59,67,,,,,,,,,,,,,,,,,,,,,48,,,68,,,,,,72,,,,,,,,,,71,,,,,,,60,,,,68,,,,,MODELED
BAL_C_03,C,52,45,54,78,74,84,69,51,65,66,58,,,,,,,,,,,,,,,,,,,,,63,,,65,,,,,,71,,,,,,,,,,60,,,,,,,61,,,,70,,,,,MODELED
BAL_EDGE_01,EDGE,88,74,85,92,71,55,70,77,57,55,,,,70,,,,,,,69,,,,,74,,,,,,,,,,,77,,,,,85,,,,,71,,,,,68,,,,,,,,,,,,,,,MODELED
BAL_EDGE_02,EDGE,99,99,99,99,88,69,94,99,65,85,,,,94,,,,,,,87,,,,,99,,,,,,,,,,,99,,,,,99,,,,,94,,,,,89,,,,,,,,,,,,,,,MODELED
BAL_EDGE_03,EDGE,80,73,80,81,79,60,82,83,89,63,,,,75,,,,,,,73,,,,,64,,,,,,,,,,,79,,,,,74,,,,,73,,,,,72,,,,,,,,,,,,,,,MODELED
BAL_EDGE_04,EDGE,71,82,64,83,83,85,63,64,71,70,,,,77,,,,,,,71,,,,,74,,,,,,,,,,,74,,,,,73,,,,,65,,,,,71,,,,,,,,,,,,,,,MODELED
BAL_EDGE_05,EDGE,60,67,74,72,80,94,63,74,62,63,,,,71,,,,,,,68,,,,,59,,,,,,,,,,,66,,,,,61,,,,,63,,,,,63,,,,,,,,,,,,,,,MODELED
BAL_EDGE_06,EDGE,63,70,55,75,73,87,63,52,64,68,,,,52,,,,,,,48,,,,,54,,,,,,,,,,,70,,,,,78,,,,,67,,,,,60,,,,,,,,,,,,,,,MODELED
BAL_EDGE_07,EDGE,71,57,60,76,77,72,61,64,53,57,,,,62,,,,,,,69,,,,,54,,,,,,,,,,,66,,,,,57,,,,,67,,,,,69,,,,,,,,,,,,,,,MODELED
BAL_EDGE_08,EDGE,61,63,57,66,74,68,62,55,83,46,,,,59,,,,,,,58,,,,,67,,,,,,,,,,,57,,,,,58,,,,,53,,,,,55,,,,,,,,,,,,,,,MODELED
BAL_EDGE_09,EDGE,65,63,73,70,71,57,54,58,74,62,,,,55,,,,,,,49,,,,,59,,,,,,,,,,,50,,,,,60,,,,,68,,,,,69,,,,,,,,,,,,,,,MODELED
BAL_DT_01,DT,71,73,77,99,84,53,94,84,79,64,,,,82,,,,,,,,,,,,96,,,,,,,,,,,85,,,,,77,,,,,79,,,,,95,,,,,,,,,,,,,,,MODELED
BAL_DT_02,DT,73,79,81,99,82,44,75,80,63,80,,,,96,,,,,,,,,,,,81,,,,,,,,,,,87,,,,,87,,,,,80,,,,,76,,,,,,,,,,,,,,,MODELED
BAL_DT_03,DT,51,63,64,96,78,77,74,78,81,62,,,,72,,,,,,,,,,,,72,,,,,,,,,,,66,,,,,69,,,,,60,,,,,63,,,,,,,,,,,,,,,MODELED
BAL_DT_04,DT,65,63,69,96,82,79,65,68,69,72,,,,76,,,,,,,,,,,,69,,,,,,,,,,,71,,,,,72,,,,,68,,,,,51,,,,,,,,,,,,,,,MODELED
BAL_DT_05,DT,40,50,63,73,68,73,64,66,90,60,,,,58,,,,,,,,,,,,55,,,,,,,,,,,67,,,,,73,,,,,65,,,,,69,,,,,,,,,,,,,,,MODELED
BAL_DT_06,DT,53,49,52,88,80,55,61,55,60,65,,,,60,,,,,,,,,,,,67,,,,,,,,,,,66,,,,,70,,,,,77,,,,,72,,,,,,,,,,,,,,,MODELED
BAL_DT_07,DT,32,44,50,70,74,79,54,38,78,53,,,,60,,,,,,,,,,,,55,,,,,,,,,,,54,,,,,60,,,,,55,,,,,55,,,,,,,,,,,,,,,MODELED
BAL_DT_08,DT,48,49,57,72,83,57,67,72,64,80,,,,55,,,,,,,,,,,,56,,,,,,,,,,,61,,,,,61,,,,,67,,,,,63,,,,,,,,,,,,,,,MODELED
BAL_LB_01,LB,87,90,93,81,90,78,82,85,65,79,,,90,96,,,,,,,,,,,,,,,,,,,81,,,,,,92,,,,,,,,84,,,,,,,,,,,,,,85,,,,,85,MODELED
BAL_LB_02,LB,94,81,89,96,87,68,86,79,60,64,,,83,80,,,,,,,,,,,,,,,,,,,73,,,,,,86,,,,,,,,82,,,,,,,,,,,,,,83,,,,,82,MODELED
BAL_LB_03,LB,80,78,70,77,79,78,60,64,70,57,,,74,70,,,,,,,,,,,,,,,,,,,68,,,,,,75,,,,,,,,61,,,,,,,,,,,,,,59,,,,,65,MODELED
BAL_LB_04,LB,68,66,69,61,68,61,66,58,58,48,,,66,66,,,,,,,,,,,,,,,,,,,69,,,,,,65,,,,,,,,56,,,,,,,,,,,,,,67,,,,,65,MODELED
BAL_LB_05,LB,67,75,66,70,78,65,64,68,63,79,,,69,66,,,,,,,,,,,,,,,,,,,69,,,,,,67,,,,,,,,69,,,,,,,,,,,,,,64,,,,,56,MODELED
BAL_LB_06,LB,56,58,62,52,70,93,48,60,84,61,,,63,56,,,,,,,,,,,,,,,,,,,49,,,,,,66,,,,,,,,64,,,,,,,,,,,,,,58,,,,,50,MODELED
BAL_LB_07,LB,52,58,52,62,76,71,52,40,64,56,,,57,53,,,,,,,,,,,,,,,,,,,53,,,,,,53,,,,,,,,68,,,,,,,,,,,,,,45,,,,,50,MODELED
BAL_LB_08,LB,57,55,58,62,81,85,46,47,71,56,,,58,65,,,,,,,,,,,,,,,,,,,51,,,,,,54,,,,,,,,58,,,,,,,,,,,,,,44,,,,,59,MODELED
BAL_CB_01,CB,95,95,94,73,74,87,77,90,70,78,,92,,,,,,,,,,,,,,,,,,,,,76,,,,,,86,,,,69,,,,,,,,,,,,,,,,,,78,,,,,89,MODELED
BAL_CB_02,CB,92,98,87,76,75,91,76,71,90,65,,86,,,,,,,,,,,,,,,,,,,,,70,,,,,,75,,,,75,,,,,,,,,,,,,,,,,,89,,,,,73,MODELED
BAL_CB_03,CB,90,98,98,82,83,71,85,87,61,77,,85,,,,,,,,,,,,,,,,,,,,,95,,,,,,95,,,,90,,,,,,,,,,,,,,,,,,90,,,,,86,MODELED
BAL_CB_04,CB,74,77,77,47,86,68,65,59,63,68,,73,,,,,,,,,,,,,,,,,,,,,71,,,,,,60,,,,68,,,,,,,,,,,,,,,,,,66,,,,,49,MODELED
BAL_CB_05,CB,65,68,75,46,79,64,72,65,44,65,,61,,,,,,,,,,,,,,,,,,,,,49,,,,,,57,,,,67,,,,,,,,,,,,,,,,,,69,,,,,54,MODELED
BAL_CB_06,CB,77,87,83,68,84,78,59,76,69,63,,73,,,,,,,,,,,,,,,,,,,,,75,,,,,,76,,,,79,,,,,,,,,,,,,,,,,,82,,,,,84,MODELED
BAL_CB_07,CB,67,80,63,51,78,55,51,52,64,64,,52,,,,,,,,,,,,,,,,,,,,,64,,,,,,52,,,,66,,,,,,,,,,,,,,,,,,65,,,,,60,MODELED
BAL_CB_08,CB,66,75,60,41,68,72,47,48,81,53,,55,,,,,,,,,,,,,,,,,,,,,51,,,,,,52,,,,58,,,,,,,,,,,,,,,,,,41,,,,,45,MODELED
BAL_CB_09,CB,84,76,76,56,76,82,63,55,84,61,,75,,,,,,,,,,,,,,,,,,,,,69,,,,,,56,,,,58,,,,,,,,,,,,,,,,,,67,,,,,73,MODELED
BAL_CB_10,CB,61,67,71,42,74,90,56,56,98,69,,41,,,,,,,,,,,,,,,,,,,,,59,,,,,,56,,,,53,,,,,,,,,,,,,,,,,,55,,,,,55,MODELED
BAL_CB_11,CB,75,66,74,52,74,44,56,59,67,59,,56,,,,,,,,,,,,,,,,,,,,,48,,,,,,59,,,,74,,,,,,,,,,,,,,,,,,60,,,,,53,MODELED
BAL_S_01,S,76,84,77,64,94,77,68,67,87,75,,63,,,,,,,,,,,,,,,,,,,,,64,,,,,,56,,,,59,,,,,,,,,,72,,,,,,,,77,,,,,79,MODELED
BAL_S_02,S,77,75,78,69,88,51,83,78,55,61,,75,,,,,,,,,,,,,,,,,,,,,58,,,,,,65,,,,69,,,,,,,,,,74,,,,,,,,70,,,,,77,MODELED
BAL_S_03,S,82,69,80,71,90,51,73,75,70,59,,78,,,,,,,,,,,,,,,,,,,,,80,,,,,,65,,,,67,,,,,,,,,,65,,,,,,,,74,,,,,70,MODELED
BAL_S_04,S,65,79,71,70,63,68,78,64,65,58,,79,,,,,,,,,,,,,,,,,,,,,67,,,,,,61,,,,71,,,,,,,,,,64,,,,,,,,78,,,,,67,MODELED
BAL_S_05,S,69,68,69,50,77,50,56,62,63,56,,44,,,,,,,,,,,,,,,,,,,,,55,,,,,,63,,,,41,,,,,,,,,,52,,,,,,,,46,,,,,72,MODELED
BAL_S_06,S,53,73,56,42,81,76,57,45,92,54,,51,,,,,,,,,,,,,,,,,,,,,59,,,,,,65,,,,46,,,,,,,,,,57,,,,,,,,47,,,,,62,MODELED
BAL_S_07,S,55,72,62,59,77,72,53,68,67,49,,60,,,,,,,,,,,,,,,,,,,,,50,,,,,,48,,,,64,,,,,,,,,,67,,,,,,,,53,,,,,62,MODELED
BAL_K_01,K,43,52,42,54,89,68,63,65,75,51,,,,,,,,,67,,,,,,,,,77,65,56,,,,,,,,,,,,,,,,,,,,,,,,,,,,,,,,,,,,,MODELED
BAL_K_02,K,42,38,45,63,72,82,58,59,70,58,,,,,,,,,52,,,,,,,,,52,45,62,,,,,,,,,,,,,,,,,,,,,,,,,,,,,,,,,,,,,MODELED
BAL_P_01,P,50,62,58,67,86,66,72,86,75,74,,,,,,,,,,,,,,91,,,76,,,,,,,,,,,,,,,,,,79,75,,,,,,,,,,,,,,,,,,,,,MODELED
BAL_P_02,P,31,38,36,48,85,77,65,66,56,59,,,,,,,,,,,,,,60,,,63,,,,,,,,,,,,,,,,,,62,75,,,,,,,,,,,,,,,,,,,,,MODELED
BAL_LS_01,LS,48,59,63,80,83,77,82,81,83,65,,,,,,,,,,,72,,,,,,,,,,,,,,,,,,,,,,,,,,,,,,,,,,,,,73,83,,,,,,,,MODELED
PIT_QB_01,QB,78,84,98,89,99,58,97,88,69,64,,,,,,,,,,,,95,86,,,,,,,,,,,81,,,,86,,87,,,,95,,,,,,,,,,99,,,99,,,,,,85,99,,,MODELED
PIT_QB_02,QB,81,70,71,73,97,60,83,73,68,73,,,,,,,,,,,,80,77,,,,,,,,,,,67,,,,82,,74,,,,76,,,,,,,,,,81,,,85,,,,,,86,75,,,MODELED
PIT_QB_03,QB,63,74,59,66,81,35,65,60,71,68,,,,,,,,,,,,53,67,,,,,,,,,,,79,,,,64,,71,,,,66,,,,,,,,,,70,,,59,,,,,,66,68,,,MODELED
PIT_QB_04,QB,56,58,56,55,77,91,50,49,81,65,,,,,,,,,,,,39,59,,,,,,,,,,,45,,,,52,,51,,,,58,,,,,,,,,,47,,,47,,,,,,46,44,,,MODELED
PIT_RB_01,RB,98,99,94,92,92,47,82,96,94,64,,,,,85,86,,,,92,,,,,81,,,,,,,,,,,88,,,,,,,,,,,,87,,,,,,,,,,,,,,,,,96,,MODELED
PIT_RB_02,RB,83,90,83,76,88,40,82,83,91,65,,,,,75,73,,,,61,,,,,74,,,,,,,,,,,75,,,,,,,,,,,,69,,,,,,,,,,,,,,,,,61,,MODELED
PIT_RB_03,RB,78,79,80,85,74,52,84,74,51,84,,,,,63,68,,,,70,,,,,73,,,,,,,,,,,61,,,,,,,,,,,,70,,,,,,,,,,,,,,,,,82,,MODELED
PIT_RB_04,RB,64,67,60,51,71,54,44,62,78,53,,,,,60,53,,,,56,,,,,48,,,,,,,,,,,64,,,,,,,,,,,,64,,,,,,,,,,,,,,,,,64,,MODELED
PIT_RB_05,RB,59,76,71,58,78,61,49,52,81,55,,,,,63,54,,,,50,,,,,45,,,,,,,,,,,45,,,,,,,,,,,,65,,,,,,,,,,,,,,,,,55,,MODELED
PIT_FB_01,FB,74,79,61,79,85,87,71,79,63,96,,,,,,78,,,,70,,,,,,,,,,,83,,,,,66,,,,,,,,,,,,67,,,71,,,,,,,,,,,,,,,,MODELED
PIT_WR_01,WR,90,94,85,75,91,78,99,99,86,75,,,,,,,93,87,,,,,,,,,,,,,,,,,,,,,,,,,,,,,,,89,92,78,,,,,86,,,,90,,,,,,,MODELED
PIT_WR_02,WR,99,98,91,82,81,99,83,80,82,80,,,,,,,88,77,,,,,,,,,,,,,,,,,,,,,,,,,,,,,,,85,75,84,,,,,90,,,,98,,,,,,,MODELED
PIT_WR_03,WR,83,92,80,72,89,91,80,78,56,75,,,,,,,79,94,,,,,,,,,,,,,,,,,,,,,,,,,,,,,,,82,69,90,,,,,79,,,,72,,,,,,,MODELED
PIT_WR_04,WR,81,94,94,66,83,80,72,86,92,72,,,,,,,75,80,,,,,,,,,,,,,,,,,,,,,,,,,,,,,,,70,91,91,,,,,80,,,,73,,,,,,,MODELED
PIT_WR_05,WR,84,91,70,73,81,75,72,69,79,69,,,,,,,71,91,,,,,,,,,,,,,,,,,,,,,,,,,,,,,,,80,72,78,,,,,68,,,,60,,,,,,,MODELED
PIT_WR_06,WR,92,90,84,82,89,75,74,74,72,84,,,,,,,89,83,,,,,,,,,,,,,,,,,,,,,,,,,,,,,,,78,76,75,,,,,70,,,,82,,,,,,,MODELED
PIT_WR_07,WR,81,85,77,54,81,50,75,73,65,71,,,,,,,59,70,,,,,,,,,,,,,,,,,,,,,,,,,,,,,,,80,63,80,,,,,67,,,,79,,,,,,,MODELED
PIT_WR_08,WR,78,88,80,62,76,84,51,57,77,64,,,,,,,69,74,,,,,,,,,,,,,,,,,,,,,,,,,,,,,,,74,78,67,,,,,71,,,,66,,,,,,,MODELED
PIT_WR_09,WR,70,69,70,48,78,75,53,66,63,64,,,,,,,68,59,,,,,,,,,,,,,,,,,,,,,,,,,,,,,,,65,49,59,,,,,49,,,,61,,,,,,,MODELED
PIT_WR_10,WR,77,73,68,44,80,66,67,51,61,60,,,,,,,64,55,,,,,,,,,,,,,,,,,,,,,,,,,,,,,,,64,62,56,,,,,68,,,,70,,,,,,,MODELED
PIT_WR_11,WR,66,66,63,46,68,92,50,61,60,56,,,,,,,53,41,,,,,,,,,,,,,,,,,,,,,,,,,,,,,,,55,67,63,,,,,56,,,,42,,,,,,,MODELED
PIT_TE_01,TE,79,84,80,92,77,87,86,81,56,72,,,,,,,74,77,,,,,,,,,,,,,,,,,85,,,,,,,,,,,,,,85,79,82,,,,,72,,,,88,,,,,,,MODELED
PIT_TE_02,TE,77,66,70,79,80,68,75,68,71,74,,,,,,,74,75,,,,,,,,,,,,,,,,,70,,,,,,,,,,,,,,81,66,69,,,,,73,,,,69,,,,,,,MODELED
PIT_TE_03,TE,61,67,76,68,76,72,59,62,58,79,,,,,,,74,64,,,,,,,,,,,,,,,,,60,,,,,,,,,,,,,,77,76,64,,,,,67,,,,81,,,,,,,MODELED
PIT_TE_04,TE,61,68,74,64,79,70,70,63,64,76,,,,,,,60,78,,,,,,,,,,,,,,,,,64,,,,,,,,,,,,,,72,81,74,,,,,64,,,,65,,,,,,,MODELED
PIT_TE_05,TE,62,54,56,66,69,52,62,59,48,65,,,,,,,62,65,,,,,,,,,,,,,,,,,65,,,,,,,,,,,,,,56,81,62,,,,,61,,,,49,,,,,,,MODELED
PIT_TE_06,TE,50,50,65,65,72,80,45,60,44,67,,,,,,,57,59,,,,,,,,,,,,,,,,,65,,,,,,,,,,,,,,49,59,51,,,,,61,,,,49,,,,,,,MODELED
PIT_OT_01,OT,68,72,54,99,76,56,85,88,67,66,84,,,,,,,,,,,,,,,,,,,,,,,,98,,,,,,82,,,,,,,,,,93,,,,99,,,,,,,74,,,,,MODELED
PIT_OT_02,OT,58,62,66,93,89,79,84,81,60,68,81,,,,,,,,,,,,,,,,,,,,,,,,94,,,,,,94,,,,,,,,,,75,,,,80,,,,,,,82,,,,,MODELED
PIT_OT_03,OT,51,61,63,75,79,73,78,74,77,66,74,,,,,,,,,,,,,,,,,,,,,,,,77,,,,,,76,,,,,,,,,,65,,,,76,,,,,,,78,,,,,MODELED
PIT_OT_04,OT,56,61,61,89,68,40,69,68,60,63,51,,,,,,,,,,,,,,,,,,,,,,,,68,,,,,,69,,,,,,,,,,79,,,,70,,,,,,,74,,,,,MODELED
PIT_OT_05,OT,32,47,64,81,73,73,68,76,63,62,73,,,,,,,,,,,,,,,,,,,,,,,,67,,,,,,62,,,,,,,,,,55,,,,75,,,,,,,63,,,,,MODELED
PIT_OT_06,OT,34,44,57,69,68,62,73,64,77,72,67,,,,,,,,,,,,,,,,,,,,,,,,57,,,,,,62,,,,,,,,,,51,,,,57,,,,,,,51,,,,,MODELED
PIT_OG_01,OG,65,68,63,99,77,66,86,66,86,70,86,,,,,,,,,,,,,,,,,,,,,,,,93,,,,,,90,,,,,,,,,,84,,,,82,,,,,,,85,,,,,MODELED
PIT_OG_02,OG,78,69,80,89,93,58,99,99,61,71,81,,,,,,,,,,,,,,,,,,,,,,,,90,,,,,,89,,,,,,,,,,87,,,,94,,,,,,,84,,,,,MODELED
PIT_OG_03,OG,58,61,56,85,92,78,66,66,60,64,71,,,,,,,,,,,,,,,,,,,,,,,,70,,,,,,67,,,,,,,,,,56,,,,61,,,,,,,58,,,,,MODELED
PIT_OG_04,OG,57,64,58,99,83,66,77,76,89,65,74,,,,,,,,,,,,,,,,,,,,,,,,71,,,,,,67,,,,,,,,,,71,,,,73,,,,,,,82,,,,,MODELED
PIT_OG_05,OG,36,46,56,74,77,66,59,61,85,60,58,,,,,,,,,,,,,,,,,,,,,,,,58,,,,,,61,,,,,,,,,,57,,,,56,,,,,,,82,,,,,MODELED
PIT_OG_06,OG,40,44,52,74,88,70,55,53,85,65,52,,,,,,,,,,,,,,,,,,,,,,,,58,,,,,,60,,,,,,,,,,67,,,,58,,,,,,,59,,,,,MODELED
PIT_C_01,C,68,72,64,89,80,63,77,76,62,78,84,,,,,,,,,,,,,,,,,,,,,71,,,68,,,,,,83,,,,,,,,,,76,,,,,,,78,,,,86,,,,,MODELED
PIT_C_02,C,56,61,61,79,93,76,70,88,55,78,61,,,,,,,,,,,,,,,,,,,,,68,,,74,,,,,,61,,,,,,,,,,83,,,,,,,58,,,,78,,,,,MODELED
PIT_C_03,C,44,48,53,85,76,91,70,66,75,67,72,,,,,,,,,,,,,,,,,,,,,71,,,62,,,,,,67,,,,,,,,,,66,,,,,,,69,,,,65,,,,,MODELED
PIT_EDGE_01,EDGE,82,70,77,89,88,66,71,85,67,57,,,,73,,,,,,,84,,,,,81,,,,,,,,,,,77,,,,,69,,,,,77,,,,,79,,,,,,,,,,,,,,,MODELED
PIT_EDGE_02,EDGE,95,80,79,79,85,53,84,82,62,68,,,,81,,,,,,,77,,,,,86,,,,,,,,,,,83,,,,,78,,,,,99,,,,,87,,,,,,,,,,,,,,,MODELED
PIT_EDGE_03,EDGE,73,74,80,82,79,85,77,70,79,73,,,,74,,,,,,,78,,,,,68,,,,,,,,,,,84,,,,,70,,,,,69,,,,,75,,,,,,,,,,,,,,,MODELED
PIT_EDGE_04,EDGE,79,73,84,88,80,57,84,83,59,63,,,,74,,,,,,,73,,,,,77,,,,,,,,,,,77,,,,,74,,,,,73,,,,,75,,,,,,,,,,,,,,,MODELED
PIT_EDGE_05,EDGE,89,84,78,92,95,68,79,79,50,67,,,,73,,,,,,,78,,,,,85,,,,,,,,,,,79,,,,,87,,,,,83,,,,,74,,,,,,,,,,,,,,,MODELED
PIT_EDGE_06,EDGE,66,74,69,71,81,81,75,67,82,63,,,,63,,,,,,,67,,,,,64,,,,,,,,,,,70,,,,,77,,,,,57,,,,,70,,,,,,,,,,,,,,,MODELED
PIT_EDGE_07,EDGE,63,70,68,70,70,58,60,61,56,67,,,,74,,,,,,,58,,,,,61,,,,,,,,,,,65,,,,,65,,,,,70,,,,,75,,,,,,,,,,,,,,,MODELED
PIT_EDGE_08,EDGE,60,67,55,62,63,63,65,56,67,69,,,,58,,,,,,,64,,,,,66,,,,,,,,,,,43,,,,,58,,,,,60,,,,,62,,,,,,,,,,,,,,,MODELED
PIT_EDGE_09,EDGE,47,59,60,68,71,92,60,42,63,60,,,,56,,,,,,,56,,,,,49,,,,,,,,,,,60,,,,,45,,,,,64,,,,,67,,,,,,,,,,,,,,,MODELED
PIT_DT_01,DT,62,73,69,96,79,61,77,79,76,71,,,,76,,,,,,,,,,,,79,,,,,,,,,,,76,,,,,81,,,,,78,,,,,77,,,,,,,,,,,,,,,MODELED
PIT_DT_02,DT,71,68,79,99,87,70,99,82,59,76,,,,83,,,,,,,,,,,,83,,,,,,,,,,,77,,,,,65,,,,,78,,,,,75,,,,,,,,,,,,,,,MODELED
PIT_DT_03,DT,52,48,65,89,81,75,71,76,79,66,,,,68,,,,,,,,,,,,79,,,,,,,,,,,62,,,,,76,,,,,71,,,,,63,,,,,,,,,,,,,,,MODELED
PIT_DT_04,DT,66,67,61,90,95,76,79,62,62,60,,,,67,,,,,,,,,,,,71,,,,,,,,,,,62,,,,,67,,,,,75,,,,,71,,,,,,,,,,,,,,,MODELED
PIT_DT_05,DT,71,65,66,99,80,85,81,86,82,63,,,,70,,,,,,,,,,,,79,,,,,,,,,,,75,,,,,64,,,,,67,,,,,81,,,,,,,,,,,,,,,MODELED
PIT_DT_06,DT,44,46,46,66,92,69,57,59,73,63,,,,62,,,,,,,,,,,,61,,,,,,,,,,,56,,,,,70,,,,,58,,,,,68,,,,,,,,,,,,,,,MODELED
PIT_DT_07,DT,50,49,45,66,68,77,41,49,58,48,,,,47,,,,,,,,,,,,50,,,,,,,,,,,55,,,,,58,,,,,52,,,,,59,,,,,,,,,,,,,,,MODELED
PIT_DT_08,DT,70,56,64,75,62,73,56,65,75,55,,,,72,,,,,,,,,,,,63,,,,,,,,,,,69,,,,,63,,,,,58,,,,,63,,,,,,,,,,,,,,,MODELED
PIT_LB_01,LB,94,99,91,99,99,82,99,99,58,83,,,97,99,,,,,,,,,,,,,,,,,,,89,,,,,,99,,,,,,,,92,,,,,,,,,,,,,,99,,,,,86,MODELED
PIT_LB_02,LB,81,85,98,83,83,79,80,78,69,70,,,81,83,,,,,,,,,,,,,,,,,,,75,,,,,,86,,,,,,,,77,,,,,,,,,,,,,,75,,,,,88,MODELED
PIT_LB_03,LB,78,74,65,71,82,62,80,80,69,66,,,65,66,,,,,,,,,,,,,,,,,,,72,,,,,,72,,,,,,,,71,,,,,,,,,,,,,,68,,,,,73,MODELED
PIT_LB_04,LB,82,98,94,78,76,88,88,88,57,83,,,91,99,,,,,,,,,,,,,,,,,,,96,,,,,,79,,,,,,,,93,,,,,,,,,,,,,,86,,,,,89,MODELED
PIT_LB_05,LB,90,73,76,80,73,71,83,64,75,83,,,73,76,,,,,,,,,,,,,,,,,,,59,,,,,,77,,,,,,,,62,,,,,,,,,,,,,,48,,,,,84,MODELED
PIT_LB_06,LB,64,76,66,61,72,98,63,64,61,75,,,58,61,,,,,,,,,,,,,,,,,,,61,,,,,,69,,,,,,,,54,,,,,,,,,,,,,,63,,,,,44,MODELED
PIT_LB_07,LB,70,69,59,62,69,63,52,57,69,58,,,56,72,,,,,,,,,,,,,,,,,,,61,,,,,,75,,,,,,,,64,,,,,,,,,,,,,,76,,,,,57,MODELED
PIT_LB_08,LB,56,72,80,70,73,74,54,55,63,69,,,61,56,,,,,,,,,,,,,,,,,,,55,,,,,,53,,,,,,,,67,,,,,,,,,,,,,,64,,,,,62,MODELED
PIT_CB_01,CB,94,82,92,75,79,83,85,78,85,67,,79,,,,,,,,,,,,,,,,,,,,,90,,,,,,89,,,,68,,,,,,,,,,,,,,,,,,85,,,,,79,MODELED
PIT_CB_02,CB,97,92,93,67,89,63,83,83,63,82,,88,,,,,,,,,,,,,,,,,,,,,77,,,,,,82,,,,81,,,,,,,,,,,,,,,,,,94,,,,,95,MODELED
PIT_CB_03,CB,92,97,92,82,81,66,80,88,95,66,,99,,,,,,,,,,,,,,,,,,,,,87,,,,,,99,,,,82,,,,,,,,,,,,,,,,,,89,,,,,91,MODELED
PIT_CB_04,CB,87,77,74,59,79,67,53,73,86,73,,64,,,,,,,,,,,,,,,,,,,,,76,,,,,,82,,,,67,,,,,,,,,,,,,,,,,,63,,,,,60,MODELED
PIT_CB_05,CB,91,83,87,64,78,84,75,73,59,66,,76,,,,,,,,,,,,,,,,,,,,,72,,,,,,84,,,,88,,,,,,,,,,,,,,,,,,87,,,,,88,MODELED
PIT_CB_06,CB,80,78,90,60,81,99,71,70,72,65,,73,,,,,,,,,,,,,,,,,,,,,70,,,,,,64,,,,70,,,,,,,,,,,,,,,,,,66,,,,,62,MODELED
PIT_CB_07,CB,67,68,60,49,76,78,56,57,56,59,,47,,,,,,,,,,,,,,,,,,,,,61,,,,,,53,,,,60,,,,,,,,,,,,,,,,,,58,,,,,58,MODELED
PIT_CB_08,CB,69,74,70,46,73,94,51,60,62,63,,70,,,,,,,,,,,,,,,,,,,,,73,,,,,,72,,,,56,,,,,,,,,,,,,,,,,,63,,,,,69,MODELED
PIT_CB_09,CB,64,69,76,55,77,48,59,70,72,60,,61,,,,,,,,,,,,,,,,,,,,,76,,,,,,64,,,,71,,,,,,,,,,,,,,,,,,62,,,,,58,MODELED
PIT_CB_10,CB,78,68,66,47,69,61,62,38,87,64,,60,,,,,,,,,,,,,,,,,,,,,43,,,,,,63,,,,59,,,,,,,,,,,,,,,,,,59,,,,,61,MODELED
PIT_CB_11,CB,72,64,59,44,68,75,61,68,70,55,,47,,,,,,,,,,,,,,,,,,,,,60,,,,,,61,,,,56,,,,,,,,,,,,,,,,,,60,,,,,60,MODELED
PIT_S_01,S,80,89,98,72,89,66,72,73,74,81,,85,,,,,,,,,,,,,,,,,,,,,85,,,,,,66,,,,82,,,,,,,,,,82,,,,,,,,87,,,,,70,MODELED
PIT_S_02,S,88,84,79,76,91,96,78,72,61,72,,92,,,,,,,,,,,,,,,,,,,,,74,,,,,,75,,,,85,,,,,,,,,,92,,,,,,,,76,,,,,68,MODELED
PIT_S_03,S,74,77,86,64,76,50,76,65,54,78,,73,,,,,,,,,,,,,,,,,,,,,67,,,,,,72,,,,62,,,,,,,,,,74,,,,,,,,86,,,,,73,MODELED
PIT_S_04,S,77,76,76,66,89,78,76,77,62,58,,73,,,,,,,,,,,,,,,,,,,,,76,,,,,,62,,,,77,,,,,,,,,,72,,,,,,,,79,,,,,76,MODELED
PIT_S_05,S,66,70,68,63,80,87,57,66,65,48,,62,,,,,,,,,,,,,,,,,,,,,67,,,,,,58,,,,60,,,,,,,,,,63,,,,,,,,57,,,,,65,MODELED
PIT_S_06,S,56,64,48,42,70,63,46,62,61,54,,49,,,,,,,,,,,,,,,,,,,,,44,,,,,,49,,,,57,,,,,,,,,,52,,,,,,,,48,,,,,47,MODELED
PIT_S_07,S,56,67,64,55,75,69,54,43,75,64,,49,,,,,,,,,,,,,,,,,,,,,55,,,,,,52,,,,62,,,,,,,,,,42,,,,,,,,55,,,,,58,MODELED
PIT_K_01,K,57,62,60,58,77,43,76,79,96,62,,,,,,,,,69,,,,,,,,,70,76,74,,,,,,,,,,,,,,,,,,,,,,,,,,,,,,,,,,,,,MODELED
PIT_K_02,K,55,57,58,72,87,99,77,80,65,79,,,,,,,,,84,,,,,,,,,83,85,66,,,,,,,,,,,,,,,,,,,,,,,,,,,,,,,,,,,,,MODELED
PIT_P_01,P,60,53,59,73,89,84,84,75,69,77,,,,,,,,,,,,,,83,,,72,,,,,,,,,,,,,,,,,,81,75,,,,,,,,,,,,,,,,,,,,,MODELED
PIT_P_02,P,50,51,47,52,69,67,67,65,73,71,,,,,,,,,,,,,,72,,,76,,,,,,,,,,,,,,,,,,67,77,,,,,,,,,,,,,,,,,,,,,MODELED
PIT_LS_01,LS,40,53,57,76,72,77,89,85,69,64,,,,,,,,,,,88,,,,,,,,,,,,,,,,,,,,,,,,,,,,,,,,,,,,,72,72,,,,,,,,MODELED
CLE_QB_01,QB,72,87,81,74,85,77,73,76,80,67,,,,,,,,,,,,72,63,,,,,,,,,,,79,,,,70,,67,,,,81,,,,,,,,,,72,,,91,,,,,,75,67,,,MODELED
CLE_QB_02,QB,65,56,58,52,80,54,71,57,64,59,,,,,,,,,,,,59,66,,,,,,,,,,,78,,,,69,,71,,,,73,,,,,,,,,,60,,,75,,,,,,52,60,,,MODELED
CLE_QB_03,QB,53,70,64,57,71,80,57,60,74,55,,,,,,,,,,,,60,78,,,,,,,,,,,52,,,,57,,51,,,,66,,,,,,,,,,82,,,64,,,,,,59,63,,,MODELED
CLE_QB_04,QB,48,50,48,46,72,71,50,55,50,65,,,,,,,,,,,,47,57,,,,,,,,,,,62,,,,50,,59,,,,59,,,,,,,,,,55,,,58,,,,,,60,52,,,MODELED
CLE_RB_01,RB,82,92,93,86,89,48,84,91,92,77,,,,,81,85,,,,75,,,,,78,,,,,,,,,,,85,,,,,,,,,,,,80,,,,,,,,,,,,,,,,,66,,MODELED
CLE_RB_02,RB,87,85,92,76,84,80,89,67,37,66,,,,,69,74,,,,71,,,,,57,,,,,,,,,,,78,,,,,,,,,,,,77,,,,,,,,,,,,,,,,,72,,MODELED
CLE_RB_03,RB,77,87,82,71,73,64,84,70,65,67,,,,,76,73,,,,87,,,,,79,,,,,,,,,,,90,,,,,,,,,,,,67,,,,,,,,,,,,,,,,,69,,MODELED
CLE_RB_04,RB,62,48,68,58,81,76,59,54,81,46,,,,,71,62,,,,52,,,,,59,,,,,,,,,,,57,,,,,,,,,,,,51,,,,,,,,,,,,,,,,,55,,MODELED
CLE_RB_05,RB,71,63,76,59,75,51,54,50,82,58,,,,,64,50,,,,75,,,,,69,,,,,,,,,,,62,,,,,,,,,,,,67,,,,,,,,,,,,,,,,,72,,MODELED
CLE_FB_01,FB,59,78,71,87,82,44,71,75,81,70,,,,,,78,,,,62,,,,,,,,,,,69,,,,,73,,,,,,,,,,,,77,,,55,,,,,,,,,,,,,,,,MODELED
CLE_WR_01,WR,95,92,83,73,93,82,85,85,61,75,,,,,,,86,86,,,,,,,,,,,,,,,,,,,,,,,,,,,,,,,75,77,76,,,,,83,,,,86,,,,,,,MODELED
CLE_WR_02,WR,98,91,97,71,82,52,72,82,56,73,,,,,,,80,88,,,,,,,,,,,,,,,,,,,,,,,,,,,,,,,87,89,80,,,,,77,,,,88,,,,,,,MODELED
CLE_WR_03,WR,99,99,99,73,92,58,99,92,71,90,,,,,,,90,99,,,,,,,,,,,,,,,,,,,,,,,,,,,,,,,88,96,85,,,,,94,,,,83,,,,,,,MODELED
CLE_WR_04,WR,91,88,87,73,87,78,76,73,57,69,,,,,,,69,79,,,,,,,,,,,,,,,,,,,,,,,,,,,,,,,73,69,76,,,,,77,,,,78,,,,,,,MODELED
CLE_WR_05,WR,68,78,73,57,81,67,56,55,55,57,,,,,,,68,68,,,,,,,,,,,,,,,,,,,,,,,,,,,,,,,67,64,69,,,,,56,,,,51,,,,,,,MODELED
CLE_WR_06,WR,85,78,84,65,79,47,71,73,51,59,,,,,,,84,70,,,,,,,,,,,,,,,,,,,,,,,,,,,,,,,74,80,80,,,,,77,,,,75,,,,,,,MODELED
CLE_WR_07,WR,70,79,69,59,72,64,55,57,64,61,,,,,,,71,56,,,,,,,,,,,,,,,,,,,,,,,,,,,,,,,57,78,58,,,,,54,,,,64,,,,,,,MODELED
CLE_WR_08,WR,67,79,70,70,64,74,65,57,73,65,,,,,,,61,70,,,,,,,,,,,,,,,,,,,,,,,,,,,,,,,67,81,57,,,,,62,,,,73,,,,,,,MODELED
CLE_WR_09,WR,57,58,64,50,71,69,48,57,63,58,,,,,,,47,49,,,,,,,,,,,,,,,,,,,,,,,,,,,,,,,47,52,49,,,,,43,,,,49,,,,,,,MODELED
CLE_WR_10,WR,58,62,57,46,69,80,55,65,99,41,,,,,,,51,56,,,,,,,,,,,,,,,,,,,,,,,,,,,,,,,61,38,49,,,,,55,,,,49,,,,,,,MODELED
CLE_WR_11,WR,61,76,80,54,68,56,68,58,87,68,,,,,,,65,64,,,,,,,,,,,,,,,,,,,,,,,,,,,,,,,61,56,65,,,,,59,,,,64,,,,,,,MODELED
CLE_TE_01,TE,89,99,83,98,92,80,97,96,70,78,,,,,,,82,96,,,,,,,,,,,,,,,,,96,,,,,,,,,,,,,,90,91,99,,,,,98,,,,91,,,,,,,MODELED
CLE_TE_02,TE,70,73,73,67,80,54,66,80,85,65,,,,,,,64,62,,,,,,,,,,,,,,,,,64,,,,,,,,,,,,,,70,70,76,,,,,68,,,,85,,,,,,,MODELED
CLE_TE_03,TE,57,65,56,71,76,71,61,59,47,59,,,,,,,71,64,,,,,,,,,,,,,,,,,65,,,,,,,,,,,,,,76,77,55,,,,,70,,,,70,,,,,,,MODELED
CLE_TE_04,TE,60,62,61,64,81,78,54,67,75,44,,,,,,,49,68,,,,,,,,,,,,,,,,,61,,,,,,,,,,,,,,71,52,61,,,,,78,,,,65,,,,,,,MODELED
CLE_TE_05,TE,51,71,57,58,66,99,55,51,62,54,,,,,,,51,61,,,,,,,,,,,,,,,,,54,,,,,,,,,,,,,,47,58,56,,,,,61,,,,56,,,,,,,MODELED
CLE_TE_06,TE,58,50,50,58,83,74,50,63,85,50,,,,,,,40,52,,,,,,,,,,,,,,,,,52,,,,,,,,,,,,,,56,61,53,,,,,71,,,,55,,,,,,,MODELED
CLE_OT_01,OT,69,64,74,95,87,64,99,97,77,75,80,,,,,,,,,,,,,,,,,,,,,,,,72,,,,,,84,,,,,,,,,,84,,,,80,,,,,,,85,,,,,MODELED
CLE_OT_02,OT,65,79,80,99,84,84,83,86,75,75,88,,,,,,,,,,,,,,,,,,,,,,,,86,,,,,,84,,,,,,,,,,84,,,,85,,,,,,,90,,,,,MODELED
CLE_OT_03,OT,41,42,56,71,79,61,73,77,55,68,65,,,,,,,,,,,,,,,,,,,,,,,,62,,,,,,62,,,,,,,,,,76,,,,73,,,,,,,68,,,,,MODELED
CLE_OT_04,OT,58,50,58,90,90,84,70,64,70,61,61,,,,,,,,,,,,,,,,,,,,,,,,79,,,,,,68,,,,,,,,,,79,,,,71,,,,,,,85,,,,,MODELED
CLE_OT_05,OT,47,50,47,78,77,69,62,61,60,66,55,,,,,,,,,,,,,,,,,,,,,,,,51,,,,,,64,,,,,,,,,,50,,,,48,,,,,,,63,,,,,MODELED
CLE_OT_06,OT,39,46,47,79,70,64,56,51,59,59,62,,,,,,,,,,,,,,,,,,,,,,,,49,,,,,,50,,,,,,,,,,57,,,,59,,,,,,,67,,,,,MODELED
CLE_OG_01,OG,48,57,49,88,82,46,81,71,75,73,74,,,,,,,,,,,,,,,,,,,,,,,,75,,,,,,62,,,,,,,,,,71,,,,65,,,,,,,83,,,,,MODELED
CLE_OG_02,OG,58,66,72,84,84,73,78,83,66,80,88,,,,,,,,,,,,,,,,,,,,,,,,82,,,,,,71,,,,,,,,,,77,,,,77,,,,,,,81,,,,,MODELED
CLE_OG_03,OG,43,65,60,96,85,60,84,79,85,78,80,,,,,,,,,,,,,,,,,,,,,,,,87,,,,,,72,,,,,,,,,,78,,,,72,,,,,,,79,,,,,MODELED
CLE_OG_04,OG,47,53,41,82,81,57,49,56,51,72,54,,,,,,,,,,,,,,,,,,,,,,,,55,,,,,,72,,,,,,,,,,58,,,,76,,,,,,,59,,,,,MODELED
CLE_OG_05,OG,52,59,60,84,82,65,64,63,83,72,66,,,,,,,,,,,,,,,,,,,,,,,,55,,,,,,67,,,,,,,,,,69,,,,71,,,,,,,65,,,,,MODELED
CLE_OG_06,OG,43,45,53,86,70,52,54,50,63,61,65,,,,,,,,,,,,,,,,,,,,,,,,53,,,,,,60,,,,,,,,,,64,,,,66,,,,,,,51,,,,,MODELED
CLE_C_01,C,43,58,65,75,72,74,68,61,72,50,74,,,,,,,,,,,,,,,,,,,,,73,,,60,,,,,,74,,,,,,,,,,76,,,,,,,77,,,,59,,,,,MODELED
CLE_C_02,C,40,50,60,79,73,53,62,69,41,57,64,,,,,,,,,,,,,,,,,,,,,73,,,64,,,,,,64,,,,,,,,,,70,,,,,,,66,,,,70,,,,,MODELED
CLE_C_03,C,55,45,57,75,81,78,60,64,62,69,62,,,,,,,,,,,,,,,,,,,,,62,,,71,,,,,,63,,,,,,,,,,77,,,,,,,70,,,,79,,,,,MODELED
CLE_EDGE_01,EDGE,89,99,99,96,90,85,95,88,58,71,,,,91,,,,,,,84,,,,,94,,,,,,,,,,,93,,,,,99,,,,,99,,,,,93,,,,,,,,,,,,,,,MODELED
CLE_EDGE_02,EDGE,94,78,88,93,97,56,79,78,58,65,,,,79,,,,,,,85,,,,,90,,,,,,,,,,,76,,,,,91,,,,,68,,,,,81,,,,,,,,,,,,,,,MODELED
CLE_EDGE_03,EDGE,65,70,82,73,81,91,73,76,72,69,,,,73,,,,,,,68,,,,,74,,,,,,,,,,,75,,,,,76,,,,,83,,,,,83,,,,,,,,,,,,,,,MODELED
CLE_EDGE_04,EDGE,62,74,73,76,76,83,80,80,69,69,,,,64,,,,,,,79,,,,,63,,,,,,,,,,,64,,,,,67,,,,,65,,,,,80,,,,,,,,,,,,,,,MODELED
CLE_EDGE_05,EDGE,76,71,82,81,83,67,60,78,62,62,,,,66,,,,,,,78,,,,,74,,,,,,,,,,,69,,,,,74,,,,,69,,,,,72,,,,,,,,,,,,,,,MODELED
CLE_EDGE_06,EDGE,59,57,59,68,70,74,68,64,47,57,,,,61,,,,,,,65,,,,,61,,,,,,,,,,,65,,,,,55,,,,,76,,,,,59,,,,,,,,,,,,,,,MODELED
CLE_EDGE_07,EDGE,49,72,77,69,79,81,58,64,69,65,,,,69,,,,,,,61,,,,,72,,,,,,,,,,,63,,,,,60,,,,,65,,,,,72,,,,,,,,,,,,,,,MODELED
CLE_EDGE_08,EDGE,60,52,65,71,65,52,55,59,63,65,,,,58,,,,,,,61,,,,,70,,,,,,,,,,,63,,,,,70,,,,,63,,,,,55,,,,,,,,,,,,,,,MODELED
CLE_EDGE_09,EDGE,61,66,48,69,70,54,57,59,80,66,,,,65,,,,,,,50,,,,,69,,,,,,,,,,,60,,,,,61,,,,,58,,,,,72,,,,,,,,,,,,,,,MODELED
CLE_DT_01,DT,61,67,75,99,76,87,84,93,65,63,,,,93,,,,,,,,,,,,76,,,,,,,,,,,85,,,,,81,,,,,69,,,,,65,,,,,,,,,,,,,,,MODELED
CLE_DT_02,DT,57,63,69,89,82,57,79,75,61,75,,,,67,,,,,,,,,,,,79,,,,,,,,,,,73,,,,,68,,,,,69,,,,,81,,,,,,,,,,,,,,,MODELED
CLE_DT_03,DT,58,70,68,90,77,70,83,91,68,65,,,,82,,,,,,,,,,,,73,,,,,,,,,,,72,,,,,69,,,,,78,,,,,72,,,,,,,,,,,,,,,MODELED
CLE_DT_04,DT,69,70,76,99,81,60,71,81,66,67,,,,87,,,,,,,,,,,,87,,,,,,,,,,,85,,,,,83,,,,,67,,,,,82,,,,,,,,,,,,,,,MODELED
CLE_DT_05,DT,56,61,60,93,76,83,73,68,80,67,,,,62,,,,,,,,,,,,79,,,,,,,,,,,64,,,,,71,,,,,71,,,,,68,,,,,,,,,,,,,,,MODELED
CLE_DT_06,DT,49,55,59,84,78,61,65,66,86,79,,,,71,,,,,,,,,,,,67,,,,,,,,,,,71,,,,,58,,,,,59,,,,,72,,,,,,,,,,,,,,,MODELED
CLE_DT_07,DT,40,51,40,78,82,81,48,58,97,58,,,,49,,,,,,,,,,,,56,,,,,,,,,,,46,,,,,57,,,,,49,,,,,51,,,,,,,,,,,,,,,MODELED
CLE_DT_08,DT,43,54,46,71,59,58,64,53,61,57,,,,56,,,,,,,,,,,,47,,,,,,,,,,,63,,,,,55,,,,,65,,,,,60,,,,,,,,,,,,,,,MODELED
CLE_LB_01,LB,73,73,79,77,80,60,71,73,68,66,,,67,76,,,,,,,,,,,,,,,,,,,79,,,,,,66,,,,,,,,72,,,,,,,,,,,,,,67,,,,,63,MODELED
CLE_LB_02,LB,74,78,77,90,88,74,76,80,88,61,,,76,79,,,,,,,,,,,,,,,,,,,66,,,,,,78,,,,,,,,89,,,,,,,,,,,,,,82,,,,,82,MODELED
CLE_LB_03,LB,71,79,75,74,95,99,72,76,78,63,,,88,65,,,,,,,,,,,,,,,,,,,78,,,,,,75,,,,,,,,72,,,,,,,,,,,,,,59,,,,,76,MODELED
CLE_LB_04,LB,80,70,78,78,97,96,78,72,72,64,,,77,78,,,,,,,,,,,,,,,,,,,72,,,,,,85,,,,,,,,67,,,,,,,,,,,,,,81,,,,,69,MODELED
CLE_LB_05,LB,76,70,74,69,66,68,84,86,95,66,,,63,59,,,,,,,,,,,,,,,,,,,69,,,,,,75,,,,,,,,76,,,,,,,,,,,,,,80,,,,,79,MODELED
CLE_LB_06,LB,55,62,64,60,75,61,56,63,71,69,,,54,58,,,,,,,,,,,,,,,,,,,49,,,,,,48,,,,,,,,57,,,,,,,,,,,,,,59,,,,,61,MODELED
CLE_LB_07,LB,54,48,59,58,76,64,59,51,67,51,,,59,53,,,,,,,,,,,,,,,,,,,59,,,,,,53,,,,,,,,62,,,,,,,,,,,,,,61,,,,,62,MODELED
CLE_LB_08,LB,62,48,58,70,71,96,48,50,88,46,,,50,56,,,,,,,,,,,,,,,,,,,40,,,,,,52,,,,,,,,38,,,,,,,,,,,,,,44,,,,,44,MODELED
CLE_CB_01,CB,99,99,91,81,76,70,85,92,53,69,,99,,,,,,,,,,,,,,,,,,,,,85,,,,,,93,,,,92,,,,,,,,,,,,,,,,,,83,,,,,98,MODELED
CLE_CB_02,CB,98,97,99,79,86,69,92,88,87,80,,98,,,,,,,,,,,,,,,,,,,,,94,,,,,,99,,,,89,,,,,,,,,,,,,,,,,,87,,,,,87,MODELED
CLE_CB_03,CB,99,90,94,74,86,50,80,71,77,62,,67,,,,,,,,,,,,,,,,,,,,,81,,,,,,82,,,,76,,,,,,,,,,,,,,,,,,78,,,,,81,MODELED
CLE_CB_04,CB,79,88,89,63,98,51,69,72,80,70,,68,,,,,,,,,,,,,,,,,,,,,82,,,,,,73,,,,72,,,,,,,,,,,,,,,,,,54,,,,,74,MODELED
CLE_CB_05,CB,84,84,89,71,80,75,72,79,68,64,,77,,,,,,,,,,,,,,,,,,,,,81,,,,,,69,,,,77,,,,,,,,,,,,,,,,,,82,,,,,85,MODELED
CLE_CB_06,CB,81,72,86,69,77,60,88,79,62,72,,77,,,,,,,,,,,,,,,,,,,,,75,,,,,,64,,,,76,,,,,,,,,,,,,,,,,,73,,,,,68,MODELED
CLE_CB_07,CB,61,63,62,49,65,85,59,46,71,63,,57,,,,,,,,,,,,,,,,,,,,,47,,,,,,45,,,,49,,,,,,,,,,,,,,,,,,53,,,,,54,MODELED
CLE_CB_08,CB,62,86,79,61,80,46,51,55,80,63,,52,,,,,,,,,,,,,,,,,,,,,64,,,,,,63,,,,65,,,,,,,,,,,,,,,,,,58,,,,,59,MODELED
CLE_CB_09,CB,70,69,68,67,68,79,51,49,69,46,,74,,,,,,,,,,,,,,,,,,,,,69,,,,,,55,,,,66,,,,,,,,,,,,,,,,,,52,,,,,51,MODELED
CLE_CB_10,CB,56,53,55,43,75,93,39,51,58,46,,50,,,,,,,,,,,,,,,,,,,,,50,,,,,,38,,,,53,,,,,,,,,,,,,,,,,,55,,,,,55,MODELED
CLE_CB_11,CB,74,68,74,55,79,93,66,47,64,66,,67,,,,,,,,,,,,,,,,,,,,,66,,,,,,68,,,,59,,,,,,,,,,,,,,,,,,47,,,,,59,MODELED
CLE_S_01,S,80,86,87,78,84,74,81,75,83,87,,93,,,,,,,,,,,,,,,,,,,,,75,,,,,,69,,,,78,,,,,,,,,,83,,,,,,,,81,,,,,89,MODELED
CLE_S_02,S,94,99,85,84,89,85,92,92,72,72,,98,,,,,,,,,,,,,,,,,,,,,77,,,,,,77,,,,87,,,,,,,,,,81,,,,,,,,95,,,,,80,MODELED
CLE_S_03,S,76,72,81,71,89,77,83,70,70,76,,68,,,,,,,,,,,,,,,,,,,,,80,,,,,,73,,,,76,,,,,,,,,,66,,,,,,,,79,,,,,73,MODELED
CLE_S_04,S,61,67,62,64,74,98,52,59,65,74,,47,,,,,,,,,,,,,,,,,,,,,63,,,,,,64,,,,59,,,,,,,,,,63,,,,,,,,63,,,,,63,MODELED
CLE_S_05,S,79,63,76,51,82,86,67,58,73,66,,77,,,,,,,,,,,,,,,,,,,,,54,,,,,,69,,,,71,,,,,,,,,,65,,,,,,,,65,,,,,76,MODELED
CLE_S_06,S,77,72,73,67,74,81,72,78,61,60,,52,,,,,,,,,,,,,,,,,,,,,67,,,,,,62,,,,72,,,,,,,,,,77,,,,,,,,79,,,,,62,MODELED
CLE_S_07,S,64,62,54,55,69,88,52,55,76,66,,60,,,,,,,,,,,,,,,,,,,,,64,,,,,,58,,,,54,,,,,,,,,,49,,,,,,,,54,,,,,64,MODELED
CLE_K_01,K,64,66,71,77,86,75,88,89,83,76,,,,,,,,,85,,,,,,,,,81,94,96,,,,,,,,,,,,,,,,,,,,,,,,,,,,,,,,,,,,,MODELED
CLE_K_02,K,44,26,47,63,68,80,58,60,50,63,,,,,,,,,66,,,,,,,,,59,56,54,,,,,,,,,,,,,,,,,,,,,,,,,,,,,,,,,,,,,MODELED
CLE_P_01,P,48,58,53,49,84,74,81,72,82,70,,,,,,,,,,,,,,60,,,79,,,,,,,,,,,,,,,,,,70,73,,,,,,,,,,,,,,,,,,,,,MODELED
CLE_P_02,P,39,46,59,52,82,54,56,61,70,71,,,,,,,,,,,,,,66,,,71,,,,,,,,,,,,,,,,,,58,57,,,,,,,,,,,,,,,,,,,,,MODELED
CLE_LS_01,LS,68,57,58,64,79,64,85,82,73,58,,,,,,,,,,,91,,,,,,,,,,,,,,,,,,,,,,,,,,,,,,,,,,,,,80,73,,,,,,,,MODELED
CIN_QB_01,QB,83,93,93,87,96,83,86,91,81,71,,,,,,,,,,,,99,99,,,,,,,,,,,99,,,,85,,99,,,,89,,,,,,,,,,99,,,87,,,,,,92,95,,,MODELED
CIN_QB_02,QB,65,64,82,69,75,76,72,77,74,70,,,,,,,,,,,,79,78,,,,,,,,,,,70,,,,63,,74,,,,75,,,,,,,,,,79,,,65,,,,,,81,66,,,MODELED
CIN_QB_03,QB,75,77,69,56,87,84,72,73,71,69,,,,,,,,,,,,76,72,,,,,,,,,,,76,,,,87,,68,,,,63,,,,,,,,,,77,,,70,,,,,,81,75,,,MODELED
CIN_QB_04,QB,60,56,52,44,85,70,43,54,84,57,,,,,,,,,,,,44,60,,,,,,,,,,,51,,,,43,,67,,,,41,,,,,,,,,,60,,,61,,,,,,54,52,,,MODELED
CIN_RB_01,RB,98,96,99,84,87,65,82,99,79,82,,,,,80,93,,,,93,,,,,72,,,,,,,,,,,98,,,,,,,,,,,,99,,,,,,,,,,,,,,,,,92,,MODELED
CIN_RB_02,RB,84,95,79,79,89,92,77,64,93,82,,,,,81,74,,,,64,,,,,83,,,,,,,,,,,75,,,,,,,,,,,,82,,,,,,,,,,,,,,,,,76,,MODELED
CIN_RB_03,RB,74,85,86,58,76,72,81,64,78,55,,,,,60,58,,,,71,,,,,69,,,,,,,,,,,77,,,,,,,,,,,,63,,,,,,,,,,,,,,,,,62,,MODELED
CIN_RB_04,RB,60,65,77,61,78,58,50,60,79,53,,,,,62,65,,,,71,,,,,60,,,,,,,,,,,64,,,,,,,,,,,,52,,,,,,,,,,,,,,,,,59,,MODELED
CIN_RB_05,RB,74,75,71,62,82,71,56,60,45,60,,,,,49,65,,,,63,,,,,54,,,,,,,,,,,65,,,,,,,,,,,,58,,,,,,,,,,,,,,,,,62,,MODELED
CIN_FB_01,FB,56,65,65,84,95,58,62,73,65,76,,,,,,72,,,,80,,,,,,,,,,,62,,,,,67,,,,,,,,,,,,79,,,61,,,,,,,,,,,,,,,,MODELED
CIN_WR_01,WR,92,92,89,65,82,69,83,85,57,85,,,,,,,80,79,,,,,,,,,,,,,,,,,,,,,,,,,,,,,,,80,79,68,,,,,81,,,,72,,,,,,,MODELED
CIN_WR_02,WR,82,85,84,70,80,34,81,74,81,65,,,,,,,72,69,,,,,,,,,,,,,,,,,,,,,,,,,,,,,,,64,78,83,,,,,70,,,,91,,,,,,,MODELED
CIN_WR_03,WR,87,88,79,61,85,78,73,77,75,58,,,,,,,83,69,,,,,,,,,,,,,,,,,,,,,,,,,,,,,,,70,76,81,,,,,83,,,,69,,,,,,,MODELED
CIN_WR_04,WR,84,93,83,76,67,65,85,69,80,81,,,,,,,93,79,,,,,,,,,,,,,,,,,,,,,,,,,,,,,,,82,77,67,,,,,72,,,,90,,,,,,,MODELED
CIN_WR_05,WR,87,83,78,65,81,96,64,71,70,76,,,,,,,73,65,,,,,,,,,,,,,,,,,,,,,,,,,,,,,,,60,67,62,,,,,58,,,,70,,,,,,,MODELED
CIN_WR_06,WR,70,83,74,64,84,63,62,54,86,69,,,,,,,50,61,,,,,,,,,,,,,,,,,,,,,,,,,,,,,,,72,81,54,,,,,68,,,,74,,,,,,,MODELED
CIN_WR_07,WR,77,72,81,60,77,66,76,50,77,66,,,,,,,63,56,,,,,,,,,,,,,,,,,,,,,,,,,,,,,,,66,72,49,,,,,68,,,,63,,,,,,,MODELED
CIN_WR_08,WR,83,75,69,58,92,50,60,62,74,55,,,,,,,72,65,,,,,,,,,,,,,,,,,,,,,,,,,,,,,,,65,69,59,,,,,79,,,,69,,,,,,,MODELED
CIN_WR_09,WR,69,71,64,58,68,75,48,53,74,46,,,,,,,53,44,,,,,,,,,,,,,,,,,,,,,,,,,,,,,,,54,59,56,,,,,65,,,,50,,,,,,,MODELED
CIN_WR_10,WR,64,78,63,56,70,87,68,63,75,55,,,,,,,58,69,,,,,,,,,,,,,,,,,,,,,,,,,,,,,,,69,55,76,,,,,72,,,,64,,,,,,,MODELED
CIN_WR_11,WR,63,80,67,48,85,75,56,59,74,77,,,,,,,71,62,,,,,,,,,,,,,,,,,,,,,,,,,,,,,,,63,73,76,,,,,66,,,,59,,,,,,,MODELED
CIN_TE_01,TE,87,68,79,86,84,48,94,81,82,60,,,,,,,76,91,,,,,,,,,,,,,,,,,76,,,,,,,,,,,,,,74,76,79,,,,,79,,,,80,,,,,,,MODELED
CIN_TE_02,TE,67,67,74,71,74,59,71,59,87,64,,,,,,,69,72,,,,,,,,,,,,,,,,,58,,,,,,,,,,,,,,53,73,74,,,,,67,,,,67,,,,,,,MODELED
CIN_TE_03,TE,75,71,72,82,83,89,73,70,79,51,,,,,,,74,68,,,,,,,,,,,,,,,,,70,,,,,,,,,,,,,,74,70,68,,,,,76,,,,63,,,,,,,MODELED
CIN_TE_04,TE,66,60,65,73,75,80,61,60,77,59,,,,,,,61,65,,,,,,,,,,,,,,,,,64,,,,,,,,,,,,,,67,61,51,,,,,56,,,,66,,,,,,,MODELED
CIN_TE_05,TE,42,45,50,57,74,82,51,40,82,45,,,,,,,52,54,,,,,,,,,,,,,,,,,46,,,,,,,,,,,,,,42,63,34,,,,,61,,,,47,,,,,,,MODELED
CIN_TE_06,TE,50,68,58,65,70,90,55,54,49,53,,,,,,,47,64,,,,,,,,,,,,,,,,,63,,,,,,,,,,,,,,57,55,56,,,,,50,,,,61,,,,,,,MODELED
CIN_OT_01,OT,70,57,68,97,84,76,82,88,40,88,87,,,,,,,,,,,,,,,,,,,,,,,,96,,,,,,74,,,,,,,,,,85,,,,82,,,,,,,84,,,,,MODELED
CIN_OT_02,OT,62,65,67,86,70,76,70,64,45,73,71,,,,,,,,,,,,,,,,,,,,,,,,72,,,,,,78,,,,,,,,,,72,,,,69,,,,,,,75,,,,,MODELED
CIN_OT_03,OT,53,70,74,91,87,80,69,67,64,68,77,,,,,,,,,,,,,,,,,,,,,,,,73,,,,,,86,,,,,,,,,,79,,,,80,,,,,,,72,,,,,MODELED
CIN_OT_04,OT,57,64,59,92,79,68,75,73,46,63,62,,,,,,,,,,,,,,,,,,,,,,,,72,,,,,,71,,,,,,,,,,79,,,,69,,,,,,,82,,,,,MODELED
CIN_OT_05,OT,37,47,58,79,74,64,59,62,45,60,71,,,,,,,,,,,,,,,,,,,,,,,,62,,,,,,61,,,,,,,,,,69,,,,69,,,,,,,58,,,,,MODELED
CIN_OT_06,OT,37,46,49,73,79,61,61,51,54,61,59,,,,,,,,,,,,,,,,,,,,,,,,50,,,,,,61,,,,,,,,,,49,,,,55,,,,,,,50,,,,,MODELED
CIN_OG_01,OG,57,57,69,87,79,87,81,65,57,63,83,,,,,,,,,,,,,,,,,,,,,,,,70,,,,,,81,,,,,,,,,,84,,,,69,,,,,,,76,,,,,MODELED
CIN_OG_02,OG,69,73,71,99,81,73,82,83,56,63,84,,,,,,,,,,,,,,,,,,,,,,,,81,,,,,,82,,,,,,,,,,68,,,,71,,,,,,,80,,,,,MODELED
CIN_OG_03,OG,57,67,56,88,85,79,82,74,81,71,76,,,,,,,,,,,,,,,,,,,,,,,,81,,,,,,71,,,,,,,,,,75,,,,78,,,,,,,69,,,,,MODELED
CIN_OG_04,OG,50,57,53,73,75,62,71,68,76,71,67,,,,,,,,,,,,,,,,,,,,,,,,72,,,,,,70,,,,,,,,,,53,,,,56,,,,,,,75,,,,,MODELED
CIN_OG_05,OG,41,68,58,73,85,86,60,59,79,62,73,,,,,,,,,,,,,,,,,,,,,,,,56,,,,,,70,,,,,,,,,,59,,,,70,,,,,,,69,,,,,MODELED
CIN_OG_06,OG,40,41,52,76,76,80,63,53,75,64,44,,,,,,,,,,,,,,,,,,,,,,,,61,,,,,,56,,,,,,,,,,71,,,,59,,,,,,,51,,,,,MODELED
CIN_C_01,C,68,79,67,90,99,99,90,84,56,87,80,,,,,,,,,,,,,,,,,,,,,75,,,82,,,,,,88,,,,,,,,,,77,,,,,,,74,,,,78,,,,,MODELED
CIN_C_02,C,56,70,71,83,87,83,76,79,82,70,80,,,,,,,,,,,,,,,,,,,,,75,,,79,,,,,,86,,,,,,,,,,85,,,,,,,85,,,,70,,,,,MODELED
CIN_C_03,C,47,54,54,79,87,61,62,50,90,67,82,,,,,,,,,,,,,,,,,,,,,68,,,61,,,,,,64,,,,,,,,,,60,,,,,,,57,,,,60,,,,,MODELED
CIN_EDGE_01,EDGE,73,74,67,89,82,78,69,76,57,65,,,,66,,,,,,,68,,,,,68,,,,,,,,,,,72,,,,,73,,,,,74,,,,,80,,,,,,,,,,,,,,,MODELED
CIN_EDGE_02,EDGE,83,81,77,86,75,45,82,78,71,62,,,,80,,,,,,,69,,,,,73,,,,,,,,,,,73,,,,,77,,,,,78,,,,,59,,,,,,,,,,,,,,,MODELED
CIN_EDGE_03,EDGE,67,69,72,75,82,56,79,69,63,67,,,,55,,,,,,,61,,,,,68,,,,,,,,,,,59,,,,,65,,,,,59,,,,,73,,,,,,,,,,,,,,,MODELED
CIN_EDGE_04,EDGE,68,73,70,86,73,82,69,60,97,61,,,,87,,,,,,,75,,,,,69,,,,,,,,,,,65,,,,,65,,,,,75,,,,,66,,,,,,,,,,,,,,,MODELED
CIN_EDGE_05,EDGE,71,72,67,68,71,73,61,70,60,58,,,,62,,,,,,,60,,,,,68,,,,,,,,,,,78,,,,,74,,,,,63,,,,,57,,,,,,,,,,,,,,,MODELED
CIN_EDGE_06,EDGE,70,67,71,67,84,68,69,70,73,69,,,,65,,,,,,,55,,,,,56,,,,,,,,,,,54,,,,,51,,,,,68,,,,,69,,,,,,,,,,,,,,,MODELED
CIN_EDGE_07,EDGE,59,68,73,63,76,60,69,53,53,67,,,,73,,,,,,,72,,,,,47,,,,,,,,,,,60,,,,,68,,,,,60,,,,,56,,,,,,,,,,,,,,,MODELED
CIN_EDGE_08,EDGE,64,75,51,58,77,61,65,47,58,61,,,,57,,,,,,,57,,,,,61,,,,,,,,,,,61,,,,,62,,,,,57,,,,,60,,,,,,,,,,,,,,,MODELED
CIN_EDGE_09,EDGE,59,72,65,80,63,56,73,65,73,53,,,,72,,,,,,,67,,,,,72,,,,,,,,,,,58,,,,,67,,,,,58,,,,,57,,,,,,,,,,,,,,,MODELED
CIN_DT_01,DT,75,84,81,96,97,99,88,81,74,77,,,,91,,,,,,,,,,,,78,,,,,,,,,,,99,,,,,92,,,,,87,,,,,93,,,,,,,,,,,,,,,MODELED
CIN_DT_02,DT,65,75,75,94,78,75,84,82,86,68,,,,76,,,,,,,,,,,,77,,,,,,,,,,,98,,,,,83,,,,,77,,,,,76,,,,,,,,,,,,,,,MODELED
CIN_DT_03,DT,46,56,50,78,84,80,76,69,51,57,,,,55,,,,,,,,,,,,66,,,,,,,,,,,70,,,,,50,,,,,80,,,,,68,,,,,,,,,,,,,,,MODELED
CIN_DT_04,DT,66,58,69,88,84,99,79,83,60,59,,,,80,,,,,,,,,,,,75,,,,,,,,,,,77,,,,,72,,,,,67,,,,,75,,,,,,,,,,,,,,,MODELED
CIN_DT_05,DT,57,66,63,79,82,99,57,58,65,69,,,,74,,,,,,,,,,,,62,,,,,,,,,,,54,,,,,63,,,,,59,,,,,65,,,,,,,,,,,,,,,MODELED
CIN_DT_06,DT,43,55,46,82,78,78,58,53,65,64,,,,54,,,,,,,,,,,,58,,,,,,,,,,,58,,,,,57,,,,,52,,,,,46,,,,,,,,,,,,,,,MODELED
CIN_DT_07,DT,45,43,50,66,67,90,52,55,65,29,,,,53,,,,,,,,,,,,69,,,,,,,,,,,57,,,,,59,,,,,55,,,,,55,,,,,,,,,,,,,,,MODELED
CIN_DT_08,DT,60,46,56,68,86,84,68,54,74,67,,,,64,,,,,,,,,,,,73,,,,,,,,,,,61,,,,,49,,,,,72,,,,,59,,,,,,,,,,,,,,,MODELED
CIN_LB_01,LB,92,89,81,64,96,65,77,84,68,69,,,93,84,,,,,,,,,,,,,,,,,,,78,,,,,,88,,,,,,,,80,,,,,,,,,,,,,,81,,,,,82,MODELED
CIN_LB_02,LB,72,81,75,85,87,64,77,75,60,68,,,86,77,,,,,,,,,,,,,,,,,,,69,,,,,,71,,,,,,,,89,,,,,,,,,,,,,,75,,,,,75,MODELED
CIN_LB_03,LB,78,76,77,79,77,47,77,72,93,83,,,83,84,,,,,,,,,,,,,,,,,,,67,,,,,,78,,,,,,,,76,,,,,,,,,,,,,,76,,,,,68,MODELED
CIN_LB_04,LB,73,87,85,68,69,48,81,63,66,73,,,63,76,,,,,,,,,,,,,,,,,,,68,,,,,,69,,,,,,,,74,,,,,,,,,,,,,,79,,,,,71,MODELED
CIN_LB_05,LB,51,75,60,63,84,60,65,56,61,65,,,48,55,,,,,,,,,,,,,,,,,,,72,,,,,,64,,,,,,,,60,,,,,,,,,,,,,,51,,,,,64,MODELED
CIN_LB_06,LB,74,67,79,74,67,51,60,67,49,63,,,63,74,,,,,,,,,,,,,,,,,,,56,,,,,,63,,,,,,,,63,,,,,,,,,,,,,,75,,,,,68,MODELED
CIN_LB_07,LB,59,68,58,51,81,80,50,62,43,71,,,50,55,,,,,,,,,,,,,,,,,,,59,,,,,,53,,,,,,,,55,,,,,,,,,,,,,,57,,,,,55,MODELED
CIN_LB_08,LB,41,60,64,62,85,58,47,51,65,58,,,51,58,,,,,,,,,,,,,,,,,,,58,,,,,,64,,,,,,,,52,,,,,,,,,,,,,,41,,,,,70,MODELED
CIN_CB_01,CB,86,87,85,73,84,56,76,68,59,63,,69,,,,,,,,,,,,,,,,,,,,,71,,,,,,72,,,,67,,,,,,,,,,,,,,,,,,74,,,,,88,MODELED
CIN_CB_02,CB,92,99,88,78,96,67,89,84,72,63,,84,,,,,,,,,,,,,,,,,,,,,79,,,,,,82,,,,89,,,,,,,,,,,,,,,,,,88,,,,,83,MODELED
CIN_CB_03,CB,92,99,99,80,99,62,79,89,63,82,,95,,,,,,,,,,,,,,,,,,,,,84,,,,,,85,,,,93,,,,,,,,,,,,,,,,,,99,,,,,89,MODELED
CIN_CB_04,CB,86,80,82,62,78,82,73,72,85,71,,74,,,,,,,,,,,,,,,,,,,,,65,,,,,,77,,,,82,,,,,,,,,,,,,,,,,,56,,,,,58,MODELED
CIN_CB_05,CB,80,84,69,53,79,54,61,68,97,62,,69,,,,,,,,,,,,,,,,,,,,,60,,,,,,67,,,,63,,,,,,,,,,,,,,,,,,64,,,,,78,MODELED
CIN_CB_06,CB,89,75,80,54,81,60,73,82,97,60,,70,,,,,,,,,,,,,,,,,,,,,80,,,,,,69,,,,70,,,,,,,,,,,,,,,,,,68,,,,,73,MODELED
CIN_CB_07,CB,74,87,76,57,77,62,70,68,74,70,,69,,,,,,,,,,,,,,,,,,,,,75,,,,,,63,,,,62,,,,,,,,,,,,,,,,,,68,,,,,77,MODELED
CIN_CB_08,CB,68,67,75,49,69,60,59,68,72,56,,61,,,,,,,,,,,,,,,,,,,,,53,,,,,,56,,,,50,,,,,,,,,,,,,,,,,,44,,,,,52,MODELED
CIN_CB_09,CB,74,67,74,56,68,95,63,58,67,83,,56,,,,,,,,,,,,,,,,,,,,,64,,,,,,60,,,,60,,,,,,,,,,,,,,,,,,59,,,,,62,MODELED
CIN_CB_10,CB,65,62,70,46,79,99,49,65,99,47,,61,,,,,,,,,,,,,,,,,,,,,53,,,,,,74,,,,58,,,,,,,,,,,,,,,,,,62,,,,,53,MODELED
CIN_CB_11,CB,71,81,71,51,75,82,59,64,55,70,,47,,,,,,,,,,,,,,,,,,,,,58,,,,,,61,,,,57,,,,,,,,,,,,,,,,,,56,,,,,66,MODELED
CIN_S_01,S,84,86,99,90,90,70,84,79,99,78,,88,,,,,,,,,,,,,,,,,,,,,83,,,,,,78,,,,83,,,,,,,,,,85,,,,,,,,85,,,,,91,MODELED
CIN_S_02,S,74,81,79,72,80,58,81,80,80,81,,68,,,,,,,,,,,,,,,,,,,,,89,,,,,,75,,,,80,,,,,,,,,,92,,,,,,,,72,,,,,81,MODELED
CIN_S_03,S,81,73,66,59,81,57,76,66,82,59,,57,,,,,,,,,,,,,,,,,,,,,62,,,,,,54,,,,74,,,,,,,,,,56,,,,,,,,48,,,,,66,MODELED
CIN_S_04,S,74,69,73,56,90,58,70,76,78,55,,58,,,,,,,,,,,,,,,,,,,,,76,,,,,,71,,,,74,,,,,,,,,,65,,,,,,,,71,,,,,64,MODELED
CIN_S_05,S,81,76,74,54,75,78,67,54,45,62,,55,,,,,,,,,,,,,,,,,,,,,55,,,,,,64,,,,75,,,,,,,,,,72,,,,,,,,64,,,,,52,MODELED
CIN_S_06,S,49,60,59,51,71,80,51,50,76,43,,33,,,,,,,,,,,,,,,,,,,,,55,,,,,,63,,,,60,,,,,,,,,,53,,,,,,,,51,,,,,44,MODELED
CIN_S_07,S,70,68,59,70,75,60,58,68,73,55,,59,,,,,,,,,,,,,,,,,,,,,68,,,,,,69,,,,61,,,,,,,,,,51,,,,,,,,66,,,,,65,MODELED
CIN_K_01,K,49,53,58,59,80,73,78,77,50,67,,,,,,,,,70,,,,,,,,,65,69,82,,,,,,,,,,,,,,,,,,,,,,,,,,,,,,,,,,,,,MODELED
CIN_K_02,K,39,37,55,47,78,65,61,67,64,73,,,,,,,,,68,,,,,,,,,65,74,59,,,,,,,,,,,,,,,,,,,,,,,,,,,,,,,,,,,,,MODELED
CIN_P_01,P,63,66,78,70,87,76,77,90,79,67,,,,,,,,,,,,,,80,,,88,,,,,,,,,,,,,,,,,,86,81,,,,,,,,,,,,,,,,,,,,,MODELED
CIN_P_02,P,34,42,55,56,82,80,64,70,71,65,,,,,,,,,,,,,,66,,,59,,,,,,,,,,,,,,,,,,64,61,,,,,,,,,,,,,,,,,,,,,MODELED
CIN_LS_01,LS,68,66,58,78,98,73,76,71,76,55,,,,,,,,,,,81,,,,,,,,,,,,,,,,,,,,,,,,,,,,,,,,,,,,,70,75,,,,,,,,MODELED
HOU_QB_01,QB,76,69,71,86,95,74,79,90,72,84,,,,,,,,,,,,79,93,,,,,,,,,,,90,,,,78,,81,,,,93,,,,,,,,,,77,,,86,,,,,,88,76,,,MODELED
HOU_QB_02,QB,52,58,58,53,79,54,64,55,84,68,,,,,,,,,,,,71,43,,,,,,,,,,,74,,,,50,,57,,,,69,,,,,,,,,,61,,,59,,,,,,58,61,,,MODELED
HOU_QB_03,QB,71,62,70,50,77,62,58,68,60,57,,,,,,,,,,,,63,57,,,,,,,,,,,68,,,,77,,61,,,,52,,,,,,,,,,53,,,64,,,,,,71,66,,,MODELED
HOU_QB_04,QB,45,46,49,50,78,68,53,44,62,53,,,,,,,,,,,,48,50,,,,,,,,,,,60,,,,46,,50,,,,52,,,,,,,,,,52,,,37,,,,,,45,47,,,MODELED
HOU_RB_01,RB,75,78,82,64,81,66,77,81,68,65,,,,,68,77,,,,74,,,,,66,,,,,,,,,,,71,,,,,,,,,,,,66,,,,,,,,,,,,,,,,,74,,MODELED
HOU_RB_02,RB,78,86,82,67,83,62,61,56,81,75,,,,,65,63,,,,80,,,,,54,,,,,,,,,,,70,,,,,,,,,,,,71,,,,,,,,,,,,,,,,,75,,MODELED
HOU_RB_03,RB,69,65,75,70,80,68,68,68,73,76,,,,,64,57,,,,70,,,,,66,,,,,,,,,,,63,,,,,,,,,,,,59,,,,,,,,,,,,,,,,,72,,MODELED
HOU_RB_04,RB,69,69,82,59,75,76,59,54,64,64,,,,,61,65,,,,55,,,,,65,,,,,,,,,,,53,,,,,,,,,,,,78,,,,,,,,,,,,,,,,,50,,MODELED
HOU_RB_05,RB,73,67,50,45,72,87,60,58,78,46,,,,,67,58,,,,66,,,,,67,,,,,,,,,,,58,,,,,,,,,,,,63,,,,,,,,,,,,,,,,,70,,MODELED
HOU_FB_01,FB,60,70,66,83,76,75,69,76,59,67,,,,,,71,,,,74,,,,,,,,,,,77,,,,,75,,,,,,,,,,,,64,,,72,,,,,,,,,,,,,,,,MODELED
HOU_WR_01,WR,95,99,99,80,74,54,84,90,93,95,,,,,,,91,78,,,,,,,,,,,,,,,,,,,,,,,,,,,,,,,89,88,91,,,,,99,,,,94,,,,,,,MODELED
HOU_WR_02,WR,81,83,84,73,80,65,81,84,76,64,,,,,,,66,79,,,,,,,,,,,,,,,,,,,,,,,,,,,,,,,82,71,69,,,,,78,,,,79,,,,,,,MODELED
HOU_WR_03,WR,75,83,72,71,81,68,74,87,80,62,,,,,,,73,76,,,,,,,,,,,,,,,,,,,,,,,,,,,,,,,63,84,55,,,,,94,,,,77,,,,,,,MODELED
HOU_WR_04,WR,91,80,80,61,81,61,71,77,82,75,,,,,,,84,75,,,,,,,,,,,,,,,,,,,,,,,,,,,,,,,81,68,62,,,,,72,,,,55,,,,,,,MODELED
HOU_WR_05,WR,93,87,77,62,72,69,60,63,43,69,,,,,,,81,65,,,,,,,,,,,,,,,,,,,,,,,,,,,,,,,72,55,83,,,,,64,,,,75,,,,,,,MODELED
HOU_WR_06,WR,67,72,72,66,69,69,67,69,58,66,,,,,,,66,47,,,,,,,,,,,,,,,,,,,,,,,,,,,,,,,66,55,62,,,,,63,,,,63,,,,,,,MODELED
HOU_WR_07,WR,72,62,74,54,77,89,54,70,67,54,,,,,,,60,52,,,,,,,,,,,,,,,,,,,,,,,,,,,,,,,57,65,73,,,,,63,,,,53,,,,,,,MODELED
HOU_WR_08,WR,77,71,82,69,75,84,64,79,83,88,,,,,,,69,64,,,,,,,,,,,,,,,,,,,,,,,,,,,,,,,69,67,61,,,,,73,,,,72,,,,,,,MODELED
HOU_WR_09,WR,52,54,57,52,84,81,43,55,54,49,,,,,,,58,57,,,,,,,,,,,,,,,,,,,,,,,,,,,,,,,53,49,59,,,,,50,,,,60,,,,,,,MODELED
HOU_WR_10,WR,67,57,61,49,73,72,59,55,74,58,,,,,,,60,57,,,,,,,,,,,,,,,,,,,,,,,,,,,,,,,65,55,58,,,,,53,,,,67,,,,,,,MODELED
HOU_WR_11,WR,81,79,74,62,80,75,65,61,60,55,,,,,,,54,70,,,,,,,,,,,,,,,,,,,,,,,,,,,,,,,50,56,56,,,,,63,,,,64,,,,,,,MODELED
HOU_TE_01,TE,64,61,73,60,89,68,73,68,85,62,,,,,,,76,57,,,,,,,,,,,,,,,,,73,,,,,,,,,,,,,,75,71,65,,,,,77,,,,68,,,,,,,MODELED
HOU_TE_02,TE,67,59,72,70,79,89,71,65,61,69,,,,,,,54,64,,,,,,,,,,,,,,,,,71,,,,,,,,,,,,,,61,55,59,,,,,80,,,,64,,,,,,,MODELED
HOU_TE_03,TE,79,66,70,68,75,40,71,77,49,88,,,,,,,70,80,,,,,,,,,,,,,,,,,76,,,,,,,,,,,,,,64,71,67,,,,,78,,,,66,,,,,,,MODELED
HOU_TE_04,TE,53,67,54,73,70,57,68,60,73,60,,,,,,,60,73,,,,,,,,,,,,,,,,,51,,,,,,,,,,,,,,48,69,63,,,,,57,,,,65,,,,,,,MODELED
HOU_TE_05,TE,54,56,72,68,79,53,61,64,71,63,,,,,,,58,59,,,,,,,,,,,,,,,,,56,,,,,,,,,,,,,,81,48,65,,,,,53,,,,61,,,,,,,MODELED
HOU_TE_06,TE,54,63,56,66,72,52,55,58,91,66,,,,,,,54,57,,,,,,,,,,,,,,,,,58,,,,,,,,,,,,,,47,57,54,,,,,68,,,,54,,,,,,,MODELED
HOU_OT_01,OT,66,68,76,92,87,74,73,69,73,73,62,,,,,,,,,,,,,,,,,,,,,,,,79,,,,,,62,,,,,,,,,,70,,,,72,,,,,,,76,,,,,MODELED
HOU_OT_02,OT,57,73,63,79,85,99,61,74,84,69,64,,,,,,,,,,,,,,,,,,,,,,,,82,,,,,,65,,,,,,,,,,77,,,,74,,,,,,,81,,,,,MODELED
HOU_OT_03,OT,34,49,49,71,85,70,62,57,72,61,50,,,,,,,,,,,,,,,,,,,,,,,,61,,,,,,59,,,,,,,,,,66,,,,54,,,,,,,50,,,,,MODELED
HOU_OT_04,OT,45,62,50,80,78,69,56,65,67,64,72,,,,,,,,,,,,,,,,,,,,,,,,56,,,,,,56,,,,,,,,,,53,,,,83,,,,,,,73,,,,,MODELED
HOU_OT_05,OT,39,52,52,73,68,78,63,66,78,75,55,,,,,,,,,,,,,,,,,,,,,,,,54,,,,,,70,,,,,,,,,,68,,,,61,,,,,,,57,,,,,MODELED
HOU_OT_06,OT,39,29,36,61,83,67,51,55,51,46,50,,,,,,,,,,,,,,,,,,,,,,,,64,,,,,,61,,,,,,,,,,44,,,,54,,,,,,,72,,,,,MODELED
HOU_OG_01,OG,61,50,61,82,84,91,72,78,62,61,70,,,,,,,,,,,,,,,,,,,,,,,,74,,,,,,73,,,,,,,,,,70,,,,67,,,,,,,71,,,,,MODELED
HOU_OG_02,OG,45,52,45,85,69,71,60,74,63,72,65,,,,,,,,,,,,,,,,,,,,,,,,70,,,,,,66,,,,,,,,,,71,,,,76,,,,,,,78,,,,,MODELED
HOU_OG_03,OG,53,54,61,81,82,80,64,63,64,54,71,,,,,,,,,,,,,,,,,,,,,,,,62,,,,,,67,,,,,,,,,,60,,,,59,,,,,,,75,,,,,MODELED
HOU_OG_04,OG,51,52,50,86,84,78,63,75,88,58,75,,,,,,,,,,,,,,,,,,,,,,,,74,,,,,,50,,,,,,,,,,75,,,,62,,,,,,,69,,,,,MODELED
HOU_OG_05,OG,49,50,61,81,90,60,60,69,58,83,65,,,,,,,,,,,,,,,,,,,,,,,,60,,,,,,73,,,,,,,,,,67,,,,71,,,,,,,60,,,,,MODELED
HOU_OG_06,OG,33,42,41,75,70,83,51,37,58,70,59,,,,,,,,,,,,,,,,,,,,,,,,58,,,,,,35,,,,,,,,,,57,,,,50,,,,,,,39,,,,,MODELED
HOU_C_01,C,53,70,57,95,73,74,74,66,95,74,58,,,,,,,,,,,,,,,,,,,,,78,,,71,,,,,,77,,,,,,,,,,80,,,,,,,84,,,,75,,,,,MODELED
HOU_C_02,C,34,65,48,59,79,68,52,58,91,53,53,,,,,,,,,,,,,,,,,,,,,50,,,60,,,,,,49,,,,,,,,,,60,,,,,,,55,,,,56,,,,,MODELED
HOU_C_03,C,49,55,62,88,87,85,72,70,67,58,58,,,,,,,,,,,,,,,,,,,,,72,,,79,,,,,,66,,,,,,,,,,66,,,,,,,76,,,,69,,,,,MODELED
HOU_EDGE_01,EDGE,88,90,87,94,94,79,89,90,57,73,,,,63,,,,,,,80,,,,,77,,,,,,,,,,,94,,,,,76,,,,,79,,,,,79,,,,,,,,,,,,,,,MODELED
HOU_EDGE_02,EDGE,75,74,72,73,84,99,60,78,77,68,,,,66,,,,,,,76,,,,,79,,,,,,,,,,,64,,,,,77,,,,,66,,,,,65,,,,,,,,,,,,,,,MODELED
HOU_EDGE_03,EDGE,58,63,52,66,72,57,67,56,55,55,,,,57,,,,,,,66,,,,,51,,,,,,,,,,,77,,,,,60,,,,,64,,,,,58,,,,,,,,,,,,,,,MODELED
HOU_EDGE_04,EDGE,72,78,78,74,70,65,62,67,88,76,,,,76,,,,,,,85,,,,,88,,,,,,,,,,,72,,,,,67,,,,,84,,,,,65,,,,,,,,,,,,,,,MODELED
HOU_EDGE_05,EDGE,70,71,71,71,78,54,69,53,76,62,,,,79,,,,,,,57,,,,,62,,,,,,,,,,,72,,,,,76,,,,,69,,,,,66,,,,,,,,,,,,,,,MODELED
HOU_EDGE_06,EDGE,76,82,79,77,80,52,61,70,65,59,,,,72,,,,,,,67,,,,,59,,,,,,,,,,,82,,,,,67,,,,,75,,,,,64,,,,,,,,,,,,,,,MODELED
HOU_EDGE_07,EDGE,59,71,70,80,85,68,62,63,79,58,,,,58,,,,,,,64,,,,,59,,,,,,,,,,,67,,,,,51,,,,,71,,,,,57,,,,,,,,,,,,,,,MODELED
HOU_EDGE_08,EDGE,57,59,72,72,71,53,61,66,68,67,,,,66,,,,,,,76,,,,,61,,,,,,,,,,,64,,,,,76,,,,,71,,,,,60,,,,,,,,,,,,,,,MODELED
HOU_EDGE_09,EDGE,58,66,61,65,70,62,61,54,76,53,,,,48,,,,,,,65,,,,,63,,,,,,,,,,,61,,,,,55,,,,,57,,,,,56,,,,,,,,,,,,,,,MODELED
HOU_DT_01,DT,56,67,68,87,73,78,75,76,84,73,,,,74,,,,,,,,,,,,78,,,,,,,,,,,80,,,,,78,,,,,70,,,,,80,,,,,,,,,,,,,,,MODELED
HOU_DT_02,DT,52,59,66,85,82,70,64,65,57,80,,,,80,,,,,,,,,,,,63,,,,,,,,,,,68,,,,,67,,,,,72,,,,,58,,,,,,,,,,,,,,,MODELED
HOU_DT_03,DT,60,58,64,83,67,61,63,58,72,69,,,,57,,,,,,,,,,,,69,,,,,,,,,,,67,,,,,72,,,,,66,,,,,67,,,,,,,,,,,,,,,MODELED
HOU_DT_04,DT,53,51,60,76,84,51,76,59,64,76,,,,71,,,,,,,,,,,,72,,,,,,,,,,,75,,,,,61,,,,,60,,,,,61,,,,,,,,,,,,,,,MODELED
HOU_DT_05,DT,58,54,59,90,76,51,68,62,83,58,,,,62,,,,,,,,,,,,73,,,,,,,,,,,73,,,,,78,,,,,73,,,,,71,,,,,,,,,,,,,,,MODELED
HOU_DT_06,DT,46,56,49,73,87,53,71,57,70,60,,,,66,,,,,,,,,,,,62,,,,,,,,,,,72,,,,,63,,,,,56,,,,,63,,,,,,,,,,,,,,,MODELED
HOU_DT_07,DT,52,53,41,83,80,69,61,55,80,60,,,,65,,,,,,,,,,,,51,,,,,,,,,,,64,,,,,59,,,,,56,,,,,57,,,,,,,,,,,,,,,MODELED
HOU_DT_08,DT,41,37,49,68,75,47,49,58,68,54,,,,47,,,,,,,,,,,,42,,,,,,,,,,,53,,,,,57,,,,,66,,,,,51,,,,,,,,,,,,,,,MODELED
HOU_LB_01,LB,77,72,69,64,79,83,74,72,63,66,,,66,71,,,,,,,,,,,,,,,,,,,79,,,,,,67,,,,,,,,66,,,,,,,,,,,,,,79,,,,,72,MODELED
HOU_LB_02,LB,66,75,82,71,80,65,68,63,52,73,,,45,79,,,,,,,,,,,,,,,,,,,75,,,,,,64,,,,,,,,65,,,,,,,,,,,,,,77,,,,,69,MODELED
HOU_LB_03,LB,77,73,85,91,95,67,67,63,58,59,,,59,87,,,,,,,,,,,,,,,,,,,66,,,,,,78,,,,,,,,77,,,,,,,,,,,,,,72,,,,,69,MODELED
HOU_LB_04,LB,73,63,65,78,70,95,64,56,74,71,,,62,69,,,,,,,,,,,,,,,,,,,70,,,,,,50,,,,,,,,63,,,,,,,,,,,,,,67,,,,,74,MODELED
HOU_LB_05,LB,71,72,70,80,67,53,83,89,62,75,,,73,80,,,,,,,,,,,,,,,,,,,84,,,,,,72,,,,,,,,67,,,,,,,,,,,,,,79,,,,,69,MODELED
HOU_LB_06,LB,67,70,58,57,70,61,54,53,99,60,,,49,42,,,,,,,,,,,,,,,,,,,62,,,,,,57,,,,,,,,56,,,,,,,,,,,,,,65,,,,,55,MODELED
HOU_LB_07,LB,59,75,56,74,78,87,62,53,38,61,,,49,57,,,,,,,,,,,,,,,,,,,63,,,,,,63,,,,,,,,60,,,,,,,,,,,,,,63,,,,,77,MODELED
HOU_LB_08,LB,65,57,70,67,79,76,57,58,81,56,,,46,55,,,,,,,,,,,,,,,,,,,60,,,,,,58,,,,,,,,55,,,,,,,,,,,,,,57,,,,,54,MODELED
HOU_CB_01,CB,78,84,81,63,73,64,78,83,42,71,,70,,,,,,,,,,,,,,,,,,,,,70,,,,,,83,,,,68,,,,,,,,,,,,,,,,,,64,,,,,70,MODELED
HOU_CB_02,CB,82,79,94,71,85,99,86,86,88,66,,79,,,,,,,,,,,,,,,,,,,,,74,,,,,,75,,,,68,,,,,,,,,,,,,,,,,,76,,,,,65,MODELED
HOU_CB_03,CB,95,99,83,72,84,67,80,93,69,57,,91,,,,,,,,,,,,,,,,,,,,,87,,,,,,84,,,,81,,,,,,,,,,,,,,,,,,91,,,,,86,MODELED
HOU_CB_04,CB,78,82,80,61,83,25,70,73,74,67,,62,,,,,,,,,,,,,,,,,,,,,70,,,,,,67,,,,87,,,,,,,,,,,,,,,,,,66,,,,,71,MODELED
HOU_CB_05,CB,86,81,79,73,93,66,81,75,82,61,,79,,,,,,,,,,,,,,,,,,,,,62,,,,,,70,,,,79,,,,,,,,,,,,,,,,,,65,,,,,71,MODELED
HOU_CB_06,CB,75,81,75,64,68,77,62,53,76,73,,74,,,,,,,,,,,,,,,,,,,,,79,,,,,,66,,,,59,,,,,,,,,,,,,,,,,,79,,,,,72,MODELED
HOU_CB_07,CB,83,75,74,65,82,64,73,64,57,59,,71,,,,,,,,,,,,,,,,,,,,,70,,,,,,59,,,,63,,,,,,,,,,,,,,,,,,59,,,,,60,MODELED
HOU_CB_08,CB,77,76,78,63,94,76,62,62,37,68,,51,,,,,,,,,,,,,,,,,,,,,67,,,,,,52,,,,66,,,,,,,,,,,,,,,,,,65,,,,,58,MODELED
HOU_CB_09,CB,76,71,65,45,74,75,62,56,68,63,,56,,,,,,,,,,,,,,,,,,,,,71,,,,,,75,,,,62,,,,,,,,,,,,,,,,,,62,,,,,67,MODELED
HOU_CB_10,CB,66,60,56,58,76,94,58,49,42,66,,47,,,,,,,,,,,,,,,,,,,,,56,,,,,,60,,,,47,,,,,,,,,,,,,,,,,,63,,,,,52,MODELED
HOU_CB_11,CB,72,66,60,55,80,56,60,51,58,44,,54,,,,,,,,,,,,,,,,,,,,,41,,,,,,66,,,,58,,,,,,,,,,,,,,,,,,60,,,,,56,MODELED
HOU_S_01,S,78,87,74,78,78,50,79,70,74,68,,88,,,,,,,,,,,,,,,,,,,,,76,,,,,,70,,,,81,,,,,,,,,,66,,,,,,,,88,,,,,74,MODELED
HOU_S_02,S,69,78,74,71,86,66,70,80,70,75,,60,,,,,,,,,,,,,,,,,,,,,84,,,,,,63,,,,75,,,,,,,,,,81,,,,,,,,84,,,,,82,MODELED
HOU_S_03,S,73,76,87,76,90,65,67,68,73,69,,66,,,,,,,,,,,,,,,,,,,,,75,,,,,,61,,,,76,,,,,,,,,,70,,,,,,,,65,,,,,68,MODELED
HOU_S_04,S,79,76,72,67,74,51,63,77,93,74,,65,,,,,,,,,,,,,,,,,,,,,67,,,,,,68,,,,71,,,,,,,,,,60,,,,,,,,61,,,,,77,MODELED
HOU_S_05,S,66,67,77,65,84,56,65,68,63,66,,58,,,,,,,,,,,,,,,,,,,,,71,,,,,,64,,,,77,,,,,,,,,,64,,,,,,,,60,,,,,68,MODELED
HOU_S_06,S,63,71,69,54,68,64,64,65,59,48,,60,,,,,,,,,,,,,,,,,,,,,60,,,,,,63,,,,45,,,,,,,,,,54,,,,,,,,58,,,,,59,MODELED
HOU_S_07,S,55,58,62,49,72,57,61,45,78,40,,48,,,,,,,,,,,,,,,,,,,,,64,,,,,,49,,,,56,,,,,,,,,,52,,,,,,,,51,,,,,37,MODELED
HOU_K_01,K,52,48,50,66,84,63,68,65,72,71,,,,,,,,,66,,,,,,,,,67,63,73,,,,,,,,,,,,,,,,,,,,,,,,,,,,,,,,,,,,,MODELED
HOU_K_02,K,41,41,42,47,84,69,53,58,37,60,,,,,,,,,62,,,,,,,,,54,54,70,,,,,,,,,,,,,,,,,,,,,,,,,,,,,,,,,,,,,MODELED
HOU_P_01,P,54,43,55,66,78,68,72,72,86,64,,,,,,,,,,,,,,65,,,74,,,,,,,,,,,,,,,,,,68,79,,,,,,,,,,,,,,,,,,,,,MODELED
HOU_P_02,P,46,52,44,40,82,71,50,56,65,79,,,,,,,,,,,,,,62,,,71,,,,,,,,,,,,,,,,,,67,59,,,,,,,,,,,,,,,,,,,,,MODELED
HOU_LS_01,LS,53,56,51,77,73,54,78,72,65,58,,,,,,,,,,,74,,,,,,,,,,,,,,,,,,,,,,,,,,,,,,,,,,,,,73,72,,,,,,,,MODELED
IND_QB_01,QB,78,92,86,79,99,74,85,99,81,93,,,,,,,,,,,,95,94,,,,,,,,,,,92,,,,91,,99,,,,91,,,,,,,,,,95,,,99,,,,,,94,90,,,MODELED
IND_QB_02,QB,67,64,67,62,65,58,70,63,60,70,,,,,,,,,,,,64,70,,,,,,,,,,,72,,,,56,,61,,,,61,,,,,,,,,,82,,,61,,,,,,68,63,,,MODELED
IND_QB_03,QB,65,68,66,63,80,74,71,81,78,57,,,,,,,,,,,,57,75,,,,,,,,,,,67,,,,79,,56,,,,66,,,,,,,,,,64,,,71,,,,,,68,73,,,MODELED
IND_QB_04,QB,56,49,57,65,79,80,57,62,71,62,,,,,,,,,,,,60,50,,,,,,,,,,,57,,,,63,,68,,,,64,,,,,,,,,,58,,,59,,,,,,45,72,,,MODELED
IND_RB_01,RB,73,84,92,65,82,60,71,62,73,55,,,,,76,83,,,,70,,,,,69,,,,,,,,,,,74,,,,,,,,,,,,90,,,,,,,,,,,,,,,,,78,,MODELED
IND_RB_02,RB,55,66,78,67,95,79,69,68,86,74,,,,,78,77,,,,77,,,,,67,,,,,,,,,,,68,,,,,,,,,,,,69,,,,,,,,,,,,,,,,,64,,MODELED
IND_RB_03,RB,79,76,78,56,75,88,59,71,99,54,,,,,54,66,,,,60,,,,,81,,,,,,,,,,,63,,,,,,,,,,,,50,,,,,,,,,,,,,,,,,76,,MODELED
IND_RB_04,RB,63,71,64,52,75,93,50,58,69,66,,,,,61,63,,,,60,,,,,67,,,,,,,,,,,60,,,,,,,,,,,,62,,,,,,,,,,,,,,,,,54,,MODELED
IND_RB_05,RB,61,66,67,59,66,87,60,55,50,62,,,,,58,60,,,,54,,,,,67,,,,,,,,,,,49,,,,,,,,,,,,57,,,,,,,,,,,,,,,,,57,,MODELED
IND_FB_01,FB,70,76,66,93,83,63,84,70,83,79,,,,,,66,,,,92,,,,,,,,,,,83,,,,,85,,,,,,,,,,,,91,,,93,,,,,,,,,,,,,,,,MODELED
IND_WR_01,WR,97,97,87,73,80,69,82,71,67,87,,,,,,,74,72,,,,,,,,,,,,,,,,,,,,,,,,,,,,,,,71,72,76,,,,,85,,,,80,,,,,,,MODELED
IND_WR_02,WR,97,90,81,61,85,81,85,74,54,72,,,,,,,74,83,,,,,,,,,,,,,,,,,,,,,,,,,,,,,,,84,88,81,,,,,76,,,,90,,,,,,,MODELED
IND_WR_03,WR,97,99,97,76,92,59,81,88,77,70,,,,,,,94,80,,,,,,,,,,,,,,,,,,,,,,,,,,,,,,,81,89,84,,,,,82,,,,84,,,,,,,MODELED
IND_WR_04,WR,79,76,72,70,84,75,76,69,68,57,,,,,,,82,67,,,,,,,,,,,,,,,,,,,,,,,,,,,,,,,71,73,79,,,,,60,,,,68,,,,,,,MODELED
IND_WR_05,WR,80,72,72,60,88,64,74,73,65,75,,,,,,,65,63,,,,,,,,,,,,,,,,,,,,,,,,,,,,,,,60,61,68,,,,,75,,,,68,,,,,,,MODELED
IND_WR_06,WR,72,76,72,67,81,86,58,78,56,66,,,,,,,66,64,,,,,,,,,,,,,,,,,,,,,,,,,,,,,,,58,75,65,,,,,56,,,,65,,,,,,,MODELED
IND_WR_07,WR,69,76,77,60,83,55,64,61,63,65,,,,,,,69,54,,,,,,,,,,,,,,,,,,,,,,,,,,,,,,,88,75,60,,,,,67,,,,67,,,,,,,MODELED
IND_WR_08,WR,59,65,67,56,68,82,57,70,55,47,,,,,,,59,61,,,,,,,,,,,,,,,,,,,,,,,,,,,,,,,48,70,60,,,,,75,,,,61,,,,,,,MODELED
IND_WR_09,WR,59,72,62,41,78,66,52,58,68,68,,,,,,,61,54,,,,,,,,,,,,,,,,,,,,,,,,,,,,,,,55,57,76,,,,,46,,,,61,,,,,,,MODELED
IND_WR_10,WR,71,71,63,53,73,70,50,71,72,58,,,,,,,54,76,,,,,,,,,,,,,,,,,,,,,,,,,,,,,,,57,62,54,,,,,47,,,,56,,,,,,,MODELED
IND_WR_11,WR,47,53,57,45,61,70,38,53,67,58,,,,,,,48,40,,,,,,,,,,,,,,,,,,,,,,,,,,,,,,,36,44,46,,,,,48,,,,53,,,,,,,MODELED
IND_TE_01,TE,70,79,80,76,95,90,77,83,78,69,,,,,,,70,83,,,,,,,,,,,,,,,,,61,,,,,,,,,,,,,,75,79,83,,,,,79,,,,87,,,,,,,MODELED
IND_TE_02,TE,67,67,74,71,86,63,74,66,77,55,,,,,,,57,70,,,,,,,,,,,,,,,,,67,,,,,,,,,,,,,,64,68,70,,,,,69,,,,93,,,,,,,MODELED
IND_TE_03,TE,72,64,72,65,80,58,70,73,59,65,,,,,,,74,62,,,,,,,,,,,,,,,,,67,,,,,,,,,,,,,,82,70,87,,,,,75,,,,61,,,,,,,MODELED
IND_TE_04,TE,55,61,63,75,91,91,59,60,75,54,,,,,,,72,54,,,,,,,,,,,,,,,,,61,,,,,,,,,,,,,,65,80,68,,,,,75,,,,69,,,,,,,MODELED
IND_TE_05,TE,56,45,49,69,85,56,42,39,57,52,,,,,,,59,67,,,,,,,,,,,,,,,,,56,,,,,,,,,,,,,,56,58,55,,,,,57,,,,54,,,,,,,MODELED
IND_TE_06,TE,50,61,45,64,73,87,53,53,66,55,,,,,,,45,39,,,,,,,,,,,,,,,,,55,,,,,,,,,,,,,,48,49,54,,,,,61,,,,63,,,,,,,MODELED
IND_OT_01,OT,58,46,56,89,76,72,71,81,60,80,74,,,,,,,,,,,,,,,,,,,,,,,,64,,,,,,64,,,,,,,,,,65,,,,80,,,,,,,73,,,,,MODELED
IND_OT_02,OT,52,53,67,93,90,52,67,71,79,64,73,,,,,,,,,,,,,,,,,,,,,,,,70,,,,,,64,,,,,,,,,,66,,,,70,,,,,,,70,,,,,MODELED
IND_OT_03,OT,50,51,55,75,75,65,72,66,95,72,69,,,,,,,,,,,,,,,,,,,,,,,,69,,,,,,71,,,,,,,,,,62,,,,77,,,,,,,72,,,,,MODELED
IND_OT_04,OT,48,44,56,82,81,74,65,64,70,72,62,,,,,,,,,,,,,,,,,,,,,,,,59,,,,,,61,,,,,,,,,,58,,,,70,,,,,,,64,,,,,MODELED
IND_OT_05,OT,49,46,53,72,75,63,64,64,69,67,56,,,,,,,,,,,,,,,,,,,,,,,,55,,,,,,56,,,,,,,,,,60,,,,59,,,,,,,56,,,,,MODELED
IND_OT_06,OT,34,52,42,77,88,74,52,52,76,52,61,,,,,,,,,,,,,,,,,,,,,,,,49,,,,,,47,,,,,,,,,,65,,,,59,,,,,,,49,,,,,MODELED
IND_OG_01,OG,68,61,68,95,88,81,88,83,57,67,96,,,,,,,,,,,,,,,,,,,,,,,,91,,,,,,78,,,,,,,,,,80,,,,90,,,,,,,85,,,,,MODELED
IND_OG_02,OG,57,57,63,90,83,69,73,77,51,47,62,,,,,,,,,,,,,,,,,,,,,,,,66,,,,,,66,,,,,,,,,,67,,,,62,,,,,,,79,,,,,MODELED
IND_OG_03,OG,51,46,59,77,73,85,63,70,77,72,62,,,,,,,,,,,,,,,,,,,,,,,,67,,,,,,72,,,,,,,,,,67,,,,60,,,,,,,73,,,,,MODELED
IND_OG_04,OG,42,49,52,82,87,77,55,63,79,71,60,,,,,,,,,,,,,,,,,,,,,,,,65,,,,,,60,,,,,,,,,,79,,,,74,,,,,,,57,,,,,MODELED
IND_OG_05,OG,48,50,40,77,74,60,72,55,67,57,71,,,,,,,,,,,,,,,,,,,,,,,,59,,,,,,67,,,,,,,,,,69,,,,61,,,,,,,67,,,,,MODELED
IND_OG_06,OG,28,29,43,79,79,72,43,56,79,56,46,,,,,,,,,,,,,,,,,,,,,,,,47,,,,,,58,,,,,,,,,,48,,,,53,,,,,,,59,,,,,MODELED
IND_C_01,C,66,73,74,99,84,76,92,95,78,90,92,,,,,,,,,,,,,,,,,,,,,99,,,93,,,,,,99,,,,,,,,,,93,,,,,,,95,,,,89,,,,,MODELED
IND_C_02,C,48,49,36,78,69,63,61,71,93,54,61,,,,,,,,,,,,,,,,,,,,,65,,,68,,,,,,60,,,,,,,,,,64,,,,,,,48,,,,73,,,,,MODELED
IND_C_03,C,35,41,48,65,69,76,54,42,91,61,53,,,,,,,,,,,,,,,,,,,,,70,,,61,,,,,,58,,,,,,,,,,43,,,,,,,50,,,,63,,,,,MODELED
IND_EDGE_01,EDGE,96,96,87,95,75,73,78,81,84,73,,,,93,,,,,,,94,,,,,95,,,,,,,,,,,76,,,,,92,,,,,87,,,,,94,,,,,,,,,,,,,,,MODELED
IND_EDGE_02,EDGE,86,91,94,92,83,76,89,91,68,72,,,,93,,,,,,,92,,,,,86,,,,,,,,,,,88,,,,,81,,,,,91,,,,,89,,,,,,,,,,,,,,,MODELED
IND_EDGE_03,EDGE,67,79,93,87,77,66,85,83,86,73,,,,83,,,,,,,80,,,,,64,,,,,,,,,,,70,,,,,61,,,,,79,,,,,75,,,,,,,,,,,,,,,MODELED
IND_EDGE_04,EDGE,81,76,71,85,88,51,70,67,63,66,,,,70,,,,,,,71,,,,,82,,,,,,,,,,,67,,,,,79,,,,,75,,,,,83,,,,,,,,,,,,,,,MODELED
IND_EDGE_05,EDGE,78,80,77,74,71,62,69,64,74,61,,,,72,,,,,,,71,,,,,62,,,,,,,,,,,83,,,,,73,,,,,54,,,,,80,,,,,,,,,,,,,,,MODELED
IND_EDGE_06,EDGE,63,55,64,80,78,54,56,57,92,76,,,,59,,,,,,,61,,,,,58,,,,,,,,,,,61,,,,,68,,,,,69,,,,,52,,,,,,,,,,,,,,,MODELED
IND_EDGE_07,EDGE,53,59,56,62,76,72,56,57,86,70,,,,48,,,,,,,56,,,,,65,,,,,,,,,,,53,,,,,57,,,,,58,,,,,49,,,,,,,,,,,,,,,MODELED
IND_EDGE_08,EDGE,68,62,69,61,71,78,44,58,87,63,,,,67,,,,,,,56,,,,,62,,,,,,,,,,,66,,,,,43,,,,,62,,,,,66,,,,,,,,,,,,,,,MODELED
IND_EDGE_09,EDGE,63,56,71,69,74,81,64,51,80,49,,,,63,,,,,,,61,,,,,65,,,,,,,,,,,57,,,,,62,,,,,62,,,,,57,,,,,,,,,,,,,,,MODELED
IND_DT_01,DT,74,66,70,97,80,51,87,69,68,61,,,,78,,,,,,,,,,,,77,,,,,,,,,,,89,,,,,85,,,,,86,,,,,79,,,,,,,,,,,,,,,MODELED
IND_DT_02,DT,44,70,71,86,86,64,74,79,62,93,,,,78,,,,,,,,,,,,71,,,,,,,,,,,87,,,,,89,,,,,77,,,,,74,,,,,,,,,,,,,,,MODELED
IND_DT_03,DT,68,62,65,94,78,69,68,72,47,71,,,,73,,,,,,,,,,,,65,,,,,,,,,,,60,,,,,77,,,,,60,,,,,77,,,,,,,,,,,,,,,MODELED
IND_DT_04,DT,63,62,56,87,88,77,64,72,72,75,,,,77,,,,,,,,,,,,76,,,,,,,,,,,68,,,,,68,,,,,71,,,,,73,,,,,,,,,,,,,,,MODELED
IND_DT_05,DT,54,63,62,70,69,63,75,69,71,60,,,,72,,,,,,,,,,,,75,,,,,,,,,,,68,,,,,74,,,,,75,,,,,82,,,,,,,,,,,,,,,MODELED
IND_DT_06,DT,57,51,42,74,80,61,64,81,57,62,,,,48,,,,,,,,,,,,69,,,,,,,,,,,59,,,,,63,,,,,63,,,,,67,,,,,,,,,,,,,,,MODELED
IND_DT_07,DT,49,54,51,70,69,77,58,63,76,47,,,,71,,,,,,,,,,,,68,,,,,,,,,,,43,,,,,49,,,,,50,,,,,46,,,,,,,,,,,,,,,MODELED
IND_DT_08,DT,42,49,56,70,78,80,50,61,75,67,,,,65,,,,,,,,,,,,48,,,,,,,,,,,48,,,,,60,,,,,52,,,,,62,,,,,,,,,,,,,,,MODELED
IND_LB_01,LB,80,77,66,80,74,65,57,70,63,57,,,77,78,,,,,,,,,,,,,,,,,,,77,,,,,,80,,,,,,,,63,,,,,,,,,,,,,,69,,,,,75,MODELED
IND_LB_02,LB,77,72,80,84,79,64,72,68,61,62,,,71,67,,,,,,,,,,,,,,,,,,,76,,,,,,75,,,,,,,,68,,,,,,,,,,,,,,69,,,,,52,MODELED
IND_LB_03,LB,69,59,82,78,77,53,65,68,76,70,,,76,58,,,,,,,,,,,,,,,,,,,73,,,,,,81,,,,,,,,68,,,,,,,,,,,,,,58,,,,,75,MODELED
IND_LB_04,LB,55,68,69,61,71,90,52,56,63,67,,,60,62,,,,,,,,,,,,,,,,,,,54,,,,,,51,,,,,,,,67,,,,,,,,,,,,,,76,,,,,69,MODELED
IND_LB_05,LB,70,80,68,82,85,88,67,68,71,60,,,58,59,,,,,,,,,,,,,,,,,,,71,,,,,,59,,,,,,,,84,,,,,,,,,,,,,,63,,,,,70,MODELED
IND_LB_06,LB,68,62,66,74,69,94,67,69,52,65,,,65,63,,,,,,,,,,,,,,,,,,,59,,,,,,62,,,,,,,,74,,,,,,,,,,,,,,70,,,,,65,MODELED
IND_LB_07,LB,56,72,74,50,79,75,54,57,77,62,,,61,51,,,,,,,,,,,,,,,,,,,53,,,,,,48,,,,,,,,40,,,,,,,,,,,,,,52,,,,,56,MODELED
IND_LB_08,LB,52,56,55,57,73,79,63,58,63,63,,,58,64,,,,,,,,,,,,,,,,,,,50,,,,,,61,,,,,,,,55,,,,,,,,,,,,,,56,,,,,57,MODELED
IND_CB_01,CB,90,97,98,75,89,90,92,88,59,73,,98,,,,,,,,,,,,,,,,,,,,,84,,,,,,83,,,,86,,,,,,,,,,,,,,,,,,99,,,,,91,MODELED
IND_CB_02,CB,95,89,77,77,85,67,73,71,61,79,,74,,,,,,,,,,,,,,,,,,,,,73,,,,,,81,,,,69,,,,,,,,,,,,,,,,,,69,,,,,68,MODELED
IND_CB_03,CB,90,85,85,63,74,72,63,77,46,82,,79,,,,,,,,,,,,,,,,,,,,,75,,,,,,92,,,,84,,,,,,,,,,,,,,,,,,71,,,,,68,MODELED
IND_CB_04,CB,76,74,74,48,85,49,61,61,53,63,,61,,,,,,,,,,,,,,,,,,,,,64,,,,,,74,,,,74,,,,,,,,,,,,,,,,,,69,,,,,69,MODELED
IND_CB_05,CB,85,83,87,58,72,93,70,68,64,67,,67,,,,,,,,,,,,,,,,,,,,,75,,,,,,65,,,,63,,,,,,,,,,,,,,,,,,61,,,,,74,MODELED
IND_CB_06,CB,79,83,84,67,77,53,80,72,67,75,,70,,,,,,,,,,,,,,,,,,,,,87,,,,,,71,,,,83,,,,,,,,,,,,,,,,,,78,,,,,76,MODELED
IND_CB_07,CB,66,74,79,55,72,50,61,73,75,59,,67,,,,,,,,,,,,,,,,,,,,,46,,,,,,65,,,,63,,,,,,,,,,,,,,,,,,58,,,,,68,MODELED
IND_CB_08,CB,57,76,67,54,75,65,61,63,82,61,,67,,,,,,,,,,,,,,,,,,,,,64,,,,,,68,,,,68,,,,,,,,,,,,,,,,,,50,,,,,65,MODELED
IND_CB_09,CB,75,82,68,62,69,99,69,48,64,57,,72,,,,,,,,,,,,,,,,,,,,,57,,,,,,62,,,,69,,,,,,,,,,,,,,,,,,72,,,,,58,MODELED
IND_CB_10,CB,73,73,68,54,70,65,52,55,86,61,,53,,,,,,,,,,,,,,,,,,,,,55,,,,,,49,,,,64,,,,,,,,,,,,,,,,,,59,,,,,59,MODELED
IND_CB_11,CB,50,62,61,50,72,86,50,53,61,62,,47,,,,,,,,,,,,,,,,,,,,,49,,,,,,41,,,,52,,,,,,,,,,,,,,,,,,53,,,,,63,MODELED
IND_S_01,S,93,83,91,69,99,49,70,79,86,66,,72,,,,,,,,,,,,,,,,,,,,,73,,,,,,87,,,,82,,,,,,,,,,74,,,,,,,,70,,,,,90,MODELED
IND_S_02,S,90,82,76,84,85,90,85,72,61,81,,67,,,,,,,,,,,,,,,,,,,,,81,,,,,,81,,,,90,,,,,,,,,,87,,,,,,,,82,,,,,83,MODELED
IND_S_03,S,67,62,63,64,76,86,62,60,70,65,,69,,,,,,,,,,,,,,,,,,,,,56,,,,,,64,,,,69,,,,,,,,,,62,,,,,,,,56,,,,,72,MODELED
IND_S_04,S,71,63,68,52,77,51,48,55,61,64,,40,,,,,,,,,,,,,,,,,,,,,56,,,,,,52,,,,56,,,,,,,,,,55,,,,,,,,54,,,,,52,MODELED
IND_S_05,S,65,70,70,55,71,75,69,60,69,60,,66,,,,,,,,,,,,,,,,,,,,,64,,,,,,68,,,,73,,,,,,,,,,72,,,,,,,,69,,,,,56,MODELED
IND_S_06,S,63,64,55,48,77,63,50,49,67,54,,54,,,,,,,,,,,,,,,,,,,,,62,,,,,,62,,,,49,,,,,,,,,,49,,,,,,,,50,,,,,49,MODELED
IND_S_07,S,40,54,52,33,62,75,36,47,67,55,,40,,,,,,,,,,,,,,,,,,,,,27,,,,,,38,,,,49,,,,,,,,,,43,,,,,,,,41,,,,,34,MODELED
IND_K_01,K,63,50,62,69,73,45,75,77,61,61,,,,,,,,,80,,,,,,,,,82,85,76,,,,,,,,,,,,,,,,,,,,,,,,,,,,,,,,,,,,,MODELED
IND_K_02,K,41,37,48,46,76,66,62,58,53,55,,,,,,,,,67,,,,,,,,,61,58,74,,,,,,,,,,,,,,,,,,,,,,,,,,,,,,,,,,,,,MODELED
IND_P_01,P,52,56,54,54,78,61,69,68,78,75,,,,,,,,,,,,,,74,,,81,,,,,,,,,,,,,,,,,,67,78,,,,,,,,,,,,,,,,,,,,,MODELED
IND_P_02,P,39,44,42,42,76,73,61,54,69,70,,,,,,,,,,,,,,60,,,74,,,,,,,,,,,,,,,,,,55,57,,,,,,,,,,,,,,,,,,,,,MODELED
IND_LS_01,LS,48,47,50,63,70,52,65,68,80,63,,,,,,,,,,,59,,,,,,,,,,,,,,,,,,,,,,,,,,,,,,,,,,,,,68,66,,,,,,,,MODELED
JAX_QB_01,QB,77,83,79,73,75,84,64,74,56,64,,,,,,,,,,,,77,77,,,,,,,,,,,91,,,,80,,89,,,,88,,,,,,,,,,76,,,83,,,,,,73,83,,,MODELED
JAX_QB_02,QB,70,68,68,65,97,46,73,71,89,65,,,,,,,,,,,,70,74,,,,,,,,,,,78,,,,72,,68,,,,79,,,,,,,,,,79,,,72,,,,,,68,79,,,MODELED
JAX_QB_03,QB,68,58,62,57,82,61,59,69,64,57,,,,,,,,,,,,63,66,,,,,,,,,,,58,,,,61,,55,,,,63,,,,,,,,,,65,,,66,,,,,,62,60,,,MODELED
JAX_QB_04,QB,53,56,42,42,66,71,56,52,65,60,,,,,,,,,,,,60,50,,,,,,,,,,,50,,,,47,,56,,,,64,,,,,,,,,,58,,,61,,,,,,64,59,,,MODELED
JAX_RB_01,RB,99,99,99,92,85,53,82,97,78,92,,,,,95,89,,,,92,,,,,96,,,,,,,,,,,90,,,,,,,,,,,,93,,,,,,,,,,,,,,,,,99,,MODELED
JAX_RB_02,RB,69,79,73,68,78,83,65,56,78,58,,,,,75,67,,,,51,,,,,63,,,,,,,,,,,70,,,,,,,,,,,,55,,,,,,,,,,,,,,,,,68,,MODELED
JAX_RB_03,RB,75,70,73,59,63,71,70,72,83,64,,,,,51,64,,,,75,,,,,69,,,,,,,,,,,75,,,,,,,,,,,,66,,,,,,,,,,,,,,,,,84,,MODELED
JAX_RB_04,RB,80,74,74,65,86,74,57,56,59,53,,,,,72,52,,,,74,,,,,63,,,,,,,,,,,69,,,,,,,,,,,,62,,,,,,,,,,,,,,,,,69,,MODELED
JAX_RB_05,RB,43,51,63,48,79,92,57,43,85,44,,,,,51,56,,,,49,,,,,64,,,,,,,,,,,42,,,,,,,,,,,,42,,,,,,,,,,,,,,,,,56,,MODELED
JAX_FB_01,FB,55,69,70,77,77,72,75,84,58,71,,,,,,86,,,,75,,,,,,,,,,,70,,,,,72,,,,,,,,,,,,69,,,63,,,,,,,,,,,,,,,,MODELED
JAX_WR_01,WR,94,88,80,62,79,75,79,69,78,71,,,,,,,84,72,,,,,,,,,,,,,,,,,,,,,,,,,,,,,,,69,76,73,,,,,73,,,,84,,,,,,,MODELED
JAX_WR_02,WR,83,76,80,67,85,57,72,68,68,69,,,,,,,84,67,,,,,,,,,,,,,,,,,,,,,,,,,,,,,,,70,84,83,,,,,84,,,,75,,,,,,,MODELED
JAX_WR_03,WR,90,97,87,68,91,55,81,77,78,91,,,,,,,74,78,,,,,,,,,,,,,,,,,,,,,,,,,,,,,,,74,89,80,,,,,74,,,,66,,,,,,,MODELED
JAX_WR_04,WR,87,69,83,60,78,69,73,67,63,74,,,,,,,67,67,,,,,,,,,,,,,,,,,,,,,,,,,,,,,,,76,74,70,,,,,70,,,,70,,,,,,,MODELED
JAX_WR_05,WR,68,70,77,55,76,88,61,58,72,50,,,,,,,62,65,,,,,,,,,,,,,,,,,,,,,,,,,,,,,,,82,55,57,,,,,65,,,,59,,,,,,,MODELED
JAX_WR_06,WR,66,72,78,53,73,89,55,61,80,64,,,,,,,67,57,,,,,,,,,,,,,,,,,,,,,,,,,,,,,,,47,71,74,,,,,56,,,,59,,,,,,,MODELED
JAX_WR_07,WR,69,84,76,66,83,72,79,70,86,66,,,,,,,60,62,,,,,,,,,,,,,,,,,,,,,,,,,,,,,,,68,70,80,,,,,72,,,,75,,,,,,,MODELED
JAX_WR_08,WR,70,69,74,63,75,58,62,60,86,67,,,,,,,56,72,,,,,,,,,,,,,,,,,,,,,,,,,,,,,,,54,61,61,,,,,65,,,,64,,,,,,,MODELED
JAX_WR_09,WR,72,75,83,50,77,93,61,66,46,67,,,,,,,57,61,,,,,,,,,,,,,,,,,,,,,,,,,,,,,,,61,55,54,,,,,62,,,,65,,,,,,,MODELED
JAX_WR_10,WR,76,66,83,62,75,79,62,63,41,61,,,,,,,57,66,,,,,,,,,,,,,,,,,,,,,,,,,,,,,,,64,59,65,,,,,78,,,,61,,,,,,,MODELED
JAX_WR_11,WR,53,52,57,40,79,48,48,49,44,43,,,,,,,58,44,,,,,,,,,,,,,,,,,,,,,,,,,,,,,,,62,45,53,,,,,55,,,,49,,,,,,,MODELED
JAX_TE_01,TE,68,83,78,86,79,99,79,88,53,78,,,,,,,65,72,,,,,,,,,,,,,,,,,68,,,,,,,,,,,,,,88,72,79,,,,,78,,,,78,,,,,,,MODELED
JAX_TE_02,TE,80,69,80,84,84,59,65,80,38,61,,,,,,,89,64,,,,,,,,,,,,,,,,,92,,,,,,,,,,,,,,88,84,98,,,,,92,,,,82,,,,,,,MODELED
JAX_TE_03,TE,70,64,73,83,90,67,73,81,90,69,,,,,,,66,72,,,,,,,,,,,,,,,,,70,,,,,,,,,,,,,,78,62,79,,,,,56,,,,88,,,,,,,MODELED
JAX_TE_04,TE,64,66,63,65,87,68,66,62,75,70,,,,,,,58,71,,,,,,,,,,,,,,,,,64,,,,,,,,,,,,,,55,50,63,,,,,49,,,,50,,,,,,,MODELED
JAX_TE_05,TE,62,65,63,70,78,72,62,66,53,56,,,,,,,53,58,,,,,,,,,,,,,,,,,59,,,,,,,,,,,,,,61,74,54,,,,,63,,,,51,,,,,,,MODELED
JAX_TE_06,TE,64,68,58,61,78,93,60,58,59,54,,,,,,,49,61,,,,,,,,,,,,,,,,,60,,,,,,,,,,,,,,61,58,57,,,,,63,,,,59,,,,,,,MODELED
JAX_OT_01,OT,64,62,66,83,88,78,79,85,87,66,78,,,,,,,,,,,,,,,,,,,,,,,,83,,,,,,76,,,,,,,,,,78,,,,74,,,,,,,77,,,,,MODELED
JAX_OT_02,OT,61,59,72,99,79,62,87,85,60,82,85,,,,,,,,,,,,,,,,,,,,,,,,99,,,,,,81,,,,,,,,,,80,,,,82,,,,,,,88,,,,,MODELED
JAX_OT_03,OT,45,52,60,75,78,76,76,60,70,62,69,,,,,,,,,,,,,,,,,,,,,,,,56,,,,,,77,,,,,,,,,,64,,,,66,,,,,,,56,,,,,MODELED
JAX_OT_04,OT,49,63,59,84,77,60,67,70,63,52,62,,,,,,,,,,,,,,,,,,,,,,,,73,,,,,,75,,,,,,,,,,72,,,,74,,,,,,,80,,,,,MODELED
JAX_OT_05,OT,29,52,49,65,78,70,60,51,76,60,60,,,,,,,,,,,,,,,,,,,,,,,,48,,,,,,74,,,,,,,,,,55,,,,47,,,,,,,60,,,,,MODELED
JAX_OT_06,OT,41,49,59,74,70,78,53,54,71,47,58,,,,,,,,,,,,,,,,,,,,,,,,62,,,,,,50,,,,,,,,,,63,,,,47,,,,,,,49,,,,,MODELED
JAX_OG_01,OG,70,63,69,92,94,73,71,80,60,64,76,,,,,,,,,,,,,,,,,,,,,,,,78,,,,,,73,,,,,,,,,,71,,,,77,,,,,,,85,,,,,MODELED
JAX_OG_02,OG,57,66,70,89,82,41,73,78,74,67,79,,,,,,,,,,,,,,,,,,,,,,,,84,,,,,,75,,,,,,,,,,66,,,,79,,,,,,,84,,,,,MODELED
JAX_OG_03,OG,63,62,61,93,75,83,83,68,95,51,70,,,,,,,,,,,,,,,,,,,,,,,,85,,,,,,76,,,,,,,,,,62,,,,81,,,,,,,65,,,,,MODELED
JAX_OG_04,OG,52,53,61,97,72,86,77,73,79,84,77,,,,,,,,,,,,,,,,,,,,,,,,67,,,,,,67,,,,,,,,,,64,,,,73,,,,,,,86,,,,,MODELED
JAX_OG_05,OG,57,51,54,72,66,71,71,62,75,62,69,,,,,,,,,,,,,,,,,,,,,,,,69,,,,,,57,,,,,,,,,,62,,,,75,,,,,,,55,,,,,MODELED
JAX_OG_06,OG,45,43,44,62,84,79,67,64,74,65,47,,,,,,,,,,,,,,,,,,,,,,,,54,,,,,,48,,,,,,,,,,63,,,,55,,,,,,,51,,,,,MODELED
JAX_C_01,C,58,71,69,82,87,77,85,79,84,69,82,,,,,,,,,,,,,,,,,,,,,66,,,76,,,,,,77,,,,,,,,,,68,,,,,,,62,,,,70,,,,,MODELED
JAX_C_02,C,60,83,67,93,87,67,70,77,44,63,75,,,,,,,,,,,,,,,,,,,,,74,,,74,,,,,,80,,,,,,,,,,66,,,,,,,79,,,,83,,,,,MODELED
JAX_C_03,C,35,40,62,73,67,88,65,62,65,68,67,,,,,,,,,,,,,,,,,,,,,67,,,59,,,,,,60,,,,,,,,,,64,,,,,,,63,,,,57,,,,,MODELED
JAX_EDGE_01,EDGE,85,86,85,91,87,62,70,81,91,74,,,,79,,,,,,,76,,,,,73,,,,,,,,,,,81,,,,,75,,,,,80,,,,,68,,,,,,,,,,,,,,,MODELED
JAX_EDGE_02,EDGE,77,88,94,98,88,92,84,95,62,82,,,,85,,,,,,,87,,,,,81,,,,,,,,,,,77,,,,,94,,,,,79,,,,,93,,,,,,,,,,,,,,,MODELED
JAX_EDGE_03,EDGE,68,68,74,75,64,79,76,73,65,69,,,,66,,,,,,,61,,,,,79,,,,,,,,,,,67,,,,,64,,,,,67,,,,,67,,,,,,,,,,,,,,,MODELED
JAX_EDGE_04,EDGE,69,59,66,81,65,53,65,68,75,60,,,,76,,,,,,,65,,,,,57,,,,,,,,,,,55,,,,,57,,,,,73,,,,,50,,,,,,,,,,,,,,,MODELED
JAX_EDGE_05,EDGE,66,68,64,77,81,64,66,64,79,60,,,,55,,,,,,,57,,,,,64,,,,,,,,,,,72,,,,,62,,,,,64,,,,,56,,,,,,,,,,,,,,,MODELED
JAX_EDGE_06,EDGE,72,73,73,74,77,59,72,76,56,51,,,,67,,,,,,,68,,,,,77,,,,,,,,,,,65,,,,,68,,,,,73,,,,,74,,,,,,,,,,,,,,,MODELED
JAX_EDGE_07,EDGE,63,63,58,64,77,96,54,61,75,67,,,,60,,,,,,,51,,,,,54,,,,,,,,,,,46,,,,,68,,,,,50,,,,,61,,,,,,,,,,,,,,,MODELED
JAX_EDGE_08,EDGE,63,61,65,72,83,55,62,49,50,72,,,,68,,,,,,,55,,,,,55,,,,,,,,,,,58,,,,,63,,,,,62,,,,,71,,,,,,,,,,,,,,,MODELED
JAX_EDGE_09,EDGE,48,45,50,51,66,58,45,49,78,48,,,,37,,,,,,,51,,,,,42,,,,,,,,,,,51,,,,,50,,,,,48,,,,,42,,,,,,,,,,,,,,,MODELED
JAX_DT_01,DT,57,78,80,85,84,62,83,84,77,68,,,,72,,,,,,,,,,,,86,,,,,,,,,,,79,,,,,78,,,,,94,,,,,76,,,,,,,,,,,,,,,MODELED
JAX_DT_02,DT,75,81,70,98,95,76,87,76,62,66,,,,75,,,,,,,,,,,,89,,,,,,,,,,,66,,,,,89,,,,,83,,,,,80,,,,,,,,,,,,,,,MODELED
JAX_DT_03,DT,51,64,51,89,67,91,76,64,75,70,,,,76,,,,,,,,,,,,62,,,,,,,,,,,73,,,,,56,,,,,65,,,,,61,,,,,,,,,,,,,,,MODELED
JAX_DT_04,DT,60,70,70,83,89,68,59,69,71,71,,,,70,,,,,,,,,,,,80,,,,,,,,,,,78,,,,,69,,,,,71,,,,,69,,,,,,,,,,,,,,,MODELED
JAX_DT_05,DT,56,65,64,90,74,58,69,69,60,59,,,,67,,,,,,,,,,,,81,,,,,,,,,,,79,,,,,84,,,,,67,,,,,65,,,,,,,,,,,,,,,MODELED
JAX_DT_06,DT,66,56,60,90,76,59,61,60,67,46,,,,52,,,,,,,,,,,,70,,,,,,,,,,,66,,,,,51,,,,,76,,,,,68,,,,,,,,,,,,,,,MODELED
JAX_DT_07,DT,45,42,42,76,70,96,46,53,70,59,,,,51,,,,,,,,,,,,53,,,,,,,,,,,53,,,,,54,,,,,45,,,,,40,,,,,,,,,,,,,,,MODELED
JAX_DT_08,DT,50,52,52,76,68,60,50,52,68,67,,,,59,,,,,,,,,,,,56,,,,,,,,,,,45,,,,,54,,,,,53,,,,,59,,,,,,,,,,,,,,,MODELED
JAX_LB_01,LB,85,87,85,90,93,90,94,88,75,74,,,90,78,,,,,,,,,,,,,,,,,,,83,,,,,,88,,,,,,,,95,,,,,,,,,,,,,,85,,,,,85,MODELED
JAX_LB_02,LB,88,97,93,99,80,55,84,85,85,68,,,94,91,,,,,,,,,,,,,,,,,,,84,,,,,,93,,,,,,,,86,,,,,,,,,,,,,,99,,,,,92,MODELED
JAX_LB_03,LB,70,84,78,64,85,71,64,63,82,68,,,46,71,,,,,,,,,,,,,,,,,,,76,,,,,,71,,,,,,,,75,,,,,,,,,,,,,,65,,,,,69,MODELED
JAX_LB_04,LB,69,67,74,73,76,77,71,58,74,75,,,69,73,,,,,,,,,,,,,,,,,,,61,,,,,,61,,,,,,,,60,,,,,,,,,,,,,,80,,,,,69,MODELED
JAX_LB_05,LB,72,73,69,82,76,58,69,66,74,71,,,63,52,,,,,,,,,,,,,,,,,,,70,,,,,,64,,,,,,,,67,,,,,,,,,,,,,,85,,,,,65,MODELED
JAX_LB_06,LB,71,67,59,60,73,93,53,60,70,60,,,66,61,,,,,,,,,,,,,,,,,,,66,,,,,,62,,,,,,,,72,,,,,,,,,,,,,,57,,,,,67,MODELED
JAX_LB_07,LB,61,61,72,58,77,65,57,57,77,70,,,57,56,,,,,,,,,,,,,,,,,,,52,,,,,,60,,,,,,,,60,,,,,,,,,,,,,,69,,,,,63,MODELED
JAX_LB_08,LB,50,58,60,52,68,71,58,57,67,56,,,48,55,,,,,,,,,,,,,,,,,,,41,,,,,,65,,,,,,,,52,,,,,,,,,,,,,,52,,,,,45,MODELED
JAX_CB_01,CB,94,85,89,59,92,90,78,79,75,69,,85,,,,,,,,,,,,,,,,,,,,,75,,,,,,89,,,,70,,,,,,,,,,,,,,,,,,74,,,,,87,MODELED
JAX_CB_02,CB,99,83,91,75,85,52,81,87,65,86,,80,,,,,,,,,,,,,,,,,,,,,71,,,,,,87,,,,85,,,,,,,,,,,,,,,,,,96,,,,,93,MODELED
JAX_CB_03,CB,99,99,88,82,93,52,97,88,92,66,,86,,,,,,,,,,,,,,,,,,,,,91,,,,,,70,,,,99,,,,,,,,,,,,,,,,,,93,,,,,91,MODELED
JAX_CB_04,CB,68,71,77,57,70,84,62,67,54,57,,76,,,,,,,,,,,,,,,,,,,,,67,,,,,,72,,,,67,,,,,,,,,,,,,,,,,,67,,,,,70,MODELED
JAX_CB_05,CB,76,79,86,67,87,48,68,72,57,60,,76,,,,,,,,,,,,,,,,,,,,,66,,,,,,76,,,,75,,,,,,,,,,,,,,,,,,80,,,,,65,MODELED
JAX_CB_06,CB,80,86,85,66,78,65,73,81,89,81,,70,,,,,,,,,,,,,,,,,,,,,80,,,,,,80,,,,76,,,,,,,,,,,,,,,,,,76,,,,,78,MODELED
JAX_CB_07,CB,71,71,80,55,82,81,66,64,54,64,,71,,,,,,,,,,,,,,,,,,,,,58,,,,,,59,,,,61,,,,,,,,,,,,,,,,,,67,,,,,54,MODELED
JAX_CB_08,CB,80,74,67,57,69,99,62,66,70,77,,62,,,,,,,,,,,,,,,,,,,,,70,,,,,,67,,,,80,,,,,,,,,,,,,,,,,,70,,,,,59,MODELED
JAX_CB_09,CB,77,65,71,54,74,77,62,60,67,57,,52,,,,,,,,,,,,,,,,,,,,,62,,,,,,56,,,,66,,,,,,,,,,,,,,,,,,59,,,,,55,MODELED
JAX_CB_10,CB,58,64,65,38,70,59,58,53,74,57,,44,,,,,,,,,,,,,,,,,,,,,37,,,,,,64,,,,65,,,,,,,,,,,,,,,,,,69,,,,,54,MODELED
JAX_CB_11,CB,63,63,65,43,75,69,44,62,69,61,,63,,,,,,,,,,,,,,,,,,,,,60,,,,,,35,,,,54,,,,,,,,,,,,,,,,,,54,,,,,59,MODELED
JAX_S_01,S,82,72,74,67,69,69,76,71,75,70,,79,,,,,,,,,,,,,,,,,,,,,71,,,,,,61,,,,70,,,,,,,,,,73,,,,,,,,71,,,,,86,MODELED
JAX_S_02,S,87,88,84,70,76,56,78,66,94,71,,85,,,,,,,,,,,,,,,,,,,,,74,,,,,,89,,,,77,,,,,,,,,,77,,,,,,,,82,,,,,77,MODELED
JAX_S_03,S,71,58,66,55,70,92,63,67,61,65,,64,,,,,,,,,,,,,,,,,,,,,68,,,,,,67,,,,60,,,,,,,,,,65,,,,,,,,60,,,,,61,MODELED
JAX_S_04,S,72,67,56,60,80,68,65,74,67,78,,60,,,,,,,,,,,,,,,,,,,,,64,,,,,,64,,,,54,,,,,,,,,,60,,,,,,,,57,,,,,69,MODELED
JAX_S_05,S,66,69,75,62,77,79,66,69,71,38,,72,,,,,,,,,,,,,,,,,,,,,75,,,,,,54,,,,65,,,,,,,,,,62,,,,,,,,67,,,,,56,MODELED
JAX_S_06,S,52,51,72,47,62,41,57,41,84,53,,57,,,,,,,,,,,,,,,,,,,,,48,,,,,,60,,,,58,,,,,,,,,,46,,,,,,,,55,,,,,50,MODELED
JAX_S_07,S,67,60,63,58,81,65,55,53,80,72,,47,,,,,,,,,,,,,,,,,,,,,43,,,,,,57,,,,47,,,,,,,,,,55,,,,,,,,43,,,,,59,MODELED
JAX_K_01,K,43,56,59,62,84,70,92,89,57,50,,,,,,,,,76,,,,,,,,,89,93,89,,,,,,,,,,,,,,,,,,,,,,,,,,,,,,,,,,,,,MODELED
JAX_K_02,K,33,31,50,44,75,99,59,56,91,41,,,,,,,,,56,,,,,,,,,62,58,52,,,,,,,,,,,,,,,,,,,,,,,,,,,,,,,,,,,,,MODELED
JAX_P_01,P,53,47,45,60,77,79,76,64,66,65,,,,,,,,,,,,,,75,,,70,,,,,,,,,,,,,,,,,,82,76,,,,,,,,,,,,,,,,,,,,,MODELED
JAX_P_02,P,41,35,50,45,88,84,69,51,79,61,,,,,,,,,,,,,,74,,,71,,,,,,,,,,,,,,,,,,75,65,,,,,,,,,,,,,,,,,,,,,MODELED
JAX_LS_01,LS,68,63,54,77,85,76,69,68,58,65,,,,,,,,,,,71,,,,,,,,,,,,,,,,,,,,,,,,,,,,,,,,,,,,,76,74,,,,,,,,MODELED
TEN_QB_01,QB,82,83,83,87,81,73,92,93,63,69,,,,,,,,,,,,86,80,,,,,,,,,,,92,,,,84,,90,,,,93,,,,,,,,,,98,,,91,,,,,,85,85,,,MODELED
TEN_QB_02,QB,80,66,76,84,87,87,74,70,84,67,,,,,,,,,,,,67,73,,,,,,,,,,,68,,,,75,,77,,,,86,,,,,,,,,,77,,,73,,,,,,68,84,,,MODELED
TEN_QB_03,QB,55,65,57,49,74,82,71,67,67,66,,,,,,,,,,,,59,62,,,,,,,,,,,61,,,,54,,65,,,,59,,,,,,,,,,51,,,69,,,,,,71,68,,,MODELED
TEN_QB_04,QB,59,63,64,50,69,79,61,48,64,64,,,,,,,,,,,,71,59,,,,,,,,,,,43,,,,64,,64,,,,52,,,,,,,,,,66,,,62,,,,,,51,72,,,MODELED
TEN_RB_01,RB,83,90,82,75,83,72,84,88,48,62,,,,,76,78,,,,82,,,,,76,,,,,,,,,,,78,,,,,,,,,,,,88,,,,,,,,,,,,,,,,,75,,MODELED
TEN_RB_02,RB,79,79,74,69,82,92,68,65,78,78,,,,,73,72,,,,62,,,,,82,,,,,,,,,,,65,,,,,,,,,,,,75,,,,,,,,,,,,,,,,,64,,MODELED
TEN_RB_03,RB,67,71,78,56,60,97,71,66,70,56,,,,,67,66,,,,69,,,,,49,,,,,,,,,,,57,,,,,,,,,,,,65,,,,,,,,,,,,,,,,,65,,MODELED
TEN_RB_04,RB,76,73,82,68,79,64,67,58,72,53,,,,,66,67,,,,79,,,,,62,,,,,,,,,,,54,,,,,,,,,,,,68,,,,,,,,,,,,,,,,,76,,MODELED
TEN_RB_05,RB,65,65,73,70,99,75,54,65,57,76,,,,,61,56,,,,61,,,,,62,,,,,,,,,,,60,,,,,,,,,,,,59,,,,,,,,,,,,,,,,,65,,MODELED
TEN_FB_01,FB,82,69,73,96,75,71,69,81,90,71,,,,,,79,,,,87,,,,,,,,,,,81,,,,,77,,,,,,,,,,,,74,,,84,,,,,,,,,,,,,,,,MODELED
TEN_WR_01,WR,99,99,96,76,87,64,99,98,68,80,,,,,,,99,85,,,,,,,,,,,,,,,,,,,,,,,,,,,,,,,89,83,95,,,,,90,,,,90,,,,,,,MODELED
TEN_WR_02,WR,83,87,91,68,81,70,82,78,75,64,,,,,,,68,83,,,,,,,,,,,,,,,,,,,,,,,,,,,,,,,87,92,74,,,,,72,,,,77,,,,,,,MODELED
TEN_WR_03,WR,99,99,99,82,86,64,99,95,79,89,,,,,,,87,93,,,,,,,,,,,,,,,,,,,,,,,,,,,,,,,98,99,97,,,,,92,,,,99,,,,,,,MODELED
TEN_WR_04,WR,70,90,85,69,73,65,61,67,66,64,,,,,,,67,73,,,,,,,,,,,,,,,,,,,,,,,,,,,,,,,64,87,72,,,,,75,,,,79,,,,,,,MODELED
TEN_WR_05,WR,69,84,89,73,90,59,86,76,99,65,,,,,,,77,75,,,,,,,,,,,,,,,,,,,,,,,,,,,,,,,82,81,77,,,,,63,,,,65,,,,,,,MODELED
TEN_WR_06,WR,69,73,73,65,86,76,69,70,63,63,,,,,,,63,68,,,,,,,,,,,,,,,,,,,,,,,,,,,,,,,77,63,58,,,,,58,,,,65,,,,,,,MODELED
TEN_WR_07,WR,80,74,76,64,84,83,65,66,78,60,,,,,,,73,70,,,,,,,,,,,,,,,,,,,,,,,,,,,,,,,54,56,77,,,,,72,,,,70,,,,,,,MODELED
TEN_WR_08,WR,62,85,65,57,61,99,66,66,85,71,,,,,,,81,58,,,,,,,,,,,,,,,,,,,,,,,,,,,,,,,52,71,68,,,,,67,,,,65,,,,,,,MODELED
TEN_WR_09,WR,68,68,74,51,65,85,65,66,57,58,,,,,,,65,67,,,,,,,,,,,,,,,,,,,,,,,,,,,,,,,57,57,57,,,,,67,,,,47,,,,,,,MODELED
TEN_WR_10,WR,70,64,70,51,69,63,51,49,75,37,,,,,,,54,60,,,,,,,,,,,,,,,,,,,,,,,,,,,,,,,51,58,59,,,,,68,,,,59,,,,,,,MODELED
TEN_WR_11,WR,62,57,64,49,79,89,43,37,66,40,,,,,,,60,68,,,,,,,,,,,,,,,,,,,,,,,,,,,,,,,50,35,41,,,,,53,,,,60,,,,,,,MODELED
TEN_TE_01,TE,71,77,83,78,79,80,90,64,70,67,,,,,,,83,73,,,,,,,,,,,,,,,,,68,,,,,,,,,,,,,,75,69,68,,,,,69,,,,80,,,,,,,MODELED
TEN_TE_02,TE,54,54,70,61,70,83,57,59,88,64,,,,,,,57,57,,,,,,,,,,,,,,,,,63,,,,,,,,,,,,,,59,63,69,,,,,51,,,,61,,,,,,,MODELED
TEN_TE_03,TE,72,87,83,75,76,88,74,78,61,77,,,,,,,84,97,,,,,,,,,,,,,,,,,72,,,,,,,,,,,,,,73,71,80,,,,,83,,,,80,,,,,,,MODELED
TEN_TE_04,TE,56,56,62,64,73,99,67,58,73,67,,,,,,,57,56,,,,,,,,,,,,,,,,,50,,,,,,,,,,,,,,65,58,51,,,,,59,,,,69,,,,,,,MODELED
TEN_TE_05,TE,64,55,60,63,66,70,47,39,73,63,,,,,,,58,47,,,,,,,,,,,,,,,,,57,,,,,,,,,,,,,,46,63,53,,,,,47,,,,48,,,,,,,MODELED
TEN_TE_06,TE,63,62,63,67,73,68,49,60,69,81,,,,,,,58,77,,,,,,,,,,,,,,,,,61,,,,,,,,,,,,,,59,57,47,,,,,66,,,,60,,,,,,,MODELED
TEN_OT_01,OT,75,87,89,99,94,44,87,91,86,74,88,,,,,,,,,,,,,,,,,,,,,,,,88,,,,,,93,,,,,,,,,,85,,,,90,,,,,,,82,,,,,MODELED
TEN_OT_02,OT,61,63,73,97,75,50,90,73,65,83,78,,,,,,,,,,,,,,,,,,,,,,,,73,,,,,,77,,,,,,,,,,72,,,,83,,,,,,,63,,,,,MODELED
TEN_OT_03,OT,38,44,39,73,71,65,56,58,99,64,54,,,,,,,,,,,,,,,,,,,,,,,,63,,,,,,53,,,,,,,,,,41,,,,64,,,,,,,49,,,,,MODELED
TEN_OT_04,OT,58,60,66,99,75,81,82,87,91,74,91,,,,,,,,,,,,,,,,,,,,,,,,78,,,,,,85,,,,,,,,,,74,,,,97,,,,,,,69,,,,,MODELED
TEN_OT_05,OT,55,55,63,83,80,59,67,67,82,63,77,,,,,,,,,,,,,,,,,,,,,,,,66,,,,,,68,,,,,,,,,,69,,,,68,,,,,,,64,,,,,MODELED
TEN_OT_06,OT,50,57,65,72,86,54,64,66,59,82,65,,,,,,,,,,,,,,,,,,,,,,,,67,,,,,,71,,,,,,,,,,66,,,,64,,,,,,,71,,,,,MODELED
TEN_OG_01,OG,51,70,65,89,74,62,73,77,76,67,88,,,,,,,,,,,,,,,,,,,,,,,,72,,,,,,70,,,,,,,,,,79,,,,79,,,,,,,59,,,,,MODELED
TEN_OG_02,OG,53,67,60,97,89,59,81,76,72,80,70,,,,,,,,,,,,,,,,,,,,,,,,89,,,,,,75,,,,,,,,,,76,,,,67,,,,,,,76,,,,,MODELED
TEN_OG_03,OG,60,62,47,79,79,51,69,70,85,63,80,,,,,,,,,,,,,,,,,,,,,,,,70,,,,,,80,,,,,,,,,,73,,,,66,,,,,,,66,,,,,MODELED
TEN_OG_04,OG,71,73,71,99,79,94,88,85,82,72,84,,,,,,,,,,,,,,,,,,,,,,,,99,,,,,,97,,,,,,,,,,81,,,,85,,,,,,,84,,,,,MODELED
TEN_OG_05,OG,43,40,45,78,88,73,66,59,50,67,63,,,,,,,,,,,,,,,,,,,,,,,,60,,,,,,61,,,,,,,,,,55,,,,64,,,,,,,55,,,,,MODELED
TEN_OG_06,OG,36,31,40,61,77,55,42,50,78,55,61,,,,,,,,,,,,,,,,,,,,,,,,54,,,,,,45,,,,,,,,,,52,,,,49,,,,,,,33,,,,,MODELED
TEN_C_01,C,59,76,82,93,80,33,73,87,72,77,97,,,,,,,,,,,,,,,,,,,,,74,,,83,,,,,,90,,,,,,,,,,83,,,,,,,82,,,,91,,,,,MODELED
TEN_C_02,C,51,54,54,88,76,72,71,66,64,61,60,,,,,,,,,,,,,,,,,,,,,62,,,77,,,,,,79,,,,,,,,,,68,,,,,,,63,,,,67,,,,,MODELED
TEN_C_03,C,50,54,59,79,71,99,53,55,78,69,69,,,,,,,,,,,,,,,,,,,,,59,,,71,,,,,,53,,,,,,,,,,63,,,,,,,77,,,,58,,,,,MODELED
TEN_EDGE_01,EDGE,82,85,80,99,88,81,79,68,61,64,,,,81,,,,,,,78,,,,,76,,,,,,,,,,,81,,,,,74,,,,,83,,,,,83,,,,,,,,,,,,,,,MODELED
TEN_EDGE_02,EDGE,81,79,86,76,80,63,87,85,86,59,,,,79,,,,,,,86,,,,,76,,,,,,,,,,,81,,,,,75,,,,,84,,,,,83,,,,,,,,,,,,,,,MODELED
TEN_EDGE_03,EDGE,77,73,81,77,79,68,78,76,65,61,,,,84,,,,,,,62,,,,,71,,,,,,,,,,,66,,,,,72,,,,,65,,,,,80,,,,,,,,,,,,,,,MODELED
TEN_EDGE_04,EDGE,76,78,73,94,84,85,81,72,81,58,,,,62,,,,,,,73,,,,,75,,,,,,,,,,,72,,,,,68,,,,,79,,,,,78,,,,,,,,,,,,,,,MODELED
TEN_EDGE_05,EDGE,77,95,72,75,74,86,78,75,90,74,,,,73,,,,,,,75,,,,,83,,,,,,,,,,,84,,,,,73,,,,,73,,,,,73,,,,,,,,,,,,,,,MODELED
TEN_EDGE_06,EDGE,70,84,70,69,71,74,65,71,64,77,,,,59,,,,,,,70,,,,,76,,,,,,,,,,,64,,,,,70,,,,,70,,,,,65,,,,,,,,,,,,,,,MODELED
TEN_EDGE_07,EDGE,84,77,77,75,78,76,65,63,56,63,,,,69,,,,,,,95,,,,,72,,,,,,,,,,,72,,,,,71,,,,,74,,,,,77,,,,,,,,,,,,,,,MODELED
TEN_EDGE_08,EDGE,67,60,60,56,75,99,56,43,77,59,,,,55,,,,,,,54,,,,,52,,,,,,,,,,,40,,,,,53,,,,,59,,,,,64,,,,,,,,,,,,,,,MODELED
TEN_EDGE_09,EDGE,53,48,64,61,79,51,56,47,91,60,,,,53,,,,,,,52,,,,,65,,,,,,,,,,,53,,,,,47,,,,,48,,,,,57,,,,,,,,,,,,,,,MODELED
TEN_DT_01,DT,59,69,71,99,91,73,96,76,79,68,,,,75,,,,,,,,,,,,70,,,,,,,,,,,82,,,,,69,,,,,78,,,,,81,,,,,,,,,,,,,,,MODELED
TEN_DT_02,DT,73,82,73,83,84,78,75,93,85,70,,,,90,,,,,,,,,,,,85,,,,,,,,,,,89,,,,,78,,,,,85,,,,,90,,,,,,,,,,,,,,,MODELED
TEN_DT_03,DT,64,64,64,77,88,64,65,73,68,64,,,,59,,,,,,,,,,,,63,,,,,,,,,,,63,,,,,59,,,,,74,,,,,63,,,,,,,,,,,,,,,MODELED
TEN_DT_04,DT,58,57,64,78,85,69,81,77,70,74,,,,75,,,,,,,,,,,,80,,,,,,,,,,,70,,,,,79,,,,,83,,,,,83,,,,,,,,,,,,,,,MODELED
TEN_DT_05,DT,60,59,67,95,74,56,80,70,53,77,,,,66,,,,,,,,,,,,79,,,,,,,,,,,66,,,,,69,,,,,74,,,,,63,,,,,,,,,,,,,,,MODELED
TEN_DT_06,DT,50,63,72,91,71,85,61,63,76,67,,,,54,,,,,,,,,,,,71,,,,,,,,,,,64,,,,,62,,,,,72,,,,,65,,,,,,,,,,,,,,,MODELED
TEN_DT_07,DT,41,47,45,76,79,67,50,50,84,72,,,,58,,,,,,,,,,,,63,,,,,,,,,,,57,,,,,62,,,,,47,,,,,50,,,,,,,,,,,,,,,MODELED
TEN_DT_08,DT,47,45,54,72,68,68,54,53,67,59,,,,51,,,,,,,,,,,,43,,,,,,,,,,,64,,,,,65,,,,,61,,,,,61,,,,,,,,,,,,,,,MODELED
TEN_LB_01,LB,99,85,92,95,84,81,92,86,53,76,,,82,82,,,,,,,,,,,,,,,,,,,88,,,,,,87,,,,,,,,99,,,,,,,,,,,,,,78,,,,,94,MODELED
TEN_LB_02,LB,79,78,82,88,84,86,80,75,51,70,,,73,79,,,,,,,,,,,,,,,,,,,72,,,,,,72,,,,,,,,67,,,,,,,,,,,,,,78,,,,,84,MODELED
TEN_LB_03,LB,64,71,68,80,75,48,68,72,78,64,,,73,63,,,,,,,,,,,,,,,,,,,60,,,,,,79,,,,,,,,80,,,,,,,,,,,,,,65,,,,,67,MODELED
TEN_LB_04,LB,79,99,92,85,92,96,79,87,74,66,,,76,87,,,,,,,,,,,,,,,,,,,80,,,,,,84,,,,,,,,68,,,,,,,,,,,,,,91,,,,,87,MODELED
TEN_LB_05,LB,80,60,71,67,72,85,70,61,69,65,,,78,64,,,,,,,,,,,,,,,,,,,59,,,,,,53,,,,,,,,70,,,,,,,,,,,,,,66,,,,,68,MODELED
TEN_LB_06,LB,83,68,73,68,85,77,76,73,77,55,,,68,68,,,,,,,,,,,,,,,,,,,61,,,,,,78,,,,,,,,71,,,,,,,,,,,,,,76,,,,,62,MODELED
TEN_LB_07,LB,57,59,59,58,75,71,63,53,79,43,,,57,71,,,,,,,,,,,,,,,,,,,71,,,,,,59,,,,,,,,52,,,,,,,,,,,,,,58,,,,,49,MODELED
TEN_LB_08,LB,55,75,66,66,75,64,60,55,63,50,,,60,73,,,,,,,,,,,,,,,,,,,58,,,,,,57,,,,,,,,77,,,,,,,,,,,,,,64,,,,,59,MODELED
TEN_CB_01,CB,83,90,83,54,90,82,78,73,63,83,,79,,,,,,,,,,,,,,,,,,,,,64,,,,,,77,,,,74,,,,,,,,,,,,,,,,,,71,,,,,85,MODELED
TEN_CB_02,CB,86,93,82,68,83,71,88,87,85,81,,94,,,,,,,,,,,,,,,,,,,,,84,,,,,,86,,,,88,,,,,,,,,,,,,,,,,,83,,,,,87,MODELED
TEN_CB_03,CB,94,99,99,83,92,87,92,98,75,73,,88,,,,,,,,,,,,,,,,,,,,,88,,,,,,84,,,,98,,,,,,,,,,,,,,,,,,95,,,,,87,MODELED
TEN_CB_04,CB,70,75,78,60,73,76,73,64,72,61,,71,,,,,,,,,,,,,,,,,,,,,71,,,,,,72,,,,80,,,,,,,,,,,,,,,,,,62,,,,,81,MODELED
TEN_CB_05,CB,89,78,79,62,79,83,66,66,71,74,,71,,,,,,,,,,,,,,,,,,,,,71,,,,,,76,,,,74,,,,,,,,,,,,,,,,,,66,,,,,68,MODELED
TEN_CB_06,CB,95,87,94,65,84,50,76,75,92,66,,74,,,,,,,,,,,,,,,,,,,,,86,,,,,,81,,,,85,,,,,,,,,,,,,,,,,,69,,,,,79,MODELED
TEN_CB_07,CB,81,82,89,56,72,58,70,70,61,69,,68,,,,,,,,,,,,,,,,,,,,,69,,,,,,76,,,,62,,,,,,,,,,,,,,,,,,60,,,,,59,MODELED
TEN_CB_08,CB,83,70,82,65,69,49,62,70,81,58,,70,,,,,,,,,,,,,,,,,,,,,64,,,,,,55,,,,78,,,,,,,,,,,,,,,,,,68,,,,,84,MODELED
TEN_CB_09,CB,73,65,61,54,65,74,55,63,65,62,,67,,,,,,,,,,,,,,,,,,,,,59,,,,,,58,,,,65,,,,,,,,,,,,,,,,,,61,,,,,52,MODELED
TEN_CB_10,CB,65,68,57,41,76,83,60,58,64,60,,59,,,,,,,,,,,,,,,,,,,,,60,,,,,,68,,,,56,,,,,,,,,,,,,,,,,,52,,,,,64,MODELED
TEN_CB_11,CB,70,61,67,44,83,88,58,64,62,69,,60,,,,,,,,,,,,,,,,,,,,,57,,,,,,68,,,,56,,,,,,,,,,,,,,,,,,76,,,,,68,MODELED
TEN_S_01,S,99,90,92,93,86,63,81,88,55,69,,87,,,,,,,,,,,,,,,,,,,,,84,,,,,,95,,,,82,,,,,,,,,,97,,,,,,,,79,,,,,85,MODELED
TEN_S_02,S,94,99,92,88,89,64,99,95,78,89,,91,,,,,,,,,,,,,,,,,,,,,91,,,,,,89,,,,80,,,,,,,,,,99,,,,,,,,96,,,,,88,MODELED
TEN_S_03,S,95,75,90,74,75,86,85,73,88,67,,69,,,,,,,,,,,,,,,,,,,,,78,,,,,,77,,,,73,,,,,,,,,,74,,,,,,,,87,,,,,84,MODELED
TEN_S_04,S,70,71,79,64,80,55,82,78,70,74,,66,,,,,,,,,,,,,,,,,,,,,71,,,,,,70,,,,81,,,,,,,,,,76,,,,,,,,78,,,,,73,MODELED
TEN_S_05,S,64,54,63,51,80,58,67,60,88,54,,66,,,,,,,,,,,,,,,,,,,,,52,,,,,,57,,,,61,,,,,,,,,,63,,,,,,,,63,,,,,51,MODELED
TEN_S_06,S,70,68,67,64,85,76,66,72,64,65,,64,,,,,,,,,,,,,,,,,,,,,83,,,,,,69,,,,72,,,,,,,,,,59,,,,,,,,61,,,,,59,MODELED
TEN_S_07,S,66,55,65,51,69,68,53,71,44,43,,54,,,,,,,,,,,,,,,,,,,,,54,,,,,,38,,,,64,,,,,,,,,,72,,,,,,,,58,,,,,57,MODELED
TEN_K_01,K,39,52,56,57,86,63,75,80,65,65,,,,,,,,,77,,,,,,,,,85,63,65,,,,,,,,,,,,,,,,,,,,,,,,,,,,,,,,,,,,,MODELED
TEN_K_02,K,45,42,51,47,85,68,50,57,99,68,,,,,,,,,69,,,,,,,,,66,64,72,,,,,,,,,,,,,,,,,,,,,,,,,,,,,,,,,,,,,MODELED
TEN_P_01,P,50,53,44,63,78,94,76,75,47,78,,,,,,,,,,,,,,79,,,80,,,,,,,,,,,,,,,,,,63,74,,,,,,,,,,,,,,,,,,,,,MODELED
TEN_P_02,P,41,48,35,47,74,76,71,59,77,55,,,,,,,,,,,,,,62,,,70,,,,,,,,,,,,,,,,,,55,71,,,,,,,,,,,,,,,,,,,,,MODELED
TEN_LS_01,LS,46,60,65,65,88,83,69,77,63,80,,,,,,,,,,,66,,,,,,,,,,,,,,,,,,,,,,,,,,,,,,,,,,,,,75,64,,,,,,,,MODELED
DEN_QB_01,QB,93,82,99,93,90,48,99,98,72,90,,,,,,,,,,,,96,94,,,,,,,,,,,97,,,,99,,99,,,,98,,,,,,,,,,99,,,99,,,,,,94,90,,,MODELED
DEN_QB_02,QB,65,69,69,55,88,66,74,83,76,73,,,,,,,,,,,,75,68,,,,,,,,,,,70,,,,76,,75,,,,68,,,,,,,,,,66,,,61,,,,,,67,67,,,MODELED
DEN_QB_03,QB,67,53,66,67,80,75,64,64,56,62,,,,,,,,,,,,68,54,,,,,,,,,,,70,,,,69,,56,,,,58,,,,,,,,,,72,,,59,,,,,,58,77,,,MODELED
DEN_QB_04,QB,44,54,52,48,75,89,50,53,54,58,,,,,,,,,,,,55,45,,,,,,,,,,,46,,,,49,,52,,,,51,,,,,,,,,,52,,,57,,,,,,61,70,,,MODELED
DEN_RB_01,RB,93,90,90,86,85,66,92,74,51,70,,,,,95,90,,,,78,,,,,81,,,,,,,,,,,92,,,,,,,,,,,,71,,,,,,,,,,,,,,,,,83,,MODELED
DEN_RB_02,RB,76,77,81,74,82,56,64,70,74,77,,,,,59,63,,,,72,,,,,68,,,,,,,,,,,77,,,,,,,,,,,,69,,,,,,,,,,,,,,,,,64,,MODELED
DEN_RB_03,RB,83,82,81,55,81,82,74,64,99,69,,,,,70,79,,,,68,,,,,66,,,,,,,,,,,57,,,,,,,,,,,,71,,,,,,,,,,,,,,,,,63,,MODELED
DEN_RB_04,RB,69,67,63,67,75,80,51,54,77,58,,,,,60,56,,,,75,,,,,49,,,,,,,,,,,56,,,,,,,,,,,,61,,,,,,,,,,,,,,,,,57,,MODELED
DEN_RB_05,RB,55,58,51,50,66,76,40,49,57,39,,,,,40,43,,,,39,,,,,52,,,,,,,,,,,44,,,,,,,,,,,,52,,,,,,,,,,,,,,,,,63,,MODELED
DEN_FB_01,FB,62,64,68,87,81,49,76,69,75,77,,,,,,80,,,,71,,,,,,,,,,,73,,,,,72,,,,,,,,,,,,77,,,73,,,,,,,,,,,,,,,,MODELED
DEN_WR_01,WR,95,87,94,82,90,79,85,83,72,83,,,,,,,80,87,,,,,,,,,,,,,,,,,,,,,,,,,,,,,,,81,82,75,,,,,92,,,,87,,,,,,,MODELED
DEN_WR_02,WR,96,97,94,79,81,67,90,87,77,78,,,,,,,91,80,,,,,,,,,,,,,,,,,,,,,,,,,,,,,,,89,71,82,,,,,79,,,,81,,,,,,,MODELED
DEN_WR_03,WR,95,97,94,74,84,68,88,92,51,77,,,,,,,90,99,,,,,,,,,,,,,,,,,,,,,,,,,,,,,,,93,98,86,,,,,83,,,,73,,,,,,,MODELED
DEN_WR_04,WR,73,87,76,59,84,89,79,75,67,64,,,,,,,73,62,,,,,,,,,,,,,,,,,,,,,,,,,,,,,,,69,74,79,,,,,74,,,,63,,,,,,,MODELED
DEN_WR_05,WR,73,83,81,62,76,47,68,73,87,89,,,,,,,67,74,,,,,,,,,,,,,,,,,,,,,,,,,,,,,,,66,70,73,,,,,64,,,,71,,,,,,,MODELED
DEN_WR_06,WR,82,78,81,58,82,46,70,68,65,62,,,,,,,83,58,,,,,,,,,,,,,,,,,,,,,,,,,,,,,,,72,60,67,,,,,70,,,,73,,,,,,,MODELED
DEN_WR_07,WR,70,84,79,59,93,69,67,69,75,72,,,,,,,70,67,,,,,,,,,,,,,,,,,,,,,,,,,,,,,,,63,73,58,,,,,60,,,,73,,,,,,,MODELED
DEN_WR_08,WR,76,79,78,64,84,59,55,62,63,61,,,,,,,65,64,,,,,,,,,,,,,,,,,,,,,,,,,,,,,,,74,68,88,,,,,59,,,,73,,,,,,,MODELED
DEN_WR_09,WR,68,60,61,59,72,40,54,49,53,64,,,,,,,54,73,,,,,,,,,,,,,,,,,,,,,,,,,,,,,,,61,67,63,,,,,63,,,,64,,,,,,,MODELED
DEN_WR_10,WR,68,75,62,56,76,85,67,53,79,69,,,,,,,49,60,,,,,,,,,,,,,,,,,,,,,,,,,,,,,,,57,56,51,,,,,66,,,,53,,,,,,,MODELED
DEN_WR_11,WR,73,70,61,57,69,55,60,52,60,60,,,,,,,69,49,,,,,,,,,,,,,,,,,,,,,,,,,,,,,,,58,63,71,,,,,62,,,,61,,,,,,,MODELED
DEN_TE_01,TE,88,85,81,98,92,91,88,94,88,73,,,,,,,92,87,,,,,,,,,,,,,,,,,83,,,,,,,,,,,,,,89,95,78,,,,,99,,,,87,,,,,,,MODELED
DEN_TE_02,TE,85,79,74,80,85,72,72,81,52,70,,,,,,,84,72,,,,,,,,,,,,,,,,,69,,,,,,,,,,,,,,75,69,92,,,,,82,,,,70,,,,,,,MODELED
DEN_TE_03,TE,71,78,65,81,80,71,78,61,70,69,,,,,,,80,69,,,,,,,,,,,,,,,,,64,,,,,,,,,,,,,,76,70,78,,,,,77,,,,75,,,,,,,MODELED
DEN_TE_04,TE,67,69,70,76,90,80,51,61,73,85,,,,,,,73,70,,,,,,,,,,,,,,,,,64,,,,,,,,,,,,,,59,59,67,,,,,67,,,,77,,,,,,,MODELED
DEN_TE_05,TE,50,59,56,58,71,92,47,58,75,66,,,,,,,64,45,,,,,,,,,,,,,,,,,52,,,,,,,,,,,,,,54,51,56,,,,,48,,,,41,,,,,,,MODELED
DEN_TE_06,TE,71,55,63,61,75,86,48,69,87,73,,,,,,,52,59,,,,,,,,,,,,,,,,,52,,,,,,,,,,,,,,70,61,58,,,,,63,,,,73,,,,,,,MODELED
DEN_OT_01,OT,59,54,71,94,84,91,84,67,65,85,68,,,,,,,,,,,,,,,,,,,,,,,,78,,,,,,69,,,,,,,,,,85,,,,83,,,,,,,77,,,,,MODELED
DEN_OT_02,OT,64,73,69,96,96,55,84,71,84,73,81,,,,,,,,,,,,,,,,,,,,,,,,72,,,,,,78,,,,,,,,,,79,,,,75,,,,,,,88,,,,,MODELED
DEN_OT_03,OT,51,54,71,93,74,53,59,69,68,81,67,,,,,,,,,,,,,,,,,,,,,,,,73,,,,,,85,,,,,,,,,,70,,,,71,,,,,,,80,,,,,MODELED
DEN_OT_04,OT,57,50,68,85,84,73,70,62,84,76,63,,,,,,,,,,,,,,,,,,,,,,,,61,,,,,,66,,,,,,,,,,80,,,,82,,,,,,,65,,,,,MODELED
DEN_OT_05,OT,42,50,47,83,75,71,65,72,71,70,65,,,,,,,,,,,,,,,,,,,,,,,,63,,,,,,68,,,,,,,,,,85,,,,66,,,,,,,70,,,,,MODELED
DEN_OT_06,OT,48,39,52,75,77,57,71,55,99,58,73,,,,,,,,,,,,,,,,,,,,,,,,60,,,,,,74,,,,,,,,,,80,,,,77,,,,,,,69,,,,,MODELED
DEN_OG_01,OG,60,71,64,98,78,68,79,75,46,78,70,,,,,,,,,,,,,,,,,,,,,,,,73,,,,,,82,,,,,,,,,,83,,,,73,,,,,,,75,,,,,MODELED
DEN_OG_02,OG,64,67,66,99,93,62,86,70,96,64,79,,,,,,,,,,,,,,,,,,,,,,,,83,,,,,,78,,,,,,,,,,78,,,,64,,,,,,,76,,,,,MODELED
DEN_OG_03,OG,47,60,43,83,76,61,71,76,90,70,62,,,,,,,,,,,,,,,,,,,,,,,,77,,,,,,77,,,,,,,,,,74,,,,71,,,,,,,72,,,,,MODELED
DEN_OG_04,OG,54,57,59,92,79,90,79,65,66,72,72,,,,,,,,,,,,,,,,,,,,,,,,78,,,,,,60,,,,,,,,,,72,,,,69,,,,,,,82,,,,,MODELED
DEN_OG_05,OG,47,36,53,79,82,75,53,61,59,61,58,,,,,,,,,,,,,,,,,,,,,,,,64,,,,,,74,,,,,,,,,,63,,,,78,,,,,,,67,,,,,MODELED
DEN_OG_06,OG,45,40,58,75,73,64,68,68,80,62,51,,,,,,,,,,,,,,,,,,,,,,,,66,,,,,,47,,,,,,,,,,63,,,,59,,,,,,,59,,,,,MODELED
DEN_C_01,C,64,65,65,88,79,76,75,83,51,72,77,,,,,,,,,,,,,,,,,,,,,86,,,89,,,,,,75,,,,,,,,,,76,,,,,,,83,,,,80,,,,,MODELED
DEN_C_02,C,55,81,68,91,86,53,81,92,78,70,70,,,,,,,,,,,,,,,,,,,,,69,,,78,,,,,,80,,,,,,,,,,70,,,,,,,80,,,,73,,,,,MODELED
DEN_C_03,C,58,71,67,86,85,83,78,79,79,77,75,,,,,,,,,,,,,,,,,,,,,77,,,76,,,,,,85,,,,,,,,,,83,,,,,,,73,,,,72,,,,,MODELED
DEN_EDGE_01,EDGE,98,98,83,92,90,89,86,94,72,71,,,,83,,,,,,,87,,,,,91,,,,,,,,,,,78,,,,,81,,,,,80,,,,,95,,,,,,,,,,,,,,,MODELED
DEN_EDGE_02,EDGE,75,85,93,86,90,99,78,99,73,71,,,,80,,,,,,,75,,,,,77,,,,,,,,,,,84,,,,,84,,,,,86,,,,,78,,,,,,,,,,,,,,,MODELED
DEN_EDGE_03,EDGE,71,74,68,77,81,76,63,62,88,71,,,,67,,,,,,,65,,,,,64,,,,,,,,,,,67,,,,,64,,,,,68,,,,,71,,,,,,,,,,,,,,,MODELED
DEN_EDGE_04,EDGE,67,82,73,76,85,76,73,71,68,73,,,,79,,,,,,,72,,,,,72,,,,,,,,,,,67,,,,,81,,,,,74,,,,,74,,,,,,,,,,,,,,,MODELED
DEN_EDGE_05,EDGE,58,67,58,68,82,90,58,49,52,48,,,,61,,,,,,,58,,,,,62,,,,,,,,,,,58,,,,,57,,,,,57,,,,,60,,,,,,,,,,,,,,,MODELED
DEN_EDGE_06,EDGE,80,71,78,72,79,62,57,62,66,72,,,,64,,,,,,,84,,,,,78,,,,,,,,,,,48,,,,,72,,,,,67,,,,,66,,,,,,,,,,,,,,,MODELED
DEN_EDGE_07,EDGE,64,58,61,62,83,41,59,57,57,62,,,,65,,,,,,,59,,,,,67,,,,,,,,,,,67,,,,,64,,,,,66,,,,,53,,,,,,,,,,,,,,,MODELED
DEN_EDGE_08,EDGE,50,56,56,70,82,77,63,59,58,47,,,,46,,,,,,,49,,,,,52,,,,,,,,,,,61,,,,,51,,,,,62,,,,,51,,,,,,,,,,,,,,,MODELED
DEN_EDGE_09,EDGE,73,53,62,73,79,55,51,49,52,66,,,,63,,,,,,,53,,,,,56,,,,,,,,,,,61,,,,,64,,,,,54,,,,,62,,,,,,,,,,,,,,,MODELED
DEN_DT_01,DT,82,73,76,99,85,64,99,83,65,78,,,,84,,,,,,,,,,,,70,,,,,,,,,,,75,,,,,80,,,,,90,,,,,82,,,,,,,,,,,,,,,MODELED
DEN_DT_02,DT,81,96,90,99,81,61,91,83,73,89,,,,96,,,,,,,,,,,,99,,,,,,,,,,,92,,,,,90,,,,,99,,,,,99,,,,,,,,,,,,,,,MODELED
DEN_DT_03,DT,50,50,62,87,78,95,66,69,82,72,,,,60,,,,,,,,,,,,67,,,,,,,,,,,69,,,,,71,,,,,68,,,,,61,,,,,,,,,,,,,,,MODELED
DEN_DT_04,DT,54,75,58,92,81,83,62,67,61,75,,,,72,,,,,,,,,,,,74,,,,,,,,,,,73,,,,,64,,,,,64,,,,,77,,,,,,,,,,,,,,,MODELED
DEN_DT_05,DT,59,63,51,83,88,58,64,65,77,57,,,,69,,,,,,,,,,,,80,,,,,,,,,,,60,,,,,54,,,,,63,,,,,63,,,,,,,,,,,,,,,MODELED
DEN_DT_06,DT,57,40,48,70,78,69,53,58,92,61,,,,58,,,,,,,,,,,,46,,,,,,,,,,,61,,,,,69,,,,,64,,,,,59,,,,,,,,,,,,,,,MODELED
DEN_DT_07,DT,39,34,48,77,86,61,49,53,85,63,,,,53,,,,,,,,,,,,50,,,,,,,,,,,67,,,,,65,,,,,50,,,,,55,,,,,,,,,,,,,,,MODELED
DEN_DT_08,DT,54,53,66,80,84,63,53,54,78,55,,,,70,,,,,,,,,,,,63,,,,,,,,,,,62,,,,,67,,,,,47,,,,,57,,,,,,,,,,,,,,,MODELED
DEN_LB_01,LB,81,75,79,84,73,78,80,76,61,77,,,87,77,,,,,,,,,,,,,,,,,,,79,,,,,,74,,,,,,,,70,,,,,,,,,,,,,,83,,,,,70,MODELED
DEN_LB_02,LB,82,76,76,74,92,89,64,78,73,67,,,66,57,,,,,,,,,,,,,,,,,,,80,,,,,,60,,,,,,,,78,,,,,,,,,,,,,,71,,,,,66,MODELED
DEN_LB_03,LB,64,78,82,67,82,89,70,60,57,51,,,70,67,,,,,,,,,,,,,,,,,,,82,,,,,,62,,,,,,,,81,,,,,,,,,,,,,,71,,,,,73,MODELED
DEN_LB_04,LB,79,85,80,95,76,84,80,84,58,65,,,70,78,,,,,,,,,,,,,,,,,,,74,,,,,,85,,,,,,,,71,,,,,,,,,,,,,,62,,,,,72,MODELED
DEN_LB_05,LB,67,76,75,70,74,57,64,51,47,50,,,75,59,,,,,,,,,,,,,,,,,,,65,,,,,,67,,,,,,,,69,,,,,,,,,,,,,,65,,,,,80,MODELED
DEN_LB_06,LB,70,59,65,67,91,65,68,65,41,81,,,61,62,,,,,,,,,,,,,,,,,,,61,,,,,,70,,,,,,,,71,,,,,,,,,,,,,,67,,,,,70,MODELED
DEN_LB_07,LB,55,51,51,70,75,61,47,44,58,65,,,52,36,,,,,,,,,,,,,,,,,,,49,,,,,,58,,,,,,,,41,,,,,,,,,,,,,,46,,,,,55,MODELED
DEN_LB_08,LB,52,59,66,54,69,66,61,59,56,65,,,68,36,,,,,,,,,,,,,,,,,,,56,,,,,,52,,,,,,,,59,,,,,,,,,,,,,,68,,,,,58,MODELED
DEN_CB_01,CB,98,99,99,96,96,74,83,92,93,84,,99,,,,,,,,,,,,,,,,,,,,,92,,,,,,88,,,,95,,,,,,,,,,,,,,,,,,96,,,,,89,MODELED
DEN_CB_02,CB,98,99,99,74,98,67,90,86,81,66,,90,,,,,,,,,,,,,,,,,,,,,93,,,,,,93,,,,99,,,,,,,,,,,,,,,,,,97,,,,,86,MODELED
DEN_CB_03,CB,94,86,90,70,84,71,86,74,83,76,,62,,,,,,,,,,,,,,,,,,,,,75,,,,,,77,,,,84,,,,,,,,,,,,,,,,,,75,,,,,79,MODELED
DEN_CB_04,CB,76,67,83,64,82,73,71,69,33,82,,59,,,,,,,,,,,,,,,,,,,,,48,,,,,,68,,,,60,,,,,,,,,,,,,,,,,,63,,,,,55,MODELED
DEN_CB_05,CB,63,71,74,48,77,61,61,64,68,66,,59,,,,,,,,,,,,,,,,,,,,,77,,,,,,66,,,,70,,,,,,,,,,,,,,,,,,70,,,,,61,MODELED
DEN_CB_06,CB,63,76,75,51,88,61,54,67,44,77,,70,,,,,,,,,,,,,,,,,,,,,59,,,,,,67,,,,44,,,,,,,,,,,,,,,,,,65,,,,,55,MODELED
DEN_CB_07,CB,80,80,58,61,82,55,67,67,62,88,,77,,,,,,,,,,,,,,,,,,,,,55,,,,,,55,,,,67,,,,,,,,,,,,,,,,,,74,,,,,69,MODELED
DEN_CB_08,CB,78,77,82,53,74,86,65,65,87,63,,80,,,,,,,,,,,,,,,,,,,,,78,,,,,,72,,,,80,,,,,,,,,,,,,,,,,,67,,,,,66,MODELED
DEN_CB_09,CB,76,67,71,48,74,88,61,73,80,78,,59,,,,,,,,,,,,,,,,,,,,,51,,,,,,61,,,,69,,,,,,,,,,,,,,,,,,52,,,,,77,MODELED
DEN_CB_10,CB,58,66,62,45,81,66,41,56,81,50,,59,,,,,,,,,,,,,,,,,,,,,46,,,,,,46,,,,40,,,,,,,,,,,,,,,,,,44,,,,,55,MODELED
DEN_CB_11,CB,62,69,68,63,81,60,53,58,56,60,,63,,,,,,,,,,,,,,,,,,,,,60,,,,,,60,,,,58,,,,,,,,,,,,,,,,,,55,,,,,65,MODELED
DEN_S_01,S,99,98,86,90,95,48,99,96,72,70,,91,,,,,,,,,,,,,,,,,,,,,89,,,,,,92,,,,87,,,,,,,,,,92,,,,,,,,97,,,,,93,MODELED
DEN_S_02,S,92,88,83,72,84,71,81,77,75,77,,63,,,,,,,,,,,,,,,,,,,,,77,,,,,,67,,,,71,,,,,,,,,,91,,,,,,,,76,,,,,77,MODELED
DEN_S_03,S,69,78,67,68,80,82,61,69,63,73,,51,,,,,,,,,,,,,,,,,,,,,76,,,,,,64,,,,77,,,,,,,,,,75,,,,,,,,59,,,,,72,MODELED
DEN_S_04,S,72,66,71,61,74,41,62,60,67,63,,56,,,,,,,,,,,,,,,,,,,,,50,,,,,,58,,,,57,,,,,,,,,,71,,,,,,,,77,,,,,77,MODELED
DEN_S_05,S,72,68,59,70,75,59,55,58,71,53,,62,,,,,,,,,,,,,,,,,,,,,64,,,,,,80,,,,67,,,,,,,,,,62,,,,,,,,59,,,,,54,MODELED
DEN_S_06,S,62,60,62,51,83,81,65,65,79,50,,58,,,,,,,,,,,,,,,,,,,,,55,,,,,,51,,,,49,,,,,,,,,,66,,,,,,,,43,,,,,43,MODELED
DEN_S_07,S,57,59,53,42,83,67,51,62,65,58,,55,,,,,,,,,,,,,,,,,,,,,56,,,,,,32,,,,47,,,,,,,,,,54,,,,,,,,55,,,,,53,MODELED
DEN_K_01,K,57,44,63,60,79,93,69,73,60,69,,,,,,,,,66,,,,,,,,,69,83,88,,,,,,,,,,,,,,,,,,,,,,,,,,,,,,,,,,,,,MODELED
DEN_K_02,K,61,61,58,64,82,58,82,71,61,68,,,,,,,,,69,,,,,,,,,85,74,73,,,,,,,,,,,,,,,,,,,,,,,,,,,,,,,,,,,,,MODELED
DEN_P_01,P,66,55,61,58,92,50,77,79,66,63,,,,,,,,,,,,,,69,,,93,,,,,,,,,,,,,,,,,,96,73,,,,,,,,,,,,,,,,,,,,,MODELED
DEN_P_02,P,43,44,48,62,69,67,72,70,54,78,,,,,,,,,,,,,,76,,,69,,,,,,,,,,,,,,,,,,81,64,,,,,,,,,,,,,,,,,,,,,MODELED
DEN_LS_01,LS,55,64,61,85,71,45,76,89,71,64,,,,,,,,,,,69,,,,,,,,,,,,,,,,,,,,,,,,,,,,,,,,,,,,,71,72,,,,,,,,MODELED
KC_QB_01,QB,75,80,85,75,81,72,91,88,78,73,,,,,,,,,,,,90,82,,,,,,,,,,,84,,,,74,,81,,,,98,,,,,,,,,,90,,,95,,,,,,97,87,,,MODELED
KC_QB_02,QB,71,68,73,67,69,50,75,84,73,74,,,,,,,,,,,,83,74,,,,,,,,,,,74,,,,73,,85,,,,88,,,,,,,,,,79,,,76,,,,,,75,82,,,MODELED
KC_QB_03,QB,58,67,67,64,78,55,60,63,76,59,,,,,,,,,,,,72,67,,,,,,,,,,,71,,,,68,,53,,,,66,,,,,,,,,,73,,,65,,,,,,66,68,,,MODELED
KC_QB_04,QB,39,44,49,53,72,99,45,39,72,61,,,,,,,,,,,,51,54,,,,,,,,,,,52,,,,49,,51,,,,40,,,,,,,,,,57,,,53,,,,,,60,49,,,MODELED
KC_RB_01,RB,88,85,77,68,85,75,84,70,68,62,,,,,78,76,,,,92,,,,,66,,,,,,,,,,,85,,,,,,,,,,,,90,,,,,,,,,,,,,,,,,70,,MODELED
KC_RB_02,RB,90,76,89,73,79,61,81,78,56,74,,,,,73,87,,,,74,,,,,66,,,,,,,,,,,76,,,,,,,,,,,,68,,,,,,,,,,,,,,,,,73,,MODELED
KC_RB_03,RB,80,97,84,70,78,61,85,75,78,80,,,,,90,80,,,,87,,,,,81,,,,,,,,,,,89,,,,,,,,,,,,80,,,,,,,,,,,,,,,,,79,,MODELED
KC_RB_04,RB,71,83,78,67,94,72,75,68,85,50,,,,,63,67,,,,73,,,,,73,,,,,,,,,,,68,,,,,,,,,,,,65,,,,,,,,,,,,,,,,,71,,MODELED
KC_RB_05,RB,70,66,62,55,76,81,49,54,56,58,,,,,60,66,,,,60,,,,,58,,,,,,,,,,,52,,,,,,,,,,,,55,,,,,,,,,,,,,,,,,63,,MODELED
KC_FB_01,FB,68,72,74,86,92,88,76,75,79,64,,,,,,88,,,,69,,,,,,,,,,,78,,,,,84,,,,,,,,,,,,93,,,70,,,,,,,,,,,,,,,,MODELED
KC_WR_01,WR,89,91,81,80,80,71,96,70,67,73,,,,,,,82,72,,,,,,,,,,,,,,,,,,,,,,,,,,,,,,,70,92,93,,,,,84,,,,71,,,,,,,MODELED
KC_WR_02,WR,78,87,81,71,73,74,70,81,84,73,,,,,,,68,72,,,,,,,,,,,,,,,,,,,,,,,,,,,,,,,87,66,56,,,,,66,,,,72,,,,,,,MODELED
KC_WR_03,WR,97,93,94,93,91,58,99,95,72,68,,,,,,,99,98,,,,,,,,,,,,,,,,,,,,,,,,,,,,,,,99,97,86,,,,,69,,,,92,,,,,,,MODELED
KC_WR_04,WR,71,90,84,52,74,82,67,76,83,63,,,,,,,80,67,,,,,,,,,,,,,,,,,,,,,,,,,,,,,,,66,61,68,,,,,66,,,,77,,,,,,,MODELED
KC_WR_05,WR,84,85,81,68,75,81,83,79,78,77,,,,,,,75,71,,,,,,,,,,,,,,,,,,,,,,,,,,,,,,,76,76,73,,,,,80,,,,74,,,,,,,MODELED
KC_WR_06,WR,91,77,84,69,75,97,72,73,84,66,,,,,,,85,73,,,,,,,,,,,,,,,,,,,,,,,,,,,,,,,59,60,75,,,,,68,,,,54,,,,,,,MODELED
KC_WR_07,WR,66,78,85,67,71,56,67,72,66,64,,,,,,,71,71,,,,,,,,,,,,,,,,,,,,,,,,,,,,,,,67,70,69,,,,,70,,,,60,,,,,,,MODELED
KC_WR_08,WR,86,83,79,66,83,64,56,61,73,47,,,,,,,69,70,,,,,,,,,,,,,,,,,,,,,,,,,,,,,,,73,60,69,,,,,66,,,,57,,,,,,,MODELED
KC_WR_09,WR,67,72,76,60,68,63,75,64,97,65,,,,,,,77,60,,,,,,,,,,,,,,,,,,,,,,,,,,,,,,,58,71,59,,,,,60,,,,56,,,,,,,MODELED
KC_WR_10,WR,60,67,76,48,81,73,60,54,56,59,,,,,,,62,56,,,,,,,,,,,,,,,,,,,,,,,,,,,,,,,44,63,62,,,,,57,,,,67,,,,,,,MODELED
KC_WR_11,WR,61,71,71,49,76,79,56,54,84,52,,,,,,,59,52,,,,,,,,,,,,,,,,,,,,,,,,,,,,,,,56,68,51,,,,,62,,,,44,,,,,,,MODELED
KC_TE_01,TE,75,91,87,95,90,74,73,94,66,84,,,,,,,83,80,,,,,,,,,,,,,,,,,82,,,,,,,,,,,,,,94,79,93,,,,,96,,,,86,,,,,,,MODELED
KC_TE_02,TE,79,82,72,83,79,89,75,67,85,56,,,,,,,82,63,,,,,,,,,,,,,,,,,74,,,,,,,,,,,,,,88,83,85,,,,,82,,,,63,,,,,,,MODELED
KC_TE_03,TE,68,70,53,69,85,51,65,68,65,70,,,,,,,78,65,,,,,,,,,,,,,,,,,49,,,,,,,,,,,,,,70,61,59,,,,,67,,,,65,,,,,,,MODELED
KC_TE_04,TE,75,75,68,74,88,80,73,63,87,70,,,,,,,73,66,,,,,,,,,,,,,,,,,62,,,,,,,,,,,,,,75,62,80,,,,,70,,,,77,,,,,,,MODELED
KC_TE_05,TE,56,49,46,60,81,80,54,52,76,46,,,,,,,59,46,,,,,,,,,,,,,,,,,58,,,,,,,,,,,,,,45,51,50,,,,,45,,,,68,,,,,,,MODELED
KC_TE_06,TE,44,44,42,68,63,76,48,43,66,65,,,,,,,55,42,,,,,,,,,,,,,,,,,49,,,,,,,,,,,,,,58,48,58,,,,,49,,,,51,,,,,,,MODELED
KC_OT_01,OT,60,74,61,92,78,72,78,85,76,82,80,,,,,,,,,,,,,,,,,,,,,,,,77,,,,,,79,,,,,,,,,,93,,,,73,,,,,,,96,,,,,MODELED
KC_OT_02,OT,69,69,67,86,73,35,78,88,96,71,76,,,,,,,,,,,,,,,,,,,,,,,,62,,,,,,80,,,,,,,,,,83,,,,83,,,,,,,72,,,,,MODELED
KC_OT_03,OT,37,49,66,75,78,83,67,66,82,70,58,,,,,,,,,,,,,,,,,,,,,,,,62,,,,,,71,,,,,,,,,,59,,,,58,,,,,,,69,,,,,MODELED
KC_OT_04,OT,46,52,59,89,84,55,64,74,66,57,63,,,,,,,,,,,,,,,,,,,,,,,,79,,,,,,66,,,,,,,,,,71,,,,68,,,,,,,65,,,,,MODELED
KC_OT_05,OT,48,55,57,76,73,70,67,72,74,62,90,,,,,,,,,,,,,,,,,,,,,,,,85,,,,,,72,,,,,,,,,,78,,,,79,,,,,,,77,,,,,MODELED
KC_OT_06,OT,45,37,45,59,78,85,52,50,76,58,47,,,,,,,,,,,,,,,,,,,,,,,,38,,,,,,46,,,,,,,,,,34,,,,47,,,,,,,58,,,,,MODELED
KC_OG_01,OG,56,68,76,94,75,65,88,83,70,75,80,,,,,,,,,,,,,,,,,,,,,,,,77,,,,,,78,,,,,,,,,,90,,,,81,,,,,,,72,,,,,MODELED
KC_OG_02,OG,59,65,70,99,87,90,78,74,74,64,70,,,,,,,,,,,,,,,,,,,,,,,,83,,,,,,80,,,,,,,,,,86,,,,75,,,,,,,81,,,,,MODELED
KC_OG_03,OG,51,53,61,84,70,82,69,73,56,55,69,,,,,,,,,,,,,,,,,,,,,,,,65,,,,,,73,,,,,,,,,,83,,,,74,,,,,,,63,,,,,MODELED
KC_OG_04,OG,55,54,47,89,67,91,58,69,70,48,64,,,,,,,,,,,,,,,,,,,,,,,,59,,,,,,67,,,,,,,,,,59,,,,69,,,,,,,63,,,,,MODELED
KC_OG_05,OG,37,45,34,70,76,75,56,56,70,65,64,,,,,,,,,,,,,,,,,,,,,,,,52,,,,,,53,,,,,,,,,,64,,,,72,,,,,,,67,,,,,MODELED
KC_OG_06,OG,50,46,65,86,89,57,73,57,76,69,73,,,,,,,,,,,,,,,,,,,,,,,,56,,,,,,66,,,,,,,,,,63,,,,57,,,,,,,60,,,,,MODELED
KC_C_01,C,61,53,65,88,74,88,77,68,77,63,75,,,,,,,,,,,,,,,,,,,,,63,,,72,,,,,,66,,,,,,,,,,81,,,,,,,74,,,,76,,,,,MODELED
KC_C_02,C,46,43,64,71,95,68,61,64,77,72,72,,,,,,,,,,,,,,,,,,,,,74,,,71,,,,,,75,,,,,,,,,,55,,,,,,,61,,,,65,,,,,MODELED
KC_C_03,C,55,62,64,92,95,33,74,58,81,67,66,,,,,,,,,,,,,,,,,,,,,79,,,72,,,,,,65,,,,,,,,,,73,,,,,,,60,,,,72,,,,,MODELED
KC_EDGE_01,EDGE,89,95,99,87,93,64,90,84,77,83,,,,80,,,,,,,96,,,,,89,,,,,,,,,,,90,,,,,75,,,,,93,,,,,85,,,,,,,,,,,,,,,MODELED
KC_EDGE_02,EDGE,89,83,74,81,98,79,87,82,51,82,,,,86,,,,,,,99,,,,,82,,,,,,,,,,,77,,,,,86,,,,,82,,,,,88,,,,,,,,,,,,,,,MODELED
KC_EDGE_03,EDGE,67,71,84,79,84,74,68,68,79,77,,,,75,,,,,,,77,,,,,64,,,,,,,,,,,66,,,,,74,,,,,74,,,,,62,,,,,,,,,,,,,,,MODELED
KC_EDGE_04,EDGE,82,78,82,79,86,51,70,71,83,65,,,,64,,,,,,,77,,,,,74,,,,,,,,,,,66,,,,,81,,,,,82,,,,,69,,,,,,,,,,,,,,,MODELED
KC_EDGE_05,EDGE,69,75,69,79,78,71,54,67,75,71,,,,73,,,,,,,64,,,,,69,,,,,,,,,,,74,,,,,64,,,,,85,,,,,80,,,,,,,,,,,,,,,MODELED
KC_EDGE_06,EDGE,72,64,62,81,72,71,73,61,76,37,,,,72,,,,,,,56,,,,,55,,,,,,,,,,,58,,,,,57,,,,,67,,,,,55,,,,,,,,,,,,,,,MODELED
KC_EDGE_07,EDGE,79,60,67,70,77,71,65,69,72,72,,,,55,,,,,,,70,,,,,64,,,,,,,,,,,69,,,,,65,,,,,62,,,,,59,,,,,,,,,,,,,,,MODELED
KC_EDGE_08,EDGE,55,69,69,67,73,70,67,60,58,54,,,,66,,,,,,,57,,,,,45,,,,,,,,,,,66,,,,,77,,,,,57,,,,,62,,,,,,,,,,,,,,,MODELED
KC_EDGE_09,EDGE,58,61,55,71,79,88,58,35,74,68,,,,47,,,,,,,56,,,,,44,,,,,,,,,,,60,,,,,57,,,,,62,,,,,60,,,,,,,,,,,,,,,MODELED
KC_DT_01,DT,76,80,77,99,84,73,88,91,68,69,,,,74,,,,,,,,,,,,86,,,,,,,,,,,87,,,,,96,,,,,75,,,,,91,,,,,,,,,,,,,,,MODELED
KC_DT_02,DT,68,76,99,99,78,71,83,95,48,84,,,,86,,,,,,,,,,,,88,,,,,,,,,,,83,,,,,91,,,,,92,,,,,85,,,,,,,,,,,,,,,MODELED
KC_DT_03,DT,71,72,70,99,80,94,85,84,57,72,,,,95,,,,,,,,,,,,75,,,,,,,,,,,80,,,,,85,,,,,73,,,,,83,,,,,,,,,,,,,,,MODELED
KC_DT_04,DT,53,63,56,86,81,93,59,75,56,59,,,,78,,,,,,,,,,,,74,,,,,,,,,,,71,,,,,66,,,,,77,,,,,82,,,,,,,,,,,,,,,MODELED
KC_DT_05,DT,57,70,53,95,88,64,65,59,68,63,,,,64,,,,,,,,,,,,56,,,,,,,,,,,58,,,,,69,,,,,66,,,,,77,,,,,,,,,,,,,,,MODELED
KC_DT_06,DT,53,60,55,90,69,59,62,68,64,64,,,,63,,,,,,,,,,,,59,,,,,,,,,,,69,,,,,58,,,,,54,,,,,61,,,,,,,,,,,,,,,MODELED
KC_DT_07,DT,39,60,45,71,74,83,47,53,88,50,,,,50,,,,,,,,,,,,49,,,,,,,,,,,54,,,,,55,,,,,65,,,,,43,,,,,,,,,,,,,,,MODELED
KC_DT_08,DT,34,47,46,66,73,53,45,48,63,69,,,,56,,,,,,,,,,,,67,,,,,,,,,,,63,,,,,59,,,,,52,,,,,55,,,,,,,,,,,,,,,MODELED
KC_LB_01,LB,91,71,67,77,95,78,77,80,70,72,,,88,78,,,,,,,,,,,,,,,,,,,77,,,,,,69,,,,,,,,78,,,,,,,,,,,,,,80,,,,,67,MODELED
KC_LB_02,LB,82,90,88,86,82,71,79,87,75,71,,,85,82,,,,,,,,,,,,,,,,,,,75,,,,,,78,,,,,,,,79,,,,,,,,,,,,,,90,,,,,72,MODELED
KC_LB_03,LB,67,72,71,73,82,71,79,62,78,65,,,76,63,,,,,,,,,,,,,,,,,,,72,,,,,,78,,,,,,,,70,,,,,,,,,,,,,,72,,,,,79,MODELED
KC_LB_04,LB,75,63,80,68,71,72,73,65,75,62,,,52,64,,,,,,,,,,,,,,,,,,,59,,,,,,76,,,,,,,,61,,,,,,,,,,,,,,64,,,,,66,MODELED
KC_LB_05,LB,81,64,78,75,79,83,76,78,82,64,,,71,80,,,,,,,,,,,,,,,,,,,74,,,,,,62,,,,,,,,70,,,,,,,,,,,,,,78,,,,,82,MODELED
KC_LB_06,LB,61,54,60,69,61,99,56,52,74,66,,,63,61,,,,,,,,,,,,,,,,,,,52,,,,,,59,,,,,,,,67,,,,,,,,,,,,,,55,,,,,64,MODELED
KC_LB_07,LB,68,64,66,72,75,64,68,54,70,56,,,70,65,,,,,,,,,,,,,,,,,,,60,,,,,,69,,,,,,,,57,,,,,,,,,,,,,,69,,,,,67,MODELED
KC_LB_08,LB,50,61,55,60,80,80,57,51,71,53,,,51,58,,,,,,,,,,,,,,,,,,,55,,,,,,62,,,,,,,,66,,,,,,,,,,,,,,52,,,,,58,MODELED
KC_CB_01,CB,99,79,74,76,88,83,78,98,77,65,,88,,,,,,,,,,,,,,,,,,,,,75,,,,,,76,,,,80,,,,,,,,,,,,,,,,,,82,,,,,82,MODELED
KC_CB_02,CB,99,99,99,82,87,60,88,99,91,71,,99,,,,,,,,,,,,,,,,,,,,,94,,,,,,98,,,,94,,,,,,,,,,,,,,,,,,92,,,,,99,MODELED
KC_CB_03,CB,99,99,99,77,93,60,98,94,60,85,,99,,,,,,,,,,,,,,,,,,,,,93,,,,,,89,,,,90,,,,,,,,,,,,,,,,,,96,,,,,93,MODELED
KC_CB_04,CB,85,87,90,70,76,66,81,77,65,65,,68,,,,,,,,,,,,,,,,,,,,,86,,,,,,81,,,,78,,,,,,,,,,,,,,,,,,78,,,,,75,MODELED
KC_CB_05,CB,93,93,89,71,83,85,86,76,56,73,,79,,,,,,,,,,,,,,,,,,,,,81,,,,,,81,,,,65,,,,,,,,,,,,,,,,,,79,,,,,74,MODELED
KC_CB_06,CB,83,76,80,72,76,86,76,77,65,65,,73,,,,,,,,,,,,,,,,,,,,,75,,,,,,78,,,,72,,,,,,,,,,,,,,,,,,68,,,,,80,MODELED
KC_CB_07,CB,62,65,68,44,72,62,65,51,65,59,,71,,,,,,,,,,,,,,,,,,,,,61,,,,,,64,,,,56,,,,,,,,,,,,,,,,,,66,,,,,66,MODELED
KC_CB_08,CB,74,72,78,58,83,79,44,64,56,62,,71,,,,,,,,,,,,,,,,,,,,,73,,,,,,61,,,,66,,,,,,,,,,,,,,,,,,80,,,,,76,MODELED
KC_CB_09,CB,68,57,58,54,67,75,42,60,60,67,,60,,,,,,,,,,,,,,,,,,,,,47,,,,,,61,,,,56,,,,,,,,,,,,,,,,,,57,,,,,62,MODELED
KC_CB_10,CB,64,64,63,44,75,63,52,56,61,72,,66,,,,,,,,,,,,,,,,,,,,,59,,,,,,57,,,,59,,,,,,,,,,,,,,,,,,66,,,,,51,MODELED
KC_CB_11,CB,69,57,61,39,73,64,60,59,41,55,,48,,,,,,,,,,,,,,,,,,,,,59,,,,,,54,,,,61,,,,,,,,,,,,,,,,,,55,,,,,43,MODELED
KC_S_01,S,90,98,97,83,92,93,76,75,59,81,,98,,,,,,,,,,,,,,,,,,,,,80,,,,,,73,,,,82,,,,,,,,,,99,,,,,,,,78,,,,,94,MODELED
KC_S_02,S,78,77,92,75,81,56,84,68,88,69,,74,,,,,,,,,,,,,,,,,,,,,73,,,,,,81,,,,72,,,,,,,,,,95,,,,,,,,87,,,,,74,MODELED
KC_S_03,S,74,66,76,58,76,77,70,69,62,70,,61,,,,,,,,,,,,,,,,,,,,,70,,,,,,65,,,,71,,,,,,,,,,74,,,,,,,,74,,,,,61,MODELED
KC_S_04,S,77,89,75,62,74,67,57,60,82,68,,71,,,,,,,,,,,,,,,,,,,,,64,,,,,,76,,,,62,,,,,,,,,,74,,,,,,,,70,,,,,73,MODELED
KC_S_05,S,80,65,76,68,87,75,70,78,72,66,,69,,,,,,,,,,,,,,,,,,,,,81,,,,,,83,,,,65,,,,,,,,,,75,,,,,,,,75,,,,,63,MODELED
KC_S_06,S,64,70,61,61,78,67,72,55,66,70,,54,,,,,,,,,,,,,,,,,,,,,59,,,,,,59,,,,48,,,,,,,,,,62,,,,,,,,59,,,,,63,MODELED
KC_S_07,S,51,64,61,49,72,70,55,56,69,52,,74,,,,,,,,,,,,,,,,,,,,,46,,,,,,52,,,,50,,,,,,,,,,49,,,,,,,,52,,,,,54,MODELED
KC_K_01,K,48,59,69,78,95,58,85,84,71,75,,,,,,,,,88,,,,,,,,,85,86,77,,,,,,,,,,,,,,,,,,,,,,,,,,,,,,,,,,,,,MODELED
KC_K_02,K,37,55,47,51,72,80,72,79,87,65,,,,,,,,,64,,,,,,,,,70,75,76,,,,,,,,,,,,,,,,,,,,,,,,,,,,,,,,,,,,,MODELED
KC_P_01,P,62,56,46,67,81,62,67,75,47,60,,,,,,,,,,,,,,88,,,58,,,,,,,,,,,,,,,,,,77,69,,,,,,,,,,,,,,,,,,,,,MODELED
KC_P_02,P,45,49,40,57,77,57,63,63,73,72,,,,,,,,,,,,,,78,,,62,,,,,,,,,,,,,,,,,,72,61,,,,,,,,,,,,,,,,,,,,,MODELED
KC_LS_01,LS,61,68,53,81,78,84,58,72,62,69,,,,,,,,,,,78,,,,,,,,,,,,,,,,,,,,,,,,,,,,,,,,,,,,,86,70,,,,,,,,MODELED
LV_QB_01,QB,86,84,75,85,88,73,77,80,83,71,,,,,,,,,,,,86,72,,,,,,,,,,,83,,,,86,,89,,,,98,,,,,,,,,,87,,,76,,,,,,91,80,,,MODELED
LV_QB_02,QB,58,60,67,61,81,60,68,69,97,61,,,,,,,,,,,,73,60,,,,,,,,,,,70,,,,65,,67,,,,62,,,,,,,,,,63,,,59,,,,,,71,66,,,MODELED
LV_QB_03,QB,55,54,69,62,69,66,65,71,79,71,,,,,,,,,,,,74,74,,,,,,,,,,,60,,,,50,,70,,,,69,,,,,,,,,,64,,,70,,,,,,56,70,,,MODELED
LV_QB_04,QB,46,40,54,49,68,68,56,45,65,61,,,,,,,,,,,,49,45,,,,,,,,,,,47,,,,61,,47,,,,67,,,,,,,,,,45,,,50,,,,,,52,43,,,MODELED
LV_RB_01,RB,83,91,84,79,84,68,82,68,72,65,,,,,76,74,,,,75,,,,,74,,,,,,,,,,,75,,,,,,,,,,,,74,,,,,,,,,,,,,,,,,85,,MODELED
LV_RB_02,RB,79,84,87,77,92,68,56,75,83,61,,,,,69,61,,,,74,,,,,65,,,,,,,,,,,57,,,,,,,,,,,,64,,,,,,,,,,,,,,,,,61,,MODELED
LV_RB_03,RB,76,77,76,64,80,55,66,78,67,57,,,,,70,67,,,,73,,,,,51,,,,,,,,,,,79,,,,,,,,,,,,60,,,,,,,,,,,,,,,,,68,,MODELED
LV_RB_04,RB,62,73,74,71,71,78,69,74,66,78,,,,,58,61,,,,67,,,,,60,,,,,,,,,,,67,,,,,,,,,,,,70,,,,,,,,,,,,,,,,,68,,MODELED
LV_RB_05,RB,72,72,75,64,79,50,54,61,48,63,,,,,60,79,,,,66,,,,,62,,,,,,,,,,,66,,,,,,,,,,,,64,,,,,,,,,,,,,,,,,62,,MODELED
LV_FB_01,FB,69,68,73,84,77,73,80,75,86,72,,,,,,80,,,,85,,,,,,,,,,,78,,,,,66,,,,,,,,,,,,74,,,85,,,,,,,,,,,,,,,,MODELED
LV_WR_01,WR,92,91,96,79,91,58,93,99,71,89,,,,,,,90,97,,,,,,,,,,,,,,,,,,,,,,,,,,,,,,,92,99,99,,,,,99,,,,92,,,,,,,MODELED
LV_WR_02,WR,91,83,86,68,90,64,76,75,66,78,,,,,,,78,80,,,,,,,,,,,,,,,,,,,,,,,,,,,,,,,77,79,72,,,,,75,,,,84,,,,,,,MODELED
LV_WR_03,WR,86,83,85,75,82,59,76,79,66,80,,,,,,,94,86,,,,,,,,,,,,,,,,,,,,,,,,,,,,,,,80,83,80,,,,,83,,,,83,,,,,,,MODELED
LV_WR_04,WR,67,74,73,50,86,56,69,59,65,79,,,,,,,69,76,,,,,,,,,,,,,,,,,,,,,,,,,,,,,,,75,70,68,,,,,70,,,,57,,,,,,,MODELED
LV_WR_05,WR,79,77,68,67,78,72,81,82,90,66,,,,,,,69,77,,,,,,,,,,,,,,,,,,,,,,,,,,,,,,,89,75,79,,,,,78,,,,67,,,,,,,MODELED
LV_WR_06,WR,66,60,57,54,79,64,72,73,77,62,,,,,,,52,62,,,,,,,,,,,,,,,,,,,,,,,,,,,,,,,72,62,69,,,,,58,,,,51,,,,,,,MODELED
LV_WR_07,WR,88,73,71,53,81,40,75,61,76,63,,,,,,,70,61,,,,,,,,,,,,,,,,,,,,,,,,,,,,,,,72,81,69,,,,,67,,,,56,,,,,,,MODELED
LV_WR_08,WR,82,78,72,58,72,46,63,64,69,57,,,,,,,67,73,,,,,,,,,,,,,,,,,,,,,,,,,,,,,,,81,59,70,,,,,71,,,,71,,,,,,,MODELED
LV_WR_09,WR,63,67,65,51,83,89,57,56,55,53,,,,,,,54,61,,,,,,,,,,,,,,,,,,,,,,,,,,,,,,,38,58,61,,,,,70,,,,71,,,,,,,MODELED
LV_WR_10,WR,61,67,58,50,76,52,55,52,73,51,,,,,,,54,64,,,,,,,,,,,,,,,,,,,,,,,,,,,,,,,49,67,61,,,,,57,,,,61,,,,,,,MODELED
LV_WR_11,WR,66,68,59,50,65,44,54,48,78,54,,,,,,,53,59,,,,,,,,,,,,,,,,,,,,,,,,,,,,,,,45,58,48,,,,,58,,,,63,,,,,,,MODELED
LV_TE_01,TE,88,87,82,85,80,85,78,81,60,75,,,,,,,91,91,,,,,,,,,,,,,,,,,70,,,,,,,,,,,,,,87,85,82,,,,,86,,,,84,,,,,,,MODELED
LV_TE_02,TE,70,78,73,66,81,52,70,68,81,72,,,,,,,68,80,,,,,,,,,,,,,,,,,78,,,,,,,,,,,,,,85,75,75,,,,,76,,,,58,,,,,,,MODELED
LV_TE_03,TE,78,84,75,86,73,89,82,81,90,69,,,,,,,75,67,,,,,,,,,,,,,,,,,81,,,,,,,,,,,,,,76,77,85,,,,,77,,,,78,,,,,,,MODELED
LV_TE_04,TE,65,61,64,70,86,82,62,58,60,55,,,,,,,61,63,,,,,,,,,,,,,,,,,64,,,,,,,,,,,,,,52,64,59,,,,,67,,,,63,,,,,,,MODELED
LV_TE_05,TE,51,53,60,53,50,59,56,58,78,41,,,,,,,46,53,,,,,,,,,,,,,,,,,66,,,,,,,,,,,,,,54,36,59,,,,,59,,,,46,,,,,,,MODELED
LV_TE_06,TE,49,52,44,55,58,68,49,40,79,53,,,,,,,54,58,,,,,,,,,,,,,,,,,58,,,,,,,,,,,,,,48,46,59,,,,,46,,,,41,,,,,,,MODELED
LV_OT_01,OT,54,68,69,94,85,86,87,75,65,63,77,,,,,,,,,,,,,,,,,,,,,,,,70,,,,,,87,,,,,,,,,,73,,,,75,,,,,,,76,,,,,MODELED
LV_OT_02,OT,76,68,86,99,95,80,85,89,73,60,86,,,,,,,,,,,,,,,,,,,,,,,,99,,,,,,97,,,,,,,,,,98,,,,88,,,,,,,94,,,,,MODELED
LV_OT_03,OT,48,57,65,92,90,98,68,65,60,58,56,,,,,,,,,,,,,,,,,,,,,,,,62,,,,,,73,,,,,,,,,,66,,,,70,,,,,,,70,,,,,MODELED
LV_OT_04,OT,51,61,68,78,87,48,78,72,60,81,79,,,,,,,,,,,,,,,,,,,,,,,,70,,,,,,74,,,,,,,,,,77,,,,76,,,,,,,85,,,,,MODELED
LV_OT_05,OT,54,46,55,80,78,88,60,57,70,62,77,,,,,,,,,,,,,,,,,,,,,,,,52,,,,,,74,,,,,,,,,,73,,,,67,,,,,,,47,,,,,MODELED
LV_OT_06,OT,45,38,39,53,66,56,56,57,72,58,46,,,,,,,,,,,,,,,,,,,,,,,,50,,,,,,48,,,,,,,,,,56,,,,41,,,,,,,48,,,,,MODELED
LV_OG_01,OG,56,70,70,97,77,88,82,75,79,81,91,,,,,,,,,,,,,,,,,,,,,,,,86,,,,,,71,,,,,,,,,,85,,,,75,,,,,,,83,,,,,MODELED
LV_OG_02,OG,56,54,52,96,83,59,78,85,58,70,86,,,,,,,,,,,,,,,,,,,,,,,,75,,,,,,78,,,,,,,,,,77,,,,78,,,,,,,85,,,,,MODELED
LV_OG_03,OG,39,58,48,90,84,55,70,67,55,78,66,,,,,,,,,,,,,,,,,,,,,,,,57,,,,,,71,,,,,,,,,,68,,,,81,,,,,,,72,,,,,MODELED
LV_OG_04,OG,50,62,67,93,65,87,64,62,73,75,67,,,,,,,,,,,,,,,,,,,,,,,,65,,,,,,73,,,,,,,,,,70,,,,67,,,,,,,67,,,,,MODELED
LV_OG_05,OG,43,46,51,77,76,51,68,52,78,64,56,,,,,,,,,,,,,,,,,,,,,,,,57,,,,,,66,,,,,,,,,,53,,,,68,,,,,,,65,,,,,MODELED
LV_OG_06,OG,37,41,43,67,78,38,49,50,60,59,54,,,,,,,,,,,,,,,,,,,,,,,,60,,,,,,45,,,,,,,,,,50,,,,48,,,,,,,43,,,,,MODELED
LV_C_01,C,61,71,75,94,70,80,78,88,51,71,79,,,,,,,,,,,,,,,,,,,,,86,,,86,,,,,,84,,,,,,,,,,79,,,,,,,78,,,,74,,,,,MODELED
LV_C_02,C,54,56,68,94,69,72,80,76,83,75,67,,,,,,,,,,,,,,,,,,,,,71,,,78,,,,,,81,,,,,,,,,,80,,,,,,,80,,,,72,,,,,MODELED
LV_C_03,C,50,43,62,69,81,74,59,61,61,64,52,,,,,,,,,,,,,,,,,,,,,66,,,61,,,,,,62,,,,,,,,,,70,,,,,,,68,,,,59,,,,,MODELED
LV_EDGE_01,EDGE,74,87,86,98,83,65,77,79,68,80,,,,73,,,,,,,86,,,,,72,,,,,,,,,,,77,,,,,85,,,,,61,,,,,71,,,,,,,,,,,,,,,MODELED
LV_EDGE_02,EDGE,79,88,84,91,84,57,93,87,90,76,,,,91,,,,,,,91,,,,,93,,,,,,,,,,,72,,,,,86,,,,,87,,,,,84,,,,,,,,,,,,,,,MODELED
LV_EDGE_03,EDGE,75,83,67,75,76,62,70,75,76,78,,,,64,,,,,,,80,,,,,72,,,,,,,,,,,85,,,,,78,,,,,80,,,,,84,,,,,,,,,,,,,,,MODELED
LV_EDGE_04,EDGE,87,92,91,95,84,78,85,85,66,74,,,,86,,,,,,,80,,,,,83,,,,,,,,,,,78,,,,,82,,,,,80,,,,,83,,,,,,,,,,,,,,,MODELED
LV_EDGE_05,EDGE,85,78,78,78,77,54,62,72,87,68,,,,78,,,,,,,64,,,,,82,,,,,,,,,,,77,,,,,69,,,,,66,,,,,72,,,,,,,,,,,,,,,MODELED
LV_EDGE_06,EDGE,58,69,56,66,70,68,53,60,83,66,,,,53,,,,,,,61,,,,,48,,,,,,,,,,,55,,,,,57,,,,,56,,,,,61,,,,,,,,,,,,,,,MODELED
LV_EDGE_07,EDGE,78,77,82,82,85,51,67,72,71,53,,,,74,,,,,,,77,,,,,80,,,,,,,,,,,77,,,,,74,,,,,65,,,,,63,,,,,,,,,,,,,,,MODELED
LV_EDGE_08,EDGE,57,61,57,68,75,93,64,54,79,71,,,,57,,,,,,,70,,,,,54,,,,,,,,,,,68,,,,,59,,,,,59,,,,,41,,,,,,,,,,,,,,,MODELED
LV_EDGE_09,EDGE,60,57,49,55,61,77,51,47,61,56,,,,64,,,,,,,57,,,,,49,,,,,,,,,,,52,,,,,38,,,,,47,,,,,56,,,,,,,,,,,,,,,MODELED
LV_DT_01,DT,77,71,73,98,82,52,87,70,57,78,,,,74,,,,,,,,,,,,82,,,,,,,,,,,83,,,,,75,,,,,72,,,,,78,,,,,,,,,,,,,,,MODELED
LV_DT_02,DT,49,78,62,88,69,51,78,84,80,81,,,,71,,,,,,,,,,,,68,,,,,,,,,,,77,,,,,78,,,,,80,,,,,80,,,,,,,,,,,,,,,MODELED
LV_DT_03,DT,61,58,67,85,85,66,82,80,56,76,,,,67,,,,,,,,,,,,72,,,,,,,,,,,70,,,,,84,,,,,80,,,,,70,,,,,,,,,,,,,,,MODELED
LV_DT_04,DT,42,53,62,89,90,52,79,67,88,56,,,,74,,,,,,,,,,,,72,,,,,,,,,,,66,,,,,46,,,,,84,,,,,61,,,,,,,,,,,,,,,MODELED
LV_DT_05,DT,63,62,70,94,79,63,72,70,60,77,,,,85,,,,,,,,,,,,81,,,,,,,,,,,65,,,,,76,,,,,76,,,,,65,,,,,,,,,,,,,,,MODELED
LV_DT_06,DT,48,41,57,77,72,81,59,59,60,70,,,,56,,,,,,,,,,,,64,,,,,,,,,,,55,,,,,72,,,,,63,,,,,61,,,,,,,,,,,,,,,MODELED
LV_DT_07,DT,38,37,37,59,54,62,50,42,74,54,,,,56,,,,,,,,,,,,49,,,,,,,,,,,50,,,,,52,,,,,43,,,,,54,,,,,,,,,,,,,,,MODELED
LV_DT_08,DT,42,44,54,73,83,63,52,38,62,47,,,,54,,,,,,,,,,,,47,,,,,,,,,,,70,,,,,72,,,,,61,,,,,50,,,,,,,,,,,,,,,MODELED
LV_LB_01,LB,99,90,79,96,78,96,90,89,56,83,,,86,91,,,,,,,,,,,,,,,,,,,92,,,,,,99,,,,,,,,90,,,,,,,,,,,,,,91,,,,,96,MODELED
LV_LB_02,LB,82,78,85,87,82,90,93,78,81,75,,,95,82,,,,,,,,,,,,,,,,,,,83,,,,,,78,,,,,,,,92,,,,,,,,,,,,,,79,,,,,84,MODELED
LV_LB_03,LB,81,72,75,75,83,66,83,82,79,62,,,68,87,,,,,,,,,,,,,,,,,,,73,,,,,,80,,,,,,,,79,,,,,,,,,,,,,,67,,,,,78,MODELED
LV_LB_04,LB,63,79,75,76,95,65,80,77,70,69,,,75,60,,,,,,,,,,,,,,,,,,,79,,,,,,71,,,,,,,,63,,,,,,,,,,,,,,71,,,,,76,MODELED
LV_LB_05,LB,73,72,63,61,73,69,61,65,52,60,,,56,73,,,,,,,,,,,,,,,,,,,65,,,,,,76,,,,,,,,63,,,,,,,,,,,,,,68,,,,,55,MODELED
LV_LB_06,LB,70,67,69,69,71,66,72,65,61,66,,,74,63,,,,,,,,,,,,,,,,,,,73,,,,,,55,,,,,,,,59,,,,,,,,,,,,,,65,,,,,61,MODELED
LV_LB_07,LB,50,56,72,60,74,57,57,57,82,70,,,49,61,,,,,,,,,,,,,,,,,,,59,,,,,,57,,,,,,,,69,,,,,,,,,,,,,,80,,,,,55,MODELED
LV_LB_08,LB,70,59,73,63,76,81,61,58,51,55,,,60,67,,,,,,,,,,,,,,,,,,,58,,,,,,51,,,,,,,,62,,,,,,,,,,,,,,72,,,,,48,MODELED
LV_CB_01,CB,92,88,97,69,71,77,78,76,63,85,,84,,,,,,,,,,,,,,,,,,,,,84,,,,,,74,,,,76,,,,,,,,,,,,,,,,,,84,,,,,80,MODELED
LV_CB_02,CB,99,80,86,61,85,46,75,78,63,79,,70,,,,,,,,,,,,,,,,,,,,,78,,,,,,80,,,,87,,,,,,,,,,,,,,,,,,88,,,,,80,MODELED
LV_CB_03,CB,99,96,99,68,83,45,82,86,55,79,,84,,,,,,,,,,,,,,,,,,,,,87,,,,,,87,,,,79,,,,,,,,,,,,,,,,,,85,,,,,83,MODELED
LV_CB_04,CB,88,78,82,53,79,68,70,65,76,57,,64,,,,,,,,,,,,,,,,,,,,,68,,,,,,75,,,,77,,,,,,,,,,,,,,,,,,79,,,,,62,MODELED
LV_CB_05,CB,75,80,77,61,77,60,60,64,59,66,,73,,,,,,,,,,,,,,,,,,,,,62,,,,,,71,,,,71,,,,,,,,,,,,,,,,,,77,,,,,70,MODELED
LV_CB_06,CB,92,82,77,67,75,85,87,81,51,72,,84,,,,,,,,,,,,,,,,,,,,,97,,,,,,76,,,,85,,,,,,,,,,,,,,,,,,84,,,,,71,MODELED
LV_CB_07,CB,71,83,64,67,73,88,69,69,52,67,,61,,,,,,,,,,,,,,,,,,,,,69,,,,,,67,,,,93,,,,,,,,,,,,,,,,,,73,,,,,73,MODELED
LV_CB_08,CB,70,65,77,51,76,56,65,67,76,61,,63,,,,,,,,,,,,,,,,,,,,,58,,,,,,54,,,,55,,,,,,,,,,,,,,,,,,65,,,,,66,MODELED
LV_CB_09,CB,67,75,76,47,73,60,70,63,61,62,,55,,,,,,,,,,,,,,,,,,,,,61,,,,,,68,,,,58,,,,,,,,,,,,,,,,,,61,,,,,68,MODELED
LV_CB_10,CB,54,56,66,50,68,66,56,52,87,54,,49,,,,,,,,,,,,,,,,,,,,,43,,,,,,41,,,,43,,,,,,,,,,,,,,,,,,59,,,,,52,MODELED
LV_CB_11,CB,77,59,88,60,75,61,52,59,67,65,,63,,,,,,,,,,,,,,,,,,,,,67,,,,,,60,,,,56,,,,,,,,,,,,,,,,,,65,,,,,57,MODELED
LV_S_01,S,85,88,93,83,87,88,83,81,84,78,,94,,,,,,,,,,,,,,,,,,,,,82,,,,,,93,,,,77,,,,,,,,,,85,,,,,,,,91,,,,,77,MODELED
LV_S_02,S,94,99,93,89,90,66,86,81,99,72,,80,,,,,,,,,,,,,,,,,,,,,89,,,,,,83,,,,94,,,,,,,,,,90,,,,,,,,84,,,,,86,MODELED
LV_S_03,S,68,74,71,70,85,70,62,67,75,66,,67,,,,,,,,,,,,,,,,,,,,,70,,,,,,72,,,,73,,,,,,,,,,66,,,,,,,,72,,,,,73,MODELED
LV_S_04,S,84,84,74,61,90,80,80,65,66,78,,64,,,,,,,,,,,,,,,,,,,,,77,,,,,,81,,,,78,,,,,,,,,,66,,,,,,,,83,,,,,73,MODELED
LV_S_05,S,83,69,76,61,84,85,69,63,51,57,,63,,,,,,,,,,,,,,,,,,,,,68,,,,,,62,,,,78,,,,,,,,,,72,,,,,,,,65,,,,,73,MODELED
LV_S_06,S,67,73,64,58,74,35,47,70,44,57,,62,,,,,,,,,,,,,,,,,,,,,63,,,,,,65,,,,52,,,,,,,,,,60,,,,,,,,60,,,,,64,MODELED
LV_S_07,S,66,69,64,60,72,67,52,49,72,61,,60,,,,,,,,,,,,,,,,,,,,,66,,,,,,57,,,,53,,,,,,,,,,62,,,,,,,,55,,,,,66,MODELED
LV_K_01,K,58,49,55,53,76,90,86,78,78,80,,,,,,,,,61,,,,,,,,,81,71,88,,,,,,,,,,,,,,,,,,,,,,,,,,,,,,,,,,,,,MODELED
LV_K_02,K,45,50,43,54,82,63,49,63,68,43,,,,,,,,,61,,,,,,,,,79,64,64,,,,,,,,,,,,,,,,,,,,,,,,,,,,,,,,,,,,,MODELED
LV_P_01,P,53,58,59,76,83,67,91,81,99,78,,,,,,,,,,,,,,77,,,85,,,,,,,,,,,,,,,,,,67,84,,,,,,,,,,,,,,,,,,,,,MODELED
LV_P_02,P,43,47,41,40,87,57,77,65,80,62,,,,,,,,,,,,,,76,,,64,,,,,,,,,,,,,,,,,,72,63,,,,,,,,,,,,,,,,,,,,,MODELED
LV_LS_01,LS,63,64,69,80,92,84,83,85,69,76,,,,,,,,,,,70,,,,,,,,,,,,,,,,,,,,,,,,,,,,,,,,,,,,,83,80,,,,,,,,MODELED
LAC_QB_01,QB,60,69,70,61,84,71,70,71,65,68,,,,,,,,,,,,62,63,,,,,,,,,,,79,,,,82,,76,,,,86,,,,,,,,,,79,,,69,,,,,,76,89,,,MODELED
LAC_QB_02,QB,63,68,63,65,88,92,78,72,56,69,,,,,,,,,,,,66,64,,,,,,,,,,,75,,,,70,,73,,,,66,,,,,,,,,,61,,,70,,,,,,82,71,,,MODELED
LAC_QB_03,QB,53,59,56,62,80,44,55,69,76,63,,,,,,,,,,,,60,65,,,,,,,,,,,64,,,,64,,72,,,,77,,,,,,,,,,55,,,55,,,,,,68,68,,,MODELED
LAC_QB_04,QB,56,52,52,52,74,51,47,44,80,57,,,,,,,,,,,,53,39,,,,,,,,,,,46,,,,51,,52,,,,56,,,,,,,,,,47,,,57,,,,,,60,58,,,MODELED
LAC_RB_01,RB,93,94,80,82,87,78,77,69,66,63,,,,,87,77,,,,61,,,,,68,,,,,,,,,,,68,,,,,,,,,,,,77,,,,,,,,,,,,,,,,,65,,MODELED
LAC_RB_02,RB,78,79,77,81,80,81,61,71,93,65,,,,,70,63,,,,69,,,,,72,,,,,,,,,,,85,,,,,,,,,,,,80,,,,,,,,,,,,,,,,,70,,MODELED
LAC_RB_03,RB,63,74,79,75,75,72,59,67,74,46,,,,,76,62,,,,58,,,,,73,,,,,,,,,,,60,,,,,,,,,,,,60,,,,,,,,,,,,,,,,,75,,MODELED
LAC_RB_04,RB,66,65,67,56,81,69,61,45,73,55,,,,,54,56,,,,74,,,,,53,,,,,,,,,,,58,,,,,,,,,,,,64,,,,,,,,,,,,,,,,,57,,MODELED
LAC_RB_05,RB,64,58,63,54,74,85,61,59,81,55,,,,,66,48,,,,58,,,,,59,,,,,,,,,,,47,,,,,,,,,,,,41,,,,,,,,,,,,,,,,,55,,MODELED
LAC_FB_01,FB,53,50,76,73,75,79,59,63,74,60,,,,,,67,,,,62,,,,,,,,,,,67,,,,,59,,,,,,,,,,,,70,,,61,,,,,,,,,,,,,,,,MODELED
LAC_WR_01,WR,99,94,94,84,90,54,86,97,73,65,,,,,,,87,87,,,,,,,,,,,,,,,,,,,,,,,,,,,,,,,99,94,82,,,,,89,,,,82,,,,,,,MODELED
LAC_WR_02,WR,95,89,93,82,87,81,84,82,83,74,,,,,,,91,86,,,,,,,,,,,,,,,,,,,,,,,,,,,,,,,95,83,92,,,,,92,,,,87,,,,,,,MODELED
LAC_WR_03,WR,84,82,72,69,86,60,75,77,99,63,,,,,,,62,69,,,,,,,,,,,,,,,,,,,,,,,,,,,,,,,67,84,70,,,,,63,,,,71,,,,,,,MODELED
LAC_WR_04,WR,77,68,74,73,73,28,67,60,96,69,,,,,,,55,67,,,,,,,,,,,,,,,,,,,,,,,,,,,,,,,52,61,65,,,,,73,,,,61,,,,,,,MODELED
LAC_WR_05,WR,74,71,73,56,91,63,76,65,69,68,,,,,,,62,77,,,,,,,,,,,,,,,,,,,,,,,,,,,,,,,59,74,65,,,,,76,,,,72,,,,,,,MODELED
LAC_WR_06,WR,78,80,58,69,76,94,70,71,58,74,,,,,,,61,64,,,,,,,,,,,,,,,,,,,,,,,,,,,,,,,60,66,68,,,,,67,,,,67,,,,,,,MODELED
LAC_WR_07,WR,77,78,83,62,77,54,65,63,78,75,,,,,,,70,67,,,,,,,,,,,,,,,,,,,,,,,,,,,,,,,73,83,73,,,,,70,,,,71,,,,,,,MODELED
LAC_WR_08,WR,72,77,73,52,75,74,68,62,52,79,,,,,,,52,53,,,,,,,,,,,,,,,,,,,,,,,,,,,,,,,67,52,66,,,,,68,,,,59,,,,,,,MODELED
LAC_WR_09,WR,64,67,59,41,70,89,61,55,47,51,,,,,,,44,57,,,,,,,,,,,,,,,,,,,,,,,,,,,,,,,44,55,62,,,,,62,,,,59,,,,,,,MODELED
LAC_WR_10,WR,60,58,62,53,67,55,39,44,77,63,,,,,,,63,43,,,,,,,,,,,,,,,,,,,,,,,,,,,,,,,52,51,55,,,,,50,,,,59,,,,,,,MODELED
LAC_WR_11,WR,57,63,61,47,62,74,43,50,50,55,,,,,,,65,37,,,,,,,,,,,,,,,,,,,,,,,,,,,,,,,44,61,48,,,,,48,,,,41,,,,,,,MODELED
LAC_TE_01,TE,79,83,81,91,89,81,89,88,82,80,,,,,,,91,76,,,,,,,,,,,,,,,,,96,,,,,,,,,,,,,,97,95,91,,,,,79,,,,81,,,,,,,MODELED
LAC_TE_02,TE,69,73,67,72,69,81,64,71,54,72,,,,,,,64,67,,,,,,,,,,,,,,,,,76,,,,,,,,,,,,,,78,63,83,,,,,68,,,,61,,,,,,,MODELED
LAC_TE_03,TE,72,62,54,70,77,78,53,55,43,59,,,,,,,57,64,,,,,,,,,,,,,,,,,55,,,,,,,,,,,,,,74,55,62,,,,,73,,,,58,,,,,,,MODELED
LAC_TE_04,TE,57,66,57,66,69,60,58,56,53,52,,,,,,,64,57,,,,,,,,,,,,,,,,,76,,,,,,,,,,,,,,54,59,60,,,,,54,,,,58,,,,,,,MODELED
LAC_TE_05,TE,65,64,60,66,77,84,65,57,78,84,,,,,,,78,61,,,,,,,,,,,,,,,,,68,,,,,,,,,,,,,,73,65,65,,,,,62,,,,66,,,,,,,MODELED
LAC_TE_06,TE,55,58,67,73,75,42,63,62,85,54,,,,,,,73,64,,,,,,,,,,,,,,,,,66,,,,,,,,,,,,,,49,53,62,,,,,62,,,,70,,,,,,,MODELED
LAC_OT_01,OT,49,54,62,82,74,81,69,78,81,64,66,,,,,,,,,,,,,,,,,,,,,,,,80,,,,,,73,,,,,,,,,,72,,,,81,,,,,,,82,,,,,MODELED
LAC_OT_02,OT,67,73,67,95,77,68,81,78,39,76,77,,,,,,,,,,,,,,,,,,,,,,,,81,,,,,,80,,,,,,,,,,56,,,,85,,,,,,,84,,,,,MODELED
LAC_OT_03,OT,45,49,51,72,83,68,70,67,54,60,52,,,,,,,,,,,,,,,,,,,,,,,,68,,,,,,54,,,,,,,,,,52,,,,74,,,,,,,61,,,,,MODELED
LAC_OT_04,OT,59,64,67,85,83,63,80,84,65,81,83,,,,,,,,,,,,,,,,,,,,,,,,74,,,,,,83,,,,,,,,,,74,,,,74,,,,,,,73,,,,,MODELED
LAC_OT_05,OT,36,54,44,89,76,67,61,72,63,56,76,,,,,,,,,,,,,,,,,,,,,,,,66,,,,,,61,,,,,,,,,,71,,,,58,,,,,,,59,,,,,MODELED
LAC_OT_06,OT,47,61,43,78,84,79,68,54,69,68,61,,,,,,,,,,,,,,,,,,,,,,,,70,,,,,,65,,,,,,,,,,58,,,,63,,,,,,,62,,,,,MODELED
LAC_OG_01,OG,46,54,54,84,87,94,69,71,66,71,59,,,,,,,,,,,,,,,,,,,,,,,,73,,,,,,72,,,,,,,,,,79,,,,72,,,,,,,70,,,,,MODELED
LAC_OG_02,OG,61,68,71,90,89,70,87,85,99,79,84,,,,,,,,,,,,,,,,,,,,,,,,77,,,,,,83,,,,,,,,,,93,,,,81,,,,,,,80,,,,,MODELED
LAC_OG_03,OG,57,59,61,87,75,81,71,67,73,68,73,,,,,,,,,,,,,,,,,,,,,,,,68,,,,,,65,,,,,,,,,,82,,,,71,,,,,,,64,,,,,MODELED
LAC_OG_04,OG,38,43,54,87,62,77,62,70,77,68,65,,,,,,,,,,,,,,,,,,,,,,,,61,,,,,,72,,,,,,,,,,60,,,,66,,,,,,,61,,,,,MODELED
LAC_OG_05,OG,34,47,46,68,76,61,62,64,70,73,59,,,,,,,,,,,,,,,,,,,,,,,,58,,,,,,61,,,,,,,,,,69,,,,55,,,,,,,66,,,,,MODELED
LAC_OG_06,OG,55,49,49,77,73,87,65,67,70,65,70,,,,,,,,,,,,,,,,,,,,,,,,63,,,,,,71,,,,,,,,,,63,,,,76,,,,,,,70,,,,,MODELED
LAC_C_01,C,55,66,73,98,87,73,79,81,47,69,87,,,,,,,,,,,,,,,,,,,,,84,,,75,,,,,,86,,,,,,,,,,89,,,,,,,82,,,,85,,,,,MODELED
LAC_C_02,C,55,55,49,82,75,61,64,76,58,70,70,,,,,,,,,,,,,,,,,,,,,61,,,68,,,,,,69,,,,,,,,,,63,,,,,,,67,,,,58,,,,,MODELED
LAC_C_03,C,45,54,61,80,70,84,69,59,55,60,69,,,,,,,,,,,,,,,,,,,,,67,,,69,,,,,,58,,,,,,,,,,65,,,,,,,71,,,,52,,,,,MODELED
LAC_EDGE_01,EDGE,74,90,77,85,85,61,63,84,67,70,,,,84,,,,,,,80,,,,,69,,,,,,,,,,,81,,,,,82,,,,,72,,,,,79,,,,,,,,,,,,,,,MODELED
LAC_EDGE_02,EDGE,72,83,81,82,75,67,72,94,89,69,,,,77,,,,,,,71,,,,,73,,,,,,,,,,,66,,,,,69,,,,,73,,,,,70,,,,,,,,,,,,,,,MODELED
LAC_EDGE_03,EDGE,72,82,68,77,93,69,72,79,73,74,,,,83,,,,,,,74,,,,,76,,,,,,,,,,,64,,,,,73,,,,,59,,,,,75,,,,,,,,,,,,,,,MODELED
LAC_EDGE_04,EDGE,66,62,68,60,87,58,76,65,44,68,,,,67,,,,,,,69,,,,,71,,,,,,,,,,,65,,,,,62,,,,,63,,,,,57,,,,,,,,,,,,,,,MODELED
LAC_EDGE_05,EDGE,56,59,59,59,65,58,57,60,78,42,,,,53,,,,,,,59,,,,,52,,,,,,,,,,,49,,,,,56,,,,,56,,,,,40,,,,,,,,,,,,,,,MODELED
LAC_EDGE_06,EDGE,62,63,53,51,82,98,61,63,65,59,,,,56,,,,,,,61,,,,,55,,,,,,,,,,,67,,,,,56,,,,,57,,,,,51,,,,,,,,,,,,,,,MODELED
LAC_EDGE_07,EDGE,59,61,58,66,77,61,50,47,98,66,,,,42,,,,,,,46,,,,,52,,,,,,,,,,,43,,,,,59,,,,,63,,,,,56,,,,,,,,,,,,,,,MODELED
LAC_EDGE_08,EDGE,51,64,56,52,63,71,57,42,60,46,,,,42,,,,,,,57,,,,,50,,,,,,,,,,,55,,,,,48,,,,,51,,,,,49,,,,,,,,,,,,,,,MODELED
LAC_EDGE_09,EDGE,63,65,66,58,66,87,59,55,62,60,,,,63,,,,,,,62,,,,,48,,,,,,,,,,,65,,,,,56,,,,,55,,,,,64,,,,,,,,,,,,,,,MODELED
LAC_DT_01,DT,49,72,62,95,83,81,82,81,83,66,,,,75,,,,,,,,,,,,72,,,,,,,,,,,71,,,,,70,,,,,74,,,,,68,,,,,,,,,,,,,,,MODELED
LAC_DT_02,DT,56,72,68,99,86,86,81,78,60,62,,,,73,,,,,,,,,,,,78,,,,,,,,,,,81,,,,,77,,,,,84,,,,,91,,,,,,,,,,,,,,,MODELED
LAC_DT_03,DT,47,60,64,89,88,64,77,71,70,61,,,,69,,,,,,,,,,,,63,,,,,,,,,,,93,,,,,65,,,,,71,,,,,69,,,,,,,,,,,,,,,MODELED
LAC_DT_04,DT,32,60,53,76,79,71,66,71,70,62,,,,53,,,,,,,,,,,,57,,,,,,,,,,,64,,,,,69,,,,,61,,,,,51,,,,,,,,,,,,,,,MODELED
LAC_DT_05,DT,60,66,56,75,87,62,79,65,52,65,,,,78,,,,,,,,,,,,80,,,,,,,,,,,81,,,,,81,,,,,71,,,,,75,,,,,,,,,,,,,,,MODELED
LAC_DT_06,DT,48,59,72,94,82,98,64,58,63,73,,,,62,,,,,,,,,,,,64,,,,,,,,,,,77,,,,,78,,,,,86,,,,,57,,,,,,,,,,,,,,,MODELED
LAC_DT_07,DT,45,39,52,63,84,58,53,46,63,55,,,,48,,,,,,,,,,,,49,,,,,,,,,,,50,,,,,61,,,,,47,,,,,44,,,,,,,,,,,,,,,MODELED
LAC_DT_08,DT,61,52,63,79,74,69,49,65,69,44,,,,57,,,,,,,,,,,,48,,,,,,,,,,,47,,,,,53,,,,,73,,,,,45,,,,,,,,,,,,,,,MODELED
LAC_LB_01,LB,90,92,76,85,92,62,84,75,80,60,,,84,74,,,,,,,,,,,,,,,,,,,83,,,,,,76,,,,,,,,72,,,,,,,,,,,,,,79,,,,,83,MODELED
LAC_LB_02,LB,79,71,79,89,75,70,88,80,92,71,,,85,70,,,,,,,,,,,,,,,,,,,75,,,,,,78,,,,,,,,74,,,,,,,,,,,,,,90,,,,,74,MODELED
LAC_LB_03,LB,71,58,63,67,84,58,66,62,48,71,,,62,84,,,,,,,,,,,,,,,,,,,64,,,,,,49,,,,,,,,57,,,,,,,,,,,,,,61,,,,,59,MODELED
LAC_LB_04,LB,83,71,80,74,68,66,66,70,94,92,,,78,74,,,,,,,,,,,,,,,,,,,74,,,,,,66,,,,,,,,72,,,,,,,,,,,,,,66,,,,,72,MODELED
LAC_LB_05,LB,59,73,67,65,81,71,71,55,94,66,,,59,66,,,,,,,,,,,,,,,,,,,60,,,,,,76,,,,,,,,57,,,,,,,,,,,,,,69,,,,,61,MODELED
LAC_LB_06,LB,67,57,57,65,73,72,62,58,88,67,,,61,60,,,,,,,,,,,,,,,,,,,50,,,,,,75,,,,,,,,70,,,,,,,,,,,,,,49,,,,,67,MODELED
LAC_LB_07,LB,62,68,65,52,77,75,60,62,99,55,,,57,49,,,,,,,,,,,,,,,,,,,51,,,,,,71,,,,,,,,58,,,,,,,,,,,,,,54,,,,,72,MODELED
LAC_LB_08,LB,61,61,51,60,76,77,50,40,76,49,,,51,52,,,,,,,,,,,,,,,,,,,60,,,,,,38,,,,,,,,45,,,,,,,,,,,,,,56,,,,,61,MODELED
LAC_CB_01,CB,77,81,86,51,71,72,74,82,80,66,,70,,,,,,,,,,,,,,,,,,,,,65,,,,,,60,,,,69,,,,,,,,,,,,,,,,,,72,,,,,67,MODELED
LAC_CB_02,CB,99,99,88,72,85,90,77,91,75,81,,69,,,,,,,,,,,,,,,,,,,,,81,,,,,,85,,,,89,,,,,,,,,,,,,,,,,,93,,,,,89,MODELED
LAC_CB_03,CB,83,86,86,73,91,72,74,90,85,66,,78,,,,,,,,,,,,,,,,,,,,,75,,,,,,75,,,,77,,,,,,,,,,,,,,,,,,70,,,,,84,MODELED
LAC_CB_04,CB,79,88,94,73,91,79,77,72,68,66,,68,,,,,,,,,,,,,,,,,,,,,90,,,,,,68,,,,73,,,,,,,,,,,,,,,,,,66,,,,,77,MODELED
LAC_CB_05,CB,64,67,86,62,87,42,76,66,51,84,,78,,,,,,,,,,,,,,,,,,,,,66,,,,,,72,,,,73,,,,,,,,,,,,,,,,,,67,,,,,65,MODELED
LAC_CB_06,CB,83,81,77,56,88,69,66,71,65,56,,70,,,,,,,,,,,,,,,,,,,,,69,,,,,,62,,,,59,,,,,,,,,,,,,,,,,,61,,,,,53,MODELED
LAC_CB_07,CB,63,78,77,64,69,55,57,64,71,69,,64,,,,,,,,,,,,,,,,,,,,,57,,,,,,55,,,,55,,,,,,,,,,,,,,,,,,69,,,,,60,MODELED
LAC_CB_08,CB,87,86,79,63,84,78,70,74,71,75,,55,,,,,,,,,,,,,,,,,,,,,67,,,,,,75,,,,75,,,,,,,,,,,,,,,,,,84,,,,,75,MODELED
LAC_CB_09,CB,79,60,71,64,76,59,54,56,61,68,,61,,,,,,,,,,,,,,,,,,,,,67,,,,,,58,,,,58,,,,,,,,,,,,,,,,,,66,,,,,60,MODELED
LAC_CB_10,CB,70,63,67,43,70,94,51,55,75,58,,44,,,,,,,,,,,,,,,,,,,,,46,,,,,,49,,,,47,,,,,,,,,,,,,,,,,,57,,,,,53,MODELED
LAC_CB_11,CB,81,72,70,60,74,55,75,51,57,63,,73,,,,,,,,,,,,,,,,,,,,,64,,,,,,64,,,,70,,,,,,,,,,,,,,,,,,62,,,,,50,MODELED
LAC_S_01,S,76,93,88,81,69,68,91,90,62,80,,71,,,,,,,,,,,,,,,,,,,,,79,,,,,,70,,,,74,,,,,,,,,,79,,,,,,,,71,,,,,78,MODELED
LAC_S_02,S,90,69,85,83,99,99,85,89,59,74,,81,,,,,,,,,,,,,,,,,,,,,90,,,,,,71,,,,74,,,,,,,,,,75,,,,,,,,73,,,,,90,MODELED
LAC_S_03,S,68,75,75,71,87,59,71,64,71,71,,65,,,,,,,,,,,,,,,,,,,,,73,,,,,,69,,,,62,,,,,,,,,,77,,,,,,,,56,,,,,58,MODELED
LAC_S_04,S,81,74,74,70,74,68,70,66,73,65,,77,,,,,,,,,,,,,,,,,,,,,81,,,,,,78,,,,62,,,,,,,,,,74,,,,,,,,69,,,,,75,MODELED
LAC_S_05,S,56,67,58,44,85,82,56,52,80,64,,59,,,,,,,,,,,,,,,,,,,,,55,,,,,,47,,,,61,,,,,,,,,,57,,,,,,,,52,,,,,54,MODELED
LAC_S_06,S,56,58,65,49,77,77,62,57,52,63,,66,,,,,,,,,,,,,,,,,,,,,45,,,,,,64,,,,54,,,,,,,,,,55,,,,,,,,50,,,,,60,MODELED
LAC_S_07,S,48,42,49,53,67,71,52,33,72,63,,47,,,,,,,,,,,,,,,,,,,,,54,,,,,,38,,,,42,,,,,,,,,,52,,,,,,,,45,,,,,51,MODELED
LAC_K_01,K,52,53,56,61,84,80,75,78,81,80,,,,,,,,,76,,,,,,,,,79,70,64,,,,,,,,,,,,,,,,,,,,,,,,,,,,,,,,,,,,,MODELED
LAC_K_02,K,41,37,46,54,85,94,60,68,58,68,,,,,,,,,63,,,,,,,,,51,64,53,,,,,,,,,,,,,,,,,,,,,,,,,,,,,,,,,,,,,MODELED
LAC_P_01,P,54,54,58,49,82,63,76,69,78,62,,,,,,,,,,,,,,71,,,72,,,,,,,,,,,,,,,,,,67,73,,,,,,,,,,,,,,,,,,,,,MODELED
LAC_P_02,P,36,36,54,54,79,75,55,63,68,73,,,,,,,,,,,,,,66,,,73,,,,,,,,,,,,,,,,,,58,64,,,,,,,,,,,,,,,,,,,,,MODELED
LAC_LS_01,LS,50,46,63,63,77,94,69,68,63,51,,,,,,,,,,,72,,,,,,,,,,,,,,,,,,,,,,,,,,,,,,,,,,,,,60,69,,,,,,,,MODELED
DAL_QB_01,QB,68,74,67,68,80,61,72,74,76,65,,,,,,,,,,,,86,77,,,,,,,,,,,66,,,,83,,78,,,,82,,,,,,,,,,78,,,75,,,,,,75,72,,,MODELED
DAL_QB_02,QB,71,74,77,76,89,81,70,71,56,68,,,,,,,,,,,,81,71,,,,,,,,,,,77,,,,80,,86,,,,68,,,,,,,,,,87,,,67,,,,,,71,79,,,MODELED
DAL_QB_03,QB,70,65,61,68,89,67,69,62,82,72,,,,,,,,,,,,68,80,,,,,,,,,,,80,,,,83,,71,,,,67,,,,,,,,,,67,,,64,,,,,,80,69,,,MODELED
DAL_QB_04,QB,67,46,52,66,80,69,51,66,65,50,,,,,,,,,,,,67,60,,,,,,,,,,,69,,,,54,,57,,,,73,,,,,,,,,,53,,,49,,,,,,61,58,,,MODELED
DAL_RB_01,RB,80,83,80,70,87,77,66,72,78,69,,,,,70,83,,,,72,,,,,75,,,,,,,,,,,72,,,,,,,,,,,,74,,,,,,,,,,,,,,,,,77,,MODELED
DAL_RB_02,RB,81,83,74,66,78,67,65,63,65,79,,,,,71,71,,,,61,,,,,53,,,,,,,,,,,66,,,,,,,,,,,,67,,,,,,,,,,,,,,,,,66,,MODELED
DAL_RB_03,RB,70,85,83,64,79,54,74,65,65,56,,,,,76,76,,,,63,,,,,73,,,,,,,,,,,56,,,,,,,,,,,,80,,,,,,,,,,,,,,,,,68,,MODELED
DAL_RB_04,RB,76,69,65,65,81,87,61,55,73,51,,,,,62,68,,,,58,,,,,64,,,,,,,,,,,55,,,,,,,,,,,,75,,,,,,,,,,,,,,,,,60,,MODELED
DAL_RB_05,RB,60,70,56,45,72,88,58,51,73,58,,,,,54,60,,,,47,,,,,64,,,,,,,,,,,50,,,,,,,,,,,,57,,,,,,,,,,,,,,,,,54,,MODELED
DAL_FB_01,FB,67,61,46,80,78,61,73,71,57,65,,,,,,75,,,,67,,,,,,,,,,,71,,,,,76,,,,,,,,,,,,62,,,65,,,,,,,,,,,,,,,,MODELED
DAL_WR_01,WR,82,89,87,66,72,80,64,76,61,68,,,,,,,76,88,,,,,,,,,,,,,,,,,,,,,,,,,,,,,,,84,88,67,,,,,73,,,,85,,,,,,,MODELED
DAL_WR_02,WR,82,93,87,68,95,58,72,86,90,72,,,,,,,69,85,,,,,,,,,,,,,,,,,,,,,,,,,,,,,,,88,79,75,,,,,79,,,,77,,,,,,,MODELED
DAL_WR_03,WR,86,95,77,72,85,63,79,74,63,64,,,,,,,80,80,,,,,,,,,,,,,,,,,,,,,,,,,,,,,,,90,82,86,,,,,77,,,,61,,,,,,,MODELED
DAL_WR_04,WR,72,71,69,54,70,67,68,60,86,72,,,,,,,66,58,,,,,,,,,,,,,,,,,,,,,,,,,,,,,,,52,60,60,,,,,61,,,,55,,,,,,,MODELED
DAL_WR_05,WR,74,72,80,63,78,42,66,69,63,67,,,,,,,78,76,,,,,,,,,,,,,,,,,,,,,,,,,,,,,,,74,67,77,,,,,62,,,,70,,,,,,,MODELED
DAL_WR_06,WR,77,73,73,77,69,52,69,63,79,57,,,,,,,81,71,,,,,,,,,,,,,,,,,,,,,,,,,,,,,,,64,62,62,,,,,75,,,,76,,,,,,,MODELED
DAL_WR_07,WR,73,74,83,68,85,70,68,68,77,61,,,,,,,72,72,,,,,,,,,,,,,,,,,,,,,,,,,,,,,,,65,69,81,,,,,58,,,,80,,,,,,,MODELED
DAL_WR_08,WR,75,71,77,67,84,67,65,74,71,65,,,,,,,76,73,,,,,,,,,,,,,,,,,,,,,,,,,,,,,,,67,73,71,,,,,73,,,,56,,,,,,,MODELED
DAL_WR_09,WR,69,69,68,51,80,68,57,55,73,52,,,,,,,56,67,,,,,,,,,,,,,,,,,,,,,,,,,,,,,,,65,50,61,,,,,65,,,,61,,,,,,,MODELED
DAL_WR_10,WR,72,69,62,50,64,76,56,51,65,58,,,,,,,67,54,,,,,,,,,,,,,,,,,,,,,,,,,,,,,,,56,58,49,,,,,67,,,,65,,,,,,,MODELED
DAL_WR_11,WR,59,63,67,52,72,70,49,50,54,64,,,,,,,43,62,,,,,,,,,,,,,,,,,,,,,,,,,,,,,,,45,68,59,,,,,55,,,,51,,,,,,,MODELED
DAL_TE_01,TE,57,53,68,73,87,70,58,69,83,48,,,,,,,83,70,,,,,,,,,,,,,,,,,83,,,,,,,,,,,,,,59,75,69,,,,,57,,,,66,,,,,,,MODELED
DAL_TE_02,TE,61,60,63,53,74,52,51,65,46,47,,,,,,,66,64,,,,,,,,,,,,,,,,,53,,,,,,,,,,,,,,52,62,64,,,,,82,,,,44,,,,,,,MODELED
DAL_TE_03,TE,71,67,65,64,87,94,72,68,75,61,,,,,,,69,84,,,,,,,,,,,,,,,,,71,,,,,,,,,,,,,,67,67,78,,,,,71,,,,68,,,,,,,MODELED
DAL_TE_04,TE,58,58,66,67,77,80,64,56,80,66,,,,,,,62,72,,,,,,,,,,,,,,,,,62,,,,,,,,,,,,,,59,58,66,,,,,51,,,,54,,,,,,,MODELED
DAL_TE_05,TE,60,73,66,69,83,67,58,64,75,61,,,,,,,48,59,,,,,,,,,,,,,,,,,54,,,,,,,,,,,,,,54,61,56,,,,,68,,,,66,,,,,,,MODELED
DAL_TE_06,TE,41,58,59,63,75,80,48,48,88,72,,,,,,,61,52,,,,,,,,,,,,,,,,,69,,,,,,,,,,,,,,63,59,64,,,,,61,,,,48,,,,,,,MODELED
DAL_OT_01,OT,71,76,86,99,87,61,92,91,83,72,92,,,,,,,,,,,,,,,,,,,,,,,,84,,,,,,85,,,,,,,,,,89,,,,88,,,,,,,99,,,,,MODELED
DAL_OT_02,OT,78,65,78,99,85,56,94,82,54,76,66,,,,,,,,,,,,,,,,,,,,,,,,97,,,,,,88,,,,,,,,,,95,,,,83,,,,,,,92,,,,,MODELED
DAL_OT_03,OT,44,50,61,67,64,87,65,63,50,46,72,,,,,,,,,,,,,,,,,,,,,,,,56,,,,,,66,,,,,,,,,,75,,,,59,,,,,,,65,,,,,MODELED
DAL_OT_04,OT,50,60,74,86,81,81,72,72,57,58,72,,,,,,,,,,,,,,,,,,,,,,,,67,,,,,,84,,,,,,,,,,74,,,,73,,,,,,,72,,,,,MODELED
DAL_OT_05,OT,26,45,45,77,69,79,51,64,62,62,63,,,,,,,,,,,,,,,,,,,,,,,,48,,,,,,69,,,,,,,,,,59,,,,45,,,,,,,51,,,,,MODELED
DAL_OT_06,OT,30,32,47,64,79,73,60,51,59,58,65,,,,,,,,,,,,,,,,,,,,,,,,49,,,,,,59,,,,,,,,,,66,,,,56,,,,,,,62,,,,,MODELED
DAL_OG_01,OG,56,61,58,95,80,80,75,84,75,63,75,,,,,,,,,,,,,,,,,,,,,,,,80,,,,,,87,,,,,,,,,,62,,,,82,,,,,,,69,,,,,MODELED
DAL_OG_02,OG,67,61,67,99,76,61,73,85,52,91,92,,,,,,,,,,,,,,,,,,,,,,,,76,,,,,,93,,,,,,,,,,67,,,,74,,,,,,,83,,,,,MODELED
DAL_OG_03,OG,54,60,58,87,88,92,73,60,81,63,66,,,,,,,,,,,,,,,,,,,,,,,,78,,,,,,78,,,,,,,,,,77,,,,64,,,,,,,79,,,,,MODELED
DAL_OG_04,OG,51,43,40,84,80,70,52,55,86,69,65,,,,,,,,,,,,,,,,,,,,,,,,68,,,,,,59,,,,,,,,,,61,,,,58,,,,,,,56,,,,,MODELED
DAL_OG_05,OG,42,49,50,77,81,82,65,62,60,66,58,,,,,,,,,,,,,,,,,,,,,,,,66,,,,,,65,,,,,,,,,,53,,,,70,,,,,,,76,,,,,MODELED
DAL_OG_06,OG,20,27,34,56,68,57,48,55,73,53,40,,,,,,,,,,,,,,,,,,,,,,,,44,,,,,,36,,,,,,,,,,35,,,,44,,,,,,,55,,,,,MODELED
DAL_C_01,C,56,69,71,89,94,49,87,75,82,89,77,,,,,,,,,,,,,,,,,,,,,67,,,78,,,,,,78,,,,,,,,,,73,,,,,,,87,,,,80,,,,,MODELED
DAL_C_02,C,56,55,59,94,69,75,81,91,61,77,73,,,,,,,,,,,,,,,,,,,,,64,,,80,,,,,,79,,,,,,,,,,93,,,,,,,80,,,,82,,,,,MODELED
DAL_C_03,C,37,47,55,67,72,61,71,74,80,60,63,,,,,,,,,,,,,,,,,,,,,74,,,63,,,,,,56,,,,,,,,,,65,,,,,,,71,,,,74,,,,,MODELED
DAL_EDGE_01,EDGE,68,76,72,77,76,75,80,79,77,63,,,,74,,,,,,,76,,,,,77,,,,,,,,,,,77,,,,,66,,,,,73,,,,,82,,,,,,,,,,,,,,,MODELED
DAL_EDGE_02,EDGE,91,88,99,99,93,67,99,99,64,83,,,,98,,,,,,,94,,,,,94,,,,,,,,,,,90,,,,,96,,,,,96,,,,,92,,,,,,,,,,,,,,,MODELED
DAL_EDGE_03,EDGE,88,91,82,79,86,51,78,82,68,74,,,,73,,,,,,,78,,,,,73,,,,,,,,,,,89,,,,,87,,,,,77,,,,,70,,,,,,,,,,,,,,,MODELED
DAL_EDGE_04,EDGE,61,65,72,76,78,59,51,66,52,55,,,,63,,,,,,,57,,,,,65,,,,,,,,,,,58,,,,,67,,,,,66,,,,,42,,,,,,,,,,,,,,,MODELED
DAL_EDGE_05,EDGE,64,63,73,79,73,80,61,67,69,67,,,,70,,,,,,,71,,,,,70,,,,,,,,,,,67,,,,,64,,,,,72,,,,,75,,,,,,,,,,,,,,,MODELED
DAL_EDGE_06,EDGE,62,61,63,66,92,61,70,61,64,71,,,,69,,,,,,,65,,,,,74,,,,,,,,,,,68,,,,,66,,,,,56,,,,,76,,,,,,,,,,,,,,,MODELED
DAL_EDGE_07,EDGE,53,75,72,68,81,55,56,53,64,71,,,,50,,,,,,,58,,,,,64,,,,,,,,,,,64,,,,,58,,,,,66,,,,,65,,,,,,,,,,,,,,,MODELED
DAL_EDGE_08,EDGE,62,62,66,63,68,84,57,57,97,56,,,,49,,,,,,,48,,,,,63,,,,,,,,,,,66,,,,,56,,,,,51,,,,,46,,,,,,,,,,,,,,,MODELED
DAL_EDGE_09,EDGE,55,55,51,54,73,46,47,53,57,54,,,,46,,,,,,,47,,,,,44,,,,,,,,,,,58,,,,,59,,,,,52,,,,,50,,,,,,,,,,,,,,,MODELED
DAL_DT_01,DT,56,69,53,87,86,78,67,75,85,66,,,,79,,,,,,,,,,,,73,,,,,,,,,,,70,,,,,70,,,,,70,,,,,63,,,,,,,,,,,,,,,MODELED
DAL_DT_02,DT,60,61,62,89,90,65,78,59,61,58,,,,76,,,,,,,,,,,,70,,,,,,,,,,,74,,,,,68,,,,,66,,,,,72,,,,,,,,,,,,,,,MODELED
DAL_DT_03,DT,51,73,66,90,73,50,73,84,69,66,,,,79,,,,,,,,,,,,75,,,,,,,,,,,80,,,,,80,,,,,86,,,,,91,,,,,,,,,,,,,,,MODELED
DAL_DT_04,DT,70,57,60,87,63,79,61,69,50,59,,,,57,,,,,,,,,,,,62,,,,,,,,,,,62,,,,,69,,,,,85,,,,,69,,,,,,,,,,,,,,,MODELED
DAL_DT_05,DT,54,65,57,82,81,63,75,68,90,71,,,,74,,,,,,,,,,,,75,,,,,,,,,,,64,,,,,84,,,,,80,,,,,84,,,,,,,,,,,,,,,MODELED
DAL_DT_06,DT,53,46,49,85,71,69,69,59,78,62,,,,69,,,,,,,,,,,,62,,,,,,,,,,,55,,,,,57,,,,,63,,,,,67,,,,,,,,,,,,,,,MODELED
DAL_DT_07,DT,52,52,40,78,74,75,54,49,72,53,,,,51,,,,,,,,,,,,48,,,,,,,,,,,79,,,,,64,,,,,63,,,,,58,,,,,,,,,,,,,,,MODELED
DAL_DT_08,DT,45,42,48,64,81,75,57,55,45,48,,,,50,,,,,,,,,,,,55,,,,,,,,,,,51,,,,,44,,,,,57,,,,,47,,,,,,,,,,,,,,,MODELED
DAL_LB_01,LB,75,64,75,74,91,79,74,64,81,57,,,69,68,,,,,,,,,,,,,,,,,,,82,,,,,,61,,,,,,,,64,,,,,,,,,,,,,,79,,,,,82,MODELED
DAL_LB_02,LB,83,75,79,96,84,75,92,77,92,88,,,81,82,,,,,,,,,,,,,,,,,,,72,,,,,,89,,,,,,,,83,,,,,,,,,,,,,,77,,,,,82,MODELED
DAL_LB_03,LB,72,69,59,61,85,78,51,62,59,54,,,62,61,,,,,,,,,,,,,,,,,,,49,,,,,,65,,,,,,,,55,,,,,,,,,,,,,,61,,,,,58,MODELED
DAL_LB_04,LB,74,72,67,70,60,70,58,65,73,68,,,73,68,,,,,,,,,,,,,,,,,,,67,,,,,,63,,,,,,,,60,,,,,,,,,,,,,,70,,,,,65,MODELED
DAL_LB_05,LB,70,61,63,66,81,54,72,62,78,68,,,59,63,,,,,,,,,,,,,,,,,,,56,,,,,,69,,,,,,,,72,,,,,,,,,,,,,,56,,,,,62,MODELED
DAL_LB_06,LB,62,59,58,58,71,66,59,59,49,65,,,55,44,,,,,,,,,,,,,,,,,,,55,,,,,,46,,,,,,,,52,,,,,,,,,,,,,,47,,,,,69,MODELED
DAL_LB_07,LB,62,53,62,58,84,55,46,56,52,52,,,62,44,,,,,,,,,,,,,,,,,,,51,,,,,,62,,,,,,,,46,,,,,,,,,,,,,,69,,,,,50,MODELED
DAL_LB_08,LB,55,49,50,56,78,54,56,57,51,66,,,53,58,,,,,,,,,,,,,,,,,,,57,,,,,,48,,,,,,,,49,,,,,,,,,,,,,,56,,,,,50,MODELED
DAL_CB_01,CB,88,91,81,77,89,58,88,89,57,78,,73,,,,,,,,,,,,,,,,,,,,,79,,,,,,70,,,,91,,,,,,,,,,,,,,,,,,76,,,,,75,MODELED
DAL_CB_02,CB,99,87,85,80,91,81,97,84,78,68,,96,,,,,,,,,,,,,,,,,,,,,83,,,,,,97,,,,86,,,,,,,,,,,,,,,,,,83,,,,,95,MODELED
DAL_CB_03,CB,96,96,99,74,93,77,91,90,71,71,,99,,,,,,,,,,,,,,,,,,,,,96,,,,,,90,,,,97,,,,,,,,,,,,,,,,,,87,,,,,90,MODELED
DAL_CB_04,CB,78,79,74,60,84,86,66,67,70,52,,66,,,,,,,,,,,,,,,,,,,,,65,,,,,,64,,,,82,,,,,,,,,,,,,,,,,,55,,,,,61,MODELED
DAL_CB_05,CB,98,91,84,81,95,76,82,90,69,70,,82,,,,,,,,,,,,,,,,,,,,,87,,,,,,80,,,,86,,,,,,,,,,,,,,,,,,74,,,,,88,MODELED
DAL_CB_06,CB,68,80,91,51,73,51,71,67,39,64,,69,,,,,,,,,,,,,,,,,,,,,69,,,,,,71,,,,67,,,,,,,,,,,,,,,,,,71,,,,,78,MODELED
DAL_CB_07,CB,78,78,70,58,81,48,66,61,58,63,,71,,,,,,,,,,,,,,,,,,,,,78,,,,,,71,,,,59,,,,,,,,,,,,,,,,,,73,,,,,68,MODELED
DAL_CB_08,CB,84,70,80,66,82,55,69,59,66,68,,69,,,,,,,,,,,,,,,,,,,,,71,,,,,,61,,,,61,,,,,,,,,,,,,,,,,,81,,,,,70,MODELED
DAL_CB_09,CB,72,68,60,52,72,57,48,49,76,43,,49,,,,,,,,,,,,,,,,,,,,,60,,,,,,54,,,,58,,,,,,,,,,,,,,,,,,53,,,,,49,MODELED
DAL_CB_10,CB,68,69,76,62,67,74,61,62,76,55,,59,,,,,,,,,,,,,,,,,,,,,67,,,,,,58,,,,50,,,,,,,,,,,,,,,,,,70,,,,,62,MODELED
DAL_CB_11,CB,74,67,77,52,67,74,64,52,83,69,,50,,,,,,,,,,,,,,,,,,,,,58,,,,,,63,,,,55,,,,,,,,,,,,,,,,,,69,,,,,69,MODELED
DAL_S_01,S,74,80,89,71,85,31,76,68,81,63,,82,,,,,,,,,,,,,,,,,,,,,68,,,,,,74,,,,70,,,,,,,,,,67,,,,,,,,70,,,,,58,MODELED
DAL_S_02,S,80,80,70,72,70,64,83,76,76,72,,79,,,,,,,,,,,,,,,,,,,,,72,,,,,,75,,,,74,,,,,,,,,,78,,,,,,,,79,,,,,71,MODELED
DAL_S_03,S,66,67,61,52,66,99,52,44,84,85,,66,,,,,,,,,,,,,,,,,,,,,56,,,,,,60,,,,64,,,,,,,,,,53,,,,,,,,53,,,,,54,MODELED
DAL_S_04,S,52,68,55,55,71,73,50,66,71,60,,52,,,,,,,,,,,,,,,,,,,,,60,,,,,,60,,,,56,,,,,,,,,,60,,,,,,,,59,,,,,60,MODELED
DAL_S_05,S,61,63,66,57,94,68,62,62,90,66,,72,,,,,,,,,,,,,,,,,,,,,68,,,,,,55,,,,68,,,,,,,,,,63,,,,,,,,64,,,,,58,MODELED
DAL_S_06,S,55,56,67,58,77,48,60,51,67,62,,55,,,,,,,,,,,,,,,,,,,,,58,,,,,,66,,,,57,,,,,,,,,,63,,,,,,,,53,,,,,64,MODELED
DAL_S_07,S,74,60,59,51,64,53,50,60,83,56,,36,,,,,,,,,,,,,,,,,,,,,58,,,,,,55,,,,59,,,,,,,,,,54,,,,,,,,64,,,,,50,MODELED
DAL_K_01,K,43,42,43,59,80,68,68,73,55,68,,,,,,,,,79,,,,,,,,,79,80,81,,,,,,,,,,,,,,,,,,,,,,,,,,,,,,,,,,,,,MODELED
DAL_K_02,K,36,43,47,48,79,63,66,63,68,80,,,,,,,,,80,,,,,,,,,65,61,73,,,,,,,,,,,,,,,,,,,,,,,,,,,,,,,,,,,,,MODELED
DAL_P_01,P,54,52,65,56,84,78,68,79,73,53,,,,,,,,,,,,,,58,,,85,,,,,,,,,,,,,,,,,,57,71,,,,,,,,,,,,,,,,,,,,,MODELED
DAL_P_02,P,48,39,52,50,92,67,76,58,48,64,,,,,,,,,,,,,,58,,,70,,,,,,,,,,,,,,,,,,61,54,,,,,,,,,,,,,,,,,,,,,MODELED
DAL_LS_01,LS,47,65,47,76,70,74,71,72,63,67,,,,,,,,,,,64,,,,,,,,,,,,,,,,,,,,,,,,,,,,,,,,,,,,,59,70,,,,,,,,MODELED
PHI_QB_01,QB,76,67,76,83,81,57,84,76,72,82,,,,,,,,,,,,84,79,,,,,,,,,,,80,,,,84,,69,,,,92,,,,,,,,,,81,,,80,,,,,,81,75,,,MODELED
PHI_QB_02,QB,53,55,54,68,85,77,62,61,56,62,,,,,,,,,,,,65,65,,,,,,,,,,,60,,,,81,,55,,,,79,,,,,,,,,,60,,,61,,,,,,53,77,,,MODELED
PHI_QB_03,QB,62,53,53,63,73,65,56,61,53,61,,,,,,,,,,,,65,63,,,,,,,,,,,63,,,,56,,62,,,,56,,,,,,,,,,63,,,64,,,,,,60,65,,,MODELED
PHI_QB_04,QB,58,61,66,61,92,82,50,61,62,50,,,,,,,,,,,,70,64,,,,,,,,,,,60,,,,64,,54,,,,61,,,,,,,,,,61,,,70,,,,,,61,58,,,MODELED
PHI_RB_01,RB,99,98,99,93,85,71,88,91,85,72,,,,,82,91,,,,94,,,,,93,,,,,,,,,,,97,,,,,,,,,,,,93,,,,,,,,,,,,,,,,,88,,MODELED
PHI_RB_02,RB,77,87,79,73,79,88,77,76,68,79,,,,,59,91,,,,81,,,,,76,,,,,,,,,,,62,,,,,,,,,,,,80,,,,,,,,,,,,,,,,,84,,MODELED
PHI_RB_03,RB,81,80,77,86,91,75,69,74,61,75,,,,,73,79,,,,87,,,,,79,,,,,,,,,,,70,,,,,,,,,,,,76,,,,,,,,,,,,,,,,,91,,MODELED
PHI_RB_04,RB,75,64,76,62,85,63,50,48,62,59,,,,,61,66,,,,66,,,,,56,,,,,,,,,,,69,,,,,,,,,,,,65,,,,,,,,,,,,,,,,,60,,MODELED
PHI_RB_05,RB,66,69,72,62,83,81,65,58,59,74,,,,,61,50,,,,63,,,,,54,,,,,,,,,,,78,,,,,,,,,,,,66,,,,,,,,,,,,,,,,,76,,MODELED
PHI_FB_01,FB,61,58,59,75,78,80,73,70,66,65,,,,,,72,,,,62,,,,,,,,,,,73,,,,,65,,,,,,,,,,,,67,,,71,,,,,,,,,,,,,,,,MODELED
PHI_WR_01,WR,92,82,91,71,83,77,64,74,59,70,,,,,,,86,80,,,,,,,,,,,,,,,,,,,,,,,,,,,,,,,75,71,89,,,,,68,,,,78,,,,,,,MODELED
PHI_WR_02,WR,92,91,93,72,83,59,75,85,67,78,,,,,,,78,87,,,,,,,,,,,,,,,,,,,,,,,,,,,,,,,81,81,67,,,,,82,,,,86,,,,,,,MODELED
PHI_WR_03,WR,95,88,98,77,97,62,99,93,48,71,,,,,,,90,99,,,,,,,,,,,,,,,,,,,,,,,,,,,,,,,98,95,92,,,,,97,,,,99,,,,,,,MODELED
PHI_WR_04,WR,85,82,82,59,70,78,72,75,99,63,,,,,,,81,56,,,,,,,,,,,,,,,,,,,,,,,,,,,,,,,71,85,72,,,,,76,,,,65,,,,,,,MODELED
PHI_WR_05,WR,85,73,81,57,85,62,67,68,41,60,,,,,,,62,67,,,,,,,,,,,,,,,,,,,,,,,,,,,,,,,74,71,69,,,,,57,,,,59,,,,,,,MODELED
PHI_WR_06,WR,67,63,73,49,73,67,57,68,83,56,,,,,,,68,64,,,,,,,,,,,,,,,,,,,,,,,,,,,,,,,67,64,63,,,,,59,,,,62,,,,,,,MODELED
PHI_WR_07,WR,64,79,76,46,71,93,65,56,70,63,,,,,,,63,67,,,,,,,,,,,,,,,,,,,,,,,,,,,,,,,75,69,59,,,,,63,,,,75,,,,,,,MODELED
PHI_WR_08,WR,73,84,89,65,86,93,73,65,39,85,,,,,,,78,69,,,,,,,,,,,,,,,,,,,,,,,,,,,,,,,78,75,70,,,,,70,,,,73,,,,,,,MODELED
PHI_WR_09,WR,62,72,71,62,76,68,58,65,52,65,,,,,,,58,64,,,,,,,,,,,,,,,,,,,,,,,,,,,,,,,62,53,68,,,,,52,,,,59,,,,,,,MODELED
PHI_WR_10,WR,65,75,65,49,81,57,67,50,81,67,,,,,,,73,53,,,,,,,,,,,,,,,,,,,,,,,,,,,,,,,71,60,64,,,,,60,,,,62,,,,,,,MODELED
PHI_WR_11,WR,61,59,68,43,68,92,47,47,86,61,,,,,,,62,51,,,,,,,,,,,,,,,,,,,,,,,,,,,,,,,54,51,41,,,,,49,,,,58,,,,,,,MODELED
PHI_TE_01,TE,77,63,70,70,83,76,70,67,53,77,,,,,,,72,72,,,,,,,,,,,,,,,,,76,,,,,,,,,,,,,,65,63,84,,,,,74,,,,63,,,,,,,MODELED
PHI_TE_02,TE,70,70,79,71,79,53,79,73,53,67,,,,,,,74,74,,,,,,,,,,,,,,,,,64,,,,,,,,,,,,,,69,60,65,,,,,64,,,,70,,,,,,,MODELED
PHI_TE_03,TE,62,60,55,71,76,81,55,66,89,65,,,,,,,72,73,,,,,,,,,,,,,,,,,68,,,,,,,,,,,,,,80,67,61,,,,,65,,,,67,,,,,,,MODELED
PHI_TE_04,TE,62,64,58,58,82,66,67,58,64,78,,,,,,,61,64,,,,,,,,,,,,,,,,,54,,,,,,,,,,,,,,62,60,67,,,,,65,,,,71,,,,,,,MODELED
PHI_TE_05,TE,58,50,61,65,83,70,65,56,73,67,,,,,,,63,62,,,,,,,,,,,,,,,,,66,,,,,,,,,,,,,,70,60,58,,,,,74,,,,49,,,,,,,MODELED
PHI_TE_06,TE,66,63,59,62,78,64,60,63,45,73,,,,,,,62,51,,,,,,,,,,,,,,,,,62,,,,,,,,,,,,,,76,54,74,,,,,60,,,,45,,,,,,,MODELED
PHI_OT_01,OT,56,63,72,95,92,77,70,85,81,69,76,,,,,,,,,,,,,,,,,,,,,,,,70,,,,,,74,,,,,,,,,,80,,,,81,,,,,,,77,,,,,MODELED
PHI_OT_02,OT,74,68,79,93,83,69,80,80,65,81,86,,,,,,,,,,,,,,,,,,,,,,,,74,,,,,,87,,,,,,,,,,74,,,,71,,,,,,,63,,,,,MODELED
PHI_OT_03,OT,49,54,49,70,80,71,51,60,99,67,58,,,,,,,,,,,,,,,,,,,,,,,,65,,,,,,71,,,,,,,,,,51,,,,49,,,,,,,69,,,,,MODELED
PHI_OT_04,OT,57,64,63,86,77,77,63,71,84,66,82,,,,,,,,,,,,,,,,,,,,,,,,66,,,,,,70,,,,,,,,,,71,,,,65,,,,,,,80,,,,,MODELED
PHI_OT_05,OT,50,65,52,92,78,78,65,67,84,63,64,,,,,,,,,,,,,,,,,,,,,,,,55,,,,,,64,,,,,,,,,,76,,,,67,,,,,,,67,,,,,MODELED
PHI_OT_06,OT,31,42,44,63,70,75,37,52,33,65,49,,,,,,,,,,,,,,,,,,,,,,,,64,,,,,,59,,,,,,,,,,59,,,,56,,,,,,,59,,,,,MODELED
PHI_OG_01,OG,74,73,85,99,87,65,93,92,67,76,90,,,,,,,,,,,,,,,,,,,,,,,,99,,,,,,91,,,,,,,,,,96,,,,82,,,,,,,93,,,,,MODELED
PHI_OG_02,OG,73,74,87,89,79,34,90,88,62,74,96,,,,,,,,,,,,,,,,,,,,,,,,83,,,,,,90,,,,,,,,,,99,,,,90,,,,,,,99,,,,,MODELED
PHI_OG_03,OG,39,44,43,73,73,83,59,50,79,75,66,,,,,,,,,,,,,,,,,,,,,,,,63,,,,,,64,,,,,,,,,,64,,,,53,,,,,,,61,,,,,MODELED
PHI_OG_04,OG,48,60,52,74,70,77,73,73,83,63,67,,,,,,,,,,,,,,,,,,,,,,,,72,,,,,,76,,,,,,,,,,55,,,,70,,,,,,,64,,,,,MODELED
PHI_OG_05,OG,47,55,51,77,67,76,65,57,55,62,61,,,,,,,,,,,,,,,,,,,,,,,,68,,,,,,61,,,,,,,,,,56,,,,61,,,,,,,52,,,,,MODELED
PHI_OG_06,OG,20,36,38,63,76,86,44,50,78,54,45,,,,,,,,,,,,,,,,,,,,,,,,38,,,,,,44,,,,,,,,,,44,,,,59,,,,,,,61,,,,,MODELED
PHI_C_01,C,58,44,57,88,70,87,76,78,55,72,65,,,,,,,,,,,,,,,,,,,,,68,,,75,,,,,,70,,,,,,,,,,83,,,,,,,60,,,,71,,,,,MODELED
PHI_C_02,C,51,45,56,80,75,69,61,71,67,73,61,,,,,,,,,,,,,,,,,,,,,74,,,69,,,,,,70,,,,,,,,,,70,,,,,,,69,,,,65,,,,,MODELED
PHI_C_03,C,40,47,54,70,62,82,56,47,60,55,61,,,,,,,,,,,,,,,,,,,,,53,,,53,,,,,,62,,,,,,,,,,63,,,,,,,60,,,,63,,,,,MODELED
PHI_EDGE_01,EDGE,84,90,96,88,96,82,94,85,48,83,,,,82,,,,,,,80,,,,,99,,,,,,,,,,,75,,,,,97,,,,,82,,,,,99,,,,,,,,,,,,,,,MODELED
PHI_EDGE_02,EDGE,77,77,93,91,77,54,87,85,71,72,,,,68,,,,,,,67,,,,,86,,,,,,,,,,,76,,,,,74,,,,,68,,,,,72,,,,,,,,,,,,,,,MODELED
PHI_EDGE_03,EDGE,73,81,71,81,87,39,71,78,75,75,,,,66,,,,,,,67,,,,,87,,,,,,,,,,,74,,,,,72,,,,,82,,,,,74,,,,,,,,,,,,,,,MODELED
PHI_EDGE_04,EDGE,62,68,70,78,82,71,71,53,78,73,,,,62,,,,,,,59,,,,,69,,,,,,,,,,,69,,,,,73,,,,,70,,,,,70,,,,,,,,,,,,,,,MODELED
PHI_EDGE_05,EDGE,75,72,78,79,68,73,89,88,63,67,,,,73,,,,,,,73,,,,,64,,,,,,,,,,,79,,,,,74,,,,,73,,,,,74,,,,,,,,,,,,,,,MODELED
PHI_EDGE_06,EDGE,60,74,80,74,73,67,69,67,62,63,,,,62,,,,,,,50,,,,,60,,,,,,,,,,,62,,,,,67,,,,,67,,,,,69,,,,,,,,,,,,,,,MODELED
PHI_EDGE_07,EDGE,60,65,70,77,81,62,58,64,70,57,,,,86,,,,,,,65,,,,,63,,,,,,,,,,,70,,,,,58,,,,,64,,,,,73,,,,,,,,,,,,,,,MODELED
PHI_EDGE_08,EDGE,64,56,60,65,77,76,45,50,53,63,,,,43,,,,,,,66,,,,,57,,,,,,,,,,,64,,,,,49,,,,,58,,,,,54,,,,,,,,,,,,,,,MODELED
PHI_EDGE_09,EDGE,63,56,72,61,74,83,70,59,82,65,,,,71,,,,,,,58,,,,,68,,,,,,,,,,,65,,,,,63,,,,,56,,,,,64,,,,,,,,,,,,,,,MODELED
PHI_DT_01,DT,70,77,82,99,80,88,94,88,74,82,,,,80,,,,,,,,,,,,99,,,,,,,,,,,81,,,,,97,,,,,82,,,,,89,,,,,,,,,,,,,,,MODELED
PHI_DT_02,DT,72,63,64,95,87,67,75,89,77,81,,,,80,,,,,,,,,,,,72,,,,,,,,,,,82,,,,,69,,,,,71,,,,,65,,,,,,,,,,,,,,,MODELED
PHI_DT_03,DT,75,64,75,84,89,39,70,78,73,60,,,,63,,,,,,,,,,,,63,,,,,,,,,,,84,,,,,61,,,,,73,,,,,60,,,,,,,,,,,,,,,MODELED
PHI_DT_04,DT,54,56,63,86,71,68,58,67,75,58,,,,64,,,,,,,,,,,,75,,,,,,,,,,,73,,,,,77,,,,,67,,,,,71,,,,,,,,,,,,,,,MODELED
PHI_DT_05,DT,55,53,73,83,86,78,65,73,77,74,,,,81,,,,,,,,,,,,77,,,,,,,,,,,89,,,,,66,,,,,62,,,,,72,,,,,,,,,,,,,,,MODELED
PHI_DT_06,DT,50,66,62,85,77,74,75,65,75,65,,,,63,,,,,,,,,,,,58,,,,,,,,,,,81,,,,,76,,,,,67,,,,,68,,,,,,,,,,,,,,,MODELED
PHI_DT_07,DT,49,53,45,73,66,45,52,49,74,59,,,,55,,,,,,,,,,,,59,,,,,,,,,,,62,,,,,63,,,,,56,,,,,54,,,,,,,,,,,,,,,MODELED
PHI_DT_08,DT,48,48,50,60,66,89,51,52,76,59,,,,54,,,,,,,,,,,,47,,,,,,,,,,,50,,,,,44,,,,,46,,,,,42,,,,,,,,,,,,,,,MODELED
PHI_LB_01,LB,93,96,87,97,81,88,94,98,58,71,,,99,97,,,,,,,,,,,,,,,,,,,90,,,,,,90,,,,,,,,97,,,,,,,,,,,,,,94,,,,,89,MODELED
PHI_LB_02,LB,81,77,87,91,82,64,71,75,39,76,,,81,87,,,,,,,,,,,,,,,,,,,76,,,,,,84,,,,,,,,81,,,,,,,,,,,,,,72,,,,,87,MODELED
PHI_LB_03,LB,73,66,80,76,89,91,70,71,77,83,,,68,68,,,,,,,,,,,,,,,,,,,82,,,,,,77,,,,,,,,70,,,,,,,,,,,,,,77,,,,,64,MODELED
PHI_LB_04,LB,83,79,76,75,99,84,65,67,74,55,,,84,73,,,,,,,,,,,,,,,,,,,72,,,,,,72,,,,,,,,67,,,,,,,,,,,,,,72,,,,,74,MODELED
PHI_LB_05,LB,73,71,70,73,91,48,73,64,85,82,,,62,72,,,,,,,,,,,,,,,,,,,65,,,,,,62,,,,,,,,78,,,,,,,,,,,,,,53,,,,,64,MODELED
PHI_LB_06,LB,69,71,70,65,71,75,72,61,76,72,,,56,65,,,,,,,,,,,,,,,,,,,68,,,,,,70,,,,,,,,66,,,,,,,,,,,,,,63,,,,,72,MODELED
PHI_LB_07,LB,63,59,54,54,88,64,58,56,72,73,,,51,49,,,,,,,,,,,,,,,,,,,51,,,,,,62,,,,,,,,59,,,,,,,,,,,,,,63,,,,,61,MODELED
PHI_LB_08,LB,66,51,71,90,80,63,63,55,80,61,,,70,52,,,,,,,,,,,,,,,,,,,61,,,,,,60,,,,,,,,63,,,,,,,,,,,,,,64,,,,,81,MODELED
PHI_CB_01,CB,77,98,91,62,96,74,70,91,85,64,,72,,,,,,,,,,,,,,,,,,,,,68,,,,,,80,,,,71,,,,,,,,,,,,,,,,,,80,,,,,82,MODELED
PHI_CB_02,CB,85,84,93,72,69,93,92,81,64,60,,69,,,,,,,,,,,,,,,,,,,,,71,,,,,,81,,,,74,,,,,,,,,,,,,,,,,,80,,,,,74,MODELED
PHI_CB_03,CB,75,79,73,60,84,75,80,82,49,65,,71,,,,,,,,,,,,,,,,,,,,,68,,,,,,82,,,,79,,,,,,,,,,,,,,,,,,81,,,,,69,MODELED
PHI_CB_04,CB,71,72,74,68,83,80,68,78,54,74,,60,,,,,,,,,,,,,,,,,,,,,63,,,,,,74,,,,53,,,,,,,,,,,,,,,,,,67,,,,,66,MODELED
PHI_CB_05,CB,74,83,75,62,84,83,81,71,65,77,,71,,,,,,,,,,,,,,,,,,,,,63,,,,,,75,,,,64,,,,,,,,,,,,,,,,,,65,,,,,59,MODELED
PHI_CB_06,CB,77,77,70,49,90,49,57,72,73,68,,71,,,,,,,,,,,,,,,,,,,,,67,,,,,,74,,,,76,,,,,,,,,,,,,,,,,,73,,,,,60,MODELED
PHI_CB_07,CB,79,81,81,72,81,83,62,68,55,76,,56,,,,,,,,,,,,,,,,,,,,,72,,,,,,58,,,,77,,,,,,,,,,,,,,,,,,69,,,,,80,MODELED
PHI_CB_08,CB,85,85,64,54,80,77,63,63,78,66,,50,,,,,,,,,,,,,,,,,,,,,65,,,,,,67,,,,83,,,,,,,,,,,,,,,,,,58,,,,,56,MODELED
PHI_CB_09,CB,63,58,57,52,64,48,46,60,69,46,,40,,,,,,,,,,,,,,,,,,,,,48,,,,,,49,,,,53,,,,,,,,,,,,,,,,,,47,,,,,58,MODELED
PHI_CB_10,CB,86,67,72,62,74,59,64,65,61,68,,65,,,,,,,,,,,,,,,,,,,,,60,,,,,,56,,,,51,,,,,,,,,,,,,,,,,,48,,,,,53,MODELED
PHI_CB_11,CB,63,72,67,50,75,90,59,63,65,63,,49,,,,,,,,,,,,,,,,,,,,,58,,,,,,65,,,,48,,,,,,,,,,,,,,,,,,41,,,,,65,MODELED
PHI_S_01,S,84,92,85,77,74,99,76,82,78,79,,70,,,,,,,,,,,,,,,,,,,,,89,,,,,,78,,,,77,,,,,,,,,,88,,,,,,,,83,,,,,84,MODELED
PHI_S_02,S,87,99,88,69,94,50,91,91,80,78,,89,,,,,,,,,,,,,,,,,,,,,78,,,,,,96,,,,92,,,,,,,,,,91,,,,,,,,98,,,,,84,MODELED
PHI_S_03,S,59,81,62,61,86,70,65,61,81,78,,58,,,,,,,,,,,,,,,,,,,,,68,,,,,,69,,,,61,,,,,,,,,,60,,,,,,,,44,,,,,61,MODELED
PHI_S_04,S,65,78,77,59,75,79,72,63,77,67,,76,,,,,,,,,,,,,,,,,,,,,69,,,,,,60,,,,62,,,,,,,,,,71,,,,,,,,69,,,,,62,MODELED
PHI_S_05,S,62,67,66,66,75,99,62,58,83,64,,54,,,,,,,,,,,,,,,,,,,,,62,,,,,,70,,,,68,,,,,,,,,,52,,,,,,,,71,,,,,48,MODELED
PHI_S_06,S,79,66,70,65,70,55,51,69,73,54,,65,,,,,,,,,,,,,,,,,,,,,65,,,,,,68,,,,76,,,,,,,,,,65,,,,,,,,61,,,,,74,MODELED
PHI_S_07,S,54,55,70,45,80,47,47,59,99,59,,44,,,,,,,,,,,,,,,,,,,,,54,,,,,,53,,,,52,,,,,,,,,,56,,,,,,,,63,,,,,44,MODELED
PHI_K_01,K,52,52,52,62,73,66,78,82,74,57,,,,,,,,,67,,,,,,,,,76,76,74,,,,,,,,,,,,,,,,,,,,,,,,,,,,,,,,,,,,,MODELED
PHI_K_02,K,35,55,51,46,73,62,54,72,80,68,,,,,,,,,70,,,,,,,,,60,60,75,,,,,,,,,,,,,,,,,,,,,,,,,,,,,,,,,,,,,MODELED
PHI_P_01,P,43,56,56,64,86,83,69,78,81,71,,,,,,,,,,,,,,78,,,71,,,,,,,,,,,,,,,,,,81,78,,,,,,,,,,,,,,,,,,,,,MODELED
PHI_P_02,P,22,31,26,40,78,62,54,57,46,45,,,,,,,,,,,,,,51,,,49,,,,,,,,,,,,,,,,,,56,54,,,,,,,,,,,,,,,,,,,,,MODELED
PHI_LS_01,LS,54,58,67,80,71,69,66,64,71,74,,,,,,,,,,,60,,,,,,,,,,,,,,,,,,,,,,,,,,,,,,,,,,,,,69,77,,,,,,,,MODELED
WAS_QB_01,QB,66,67,75,68,81,60,75,65,50,68,,,,,,,,,,,,63,88,,,,,,,,,,,84,,,,85,,75,,,,78,,,,,,,,,,77,,,66,,,,,,82,72,,,MODELED
WAS_QB_02,QB,57,55,70,52,69,78,61,70,66,64,,,,,,,,,,,,77,68,,,,,,,,,,,51,,,,62,,62,,,,68,,,,,,,,,,56,,,63,,,,,,59,55,,,MODELED
WAS_QB_03,QB,61,61,60,69,76,99,61,68,98,53,,,,,,,,,,,,70,69,,,,,,,,,,,70,,,,66,,81,,,,75,,,,,,,,,,59,,,60,,,,,,68,69,,,MODELED
WAS_QB_04,QB,66,51,50,58,72,69,35,62,77,74,,,,,,,,,,,,53,48,,,,,,,,,,,56,,,,65,,65,,,,59,,,,,,,,,,57,,,46,,,,,,48,53,,,MODELED
WAS_RB_01,RB,94,92,83,82,82,64,84,86,60,79,,,,,89,69,,,,71,,,,,93,,,,,,,,,,,71,,,,,,,,,,,,82,,,,,,,,,,,,,,,,,60,,MODELED
WAS_RB_02,RB,83,91,82,69,86,68,69,77,72,69,,,,,60,68,,,,78,,,,,75,,,,,,,,,,,78,,,,,,,,,,,,73,,,,,,,,,,,,,,,,,86,,MODELED
WAS_RB_03,RB,81,78,72,76,88,76,57,79,68,65,,,,,66,69,,,,61,,,,,72,,,,,,,,,,,73,,,,,,,,,,,,64,,,,,,,,,,,,,,,,,64,,MODELED
WAS_RB_04,RB,74,70,66,71,74,51,64,67,77,53,,,,,60,74,,,,63,,,,,54,,,,,,,,,,,62,,,,,,,,,,,,59,,,,,,,,,,,,,,,,,66,,MODELED
WAS_RB_05,RB,58,65,57,59,66,59,54,55,62,56,,,,,61,52,,,,58,,,,,49,,,,,,,,,,,54,,,,,,,,,,,,59,,,,,,,,,,,,,,,,,44,,MODELED
WAS_FB_01,FB,72,66,67,88,96,63,85,87,81,69,,,,,,79,,,,87,,,,,,,,,,,84,,,,,81,,,,,,,,,,,,73,,,72,,,,,,,,,,,,,,,,MODELED
WAS_WR_01,WR,77,76,80,74,76,70,82,86,67,68,,,,,,,77,76,,,,,,,,,,,,,,,,,,,,,,,,,,,,,,,89,79,69,,,,,78,,,,84,,,,,,,MODELED
WAS_WR_02,WR,92,82,99,75,73,57,96,81,74,71,,,,,,,85,92,,,,,,,,,,,,,,,,,,,,,,,,,,,,,,,82,76,80,,,,,80,,,,93,,,,,,,MODELED
WAS_WR_03,WR,99,85,86,71,80,99,81,79,91,79,,,,,,,79,60,,,,,,,,,,,,,,,,,,,,,,,,,,,,,,,79,74,81,,,,,74,,,,89,,,,,,,MODELED
WAS_WR_04,WR,77,78,94,64,72,83,72,65,76,51,,,,,,,68,65,,,,,,,,,,,,,,,,,,,,,,,,,,,,,,,69,70,76,,,,,69,,,,76,,,,,,,MODELED
WAS_WR_05,WR,58,66,67,53,84,61,63,70,87,62,,,,,,,51,65,,,,,,,,,,,,,,,,,,,,,,,,,,,,,,,46,69,73,,,,,51,,,,77,,,,,,,MODELED
WAS_WR_06,WR,79,94,75,68,68,94,72,65,67,57,,,,,,,73,75,,,,,,,,,,,,,,,,,,,,,,,,,,,,,,,75,79,70,,,,,66,,,,85,,,,,,,MODELED
WAS_WR_07,WR,71,83,76,54,78,74,65,65,75,84,,,,,,,55,71,,,,,,,,,,,,,,,,,,,,,,,,,,,,,,,63,62,58,,,,,69,,,,58,,,,,,,MODELED
WAS_WR_08,WR,64,63,70,52,69,80,46,56,80,61,,,,,,,51,48,,,,,,,,,,,,,,,,,,,,,,,,,,,,,,,53,59,42,,,,,60,,,,54,,,,,,,MODELED
WAS_WR_09,WR,79,69,66,52,91,89,68,57,51,68,,,,,,,58,72,,,,,,,,,,,,,,,,,,,,,,,,,,,,,,,55,62,71,,,,,57,,,,68,,,,,,,MODELED
WAS_WR_10,WR,72,76,74,52,71,79,48,63,70,56,,,,,,,50,61,,,,,,,,,,,,,,,,,,,,,,,,,,,,,,,59,80,68,,,,,54,,,,72,,,,,,,MODELED
WAS_WR_11,WR,62,76,58,49,73,80,65,67,68,55,,,,,,,58,74,,,,,,,,,,,,,,,,,,,,,,,,,,,,,,,68,63,72,,,,,59,,,,65,,,,,,,MODELED
WAS_TE_01,TE,75,80,73,74,71,89,69,77,78,69,,,,,,,77,67,,,,,,,,,,,,,,,,,76,,,,,,,,,,,,,,66,72,80,,,,,69,,,,70,,,,,,,MODELED
WAS_TE_02,TE,74,69,75,76,86,54,68,74,73,73,,,,,,,63,71,,,,,,,,,,,,,,,,,68,,,,,,,,,,,,,,64,79,72,,,,,72,,,,81,,,,,,,MODELED
WAS_TE_03,TE,57,64,58,56,79,79,62,59,78,47,,,,,,,67,68,,,,,,,,,,,,,,,,,51,,,,,,,,,,,,,,67,66,60,,,,,70,,,,51,,,,,,,MODELED
WAS_TE_04,TE,60,63,61,67,74,65,63,65,65,67,,,,,,,62,62,,,,,,,,,,,,,,,,,61,,,,,,,,,,,,,,68,55,55,,,,,73,,,,69,,,,,,,MODELED
WAS_TE_05,TE,53,65,54,56,82,51,59,57,78,70,,,,,,,63,42,,,,,,,,,,,,,,,,,52,,,,,,,,,,,,,,49,51,64,,,,,58,,,,52,,,,,,,MODELED
WAS_TE_06,TE,51,52,49,66,70,92,61,49,30,50,,,,,,,52,62,,,,,,,,,,,,,,,,,53,,,,,,,,,,,,,,61,56,59,,,,,55,,,,70,,,,,,,MODELED
WAS_OT_01,OT,57,67,67,92,92,69,78,84,68,81,80,,,,,,,,,,,,,,,,,,,,,,,,75,,,,,,78,,,,,,,,,,77,,,,95,,,,,,,80,,,,,MODELED
WAS_OT_02,OT,69,72,61,93,88,87,75,81,72,78,78,,,,,,,,,,,,,,,,,,,,,,,,85,,,,,,68,,,,,,,,,,76,,,,68,,,,,,,69,,,,,MODELED
WAS_OT_03,OT,51,53,71,87,77,59,76,85,63,61,75,,,,,,,,,,,,,,,,,,,,,,,,72,,,,,,77,,,,,,,,,,66,,,,62,,,,,,,75,,,,,MODELED
WAS_OT_04,OT,58,68,65,96,78,73,84,74,62,80,78,,,,,,,,,,,,,,,,,,,,,,,,84,,,,,,57,,,,,,,,,,59,,,,80,,,,,,,68,,,,,MODELED
WAS_OT_05,OT,45,50,57,81,79,60,52,46,63,47,63,,,,,,,,,,,,,,,,,,,,,,,,54,,,,,,64,,,,,,,,,,69,,,,63,,,,,,,61,,,,,MODELED
WAS_OT_06,OT,41,50,45,66,66,97,52,57,36,65,45,,,,,,,,,,,,,,,,,,,,,,,,48,,,,,,45,,,,,,,,,,54,,,,60,,,,,,,50,,,,,MODELED
WAS_OG_01,OG,44,53,62,83,77,96,86,73,74,72,75,,,,,,,,,,,,,,,,,,,,,,,,73,,,,,,83,,,,,,,,,,72,,,,69,,,,,,,85,,,,,MODELED
WAS_OG_02,OG,66,73,78,99,96,60,79,87,74,85,91,,,,,,,,,,,,,,,,,,,,,,,,91,,,,,,79,,,,,,,,,,84,,,,94,,,,,,,94,,,,,MODELED
WAS_OG_03,OG,40,47,46,76,68,72,67,55,43,61,53,,,,,,,,,,,,,,,,,,,,,,,,52,,,,,,63,,,,,,,,,,62,,,,49,,,,,,,67,,,,,MODELED
WAS_OG_04,OG,51,58,61,89,76,85,73,70,61,68,78,,,,,,,,,,,,,,,,,,,,,,,,76,,,,,,63,,,,,,,,,,76,,,,84,,,,,,,79,,,,,MODELED
WAS_OG_05,OG,47,47,55,73,74,88,68,59,73,65,70,,,,,,,,,,,,,,,,,,,,,,,,67,,,,,,64,,,,,,,,,,73,,,,50,,,,,,,52,,,,,MODELED
WAS_OG_06,OG,33,35,37,57,66,58,56,46,50,80,51,,,,,,,,,,,,,,,,,,,,,,,,45,,,,,,37,,,,,,,,,,43,,,,48,,,,,,,59,,,,,MODELED
WAS_C_01,C,50,56,59,73,88,84,69,70,70,72,71,,,,,,,,,,,,,,,,,,,,,70,,,69,,,,,,68,,,,,,,,,,76,,,,,,,72,,,,75,,,,,MODELED
WAS_C_02,C,33,37,46,65,69,99,67,66,87,57,59,,,,,,,,,,,,,,,,,,,,,45,,,61,,,,,,43,,,,,,,,,,46,,,,,,,42,,,,62,,,,,MODELED
WAS_C_03,C,51,55,45,69,79,77,62,70,63,68,54,,,,,,,,,,,,,,,,,,,,,67,,,65,,,,,,66,,,,,,,,,,62,,,,,,,51,,,,68,,,,,MODELED
WAS_EDGE_01,EDGE,77,80,75,81,75,64,82,70,71,57,,,,78,,,,,,,67,,,,,81,,,,,,,,,,,66,,,,,66,,,,,80,,,,,62,,,,,,,,,,,,,,,MODELED
WAS_EDGE_02,EDGE,83,78,81,95,95,69,76,84,69,60,,,,73,,,,,,,79,,,,,84,,,,,,,,,,,83,,,,,97,,,,,85,,,,,84,,,,,,,,,,,,,,,MODELED
WAS_EDGE_03,EDGE,70,79,70,75,85,96,58,71,80,84,,,,67,,,,,,,59,,,,,68,,,,,,,,,,,76,,,,,56,,,,,72,,,,,75,,,,,,,,,,,,,,,MODELED
WAS_EDGE_04,EDGE,73,74,74,74,75,73,57,66,53,72,,,,73,,,,,,,58,,,,,72,,,,,,,,,,,62,,,,,60,,,,,80,,,,,59,,,,,,,,,,,,,,,MODELED
WAS_EDGE_05,EDGE,73,69,68,77,82,61,68,74,87,62,,,,76,,,,,,,62,,,,,72,,,,,,,,,,,74,,,,,55,,,,,73,,,,,60,,,,,,,,,,,,,,,MODELED
WAS_EDGE_06,EDGE,83,72,81,94,85,79,80,86,66,80,,,,77,,,,,,,76,,,,,79,,,,,,,,,,,70,,,,,61,,,,,71,,,,,72,,,,,,,,,,,,,,,MODELED
WAS_EDGE_07,EDGE,68,77,72,63,73,77,52,56,69,70,,,,67,,,,,,,72,,,,,58,,,,,,,,,,,69,,,,,63,,,,,55,,,,,68,,,,,,,,,,,,,,,MODELED
WAS_EDGE_08,EDGE,46,54,52,62,76,41,59,60,74,59,,,,60,,,,,,,49,,,,,64,,,,,,,,,,,59,,,,,49,,,,,62,,,,,51,,,,,,,,,,,,,,,MODELED
WAS_EDGE_09,EDGE,67,73,70,62,79,78,49,74,47,60,,,,62,,,,,,,62,,,,,52,,,,,,,,,,,42,,,,,48,,,,,44,,,,,70,,,,,,,,,,,,,,,MODELED
WAS_DT_01,DT,56,83,76,88,89,60,80,83,82,72,,,,82,,,,,,,,,,,,62,,,,,,,,,,,86,,,,,72,,,,,68,,,,,73,,,,,,,,,,,,,,,MODELED
WAS_DT_02,DT,75,83,85,99,80,66,87,99,82,74,,,,82,,,,,,,,,,,,79,,,,,,,,,,,86,,,,,94,,,,,78,,,,,93,,,,,,,,,,,,,,,MODELED
WAS_DT_03,DT,64,59,57,77,69,67,65,72,62,61,,,,75,,,,,,,,,,,,80,,,,,,,,,,,74,,,,,80,,,,,62,,,,,76,,,,,,,,,,,,,,,MODELED
WAS_DT_04,DT,60,51,63,79,77,99,72,66,44,77,,,,71,,,,,,,,,,,,75,,,,,,,,,,,73,,,,,68,,,,,53,,,,,72,,,,,,,,,,,,,,,MODELED
WAS_DT_05,DT,52,65,63,87,92,63,71,61,70,65,,,,67,,,,,,,,,,,,70,,,,,,,,,,,68,,,,,69,,,,,76,,,,,69,,,,,,,,,,,,,,,MODELED
WAS_DT_06,DT,45,48,41,73,68,67,49,60,82,41,,,,59,,,,,,,,,,,,48,,,,,,,,,,,73,,,,,53,,,,,63,,,,,58,,,,,,,,,,,,,,,MODELED
WAS_DT_07,DT,38,45,41,74,66,71,45,47,72,45,,,,47,,,,,,,,,,,,54,,,,,,,,,,,57,,,,,42,,,,,49,,,,,58,,,,,,,,,,,,,,,MODELED
WAS_DT_08,DT,38,49,41,64,77,69,53,42,59,65,,,,45,,,,,,,,,,,,51,,,,,,,,,,,51,,,,,61,,,,,55,,,,,53,,,,,,,,,,,,,,,MODELED
WAS_LB_01,LB,71,85,75,72,82,81,83,78,97,68,,,80,70,,,,,,,,,,,,,,,,,,,84,,,,,,66,,,,,,,,76,,,,,,,,,,,,,,79,,,,,85,MODELED
WAS_LB_02,LB,86,80,83,89,82,44,89,77,80,75,,,82,78,,,,,,,,,,,,,,,,,,,81,,,,,,75,,,,,,,,76,,,,,,,,,,,,,,79,,,,,79,MODELED
WAS_LB_03,LB,72,75,84,71,77,81,67,72,72,69,,,65,74,,,,,,,,,,,,,,,,,,,67,,,,,,77,,,,,,,,75,,,,,,,,,,,,,,78,,,,,72,MODELED
WAS_LB_04,LB,70,81,80,66,81,73,75,77,92,60,,,70,62,,,,,,,,,,,,,,,,,,,68,,,,,,63,,,,,,,,68,,,,,,,,,,,,,,74,,,,,82,MODELED
WAS_LB_05,LB,80,83,64,63,82,67,73,63,77,55,,,70,59,,,,,,,,,,,,,,,,,,,69,,,,,,81,,,,,,,,60,,,,,,,,,,,,,,64,,,,,63,MODELED
WAS_LB_06,LB,64,54,63,58,77,77,70,49,66,60,,,59,63,,,,,,,,,,,,,,,,,,,51,,,,,,61,,,,,,,,56,,,,,,,,,,,,,,52,,,,,56,MODELED
WAS_LB_07,LB,57,70,69,72,84,85,55,54,73,60,,,55,63,,,,,,,,,,,,,,,,,,,48,,,,,,57,,,,,,,,60,,,,,,,,,,,,,,56,,,,,60,MODELED
WAS_LB_08,LB,47,56,49,61,73,65,55,51,69,58,,,56,51,,,,,,,,,,,,,,,,,,,53,,,,,,55,,,,,,,,58,,,,,,,,,,,,,,62,,,,,68,MODELED
WAS_CB_01,CB,89,91,87,67,72,76,64,69,55,62,,69,,,,,,,,,,,,,,,,,,,,,68,,,,,,72,,,,73,,,,,,,,,,,,,,,,,,68,,,,,78,MODELED
WAS_CB_02,CB,92,93,99,81,90,66,82,89,51,77,,97,,,,,,,,,,,,,,,,,,,,,98,,,,,,94,,,,85,,,,,,,,,,,,,,,,,,94,,,,,84,MODELED
WAS_CB_03,CB,81,86,87,50,83,77,83,67,81,62,,63,,,,,,,,,,,,,,,,,,,,,59,,,,,,77,,,,62,,,,,,,,,,,,,,,,,,67,,,,,66,MODELED
WAS_CB_04,CB,83,79,74,52,80,85,66,70,78,57,,88,,,,,,,,,,,,,,,,,,,,,76,,,,,,74,,,,75,,,,,,,,,,,,,,,,,,77,,,,,73,MODELED
WAS_CB_05,CB,76,76,79,60,75,69,72,73,70,67,,61,,,,,,,,,,,,,,,,,,,,,70,,,,,,79,,,,64,,,,,,,,,,,,,,,,,,70,,,,,66,MODELED
WAS_CB_06,CB,79,83,80,65,85,60,68,69,55,68,,73,,,,,,,,,,,,,,,,,,,,,62,,,,,,66,,,,68,,,,,,,,,,,,,,,,,,76,,,,,72,MODELED
WAS_CB_07,CB,78,76,77,63,69,54,59,65,89,70,,73,,,,,,,,,,,,,,,,,,,,,71,,,,,,64,,,,66,,,,,,,,,,,,,,,,,,79,,,,,76,MODELED
WAS_CB_08,CB,76,85,66,55,78,77,60,53,81,49,,65,,,,,,,,,,,,,,,,,,,,,51,,,,,,62,,,,71,,,,,,,,,,,,,,,,,,72,,,,,66,MODELED
WAS_CB_09,CB,67,54,64,40,82,78,55,60,77,63,,51,,,,,,,,,,,,,,,,,,,,,58,,,,,,43,,,,63,,,,,,,,,,,,,,,,,,37,,,,,55,MODELED
WAS_CB_10,CB,58,62,59,54,78,76,49,54,60,59,,68,,,,,,,,,,,,,,,,,,,,,60,,,,,,55,,,,60,,,,,,,,,,,,,,,,,,60,,,,,60,MODELED
WAS_CB_11,CB,83,70,60,46,79,66,63,50,43,53,,56,,,,,,,,,,,,,,,,,,,,,65,,,,,,50,,,,47,,,,,,,,,,,,,,,,,,48,,,,,57,MODELED
WAS_S_01,S,80,61,72,67,86,87,71,67,86,53,,70,,,,,,,,,,,,,,,,,,,,,54,,,,,,84,,,,61,,,,,,,,,,83,,,,,,,,61,,,,,70,MODELED
WAS_S_02,S,88,76,75,60,91,83,68,74,69,53,,74,,,,,,,,,,,,,,,,,,,,,60,,,,,,69,,,,76,,,,,,,,,,74,,,,,,,,73,,,,,73,MODELED
WAS_S_03,S,78,77,84,75,81,87,76,88,76,71,,72,,,,,,,,,,,,,,,,,,,,,77,,,,,,59,,,,56,,,,,,,,,,80,,,,,,,,67,,,,,76,MODELED
WAS_S_04,S,89,78,83,74,85,85,74,87,86,78,,84,,,,,,,,,,,,,,,,,,,,,69,,,,,,84,,,,74,,,,,,,,,,82,,,,,,,,64,,,,,77,MODELED
WAS_S_05,S,71,83,78,62,77,58,70,72,59,50,,57,,,,,,,,,,,,,,,,,,,,,54,,,,,,57,,,,71,,,,,,,,,,64,,,,,,,,56,,,,,70,MODELED
WAS_S_06,S,67,60,57,48,66,72,43,55,64,61,,55,,,,,,,,,,,,,,,,,,,,,54,,,,,,42,,,,52,,,,,,,,,,56,,,,,,,,53,,,,,37,MODELED
WAS_S_07,S,57,60,58,55,85,81,48,49,94,50,,46,,,,,,,,,,,,,,,,,,,,,64,,,,,,53,,,,43,,,,,,,,,,42,,,,,,,,64,,,,,57,MODELED
WAS_K_01,K,50,54,48,61,82,65,71,72,67,72,,,,,,,,,66,,,,,,,,,77,81,71,,,,,,,,,,,,,,,,,,,,,,,,,,,,,,,,,,,,,MODELED
WAS_K_02,K,41,51,55,55,79,67,59,67,78,59,,,,,,,,,69,,,,,,,,,64,57,56,,,,,,,,,,,,,,,,,,,,,,,,,,,,,,,,,,,,,MODELED
WAS_P_01,P,64,60,73,72,98,79,84,78,92,81,,,,,,,,,,,,,,71,,,81,,,,,,,,,,,,,,,,,,81,79,,,,,,,,,,,,,,,,,,,,,MODELED
WAS_P_02,P,42,54,46,55,86,80,66,59,84,73,,,,,,,,,,,,,,71,,,67,,,,,,,,,,,,,,,,,,57,70,,,,,,,,,,,,,,,,,,,,,MODELED
WAS_LS_01,LS,60,40,54,77,75,83,65,76,68,80,,,,,,,,,,,65,,,,,,,,,,,,,,,,,,,,,,,,,,,,,,,,,,,,,77,75,,,,,,,,MODELED
NYG_QB_01,QB,72,75,61,72,85,67,72,74,61,56,,,,,,,,,,,,77,63,,,,,,,,,,,77,,,,73,,80,,,,65,,,,,,,,,,64,,,69,,,,,,67,61,,,MODELED
NYG_QB_02,QB,69,73,62,61,66,67,61,77,82,64,,,,,,,,,,,,68,74,,,,,,,,,,,75,,,,66,,75,,,,70,,,,,,,,,,75,,,69,,,,,,75,69,,,MODELED
NYG_QB_03,QB,44,56,40,54,89,58,48,57,60,57,,,,,,,,,,,,59,56,,,,,,,,,,,50,,,,60,,59,,,,56,,,,,,,,,,55,,,50,,,,,,41,50,,,MODELED
NYG_QB_04,QB,62,55,49,54,80,82,56,59,74,73,,,,,,,,,,,,50,67,,,,,,,,,,,61,,,,66,,68,,,,59,,,,,,,,,,55,,,65,,,,,,50,69,,,MODELED
NYG_RB_01,RB,89,86,79,77,82,75,71,84,62,56,,,,,81,74,,,,72,,,,,78,,,,,,,,,,,71,,,,,,,,,,,,72,,,,,,,,,,,,,,,,,78,,MODELED
NYG_RB_02,RB,67,77,72,70,88,71,62,57,72,59,,,,,73,68,,,,51,,,,,57,,,,,,,,,,,71,,,,,,,,,,,,67,,,,,,,,,,,,,,,,,72,,MODELED
NYG_RB_03,RB,80,78,93,70,79,99,78,85,70,71,,,,,73,82,,,,65,,,,,82,,,,,,,,,,,85,,,,,,,,,,,,73,,,,,,,,,,,,,,,,,67,,MODELED
NYG_RB_04,RB,76,72,73,84,88,76,62,61,64,76,,,,,69,59,,,,65,,,,,69,,,,,,,,,,,72,,,,,,,,,,,,64,,,,,,,,,,,,,,,,,58,,MODELED
NYG_RB_05,RB,70,72,69,64,83,74,63,49,59,74,,,,,58,56,,,,65,,,,,59,,,,,,,,,,,61,,,,,,,,,,,,56,,,,,,,,,,,,,,,,,64,,MODELED
NYG_FB_01,FB,69,64,56,90,91,52,80,91,84,64,,,,,,63,,,,67,,,,,,,,,,,74,,,,,71,,,,,,,,,,,,77,,,57,,,,,,,,,,,,,,,,MODELED
NYG_WR_01,WR,78,76,72,53,80,71,70,65,91,73,,,,,,,67,71,,,,,,,,,,,,,,,,,,,,,,,,,,,,,,,70,70,66,,,,,58,,,,59,,,,,,,MODELED
NYG_WR_02,WR,84,90,86,81,84,84,70,74,57,65,,,,,,,78,82,,,,,,,,,,,,,,,,,,,,,,,,,,,,,,,95,80,85,,,,,84,,,,77,,,,,,,MODELED
NYG_WR_03,WR,99,93,88,68,91,75,79,81,67,68,,,,,,,82,68,,,,,,,,,,,,,,,,,,,,,,,,,,,,,,,91,95,85,,,,,75,,,,84,,,,,,,MODELED
NYG_WR_04,WR,75,78,68,69,84,99,65,75,69,62,,,,,,,69,67,,,,,,,,,,,,,,,,,,,,,,,,,,,,,,,68,66,69,,,,,72,,,,60,,,,,,,MODELED
NYG_WR_05,WR,71,93,67,44,80,86,70,68,67,61,,,,,,,56,66,,,,,,,,,,,,,,,,,,,,,,,,,,,,,,,69,54,84,,,,,68,,,,68,,,,,,,MODELED
NYG_WR_06,WR,60,83,70,51,74,83,55,69,44,63,,,,,,,61,62,,,,,,,,,,,,,,,,,,,,,,,,,,,,,,,69,57,68,,,,,71,,,,66,,,,,,,MODELED
NYG_WR_07,WR,69,70,71,43,75,53,73,54,90,60,,,,,,,71,80,,,,,,,,,,,,,,,,,,,,,,,,,,,,,,,61,56,71,,,,,58,,,,61,,,,,,,MODELED
NYG_WR_08,WR,75,67,67,55,66,82,53,56,78,80,,,,,,,52,63,,,,,,,,,,,,,,,,,,,,,,,,,,,,,,,53,57,62,,,,,68,,,,61,,,,,,,MODELED
NYG_WR_09,WR,81,73,79,68,81,63,57,62,66,57,,,,,,,70,79,,,,,,,,,,,,,,,,,,,,,,,,,,,,,,,69,64,68,,,,,69,,,,66,,,,,,,MODELED
NYG_WR_10,WR,64,60,73,56,73,81,54,58,72,69,,,,,,,47,57,,,,,,,,,,,,,,,,,,,,,,,,,,,,,,,63,56,64,,,,,73,,,,62,,,,,,,MODELED
NYG_WR_11,WR,79,76,68,73,87,74,58,67,82,61,,,,,,,62,66,,,,,,,,,,,,,,,,,,,,,,,,,,,,,,,60,63,51,,,,,78,,,,71,,,,,,,MODELED
NYG_TE_01,TE,68,75,70,69,79,82,70,62,62,45,,,,,,,75,83,,,,,,,,,,,,,,,,,73,,,,,,,,,,,,,,60,69,61,,,,,67,,,,67,,,,,,,MODELED
NYG_TE_02,TE,58,61,64,74,88,58,68,61,83,70,,,,,,,62,69,,,,,,,,,,,,,,,,,59,,,,,,,,,,,,,,52,53,57,,,,,57,,,,66,,,,,,,MODELED
NYG_TE_03,TE,62,87,74,76,79,47,70,73,71,66,,,,,,,79,77,,,,,,,,,,,,,,,,,64,,,,,,,,,,,,,,73,63,73,,,,,74,,,,81,,,,,,,MODELED
NYG_TE_04,TE,61,62,50,57,74,81,46,56,71,62,,,,,,,48,58,,,,,,,,,,,,,,,,,56,,,,,,,,,,,,,,62,54,68,,,,,54,,,,63,,,,,,,MODELED
NYG_TE_05,TE,45,48,47,51,77,87,47,52,65,47,,,,,,,58,50,,,,,,,,,,,,,,,,,48,,,,,,,,,,,,,,38,49,47,,,,,48,,,,58,,,,,,,MODELED
NYG_TE_06,TE,41,58,49,57,70,70,53,55,38,56,,,,,,,45,48,,,,,,,,,,,,,,,,,50,,,,,,,,,,,,,,47,55,47,,,,,57,,,,54,,,,,,,MODELED
NYG_OT_01,OT,60,78,73,84,93,74,86,67,66,78,64,,,,,,,,,,,,,,,,,,,,,,,,79,,,,,,74,,,,,,,,,,78,,,,86,,,,,,,75,,,,,MODELED
NYG_OT_02,OT,71,74,85,99,83,61,80,77,86,83,70,,,,,,,,,,,,,,,,,,,,,,,,84,,,,,,85,,,,,,,,,,74,,,,78,,,,,,,91,,,,,MODELED
NYG_OT_03,OT,36,50,53,81,72,72,67,74,90,65,70,,,,,,,,,,,,,,,,,,,,,,,,64,,,,,,65,,,,,,,,,,57,,,,91,,,,,,,76,,,,,MODELED
NYG_OT_04,OT,52,62,67,81,65,72,74,65,76,69,68,,,,,,,,,,,,,,,,,,,,,,,,66,,,,,,70,,,,,,,,,,68,,,,73,,,,,,,68,,,,,MODELED
NYG_OT_05,OT,35,37,44,70,81,56,52,54,86,57,58,,,,,,,,,,,,,,,,,,,,,,,,51,,,,,,48,,,,,,,,,,57,,,,57,,,,,,,54,,,,,MODELED
NYG_OT_06,OT,46,48,46,71,93,58,71,60,87,58,61,,,,,,,,,,,,,,,,,,,,,,,,50,,,,,,68,,,,,,,,,,62,,,,71,,,,,,,64,,,,,MODELED
NYG_OG_01,OG,43,56,48,75,71,66,65,68,89,74,67,,,,,,,,,,,,,,,,,,,,,,,,75,,,,,,72,,,,,,,,,,49,,,,69,,,,,,,68,,,,,MODELED
NYG_OG_02,OG,54,61,56,89,89,57,64,79,64,47,65,,,,,,,,,,,,,,,,,,,,,,,,70,,,,,,75,,,,,,,,,,76,,,,69,,,,,,,64,,,,,MODELED
NYG_OG_03,OG,43,58,54,76,77,60,56,61,84,53,57,,,,,,,,,,,,,,,,,,,,,,,,51,,,,,,61,,,,,,,,,,64,,,,64,,,,,,,67,,,,,MODELED
NYG_OG_04,OG,36,38,56,86,67,93,67,57,67,59,62,,,,,,,,,,,,,,,,,,,,,,,,72,,,,,,47,,,,,,,,,,67,,,,62,,,,,,,60,,,,,MODELED
NYG_OG_05,OG,32,45,40,81,81,70,54,56,84,68,62,,,,,,,,,,,,,,,,,,,,,,,,61,,,,,,59,,,,,,,,,,49,,,,57,,,,,,,67,,,,,MODELED
NYG_OG_06,OG,45,51,57,85,72,72,57,57,79,59,56,,,,,,,,,,,,,,,,,,,,,,,,65,,,,,,73,,,,,,,,,,47,,,,73,,,,,,,72,,,,,MODELED
NYG_C_01,C,49,64,54,85,87,99,73,66,58,58,75,,,,,,,,,,,,,,,,,,,,,77,,,73,,,,,,71,,,,,,,,,,77,,,,,,,84,,,,69,,,,,MODELED
NYG_C_02,C,47,44,47,65,76,62,56,54,78,51,61,,,,,,,,,,,,,,,,,,,,,56,,,73,,,,,,61,,,,,,,,,,58,,,,,,,61,,,,43,,,,,MODELED
NYG_C_03,C,46,50,60,89,73,54,66,66,66,59,69,,,,,,,,,,,,,,,,,,,,,63,,,64,,,,,,69,,,,,,,,,,72,,,,,,,76,,,,62,,,,,MODELED
NYG_EDGE_01,EDGE,75,74,83,86,88,87,76,81,73,61,,,,80,,,,,,,77,,,,,84,,,,,,,,,,,92,,,,,82,,,,,72,,,,,73,,,,,,,,,,,,,,,MODELED
NYG_EDGE_02,EDGE,75,80,65,87,66,78,68,82,77,73,,,,82,,,,,,,72,,,,,72,,,,,,,,,,,79,,,,,61,,,,,87,,,,,80,,,,,,,,,,,,,,,MODELED
NYG_EDGE_03,EDGE,77,71,68,76,89,47,64,62,76,79,,,,75,,,,,,,70,,,,,73,,,,,,,,,,,61,,,,,53,,,,,62,,,,,68,,,,,,,,,,,,,,,MODELED
NYG_EDGE_04,EDGE,79,85,72,94,89,90,61,78,69,61,,,,72,,,,,,,79,,,,,76,,,,,,,,,,,63,,,,,60,,,,,77,,,,,70,,,,,,,,,,,,,,,MODELED
NYG_EDGE_05,EDGE,69,79,66,81,76,78,64,64,48,66,,,,84,,,,,,,65,,,,,64,,,,,,,,,,,61,,,,,66,,,,,78,,,,,64,,,,,,,,,,,,,,,MODELED
NYG_EDGE_06,EDGE,72,82,60,69,75,62,69,85,73,58,,,,64,,,,,,,59,,,,,71,,,,,,,,,,,76,,,,,62,,,,,53,,,,,74,,,,,,,,,,,,,,,MODELED
NYG_EDGE_07,EDGE,58,63,61,63,84,79,49,51,62,61,,,,55,,,,,,,66,,,,,54,,,,,,,,,,,56,,,,,66,,,,,57,,,,,55,,,,,,,,,,,,,,,MODELED
NYG_EDGE_08,EDGE,58,62,67,66,68,70,59,65,66,43,,,,46,,,,,,,55,,,,,65,,,,,,,,,,,50,,,,,50,,,,,74,,,,,67,,,,,,,,,,,,,,,MODELED
NYG_EDGE_09,EDGE,61,58,51,54,71,49,52,59,66,55,,,,48,,,,,,,51,,,,,62,,,,,,,,,,,41,,,,,59,,,,,51,,,,,66,,,,,,,,,,,,,,,MODELED
NYG_DT_01,DT,74,64,53,85,77,61,68,64,83,67,,,,73,,,,,,,,,,,,60,,,,,,,,,,,64,,,,,64,,,,,63,,,,,59,,,,,,,,,,,,,,,MODELED
NYG_DT_02,DT,64,52,65,82,80,64,76,62,95,53,,,,66,,,,,,,,,,,,78,,,,,,,,,,,59,,,,,68,,,,,68,,,,,59,,,,,,,,,,,,,,,MODELED
NYG_DT_03,DT,54,61,55,88,93,94,60,81,63,65,,,,70,,,,,,,,,,,,72,,,,,,,,,,,62,,,,,64,,,,,82,,,,,66,,,,,,,,,,,,,,,MODELED
NYG_DT_04,DT,62,64,54,96,95,71,84,67,64,70,,,,79,,,,,,,,,,,,95,,,,,,,,,,,89,,,,,72,,,,,79,,,,,86,,,,,,,,,,,,,,,MODELED
NYG_DT_05,DT,57,70,58,75,84,65,64,70,61,62,,,,77,,,,,,,,,,,,64,,,,,,,,,,,64,,,,,81,,,,,81,,,,,66,,,,,,,,,,,,,,,MODELED
NYG_DT_06,DT,44,38,50,72,80,76,52,55,78,53,,,,55,,,,,,,,,,,,58,,,,,,,,,,,54,,,,,55,,,,,58,,,,,65,,,,,,,,,,,,,,,MODELED
NYG_DT_07,DT,38,49,55,83,79,60,55,53,48,50,,,,56,,,,,,,,,,,,50,,,,,,,,,,,63,,,,,61,,,,,59,,,,,61,,,,,,,,,,,,,,,MODELED
NYG_DT_08,DT,42,60,46,81,72,80,58,70,54,47,,,,58,,,,,,,,,,,,58,,,,,,,,,,,59,,,,,64,,,,,66,,,,,57,,,,,,,,,,,,,,,MODELED
NYG_LB_01,LB,88,93,91,95,92,99,89,88,70,80,,,78,96,,,,,,,,,,,,,,,,,,,81,,,,,,88,,,,,,,,87,,,,,,,,,,,,,,90,,,,,79,MODELED
NYG_LB_02,LB,86,80,72,85,82,57,74,68,84,66,,,72,65,,,,,,,,,,,,,,,,,,,86,,,,,,73,,,,,,,,73,,,,,,,,,,,,,,63,,,,,75,MODELED
NYG_LB_03,LB,78,70,82,71,86,78,77,68,49,66,,,62,70,,,,,,,,,,,,,,,,,,,66,,,,,,67,,,,,,,,73,,,,,,,,,,,,,,67,,,,,67,MODELED
NYG_LB_04,LB,61,71,78,92,73,72,64,69,48,60,,,62,73,,,,,,,,,,,,,,,,,,,72,,,,,,66,,,,,,,,71,,,,,,,,,,,,,,80,,,,,66,MODELED
NYG_LB_05,LB,70,65,81,79,75,57,67,62,61,84,,,51,65,,,,,,,,,,,,,,,,,,,59,,,,,,64,,,,,,,,67,,,,,,,,,,,,,,67,,,,,71,MODELED
NYG_LB_06,LB,56,58,72,74,68,72,65,59,74,73,,,71,58,,,,,,,,,,,,,,,,,,,59,,,,,,76,,,,,,,,60,,,,,,,,,,,,,,66,,,,,76,MODELED
NYG_LB_07,LB,51,52,53,63,67,67,56,58,59,67,,,49,62,,,,,,,,,,,,,,,,,,,45,,,,,,53,,,,,,,,53,,,,,,,,,,,,,,55,,,,,53,MODELED
NYG_LB_08,LB,44,49,59,60,79,63,49,51,65,49,,,58,53,,,,,,,,,,,,,,,,,,,56,,,,,,47,,,,,,,,60,,,,,,,,,,,,,,54,,,,,69,MODELED
NYG_CB_01,CB,70,83,87,63,82,75,79,68,73,78,,72,,,,,,,,,,,,,,,,,,,,,79,,,,,,75,,,,74,,,,,,,,,,,,,,,,,,81,,,,,73,MODELED
NYG_CB_02,CB,93,89,94,65,84,76,89,85,55,76,,71,,,,,,,,,,,,,,,,,,,,,85,,,,,,68,,,,84,,,,,,,,,,,,,,,,,,88,,,,,70,MODELED
NYG_CB_03,CB,84,86,86,68,74,68,64,75,99,59,,60,,,,,,,,,,,,,,,,,,,,,72,,,,,,73,,,,76,,,,,,,,,,,,,,,,,,74,,,,,72,MODELED
NYG_CB_04,CB,77,71,77,58,87,57,73,76,73,71,,79,,,,,,,,,,,,,,,,,,,,,65,,,,,,60,,,,58,,,,,,,,,,,,,,,,,,70,,,,,54,MODELED
NYG_CB_05,CB,71,99,77,67,70,70,86,72,64,63,,69,,,,,,,,,,,,,,,,,,,,,73,,,,,,82,,,,75,,,,,,,,,,,,,,,,,,69,,,,,74,MODELED
NYG_CB_06,CB,78,71,71,51,81,72,57,58,43,57,,61,,,,,,,,,,,,,,,,,,,,,76,,,,,,58,,,,57,,,,,,,,,,,,,,,,,,69,,,,,53,MODELED
NYG_CB_07,CB,65,73,58,55,85,67,46,52,49,56,,55,,,,,,,,,,,,,,,,,,,,,61,,,,,,66,,,,59,,,,,,,,,,,,,,,,,,53,,,,,71,MODELED
NYG_CB_08,CB,73,83,78,65,74,69,67,76,66,62,,59,,,,,,,,,,,,,,,,,,,,,66,,,,,,63,,,,69,,,,,,,,,,,,,,,,,,70,,,,,72,MODELED
NYG_CB_09,CB,62,67,75,49,67,66,62,65,67,66,,57,,,,,,,,,,,,,,,,,,,,,52,,,,,,56,,,,54,,,,,,,,,,,,,,,,,,58,,,,,49,MODELED
NYG_CB_10,CB,66,80,76,54,79,66,56,48,59,62,,60,,,,,,,,,,,,,,,,,,,,,65,,,,,,71,,,,56,,,,,,,,,,,,,,,,,,50,,,,,63,MODELED
NYG_CB_11,CB,68,59,67,50,79,74,43,52,68,66,,65,,,,,,,,,,,,,,,,,,,,,49,,,,,,52,,,,48,,,,,,,,,,,,,,,,,,45,,,,,42,MODELED
NYG_S_01,S,83,86,71,75,86,74,70,73,61,60,,69,,,,,,,,,,,,,,,,,,,,,68,,,,,,67,,,,65,,,,,,,,,,78,,,,,,,,64,,,,,78,MODELED
NYG_S_02,S,57,75,64,63,71,43,72,74,41,46,,65,,,,,,,,,,,,,,,,,,,,,59,,,,,,72,,,,72,,,,,,,,,,72,,,,,,,,68,,,,,79,MODELED
NYG_S_03,S,73,76,82,71,75,72,80,75,81,59,,84,,,,,,,,,,,,,,,,,,,,,74,,,,,,87,,,,74,,,,,,,,,,74,,,,,,,,64,,,,,73,MODELED
NYG_S_04,S,70,67,56,55,62,77,65,57,77,74,,52,,,,,,,,,,,,,,,,,,,,,62,,,,,,65,,,,55,,,,,,,,,,62,,,,,,,,59,,,,,58,MODELED
NYG_S_05,S,67,76,62,51,75,57,61,56,76,57,,59,,,,,,,,,,,,,,,,,,,,,56,,,,,,61,,,,63,,,,,,,,,,57,,,,,,,,59,,,,,68,MODELED
NYG_S_06,S,52,48,61,55,76,99,49,46,54,65,,52,,,,,,,,,,,,,,,,,,,,,47,,,,,,57,,,,49,,,,,,,,,,55,,,,,,,,71,,,,,53,MODELED
NYG_S_07,S,66,69,67,48,76,86,51,55,68,63,,49,,,,,,,,,,,,,,,,,,,,,69,,,,,,52,,,,69,,,,,,,,,,51,,,,,,,,45,,,,,46,MODELED
NYG_K_01,K,34,60,52,54,74,45,75,77,91,59,,,,,,,,,77,,,,,,,,,63,74,72,,,,,,,,,,,,,,,,,,,,,,,,,,,,,,,,,,,,,MODELED
NYG_K_02,K,46,38,36,50,76,71,50,63,78,62,,,,,,,,,61,,,,,,,,,63,55,65,,,,,,,,,,,,,,,,,,,,,,,,,,,,,,,,,,,,,MODELED
NYG_P_01,P,51,45,46,52,65,64,79,69,98,69,,,,,,,,,,,,,,61,,,67,,,,,,,,,,,,,,,,,,75,67,,,,,,,,,,,,,,,,,,,,,MODELED
NYG_P_02,P,50,54,58,65,84,58,65,60,86,45,,,,,,,,,,,,,,91,,,67,,,,,,,,,,,,,,,,,,68,73,,,,,,,,,,,,,,,,,,,,,MODELED
NYG_LS_01,LS,45,58,58,72,96,56,62,68,99,68,,,,,,,,,,,65,,,,,,,,,,,,,,,,,,,,,,,,,,,,,,,,,,,,,73,75,,,,,,,,MODELED
CHI_QB_01,QB,85,84,93,87,87,62,98,85,64,79,,,,,,,,,,,,88,92,,,,,,,,,,,95,,,,86,,98,,,,90,,,,,,,,,,88,,,96,,,,,,93,82,,,MODELED
CHI_QB_02,QB,61,58,56,51,82,42,66,56,54,61,,,,,,,,,,,,67,77,,,,,,,,,,,55,,,,74,,65,,,,78,,,,,,,,,,80,,,61,,,,,,58,59,,,MODELED
CHI_QB_03,QB,66,66,63,53,82,95,68,52,55,66,,,,,,,,,,,,64,67,,,,,,,,,,,58,,,,58,,55,,,,63,,,,,,,,,,66,,,64,,,,,,58,60,,,MODELED
CHI_QB_04,QB,55,58,49,56,73,98,55,63,59,64,,,,,,,,,,,,54,66,,,,,,,,,,,54,,,,67,,65,,,,57,,,,,,,,,,55,,,59,,,,,,58,69,,,MODELED
CHI_RB_01,RB,87,81,83,75,70,60,85,74,62,66,,,,,95,76,,,,75,,,,,74,,,,,,,,,,,99,,,,,,,,,,,,81,,,,,,,,,,,,,,,,,68,,MODELED
CHI_RB_02,RB,69,86,70,67,76,39,69,70,77,70,,,,,68,75,,,,68,,,,,63,,,,,,,,,,,69,,,,,,,,,,,,68,,,,,,,,,,,,,,,,,71,,MODELED
CHI_RB_03,RB,75,85,76,72,81,54,66,76,59,61,,,,,71,67,,,,68,,,,,76,,,,,,,,,,,77,,,,,,,,,,,,73,,,,,,,,,,,,,,,,,61,,MODELED
CHI_RB_04,RB,73,72,73,76,77,86,72,62,76,41,,,,,64,74,,,,76,,,,,67,,,,,,,,,,,74,,,,,,,,,,,,60,,,,,,,,,,,,,,,,,66,,MODELED
CHI_RB_05,RB,64,65,68,52,81,70,63,52,53,67,,,,,53,67,,,,60,,,,,55,,,,,,,,,,,60,,,,,,,,,,,,61,,,,,,,,,,,,,,,,,50,,MODELED
CHI_FB_01,FB,72,79,75,94,81,61,90,87,57,83,,,,,,77,,,,79,,,,,,,,,,,81,,,,,74,,,,,,,,,,,,85,,,79,,,,,,,,,,,,,,,,MODELED
CHI_WR_01,WR,89,93,99,78,92,60,94,89,87,96,,,,,,,83,99,,,,,,,,,,,,,,,,,,,,,,,,,,,,,,,84,92,89,,,,,99,,,,83,,,,,,,MODELED
CHI_WR_02,WR,81,91,85,74,80,96,82,70,51,58,,,,,,,79,76,,,,,,,,,,,,,,,,,,,,,,,,,,,,,,,80,80,59,,,,,74,,,,75,,,,,,,MODELED
CHI_WR_03,WR,87,87,88,82,77,62,77,84,86,65,,,,,,,91,81,,,,,,,,,,,,,,,,,,,,,,,,,,,,,,,76,75,68,,,,,91,,,,66,,,,,,,MODELED
CHI_WR_04,WR,83,79,85,58,85,94,66,76,65,77,,,,,,,62,84,,,,,,,,,,,,,,,,,,,,,,,,,,,,,,,73,61,67,,,,,70,,,,93,,,,,,,MODELED
CHI_WR_05,WR,85,82,83,63,78,63,73,81,71,64,,,,,,,92,70,,,,,,,,,,,,,,,,,,,,,,,,,,,,,,,74,69,81,,,,,91,,,,73,,,,,,,MODELED
CHI_WR_06,WR,75,75,84,75,70,89,70,64,65,74,,,,,,,64,65,,,,,,,,,,,,,,,,,,,,,,,,,,,,,,,61,66,70,,,,,74,,,,69,,,,,,,MODELED
CHI_WR_07,WR,71,76,75,57,82,81,73,78,80,87,,,,,,,71,65,,,,,,,,,,,,,,,,,,,,,,,,,,,,,,,77,61,59,,,,,82,,,,72,,,,,,,MODELED
CHI_WR_08,WR,69,77,68,58,60,82,68,65,83,56,,,,,,,72,67,,,,,,,,,,,,,,,,,,,,,,,,,,,,,,,63,58,72,,,,,64,,,,56,,,,,,,MODELED
CHI_WR_09,WR,70,80,75,46,76,74,57,63,77,78,,,,,,,60,57,,,,,,,,,,,,,,,,,,,,,,,,,,,,,,,59,57,52,,,,,67,,,,60,,,,,,,MODELED
CHI_WR_10,WR,71,67,56,50,81,66,59,59,80,48,,,,,,,57,80,,,,,,,,,,,,,,,,,,,,,,,,,,,,,,,63,68,57,,,,,52,,,,62,,,,,,,MODELED
CHI_WR_11,WR,61,59,56,38,61,80,60,50,88,69,,,,,,,51,59,,,,,,,,,,,,,,,,,,,,,,,,,,,,,,,58,49,47,,,,,51,,,,57,,,,,,,MODELED
CHI_TE_01,TE,93,86,77,84,77,64,93,86,51,72,,,,,,,72,79,,,,,,,,,,,,,,,,,85,,,,,,,,,,,,,,84,86,77,,,,,91,,,,82,,,,,,,MODELED
CHI_TE_02,TE,79,75,76,86,86,72,69,78,77,69,,,,,,,74,83,,,,,,,,,,,,,,,,,76,,,,,,,,,,,,,,75,79,75,,,,,73,,,,80,,,,,,,MODELED
CHI_TE_03,TE,70,66,61,68,78,58,66,62,63,64,,,,,,,71,64,,,,,,,,,,,,,,,,,65,,,,,,,,,,,,,,74,68,78,,,,,72,,,,80,,,,,,,MODELED
CHI_TE_04,TE,55,67,69,68,86,72,70,69,87,55,,,,,,,64,63,,,,,,,,,,,,,,,,,52,,,,,,,,,,,,,,64,53,61,,,,,71,,,,84,,,,,,,MODELED
CHI_TE_05,TE,55,43,53,63,74,87,51,54,65,52,,,,,,,50,47,,,,,,,,,,,,,,,,,53,,,,,,,,,,,,,,44,66,61,,,,,68,,,,60,,,,,,,MODELED
CHI_TE_06,TE,42,55,59,57,68,81,48,56,61,58,,,,,,,64,60,,,,,,,,,,,,,,,,,65,,,,,,,,,,,,,,75,58,55,,,,,53,,,,58,,,,,,,MODELED
CHI_OT_01,OT,43,68,81,95,72,72,77,90,66,65,69,,,,,,,,,,,,,,,,,,,,,,,,82,,,,,,79,,,,,,,,,,62,,,,68,,,,,,,67,,,,,MODELED
CHI_OT_02,OT,49,61,70,91,81,64,82,72,76,71,82,,,,,,,,,,,,,,,,,,,,,,,,72,,,,,,81,,,,,,,,,,79,,,,71,,,,,,,78,,,,,MODELED
CHI_OT_03,OT,49,74,67,80,83,60,71,75,72,75,61,,,,,,,,,,,,,,,,,,,,,,,,69,,,,,,74,,,,,,,,,,59,,,,62,,,,,,,60,,,,,MODELED
CHI_OT_04,OT,55,58,79,83,81,60,72,86,80,72,74,,,,,,,,,,,,,,,,,,,,,,,,65,,,,,,71,,,,,,,,,,77,,,,75,,,,,,,80,,,,,MODELED
CHI_OT_05,OT,37,38,57,65,74,78,51,53,70,54,60,,,,,,,,,,,,,,,,,,,,,,,,58,,,,,,63,,,,,,,,,,57,,,,67,,,,,,,62,,,,,MODELED
CHI_OT_06,OT,33,35,72,63,75,99,44,53,70,57,67,,,,,,,,,,,,,,,,,,,,,,,,46,,,,,,61,,,,,,,,,,59,,,,71,,,,,,,56,,,,,MODELED
CHI_OG_01,OG,49,51,60,88,79,82,81,66,80,63,71,,,,,,,,,,,,,,,,,,,,,,,,74,,,,,,75,,,,,,,,,,70,,,,73,,,,,,,76,,,,,MODELED
CHI_OG_02,OG,48,45,58,89,84,96,78,71,66,63,54,,,,,,,,,,,,,,,,,,,,,,,,64,,,,,,80,,,,,,,,,,66,,,,60,,,,,,,74,,,,,MODELED
CHI_OG_03,OG,48,62,55,92,78,87,68,63,59,72,77,,,,,,,,,,,,,,,,,,,,,,,,77,,,,,,67,,,,,,,,,,69,,,,79,,,,,,,78,,,,,MODELED
CHI_OG_04,OG,37,52,61,76,83,84,68,63,89,57,67,,,,,,,,,,,,,,,,,,,,,,,,61,,,,,,56,,,,,,,,,,62,,,,63,,,,,,,64,,,,,MODELED
CHI_OG_05,OG,42,40,53,85,81,82,60,79,64,61,58,,,,,,,,,,,,,,,,,,,,,,,,55,,,,,,68,,,,,,,,,,70,,,,66,,,,,,,58,,,,,MODELED
CHI_OG_06,OG,40,50,57,78,84,58,48,62,77,61,60,,,,,,,,,,,,,,,,,,,,,,,,63,,,,,,61,,,,,,,,,,54,,,,58,,,,,,,61,,,,,MODELED
CHI_C_01,C,65,58,82,88,91,65,68,75,72,80,93,,,,,,,,,,,,,,,,,,,,,79,,,85,,,,,,77,,,,,,,,,,77,,,,,,,79,,,,74,,,,,MODELED
CHI_C_02,C,38,58,61,87,73,99,55,73,59,76,67,,,,,,,,,,,,,,,,,,,,,55,,,65,,,,,,73,,,,,,,,,,60,,,,,,,73,,,,50,,,,,MODELED
CHI_C_03,C,40,57,55,79,85,85,68,73,82,53,55,,,,,,,,,,,,,,,,,,,,,75,,,49,,,,,,74,,,,,,,,,,72,,,,,,,70,,,,70,,,,,MODELED
CHI_EDGE_01,EDGE,87,89,83,82,88,66,86,83,79,64,,,,88,,,,,,,87,,,,,82,,,,,,,,,,,81,,,,,99,,,,,77,,,,,81,,,,,,,,,,,,,,,MODELED
CHI_EDGE_02,EDGE,76,84,80,79,81,76,75,77,61,73,,,,71,,,,,,,68,,,,,82,,,,,,,,,,,75,,,,,81,,,,,78,,,,,71,,,,,,,,,,,,,,,MODELED
CHI_EDGE_03,EDGE,66,68,68,65,80,68,52,67,74,66,,,,59,,,,,,,61,,,,,68,,,,,,,,,,,73,,,,,81,,,,,69,,,,,64,,,,,,,,,,,,,,,MODELED
CHI_EDGE_04,EDGE,68,74,64,66,73,51,63,58,99,54,,,,64,,,,,,,73,,,,,56,,,,,,,,,,,65,,,,,54,,,,,73,,,,,73,,,,,,,,,,,,,,,MODELED
CHI_EDGE_05,EDGE,62,78,71,89,83,69,74,65,72,61,,,,71,,,,,,,71,,,,,62,,,,,,,,,,,64,,,,,71,,,,,70,,,,,62,,,,,,,,,,,,,,,MODELED
CHI_EDGE_06,EDGE,72,68,64,76,68,44,44,60,57,56,,,,63,,,,,,,67,,,,,61,,,,,,,,,,,56,,,,,57,,,,,66,,,,,45,,,,,,,,,,,,,,,MODELED
CHI_EDGE_07,EDGE,60,64,73,78,66,83,72,73,75,56,,,,71,,,,,,,65,,,,,63,,,,,,,,,,,68,,,,,55,,,,,59,,,,,66,,,,,,,,,,,,,,,MODELED
CHI_EDGE_08,EDGE,56,51,69,68,75,64,51,58,54,62,,,,54,,,,,,,49,,,,,63,,,,,,,,,,,74,,,,,60,,,,,52,,,,,56,,,,,,,,,,,,,,,MODELED
CHI_EDGE_09,EDGE,61,74,61,77,81,82,60,65,96,61,,,,69,,,,,,,59,,,,,65,,,,,,,,,,,70,,,,,62,,,,,78,,,,,55,,,,,,,,,,,,,,,MODELED
CHI_DT_01,DT,65,62,78,93,83,54,81,73,77,70,,,,89,,,,,,,,,,,,68,,,,,,,,,,,88,,,,,96,,,,,71,,,,,84,,,,,,,,,,,,,,,MODELED
CHI_DT_02,DT,75,80,87,99,90,56,94,90,59,78,,,,79,,,,,,,,,,,,95,,,,,,,,,,,89,,,,,77,,,,,96,,,,,85,,,,,,,,,,,,,,,MODELED
CHI_DT_03,DT,66,61,69,89,80,78,78,77,77,62,,,,75,,,,,,,,,,,,73,,,,,,,,,,,67,,,,,74,,,,,75,,,,,75,,,,,,,,,,,,,,,MODELED
CHI_DT_04,DT,45,58,61,79,82,56,58,65,80,60,,,,60,,,,,,,,,,,,67,,,,,,,,,,,64,,,,,61,,,,,63,,,,,39,,,,,,,,,,,,,,,MODELED
CHI_DT_05,DT,51,60,62,79,78,90,68,64,81,69,,,,73,,,,,,,,,,,,63,,,,,,,,,,,71,,,,,56,,,,,70,,,,,76,,,,,,,,,,,,,,,MODELED
CHI_DT_06,DT,42,54,49,72,72,83,40,53,70,54,,,,55,,,,,,,,,,,,43,,,,,,,,,,,58,,,,,47,,,,,57,,,,,44,,,,,,,,,,,,,,,MODELED
CHI_DT_07,DT,48,52,43,70,78,61,51,47,48,68,,,,51,,,,,,,,,,,,42,,,,,,,,,,,43,,,,,47,,,,,62,,,,,58,,,,,,,,,,,,,,,MODELED
CHI_DT_08,DT,45,55,58,74,73,94,66,67,60,67,,,,67,,,,,,,,,,,,59,,,,,,,,,,,56,,,,,61,,,,,67,,,,,53,,,,,,,,,,,,,,,MODELED
CHI_LB_01,LB,75,67,75,66,81,69,73,62,67,71,,,63,76,,,,,,,,,,,,,,,,,,,55,,,,,,73,,,,,,,,71,,,,,,,,,,,,,,69,,,,,71,MODELED
CHI_LB_02,LB,80,75,81,85,75,66,78,75,79,72,,,71,81,,,,,,,,,,,,,,,,,,,87,,,,,,81,,,,,,,,73,,,,,,,,,,,,,,58,,,,,78,MODELED
CHI_LB_03,LB,74,58,65,67,69,99,70,68,80,61,,,58,75,,,,,,,,,,,,,,,,,,,70,,,,,,59,,,,,,,,54,,,,,,,,,,,,,,60,,,,,53,MODELED
CHI_LB_04,LB,70,83,80,77,78,84,67,79,63,70,,,81,64,,,,,,,,,,,,,,,,,,,83,,,,,,72,,,,,,,,69,,,,,,,,,,,,,,87,,,,,80,MODELED
CHI_LB_05,LB,72,72,75,77,82,76,76,74,73,60,,,68,59,,,,,,,,,,,,,,,,,,,76,,,,,,65,,,,,,,,77,,,,,,,,,,,,,,72,,,,,71,MODELED
CHI_LB_06,LB,67,79,71,72,80,59,52,63,80,64,,,63,68,,,,,,,,,,,,,,,,,,,58,,,,,,64,,,,,,,,69,,,,,,,,,,,,,,72,,,,,64,MODELED
CHI_LB_07,LB,57,66,56,55,61,84,50,39,66,63,,,50,58,,,,,,,,,,,,,,,,,,,51,,,,,,58,,,,,,,,66,,,,,,,,,,,,,,48,,,,,38,MODELED
CHI_LB_08,LB,47,61,63,50,87,66,48,46,62,59,,,54,49,,,,,,,,,,,,,,,,,,,60,,,,,,65,,,,,,,,53,,,,,,,,,,,,,,62,,,,,50,MODELED
CHI_CB_01,CB,87,91,97,78,88,99,78,83,59,73,,89,,,,,,,,,,,,,,,,,,,,,85,,,,,,86,,,,77,,,,,,,,,,,,,,,,,,80,,,,,72,MODELED
CHI_CB_02,CB,96,82,84,76,82,68,70,68,64,73,,78,,,,,,,,,,,,,,,,,,,,,88,,,,,,84,,,,75,,,,,,,,,,,,,,,,,,76,,,,,84,MODELED
CHI_CB_03,CB,88,94,89,66,79,67,78,83,59,76,,89,,,,,,,,,,,,,,,,,,,,,80,,,,,,79,,,,73,,,,,,,,,,,,,,,,,,83,,,,,69,MODELED
CHI_CB_04,CB,82,73,89,64,85,56,68,65,71,61,,63,,,,,,,,,,,,,,,,,,,,,58,,,,,,75,,,,73,,,,,,,,,,,,,,,,,,72,,,,,73,MODELED
CHI_CB_05,CB,87,73,75,62,90,25,69,74,65,74,,59,,,,,,,,,,,,,,,,,,,,,69,,,,,,61,,,,68,,,,,,,,,,,,,,,,,,61,,,,,55,MODELED
CHI_CB_06,CB,75,75,71,49,90,62,63,77,53,77,,58,,,,,,,,,,,,,,,,,,,,,72,,,,,,70,,,,55,,,,,,,,,,,,,,,,,,54,,,,,78,MODELED
CHI_CB_07,CB,68,80,69,54,82,73,61,61,82,63,,60,,,,,,,,,,,,,,,,,,,,,67,,,,,,65,,,,69,,,,,,,,,,,,,,,,,,53,,,,,60,MODELED
CHI_CB_08,CB,91,76,84,55,82,85,64,69,62,78,,72,,,,,,,,,,,,,,,,,,,,,53,,,,,,71,,,,60,,,,,,,,,,,,,,,,,,74,,,,,67,MODELED
CHI_CB_09,CB,61,66,65,43,80,90,48,39,76,57,,52,,,,,,,,,,,,,,,,,,,,,54,,,,,,53,,,,58,,,,,,,,,,,,,,,,,,53,,,,,52,MODELED
CHI_CB_10,CB,58,74,60,51,76,69,60,59,90,71,,65,,,,,,,,,,,,,,,,,,,,,55,,,,,,48,,,,56,,,,,,,,,,,,,,,,,,55,,,,,58,MODELED
CHI_CB_11,CB,65,67,61,59,78,59,54,62,70,79,,63,,,,,,,,,,,,,,,,,,,,,61,,,,,,54,,,,52,,,,,,,,,,,,,,,,,,57,,,,,61,MODELED
CHI_S_01,S,89,96,82,78,80,93,78,98,71,82,,85,,,,,,,,,,,,,,,,,,,,,92,,,,,,92,,,,92,,,,,,,,,,92,,,,,,,,84,,,,,95,MODELED
CHI_S_02,S,75,84,80,73,88,78,65,73,54,81,,66,,,,,,,,,,,,,,,,,,,,,73,,,,,,71,,,,71,,,,,,,,,,77,,,,,,,,80,,,,,61,MODELED
CHI_S_03,S,70,65,61,52,66,99,77,60,66,61,,72,,,,,,,,,,,,,,,,,,,,,65,,,,,,66,,,,64,,,,,,,,,,67,,,,,,,,72,,,,,66,MODELED
CHI_S_04,S,85,70,62,65,90,57,76,76,80,81,,65,,,,,,,,,,,,,,,,,,,,,59,,,,,,73,,,,71,,,,,,,,,,60,,,,,,,,72,,,,,68,MODELED
CHI_S_05,S,67,73,73,70,63,49,63,54,72,60,,56,,,,,,,,,,,,,,,,,,,,,51,,,,,,71,,,,69,,,,,,,,,,60,,,,,,,,59,,,,,52,MODELED
CHI_S_06,S,66,63,68,60,75,77,46,51,69,53,,60,,,,,,,,,,,,,,,,,,,,,58,,,,,,56,,,,50,,,,,,,,,,63,,,,,,,,66,,,,,71,MODELED
CHI_S_07,S,57,56,53,60,64,99,56,47,60,55,,55,,,,,,,,,,,,,,,,,,,,,53,,,,,,47,,,,47,,,,,,,,,,40,,,,,,,,59,,,,,52,MODELED
CHI_K_01,K,53,53,55,64,74,69,85,80,65,69,,,,,,,,,81,,,,,,,,,73,67,58,,,,,,,,,,,,,,,,,,,,,,,,,,,,,,,,,,,,,MODELED
CHI_K_02,K,42,38,56,46,84,90,67,66,73,65,,,,,,,,,81,,,,,,,,,71,77,56,,,,,,,,,,,,,,,,,,,,,,,,,,,,,,,,,,,,,MODELED
CHI_P_01,P,66,64,63,67,84,65,89,84,79,78,,,,,,,,,,,,,,80,,,71,,,,,,,,,,,,,,,,,,73,95,,,,,,,,,,,,,,,,,,,,,MODELED
CHI_P_02,P,34,44,50,50,79,62,65,57,78,60,,,,,,,,,,,,,,58,,,65,,,,,,,,,,,,,,,,,,64,58,,,,,,,,,,,,,,,,,,,,,MODELED
CHI_LS_01,LS,55,47,57,74,85,63,62,74,67,59,,,,,,,,,,,73,,,,,,,,,,,,,,,,,,,,,,,,,,,,,,,,,,,,,73,65,,,,,,,,MODELED
DET_QB_01,QB,96,96,90,90,87,64,97,92,63,74,,,,,,,,,,,,94,89,,,,,,,,,,,99,,,,99,,95,,,,98,,,,,,,,,,93,,,94,,,,,,91,91,,,MODELED
DET_QB_02,QB,66,62,60,67,70,68,61,75,54,66,,,,,,,,,,,,65,62,,,,,,,,,,,72,,,,75,,78,,,,58,,,,,,,,,,66,,,78,,,,,,70,72,,,MODELED
DET_QB_03,QB,61,69,65,67,67,44,67,63,64,62,,,,,,,,,,,,61,71,,,,,,,,,,,71,,,,63,,55,,,,83,,,,,,,,,,56,,,69,,,,,,62,66,,,MODELED
DET_QB_04,QB,56,47,35,43,64,80,52,54,42,49,,,,,,,,,,,,56,54,,,,,,,,,,,44,,,,48,,34,,,,45,,,,,,,,,,46,,,47,,,,,,48,26,,,MODELED
DET_RB_01,RB,86,92,95,83,88,64,92,83,60,71,,,,,80,90,,,,76,,,,,87,,,,,,,,,,,81,,,,,,,,,,,,99,,,,,,,,,,,,,,,,,99,,MODELED
DET_RB_02,RB,83,89,83,70,88,81,74,74,99,81,,,,,75,70,,,,84,,,,,73,,,,,,,,,,,79,,,,,,,,,,,,73,,,,,,,,,,,,,,,,,78,,MODELED
DET_RB_03,RB,85,75,77,75,74,85,82,59,61,73,,,,,72,71,,,,68,,,,,67,,,,,,,,,,,67,,,,,,,,,,,,64,,,,,,,,,,,,,,,,,64,,MODELED
DET_RB_04,RB,64,71,74,62,73,86,61,60,59,72,,,,,70,65,,,,60,,,,,57,,,,,,,,,,,63,,,,,,,,,,,,70,,,,,,,,,,,,,,,,,74,,MODELED
DET_RB_05,RB,66,61,58,54,78,55,53,57,71,52,,,,,63,61,,,,60,,,,,54,,,,,,,,,,,59,,,,,,,,,,,,66,,,,,,,,,,,,,,,,,51,,MODELED
DET_FB_01,FB,66,73,75,96,91,88,79,77,62,68,,,,,,78,,,,88,,,,,,,,,,,79,,,,,77,,,,,,,,,,,,71,,,80,,,,,,,,,,,,,,,,MODELED
DET_WR_01,WR,97,88,86,78,87,82,86,96,79,74,,,,,,,87,85,,,,,,,,,,,,,,,,,,,,,,,,,,,,,,,75,78,80,,,,,79,,,,92,,,,,,,MODELED
DET_WR_02,WR,99,89,99,68,79,46,82,87,80,71,,,,,,,96,95,,,,,,,,,,,,,,,,,,,,,,,,,,,,,,,92,78,96,,,,,88,,,,95,,,,,,,MODELED
DET_WR_03,WR,99,99,99,71,84,97,90,85,67,74,,,,,,,73,93,,,,,,,,,,,,,,,,,,,,,,,,,,,,,,,90,87,92,,,,,87,,,,96,,,,,,,MODELED
DET_WR_04,WR,77,84,82,65,82,67,85,77,54,66,,,,,,,61,81,,,,,,,,,,,,,,,,,,,,,,,,,,,,,,,83,75,80,,,,,87,,,,86,,,,,,,MODELED
DET_WR_05,WR,92,91,86,73,80,67,92,96,86,72,,,,,,,79,83,,,,,,,,,,,,,,,,,,,,,,,,,,,,,,,89,67,73,,,,,88,,,,79,,,,,,,MODELED
DET_WR_06,WR,71,87,82,77,82,62,90,88,59,81,,,,,,,69,72,,,,,,,,,,,,,,,,,,,,,,,,,,,,,,,80,80,88,,,,,82,,,,81,,,,,,,MODELED
DET_WR_07,WR,86,75,71,56,87,44,63,75,70,64,,,,,,,67,70,,,,,,,,,,,,,,,,,,,,,,,,,,,,,,,74,74,60,,,,,74,,,,62,,,,,,,MODELED
DET_WR_08,WR,77,83,86,66,79,75,82,64,77,75,,,,,,,72,74,,,,,,,,,,,,,,,,,,,,,,,,,,,,,,,61,69,66,,,,,61,,,,56,,,,,,,MODELED
DET_WR_09,WR,56,55,66,48,67,62,56,57,78,63,,,,,,,73,66,,,,,,,,,,,,,,,,,,,,,,,,,,,,,,,61,62,54,,,,,58,,,,47,,,,,,,MODELED
DET_WR_10,WR,80,75,58,44,73,86,61,58,54,46,,,,,,,77,55,,,,,,,,,,,,,,,,,,,,,,,,,,,,,,,38,66,52,,,,,45,,,,50,,,,,,,MODELED
DET_WR_11,WR,72,70,79,53,72,61,61,47,66,68,,,,,,,58,61,,,,,,,,,,,,,,,,,,,,,,,,,,,,,,,66,69,59,,,,,62,,,,71,,,,,,,MODELED
DET_TE_01,TE,75,93,78,88,89,75,87,78,93,69,,,,,,,88,74,,,,,,,,,,,,,,,,,89,,,,,,,,,,,,,,87,89,97,,,,,80,,,,85,,,,,,,MODELED
DET_TE_02,TE,71,85,71,94,84,62,80,78,67,81,,,,,,,71,73,,,,,,,,,,,,,,,,,73,,,,,,,,,,,,,,76,63,83,,,,,68,,,,82,,,,,,,MODELED
DET_TE_03,TE,79,80,75,81,77,95,77,78,76,66,,,,,,,86,90,,,,,,,,,,,,,,,,,67,,,,,,,,,,,,,,86,76,86,,,,,70,,,,76,,,,,,,MODELED
DET_TE_04,TE,60,66,56,59,81,92,59,65,67,53,,,,,,,64,55,,,,,,,,,,,,,,,,,57,,,,,,,,,,,,,,41,64,59,,,,,60,,,,67,,,,,,,MODELED
DET_TE_05,TE,60,73,61,61,75,48,58,48,60,45,,,,,,,49,59,,,,,,,,,,,,,,,,,44,,,,,,,,,,,,,,62,57,54,,,,,53,,,,66,,,,,,,MODELED
DET_TE_06,TE,58,57,65,67,80,76,59,67,60,78,,,,,,,55,50,,,,,,,,,,,,,,,,,62,,,,,,,,,,,,,,51,63,67,,,,,70,,,,64,,,,,,,MODELED
DET_OT_01,OT,54,67,78,97,71,90,85,82,58,87,99,,,,,,,,,,,,,,,,,,,,,,,,94,,,,,,85,,,,,,,,,,97,,,,88,,,,,,,74,,,,,MODELED
DET_OT_02,OT,62,84,64,99,78,78,83,83,83,67,85,,,,,,,,,,,,,,,,,,,,,,,,73,,,,,,91,,,,,,,,,,99,,,,86,,,,,,,79,,,,,MODELED
DET_OT_03,OT,50,67,64,86,82,58,69,87,49,78,69,,,,,,,,,,,,,,,,,,,,,,,,70,,,,,,70,,,,,,,,,,70,,,,83,,,,,,,80,,,,,MODELED
DET_OT_04,OT,53,53,55,78,78,48,75,71,67,72,75,,,,,,,,,,,,,,,,,,,,,,,,72,,,,,,78,,,,,,,,,,86,,,,70,,,,,,,71,,,,,MODELED
DET_OT_05,OT,53,61,62,90,87,81,75,69,64,65,75,,,,,,,,,,,,,,,,,,,,,,,,65,,,,,,77,,,,,,,,,,65,,,,75,,,,,,,74,,,,,MODELED
DET_OT_06,OT,49,65,51,79,86,95,69,77,61,65,59,,,,,,,,,,,,,,,,,,,,,,,,60,,,,,,62,,,,,,,,,,60,,,,61,,,,,,,67,,,,,MODELED
DET_OG_01,OG,58,65,69,95,78,71,79,75,72,74,72,,,,,,,,,,,,,,,,,,,,,,,,79,,,,,,76,,,,,,,,,,84,,,,81,,,,,,,81,,,,,MODELED
DET_OG_02,OG,61,77,83,99,84,66,86,79,40,74,77,,,,,,,,,,,,,,,,,,,,,,,,88,,,,,,82,,,,,,,,,,93,,,,82,,,,,,,89,,,,,MODELED
DET_OG_03,OG,55,61,59,86,83,58,68,59,67,59,73,,,,,,,,,,,,,,,,,,,,,,,,67,,,,,,64,,,,,,,,,,77,,,,67,,,,,,,65,,,,,MODELED
DET_OG_04,OG,64,73,75,98,86,63,76,69,67,72,73,,,,,,,,,,,,,,,,,,,,,,,,76,,,,,,82,,,,,,,,,,70,,,,83,,,,,,,74,,,,,MODELED
DET_OG_05,OG,52,52,51,76,67,61,61,75,71,65,64,,,,,,,,,,,,,,,,,,,,,,,,73,,,,,,72,,,,,,,,,,76,,,,75,,,,,,,62,,,,,MODELED
DET_OG_06,OG,45,33,34,66,77,68,49,61,81,51,57,,,,,,,,,,,,,,,,,,,,,,,,42,,,,,,54,,,,,,,,,,52,,,,42,,,,,,,55,,,,,MODELED
DET_C_01,C,71,66,65,99,86,86,76,86,85,76,81,,,,,,,,,,,,,,,,,,,,,78,,,89,,,,,,93,,,,,,,,,,81,,,,,,,87,,,,71,,,,,MODELED
DET_C_02,C,38,46,62,72,77,72,67,63,79,64,62,,,,,,,,,,,,,,,,,,,,,62,,,66,,,,,,72,,,,,,,,,,55,,,,,,,70,,,,59,,,,,MODELED
DET_C_03,C,48,54,50,73,73,65,63,62,98,53,59,,,,,,,,,,,,,,,,,,,,,68,,,60,,,,,,60,,,,,,,,,,67,,,,,,,65,,,,67,,,,,MODELED
DET_EDGE_01,EDGE,99,83,85,94,90,63,83,89,76,78,,,,86,,,,,,,89,,,,,95,,,,,,,,,,,88,,,,,86,,,,,84,,,,,82,,,,,,,,,,,,,,,MODELED
DET_EDGE_02,EDGE,94,87,85,94,83,81,92,99,66,83,,,,85,,,,,,,73,,,,,99,,,,,,,,,,,85,,,,,92,,,,,96,,,,,90,,,,,,,,,,,,,,,MODELED
DET_EDGE_03,EDGE,65,67,76,81,81,78,74,70,48,67,,,,77,,,,,,,64,,,,,70,,,,,,,,,,,78,,,,,65,,,,,65,,,,,80,,,,,,,,,,,,,,,MODELED
DET_EDGE_04,EDGE,73,73,80,83,73,95,79,70,82,63,,,,77,,,,,,,77,,,,,79,,,,,,,,,,,78,,,,,74,,,,,76,,,,,63,,,,,,,,,,,,,,,MODELED
DET_EDGE_05,EDGE,82,73,67,93,71,55,68,71,55,72,,,,86,,,,,,,76,,,,,74,,,,,,,,,,,67,,,,,76,,,,,66,,,,,64,,,,,,,,,,,,,,,MODELED
DET_EDGE_06,EDGE,60,63,74,73,81,87,72,56,97,66,,,,68,,,,,,,68,,,,,53,,,,,,,,,,,66,,,,,63,,,,,53,,,,,78,,,,,,,,,,,,,,,MODELED
DET_EDGE_07,EDGE,62,72,52,82,79,74,54,61,69,60,,,,66,,,,,,,78,,,,,54,,,,,,,,,,,61,,,,,60,,,,,56,,,,,59,,,,,,,,,,,,,,,MODELED
DET_EDGE_08,EDGE,68,68,55,66,70,52,60,65,62,66,,,,62,,,,,,,66,,,,,58,,,,,,,,,,,63,,,,,59,,,,,50,,,,,47,,,,,,,,,,,,,,,MODELED
DET_EDGE_09,EDGE,60,58,55,70,82,71,59,56,72,55,,,,57,,,,,,,56,,,,,65,,,,,,,,,,,55,,,,,61,,,,,70,,,,,52,,,,,,,,,,,,,,,MODELED
DET_DT_01,DT,69,78,69,90,91,91,74,92,57,57,,,,82,,,,,,,,,,,,81,,,,,,,,,,,79,,,,,73,,,,,82,,,,,88,,,,,,,,,,,,,,,MODELED
DET_DT_02,DT,87,81,77,99,87,77,85,99,71,73,,,,96,,,,,,,,,,,,91,,,,,,,,,,,79,,,,,83,,,,,87,,,,,91,,,,,,,,,,,,,,,MODELED
DET_DT_03,DT,63,74,61,95,87,61,70,65,78,62,,,,72,,,,,,,,,,,,81,,,,,,,,,,,74,,,,,76,,,,,82,,,,,63,,,,,,,,,,,,,,,MODELED
DET_DT_04,DT,44,69,72,95,85,72,75,66,47,73,,,,71,,,,,,,,,,,,82,,,,,,,,,,,64,,,,,72,,,,,74,,,,,74,,,,,,,,,,,,,,,MODELED
DET_DT_05,DT,55,72,66,95,94,68,76,77,52,62,,,,67,,,,,,,,,,,,83,,,,,,,,,,,73,,,,,73,,,,,79,,,,,66,,,,,,,,,,,,,,,MODELED
DET_DT_06,DT,44,53,46,72,59,76,60,61,66,64,,,,64,,,,,,,,,,,,64,,,,,,,,,,,59,,,,,64,,,,,71,,,,,58,,,,,,,,,,,,,,,MODELED
DET_DT_07,DT,39,35,54,84,65,73,61,64,71,68,,,,53,,,,,,,,,,,,59,,,,,,,,,,,79,,,,,59,,,,,57,,,,,49,,,,,,,,,,,,,,,MODELED
DET_DT_08,DT,49,57,53,71,84,89,36,51,66,59,,,,47,,,,,,,,,,,,66,,,,,,,,,,,64,,,,,49,,,,,60,,,,,67,,,,,,,,,,,,,,,MODELED
DET_LB_01,LB,99,88,92,92,89,67,84,93,71,71,,,89,86,,,,,,,,,,,,,,,,,,,87,,,,,,81,,,,,,,,90,,,,,,,,,,,,,,97,,,,,93,MODELED
DET_LB_02,LB,88,88,88,93,87,53,74,87,65,66,,,82,78,,,,,,,,,,,,,,,,,,,91,,,,,,80,,,,,,,,89,,,,,,,,,,,,,,77,,,,,91,MODELED
DET_LB_03,LB,73,76,75,68,70,65,71,75,67,64,,,77,73,,,,,,,,,,,,,,,,,,,70,,,,,,73,,,,,,,,68,,,,,,,,,,,,,,70,,,,,71,MODELED
DET_LB_04,LB,84,83,75,75,76,62,71,83,69,59,,,77,81,,,,,,,,,,,,,,,,,,,76,,,,,,81,,,,,,,,67,,,,,,,,,,,,,,82,,,,,77,MODELED
DET_LB_05,LB,73,78,65,92,99,63,69,74,78,57,,,73,75,,,,,,,,,,,,,,,,,,,88,,,,,,79,,,,,,,,76,,,,,,,,,,,,,,70,,,,,76,MODELED
DET_LB_06,LB,59,73,67,74,85,44,66,66,69,70,,,62,69,,,,,,,,,,,,,,,,,,,54,,,,,,72,,,,,,,,71,,,,,,,,,,,,,,76,,,,,72,MODELED
DET_LB_07,LB,58,70,74,53,65,51,58,56,63,48,,,56,54,,,,,,,,,,,,,,,,,,,65,,,,,,63,,,,,,,,60,,,,,,,,,,,,,,65,,,,,82,MODELED
DET_LB_08,LB,56,57,56,54,73,92,46,46,79,50,,,47,64,,,,,,,,,,,,,,,,,,,48,,,,,,45,,,,,,,,58,,,,,,,,,,,,,,52,,,,,36,MODELED
DET_CB_01,CB,93,98,99,67,93,65,78,70,59,76,,85,,,,,,,,,,,,,,,,,,,,,82,,,,,,86,,,,82,,,,,,,,,,,,,,,,,,76,,,,,94,MODELED
DET_CB_02,CB,96,99,97,74,98,59,99,92,82,70,,85,,,,,,,,,,,,,,,,,,,,,99,,,,,,80,,,,90,,,,,,,,,,,,,,,,,,99,,,,,99,MODELED
DET_CB_03,CB,99,99,99,76,93,83,84,82,90,78,,77,,,,,,,,,,,,,,,,,,,,,92,,,,,,99,,,,96,,,,,,,,,,,,,,,,,,87,,,,,93,MODELED
DET_CB_04,CB,85,89,83,74,78,80,68,82,71,79,,73,,,,,,,,,,,,,,,,,,,,,74,,,,,,67,,,,79,,,,,,,,,,,,,,,,,,89,,,,,79,MODELED
DET_CB_05,CB,99,94,99,71,73,60,81,77,80,63,,76,,,,,,,,,,,,,,,,,,,,,71,,,,,,80,,,,70,,,,,,,,,,,,,,,,,,74,,,,,81,MODELED
DET_CB_06,CB,87,83,80,61,80,48,82,92,65,74,,94,,,,,,,,,,,,,,,,,,,,,81,,,,,,89,,,,74,,,,,,,,,,,,,,,,,,62,,,,,81,MODELED
DET_CB_07,CB,81,70,68,60,68,63,77,70,87,68,,69,,,,,,,,,,,,,,,,,,,,,79,,,,,,71,,,,69,,,,,,,,,,,,,,,,,,69,,,,,72,MODELED
DET_CB_08,CB,73,80,79,65,82,82,68,77,70,67,,69,,,,,,,,,,,,,,,,,,,,,68,,,,,,61,,,,78,,,,,,,,,,,,,,,,,,70,,,,,83,MODELED
DET_CB_09,CB,57,74,57,54,68,85,59,49,47,51,,48,,,,,,,,,,,,,,,,,,,,,45,,,,,,46,,,,59,,,,,,,,,,,,,,,,,,49,,,,,53,MODELED
DET_CB_10,CB,55,57,51,40,79,60,52,47,68,58,,53,,,,,,,,,,,,,,,,,,,,,46,,,,,,42,,,,40,,,,,,,,,,,,,,,,,,54,,,,,44,MODELED
DET_CB_11,CB,63,72,57,51,81,99,44,41,54,55,,56,,,,,,,,,,,,,,,,,,,,,54,,,,,,50,,,,61,,,,,,,,,,,,,,,,,,41,,,,,49,MODELED
DET_S_01,S,85,81,83,84,89,91,81,77,69,76,,83,,,,,,,,,,,,,,,,,,,,,84,,,,,,88,,,,89,,,,,,,,,,93,,,,,,,,74,,,,,67,MODELED
DET_S_02,S,97,95,99,90,91,56,96,99,95,80,,93,,,,,,,,,,,,,,,,,,,,,82,,,,,,99,,,,94,,,,,,,,,,92,,,,,,,,99,,,,,99,MODELED
DET_S_03,S,89,88,99,81,76,79,72,74,89,74,,85,,,,,,,,,,,,,,,,,,,,,84,,,,,,93,,,,82,,,,,,,,,,94,,,,,,,,76,,,,,76,MODELED
DET_S_04,S,76,83,91,74,96,94,86,80,76,78,,83,,,,,,,,,,,,,,,,,,,,,89,,,,,,81,,,,74,,,,,,,,,,86,,,,,,,,84,,,,,88,MODELED
DET_S_05,S,72,75,91,79,84,59,71,73,89,79,,67,,,,,,,,,,,,,,,,,,,,,81,,,,,,81,,,,72,,,,,,,,,,76,,,,,,,,72,,,,,71,MODELED
DET_S_06,S,47,67,62,41,69,80,45,49,96,62,,50,,,,,,,,,,,,,,,,,,,,,53,,,,,,58,,,,57,,,,,,,,,,51,,,,,,,,50,,,,,46,MODELED
DET_S_07,S,64,73,47,51,69,62,54,62,78,54,,57,,,,,,,,,,,,,,,,,,,,,61,,,,,,72,,,,59,,,,,,,,,,48,,,,,,,,62,,,,,43,MODELED
DET_K_01,K,67,66,62,81,92,46,87,87,55,68,,,,,,,,,92,,,,,,,,,97,88,87,,,,,,,,,,,,,,,,,,,,,,,,,,,,,,,,,,,,,MODELED
DET_K_02,K,50,48,59,50,80,86,80,61,58,67,,,,,,,,,58,,,,,,,,,79,71,70,,,,,,,,,,,,,,,,,,,,,,,,,,,,,,,,,,,,,MODELED
DET_P_01,P,64,61,59,69,84,80,85,81,57,69,,,,,,,,,,,,,,93,,,88,,,,,,,,,,,,,,,,,,88,82,,,,,,,,,,,,,,,,,,,,,MODELED
DET_P_02,P,50,53,49,48,87,79,56,69,22,68,,,,,,,,,,,,,,73,,,55,,,,,,,,,,,,,,,,,,68,69,,,,,,,,,,,,,,,,,,,,,MODELED
DET_LS_01,LS,62,61,64,73,73,79,68,75,70,61,,,,,,,,,,,74,,,,,,,,,,,,,,,,,,,,,,,,,,,,,,,,,,,,,81,88,,,,,,,,MODELED
GB_QB_01,QB,99,94,93,97,96,63,98,92,99,79,,,,,,,,,,,,99,99,,,,,,,,,,,98,,,,99,,98,,,,99,,,,,,,,,,99,,,99,,,,,,87,99,,,MODELED
GB_QB_02,QB,71,59,64,70,84,80,63,82,85,73,,,,,,,,,,,,58,64,,,,,,,,,,,82,,,,78,,74,,,,68,,,,,,,,,,89,,,78,,,,,,59,80,,,MODELED
GB_QB_03,QB,67,52,61,51,90,42,67,62,69,71,,,,,,,,,,,,61,69,,,,,,,,,,,77,,,,67,,74,,,,51,,,,,,,,,,66,,,68,,,,,,79,75,,,MODELED
GB_QB_04,QB,59,54,50,51,70,43,46,55,83,65,,,,,,,,,,,,52,57,,,,,,,,,,,58,,,,66,,58,,,,56,,,,,,,,,,56,,,53,,,,,,58,56,,,MODELED
GB_RB_01,RB,87,92,91,91,99,81,85,85,75,74,,,,,85,84,,,,80,,,,,92,,,,,,,,,,,90,,,,,,,,,,,,86,,,,,,,,,,,,,,,,,99,,MODELED
GB_RB_02,RB,65,70,82,71,88,59,79,64,71,69,,,,,66,71,,,,78,,,,,72,,,,,,,,,,,77,,,,,,,,,,,,75,,,,,,,,,,,,,,,,,63,,MODELED
GB_RB_03,RB,67,72,71,66,88,68,59,71,79,65,,,,,72,75,,,,75,,,,,68,,,,,,,,,,,67,,,,,,,,,,,,69,,,,,,,,,,,,,,,,,70,,MODELED
GB_RB_04,RB,72,77,79,64,73,90,67,74,59,68,,,,,73,62,,,,62,,,,,54,,,,,,,,,,,68,,,,,,,,,,,,58,,,,,,,,,,,,,,,,,72,,MODELED
GB_RB_05,RB,65,68,70,65,74,70,58,57,76,57,,,,,60,69,,,,55,,,,,54,,,,,,,,,,,54,,,,,,,,,,,,57,,,,,,,,,,,,,,,,,60,,MODELED
GB_FB_01,FB,72,66,61,94,77,63,59,74,70,66,,,,,,70,,,,72,,,,,,,,,,,81,,,,,72,,,,,,,,,,,,66,,,68,,,,,,,,,,,,,,,,MODELED
GB_WR_01,WR,97,99,96,83,98,88,89,94,53,87,,,,,,,80,84,,,,,,,,,,,,,,,,,,,,,,,,,,,,,,,88,84,70,,,,,73,,,,94,,,,,,,MODELED
GB_WR_02,WR,89,72,92,67,86,70,89,94,42,66,,,,,,,81,90,,,,,,,,,,,,,,,,,,,,,,,,,,,,,,,84,76,89,,,,,82,,,,82,,,,,,,MODELED
GB_WR_03,WR,95,92,86,75,78,44,88,85,79,72,,,,,,,82,84,,,,,,,,,,,,,,,,,,,,,,,,,,,,,,,68,89,76,,,,,95,,,,79,,,,,,,MODELED
GB_WR_04,WR,82,72,70,62,85,71,65,61,78,58,,,,,,,73,88,,,,,,,,,,,,,,,,,,,,,,,,,,,,,,,73,60,75,,,,,60,,,,69,,,,,,,MODELED
GB_WR_05,WR,84,58,84,71,75,79,77,72,63,54,,,,,,,78,75,,,,,,,,,,,,,,,,,,,,,,,,,,,,,,,82,74,72,,,,,75,,,,70,,,,,,,MODELED
GB_WR_06,WR,88,88,81,63,89,54,71,72,51,56,,,,,,,91,59,,,,,,,,,,,,,,,,,,,,,,,,,,,,,,,72,85,66,,,,,78,,,,78,,,,,,,MODELED
GB_WR_07,WR,82,73,66,63,65,82,63,58,71,55,,,,,,,68,63,,,,,,,,,,,,,,,,,,,,,,,,,,,,,,,75,68,71,,,,,68,,,,66,,,,,,,MODELED
GB_WR_08,WR,65,72,67,54,70,91,65,59,58,68,,,,,,,66,54,,,,,,,,,,,,,,,,,,,,,,,,,,,,,,,82,72,60,,,,,65,,,,55,,,,,,,MODELED
GB_WR_09,WR,61,87,64,48,80,79,58,58,62,48,,,,,,,69,53,,,,,,,,,,,,,,,,,,,,,,,,,,,,,,,66,54,67,,,,,61,,,,69,,,,,,,MODELED
GB_WR_10,WR,65,75,61,51,70,65,62,57,70,46,,,,,,,62,65,,,,,,,,,,,,,,,,,,,,,,,,,,,,,,,72,58,64,,,,,63,,,,59,,,,,,,MODELED
GB_WR_11,WR,71,67,71,59,73,68,50,61,54,59,,,,,,,50,57,,,,,,,,,,,,,,,,,,,,,,,,,,,,,,,60,39,57,,,,,55,,,,57,,,,,,,MODELED
GB_TE_01,TE,86,83,80,79,91,69,76,82,65,70,,,,,,,87,73,,,,,,,,,,,,,,,,,79,,,,,,,,,,,,,,75,79,86,,,,,80,,,,83,,,,,,,MODELED
GB_TE_02,TE,64,54,73,64,60,61,64,60,71,53,,,,,,,64,72,,,,,,,,,,,,,,,,,47,,,,,,,,,,,,,,62,70,62,,,,,48,,,,58,,,,,,,MODELED
GB_TE_03,TE,77,89,79,81,94,54,74,77,74,80,,,,,,,67,77,,,,,,,,,,,,,,,,,62,,,,,,,,,,,,,,76,82,85,,,,,79,,,,82,,,,,,,MODELED
GB_TE_04,TE,74,63,72,79,83,65,67,60,50,64,,,,,,,77,66,,,,,,,,,,,,,,,,,81,,,,,,,,,,,,,,74,81,62,,,,,61,,,,75,,,,,,,MODELED
GB_TE_05,TE,60,54,53,61,73,62,49,57,96,56,,,,,,,44,43,,,,,,,,,,,,,,,,,32,,,,,,,,,,,,,,53,47,55,,,,,68,,,,57,,,,,,,MODELED
GB_TE_06,TE,56,67,55,66,75,76,57,59,73,50,,,,,,,60,65,,,,,,,,,,,,,,,,,66,,,,,,,,,,,,,,62,66,63,,,,,62,,,,62,,,,,,,MODELED
GB_OT_01,OT,65,70,74,88,94,51,87,87,67,76,85,,,,,,,,,,,,,,,,,,,,,,,,85,,,,,,82,,,,,,,,,,77,,,,92,,,,,,,78,,,,,MODELED
GB_OT_02,OT,70,70,72,87,82,60,80,90,74,63,95,,,,,,,,,,,,,,,,,,,,,,,,85,,,,,,87,,,,,,,,,,94,,,,97,,,,,,,77,,,,,MODELED
GB_OT_03,OT,51,42,57,71,84,80,69,65,64,59,61,,,,,,,,,,,,,,,,,,,,,,,,78,,,,,,70,,,,,,,,,,61,,,,72,,,,,,,75,,,,,MODELED
GB_OT_04,OT,62,63,60,83,84,84,71,92,63,67,79,,,,,,,,,,,,,,,,,,,,,,,,77,,,,,,71,,,,,,,,,,70,,,,68,,,,,,,85,,,,,MODELED
GB_OT_05,OT,48,40,65,78,75,82,63,64,61,61,62,,,,,,,,,,,,,,,,,,,,,,,,67,,,,,,68,,,,,,,,,,68,,,,58,,,,,,,78,,,,,MODELED
GB_OT_06,OT,27,37,35,64,76,89,42,40,38,48,44,,,,,,,,,,,,,,,,,,,,,,,,61,,,,,,52,,,,,,,,,,48,,,,49,,,,,,,45,,,,,MODELED
GB_OG_01,OG,46,76,72,99,87,81,81,68,62,63,84,,,,,,,,,,,,,,,,,,,,,,,,84,,,,,,78,,,,,,,,,,81,,,,87,,,,,,,69,,,,,MODELED
GB_OG_02,OG,61,74,71,99,83,87,87,79,65,81,83,,,,,,,,,,,,,,,,,,,,,,,,75,,,,,,89,,,,,,,,,,93,,,,76,,,,,,,90,,,,,MODELED
GB_OG_03,OG,45,46,57,84,70,72,66,74,73,61,75,,,,,,,,,,,,,,,,,,,,,,,,65,,,,,,70,,,,,,,,,,73,,,,66,,,,,,,83,,,,,MODELED
GB_OG_04,OG,49,53,63,78,69,96,62,67,62,77,66,,,,,,,,,,,,,,,,,,,,,,,,65,,,,,,65,,,,,,,,,,68,,,,76,,,,,,,61,,,,,MODELED
GB_OG_05,OG,42,44,51,74,83,82,62,67,41,67,68,,,,,,,,,,,,,,,,,,,,,,,,67,,,,,,63,,,,,,,,,,58,,,,67,,,,,,,67,,,,,MODELED
GB_OG_06,OG,46,54,52,82,83,75,61,58,94,49,62,,,,,,,,,,,,,,,,,,,,,,,,50,,,,,,65,,,,,,,,,,53,,,,57,,,,,,,62,,,,,MODELED
GB_C_01,C,53,61,76,93,87,80,75,83,83,76,83,,,,,,,,,,,,,,,,,,,,,85,,,84,,,,,,78,,,,,,,,,,81,,,,,,,75,,,,73,,,,,MODELED
GB_C_02,C,64,65,69,91,70,58,86,75,76,73,75,,,,,,,,,,,,,,,,,,,,,81,,,85,,,,,,76,,,,,,,,,,68,,,,,,,87,,,,73,,,,,MODELED
GB_C_03,C,40,47,57,88,80,76,71,70,36,59,62,,,,,,,,,,,,,,,,,,,,,73,,,67,,,,,,69,,,,,,,,,,79,,,,,,,67,,,,60,,,,,MODELED
GB_EDGE_01,EDGE,93,76,82,91,92,84,90,74,70,81,,,,84,,,,,,,80,,,,,87,,,,,,,,,,,90,,,,,87,,,,,95,,,,,90,,,,,,,,,,,,,,,MODELED
GB_EDGE_02,EDGE,77,87,80,87,95,74,80,82,70,62,,,,85,,,,,,,87,,,,,74,,,,,,,,,,,78,,,,,78,,,,,78,,,,,80,,,,,,,,,,,,,,,MODELED
GB_EDGE_03,EDGE,76,77,81,83,88,75,85,68,62,73,,,,72,,,,,,,80,,,,,80,,,,,,,,,,,82,,,,,69,,,,,77,,,,,85,,,,,,,,,,,,,,,MODELED
GB_EDGE_04,EDGE,90,78,85,95,83,59,74,84,83,86,,,,69,,,,,,,69,,,,,75,,,,,,,,,,,86,,,,,75,,,,,81,,,,,71,,,,,,,,,,,,,,,MODELED
GB_EDGE_05,EDGE,66,73,76,71,78,44,68,70,66,69,,,,82,,,,,,,64,,,,,68,,,,,,,,,,,69,,,,,79,,,,,64,,,,,59,,,,,,,,,,,,,,,MODELED
GB_EDGE_06,EDGE,68,70,66,69,88,74,74,66,56,62,,,,65,,,,,,,67,,,,,72,,,,,,,,,,,67,,,,,59,,,,,69,,,,,68,,,,,,,,,,,,,,,MODELED
GB_EDGE_07,EDGE,77,71,78,73,76,56,59,64,56,61,,,,69,,,,,,,71,,,,,71,,,,,,,,,,,66,,,,,68,,,,,65,,,,,59,,,,,,,,,,,,,,,MODELED
GB_EDGE_08,EDGE,48,47,43,61,68,72,53,43,83,60,,,,51,,,,,,,47,,,,,50,,,,,,,,,,,48,,,,,57,,,,,49,,,,,53,,,,,,,,,,,,,,,MODELED
GB_EDGE_09,EDGE,55,63,61,69,70,88,53,57,40,57,,,,70,,,,,,,72,,,,,55,,,,,,,,,,,60,,,,,59,,,,,59,,,,,45,,,,,,,,,,,,,,,MODELED
GB_DT_01,DT,68,81,80,99,91,63,94,99,67,93,,,,88,,,,,,,,,,,,88,,,,,,,,,,,98,,,,,93,,,,,90,,,,,94,,,,,,,,,,,,,,,MODELED
GB_DT_02,DT,72,79,74,99,87,83,87,74,65,85,,,,88,,,,,,,,,,,,88,,,,,,,,,,,95,,,,,85,,,,,78,,,,,86,,,,,,,,,,,,,,,MODELED
GB_DT_03,DT,67,56,59,94,80,57,75,76,67,69,,,,76,,,,,,,,,,,,55,,,,,,,,,,,66,,,,,71,,,,,68,,,,,70,,,,,,,,,,,,,,,MODELED
GB_DT_04,DT,67,88,64,94,90,44,70,81,57,69,,,,71,,,,,,,,,,,,82,,,,,,,,,,,82,,,,,82,,,,,85,,,,,70,,,,,,,,,,,,,,,MODELED
GB_DT_05,DT,68,73,57,87,73,60,79,72,51,74,,,,71,,,,,,,,,,,,82,,,,,,,,,,,74,,,,,80,,,,,79,,,,,79,,,,,,,,,,,,,,,MODELED
GB_DT_06,DT,55,59,49,84,83,45,61,76,67,73,,,,71,,,,,,,,,,,,68,,,,,,,,,,,58,,,,,73,,,,,62,,,,,64,,,,,,,,,,,,,,,MODELED
GB_DT_07,DT,43,50,58,69,69,67,65,55,90,53,,,,52,,,,,,,,,,,,54,,,,,,,,,,,52,,,,,66,,,,,47,,,,,62,,,,,,,,,,,,,,,MODELED
GB_DT_08,DT,43,44,50,61,74,73,49,51,54,61,,,,49,,,,,,,,,,,,44,,,,,,,,,,,73,,,,,53,,,,,54,,,,,54,,,,,,,,,,,,,,,MODELED
GB_LB_01,LB,81,75,83,75,80,73,70,81,52,71,,,66,69,,,,,,,,,,,,,,,,,,,81,,,,,,83,,,,,,,,82,,,,,,,,,,,,,,76,,,,,75,MODELED
GB_LB_02,LB,81,87,72,79,76,82,79,84,92,80,,,80,84,,,,,,,,,,,,,,,,,,,86,,,,,,87,,,,,,,,83,,,,,,,,,,,,,,84,,,,,86,MODELED
GB_LB_03,LB,85,80,72,74,89,78,81,72,70,58,,,82,73,,,,,,,,,,,,,,,,,,,74,,,,,,64,,,,,,,,78,,,,,,,,,,,,,,82,,,,,76,MODELED
GB_LB_04,LB,54,57,65,69,72,77,72,59,72,60,,,75,68,,,,,,,,,,,,,,,,,,,69,,,,,,59,,,,,,,,69,,,,,,,,,,,,,,52,,,,,72,MODELED
GB_LB_05,LB,69,65,77,83,70,87,68,70,64,66,,,61,79,,,,,,,,,,,,,,,,,,,65,,,,,,65,,,,,,,,59,,,,,,,,,,,,,,73,,,,,67,MODELED
GB_LB_06,LB,54,59,58,54,67,55,48,64,50,56,,,59,60,,,,,,,,,,,,,,,,,,,57,,,,,,53,,,,,,,,54,,,,,,,,,,,,,,43,,,,,60,MODELED
GB_LB_07,LB,54,67,63,70,84,71,48,59,69,50,,,52,67,,,,,,,,,,,,,,,,,,,59,,,,,,59,,,,,,,,58,,,,,,,,,,,,,,71,,,,,57,MODELED
GB_LB_08,LB,67,61,61,62,64,80,62,50,79,53,,,45,63,,,,,,,,,,,,,,,,,,,70,,,,,,61,,,,,,,,66,,,,,,,,,,,,,,45,,,,,49,MODELED
GB_CB_01,CB,98,93,88,73,87,75,78,80,67,64,,75,,,,,,,,,,,,,,,,,,,,,78,,,,,,75,,,,78,,,,,,,,,,,,,,,,,,80,,,,,82,MODELED
GB_CB_02,CB,92,90,89,68,76,65,71,81,65,81,,81,,,,,,,,,,,,,,,,,,,,,83,,,,,,70,,,,67,,,,,,,,,,,,,,,,,,83,,,,,70,MODELED
GB_CB_03,CB,94,99,99,77,87,85,83,82,42,59,,85,,,,,,,,,,,,,,,,,,,,,98,,,,,,91,,,,77,,,,,,,,,,,,,,,,,,91,,,,,83,MODELED
GB_CB_04,CB,87,91,88,74,93,63,81,84,90,62,,92,,,,,,,,,,,,,,,,,,,,,93,,,,,,85,,,,76,,,,,,,,,,,,,,,,,,92,,,,,77,MODELED
GB_CB_05,CB,95,87,86,74,69,67,69,83,68,75,,76,,,,,,,,,,,,,,,,,,,,,90,,,,,,71,,,,79,,,,,,,,,,,,,,,,,,80,,,,,76,MODELED
GB_CB_06,CB,89,87,87,61,87,79,85,74,68,66,,81,,,,,,,,,,,,,,,,,,,,,80,,,,,,77,,,,89,,,,,,,,,,,,,,,,,,73,,,,,77,MODELED
GB_CB_07,CB,65,70,78,45,85,90,58,72,64,64,,76,,,,,,,,,,,,,,,,,,,,,62,,,,,,50,,,,63,,,,,,,,,,,,,,,,,,49,,,,,60,MODELED
GB_CB_08,CB,74,68,75,55,78,70,58,56,90,76,,44,,,,,,,,,,,,,,,,,,,,,63,,,,,,62,,,,75,,,,,,,,,,,,,,,,,,66,,,,,67,MODELED
GB_CB_09,CB,58,55,53,41,75,70,55,56,55,60,,57,,,,,,,,,,,,,,,,,,,,,39,,,,,,47,,,,53,,,,,,,,,,,,,,,,,,54,,,,,48,MODELED
GB_CB_10,CB,75,67,65,60,73,85,64,61,58,66,,60,,,,,,,,,,,,,,,,,,,,,67,,,,,,64,,,,54,,,,,,,,,,,,,,,,,,65,,,,,55,MODELED
GB_CB_11,CB,70,61,59,65,75,53,63,56,89,59,,68,,,,,,,,,,,,,,,,,,,,,67,,,,,,51,,,,61,,,,,,,,,,,,,,,,,,69,,,,,59,MODELED
GB_S_01,S,81,81,76,75,80,62,72,69,86,67,,83,,,,,,,,,,,,,,,,,,,,,74,,,,,,94,,,,72,,,,,,,,,,74,,,,,,,,73,,,,,60,MODELED
GB_S_02,S,79,83,93,82,87,63,99,86,60,59,,72,,,,,,,,,,,,,,,,,,,,,80,,,,,,70,,,,77,,,,,,,,,,77,,,,,,,,82,,,,,82,MODELED
GB_S_03,S,70,81,66,60,75,66,72,64,70,72,,70,,,,,,,,,,,,,,,,,,,,,68,,,,,,65,,,,72,,,,,,,,,,77,,,,,,,,67,,,,,67,MODELED
GB_S_04,S,71,74,74,64,91,84,66,76,65,74,,67,,,,,,,,,,,,,,,,,,,,,74,,,,,,71,,,,77,,,,,,,,,,74,,,,,,,,60,,,,,71,MODELED
GB_S_05,S,68,66,67,58,75,50,60,57,62,77,,64,,,,,,,,,,,,,,,,,,,,,78,,,,,,79,,,,67,,,,,,,,,,55,,,,,,,,60,,,,,60,MODELED
GB_S_06,S,49,50,42,54,62,85,43,43,73,56,,44,,,,,,,,,,,,,,,,,,,,,59,,,,,,52,,,,46,,,,,,,,,,42,,,,,,,,57,,,,,44,MODELED
GB_S_07,S,60,53,60,44,76,70,43,45,50,53,,57,,,,,,,,,,,,,,,,,,,,,51,,,,,,43,,,,35,,,,,,,,,,43,,,,,,,,55,,,,,46,MODELED
GB_K_01,K,62,65,51,70,82,88,83,98,89,71,,,,,,,,,76,,,,,,,,,83,91,86,,,,,,,,,,,,,,,,,,,,,,,,,,,,,,,,,,,,,MODELED
GB_K_02,K,42,32,51,62,84,45,66,53,68,62,,,,,,,,,65,,,,,,,,,57,59,65,,,,,,,,,,,,,,,,,,,,,,,,,,,,,,,,,,,,,MODELED
GB_P_01,P,53,63,62,69,91,72,74,81,62,74,,,,,,,,,,,,,,76,,,72,,,,,,,,,,,,,,,,,,85,65,,,,,,,,,,,,,,,,,,,,,MODELED
GB_P_02,P,56,54,57,64,76,56,79,61,53,60,,,,,,,,,,,,,,68,,,80,,,,,,,,,,,,,,,,,,68,69,,,,,,,,,,,,,,,,,,,,,MODELED
GB_LS_01,LS,51,54,75,85,79,48,88,74,60,55,,,,,,,,,,,80,,,,,,,,,,,,,,,,,,,,,,,,,,,,,,,,,,,,,66,69,,,,,,,,MODELED
MIN_QB_01,QB,84,65,76,96,92,80,82,78,80,65,,,,,,,,,,,,74,77,,,,,,,,,,,75,,,,94,,83,,,,72,,,,,,,,,,85,,,71,,,,,,89,79,,,MODELED
MIN_QB_02,QB,55,62,62,57,81,55,78,80,58,63,,,,,,,,,,,,65,66,,,,,,,,,,,66,,,,68,,74,,,,75,,,,,,,,,,66,,,60,,,,,,65,64,,,MODELED
MIN_QB_03,QB,56,57,49,56,74,59,63,70,76,63,,,,,,,,,,,,62,67,,,,,,,,,,,56,,,,65,,65,,,,67,,,,,,,,,,78,,,55,,,,,,67,68,,,MODELED
MIN_QB_04,QB,51,47,56,47,68,45,56,57,84,37,,,,,,,,,,,,62,61,,,,,,,,,,,57,,,,55,,57,,,,64,,,,,,,,,,68,,,53,,,,,,52,58,,,MODELED
MIN_RB_01,RB,78,93,87,79,84,80,88,82,72,74,,,,,78,80,,,,77,,,,,66,,,,,,,,,,,72,,,,,,,,,,,,71,,,,,,,,,,,,,,,,,79,,MODELED
MIN_RB_02,RB,79,73,71,67,66,68,64,62,68,67,,,,,66,63,,,,71,,,,,72,,,,,,,,,,,62,,,,,,,,,,,,64,,,,,,,,,,,,,,,,,67,,MODELED
MIN_RB_03,RB,68,80,71,70,74,65,70,77,75,56,,,,,73,61,,,,62,,,,,65,,,,,,,,,,,70,,,,,,,,,,,,66,,,,,,,,,,,,,,,,,72,,MODELED
MIN_RB_04,RB,67,78,69,59,82,75,69,62,55,59,,,,,65,59,,,,67,,,,,66,,,,,,,,,,,59,,,,,,,,,,,,76,,,,,,,,,,,,,,,,,67,,MODELED
MIN_RB_05,RB,61,65,62,59,69,99,53,48,80,58,,,,,54,55,,,,65,,,,,62,,,,,,,,,,,59,,,,,,,,,,,,52,,,,,,,,,,,,,,,,,61,,MODELED
MIN_FB_01,FB,69,80,74,83,70,65,71,80,58,73,,,,,,77,,,,84,,,,,,,,,,,74,,,,,77,,,,,,,,,,,,75,,,69,,,,,,,,,,,,,,,,MODELED
MIN_WR_01,WR,98,99,99,80,91,68,99,91,81,65,,,,,,,99,96,,,,,,,,,,,,,,,,,,,,,,,,,,,,,,,91,96,95,,,,,92,,,,90,,,,,,,MODELED
MIN_WR_02,WR,89,99,86,83,79,69,75,77,67,78,,,,,,,88,97,,,,,,,,,,,,,,,,,,,,,,,,,,,,,,,82,88,67,,,,,93,,,,87,,,,,,,MODELED
MIN_WR_03,WR,97,78,87,76,81,84,76,75,73,75,,,,,,,81,63,,,,,,,,,,,,,,,,,,,,,,,,,,,,,,,76,73,71,,,,,76,,,,83,,,,,,,MODELED
MIN_WR_04,WR,76,72,80,70,87,62,72,80,59,73,,,,,,,57,78,,,,,,,,,,,,,,,,,,,,,,,,,,,,,,,84,71,63,,,,,69,,,,59,,,,,,,MODELED
MIN_WR_05,WR,84,72,76,70,77,67,64,66,66,76,,,,,,,68,72,,,,,,,,,,,,,,,,,,,,,,,,,,,,,,,66,71,77,,,,,66,,,,66,,,,,,,MODELED
MIN_WR_06,WR,73,71,80,55,80,69,65,68,89,64,,,,,,,71,70,,,,,,,,,,,,,,,,,,,,,,,,,,,,,,,75,74,67,,,,,67,,,,87,,,,,,,MODELED
MIN_WR_07,WR,63,82,75,61,92,49,70,61,66,72,,,,,,,60,60,,,,,,,,,,,,,,,,,,,,,,,,,,,,,,,72,61,73,,,,,63,,,,62,,,,,,,MODELED
MIN_WR_08,WR,79,78,65,61,76,86,69,58,55,50,,,,,,,65,68,,,,,,,,,,,,,,,,,,,,,,,,,,,,,,,52,60,66,,,,,75,,,,65,,,,,,,MODELED
MIN_WR_09,WR,64,66,59,59,87,60,60,67,85,69,,,,,,,56,55,,,,,,,,,,,,,,,,,,,,,,,,,,,,,,,51,42,55,,,,,66,,,,64,,,,,,,MODELED
MIN_WR_10,WR,74,69,69,53,74,58,55,64,80,63,,,,,,,64,71,,,,,,,,,,,,,,,,,,,,,,,,,,,,,,,54,64,62,,,,,50,,,,70,,,,,,,MODELED
MIN_WR_11,WR,60,70,61,54,64,65,60,61,63,61,,,,,,,64,61,,,,,,,,,,,,,,,,,,,,,,,,,,,,,,,60,77,51,,,,,53,,,,63,,,,,,,MODELED
MIN_TE_01,TE,64,77,68,82,71,99,67,67,55,67,,,,,,,55,65,,,,,,,,,,,,,,,,,82,,,,,,,,,,,,,,70,74,79,,,,,76,,,,86,,,,,,,MODELED
MIN_TE_02,TE,75,63,69,84,74,67,64,80,90,66,,,,,,,61,78,,,,,,,,,,,,,,,,,69,,,,,,,,,,,,,,75,71,82,,,,,62,,,,78,,,,,,,MODELED
MIN_TE_03,TE,67,61,75,53,68,47,78,76,60,61,,,,,,,61,72,,,,,,,,,,,,,,,,,64,,,,,,,,,,,,,,72,76,76,,,,,67,,,,70,,,,,,,MODELED
MIN_TE_04,TE,57,70,60,68,77,53,64,59,80,69,,,,,,,64,63,,,,,,,,,,,,,,,,,43,,,,,,,,,,,,,,54,72,70,,,,,52,,,,71,,,,,,,MODELED
MIN_TE_05,TE,40,41,47,52,61,66,47,35,69,63,,,,,,,54,49,,,,,,,,,,,,,,,,,57,,,,,,,,,,,,,,44,45,54,,,,,36,,,,33,,,,,,,MODELED
MIN_TE_06,TE,63,57,58,64,94,56,68,56,55,52,,,,,,,56,58,,,,,,,,,,,,,,,,,58,,,,,,,,,,,,,,70,61,62,,,,,60,,,,55,,,,,,,MODELED
MIN_OT_01,OT,74,74,84,99,91,75,97,99,70,84,97,,,,,,,,,,,,,,,,,,,,,,,,90,,,,,,90,,,,,,,,,,99,,,,84,,,,,,,99,,,,,MODELED
MIN_OT_02,OT,68,86,95,95,93,89,91,95,49,81,89,,,,,,,,,,,,,,,,,,,,,,,,99,,,,,,99,,,,,,,,,,99,,,,90,,,,,,,94,,,,,MODELED
MIN_OT_03,OT,38,41,60,80,77,81,68,67,47,68,63,,,,,,,,,,,,,,,,,,,,,,,,58,,,,,,57,,,,,,,,,,63,,,,58,,,,,,,47,,,,,MODELED
MIN_OT_04,OT,69,57,60,98,70,64,66,82,64,55,82,,,,,,,,,,,,,,,,,,,,,,,,89,,,,,,79,,,,,,,,,,81,,,,67,,,,,,,72,,,,,MODELED
MIN_OT_05,OT,37,54,52,74,61,80,66,61,62,58,70,,,,,,,,,,,,,,,,,,,,,,,,58,,,,,,69,,,,,,,,,,64,,,,55,,,,,,,63,,,,,MODELED
MIN_OT_06,OT,45,53,49,66,90,70,57,53,93,69,50,,,,,,,,,,,,,,,,,,,,,,,,53,,,,,,65,,,,,,,,,,57,,,,58,,,,,,,62,,,,,MODELED
MIN_OG_01,OG,56,50,61,90,83,84,72,80,80,66,63,,,,,,,,,,,,,,,,,,,,,,,,75,,,,,,76,,,,,,,,,,68,,,,67,,,,,,,66,,,,,MODELED
MIN_OG_02,OG,54,62,67,99,76,65,82,75,74,75,73,,,,,,,,,,,,,,,,,,,,,,,,84,,,,,,76,,,,,,,,,,72,,,,74,,,,,,,57,,,,,MODELED
MIN_OG_03,OG,43,50,50,80,59,42,57,59,55,66,53,,,,,,,,,,,,,,,,,,,,,,,,50,,,,,,60,,,,,,,,,,66,,,,64,,,,,,,76,,,,,MODELED
MIN_OG_04,OG,56,61,60,85,83,67,83,81,79,66,74,,,,,,,,,,,,,,,,,,,,,,,,68,,,,,,77,,,,,,,,,,79,,,,72,,,,,,,68,,,,,MODELED
MIN_OG_05,OG,52,37,43,68,86,58,62,51,63,51,68,,,,,,,,,,,,,,,,,,,,,,,,68,,,,,,72,,,,,,,,,,67,,,,83,,,,,,,57,,,,,MODELED
MIN_OG_06,OG,28,31,45,63,66,70,65,64,68,58,38,,,,,,,,,,,,,,,,,,,,,,,,51,,,,,,36,,,,,,,,,,51,,,,49,,,,,,,49,,,,,MODELED
MIN_C_01,C,79,71,78,99,81,79,84,91,89,82,84,,,,,,,,,,,,,,,,,,,,,91,,,74,,,,,,94,,,,,,,,,,76,,,,,,,86,,,,92,,,,,MODELED
MIN_C_02,C,40,58,55,71,82,67,80,74,66,69,62,,,,,,,,,,,,,,,,,,,,,57,,,67,,,,,,70,,,,,,,,,,72,,,,,,,71,,,,57,,,,,MODELED
MIN_C_03,C,41,36,57,73,73,75,53,65,75,56,57,,,,,,,,,,,,,,,,,,,,,66,,,59,,,,,,53,,,,,,,,,,48,,,,,,,67,,,,64,,,,,MODELED
MIN_EDGE_01,EDGE,79,76,80,87,81,77,82,74,82,66,,,,80,,,,,,,64,,,,,75,,,,,,,,,,,77,,,,,80,,,,,71,,,,,75,,,,,,,,,,,,,,,MODELED
MIN_EDGE_02,EDGE,96,81,93,99,93,83,96,90,60,71,,,,97,,,,,,,83,,,,,89,,,,,,,,,,,88,,,,,91,,,,,93,,,,,96,,,,,,,,,,,,,,,MODELED
MIN_EDGE_03,EDGE,78,71,70,76,93,75,83,73,72,68,,,,72,,,,,,,68,,,,,72,,,,,,,,,,,75,,,,,74,,,,,76,,,,,72,,,,,,,,,,,,,,,MODELED
MIN_EDGE_04,EDGE,60,66,74,73,81,80,70,70,75,67,,,,65,,,,,,,65,,,,,75,,,,,,,,,,,68,,,,,59,,,,,61,,,,,67,,,,,,,,,,,,,,,MODELED
MIN_EDGE_05,EDGE,56,63,68,77,71,77,62,63,60,65,,,,61,,,,,,,58,,,,,49,,,,,,,,,,,60,,,,,78,,,,,71,,,,,63,,,,,,,,,,,,,,,MODELED
MIN_EDGE_06,EDGE,62,69,61,68,82,77,66,64,59,68,,,,64,,,,,,,55,,,,,69,,,,,,,,,,,57,,,,,65,,,,,62,,,,,58,,,,,,,,,,,,,,,MODELED
MIN_EDGE_07,EDGE,61,68,63,75,73,56,79,59,80,49,,,,66,,,,,,,59,,,,,54,,,,,,,,,,,66,,,,,68,,,,,67,,,,,79,,,,,,,,,,,,,,,MODELED
MIN_EDGE_08,EDGE,57,71,66,69,58,76,56,65,95,61,,,,55,,,,,,,63,,,,,59,,,,,,,,,,,77,,,,,66,,,,,59,,,,,71,,,,,,,,,,,,,,,MODELED
MIN_EDGE_09,EDGE,70,63,65,65,77,86,52,53,81,56,,,,57,,,,,,,62,,,,,62,,,,,,,,,,,57,,,,,60,,,,,49,,,,,67,,,,,,,,,,,,,,,MODELED
MIN_DT_01,DT,63,67,63,99,86,62,81,83,68,76,,,,81,,,,,,,,,,,,71,,,,,,,,,,,72,,,,,82,,,,,86,,,,,96,,,,,,,,,,,,,,,MODELED
MIN_DT_02,DT,56,78,72,99,82,74,76,77,80,74,,,,82,,,,,,,,,,,,99,,,,,,,,,,,64,,,,,88,,,,,79,,,,,75,,,,,,,,,,,,,,,MODELED
MIN_DT_03,DT,62,67,84,99,90,85,78,70,74,76,,,,73,,,,,,,,,,,,66,,,,,,,,,,,73,,,,,76,,,,,79,,,,,78,,,,,,,,,,,,,,,MODELED
MIN_DT_04,DT,73,69,78,90,93,97,86,74,60,68,,,,76,,,,,,,,,,,,74,,,,,,,,,,,85,,,,,87,,,,,80,,,,,76,,,,,,,,,,,,,,,MODELED
MIN_DT_05,DT,46,61,48,91,63,57,63,63,58,69,,,,60,,,,,,,,,,,,63,,,,,,,,,,,65,,,,,63,,,,,69,,,,,59,,,,,,,,,,,,,,,MODELED
MIN_DT_06,DT,54,59,52,88,77,73,64,67,83,63,,,,59,,,,,,,,,,,,51,,,,,,,,,,,57,,,,,64,,,,,68,,,,,74,,,,,,,,,,,,,,,MODELED
MIN_DT_07,DT,41,45,55,61,70,70,63,53,60,52,,,,54,,,,,,,,,,,,52,,,,,,,,,,,56,,,,,62,,,,,56,,,,,63,,,,,,,,,,,,,,,MODELED
MIN_DT_08,DT,35,46,41,69,76,66,49,52,74,61,,,,46,,,,,,,,,,,,40,,,,,,,,,,,47,,,,,53,,,,,56,,,,,52,,,,,,,,,,,,,,,MODELED
MIN_LB_01,LB,77,75,75,76,94,77,84,70,81,69,,,74,69,,,,,,,,,,,,,,,,,,,85,,,,,,79,,,,,,,,67,,,,,,,,,,,,,,80,,,,,67,MODELED
MIN_LB_02,LB,78,73,71,90,78,64,88,90,38,81,,,79,87,,,,,,,,,,,,,,,,,,,82,,,,,,77,,,,,,,,83,,,,,,,,,,,,,,87,,,,,68,MODELED
MIN_LB_03,LB,77,79,77,73,77,84,68,71,83,56,,,72,77,,,,,,,,,,,,,,,,,,,70,,,,,,77,,,,,,,,61,,,,,,,,,,,,,,83,,,,,74,MODELED
MIN_LB_04,LB,78,70,83,82,77,58,70,70,54,71,,,71,69,,,,,,,,,,,,,,,,,,,61,,,,,,73,,,,,,,,65,,,,,,,,,,,,,,55,,,,,76,MODELED
MIN_LB_05,LB,62,74,72,63,80,69,71,72,77,66,,,72,85,,,,,,,,,,,,,,,,,,,75,,,,,,76,,,,,,,,66,,,,,,,,,,,,,,75,,,,,67,MODELED
MIN_LB_06,LB,63,64,71,78,81,78,65,69,71,53,,,78,57,,,,,,,,,,,,,,,,,,,61,,,,,,70,,,,,,,,62,,,,,,,,,,,,,,66,,,,,48,MODELED
MIN_LB_07,LB,57,58,54,55,79,61,52,43,75,60,,,62,57,,,,,,,,,,,,,,,,,,,58,,,,,,73,,,,,,,,58,,,,,,,,,,,,,,61,,,,,35,MODELED
MIN_LB_08,LB,79,83,80,71,83,64,64,75,70,86,,,76,72,,,,,,,,,,,,,,,,,,,76,,,,,,70,,,,,,,,66,,,,,,,,,,,,,,78,,,,,71,MODELED
MIN_CB_01,CB,87,94,89,87,88,80,90,89,94,81,,81,,,,,,,,,,,,,,,,,,,,,74,,,,,,87,,,,81,,,,,,,,,,,,,,,,,,76,,,,,93,MODELED
MIN_CB_02,CB,84,81,85,57,78,90,66,77,71,81,,76,,,,,,,,,,,,,,,,,,,,,60,,,,,,72,,,,77,,,,,,,,,,,,,,,,,,75,,,,,62,MODELED
MIN_CB_03,CB,92,92,92,82,89,51,92,83,64,72,,83,,,,,,,,,,,,,,,,,,,,,87,,,,,,92,,,,91,,,,,,,,,,,,,,,,,,92,,,,,78,MODELED
MIN_CB_04,CB,77,76,78,61,80,92,72,76,63,83,,69,,,,,,,,,,,,,,,,,,,,,71,,,,,,62,,,,82,,,,,,,,,,,,,,,,,,79,,,,,78,MODELED
MIN_CB_05,CB,87,94,96,70,82,68,88,73,71,67,,82,,,,,,,,,,,,,,,,,,,,,83,,,,,,87,,,,78,,,,,,,,,,,,,,,,,,91,,,,,84,MODELED
MIN_CB_06,CB,81,85,77,58,75,71,59,71,70,61,,76,,,,,,,,,,,,,,,,,,,,,65,,,,,,67,,,,75,,,,,,,,,,,,,,,,,,73,,,,,72,MODELED
MIN_CB_07,CB,78,60,79,58,85,92,59,60,73,85,,67,,,,,,,,,,,,,,,,,,,,,65,,,,,,63,,,,74,,,,,,,,,,,,,,,,,,63,,,,,62,MODELED
MIN_CB_08,CB,76,67,63,45,72,65,52,51,61,58,,60,,,,,,,,,,,,,,,,,,,,,68,,,,,,53,,,,60,,,,,,,,,,,,,,,,,,60,,,,,59,MODELED
MIN_CB_09,CB,68,73,66,45,76,57,54,60,56,65,,59,,,,,,,,,,,,,,,,,,,,,59,,,,,,65,,,,52,,,,,,,,,,,,,,,,,,53,,,,,59,MODELED
MIN_CB_10,CB,63,71,65,41,60,52,65,47,74,68,,57,,,,,,,,,,,,,,,,,,,,,55,,,,,,48,,,,61,,,,,,,,,,,,,,,,,,65,,,,,51,MODELED
MIN_CB_11,CB,56,71,74,53,89,99,62,61,81,74,,67,,,,,,,,,,,,,,,,,,,,,58,,,,,,64,,,,73,,,,,,,,,,,,,,,,,,58,,,,,63,MODELED
MIN_S_01,S,98,99,87,95,92,79,81,77,57,68,,75,,,,,,,,,,,,,,,,,,,,,93,,,,,,66,,,,80,,,,,,,,,,76,,,,,,,,76,,,,,68,MODELED
MIN_S_02,S,88,90,87,88,83,98,88,77,78,73,,73,,,,,,,,,,,,,,,,,,,,,92,,,,,,67,,,,96,,,,,,,,,,84,,,,,,,,89,,,,,92,MODELED
MIN_S_03,S,68,71,72,61,91,65,61,74,62,51,,62,,,,,,,,,,,,,,,,,,,,,58,,,,,,73,,,,62,,,,,,,,,,63,,,,,,,,53,,,,,69,MODELED
MIN_S_04,S,67,85,67,65,80,98,66,58,85,75,,52,,,,,,,,,,,,,,,,,,,,,71,,,,,,58,,,,62,,,,,,,,,,61,,,,,,,,80,,,,,64,MODELED
MIN_S_05,S,59,71,70,59,83,58,64,70,72,54,,54,,,,,,,,,,,,,,,,,,,,,69,,,,,,58,,,,67,,,,,,,,,,66,,,,,,,,69,,,,,58,MODELED
MIN_S_06,S,47,51,44,34,68,61,39,33,75,45,,52,,,,,,,,,,,,,,,,,,,,,46,,,,,,37,,,,43,,,,,,,,,,40,,,,,,,,33,,,,,52,MODELED
MIN_S_07,S,65,62,70,44,65,48,45,57,53,54,,72,,,,,,,,,,,,,,,,,,,,,54,,,,,,50,,,,54,,,,,,,,,,54,,,,,,,,49,,,,,49,MODELED
MIN_K_01,K,56,51,60,62,94,78,69,69,64,61,,,,,,,,,83,,,,,,,,,77,72,72,,,,,,,,,,,,,,,,,,,,,,,,,,,,,,,,,,,,,MODELED
MIN_K_02,K,45,58,46,59,75,65,73,65,62,66,,,,,,,,,68,,,,,,,,,69,68,84,,,,,,,,,,,,,,,,,,,,,,,,,,,,,,,,,,,,,MODELED
MIN_P_01,P,55,55,57,64,92,58,74,69,91,64,,,,,,,,,,,,,,75,,,71,,,,,,,,,,,,,,,,,,84,79,,,,,,,,,,,,,,,,,,,,,MODELED
MIN_P_02,P,42,43,53,55,88,87,62,64,56,65,,,,,,,,,,,,,,67,,,56,,,,,,,,,,,,,,,,,,81,64,,,,,,,,,,,,,,,,,,,,,MODELED
MIN_LS_01,LS,52,46,59,76,76,67,68,81,94,71,,,,,,,,,,,65,,,,,,,,,,,,,,,,,,,,,,,,,,,,,,,,,,,,,76,77,,,,,,,,MODELED
ATL_QB_01,QB,84,93,84,80,76,83,80,88,80,82,,,,,,,,,,,,88,86,,,,,,,,,,,91,,,,92,,91,,,,75,,,,,,,,,,91,,,85,,,,,,93,87,,,MODELED
ATL_QB_02,QB,68,74,69,73,77,71,77,73,66,61,,,,,,,,,,,,75,68,,,,,,,,,,,88,,,,76,,69,,,,77,,,,,,,,,,71,,,68,,,,,,69,74,,,MODELED
ATL_QB_03,QB,57,60,60,48,77,88,64,56,55,74,,,,,,,,,,,,57,69,,,,,,,,,,,47,,,,65,,50,,,,59,,,,,,,,,,54,,,57,,,,,,55,62,,,MODELED
ATL_QB_04,QB,55,61,45,61,76,62,62,61,61,61,,,,,,,,,,,,63,55,,,,,,,,,,,63,,,,70,,68,,,,48,,,,,,,,,,69,,,74,,,,,,56,57,,,MODELED
ATL_RB_01,RB,82,79,84,67,93,60,69,78,63,69,,,,,69,83,,,,70,,,,,84,,,,,,,,,,,84,,,,,,,,,,,,70,,,,,,,,,,,,,,,,,73,,MODELED
ATL_RB_02,RB,71,72,72,64,62,55,59,64,82,54,,,,,60,68,,,,69,,,,,63,,,,,,,,,,,71,,,,,,,,,,,,66,,,,,,,,,,,,,,,,,66,,MODELED
ATL_RB_03,RB,63,54,71,58,66,76,53,44,64,72,,,,,60,63,,,,54,,,,,59,,,,,,,,,,,60,,,,,,,,,,,,64,,,,,,,,,,,,,,,,,55,,MODELED
ATL_RB_04,RB,54,58,63,62,88,68,65,53,58,35,,,,,65,60,,,,54,,,,,52,,,,,,,,,,,51,,,,,,,,,,,,55,,,,,,,,,,,,,,,,,51,,MODELED
ATL_RB_05,RB,56,54,67,51,88,85,56,41,50,60,,,,,66,51,,,,52,,,,,49,,,,,,,,,,,65,,,,,,,,,,,,61,,,,,,,,,,,,,,,,,50,,MODELED
ATL_FB_01,FB,66,80,69,87,86,84,77,81,66,77,,,,,,73,,,,87,,,,,,,,,,,73,,,,,84,,,,,,,,,,,,85,,,86,,,,,,,,,,,,,,,,MODELED
ATL_WR_01,WR,96,87,99,84,81,88,85,89,72,80,,,,,,,88,91,,,,,,,,,,,,,,,,,,,,,,,,,,,,,,,98,97,85,,,,,82,,,,87,,,,,,,MODELED
ATL_WR_02,WR,95,88,99,88,73,68,92,91,65,76,,,,,,,92,80,,,,,,,,,,,,,,,,,,,,,,,,,,,,,,,78,96,98,,,,,85,,,,85,,,,,,,MODELED
ATL_WR_03,WR,98,98,88,82,98,61,73,83,68,73,,,,,,,89,97,,,,,,,,,,,,,,,,,,,,,,,,,,,,,,,90,83,89,,,,,87,,,,82,,,,,,,MODELED
ATL_WR_04,WR,82,89,75,67,84,76,77,78,73,57,,,,,,,69,72,,,,,,,,,,,,,,,,,,,,,,,,,,,,,,,77,75,84,,,,,70,,,,72,,,,,,,MODELED
ATL_WR_05,WR,81,79,95,65,85,73,70,81,70,88,,,,,,,63,75,,,,,,,,,,,,,,,,,,,,,,,,,,,,,,,84,86,99,,,,,97,,,,88,,,,,,,MODELED
ATL_WR_06,WR,86,91,91,67,96,43,75,79,68,81,,,,,,,71,71,,,,,,,,,,,,,,,,,,,,,,,,,,,,,,,83,79,84,,,,,69,,,,77,,,,,,,MODELED
ATL_WR_07,WR,82,87,93,67,81,87,84,75,62,73,,,,,,,68,71,,,,,,,,,,,,,,,,,,,,,,,,,,,,,,,70,66,88,,,,,87,,,,81,,,,,,,MODELED
ATL_WR_08,WR,69,59,74,51,80,48,65,60,82,66,,,,,,,64,64,,,,,,,,,,,,,,,,,,,,,,,,,,,,,,,56,58,61,,,,,67,,,,43,,,,,,,MODELED
ATL_WR_09,WR,68,44,48,34,78,67,53,48,86,54,,,,,,,59,59,,,,,,,,,,,,,,,,,,,,,,,,,,,,,,,55,43,57,,,,,42,,,,55,,,,,,,MODELED
ATL_WR_10,WR,47,61,43,32,82,43,37,41,62,47,,,,,,,57,43,,,,,,,,,,,,,,,,,,,,,,,,,,,,,,,33,45,48,,,,,40,,,,50,,,,,,,MODELED
ATL_WR_11,WR,70,68,74,61,82,75,69,69,63,72,,,,,,,62,68,,,,,,,,,,,,,,,,,,,,,,,,,,,,,,,66,47,71,,,,,72,,,,56,,,,,,,MODELED
ATL_TE_01,TE,81,85,80,97,87,75,77,78,71,84,,,,,,,73,89,,,,,,,,,,,,,,,,,91,,,,,,,,,,,,,,95,78,94,,,,,88,,,,96,,,,,,,MODELED
ATL_TE_02,TE,84,83,56,65,75,68,63,72,68,75,,,,,,,75,82,,,,,,,,,,,,,,,,,79,,,,,,,,,,,,,,76,69,85,,,,,79,,,,77,,,,,,,MODELED
ATL_TE_03,TE,54,69,54,62,94,75,69,64,77,72,,,,,,,59,63,,,,,,,,,,,,,,,,,69,,,,,,,,,,,,,,62,53,67,,,,,63,,,,59,,,,,,,MODELED
ATL_TE_04,TE,48,61,60,75,78,79,61,70,44,57,,,,,,,61,63,,,,,,,,,,,,,,,,,64,,,,,,,,,,,,,,65,61,65,,,,,63,,,,70,,,,,,,MODELED
ATL_TE_05,TE,58,58,65,59,72,95,53,56,82,44,,,,,,,66,67,,,,,,,,,,,,,,,,,58,,,,,,,,,,,,,,52,65,59,,,,,48,,,,62,,,,,,,MODELED
ATL_TE_06,TE,55,55,50,62,72,62,57,35,87,58,,,,,,,72,54,,,,,,,,,,,,,,,,,70,,,,,,,,,,,,,,47,60,43,,,,,45,,,,63,,,,,,,MODELED
ATL_OT_01,OT,69,75,72,99,99,65,77,85,69,61,77,,,,,,,,,,,,,,,,,,,,,,,,83,,,,,,87,,,,,,,,,,86,,,,74,,,,,,,84,,,,,MODELED
ATL_OT_02,OT,69,72,68,99,80,85,88,87,79,81,83,,,,,,,,,,,,,,,,,,,,,,,,84,,,,,,75,,,,,,,,,,75,,,,76,,,,,,,75,,,,,MODELED
ATL_OT_03,OT,47,39,44,81,75,69,52,66,73,64,56,,,,,,,,,,,,,,,,,,,,,,,,70,,,,,,62,,,,,,,,,,65,,,,51,,,,,,,74,,,,,MODELED
ATL_OT_04,OT,55,63,75,85,74,61,72,83,78,80,65,,,,,,,,,,,,,,,,,,,,,,,,67,,,,,,56,,,,,,,,,,75,,,,79,,,,,,,67,,,,,MODELED
ATL_OT_05,OT,46,60,62,83,78,62,58,64,51,66,77,,,,,,,,,,,,,,,,,,,,,,,,73,,,,,,80,,,,,,,,,,63,,,,68,,,,,,,65,,,,,MODELED
ATL_OT_06,OT,22,29,36,72,74,89,52,47,61,45,41,,,,,,,,,,,,,,,,,,,,,,,,52,,,,,,49,,,,,,,,,,52,,,,48,,,,,,,56,,,,,MODELED
ATL_OG_01,OG,67,59,65,99,83,78,83,67,57,75,84,,,,,,,,,,,,,,,,,,,,,,,,77,,,,,,99,,,,,,,,,,74,,,,88,,,,,,,76,,,,,MODELED
ATL_OG_02,OG,59,64,71,95,81,70,80,86,75,77,71,,,,,,,,,,,,,,,,,,,,,,,,80,,,,,,74,,,,,,,,,,77,,,,70,,,,,,,87,,,,,MODELED
ATL_OG_03,OG,51,64,56,80,84,42,63,69,71,71,64,,,,,,,,,,,,,,,,,,,,,,,,50,,,,,,65,,,,,,,,,,67,,,,66,,,,,,,59,,,,,MODELED
ATL_OG_04,OG,54,55,67,84,82,83,67,71,54,76,76,,,,,,,,,,,,,,,,,,,,,,,,84,,,,,,75,,,,,,,,,,67,,,,69,,,,,,,79,,,,,MODELED
ATL_OG_05,OG,53,54,61,90,79,81,71,69,58,63,73,,,,,,,,,,,,,,,,,,,,,,,,66,,,,,,81,,,,,,,,,,67,,,,70,,,,,,,70,,,,,MODELED
ATL_OG_06,OG,34,46,44,62,78,69,58,53,69,62,48,,,,,,,,,,,,,,,,,,,,,,,,54,,,,,,55,,,,,,,,,,71,,,,59,,,,,,,46,,,,,MODELED
ATL_C_01,C,56,58,63,87,81,73,79,71,83,69,78,,,,,,,,,,,,,,,,,,,,,71,,,86,,,,,,80,,,,,,,,,,73,,,,,,,71,,,,60,,,,,MODELED
ATL_C_02,C,67,66,77,85,79,90,87,80,73,66,87,,,,,,,,,,,,,,,,,,,,,79,,,80,,,,,,79,,,,,,,,,,86,,,,,,,80,,,,82,,,,,MODELED
ATL_C_03,C,52,60,60,76,84,60,74,66,55,65,67,,,,,,,,,,,,,,,,,,,,,75,,,63,,,,,,85,,,,,,,,,,72,,,,,,,75,,,,69,,,,,MODELED
ATL_EDGE_01,EDGE,96,93,87,93,90,69,94,99,76,87,,,,98,,,,,,,96,,,,,91,,,,,,,,,,,92,,,,,88,,,,,99,,,,,92,,,,,,,,,,,,,,,MODELED
ATL_EDGE_02,EDGE,89,82,91,92,87,95,78,82,63,86,,,,87,,,,,,,91,,,,,71,,,,,,,,,,,87,,,,,76,,,,,80,,,,,79,,,,,,,,,,,,,,,MODELED
ATL_EDGE_03,EDGE,78,82,70,84,90,62,91,79,40,62,,,,73,,,,,,,88,,,,,83,,,,,,,,,,,80,,,,,84,,,,,77,,,,,78,,,,,,,,,,,,,,,MODELED
ATL_EDGE_04,EDGE,62,78,84,95,82,72,77,75,71,77,,,,83,,,,,,,79,,,,,92,,,,,,,,,,,83,,,,,74,,,,,87,,,,,72,,,,,,,,,,,,,,,MODELED
ATL_EDGE_05,EDGE,67,64,61,88,72,75,68,63,55,57,,,,61,,,,,,,56,,,,,60,,,,,,,,,,,75,,,,,72,,,,,73,,,,,68,,,,,,,,,,,,,,,MODELED
ATL_EDGE_06,EDGE,61,81,67,76,71,85,72,67,65,44,,,,65,,,,,,,60,,,,,66,,,,,,,,,,,57,,,,,67,,,,,58,,,,,66,,,,,,,,,,,,,,,MODELED
ATL_EDGE_07,EDGE,75,69,72,74,76,81,82,74,57,78,,,,73,,,,,,,56,,,,,63,,,,,,,,,,,70,,,,,73,,,,,72,,,,,67,,,,,,,,,,,,,,,MODELED
ATL_EDGE_08,EDGE,46,55,51,53,80,80,59,52,65,62,,,,40,,,,,,,50,,,,,46,,,,,,,,,,,52,,,,,42,,,,,49,,,,,45,,,,,,,,,,,,,,,MODELED
ATL_EDGE_09,EDGE,50,55,41,54,81,83,43,45,55,55,,,,43,,,,,,,52,,,,,52,,,,,,,,,,,51,,,,,43,,,,,49,,,,,42,,,,,,,,,,,,,,,MODELED
ATL_DT_01,DT,62,73,77,88,87,75,82,91,66,68,,,,81,,,,,,,,,,,,91,,,,,,,,,,,66,,,,,87,,,,,74,,,,,86,,,,,,,,,,,,,,,MODELED
ATL_DT_02,DT,65,73,88,99,89,61,93,96,77,83,,,,76,,,,,,,,,,,,81,,,,,,,,,,,92,,,,,99,,,,,92,,,,,92,,,,,,,,,,,,,,,MODELED
ATL_DT_03,DT,62,61,56,89,83,57,65,73,89,68,,,,62,,,,,,,,,,,,69,,,,,,,,,,,79,,,,,68,,,,,67,,,,,71,,,,,,,,,,,,,,,MODELED
ATL_DT_04,DT,56,62,58,94,87,66,70,66,69,69,,,,73,,,,,,,,,,,,76,,,,,,,,,,,68,,,,,72,,,,,65,,,,,68,,,,,,,,,,,,,,,MODELED
ATL_DT_05,DT,62,59,55,88,84,41,76,67,82,65,,,,57,,,,,,,,,,,,63,,,,,,,,,,,57,,,,,57,,,,,77,,,,,54,,,,,,,,,,,,,,,MODELED
ATL_DT_06,DT,54,58,61,83,71,73,67,63,93,56,,,,76,,,,,,,,,,,,70,,,,,,,,,,,58,,,,,74,,,,,79,,,,,64,,,,,,,,,,,,,,,MODELED
ATL_DT_07,DT,52,50,48,70,67,54,65,50,69,47,,,,55,,,,,,,,,,,,61,,,,,,,,,,,56,,,,,56,,,,,49,,,,,57,,,,,,,,,,,,,,,MODELED
ATL_DT_08,DT,51,51,49,78,77,71,57,59,63,48,,,,53,,,,,,,,,,,,64,,,,,,,,,,,61,,,,,64,,,,,51,,,,,55,,,,,,,,,,,,,,,MODELED
ATL_LB_01,LB,96,84,94,92,92,90,81,87,86,80,,,84,90,,,,,,,,,,,,,,,,,,,73,,,,,,83,,,,,,,,96,,,,,,,,,,,,,,97,,,,,87,MODELED
ATL_LB_02,LB,84,86,80,82,88,64,87,82,70,77,,,69,77,,,,,,,,,,,,,,,,,,,93,,,,,,77,,,,,,,,87,,,,,,,,,,,,,,73,,,,,84,MODELED
ATL_LB_03,LB,72,79,77,74,84,54,72,68,71,81,,,71,73,,,,,,,,,,,,,,,,,,,69,,,,,,61,,,,,,,,67,,,,,,,,,,,,,,76,,,,,69,MODELED
ATL_LB_04,LB,73,81,78,86,76,56,70,71,64,65,,,64,79,,,,,,,,,,,,,,,,,,,89,,,,,,89,,,,,,,,84,,,,,,,,,,,,,,56,,,,,88,MODELED
ATL_LB_05,LB,53,61,74,68,97,86,65,73,72,68,,,62,64,,,,,,,,,,,,,,,,,,,55,,,,,,70,,,,,,,,66,,,,,,,,,,,,,,62,,,,,73,MODELED
ATL_LB_06,LB,80,81,69,79,86,60,73,82,72,72,,,83,73,,,,,,,,,,,,,,,,,,,67,,,,,,71,,,,,,,,66,,,,,,,,,,,,,,75,,,,,67,MODELED
ATL_LB_07,LB,61,59,64,68,70,54,58,54,65,55,,,72,76,,,,,,,,,,,,,,,,,,,70,,,,,,68,,,,,,,,66,,,,,,,,,,,,,,68,,,,,60,MODELED
ATL_LB_08,LB,69,57,57,62,79,79,60,54,53,55,,,67,41,,,,,,,,,,,,,,,,,,,55,,,,,,54,,,,,,,,54,,,,,,,,,,,,,,46,,,,,65,MODELED
ATL_CB_01,CB,83,87,98,73,86,97,80,73,69,86,,92,,,,,,,,,,,,,,,,,,,,,68,,,,,,93,,,,75,,,,,,,,,,,,,,,,,,82,,,,,81,MODELED
ATL_CB_02,CB,96,98,99,80,82,62,92,90,65,80,,82,,,,,,,,,,,,,,,,,,,,,92,,,,,,83,,,,85,,,,,,,,,,,,,,,,,,82,,,,,76,MODELED
ATL_CB_03,CB,99,99,99,75,76,61,99,99,72,75,,91,,,,,,,,,,,,,,,,,,,,,97,,,,,,88,,,,99,,,,,,,,,,,,,,,,,,99,,,,,99,MODELED
ATL_CB_04,CB,81,81,81,63,85,85,75,70,49,72,,63,,,,,,,,,,,,,,,,,,,,,66,,,,,,71,,,,71,,,,,,,,,,,,,,,,,,70,,,,,70,MODELED
ATL_CB_05,CB,79,88,77,67,76,67,64,65,92,77,,72,,,,,,,,,,,,,,,,,,,,,79,,,,,,58,,,,61,,,,,,,,,,,,,,,,,,85,,,,,83,MODELED
ATL_CB_06,CB,86,78,81,65,68,68,68,76,40,59,,78,,,,,,,,,,,,,,,,,,,,,84,,,,,,74,,,,71,,,,,,,,,,,,,,,,,,81,,,,,85,MODELED
ATL_CB_07,CB,67,77,76,58,73,79,54,64,66,66,,51,,,,,,,,,,,,,,,,,,,,,62,,,,,,60,,,,64,,,,,,,,,,,,,,,,,,57,,,,,49,MODELED
ATL_CB_08,CB,81,73,65,56,75,92,67,52,72,75,,60,,,,,,,,,,,,,,,,,,,,,62,,,,,,56,,,,64,,,,,,,,,,,,,,,,,,68,,,,,72,MODELED
ATL_CB_09,CB,66,61,65,43,60,71,53,57,67,54,,58,,,,,,,,,,,,,,,,,,,,,53,,,,,,60,,,,60,,,,,,,,,,,,,,,,,,66,,,,,57,MODELED
ATL_CB_10,CB,63,71,54,59,66,61,52,56,68,52,,65,,,,,,,,,,,,,,,,,,,,,36,,,,,,58,,,,65,,,,,,,,,,,,,,,,,,52,,,,,45,MODELED
ATL_CB_11,CB,69,48,70,39,83,76,64,60,80,69,,66,,,,,,,,,,,,,,,,,,,,,67,,,,,,51,,,,64,,,,,,,,,,,,,,,,,,45,,,,,59,MODELED
ATL_S_01,S,98,99,99,85,92,52,99,90,80,84,,95,,,,,,,,,,,,,,,,,,,,,99,,,,,,91,,,,99,,,,,,,,,,92,,,,,,,,91,,,,,94,MODELED
ATL_S_02,S,83,97,86,74,76,52,87,81,93,82,,80,,,,,,,,,,,,,,,,,,,,,78,,,,,,78,,,,75,,,,,,,,,,82,,,,,,,,75,,,,,77,MODELED
ATL_S_03,S,76,78,80,69,78,59,66,75,79,75,,67,,,,,,,,,,,,,,,,,,,,,64,,,,,,77,,,,66,,,,,,,,,,77,,,,,,,,74,,,,,68,MODELED
ATL_S_04,S,74,80,73,76,84,84,67,78,48,69,,78,,,,,,,,,,,,,,,,,,,,,66,,,,,,71,,,,69,,,,,,,,,,73,,,,,,,,84,,,,,70,MODELED
ATL_S_05,S,78,76,67,64,85,49,60,70,72,62,,76,,,,,,,,,,,,,,,,,,,,,70,,,,,,70,,,,60,,,,,,,,,,65,,,,,,,,76,,,,,78,MODELED
ATL_S_06,S,65,46,61,54,72,71,58,51,77,56,,52,,,,,,,,,,,,,,,,,,,,,55,,,,,,54,,,,52,,,,,,,,,,50,,,,,,,,51,,,,,53,MODELED
ATL_S_07,S,72,66,70,54,83,65,60,56,47,84,,52,,,,,,,,,,,,,,,,,,,,,63,,,,,,55,,,,67,,,,,,,,,,51,,,,,,,,56,,,,,60,MODELED
ATL_K_01,K,60,59,55,67,86,60,78,81,82,65,,,,,,,,,77,,,,,,,,,91,74,73,,,,,,,,,,,,,,,,,,,,,,,,,,,,,,,,,,,,,MODELED
ATL_K_02,K,38,52,35,56,73,45,74,72,76,76,,,,,,,,,70,,,,,,,,,68,68,60,,,,,,,,,,,,,,,,,,,,,,,,,,,,,,,,,,,,,MODELED
ATL_P_01,P,63,64,61,73,79,89,86,88,94,73,,,,,,,,,,,,,,83,,,78,,,,,,,,,,,,,,,,,,74,99,,,,,,,,,,,,,,,,,,,,,MODELED
ATL_P_02,P,52,38,45,59,74,82,68,75,64,73,,,,,,,,,,,,,,69,,,69,,,,,,,,,,,,,,,,,,77,72,,,,,,,,,,,,,,,,,,,,,MODELED
ATL_LS_01,LS,53,58,73,77,82,57,78,68,82,64,,,,,,,,,,,72,,,,,,,,,,,,,,,,,,,,,,,,,,,,,,,,,,,,,72,90,,,,,,,,MODELED
CAR_QB_01,QB,85,82,85,81,81,70,85,91,64,64,,,,,,,,,,,,86,77,,,,,,,,,,,85,,,,81,,80,,,,89,,,,,,,,,,96,,,80,,,,,,88,80,,,MODELED
CAR_QB_02,QB,62,62,62,59,81,99,76,70,57,56,,,,,,,,,,,,67,73,,,,,,,,,,,73,,,,78,,67,,,,75,,,,,,,,,,72,,,71,,,,,,63,73,,,MODELED
CAR_QB_03,QB,63,71,58,67,82,62,58,73,78,73,,,,,,,,,,,,75,63,,,,,,,,,,,80,,,,80,,74,,,,65,,,,,,,,,,67,,,77,,,,,,63,69,,,MODELED
CAR_QB_04,QB,47,39,49,43,68,79,47,47,77,55,,,,,,,,,,,,51,47,,,,,,,,,,,45,,,,50,,47,,,,51,,,,,,,,,,47,,,57,,,,,,45,56,,,MODELED
CAR_RB_01,RB,99,99,92,87,94,99,88,91,70,63,,,,,88,85,,,,77,,,,,81,,,,,,,,,,,79,,,,,,,,,,,,85,,,,,,,,,,,,,,,,,85,,MODELED
CAR_RB_02,RB,75,72,68,56,77,84,67,56,64,55,,,,,71,50,,,,64,,,,,56,,,,,,,,,,,62,,,,,,,,,,,,54,,,,,,,,,,,,,,,,,69,,MODELED
CAR_RB_03,RB,79,78,90,77,72,77,77,72,78,57,,,,,60,54,,,,69,,,,,56,,,,,,,,,,,65,,,,,,,,,,,,79,,,,,,,,,,,,,,,,,59,,MODELED
CAR_RB_04,RB,82,65,73,79,64,91,68,67,49,55,,,,,72,69,,,,74,,,,,70,,,,,,,,,,,71,,,,,,,,,,,,66,,,,,,,,,,,,,,,,,56,,MODELED
CAR_RB_05,RB,77,63,70,60,76,74,52,44,67,54,,,,,48,60,,,,63,,,,,55,,,,,,,,,,,65,,,,,,,,,,,,64,,,,,,,,,,,,,,,,,59,,MODELED
CAR_FB_01,FB,60,75,63,84,86,69,78,74,68,63,,,,,,65,,,,77,,,,,,,,,,,85,,,,,72,,,,,,,,,,,,78,,,86,,,,,,,,,,,,,,,,MODELED
CAR_WR_01,WR,99,99,99,79,82,89,99,97,77,93,,,,,,,99,89,,,,,,,,,,,,,,,,,,,,,,,,,,,,,,,87,99,96,,,,,88,,,,99,,,,,,,MODELED
CAR_WR_02,WR,79,93,91,72,95,56,89,82,81,74,,,,,,,95,86,,,,,,,,,,,,,,,,,,,,,,,,,,,,,,,78,89,82,,,,,85,,,,90,,,,,,,MODELED
CAR_WR_03,WR,95,89,99,80,99,69,81,82,40,84,,,,,,,90,92,,,,,,,,,,,,,,,,,,,,,,,,,,,,,,,85,86,97,,,,,92,,,,87,,,,,,,MODELED
CAR_WR_04,WR,59,64,68,54,79,71,59,47,55,62,,,,,,,70,65,,,,,,,,,,,,,,,,,,,,,,,,,,,,,,,46,57,70,,,,,49,,,,67,,,,,,,MODELED
CAR_WR_05,WR,89,85,91,80,70,63,85,66,80,80,,,,,,,66,82,,,,,,,,,,,,,,,,,,,,,,,,,,,,,,,88,83,81,,,,,81,,,,83,,,,,,,MODELED
CAR_WR_06,WR,88,81,87,81,81,72,81,78,61,60,,,,,,,79,70,,,,,,,,,,,,,,,,,,,,,,,,,,,,,,,87,74,89,,,,,76,,,,78,,,,,,,MODELED
CAR_WR_07,WR,84,79,67,59,84,90,67,63,68,60,,,,,,,64,68,,,,,,,,,,,,,,,,,,,,,,,,,,,,,,,61,57,68,,,,,67,,,,54,,,,,,,MODELED
CAR_WR_08,WR,82,83,71,71,84,99,55,65,66,62,,,,,,,62,77,,,,,,,,,,,,,,,,,,,,,,,,,,,,,,,69,67,63,,,,,79,,,,58,,,,,,,MODELED
CAR_WR_09,WR,75,73,70,51,78,67,65,53,69,49,,,,,,,61,53,,,,,,,,,,,,,,,,,,,,,,,,,,,,,,,40,68,61,,,,,55,,,,62,,,,,,,MODELED
CAR_WR_10,WR,56,62,52,45,65,67,50,38,83,61,,,,,,,51,47,,,,,,,,,,,,,,,,,,,,,,,,,,,,,,,52,61,45,,,,,47,,,,42,,,,,,,MODELED
CAR_WR_11,WR,61,54,65,58,69,89,53,48,56,54,,,,,,,40,51,,,,,,,,,,,,,,,,,,,,,,,,,,,,,,,54,48,48,,,,,56,,,,55,,,,,,,MODELED
CAR_TE_01,TE,85,87,73,85,73,92,82,94,67,66,,,,,,,99,72,,,,,,,,,,,,,,,,,86,,,,,,,,,,,,,,80,85,78,,,,,81,,,,69,,,,,,,MODELED
CAR_TE_02,TE,66,76,71,77,80,99,76,72,51,67,,,,,,,55,81,,,,,,,,,,,,,,,,,78,,,,,,,,,,,,,,68,68,76,,,,,82,,,,83,,,,,,,MODELED
CAR_TE_03,TE,74,66,74,80,83,65,66,74,84,74,,,,,,,89,72,,,,,,,,,,,,,,,,,64,,,,,,,,,,,,,,66,76,79,,,,,75,,,,77,,,,,,,MODELED
CAR_TE_04,TE,64,75,65,79,72,73,66,79,63,61,,,,,,,74,66,,,,,,,,,,,,,,,,,57,,,,,,,,,,,,,,84,75,68,,,,,68,,,,65,,,,,,,MODELED
CAR_TE_05,TE,63,64,53,62,71,66,57,59,85,50,,,,,,,57,63,,,,,,,,,,,,,,,,,58,,,,,,,,,,,,,,57,66,64,,,,,47,,,,58,,,,,,,MODELED
CAR_TE_06,TE,66,63,62,60,76,55,62,61,59,54,,,,,,,60,70,,,,,,,,,,,,,,,,,70,,,,,,,,,,,,,,66,70,76,,,,,66,,,,69,,,,,,,MODELED
CAR_OT_01,OT,78,71,82,99,84,61,95,90,67,77,93,,,,,,,,,,,,,,,,,,,,,,,,78,,,,,,86,,,,,,,,,,88,,,,95,,,,,,,91,,,,,MODELED
CAR_OT_02,OT,60,68,72,92,75,67,88,86,73,83,87,,,,,,,,,,,,,,,,,,,,,,,,99,,,,,,76,,,,,,,,,,78,,,,85,,,,,,,89,,,,,MODELED
CAR_OT_03,OT,59,68,72,85,78,79,73,71,57,65,82,,,,,,,,,,,,,,,,,,,,,,,,72,,,,,,72,,,,,,,,,,82,,,,71,,,,,,,70,,,,,MODELED
CAR_OT_04,OT,56,62,53,98,76,69,62,74,51,57,67,,,,,,,,,,,,,,,,,,,,,,,,72,,,,,,77,,,,,,,,,,78,,,,59,,,,,,,81,,,,,MODELED
CAR_OT_05,OT,51,52,58,65,75,82,68,70,73,54,73,,,,,,,,,,,,,,,,,,,,,,,,58,,,,,,78,,,,,,,,,,67,,,,78,,,,,,,74,,,,,MODELED
CAR_OT_06,OT,39,45,46,68,88,78,49,51,64,46,59,,,,,,,,,,,,,,,,,,,,,,,,55,,,,,,48,,,,,,,,,,51,,,,46,,,,,,,59,,,,,MODELED
CAR_OG_01,OG,67,81,74,99,95,80,90,76,49,72,75,,,,,,,,,,,,,,,,,,,,,,,,84,,,,,,81,,,,,,,,,,82,,,,85,,,,,,,84,,,,,MODELED
CAR_OG_02,OG,61,67,78,99,84,74,91,80,58,66,78,,,,,,,,,,,,,,,,,,,,,,,,89,,,,,,90,,,,,,,,,,76,,,,94,,,,,,,89,,,,,MODELED
CAR_OG_03,OG,52,62,53,93,79,76,70,59,59,68,51,,,,,,,,,,,,,,,,,,,,,,,,75,,,,,,65,,,,,,,,,,66,,,,82,,,,,,,76,,,,,MODELED
CAR_OG_04,OG,41,55,64,89,91,74,68,73,73,63,77,,,,,,,,,,,,,,,,,,,,,,,,75,,,,,,65,,,,,,,,,,62,,,,71,,,,,,,77,,,,,MODELED
CAR_OG_05,OG,43,52,62,80,83,69,80,73,89,67,66,,,,,,,,,,,,,,,,,,,,,,,,84,,,,,,70,,,,,,,,,,66,,,,52,,,,,,,52,,,,,MODELED
CAR_OG_06,OG,50,45,56,64,70,34,48,56,81,71,54,,,,,,,,,,,,,,,,,,,,,,,,59,,,,,,68,,,,,,,,,,58,,,,53,,,,,,,54,,,,,MODELED
CAR_C_01,C,61,73,77,83,75,67,93,86,65,63,91,,,,,,,,,,,,,,,,,,,,,96,,,79,,,,,,93,,,,,,,,,,88,,,,,,,92,,,,91,,,,,MODELED
CAR_C_02,C,68,74,81,96,87,59,85,91,79,66,92,,,,,,,,,,,,,,,,,,,,,84,,,75,,,,,,83,,,,,,,,,,81,,,,,,,79,,,,88,,,,,MODELED
CAR_C_03,C,52,55,62,92,81,69,79,72,68,61,62,,,,,,,,,,,,,,,,,,,,,71,,,66,,,,,,69,,,,,,,,,,70,,,,,,,80,,,,70,,,,,MODELED
CAR_EDGE_01,EDGE,79,78,93,94,76,72,76,89,66,79,,,,83,,,,,,,79,,,,,74,,,,,,,,,,,76,,,,,67,,,,,88,,,,,79,,,,,,,,,,,,,,,MODELED
CAR_EDGE_02,EDGE,81,86,83,94,85,33,86,80,69,76,,,,87,,,,,,,91,,,,,95,,,,,,,,,,,84,,,,,83,,,,,85,,,,,83,,,,,,,,,,,,,,,MODELED
CAR_EDGE_03,EDGE,76,93,77,82,76,63,70,83,59,72,,,,84,,,,,,,70,,,,,83,,,,,,,,,,,76,,,,,75,,,,,71,,,,,75,,,,,,,,,,,,,,,MODELED
CAR_EDGE_04,EDGE,71,77,68,70,84,77,73,77,61,67,,,,69,,,,,,,78,,,,,66,,,,,,,,,,,61,,,,,56,,,,,64,,,,,65,,,,,,,,,,,,,,,MODELED
CAR_EDGE_05,EDGE,66,84,89,78,71,81,80,79,46,75,,,,74,,,,,,,77,,,,,71,,,,,,,,,,,84,,,,,80,,,,,78,,,,,93,,,,,,,,,,,,,,,MODELED
CAR_EDGE_06,EDGE,58,76,77,75,69,71,67,59,81,61,,,,75,,,,,,,67,,,,,68,,,,,,,,,,,60,,,,,63,,,,,71,,,,,71,,,,,,,,,,,,,,,MODELED
CAR_EDGE_07,EDGE,64,67,58,73,75,76,65,76,63,63,,,,49,,,,,,,60,,,,,61,,,,,,,,,,,66,,,,,64,,,,,56,,,,,53,,,,,,,,,,,,,,,MODELED
CAR_EDGE_08,EDGE,52,47,52,66,68,56,53,39,62,51,,,,60,,,,,,,58,,,,,51,,,,,,,,,,,51,,,,,54,,,,,52,,,,,76,,,,,,,,,,,,,,,MODELED
CAR_EDGE_09,EDGE,67,71,81,84,85,63,64,79,51,71,,,,65,,,,,,,77,,,,,60,,,,,,,,,,,68,,,,,73,,,,,66,,,,,73,,,,,,,,,,,,,,,MODELED
CAR_DT_01,DT,79,76,69,94,81,75,84,85,72,77,,,,77,,,,,,,,,,,,88,,,,,,,,,,,88,,,,,82,,,,,82,,,,,81,,,,,,,,,,,,,,,MODELED
CAR_DT_02,DT,74,91,83,99,99,84,89,90,66,89,,,,91,,,,,,,,,,,,83,,,,,,,,,,,81,,,,,79,,,,,91,,,,,87,,,,,,,,,,,,,,,MODELED
CAR_DT_03,DT,53,63,64,71,86,78,73,70,61,55,,,,78,,,,,,,,,,,,72,,,,,,,,,,,42,,,,,67,,,,,80,,,,,62,,,,,,,,,,,,,,,MODELED
CAR_DT_04,DT,66,77,66,94,72,51,77,68,69,72,,,,63,,,,,,,,,,,,75,,,,,,,,,,,72,,,,,71,,,,,77,,,,,79,,,,,,,,,,,,,,,MODELED
CAR_DT_05,DT,36,55,48,74,78,72,58,65,74,70,,,,54,,,,,,,,,,,,61,,,,,,,,,,,50,,,,,45,,,,,59,,,,,50,,,,,,,,,,,,,,,MODELED
CAR_DT_06,DT,51,61,64,93,79,99,75,66,67,66,,,,65,,,,,,,,,,,,69,,,,,,,,,,,65,,,,,71,,,,,84,,,,,71,,,,,,,,,,,,,,,MODELED
CAR_DT_07,DT,28,51,44,77,72,68,52,56,62,72,,,,54,,,,,,,,,,,,56,,,,,,,,,,,55,,,,,53,,,,,50,,,,,53,,,,,,,,,,,,,,,MODELED
CAR_DT_08,DT,45,41,52,73,75,54,71,60,59,65,,,,50,,,,,,,,,,,,53,,,,,,,,,,,54,,,,,64,,,,,60,,,,,64,,,,,,,,,,,,,,,MODELED
CAR_LB_01,LB,74,85,97,88,88,75,75,79,68,70,,,83,88,,,,,,,,,,,,,,,,,,,77,,,,,,73,,,,,,,,96,,,,,,,,,,,,,,71,,,,,79,MODELED
CAR_LB_02,LB,76,81,67,81,88,75,78,80,84,73,,,92,71,,,,,,,,,,,,,,,,,,,86,,,,,,75,,,,,,,,73,,,,,,,,,,,,,,81,,,,,68,MODELED
CAR_LB_03,LB,83,74,76,75,89,91,82,84,64,62,,,79,72,,,,,,,,,,,,,,,,,,,75,,,,,,72,,,,,,,,69,,,,,,,,,,,,,,72,,,,,70,MODELED
CAR_LB_04,LB,77,70,83,86,77,69,84,70,87,74,,,82,80,,,,,,,,,,,,,,,,,,,75,,,,,,90,,,,,,,,74,,,,,,,,,,,,,,68,,,,,71,MODELED
CAR_LB_05,LB,63,73,73,74,68,80,60,66,72,75,,,65,57,,,,,,,,,,,,,,,,,,,75,,,,,,66,,,,,,,,71,,,,,,,,,,,,,,74,,,,,64,MODELED
CAR_LB_06,LB,60,76,59,56,83,75,65,67,78,59,,,60,64,,,,,,,,,,,,,,,,,,,62,,,,,,65,,,,,,,,62,,,,,,,,,,,,,,66,,,,,73,MODELED
CAR_LB_07,LB,66,66,57,47,72,77,56,54,72,54,,,63,57,,,,,,,,,,,,,,,,,,,62,,,,,,51,,,,,,,,42,,,,,,,,,,,,,,50,,,,,39,MODELED
CAR_LB_08,LB,61,67,73,68,67,81,55,56,52,67,,,63,59,,,,,,,,,,,,,,,,,,,57,,,,,,62,,,,,,,,63,,,,,,,,,,,,,,59,,,,,75,MODELED
CAR_CB_01,CB,99,99,98,72,93,77,82,92,83,78,,99,,,,,,,,,,,,,,,,,,,,,86,,,,,,84,,,,86,,,,,,,,,,,,,,,,,,95,,,,,85,MODELED
CAR_CB_02,CB,80,88,92,63,77,69,81,67,61,66,,88,,,,,,,,,,,,,,,,,,,,,72,,,,,,71,,,,65,,,,,,,,,,,,,,,,,,76,,,,,78,MODELED
CAR_CB_03,CB,95,86,95,61,74,74,81,81,84,79,,78,,,,,,,,,,,,,,,,,,,,,69,,,,,,75,,,,85,,,,,,,,,,,,,,,,,,70,,,,,71,MODELED
CAR_CB_04,CB,83,82,71,55,87,59,61,64,70,64,,51,,,,,,,,,,,,,,,,,,,,,77,,,,,,69,,,,60,,,,,,,,,,,,,,,,,,63,,,,,78,MODELED
CAR_CB_05,CB,75,69,74,54,86,63,73,74,70,66,,54,,,,,,,,,,,,,,,,,,,,,72,,,,,,66,,,,72,,,,,,,,,,,,,,,,,,74,,,,,62,MODELED
CAR_CB_06,CB,82,66,90,50,88,74,62,67,81,69,,56,,,,,,,,,,,,,,,,,,,,,66,,,,,,54,,,,67,,,,,,,,,,,,,,,,,,76,,,,,49,MODELED
CAR_CB_07,CB,74,76,71,48,75,54,70,58,85,61,,65,,,,,,,,,,,,,,,,,,,,,76,,,,,,59,,,,68,,,,,,,,,,,,,,,,,,67,,,,,64,MODELED
CAR_CB_08,CB,69,63,59,42,80,85,49,48,60,66,,53,,,,,,,,,,,,,,,,,,,,,42,,,,,,55,,,,70,,,,,,,,,,,,,,,,,,58,,,,,62,MODELED
CAR_CB_09,CB,81,62,65,51,83,99,54,63,51,59,,58,,,,,,,,,,,,,,,,,,,,,50,,,,,,53,,,,60,,,,,,,,,,,,,,,,,,58,,,,,56,MODELED
CAR_CB_10,CB,74,81,67,62,74,91,69,61,71,62,,69,,,,,,,,,,,,,,,,,,,,,55,,,,,,63,,,,75,,,,,,,,,,,,,,,,,,55,,,,,82,MODELED
CAR_CB_11,CB,68,69,71,55,76,36,53,53,63,64,,72,,,,,,,,,,,,,,,,,,,,,65,,,,,,60,,,,61,,,,,,,,,,,,,,,,,,59,,,,,65,MODELED
CAR_S_01,S,88,75,83,72,91,67,79,81,69,76,,90,,,,,,,,,,,,,,,,,,,,,88,,,,,,74,,,,89,,,,,,,,,,82,,,,,,,,64,,,,,66,MODELED
CAR_S_02,S,82,93,96,79,80,90,82,87,87,73,,81,,,,,,,,,,,,,,,,,,,,,92,,,,,,69,,,,84,,,,,,,,,,73,,,,,,,,83,,,,,80,MODELED
CAR_S_03,S,88,89,92,79,75,82,90,90,55,77,,80,,,,,,,,,,,,,,,,,,,,,79,,,,,,86,,,,73,,,,,,,,,,97,,,,,,,,70,,,,,74,MODELED
CAR_S_04,S,72,60,67,62,85,85,62,64,88,61,,45,,,,,,,,,,,,,,,,,,,,,59,,,,,,55,,,,67,,,,,,,,,,59,,,,,,,,69,,,,,57,MODELED
CAR_S_05,S,74,67,78,60,77,90,63,70,74,57,,54,,,,,,,,,,,,,,,,,,,,,55,,,,,,77,,,,59,,,,,,,,,,63,,,,,,,,65,,,,,57,MODELED
CAR_S_06,S,53,51,58,50,82,48,47,49,74,54,,53,,,,,,,,,,,,,,,,,,,,,55,,,,,,51,,,,53,,,,,,,,,,59,,,,,,,,52,,,,,58,MODELED
CAR_S_07,S,59,59,59,56,89,75,59,45,67,49,,51,,,,,,,,,,,,,,,,,,,,,56,,,,,,50,,,,60,,,,,,,,,,63,,,,,,,,59,,,,,51,MODELED
CAR_K_01,K,57,64,53,66,85,68,86,79,95,72,,,,,,,,,83,,,,,,,,,67,78,81,,,,,,,,,,,,,,,,,,,,,,,,,,,,,,,,,,,,,MODELED
CAR_K_02,K,36,39,46,58,69,81,68,60,72,72,,,,,,,,,64,,,,,,,,,66,63,60,,,,,,,,,,,,,,,,,,,,,,,,,,,,,,,,,,,,,MODELED
CAR_P_01,P,59,56,69,79,99,52,80,86,52,74,,,,,,,,,,,,,,85,,,78,,,,,,,,,,,,,,,,,,68,74,,,,,,,,,,,,,,,,,,,,,MODELED
CAR_P_02,P,44,41,51,55,76,62,70,61,78,69,,,,,,,,,,,,,,67,,,68,,,,,,,,,,,,,,,,,,63,68,,,,,,,,,,,,,,,,,,,,,MODELED
CAR_LS_01,LS,57,56,59,77,84,49,68,78,57,67,,,,,,,,,,,63,,,,,,,,,,,,,,,,,,,,,,,,,,,,,,,,,,,,,63,81,,,,,,,,MODELED
NO_QB_01,QB,73,65,79,70,82,62,75,76,60,67,,,,,,,,,,,,73,70,,,,,,,,,,,74,,,,78,,82,,,,76,,,,,,,,,,83,,,69,,,,,,77,85,,,MODELED
NO_QB_02,QB,77,65,67,68,84,73,69,73,62,55,,,,,,,,,,,,81,72,,,,,,,,,,,71,,,,80,,72,,,,68,,,,,,,,,,73,,,70,,,,,,62,71,,,MODELED
NO_QB_03,QB,59,59,63,62,92,79,56,81,67,55,,,,,,,,,,,,71,78,,,,,,,,,,,69,,,,75,,70,,,,49,,,,,,,,,,67,,,62,,,,,,74,67,,,MODELED
NO_QB_04,QB,37,47,58,50,79,53,47,51,76,43,,,,,,,,,,,,52,60,,,,,,,,,,,54,,,,56,,56,,,,53,,,,,,,,,,35,,,56,,,,,,48,51,,,MODELED
NO_RB_01,RB,89,77,81,81,84,57,97,81,52,68,,,,,82,73,,,,73,,,,,74,,,,,,,,,,,85,,,,,,,,,,,,73,,,,,,,,,,,,,,,,,76,,MODELED
NO_RB_02,RB,83,84,80,80,87,50,72,79,76,77,,,,,74,74,,,,80,,,,,63,,,,,,,,,,,79,,,,,,,,,,,,82,,,,,,,,,,,,,,,,,70,,MODELED
NO_RB_03,RB,85,93,88,80,80,50,70,77,61,63,,,,,74,87,,,,72,,,,,89,,,,,,,,,,,80,,,,,,,,,,,,77,,,,,,,,,,,,,,,,,78,,MODELED
NO_RB_04,RB,60,63,73,64,97,77,55,61,84,45,,,,,54,75,,,,73,,,,,76,,,,,,,,,,,63,,,,,,,,,,,,57,,,,,,,,,,,,,,,,,56,,MODELED
NO_RB_05,RB,66,56,66,70,61,59,64,54,76,64,,,,,50,57,,,,51,,,,,48,,,,,,,,,,,61,,,,,,,,,,,,49,,,,,,,,,,,,,,,,,63,,MODELED
NO_FB_01,FB,81,68,75,92,92,74,70,75,96,69,,,,,,72,,,,75,,,,,,,,,,,68,,,,,83,,,,,,,,,,,,68,,,82,,,,,,,,,,,,,,,,MODELED
NO_WR_01,WR,78,81,77,71,79,79,66,81,60,72,,,,,,,75,88,,,,,,,,,,,,,,,,,,,,,,,,,,,,,,,74,59,78,,,,,82,,,,85,,,,,,,MODELED
NO_WR_02,WR,94,91,86,76,86,64,86,78,70,83,,,,,,,87,79,,,,,,,,,,,,,,,,,,,,,,,,,,,,,,,78,70,66,,,,,73,,,,79,,,,,,,MODELED
NO_WR_03,WR,86,84,86,70,71,63,77,71,67,55,,,,,,,78,89,,,,,,,,,,,,,,,,,,,,,,,,,,,,,,,78,75,77,,,,,83,,,,91,,,,,,,MODELED
NO_WR_04,WR,77,78,82,68,73,62,73,67,67,74,,,,,,,63,67,,,,,,,,,,,,,,,,,,,,,,,,,,,,,,,72,72,69,,,,,61,,,,72,,,,,,,MODELED
NO_WR_05,WR,82,76,75,70,96,83,65,62,79,69,,,,,,,77,72,,,,,,,,,,,,,,,,,,,,,,,,,,,,,,,76,62,69,,,,,60,,,,76,,,,,,,MODELED
NO_WR_06,WR,70,68,81,56,82,68,76,74,72,62,,,,,,,63,76,,,,,,,,,,,,,,,,,,,,,,,,,,,,,,,65,69,61,,,,,70,,,,56,,,,,,,MODELED
NO_WR_07,WR,78,87,72,61,69,94,80,81,94,66,,,,,,,60,71,,,,,,,,,,,,,,,,,,,,,,,,,,,,,,,76,67,87,,,,,72,,,,75,,,,,,,MODELED
NO_WR_08,WR,76,65,69,62,73,56,63,57,72,52,,,,,,,57,64,,,,,,,,,,,,,,,,,,,,,,,,,,,,,,,66,52,54,,,,,63,,,,70,,,,,,,MODELED
NO_WR_09,WR,63,73,67,50,81,75,52,71,61,76,,,,,,,71,53,,,,,,,,,,,,,,,,,,,,,,,,,,,,,,,58,51,60,,,,,55,,,,54,,,,,,,MODELED
NO_WR_10,WR,52,51,55,44,71,62,55,59,81,47,,,,,,,59,60,,,,,,,,,,,,,,,,,,,,,,,,,,,,,,,54,54,49,,,,,33,,,,62,,,,,,,MODELED
NO_WR_11,WR,70,64,67,40,81,99,58,59,66,66,,,,,,,49,60,,,,,,,,,,,,,,,,,,,,,,,,,,,,,,,55,57,61,,,,,53,,,,53,,,,,,,MODELED
NO_TE_01,TE,74,77,72,85,79,75,74,78,44,77,,,,,,,68,71,,,,,,,,,,,,,,,,,68,,,,,,,,,,,,,,74,71,76,,,,,76,,,,65,,,,,,,MODELED
NO_TE_02,TE,75,71,83,81,85,66,69,70,76,58,,,,,,,70,85,,,,,,,,,,,,,,,,,75,,,,,,,,,,,,,,74,86,79,,,,,63,,,,73,,,,,,,MODELED
NO_TE_03,TE,79,77,76,78,81,99,65,72,72,75,,,,,,,75,85,,,,,,,,,,,,,,,,,72,,,,,,,,,,,,,,72,72,78,,,,,61,,,,68,,,,,,,MODELED
NO_TE_04,TE,56,51,65,70,71,68,61,68,78,71,,,,,,,54,63,,,,,,,,,,,,,,,,,64,,,,,,,,,,,,,,67,53,49,,,,,60,,,,64,,,,,,,MODELED
NO_TE_05,TE,68,48,56,71,66,84,56,60,58,47,,,,,,,55,57,,,,,,,,,,,,,,,,,58,,,,,,,,,,,,,,66,61,64,,,,,58,,,,48,,,,,,,MODELED
NO_TE_06,TE,49,54,62,61,81,59,50,36,83,50,,,,,,,53,55,,,,,,,,,,,,,,,,,56,,,,,,,,,,,,,,62,38,54,,,,,48,,,,48,,,,,,,MODELED
NO_OT_01,OT,67,74,68,99,94,70,81,91,74,67,92,,,,,,,,,,,,,,,,,,,,,,,,73,,,,,,95,,,,,,,,,,73,,,,80,,,,,,,89,,,,,MODELED
NO_OT_02,OT,80,79,79,98,89,44,91,92,73,76,97,,,,,,,,,,,,,,,,,,,,,,,,87,,,,,,95,,,,,,,,,,98,,,,99,,,,,,,99,,,,,MODELED
NO_OT_03,OT,54,66,52,94,83,51,66,78,78,63,61,,,,,,,,,,,,,,,,,,,,,,,,71,,,,,,62,,,,,,,,,,77,,,,80,,,,,,,60,,,,,MODELED
NO_OT_04,OT,55,65,70,81,77,58,83,85,85,71,68,,,,,,,,,,,,,,,,,,,,,,,,71,,,,,,69,,,,,,,,,,78,,,,74,,,,,,,80,,,,,MODELED
NO_OT_05,OT,41,42,57,83,70,97,58,53,63,60,55,,,,,,,,,,,,,,,,,,,,,,,,65,,,,,,56,,,,,,,,,,65,,,,56,,,,,,,56,,,,,MODELED
NO_OT_06,OT,45,27,45,76,74,70,47,48,85,59,60,,,,,,,,,,,,,,,,,,,,,,,,60,,,,,,53,,,,,,,,,,56,,,,59,,,,,,,47,,,,,MODELED
NO_OG_01,OG,61,64,75,89,84,61,97,83,77,70,81,,,,,,,,,,,,,,,,,,,,,,,,85,,,,,,92,,,,,,,,,,87,,,,76,,,,,,,87,,,,,MODELED
NO_OG_02,OG,48,65,59,78,94,82,80,80,65,80,74,,,,,,,,,,,,,,,,,,,,,,,,88,,,,,,75,,,,,,,,,,73,,,,81,,,,,,,83,,,,,MODELED
NO_OG_03,OG,51,55,59,82,88,69,71,77,74,63,69,,,,,,,,,,,,,,,,,,,,,,,,69,,,,,,70,,,,,,,,,,73,,,,75,,,,,,,71,,,,,MODELED
NO_OG_04,OG,62,74,60,82,74,75,88,79,66,71,75,,,,,,,,,,,,,,,,,,,,,,,,77,,,,,,76,,,,,,,,,,78,,,,74,,,,,,,84,,,,,MODELED
NO_OG_05,OG,49,60,60,93,73,55,74,67,82,69,66,,,,,,,,,,,,,,,,,,,,,,,,76,,,,,,67,,,,,,,,,,69,,,,61,,,,,,,58,,,,,MODELED
NO_OG_06,OG,37,32,46,79,73,61,51,50,60,49,69,,,,,,,,,,,,,,,,,,,,,,,,49,,,,,,49,,,,,,,,,,56,,,,65,,,,,,,63,,,,,MODELED
NO_C_01,C,75,79,78,99,92,53,95,78,50,71,97,,,,,,,,,,,,,,,,,,,,,84,,,83,,,,,,95,,,,,,,,,,92,,,,,,,73,,,,93,,,,,MODELED
NO_C_02,C,52,68,75,87,86,72,80,68,65,65,62,,,,,,,,,,,,,,,,,,,,,74,,,75,,,,,,69,,,,,,,,,,63,,,,,,,75,,,,77,,,,,MODELED
NO_C_03,C,48,61,62,87,84,56,71,64,92,69,79,,,,,,,,,,,,,,,,,,,,,71,,,73,,,,,,73,,,,,,,,,,61,,,,,,,74,,,,67,,,,,MODELED
NO_EDGE_01,EDGE,88,87,85,99,82,45,90,93,65,66,,,,83,,,,,,,80,,,,,93,,,,,,,,,,,92,,,,,89,,,,,89,,,,,82,,,,,,,,,,,,,,,MODELED
NO_EDGE_02,EDGE,95,85,96,99,90,68,92,98,58,89,,,,87,,,,,,,87,,,,,98,,,,,,,,,,,80,,,,,97,,,,,83,,,,,89,,,,,,,,,,,,,,,MODELED
NO_EDGE_03,EDGE,73,76,74,68,84,77,66,71,99,83,,,,72,,,,,,,56,,,,,64,,,,,,,,,,,69,,,,,77,,,,,63,,,,,76,,,,,,,,,,,,,,,MODELED
NO_EDGE_04,EDGE,83,85,76,80,94,56,74,76,87,65,,,,66,,,,,,,67,,,,,68,,,,,,,,,,,77,,,,,76,,,,,73,,,,,76,,,,,,,,,,,,,,,MODELED
NO_EDGE_05,EDGE,67,83,75,76,73,53,74,66,84,76,,,,71,,,,,,,78,,,,,78,,,,,,,,,,,70,,,,,69,,,,,72,,,,,78,,,,,,,,,,,,,,,MODELED
NO_EDGE_06,EDGE,65,69,80,81,76,66,68,73,89,68,,,,83,,,,,,,70,,,,,72,,,,,,,,,,,67,,,,,66,,,,,67,,,,,65,,,,,,,,,,,,,,,MODELED
NO_EDGE_07,EDGE,67,70,73,64,78,81,61,51,84,59,,,,52,,,,,,,51,,,,,64,,,,,,,,,,,64,,,,,60,,,,,62,,,,,67,,,,,,,,,,,,,,,MODELED
NO_EDGE_08,EDGE,67,68,58,64,83,99,46,47,60,65,,,,58,,,,,,,56,,,,,51,,,,,,,,,,,50,,,,,65,,,,,56,,,,,63,,,,,,,,,,,,,,,MODELED
NO_EDGE_09,EDGE,40,66,53,63,80,71,54,45,65,55,,,,47,,,,,,,44,,,,,57,,,,,,,,,,,46,,,,,52,,,,,62,,,,,53,,,,,,,,,,,,,,,MODELED
NO_DT_01,DT,64,73,75,93,87,83,80,62,68,72,,,,77,,,,,,,,,,,,86,,,,,,,,,,,82,,,,,71,,,,,69,,,,,75,,,,,,,,,,,,,,,MODELED
NO_DT_02,DT,65,81,80,99,88,73,96,79,66,61,,,,88,,,,,,,,,,,,89,,,,,,,,,,,81,,,,,81,,,,,75,,,,,99,,,,,,,,,,,,,,,MODELED
NO_DT_03,DT,54,60,56,78,75,79,71,65,94,60,,,,74,,,,,,,,,,,,62,,,,,,,,,,,58,,,,,46,,,,,72,,,,,75,,,,,,,,,,,,,,,MODELED
NO_DT_04,DT,53,57,55,78,71,79,68,65,89,61,,,,60,,,,,,,,,,,,63,,,,,,,,,,,62,,,,,72,,,,,73,,,,,69,,,,,,,,,,,,,,,MODELED
NO_DT_05,DT,49,50,54,77,80,80,72,53,64,73,,,,66,,,,,,,,,,,,64,,,,,,,,,,,68,,,,,56,,,,,67,,,,,71,,,,,,,,,,,,,,,MODELED
NO_DT_06,DT,55,63,62,83,80,83,70,64,54,72,,,,72,,,,,,,,,,,,66,,,,,,,,,,,59,,,,,68,,,,,83,,,,,77,,,,,,,,,,,,,,,MODELED
NO_DT_07,DT,46,40,52,78,88,66,45,49,76,65,,,,56,,,,,,,,,,,,60,,,,,,,,,,,45,,,,,60,,,,,60,,,,,62,,,,,,,,,,,,,,,MODELED
NO_DT_08,DT,54,59,52,76,70,77,63,64,79,67,,,,80,,,,,,,,,,,,62,,,,,,,,,,,63,,,,,56,,,,,69,,,,,51,,,,,,,,,,,,,,,MODELED
NO_LB_01,LB,73,88,81,82,67,85,75,73,72,70,,,68,86,,,,,,,,,,,,,,,,,,,76,,,,,,67,,,,,,,,79,,,,,,,,,,,,,,68,,,,,80,MODELED
NO_LB_02,LB,77,88,91,82,68,59,90,87,73,84,,,75,98,,,,,,,,,,,,,,,,,,,82,,,,,,86,,,,,,,,90,,,,,,,,,,,,,,91,,,,,88,MODELED
NO_LB_03,LB,78,66,75,79,81,70,85,73,57,68,,,80,70,,,,,,,,,,,,,,,,,,,70,,,,,,73,,,,,,,,61,,,,,,,,,,,,,,59,,,,,77,MODELED
NO_LB_04,LB,82,89,76,86,88,69,85,77,57,78,,,74,78,,,,,,,,,,,,,,,,,,,89,,,,,,90,,,,,,,,72,,,,,,,,,,,,,,77,,,,,72,MODELED
NO_LB_05,LB,72,78,81,65,82,65,75,71,85,70,,,73,70,,,,,,,,,,,,,,,,,,,75,,,,,,77,,,,,,,,70,,,,,,,,,,,,,,79,,,,,67,MODELED
NO_LB_06,LB,61,78,75,69,74,71,77,65,68,50,,,67,73,,,,,,,,,,,,,,,,,,,74,,,,,,70,,,,,,,,59,,,,,,,,,,,,,,69,,,,,71,MODELED
NO_LB_07,LB,61,63,57,61,79,86,40,49,92,56,,,57,56,,,,,,,,,,,,,,,,,,,49,,,,,,55,,,,,,,,59,,,,,,,,,,,,,,63,,,,,60,MODELED
NO_LB_08,LB,52,41,53,49,77,93,47,49,63,68,,,64,64,,,,,,,,,,,,,,,,,,,55,,,,,,58,,,,,,,,60,,,,,,,,,,,,,,59,,,,,52,MODELED
NO_CB_01,CB,89,94,90,69,79,68,86,90,54,86,,77,,,,,,,,,,,,,,,,,,,,,77,,,,,,85,,,,79,,,,,,,,,,,,,,,,,,76,,,,,75,MODELED
NO_CB_02,CB,94,88,99,83,87,87,80,89,56,83,,84,,,,,,,,,,,,,,,,,,,,,81,,,,,,87,,,,83,,,,,,,,,,,,,,,,,,81,,,,,88,MODELED
NO_CB_03,CB,74,89,74,67,88,83,87,77,61,68,,92,,,,,,,,,,,,,,,,,,,,,78,,,,,,79,,,,74,,,,,,,,,,,,,,,,,,86,,,,,76,MODELED
NO_CB_04,CB,84,78,76,58,89,97,72,67,51,74,,74,,,,,,,,,,,,,,,,,,,,,69,,,,,,71,,,,66,,,,,,,,,,,,,,,,,,81,,,,,66,MODELED
NO_CB_05,CB,73,79,88,67,84,68,74,78,71,75,,85,,,,,,,,,,,,,,,,,,,,,82,,,,,,63,,,,76,,,,,,,,,,,,,,,,,,78,,,,,70,MODELED
NO_CB_06,CB,76,75,81,63,83,73,77,82,58,63,,77,,,,,,,,,,,,,,,,,,,,,61,,,,,,60,,,,66,,,,,,,,,,,,,,,,,,74,,,,,50,MODELED
NO_CB_07,CB,84,79,83,59,73,64,62,63,98,68,,69,,,,,,,,,,,,,,,,,,,,,78,,,,,,84,,,,61,,,,,,,,,,,,,,,,,,70,,,,,72,MODELED
NO_CB_08,CB,83,89,86,66,70,67,83,78,61,74,,78,,,,,,,,,,,,,,,,,,,,,71,,,,,,67,,,,76,,,,,,,,,,,,,,,,,,65,,,,,57,MODELED
NO_CB_09,CB,60,61,54,47,81,59,58,51,69,56,,67,,,,,,,,,,,,,,,,,,,,,58,,,,,,60,,,,38,,,,,,,,,,,,,,,,,,52,,,,,56,MODELED
NO_CB_10,CB,71,62,73,39,84,85,57,55,82,53,,70,,,,,,,,,,,,,,,,,,,,,49,,,,,,53,,,,63,,,,,,,,,,,,,,,,,,50,,,,,62,MODELED
NO_CB_11,CB,68,71,68,50,70,76,61,58,77,70,,72,,,,,,,,,,,,,,,,,,,,,53,,,,,,51,,,,52,,,,,,,,,,,,,,,,,,67,,,,,67,MODELED
NO_S_01,S,80,81,71,74,80,56,91,80,78,65,,64,,,,,,,,,,,,,,,,,,,,,80,,,,,,81,,,,79,,,,,,,,,,82,,,,,,,,85,,,,,85,MODELED
NO_S_02,S,77,67,80,63,82,68,75,69,69,68,,77,,,,,,,,,,,,,,,,,,,,,73,,,,,,60,,,,63,,,,,,,,,,80,,,,,,,,70,,,,,75,MODELED
NO_S_03,S,76,78,82,53,76,86,66,71,59,68,,75,,,,,,,,,,,,,,,,,,,,,68,,,,,,65,,,,62,,,,,,,,,,69,,,,,,,,70,,,,,63,MODELED
NO_S_04,S,77,79,80,75,75,73,66,73,66,63,,77,,,,,,,,,,,,,,,,,,,,,81,,,,,,73,,,,61,,,,,,,,,,81,,,,,,,,65,,,,,66,MODELED
NO_S_05,S,73,70,71,64,68,64,62,58,79,54,,56,,,,,,,,,,,,,,,,,,,,,63,,,,,,76,,,,73,,,,,,,,,,63,,,,,,,,56,,,,,72,MODELED
NO_S_06,S,69,65,72,51,81,75,72,60,74,65,,55,,,,,,,,,,,,,,,,,,,,,66,,,,,,62,,,,63,,,,,,,,,,63,,,,,,,,65,,,,,69,MODELED
NO_S_07,S,61,51,61,48,64,75,54,48,55,64,,50,,,,,,,,,,,,,,,,,,,,,63,,,,,,48,,,,43,,,,,,,,,,58,,,,,,,,60,,,,,67,MODELED
NO_K_01,K,57,57,61,73,82,53,80,82,78,64,,,,,,,,,76,,,,,,,,,91,81,79,,,,,,,,,,,,,,,,,,,,,,,,,,,,,,,,,,,,,MODELED
NO_K_02,K,28,35,42,51,72,84,61,54,70,58,,,,,,,,,42,,,,,,,,,51,58,52,,,,,,,,,,,,,,,,,,,,,,,,,,,,,,,,,,,,,MODELED
NO_P_01,P,59,49,60,59,87,74,71,65,77,62,,,,,,,,,,,,,,67,,,70,,,,,,,,,,,,,,,,,,79,91,,,,,,,,,,,,,,,,,,,,,MODELED
NO_P_02,P,40,43,46,55,79,85,47,66,77,56,,,,,,,,,,,,,,76,,,67,,,,,,,,,,,,,,,,,,64,63,,,,,,,,,,,,,,,,,,,,,MODELED
NO_LS_01,LS,56,56,60,68,81,74,76,88,45,76,,,,,,,,,,,83,,,,,,,,,,,,,,,,,,,,,,,,,,,,,,,,,,,,,90,78,,,,,,,,MODELED
TB_QB_01,QB,81,89,82,82,92,73,85,83,77,79,,,,,,,,,,,,79,86,,,,,,,,,,,66,,,,77,,82,,,,75,,,,,,,,,,81,,,95,,,,,,95,92,,,MODELED
TB_QB_02,QB,76,62,82,77,78,55,81,83,73,64,,,,,,,,,,,,83,83,,,,,,,,,,,88,,,,69,,82,,,,78,,,,,,,,,,87,,,72,,,,,,72,79,,,MODELED
TB_QB_03,QB,45,46,59,61,81,89,51,55,62,63,,,,,,,,,,,,52,52,,,,,,,,,,,57,,,,69,,47,,,,62,,,,,,,,,,63,,,57,,,,,,48,54,,,MODELED
TB_QB_04,QB,50,57,58,64,67,55,52,62,77,58,,,,,,,,,,,,56,53,,,,,,,,,,,58,,,,67,,59,,,,59,,,,,,,,,,72,,,47,,,,,,56,55,,,MODELED
TB_RB_01,RB,80,66,76,73,82,51,78,81,89,66,,,,,60,75,,,,61,,,,,68,,,,,,,,,,,77,,,,,,,,,,,,68,,,,,,,,,,,,,,,,,70,,MODELED
TB_RB_02,RB,92,89,79,69,68,94,90,80,77,55,,,,,65,76,,,,66,,,,,72,,,,,,,,,,,67,,,,,,,,,,,,68,,,,,,,,,,,,,,,,,69,,MODELED
TB_RB_03,RB,81,69,64,69,83,56,66,69,71,45,,,,,57,70,,,,59,,,,,71,,,,,,,,,,,56,,,,,,,,,,,,56,,,,,,,,,,,,,,,,,57,,MODELED
TB_RB_04,RB,67,68,72,61,90,68,67,60,68,63,,,,,61,53,,,,55,,,,,70,,,,,,,,,,,66,,,,,,,,,,,,65,,,,,,,,,,,,,,,,,55,,MODELED
TB_RB_05,RB,66,71,60,61,75,82,49,49,79,53,,,,,56,48,,,,56,,,,,56,,,,,,,,,,,57,,,,,,,,,,,,54,,,,,,,,,,,,,,,,,60,,MODELED
TB_FB_01,FB,52,72,59,78,68,77,74,66,71,59,,,,,,65,,,,68,,,,,,,,,,,84,,,,,66,,,,,,,,,,,,70,,,70,,,,,,,,,,,,,,,,MODELED
TB_WR_01,WR,83,91,80,69,89,62,73,78,81,54,,,,,,,67,72,,,,,,,,,,,,,,,,,,,,,,,,,,,,,,,66,72,80,,,,,57,,,,72,,,,,,,MODELED
TB_WR_02,WR,77,88,63,64,76,51,72,75,76,75,,,,,,,69,68,,,,,,,,,,,,,,,,,,,,,,,,,,,,,,,82,70,84,,,,,62,,,,81,,,,,,,MODELED
TB_WR_03,WR,82,67,79,77,81,49,77,76,72,60,,,,,,,69,72,,,,,,,,,,,,,,,,,,,,,,,,,,,,,,,63,77,66,,,,,76,,,,68,,,,,,,MODELED
TB_WR_04,WR,70,81,74,77,86,75,59,68,60,65,,,,,,,59,58,,,,,,,,,,,,,,,,,,,,,,,,,,,,,,,66,67,68,,,,,68,,,,69,,,,,,,MODELED
TB_WR_05,WR,75,78,69,60,84,75,66,59,83,54,,,,,,,63,72,,,,,,,,,,,,,,,,,,,,,,,,,,,,,,,77,62,69,,,,,72,,,,69,,,,,,,MODELED
TB_WR_06,WR,70,82,66,64,86,53,63,64,78,75,,,,,,,67,56,,,,,,,,,,,,,,,,,,,,,,,,,,,,,,,68,66,63,,,,,76,,,,60,,,,,,,MODELED
TB_WR_07,WR,69,71,71,62,93,69,60,65,56,66,,,,,,,59,56,,,,,,,,,,,,,,,,,,,,,,,,,,,,,,,66,71,70,,,,,54,,,,71,,,,,,,MODELED
TB_WR_08,WR,68,68,68,53,64,59,67,58,58,45,,,,,,,62,75,,,,,,,,,,,,,,,,,,,,,,,,,,,,,,,63,63,50,,,,,63,,,,54,,,,,,,MODELED
TB_WR_09,WR,63,69,60,60,80,83,54,49,56,46,,,,,,,57,47,,,,,,,,,,,,,,,,,,,,,,,,,,,,,,,61,53,57,,,,,60,,,,66,,,,,,,MODELED
TB_WR_10,WR,58,66,61,33,78,57,41,39,85,49,,,,,,,45,29,,,,,,,,,,,,,,,,,,,,,,,,,,,,,,,41,39,43,,,,,34,,,,48,,,,,,,MODELED
TB_WR_11,WR,73,76,59,63,79,70,64,69,73,55,,,,,,,64,58,,,,,,,,,,,,,,,,,,,,,,,,,,,,,,,61,56,66,,,,,65,,,,66,,,,,,,MODELED
TB_TE_01,TE,83,85,76,88,95,72,90,65,79,73,,,,,,,72,85,,,,,,,,,,,,,,,,,76,,,,,,,,,,,,,,81,81,68,,,,,80,,,,75,,,,,,,MODELED
TB_TE_02,TE,57,65,71,66,79,94,63,59,60,76,,,,,,,71,74,,,,,,,,,,,,,,,,,72,,,,,,,,,,,,,,58,67,57,,,,,62,,,,64,,,,,,,MODELED
TB_TE_03,TE,68,62,71,76,72,72,59,75,79,57,,,,,,,61,77,,,,,,,,,,,,,,,,,69,,,,,,,,,,,,,,56,60,78,,,,,69,,,,73,,,,,,,MODELED
TB_TE_04,TE,69,57,58,70,85,52,71,66,59,58,,,,,,,70,60,,,,,,,,,,,,,,,,,52,,,,,,,,,,,,,,72,73,62,,,,,66,,,,73,,,,,,,MODELED
TB_TE_05,TE,55,59,61,62,65,48,50,55,52,65,,,,,,,55,73,,,,,,,,,,,,,,,,,60,,,,,,,,,,,,,,56,56,65,,,,,64,,,,66,,,,,,,MODELED
TB_TE_06,TE,63,71,62,68,69,60,61,56,52,56,,,,,,,61,71,,,,,,,,,,,,,,,,,72,,,,,,,,,,,,,,74,60,56,,,,,68,,,,58,,,,,,,MODELED
TB_OT_01,OT,62,72,58,96,89,57,74,84,57,68,82,,,,,,,,,,,,,,,,,,,,,,,,79,,,,,,77,,,,,,,,,,73,,,,81,,,,,,,81,,,,,MODELED
TB_OT_02,OT,63,74,84,99,89,50,94,89,33,90,88,,,,,,,,,,,,,,,,,,,,,,,,90,,,,,,92,,,,,,,,,,88,,,,81,,,,,,,78,,,,,MODELED
TB_OT_03,OT,56,62,59,86,84,80,64,55,68,79,73,,,,,,,,,,,,,,,,,,,,,,,,65,,,,,,74,,,,,,,,,,66,,,,71,,,,,,,68,,,,,MODELED
TB_OT_04,OT,49,51,69,90,85,68,68,70,68,69,70,,,,,,,,,,,,,,,,,,,,,,,,76,,,,,,63,,,,,,,,,,64,,,,71,,,,,,,83,,,,,MODELED
TB_OT_05,OT,62,50,60,77,95,82,79,70,63,56,73,,,,,,,,,,,,,,,,,,,,,,,,60,,,,,,67,,,,,,,,,,59,,,,65,,,,,,,55,,,,,MODELED
TB_OT_06,OT,33,51,46,78,73,93,66,58,60,59,45,,,,,,,,,,,,,,,,,,,,,,,,56,,,,,,51,,,,,,,,,,40,,,,52,,,,,,,59,,,,,MODELED
TB_OG_01,OG,47,63,64,92,85,69,84,69,83,72,77,,,,,,,,,,,,,,,,,,,,,,,,67,,,,,,73,,,,,,,,,,80,,,,72,,,,,,,86,,,,,MODELED
TB_OG_02,OG,50,56,55,89,74,60,56,73,52,53,57,,,,,,,,,,,,,,,,,,,,,,,,69,,,,,,72,,,,,,,,,,74,,,,63,,,,,,,65,,,,,MODELED
TB_OG_03,OG,60,69,63,88,71,64,67,82,59,72,87,,,,,,,,,,,,,,,,,,,,,,,,73,,,,,,64,,,,,,,,,,69,,,,79,,,,,,,83,,,,,MODELED
TB_OG_04,OG,48,51,53,82,88,80,59,79,39,64,66,,,,,,,,,,,,,,,,,,,,,,,,65,,,,,,75,,,,,,,,,,58,,,,71,,,,,,,66,,,,,MODELED
TB_OG_05,OG,40,46,51,89,92,67,61,62,62,70,67,,,,,,,,,,,,,,,,,,,,,,,,65,,,,,,60,,,,,,,,,,58,,,,61,,,,,,,74,,,,,MODELED
TB_OG_06,OG,40,43,53,75,73,90,60,61,63,59,51,,,,,,,,,,,,,,,,,,,,,,,,45,,,,,,52,,,,,,,,,,54,,,,62,,,,,,,65,,,,,MODELED
TB_C_01,C,62,78,63,86,79,44,75,80,96,81,73,,,,,,,,,,,,,,,,,,,,,82,,,86,,,,,,87,,,,,,,,,,68,,,,,,,68,,,,84,,,,,MODELED
TB_C_02,C,55,65,66,99,90,49,68,76,92,73,76,,,,,,,,,,,,,,,,,,,,,75,,,77,,,,,,74,,,,,,,,,,65,,,,,,,74,,,,67,,,,,MODELED
TB_C_03,C,37,31,48,79,72,50,59,62,87,63,55,,,,,,,,,,,,,,,,,,,,,68,,,48,,,,,,59,,,,,,,,,,70,,,,,,,68,,,,51,,,,,MODELED
TB_EDGE_01,EDGE,82,80,76,85,73,87,73,76,68,76,,,,75,,,,,,,64,,,,,83,,,,,,,,,,,87,,,,,88,,,,,81,,,,,63,,,,,,,,,,,,,,,MODELED
TB_EDGE_02,EDGE,75,87,70,90,93,69,82,83,72,65,,,,73,,,,,,,75,,,,,75,,,,,,,,,,,86,,,,,88,,,,,69,,,,,67,,,,,,,,,,,,,,,MODELED
TB_EDGE_03,EDGE,67,74,69,72,81,76,81,74,75,54,,,,75,,,,,,,72,,,,,75,,,,,,,,,,,67,,,,,67,,,,,82,,,,,72,,,,,,,,,,,,,,,MODELED
TB_EDGE_04,EDGE,69,69,76,84,79,73,75,83,57,60,,,,67,,,,,,,77,,,,,70,,,,,,,,,,,65,,,,,74,,,,,70,,,,,70,,,,,,,,,,,,,,,MODELED
TB_EDGE_05,EDGE,68,73,77,84,86,99,81,72,88,59,,,,69,,,,,,,62,,,,,64,,,,,,,,,,,77,,,,,78,,,,,72,,,,,74,,,,,,,,,,,,,,,MODELED
TB_EDGE_06,EDGE,66,67,80,68,92,70,63,60,73,56,,,,68,,,,,,,69,,,,,60,,,,,,,,,,,61,,,,,57,,,,,75,,,,,70,,,,,,,,,,,,,,,MODELED
TB_EDGE_07,EDGE,64,63,65,77,76,71,67,47,52,57,,,,52,,,,,,,54,,,,,45,,,,,,,,,,,56,,,,,49,,,,,48,,,,,51,,,,,,,,,,,,,,,MODELED
TB_EDGE_08,EDGE,48,63,58,60,78,74,39,57,99,77,,,,64,,,,,,,60,,,,,49,,,,,,,,,,,59,,,,,43,,,,,56,,,,,64,,,,,,,,,,,,,,,MODELED
TB_EDGE_09,EDGE,58,58,61,68,73,51,50,54,57,52,,,,47,,,,,,,57,,,,,47,,,,,,,,,,,64,,,,,56,,,,,61,,,,,65,,,,,,,,,,,,,,,MODELED
TB_DT_01,DT,50,61,67,85,86,63,78,79,74,61,,,,79,,,,,,,,,,,,75,,,,,,,,,,,71,,,,,85,,,,,66,,,,,63,,,,,,,,,,,,,,,MODELED
TB_DT_02,DT,78,85,79,99,79,80,90,89,78,89,,,,89,,,,,,,,,,,,85,,,,,,,,,,,93,,,,,80,,,,,99,,,,,87,,,,,,,,,,,,,,,MODELED
TB_DT_03,DT,62,73,59,76,81,79,71,72,76,71,,,,62,,,,,,,,,,,,57,,,,,,,,,,,75,,,,,71,,,,,79,,,,,74,,,,,,,,,,,,,,,MODELED
TB_DT_04,DT,61,46,56,82,62,81,72,65,73,64,,,,62,,,,,,,,,,,,75,,,,,,,,,,,74,,,,,56,,,,,62,,,,,71,,,,,,,,,,,,,,,MODELED
TB_DT_05,DT,52,50,57,68,76,73,71,63,68,63,,,,60,,,,,,,,,,,,71,,,,,,,,,,,56,,,,,58,,,,,75,,,,,65,,,,,,,,,,,,,,,MODELED
TB_DT_06,DT,44,56,56,80,78,65,60,65,68,70,,,,76,,,,,,,,,,,,67,,,,,,,,,,,65,,,,,62,,,,,63,,,,,73,,,,,,,,,,,,,,,MODELED
TB_DT_07,DT,61,43,52,70,72,68,46,37,60,67,,,,46,,,,,,,,,,,,52,,,,,,,,,,,54,,,,,58,,,,,33,,,,,57,,,,,,,,,,,,,,,MODELED
TB_DT_08,DT,36,33,44,70,80,65,52,54,79,56,,,,46,,,,,,,,,,,,58,,,,,,,,,,,54,,,,,47,,,,,47,,,,,50,,,,,,,,,,,,,,,MODELED
TB_LB_01,LB,73,74,74,87,87,70,68,75,49,72,,,68,71,,,,,,,,,,,,,,,,,,,80,,,,,,74,,,,,,,,76,,,,,,,,,,,,,,82,,,,,78,MODELED
TB_LB_02,LB,84,75,77,85,86,70,87,79,54,72,,,73,84,,,,,,,,,,,,,,,,,,,78,,,,,,85,,,,,,,,80,,,,,,,,,,,,,,77,,,,,91,MODELED
TB_LB_03,LB,54,54,60,67,79,66,64,68,85,69,,,53,71,,,,,,,,,,,,,,,,,,,70,,,,,,58,,,,,,,,81,,,,,,,,,,,,,,65,,,,,54,MODELED
TB_LB_04,LB,71,73,74,72,78,80,79,62,45,75,,,81,67,,,,,,,,,,,,,,,,,,,78,,,,,,80,,,,,,,,71,,,,,,,,,,,,,,70,,,,,65,MODELED
TB_LB_05,LB,88,84,76,70,81,76,67,70,57,61,,,75,77,,,,,,,,,,,,,,,,,,,87,,,,,,78,,,,,,,,79,,,,,,,,,,,,,,83,,,,,74,MODELED
TB_LB_06,LB,63,71,72,76,66,52,65,67,61,60,,,68,70,,,,,,,,,,,,,,,,,,,63,,,,,,69,,,,,,,,54,,,,,,,,,,,,,,66,,,,,62,MODELED
TB_LB_07,LB,51,56,63,62,66,64,55,65,78,62,,,69,43,,,,,,,,,,,,,,,,,,,64,,,,,,53,,,,,,,,63,,,,,,,,,,,,,,65,,,,,41,MODELED
TB_LB_08,LB,48,63,63,68,72,71,55,54,80,57,,,52,50,,,,,,,,,,,,,,,,,,,46,,,,,,42,,,,,,,,59,,,,,,,,,,,,,,45,,,,,54,MODELED
TB_CB_01,CB,97,99,83,77,99,86,93,97,66,68,,84,,,,,,,,,,,,,,,,,,,,,86,,,,,,97,,,,85,,,,,,,,,,,,,,,,,,88,,,,,85,MODELED
TB_CB_02,CB,88,88,84,75,87,76,89,87,67,61,,83,,,,,,,,,,,,,,,,,,,,,84,,,,,,83,,,,87,,,,,,,,,,,,,,,,,,95,,,,,82,MODELED
TB_CB_03,CB,97,99,99,74,92,66,90,96,55,84,,99,,,,,,,,,,,,,,,,,,,,,75,,,,,,88,,,,95,,,,,,,,,,,,,,,,,,87,,,,,99,MODELED
TB_CB_04,CB,80,71,72,62,87,65,68,79,52,66,,65,,,,,,,,,,,,,,,,,,,,,74,,,,,,65,,,,59,,,,,,,,,,,,,,,,,,75,,,,,69,MODELED
TB_CB_05,CB,87,91,70,55,80,58,75,71,53,79,,67,,,,,,,,,,,,,,,,,,,,,75,,,,,,63,,,,74,,,,,,,,,,,,,,,,,,75,,,,,77,MODELED
TB_CB_06,CB,74,70,70,57,76,99,76,72,61,60,,68,,,,,,,,,,,,,,,,,,,,,59,,,,,,64,,,,65,,,,,,,,,,,,,,,,,,60,,,,,65,MODELED
TB_CB_07,CB,68,69,78,54,69,84,73,60,64,68,,70,,,,,,,,,,,,,,,,,,,,,66,,,,,,67,,,,78,,,,,,,,,,,,,,,,,,66,,,,,66,MODELED
TB_CB_08,CB,65,65,78,44,72,70,61,66,78,66,,53,,,,,,,,,,,,,,,,,,,,,50,,,,,,66,,,,59,,,,,,,,,,,,,,,,,,75,,,,,49,MODELED
TB_CB_09,CB,60,62,73,41,80,77,58,58,70,57,,50,,,,,,,,,,,,,,,,,,,,,49,,,,,,61,,,,55,,,,,,,,,,,,,,,,,,58,,,,,57,MODELED
TB_CB_10,CB,70,68,55,39,65,71,60,56,83,62,,55,,,,,,,,,,,,,,,,,,,,,56,,,,,,54,,,,62,,,,,,,,,,,,,,,,,,52,,,,,62,MODELED
TB_CB_11,CB,67,75,74,45,73,86,66,66,53,54,,74,,,,,,,,,,,,,,,,,,,,,67,,,,,,61,,,,62,,,,,,,,,,,,,,,,,,66,,,,,58,MODELED
TB_S_01,S,91,91,95,75,89,80,88,86,81,64,,93,,,,,,,,,,,,,,,,,,,,,99,,,,,,87,,,,81,,,,,,,,,,88,,,,,,,,90,,,,,90,MODELED
TB_S_02,S,89,93,91,89,81,76,90,83,91,71,,83,,,,,,,,,,,,,,,,,,,,,70,,,,,,90,,,,88,,,,,,,,,,86,,,,,,,,91,,,,,84,MODELED
TB_S_03,S,71,81,77,56,76,79,59,71,72,80,,72,,,,,,,,,,,,,,,,,,,,,68,,,,,,83,,,,65,,,,,,,,,,65,,,,,,,,59,,,,,62,MODELED
TB_S_04,S,75,69,65,61,61,73,67,57,55,53,,61,,,,,,,,,,,,,,,,,,,,,61,,,,,,55,,,,79,,,,,,,,,,62,,,,,,,,69,,,,,66,MODELED
TB_S_05,S,63,75,69,57,86,72,69,66,64,63,,62,,,,,,,,,,,,,,,,,,,,,54,,,,,,64,,,,51,,,,,,,,,,60,,,,,,,,48,,,,,53,MODELED
TB_S_06,S,52,61,58,53,72,50,59,52,69,62,,61,,,,,,,,,,,,,,,,,,,,,63,,,,,,78,,,,58,,,,,,,,,,58,,,,,,,,62,,,,,73,MODELED
TB_S_07,S,59,66,64,56,72,77,64,62,99,62,,71,,,,,,,,,,,,,,,,,,,,,59,,,,,,69,,,,53,,,,,,,,,,55,,,,,,,,52,,,,,58,MODELED
TB_K_01,K,38,53,52,60,78,95,67,71,81,73,,,,,,,,,63,,,,,,,,,61,59,60,,,,,,,,,,,,,,,,,,,,,,,,,,,,,,,,,,,,,MODELED
TB_K_02,K,38,40,38,50,71,80,62,63,64,55,,,,,,,,,55,,,,,,,,,50,50,70,,,,,,,,,,,,,,,,,,,,,,,,,,,,,,,,,,,,,MODELED
TB_P_01,P,36,60,43,52,85,99,76,75,76,60,,,,,,,,,,,,,,67,,,73,,,,,,,,,,,,,,,,,,78,71,,,,,,,,,,,,,,,,,,,,,MODELED
TB_P_02,P,48,56,47,46,70,59,72,63,81,59,,,,,,,,,,,,,,68,,,59,,,,,,,,,,,,,,,,,,79,72,,,,,,,,,,,,,,,,,,,,,MODELED
TB_LS_01,LS,59,54,50,70,72,91,74,80,78,77,,,,,,,,,,,71,,,,,,,,,,,,,,,,,,,,,,,,,,,,,,,,,,,,,76,80,,,,,,,,MODELED
ARI_QB_01,QB,77,80,83,80,83,74,84,92,57,68,,,,,,,,,,,,79,88,,,,,,,,,,,79,,,,84,,77,,,,82,,,,,,,,,,78,,,87,,,,,,81,81,,,MODELED
ARI_QB_02,QB,67,69,61,63,73,83,65,76,63,62,,,,,,,,,,,,70,70,,,,,,,,,,,78,,,,69,,69,,,,72,,,,,,,,,,67,,,71,,,,,,70,68,,,MODELED
ARI_QB_03,QB,55,51,61,55,77,66,50,66,67,64,,,,,,,,,,,,56,60,,,,,,,,,,,60,,,,66,,55,,,,81,,,,,,,,,,58,,,64,,,,,,61,75,,,MODELED
ARI_QB_04,QB,33,41,50,53,83,58,47,43,63,55,,,,,,,,,,,,46,52,,,,,,,,,,,60,,,,51,,53,,,,46,,,,,,,,,,52,,,39,,,,,,57,47,,,MODELED
ARI_RB_01,RB,91,94,86,72,77,72,71,77,72,67,,,,,73,78,,,,75,,,,,78,,,,,,,,,,,85,,,,,,,,,,,,81,,,,,,,,,,,,,,,,,85,,MODELED
ARI_RB_02,RB,84,81,82,69,93,97,66,52,68,71,,,,,68,74,,,,79,,,,,68,,,,,,,,,,,68,,,,,,,,,,,,71,,,,,,,,,,,,,,,,,70,,MODELED
ARI_RB_03,RB,78,72,78,76,93,64,81,74,52,59,,,,,86,68,,,,83,,,,,87,,,,,,,,,,,79,,,,,,,,,,,,64,,,,,,,,,,,,,,,,,67,,MODELED
ARI_RB_04,RB,65,64,66,62,71,63,65,60,77,62,,,,,74,53,,,,61,,,,,65,,,,,,,,,,,66,,,,,,,,,,,,62,,,,,,,,,,,,,,,,,61,,MODELED
ARI_RB_05,RB,69,75,70,66,78,41,59,60,61,67,,,,,67,64,,,,65,,,,,64,,,,,,,,,,,64,,,,,,,,,,,,61,,,,,,,,,,,,,,,,,68,,MODELED
ARI_FB_01,FB,60,62,73,83,77,73,68,77,77,76,,,,,,72,,,,64,,,,,,,,,,,62,,,,,60,,,,,,,,,,,,66,,,56,,,,,,,,,,,,,,,,MODELED
ARI_WR_01,WR,94,93,78,72,77,82,89,65,75,91,,,,,,,71,74,,,,,,,,,,,,,,,,,,,,,,,,,,,,,,,82,76,79,,,,,77,,,,81,,,,,,,MODELED
ARI_WR_02,WR,86,88,90,71,83,80,79,83,88,66,,,,,,,81,75,,,,,,,,,,,,,,,,,,,,,,,,,,,,,,,68,73,96,,,,,75,,,,85,,,,,,,MODELED
ARI_WR_03,WR,92,83,92,69,71,66,77,69,78,71,,,,,,,78,75,,,,,,,,,,,,,,,,,,,,,,,,,,,,,,,82,71,78,,,,,83,,,,86,,,,,,,MODELED
ARI_WR_04,WR,67,76,75,49,84,65,55,70,63,55,,,,,,,50,62,,,,,,,,,,,,,,,,,,,,,,,,,,,,,,,67,55,60,,,,,54,,,,60,,,,,,,MODELED
ARI_WR_05,WR,73,87,77,59,71,57,71,59,66,75,,,,,,,68,62,,,,,,,,,,,,,,,,,,,,,,,,,,,,,,,76,68,78,,,,,64,,,,61,,,,,,,MODELED
ARI_WR_06,WR,66,75,67,52,69,48,66,68,89,59,,,,,,,55,56,,,,,,,,,,,,,,,,,,,,,,,,,,,,,,,51,55,55,,,,,62,,,,72,,,,,,,MODELED
ARI_WR_07,WR,67,76,72,47,87,72,60,60,82,49,,,,,,,56,65,,,,,,,,,,,,,,,,,,,,,,,,,,,,,,,54,38,56,,,,,55,,,,54,,,,,,,MODELED
ARI_WR_08,WR,77,81,87,66,85,56,65,64,98,55,,,,,,,74,72,,,,,,,,,,,,,,,,,,,,,,,,,,,,,,,72,63,66,,,,,81,,,,72,,,,,,,MODELED
ARI_WR_09,WR,52,60,54,31,79,71,50,45,85,60,,,,,,,51,51,,,,,,,,,,,,,,,,,,,,,,,,,,,,,,,44,55,52,,,,,43,,,,37,,,,,,,MODELED
ARI_WR_10,WR,67,65,68,50,73,62,49,60,84,59,,,,,,,59,43,,,,,,,,,,,,,,,,,,,,,,,,,,,,,,,67,63,66,,,,,56,,,,47,,,,,,,MODELED
ARI_WR_11,WR,77,69,53,46,78,71,54,58,60,57,,,,,,,62,56,,,,,,,,,,,,,,,,,,,,,,,,,,,,,,,63,69,62,,,,,65,,,,51,,,,,,,MODELED
ARI_TE_01,TE,73,88,78,82,86,80,82,78,58,73,,,,,,,80,83,,,,,,,,,,,,,,,,,70,,,,,,,,,,,,,,87,83,71,,,,,78,,,,77,,,,,,,MODELED
ARI_TE_02,TE,77,68,72,67,80,88,72,66,69,65,,,,,,,72,71,,,,,,,,,,,,,,,,,69,,,,,,,,,,,,,,59,56,65,,,,,66,,,,72,,,,,,,MODELED
ARI_TE_03,TE,59,67,61,69,74,84,74,74,54,64,,,,,,,64,73,,,,,,,,,,,,,,,,,65,,,,,,,,,,,,,,60,61,67,,,,,64,,,,81,,,,,,,MODELED
ARI_TE_04,TE,64,72,69,61,74,49,67,63,55,80,,,,,,,63,67,,,,,,,,,,,,,,,,,57,,,,,,,,,,,,,,57,65,67,,,,,74,,,,58,,,,,,,MODELED
ARI_TE_05,TE,62,43,55,60,89,68,57,58,72,56,,,,,,,50,66,,,,,,,,,,,,,,,,,52,,,,,,,,,,,,,,54,72,52,,,,,59,,,,47,,,,,,,MODELED
ARI_TE_06,TE,46,56,59,55,74,50,49,53,63,69,,,,,,,63,43,,,,,,,,,,,,,,,,,54,,,,,,,,,,,,,,59,56,51,,,,,60,,,,41,,,,,,,MODELED
ARI_OT_01,OT,64,75,83,99,80,79,80,86,59,79,83,,,,,,,,,,,,,,,,,,,,,,,,82,,,,,,94,,,,,,,,,,76,,,,83,,,,,,,75,,,,,MODELED
ARI_OT_02,OT,57,57,67,76,85,74,64,77,73,61,66,,,,,,,,,,,,,,,,,,,,,,,,74,,,,,,68,,,,,,,,,,86,,,,76,,,,,,,69,,,,,MODELED
ARI_OT_03,OT,58,61,52,87,86,95,66,77,81,60,77,,,,,,,,,,,,,,,,,,,,,,,,66,,,,,,64,,,,,,,,,,76,,,,54,,,,,,,56,,,,,MODELED
ARI_OT_04,OT,44,40,52,67,77,68,63,63,90,66,50,,,,,,,,,,,,,,,,,,,,,,,,64,,,,,,55,,,,,,,,,,62,,,,81,,,,,,,51,,,,,MODELED
ARI_OT_05,OT,48,44,64,61,74,57,61,55,87,60,60,,,,,,,,,,,,,,,,,,,,,,,,65,,,,,,57,,,,,,,,,,57,,,,53,,,,,,,67,,,,,MODELED
ARI_OT_06,OT,38,47,52,66,57,84,60,55,74,57,49,,,,,,,,,,,,,,,,,,,,,,,,61,,,,,,63,,,,,,,,,,62,,,,59,,,,,,,61,,,,,MODELED
ARI_OG_01,OG,49,57,63,87,80,62,74,75,86,69,65,,,,,,,,,,,,,,,,,,,,,,,,65,,,,,,86,,,,,,,,,,68,,,,76,,,,,,,72,,,,,MODELED
ARI_OG_02,OG,54,64,59,88,90,74,73,81,71,69,73,,,,,,,,,,,,,,,,,,,,,,,,64,,,,,,73,,,,,,,,,,71,,,,81,,,,,,,63,,,,,MODELED
ARI_OG_03,OG,53,56,58,71,78,75,61,69,73,72,65,,,,,,,,,,,,,,,,,,,,,,,,66,,,,,,66,,,,,,,,,,68,,,,64,,,,,,,67,,,,,MODELED
ARI_OG_04,OG,54,54,74,87,76,82,69,71,74,58,73,,,,,,,,,,,,,,,,,,,,,,,,65,,,,,,76,,,,,,,,,,75,,,,64,,,,,,,71,,,,,MODELED
ARI_OG_05,OG,59,70,53,82,83,68,70,69,92,77,81,,,,,,,,,,,,,,,,,,,,,,,,70,,,,,,72,,,,,,,,,,70,,,,78,,,,,,,76,,,,,MODELED
ARI_OG_06,OG,42,51,48,80,82,70,70,55,50,62,54,,,,,,,,,,,,,,,,,,,,,,,,68,,,,,,52,,,,,,,,,,58,,,,50,,,,,,,63,,,,,MODELED
ARI_C_01,C,69,86,84,99,99,58,82,99,70,62,72,,,,,,,,,,,,,,,,,,,,,90,,,91,,,,,,91,,,,,,,,,,91,,,,,,,92,,,,94,,,,,MODELED
ARI_C_02,C,60,64,57,87,71,54,69,73,56,62,74,,,,,,,,,,,,,,,,,,,,,78,,,69,,,,,,76,,,,,,,,,,88,,,,,,,74,,,,79,,,,,MODELED
ARI_C_03,C,41,42,58,72,66,48,58,68,66,50,73,,,,,,,,,,,,,,,,,,,,,61,,,60,,,,,,77,,,,,,,,,,56,,,,,,,64,,,,70,,,,,MODELED
ARI_EDGE_01,EDGE,74,88,85,91,82,81,80,91,85,52,,,,71,,,,,,,82,,,,,71,,,,,,,,,,,84,,,,,87,,,,,70,,,,,80,,,,,,,,,,,,,,,MODELED
ARI_EDGE_02,EDGE,83,77,83,92,94,75,94,90,73,83,,,,82,,,,,,,80,,,,,80,,,,,,,,,,,83,,,,,88,,,,,90,,,,,91,,,,,,,,,,,,,,,MODELED
ARI_EDGE_03,EDGE,78,62,73,84,78,91,71,71,59,55,,,,64,,,,,,,63,,,,,70,,,,,,,,,,,70,,,,,69,,,,,71,,,,,61,,,,,,,,,,,,,,,MODELED
ARI_EDGE_04,EDGE,67,67,75,58,65,68,66,69,82,64,,,,75,,,,,,,64,,,,,73,,,,,,,,,,,63,,,,,58,,,,,55,,,,,52,,,,,,,,,,,,,,,MODELED
ARI_EDGE_05,EDGE,59,74,55,68,73,99,49,67,87,56,,,,63,,,,,,,76,,,,,56,,,,,,,,,,,58,,,,,65,,,,,50,,,,,51,,,,,,,,,,,,,,,MODELED
ARI_EDGE_06,EDGE,61,61,57,60,71,90,64,66,80,75,,,,50,,,,,,,63,,,,,61,,,,,,,,,,,57,,,,,51,,,,,77,,,,,53,,,,,,,,,,,,,,,MODELED
ARI_EDGE_07,EDGE,59,72,75,63,72,96,52,61,62,66,,,,65,,,,,,,61,,,,,55,,,,,,,,,,,75,,,,,70,,,,,72,,,,,59,,,,,,,,,,,,,,,MODELED
ARI_EDGE_08,EDGE,53,55,68,61,79,48,55,52,75,63,,,,59,,,,,,,60,,,,,59,,,,,,,,,,,54,,,,,63,,,,,55,,,,,61,,,,,,,,,,,,,,,MODELED
ARI_EDGE_09,EDGE,48,52,58,72,67,61,35,53,73,44,,,,50,,,,,,,56,,,,,50,,,,,,,,,,,44,,,,,57,,,,,57,,,,,52,,,,,,,,,,,,,,,MODELED
ARI_DT_01,DT,62,71,66,93,77,52,84,79,65,69,,,,67,,,,,,,,,,,,77,,,,,,,,,,,86,,,,,84,,,,,82,,,,,69,,,,,,,,,,,,,,,MODELED
ARI_DT_02,DT,49,60,55,73,80,96,64,74,63,75,,,,65,,,,,,,,,,,,66,,,,,,,,,,,79,,,,,68,,,,,56,,,,,73,,,,,,,,,,,,,,,MODELED
ARI_DT_03,DT,61,56,51,95,91,78,87,66,59,64,,,,72,,,,,,,,,,,,72,,,,,,,,,,,62,,,,,68,,,,,68,,,,,78,,,,,,,,,,,,,,,MODELED
ARI_DT_04,DT,66,61,76,85,80,39,69,78,84,85,,,,80,,,,,,,,,,,,68,,,,,,,,,,,70,,,,,73,,,,,76,,,,,73,,,,,,,,,,,,,,,MODELED
ARI_DT_05,DT,59,59,60,82,73,87,60,59,79,59,,,,75,,,,,,,,,,,,67,,,,,,,,,,,61,,,,,57,,,,,78,,,,,64,,,,,,,,,,,,,,,MODELED
ARI_DT_06,DT,49,55,49,74,68,62,64,53,56,62,,,,60,,,,,,,,,,,,74,,,,,,,,,,,61,,,,,54,,,,,60,,,,,53,,,,,,,,,,,,,,,MODELED
ARI_DT_07,DT,32,39,32,55,77,79,48,48,85,56,,,,40,,,,,,,,,,,,31,,,,,,,,,,,52,,,,,48,,,,,47,,,,,52,,,,,,,,,,,,,,,MODELED
ARI_DT_08,DT,41,51,53,73,69,87,48,67,74,49,,,,64,,,,,,,,,,,,64,,,,,,,,,,,50,,,,,65,,,,,50,,,,,62,,,,,,,,,,,,,,,MODELED
ARI_LB_01,LB,75,70,80,71,76,67,67,74,74,76,,,70,75,,,,,,,,,,,,,,,,,,,62,,,,,,69,,,,,,,,83,,,,,,,,,,,,,,56,,,,,81,MODELED
ARI_LB_02,LB,79,85,84,85,68,79,83,88,78,69,,,78,80,,,,,,,,,,,,,,,,,,,91,,,,,,78,,,,,,,,85,,,,,,,,,,,,,,75,,,,,73,MODELED
ARI_LB_03,LB,86,69,74,79,92,79,54,65,51,69,,,76,70,,,,,,,,,,,,,,,,,,,69,,,,,,71,,,,,,,,73,,,,,,,,,,,,,,84,,,,,69,MODELED
ARI_LB_04,LB,78,86,66,75,72,78,72,64,71,53,,,64,74,,,,,,,,,,,,,,,,,,,68,,,,,,69,,,,,,,,69,,,,,,,,,,,,,,66,,,,,61,MODELED
ARI_LB_05,LB,79,75,73,72,82,64,68,67,67,58,,,76,77,,,,,,,,,,,,,,,,,,,63,,,,,,65,,,,,,,,62,,,,,,,,,,,,,,72,,,,,71,MODELED
ARI_LB_06,LB,70,68,77,76,74,42,59,69,60,72,,,65,66,,,,,,,,,,,,,,,,,,,58,,,,,,70,,,,,,,,74,,,,,,,,,,,,,,65,,,,,55,MODELED
ARI_LB_07,LB,63,63,52,58,80,57,58,55,60,49,,,53,62,,,,,,,,,,,,,,,,,,,58,,,,,,54,,,,,,,,54,,,,,,,,,,,,,,72,,,,,52,MODELED
ARI_LB_08,LB,53,48,44,58,68,85,44,51,81,66,,,45,31,,,,,,,,,,,,,,,,,,,61,,,,,,54,,,,,,,,51,,,,,,,,,,,,,,61,,,,,59,MODELED
ARI_CB_01,CB,86,82,84,67,87,83,72,73,73,68,,81,,,,,,,,,,,,,,,,,,,,,84,,,,,,82,,,,71,,,,,,,,,,,,,,,,,,78,,,,,69,MODELED
ARI_CB_02,CB,97,89,80,60,81,64,70,82,76,73,,63,,,,,,,,,,,,,,,,,,,,,68,,,,,,60,,,,80,,,,,,,,,,,,,,,,,,57,,,,,73,MODELED
ARI_CB_03,CB,94,83,92,68,86,85,86,82,85,60,,78,,,,,,,,,,,,,,,,,,,,,77,,,,,,82,,,,78,,,,,,,,,,,,,,,,,,79,,,,,71,MODELED
ARI_CB_04,CB,90,91,83,57,79,78,84,79,59,77,,75,,,,,,,,,,,,,,,,,,,,,63,,,,,,74,,,,71,,,,,,,,,,,,,,,,,,79,,,,,73,MODELED
ARI_CB_05,CB,67,70,65,52,71,56,52,60,55,39,,59,,,,,,,,,,,,,,,,,,,,,61,,,,,,72,,,,70,,,,,,,,,,,,,,,,,,53,,,,,60,MODELED
ARI_CB_06,CB,81,76,88,56,81,77,68,76,86,66,,73,,,,,,,,,,,,,,,,,,,,,63,,,,,,62,,,,61,,,,,,,,,,,,,,,,,,65,,,,,70,MODELED
ARI_CB_07,CB,66,78,72,52,78,76,52,56,70,52,,60,,,,,,,,,,,,,,,,,,,,,67,,,,,,71,,,,68,,,,,,,,,,,,,,,,,,57,,,,,61,MODELED
ARI_CB_08,CB,77,77,79,56,85,72,75,57,73,61,,58,,,,,,,,,,,,,,,,,,,,,70,,,,,,70,,,,58,,,,,,,,,,,,,,,,,,56,,,,,72,MODELED
ARI_CB_09,CB,63,69,59,51,66,78,56,54,63,55,,53,,,,,,,,,,,,,,,,,,,,,49,,,,,,64,,,,63,,,,,,,,,,,,,,,,,,70,,,,,58,MODELED
ARI_CB_10,CB,73,65,65,45,66,82,55,42,80,68,,62,,,,,,,,,,,,,,,,,,,,,58,,,,,,49,,,,55,,,,,,,,,,,,,,,,,,56,,,,,56,MODELED
ARI_CB_11,CB,54,66,50,55,70,57,55,55,57,62,,58,,,,,,,,,,,,,,,,,,,,,62,,,,,,62,,,,65,,,,,,,,,,,,,,,,,,59,,,,,58,MODELED
ARI_S_01,S,90,84,81,73,91,62,79,66,56,69,,71,,,,,,,,,,,,,,,,,,,,,77,,,,,,82,,,,74,,,,,,,,,,71,,,,,,,,81,,,,,76,MODELED
ARI_S_02,S,91,82,83,62,78,50,72,77,48,84,,83,,,,,,,,,,,,,,,,,,,,,79,,,,,,76,,,,82,,,,,,,,,,69,,,,,,,,66,,,,,80,MODELED
ARI_S_03,S,83,72,60,71,78,80,55,61,50,71,,46,,,,,,,,,,,,,,,,,,,,,59,,,,,,66,,,,59,,,,,,,,,,67,,,,,,,,64,,,,,68,MODELED
ARI_S_04,S,79,74,65,59,92,68,66,79,71,72,,63,,,,,,,,,,,,,,,,,,,,,67,,,,,,69,,,,61,,,,,,,,,,62,,,,,,,,70,,,,,61,MODELED
ARI_S_05,S,76,81,77,77,86,67,61,63,65,66,,72,,,,,,,,,,,,,,,,,,,,,68,,,,,,56,,,,73,,,,,,,,,,78,,,,,,,,69,,,,,78,MODELED
ARI_S_06,S,64,76,75,73,75,58,71,74,55,54,,64,,,,,,,,,,,,,,,,,,,,,60,,,,,,59,,,,66,,,,,,,,,,64,,,,,,,,62,,,,,68,MODELED
ARI_S_07,S,66,64,65,58,80,58,54,53,74,60,,54,,,,,,,,,,,,,,,,,,,,,61,,,,,,49,,,,53,,,,,,,,,,46,,,,,,,,54,,,,,51,MODELED
ARI_K_01,K,54,58,53,75,95,75,76,76,60,68,,,,,,,,,81,,,,,,,,,80,63,79,,,,,,,,,,,,,,,,,,,,,,,,,,,,,,,,,,,,,MODELED
ARI_K_02,K,39,47,55,53,87,89,60,61,77,71,,,,,,,,,60,,,,,,,,,66,49,68,,,,,,,,,,,,,,,,,,,,,,,,,,,,,,,,,,,,,MODELED
ARI_P_01,P,39,53,57,54,83,51,63,68,53,69,,,,,,,,,,,,,,67,,,63,,,,,,,,,,,,,,,,,,62,67,,,,,,,,,,,,,,,,,,,,,MODELED
ARI_P_02,P,39,30,20,52,76,88,50,44,67,75,,,,,,,,,,,,,,40,,,60,,,,,,,,,,,,,,,,,,57,58,,,,,,,,,,,,,,,,,,,,,MODELED
ARI_LS_01,LS,49,55,61,75,82,65,70,69,66,55,,,,,,,,,,,65,,,,,,,,,,,,,,,,,,,,,,,,,,,,,,,,,,,,,71,64,,,,,,,,MODELED
LAR_QB_01,QB,90,76,80,75,87,94,79,90,87,60,,,,,,,,,,,,81,81,,,,,,,,,,,78,,,,86,,81,,,,80,,,,,,,,,,82,,,75,,,,,,79,88,,,MODELED
LAR_QB_02,QB,67,71,77,80,88,70,79,80,84,81,,,,,,,,,,,,78,76,,,,,,,,,,,81,,,,76,,77,,,,73,,,,,,,,,,78,,,75,,,,,,79,85,,,MODELED
LAR_QB_03,QB,59,54,65,49,76,44,72,59,74,72,,,,,,,,,,,,69,51,,,,,,,,,,,44,,,,53,,74,,,,59,,,,,,,,,,65,,,63,,,,,,57,59,,,MODELED
LAR_QB_04,QB,54,57,57,51,75,73,52,50,88,56,,,,,,,,,,,,53,59,,,,,,,,,,,58,,,,53,,66,,,,56,,,,,,,,,,63,,,58,,,,,,52,41,,,MODELED
LAR_RB_01,RB,90,93,94,77,84,95,83,86,77,73,,,,,87,93,,,,88,,,,,79,,,,,,,,,,,88,,,,,,,,,,,,73,,,,,,,,,,,,,,,,,80,,MODELED
LAR_RB_02,RB,67,65,77,61,64,72,60,59,82,59,,,,,61,62,,,,69,,,,,62,,,,,,,,,,,62,,,,,,,,,,,,64,,,,,,,,,,,,,,,,,68,,MODELED
LAR_RB_03,RB,72,85,79,68,84,63,76,62,80,68,,,,,73,65,,,,60,,,,,79,,,,,,,,,,,78,,,,,,,,,,,,75,,,,,,,,,,,,,,,,,82,,MODELED
LAR_RB_04,RB,68,69,81,63,74,74,67,61,64,60,,,,,61,67,,,,62,,,,,67,,,,,,,,,,,72,,,,,,,,,,,,65,,,,,,,,,,,,,,,,,77,,MODELED
LAR_RB_05,RB,71,57,57,62,70,73,61,62,78,58,,,,,68,60,,,,59,,,,,51,,,,,,,,,,,50,,,,,,,,,,,,66,,,,,,,,,,,,,,,,,66,,MODELED
LAR_FB_01,FB,62,77,59,88,82,66,76,81,72,62,,,,,,67,,,,71,,,,,,,,,,,73,,,,,75,,,,,,,,,,,,77,,,72,,,,,,,,,,,,,,,,MODELED
LAR_WR_01,WR,84,92,83,67,86,91,74,79,55,69,,,,,,,84,79,,,,,,,,,,,,,,,,,,,,,,,,,,,,,,,75,80,68,,,,,85,,,,77,,,,,,,MODELED
LAR_WR_02,WR,94,99,87,78,99,65,86,76,72,74,,,,,,,83,86,,,,,,,,,,,,,,,,,,,,,,,,,,,,,,,90,97,99,,,,,92,,,,90,,,,,,,MODELED
LAR_WR_03,WR,73,79,84,71,83,63,81,67,68,68,,,,,,,66,67,,,,,,,,,,,,,,,,,,,,,,,,,,,,,,,81,63,79,,,,,70,,,,68,,,,,,,MODELED
LAR_WR_04,WR,79,77,79,67,79,74,65,65,69,49,,,,,,,53,63,,,,,,,,,,,,,,,,,,,,,,,,,,,,,,,65,55,59,,,,,59,,,,59,,,,,,,MODELED
LAR_WR_05,WR,71,73,71,53,81,62,61,71,56,62,,,,,,,61,66,,,,,,,,,,,,,,,,,,,,,,,,,,,,,,,67,74,65,,,,,58,,,,66,,,,,,,MODELED
LAR_WR_06,WR,72,81,67,61,72,67,71,75,86,75,,,,,,,76,60,,,,,,,,,,,,,,,,,,,,,,,,,,,,,,,72,63,60,,,,,61,,,,81,,,,,,,MODELED
LAR_WR_07,WR,71,74,62,62,72,79,59,57,91,69,,,,,,,64,59,,,,,,,,,,,,,,,,,,,,,,,,,,,,,,,61,52,69,,,,,73,,,,69,,,,,,,MODELED
LAR_WR_08,WR,88,86,78,65,90,85,79,70,57,77,,,,,,,74,65,,,,,,,,,,,,,,,,,,,,,,,,,,,,,,,79,70,72,,,,,87,,,,77,,,,,,,MODELED
LAR_WR_09,WR,71,58,60,50,84,99,58,54,60,49,,,,,,,52,57,,,,,,,,,,,,,,,,,,,,,,,,,,,,,,,55,38,51,,,,,51,,,,52,,,,,,,MODELED
LAR_WR_10,WR,68,64,50,46,79,97,58,63,53,65,,,,,,,46,55,,,,,,,,,,,,,,,,,,,,,,,,,,,,,,,63,63,57,,,,,49,,,,60,,,,,,,MODELED
LAR_WR_11,WR,54,60,54,55,70,74,51,54,91,63,,,,,,,57,52,,,,,,,,,,,,,,,,,,,,,,,,,,,,,,,55,71,56,,,,,51,,,,48,,,,,,,MODELED
LAR_TE_01,TE,75,68,69,76,83,76,78,78,77,70,,,,,,,78,62,,,,,,,,,,,,,,,,,81,,,,,,,,,,,,,,66,75,73,,,,,81,,,,72,,,,,,,MODELED
LAR_TE_02,TE,60,78,66,70,78,88,61,71,85,69,,,,,,,72,86,,,,,,,,,,,,,,,,,71,,,,,,,,,,,,,,73,70,82,,,,,79,,,,75,,,,,,,MODELED
LAR_TE_03,TE,65,63,64,67,70,58,79,69,64,55,,,,,,,78,66,,,,,,,,,,,,,,,,,77,,,,,,,,,,,,,,72,71,70,,,,,73,,,,67,,,,,,,MODELED
LAR_TE_04,TE,60,66,58,60,67,64,72,54,83,56,,,,,,,69,52,,,,,,,,,,,,,,,,,54,,,,,,,,,,,,,,70,57,60,,,,,69,,,,59,,,,,,,MODELED
LAR_TE_05,TE,60,57,63,67,74,76,59,58,77,51,,,,,,,52,53,,,,,,,,,,,,,,,,,59,,,,,,,,,,,,,,61,64,59,,,,,61,,,,43,,,,,,,MODELED
LAR_TE_06,TE,65,61,51,87,82,66,73,61,69,68,,,,,,,56,57,,,,,,,,,,,,,,,,,66,,,,,,,,,,,,,,60,53,56,,,,,61,,,,69,,,,,,,MODELED
LAR_OT_01,OT,69,67,84,95,93,93,74,79,56,77,85,,,,,,,,,,,,,,,,,,,,,,,,85,,,,,,83,,,,,,,,,,79,,,,84,,,,,,,84,,,,,MODELED
LAR_OT_02,OT,69,83,73,93,76,70,84,83,71,61,75,,,,,,,,,,,,,,,,,,,,,,,,75,,,,,,87,,,,,,,,,,80,,,,79,,,,,,,84,,,,,MODELED
LAR_OT_03,OT,42,61,57,81,66,63,74,73,62,53,63,,,,,,,,,,,,,,,,,,,,,,,,56,,,,,,61,,,,,,,,,,67,,,,54,,,,,,,63,,,,,MODELED
LAR_OT_04,OT,36,48,50,80,87,75,58,55,76,56,59,,,,,,,,,,,,,,,,,,,,,,,,56,,,,,,56,,,,,,,,,,63,,,,58,,,,,,,58,,,,,MODELED
LAR_OT_05,OT,25,40,47,75,74,99,50,48,75,77,61,,,,,,,,,,,,,,,,,,,,,,,,55,,,,,,47,,,,,,,,,,61,,,,54,,,,,,,61,,,,,MODELED
LAR_OT_06,OT,20,39,38,69,77,65,61,61,68,69,55,,,,,,,,,,,,,,,,,,,,,,,,57,,,,,,59,,,,,,,,,,44,,,,54,,,,,,,45,,,,,MODELED
LAR_OG_01,OG,69,74,81,99,86,53,89,99,82,88,92,,,,,,,,,,,,,,,,,,,,,,,,92,,,,,,90,,,,,,,,,,82,,,,94,,,,,,,87,,,,,MODELED
LAR_OG_02,OG,75,78,70,97,84,94,72,87,80,66,70,,,,,,,,,,,,,,,,,,,,,,,,80,,,,,,92,,,,,,,,,,79,,,,90,,,,,,,85,,,,,MODELED
LAR_OG_03,OG,61,57,61,93,86,71,73,82,46,75,68,,,,,,,,,,,,,,,,,,,,,,,,69,,,,,,83,,,,,,,,,,70,,,,81,,,,,,,86,,,,,MODELED
LAR_OG_04,OG,41,45,43,74,68,50,64,70,66,61,53,,,,,,,,,,,,,,,,,,,,,,,,67,,,,,,59,,,,,,,,,,66,,,,57,,,,,,,74,,,,,MODELED
LAR_OG_05,OG,41,51,45,71,69,99,67,55,71,71,58,,,,,,,,,,,,,,,,,,,,,,,,62,,,,,,57,,,,,,,,,,69,,,,67,,,,,,,65,,,,,MODELED
LAR_OG_06,OG,54,48,46,62,82,74,58,60,57,56,72,,,,,,,,,,,,,,,,,,,,,,,,59,,,,,,57,,,,,,,,,,63,,,,66,,,,,,,55,,,,,MODELED
LAR_C_01,C,83,81,76,86,90,99,90,86,87,78,97,,,,,,,,,,,,,,,,,,,,,94,,,94,,,,,,91,,,,,,,,,,99,,,,,,,93,,,,93,,,,,MODELED
LAR_C_02,C,56,57,66,86,90,92,82,71,59,64,72,,,,,,,,,,,,,,,,,,,,,68,,,67,,,,,,58,,,,,,,,,,76,,,,,,,75,,,,76,,,,,MODELED
LAR_C_03,C,31,57,46,66,82,65,55,56,75,66,46,,,,,,,,,,,,,,,,,,,,,45,,,61,,,,,,52,,,,,,,,,,50,,,,,,,59,,,,62,,,,,MODELED
LAR_EDGE_01,EDGE,90,92,90,99,83,87,82,78,50,77,,,,96,,,,,,,90,,,,,96,,,,,,,,,,,69,,,,,95,,,,,94,,,,,90,,,,,,,,,,,,,,,MODELED
LAR_EDGE_02,EDGE,76,86,89,94,73,76,74,70,84,61,,,,98,,,,,,,83,,,,,78,,,,,,,,,,,75,,,,,86,,,,,78,,,,,93,,,,,,,,,,,,,,,MODELED
LAR_EDGE_03,EDGE,61,73,65,64,79,99,54,56,70,53,,,,51,,,,,,,70,,,,,55,,,,,,,,,,,63,,,,,73,,,,,60,,,,,71,,,,,,,,,,,,,,,MODELED
LAR_EDGE_04,EDGE,66,63,78,76,96,69,72,66,56,85,,,,68,,,,,,,70,,,,,74,,,,,,,,,,,71,,,,,80,,,,,69,,,,,63,,,,,,,,,,,,,,,MODELED
LAR_EDGE_05,EDGE,78,76,81,80,78,85,68,67,96,77,,,,73,,,,,,,81,,,,,78,,,,,,,,,,,81,,,,,76,,,,,76,,,,,71,,,,,,,,,,,,,,,MODELED
LAR_EDGE_06,EDGE,71,57,66,71,67,78,72,69,53,62,,,,70,,,,,,,54,,,,,55,,,,,,,,,,,59,,,,,64,,,,,55,,,,,61,,,,,,,,,,,,,,,MODELED
LAR_EDGE_07,EDGE,66,61,56,75,77,76,55,65,58,69,,,,54,,,,,,,59,,,,,57,,,,,,,,,,,69,,,,,54,,,,,65,,,,,63,,,,,,,,,,,,,,,MODELED
LAR_EDGE_08,EDGE,65,73,76,68,85,93,62,46,76,60,,,,65,,,,,,,56,,,,,66,,,,,,,,,,,67,,,,,60,,,,,54,,,,,65,,,,,,,,,,,,,,,MODELED
LAR_EDGE_09,EDGE,71,63,61,76,91,80,56,45,76,61,,,,76,,,,,,,69,,,,,66,,,,,,,,,,,63,,,,,61,,,,,63,,,,,50,,,,,,,,,,,,,,,MODELED
LAR_DT_01,DT,79,97,83,99,86,80,96,99,67,76,,,,84,,,,,,,,,,,,85,,,,,,,,,,,89,,,,,83,,,,,89,,,,,86,,,,,,,,,,,,,,,MODELED
LAR_DT_02,DT,72,71,81,99,85,55,94,78,63,84,,,,84,,,,,,,,,,,,88,,,,,,,,,,,75,,,,,94,,,,,85,,,,,99,,,,,,,,,,,,,,,MODELED
LAR_DT_03,DT,60,61,58,84,77,72,63,71,86,67,,,,82,,,,,,,,,,,,77,,,,,,,,,,,71,,,,,64,,,,,57,,,,,56,,,,,,,,,,,,,,,MODELED
LAR_DT_04,DT,56,59,59,91,85,78,68,71,62,74,,,,68,,,,,,,,,,,,78,,,,,,,,,,,68,,,,,71,,,,,74,,,,,67,,,,,,,,,,,,,,,MODELED
LAR_DT_05,DT,77,69,63,88,90,79,85,84,55,72,,,,81,,,,,,,,,,,,83,,,,,,,,,,,82,,,,,71,,,,,87,,,,,72,,,,,,,,,,,,,,,MODELED
LAR_DT_06,DT,59,68,78,88,84,47,75,76,71,67,,,,71,,,,,,,,,,,,81,,,,,,,,,,,72,,,,,81,,,,,68,,,,,70,,,,,,,,,,,,,,,MODELED
LAR_DT_07,DT,51,62,66,77,74,59,69,58,67,66,,,,59,,,,,,,,,,,,59,,,,,,,,,,,57,,,,,70,,,,,67,,,,,72,,,,,,,,,,,,,,,MODELED
LAR_DT_08,DT,44,46,51,79,87,69,56,44,65,44,,,,52,,,,,,,,,,,,51,,,,,,,,,,,56,,,,,53,,,,,55,,,,,45,,,,,,,,,,,,,,,MODELED
LAR_LB_01,LB,84,92,91,98,84,45,99,91,78,76,,,82,88,,,,,,,,,,,,,,,,,,,87,,,,,,85,,,,,,,,86,,,,,,,,,,,,,,92,,,,,81,MODELED
LAR_LB_02,LB,88,78,87,82,77,50,86,80,68,69,,,73,77,,,,,,,,,,,,,,,,,,,81,,,,,,83,,,,,,,,80,,,,,,,,,,,,,,81,,,,,97,MODELED
LAR_LB_03,LB,72,85,76,78,97,74,82,69,69,60,,,70,61,,,,,,,,,,,,,,,,,,,80,,,,,,71,,,,,,,,79,,,,,,,,,,,,,,82,,,,,77,MODELED
LAR_LB_04,LB,85,79,78,66,70,71,77,77,47,68,,,68,73,,,,,,,,,,,,,,,,,,,86,,,,,,71,,,,,,,,79,,,,,,,,,,,,,,81,,,,,81,MODELED
LAR_LB_05,LB,65,70,66,82,83,91,63,65,87,78,,,70,72,,,,,,,,,,,,,,,,,,,69,,,,,,78,,,,,,,,64,,,,,,,,,,,,,,89,,,,,72,MODELED
LAR_LB_06,LB,68,79,68,59,84,96,50,77,81,58,,,65,61,,,,,,,,,,,,,,,,,,,54,,,,,,53,,,,,,,,61,,,,,,,,,,,,,,67,,,,,70,MODELED
LAR_LB_07,LB,70,56,69,73,72,77,55,55,72,55,,,67,58,,,,,,,,,,,,,,,,,,,57,,,,,,72,,,,,,,,59,,,,,,,,,,,,,,62,,,,,74,MODELED
LAR_LB_08,LB,60,48,45,52,65,65,48,53,77,60,,,42,41,,,,,,,,,,,,,,,,,,,48,,,,,,35,,,,,,,,38,,,,,,,,,,,,,,57,,,,,54,MODELED
LAR_CB_01,CB,99,98,98,85,92,72,78,84,68,92,,77,,,,,,,,,,,,,,,,,,,,,96,,,,,,71,,,,79,,,,,,,,,,,,,,,,,,89,,,,,81,MODELED
LAR_CB_02,CB,99,99,99,80,93,94,95,82,80,79,,91,,,,,,,,,,,,,,,,,,,,,91,,,,,,82,,,,93,,,,,,,,,,,,,,,,,,91,,,,,89,MODELED
LAR_CB_03,CB,99,81,75,80,79,78,87,81,77,72,,79,,,,,,,,,,,,,,,,,,,,,77,,,,,,73,,,,79,,,,,,,,,,,,,,,,,,83,,,,,75,MODELED
LAR_CB_04,CB,70,74,78,56,81,68,57,51,74,67,,66,,,,,,,,,,,,,,,,,,,,,69,,,,,,69,,,,71,,,,,,,,,,,,,,,,,,56,,,,,58,MODELED
LAR_CB_05,CB,79,76,85,51,77,77,65,66,73,61,,60,,,,,,,,,,,,,,,,,,,,,60,,,,,,67,,,,65,,,,,,,,,,,,,,,,,,71,,,,,66,MODELED
LAR_CB_06,CB,76,77,87,59,82,62,77,65,68,58,,76,,,,,,,,,,,,,,,,,,,,,48,,,,,,74,,,,63,,,,,,,,,,,,,,,,,,80,,,,,72,MODELED
LAR_CB_07,CB,66,64,68,50,94,89,58,65,60,65,,46,,,,,,,,,,,,,,,,,,,,,61,,,,,,63,,,,57,,,,,,,,,,,,,,,,,,57,,,,,67,MODELED
LAR_CB_08,CB,77,77,67,61,91,66,75,71,75,58,,73,,,,,,,,,,,,,,,,,,,,,65,,,,,,59,,,,60,,,,,,,,,,,,,,,,,,73,,,,,71,MODELED
LAR_CB_09,CB,69,62,66,55,64,59,54,58,71,56,,64,,,,,,,,,,,,,,,,,,,,,65,,,,,,66,,,,67,,,,,,,,,,,,,,,,,,59,,,,,47,MODELED
LAR_CB_10,CB,73,70,64,46,80,68,54,51,80,64,,58,,,,,,,,,,,,,,,,,,,,,61,,,,,,55,,,,44,,,,,,,,,,,,,,,,,,54,,,,,54,MODELED
LAR_CB_11,CB,84,78,82,54,96,55,65,56,75,78,,77,,,,,,,,,,,,,,,,,,,,,68,,,,,,72,,,,55,,,,,,,,,,,,,,,,,,74,,,,,60,MODELED
LAR_S_01,S,81,77,78,58,74,86,82,76,77,76,,74,,,,,,,,,,,,,,,,,,,,,80,,,,,,71,,,,66,,,,,,,,,,74,,,,,,,,73,,,,,59,MODELED
LAR_S_02,S,84,89,89,62,99,83,74,82,62,59,,74,,,,,,,,,,,,,,,,,,,,,78,,,,,,76,,,,78,,,,,,,,,,70,,,,,,,,90,,,,,78,MODELED
LAR_S_03,S,71,83,82,59,86,69,66,67,96,65,,61,,,,,,,,,,,,,,,,,,,,,63,,,,,,77,,,,67,,,,,,,,,,70,,,,,,,,66,,,,,61,MODELED
LAR_S_04,S,81,83,86,68,89,80,75,72,71,74,,79,,,,,,,,,,,,,,,,,,,,,71,,,,,,70,,,,81,,,,,,,,,,86,,,,,,,,65,,,,,73,MODELED
LAR_S_05,S,84,73,68,62,77,50,70,66,44,63,,69,,,,,,,,,,,,,,,,,,,,,70,,,,,,71,,,,70,,,,,,,,,,67,,,,,,,,69,,,,,78,MODELED
LAR_S_06,S,58,49,67,53,70,55,63,51,69,60,,49,,,,,,,,,,,,,,,,,,,,,53,,,,,,50,,,,55,,,,,,,,,,52,,,,,,,,62,,,,,70,MODELED
LAR_S_07,S,54,60,67,65,74,63,58,61,78,56,,51,,,,,,,,,,,,,,,,,,,,,55,,,,,,65,,,,64,,,,,,,,,,60,,,,,,,,70,,,,,64,MODELED
LAR_K_01,K,63,59,63,66,80,56,86,78,78,69,,,,,,,,,89,,,,,,,,,83,91,89,,,,,,,,,,,,,,,,,,,,,,,,,,,,,,,,,,,,,MODELED
LAR_K_02,K,35,40,49,37,78,70,56,73,40,65,,,,,,,,,57,,,,,,,,,73,63,67,,,,,,,,,,,,,,,,,,,,,,,,,,,,,,,,,,,,,MODELED
LAR_P_01,P,55,64,57,62,79,83,82,74,68,76,,,,,,,,,,,,,,71,,,66,,,,,,,,,,,,,,,,,,74,71,,,,,,,,,,,,,,,,,,,,,MODELED
LAR_P_02,P,40,49,37,50,84,73,55,55,51,65,,,,,,,,,,,,,,56,,,57,,,,,,,,,,,,,,,,,,55,57,,,,,,,,,,,,,,,,,,,,,MODELED
LAR_LS_01,LS,56,66,58,73,75,72,88,77,67,73,,,,,,,,,,,76,,,,,,,,,,,,,,,,,,,,,,,,,,,,,,,,,,,,,69,71,,,,,,,,MODELED
SF_QB_01,QB,81,72,77,81,93,83,80,86,73,65,,,,,,,,,,,,83,95,,,,,,,,,,,87,,,,87,,70,,,,92,,,,,,,,,,87,,,74,,,,,,81,98,,,MODELED
SF_QB_02,QB,73,81,73,75,73,90,76,68,66,82,,,,,,,,,,,,78,90,,,,,,,,,,,81,,,,72,,82,,,,77,,,,,,,,,,89,,,66,,,,,,70,76,,,MODELED
SF_QB_03,QB,61,61,59,64,88,66,59,63,66,67,,,,,,,,,,,,77,66,,,,,,,,,,,66,,,,55,,64,,,,76,,,,,,,,,,71,,,75,,,,,,66,70,,,MODELED
SF_QB_04,QB,49,55,65,65,85,81,52,67,54,53,,,,,,,,,,,,58,65,,,,,,,,,,,61,,,,68,,63,,,,65,,,,,,,,,,58,,,65,,,,,,58,62,,,MODELED
SF_RB_01,RB,99,97,96,90,76,75,97,99,55,80,,,,,93,87,,,,96,,,,,95,,,,,,,,,,,89,,,,,,,,,,,,96,,,,,,,,,,,,,,,,,92,,MODELED
SF_RB_02,RB,68,78,65,65,95,62,67,63,99,75,,,,,67,66,,,,66,,,,,71,,,,,,,,,,,73,,,,,,,,,,,,61,,,,,,,,,,,,,,,,,75,,MODELED
SF_RB_03,RB,80,76,71,69,79,77,79,68,59,69,,,,,76,80,,,,74,,,,,71,,,,,,,,,,,67,,,,,,,,,,,,71,,,,,,,,,,,,,,,,,76,,MODELED
SF_RB_04,RB,86,72,83,68,77,75,66,69,64,65,,,,,73,84,,,,78,,,,,74,,,,,,,,,,,80,,,,,,,,,,,,74,,,,,,,,,,,,,,,,,61,,MODELED
SF_RB_05,RB,73,74,74,54,86,74,64,68,80,69,,,,,68,58,,,,51,,,,,70,,,,,,,,,,,74,,,,,,,,,,,,67,,,,,,,,,,,,,,,,,63,,MODELED
SF_FB_01,FB,67,64,58,80,95,62,86,88,68,72,,,,,,72,,,,66,,,,,,,,,,,72,,,,,88,,,,,,,,,,,,71,,,82,,,,,,,,,,,,,,,,MODELED
SF_WR_01,WR,91,90,82,85,87,83,89,99,73,79,,,,,,,78,81,,,,,,,,,,,,,,,,,,,,,,,,,,,,,,,89,91,85,,,,,65,,,,81,,,,,,,MODELED
SF_WR_02,WR,86,90,82,79,84,89,81,78,89,57,,,,,,,77,82,,,,,,,,,,,,,,,,,,,,,,,,,,,,,,,79,82,79,,,,,73,,,,75,,,,,,,MODELED
SF_WR_03,WR,99,87,99,75,89,90,79,87,74,64,,,,,,,77,91,,,,,,,,,,,,,,,,,,,,,,,,,,,,,,,85,94,84,,,,,87,,,,87,,,,,,,MODELED
SF_WR_04,WR,86,77,81,53,78,76,69,72,93,71,,,,,,,70,64,,,,,,,,,,,,,,,,,,,,,,,,,,,,,,,67,72,70,,,,,68,,,,80,,,,,,,MODELED
SF_WR_05,WR,77,81,70,67,70,95,58,76,58,66,,,,,,,69,71,,,,,,,,,,,,,,,,,,,,,,,,,,,,,,,68,54,51,,,,,61,,,,62,,,,,,,MODELED
SF_WR_06,WR,86,88,86,59,84,78,71,77,82,69,,,,,,,81,78,,,,,,,,,,,,,,,,,,,,,,,,,,,,,,,82,65,75,,,,,68,,,,82,,,,,,,MODELED
SF_WR_07,WR,67,62,70,57,78,93,74,66,62,59,,,,,,,64,53,,,,,,,,,,,,,,,,,,,,,,,,,,,,,,,56,73,55,,,,,53,,,,75,,,,,,,MODELED
SF_WR_08,WR,81,69,73,57,74,44,65,56,98,61,,,,,,,63,73,,,,,,,,,,,,,,,,,,,,,,,,,,,,,,,61,55,49,,,,,62,,,,68,,,,,,,MODELED
SF_WR_09,WR,59,74,48,46,69,86,52,49,86,58,,,,,,,59,59,,,,,,,,,,,,,,,,,,,,,,,,,,,,,,,48,45,51,,,,,70,,,,65,,,,,,,MODELED
SF_WR_10,WR,59,62,65,53,72,92,53,55,70,66,,,,,,,49,49,,,,,,,,,,,,,,,,,,,,,,,,,,,,,,,61,56,62,,,,,63,,,,64,,,,,,,MODELED
SF_WR_11,WR,51,67,58,37,65,67,43,44,82,56,,,,,,,47,49,,,,,,,,,,,,,,,,,,,,,,,,,,,,,,,52,52,54,,,,,54,,,,55,,,,,,,MODELED
SF_TE_01,TE,77,83,81,92,90,99,76,81,69,78,,,,,,,88,85,,,,,,,,,,,,,,,,,86,,,,,,,,,,,,,,73,82,76,,,,,74,,,,78,,,,,,,MODELED
SF_TE_02,TE,69,69,72,78,84,73,71,67,89,80,,,,,,,70,60,,,,,,,,,,,,,,,,,75,,,,,,,,,,,,,,71,77,73,,,,,83,,,,53,,,,,,,MODELED
SF_TE_03,TE,77,78,68,72,86,62,73,76,85,60,,,,,,,76,63,,,,,,,,,,,,,,,,,78,,,,,,,,,,,,,,82,75,74,,,,,69,,,,64,,,,,,,MODELED
SF_TE_04,TE,65,68,71,75,81,66,73,65,67,65,,,,,,,63,72,,,,,,,,,,,,,,,,,64,,,,,,,,,,,,,,60,71,72,,,,,69,,,,70,,,,,,,MODELED
SF_TE_05,TE,48,51,57,57,64,73,50,46,50,65,,,,,,,64,59,,,,,,,,,,,,,,,,,64,,,,,,,,,,,,,,43,63,47,,,,,58,,,,44,,,,,,,MODELED
SF_TE_06,TE,52,64,66,75,67,99,63,66,69,57,,,,,,,57,55,,,,,,,,,,,,,,,,,55,,,,,,,,,,,,,,62,61,59,,,,,46,,,,57,,,,,,,MODELED
SF_OT_01,OT,73,82,73,94,92,79,92,88,60,96,84,,,,,,,,,,,,,,,,,,,,,,,,99,,,,,,92,,,,,,,,,,90,,,,95,,,,,,,84,,,,,MODELED
SF_OT_02,OT,64,76,80,99,90,71,80,80,83,83,93,,,,,,,,,,,,,,,,,,,,,,,,80,,,,,,77,,,,,,,,,,99,,,,87,,,,,,,95,,,,,MODELED
SF_OT_03,OT,44,59,67,85,79,99,69,64,94,61,64,,,,,,,,,,,,,,,,,,,,,,,,73,,,,,,74,,,,,,,,,,76,,,,68,,,,,,,65,,,,,MODELED
SF_OT_04,OT,42,44,61,67,73,72,53,67,68,65,75,,,,,,,,,,,,,,,,,,,,,,,,67,,,,,,66,,,,,,,,,,70,,,,57,,,,,,,68,,,,,MODELED
SF_OT_05,OT,54,54,57,89,76,65,78,86,66,60,83,,,,,,,,,,,,,,,,,,,,,,,,68,,,,,,65,,,,,,,,,,73,,,,60,,,,,,,67,,,,,MODELED
SF_OT_06,OT,48,50,55,74,83,64,61,63,69,58,55,,,,,,,,,,,,,,,,,,,,,,,,64,,,,,,75,,,,,,,,,,61,,,,68,,,,,,,59,,,,,MODELED
SF_OG_01,OG,74,82,76,97,82,65,89,97,65,85,91,,,,,,,,,,,,,,,,,,,,,,,,99,,,,,,88,,,,,,,,,,99,,,,91,,,,,,,88,,,,,MODELED
SF_OG_02,OG,77,78,71,99,85,70,93,90,65,86,92,,,,,,,,,,,,,,,,,,,,,,,,93,,,,,,98,,,,,,,,,,90,,,,91,,,,,,,74,,,,,MODELED
SF_OG_03,OG,56,52,60,89,74,91,81,73,73,71,73,,,,,,,,,,,,,,,,,,,,,,,,58,,,,,,82,,,,,,,,,,66,,,,67,,,,,,,78,,,,,MODELED
SF_OG_04,OG,58,60,61,86,76,72,75,71,66,59,74,,,,,,,,,,,,,,,,,,,,,,,,63,,,,,,72,,,,,,,,,,86,,,,81,,,,,,,68,,,,,MODELED
SF_OG_05,OG,47,54,46,77,92,55,68,65,87,74,67,,,,,,,,,,,,,,,,,,,,,,,,60,,,,,,84,,,,,,,,,,72,,,,75,,,,,,,74,,,,,MODELED
SF_OG_06,OG,38,37,46,73,69,95,58,59,76,56,52,,,,,,,,,,,,,,,,,,,,,,,,60,,,,,,62,,,,,,,,,,61,,,,58,,,,,,,62,,,,,MODELED
SF_C_01,C,65,74,72,95,90,58,82,86,54,79,88,,,,,,,,,,,,,,,,,,,,,99,,,84,,,,,,87,,,,,,,,,,93,,,,,,,95,,,,80,,,,,MODELED
SF_C_02,C,54,55,54,90,86,63,72,80,66,83,72,,,,,,,,,,,,,,,,,,,,,73,,,73,,,,,,78,,,,,,,,,,65,,,,,,,62,,,,64,,,,,MODELED
SF_C_03,C,52,45,65,62,74,43,68,64,59,51,62,,,,,,,,,,,,,,,,,,,,,71,,,65,,,,,,62,,,,,,,,,,56,,,,,,,66,,,,57,,,,,MODELED
SF_EDGE_01,EDGE,85,90,77,94,77,87,88,87,62,76,,,,94,,,,,,,99,,,,,81,,,,,,,,,,,92,,,,,91,,,,,92,,,,,83,,,,,,,,,,,,,,,MODELED
SF_EDGE_02,EDGE,88,86,78,99,85,67,87,78,80,66,,,,97,,,,,,,73,,,,,85,,,,,,,,,,,85,,,,,73,,,,,93,,,,,83,,,,,,,,,,,,,,,MODELED
SF_EDGE_03,EDGE,73,72,77,76,84,89,68,73,79,63,,,,64,,,,,,,66,,,,,72,,,,,,,,,,,74,,,,,73,,,,,67,,,,,80,,,,,,,,,,,,,,,MODELED
SF_EDGE_04,EDGE,67,87,79,80,84,69,84,74,82,74,,,,68,,,,,,,67,,,,,67,,,,,,,,,,,70,,,,,75,,,,,67,,,,,68,,,,,,,,,,,,,,,MODELED
SF_EDGE_05,EDGE,85,78,73,79,81,70,89,77,49,67,,,,78,,,,,,,83,,,,,78,,,,,,,,,,,75,,,,,77,,,,,84,,,,,85,,,,,,,,,,,,,,,MODELED
SF_EDGE_06,EDGE,52,61,76,65,58,99,60,59,99,53,,,,66,,,,,,,49,,,,,56,,,,,,,,,,,60,,,,,62,,,,,61,,,,,70,,,,,,,,,,,,,,,MODELED
SF_EDGE_07,EDGE,79,68,74,81,76,71,67,54,72,53,,,,62,,,,,,,65,,,,,63,,,,,,,,,,,78,,,,,62,,,,,77,,,,,73,,,,,,,,,,,,,,,MODELED
SF_EDGE_08,EDGE,63,68,60,63,78,74,56,54,82,69,,,,54,,,,,,,69,,,,,50,,,,,,,,,,,30,,,,,51,,,,,61,,,,,52,,,,,,,,,,,,,,,MODELED
SF_EDGE_09,EDGE,46,56,61,69,68,65,63,52,74,71,,,,50,,,,,,,46,,,,,66,,,,,,,,,,,60,,,,,53,,,,,55,,,,,58,,,,,,,,,,,,,,,MODELED
SF_DT_01,DT,64,66,73,99,81,74,90,86,57,82,,,,85,,,,,,,,,,,,91,,,,,,,,,,,82,,,,,69,,,,,71,,,,,79,,,,,,,,,,,,,,,MODELED
SF_DT_02,DT,74,73,71,99,83,85,94,92,56,77,,,,93,,,,,,,,,,,,83,,,,,,,,,,,83,,,,,79,,,,,80,,,,,81,,,,,,,,,,,,,,,MODELED
SF_DT_03,DT,63,66,67,93,66,80,80,70,78,73,,,,64,,,,,,,,,,,,80,,,,,,,,,,,82,,,,,70,,,,,99,,,,,78,,,,,,,,,,,,,,,MODELED
SF_DT_04,DT,54,58,66,77,80,71,85,78,79,73,,,,70,,,,,,,,,,,,69,,,,,,,,,,,82,,,,,67,,,,,77,,,,,62,,,,,,,,,,,,,,,MODELED
SF_DT_05,DT,72,78,69,86,86,76,84,61,55,64,,,,73,,,,,,,,,,,,79,,,,,,,,,,,77,,,,,79,,,,,89,,,,,78,,,,,,,,,,,,,,,MODELED
SF_DT_06,DT,55,42,50,78,69,57,59,69,50,66,,,,63,,,,,,,,,,,,48,,,,,,,,,,,73,,,,,53,,,,,63,,,,,56,,,,,,,,,,,,,,,MODELED
SF_DT_07,DT,29,44,36,69,74,65,43,45,73,45,,,,52,,,,,,,,,,,,51,,,,,,,,,,,59,,,,,49,,,,,60,,,,,59,,,,,,,,,,,,,,,MODELED
SF_DT_08,DT,43,53,50,72,78,99,59,56,97,56,,,,52,,,,,,,,,,,,61,,,,,,,,,,,64,,,,,52,,,,,55,,,,,55,,,,,,,,,,,,,,,MODELED
SF_LB_01,LB,86,81,81,85,91,77,78,76,66,79,,,84,91,,,,,,,,,,,,,,,,,,,76,,,,,,78,,,,,,,,77,,,,,,,,,,,,,,86,,,,,86,MODELED
SF_LB_02,LB,89,98,87,85,82,75,74,79,69,67,,,64,85,,,,,,,,,,,,,,,,,,,78,,,,,,89,,,,,,,,89,,,,,,,,,,,,,,84,,,,,78,MODELED
SF_LB_03,LB,71,86,79,74,74,95,86,69,46,58,,,82,68,,,,,,,,,,,,,,,,,,,71,,,,,,72,,,,,,,,66,,,,,,,,,,,,,,68,,,,,70,MODELED
SF_LB_04,LB,72,79,60,73,78,63,74,82,68,61,,,70,69,,,,,,,,,,,,,,,,,,,67,,,,,,78,,,,,,,,76,,,,,,,,,,,,,,66,,,,,60,MODELED
SF_LB_05,LB,67,73,65,70,79,71,62,67,68,75,,,75,74,,,,,,,,,,,,,,,,,,,61,,,,,,74,,,,,,,,73,,,,,,,,,,,,,,80,,,,,86,MODELED
SF_LB_06,LB,55,53,65,71,59,70,58,58,64,64,,,52,42,,,,,,,,,,,,,,,,,,,66,,,,,,54,,,,,,,,61,,,,,,,,,,,,,,49,,,,,42,MODELED
SF_LB_07,LB,63,53,60,59,81,89,56,52,70,52,,,64,75,,,,,,,,,,,,,,,,,,,67,,,,,,53,,,,,,,,51,,,,,,,,,,,,,,63,,,,,60,MODELED
SF_LB_08,LB,65,61,57,55,76,70,55,53,66,55,,,61,56,,,,,,,,,,,,,,,,,,,48,,,,,,53,,,,,,,,56,,,,,,,,,,,,,,49,,,,,44,MODELED
SF_CB_01,CB,99,90,91,71,78,52,85,85,81,72,,83,,,,,,,,,,,,,,,,,,,,,85,,,,,,98,,,,86,,,,,,,,,,,,,,,,,,92,,,,,93,MODELED
SF_CB_02,CB,95,90,87,66,74,72,83,79,78,60,,71,,,,,,,,,,,,,,,,,,,,,84,,,,,,70,,,,83,,,,,,,,,,,,,,,,,,88,,,,,65,MODELED
SF_CB_03,CB,99,99,93,90,79,76,86,89,94,80,,97,,,,,,,,,,,,,,,,,,,,,96,,,,,,99,,,,99,,,,,,,,,,,,,,,,,,96,,,,,93,MODELED
SF_CB_04,CB,88,87,81,61,85,67,68,60,76,79,,84,,,,,,,,,,,,,,,,,,,,,83,,,,,,47,,,,64,,,,,,,,,,,,,,,,,,68,,,,,74,MODELED
SF_CB_05,CB,76,86,79,55,76,70,81,70,67,66,,55,,,,,,,,,,,,,,,,,,,,,76,,,,,,69,,,,56,,,,,,,,,,,,,,,,,,68,,,,,71,MODELED
SF_CB_06,CB,81,79,87,56,75,65,65,67,83,59,,73,,,,,,,,,,,,,,,,,,,,,65,,,,,,82,,,,67,,,,,,,,,,,,,,,,,,66,,,,,68,MODELED
SF_CB_07,CB,72,72,63,56,77,74,62,69,62,61,,61,,,,,,,,,,,,,,,,,,,,,66,,,,,,56,,,,66,,,,,,,,,,,,,,,,,,60,,,,,52,MODELED
SF_CB_08,CB,68,75,77,54,75,46,60,67,39,71,,65,,,,,,,,,,,,,,,,,,,,,59,,,,,,58,,,,57,,,,,,,,,,,,,,,,,,69,,,,,63,MODELED
SF_CB_09,CB,57,67,66,52,73,82,57,47,75,59,,56,,,,,,,,,,,,,,,,,,,,,47,,,,,,49,,,,70,,,,,,,,,,,,,,,,,,71,,,,,53,MODELED
SF_CB_10,CB,62,61,61,40,72,82,53,47,73,61,,54,,,,,,,,,,,,,,,,,,,,,45,,,,,,44,,,,55,,,,,,,,,,,,,,,,,,61,,,,,57,MODELED
SF_CB_11,CB,64,51,54,41,84,80,55,45,62,59,,46,,,,,,,,,,,,,,,,,,,,,52,,,,,,41,,,,41,,,,,,,,,,,,,,,,,,51,,,,,43,MODELED
SF_S_01,S,99,99,98,95,95,99,94,99,78,78,,99,,,,,,,,,,,,,,,,,,,,,85,,,,,,99,,,,87,,,,,,,,,,91,,,,,,,,89,,,,,86,MODELED
SF_S_02,S,98,97,90,89,79,88,84,88,93,71,,87,,,,,,,,,,,,,,,,,,,,,88,,,,,,91,,,,92,,,,,,,,,,99,,,,,,,,90,,,,,84,MODELED
SF_S_03,S,75,73,78,67,85,54,71,72,63,70,,66,,,,,,,,,,,,,,,,,,,,,74,,,,,,66,,,,63,,,,,,,,,,68,,,,,,,,61,,,,,79,MODELED
SF_S_04,S,70,77,89,78,86,25,90,55,47,83,,75,,,,,,,,,,,,,,,,,,,,,80,,,,,,71,,,,92,,,,,,,,,,74,,,,,,,,69,,,,,79,MODELED
SF_S_05,S,60,70,66,59,82,89,46,57,92,56,,72,,,,,,,,,,,,,,,,,,,,,68,,,,,,72,,,,67,,,,,,,,,,50,,,,,,,,65,,,,,56,MODELED
SF_S_06,S,68,73,66,57,76,70,67,56,48,69,,60,,,,,,,,,,,,,,,,,,,,,65,,,,,,66,,,,62,,,,,,,,,,63,,,,,,,,57,,,,,61,MODELED
SF_S_07,S,75,64,74,63,74,74,64,68,64,55,,55,,,,,,,,,,,,,,,,,,,,,78,,,,,,54,,,,65,,,,,,,,,,68,,,,,,,,56,,,,,59,MODELED
SF_K_01,K,61,65,62,69,84,48,88,83,67,71,,,,,,,,,78,,,,,,,,,89,82,86,,,,,,,,,,,,,,,,,,,,,,,,,,,,,,,,,,,,,MODELED
SF_K_02,K,54,63,37,72,77,66,77,71,51,75,,,,,,,,,85,,,,,,,,,71,81,83,,,,,,,,,,,,,,,,,,,,,,,,,,,,,,,,,,,,,MODELED
SF_P_01,P,50,73,47,60,78,81,76,79,71,64,,,,,,,,,,,,,,81,,,83,,,,,,,,,,,,,,,,,,80,71,,,,,,,,,,,,,,,,,,,,,MODELED
SF_P_02,P,45,38,41,46,74,72,64,63,70,68,,,,,,,,,,,,,,53,,,52,,,,,,,,,,,,,,,,,,70,72,,,,,,,,,,,,,,,,,,,,,MODELED
SF_LS_01,LS,59,72,59,73,90,61,74,71,90,61,,,,,,,,,,,67,,,,,,,,,,,,,,,,,,,,,,,,,,,,,,,,,,,,,80,81,,,,,,,,MODELED
SEA_QB_01,QB,83,88,88,83,87,44,92,84,66,68,,,,,,,,,,,,83,71,,,,,,,,,,,87,,,,78,,81,,,,74,,,,,,,,,,87,,,81,,,,,,77,99,,,MODELED
SEA_QB_02,QB,54,62,49,53,82,73,62,69,63,57,,,,,,,,,,,,67,58,,,,,,,,,,,67,,,,57,,49,,,,62,,,,,,,,,,63,,,58,,,,,,56,63,,,MODELED
SEA_QB_03,QB,48,59,74,64,78,68,66,63,76,70,,,,,,,,,,,,81,60,,,,,,,,,,,61,,,,73,,77,,,,50,,,,,,,,,,71,,,65,,,,,,65,72,,,MODELED
SEA_QB_04,QB,65,71,58,61,77,50,60,57,48,53,,,,,,,,,,,,64,68,,,,,,,,,,,71,,,,68,,61,,,,67,,,,,,,,,,67,,,60,,,,,,68,66,,,MODELED
SEA_RB_01,RB,87,97,91,75,81,69,88,86,57,88,,,,,82,77,,,,89,,,,,82,,,,,,,,,,,72,,,,,,,,,,,,87,,,,,,,,,,,,,,,,,84,,MODELED
SEA_RB_02,RB,73,65,77,69,89,64,71,71,50,73,,,,,69,72,,,,75,,,,,61,,,,,,,,,,,76,,,,,,,,,,,,67,,,,,,,,,,,,,,,,,66,,MODELED
SEA_RB_03,RB,73,77,83,57,75,72,61,60,51,54,,,,,69,65,,,,63,,,,,61,,,,,,,,,,,56,,,,,,,,,,,,61,,,,,,,,,,,,,,,,,72,,MODELED
SEA_RB_04,RB,76,65,60,61,76,79,65,69,73,55,,,,,71,61,,,,59,,,,,71,,,,,,,,,,,70,,,,,,,,,,,,69,,,,,,,,,,,,,,,,,58,,MODELED
SEA_RB_05,RB,69,74,68,63,72,77,53,56,72,50,,,,,56,73,,,,55,,,,,65,,,,,,,,,,,42,,,,,,,,,,,,57,,,,,,,,,,,,,,,,,64,,MODELED
SEA_FB_01,FB,61,70,63,88,72,88,75,70,85,61,,,,,,80,,,,80,,,,,,,,,,,76,,,,,76,,,,,,,,,,,,68,,,83,,,,,,,,,,,,,,,,MODELED
SEA_WR_01,WR,72,82,88,67,83,64,73,77,89,68,,,,,,,62,72,,,,,,,,,,,,,,,,,,,,,,,,,,,,,,,87,77,78,,,,,62,,,,83,,,,,,,MODELED
SEA_WR_02,WR,82,77,87,75,69,82,69,81,99,68,,,,,,,80,75,,,,,,,,,,,,,,,,,,,,,,,,,,,,,,,73,77,60,,,,,80,,,,76,,,,,,,MODELED
SEA_WR_03,WR,85,87,87,68,77,89,81,76,74,70,,,,,,,71,72,,,,,,,,,,,,,,,,,,,,,,,,,,,,,,,77,75,85,,,,,54,,,,84,,,,,,,MODELED
SEA_WR_04,WR,86,80,90,66,76,87,84,73,66,53,,,,,,,86,79,,,,,,,,,,,,,,,,,,,,,,,,,,,,,,,79,74,67,,,,,60,,,,73,,,,,,,MODELED
SEA_WR_05,WR,77,73,79,51,82,81,57,73,88,69,,,,,,,69,71,,,,,,,,,,,,,,,,,,,,,,,,,,,,,,,63,57,70,,,,,70,,,,69,,,,,,,MODELED
SEA_WR_06,WR,68,86,72,68,79,71,79,78,75,49,,,,,,,75,78,,,,,,,,,,,,,,,,,,,,,,,,,,,,,,,72,64,70,,,,,68,,,,62,,,,,,,MODELED
SEA_WR_07,WR,70,71,63,60,75,51,59,70,57,63,,,,,,,70,61,,,,,,,,,,,,,,,,,,,,,,,,,,,,,,,69,71,61,,,,,63,,,,51,,,,,,,MODELED
SEA_WR_08,WR,77,73,65,57,74,74,58,64,81,63,,,,,,,78,63,,,,,,,,,,,,,,,,,,,,,,,,,,,,,,,67,70,53,,,,,65,,,,71,,,,,,,MODELED
SEA_WR_09,WR,66,80,64,61,75,72,49,59,63,69,,,,,,,64,61,,,,,,,,,,,,,,,,,,,,,,,,,,,,,,,45,57,55,,,,,65,,,,70,,,,,,,MODELED
SEA_WR_10,WR,64,73,66,55,87,66,65,65,84,72,,,,,,,53,55,,,,,,,,,,,,,,,,,,,,,,,,,,,,,,,44,54,55,,,,,42,,,,62,,,,,,,MODELED
SEA_WR_11,WR,61,58,61,51,71,73,52,48,70,75,,,,,,,47,49,,,,,,,,,,,,,,,,,,,,,,,,,,,,,,,49,55,60,,,,,43,,,,44,,,,,,,MODELED
SEA_TE_01,TE,69,74,65,77,74,78,63,72,84,63,,,,,,,65,71,,,,,,,,,,,,,,,,,74,,,,,,,,,,,,,,76,71,66,,,,,73,,,,54,,,,,,,MODELED
SEA_TE_02,TE,71,81,78,78,80,71,70,71,84,74,,,,,,,74,69,,,,,,,,,,,,,,,,,73,,,,,,,,,,,,,,71,71,68,,,,,73,,,,74,,,,,,,MODELED
SEA_TE_03,TE,46,50,44,59,71,62,47,57,83,52,,,,,,,54,67,,,,,,,,,,,,,,,,,63,,,,,,,,,,,,,,62,50,49,,,,,48,,,,55,,,,,,,MODELED
SEA_TE_04,TE,64,48,41,55,73,64,49,37,64,48,,,,,,,57,60,,,,,,,,,,,,,,,,,52,,,,,,,,,,,,,,41,47,57,,,,,47,,,,45,,,,,,,MODELED
SEA_TE_05,TE,63,50,57,44,69,99,49,54,82,74,,,,,,,65,62,,,,,,,,,,,,,,,,,52,,,,,,,,,,,,,,47,52,57,,,,,47,,,,49,,,,,,,MODELED
SEA_TE_06,TE,67,53,67,75,78,66,55,60,70,49,,,,,,,61,58,,,,,,,,,,,,,,,,,60,,,,,,,,,,,,,,48,62,60,,,,,58,,,,71,,,,,,,MODELED
SEA_OT_01,OT,69,76,76,93,81,93,73,78,71,83,93,,,,,,,,,,,,,,,,,,,,,,,,84,,,,,,70,,,,,,,,,,92,,,,94,,,,,,,75,,,,,MODELED
SEA_OT_02,OT,78,66,66,99,92,61,86,88,64,65,91,,,,,,,,,,,,,,,,,,,,,,,,82,,,,,,80,,,,,,,,,,99,,,,90,,,,,,,97,,,,,MODELED
SEA_OT_03,OT,45,59,55,78,80,68,83,70,60,72,72,,,,,,,,,,,,,,,,,,,,,,,,65,,,,,,72,,,,,,,,,,73,,,,64,,,,,,,74,,,,,MODELED
SEA_OT_04,OT,66,76,67,88,84,80,65,75,51,79,70,,,,,,,,,,,,,,,,,,,,,,,,74,,,,,,70,,,,,,,,,,79,,,,96,,,,,,,86,,,,,MODELED
SEA_OT_05,OT,57,60,64,91,74,58,76,65,85,75,72,,,,,,,,,,,,,,,,,,,,,,,,70,,,,,,71,,,,,,,,,,64,,,,75,,,,,,,80,,,,,MODELED
SEA_OT_06,OT,40,55,60,71,74,92,53,53,59,70,60,,,,,,,,,,,,,,,,,,,,,,,,59,,,,,,66,,,,,,,,,,58,,,,56,,,,,,,64,,,,,MODELED
SEA_OG_01,OG,51,60,59,79,62,61,81,75,60,72,74,,,,,,,,,,,,,,,,,,,,,,,,82,,,,,,80,,,,,,,,,,71,,,,70,,,,,,,83,,,,,MODELED
SEA_OG_02,OG,48,48,55,94,80,77,68,67,93,70,72,,,,,,,,,,,,,,,,,,,,,,,,70,,,,,,72,,,,,,,,,,76,,,,72,,,,,,,75,,,,,MODELED
SEA_OG_03,OG,54,59,58,88,77,52,85,79,71,77,69,,,,,,,,,,,,,,,,,,,,,,,,79,,,,,,70,,,,,,,,,,73,,,,81,,,,,,,80,,,,,MODELED
SEA_OG_04,OG,55,45,53,80,68,68,58,68,81,63,77,,,,,,,,,,,,,,,,,,,,,,,,72,,,,,,54,,,,,,,,,,81,,,,60,,,,,,,70,,,,,MODELED
SEA_OG_05,OG,50,54,64,85,80,68,77,71,89,67,74,,,,,,,,,,,,,,,,,,,,,,,,69,,,,,,64,,,,,,,,,,68,,,,70,,,,,,,76,,,,,MODELED
SEA_OG_06,OG,41,47,48,74,78,83,59,43,45,66,59,,,,,,,,,,,,,,,,,,,,,,,,60,,,,,,52,,,,,,,,,,72,,,,63,,,,,,,73,,,,,MODELED
SEA_C_01,C,61,66,70,97,88,71,77,89,85,82,78,,,,,,,,,,,,,,,,,,,,,86,,,83,,,,,,84,,,,,,,,,,73,,,,,,,92,,,,77,,,,,MODELED
SEA_C_02,C,47,55,67,82,77,83,68,71,94,50,71,,,,,,,,,,,,,,,,,,,,,80,,,59,,,,,,68,,,,,,,,,,72,,,,,,,62,,,,72,,,,,MODELED
SEA_C_03,C,35,49,51,65,76,75,52,60,65,73,49,,,,,,,,,,,,,,,,,,,,,55,,,53,,,,,,54,,,,,,,,,,66,,,,,,,48,,,,50,,,,,MODELED
SEA_EDGE_01,EDGE,75,82,80,84,98,62,69,70,58,64,,,,85,,,,,,,63,,,,,77,,,,,,,,,,,67,,,,,66,,,,,68,,,,,76,,,,,,,,,,,,,,,MODELED
SEA_EDGE_02,EDGE,82,85,89,74,97,84,80,85,56,84,,,,77,,,,,,,76,,,,,80,,,,,,,,,,,66,,,,,82,,,,,94,,,,,86,,,,,,,,,,,,,,,MODELED
SEA_EDGE_03,EDGE,64,75,53,75,72,58,78,75,72,62,,,,56,,,,,,,72,,,,,69,,,,,,,,,,,78,,,,,72,,,,,58,,,,,63,,,,,,,,,,,,,,,MODELED
SEA_EDGE_04,EDGE,70,67,88,79,83,66,72,74,60,58,,,,72,,,,,,,85,,,,,90,,,,,,,,,,,67,,,,,73,,,,,70,,,,,72,,,,,,,,,,,,,,,MODELED
SEA_EDGE_05,EDGE,66,68,58,76,88,83,52,67,54,60,,,,62,,,,,,,57,,,,,59,,,,,,,,,,,67,,,,,53,,,,,65,,,,,71,,,,,,,,,,,,,,,MODELED
SEA_EDGE_06,EDGE,58,67,76,68,85,71,61,56,84,54,,,,56,,,,,,,76,,,,,63,,,,,,,,,,,60,,,,,70,,,,,53,,,,,52,,,,,,,,,,,,,,,MODELED
SEA_EDGE_07,EDGE,56,62,63,67,60,76,62,61,54,58,,,,51,,,,,,,53,,,,,54,,,,,,,,,,,64,,,,,62,,,,,50,,,,,42,,,,,,,,,,,,,,,MODELED
SEA_EDGE_08,EDGE,72,68,69,60,76,56,56,58,62,75,,,,61,,,,,,,70,,,,,60,,,,,,,,,,,57,,,,,68,,,,,66,,,,,63,,,,,,,,,,,,,,,MODELED
SEA_EDGE_09,EDGE,51,67,54,59,77,81,52,51,52,56,,,,57,,,,,,,55,,,,,44,,,,,,,,,,,62,,,,,57,,,,,52,,,,,51,,,,,,,,,,,,,,,MODELED
SEA_DT_01,DT,57,65,80,91,85,68,73,83,47,70,,,,73,,,,,,,,,,,,73,,,,,,,,,,,81,,,,,72,,,,,71,,,,,87,,,,,,,,,,,,,,,MODELED
SEA_DT_02,DT,58,68,78,89,83,72,79,92,63,63,,,,75,,,,,,,,,,,,89,,,,,,,,,,,96,,,,,76,,,,,81,,,,,78,,,,,,,,,,,,,,,MODELED
SEA_DT_03,DT,44,45,49,74,63,86,65,40,81,61,,,,55,,,,,,,,,,,,71,,,,,,,,,,,47,,,,,53,,,,,58,,,,,68,,,,,,,,,,,,,,,MODELED
SEA_DT_04,DT,55,75,65,78,78,81,70,64,44,77,,,,72,,,,,,,,,,,,73,,,,,,,,,,,67,,,,,81,,,,,62,,,,,73,,,,,,,,,,,,,,,MODELED
SEA_DT_05,DT,45,61,69,76,74,70,54,67,72,61,,,,65,,,,,,,,,,,,71,,,,,,,,,,,58,,,,,63,,,,,71,,,,,63,,,,,,,,,,,,,,,MODELED
SEA_DT_06,DT,36,49,53,74,81,63,51,61,67,67,,,,54,,,,,,,,,,,,64,,,,,,,,,,,55,,,,,58,,,,,61,,,,,52,,,,,,,,,,,,,,,MODELED
SEA_DT_07,DT,37,41,54,54,74,63,41,50,81,62,,,,44,,,,,,,,,,,,52,,,,,,,,,,,47,,,,,57,,,,,54,,,,,40,,,,,,,,,,,,,,,MODELED
SEA_DT_08,DT,42,44,46,69,66,40,56,59,71,60,,,,45,,,,,,,,,,,,50,,,,,,,,,,,65,,,,,64,,,,,57,,,,,53,,,,,,,,,,,,,,,MODELED
SEA_LB_01,LB,85,99,96,96,98,84,84,88,65,80,,,82,73,,,,,,,,,,,,,,,,,,,75,,,,,,85,,,,,,,,78,,,,,,,,,,,,,,79,,,,,90,MODELED
SEA_LB_02,LB,82,89,95,85,86,65,77,82,79,82,,,80,70,,,,,,,,,,,,,,,,,,,73,,,,,,83,,,,,,,,80,,,,,,,,,,,,,,87,,,,,69,MODELED
SEA_LB_03,LB,83,69,68,71,84,89,75,76,70,59,,,64,78,,,,,,,,,,,,,,,,,,,68,,,,,,68,,,,,,,,80,,,,,,,,,,,,,,67,,,,,62,MODELED
SEA_LB_04,LB,82,73,70,71,81,67,63,88,89,61,,,80,55,,,,,,,,,,,,,,,,,,,83,,,,,,74,,,,,,,,61,,,,,,,,,,,,,,77,,,,,62,MODELED
SEA_LB_05,LB,65,50,71,66,70,83,66,61,77,63,,,61,40,,,,,,,,,,,,,,,,,,,69,,,,,,54,,,,,,,,47,,,,,,,,,,,,,,50,,,,,50,MODELED
SEA_LB_06,LB,76,63,61,66,81,38,59,55,67,60,,,62,56,,,,,,,,,,,,,,,,,,,53,,,,,,67,,,,,,,,62,,,,,,,,,,,,,,62,,,,,63,MODELED
SEA_LB_07,LB,50,51,50,59,66,77,48,47,81,48,,,43,35,,,,,,,,,,,,,,,,,,,51,,,,,,45,,,,,,,,29,,,,,,,,,,,,,,37,,,,,41,MODELED
SEA_LB_08,LB,60,53,52,52,64,78,47,54,79,62,,,45,57,,,,,,,,,,,,,,,,,,,59,,,,,,56,,,,,,,,51,,,,,,,,,,,,,,57,,,,,46,MODELED
SEA_CB_01,CB,86,86,85,82,90,81,79,62,65,70,,71,,,,,,,,,,,,,,,,,,,,,73,,,,,,73,,,,74,,,,,,,,,,,,,,,,,,68,,,,,77,MODELED
SEA_CB_02,CB,87,89,86,70,83,73,83,78,96,65,,77,,,,,,,,,,,,,,,,,,,,,80,,,,,,72,,,,75,,,,,,,,,,,,,,,,,,83,,,,,88,MODELED
SEA_CB_03,CB,82,79,84,69,72,49,74,80,69,84,,71,,,,,,,,,,,,,,,,,,,,,78,,,,,,79,,,,67,,,,,,,,,,,,,,,,,,80,,,,,72,MODELED
SEA_CB_04,CB,78,76,85,57,82,79,73,64,93,69,,79,,,,,,,,,,,,,,,,,,,,,78,,,,,,63,,,,63,,,,,,,,,,,,,,,,,,63,,,,,80,MODELED
SEA_CB_05,CB,87,76,81,56,85,72,71,65,80,51,,68,,,,,,,,,,,,,,,,,,,,,69,,,,,,72,,,,75,,,,,,,,,,,,,,,,,,62,,,,,59,MODELED
SEA_CB_06,CB,63,74,69,56,88,47,67,57,97,75,,49,,,,,,,,,,,,,,,,,,,,,53,,,,,,67,,,,54,,,,,,,,,,,,,,,,,,59,,,,,68,MODELED
SEA_CB_07,CB,79,72,75,68,89,75,66,60,45,57,,59,,,,,,,,,,,,,,,,,,,,,63,,,,,,59,,,,50,,,,,,,,,,,,,,,,,,65,,,,,56,MODELED
SEA_CB_08,CB,67,60,69,46,86,63,59,53,60,57,,51,,,,,,,,,,,,,,,,,,,,,56,,,,,,45,,,,62,,,,,,,,,,,,,,,,,,57,,,,,60,MODELED
SEA_CB_09,CB,74,67,63,37,70,88,49,61,64,61,,50,,,,,,,,,,,,,,,,,,,,,55,,,,,,58,,,,58,,,,,,,,,,,,,,,,,,51,,,,,45,MODELED
SEA_CB_10,CB,73,75,65,48,67,71,51,60,73,66,,60,,,,,,,,,,,,,,,,,,,,,59,,,,,,59,,,,56,,,,,,,,,,,,,,,,,,51,,,,,54,MODELED
SEA_CB_11,CB,54,60,56,46,69,74,41,48,85,49,,45,,,,,,,,,,,,,,,,,,,,,55,,,,,,41,,,,49,,,,,,,,,,,,,,,,,,39,,,,,48,MODELED
SEA_S_01,S,78,73,72,68,73,74,79,81,39,73,,77,,,,,,,,,,,,,,,,,,,,,75,,,,,,74,,,,77,,,,,,,,,,79,,,,,,,,93,,,,,56,MODELED
SEA_S_02,S,72,87,81,82,77,66,80,77,78,63,,78,,,,,,,,,,,,,,,,,,,,,84,,,,,,82,,,,89,,,,,,,,,,92,,,,,,,,61,,,,,86,MODELED
SEA_S_03,S,68,54,78,57,81,76,62,55,68,73,,58,,,,,,,,,,,,,,,,,,,,,64,,,,,,53,,,,69,,,,,,,,,,67,,,,,,,,70,,,,,58,MODELED
SEA_S_04,S,72,78,71,55,74,65,67,47,59,65,,67,,,,,,,,,,,,,,,,,,,,,64,,,,,,65,,,,69,,,,,,,,,,62,,,,,,,,74,,,,,61,MODELED
SEA_S_05,S,73,76,71,67,75,69,67,61,55,63,,65,,,,,,,,,,,,,,,,,,,,,66,,,,,,70,,,,69,,,,,,,,,,65,,,,,,,,71,,,,,64,MODELED
SEA_S_06,S,58,63,54,46,71,65,55,62,46,54,,51,,,,,,,,,,,,,,,,,,,,,62,,,,,,75,,,,44,,,,,,,,,,53,,,,,,,,61,,,,,54,MODELED
SEA_S_07,S,63,44,49,47,78,76,67,54,99,52,,67,,,,,,,,,,,,,,,,,,,,,55,,,,,,55,,,,48,,,,,,,,,,57,,,,,,,,59,,,,,58,MODELED
SEA_K_01,K,61,47,59,48,79,85,84,71,53,55,,,,,,,,,83,,,,,,,,,71,77,68,,,,,,,,,,,,,,,,,,,,,,,,,,,,,,,,,,,,,MODELED
SEA_K_02,K,39,48,51,52,78,76,58,71,88,54,,,,,,,,,74,,,,,,,,,62,60,67,,,,,,,,,,,,,,,,,,,,,,,,,,,,,,,,,,,,,MODELED
SEA_P_01,P,59,54,46,64,86,67,71,70,70,73,,,,,,,,,,,,,,75,,,82,,,,,,,,,,,,,,,,,,62,75,,,,,,,,,,,,,,,,,,,,,MODELED
SEA_P_02,P,33,53,51,49,76,64,70,60,71,46,,,,,,,,,,,,,,64,,,59,,,,,,,,,,,,,,,,,,57,58,,,,,,,,,,,,,,,,,,,,,MODELED
SEA_LS_01,LS,59,60,62,79,84,78,79,60,81,72,,,,,,,,,,,84,,,,,,,,,,,,,,,,,,,,,,,,,,,,,,,,,,,,,72,79,,,,,,,,MODELED
FA_EDGE_001,EDGE,75,76,73,76,75,72,62,78,69,71,,,,64,,,,,,,69,,,,,74,,,,,,,,,,,71,,,,,63,,,,,70,,,,,66,,,,,,,,,,,,,,,MODELED
FA_DT_002,DT,44,52,46,78,61,57,61,51,57,60,,,,51,,,,,,,,,,,,46,,,,,,,,,,,50,,,,,56,,,,,47,,,,,58,,,,,,,,,,,,,,,MODELED
FA_LB_003,LB,52,73,68,77,56,55,59,80,64,76,,,58,65,,,,,,,,,,,,,,,,,,,58,,,,,,59,,,,,,,,76,,,,,,,,,,,,,,65,,,,,60,MODELED
FA_DT_004,DT,47,68,57,94,77,47,55,70,62,77,,,,64,,,,,,,,,,,,66,,,,,,,,,,,80,,,,,70,,,,,69,,,,,81,,,,,,,,,,,,,,,MODELED
FA_WR_005,WR,82,75,87,70,82,63,87,67,84,64,,,,,,,75,79,,,,,,,,,,,,,,,,,,,,,,,,,,,,,,,63,78,79,,,,,71,,,,81,,,,,,,MODELED
FA_K_006,K,63,67,63,58,87,81,63,79,64,65,,,,,,,,,68,,,,,,,,,79,71,81,,,,,,,,,,,,,,,,,,,,,,,,,,,,,,,,,,,,,MODELED
FA_CB_007,CB,62,64,66,39,46,45,49,50,62,60,,54,,,,,,,,,,,,,,,,,,,,,58,,,,,,47,,,,54,,,,,,,,,,,,,,,,,,35,,,,,59,MODELED
FA_CB_008,CB,66,79,72,53,45,64,52,40,58,56,,56,,,,,,,,,,,,,,,,,,,,,64,,,,,,57,,,,57,,,,,,,,,,,,,,,,,,48,,,,,54,MODELED
FA_K_009,K,46,35,42,71,66,63,75,69,60,57,,,,,,,,,65,,,,,,,,,71,66,66,,,,,,,,,,,,,,,,,,,,,,,,,,,,,,,,,,,,,MODELED
FA_CB_010,CB,63,61,60,43,40,41,45,49,59,53,,64,,,,,,,,,,,,,,,,,,,,,56,,,,,,44,,,,54,,,,,,,,,,,,,,,,,,53,,,,,38,MODELED
FA_S_011,S,76,76,66,59,53,67,65,69,66,68,,61,,,,,,,,,,,,,,,,,,,,,55,,,,,,72,,,,54,,,,,,,,,,67,,,,,,,,69,,,,,57,MODELED
FA_OT_012,OT,51,60,54,86,64,71,61,74,57,65,72,,,,,,,,,,,,,,,,,,,,,,,,63,,,,,,75,,,,,,,,,,69,,,,61,,,,,,,69,,,,,MODELED
FA_EDGE_013,EDGE,64,69,68,59,68,62,70,71,78,44,,,,60,,,,,,,57,,,,,68,,,,,,,,,,,55,,,,,60,,,,,71,,,,,39,,,,,,,,,,,,,,,MODELED
FA_QB_014,QB,54,73,73,79,75,82,73,69,75,64,,,,,,,,,,,,63,76,,,,,,,,,,,74,,,,64,,67,,,,72,,,,,,,,,,88,,,65,,,,,,65,72,,,MODELED
FA_S_015,S,77,60,69,65,67,62,38,57,61,70,,56,,,,,,,,,,,,,,,,,,,,,55,,,,,,60,,,,60,,,,,,,,,,64,,,,,,,,58,,,,,65,MODELED
FA_OG_016,OG,36,32,35,52,42,43,42,44,33,48,30,,,,,,,,,,,,,,,,,,,,,,,,43,,,,,,51,,,,,,,,,,54,,,,45,,,,,,,46,,,,,MODELED
FA_CB_017,CB,62,74,82,60,53,57,71,57,79,71,,84,,,,,,,,,,,,,,,,,,,,,67,,,,,,66,,,,66,,,,,,,,,,,,,,,,,,72,,,,,64,MODELED
FA_OG_018,OG,42,51,43,83,64,61,73,56,74,58,72,,,,,,,,,,,,,,,,,,,,,,,,63,,,,,,62,,,,,,,,,,66,,,,55,,,,,,,65,,,,,MODELED
FA_WR_019,WR,77,65,65,56,54,54,61,65,65,50,,,,,,,59,58,,,,,,,,,,,,,,,,,,,,,,,,,,,,,,,53,53,51,,,,,52,,,,51,,,,,,,MODELED
FA_CB_020,CB,65,64,72,52,60,65,39,50,49,53,,45,,,,,,,,,,,,,,,,,,,,,60,,,,,,61,,,,59,,,,,,,,,,,,,,,,,,52,,,,,55,MODELED
FA_RB_021,RB,74,85,79,69,76,70,70,75,81,69,,,,,75,60,,,,81,,,,,63,,,,,,,,,,,78,,,,,,,,,,,,58,,,,,,,,,,,,,,,,,73,,MODELED
FA_QB_022,QB,66,66,65,66,75,77,63,62,71,62,,,,,,,,,,,,69,80,,,,,,,,,,,61,,,,67,,57,,,,70,,,,,,,,,,76,,,66,,,,,,67,78,,,MODELED
FA_EDGE_023,EDGE,56,60,57,57,63,50,45,60,45,45,,,,52,,,,,,,59,,,,,57,,,,,,,,,,,42,,,,,45,,,,,60,,,,,49,,,,,,,,,,,,,,,MODELED
FA_DT_024,DT,39,30,40,68,43,48,46,49,51,49,,,,46,,,,,,,,,,,,46,,,,,,,,,,,55,,,,,52,,,,,52,,,,,60,,,,,,,,,,,,,,,MODELED
FA_WR_025,WR,73,56,72,47,57,50,44,45,67,61,,,,,,,47,52,,,,,,,,,,,,,,,,,,,,,,,,,,,,,,,72,63,50,,,,,45,,,,49,,,,,,,MODELED
FA_C_026,C,46,42,45,94,60,52,69,65,58,62,60,,,,,,,,,,,,,,,,,,,,,62,,,57,,,,,,61,,,,,,,,,,56,,,,,,,65,,,,66,,,,,MODELED
FA_WR_027,WR,79,84,88,71,78,79,65,76,77,84,,,,,,,69,70,,,,,,,,,,,,,,,,,,,,,,,,,,,,,,,83,80,91,,,,,78,,,,86,,,,,,,MODELED
FA_OG_028,OG,34,44,53,63,60,62,47,49,66,57,67,,,,,,,,,,,,,,,,,,,,,,,,52,,,,,,55,,,,,,,,,,63,,,,57,,,,,,,53,,,,,MODELED
FA_CB_029,CB,92,89,86,73,85,70,70,83,83,71,,69,,,,,,,,,,,,,,,,,,,,,78,,,,,,82,,,,80,,,,,,,,,,,,,,,,,,76,,,,,91,MODELED
FA_OT_030,OT,20,28,36,58,54,53,58,68,50,52,49,,,,,,,,,,,,,,,,,,,,,,,,61,,,,,,52,,,,,,,,,,63,,,,54,,,,,,,59,,,,,MODELED
FA_CB_031,CB,67,59,63,54,71,66,59,59,58,74,,57,,,,,,,,,,,,,,,,,,,,,53,,,,,,61,,,,55,,,,,,,,,,,,,,,,,,58,,,,,62,MODELED
FA_S_032,S,62,61,78,65,56,77,56,70,62,67,,69,,,,,,,,,,,,,,,,,,,,,71,,,,,,64,,,,68,,,,,,,,,,67,,,,,,,,64,,,,,65,MODELED
FA_TE_033,TE,53,51,53,66,57,53,64,64,49,66,,,,,,,62,63,,,,,,,,,,,,,,,,,57,,,,,,,,,,,,,,64,55,57,,,,,54,,,,57,,,,,,,MODELED
FA_OT_034,OT,41,50,45,66,55,60,60,49,43,48,58,,,,,,,,,,,,,,,,,,,,,,,,47,,,,,,53,,,,,,,,,,51,,,,54,,,,,,,49,,,,,MODELED
FA_FB_035,FB,55,62,39,77,58,51,47,67,56,72,,,,,,54,,,,60,,,,,,,,,,,49,,,,,72,,,,,,,,,,,,56,,,53,,,,,,,,,,,,,,,,MODELED
FA_LS_036,LS,48,40,38,75,66,73,58,65,67,75,,,,,,,,,,,66,,,,,,,,,,,,,,,,,,,,,,,,,,,,,,,,,,,,,48,53,,,,,,,,MODELED
FA_K_037,K,31,47,55,46,49,60,57,68,71,65,,,,,,,,,76,,,,,,,,,74,60,58,,,,,,,,,,,,,,,,,,,,,,,,,,,,,,,,,,,,,MODELED
FA_S_038,S,59,66,66,46,48,59,61,56,52,50,,52,,,,,,,,,,,,,,,,,,,,,43,,,,,,54,,,,61,,,,,,,,,,49,,,,,,,,61,,,,,60,MODELED
FA_WR_039,WR,70,76,63,58,57,69,75,57,82,67,,,,,,,69,68,,,,,,,,,,,,,,,,,,,,,,,,,,,,,,,74,66,65,,,,,75,,,,55,,,,,,,MODELED
FA_P_040,P,38,56,52,34,59,78,61,56,68,63,,,,,,,,,,,,,,62,,,62,,,,,,,,,,,,,,,,,,76,64,,,,,,,,,,,,,,,,,,,,,MODELED
FA_OG_041,OG,38,47,52,83,69,75,67,61,76,73,62,,,,,,,,,,,,,,,,,,,,,,,,71,,,,,,55,,,,,,,,,,68,,,,63,,,,,,,59,,,,,MODELED
FA_LB_042,LB,73,71,72,82,57,66,67,59,67,59,,,70,70,,,,,,,,,,,,,,,,,,,76,,,,,,69,,,,,,,,62,,,,,,,,,,,,,,56,,,,,72,MODELED
FA_QB_043,QB,57,62,65,60,63,59,56,57,67,65,,,,,,,,,,,,65,57,,,,,,,,,,,51,,,,66,,68,,,,65,,,,,,,,,,53,,,61,,,,,,70,54,,,MODELED
FA_S_044,S,61,54,61,54,61,60,55,39,59,46,,53,,,,,,,,,,,,,,,,,,,,,61,,,,,,64,,,,60,,,,,,,,,,54,,,,,,,,50,,,,,72,MODELED
FA_WR_045,WR,47,54,53,38,54,45,58,41,57,51,,,,,,,49,48,,,,,,,,,,,,,,,,,,,,,,,,,,,,,,,54,50,46,,,,,62,,,,55,,,,,,,MODELED
FA_CB_046,CB,68,89,63,48,69,68,72,73,65,65,,68,,,,,,,,,,,,,,,,,,,,,59,,,,,,70,,,,52,,,,,,,,,,,,,,,,,,66,,,,,77,MODELED
FA_WR_047,WR,73,83,68,69,67,79,57,59,75,69,,,,,,,70,75,,,,,,,,,,,,,,,,,,,,,,,,,,,,,,,81,70,83,,,,,82,,,,62,,,,,,,MODELED
FA_QB_048,QB,70,63,52,68,61,73,60,68,72,66,,,,,,,,,,,,68,74,,,,,,,,,,,70,,,,65,,68,,,,57,,,,,,,,,,53,,,70,,,,,,61,67,,,MODELED
FA_WR_049,WR,91,77,85,71,67,72,69,83,73,77,,,,,,,76,79,,,,,,,,,,,,,,,,,,,,,,,,,,,,,,,69,88,68,,,,,79,,,,74,,,,,,,MODELED
FA_OG_050,OG,48,58,37,69,51,63,56,70,67,58,76,,,,,,,,,,,,,,,,,,,,,,,,51,,,,,,53,,,,,,,,,,56,,,,74,,,,,,,43,,,,,MODELED
FA_OT_051,OT,64,54,57,74,64,58,74,65,63,69,73,,,,,,,,,,,,,,,,,,,,,,,,68,,,,,,67,,,,,,,,,,71,,,,60,,,,,,,71,,,,,MODELED
FA_C_052,C,48,42,51,73,53,60,57,57,63,62,55,,,,,,,,,,,,,,,,,,,,,57,,,65,,,,,,65,,,,,,,,,,51,,,,,,,58,,,,60,,,,,MODELED
FA_LB_053,LB,67,63,70,83,61,60,64,55,48,54,,,62,58,,,,,,,,,,,,,,,,,,,65,,,,,,58,,,,,,,,72,,,,,,,,,,,,,,46,,,,,74,MODELED
FA_LB_054,LB,53,61,61,60,53,48,50,63,35,52,,,57,52,,,,,,,,,,,,,,,,,,,55,,,,,,58,,,,,,,,58,,,,,,,,,,,,,,63,,,,,51,MODELED
FA_DT_055,DT,35,41,49,75,62,55,58,59,53,48,,,,54,,,,,,,,,,,,51,,,,,,,,,,,67,,,,,53,,,,,50,,,,,56,,,,,,,,,,,,,,,MODELED
FA_EDGE_056,EDGE,61,53,57,56,45,58,51,54,56,54,,,,36,,,,,,,53,,,,,51,,,,,,,,,,,47,,,,,40,,,,,47,,,,,54,,,,,,,,,,,,,,,MODELED
FA_RB_057,RB,72,85,67,56,73,69,65,62,71,73,,,,,71,54,,,,75,,,,,80,,,,,,,,,,,73,,,,,,,,,,,,60,,,,,,,,,,,,,,,,,66,,MODELED
FA_LS_058,LS,47,41,34,55,58,50,49,57,48,67,,,,,,,,,,,54,,,,,,,,,,,,,,,,,,,,,,,,,,,,,,,,,,,,,55,52,,,,,,,,MODELED
FA_WR_059,WR,69,79,54,65,49,55,58,57,64,58,,,,,,,63,63,,,,,,,,,,,,,,,,,,,,,,,,,,,,,,,61,72,59,,,,,66,,,,66,,,,,,,MODELED
FA_CB_060,CB,74,63,63,51,65,66,65,57,50,68,,64,,,,,,,,,,,,,,,,,,,,,53,,,,,,71,,,,67,,,,,,,,,,,,,,,,,,75,,,,,64,MODELED
FA_TE_061,TE,49,58,69,57,62,57,55,72,56,67,,,,,,,54,53,,,,,,,,,,,,,,,,,56,,,,,,,,,,,,,,54,58,55,,,,,71,,,,50,,,,,,,MODELED
FA_TE_062,TE,59,58,47,54,50,44,47,55,50,60,,,,,,,47,66,,,,,,,,,,,,,,,,,50,,,,,,,,,,,,,,55,39,43,,,,,59,,,,44,,,,,,,MODELED
FA_WR_063,WR,64,61,61,44,52,62,61,64,72,63,,,,,,,60,61,,,,,,,,,,,,,,,,,,,,,,,,,,,,,,,65,54,51,,,,,62,,,,67,,,,,,,MODELED
FA_OG_064,OG,40,41,41,79,59,56,48,65,57,69,47,,,,,,,,,,,,,,,,,,,,,,,,65,,,,,,43,,,,,,,,,,51,,,,45,,,,,,,66,,,,,MODELED
FA_LB_065,LB,53,61,59,68,61,80,61,47,69,66,,,55,58,,,,,,,,,,,,,,,,,,,61,,,,,,67,,,,,,,,58,,,,,,,,,,,,,,63,,,,,57,MODELED
FA_DT_066,DT,49,46,55,84,51,73,61,62,60,72,,,,73,,,,,,,,,,,,67,,,,,,,,,,,69,,,,,70,,,,,49,,,,,61,,,,,,,,,,,,,,,MODELED
FA_S_067,S,64,62,60,57,59,54,62,55,51,52,,56,,,,,,,,,,,,,,,,,,,,,60,,,,,,33,,,,65,,,,,,,,,,52,,,,,,,,50,,,,,49,MODELED
FA_WR_068,WR,56,73,69,52,72,59,57,51,73,69,,,,,,,64,64,,,,,,,,,,,,,,,,,,,,,,,,,,,,,,,64,67,64,,,,,62,,,,73,,,,,,,MODELED
FA_WR_069,WR,69,69,57,63,53,62,58,62,69,53,,,,,,,76,64,,,,,,,,,,,,,,,,,,,,,,,,,,,,,,,61,66,69,,,,,59,,,,64,,,,,,,MODELED
FA_P_070,P,62,55,61,64,77,57,70,71,66,75,,,,,,,,,,,,,,81,,,72,,,,,,,,,,,,,,,,,,74,82,,,,,,,,,,,,,,,,,,,,,MODELED
FA_CB_071,CB,73,70,68,38,48,68,39,65,58,48,,58,,,,,,,,,,,,,,,,,,,,,51,,,,,,47,,,,54,,,,,,,,,,,,,,,,,,37,,,,,60,MODELED
FA_EDGE_072,EDGE,85,86,71,82,64,87,70,72,73,75,,,,81,,,,,,,65,,,,,71,,,,,,,,,,,72,,,,,64,,,,,74,,,,,64,,,,,,,,,,,,,,,MODELED
FA_CB_073,CB,78,85,73,53,72,79,74,62,76,63,,58,,,,,,,,,,,,,,,,,,,,,78,,,,,,70,,,,74,,,,,,,,,,,,,,,,,,61,,,,,79,MODELED
FA_CB_074,CB,70,84,73,66,71,65,87,74,76,62,,71,,,,,,,,,,,,,,,,,,,,,67,,,,,,84,,,,68,,,,,,,,,,,,,,,,,,70,,,,,69,MODELED
FA_DT_075,DT,35,49,47,82,64,62,61,63,58,64,,,,70,,,,,,,,,,,,59,,,,,,,,,,,54,,,,,57,,,,,71,,,,,53,,,,,,,,,,,,,,,MODELED
FA_EDGE_076,EDGE,53,62,57,69,53,58,41,59,57,51,,,,61,,,,,,,52,,,,,60,,,,,,,,,,,62,,,,,48,,,,,51,,,,,47,,,,,,,,,,,,,,,MODELED
FA_CB_077,CB,85,79,63,53,70,56,68,69,68,66,,62,,,,,,,,,,,,,,,,,,,,,63,,,,,,66,,,,58,,,,,,,,,,,,,,,,,,78,,,,,65,MODELED
FA_CB_078,CB,91,99,83,51,59,71,61,74,67,62,,77,,,,,,,,,,,,,,,,,,,,,60,,,,,,62,,,,77,,,,,,,,,,,,,,,,,,73,,,,,63,MODELED
FA_WR_079,WR,55,61,69,48,47,51,53,58,51,49,,,,,,,61,61,,,,,,,,,,,,,,,,,,,,,,,,,,,,,,,63,46,55,,,,,60,,,,58,,,,,,,MODELED
FA_OT_080,OT,39,51,61,73,70,66,63,56,71,76,72,,,,,,,,,,,,,,,,,,,,,,,,71,,,,,,57,,,,,,,,,,51,,,,64,,,,,,,69,,,,,MODELED
FA_EDGE_081,EDGE,84,74,73,80,59,68,61,55,67,67,,,,68,,,,,,,79,,,,,64,,,,,,,,,,,70,,,,,76,,,,,61,,,,,61,,,,,,,,,,,,,,,MODELED
FA_TE_082,TE,56,69,68,56,58,51,66,55,46,69,,,,,,,59,66,,,,,,,,,,,,,,,,,58,,,,,,,,,,,,,,62,70,62,,,,,62,,,,55,,,,,,,MODELED
FA_WR_083,WR,87,80,94,69,53,58,71,78,77,80,,,,,,,66,73,,,,,,,,,,,,,,,,,,,,,,,,,,,,,,,70,84,69,,,,,78,,,,67,,,,,,,MODELED
FA_WR_084,WR,85,77,72,56,61,67,73,69,67,65,,,,,,,62,76,,,,,,,,,,,,,,,,,,,,,,,,,,,,,,,66,61,67,,,,,72,,,,71,,,,,,,MODELED
FA_DT_085,DT,32,55,52,82,36,61,59,53,73,60,,,,57,,,,,,,,,,,,53,,,,,,,,,,,60,,,,,61,,,,,55,,,,,48,,,,,,,,,,,,,,,MODELED
FA_DT_086,DT,40,56,52,77,64,61,50,60,63,66,,,,49,,,,,,,,,,,,62,,,,,,,,,,,59,,,,,70,,,,,68,,,,,71,,,,,,,,,,,,,,,MODELED
FA_QB_087,QB,59,51,60,64,64,49,53,42,61,59,,,,,,,,,,,,52,68,,,,,,,,,,,65,,,,56,,74,,,,62,,,,,,,,,,60,,,59,,,,,,61,62,,,MODELED
FA_CB_088,CB,84,83,73,67,67,71,66,64,65,59,,78,,,,,,,,,,,,,,,,,,,,,73,,,,,,72,,,,53,,,,,,,,,,,,,,,,,,60,,,,,73,MODELED
FA_QB_089,QB,49,50,40,64,61,55,72,66,55,61,,,,,,,,,,,,66,46,,,,,,,,,,,59,,,,69,,75,,,,54,,,,,,,,,,50,,,52,,,,,,51,58,,,MODELED
FA_S_090,S,69,70,56,54,55,57,67,58,62,57,,46,,,,,,,,,,,,,,,,,,,,,55,,,,,,63,,,,48,,,,,,,,,,64,,,,,,,,65,,,,,61,MODELED
FA_OG_091,OG,40,31,56,69,59,58,54,58,58,50,61,,,,,,,,,,,,,,,,,,,,,,,,60,,,,,,51,,,,,,,,,,68,,,,54,,,,,,,62,,,,,MODELED
FA_WR_092,WR,86,71,70,58,68,69,61,62,78,66,,,,,,,75,86,,,,,,,,,,,,,,,,,,,,,,,,,,,,,,,68,58,69,,,,,77,,,,62,,,,,,,MODELED
FA_WR_093,WR,70,69,62,43,62,73,59,46,66,60,,,,,,,70,64,,,,,,,,,,,,,,,,,,,,,,,,,,,,,,,60,72,42,,,,,64,,,,60,,,,,,,MODELED
FA_OG_094,OG,36,44,60,87,72,59,71,62,59,56,57,,,,,,,,,,,,,,,,,,,,,,,,66,,,,,,69,,,,,,,,,,54,,,,63,,,,,,,69,,,,,MODELED
FA_EDGE_095,EDGE,54,64,56,67,56,65,62,57,68,61,,,,54,,,,,,,57,,,,,57,,,,,,,,,,,61,,,,,65,,,,,59,,,,,55,,,,,,,,,,,,,,,MODELED
FA_QB_096,QB,62,58,48,67,71,63,55,50,69,48,,,,,,,,,,,,70,54,,,,,,,,,,,60,,,,68,,62,,,,55,,,,,,,,,,77,,,57,,,,,,51,51,,,MODELED
FA_DT_097,DT,43,52,58,81,65,68,53,62,53,63,,,,60,,,,,,,,,,,,49,,,,,,,,,,,63,,,,,58,,,,,70,,,,,65,,,,,,,,,,,,,,,MODELED
FA_TE_098,TE,67,71,53,56,52,59,60,57,62,55,,,,,,,45,46,,,,,,,,,,,,,,,,,47,,,,,,,,,,,,,,63,55,51,,,,,56,,,,63,,,,,,,MODELED
FA_WR_099,WR,70,77,65,57,60,57,60,64,53,47,,,,,,,76,67,,,,,,,,,,,,,,,,,,,,,,,,,,,,,,,68,52,48,,,,,57,,,,62,,,,,,,MODELED
FA_OG_100,OG,37,55,56,85,67,77,77,78,76,73,80,,,,,,,,,,,,,,,,,,,,,,,,64,,,,,,76,,,,,,,,,,77,,,,68,,,,,,,68,,,,,MODELED
FA_P_101,P,42,45,42,61,63,77,71,57,66,76,,,,,,,,,,,,,,61,,,64,,,,,,,,,,,,,,,,,,73,76,,,,,,,,,,,,,,,,,,,,,MODELED
FA_LB_102,LB,68,79,76,70,75,62,58,79,77,70,,,73,70,,,,,,,,,,,,,,,,,,,64,,,,,,71,,,,,,,,67,,,,,,,,,,,,,,73,,,,,70,MODELED
FA_DT_103,DT,43,46,46,82,48,57,42,43,40,54,,,,38,,,,,,,,,,,,40,,,,,,,,,,,51,,,,,41,,,,,62,,,,,62,,,,,,,,,,,,,,,MODELED
FA_CB_104,CB,75,61,79,51,60,79,64,57,65,70,,70,,,,,,,,,,,,,,,,,,,,,74,,,,,,72,,,,67,,,,,,,,,,,,,,,,,,55,,,,,79,MODELED
FA_DT_105,DT,50,42,41,88,58,50,65,61,57,58,,,,59,,,,,,,,,,,,51,,,,,,,,,,,36,,,,,59,,,,,69,,,,,70,,,,,,,,,,,,,,,MODELED
FA_EDGE_106,EDGE,60,59,74,84,62,59,62,55,55,65,,,,67,,,,,,,69,,,,,75,,,,,,,,,,,73,,,,,57,,,,,67,,,,,66,,,,,,,,,,,,,,,MODELED
FA_RB_107,RB,58,58,78,43,58,54,49,51,58,58,,,,,57,47,,,,50,,,,,63,,,,,,,,,,,56,,,,,,,,,,,,65,,,,,,,,,,,,,,,,,62,,MODELED
FA_C_108,C,39,46,48,65,47,61,60,57,67,61,60,,,,,,,,,,,,,,,,,,,,,57,,,41,,,,,,47,,,,,,,,,,48,,,,,,,74,,,,54,,,,,MODELED
FA_C_109,C,42,51,62,88,57,62,51,59,65,62,55,,,,,,,,,,,,,,,,,,,,,65,,,60,,,,,,65,,,,,,,,,,63,,,,,,,62,,,,57,,,,,MODELED
FA_S_110,S,81,71,71,63,74,65,70,79,73,79,,60,,,,,,,,,,,,,,,,,,,,,65,,,,,,69,,,,75,,,,,,,,,,73,,,,,,,,64,,,,,52,MODELED
FA_CB_111,CB,70,76,92,61,68,63,78,66,71,69,,66,,,,,,,,,,,,,,,,,,,,,72,,,,,,69,,,,64,,,,,,,,,,,,,,,,,,77,,,,,78,MODELED
FA_WR_112,WR,74,79,72,53,65,57,71,73,65,62,,,,,,,61,68,,,,,,,,,,,,,,,,,,,,,,,,,,,,,,,62,66,69,,,,,73,,,,61,,,,,,,MODELED
FA_S_113,S,69,70,73,65,66,64,67,62,73,72,,76,,,,,,,,,,,,,,,,,,,,,68,,,,,,70,,,,76,,,,,,,,,,87,,,,,,,,68,,,,,68,MODELED
FA_RB_114,RB,66,82,77,66,61,64,74,71,60,77,,,,,83,78,,,,57,,,,,76,,,,,,,,,,,75,,,,,,,,,,,,63,,,,,,,,,,,,,,,,,70,,MODELED
FA_EDGE_115,EDGE,57,76,66,76,73,73,62,68,62,61,,,,69,,,,,,,66,,,,,72,,,,,,,,,,,73,,,,,79,,,,,57,,,,,72,,,,,,,,,,,,,,,MODELED
FA_C_116,C,48,49,54,73,66,65,70,65,65,59,73,,,,,,,,,,,,,,,,,,,,,58,,,73,,,,,,60,,,,,,,,,,71,,,,,,,51,,,,76,,,,,MODELED
FA_TE_117,TE,69,63,67,72,58,47,56,58,43,53,,,,,,,58,57,,,,,,,,,,,,,,,,,51,,,,,,,,,,,,,,42,43,64,,,,,58,,,,51,,,,,,,MODELED
FA_LB_118,LB,76,70,92,63,74,60,64,78,80,80,,,77,82,,,,,,,,,,,,,,,,,,,83,,,,,,79,,,,,,,,77,,,,,,,,,,,,,,66,,,,,65,MODELED
FA_EDGE_119,EDGE,65,69,55,73,58,57,68,62,67,60,,,,58,,,,,,,46,,,,,57,,,,,,,,,,,72,,,,,59,,,,,57,,,,,64,,,,,,,,,,,,,,,MODELED
FA_WR_120,WR,81,66,67,55,66,66,68,61,51,52,,,,,,,62,70,,,,,,,,,,,,,,,,,,,,,,,,,,,,,,,72,69,74,,,,,68,,,,60,,,,,,,MODELED
FA_LS_121,LS,52,57,55,77,63,65,71,54,63,76,,,,,,,,,,,73,,,,,,,,,,,,,,,,,,,,,,,,,,,,,,,,,,,,,82,73,,,,,,,,MODELED
FA_P_122,P,32,50,40,49,66,53,69,53,59,57,,,,,,,,,,,,,,57,,,52,,,,,,,,,,,,,,,,,,58,67,,,,,,,,,,,,,,,,,,,,,MODELED
FA_TE_123,TE,52,48,62,60,50,61,60,62,60,68,,,,,,,67,56,,,,,,,,,,,,,,,,,66,,,,,,,,,,,,,,53,64,63,,,,,51,,,,71,,,,,,,MODELED
FA_LB_124,LB,68,54,59,73,51,52,63,58,53,57,,,64,58,,,,,,,,,,,,,,,,,,,56,,,,,,63,,,,,,,,50,,,,,,,,,,,,,,54,,,,,52,MODELED
FA_EDGE_125,EDGE,45,62,51,55,52,51,51,62,49,60,,,,49,,,,,,,50,,,,,47,,,,,,,,,,,48,,,,,55,,,,,56,,,,,44,,,,,,,,,,,,,,,MODELED
FA_CB_126,CB,81,82,68,58,62,60,61,71,80,75,,74,,,,,,,,,,,,,,,,,,,,,71,,,,,,67,,,,59,,,,,,,,,,,,,,,,,,64,,,,,62,MODELED
FA_WR_127,WR,71,71,62,52,49,63,77,68,64,54,,,,,,,61,63,,,,,,,,,,,,,,,,,,,,,,,,,,,,,,,69,60,61,,,,,68,,,,51,,,,,,,MODELED
FA_LB_128,LB,66,65,52,70,56,70,68,64,66,70,,,59,69,,,,,,,,,,,,,,,,,,,63,,,,,,53,,,,,,,,69,,,,,,,,,,,,,,58,,,,,60,MODELED
FA_DT_129,DT,34,59,43,64,54,70,51,64,57,53,,,,54,,,,,,,,,,,,55,,,,,,,,,,,57,,,,,66,,,,,64,,,,,68,,,,,,,,,,,,,,,MODELED
FA_S_130,S,65,67,65,44,78,60,61,65,59,59,,48,,,,,,,,,,,,,,,,,,,,,53,,,,,,49,,,,62,,,,,,,,,,49,,,,,,,,61,,,,,54,MODELED
FA_DT_131,DT,55,48,59,74,61,70,72,60,71,54,,,,65,,,,,,,,,,,,61,,,,,,,,,,,57,,,,,67,,,,,70,,,,,58,,,,,,,,,,,,,,,MODELED
FA_WR_132,WR,86,70,71,64,78,85,75,80,67,69,,,,,,,79,72,,,,,,,,,,,,,,,,,,,,,,,,,,,,,,,72,66,71,,,,,73,,,,72,,,,,,,MODELED
FA_LB_133,LB,79,85,68,64,68,78,47,74,66,62,,,78,60,,,,,,,,,,,,,,,,,,,69,,,,,,63,,,,,,,,66,,,,,,,,,,,,,,55,,,,,68,MODELED
FA_OG_134,OG,49,28,38,81,60,64,69,62,59,54,63,,,,,,,,,,,,,,,,,,,,,,,,69,,,,,,76,,,,,,,,,,64,,,,46,,,,,,,63,,,,,MODELED
FA_QB_135,QB,60,47,56,54,67,47,46,67,50,63,,,,,,,,,,,,49,47,,,,,,,,,,,56,,,,46,,57,,,,63,,,,,,,,,,65,,,48,,,,,,62,66,,,MODELED
FA_EDGE_136,EDGE,45,57,49,62,48,55,57,46,56,38,,,,50,,,,,,,57,,,,,59,,,,,,,,,,,57,,,,,53,,,,,63,,,,,41,,,,,,,,,,,,,,,MODELED
FA_DT_137,DT,51,61,53,92,59,65,68,70,72,78,,,,61,,,,,,,,,,,,69,,,,,,,,,,,70,,,,,47,,,,,65,,,,,58,,,,,,,,,,,,,,,MODELED
FA_OG_138,OG,33,42,49,75,58,61,61,56,64,41,51,,,,,,,,,,,,,,,,,,,,,,,,51,,,,,,60,,,,,,,,,,61,,,,56,,,,,,,59,,,,,MODELED
FA_RB_139,RB,78,80,68,69,74,61,59,58,66,76,,,,,79,69,,,,61,,,,,59,,,,,,,,,,,73,,,,,,,,,,,,73,,,,,,,,,,,,,,,,,63,,MODELED
FA_RB_140,RB,56,48,68,56,51,42,60,71,46,43,,,,,51,57,,,,55,,,,,59,,,,,,,,,,,60,,,,,,,,,,,,54,,,,,,,,,,,,,,,,,40,,MODELED
FA_DT_141,DT,44,59,57,89,51,73,69,69,58,67,,,,68,,,,,,,,,,,,69,,,,,,,,,,,59,,,,,64,,,,,59,,,,,70,,,,,,,,,,,,,,,MODELED
FA_OT_142,OT,52,58,55,78,76,59,68,61,68,51,77,,,,,,,,,,,,,,,,,,,,,,,,74,,,,,,55,,,,,,,,,,57,,,,80,,,,,,,66,,,,,MODELED
FA_LB_143,LB,66,73,70,71,58,63,72,68,66,66,,,63,57,,,,,,,,,,,,,,,,,,,60,,,,,,67,,,,,,,,68,,,,,,,,,,,,,,46,,,,,79,MODELED
FA_TE_144,TE,44,59,51,67,69,55,57,70,63,60,,,,,,,68,61,,,,,,,,,,,,,,,,,60,,,,,,,,,,,,,,65,64,63,,,,,64,,,,66,,,,,,,MODELED
FA_WR_145,WR,62,74,66,52,66,68,63,65,64,74,,,,,,,58,61,,,,,,,,,,,,,,,,,,,,,,,,,,,,,,,59,68,67,,,,,58,,,,61,,,,,,,MODELED
FA_CB_146,CB,89,80,86,56,75,79,66,64,66,75,,67,,,,,,,,,,,,,,,,,,,,,69,,,,,,78,,,,77,,,,,,,,,,,,,,,,,,67,,,,,69,MODELED
FA_RB_147,RB,72,57,64,73,64,57,51,62,53,59,,,,,61,60,,,,60,,,,,65,,,,,,,,,,,74,,,,,,,,,,,,67,,,,,,,,,,,,,,,,,54,,MODELED
FA_EDGE_148,EDGE,57,50,55,64,50,54,52,52,46,57,,,,53,,,,,,,55,,,,,66,,,,,,,,,,,60,,,,,47,,,,,41,,,,,51,,,,,,,,,,,,,,,MODELED
FA_QB_149,QB,59,44,41,26,42,59,43,41,54,43,,,,,,,,,,,,50,43,,,,,,,,,,,47,,,,46,,45,,,,49,,,,,,,,,,44,,,48,,,,,,63,47,,,MODELED
FA_EDGE_150,EDGE,52,46,46,55,61,41,48,53,50,53,,,,50,,,,,,,45,,,,,50,,,,,,,,,,,35,,,,,48,,,,,46,,,,,44,,,,,,,,,,,,,,,MODELED
FA_CB_151,CB,92,99,89,80,89,77,83,84,71,82,,74,,,,,,,,,,,,,,,,,,,,,70,,,,,,80,,,,90,,,,,,,,,,,,,,,,,,84,,,,,81,MODELED
FA_S_152,S,77,82,82,80,72,77,68,73,82,80,,72,,,,,,,,,,,,,,,,,,,,,78,,,,,,78,,,,78,,,,,,,,,,83,,,,,,,,81,,,,,90,MODELED
FA_DT_153,DT,53,61,55,83,67,61,74,63,63,78,,,,70,,,,,,,,,,,,65,,,,,,,,,,,66,,,,,58,,,,,68,,,,,56,,,,,,,,,,,,,,,MODELED
FA_FB_154,FB,58,43,50,76,59,60,67,68,67,58,,,,,,67,,,,54,,,,,,,,,,,51,,,,,68,,,,,,,,,,,,61,,,67,,,,,,,,,,,,,,,,MODELED
FA_WR_155,WR,65,73,63,58,69,71,59,61,67,66,,,,,,,60,68,,,,,,,,,,,,,,,,,,,,,,,,,,,,,,,58,62,63,,,,,58,,,,55,,,,,,,MODELED
FA_EDGE_156,EDGE,39,62,54,57,61,49,57,65,55,57,,,,53,,,,,,,56,,,,,60,,,,,,,,,,,55,,,,,62,,,,,44,,,,,54,,,,,,,,,,,,,,,MODELED
FA_TE_157,TE,64,58,56,76,56,57,53,70,64,80,,,,,,,65,66,,,,,,,,,,,,,,,,,73,,,,,,,,,,,,,,73,77,62,,,,,57,,,,69,,,,,,,MODELED
FA_CB_158,CB,62,69,61,50,56,55,61,43,57,52,,59,,,,,,,,,,,,,,,,,,,,,58,,,,,,51,,,,54,,,,,,,,,,,,,,,,,,56,,,,,54,MODELED
FA_LB_159,LB,63,69,76,74,80,68,62,71,84,71,,,79,62,,,,,,,,,,,,,,,,,,,66,,,,,,73,,,,,,,,69,,,,,,,,,,,,,,73,,,,,60,MODELED
FA_TE_160,TE,59,74,73,57,65,69,63,56,73,58,,,,,,,70,71,,,,,,,,,,,,,,,,,67,,,,,,,,,,,,,,73,76,61,,,,,72,,,,72,,,,,,,MODELED
FA_WR_161,WR,79,83,82,66,74,88,82,68,78,57,,,,,,,76,72,,,,,,,,,,,,,,,,,,,,,,,,,,,,,,,63,81,80,,,,,71,,,,69,,,,,,,MODELED
FA_CB_162,CB,79,59,66,40,55,58,61,54,64,58,,46,,,,,,,,,,,,,,,,,,,,,62,,,,,,59,,,,51,,,,,,,,,,,,,,,,,,47,,,,,52,MODELED
FA_OG_163,OG,35,47,43,79,62,51,50,65,69,52,67,,,,,,,,,,,,,,,,,,,,,,,,50,,,,,,39,,,,,,,,,,50,,,,67,,,,,,,66,,,,,MODELED
FA_EDGE_164,EDGE,61,61,57,68,53,55,57,58,62,55,,,,62,,,,,,,63,,,,,66,,,,,,,,,,,60,,,,,47,,,,,58,,,,,53,,,,,,,,,,,,,,,MODELED
FA_DT_165,DT,53,60,55,79,73,68,65,60,44,62,,,,55,,,,,,,,,,,,52,,,,,,,,,,,56,,,,,59,,,,,60,,,,,57,,,,,,,,,,,,,,,MODELED
FA_OG_166,OG,55,61,62,80,67,75,76,70,76,66,81,,,,,,,,,,,,,,,,,,,,,,,,71,,,,,,75,,,,,,,,,,66,,,,69,,,,,,,68,,,,,MODELED
FA_CB_167,CB,81,69,68,45,62,56,67,69,67,58,,68,,,,,,,,,,,,,,,,,,,,,53,,,,,,62,,,,59,,,,,,,,,,,,,,,,,,55,,,,,75,MODELED
FA_RB_168,RB,81,73,70,73,69,73,68,75,76,66,,,,,75,68,,,,71,,,,,70,,,,,,,,,,,65,,,,,,,,,,,,62,,,,,,,,,,,,,,,,,72,,MODELED
FA_DT_169,DT,43,43,54,84,49,64,69,61,53,61,,,,67,,,,,,,,,,,,56,,,,,,,,,,,62,,,,,54,,,,,57,,,,,66,,,,,,,,,,,,,,,MODELED
FA_DT_170,DT,48,42,40,76,62,53,52,62,52,53,,,,61,,,,,,,,,,,,62,,,,,,,,,,,64,,,,,56,,,,,59,,,,,73,,,,,,,,,,,,,,,MODELED
FA_WR_171,WR,61,59,56,50,65,56,67,55,68,49,,,,,,,60,64,,,,,,,,,,,,,,,,,,,,,,,,,,,,,,,56,57,52,,,,,55,,,,65,,,,,,,MODELED
FA_WR_172,WR,89,72,71,55,66,72,64,76,62,58,,,,,,,74,70,,,,,,,,,,,,,,,,,,,,,,,,,,,,,,,66,64,53,,,,,58,,,,66,,,,,,,MODELED
FA_OG_173,OG,40,45,46,68,55,50,63,52,62,59,60,,,,,,,,,,,,,,,,,,,,,,,,56,,,,,,54,,,,,,,,,,58,,,,54,,,,,,,71,,,,,MODELED
FA_OG_174,OG,45,50,56,79,66,53,76,69,62,65,67,,,,,,,,,,,,,,,,,,,,,,,,70,,,,,,70,,,,,,,,,,75,,,,74,,,,,,,59,,,,,MODELED
FA_TE_175,TE,66,63,56,66,56,60,49,69,61,61,,,,,,,65,66,,,,,,,,,,,,,,,,,69,,,,,,,,,,,,,,71,73,78,,,,,50,,,,57,,,,,,,MODELED
FA_OG_176,OG,35,56,43,74,70,73,53,44,60,68,63,,,,,,,,,,,,,,,,,,,,,,,,67,,,,,,66,,,,,,,,,,70,,,,45,,,,,,,65,,,,,MODELED
FA_WR_177,WR,66,66,64,50,54,62,53,52,56,75,,,,,,,54,55,,,,,,,,,,,,,,,,,,,,,,,,,,,,,,,62,61,62,,,,,57,,,,65,,,,,,,MODELED
FA_C_178,C,33,46,38,72,47,58,41,53,62,51,55,,,,,,,,,,,,,,,,,,,,,56,,,48,,,,,,51,,,,,,,,,,53,,,,,,,59,,,,56,,,,,MODELED
FA_OT_179,OT,46,45,55,80,74,61,64,65,71,50,54,,,,,,,,,,,,,,,,,,,,,,,,73,,,,,,78,,,,,,,,,,58,,,,61,,,,,,,59,,,,,MODELED
FA_RB_180,RB,54,60,52,53,31,49,62,48,55,50,,,,,58,47,,,,62,,,,,57,,,,,,,,,,,55,,,,,,,,,,,,53,,,,,,,,,,,,,,,,,32,,MODELED
FA_S_181,S,79,75,71,68,90,90,83,73,72,73,,76,,,,,,,,,,,,,,,,,,,,,77,,,,,,83,,,,83,,,,,,,,,,85,,,,,,,,80,,,,,65,MODELED
FA_EDGE_182,EDGE,77,79,72,90,85,92,90,68,80,77,,,,69,,,,,,,72,,,,,73,,,,,,,,,,,69,,,,,72,,,,,82,,,,,82,,,,,,,,,,,,,,,MODELED
FA_OG_183,OG,46,50,43,81,58,61,57,55,54,50,61,,,,,,,,,,,,,,,,,,,,,,,,53,,,,,,57,,,,,,,,,,47,,,,62,,,,,,,52,,,,,MODELED
FA_DT_184,DT,44,54,46,73,52,65,56,67,61,72,,,,58,,,,,,,,,,,,50,,,,,,,,,,,74,,,,,56,,,,,67,,,,,60,,,,,,,,,,,,,,,MODELED
FA_TE_185,TE,76,75,68,67,70,72,70,61,67,72,,,,,,,69,69,,,,,,,,,,,,,,,,,70,,,,,,,,,,,,,,65,58,61,,,,,76,,,,78,,,,,,,MODELED
FA_RB_186,RB,57,55,69,54,71,58,55,60,76,56,,,,,60,65,,,,55,,,,,56,,,,,,,,,,,55,,,,,,,,,,,,55,,,,,,,,,,,,,,,,,66,,MODELED
