player_id,display_name,team_id,position,position_group,jersey_number,height_inches,weight_lbs,age,experience_years,college_id,college_name,draft_year,draft_round,draft_pick_in_round,draft_overall_pick,draft_status,rookie_flag,roster_status,designation,depth_rank,role_tier,overall_rating,potential_rating,data_class
BUF_QB_01,Emeka Isbell,BUF,QB,Quarterback,59,73,242,38,15,COL0245,Talbot State Tech,2011,3,31,95,DRAFTED,0,ACTIVE,NONE,1,STARTER,82,88,GENERATED
BUF_QB_02,Morgan Lombardo,BUF,QB,Quarterback,93,75,230,28,6,COL0036,Kelvinridge State,2020,7,31,223,DRAFTED,0,ACTIVE,NONE,2,ROTATIONAL,66,74,GENERATED
BUF_QB_03,Mikael Calloway,BUF,QB,Quarterback,99,74,226,24,2,COL0136,Larkspur Tech,2024,5,12,140,DRAFTED,0,PRACTICE_SQUAD_CANDIDATE,NONE,3,DEPTH,68,75,GENERATED
BUF_QB_04,Odell Jimerson,BUF,QB,Quarterback,12,73,230,28,6,COL0183,Sunderland State,2020,,,,UNDRAFTED,0,CAMP_BODY,NONE,4,CAMP,60,60,GENERATED
BUF_RB_01,Gunnar Bradshaw,BUF,RB,Backfield,63,70,205,29,7,COL0183,Sunderland State,2019,,,,UNDRAFTED,0,ACTIVE,NONE,1,STARTER,65,65,GENERATED
BUF_RB_02,Lawson Rainsberger,BUF,RB,Backfield,85,71,208,28,6,COL0056,Redbluff State Tech,2020,,,,UNDRAFTED,0,ACTIVE,NONE,2,ROTATIONAL,62,64,GENERATED
BUF_RB_03,Marquise Wilkerson,BUF,RB,Backfield,60,70,227,22,0,COL0157,Granite Bay Tech,2026,5,7,135,DRAFTED,1,ACTIVE,NONE,3,ROTATIONAL,58,71,GENERATED
BUF_RB_04,Hayes Wainwright,BUF,RB,Backfield,62,68,218,23,1,COL0076,Cypress Hollow Institute,2025,4,6,102,DRAFTED,0,PRACTICE_SQUAD_CANDIDATE,NONE,4,DEPTH,67,67,GENERATED
BUF_RB_05,Kelvin Rentschler,BUF,RB,Backfield,10,69,206,22,0,COL0175,Harrowgate State Tech,2026,,,,UNDRAFTED,1,CAMP_BODY,PUP,5,CAMP,56,64,GENERATED
BUF_FB_01,Cormac Thistlewood,BUF,FB,Backfield,80,70,228,27,5,COL0026,Marbury College,2021,,,,UNDRAFTED,0,ACTIVE,NONE,1,STARTER,72,77,GENERATED
BUF_WR_01,Keegan Swearinger,BUF,WR,Receiver,90,70,208,33,10,COL0148,Cedar Falls State,2016,3,17,81,DRAFTED,0,ACTIVE,DAY_TO_DAY,1,STARTER,75,76,GENERATED
BUF_WR_02,Zaire Piscopo,BUF,WR,Receiver,77,70,194,23,1,COL0131,Emberton College,2025,2,8,40,DRAFTED,0,ACTIVE,NONE,2,STARTER,76,81,GENERATED
BUF_WR_03,Gannon Kenney,BUF,WR,Receiver,6,75,192,26,2,COL0156,Granite Bay University,2024,1,19,19,DRAFTED,0,ACTIVE,NONE,3,STARTER,78,78,GENERATED
BUF_WR_04,Duncan Judkins,BUF,WR,Receiver,19,74,191,28,4,COL0098,Bellhaven State Tech,2022,5,18,146,DRAFTED,0,ACTIVE,DAY_TO_DAY,4,ROTATIONAL,71,72,GENERATED
BUF_WR_05,Omari Appleton,BUF,WR,Receiver,44,70,181,25,3,COL0039,Kelvinridge A&M,2023,5,22,150,DRAFTED,0,ACTIVE,NONE,5,ROTATIONAL,64,70,GENERATED
BUF_WR_06,Reeves Tullis,BUF,WR,Receiver,76,70,208,25,2,COL0202,Copper Creek Institute,2024,3,29,93,DRAFTED,0,ACTIVE,NONE,6,ROTATIONAL,69,73,GENERATED
BUF_WR_07,Lowell Dalrymple,BUF,WR,Receiver,52,69,196,22,0,COL0254,Bramblewood University,2026,7,4,196,DRAFTED,1,PRACTICE_SQUAD_CANDIDATE,NONE,7,DEPTH,54,63,GENERATED
BUF_WR_08,Ashton Kalapana,BUF,WR,Receiver,96,70,180,23,0,COL0174,Harrowgate Institute,2026,,,,UNDRAFTED,1,PRACTICE_SQUAD_CANDIDATE,NONE,8,DEPTH,57,63,GENERATED
BUF_WR_09,Ulysses Threadgill,BUF,WR,Receiver,31,70,224,23,0,COL0180,Mount Verity College,2026,7,25,217,DRAFTED,1,CAMP_BODY,NONE,9,CAMP,62,67,GENERATED
BUF_WR_10,Rhett Hemsley,BUF,WR,Receiver,26,71,196,25,1,COL0097,Bellhaven Institute,2025,,,,UNDRAFTED,0,CAMP_BODY,NONE,10,CAMP,58,61,GENERATED
BUF_WR_11,Fritz Hightower,BUF,WR,Receiver,16,71,201,22,0,COL0230,Dunmore Institute,2026,,,,UNDRAFTED,1,CAMP_BODY,NONE,11,CAMP,56,59,GENERATED
BUF_TE_01,Odin Yoshida,BUF,TE,Receiver,67,74,248,29,7,COL0025,Marbury A&M,2019,3,26,90,DRAFTED,0,ACTIVE,NONE,1,STARTER,69,71,GENERATED
BUF_TE_02,Logan Oosterhout,BUF,TE,Receiver,98,76,255,26,3,COL0100,Thornfield University,2023,5,20,148,DRAFTED,0,ACTIVE,NONE,2,ROTATIONAL,67,68,GENERATED
BUF_TE_03,Onyx Dargan,BUF,TE,Receiver,56,79,244,31,7,COL0246,Winslow State,2019,1,23,23,DRAFTED,0,ACTIVE,NONE,3,ROTATIONAL,77,79,GENERATED
BUF_TE_04,Horace Sinnott,BUF,TE,Receiver,79,75,226,24,2,COL0170,Harrowgate University,2024,5,9,137,DRAFTED,0,PRACTICE_SQUAD_CANDIDATE,NONE,4,DEPTH,67,70,GENERATED
BUF_TE_05,Mason Pinnock,BUF,TE,Receiver,33,78,245,24,2,COL0016,Ashfield University,2024,7,13,205,DRAFTED,0,CAMP_BODY,NONE,5,CAMP,47,57,GENERATED
BUF_TE_06,Herschel Helaire,BUF,TE,Receiver,2,75,242,24,1,COL0085,Westmoor State,2025,,,,UNDRAFTED,0,CAMP_BODY,NONE,6,CAMP,54,57,GENERATED
BUF_OT_01,Roman Zamora,BUF,OT,O-Line,8,78,312,22,1,COL0222,Foxcroft College,2025,3,25,89,DRAFTED,0,ACTIVE,NONE,1,STARTER,74,80,GENERATED
BUF_OT_02,Cooper Trufant,BUF,OT,O-Line,38,77,310,32,8,COL0259,Bramblewood State Tech,2018,2,19,51,DRAFTED,0,ACTIVE,NONE,2,STARTER,82,83,GENERATED
BUF_OT_03,Kellan Santoro,BUF,OT,O-Line,36,76,326,25,2,COL0015,Ashfield State,2024,1,26,26,DRAFTED,0,ACTIVE,NONE,3,ROTATIONAL,74,74,GENERATED
BUF_OT_04,Vicente Cosgrove,BUF,OT,O-Line,3,78,318,24,3,COL0004,Calderwood A&M,2023,,,,UNDRAFTED,0,ACTIVE,DAY_TO_DAY,4,ROTATIONAL,66,67,GENERATED
BUF_OT_05,Malcolm Holliday,BUF,OT,O-Line,83,78,306,25,2,COL0131,Emberton College,2024,,,,UNDRAFTED,0,PRACTICE_SQUAD_CANDIDATE,NONE,5,DEPTH,64,70,GENERATED
BUF_OT_06,Kruz Buckner,BUF,OT,O-Line,46,77,318,23,0,COL0092,Bellhaven State,2026,2,3,35,DRAFTED,1,CAMP_BODY,PUP,6,CAMP,69,75,GENERATED
BUF_OG_01,Ashton Jorgensen,BUF,OG,O-Line,58,73,317,27,4,COL0186,Sunderland A&M,2022,1,4,4,DRAFTED,0,ACTIVE,NONE,1,STARTER,72,73,GENERATED
BUF_OG_02,Colston Brinkley,BUF,OG,O-Line,87,78,310,22,0,COL0169,Harrowgate State,2026,1,6,6,DRAFTED,1,ACTIVE,NONE,2,STARTER,69,74,GENERATED
BUF_OG_03,Finley Drayton,BUF,OG,O-Line,74,75,316,25,2,COL0151,Cedar Falls A&M,2024,,,,UNDRAFTED,0,ACTIVE,NONE,3,ROTATIONAL,66,66,GENERATED
BUF_OG_04,Keegan Brody,BUF,OG,O-Line,86,74,312,27,3,COL0026,Marbury College,2023,,,,UNDRAFTED,0,ACTIVE,IR,4,ROTATIONAL,60,61,GENERATED
BUF_OG_05,Elias Lasseter,BUF,OG,O-Line,11,78,314,24,0,COL0218,Foxcroft State,2026,,,,UNDRAFTED,1,PRACTICE_SQUAD_CANDIDATE,NONE,5,DEPTH,62,62,GENERATED
BUF_OG_06,Mack Eubanks,BUF,OG,O-Line,57,72,320,21,0,COL0080,Iron Gate Tech,2026,6,23,183,DRAFTED,1,CAMP_BODY,NONE,6,CAMP,51,62,GENERATED
BUF_C_01,Draven Mixson,BUF,C,O-Line,55,73,288,24,3,COL0181,Mount Verity Institute,2023,3,32,96,DRAFTED,0,ACTIVE,NONE,1,STARTER,75,79,GENERATED
BUF_C_02,Wallace Roscoe,BUF,C,O-Line,88,74,300,23,0,COL0080,Iron Gate Tech,2026,,,,UNDRAFTED,1,ACTIVE,NONE,2,ROTATIONAL,71,79,GENERATED
BUF_C_03,Darian Steinkuhler,BUF,C,O-Line,21,75,309,28,5,COL0168,Sablewood State Tech,2021,5,29,157,DRAFTED,0,PRACTICE_SQUAD_CANDIDATE,PUP,3,DEPTH,64,64,GENERATED
BUF_EDGE_01,Lars Stanfield,BUF,EDGE,Front Seven,72,76,271,23,2,COL0134,Larkspur State,2024,1,1,1,DRAFTED,0,ACTIVE,NONE,1,STARTER,89,98,GENERATED
BUF_EDGE_02,Bishop Ayers,BUF,EDGE,Front Seven,95,77,278,25,3,COL0007,Calderwood State Tech,2023,1,7,7,DRAFTED,0,ACTIVE,NONE,2,STARTER,77,82,GENERATED
BUF_EDGE_03,Morgan Marsalis,BUF,EDGE,Front Seven,13,75,250,27,3,COL0011,Fort Grayson A&M,2023,,,,UNDRAFTED,0,ACTIVE,NONE,3,ROTATIONAL,62,66,GENERATED
BUF_EDGE_04,Raylan Wolfington,BUF,EDGE,Front Seven,66,76,260,27,5,COL0049,Northcrest State Tech,2021,7,8,200,DRAFTED,0,ACTIVE,IR,4,ROTATIONAL,68,77,GENERATED
BUF_EDGE_05,Pascal Yeboah,BUF,EDGE,Front Seven,4,77,256,25,2,COL0122,Falcon Ridge Tech,2024,5,21,149,DRAFTED,0,ACTIVE,NONE,5,ROTATIONAL,72,75,GENERATED
BUF_EDGE_06,Lennon Paschall,BUF,EDGE,Front Seven,32,75,277,24,0,COL0053,Redbluff A&M,2026,,,,UNDRAFTED,1,PRACTICE_SQUAD_CANDIDATE,NONE,6,DEPTH,58,65,GENERATED
BUF_EDGE_07,Jaxton Santoro,BUF,EDGE,Front Seven,97,74,242,24,2,COL0241,Talbot Tech,2024,5,1,129,DRAFTED,0,PRACTICE_SQUAD_CANDIDATE,NONE,7,DEPTH,63,72,GENERATED
BUF_EDGE_08,Blaise Hemsley,BUF,EDGE,Front Seven,89,76,254,21,0,COL0229,Dunmore College,2026,6,22,182,DRAFTED,1,CAMP_BODY,NONE,8,CAMP,56,65,GENERATED
BUF_EDGE_09,Kalen Vasher,BUF,EDGE,Front Seven,68,73,272,23,1,COL0149,Cedar Falls University,2025,,,,UNDRAFTED,0,CAMP_BODY,NONE,9,CAMP,58,60,GENERATED
BUF_DT_01,Augustus McCourty,BUF,DT,Front Seven,91,73,337,28,7,COL0005,Calderwood College,2019,6,8,168,DRAFTED,0,ACTIVE,NONE,1,STARTER,71,71,GENERATED
BUF_DT_02,Radcliffe Bumgarner,BUF,DT,Front Seven,29,73,303,24,2,COL0176,Mount Verity State,2024,4,13,109,DRAFTED,0,ACTIVE,NONE,2,STARTER,71,80,GENERATED
BUF_DT_03,Hayes Okorafor,BUF,DT,Front Seven,1,75,308,23,0,COL0085,Westmoor State,2026,7,17,209,DRAFTED,1,ACTIVE,DAY_TO_DAY,3,ROTATIONAL,62,64,GENERATED
BUF_DT_04,Bexley Sandidge,BUF,DT,Front Seven,61,77,311,31,7,COL0062,Havenport Institute,2019,3,26,90,DRAFTED,0,ACTIVE,NONE,4,ROTATIONAL,78,79,GENERATED
BUF_DT_05,Thelonious Wanogho,BUF,DT,Front Seven,27,72,316,24,2,COL0172,Harrowgate A&M,2024,6,13,173,DRAFTED,0,ACTIVE,NONE,5,ROTATIONAL,72,75,GENERATED
BUF_DT_06,Jonas Percival,BUF,DT,Front Seven,43,74,330,25,2,COL0204,Lakemont State,2024,7,15,207,DRAFTED,0,PRACTICE_SQUAD_CANDIDATE,NONE,6,DEPTH,63,64,GENERATED
BUF_DT_07,Owen Prioleau,BUF,DT,Front Seven,81,73,322,24,0,COL0037,Kelvinridge University,2026,,,,UNDRAFTED,1,CAMP_BODY,NONE,7,CAMP,63,63,GENERATED
BUF_DT_08,Avery McLendon,BUF,DT,Front Seven,78,76,298,23,0,COL0243,Talbot College,2026,7,28,220,DRAFTED,1,CAMP_BODY,NONE,8,CAMP,61,64,GENERATED
BUF_LB_01,Wesley Selvie,BUF,LB,Front Seven,5,73,231,30,6,COL0167,Sablewood Institute,2020,4,13,109,DRAFTED,0,ACTIVE,NONE,1,STARTER,72,75,GENERATED
BUF_LB_02,Rufus Fetterman,BUF,LB,Front Seven,15,73,223,24,1,COL0240,Talbot University,2025,1,1,1,DRAFTED,0,ACTIVE,NONE,2,STARTER,72,78,GENERATED
BUF_LB_03,Gunner Hopkins,BUF,LB,Front Seven,42,72,231,22,1,COL0116,Kingsbridge A&M,2025,,,,UNDRAFTED,0,ACTIVE,NONE,3,ROTATIONAL,65,73,GENERATED
BUF_LB_04,Stryker Vanderveer,BUF,LB,Front Seven,9,76,235,23,2,COL0158,Granite Bay A&M,2024,5,13,141,DRAFTED,0,ACTIVE,NONE,4,ROTATIONAL,71,78,GENERATED
BUF_LB_05,Owen Desormeaux,BUF,LB,Front Seven,82,72,243,28,5,COL0232,Clearwater Ridge State,2021,2,17,49,DRAFTED,0,ACTIVE,NONE,5,ROTATIONAL,66,70,GENERATED
BUF_LB_06,Gideon Gaddis,BUF,LB,Front Seven,84,75,243,24,1,COL0229,Dunmore College,2025,6,14,174,DRAFTED,0,PRACTICE_SQUAD_CANDIDATE,NONE,6,DEPTH,58,67,GENERATED
BUF_LB_07,Kamden Hankins,BUF,LB,Front Seven,17,73,225,23,1,COL0123,Falcon Ridge A&M,2025,,,,UNDRAFTED,0,CAMP_BODY,DAY_TO_DAY,7,CAMP,50,54,GENERATED
BUF_LB_08,Sterling Bascomb,BUF,LB,Front Seven,35,73,262,23,0,COL0139,Larkspur Institute,2026,7,3,195,DRAFTED,1,CAMP_BODY,DAY_TO_DAY,8,CAMP,62,68,GENERATED
BUF_CB_01,Enzo Deakins,BUF,CB,Secondary,51,70,198,27,6,COL0170,Harrowgate University,2020,4,30,126,DRAFTED,0,ACTIVE,NONE,1,STARTER,70,78,GENERATED
BUF_CB_02,Leon Gaskins,BUF,CB,Secondary,75,71,191,23,0,COL0217,Ravensburg State Tech,2026,4,1,97,DRAFTED,1,ACTIVE,NONE,2,STARTER,72,80,GENERATED
BUF_CB_03,Leland Callender,BUF,CB,Secondary,48,71,175,26,4,COL0107,Quarry Hill University,2022,5,11,139,DRAFTED,0,ACTIVE,NONE,3,STARTER,73,73,GENERATED
BUF_CB_04,Lennox Harkness,BUF,CB,Secondary,50,73,196,27,3,COL0217,Ravensburg State Tech,2023,4,9,105,DRAFTED,0,ACTIVE,DAY_TO_DAY,4,ROTATIONAL,64,64,GENERATED
BUF_CB_05,Hank Rimington,BUF,CB,Secondary,65,68,193,24,3,COL0170,Harrowgate University,2023,,,,UNDRAFTED,0,ACTIVE,NONE,5,ROTATIONAL,65,65,GENERATED
BUF_CB_06,Tristan Lucchese,BUF,CB,Secondary,24,72,207,30,7,COL0256,Bramblewood A&M,2019,7,13,205,DRAFTED,0,ACTIVE,NONE,6,ROTATIONAL,67,71,GENERATED
BUF_CB_07,Soren Edelman,BUF,CB,Secondary,40,70,171,26,3,COL0061,Havenport College,2023,,,,UNDRAFTED,0,PRACTICE_SQUAD_CANDIDATE,NONE,7,DEPTH,71,75,GENERATED
BUF_CB_08,Fritz Kraft,BUF,CB,Secondary,20,73,201,25,3,COL0085,Westmoor State,2023,,,,UNDRAFTED,0,PRACTICE_SQUAD_CANDIDATE,NONE,8,DEPTH,60,62,GENERATED
BUF_CB_09,Fenwick Minshew,BUF,CB,Secondary,53,69,192,23,0,COL0067,Silverlake A&M,2026,5,21,149,DRAFTED,1,CAMP_BODY,NONE,9,CAMP,53,57,GENERATED
BUF_CB_10,Cairo Copeland,BUF,CB,Secondary,23,68,189,22,0,COL0156,Granite Bay University,2026,5,20,148,DRAFTED,1,CAMP_BODY,NONE,10,CAMP,51,60,GENERATED
BUF_CB_11,Quade Tavai,BUF,CB,Secondary,22,66,201,24,0,COL0253,Bramblewood State,2026,,,,UNDRAFTED,1,CAMP_BODY,NONE,11,CAMP,62,62,GENERATED
BUF_S_01,Carlisle Vickers,BUF,S,Secondary,14,73,193,24,3,COL0258,Bramblewood Institute,2023,5,16,144,DRAFTED,0,ACTIVE,NONE,1,STARTER,71,76,GENERATED
BUF_S_02,Radcliffe Schaffner,BUF,S,Secondary,37,71,206,25,3,COL0136,Larkspur Tech,2023,1,25,25,DRAFTED,0,ACTIVE,NONE,2,STARTER,84,89,GENERATED
BUF_S_03,Brogan Diallo,BUF,S,Secondary,64,74,214,24,2,COL0006,Calderwood Institute,2024,3,6,70,DRAFTED,0,ACTIVE,NONE,3,ROTATIONAL,70,76,GENERATED
BUF_S_04,Vince Finnegan,BUF,S,Secondary,34,73,199,27,5,COL0018,Ashfield A&M,2021,3,30,94,DRAFTED,0,ACTIVE,PUP,4,ROTATIONAL,61,67,GENERATED
BUF_S_05,Roderick Doughty,BUF,S,Secondary,41,71,203,24,1,COL0237,Clearwater Ridge Institute,2025,,,,UNDRAFTED,0,PRACTICE_SQUAD_CANDIDATE,NONE,5,DEPTH,64,70,GENERATED
BUF_S_06,Barnes Poteat,BUF,S,Secondary,73,68,212,23,0,COL0063,Havenport State Tech,2026,5,32,160,DRAFTED,1,CAMP_BODY,NONE,6,CAMP,61,70,GENERATED
BUF_S_07,Jaxton Minshew,BUF,S,Secondary,69,72,208,25,1,COL0171,Harrowgate Tech,2025,7,3,195,DRAFTED,0,CAMP_BODY,NONE,7,CAMP,51,57,GENERATED
BUF_K_01,Ansel Schmitz,BUF,K,Specialist,47,71,189,32,8,COL0182,Mount Verity State Tech,2018,2,19,51,DRAFTED,0,ACTIVE,NONE,1,STARTER,71,75,GENERATED
BUF_K_02,Patton Fontenot,BUF,K,Specialist,71,71,200,25,3,COL0014,Fort Grayson State Tech,2023,5,21,149,DRAFTED,0,PRACTICE_SQUAD_CANDIDATE,NONE,2,DEPTH,57,60,GENERATED
BUF_P_01,Kellan Danforth,BUF,P,Specialist,25,73,201,29,6,COL0198,Copper Creek University,2020,2,10,42,DRAFTED,0,ACTIVE,NONE,1,STARTER,69,73,GENERATED
BUF_P_02,Julius Carrington,BUF,P,Specialist,92,71,195,24,0,COL0028,Marbury State Tech,2026,,,,UNDRAFTED,1,PRACTICE_SQUAD_CANDIDATE,NONE,2,DEPTH,70,73,GENERATED
BUF_LS_01,Forrest Brockman,BUF,LS,Specialist,30,73,240,30,6,COL0060,Havenport A&M,2020,2,1,33,DRAFTED,0,ACTIVE,NONE,1,STARTER,67,67,GENERATED
MIA_QB_01,Mikael Moorhead,MIA,QB,Quarterback,96,76,235,36,14,COL0136,Larkspur Tech,2012,3,16,80,DRAFTED,0,ACTIVE,NONE,1,STARTER,71,73,GENERATED
MIA_QB_02,Sheridan Bergeron,MIA,QB,Quarterback,81,76,217,26,4,COL0023,Marbury University,2022,,,,UNDRAFTED,0,ACTIVE,NONE,2,ROTATIONAL,53,54,GENERATED
MIA_QB_03,Izaiah Hamlett,MIA,QB,Quarterback,14,73,215,23,1,COL0087,Westmoor Tech,2025,,,,UNDRAFTED,0,PRACTICE_SQUAD_CANDIDATE,NONE,3,DEPTH,65,72,GENERATED
MIA_QB_04,Wendell Sarratt,MIA,QB,Quarterback,43,76,215,23,0,COL0107,Quarry Hill University,2026,5,10,138,DRAFTED,1,CAMP_BODY,NONE,4,CAMP,51,56,GENERATED
MIA_RB_01,Lincoln Karras,MIA,RB,Backfield,85,67,194,29,6,COL0170,Harrowgate University,2020,4,1,97,DRAFTED,0,ACTIVE,NONE,1,STARTER,62,62,GENERATED
MIA_RB_02,Asa Mortenson,MIA,RB,Backfield,3,70,222,25,2,COL0019,Ashfield College,2024,5,21,149,DRAFTED,0,ACTIVE,NONE,2,ROTATIONAL,63,63,GENERATED
MIA_RB_03,Joaquin Rimington,MIA,RB,Backfield,45,71,202,24,1,COL0049,Northcrest State Tech,2025,,,,UNDRAFTED,0,ACTIVE,NONE,3,ROTATIONAL,56,57,GENERATED
MIA_RB_04,Ignacio Cahill,MIA,RB,Backfield,70,68,194,23,0,COL0024,Marbury Tech,2026,5,30,158,DRAFTED,1,PRACTICE_SQUAD_CANDIDATE,NONE,4,DEPTH,65,73,GENERATED
MIA_RB_05,Winston Oluokun,MIA,RB,Backfield,66,69,222,23,1,COL0187,Sunderland College,2025,,,,UNDRAFTED,0,CAMP_BODY,IR,5,CAMP,48,52,GENERATED
MIA_FB_01,Ramsey Zimmerman,MIA,FB,Backfield,57,71,254,28,6,COL0135,Larkspur University,2020,1,20,20,DRAFTED,0,ACTIVE,NONE,1,STARTER,67,67,GENERATED
MIA_WR_01,Hutch Meacham,MIA,WR,Receiver,27,69,222,33,9,COL0099,Thornfield State,2017,4,7,103,DRAFTED,0,ACTIVE,NONE,1,STARTER,77,77,GENERATED
MIA_WR_02,Fenwick Fetterman,MIA,WR,Receiver,90,73,175,23,2,COL0245,Talbot State Tech,2024,1,20,20,DRAFTED,0,ACTIVE,NONE,2,STARTER,69,78,GENERATED
MIA_WR_03,Ace Wrighster,MIA,WR,Receiver,64,71,202,26,5,COL0172,Harrowgate A&M,2021,3,1,65,DRAFTED,0,ACTIVE,NONE,3,STARTER,72,73,GENERATED
MIA_WR_04,Orion Berrios,MIA,WR,Receiver,86,71,208,30,7,COL0018,Ashfield A&M,2019,2,7,39,DRAFTED,0,ACTIVE,NONE,4,ROTATIONAL,65,72,GENERATED
MIA_WR_05,Noel Charbonnet,MIA,WR,Receiver,16,68,211,34,11,COL0044,Northcrest University,2015,3,28,92,DRAFTED,0,ACTIVE,NONE,5,ROTATIONAL,60,64,GENERATED
MIA_WR_06,Vance Danforth,MIA,WR,Receiver,1,71,186,29,6,COL0121,Falcon Ridge University,2020,1,7,7,DRAFTED,0,ACTIVE,NONE,6,ROTATIONAL,76,80,GENERATED
MIA_WR_07,Kellan Valdejuli,MIA,WR,Receiver,36,71,196,29,5,COL0054,Redbluff College,2021,,,,UNDRAFTED,0,PRACTICE_SQUAD_CANDIDATE,NONE,7,DEPTH,62,62,GENERATED
MIA_WR_08,Lonnie Eckhardt,MIA,WR,Receiver,67,75,210,26,2,COL0112,Quarry Hill State Tech,2024,,,,UNDRAFTED,0,PRACTICE_SQUAD_CANDIDATE,NONE,8,DEPTH,54,56,GENERATED
MIA_WR_09,Monte Trapasso,MIA,WR,Receiver,63,72,195,23,0,COL0091,Westmoor State Tech,2026,,,,UNDRAFTED,1,CAMP_BODY,NONE,9,CAMP,62,73,GENERATED
MIA_WR_10,Kermit Ridgeway,MIA,WR,Receiver,76,72,196,21,0,COL0120,Falcon Ridge State,2026,5,14,142,DRAFTED,1,CAMP_BODY,NONE,10,CAMP,58,69,GENERATED
MIA_WR_11,Rashad Courtland,MIA,WR,Receiver,42,71,175,22,0,COL0176,Mount Verity State,2026,7,4,196,DRAFTED,1,CAMP_BODY,NONE,11,CAMP,59,65,GENERATED
MIA_TE_01,Benoit Magnusson,MIA,TE,Receiver,74,76,254,25,2,COL0252,Winslow State Tech,2024,2,9,41,DRAFTED,0,ACTIVE,NONE,1,STARTER,69,76,GENERATED
MIA_TE_02,Demetrius Callender,MIA,TE,Receiver,4,78,246,25,4,COL0072,Cypress Hollow University,2022,,,,UNDRAFTED,0,ACTIVE,NONE,2,ROTATIONAL,78,79,GENERATED
MIA_TE_03,Amari Gresham,MIA,TE,Receiver,48,79,256,22,0,COL0145,Whitepine College,2026,4,8,104,DRAFTED,1,ACTIVE,NONE,3,ROTATIONAL,72,74,GENERATED
MIA_TE_04,Vince Ferrante,MIA,TE,Receiver,55,78,235,24,0,COL0232,Clearwater Ridge State,2026,7,25,217,DRAFTED,1,PRACTICE_SQUAD_CANDIDATE,NONE,4,DEPTH,53,62,GENERATED
MIA_TE_05,Terrance Medearis,MIA,TE,Receiver,12,76,253,23,0,COL0055,Redbluff Institute,2026,7,13,205,DRAFTED,1,CAMP_BODY,NONE,5,CAMP,60,67,GENERATED
MIA_TE_06,Seamus Trevathan,MIA,TE,Receiver,59,76,243,25,1,COL0163,Sablewood University,2025,,,,UNDRAFTED,0,CAMP_BODY,NONE,6,CAMP,58,61,GENERATED
MIA_OT_01,Cassian Harmon,MIA,OT,O-Line,28,78,311,24,1,COL0253,Bramblewood State,2025,,,,UNDRAFTED,0,ACTIVE,NONE,1,STARTER,67,74,GENERATED
MIA_OT_02,Dupree Dillard,MIA,OT,O-Line,30,80,326,28,6,COL0136,Larkspur Tech,2020,5,11,139,DRAFTED,0,ACTIVE,NONE,2,STARTER,69,71,GENERATED
MIA_OT_03,Torin Hagerty,MIA,OT,O-Line,89,76,320,27,5,COL0204,Lakemont State,2021,3,26,90,DRAFTED,0,ACTIVE,NONE,3,ROTATIONAL,68,69,GENERATED
MIA_OT_04,Weston Ferrante,MIA,OT,O-Line,18,78,326,24,2,COL0073,Cypress Hollow Tech,2024,5,22,150,DRAFTED,0,ACTIVE,NONE,4,ROTATIONAL,72,72,GENERATED
MIA_OT_05,Nash Schmitz,MIA,OT,O-Line,69,77,303,25,1,COL0120,Falcon Ridge State,2025,4,9,105,DRAFTED,0,PRACTICE_SQUAD_CANDIDATE,NONE,5,DEPTH,65,72,GENERATED
MIA_OT_06,Brennan Panganiban,MIA,OT,O-Line,62,77,324,26,3,COL0009,Fort Grayson University,2023,4,13,109,DRAFTED,0,CAMP_BODY,NONE,6,CAMP,62,72,GENERATED
MIA_OG_01,Terrance Oakman,MIA,OG,O-Line,21,76,308,27,4,COL0157,Granite Bay Tech,2022,1,28,28,DRAFTED,0,ACTIVE,NONE,1,STARTER,69,72,GENERATED
MIA_OG_02,Sergio Mundy,MIA,OG,O-Line,35,74,341,29,7,COL0024,Marbury Tech,2019,6,26,186,DRAFTED,0,ACTIVE,NONE,2,STARTER,68,70,GENERATED
MIA_OG_03,Otto Aubert,MIA,OG,O-Line,84,78,314,26,3,COL0217,Ravensburg State Tech,2023,,,,UNDRAFTED,0,ACTIVE,NONE,3,ROTATIONAL,59,67,GENERATED
MIA_OG_04,Kalen Chidozie,MIA,OG,O-Line,49,75,309,26,5,COL0231,Dunmore State Tech,2021,,,,UNDRAFTED,0,ACTIVE,NONE,4,ROTATIONAL,60,61,GENERATED
MIA_OG_05,Harrison Sylvester,MIA,OG,O-Line,78,76,318,22,1,COL0060,Havenport A&M,2025,7,6,198,DRAFTED,0,PRACTICE_SQUAD_CANDIDATE,NONE,5,DEPTH,68,70,GENERATED
MIA_OG_06,Tiberius Creswell,MIA,OG,O-Line,23,75,290,22,0,COL0242,Talbot A&M,2026,6,4,164,DRAFTED,1,CAMP_BODY,NONE,6,CAMP,52,59,GENERATED
MIA_C_01,Eero Burrage,MIA,C,O-Line,10,74,296,36,13,COL0253,Bramblewood State,2013,1,3,3,DRAFTED,0,ACTIVE,NONE,1,STARTER,70,72,GENERATED
MIA_C_02,Hampton Prescott,MIA,C,O-Line,13,75,321,21,0,COL0077,Cypress Hollow State Tech,2026,,,,UNDRAFTED,1,ACTIVE,NONE,2,ROTATIONAL,66,67,GENERATED
MIA_C_03,Santiago Gaskins,MIA,C,O-Line,65,75,314,25,3,COL0108,Quarry Hill Tech,2023,,,,UNDRAFTED,0,PRACTICE_SQUAD_CANDIDATE,NONE,3,DEPTH,54,57,GENERATED
MIA_EDGE_01,Jace Rochell,MIA,EDGE,Front Seven,47,76,240,23,2,COL0208,Lakemont College,2024,1,16,16,DRAFTED,0,ACTIVE,NONE,1,STARTER,78,82,GENERATED
MIA_EDGE_02,Montell Tindall,MIA,EDGE,Front Seven,61,77,265,36,13,COL0122,Falcon Ridge Tech,2013,4,16,112,DRAFTED,0,ACTIVE,NONE,2,STARTER,67,70,GENERATED
MIA_EDGE_03,Sherman Umenyiora,MIA,EDGE,Front Seven,22,75,246,28,5,COL0198,Copper Creek University,2021,,,,UNDRAFTED,0,ACTIVE,NONE,3,ROTATIONAL,59,62,GENERATED
MIA_EDGE_04,Jeremiah Schofield,MIA,EDGE,Front Seven,72,76,293,25,4,COL0055,Redbluff Institute,2022,7,8,200,DRAFTED,0,ACTIVE,NONE,4,ROTATIONAL,67,69,GENERATED
MIA_EDGE_05,Yardley Cordray,MIA,EDGE,Front Seven,92,77,247,25,2,COL0108,Quarry Hill Tech,2024,5,19,147,DRAFTED,0,ACTIVE,NONE,5,ROTATIONAL,58,70,GENERATED
MIA_EDGE_06,Flynn Neasman,MIA,EDGE,Front Seven,7,75,258,23,0,COL0048,Northcrest Institute,2026,5,24,152,DRAFTED,1,PRACTICE_SQUAD_CANDIDATE,NONE,6,DEPTH,59,59,GENERATED
MIA_EDGE_07,Ellis Veilleux,MIA,EDGE,Front Seven,24,74,255,23,0,COL0213,Ravensburg Tech,2026,,,,UNDRAFTED,1,PRACTICE_SQUAD_CANDIDATE,NONE,7,DEPTH,64,75,GENERATED
MIA_EDGE_08,Yannick Wentworth,MIA,EDGE,Front Seven,29,75,253,24,1,COL0001,Calderwood State,2025,5,7,135,DRAFTED,0,CAMP_BODY,NONE,8,CAMP,61,63,GENERATED
MIA_EDGE_09,Maxim Petitgout,MIA,EDGE,Front Seven,15,75,259,24,1,COL0087,Westmoor Tech,2025,,,,UNDRAFTED,0,CAMP_BODY,NONE,9,CAMP,59,63,GENERATED
MIA_DT_01,Tiberius Burnell,MIA,DT,Front Seven,82,73,311,25,3,COL0008,Fort Grayson State,2023,3,8,72,DRAFTED,0,ACTIVE,NONE,1,STARTER,76,78,GENERATED
MIA_DT_02,Maddox Marlowe,MIA,DT,Front Seven,11,74,282,24,2,COL0140,Larkspur State Tech,2024,3,9,73,DRAFTED,0,ACTIVE,NONE,2,STARTER,73,83,GENERATED
MIA_DT_03,Nikolai Quigley,MIA,DT,Front Seven,44,74,308,28,5,COL0062,Havenport Institute,2021,4,11,107,DRAFTED,0,ACTIVE,NONE,3,ROTATIONAL,66,68,GENERATED
MIA_DT_04,Phelan Braithwaite,MIA,DT,Front Seven,95,75,330,28,4,COL0243,Talbot College,2022,5,8,136,DRAFTED,0,ACTIVE,NONE,4,ROTATIONAL,75,78,GENERATED
MIA_DT_05,Leon Hardison,MIA,DT,Front Seven,20,76,302,29,7,COL0138,Larkspur College,2019,,,,UNDRAFTED,0,ACTIVE,NONE,5,ROTATIONAL,73,73,GENERATED
MIA_DT_06,Eero Warrick,MIA,DT,Front Seven,98,74,303,24,1,COL0223,Foxcroft Institute,2025,,,,UNDRAFTED,0,PRACTICE_SQUAD_CANDIDATE,NONE,6,DEPTH,60,64,GENERATED
MIA_DT_07,Ajani Shockley,MIA,DT,Front Seven,25,77,284,25,2,COL0025,Marbury A&M,2024,6,21,181,DRAFTED,0,CAMP_BODY,IR,7,CAMP,60,61,GENERATED
MIA_DT_08,Kelvin Faulkner,MIA,DT,Front Seven,39,73,298,23,1,COL0090,Westmoor Institute,2025,7,1,193,DRAFTED,0,CAMP_BODY,NONE,8,CAMP,60,67,GENERATED
MIA_LB_01,Levi Lambright,MIA,LB,Front Seven,97,74,232,23,1,COL0172,Harrowgate A&M,2025,4,22,118,DRAFTED,0,ACTIVE,NONE,1,STARTER,64,74,GENERATED
MIA_LB_02,Kareem Harmon,MIA,LB,Front Seven,19,73,253,28,5,COL0256,Bramblewood A&M,2021,7,21,213,DRAFTED,0,ACTIVE,NONE,2,STARTER,62,62,GENERATED
MIA_LB_03,Vaughn Gerhardt,MIA,LB,Front Seven,93,72,254,25,3,COL0171,Harrowgate Tech,2023,2,9,41,DRAFTED,0,ACTIVE,NONE,3,ROTATIONAL,72,79,GENERATED
MIA_LB_04,Shea Sandidge,MIA,LB,Front Seven,77,74,247,24,2,COL0207,Lakemont A&M,2024,5,8,136,DRAFTED,0,ACTIVE,NONE,4,ROTATIONAL,65,72,GENERATED
MIA_LB_05,Obadiah Minshew,MIA,LB,Front Seven,2,75,233,25,2,COL0123,Falcon Ridge A&M,2024,6,9,169,DRAFTED,0,ACTIVE,NONE,5,ROTATIONAL,70,73,GENERATED
MIA_LB_06,Lazaro Dewitt,MIA,LB,Front Seven,38,75,248,21,0,COL0048,Northcrest Institute,2026,,,,UNDRAFTED,1,PRACTICE_SQUAD_CANDIDATE,NONE,6,DEPTH,58,61,GENERATED
MIA_LB_07,Nikolai Prioleau,MIA,LB,Front Seven,40,74,256,24,2,COL0100,Thornfield University,2024,6,14,174,DRAFTED,0,CAMP_BODY,DAY_TO_DAY,7,CAMP,54,56,GENERATED
MIA_LB_08,Abram Stroman,MIA,LB,Front Seven,94,73,237,22,0,COL0114,Kingsbridge University,2026,6,16,176,DRAFTED,1,CAMP_BODY,NONE,8,CAMP,59,66,GENERATED
MIA_CB_01,Angus Stepnoski,MIA,CB,Secondary,71,67,200,27,5,COL0052,Redbluff Tech,2021,1,32,32,DRAFTED,0,ACTIVE,NONE,1,STARTER,74,76,GENERATED
MIA_CB_02,Redmond Woodhead,MIA,CB,Secondary,5,69,185,29,6,COL0101,Thornfield Tech,2020,1,6,6,DRAFTED,0,ACTIVE,NONE,2,STARTER,73,74,GENERATED
MIA_CB_03,Elian Houghton,MIA,CB,Secondary,99,69,190,36,14,COL0192,Pinehurst Valley Tech,2012,1,8,8,DRAFTED,0,ACTIVE,NONE,3,STARTER,84,88,GENERATED
MIA_CB_04,Percival Morrissey,MIA,CB,Secondary,50,73,195,24,2,COL0136,Larkspur Tech,2024,,,,UNDRAFTED,0,ACTIVE,NONE,4,ROTATIONAL,64,73,GENERATED
MIA_CB_05,Pierce Tindall,MIA,CB,Secondary,8,68,188,23,1,COL0196,Pinehurst Valley State Tech,2025,2,21,53,DRAFTED,0,ACTIVE,NONE,5,ROTATIONAL,68,74,GENERATED
MIA_CB_06,Jorel Orlovsky,MIA,CB,Secondary,26,71,185,22,0,COL0163,Sablewood University,2026,6,6,166,DRAFTED,1,ACTIVE,NONE,6,ROTATIONAL,59,69,GENERATED
MIA_CB_07,Nico Tindall,MIA,CB,Secondary,34,71,183,27,3,COL0045,Northcrest Tech,2023,,,,UNDRAFTED,0,PRACTICE_SQUAD_CANDIDATE,DAY_TO_DAY,7,DEPTH,66,66,GENERATED
MIA_CB_08,Arlen Vinovich,MIA,CB,Secondary,58,71,189,25,3,COL0067,Silverlake A&M,2023,,,,UNDRAFTED,0,PRACTICE_SQUAD_CANDIDATE,NONE,8,DEPTH,63,63,GENERATED
MIA_CB_09,Zaire Yoshida,MIA,CB,Secondary,60,70,177,24,0,COL0193,Pinehurst Valley A&M,2026,,,,UNDRAFTED,1,CAMP_BODY,NONE,9,CAMP,59,66,GENERATED
MIA_CB_10,Luka Kendricks,MIA,CB,Secondary,68,74,164,22,0,COL0086,Westmoor University,2026,6,6,166,DRAFTED,1,CAMP_BODY,NONE,10,CAMP,58,64,GENERATED
MIA_CB_11,Thelonious Horvath,MIA,CB,Secondary,9,72,187,23,0,COL0097,Bellhaven Institute,2026,,,,UNDRAFTED,1,CAMP_BODY,NONE,11,CAMP,54,57,GENERATED
MIA_S_01,Archer Fleener,MIA,S,Secondary,51,72,194,27,4,COL0196,Pinehurst Valley State Tech,2022,7,31,223,DRAFTED,0,ACTIVE,IR,1,STARTER,63,68,GENERATED
MIA_S_02,Alden Hickenbotham,MIA,S,Secondary,33,70,216,26,2,COL0104,Thornfield Institute,2024,2,5,37,DRAFTED,0,ACTIVE,NONE,2,STARTER,77,83,GENERATED
MIA_S_03,Sebastien Berrios,MIA,S,Secondary,52,69,203,27,5,COL0102,Thornfield A&M,2021,4,17,113,DRAFTED,0,ACTIVE,NONE,3,ROTATIONAL,69,76,GENERATED
MIA_S_04,Lucian Ugwoegbu,MIA,S,Secondary,87,70,187,23,1,COL0028,Marbury State Tech,2025,,,,UNDRAFTED,0,ACTIVE,NONE,4,ROTATIONAL,66,75,GENERATED
MIA_S_05,Carsen Pepperell,MIA,S,Secondary,17,72,226,25,4,COL0114,Kingsbridge University,2022,7,27,219,DRAFTED,0,PRACTICE_SQUAD_CANDIDATE,NONE,5,DEPTH,64,65,GENERATED
MIA_S_06,Terrance Ochoa,MIA,S,Secondary,83,72,204,23,0,COL0036,Kelvinridge State,2026,6,6,166,DRAFTED,1,CAMP_BODY,NONE,6,CAMP,59,66,GENERATED
MIA_S_07,Lamont Valdejuli,MIA,S,Secondary,32,70,214,21,0,COL0177,Mount Verity University,2026,6,3,163,DRAFTED,1,CAMP_BODY,NONE,7,CAMP,61,63,GENERATED
MIA_K_01,Bishop Kuechly,MIA,K,Specialist,41,72,221,24,2,COL0258,Bramblewood Institute,2024,5,21,149,DRAFTED,0,ACTIVE,NONE,1,STARTER,70,75,GENERATED
MIA_K_02,Ibrahim Stillwagon,MIA,K,Specialist,56,74,195,22,0,COL0040,Kelvinridge College,2026,6,23,183,DRAFTED,1,PRACTICE_SQUAD_CANDIDATE,NONE,2,DEPTH,65,72,GENERATED
MIA_P_01,Ashton Jelks,MIA,P,Specialist,79,72,214,23,1,COL0018,Ashfield A&M,2025,2,17,49,DRAFTED,0,ACTIVE,NONE,1,STARTER,70,79,GENERATED
MIA_P_02,Emerson Kraft,MIA,P,Specialist,53,72,198,26,5,COL0050,Redbluff State,2021,6,27,187,DRAFTED,0,PRACTICE_SQUAD_CANDIDATE,NONE,2,DEPTH,53,53,GENERATED
MIA_LS_01,Sergio Udoh,MIA,LS,Specialist,6,73,251,27,4,COL0136,Larkspur Tech,2022,5,10,138,DRAFTED,0,ACTIVE,IR,1,STARTER,72,77,GENERATED
NE_QB_01,Gavin Birchfield,NE,QB,Quarterback,58,74,223,26,3,COL0024,Marbury Tech,2023,5,7,135,DRAFTED,0,ACTIVE,NONE,1,STARTER,70,71,GENERATED
NE_QB_02,Hector Whitehurst,NE,QB,Quarterback,30,73,218,26,4,COL0035,Stonewell State Tech,2022,7,1,193,DRAFTED,0,ACTIVE,DAY_TO_DAY,2,ROTATIONAL,68,69,GENERATED
NE_QB_03,Yannick Waldron,NE,QB,Quarterback,11,74,215,25,1,COL0170,Harrowgate University,2025,,,,UNDRAFTED,0,PRACTICE_SQUAD_CANDIDATE,NONE,3,DEPTH,56,56,GENERATED
NE_QB_04,Vince Jeffcoat,NE,QB,Quarterback,79,76,231,24,0,COL0199,Copper Creek Tech,2026,,,,UNDRAFTED,1,CAMP_BODY,NONE,4,CAMP,53,55,GENERATED
NE_RB_01,Jabril Howze,NE,RB,Backfield,43,68,218,27,4,COL0060,Havenport A&M,2022,3,4,68,DRAFTED,0,ACTIVE,NONE,1,STARTER,91,95,GENERATED
NE_RB_02,Quill Winchester,NE,RB,Backfield,41,69,213,26,2,COL0001,Calderwood State,2024,,,,UNDRAFTED,0,ACTIVE,NONE,2,ROTATIONAL,62,67,GENERATED
NE_RB_03,Zachariah Smallwood,NE,RB,Backfield,32,70,212,25,3,COL0198,Copper Creek University,2023,7,4,196,DRAFTED,0,ACTIVE,NONE,3,ROTATIONAL,64,67,GENERATED
NE_RB_04,Trace Heggins,NE,RB,Backfield,17,68,221,27,4,COL0036,Kelvinridge State,2022,,,,UNDRAFTED,0,PRACTICE_SQUAD_CANDIDATE,NONE,4,DEPTH,67,69,GENERATED
NE_RB_05,Eero Overstreet,NE,RB,Backfield,78,67,195,26,2,COL0254,Bramblewood University,2024,6,6,166,DRAFTED,0,CAMP_BODY,NONE,5,CAMP,57,57,GENERATED
NE_FB_01,Mekai Edelman,NE,FB,Backfield,31,73,238,25,4,COL0055,Redbluff Institute,2022,1,21,21,DRAFTED,0,ACTIVE,NFI,1,STARTER,80,82,GENERATED
NE_WR_01,Darian Milfort,NE,WR,Receiver,81,76,199,30,7,COL0147,Whitepine State Tech,2019,2,26,58,DRAFTED,0,ACTIVE,NONE,1,STARTER,80,80,GENERATED
NE_WR_02,Kojo Holbrook,NE,WR,Receiver,88,69,201,25,3,COL0023,Marbury University,2023,3,6,70,DRAFTED,0,ACTIVE,NONE,2,STARTER,85,89,GENERATED
NE_WR_03,Quentin Blanchard,NE,WR,Receiver,49,70,211,34,11,COL0174,Harrowgate Institute,2015,5,25,153,DRAFTED,0,ACTIVE,NONE,3,STARTER,77,78,GENERATED
NE_WR_04,Edison Restrepo,NE,WR,Receiver,94,71,223,27,3,COL0199,Copper Creek Tech,2023,7,21,213,DRAFTED,0,ACTIVE,NONE,4,ROTATIONAL,65,71,GENERATED
NE_WR_05,Nash Kenney,NE,WR,Receiver,1,70,188,23,0,COL0076,Cypress Hollow Institute,2026,,,,UNDRAFTED,1,ACTIVE,NONE,5,ROTATIONAL,63,73,GENERATED
NE_WR_06,Redmond Drayton,NE,WR,Receiver,82,74,173,30,6,COL0232,Clearwater Ridge State,2020,2,20,52,DRAFTED,0,ACTIVE,NONE,6,ROTATIONAL,77,79,GENERATED
NE_WR_07,Jelani Gholston,NE,WR,Receiver,92,71,203,23,0,COL0176,Mount Verity State,2026,7,1,193,DRAFTED,1,PRACTICE_SQUAD_CANDIDATE,NONE,7,DEPTH,63,65,GENERATED
NE_WR_08,Tavian Kraft,NE,WR,Receiver,74,72,212,22,1,COL0171,Harrowgate Tech,2025,,,,UNDRAFTED,0,PRACTICE_SQUAD_CANDIDATE,NONE,8,DEPTH,63,67,GENERATED
NE_WR_09,Axel Vaitai,NE,WR,Receiver,61,69,187,23,1,COL0113,Kingsbridge State,2025,6,24,184,DRAFTED,0,CAMP_BODY,NONE,9,CAMP,53,58,GENERATED
NE_WR_10,Aubrey Hepburn,NE,WR,Receiver,93,72,176,24,0,COL0059,Havenport Tech,2026,,,,UNDRAFTED,1,CAMP_BODY,NONE,10,CAMP,56,62,GENERATED
NE_WR_11,Colton Darboe,NE,WR,Receiver,27,71,190,24,1,COL0132,Emberton Institute,2025,6,30,190,DRAFTED,0,CAMP_BODY,NONE,11,CAMP,62,67,GENERATED
NE_TE_01,Malachi Lindstrom,NE,TE,Receiver,96,75,256,28,7,COL0196,Pinehurst Valley State Tech,2019,1,22,22,DRAFTED,0,ACTIVE,NONE,1,STARTER,86,86,GENERATED
NE_TE_02,Cassian Massengale,NE,TE,Receiver,51,76,267,26,4,COL0136,Larkspur Tech,2022,,,,UNDRAFTED,0,ACTIVE,NONE,2,ROTATIONAL,68,72,GENERATED
NE_TE_03,Silas Lavender,NE,TE,Receiver,95,78,251,22,0,COL0206,Lakemont Tech,2026,1,22,22,DRAFTED,1,ACTIVE,NONE,3,ROTATIONAL,71,77,GENERATED
NE_TE_04,Carlisle Jarnigan,NE,TE,Receiver,69,77,239,22,0,COL0164,Sablewood Tech,2026,6,29,189,DRAFTED,1,PRACTICE_SQUAD_CANDIDATE,NONE,4,DEPTH,65,72,GENERATED
NE_TE_05,Sidney Tartt,NE,TE,Receiver,48,75,243,26,2,COL0124,Falcon Ridge College,2024,,,,UNDRAFTED,0,CAMP_BODY,NONE,5,CAMP,63,71,GENERATED
NE_TE_06,Wesley Wetherall,NE,TE,Receiver,28,74,249,23,0,COL0181,Mount Verity Institute,2026,,,,UNDRAFTED,1,CAMP_BODY,NONE,6,CAMP,65,74,GENERATED
NE_OT_01,Warrick Rhodes,NE,OT,O-Line,5,79,284,29,7,COL0134,Larkspur State,2019,1,18,18,DRAFTED,0,ACTIVE,NONE,1,STARTER,71,72,GENERATED
NE_OT_02,Kane Ridgeway,NE,OT,O-Line,16,78,329,27,4,COL0193,Pinehurst Valley A&M,2022,1,31,31,DRAFTED,0,ACTIVE,NONE,2,STARTER,77,83,GENERATED
NE_OT_03,Rudy Wilberforce,NE,OT,O-Line,64,78,315,23,1,COL0092,Bellhaven State,2025,4,22,118,DRAFTED,0,ACTIVE,NONE,3,ROTATIONAL,75,85,GENERATED
NE_OT_04,Granger Hubbard,NE,OT,O-Line,99,75,320,25,2,COL0193,Pinehurst Valley A&M,2024,5,17,145,DRAFTED,0,ACTIVE,NONE,4,ROTATIONAL,63,65,GENERATED
NE_OT_05,Leland Marinelli,NE,OT,O-Line,7,77,315,28,4,COL0158,Granite Bay A&M,2022,6,24,184,DRAFTED,0,PRACTICE_SQUAD_CANDIDATE,NONE,5,DEPTH,63,65,GENERATED
NE_OT_06,Derrick Hartline,NE,OT,O-Line,29,78,327,24,0,COL0054,Redbluff College,2026,,,,UNDRAFTED,1,CAMP_BODY,NONE,6,CAMP,61,62,GENERATED
NE_OG_01,Izaiah Puglisi,NE,OG,O-Line,18,75,305,26,2,COL0222,Foxcroft College,2024,7,15,207,DRAFTED,0,ACTIVE,NONE,1,STARTER,75,79,GENERATED
NE_OG_02,Cullen Tindall,NE,OG,O-Line,54,76,321,28,7,COL0085,Westmoor State,2019,1,7,7,DRAFTED,0,ACTIVE,NONE,2,STARTER,72,72,GENERATED
NE_OG_03,Darnell Westbrook,NE,OG,O-Line,60,78,315,27,4,COL0132,Emberton Institute,2022,2,20,52,DRAFTED,0,ACTIVE,NONE,3,ROTATIONAL,65,69,GENERATED
NE_OG_04,Fowler Hunnicutt,NE,OG,O-Line,47,73,315,28,6,COL0137,Larkspur A&M,2020,4,21,117,DRAFTED,0,ACTIVE,NONE,4,ROTATIONAL,66,68,GENERATED
NE_OG_05,Wilder Ingersoll,NE,OG,O-Line,66,75,325,22,0,COL0239,Talbot State,2026,5,21,149,DRAFTED,1,PRACTICE_SQUAD_CANDIDATE,DAY_TO_DAY,5,DEPTH,66,68,GENERATED
NE_OG_06,Trey Zamora,NE,OG,O-Line,85,74,311,26,3,COL0036,Kelvinridge State,2023,,,,UNDRAFTED,0,CAMP_BODY,NONE,6,CAMP,58,60,GENERATED
NE_C_01,Lincoln Tonyan,NE,C,O-Line,23,74,305,29,8,COL0135,Larkspur University,2018,2,8,40,DRAFTED,0,ACTIVE,NONE,1,STARTER,79,87,GENERATED
NE_C_02,Soren Pepperell,NE,C,O-Line,71,75,308,26,4,COL0242,Talbot A&M,2022,5,31,159,DRAFTED,0,ACTIVE,NONE,2,ROTATIONAL,68,74,GENERATED
NE_C_03,Spencer Udoh,NE,C,O-Line,57,77,292,25,1,COL0204,Lakemont State,2025,5,25,153,DRAFTED,0,PRACTICE_SQUAD_CANDIDATE,NONE,3,DEPTH,58,65,GENERATED
NE_EDGE_01,Efrain Jeffcoat,NE,EDGE,Front Seven,73,74,260,26,3,COL0051,Redbluff University,2023,4,17,113,DRAFTED,0,ACTIVE,NONE,1,STARTER,79,83,GENERATED
NE_EDGE_02,Emerson Parham,NE,EDGE,Front Seven,15,76,235,25,3,COL0090,Westmoor Institute,2023,3,2,66,DRAFTED,0,ACTIVE,NONE,2,STARTER,77,86,GENERATED
NE_EDGE_03,Murphy Harmon,NE,EDGE,Front Seven,83,74,272,31,10,COL0182,Mount Verity State Tech,2016,5,3,131,DRAFTED,0,ACTIVE,NONE,3,ROTATIONAL,68,68,GENERATED
NE_EDGE_04,Jonas Torrence,NE,EDGE,Front Seven,80,76,279,25,2,COL0196,Pinehurst Valley State Tech,2024,2,3,35,DRAFTED,0,ACTIVE,NONE,4,ROTATIONAL,69,70,GENERATED
NE_EDGE_05,Vaughn Minshew,NE,EDGE,Front Seven,4,73,269,23,1,COL0087,Westmoor Tech,2025,6,20,180,DRAFTED,0,ACTIVE,NONE,5,ROTATIONAL,63,65,GENERATED
NE_EDGE_06,Quentin Harmon,NE,EDGE,Front Seven,34,78,252,22,0,COL0107,Quarry Hill University,2026,,,,UNDRAFTED,1,PRACTICE_SQUAD_CANDIDATE,NONE,6,DEPTH,60,60,GENERATED
NE_EDGE_07,Maddox Belanger,NE,EDGE,Front Seven,19,76,270,22,1,COL0157,Granite Bay Tech,2025,5,15,143,DRAFTED,0,PRACTICE_SQUAD_CANDIDATE,SUSPENDED,7,DEPTH,66,78,GENERATED
NE_EDGE_08,Garland McClurg,NE,EDGE,Front Seven,50,74,253,23,0,COL0079,Iron Gate University,2026,,,,UNDRAFTED,1,CAMP_BODY,NONE,8,CAMP,57,64,GENERATED
NE_EDGE_09,Harrison Chenoweth,NE,EDGE,Front Seven,21,74,245,22,0,COL0031,Stonewell Tech,2026,,,,UNDRAFTED,1,CAMP_BODY,PUP,9,CAMP,58,71,GENERATED
NE_DT_01,Roman Atwater,NE,DT,Front Seven,25,76,289,23,1,COL0191,Pinehurst Valley University,2025,2,4,36,DRAFTED,0,ACTIVE,NONE,1,STARTER,82,91,GENERATED
NE_DT_02,Stryker Shreve,NE,DT,Front Seven,26,76,328,26,4,COL0177,Mount Verity University,2022,1,3,3,DRAFTED,0,ACTIVE,NONE,2,STARTER,68,73,GENERATED
NE_DT_03,Kenyon Poteat,NE,DT,Front Seven,46,77,337,24,3,COL0016,Ashfield University,2023,4,16,112,DRAFTED,0,ACTIVE,NONE,3,ROTATIONAL,68,68,GENERATED
NE_DT_04,Ace Kaufusi,NE,DT,Front Seven,72,75,274,23,1,COL0073,Cypress Hollow Tech,2025,,,,UNDRAFTED,0,ACTIVE,NONE,4,ROTATIONAL,68,78,GENERATED
NE_DT_05,Basil Mixson,NE,DT,Front Seven,6,73,303,29,6,COL0060,Havenport A&M,2020,6,14,174,DRAFTED,0,ACTIVE,NONE,5,ROTATIONAL,61,67,GENERATED
NE_DT_06,Emeka Brockman,NE,DT,Front Seven,24,73,304,26,2,COL0240,Talbot University,2024,7,32,224,DRAFTED,0,PRACTICE_SQUAD_CANDIDATE,NONE,6,DEPTH,57,63,GENERATED
NE_DT_07,Yosef Mortenson,NE,DT,Front Seven,70,74,297,23,1,COL0075,Cypress Hollow College,2025,,,,UNDRAFTED,0,CAMP_BODY,NONE,7,CAMP,58,65,GENERATED
NE_DT_08,Barnes Scarbrough,NE,DT,Front Seven,40,73,321,22,1,COL0076,Cypress Hollow Institute,2025,,,,UNDRAFTED,0,CAMP_BODY,NONE,8,CAMP,54,60,GENERATED
NE_LB_01,Kenzo Iyengar,NE,LB,Front Seven,10,75,222,24,2,COL0170,Harrowgate University,2024,1,9,9,DRAFTED,0,ACTIVE,NONE,1,STARTER,87,93,GENERATED
NE_LB_02,Kermit Finnegan,NE,LB,Front Seven,2,72,255,24,2,COL0144,Whitepine A&M,2024,1,17,17,DRAFTED,0,ACTIVE,NONE,2,STARTER,75,82,GENERATED
NE_LB_03,Vaughn Galbraith,NE,LB,Front Seven,3,74,242,25,4,COL0208,Lakemont College,2022,3,7,71,DRAFTED,0,ACTIVE,NONE,3,ROTATIONAL,72,76,GENERATED
NE_LB_04,Lyle Mayfield,NE,LB,Front Seven,65,74,220,25,2,COL0214,Ravensburg A&M,2024,3,1,65,DRAFTED,0,ACTIVE,NONE,4,ROTATIONAL,77,83,GENERATED
NE_LB_05,Braxton Emerson,NE,LB,Front Seven,67,76,248,22,1,COL0187,Sunderland College,2025,7,16,208,DRAFTED,0,ACTIVE,NONE,5,ROTATIONAL,67,69,GENERATED
NE_LB_06,Ulises Davenport,NE,LB,Front Seven,52,74,246,22,0,COL0074,Cypress Hollow A&M,2026,5,12,140,DRAFTED,1,PRACTICE_SQUAD_CANDIDATE,NONE,6,DEPTH,58,69,GENERATED
NE_LB_07,Chandler Crouch,NE,LB,Front Seven,13,74,214,25,3,COL0111,Quarry Hill Institute,2023,,,,UNDRAFTED,0,CAMP_BODY,NONE,7,CAMP,52,52,GENERATED
NE_LB_08,Corbin Hobbs,NE,LB,Front Seven,76,74,241,24,2,COL0108,Quarry Hill Tech,2024,7,15,207,DRAFTED,0,CAMP_BODY,NONE,8,CAMP,58,70,GENERATED
NE_CB_01,Keon Mostert,NE,CB,Secondary,9,73,206,28,6,COL0091,Westmoor State Tech,2020,2,4,36,DRAFTED,0,ACTIVE,NONE,1,STARTER,71,77,GENERATED
NE_CB_02,Parker Hubbard,NE,CB,Secondary,91,71,199,25,1,COL0116,Kingsbridge A&M,2025,1,15,15,DRAFTED,0,ACTIVE,NONE,2,STARTER,71,78,GENERATED
NE_CB_03,Ajani Courtland,NE,CB,Secondary,97,70,184,31,9,COL0136,Larkspur Tech,2017,3,31,95,DRAFTED,0,ACTIVE,DAY_TO_DAY,3,STARTER,77,78,GENERATED
NE_CB_04,Amos Wharton,NE,CB,Secondary,68,72,195,26,5,COL0195,Pinehurst Valley Institute,2021,,,,UNDRAFTED,0,ACTIVE,NONE,4,ROTATIONAL,75,75,GENERATED
NE_CB_05,Emory Shockley,NE,CB,Secondary,44,71,194,30,6,COL0149,Cedar Falls University,2020,,,,UNDRAFTED,0,ACTIVE,NONE,5,ROTATIONAL,57,57,GENERATED
NE_CB_06,Emmett Dumervil,NE,CB,Secondary,22,71,185,23,2,COL0192,Pinehurst Valley Tech,2024,,,,UNDRAFTED,0,ACTIVE,NONE,6,ROTATIONAL,71,76,GENERATED
NE_CB_07,Josiah Noteboom,NE,CB,Secondary,98,69,204,23,0,COL0030,Stonewell University,2026,,,,UNDRAFTED,1,PRACTICE_SQUAD_CANDIDATE,NONE,7,DEPTH,57,57,GENERATED
NE_CB_08,Dwight Merriweather,NE,CB,Secondary,12,70,188,27,3,COL0018,Ashfield A&M,2023,5,26,154,DRAFTED,0,PRACTICE_SQUAD_CANDIDATE,NONE,8,DEPTH,60,60,GENERATED
NE_CB_09,Wilkes Corrigan,NE,CB,Secondary,62,71,190,23,1,COL0043,Northcrest State,2025,,,,UNDRAFTED,0,CAMP_BODY,NONE,9,CAMP,56,64,GENERATED
NE_CB_10,Spencer Magnusson,NE,CB,Secondary,89,68,200,24,2,COL0011,Fort Grayson A&M,2024,6,22,182,DRAFTED,0,CAMP_BODY,NONE,10,CAMP,67,73,GENERATED
NE_CB_11,Kieran Lemieux,NE,CB,Secondary,45,74,176,25,3,COL0183,Sunderland State,2023,,,,UNDRAFTED,0,CAMP_BODY,NONE,11,CAMP,60,70,GENERATED
NE_S_01,Sherman Henderson,NE,S,Secondary,39,71,206,28,6,COL0061,Havenport College,2020,5,23,151,DRAFTED,0,ACTIVE,NONE,1,STARTER,68,71,GENERATED
NE_S_02,Rashad Fanning,NE,S,Secondary,8,70,212,25,2,COL0136,Larkspur Tech,2024,7,26,218,DRAFTED,0,ACTIVE,PUP,2,STARTER,74,78,GENERATED
NE_S_03,Khalil Hartline,NE,S,Secondary,63,72,194,23,2,COL0224,Foxcroft State Tech,2024,2,2,34,DRAFTED,0,ACTIVE,NONE,3,ROTATIONAL,75,87,GENERATED
NE_S_04,Deion Prendergast,NE,S,Secondary,14,74,191,25,2,COL0083,Iron Gate Institute,2024,5,22,150,DRAFTED,0,ACTIVE,NONE,4,ROTATIONAL,66,68,GENERATED
NE_S_05,Hudson Salvador,NE,S,Secondary,38,73,204,21,0,COL0122,Falcon Ridge Tech,2026,5,14,142,DRAFTED,1,PRACTICE_SQUAD_CANDIDATE,NONE,5,DEPTH,61,65,GENERATED
NE_S_06,Hutch Rochell,NE,S,Secondary,42,70,213,23,0,COL0109,Quarry Hill A&M,2026,,,,UNDRAFTED,1,CAMP_BODY,NONE,6,CAMP,52,55,GENERATED
NE_S_07,Cormac Tucker,NE,S,Secondary,87,74,191,23,0,COL0073,Cypress Hollow Tech,2026,,,,UNDRAFTED,1,CAMP_BODY,NONE,7,CAMP,67,74,GENERATED
NE_K_01,Ferris Nailor,NE,K,Specialist,77,73,163,25,2,COL0036,Kelvinridge State,2024,4,2,98,DRAFTED,0,ACTIVE,NONE,1,STARTER,77,78,GENERATED
NE_K_02,Maverick Dumervil,NE,K,Specialist,75,72,207,24,2,COL0169,Harrowgate State,2024,5,20,148,DRAFTED,0,PRACTICE_SQUAD_CANDIDATE,NONE,2,DEPTH,59,63,GENERATED
NE_P_01,Theo Jessup,NE,P,Specialist,35,75,216,25,4,COL0216,Ravensburg Institute,2022,4,10,106,DRAFTED,0,ACTIVE,NONE,1,STARTER,68,77,GENERATED
NE_P_02,Vance Waterhouse,NE,P,Specialist,86,74,185,21,0,COL0194,Pinehurst Valley College,2026,5,25,153,DRAFTED,1,PRACTICE_SQUAD_CANDIDATE,NONE,2,DEPTH,54,58,GENERATED
NE_LS_01,Ezra Ledbetter,NE,LS,Specialist,84,69,239,22,0,COL0073,Cypress Hollow Tech,2026,3,21,85,DRAFTED,1,ACTIVE,NONE,1,STARTER,72,76,GENERATED
NYJ_QB_01,Harlan Windham,NYJ,QB,Quarterback,17,75,215,27,4,COL0137,Larkspur A&M,2022,1,24,24,DRAFTED,0,ACTIVE,NONE,1,STARTER,90,93,GENERATED
NYJ_QB_02,Lucian Blanchard,NYJ,QB,Quarterback,30,72,220,23,1,COL0223,Foxcroft Institute,2025,,,,UNDRAFTED,0,ACTIVE,SUSPENDED,2,ROTATIONAL,67,71,GENERATED
NYJ_QB_03,Zeke Ugwoegbu,NYJ,QB,Quarterback,9,77,206,28,6,COL0116,Kingsbridge A&M,2020,3,28,92,DRAFTED,0,PRACTICE_SQUAD_CANDIDATE,NONE,3,DEPTH,64,72,GENERATED
NYJ_QB_04,Bandon Gorsuch,NYJ,QB,Quarterback,85,76,218,24,1,COL0243,Talbot College,2025,6,14,174,DRAFTED,0,CAMP_BODY,NFI,4,CAMP,54,66,GENERATED
NYJ_RB_01,Waylon Seeley,NYJ,RB,Backfield,77,70,221,30,6,COL0172,Harrowgate A&M,2020,1,29,29,DRAFTED,0,ACTIVE,NONE,1,STARTER,72,77,GENERATED
NYJ_RB_02,Niles Saffold,NYJ,RB,Backfield,47,70,207,30,8,COL0107,Quarry Hill University,2018,5,29,157,DRAFTED,0,ACTIVE,NONE,2,ROTATIONAL,60,60,GENERATED
NYJ_RB_03,Khalil Thorogood,NYJ,RB,Backfield,79,67,217,27,3,COL0157,Granite Bay Tech,2023,5,1,129,DRAFTED,0,ACTIVE,NONE,3,ROTATIONAL,77,79,GENERATED
NYJ_RB_04,Parker Gwaltney,NYJ,RB,Backfield,63,67,207,22,0,COL0047,Northcrest College,2026,,,,UNDRAFTED,1,PRACTICE_SQUAD_CANDIDATE,NONE,4,DEPTH,59,60,GENERATED
NYJ_RB_05,Bexley Makinen,NYJ,RB,Backfield,96,67,204,24,0,COL0209,Lakemont Institute,2026,5,26,154,DRAFTED,1,CAMP_BODY,IR,5,CAMP,58,61,GENERATED
NYJ_FB_01,Slade Driscoll,NYJ,FB,Backfield,80,74,259,25,3,COL0077,Cypress Hollow State Tech,2023,,,,UNDRAFTED,0,ACTIVE,NONE,1,STARTER,80,86,GENERATED
NYJ_WR_01,Mekai Lutrell,NYJ,WR,Receiver,36,73,206,30,6,COL0047,Northcrest College,2020,3,16,80,DRAFTED,0,ACTIVE,NONE,1,STARTER,77,77,GENERATED
NYJ_WR_02,Julius Bonner,NYJ,WR,Receiver,40,70,182,24,2,COL0066,Silverlake Tech,2024,1,22,22,DRAFTED,0,ACTIVE,NONE,2,STARTER,86,99,GENERATED
NYJ_WR_03,Mateo Paddock,NYJ,WR,Receiver,74,73,187,25,3,COL0002,Calderwood University,2023,1,3,3,DRAFTED,0,ACTIVE,NONE,3,STARTER,83,88,GENERATED
NYJ_WR_04,Jordy Coggins,NYJ,WR,Receiver,39,72,205,22,1,COL0136,Larkspur Tech,2025,7,16,208,DRAFTED,0,ACTIVE,NONE,4,ROTATIONAL,71,76,GENERATED
NYJ_WR_05,Enzo Shackleford,NYJ,WR,Receiver,98,73,185,26,5,COL0242,Talbot A&M,2021,3,28,92,DRAFTED,0,ACTIVE,NONE,5,ROTATIONAL,70,70,GENERATED
NYJ_WR_06,Malcolm Quessenberry,NYJ,WR,Receiver,89,71,205,25,2,COL0131,Emberton College,2024,7,16,208,DRAFTED,0,ACTIVE,NONE,6,ROTATIONAL,77,77,GENERATED
NYJ_WR_07,Harlan Shattuck,NYJ,WR,Receiver,20,70,179,22,0,COL0061,Havenport College,2026,3,6,70,DRAFTED,1,PRACTICE_SQUAD_CANDIDATE,NONE,7,DEPTH,70,76,GENERATED
NYJ_WR_08,Jamari Hennessy,NYJ,WR,Receiver,58,71,209,25,3,COL0082,Iron Gate College,2023,5,2,130,DRAFTED,0,PRACTICE_SQUAD_CANDIDATE,NONE,8,DEPTH,69,74,GENERATED
NYJ_WR_09,Hasani Tegeler,NYJ,WR,Receiver,21,72,197,25,1,COL0108,Quarry Hill Tech,2025,6,23,183,DRAFTED,0,CAMP_BODY,NONE,9,CAMP,50,53,GENERATED
NYJ_WR_10,Soloman Creswell,NYJ,WR,Receiver,56,71,195,23,2,COL0145,Whitepine College,2024,6,9,169,DRAFTED,0,CAMP_BODY,NONE,10,CAMP,58,68,GENERATED
NYJ_WR_11,Palmer Zenner,NYJ,WR,Receiver,37,68,181,23,0,COL0104,Thornfield Institute,2026,,,,UNDRAFTED,1,CAMP_BODY,NONE,11,CAMP,61,67,GENERATED
NYJ_TE_01,Archer Percival,NYJ,TE,Receiver,33,78,240,32,10,COL0113,Kingsbridge State,2016,1,32,32,DRAFTED,0,ACTIVE,NONE,1,STARTER,92,92,GENERATED
NYJ_TE_02,Lennon Bagwell,NYJ,TE,Receiver,67,76,249,27,5,COL0097,Bellhaven Institute,2021,,,,UNDRAFTED,0,ACTIVE,NONE,2,ROTATIONAL,67,70,GENERATED
NYJ_TE_03,Woodrow Kemper,NYJ,TE,Receiver,61,75,246,22,1,COL0086,Westmoor University,2025,5,14,142,DRAFTED,0,ACTIVE,NONE,3,ROTATIONAL,74,81,GENERATED
NYJ_TE_04,Avery Girardi,NYJ,TE,Receiver,62,75,240,28,6,COL0062,Havenport Institute,2020,,,,UNDRAFTED,0,PRACTICE_SQUAD_CANDIDATE,NONE,4,DEPTH,61,61,GENERATED
NYJ_TE_05,Lennox Darboe,NYJ,TE,Receiver,4,76,236,23,0,COL0148,Cedar Falls State,2026,7,5,197,DRAFTED,1,CAMP_BODY,NONE,5,CAMP,60,62,GENERATED
NYJ_TE_06,Sullivan Seabrook,NYJ,TE,Receiver,83,77,254,27,3,COL0172,Harrowgate A&M,2023,7,5,197,DRAFTED,0,CAMP_BODY,NONE,6,CAMP,55,56,GENERATED
NYJ_OT_01,Roman Tanguay,NYJ,OT,O-Line,46,78,300,27,5,COL0242,Talbot A&M,2021,1,19,19,DRAFTED,0,ACTIVE,IR,1,STARTER,87,87,GENERATED
NYJ_OT_02,Peyton Dungy,NYJ,OT,O-Line,22,76,338,28,4,COL0183,Sunderland State,2022,2,32,64,DRAFTED,0,ACTIVE,NONE,2,STARTER,80,81,GENERATED
NYJ_OT_03,Harrison Mascarenas,NYJ,OT,O-Line,91,76,317,31,8,COL0252,Winslow State Tech,2018,,,,UNDRAFTED,0,ACTIVE,NONE,3,ROTATIONAL,67,73,GENERATED
NYJ_OT_04,Niles Uche,NYJ,OT,O-Line,35,78,297,30,7,COL0242,Talbot A&M,2019,2,20,52,DRAFTED,0,ACTIVE,NONE,4,ROTATIONAL,81,81,GENERATED
NYJ_OT_05,Tyrell Horvath,NYJ,OT,O-Line,3,76,307,23,1,COL0112,Quarry Hill State Tech,2025,,,,UNDRAFTED,0,PRACTICE_SQUAD_CANDIDATE,NONE,5,DEPTH,60,64,GENERATED
NYJ_OT_06,Dominik Beauchamp,NYJ,OT,O-Line,48,80,314,23,0,COL0206,Lakemont Tech,2026,,,,UNDRAFTED,1,CAMP_BODY,NONE,6,CAMP,65,71,GENERATED
NYJ_OG_01,Levi Gainer,NYJ,OG,O-Line,45,74,323,24,1,COL0016,Ashfield University,2025,1,25,25,DRAFTED,0,ACTIVE,NONE,1,STARTER,74,81,GENERATED
NYJ_OG_02,Rhett Leblanc,NYJ,OG,O-Line,12,75,320,23,2,COL0221,Foxcroft A&M,2024,2,29,61,DRAFTED,0,ACTIVE,NONE,2,STARTER,74,83,GENERATED
NYJ_OG_03,Baylor Chidozie,NYJ,OG,O-Line,93,73,302,26,2,COL0242,Talbot A&M,2024,,,,UNDRAFTED,0,ACTIVE,IR,3,ROTATIONAL,64,70,GENERATED
NYJ_OG_04,Carlisle Stenberg,NYJ,OG,O-Line,26,75,307,28,5,COL0218,Foxcroft State,2021,5,4,132,DRAFTED,0,ACTIVE,NONE,4,ROTATIONAL,67,72,GENERATED
NYJ_OG_05,Cedric Colwell,NYJ,OG,O-Line,52,74,312,22,0,COL0168,Sablewood State Tech,2026,5,29,157,DRAFTED,1,PRACTICE_SQUAD_CANDIDATE,NONE,5,DEPTH,61,70,GENERATED
NYJ_OG_06,Arch Hufanga,NYJ,OG,O-Line,95,76,315,22,0,COL0134,Larkspur State,2026,6,6,166,DRAFTED,1,CAMP_BODY,NONE,6,CAMP,52,57,GENERATED
NYJ_C_01,Draven Bradshaw,NYJ,C,O-Line,5,77,323,27,3,COL0120,Falcon Ridge State,2023,3,21,85,DRAFTED,0,ACTIVE,NONE,1,STARTER,83,83,GENERATED
NYJ_C_02,Shepard Chappell,NYJ,C,O-Line,27,73,315,36,15,COL0134,Larkspur State,2011,2,25,57,DRAFTED,0,ACTIVE,DAY_TO_DAY,2,ROTATIONAL,77,81,GENERATED
NYJ_C_03,Cormac Purifoy,NYJ,C,O-Line,15,76,320,24,2,COL0038,Kelvinridge Tech,2024,5,22,150,DRAFTED,0,PRACTICE_SQUAD_CANDIDATE,NONE,3,DEPTH,57,66,GENERATED
NYJ_EDGE_01,Orson Kowalski,NYJ,EDGE,Front Seven,54,75,244,24,1,COL0027,Marbury Institute,2025,1,30,30,DRAFTED,0,ACTIVE,NONE,1,STARTER,79,84,GENERATED
NYJ_EDGE_02,Malik Makinen,NYJ,EDGE,Front Seven,84,73,252,23,2,COL0122,Falcon Ridge Tech,2024,1,25,25,DRAFTED,0,ACTIVE,SUSPENDED,2,STARTER,74,80,GENERATED
NYJ_EDGE_03,Creed Estrada,NYJ,EDGE,Front Seven,38,77,290,26,3,COL0200,Copper Creek A&M,2023,7,32,224,DRAFTED,0,ACTIVE,NONE,3,ROTATIONAL,66,71,GENERATED
NYJ_EDGE_04,Zico Vinovich,NYJ,EDGE,Front Seven,10,76,255,26,3,COL0235,Clearwater Ridge A&M,2023,1,20,20,DRAFTED,0,ACTIVE,NONE,4,ROTATIONAL,81,85,GENERATED
NYJ_EDGE_05,Leon Cornish,NYJ,EDGE,Front Seven,57,77,258,22,0,COL0018,Ashfield A&M,2026,7,13,205,DRAFTED,1,ACTIVE,NONE,5,ROTATIONAL,74,80,GENERATED
NYJ_EDGE_06,Blaze Jelks,NYJ,EDGE,Front Seven,71,73,254,27,4,COL0101,Thornfield Tech,2022,,,,UNDRAFTED,0,PRACTICE_SQUAD_CANDIDATE,NONE,6,DEPTH,72,84,GENERATED
NYJ_EDGE_07,Tavian Escalante,NYJ,EDGE,Front Seven,34,75,246,23,0,COL0238,Clearwater Ridge State Tech,2026,,,,UNDRAFTED,1,PRACTICE_SQUAD_CANDIDATE,NONE,7,DEPTH,66,68,GENERATED
NYJ_EDGE_08,Ignacio Dumervil,NYJ,EDGE,Front Seven,28,77,255,23,0,COL0215,Ravensburg College,2026,,,,UNDRAFTED,1,CAMP_BODY,NONE,8,CAMP,59,66,GENERATED
NYJ_EDGE_09,Creed Bainbridge,NYJ,EDGE,Front Seven,44,76,251,23,0,COL0042,Kelvinridge State Tech,2026,6,21,181,DRAFTED,1,CAMP_BODY,NONE,9,CAMP,55,60,GENERATED
NYJ_DT_01,Otis Osweiler,NYJ,DT,Front Seven,70,75,325,29,6,COL0099,Thornfield State,2020,1,7,7,DRAFTED,0,ACTIVE,NONE,1,STARTER,79,83,GENERATED
NYJ_DT_02,Deion Sagapolutele,NYJ,DT,Front Seven,81,77,318,30,7,COL0216,Ravensburg Institute,2019,1,6,6,DRAFTED,0,ACTIVE,NONE,2,STARTER,81,85,GENERATED
NYJ_DT_03,Kane Stonehouse,NYJ,DT,Front Seven,88,74,319,25,3,COL0147,Whitepine State Tech,2023,2,18,50,DRAFTED,0,ACTIVE,DAY_TO_DAY,3,ROTATIONAL,75,79,GENERATED
NYJ_DT_04,Zaire Sylvester,NYJ,DT,Front Seven,99,73,297,30,6,COL0170,Harrowgate University,2020,3,29,93,DRAFTED,0,ACTIVE,NONE,4,ROTATIONAL,69,72,GENERATED
NYJ_DT_05,Madden Lanphier,NYJ,DT,Front Seven,49,74,299,25,2,COL0122,Falcon Ridge Tech,2024,6,11,171,DRAFTED,0,ACTIVE,NONE,5,ROTATIONAL,72,72,GENERATED
NYJ_DT_06,Isaiah Shackleford,NYJ,DT,Front Seven,29,75,299,24,2,COL0020,Ashfield Institute,2024,5,25,153,DRAFTED,0,PRACTICE_SQUAD_CANDIDATE,NONE,6,DEPTH,60,67,GENERATED
NYJ_DT_07,Riordan Satterfield,NYJ,DT,Front Seven,76,74,322,22,0,COL0254,Bramblewood University,2026,7,14,206,DRAFTED,1,CAMP_BODY,NONE,7,CAMP,57,61,GENERATED
NYJ_DT_08,Tobias Hurlburt,NYJ,DT,Front Seven,59,72,324,22,0,COL0103,Thornfield College,2026,,,,UNDRAFTED,1,CAMP_BODY,NONE,8,CAMP,56,61,GENERATED
NYJ_LB_01,Osmond Swearinger,NYJ,LB,Front Seven,14,74,226,27,4,COL0087,Westmoor Tech,2022,1,14,14,DRAFTED,0,ACTIVE,NONE,1,STARTER,78,81,GENERATED
NYJ_LB_02,Gage Canfield,NYJ,LB,Front Seven,11,73,252,23,2,COL0104,Thornfield Institute,2024,,,,UNDRAFTED,0,ACTIVE,NONE,2,STARTER,74,78,GENERATED
NYJ_LB_03,Brantley Cribbs,NYJ,LB,Front Seven,23,72,237,35,14,COL0258,Bramblewood Institute,2012,6,28,188,DRAFTED,0,ACTIVE,NONE,3,ROTATIONAL,66,66,GENERATED
NYJ_LB_04,Mikael Rivenbark,NYJ,LB,Front Seven,87,73,235,28,7,COL0228,Dunmore A&M,2019,1,29,29,DRAFTED,0,ACTIVE,NONE,4,ROTATIONAL,73,73,GENERATED
NYJ_LB_05,Torin Ennis,NYJ,LB,Front Seven,6,72,246,25,2,COL0074,Cypress Hollow A&M,2024,2,11,43,DRAFTED,0,ACTIVE,NONE,5,ROTATIONAL,66,70,GENERATED
NYJ_LB_06,Royce Driscoll,NYJ,LB,Front Seven,16,73,234,22,0,COL0002,Calderwood University,2026,,,,UNDRAFTED,1,PRACTICE_SQUAD_CANDIDATE,NFI,6,DEPTH,60,68,GENERATED
NYJ_LB_07,Fowler Mathurin,NYJ,LB,Front Seven,94,72,223,24,0,COL0060,Havenport A&M,2026,,,,UNDRAFTED,1,CAMP_BODY,NONE,7,CAMP,53,60,GENERATED
NYJ_LB_08,Ike Calloway,NYJ,LB,Front Seven,73,75,233,21,0,COL0048,Northcrest Institute,2026,6,21,181,DRAFTED,1,CAMP_BODY,NONE,8,CAMP,57,64,GENERATED
NYJ_CB_01,Lincoln Hilliard,NYJ,CB,Secondary,68,69,189,30,7,COL0254,Bramblewood University,2019,5,17,145,DRAFTED,0,ACTIVE,NONE,1,STARTER,79,87,GENERATED
NYJ_CB_02,Keon Kerrigan,NYJ,CB,Secondary,86,70,176,23,1,COL0135,Larkspur University,2025,4,25,121,DRAFTED,0,ACTIVE,NONE,2,STARTER,84,85,GENERATED
NYJ_CB_03,Linus Pinnock,NYJ,CB,Secondary,53,75,192,25,2,COL0006,Calderwood Institute,2024,5,5,133,DRAFTED,0,ACTIVE,NONE,3,STARTER,89,97,GENERATED
NYJ_CB_04,Weston Markham,NYJ,CB,Secondary,90,71,195,31,9,COL0067,Silverlake A&M,2017,7,15,207,DRAFTED,0,ACTIVE,NONE,4,ROTATIONAL,76,76,GENERATED
NYJ_CB_05,Isaiah Linscomb,NYJ,CB,Secondary,7,71,200,24,0,COL0048,Northcrest Institute,2026,2,31,63,DRAFTED,1,ACTIVE,NONE,5,ROTATIONAL,70,72,GENERATED
NYJ_CB_06,Yusuf Denham,NYJ,CB,Secondary,2,70,185,26,2,COL0143,Whitepine Tech,2024,,,,UNDRAFTED,0,ACTIVE,NONE,6,ROTATIONAL,71,74,GENERATED
NYJ_CB_07,Rhett Isbell,NYJ,CB,Secondary,8,71,194,25,3,COL0176,Mount Verity State,2023,6,19,179,DRAFTED,0,PRACTICE_SQUAD_CANDIDATE,NONE,7,DEPTH,58,58,GENERATED
NYJ_CB_08,Palmer Greaves,NYJ,CB,Secondary,97,70,194,23,0,COL0083,Iron Gate Institute,2026,,,,UNDRAFTED,1,PRACTICE_SQUAD_CANDIDATE,NONE,8,DEPTH,63,65,GENERATED
NYJ_CB_09,Riggs Labriola,NYJ,CB,Secondary,82,70,175,23,0,COL0225,Dunmore State,2026,6,9,169,DRAFTED,1,CAMP_BODY,NONE,9,CAMP,63,64,GENERATED
NYJ_CB_10,Egan Puglisi,NYJ,CB,Secondary,72,70,186,28,5,COL0080,Iron Gate Tech,2021,,,,UNDRAFTED,0,CAMP_BODY,NONE,10,CAMP,58,60,GENERATED
NYJ_CB_11,Wesley Valdejuli,NYJ,CB,Secondary,32,71,198,21,0,COL0016,Ashfield University,2026,6,5,165,DRAFTED,1,CAMP_BODY,NONE,11,CAMP,58,69,GENERATED
NYJ_S_01,Raylan Goodson,NYJ,S,Secondary,43,73,220,34,10,COL0116,Kingsbridge A&M,2016,1,25,25,DRAFTED,0,ACTIVE,NONE,1,STARTER,84,87,GENERATED
NYJ_S_02,Avery Gathers,NYJ,S,Secondary,92,70,197,30,7,COL0159,Granite Bay College,2019,1,31,31,DRAFTED,0,ACTIVE,NONE,2,STARTER,89,90,GENERATED
NYJ_S_03,Raheem Greaves,NYJ,S,Secondary,31,69,205,29,6,COL0147,Whitepine State Tech,2020,,,,UNDRAFTED,0,ACTIVE,NONE,3,ROTATIONAL,70,70,GENERATED
NYJ_S_04,Gavin Boateng,NYJ,S,Secondary,69,72,198,24,2,COL0080,Iron Gate Tech,2024,7,2,194,DRAFTED,0,ACTIVE,NONE,4,ROTATIONAL,69,81,GENERATED
NYJ_S_05,Ashton Hockenson,NYJ,S,Secondary,64,70,197,32,10,COL0091,Westmoor State Tech,2016,6,22,182,DRAFTED,0,PRACTICE_SQUAD_CANDIDATE,NONE,5,DEPTH,59,64,GENERATED
NYJ_S_06,Orson Ricciardi,NYJ,S,Secondary,19,71,209,23,0,COL0236,Clearwater Ridge College,2026,7,2,194,DRAFTED,1,CAMP_BODY,NFI,6,CAMP,59,59,GENERATED
NYJ_S_07,Leon Hitchens,NYJ,S,Secondary,25,74,204,24,1,COL0027,Marbury Institute,2025,,,,UNDRAFTED,0,CAMP_BODY,NONE,7,CAMP,54,57,GENERATED
NYJ_K_01,Marcell Noteboom,NYJ,K,Specialist,66,73,209,28,5,COL0224,Foxcroft State Tech,2021,1,13,13,DRAFTED,0,ACTIVE,NONE,1,STARTER,87,88,GENERATED
NYJ_K_02,Clay Smallwood,NYJ,K,Specialist,50,74,192,25,2,COL0177,Mount Verity University,2024,,,,UNDRAFTED,0,PRACTICE_SQUAD_CANDIDATE,NONE,2,DEPTH,60,68,GENERATED
NYJ_P_01,Fowler Finnegan,NYJ,P,Specialist,1,77,197,24,1,COL0199,Copper Creek Tech,2025,1,3,3,DRAFTED,0,ACTIVE,NONE,1,STARTER,85,90,GENERATED
NYJ_P_02,Hendrix Roundtree,NYJ,P,Specialist,65,74,193,24,1,COL0217,Ravensburg State Tech,2025,5,15,143,DRAFTED,0,PRACTICE_SQUAD_CANDIDATE,NONE,2,DEPTH,64,69,GENERATED
NYJ_LS_01,Kobi McCandless,NYJ,LS,Specialist,41,74,243,22,1,COL0182,Mount Verity State Tech,2025,1,27,27,DRAFTED,0,ACTIVE,PUP,1,STARTER,70,79,GENERATED
BAL_QB_01,Kane Snodgrass,BAL,QB,Quarterback,16,74,216,26,2,COL0172,Harrowgate A&M,2024,5,20,148,DRAFTED,0,ACTIVE,NONE,1,STARTER,77,83,GENERATED
BAL_QB_02,Jabril Darboe,BAL,QB,Quarterback,90,73,209,22,1,COL0161,Granite Bay State Tech,2025,,,,UNDRAFTED,0,ACTIVE,NONE,2,ROTATIONAL,69,74,GENERATED
BAL_QB_03,Hakeem Dellinger,BAL,QB,Quarterback,89,75,214,29,7,COL0042,Kelvinridge State Tech,2019,7,15,207,DRAFTED,0,PRACTICE_SQUAD_CANDIDATE,DAY_TO_DAY,3,DEPTH,65,70,GENERATED
BAL_QB_04,Yardley Kroll,BAL,QB,Quarterback,10,73,233,22,0,COL0162,Sablewood State,2026,,,,UNDRAFTED,1,CAMP_BODY,NONE,4,CAMP,55,59,GENERATED
BAL_RB_01,Sebastien Rainsberger,BAL,RB,Backfield,26,71,231,31,9,COL0024,Marbury Tech,2017,1,8,8,DRAFTED,0,ACTIVE,NONE,1,STARTER,76,76,GENERATED
BAL_RB_02,Vaughn Forsythe,BAL,RB,Backfield,87,70,223,24,2,COL0129,Emberton Tech,2024,5,21,149,DRAFTED,0,ACTIVE,NONE,2,ROTATIONAL,69,76,GENERATED
BAL_RB_03,Forrest Tullis,BAL,RB,Backfield,13,69,214,24,2,COL0058,Havenport University,2024,4,27,123,DRAFTED,0,ACTIVE,NONE,3,ROTATIONAL,67,71,GENERATED
BAL_RB_04,Gage Waterhouse,BAL,RB,Backfield,70,67,220,24,2,COL0134,Larkspur State,2024,,,,UNDRAFTED,0,PRACTICE_SQUAD_CANDIDATE,NONE,4,DEPTH,64,67,GENERATED
BAL_RB_05,Cooper Tabaracci,BAL,RB,Backfield,30,70,216,24,0,COL0068,Silverlake College,2026,,,,UNDRAFTED,1,CAMP_BODY,NONE,5,CAMP,59,66,GENERATED
BAL_FB_01,Tanner Kelleher,BAL,FB,Backfield,85,71,251,24,3,COL0037,Kelvinridge University,2023,5,19,147,DRAFTED,0,ACTIVE,NONE,1,STARTER,74,76,GENERATED
BAL_WR_01,Dakari Moehrig,BAL,WR,Receiver,46,71,201,29,7,COL0140,Larkspur State Tech,2019,1,31,31,DRAFTED,0,ACTIVE,NONE,1,STARTER,72,81,GENERATED
BAL_WR_02,Delano Kilgore,BAL,WR,Receiver,45,72,219,26,3,COL0095,Bellhaven A&M,2023,3,4,68,DRAFTED,0,ACTIVE,NONE,2,STARTER,80,81,GENERATED
BAL_WR_03,Miller Schmitz,BAL,WR,Receiver,53,72,180,29,6,COL0196,Pinehurst Valley State Tech,2020,1,14,14,DRAFTED,0,ACTIVE,NONE,3,STARTER,86,86,GENERATED
BAL_WR_04,Tanner Guilford,BAL,WR,Receiver,9,73,213,21,0,COL0043,Northcrest State,2026,5,20,148,DRAFTED,1,ACTIVE,NONE,4,ROTATIONAL,70,76,GENERATED
BAL_WR_05,Wilkes Brasher,BAL,WR,Receiver,15,72,167,21,0,COL0147,Whitepine State Tech,2026,1,24,24,DRAFTED,1,ACTIVE,NONE,5,ROTATIONAL,70,77,GENERATED
BAL_WR_06,Maxim Dockery,BAL,WR,Receiver,93,73,180,30,6,COL0076,Cypress Hollow Institute,2020,,,,UNDRAFTED,0,ACTIVE,PUP,6,ROTATIONAL,66,66,GENERATED
BAL_WR_07,Porter Sagapolutele,BAL,WR,Receiver,33,71,198,28,4,COL0070,Silverlake State Tech,2022,,,,UNDRAFTED,0,PRACTICE_SQUAD_CANDIDATE,NONE,7,DEPTH,65,66,GENERATED
BAL_WR_08,Mekai Littlejohn,BAL,WR,Receiver,92,73,203,24,2,COL0036,Kelvinridge State,2024,,,,UNDRAFTED,0,PRACTICE_SQUAD_CANDIDATE,NONE,8,DEPTH,66,73,GENERATED
BAL_WR_09,Harvey Vinovich,BAL,WR,Receiver,2,69,207,21,0,COL0246,Winslow State,2026,,,,UNDRAFTED,1,CAMP_BODY,NONE,9,CAMP,64,68,GENERATED
BAL_WR_10,Lemuel Rombach,BAL,WR,Receiver,73,72,209,21,0,COL0049,Northcrest State Tech,2026,7,1,193,DRAFTED,1,CAMP_BODY,NONE,10,CAMP,58,60,GENERATED
BAL_WR_11,Randall Culpepper,BAL,WR,Receiver,67,70,189,24,0,COL0242,Talbot A&M,2026,,,,UNDRAFTED,1,CAMP_BODY,NONE,11,CAMP,63,74,GENERATED
BAL_TE_01,Rocco Chidozie,BAL,TE,Receiver,20,78,235,28,6,COL0001,Calderwood State,2020,1,7,7,DRAFTED,0,ACTIVE,NONE,1,STARTER,82,82,GENERATED
BAL_TE_02,Shea Vosburgh,BAL,TE,Receiver,83,77,238,28,5,COL0166,Sablewood College,2021,4,32,128,DRAFTED,0,ACTIVE,NONE,2,ROTATIONAL,68,68,GENERATED
BAL_TE_03,Lorenzo Spielman,BAL,TE,Receiver,72,79,245,30,6,COL0086,Westmoor University,2020,7,13,205,DRAFTED,0,ACTIVE,NONE,3,ROTATIONAL,72,77,GENERATED
BAL_TE_04,Owen Sanjuan,BAL,TE,Receiver,80,76,257,23,1,COL0214,Ravensburg A&M,2025,,,,UNDRAFTED,0,PRACTICE_SQUAD_CANDIDATE,NONE,4,DEPTH,62,62,GENERATED
BAL_TE_05,Riggs Bergeron,BAL,TE,Receiver,29,77,244,24,1,COL0184,Sunderland University,2025,5,27,155,DRAFTED,0,CAMP_BODY,NONE,5,CAMP,54,54,GENERATED
BAL_TE_06,Rashad Yarborough,BAL,TE,Receiver,50,79,236,24,0,COL0134,Larkspur State,2026,,,,UNDRAFTED,1,CAMP_BODY,NONE,6,CAMP,59,63,GENERATED
BAL_OT_01,Zico Steinkuhler,BAL,OT,O-Line,98,77,329,23,2,COL0028,Marbury State Tech,2024,2,32,64,DRAFTED,0,ACTIVE,NONE,1,STARTER,70,77,GENERATED
BAL_OT_02,Carlisle Cornish,BAL,OT,O-Line,58,78,311,27,5,COL0004,Calderwood A&M,2021,1,4,4,DRAFTED,0,ACTIVE,NONE,2,STARTER,79,85,GENERATED
BAL_OT_03,Ignacio Babineaux,BAL,OT,O-Line,27,78,322,23,1,COL0217,Ravensburg State Tech,2025,4,11,107,DRAFTED,0,ACTIVE,NONE,3,ROTATIONAL,64,64,GENERATED
BAL_OT_04,Jeremiah Moorhead,BAL,OT,O-Line,47,77,312,31,8,COL0217,Ravensburg State Tech,2018,7,4,196,DRAFTED,0,ACTIVE,NONE,4,ROTATIONAL,65,65,GENERATED
BAL_OT_05,Onyx Tyree,BAL,OT,O-Line,1,78,292,22,0,COL0097,Bellhaven Institute,2026,,,,UNDRAFTED,1,PRACTICE_SQUAD_CANDIDATE,NONE,5,DEPTH,66,73,GENERATED
BAL_OT_06,Teagan Shattuck,BAL,OT,O-Line,25,78,326,21,0,COL0204,Lakemont State,2026,,,,UNDRAFTED,1,CAMP_BODY,NONE,6,CAMP,54,62,GENERATED
BAL_OG_01,Stryker Medearis,BAL,OG,O-Line,19,76,307,33,9,COL0100,Thornfield University,2017,3,23,87,DRAFTED,0,ACTIVE,NONE,1,STARTER,76,76,GENERATED
BAL_OG_02,Reginald Torrence,BAL,OG,O-Line,5,75,339,31,8,COL0197,Copper Creek State,2018,1,26,26,DRAFTED,0,ACTIVE,NFI,2,STARTER,90,94,GENERATED
BAL_OG_03,Onyx Fanning,BAL,OG,O-Line,41,75,349,26,3,COL0191,Pinehurst Valley University,2023,5,13,141,DRAFTED,0,ACTIVE,NONE,3,ROTATIONAL,71,75,GENERATED
BAL_OG_04,Linus Batiste,BAL,OG,O-Line,18,75,321,23,1,COL0182,Mount Verity State Tech,2025,6,26,186,DRAFTED,0,ACTIVE,NONE,4,ROTATIONAL,66,73,GENERATED
BAL_OG_05,Tillman Dobbins,BAL,OG,O-Line,12,75,306,30,8,COL0082,Iron Gate College,2018,6,23,183,DRAFTED,0,PRACTICE_SQUAD_CANDIDATE,NONE,5,DEPTH,67,67,GENERATED
BAL_OG_06,Pascal Grissom,BAL,OG,O-Line,28,75,316,25,3,COL0061,Havenport College,2023,7,7,199,DRAFTED,0,CAMP_BODY,NONE,6,CAMP,56,64,GENERATED
BAL_C_01,Bryce Wolfington,BAL,C,O-Line,39,73,298,25,3,COL0157,Granite Bay Tech,2023,5,27,155,DRAFTED,0,ACTIVE,NONE,1,STARTER,78,87,GENERATED
BAL_C_02,Hampton Ledbetter,BAL,C,O-Line,8,73,310,26,3,COL0194,Pinehurst Valley College,2023,,,,UNDRAFTED,0,ACTIVE,NONE,2,ROTATIONAL,68,74,GENERATED
BAL_C_03,Simeon Freeney,BAL,C,O-Line,54,75,304,22,0,COL0002,Calderwood University,2026,6,2,162,DRAFTED,1,PRACTICE_SQUAD_CANDIDATE,NONE,3,DEPTH,64,66,GENERATED
BAL_EDGE_01,Chevy Marsalis,BAL,EDGE,Front Seven,88,74,250,22,0,COL0037,Kelvinridge University,2026,4,20,116,DRAFTED,1,ACTIVE,NONE,1,STARTER,79,87,GENERATED
BAL_EDGE_02,Sutton Yarborough,BAL,EDGE,Front Seven,36,75,254,27,6,COL0121,Falcon Ridge University,2020,1,27,27,DRAFTED,0,ACTIVE,NONE,2,STARTER,98,98,GENERATED
BAL_EDGE_03,Kavon Harkness,BAL,EDGE,Front Seven,62,76,264,35,13,COL0191,Pinehurst Valley University,2013,,,,UNDRAFTED,0,ACTIVE,DAY_TO_DAY,3,ROTATIONAL,73,73,GENERATED
BAL_EDGE_04,Wolfgang Forsythe,BAL,EDGE,Front Seven,52,74,249,25,4,COL0170,Harrowgate University,2022,6,13,173,DRAFTED,0,ACTIVE,NONE,4,ROTATIONAL,71,79,GENERATED
BAL_EDGE_05,Langston Mobley,BAL,EDGE,Front Seven,11,74,275,24,1,COL0136,Larkspur Tech,2025,7,29,221,DRAFTED,0,ACTIVE,NONE,5,ROTATIONAL,66,69,GENERATED
BAL_EDGE_06,Nikolai Dillard,BAL,EDGE,Front Seven,51,76,265,23,0,COL0076,Cypress Hollow Institute,2026,,,,UNDRAFTED,1,PRACTICE_SQUAD_CANDIDATE,NONE,6,DEPTH,62,70,GENERATED
BAL_EDGE_07,Lance Restrepo,BAL,EDGE,Front Seven,56,72,268,25,3,COL0066,Silverlake Tech,2023,5,7,135,DRAFTED,0,PRACTICE_SQUAD_CANDIDATE,NONE,7,DEPTH,63,68,GENERATED
BAL_EDGE_08,Brogan Flannery,BAL,EDGE,Front Seven,64,75,251,25,2,COL0187,Sunderland College,2024,,,,UNDRAFTED,0,CAMP_BODY,NONE,8,CAMP,58,64,GENERATED
BAL_EDGE_09,Orion Hopkins,BAL,EDGE,Front Seven,59,76,259,22,0,COL0163,Sablewood University,2026,6,26,186,DRAFTED,1,CAMP_BODY,NONE,9,CAMP,58,65,GENERATED
BAL_DT_01,Laurent Epperson,BAL,DT,Front Seven,7,73,306,24,1,COL0170,Harrowgate University,2025,1,8,8,DRAFTED,0,ACTIVE,NONE,1,STARTER,85,92,GENERATED
BAL_DT_02,Tarik Jarnigan,BAL,DT,Front Seven,69,77,305,26,2,COL0228,Dunmore A&M,2024,1,30,30,DRAFTED,0,ACTIVE,NONE,2,STARTER,83,85,GENERATED
BAL_DT_03,Reeves Quigley,BAL,DT,Front Seven,86,76,297,24,2,COL0005,Calderwood College,2024,3,30,94,DRAFTED,0,ACTIVE,NONE,3,ROTATIONAL,70,76,GENERATED
BAL_DT_04,Warrick Sokolowski,BAL,DT,Front Seven,99,75,302,27,3,COL0062,Havenport Institute,2023,7,22,214,DRAFTED,0,ACTIVE,NONE,4,ROTATIONAL,70,76,GENERATED
BAL_DT_05,Newton Yeboah,BAL,DT,Front Seven,61,75,311,25,1,COL0193,Pinehurst Valley A&M,2025,,,,UNDRAFTED,0,ACTIVE,NONE,5,ROTATIONAL,67,67,GENERATED
BAL_DT_06,Bennie Zimmerman,BAL,DT,Front Seven,81,73,313,24,1,COL0100,Thornfield University,2025,6,27,187,DRAFTED,0,PRACTICE_SQUAD_CANDIDATE,NONE,6,DEPTH,63,63,GENERATED
BAL_DT_07,Terrance Madubuike,BAL,DT,Front Seven,76,73,302,23,0,COL0228,Dunmore A&M,2026,,,,UNDRAFTED,1,CAMP_BODY,NONE,7,CAMP,56,65,GENERATED
BAL_DT_08,Denzel Kamara,BAL,DT,Front Seven,91,71,314,23,2,COL0113,Kingsbridge State,2024,,,,UNDRAFTED,0,CAMP_BODY,IR,8,CAMP,62,64,GENERATED
BAL_LB_01,Derrick Holliday,BAL,LB,Front Seven,97,73,234,30,6,COL0196,Pinehurst Valley State Tech,2020,1,3,3,DRAFTED,0,ACTIVE,NONE,1,STARTER,83,84,GENERATED
BAL_LB_02,Thelonious Petitgout,BAL,LB,Front Seven,37,72,240,28,6,COL0028,Marbury State Tech,2020,1,3,3,DRAFTED,0,ACTIVE,NONE,2,STARTER,84,90,GENERATED
BAL_LB_03,Jamir Broadwater,BAL,LB,Front Seven,95,74,225,26,5,COL0159,Granite Bay College,2021,,,,UNDRAFTED,0,ACTIVE,NONE,3,ROTATIONAL,68,71,GENERATED
BAL_LB_04,Yannick Serrano,BAL,LB,Front Seven,57,75,231,27,4,COL0155,Granite Bay State,2022,,,,UNDRAFTED,0,ACTIVE,NFI,4,ROTATIONAL,62,62,GENERATED
BAL_LB_05,Saxon Shattuck,BAL,LB,Front Seven,96,75,230,27,6,COL0101,Thornfield Tech,2020,3,19,83,DRAFTED,0,ACTIVE,NONE,5,ROTATIONAL,66,68,GENERATED
BAL_LB_06,Yusuf Sendejo,BAL,LB,Front Seven,32,74,234,24,1,COL0256,Bramblewood A&M,2025,7,18,210,DRAFTED,0,PRACTICE_SQUAD_CANDIDATE,NONE,6,DEPTH,57,62,GENERATED
BAL_LB_07,Peyson Hovland,BAL,LB,Front Seven,35,72,248,22,0,COL0176,Mount Verity State,2026,5,1,129,DRAFTED,1,CAMP_BODY,NONE,7,CAMP,54,62,GENERATED
BAL_LB_08,Mekhi Haddad,BAL,LB,Front Seven,71,74,235,22,0,COL0107,Quarry Hill University,2026,,,,UNDRAFTED,1,CAMP_BODY,NONE,8,CAMP,53,59,GENERATED
BAL_CB_01,Delano Gholston,BAL,CB,Secondary,34,72,191,29,6,COL0036,Kelvinridge State,2020,1,7,7,DRAFTED,0,ACTIVE,NONE,1,STARTER,81,83,GENERATED
BAL_CB_02,Ezekiel Bancroft,BAL,CB,Secondary,48,70,203,23,1,COL0100,Thornfield University,2025,4,6,102,DRAFTED,0,ACTIVE,DAY_TO_DAY,2,STARTER,78,87,GENERATED
BAL_CB_03,Zamir Lasseter,BAL,CB,Secondary,74,72,200,27,4,COL0181,Mount Verity Institute,2022,1,7,7,DRAFTED,0,ACTIVE,NONE,3,STARTER,89,90,GENERATED
BAL_CB_04,Elias Delacruz,BAL,CB,Secondary,65,67,175,23,2,COL0026,Marbury College,2024,7,28,220,DRAFTED,0,ACTIVE,NONE,4,ROTATIONAL,64,71,GENERATED
BAL_CB_05,Avery Youngblood,BAL,CB,Secondary,79,72,181,32,10,COL0095,Bellhaven A&M,2016,5,30,158,DRAFTED,0,ACTIVE,NONE,5,ROTATIONAL,61,61,GENERATED
BAL_CB_06,Zebulon Boykin,BAL,CB,Secondary,21,69,204,27,3,COL0248,Winslow Tech,2023,7,27,219,DRAFTED,0,ACTIVE,NONE,6,ROTATIONAL,74,74,GENERATED
BAL_CB_07,Quincy Rhodes,BAL,CB,Secondary,82,71,181,24,2,COL0020,Ashfield Institute,2024,6,15,175,DRAFTED,0,PRACTICE_SQUAD_CANDIDATE,NONE,7,DEPTH,58,67,GENERATED
BAL_CB_08,Xavier Lucchese,BAL,CB,Secondary,55,71,191,23,0,COL0052,Redbluff Tech,2026,5,16,144,DRAFTED,1,PRACTICE_SQUAD_CANDIDATE,NONE,8,DEPTH,54,54,GENERATED
BAL_CB_09,Kwame Whitehurst,BAL,CB,Secondary,14,70,197,25,1,COL0187,Sunderland College,2025,6,29,189,DRAFTED,0,CAMP_BODY,NONE,9,CAMP,65,68,GENERATED
BAL_CB_10,Sutton Wetherall,BAL,CB,Secondary,77,68,185,22,0,COL0100,Thornfield University,2026,,,,UNDRAFTED,1,CAMP_BODY,NONE,10,CAMP,57,65,GENERATED
BAL_CB_11,Ramsey Calloway,BAL,CB,Secondary,94,69,198,25,3,COL0174,Harrowgate Institute,2023,7,10,202,DRAFTED,0,CAMP_BODY,PUP,11,CAMP,60,65,GENERATED
BAL_S_01,Wendell Lowery,BAL,S,Secondary,40,74,208,24,2,COL0040,Kelvinridge College,2024,2,9,41,DRAFTED,0,ACTIVE,NONE,1,STARTER,68,74,GENERATED
BAL_S_02,Quentin Breckenridge,BAL,S,Secondary,84,71,201,40,17,COL0066,Silverlake Tech,2009,4,13,109,DRAFTED,0,ACTIVE,NONE,2,STARTER,71,74,GENERATED
BAL_S_03,Ashton Linscomb,BAL,S,Secondary,42,72,194,28,4,COL0101,Thornfield Tech,2022,,,,UNDRAFTED,0,ACTIVE,NONE,3,ROTATIONAL,73,74,GENERATED
BAL_S_04,Alonzo Stallworth,BAL,S,Secondary,60,71,194,25,3,COL0042,Kelvinridge State Tech,2023,5,19,147,DRAFTED,0,ACTIVE,NONE,4,ROTATIONAL,70,77,GENERATED
BAL_S_05,Nico Treadwell,BAL,S,Secondary,17,72,195,22,0,COL0093,Bellhaven University,2026,7,15,207,DRAFTED,1,PRACTICE_SQUAD_CANDIDATE,DAY_TO_DAY,5,DEPTH,56,62,GENERATED
BAL_S_06,Ajani Hobbs,BAL,S,Secondary,49,73,194,23,0,COL0144,Whitepine A&M,2026,,,,UNDRAFTED,1,CAMP_BODY,NONE,6,CAMP,54,60,GENERATED
BAL_S_07,Ephraim Roache,BAL,S,Secondary,66,70,203,23,1,COL0134,Larkspur State,2025,,,,UNDRAFTED,0,CAMP_BODY,NONE,7,CAMP,57,63,GENERATED
BAL_K_01,Jace Babineaux,BAL,K,Specialist,68,69,201,28,5,COL0184,Sunderland University,2021,1,26,26,DRAFTED,0,ACTIVE,NONE,1,STARTER,68,75,GENERATED
BAL_K_02,Zuri Wiggington,BAL,K,Specialist,63,73,190,25,1,COL0077,Cypress Hollow State Tech,2025,7,22,214,DRAFTED,0,PRACTICE_SQUAD_CANDIDATE,NONE,2,DEPTH,62,63,GENERATED
BAL_P_01,Quentin Coulombe,BAL,P,Specialist,78,75,202,23,1,COL0146,Whitepine Institute,2025,4,11,107,DRAFTED,0,ACTIVE,NONE,1,STARTER,78,87,GENERATED
BAL_P_02,Soren Cahill,BAL,P,Specialist,38,72,180,27,3,COL0147,Whitepine State Tech,2023,,,,UNDRAFTED,0,PRACTICE_SQUAD_CANDIDATE,NONE,2,DEPTH,64,69,GENERATED
BAL_LS_01,Flynn Ruggiero,BAL,LS,Specialist,44,71,232,28,7,COL0194,Pinehurst Valley College,2019,1,13,13,DRAFTED,0,ACTIVE,NONE,1,STARTER,74,74,GENERATED
PIT_QB_01,Victor Winovich,PIT,QB,Quarterback,52,77,221,25,3,COL0113,Kingsbridge State,2023,1,16,16,DRAFTED,0,ACTIVE,NONE,1,STARTER,89,93,GENERATED
PIT_QB_02,Redmond Barsotti,PIT,QB,Quarterback,86,74,213,27,4,COL0191,Pinehurst Valley University,2022,1,20,20,DRAFTED,0,ACTIVE,NONE,2,ROTATIONAL,78,78,GENERATED
PIT_QB_03,Derrick Welbourne,PIT,QB,Quarterback,25,71,230,24,1,COL0153,Cedar Falls Institute,2025,7,25,217,DRAFTED,0,PRACTICE_SQUAD_CANDIDATE,NONE,3,DEPTH,67,67,GENERATED
PIT_QB_04,Draven Humphries,PIT,QB,Quarterback,64,75,238,24,0,COL0077,Cypress Hollow State Tech,2026,6,13,173,DRAFTED,1,CAMP_BODY,DAY_TO_DAY,4,CAMP,53,60,GENERATED
PIT_RB_01,Devante Vinovich,PIT,RB,Backfield,43,72,202,31,7,COL0249,Winslow A&M,2019,1,3,3,DRAFTED,0,ACTIVE,NONE,1,STARTER,87,91,GENERATED
PIT_RB_02,Quill Hasselby,PIT,RB,Backfield,2,69,217,27,5,COL0176,Mount Verity State,2021,5,24,152,DRAFTED,0,ACTIVE,NONE,2,ROTATIONAL,73,77,GENERATED
PIT_RB_03,Shepard Prioleau,PIT,RB,Backfield,7,69,226,24,2,COL0072,Cypress Hollow University,2024,,,,UNDRAFTED,0,ACTIVE,NONE,3,ROTATIONAL,72,72,GENERATED
PIT_RB_04,Langston Sylvester,PIT,RB,Backfield,32,70,214,25,1,COL0180,Mount Verity College,2025,6,23,183,DRAFTED,0,PRACTICE_SQUAD_CANDIDATE,NONE,4,DEPTH,57,57,GENERATED
PIT_RB_05,Anders Pennington,PIT,RB,Backfield,36,69,211,23,1,COL0011,Fort Grayson A&M,2025,7,23,215,DRAFTED,0,CAMP_BODY,DAY_TO_DAY,5,CAMP,57,66,GENERATED
PIT_FB_01,Emory Derozan,PIT,FB,Backfield,33,72,251,30,7,COL0111,Quarry Hill Institute,2019,2,3,35,DRAFTED,0,ACTIVE,NONE,1,STARTER,73,73,GENERATED
PIT_WR_01,Mariano Hobbs,PIT,WR,Receiver,88,70,206,31,7,COL0169,Harrowgate State,2019,1,6,6,DRAFTED,0,ACTIVE,NONE,1,STARTER,88,92,GENERATED
PIT_WR_02,Deion Sessoms,PIT,WR,Receiver,41,70,191,24,2,COL0159,Granite Bay College,2024,1,27,27,DRAFTED,0,ACTIVE,NONE,2,STARTER,87,94,GENERATED
PIT_WR_03,Braxton Snodgrass,PIT,WR,Receiver,56,72,217,25,4,COL0036,Kelvinridge State,2022,1,31,31,DRAFTED,0,ACTIVE,NONE,3,STARTER,83,86,GENERATED
PIT_WR_04,Lazaro Purifoy,PIT,WR,Receiver,12,72,218,31,7,COL0124,Falcon Ridge College,2019,1,27,27,DRAFTED,0,ACTIVE,DAY_TO_DAY,4,ROTATIONAL,79,79,GENERATED
PIT_WR_05,Hamza Dargan,PIT,WR,Receiver,84,69,177,23,1,COL0080,Iron Gate Tech,2025,3,28,92,DRAFTED,0,ACTIVE,DAY_TO_DAY,5,ROTATIONAL,72,75,GENERATED
PIT_WR_06,Diallo Priestley,PIT,WR,Receiver,95,70,197,23,0,COL0058,Havenport University,2026,2,10,42,DRAFTED,1,ACTIVE,NONE,6,ROTATIONAL,77,85,GENERATED
PIT_WR_07,Mekai Schmitz,PIT,WR,Receiver,11,76,194,26,4,COL0007,Calderwood State Tech,2022,5,29,157,DRAFTED,0,PRACTICE_SQUAD_CANDIDATE,NONE,7,DEPTH,70,76,GENERATED
PIT_WR_08,Ibrahim Claiborne,PIT,WR,Receiver,97,73,187,22,0,COL0214,Ravensburg A&M,2026,,,,UNDRAFTED,1,PRACTICE_SQUAD_CANDIDATE,NONE,8,DEPTH,70,74,GENERATED
PIT_WR_09,Forrest Morrissey,PIT,WR,Receiver,23,71,212,24,0,COL0086,Westmoor University,2026,7,29,221,DRAFTED,1,CAMP_BODY,NONE,9,CAMP,58,63,GENERATED
PIT_WR_10,Wesley Adeyemi,PIT,WR,Receiver,6,72,190,25,3,COL0169,Harrowgate State,2023,5,24,152,DRAFTED,0,CAMP_BODY,NONE,10,CAMP,59,62,GENERATED
PIT_WR_11,Basil Hamlett,PIT,WR,Receiver,94,72,195,26,3,COL0184,Sunderland University,2023,,,,UNDRAFTED,0,CAMP_BODY,NONE,11,CAMP,56,56,GENERATED
PIT_TE_01,Kyrie Lyerly,PIT,TE,Receiver,46,73,251,30,9,COL0098,Bellhaven State Tech,2017,1,18,18,DRAFTED,0,ACTIVE,NONE,1,STARTER,83,83,GENERATED
PIT_TE_02,Zane Alderman,PIT,TE,Receiver,5,79,247,26,4,COL0107,Quarry Hill University,2022,4,10,106,DRAFTED,0,ACTIVE,NONE,2,ROTATIONAL,73,73,GENERATED
PIT_TE_03,Gaspard Comeaux,PIT,TE,Receiver,45,78,231,30,7,COL0039,Kelvinridge A&M,2019,5,13,141,DRAFTED,0,ACTIVE,NONE,3,ROTATIONAL,68,75,GENERATED
PIT_TE_04,Sebastien Freeney,PIT,TE,Receiver,91,77,252,22,0,COL0182,Mount Verity State Tech,2026,7,4,196,DRAFTED,1,PRACTICE_SQUAD_CANDIDATE,NONE,4,DEPTH,67,75,GENERATED
PIT_TE_05,Palmer Prendergast,PIT,TE,Receiver,10,75,258,22,0,COL0147,Whitepine State Tech,2026,,,,UNDRAFTED,1,CAMP_BODY,NONE,5,CAMP,61,70,GENERATED
PIT_TE_06,Rocky Landry,PIT,TE,Receiver,16,77,247,25,2,COL0073,Cypress Hollow Tech,2024,,,,UNDRAFTED,0,CAMP_BODY,NONE,6,CAMP,57,67,GENERATED
PIT_OT_01,Levi Tyree,PIT,OT,O-Line,30,78,309,24,3,COL0064,Silverlake State,2023,2,24,56,DRAFTED,0,ACTIVE,NONE,1,STARTER,84,85,GENERATED
PIT_OT_02,Giovanni Hopkins,PIT,OT,O-Line,69,77,325,26,4,COL0037,Kelvinridge University,2022,3,23,87,DRAFTED,0,ACTIVE,NONE,2,STARTER,81,81,GENERATED
PIT_OT_03,Nathanial Lombardo,PIT,OT,O-Line,19,78,320,26,2,COL0224,Foxcroft State Tech,2024,4,23,119,DRAFTED,0,ACTIVE,NONE,3,ROTATIONAL,73,74,GENERATED
PIT_OT_04,Redmond Rivenbark,PIT,OT,O-Line,38,77,308,24,3,COL0220,Foxcroft Tech,2023,6,25,185,DRAFTED,0,ACTIVE,NONE,4,ROTATIONAL,71,76,GENERATED
PIT_OT_05,Gannon Stonehouse,PIT,OT,O-Line,87,78,308,27,3,COL0149,Cedar Falls University,2023,3,10,74,DRAFTED,0,PRACTICE_SQUAD_CANDIDATE,NONE,5,DEPTH,66,66,GENERATED
PIT_OT_06,Uriah Elmore,PIT,OT,O-Line,27,77,302,22,0,COL0024,Marbury Tech,2026,,,,UNDRAFTED,1,CAMP_BODY,NONE,6,CAMP,59,64,GENERATED
PIT_OG_01,Zion Fielder,PIT,OG,O-Line,31,74,340,22,1,COL0028,Marbury State Tech,2025,1,30,30,DRAFTED,0,ACTIVE,NONE,1,STARTER,81,92,GENERATED
PIT_OG_02,Vaughn Killebrew,PIT,OG,O-Line,70,75,305,24,2,COL0011,Fort Grayson A&M,2024,1,12,12,DRAFTED,0,ACTIVE,DAY_TO_DAY,2,STARTER,91,98,GENERATED
PIT_OG_03,Renard Salvador,PIT,OG,O-Line,82,74,333,27,4,COL0073,Cypress Hollow Tech,2022,3,19,83,DRAFTED,0,ACTIVE,NONE,3,ROTATIONAL,71,77,GENERATED
PIT_OG_04,Zamir Pouncey,PIT,OG,O-Line,4,75,316,28,5,COL0179,Mount Verity A&M,2021,,,,UNDRAFTED,0,ACTIVE,IR,4,ROTATIONAL,76,77,GENERATED
PIT_OG_05,Sawyer Zimmerman,PIT,OG,O-Line,49,73,321,23,0,COL0040,Kelvinridge College,2026,4,3,99,DRAFTED,1,PRACTICE_SQUAD_CANDIDATE,NONE,5,DEPTH,63,68,GENERATED
PIT_OG_06,Herschel Mixson,PIT,OG,O-Line,57,75,313,22,0,COL0028,Marbury State Tech,2026,,,,UNDRAFTED,1,CAMP_BODY,NONE,6,CAMP,62,69,GENERATED
PIT_C_01,Kamden Berrios,PIT,C,O-Line,8,74,308,22,1,COL0192,Pinehurst Valley Tech,2025,3,9,73,DRAFTED,0,ACTIVE,NONE,1,STARTER,82,88,GENERATED
PIT_C_02,Nehemiah Arnett,PIT,C,O-Line,35,76,311,27,4,COL0224,Foxcroft State Tech,2022,2,8,40,DRAFTED,0,ACTIVE,DAY_TO_DAY,2,ROTATIONAL,71,71,GENERATED
PIT_C_03,Hudson Milliner,PIT,C,O-Line,68,75,278,25,3,COL0111,Quarry Hill Institute,2023,5,15,143,DRAFTED,0,PRACTICE_SQUAD_CANDIDATE,NONE,3,DEPTH,66,75,GENERATED
PIT_EDGE_01,Gavin McGlinchey,PIT,EDGE,Front Seven,85,75,262,29,8,COL0162,Sablewood State,2018,1,3,3,DRAFTED,0,ACTIVE,NONE,1,STARTER,77,79,GENERATED
PIT_EDGE_02,Javon Partridge,PIT,EDGE,Front Seven,18,73,272,27,4,COL0108,Quarry Hill Tech,2022,1,19,19,DRAFTED,0,ACTIVE,NONE,2,STARTER,81,88,GENERATED
PIT_EDGE_03,Sherman Whitcomb,PIT,EDGE,Front Seven,17,76,234,23,1,COL0196,Pinehurst Valley State Tech,2025,2,12,44,DRAFTED,0,ACTIVE,NONE,3,ROTATIONAL,74,83,GENERATED
PIT_EDGE_04,Ashton Sorrentino,PIT,EDGE,Front Seven,76,75,243,30,8,COL0014,Fort Grayson State Tech,2018,2,12,44,DRAFTED,0,ACTIVE,NONE,4,ROTATIONAL,75,78,GENERATED
PIT_EDGE_05,Hayes Bancroft,PIT,EDGE,Front Seven,78,74,253,23,1,COL0136,Larkspur Tech,2025,5,12,140,DRAFTED,0,ACTIVE,IR,5,ROTATIONAL,76,78,GENERATED
PIT_EDGE_06,Bruno Hosley,PIT,EDGE,Front Seven,74,75,276,23,0,COL0096,Bellhaven College,2026,,,,UNDRAFTED,1,PRACTICE_SQUAD_CANDIDATE,NONE,6,DEPTH,69,74,GENERATED
PIT_EDGE_07,Noel Stepnoski,PIT,EDGE,Front Seven,3,75,291,26,4,COL0109,Quarry Hill A&M,2022,,,,UNDRAFTED,0,PRACTICE_SQUAD_CANDIDATE,NONE,7,DEPTH,66,70,GENERATED
PIT_EDGE_08,Derrick Burrage,PIT,EDGE,Front Seven,89,76,273,23,1,COL0075,Cypress Hollow College,2025,,,,UNDRAFTED,0,CAMP_BODY,NONE,8,CAMP,59,70,GENERATED
PIT_EDGE_09,Zephyr Maunakea,PIT,EDGE,Front Seven,40,76,233,21,0,COL0217,Ravensburg State Tech,2026,,,,UNDRAFTED,1,CAMP_BODY,NONE,9,CAMP,55,61,GENERATED
PIT_DT_01,Otis Stinnie,PIT,DT,Front Seven,50,74,294,26,4,COL0005,Calderwood College,2022,1,17,17,DRAFTED,0,ACTIVE,NONE,1,STARTER,80,82,GENERATED
PIT_DT_02,Yosef Drayton,PIT,DT,Front Seven,15,76,300,27,6,COL0027,Marbury Institute,2020,1,24,24,DRAFTED,0,ACTIVE,NONE,2,STARTER,86,91,GENERATED
PIT_DT_03,Tyree Hargrave,PIT,DT,Front Seven,28,75,293,30,9,COL0099,Thornfield State,2017,6,14,174,DRAFTED,0,ACTIVE,NONE,3,ROTATIONAL,66,70,GENERATED
PIT_DT_04,Trace Tullis,PIT,DT,Front Seven,93,73,307,25,3,COL0181,Mount Verity Institute,2023,1,22,22,DRAFTED,0,ACTIVE,IR,4,ROTATIONAL,73,81,GENERATED
PIT_DT_05,Tarik McCandless,PIT,DT,Front Seven,92,75,282,29,6,COL0080,Iron Gate Tech,2020,1,9,9,DRAFTED,0,ACTIVE,PUP,5,ROTATIONAL,77,80,GENERATED
PIT_DT_06,Camden Saffold,PIT,DT,Front Seven,20,73,326,24,1,COL0072,Cypress Hollow University,2025,,,,UNDRAFTED,0,PRACTICE_SQUAD_CANDIDATE,NONE,6,DEPTH,58,67,GENERATED
PIT_DT_07,Tanner Clanton,PIT,DT,Front Seven,26,74,301,23,0,COL0132,Emberton Institute,2026,7,1,193,DRAFTED,1,CAMP_BODY,NONE,7,CAMP,53,53,GENERATED
PIT_DT_08,Lowell Hosley,PIT,DT,Front Seven,9,72,301,21,0,COL0215,Ravensburg College,2026,,,,UNDRAFTED,1,CAMP_BODY,NONE,8,CAMP,60,65,GENERATED
PIT_LB_01,Norwood Courtland,PIT,LB,Front Seven,81,74,216,29,7,COL0109,Quarry Hill A&M,2019,1,9,9,DRAFTED,0,ACTIVE,NONE,1,STARTER,95,98,GENERATED
PIT_LB_02,Maurice Vosburgh,PIT,LB,Front Seven,71,72,217,26,3,COL0063,Havenport State Tech,2023,1,29,29,DRAFTED,0,ACTIVE,NONE,2,STARTER,82,90,GENERATED
PIT_LB_03,Montell Poteat,PIT,LB,Front Seven,65,74,239,34,11,COL0037,Kelvinridge University,2015,3,3,67,DRAFTED,0,ACTIVE,NONE,3,ROTATIONAL,69,70,GENERATED
PIT_LB_04,Chandler Makinen,PIT,LB,Front Seven,79,74,235,25,2,COL0106,Quarry Hill State,2024,1,31,31,DRAFTED,0,ACTIVE,NONE,4,ROTATIONAL,86,93,GENERATED
PIT_LB_05,Maurice Pastrana,PIT,LB,Front Seven,47,71,244,28,4,COL0248,Winslow Tech,2022,,,,UNDRAFTED,0,ACTIVE,NONE,5,ROTATIONAL,70,71,GENERATED
PIT_LB_06,Jace Labriola,PIT,LB,Front Seven,61,74,223,24,2,COL0011,Fort Grayson A&M,2024,,,,UNDRAFTED,0,PRACTICE_SQUAD_CANDIDATE,NONE,6,DEPTH,64,72,GENERATED
PIT_LB_07,Odin Bergeron,PIT,LB,Front Seven,58,73,239,23,1,COL0128,Emberton University,2025,5,17,145,DRAFTED,0,CAMP_BODY,NONE,7,CAMP,63,74,GENERATED
PIT_LB_08,Wilder Poindexter,PIT,LB,Front Seven,66,73,239,23,1,COL0144,Whitepine A&M,2025,7,5,197,DRAFTED,0,CAMP_BODY,NONE,8,CAMP,63,71,GENERATED
PIT_CB_01,Wallace Vasher,PIT,CB,Secondary,51,70,204,24,3,COL0232,Clearwater Ridge State,2023,3,9,73,DRAFTED,0,ACTIVE,NONE,1,STARTER,80,80,GENERATED
PIT_CB_02,Chase Tillotson,PIT,CB,Secondary,75,73,199,26,5,COL0145,Whitepine College,2021,1,10,10,DRAFTED,0,ACTIVE,NONE,2,STARTER,83,87,GENERATED
PIT_CB_03,Rhys Lucchese,PIT,CB,Secondary,67,72,197,26,4,COL0018,Ashfield A&M,2022,1,5,5,DRAFTED,0,ACTIVE,NONE,3,STARTER,85,91,GENERATED
PIT_CB_04,Murphy Mobley,PIT,CB,Secondary,55,70,187,22,1,COL0002,Calderwood University,2025,3,21,85,DRAFTED,0,ACTIVE,NONE,4,ROTATIONAL,70,76,GENERATED
PIT_CB_05,Uriah Faulkner,PIT,CB,Secondary,60,71,199,25,2,COL0218,Foxcroft State,2024,3,3,67,DRAFTED,0,ACTIVE,DAY_TO_DAY,5,ROTATIONAL,78,86,GENERATED
PIT_CB_06,Saul McKissic,PIT,CB,Secondary,42,73,192,26,4,COL0167,Sablewood Institute,2022,3,9,73,DRAFTED,0,ACTIVE,NONE,6,ROTATIONAL,70,77,GENERATED
PIT_CB_07,Earl Forsythe,PIT,CB,Secondary,98,70,197,24,1,COL0052,Redbluff Tech,2025,5,10,138,DRAFTED,0,PRACTICE_SQUAD_CANDIDATE,NONE,7,DEPTH,60,71,GENERATED
PIT_CB_08,Stone Garrison,PIT,CB,Secondary,83,70,204,25,2,COL0132,Emberton Institute,2024,,,,UNDRAFTED,0,PRACTICE_SQUAD_CANDIDATE,NONE,8,DEPTH,67,70,GENERATED
PIT_CB_09,Xander Oakman,PIT,CB,Secondary,63,72,180,21,0,COL0144,Whitepine A&M,2026,,,,UNDRAFTED,1,CAMP_BODY,NONE,9,CAMP,62,69,GENERATED
PIT_CB_10,Axel Smallwood,PIT,CB,Secondary,39,72,188,24,2,COL0245,Talbot State Tech,2024,,,,UNDRAFTED,0,CAMP_BODY,NONE,10,CAMP,58,62,GENERATED
PIT_CB_11,Andre Ladouceur,PIT,CB,Secondary,34,71,182,24,0,COL0244,Talbot Institute,2026,6,10,170,DRAFTED,1,CAMP_BODY,NONE,11,CAMP,58,58,GENERATED
PIT_S_01,Jarrett Killebrew,PIT,S,Secondary,14,73,207,24,2,COL0208,Lakemont College,2024,1,16,16,DRAFTED,0,ACTIVE,NONE,1,STARTER,81,86,GENERATED
PIT_S_02,Otto Selvie,PIT,S,Secondary,90,71,199,26,4,COL0208,Lakemont College,2022,2,27,59,DRAFTED,0,ACTIVE,NONE,2,STARTER,80,87,GENERATED
PIT_S_03,Teagan Valentino,PIT,S,Secondary,21,74,214,25,1,COL0066,Silverlake Tech,2025,3,13,77,DRAFTED,0,ACTIVE,NONE,3,ROTATIONAL,73,76,GENERATED
PIT_S_04,Easton Ledbetter,PIT,S,Secondary,62,71,214,31,9,COL0230,Dunmore Institute,2017,,,,UNDRAFTED,0,ACTIVE,NONE,4,ROTATIONAL,72,80,GENERATED
PIT_S_05,Emory Wharton,PIT,S,Secondary,13,72,208,22,0,COL0062,Havenport Institute,2026,,,,UNDRAFTED,1,PRACTICE_SQUAD_CANDIDATE,NONE,5,DEPTH,62,70,GENERATED
PIT_S_06,Ollie Scovel,PIT,S,Secondary,73,70,202,24,0,COL0198,Copper Creek University,2026,,,,UNDRAFTED,1,CAMP_BODY,NONE,6,CAMP,49,54,GENERATED
PIT_S_07,Yusuf Waldron,PIT,S,Secondary,1,72,204,24,1,COL0259,Bramblewood State Tech,2025,,,,UNDRAFTED,0,CAMP_BODY,NONE,7,CAMP,55,61,GENERATED
PIT_K_01,Pierce Kortright,PIT,K,Specialist,54,71,224,30,9,COL0156,Granite Bay University,2017,1,8,8,DRAFTED,0,ACTIVE,NONE,1,STARTER,75,75,GENERATED
PIT_K_02,Wendell Obadiah,PIT,K,Specialist,59,73,209,22,0,COL0204,Lakemont State,2026,2,24,56,DRAFTED,1,PRACTICE_SQUAD_CANDIDATE,NONE,2,DEPTH,77,81,GENERATED
PIT_P_01,Onyx Stoutland,PIT,P,Specialist,22,73,202,28,6,COL0171,Harrowgate Tech,2020,2,22,54,DRAFTED,0,ACTIVE,NONE,1,STARTER,80,83,GENERATED
PIT_P_02,Tadeo Rinaldi,PIT,P,Specialist,48,75,204,25,3,COL0136,Larkspur Tech,2023,5,12,140,DRAFTED,0,PRACTICE_SQUAD_CANDIDATE,NONE,2,DEPTH,66,73,GENERATED
PIT_LS_01,Lars Beauchamp,PIT,LS,Specialist,24,71,234,34,10,COL0019,Ashfield College,2016,2,13,45,DRAFTED,0,ACTIVE,NONE,1,STARTER,76,76,GENERATED
CLE_QB_01,Vance Zamora,CLE,QB,Quarterback,99,76,214,26,4,COL0116,Kingsbridge A&M,2022,1,3,3,DRAFTED,0,ACTIVE,NONE,1,STARTER,76,81,GENERATED
CLE_QB_02,Ellis Coulombe,CLE,QB,Quarterback,27,73,221,28,7,COL0244,Talbot Institute,2019,6,18,178,DRAFTED,0,ACTIVE,NONE,2,ROTATIONAL,62,62,GENERATED
CLE_QB_03,Yannick Dorsett,CLE,QB,Quarterback,10,72,226,23,1,COL0208,Lakemont College,2025,7,15,207,DRAFTED,0,PRACTICE_SQUAD_CANDIDATE,NONE,3,DEPTH,62,66,GENERATED
CLE_QB_04,Phelan Grantham,CLE,QB,Quarterback,85,75,230,22,1,COL0260,Eastvale State,2025,7,1,193,DRAFTED,0,CAMP_BODY,NONE,4,CAMP,53,59,GENERATED
CLE_RB_01,Finley Dalrymple,CLE,RB,Backfield,21,68,223,30,6,COL0252,Winslow State Tech,2020,1,18,18,DRAFTED,0,ACTIVE,NONE,1,STARTER,81,84,GENERATED
CLE_RB_02,Maverick Horvath,CLE,RB,Backfield,76,69,218,28,4,COL0011,Fort Grayson A&M,2022,4,27,123,DRAFTED,0,ACTIVE,NONE,2,ROTATIONAL,75,75,GENERATED
CLE_RB_03,Trey Devereaux,CLE,RB,Backfield,70,67,214,26,5,COL0136,Larkspur Tech,2021,,,,UNDRAFTED,0,ACTIVE,NONE,3,ROTATIONAL,74,75,GENERATED
CLE_RB_04,Colby Zaccheaus,CLE,RB,Backfield,92,69,223,27,3,COL0256,Bramblewood A&M,2023,,,,UNDRAFTED,0,PRACTICE_SQUAD_CANDIDATE,NONE,4,DEPTH,58,58,GENERATED
CLE_RB_05,Shaquille Woodhead,CLE,RB,Backfield,38,73,232,25,3,COL0183,Sunderland State,2023,,,,UNDRAFTED,0,CAMP_BODY,NONE,5,CAMP,60,65,GENERATED
CLE_FB_01,Bram Harmon,CLE,FB,Backfield,15,71,239,32,10,COL0037,Kelvinridge University,2016,5,2,130,DRAFTED,0,ACTIVE,DAY_TO_DAY,1,STARTER,70,70,GENERATED
CLE_WR_01,Gannon Rhodes,CLE,WR,Receiver,60,72,212,36,13,COL0217,Ravensburg State Tech,2013,3,13,77,DRAFTED,0,ACTIVE,PUP,1,STARTER,80,80,GENERATED
CLE_WR_02,Zaire Prewitt,CLE,WR,Receiver,48,68,221,23,1,COL0001,Calderwood State,2025,1,20,20,DRAFTED,0,ACTIVE,NONE,2,STARTER,84,96,GENERATED
CLE_WR_03,Duke Moehrig,CLE,WR,Receiver,55,71,219,34,10,COL0204,Lakemont State,2016,1,18,18,DRAFTED,0,ACTIVE,NONE,3,STARTER,90,97,GENERATED
CLE_WR_04,Percival Ingold,CLE,WR,Receiver,32,74,205,24,2,COL0125,Falcon Ridge Institute,2024,4,6,102,DRAFTED,0,ACTIVE,NONE,4,ROTATIONAL,74,86,GENERATED
CLE_WR_05,Solomon Quessenberry,CLE,WR,Receiver,72,69,192,24,1,COL0064,Silverlake State,2025,4,27,123,DRAFTED,0,ACTIVE,NONE,5,ROTATIONAL,62,68,GENERATED
CLE_WR_06,Garland Bellinger,CLE,WR,Receiver,4,70,174,24,2,COL0035,Stonewell State Tech,2024,2,31,63,DRAFTED,0,ACTIVE,NONE,6,ROTATIONAL,76,78,GENERATED
CLE_WR_07,Shepard Lanphier,CLE,WR,Receiver,77,67,195,23,0,COL0158,Granite Bay A&M,2026,7,21,213,DRAFTED,1,PRACTICE_SQUAD_CANDIDATE,NONE,7,DEPTH,62,74,GENERATED
CLE_WR_08,Jordy Pastrana,CLE,WR,Receiver,63,71,187,26,2,COL0148,Cedar Falls State,2024,,,,UNDRAFTED,0,PRACTICE_SQUAD_CANDIDATE,NONE,8,DEPTH,65,71,GENERATED
CLE_WR_09,Dashawn Lasseter,CLE,WR,Receiver,84,69,178,28,5,COL0111,Quarry Hill Institute,2021,7,21,213,DRAFTED,0,CAMP_BODY,NONE,9,CAMP,56,57,GENERATED
CLE_WR_10,Sullivan McDermott,CLE,WR,Receiver,20,74,196,23,0,COL0100,Thornfield University,2026,5,21,149,DRAFTED,1,CAMP_BODY,NONE,10,CAMP,55,61,GENERATED
CLE_WR_11,Mikael Pepperell,CLE,WR,Receiver,78,67,221,22,1,COL0024,Marbury Tech,2025,3,32,96,DRAFTED,0,CAMP_BODY,NONE,11,CAMP,64,74,GENERATED
CLE_TE_01,Dante Kalapana,CLE,TE,Receiver,93,75,267,24,1,COL0235,Clearwater Ridge A&M,2025,1,2,2,DRAFTED,0,ACTIVE,NONE,1,STARTER,95,98,GENERATED
CLE_TE_02,Harlan Sudfeld,CLE,TE,Receiver,37,77,233,24,1,COL0049,Northcrest State Tech,2025,7,20,212,DRAFTED,0,ACTIVE,NONE,2,ROTATIONAL,68,76,GENERATED
CLE_TE_03,Antoine Fulmer,CLE,TE,Receiver,47,78,264,24,2,COL0053,Redbluff A&M,2024,3,23,87,DRAFTED,0,ACTIVE,NONE,3,ROTATIONAL,68,76,GENERATED
CLE_TE_04,Simeon Tenpenny,CLE,TE,Receiver,56,76,268,21,0,COL0207,Lakemont A&M,2026,4,3,99,DRAFTED,1,PRACTICE_SQUAD_CANDIDATE,NONE,4,DEPTH,63,73,GENERATED
CLE_TE_05,Beckham Debose,CLE,TE,Receiver,28,76,251,22,1,COL0204,Lakemont State,2025,7,14,206,DRAFTED,0,CAMP_BODY,NONE,5,CAMP,56,60,GENERATED
CLE_TE_06,Neville McLendon,CLE,TE,Receiver,89,77,248,23,0,COL0030,Stonewell University,2026,7,26,218,DRAFTED,1,CAMP_BODY,NONE,6,CAMP,57,57,GENERATED
CLE_OT_01,Chase Jimerson,CLE,OT,O-Line,33,76,323,31,9,COL0106,Quarry Hill State,2017,1,10,10,DRAFTED,0,ACTIVE,NONE,1,STARTER,87,87,GENERATED
CLE_OT_02,Sanford Rombach,CLE,OT,O-Line,45,77,303,25,2,COL0220,Foxcroft Tech,2024,3,17,81,DRAFTED,0,ACTIVE,NONE,2,STARTER,86,88,GENERATED
CLE_OT_03,Paxton Passmore,CLE,OT,O-Line,62,79,311,37,15,COL0112,Quarry Hill State Tech,2011,5,12,140,DRAFTED,0,ACTIVE,NONE,3,ROTATIONAL,63,64,GENERATED
CLE_OT_04,Royce Bradshaw,CLE,OT,O-Line,97,76,320,23,1,COL0073,Cypress Hollow Tech,2025,4,9,105,DRAFTED,0,ACTIVE,NONE,4,ROTATIONAL,71,73,GENERATED
CLE_OT_05,Sidney Fraley,CLE,OT,O-Line,24,77,297,24,1,COL0207,Lakemont A&M,2025,,,,UNDRAFTED,0,PRACTICE_SQUAD_CANDIDATE,NONE,5,DEPTH,61,67,GENERATED
CLE_OT_06,Teagan Joplin,CLE,OT,O-Line,74,78,296,23,0,COL0228,Dunmore A&M,2026,5,31,159,DRAFTED,1,CAMP_BODY,NONE,6,CAMP,57,67,GENERATED
CLE_OG_01,Judah Roscoe,CLE,OG,O-Line,69,77,325,30,7,COL0045,Northcrest Tech,2019,5,8,136,DRAFTED,0,ACTIVE,NONE,1,STARTER,70,71,GENERATED
CLE_OG_02,Mateo Elmore,CLE,OG,O-Line,82,75,320,22,0,COL0150,Cedar Falls Tech,2026,3,14,78,DRAFTED,1,ACTIVE,NONE,2,STARTER,76,84,GENERATED
CLE_OG_03,Gunnar Onwuasor,CLE,OG,O-Line,68,75,310,25,2,COL0134,Larkspur State,2024,2,12,44,DRAFTED,0,ACTIVE,NONE,3,ROTATIONAL,75,77,GENERATED
CLE_OG_04,Alonzo Stonehouse,CLE,OG,O-Line,51,75,309,22,1,COL0184,Sunderland University,2025,5,12,140,DRAFTED,0,ACTIVE,IR,4,ROTATIONAL,59,64,GENERATED
CLE_OG_05,Jamari Herrera,CLE,OG,O-Line,88,75,314,23,0,COL0020,Ashfield Institute,2026,7,15,207,DRAFTED,1,PRACTICE_SQUAD_CANDIDATE,NONE,5,DEPTH,65,68,GENERATED
CLE_OG_06,Norwood Heggins,CLE,OG,O-Line,14,75,309,22,0,COL0083,Iron Gate Institute,2026,6,19,179,DRAFTED,1,CAMP_BODY,NONE,6,CAMP,55,73,GENERATED
CLE_C_01,Jorel Crouch,CLE,C,O-Line,80,74,306,27,3,COL0182,Mount Verity State Tech,2023,,,,UNDRAFTED,0,ACTIVE,NONE,1,STARTER,69,74,GENERATED
CLE_C_02,Fowler Ludwig,CLE,C,O-Line,53,73,299,24,0,COL0002,Calderwood University,2026,7,1,193,DRAFTED,1,ACTIVE,DAY_TO_DAY,2,ROTATIONAL,67,76,GENERATED
CLE_C_03,Vance Warrick,CLE,C,O-Line,8,73,295,26,3,COL0018,Ashfield A&M,2023,,,,UNDRAFTED,0,PRACTICE_SQUAD_CANDIDATE,NONE,3,DEPTH,64,71,GENERATED
CLE_EDGE_01,Bellamy Stanback,CLE,EDGE,Front Seven,6,76,261,27,3,COL0076,Cypress Hollow Institute,2023,1,31,31,DRAFTED,0,ACTIVE,DAY_TO_DAY,1,STARTER,94,94,GENERATED
CLE_EDGE_02,Lonnie Killebrew,CLE,EDGE,Front Seven,57,75,262,28,5,COL0196,Pinehurst Valley State Tech,2021,1,5,5,DRAFTED,0,ACTIVE,NONE,2,STARTER,84,91,GENERATED
CLE_EDGE_03,Vito Wainwright,CLE,EDGE,Front Seven,46,74,264,24,1,COL0087,Westmoor Tech,2025,4,1,97,DRAFTED,0,ACTIVE,DAY_TO_DAY,3,ROTATIONAL,73,74,GENERATED
CLE_EDGE_04,Asa Onwuasor,CLE,EDGE,Front Seven,7,75,276,32,8,COL0026,Marbury College,2018,1,25,25,DRAFTED,0,ACTIVE,NONE,4,ROTATIONAL,68,74,GENERATED
CLE_EDGE_05,Seamus Dalrymple,CLE,EDGE,Front Seven,2,76,262,29,6,COL0144,Whitepine A&M,2020,1,29,29,DRAFTED,0,ACTIVE,NONE,5,ROTATIONAL,73,78,GENERATED
CLE_EDGE_06,Mekai Piscopo,CLE,EDGE,Front Seven,71,74,272,29,6,COL0007,Calderwood State Tech,2020,,,,UNDRAFTED,0,PRACTICE_SQUAD_CANDIDATE,NONE,6,DEPTH,62,62,GENERATED
CLE_EDGE_07,Patton Tullis,CLE,EDGE,Front Seven,5,75,271,22,0,COL0026,Marbury College,2026,6,7,167,DRAFTED,1,PRACTICE_SQUAD_CANDIDATE,DAY_TO_DAY,7,DEPTH,64,71,GENERATED
CLE_EDGE_08,Josiah McCourty,CLE,EDGE,Front Seven,75,77,255,23,1,COL0173,Harrowgate College,2025,,,,UNDRAFTED,0,CAMP_BODY,NONE,8,CAMP,60,68,GENERATED
CLE_EDGE_09,Owen Halloran,CLE,EDGE,Front Seven,9,73,291,23,0,COL0016,Ashfield University,2026,7,21,213,DRAFTED,1,CAMP_BODY,NONE,9,CAMP,59,69,GENERATED
CLE_DT_01,Mason Fitzhugh,CLE,DT,Front Seven,16,74,327,34,10,COL0129,Emberton Tech,2016,2,5,37,DRAFTED,0,ACTIVE,NONE,1,STARTER,77,81,GENERATED
CLE_DT_02,Elian Ugwoegbu,CLE,DT,Front Seven,42,76,314,24,2,COL0186,Sunderland A&M,2024,3,22,86,DRAFTED,0,ACTIVE,NONE,2,STARTER,75,80,GENERATED
CLE_DT_03,Enzo Stallworth,CLE,DT,Front Seven,12,74,302,33,9,COL0135,Larkspur University,2017,4,1,97,DRAFTED,0,ACTIVE,NONE,3,ROTATIONAL,74,74,GENERATED
CLE_DT_04,Ajani Glenn,CLE,DT,Front Seven,86,75,290,21,0,COL0112,Quarry Hill State Tech,2026,4,26,122,DRAFTED,1,ACTIVE,NONE,4,ROTATIONAL,79,88,GENERATED
CLE_DT_05,Ruben Galbraith,CLE,DT,Front Seven,59,76,313,28,7,COL0099,Thornfield State,2019,,,,UNDRAFTED,0,ACTIVE,NONE,5,ROTATIONAL,68,69,GENERATED
CLE_DT_06,Lorenzo Gaddis,CLE,DT,Front Seven,41,73,319,26,2,COL0172,Harrowgate A&M,2024,7,4,196,DRAFTED,0,PRACTICE_SQUAD_CANDIDATE,NONE,6,DEPTH,64,66,GENERATED
CLE_DT_07,Milo Gainer,CLE,DT,Front Seven,22,75,309,21,0,COL0133,Emberton State Tech,2026,,,,UNDRAFTED,1,CAMP_BODY,NONE,7,CAMP,53,61,GENERATED
CLE_DT_08,Ludwig Cahill,CLE,DT,Front Seven,58,73,306,22,0,COL0084,Iron Gate State Tech,2026,,,,UNDRAFTED,1,CAMP_BODY,NONE,8,CAMP,59,64,GENERATED
CLE_LB_01,Conrad Hilliard,CLE,LB,Front Seven,34,74,230,24,3,COL0243,Talbot College,2023,3,8,72,DRAFTED,0,ACTIVE,NONE,1,STARTER,72,78,GENERATED
CLE_LB_02,Thaddeus Zamora,CLE,LB,Front Seven,79,73,236,27,4,COL0251,Winslow Institute,2022,1,13,13,DRAFTED,0,ACTIVE,NONE,2,STARTER,80,80,GENERATED
CLE_LB_03,Mikael Trevathan,CLE,LB,Front Seven,11,73,213,29,5,COL0120,Falcon Ridge State,2021,,,,UNDRAFTED,0,ACTIVE,NONE,3,ROTATIONAL,73,73,GENERATED
CLE_LB_04,Eero Jorgensen,CLE,LB,Front Seven,3,74,228,29,6,COL0252,Winslow State Tech,2020,3,20,84,DRAFTED,0,ACTIVE,NONE,4,ROTATIONAL,76,76,GENERATED
CLE_LB_05,Vince Latimore,CLE,LB,Front Seven,25,73,235,30,7,COL0062,Havenport Institute,2019,,,,UNDRAFTED,0,ACTIVE,NONE,5,ROTATIONAL,70,71,GENERATED
CLE_LB_06,Bruno Ansley,CLE,LB,Front Seven,30,75,229,24,1,COL0132,Emberton Institute,2025,6,11,171,DRAFTED,0,PRACTICE_SQUAD_CANDIDATE,NONE,6,DEPTH,61,65,GENERATED
CLE_LB_07,Noel Elmore,CLE,LB,Front Seven,31,72,230,24,0,COL0083,Iron Gate Institute,2026,,,,UNDRAFTED,1,CAMP_BODY,NONE,7,CAMP,57,64,GENERATED
CLE_LB_08,Milo Somerville,CLE,LB,Front Seven,73,72,220,23,1,COL0108,Quarry Hill Tech,2025,7,12,204,DRAFTED,0,CAMP_BODY,NONE,8,CAMP,52,57,GENERATED
CLE_CB_01,Deion Dargan,CLE,CB,Secondary,29,70,204,25,4,COL0096,Bellhaven College,2022,1,25,25,DRAFTED,0,ACTIVE,NONE,1,STARTER,88,95,GENERATED
CLE_CB_02,Alden Wadsworth,CLE,CB,Secondary,26,71,194,26,3,COL0158,Granite Bay A&M,2023,1,26,26,DRAFTED,0,ACTIVE,NONE,2,STARTER,90,93,GENERATED
CLE_CB_03,Sable Chidozie,CLE,CB,Secondary,43,72,189,25,2,COL0005,Calderwood College,2024,1,3,3,DRAFTED,0,ACTIVE,NONE,3,STARTER,82,87,GENERATED
CLE_CB_04,Damon Horvath,CLE,CB,Secondary,81,68,185,27,3,COL0037,Kelvinridge University,2023,5,27,155,DRAFTED,0,ACTIVE,NONE,4,ROTATIONAL,71,71,GENERATED
CLE_CB_05,Theo Oakman,CLE,CB,Secondary,17,69,187,27,5,COL0054,Redbluff College,2021,3,20,84,DRAFTED,0,ACTIVE,NONE,5,ROTATIONAL,75,79,GENERATED
CLE_CB_06,Arlo Vitiello,CLE,CB,Secondary,98,69,194,35,11,COL0120,Falcon Ridge State,2015,5,1,129,DRAFTED,0,ACTIVE,NONE,6,ROTATIONAL,72,72,GENERATED
CLE_CB_07,Travon Salvador,CLE,CB,Secondary,54,73,203,23,0,COL0124,Falcon Ridge College,2026,7,28,220,DRAFTED,1,PRACTICE_SQUAD_CANDIDATE,NONE,7,DEPTH,59,69,GENERATED
CLE_CB_08,Creed Sistrunk,CLE,CB,Secondary,61,71,189,24,0,COL0014,Fort Grayson State Tech,2026,,,,UNDRAFTED,1,PRACTICE_SQUAD_CANDIDATE,NONE,8,DEPTH,62,69,GENERATED
CLE_CB_09,Luka Alfaro,CLE,CB,Secondary,52,70,198,25,3,COL0044,Northcrest University,2023,,,,UNDRAFTED,0,CAMP_BODY,NONE,9,CAMP,59,66,GENERATED
CLE_CB_10,Arlo Lanphier,CLE,CB,Secondary,87,70,193,22,0,COL0112,Quarry Hill State Tech,2026,,,,UNDRAFTED,1,CAMP_BODY,NONE,10,CAMP,47,52,GENERATED
CLE_CB_11,Kian Pennington,CLE,CB,Secondary,95,71,186,23,1,COL0172,Harrowgate A&M,2025,,,,UNDRAFTED,0,CAMP_BODY,NONE,11,CAMP,59,63,GENERATED
CLE_S_01,Rocco Oosterhout,CLE,S,Secondary,83,71,210,24,2,COL0101,Thornfield Tech,2024,1,21,21,DRAFTED,0,ACTIVE,NONE,1,STARTER,82,87,GENERATED
CLE_S_02,Moses Stanback,CLE,S,Secondary,18,72,212,30,8,COL0195,Pinehurst Valley Institute,2018,1,8,8,DRAFTED,0,ACTIVE,NONE,2,STARTER,86,89,GENERATED
CLE_S_03,Cormac Merriweather,CLE,S,Secondary,50,71,189,27,4,COL0026,Marbury College,2022,2,2,34,DRAFTED,0,ACTIVE,NONE,3,ROTATIONAL,74,82,GENERATED
CLE_S_04,Colston Dumervil,CLE,S,Secondary,40,71,208,25,1,COL0170,Harrowgate University,2025,,,,UNDRAFTED,0,ACTIVE,NONE,4,ROTATIONAL,64,64,GENERATED
CLE_S_05,Desmond Nunnally,CLE,S,Secondary,65,72,202,22,0,COL0157,Granite Bay Tech,2026,5,16,144,DRAFTED,1,PRACTICE_SQUAD_CANDIDATE,NONE,5,DEPTH,69,72,GENERATED
CLE_S_06,Lonnie Skowronek,CLE,S,Secondary,66,71,189,22,1,COL0136,Larkspur Tech,2025,3,10,74,DRAFTED,0,CAMP_BODY,NONE,6,CAMP,66,77,GENERATED
CLE_S_07,Duncan Girardi,CLE,S,Secondary,13,72,204,23,0,COL0124,Falcon Ridge College,2026,,,,UNDRAFTED,1,CAMP_BODY,NONE,7,CAMP,59,66,GENERATED
CLE_K_01,Gerard Ballinger,CLE,K,Specialist,36,73,208,24,2,COL0063,Havenport State Tech,2024,2,9,41,DRAFTED,0,ACTIVE,NONE,1,STARTER,87,94,GENERATED
CLE_K_02,Marcell Mullaney,CLE,K,Specialist,35,73,202,24,2,COL0192,Pinehurst Valley Tech,2024,7,27,219,DRAFTED,0,PRACTICE_SQUAD_CANDIDATE,NONE,2,DEPTH,59,65,GENERATED
CLE_P_01,Eero Pouncey,CLE,P,Specialist,1,72,177,28,4,COL0208,Lakemont College,2022,,,,UNDRAFTED,0,ACTIVE,NONE,1,STARTER,71,71,GENERATED
CLE_P_02,Arlo McGlinchey,CLE,P,Specialist,94,72,200,22,0,COL0248,Winslow Tech,2026,,,,UNDRAFTED,1,PRACTICE_SQUAD_CANDIDATE,NONE,2,DEPTH,60,67,GENERATED
CLE_LS_01,Dante Trufant,CLE,LS,Specialist,67,70,261,26,4,COL0006,Calderwood Institute,2022,1,17,17,DRAFTED,0,ACTIVE,NONE,1,STARTER,76,82,GENERATED
CIN_QB_01,Fritz Wilkerson,CIN,QB,Quarterback,96,70,211,24,3,COL0157,Granite Bay Tech,2023,1,23,23,DRAFTED,0,ACTIVE,DAY_TO_DAY,1,STARTER,94,95,GENERATED
CIN_QB_02,Hendrix Chappell,CIN,QB,Quarterback,95,75,226,25,2,COL0026,Marbury College,2024,4,3,99,DRAFTED,0,ACTIVE,NONE,2,ROTATIONAL,73,78,GENERATED
CIN_QB_03,Ladarius Godwin,CIN,QB,Quarterback,32,75,208,24,1,COL0082,Iron Gate College,2025,5,7,135,DRAFTED,0,PRACTICE_SQUAD_CANDIDATE,NONE,3,DEPTH,75,81,GENERATED
CIN_QB_04,Riordan Ahearn,CIN,QB,Quarterback,57,72,235,23,0,COL0050,Redbluff State,2026,7,1,193,DRAFTED,1,CAMP_BODY,NONE,4,CAMP,55,56,GENERATED
CIN_RB_01,Arlen Hathaway,CIN,RB,Backfield,1,72,209,24,3,COL0085,Westmoor State,2023,1,32,32,DRAFTED,0,ACTIVE,NONE,1,STARTER,88,97,GENERATED
CIN_RB_02,Emmett Tonyan,CIN,RB,Backfield,34,71,198,24,1,COL0187,Sunderland College,2025,5,15,143,DRAFTED,0,ACTIVE,NONE,2,ROTATIONAL,75,77,GENERATED
CIN_RB_03,Harlan Cushing,CIN,RB,Backfield,92,69,220,26,5,COL0092,Bellhaven State,2021,3,11,75,DRAFTED,0,ACTIVE,NONE,3,ROTATIONAL,68,68,GENERATED
CIN_RB_04,Camden McKissic,CIN,RB,Backfield,25,71,210,23,2,COL0259,Bramblewood State Tech,2024,7,8,200,DRAFTED,0,PRACTICE_SQUAD_CANDIDATE,NONE,4,DEPTH,60,62,GENERATED
CIN_RB_05,Woodrow Jimerson,CIN,RB,Backfield,14,69,204,21,0,COL0100,Thornfield University,2026,5,19,147,DRAFTED,1,CAMP_BODY,NONE,5,CAMP,61,70,GENERATED
CIN_FB_01,Asa Simmerman,CIN,FB,Backfield,62,72,234,25,4,COL0012,Fort Grayson College,2022,3,31,95,DRAFTED,0,ACTIVE,NONE,1,STARTER,69,75,GENERATED
CIN_WR_01,Kamden Lowery,CIN,WR,Receiver,19,70,206,27,3,COL0219,Foxcroft University,2023,2,12,44,DRAFTED,0,ACTIVE,NONE,1,STARTER,80,90,GENERATED
CIN_WR_02,Dwight Chandler,CIN,WR,Receiver,43,71,212,26,4,COL0192,Pinehurst Valley Tech,2022,2,2,34,DRAFTED,0,ACTIVE,NONE,2,STARTER,77,81,GENERATED
CIN_WR_03,Eli Cribbs,CIN,WR,Receiver,12,73,201,27,5,COL0136,Larkspur Tech,2021,2,23,55,DRAFTED,0,ACTIVE,NONE,3,STARTER,74,82,GENERATED
CIN_WR_04,Jayceon Yiadom,CIN,WR,Receiver,76,75,205,22,0,COL0111,Quarry Hill Institute,2026,4,18,114,DRAFTED,1,ACTIVE,NONE,4,ROTATIONAL,79,90,GENERATED
CIN_WR_05,Benoit Ogletree,CIN,WR,Receiver,47,72,191,30,6,COL0097,Bellhaven Institute,2020,2,30,62,DRAFTED,0,ACTIVE,NONE,5,ROTATIONAL,68,69,GENERATED
CIN_WR_06,Giovanni Zylstra,CIN,WR,Receiver,20,71,242,23,0,COL0139,Larkspur Institute,2026,7,31,223,DRAFTED,1,ACTIVE,NONE,6,ROTATIONAL,65,68,GENERATED
CIN_WR_07,Mekhi Hemsley,CIN,WR,Receiver,44,74,207,26,5,COL0001,Calderwood State,2021,5,17,145,DRAFTED,0,PRACTICE_SQUAD_CANDIDATE,NONE,7,DEPTH,64,70,GENERATED
CIN_WR_08,Yardley Stillwagon,CIN,WR,Receiver,42,73,202,21,0,COL0120,Falcon Ridge State,2026,7,18,210,DRAFTED,1,PRACTICE_SQUAD_CANDIDATE,NONE,8,DEPTH,64,73,GENERATED
CIN_WR_09,Heath Lavender,CIN,WR,Receiver,82,71,190,23,0,COL0134,Larkspur State,2026,,,,UNDRAFTED,1,CAMP_BODY,DAY_TO_DAY,9,CAMP,55,62,GENERATED
CIN_WR_10,Jarvis Salvador,CIN,WR,Receiver,35,71,189,28,5,COL0109,Quarry Hill A&M,2021,,,,UNDRAFTED,0,CAMP_BODY,PUP,10,CAMP,59,59,GENERATED
CIN_WR_11,Soren Fielder,CIN,WR,Receiver,75,73,212,22,0,COL0137,Larkspur A&M,2026,3,17,81,DRAFTED,1,CAMP_BODY,NONE,11,CAMP,62,69,GENERATED
CIN_TE_01,Ruben Salvador,CIN,TE,Receiver,99,79,250,26,2,COL0060,Havenport A&M,2024,2,23,55,DRAFTED,0,ACTIVE,DAY_TO_DAY,1,STARTER,77,79,GENERATED
CIN_TE_02,Yosef Legette,CIN,TE,Receiver,67,77,256,23,2,COL0028,Marbury State Tech,2024,5,13,141,DRAFTED,0,ACTIVE,NONE,2,ROTATIONAL,66,69,GENERATED
CIN_TE_03,Sherman Crockett,CIN,TE,Receiver,33,77,225,23,1,COL0016,Ashfield University,2025,5,16,144,DRAFTED,0,ACTIVE,NONE,3,ROTATIONAL,68,76,GENERATED
CIN_TE_04,Gideon Ochoa,CIN,TE,Receiver,72,77,251,21,0,COL0175,Harrowgate State Tech,2026,5,26,154,DRAFTED,1,PRACTICE_SQUAD_CANDIDATE,NONE,4,DEPTH,62,70,GENERATED
CIN_TE_05,Merrick Hurlburt,CIN,TE,Receiver,60,79,237,23,1,COL0220,Foxcroft Tech,2025,,,,UNDRAFTED,0,CAMP_BODY,NONE,5,CAMP,50,54,GENERATED
CIN_TE_06,Barrett Wiggington,CIN,TE,Receiver,24,77,270,25,1,COL0209,Lakemont Institute,2025,7,16,208,DRAFTED,0,CAMP_BODY,NONE,6,CAMP,57,63,GENERATED
CIN_OT_01,Lowell Shepley,CIN,OT,O-Line,13,78,339,30,8,COL0075,Cypress Hollow College,2018,3,7,71,DRAFTED,0,ACTIVE,NONE,1,STARTER,82,85,GENERATED
CIN_OT_02,Corbin Flannery,CIN,OT,O-Line,9,76,341,25,2,COL0076,Cypress Hollow Institute,2024,,,,UNDRAFTED,0,ACTIVE,NONE,2,STARTER,74,76,GENERATED
CIN_OT_03,Kieran Helaire,CIN,OT,O-Line,31,76,319,23,2,COL0103,Thornfield College,2024,1,25,25,DRAFTED,0,ACTIVE,DAY_TO_DAY,3,ROTATIONAL,75,87,GENERATED
CIN_OT_04,Stone Milliner,CIN,OT,O-Line,53,78,295,26,4,COL0114,Kingsbridge University,2022,2,31,63,DRAFTED,0,ACTIVE,NONE,4,ROTATIONAL,74,74,GENERATED
CIN_OT_05,Kelvin Spielman,CIN,OT,O-Line,94,77,323,24,0,COL0136,Larkspur Tech,2026,,,,UNDRAFTED,1,PRACTICE_SQUAD_CANDIDATE,DAY_TO_DAY,5,DEPTH,64,74,GENERATED
CIN_OT_06,Fletcher Mabry,CIN,OT,O-Line,83,77,309,22,0,COL0013,Fort Grayson Institute,2026,,,,UNDRAFTED,1,CAMP_BODY,NONE,6,CAMP,59,74,GENERATED
CIN_OG_01,Stone Batiste,CIN,OG,O-Line,30,74,331,29,6,COL0123,Falcon Ridge A&M,2020,4,13,109,DRAFTED,0,ACTIVE,NONE,1,STARTER,72,72,GENERATED
CIN_OG_02,Gavin Hufanga,CIN,OG,O-Line,22,77,321,25,2,COL0246,Winslow State,2024,1,15,15,DRAFTED,0,ACTIVE,NONE,2,STARTER,78,80,GENERATED
CIN_OG_03,Ruben Upshaw,CIN,OG,O-Line,81,74,308,24,2,COL0098,Bellhaven State Tech,2024,3,31,95,DRAFTED,0,ACTIVE,NONE,3,ROTATIONAL,73,75,GENERATED
CIN_OG_04,Esteban Kelleher,CIN,OG,O-Line,21,75,309,25,3,COL0042,Kelvinridge State Tech,2023,3,21,85,DRAFTED,0,ACTIVE,NONE,4,ROTATIONAL,67,73,GENERATED
CIN_OG_05,Lennox Macalister,CIN,OG,O-Line,6,77,312,21,0,COL0240,Talbot University,2026,6,27,187,DRAFTED,1,PRACTICE_SQUAD_CANDIDATE,NONE,5,DEPTH,68,79,GENERATED
CIN_OG_06,Hamza Bellinger,CIN,OG,O-Line,80,75,320,22,0,COL0044,Northcrest University,2026,5,14,142,DRAFTED,1,CAMP_BODY,NONE,6,CAMP,59,66,GENERATED
CIN_C_01,Jaden Schmitz,CIN,C,O-Line,87,76,297,26,4,COL0128,Emberton University,2022,2,14,46,DRAFTED,0,ACTIVE,NONE,1,STARTER,82,82,GENERATED
CIN_C_02,Dashawn Beauchamp,CIN,C,O-Line,40,77,307,27,4,COL0241,Talbot Tech,2022,,,,UNDRAFTED,0,ACTIVE,NONE,2,ROTATIONAL,74,78,GENERATED
CIN_C_03,Gerard Purifoy,CIN,C,O-Line,98,75,289,25,1,COL0038,Kelvinridge Tech,2025,5,20,148,DRAFTED,0,PRACTICE_SQUAD_CANDIDATE,NONE,3,DEPTH,60,67,GENERATED
CIN_EDGE_01,Reginald Dargan,CIN,EDGE,Front Seven,63,77,266,30,7,COL0244,Talbot Institute,2019,1,26,26,DRAFTED,0,ACTIVE,NONE,1,STARTER,74,75,GENERATED
CIN_EDGE_02,Wallace Ashby,CIN,EDGE,Front Seven,65,75,274,28,5,COL0194,Pinehurst Valley College,2021,1,11,11,DRAFTED,0,ACTIVE,NONE,2,STARTER,76,80,GENERATED
CIN_EDGE_03,Fabian Cavanaugh,CIN,EDGE,Front Seven,68,75,257,25,4,COL0131,Emberton College,2022,5,29,157,DRAFTED,0,ACTIVE,NONE,3,ROTATIONAL,68,71,GENERATED
CIN_EDGE_04,Manny Harkness,CIN,EDGE,Front Seven,74,77,269,23,1,COL0157,Granite Bay Tech,2025,,,,UNDRAFTED,0,ACTIVE,IR,4,ROTATIONAL,72,79,GENERATED
CIN_EDGE_05,Clay Isbell,CIN,EDGE,Front Seven,37,74,266,24,3,COL0171,Harrowgate Tech,2023,3,15,79,DRAFTED,0,ACTIVE,NONE,5,ROTATIONAL,65,65,GENERATED
CIN_EDGE_06,Moses Marsalis,CIN,EDGE,Front Seven,84,77,255,29,5,COL0043,Northcrest State,2021,7,25,217,DRAFTED,0,PRACTICE_SQUAD_CANDIDATE,NONE,6,DEPTH,63,64,GENERATED
CIN_EDGE_07,Parker Crockett,CIN,EDGE,Front Seven,38,74,273,23,1,COL0205,Lakemont University,2025,,,,UNDRAFTED,0,PRACTICE_SQUAD_CANDIDATE,NONE,7,DEPTH,63,67,GENERATED
CIN_EDGE_08,Cairo Estrada,CIN,EDGE,Front Seven,56,76,264,23,0,COL0098,Bellhaven State Tech,2026,,,,UNDRAFTED,1,CAMP_BODY,NONE,8,CAMP,58,65,GENERATED
CIN_EDGE_09,Elian Hooker,CIN,EDGE,Front Seven,73,75,252,24,1,COL0042,Kelvinridge State Tech,2025,,,,UNDRAFTED,0,CAMP_BODY,NONE,9,CAMP,63,68,GENERATED
CIN_DT_01,Cortez Vaughters,CIN,DT,Front Seven,58,75,326,27,5,COL0240,Talbot University,2021,1,32,32,DRAFTED,0,ACTIVE,NONE,1,STARTER,88,92,GENERATED
CIN_DT_02,Deacon Legette,CIN,DT,Front Seven,78,73,315,27,4,COL0040,Kelvinridge College,2022,1,10,10,DRAFTED,0,ACTIVE,NONE,2,STARTER,81,83,GENERATED
CIN_DT_03,Dax Paddock,CIN,DT,Front Seven,91,75,310,24,2,COL0209,Lakemont Institute,2024,,,,UNDRAFTED,0,ACTIVE,DAY_TO_DAY,3,ROTATIONAL,67,72,GENERATED
CIN_DT_04,Hasani Kendricks,CIN,DT,Front Seven,55,77,295,26,4,COL0001,Calderwood State,2022,,,,UNDRAFTED,0,ACTIVE,NONE,4,ROTATIONAL,73,75,GENERATED
CIN_DT_05,Merrick Cravens,CIN,DT,Front Seven,10,75,316,23,0,COL0134,Larkspur State,2026,4,5,101,DRAFTED,1,ACTIVE,NONE,5,ROTATIONAL,67,68,GENERATED
CIN_DT_06,Warrick Kamara,CIN,DT,Front Seven,88,74,310,25,3,COL0202,Copper Creek Institute,2023,5,13,141,DRAFTED,0,PRACTICE_SQUAD_CANDIDATE,NONE,6,DEPTH,57,57,GENERATED
CIN_DT_07,Kobi Boykin,CIN,DT,Front Seven,71,73,310,23,0,COL0157,Granite Bay Tech,2026,,,,UNDRAFTED,1,CAMP_BODY,NONE,7,CAMP,54,57,GENERATED
CIN_DT_08,Stellan Swaggerty,CIN,DT,Front Seven,50,74,313,23,1,COL0007,Calderwood State Tech,2025,,,,UNDRAFTED,0,CAMP_BODY,NONE,8,CAMP,62,68,GENERATED
CIN_LB_01,Remy Dobbins,CIN,LB,Front Seven,11,72,220,30,6,COL0115,Kingsbridge Tech,2020,1,15,15,DRAFTED,0,ACTIVE,NONE,1,STARTER,81,83,GENERATED
CIN_LB_02,Kingston Hickenbotham,CIN,LB,Front Seven,66,74,234,22,1,COL0101,Thornfield Tech,2025,1,16,16,DRAFTED,0,ACTIVE,NONE,2,STARTER,80,84,GENERATED
CIN_LB_03,Reginald Darboe,CIN,LB,Front Seven,18,74,250,29,8,COL0215,Ravensburg College,2018,3,28,92,DRAFTED,0,ACTIVE,NONE,3,ROTATIONAL,74,76,GENERATED
CIN_LB_04,Maddox Dupree,CIN,LB,Front Seven,17,73,228,25,3,COL0232,Clearwater Ridge State,2023,4,9,105,DRAFTED,0,ACTIVE,NONE,4,ROTATIONAL,69,70,GENERATED
CIN_LB_05,Osiris Knighton,CIN,LB,Front Seven,85,74,223,28,6,COL0056,Redbluff State Tech,2020,7,20,212,DRAFTED,0,ACTIVE,NONE,5,ROTATIONAL,59,59,GENERATED
CIN_LB_06,Leon Zapatero,CIN,LB,Front Seven,79,73,241,24,0,COL0132,Emberton Institute,2026,5,14,142,DRAFTED,1,PRACTICE_SQUAD_CANDIDATE,DAY_TO_DAY,6,DEPTH,68,71,GENERATED
CIN_LB_07,Darnell Poteat,CIN,LB,Front Seven,23,74,237,22,1,COL0183,Sunderland State,2025,,,,UNDRAFTED,0,CAMP_BODY,NONE,7,CAMP,57,62,GENERATED
CIN_LB_08,Reeves Dillard,CIN,LB,Front Seven,5,72,240,26,4,COL0020,Ashfield Institute,2022,,,,UNDRAFTED,0,CAMP_BODY,NONE,8,CAMP,56,60,GENERATED
CIN_CB_01,Brennan Hamlett,CIN,CB,Secondary,45,69,184,25,4,COL0192,Pinehurst Valley Tech,2022,1,20,20,DRAFTED,0,ACTIVE,NONE,1,STARTER,77,81,GENERATED
CIN_CB_02,Rhys Bagwell,CIN,CB,Secondary,54,71,201,30,7,COL0167,Sablewood Institute,2019,1,9,9,DRAFTED,0,ACTIVE,NONE,2,STARTER,84,89,GENERATED
CIN_CB_03,Fletcher Corrigan,CIN,CB,Secondary,97,74,197,23,1,COL0160,Granite Bay Institute,2025,1,23,23,DRAFTED,0,ACTIVE,NONE,3,STARTER,89,95,GENERATED
CIN_CB_04,Rashad Elmore,CIN,CB,Secondary,46,74,186,25,2,COL0209,Lakemont Institute,2024,,,,UNDRAFTED,0,ACTIVE,NONE,4,ROTATIONAL,69,71,GENERATED
CIN_CB_05,Torin Sweatman,CIN,CB,Secondary,59,70,182,30,7,COL0185,Sunderland Tech,2019,2,28,60,DRAFTED,0,ACTIVE,PUP,5,ROTATIONAL,66,66,GENERATED
CIN_CB_06,Rhys Teasdale,CIN,CB,Secondary,69,71,192,22,0,COL0028,Marbury State Tech,2026,,,,UNDRAFTED,1,ACTIVE,NONE,6,ROTATIONAL,73,79,GENERATED
CIN_CB_07,Kruz Ruggiero,CIN,CB,Secondary,28,69,183,25,1,COL0180,Mount Verity College,2025,4,21,117,DRAFTED,0,PRACTICE_SQUAD_CANDIDATE,NONE,7,DEPTH,67,67,GENERATED
CIN_CB_08,Terrell Prioleau,CIN,CB,Secondary,90,70,189,24,1,COL0256,Bramblewood A&M,2025,,,,UNDRAFTED,0,PRACTICE_SQUAD_CANDIDATE,NONE,8,DEPTH,58,66,GENERATED
CIN_CB_09,Vaughn Zapatero,CIN,CB,Secondary,2,74,189,23,0,COL0006,Calderwood Institute,2026,,,,UNDRAFTED,1,CAMP_BODY,NONE,9,CAMP,61,68,GENERATED
CIN_CB_10,Norwood Montgomery,CIN,CB,Secondary,7,70,204,23,0,COL0108,Quarry Hill Tech,2026,,,,UNDRAFTED,1,CAMP_BODY,NONE,10,CAMP,59,71,GENERATED
CIN_CB_11,Miles Gauthier,CIN,CB,Secondary,36,70,186,21,0,COL0018,Ashfield A&M,2026,,,,UNDRAFTED,1,CAMP_BODY,NONE,11,CAMP,60,71,GENERATED
CIN_S_01,Otis Kemper,CIN,S,Secondary,27,73,216,22,0,COL0177,Mount Verity University,2026,1,22,22,DRAFTED,1,ACTIVE,NONE,1,STARTER,84,94,GENERATED
CIN_S_02,Wallace Cortés,CIN,S,Secondary,29,71,213,28,7,COL0136,Larkspur Tech,2019,1,31,31,DRAFTED,0,ACTIVE,NONE,2,STARTER,78,78,GENERATED
CIN_S_03,Colby Hubbard,CIN,S,Secondary,52,72,192,25,4,COL0113,Kingsbridge State,2022,3,3,67,DRAFTED,0,ACTIVE,NONE,3,ROTATIONAL,67,75,GENERATED
CIN_S_04,Hamza Hollins,CIN,S,Secondary,39,72,196,29,6,COL0083,Iron Gate Institute,2020,,,,UNDRAFTED,0,ACTIVE,NONE,4,ROTATIONAL,71,73,GENERATED
CIN_S_05,Trey Beckwith,CIN,S,Secondary,16,73,198,26,2,COL0212,Ravensburg University,2024,5,30,158,DRAFTED,0,PRACTICE_SQUAD_CANDIDATE,NONE,5,DEPTH,65,70,GENERATED
CIN_S_06,Hayes McGlinchey,CIN,S,Secondary,86,71,211,22,0,COL0117,Kingsbridge College,2026,7,20,212,DRAFTED,1,CAMP_BODY,NONE,6,CAMP,50,56,GENERATED
CIN_S_07,Isaias Mattison,CIN,S,Secondary,48,71,206,24,0,COL0086,Westmoor University,2026,,,,UNDRAFTED,1,CAMP_BODY,NONE,7,CAMP,61,66,GENERATED
CIN_K_01,Dillon Vosburgh,CIN,K,Specialist,89,72,200,26,4,COL0230,Dunmore Institute,2022,5,7,135,DRAFTED,0,ACTIVE,NONE,1,STARTER,77,79,GENERATED
CIN_K_02,Zane Crandall,CIN,K,Specialist,41,72,217,28,7,COL0080,Iron Gate Tech,2019,,,,UNDRAFTED,0,PRACTICE_SQUAD_CANDIDATE,NONE,2,DEPTH,64,64,GENERATED
CIN_P_01,Milo Montgomery,CIN,P,Specialist,77,73,185,25,2,COL0242,Talbot A&M,2024,1,4,4,DRAFTED,0,ACTIVE,IR,1,STARTER,85,93,GENERATED
CIN_P_02,Phineas Rivenbark,CIN,P,Specialist,8,75,210,25,4,COL0073,Cypress Hollow Tech,2022,5,31,159,DRAFTED,0,PRACTICE_SQUAD_CANDIDATE,NONE,2,DEPTH,64,69,GENERATED
CIN_LS_01,Riggs Tartt,CIN,LS,Specialist,3,76,229,28,6,COL0113,Kingsbridge State,2020,,,,UNDRAFTED,0,ACTIVE,NONE,1,STARTER,76,76,GENERATED
HOU_QB_01,Kenji Woodhead,HOU,QB,Quarterback,48,73,203,31,8,COL0182,Mount Verity State Tech,2018,1,18,18,DRAFTED,0,ACTIVE,NONE,1,STARTER,82,82,GENERATED
HOU_QB_02,Nikolai Mullaney,HOU,QB,Quarterback,31,76,214,31,8,COL0026,Marbury College,2018,,,,UNDRAFTED,0,ACTIVE,DAY_TO_DAY,2,ROTATIONAL,59,59,GENERATED
HOU_QB_03,Cormac Newsome,HOU,QB,Quarterback,72,74,210,23,0,COL0100,Thornfield University,2026,,,,UNDRAFTED,1,PRACTICE_SQUAD_CANDIDATE,NONE,3,DEPTH,65,70,GENERATED
HOU_QB_04,Lawson Marinelli,HOU,QB,Quarterback,17,77,209,27,3,COL0247,Winslow University,2023,6,26,186,DRAFTED,0,CAMP_BODY,NONE,4,CAMP,50,50,GENERATED
HOU_RB_01,Tavian Gainer,HOU,RB,Backfield,54,69,200,37,15,COL0072,Cypress Hollow University,2011,1,32,32,DRAFTED,0,ACTIVE,NONE,1,STARTER,71,71,GENERATED
HOU_RB_02,Jethro Shreve,HOU,RB,Backfield,85,68,219,22,1,COL0085,Westmoor State,2025,6,32,192,DRAFTED,0,ACTIVE,NONE,2,ROTATIONAL,66,70,GENERATED
HOU_RB_03,Dakari Kolodziej,HOU,RB,Backfield,94,70,220,26,3,COL0196,Pinehurst Valley State Tech,2023,4,16,112,DRAFTED,0,ACTIVE,NONE,3,ROTATIONAL,65,65,GENERATED
HOU_RB_04,Lionel Herrera,HOU,RB,Backfield,4,70,234,24,1,COL0179,Mount Verity A&M,2025,6,24,184,DRAFTED,0,PRACTICE_SQUAD_CANDIDATE,NONE,4,DEPTH,62,62,GENERATED
HOU_RB_05,Tyree Kenney,HOU,RB,Backfield,62,70,217,24,0,COL0208,Lakemont College,2026,6,23,183,DRAFTED,1,CAMP_BODY,NONE,5,CAMP,58,59,GENERATED
HOU_FB_01,Kenyon Legette,HOU,FB,Backfield,79,72,225,26,4,COL0134,Larkspur State,2022,,,,UNDRAFTED,0,ACTIVE,IR,1,STARTER,74,81,GENERATED
HOU_WR_01,Devante McKissic,HOU,WR,Receiver,15,70,216,23,1,COL0078,Iron Gate State,2025,1,5,5,DRAFTED,0,ACTIVE,NONE,1,STARTER,89,92,GENERATED
HOU_WR_02,Brogan Wagoner,HOU,WR,Receiver,19,72,202,27,5,COL0258,Bramblewood Institute,2021,1,26,26,DRAFTED,0,ACTIVE,NONE,2,STARTER,77,84,GENERATED
HOU_WR_03,Micah Ashby,HOU,WR,Receiver,80,75,194,33,11,COL0169,Harrowgate State,2015,4,24,120,DRAFTED,0,ACTIVE,NONE,3,STARTER,72,78,GENERATED
HOU_WR_04,Warrick Ironside,HOU,WR,Receiver,69,72,171,27,6,COL0087,Westmoor Tech,2020,6,6,166,DRAFTED,0,ACTIVE,NONE,4,ROTATIONAL,73,73,GENERATED
HOU_WR_05,Legend Belanger,HOU,WR,Receiver,98,74,214,26,4,COL0205,Lakemont University,2022,7,28,220,DRAFTED,0,ACTIVE,NONE,5,ROTATIONAL,70,77,GENERATED
HOU_WR_06,Fowler Montgomery,HOU,WR,Receiver,38,68,181,23,0,COL0255,Bramblewood Tech,2026,5,13,141,DRAFTED,1,ACTIVE,NONE,6,ROTATIONAL,63,66,GENERATED
HOU_WR_07,Jarrett Fahey,HOU,WR,Receiver,95,75,178,28,4,COL0038,Kelvinridge Tech,2022,,,,UNDRAFTED,0,PRACTICE_SQUAD_CANDIDATE,NONE,7,DEPTH,59,59,GENERATED
HOU_WR_08,Mariano Dupree,HOU,WR,Receiver,66,73,203,28,6,COL0169,Harrowgate State,2020,5,20,148,DRAFTED,0,PRACTICE_SQUAD_CANDIDATE,NONE,8,DEPTH,70,71,GENERATED
HOU_WR_09,Kwame Musgrave,HOU,WR,Receiver,25,72,183,24,3,COL0246,Winslow State,2023,,,,UNDRAFTED,0,CAMP_BODY,NONE,9,CAMP,52,53,GENERATED
HOU_WR_10,Ibrahim Puglisi,HOU,WR,Receiver,84,72,191,25,1,COL0208,Lakemont College,2025,5,14,142,DRAFTED,0,CAMP_BODY,NONE,10,CAMP,58,63,GENERATED
HOU_WR_11,Ulises Magnusson,HOU,WR,Receiver,40,72,207,24,1,COL0129,Emberton Tech,2025,6,24,184,DRAFTED,0,CAMP_BODY,NONE,11,CAMP,62,67,GENERATED
HOU_TE_01,Quade McCourty,HOU,TE,Receiver,29,78,250,26,5,COL0089,Westmoor College,2021,2,10,42,DRAFTED,0,ACTIVE,NONE,1,STARTER,67,71,GENERATED
HOU_TE_02,Zebulon Casillas,HOU,TE,Receiver,45,76,254,30,9,COL0109,Quarry Hill A&M,2017,,,,UNDRAFTED,0,ACTIVE,NONE,2,ROTATIONAL,68,68,GENERATED
HOU_TE_03,Zico Fowler,HOU,TE,Receiver,75,77,235,25,4,COL0169,Harrowgate State,2022,,,,UNDRAFTED,0,ACTIVE,NONE,3,ROTATIONAL,74,77,GENERATED
HOU_TE_04,Zebulon Ricciardi,HOU,TE,Receiver,49,77,260,24,0,COL0026,Marbury College,2026,,,,UNDRAFTED,1,PRACTICE_SQUAD_CANDIDATE,NONE,4,DEPTH,63,70,GENERATED
HOU_TE_05,Casen Tegeler,HOU,TE,Receiver,3,74,259,24,1,COL0024,Marbury Tech,2025,6,7,167,DRAFTED,0,CAMP_BODY,NONE,5,CAMP,63,69,GENERATED
HOU_TE_06,Flynn Fennell,HOU,TE,Receiver,47,78,233,22,0,COL0158,Granite Bay A&M,2026,,,,UNDRAFTED,1,CAMP_BODY,NONE,6,CAMP,59,65,GENERATED
HOU_OT_01,Zico Sherfield,HOU,OT,O-Line,23,78,328,24,2,COL0177,Mount Verity University,2024,3,26,90,DRAFTED,0,ACTIVE,NONE,1,STARTER,78,86,GENERATED
HOU_OT_02,Reginald Navarrete,HOU,OT,O-Line,10,78,315,24,3,COL0206,Lakemont Tech,2023,4,21,117,DRAFTED,0,ACTIVE,NONE,2,STARTER,76,83,GENERATED
HOU_OT_03,Enzo Pickens,HOU,OT,O-Line,83,78,303,25,3,COL0166,Sablewood College,2023,3,7,71,DRAFTED,0,ACTIVE,NONE,3,ROTATIONAL,61,67,GENERATED
HOU_OT_04,Camden Desormeaux,HOU,OT,O-Line,1,78,304,23,1,COL0206,Lakemont Tech,2025,6,21,181,DRAFTED,0,ACTIVE,NONE,4,ROTATIONAL,67,76,GENERATED
HOU_OT_05,Otis Villalobos,HOU,OT,O-Line,51,76,330,21,0,COL0162,Sablewood State,2026,5,12,140,DRAFTED,1,PRACTICE_SQUAD_CANDIDATE,NONE,5,DEPTH,61,65,GENERATED
HOU_OT_06,Rashad Tegeler,HOU,OT,O-Line,57,78,285,22,0,COL0134,Larkspur State,2026,7,13,205,DRAFTED,1,CAMP_BODY,NONE,6,CAMP,56,62,GENERATED
HOU_OG_01,Larkin Havili,HOU,OG,O-Line,93,75,328,29,7,COL0228,Dunmore A&M,2019,2,21,53,DRAFTED,0,ACTIVE,NONE,1,STARTER,73,76,GENERATED
HOU_OG_02,Jaden Flannery,HOU,OG,O-Line,55,74,300,31,8,COL0020,Ashfield Institute,2018,3,4,68,DRAFTED,0,ACTIVE,NONE,2,STARTER,68,72,GENERATED
HOU_OG_03,Ulises Nunnally,HOU,OG,O-Line,46,75,307,26,3,COL0102,Thornfield A&M,2023,7,6,198,DRAFTED,0,ACTIVE,NONE,3,ROTATIONAL,68,76,GENERATED
HOU_OG_04,Phineas Yancey,HOU,OG,O-Line,52,75,306,27,5,COL0027,Marbury Institute,2021,6,16,176,DRAFTED,0,ACTIVE,NONE,4,ROTATIONAL,67,69,GENERATED
HOU_OG_05,Cooper Schmitz,HOU,OG,O-Line,90,75,286,21,0,COL0111,Quarry Hill Institute,2026,,,,UNDRAFTED,1,PRACTICE_SQUAD_CANDIDATE,NONE,5,DEPTH,65,75,GENERATED
HOU_OG_06,Bennie Hobbs,HOU,OG,O-Line,39,75,317,22,0,COL0172,Harrowgate A&M,2026,,,,UNDRAFTED,1,CAMP_BODY,NONE,6,CAMP,56,62,GENERATED
HOU_C_01,Milo Stinnie,HOU,C,O-Line,61,77,298,25,3,COL0004,Calderwood A&M,2023,2,24,56,DRAFTED,0,ACTIVE,NONE,1,STARTER,73,82,GENERATED
HOU_C_02,Wallace Wimbush,HOU,C,O-Line,64,76,295,24,1,COL0013,Fort Grayson Institute,2025,,,,UNDRAFTED,0,ACTIVE,NONE,2,ROTATIONAL,58,62,GENERATED
HOU_C_03,Jace Gauthier,HOU,C,O-Line,77,74,302,23,1,COL0167,Sablewood Institute,2025,4,24,120,DRAFTED,0,PRACTICE_SQUAD_CANDIDATE,NONE,3,DEPTH,69,74,GENERATED
HOU_EDGE_01,Deshaun Kincaid,HOU,EDGE,Front Seven,11,75,263,33,9,COL0097,Bellhaven Institute,2017,1,2,2,DRAFTED,0,ACTIVE,DAY_TO_DAY,1,STARTER,81,81,GENERATED
HOU_EDGE_02,Deacon Mabry,HOU,EDGE,Front Seven,35,76,238,27,5,COL0167,Sablewood Institute,2021,5,9,137,DRAFTED,0,ACTIVE,NONE,2,STARTER,71,76,GENERATED
HOU_EDGE_03,Wolfgang Panganiban,HOU,EDGE,Front Seven,9,74,269,34,11,COL0225,Dunmore State,2015,,,,UNDRAFTED,0,ACTIVE,NONE,3,ROTATIONAL,57,61,GENERATED
HOU_EDGE_04,Emory Restrepo,HOU,EDGE,Front Seven,20,77,265,25,2,COL0220,Foxcroft Tech,2024,,,,UNDRAFTED,0,ACTIVE,NONE,4,ROTATIONAL,72,78,GENERATED
HOU_EDGE_05,Isaiah Toussaint,HOU,EDGE,Front Seven,67,78,248,24,1,COL0124,Falcon Ridge College,2025,6,13,173,DRAFTED,0,ACTIVE,NONE,5,ROTATIONAL,66,70,GENERATED
HOU_EDGE_06,Peyton Bonner,HOU,EDGE,Front Seven,97,76,284,25,4,COL0241,Talbot Tech,2022,5,2,130,DRAFTED,0,PRACTICE_SQUAD_CANDIDATE,NONE,6,DEPTH,68,69,GENERATED
HOU_EDGE_07,Juelz Wolfington,HOU,EDGE,Front Seven,89,74,247,27,5,COL0169,Harrowgate State,2021,,,,UNDRAFTED,0,PRACTICE_SQUAD_CANDIDATE,NONE,7,DEPTH,62,63,GENERATED
HOU_EDGE_08,Pierson Charbonnet,HOU,EDGE,Front Seven,56,76,268,23,0,COL0015,Ashfield State,2026,,,,UNDRAFTED,1,CAMP_BODY,DAY_TO_DAY,8,CAMP,64,73,GENERATED
HOU_EDGE_09,Bodhi Legette,HOU,EDGE,Front Seven,41,76,270,23,0,COL0216,Ravensburg Institute,2026,5,27,155,DRAFTED,1,CAMP_BODY,DAY_TO_DAY,9,CAMP,58,66,GENERATED
HOU_DT_01,Patton Kelleher,HOU,DT,Front Seven,14,74,314,26,4,COL0258,Bramblewood Institute,2022,3,13,77,DRAFTED,0,ACTIVE,IR,1,STARTER,74,81,GENERATED
HOU_DT_02,Madden Brightwell,HOU,DT,Front Seven,13,74,291,25,2,COL0109,Quarry Hill A&M,2024,2,7,39,DRAFTED,0,ACTIVE,NONE,2,STARTER,71,79,GENERATED
HOU_DT_03,Cade Seeley,HOU,DT,Front Seven,73,76,295,26,5,COL0121,Falcon Ridge University,2021,,,,UNDRAFTED,0,ACTIVE,NONE,3,ROTATIONAL,67,67,GENERATED
HOU_DT_04,Magnus Wanogho,HOU,DT,Front Seven,22,72,299,27,3,COL0180,Mount Verity College,2023,7,23,215,DRAFTED,0,ACTIVE,NONE,4,ROTATIONAL,65,75,GENERATED
HOU_DT_05,Davion Dabney,HOU,DT,Front Seven,18,74,314,23,0,COL0079,Iron Gate University,2026,3,8,72,DRAFTED,1,ACTIVE,NONE,5,ROTATIONAL,67,70,GENERATED
HOU_DT_06,Davion Bordelon,HOU,DT,Front Seven,8,73,283,22,0,COL0052,Redbluff Tech,2026,5,21,149,DRAFTED,1,PRACTICE_SQUAD_CANDIDATE,NONE,6,DEPTH,63,68,GENERATED
HOU_DT_07,Otto Wyckoff,HOU,DT,Front Seven,92,75,283,28,5,COL0175,Harrowgate State Tech,2021,6,7,167,DRAFTED,0,CAMP_BODY,NONE,7,CAMP,60,63,GENERATED
HOU_DT_08,Vince Kinlaw,HOU,DT,Front Seven,2,74,304,22,0,COL0230,Dunmore Institute,2026,7,20,212,DRAFTED,1,CAMP_BODY,NONE,8,CAMP,51,53,GENERATED
HOU_LB_01,Byron Brannigan,HOU,LB,Front Seven,63,70,216,28,4,COL0016,Ashfield University,2022,3,14,78,DRAFTED,0,ACTIVE,NONE,1,STARTER,72,77,GENERATED
HOU_LB_02,Colby Ellington,HOU,LB,Front Seven,87,73,230,25,4,COL0218,Foxcroft State,2022,3,32,96,DRAFTED,0,ACTIVE,NONE,2,STARTER,72,72,GENERATED
HOU_LB_03,Cannon Gilliam,HOU,LB,Front Seven,50,75,243,24,1,COL0187,Sunderland College,2025,6,31,191,DRAFTED,0,ACTIVE,NONE,3,ROTATIONAL,73,75,GENERATED
HOU_LB_04,Gerard Rolle,HOU,LB,Front Seven,96,75,233,24,3,COL0016,Ashfield University,2023,7,27,219,DRAFTED,0,ACTIVE,DAY_TO_DAY,4,ROTATIONAL,64,70,GENERATED
HOU_LB_05,Sullivan Minshew,HOU,LB,Front Seven,42,73,237,35,13,COL0191,Pinehurst Valley University,2013,2,4,36,DRAFTED,0,ACTIVE,NONE,5,ROTATIONAL,72,74,GENERATED
HOU_LB_06,Izaiah Villalobos,HOU,LB,Front Seven,74,72,225,24,2,COL0255,Bramblewood Tech,2024,6,27,187,DRAFTED,0,PRACTICE_SQUAD_CANDIDATE,NONE,6,DEPTH,58,64,GENERATED
HOU_LB_07,Judah Simmerman,HOU,LB,Front Seven,58,74,234,23,0,COL0054,Redbluff College,2026,6,2,162,DRAFTED,1,CAMP_BODY,NONE,7,CAMP,60,70,GENERATED
HOU_LB_08,Emmett Pastrana,HOU,LB,Front Seven,21,73,234,24,0,COL0145,Whitepine College,2026,,,,UNDRAFTED,1,CAMP_BODY,NONE,8,CAMP,60,60,GENERATED
HOU_CB_01,Nikolai Hankins,HOU,CB,Secondary,76,70,184,29,7,COL0041,Kelvinridge Institute,2019,2,16,48,DRAFTED,0,ACTIVE,NONE,1,STARTER,74,79,GENERATED
HOU_CB_02,Kason Cosgrove,HOU,CB,Secondary,27,72,200,35,11,COL0235,Clearwater Ridge A&M,2015,1,11,11,DRAFTED,0,ACTIVE,NONE,2,STARTER,75,80,GENERATED
HOU_CB_03,Linus Orlovsky,HOU,CB,Secondary,82,69,198,24,2,COL0005,Calderwood College,2024,1,3,3,DRAFTED,0,ACTIVE,NONE,3,STARTER,85,86,GENERATED
HOU_CB_04,Arlo Beecham,HOU,CB,Secondary,44,71,188,25,3,COL0206,Lakemont Tech,2023,7,29,221,DRAFTED,0,ACTIVE,NONE,4,ROTATIONAL,72,76,GENERATED
HOU_CB_05,Omari Helaire,HOU,CB,Secondary,65,71,182,25,4,COL0133,Emberton State Tech,2022,3,16,80,DRAFTED,0,ACTIVE,NONE,5,ROTATIONAL,75,83,GENERATED
HOU_CB_06,Esteban Twyman,HOU,CB,Secondary,6,69,187,23,0,COL0252,Winslow State Tech,2026,2,26,58,DRAFTED,1,ACTIVE,DAY_TO_DAY,6,ROTATIONAL,69,77,GENERATED
HOU_CB_07,Kruz Jarnigan,HOU,CB,Secondary,59,71,168,24,1,COL0231,Dunmore State Tech,2025,,,,UNDRAFTED,0,PRACTICE_SQUAD_CANDIDATE,NONE,7,DEPTH,67,74,GENERATED
HOU_CB_08,Sterling Polamalu,HOU,CB,Secondary,53,68,179,26,3,COL0183,Sunderland State,2023,6,25,185,DRAFTED,0,PRACTICE_SQUAD_CANDIDATE,NONE,8,DEPTH,65,66,GENERATED
HOU_CB_09,Quincy Ferrante,HOU,CB,Secondary,88,70,189,25,2,COL0180,Mount Verity College,2024,5,31,159,DRAFTED,0,CAMP_BODY,NONE,9,CAMP,60,65,GENERATED
HOU_CB_10,Kane Dunleavy,HOU,CB,Secondary,60,69,172,24,0,COL0039,Kelvinridge A&M,2026,,,,UNDRAFTED,1,CAMP_BODY,NONE,10,CAMP,55,64,GENERATED
HOU_CB_11,Nathanial Holliday,HOU,CB,Secondary,78,72,191,22,0,COL0132,Emberton Institute,2026,7,27,219,DRAFTED,1,CAMP_BODY,NONE,11,CAMP,55,60,GENERATED
HOU_S_01,Ward Lambright,HOU,S,Secondary,12,72,204,25,2,COL0024,Marbury Tech,2024,4,6,102,DRAFTED,0,ACTIVE,NONE,1,STARTER,75,82,GENERATED
HOU_S_02,Malcolm Bainbridge,HOU,S,Secondary,32,70,209,29,7,COL0064,Silverlake State,2019,5,30,158,DRAFTED,0,ACTIVE,NONE,2,STARTER,72,72,GENERATED
HOU_S_03,Julius Galbraith,HOU,S,Secondary,71,69,206,24,3,COL0071,Cypress Hollow State,2023,1,25,25,DRAFTED,0,ACTIVE,NONE,3,ROTATIONAL,73,73,GENERATED
HOU_S_04,Shea Kirkpatrick,HOU,S,Secondary,81,71,196,27,4,COL0194,Pinehurst Valley College,2022,4,19,115,DRAFTED,0,ACTIVE,NONE,4,ROTATIONAL,71,74,GENERATED
HOU_S_05,Trey Butterworth,HOU,S,Secondary,86,72,196,28,5,COL0020,Ashfield Institute,2021,,,,UNDRAFTED,0,PRACTICE_SQUAD_CANDIDATE,NONE,5,DEPTH,63,66,GENERATED
HOU_S_06,Titus Ratliff,HOU,S,Secondary,68,70,195,25,2,COL0122,Falcon Ridge Tech,2024,,,,UNDRAFTED,0,CAMP_BODY,NONE,6,CAMP,61,66,GENERATED
HOU_S_07,Jeremiah Hufanga,HOU,S,Secondary,33,72,204,22,0,COL0131,Emberton College,2026,7,18,210,DRAFTED,1,CAMP_BODY,NONE,7,CAMP,52,58,GENERATED
HOU_K_01,Nash Ballinger,HOU,K,Specialist,5,74,196,27,4,COL0023,Marbury University,2022,3,4,68,DRAFTED,0,ACTIVE,NONE,1,STARTER,70,71,GENERATED
HOU_K_02,Rocco Dargan,HOU,K,Specialist,99,73,206,23,1,COL0101,Thornfield Tech,2025,6,17,177,DRAFTED,0,PRACTICE_SQUAD_CANDIDATE,NONE,2,DEPTH,63,67,GENERATED
HOU_P_01,Wesson Ashby,HOU,P,Specialist,16,72,213,29,5,COL0101,Thornfield Tech,2021,1,14,14,DRAFTED,0,ACTIVE,NONE,1,STARTER,75,75,GENERATED
HOU_P_02,Harrison Lyerly,HOU,P,Specialist,28,75,199,26,3,COL0133,Emberton State Tech,2023,,,,UNDRAFTED,0,PRACTICE_SQUAD_CANDIDATE,IR,2,DEPTH,68,70,GENERATED
HOU_LS_01,Sebastien Wattenberg,HOU,LS,Specialist,70,72,235,35,11,COL0079,Iron Gate University,2015,1,28,28,DRAFTED,0,ACTIVE,NONE,1,STARTER,72,75,GENERATED
IND_QB_01,Rafferty Sunderland,IND,QB,Quarterback,4,75,236,23,1,COL0207,Lakemont A&M,2025,1,23,23,DRAFTED,0,ACTIVE,NONE,1,STARTER,92,96,GENERATED
IND_QB_02,Jesse Yelverton,IND,QB,Quarterback,10,73,212,30,7,COL0051,Redbluff University,2019,5,28,156,DRAFTED,0,ACTIVE,NONE,2,ROTATIONAL,67,67,GENERATED
IND_QB_03,Hayes Mallett,IND,QB,Quarterback,61,74,235,26,2,COL0149,Cedar Falls University,2024,6,19,179,DRAFTED,0,PRACTICE_SQUAD_CANDIDATE,DAY_TO_DAY,3,DEPTH,70,74,GENERATED
IND_QB_04,Ignacio Hufanga,IND,QB,Quarterback,72,72,214,25,2,COL0170,Harrowgate University,2024,,,,UNDRAFTED,0,CAMP_BODY,NONE,4,CAMP,61,69,GENERATED
IND_RB_01,Lachlan Mattison,IND,RB,Backfield,97,69,210,25,2,COL0114,Kingsbridge University,2024,1,10,10,DRAFTED,0,ACTIVE,DAY_TO_DAY,1,STARTER,72,75,GENERATED
IND_RB_02,Rafferty Langford,IND,RB,Backfield,66,69,213,22,0,COL0026,Marbury College,2026,2,17,49,DRAFTED,1,ACTIVE,NONE,2,ROTATIONAL,69,78,GENERATED
IND_RB_03,Pierce Cundiff,IND,RB,Backfield,68,72,232,25,2,COL0193,Pinehurst Valley A&M,2024,4,9,105,DRAFTED,0,ACTIVE,DAY_TO_DAY,3,ROTATIONAL,67,69,GENERATED
IND_RB_04,Clay Kaufusi,IND,RB,Backfield,87,68,188,21,0,COL0259,Bramblewood State Tech,2026,6,11,171,DRAFTED,1,PRACTICE_SQUAD_CANDIDATE,NONE,4,DEPTH,62,71,GENERATED
IND_RB_05,Ohan Ludwig,IND,RB,Backfield,39,69,195,25,2,COL0121,Falcon Ridge University,2024,,,,UNDRAFTED,0,CAMP_BODY,NONE,5,CAMP,54,62,GENERATED
IND_FB_01,Emmett Estrada,IND,FB,Backfield,89,72,229,27,5,COL0159,Granite Bay College,2021,2,8,40,DRAFTED,0,ACTIVE,DAY_TO_DAY,1,STARTER,80,81,GENERATED
IND_WR_01,Warner Kirkpatrick,IND,WR,Receiver,30,73,193,24,0,COL0002,Calderwood University,2026,3,28,92,DRAFTED,1,ACTIVE,NONE,1,STARTER,80,83,GENERATED
IND_WR_02,Ridge Kirkpatrick,IND,WR,Receiver,47,72,188,22,0,COL0238,Clearwater Ridge State Tech,2026,1,7,7,DRAFTED,1,ACTIVE,NONE,2,STARTER,83,93,GENERATED
IND_WR_03,Willem Freeney,IND,WR,Receiver,80,76,190,29,7,COL0125,Falcon Ridge Institute,2019,1,10,10,DRAFTED,0,ACTIVE,NONE,3,STARTER,85,85,GENERATED
IND_WR_04,Obadiah Kelleher,IND,WR,Receiver,38,72,176,28,4,COL0228,Dunmore A&M,2022,6,6,166,DRAFTED,0,ACTIVE,DAY_TO_DAY,4,ROTATIONAL,70,70,GENERATED
IND_WR_05,Yusuf Markham,IND,WR,Receiver,2,70,174,26,3,COL0192,Pinehurst Valley Tech,2023,3,1,65,DRAFTED,0,ACTIVE,DAY_TO_DAY,5,ROTATIONAL,67,75,GENERATED
IND_WR_06,Peyson Burrage,IND,WR,Receiver,65,70,194,23,2,COL0101,Thornfield Tech,2024,7,17,209,DRAFTED,0,ACTIVE,NONE,6,ROTATIONAL,66,73,GENERATED
IND_WR_07,Rocco Rolle,IND,WR,Receiver,84,70,206,23,0,COL0192,Pinehurst Valley Tech,2026,6,15,175,DRAFTED,1,PRACTICE_SQUAD_CANDIDATE,PUP,7,DEPTH,67,75,GENERATED
IND_WR_08,Davion Trapasso,IND,WR,Receiver,14,69,220,28,5,COL0020,Ashfield Institute,2021,5,18,146,DRAFTED,0,PRACTICE_SQUAD_CANDIDATE,NONE,8,DEPTH,61,61,GENERATED
IND_WR_09,Amari Lamarque,IND,WR,Receiver,60,75,194,23,0,COL0019,Ashfield College,2026,5,19,147,DRAFTED,1,CAMP_BODY,NONE,9,CAMP,56,60,GENERATED
IND_WR_10,Seamus Garrison,IND,WR,Receiver,94,73,182,22,1,COL0003,Calderwood Tech,2025,6,31,191,DRAFTED,0,CAMP_BODY,NONE,10,CAMP,57,63,GENERATED
IND_WR_11,Theo Killebrew,IND,WR,Receiver,18,70,199,21,0,COL0124,Falcon Ridge College,2026,,,,UNDRAFTED,1,CAMP_BODY,NONE,11,CAMP,47,58,GENERATED
IND_TE_01,Casen Cortés,IND,TE,Receiver,55,76,251,29,5,COL0061,Havenport College,2021,3,21,85,DRAFTED,0,ACTIVE,NONE,1,STARTER,75,75,GENERATED
IND_TE_02,Lorenzo Marsalis,IND,TE,Receiver,71,74,250,23,0,COL0074,Cypress Hollow A&M,2026,,,,UNDRAFTED,1,ACTIVE,NONE,2,ROTATIONAL,71,81,GENERATED
IND_TE_03,Malcolm Faulkner,IND,TE,Receiver,90,78,241,25,3,COL0133,Emberton State Tech,2023,6,15,175,DRAFTED,0,ACTIVE,NONE,3,ROTATIONAL,70,71,GENERATED
IND_TE_04,Jaheim Creswell,IND,TE,Receiver,64,76,249,25,1,COL0151,Cedar Falls A&M,2025,,,,UNDRAFTED,0,PRACTICE_SQUAD_CANDIDATE,NONE,4,DEPTH,62,69,GENERATED
IND_TE_05,Grady Ayers,IND,TE,Receiver,3,75,237,21,0,COL0114,Kingsbridge University,2026,,,,UNDRAFTED,1,CAMP_BODY,NONE,5,CAMP,57,65,GENERATED
IND_TE_06,Kruz Whitlow,IND,TE,Receiver,1,77,234,22,0,COL0205,Lakemont University,2026,7,2,194,DRAFTED,1,CAMP_BODY,NONE,6,CAMP,54,61,GENERATED
IND_OT_01,Harrison Courtland,IND,OT,O-Line,56,76,313,25,1,COL0216,Ravensburg Institute,2025,7,2,194,DRAFTED,0,ACTIVE,NONE,1,STARTER,75,77,GENERATED
IND_OT_02,Hasani Malbrough,IND,OT,O-Line,22,77,330,28,5,COL0252,Winslow State Tech,2021,2,21,53,DRAFTED,0,ACTIVE,DAY_TO_DAY,2,STARTER,71,71,GENERATED
IND_OT_03,Ohan Chidozie,IND,OT,O-Line,20,78,315,25,1,COL0002,Calderwood University,2025,4,5,101,DRAFTED,0,ACTIVE,NONE,3,ROTATIONAL,68,70,GENERATED
IND_OT_04,Hendrix Rinaldi,IND,OT,O-Line,93,79,318,26,3,COL0055,Redbluff Institute,2023,7,17,209,DRAFTED,0,ACTIVE,NONE,4,ROTATIONAL,66,69,GENERATED
IND_OT_05,Jelani Pettaway,IND,OT,O-Line,51,77,312,26,3,COL0024,Marbury Tech,2023,,,,UNDRAFTED,0,PRACTICE_SQUAD_CANDIDATE,NONE,5,DEPTH,63,65,GENERATED
IND_OT_06,Tiberius Glenn,IND,OT,O-Line,26,78,324,25,2,COL0148,Cedar Falls State,2024,6,30,190,DRAFTED,0,CAMP_BODY,NONE,6,CAMP,58,64,GENERATED
IND_OG_01,Hampton Brockman,IND,OG,O-Line,78,76,313,28,4,COL0223,Foxcroft Institute,2022,1,7,7,DRAFTED,0,ACTIVE,NONE,1,STARTER,83,86,GENERATED
IND_OG_02,Malik Milfort,IND,OG,O-Line,52,76,295,26,4,COL0254,Bramblewood University,2022,6,27,187,DRAFTED,0,ACTIVE,NONE,2,STARTER,71,78,GENERATED
IND_OG_03,Kieran Mendenhall,IND,OG,O-Line,50,78,316,26,5,COL0092,Bellhaven State,2021,4,10,106,DRAFTED,0,ACTIVE,NONE,3,ROTATIONAL,69,74,GENERATED
IND_OG_04,Logan Beckwith,IND,OG,O-Line,41,74,318,26,3,COL0001,Calderwood State,2023,7,22,214,DRAFTED,0,ACTIVE,DAY_TO_DAY,4,ROTATIONAL,67,70,GENERATED
IND_OG_05,Zamir Canfield,IND,OG,O-Line,70,77,316,23,0,COL0074,Cypress Hollow A&M,2026,,,,UNDRAFTED,1,PRACTICE_SQUAD_CANDIDATE,DAY_TO_DAY,5,DEPTH,62,70,GENERATED
IND_OG_06,Errol Donnelly,IND,OG,O-Line,29,76,315,22,0,COL0129,Emberton Tech,2026,6,3,163,DRAFTED,1,CAMP_BODY,NONE,6,CAMP,54,60,GENERATED
IND_C_01,Kalen Kamara,IND,C,O-Line,36,77,290,25,3,COL0200,Copper Creek A&M,2023,1,1,1,DRAFTED,0,ACTIVE,NONE,1,STARTER,90,95,GENERATED
IND_C_02,Vance Dalrymple,IND,C,O-Line,81,76,322,29,5,COL0160,Granite Bay Institute,2021,6,24,184,DRAFTED,0,ACTIVE,NONE,2,ROTATIONAL,62,64,GENERATED
IND_C_03,Isaias Comeaux,IND,C,O-Line,95,75,307,24,1,COL0062,Havenport Institute,2025,,,,UNDRAFTED,0,PRACTICE_SQUAD_CANDIDATE,NONE,3,DEPTH,56,61,GENERATED
IND_EDGE_01,Rafferty Ugwoegbu,IND,EDGE,Front Seven,13,76,251,22,1,COL0073,Cypress Hollow Tech,2025,1,17,17,DRAFTED,0,ACTIVE,NONE,1,STARTER,85,88,GENERATED
IND_EDGE_02,Griffin Hunnicutt,IND,EDGE,Front Seven,12,77,257,26,3,COL0177,Mount Verity University,2023,1,14,14,DRAFTED,0,ACTIVE,NONE,2,STARTER,88,88,GENERATED
IND_EDGE_03,Dax Winovich,IND,EDGE,Front Seven,99,74,260,32,8,COL0224,Foxcroft State Tech,2018,3,24,88,DRAFTED,0,ACTIVE,NONE,3,ROTATIONAL,76,80,GENERATED
IND_EDGE_04,Buck Honeycutt,IND,EDGE,Front Seven,46,75,269,23,1,COL0041,Kelvinridge Institute,2025,,,,UNDRAFTED,0,ACTIVE,NONE,4,ROTATIONAL,76,85,GENERATED
IND_EDGE_05,Gunner Schmitz,IND,EDGE,Front Seven,17,76,259,27,3,COL0021,Ashfield State Tech,2023,3,24,88,DRAFTED,0,ACTIVE,NONE,5,ROTATIONAL,72,75,GENERATED
IND_EDGE_06,Kelvin Hathaway,IND,EDGE,Front Seven,54,75,268,24,2,COL0131,Emberton College,2024,,,,UNDRAFTED,0,PRACTICE_SQUAD_CANDIDATE,NONE,6,DEPTH,61,65,GENERATED
IND_EDGE_07,Legend Haddad,IND,EDGE,Front Seven,92,76,236,25,3,COL0257,Bramblewood College,2023,,,,UNDRAFTED,0,PRACTICE_SQUAD_CANDIDATE,NONE,7,DEPTH,57,62,GENERATED
IND_EDGE_08,Alden Serrano,IND,EDGE,Front Seven,5,77,262,24,1,COL0076,Cypress Hollow Institute,2025,5,31,159,DRAFTED,0,CAMP_BODY,NONE,8,CAMP,59,59,GENERATED
IND_EDGE_09,Jeremiah Wheelwright,IND,EDGE,Front Seven,44,79,249,23,0,COL0052,Redbluff Tech,2026,,,,UNDRAFTED,1,CAMP_BODY,NONE,9,CAMP,57,63,GENERATED
IND_DT_01,Teagan Treadwell,IND,DT,Front Seven,67,76,301,28,4,COL0100,Thornfield University,2022,5,11,139,DRAFTED,0,ACTIVE,NONE,1,STARTER,80,85,GENERATED
IND_DT_02,Xander Clanton,IND,DT,Front Seven,58,75,313,30,9,COL0068,Silverlake College,2017,3,23,87,DRAFTED,0,ACTIVE,NONE,2,STARTER,75,75,GENERATED
IND_DT_03,Yardley Fowler,IND,DT,Front Seven,19,78,319,27,4,COL0150,Cedar Falls Tech,2022,6,29,189,DRAFTED,0,ACTIVE,NONE,3,ROTATIONAL,70,70,GENERATED
IND_DT_04,Enzo Quigley,IND,DT,Front Seven,83,77,308,28,5,COL0149,Cedar Falls University,2021,2,27,59,DRAFTED,0,ACTIVE,NONE,4,ROTATIONAL,72,75,GENERATED
IND_DT_05,Lyle Rademacher,IND,DT,Front Seven,77,74,290,23,0,COL0229,Dunmore College,2026,7,27,219,DRAFTED,1,ACTIVE,NONE,5,ROTATIONAL,70,74,GENERATED
IND_DT_06,Zion Leblanc,IND,DT,Front Seven,85,75,319,25,2,COL0110,Quarry Hill College,2024,5,31,159,DRAFTED,0,PRACTICE_SQUAD_CANDIDATE,NONE,6,DEPTH,61,63,GENERATED
IND_DT_07,Braxton Fraley,IND,DT,Front Seven,79,74,302,24,3,COL0220,Foxcroft Tech,2023,7,9,201,DRAFTED,0,CAMP_BODY,NONE,7,CAMP,58,62,GENERATED
IND_DT_08,Matias Pettaway,IND,DT,Front Seven,59,75,324,23,0,COL0072,Cypress Hollow University,2026,7,29,221,DRAFTED,1,CAMP_BODY,NONE,8,CAMP,56,63,GENERATED
IND_LB_01,Fletcher Killebrew,IND,LB,Front Seven,63,74,239,24,2,COL0063,Havenport State Tech,2024,3,24,88,DRAFTED,0,ACTIVE,NONE,1,STARTER,72,74,GENERATED
IND_LB_02,Zebulon Galbraith,IND,LB,Front Seven,74,73,225,25,2,COL0020,Ashfield Institute,2024,2,31,63,DRAFTED,0,ACTIVE,NONE,2,STARTER,72,79,GENERATED
IND_LB_03,Trey Ansley,IND,LB,Front Seven,53,76,245,30,6,COL0176,Mount Verity State,2020,,,,UNDRAFTED,0,ACTIVE,NONE,3,ROTATIONAL,68,70,GENERATED
IND_LB_04,Sherman Mobley,IND,LB,Front Seven,75,75,240,24,1,COL0244,Talbot Institute,2025,3,28,92,DRAFTED,0,ACTIVE,NONE,4,ROTATIONAL,64,67,GENERATED
IND_LB_05,Wallace Sullivan,IND,LB,Front Seven,35,73,232,21,0,COL0117,Kingsbridge College,2026,6,7,167,DRAFTED,1,ACTIVE,DAY_TO_DAY,5,ROTATIONAL,67,79,GENERATED
IND_LB_06,Legend Alfaro,IND,LB,Front Seven,45,75,237,24,1,COL0033,Stonewell College,2025,,,,UNDRAFTED,0,PRACTICE_SQUAD_CANDIDATE,NONE,6,DEPTH,64,64,GENERATED
IND_LB_07,Merrick Thorogood,IND,LB,Front Seven,21,73,245,22,0,COL0060,Havenport A&M,2026,5,13,141,DRAFTED,1,CAMP_BODY,PUP,7,CAMP,57,65,GENERATED
IND_LB_08,Amari Taliaferro,IND,LB,Front Seven,8,72,227,23,0,COL0205,Lakemont University,2026,,,,UNDRAFTED,1,CAMP_BODY,NONE,8,CAMP,55,67,GENERATED
IND_CB_01,Reeves Milfort,IND,CB,Secondary,27,70,189,23,1,COL0072,Cypress Hollow University,2025,1,25,25,DRAFTED,0,ACTIVE,IR,1,STARTER,89,97,GENERATED
IND_CB_02,Micah Gathers,IND,CB,Secondary,32,68,193,25,3,COL0020,Ashfield Institute,2023,1,5,5,DRAFTED,0,ACTIVE,NONE,2,STARTER,77,84,GENERATED
IND_CB_03,Whitaker Cromartie,IND,CB,Secondary,62,68,188,22,1,COL0136,Larkspur Tech,2025,2,24,56,DRAFTED,0,ACTIVE,NONE,3,STARTER,75,82,GENERATED
IND_CB_04,Xavier Valdejuli,IND,CB,Secondary,31,72,193,28,7,COL0055,Redbluff Institute,2019,6,17,177,DRAFTED,0,ACTIVE,NONE,4,ROTATIONAL,66,71,GENERATED
IND_CB_05,Javon Lessard,IND,CB,Secondary,33,69,186,24,2,COL0227,Dunmore Tech,2024,5,28,156,DRAFTED,0,ACTIVE,NONE,5,ROTATIONAL,70,78,GENERATED
IND_CB_06,Odell Wainwright,IND,CB,Secondary,16,71,189,24,3,COL0128,Emberton University,2023,7,16,208,DRAFTED,0,ACTIVE,NONE,6,ROTATIONAL,73,76,GENERATED
IND_CB_07,Hakeem Zabransky,IND,CB,Secondary,48,66,188,23,1,COL0109,Quarry Hill A&M,2025,,,,UNDRAFTED,0,PRACTICE_SQUAD_CANDIDATE,DAY_TO_DAY,7,DEPTH,62,73,GENERATED
IND_CB_08,Ford Broussard,IND,CB,Secondary,86,69,182,24,1,COL0252,Winslow State Tech,2025,6,17,177,DRAFTED,0,PRACTICE_SQUAD_CANDIDATE,NONE,8,DEPTH,61,62,GENERATED
IND_CB_09,Chidi Fairbanks,IND,CB,Secondary,76,70,197,22,1,COL0063,Havenport State Tech,2025,,,,UNDRAFTED,0,CAMP_BODY,PUP,9,CAMP,67,73,GENERATED
IND_CB_10,Izaiah Boykin,IND,CB,Secondary,9,72,184,23,1,COL0110,Quarry Hill College,2025,,,,UNDRAFTED,0,CAMP_BODY,NONE,10,CAMP,60,64,GENERATED
IND_CB_11,Cyrus Barnhill,IND,CB,Secondary,88,71,182,22,0,COL0068,Silverlake College,2026,,,,UNDRAFTED,1,CAMP_BODY,NONE,11,CAMP,55,64,GENERATED
IND_S_01,Kolby Cosgrove,IND,S,Secondary,24,73,192,29,8,COL0064,Silverlake State,2018,2,14,46,DRAFTED,0,ACTIVE,NONE,1,STARTER,81,81,GENERATED
IND_S_02,Slade Legette,IND,S,Secondary,91,73,219,27,4,COL0043,Northcrest State,2022,1,32,32,DRAFTED,0,ACTIVE,NONE,2,STARTER,80,80,GENERATED
IND_S_03,Yusuf Comeaux,IND,S,Secondary,11,73,193,25,4,COL0020,Ashfield Institute,2022,5,20,148,DRAFTED,0,ACTIVE,NONE,3,ROTATIONAL,63,64,GENERATED
IND_S_04,Lamont Dorsett,IND,S,Secondary,49,72,204,24,3,COL0109,Quarry Hill A&M,2023,5,12,140,DRAFTED,0,ACTIVE,NONE,4,ROTATIONAL,58,62,GENERATED
IND_S_05,Nehemiah Sullivan,IND,S,Secondary,37,71,211,33,11,COL0109,Quarry Hill A&M,2015,7,29,221,DRAFTED,0,PRACTICE_SQUAD_CANDIDATE,NONE,5,DEPTH,64,67,GENERATED
IND_S_06,Morgan Sidibe,IND,S,Secondary,57,71,195,24,0,COL0075,Cypress Hollow College,2026,,,,UNDRAFTED,1,CAMP_BODY,NONE,6,CAMP,52,56,GENERATED
IND_S_07,Deion Lightfoot,IND,S,Secondary,28,70,200,25,1,COL0116,Kingsbridge A&M,2025,6,30,190,DRAFTED,0,CAMP_BODY,NONE,7,CAMP,41,44,GENERATED
IND_K_01,Phelan Boateng,IND,K,Specialist,34,73,205,22,1,COL0186,Sunderland A&M,2025,2,4,36,DRAFTED,0,ACTIVE,NONE,1,STARTER,76,88,GENERATED
IND_K_02,Jaheim Labriola,IND,K,Specialist,7,73,197,22,1,COL0169,Harrowgate State,2025,5,6,134,DRAFTED,0,PRACTICE_SQUAD_CANDIDATE,NONE,2,DEPTH,62,71,GENERATED
IND_P_01,Palmer Wiggington,IND,P,Specialist,98,71,215,23,0,COL0166,Sablewood College,2026,2,6,38,DRAFTED,1,ACTIVE,NONE,1,STARTER,73,81,GENERATED
IND_P_02,Hugo Rodenberg,IND,P,Specialist,6,76,207,24,3,COL0113,Kingsbridge State,2023,,,,UNDRAFTED,0,PRACTICE_SQUAD_CANDIDATE,NONE,2,DEPTH,59,63,GENERATED
IND_LS_01,Logan Canfield,IND,LS,Specialist,40,74,232,26,3,COL0121,Falcon Ridge University,2023,2,23,55,DRAFTED,0,ACTIVE,NONE,1,STARTER,66,67,GENERATED
JAX_QB_01,Nehemiah McClurg,JAX,QB,Quarterback,70,74,220,22,1,COL0134,Larkspur State,2025,4,25,121,DRAFTED,0,ACTIVE,NONE,1,STARTER,81,89,GENERATED
JAX_QB_02,Yusuf Meacham,JAX,QB,Quarterback,11,76,226,24,1,COL0134,Larkspur State,2025,1,12,12,DRAFTED,0,ACTIVE,NONE,2,ROTATIONAL,74,78,GENERATED
JAX_QB_03,Giovanni Sanborn,JAX,QB,Quarterback,98,76,214,25,2,COL0232,Clearwater Ridge State,2024,5,18,146,DRAFTED,0,PRACTICE_SQUAD_CANDIDATE,NONE,3,DEPTH,61,66,GENERATED
JAX_QB_04,Thelonious Lawlor,JAX,QB,Quarterback,92,74,237,22,0,COL0195,Pinehurst Valley Institute,2026,,,,UNDRAFTED,1,CAMP_BODY,PUP,4,CAMP,57,66,GENERATED
JAX_RB_01,Maverick Taliaferro,JAX,RB,Backfield,75,71,221,26,4,COL0172,Harrowgate A&M,2022,1,3,3,DRAFTED,0,ACTIVE,NONE,1,STARTER,90,97,GENERATED
JAX_RB_02,Tate Sherfield,JAX,RB,Backfield,59,71,235,24,3,COL0256,Bramblewood A&M,2023,7,18,210,DRAFTED,0,ACTIVE,NONE,2,ROTATIONAL,65,69,GENERATED
JAX_RB_03,Fritz Cortés,JAX,RB,Backfield,2,72,223,27,3,COL0209,Lakemont Institute,2023,6,32,192,DRAFTED,0,ACTIVE,IR,3,ROTATIONAL,68,72,GENERATED
JAX_RB_04,Derrick Mabry,JAX,RB,Backfield,72,70,200,26,3,COL0144,Whitepine A&M,2023,7,7,199,DRAFTED,0,PRACTICE_SQUAD_CANDIDATE,NONE,4,DEPTH,63,64,GENERATED
JAX_RB_05,Jarvis Leblanc,JAX,RB,Backfield,34,72,203,22,0,COL0257,Bramblewood College,2026,5,8,136,DRAFTED,1,CAMP_BODY,NONE,5,CAMP,49,53,GENERATED
JAX_FB_01,Rafferty Davenport,JAX,FB,Backfield,81,70,248,34,13,COL0156,Granite Bay University,2013,2,30,62,DRAFTED,0,ACTIVE,NONE,1,STARTER,75,80,GENERATED
JAX_WR_01,Theo Houghton,JAX,WR,Receiver,30,73,222,25,1,COL0007,Calderwood State Tech,2025,,,,UNDRAFTED,0,ACTIVE,NONE,1,STARTER,74,79,GENERATED
JAX_WR_02,Tiberius Ladouceur,JAX,WR,Receiver,7,70,219,24,2,COL0052,Redbluff Tech,2024,3,24,88,DRAFTED,0,ACTIVE,NONE,2,STARTER,73,79,GENERATED
JAX_WR_03,Heath Driscoll,JAX,WR,Receiver,29,71,210,26,5,COL0099,Thornfield State,2021,1,27,27,DRAFTED,0,ACTIVE,NONE,3,STARTER,81,81,GENERATED
JAX_WR_04,Nolan Shipley,JAX,WR,Receiver,82,72,187,27,4,COL0162,Sablewood State,2022,7,26,218,DRAFTED,0,ACTIVE,NONE,4,ROTATIONAL,67,67,GENERATED
JAX_WR_05,Ludwig Rinaldi,JAX,WR,Receiver,36,69,196,22,1,COL0235,Clearwater Ridge A&M,2025,,,,UNDRAFTED,0,ACTIVE,NONE,5,ROTATIONAL,64,68,GENERATED
JAX_WR_06,Archer Adeyemi,JAX,WR,Receiver,69,66,188,25,2,COL0131,Emberton College,2024,6,10,170,DRAFTED,0,ACTIVE,NONE,6,ROTATIONAL,61,61,GENERATED
JAX_WR_07,Wesson Priestley,JAX,WR,Receiver,44,68,184,25,1,COL0186,Sunderland A&M,2025,5,2,130,DRAFTED,0,PRACTICE_SQUAD_CANDIDATE,NONE,7,DEPTH,68,69,GENERATED
JAX_WR_08,Ansel Sorrentino,JAX,WR,Receiver,33,73,185,22,0,COL0158,Granite Bay A&M,2026,3,17,81,DRAFTED,1,PRACTICE_SQUAD_CANDIDATE,NONE,8,DEPTH,62,69,GENERATED
JAX_WR_09,Winston Mastrangelo,JAX,WR,Receiver,43,72,187,23,1,COL0123,Falcon Ridge A&M,2025,5,12,140,DRAFTED,0,CAMP_BODY,NONE,9,CAMP,64,71,GENERATED
JAX_WR_10,Ramsey Eastland,JAX,WR,Receiver,60,71,185,24,0,COL0252,Winslow State Tech,2026,7,12,204,DRAFTED,1,CAMP_BODY,NFI,10,CAMP,63,67,GENERATED
JAX_WR_11,Milo Tomlinson,JAX,WR,Receiver,54,70,188,24,2,COL0221,Foxcroft A&M,2024,,,,UNDRAFTED,0,CAMP_BODY,NONE,11,CAMP,51,56,GENERATED
JAX_TE_01,Kavon Lawlor,JAX,TE,Receiver,31,77,255,30,7,COL0233,Clearwater Ridge University,2019,3,28,92,DRAFTED,0,ACTIVE,NONE,1,STARTER,76,78,GENERATED
JAX_TE_02,Ridge Shreve,JAX,TE,Receiver,56,77,257,26,4,COL0051,Redbluff University,2022,3,9,73,DRAFTED,0,ACTIVE,NONE,2,ROTATIONAL,79,82,GENERATED
JAX_TE_03,Slade Dockery,JAX,TE,Receiver,76,77,232,29,7,COL0050,Redbluff State,2019,2,27,59,DRAFTED,0,ACTIVE,NONE,3,ROTATIONAL,73,73,GENERATED
JAX_TE_04,Hank Thackeray,JAX,TE,Receiver,84,76,249,25,1,COL0169,Harrowgate State,2025,7,17,209,DRAFTED,0,PRACTICE_SQUAD_CANDIDATE,NONE,4,DEPTH,61,66,GENERATED
JAX_TE_05,Paxton Wheelwright,JAX,TE,Receiver,15,74,251,24,0,COL0018,Ashfield A&M,2026,7,21,213,DRAFTED,1,CAMP_BODY,NONE,5,CAMP,59,68,GENERATED
JAX_TE_06,Jabari Puglisi,JAX,TE,Receiver,16,77,251,21,0,COL0204,Lakemont State,2026,,,,UNDRAFTED,1,CAMP_BODY,NONE,6,CAMP,61,67,GENERATED
JAX_OT_01,Jace Telfer,JAX,OT,O-Line,57,76,310,26,5,COL0159,Granite Bay College,2021,3,32,96,DRAFTED,0,ACTIVE,NONE,1,STARTER,81,87,GENERATED
JAX_OT_02,Roman Vaughters,JAX,OT,O-Line,61,75,321,26,4,COL0205,Lakemont University,2022,1,11,11,DRAFTED,0,ACTIVE,NONE,2,STARTER,83,90,GENERATED
JAX_OT_03,Nathanial Courtland,JAX,OT,O-Line,37,77,317,29,7,COL0017,Ashfield Tech,2019,3,19,83,DRAFTED,0,ACTIVE,NONE,3,ROTATIONAL,67,67,GENERATED
JAX_OT_04,Malik Padgett,JAX,OT,O-Line,64,79,310,27,5,COL0037,Kelvinridge University,2021,6,18,178,DRAFTED,0,ACTIVE,DAY_TO_DAY,4,ROTATIONAL,70,72,GENERATED
JAX_OT_05,Warner Willingham,JAX,OT,O-Line,13,77,322,24,2,COL0106,Quarry Hill State,2024,6,1,161,DRAFTED,0,PRACTICE_SQUAD_CANDIDATE,NONE,5,DEPTH,59,63,GENERATED
JAX_OT_06,Rigby Torrence,JAX,OT,O-Line,48,81,312,24,0,COL0242,Talbot A&M,2026,,,,UNDRAFTED,1,CAMP_BODY,NONE,6,CAMP,55,68,GENERATED
JAX_OG_01,Errol Tullis,JAX,OG,O-Line,4,75,308,23,2,COL0152,Cedar Falls College,2024,2,24,56,DRAFTED,0,ACTIVE,NONE,1,STARTER,81,85,GENERATED
JAX_OG_02,Hasani Sanborn,JAX,OG,O-Line,39,74,307,24,2,COL0136,Larkspur Tech,2024,1,11,11,DRAFTED,0,ACTIVE,DAY_TO_DAY,2,STARTER,79,79,GENERATED
JAX_OG_03,Montell Udoh,JAX,OG,O-Line,50,77,301,26,4,COL0218,Foxcroft State,2022,5,2,130,DRAFTED,0,ACTIVE,NONE,3,ROTATIONAL,74,76,GENERATED
JAX_OG_04,Gunner Brommell,JAX,OG,O-Line,80,78,290,32,9,COL0208,Lakemont College,2017,1,21,21,DRAFTED,0,ACTIVE,NFI,4,ROTATIONAL,73,76,GENERATED
JAX_OG_05,Ansel Farrow,JAX,OG,O-Line,89,76,311,25,2,COL0183,Sunderland State,2024,,,,UNDRAFTED,0,PRACTICE_SQUAD_CANDIDATE,NONE,5,DEPTH,63,66,GENERATED
JAX_OG_06,Anders Tatupu,JAX,OG,O-Line,73,74,316,26,2,COL0084,Iron Gate State Tech,2024,,,,UNDRAFTED,0,CAMP_BODY,DAY_TO_DAY,6,CAMP,56,56,GENERATED
JAX_C_01,Paxton Quinones,JAX,C,O-Line,12,74,317,29,7,COL0060,Havenport A&M,2019,5,5,133,DRAFTED,0,ACTIVE,NONE,1,STARTER,74,76,GENERATED
JAX_C_02,Onyx Sagapolutele,JAX,C,O-Line,10,75,292,26,4,COL0158,Granite Bay A&M,2022,5,25,153,DRAFTED,0,ACTIVE,NONE,2,ROTATIONAL,76,76,GENERATED
JAX_C_03,Duncan Gradkowski,JAX,C,O-Line,3,75,305,23,1,COL0108,Quarry Hill Tech,2025,7,21,213,DRAFTED,0,PRACTICE_SQUAD_CANDIDATE,NONE,3,DEPTH,62,68,GENERATED
JAX_EDGE_01,Vito Brockman,JAX,EDGE,Front Seven,24,76,257,25,3,COL0096,Bellhaven College,2023,2,31,63,DRAFTED,0,ACTIVE,NONE,1,STARTER,77,83,GENERATED
JAX_EDGE_02,Orson Lilliard,JAX,EDGE,Front Seven,32,76,273,30,8,COL0058,Havenport University,2018,1,32,32,DRAFTED,0,ACTIVE,NONE,2,STARTER,87,89,GENERATED
JAX_EDGE_03,Jalen Rutledge,JAX,EDGE,Front Seven,58,76,276,28,5,COL0232,Clearwater Ridge State,2021,5,4,132,DRAFTED,0,ACTIVE,NONE,3,ROTATIONAL,66,74,GENERATED
JAX_EDGE_04,Bruno Gainer,JAX,EDGE,Front Seven,93,73,252,29,7,COL0108,Quarry Hill Tech,2019,,,,UNDRAFTED,0,ACTIVE,NONE,4,ROTATIONAL,64,71,GENERATED
JAX_EDGE_05,Lockett Rentschler,JAX,EDGE,Front Seven,5,75,279,27,4,COL0214,Ravensburg A&M,2022,,,,UNDRAFTED,0,ACTIVE,PUP,5,ROTATIONAL,64,66,GENERATED
JAX_EDGE_06,Khalil Kamara,JAX,EDGE,Front Seven,52,73,264,25,2,COL0188,Sunderland Institute,2024,,,,UNDRAFTED,0,PRACTICE_SQUAD_CANDIDATE,NONE,6,DEPTH,67,69,GENERATED
JAX_EDGE_07,Kellan Ulbrich,JAX,EDGE,Front Seven,14,77,286,28,6,COL0052,Redbluff Tech,2020,5,15,143,DRAFTED,0,PRACTICE_SQUAD_CANDIDATE,NONE,7,DEPTH,57,57,GENERATED
JAX_EDGE_08,Sergio Santoro,JAX,EDGE,Front Seven,38,77,272,23,0,COL0254,Bramblewood University,2026,,,,UNDRAFTED,1,CAMP_BODY,NONE,8,CAMP,58,59,GENERATED
JAX_EDGE_09,Egan Forsythe,JAX,EDGE,Front Seven,51,75,288,23,1,COL0071,Cypress Hollow State,2025,,,,UNDRAFTED,0,CAMP_BODY,NONE,9,CAMP,50,56,GENERATED
JAX_DT_01,Colby Crouch,JAX,DT,Front Seven,20,75,285,28,5,COL0044,Northcrest University,2021,1,22,22,DRAFTED,0,ACTIVE,NONE,1,STARTER,78,78,GENERATED
JAX_DT_02,Peyson Brasher,JAX,DT,Front Seven,23,73,297,26,4,COL0134,Larkspur State,2022,1,2,2,DRAFTED,0,ACTIVE,NONE,2,STARTER,80,80,GENERATED
JAX_DT_03,Horace Hinkley,JAX,DT,Front Seven,68,76,308,26,3,COL0041,Kelvinridge Institute,2023,4,18,114,DRAFTED,0,ACTIVE,NONE,3,ROTATIONAL,70,70,GENERATED
JAX_DT_04,Terrance Beauchamp,JAX,DT,Front Seven,62,74,321,26,5,COL0257,Bramblewood College,2021,2,24,56,DRAFTED,0,ACTIVE,NONE,4,ROTATIONAL,76,87,GENERATED
JAX_DT_05,Blaze Joplin,JAX,DT,Front Seven,18,76,303,27,3,COL0192,Pinehurst Valley Tech,2023,5,5,133,DRAFTED,0,ACTIVE,NONE,5,ROTATIONAL,71,75,GENERATED
JAX_DT_06,Grady Lilliard,JAX,DT,Front Seven,94,76,306,24,2,COL0013,Fort Grayson Institute,2024,5,4,132,DRAFTED,0,PRACTICE_SQUAD_CANDIDATE,NONE,6,DEPTH,62,67,GENERATED
JAX_DT_07,Warner Ingersoll,JAX,DT,Front Seven,25,73,322,24,2,COL0218,Foxcroft State,2024,,,,UNDRAFTED,0,CAMP_BODY,NONE,7,CAMP,51,51,GENERATED
JAX_DT_08,Gavin Sessoms,JAX,DT,Front Seven,97,75,307,24,0,COL0036,Kelvinridge State,2026,,,,UNDRAFTED,1,CAMP_BODY,NONE,8,CAMP,57,57,GENERATED
JAX_LB_01,Gaspard Gentry,JAX,LB,Front Seven,26,74,238,24,2,COL0163,Sablewood University,2024,1,4,4,DRAFTED,0,ACTIVE,NONE,1,STARTER,88,88,GENERATED
JAX_LB_02,Corbin Mostert,JAX,LB,Front Seven,86,72,233,23,1,COL0043,Northcrest State,2025,1,14,14,DRAFTED,0,ACTIVE,NONE,2,STARTER,91,91,GENERATED
JAX_LB_03,Cortez Slaughter,JAX,LB,Front Seven,21,71,233,23,1,COL0042,Kelvinridge State Tech,2025,5,1,129,DRAFTED,0,ACTIVE,NONE,3,ROTATIONAL,66,73,GENERATED
JAX_LB_04,Zebulon Stallworth,JAX,LB,Front Seven,63,76,225,26,4,COL0023,Marbury University,2022,7,25,217,DRAFTED,0,ACTIVE,NONE,4,ROTATIONAL,66,72,GENERATED
JAX_LB_05,Zane Strahan,JAX,LB,Front Seven,78,72,243,28,4,COL0171,Harrowgate Tech,2022,2,30,62,DRAFTED,0,ACTIVE,PUP,5,ROTATIONAL,68,69,GENERATED
JAX_LB_06,Ruben Tindall,JAX,LB,Front Seven,41,74,232,25,2,COL0164,Sablewood Tech,2024,6,3,163,DRAFTED,0,PRACTICE_SQUAD_CANDIDATE,NONE,6,DEPTH,61,62,GENERATED
JAX_LB_07,Garland Hufanga,JAX,LB,Front Seven,8,72,222,23,0,COL0024,Marbury Tech,2026,7,29,221,DRAFTED,1,CAMP_BODY,NONE,7,CAMP,58,65,GENERATED
JAX_LB_08,Ike Shepley,JAX,LB,Front Seven,53,76,223,22,0,COL0144,Whitepine A&M,2026,5,16,144,DRAFTED,1,CAMP_BODY,NONE,8,CAMP,55,64,GENERATED
JAX_CB_01,Nathanial Chandler,JAX,CB,Secondary,88,69,192,27,4,COL0099,Thornfield State,2022,2,18,50,DRAFTED,0,ACTIVE,NONE,1,STARTER,80,83,GENERATED
JAX_CB_02,Ramsey Bradshaw,JAX,CB,Secondary,46,69,204,24,2,COL0095,Bellhaven A&M,2024,2,23,55,DRAFTED,0,ACTIVE,NONE,2,STARTER,86,88,GENERATED
JAX_CB_03,Kwame Ashby,JAX,CB,Secondary,45,72,189,26,4,COL0108,Quarry Hill Tech,2022,1,28,28,DRAFTED,0,ACTIVE,NONE,3,STARTER,91,92,GENERATED
JAX_CB_04,Caleb Meacham,JAX,CB,Secondary,95,69,202,31,9,COL0131,Emberton College,2017,4,32,128,DRAFTED,0,ACTIVE,NONE,4,ROTATIONAL,66,67,GENERATED
JAX_CB_05,Heath Cavanaugh,JAX,CB,Secondary,27,70,179,23,2,COL0123,Falcon Ridge A&M,2024,,,,UNDRAFTED,0,ACTIVE,NONE,5,ROTATIONAL,71,80,GENERATED
JAX_CB_06,Willem Trapasso,JAX,CB,Secondary,65,70,199,29,7,COL0110,Quarry Hill College,2019,6,6,166,DRAFTED,0,ACTIVE,NONE,6,ROTATIONAL,76,79,GENERATED
JAX_CB_07,Cade Overstreet,JAX,CB,Secondary,42,73,192,21,0,COL0160,Granite Bay Institute,2026,3,28,92,DRAFTED,1,PRACTICE_SQUAD_CANDIDATE,NONE,7,DEPTH,65,70,GENERATED
JAX_CB_08,Malachi Snodgrass,JAX,CB,Secondary,1,69,198,25,2,COL0119,Kingsbridge State Tech,2024,6,11,171,DRAFTED,0,PRACTICE_SQUAD_CANDIDATE,NONE,8,DEPTH,65,70,GENERATED
JAX_CB_09,Tavares Partridge,JAX,CB,Secondary,9,71,191,23,0,COL0192,Pinehurst Valley Tech,2026,5,4,132,DRAFTED,1,CAMP_BODY,NONE,9,CAMP,61,65,GENERATED
JAX_CB_10,Carsen Partridge,JAX,CB,Secondary,66,72,189,22,0,COL0206,Lakemont Tech,2026,7,12,204,DRAFTED,1,CAMP_BODY,NONE,10,CAMP,54,65,GENERATED
JAX_CB_11,Percival Vaitai,JAX,CB,Secondary,74,69,199,22,0,COL0030,Stonewell University,2026,,,,UNDRAFTED,1,CAMP_BODY,NONE,11,CAMP,53,62,GENERATED
JAX_S_01,Samir Burnell,JAX,S,Secondary,49,70,205,29,6,COL0209,Lakemont Institute,2020,5,15,143,DRAFTED,0,ACTIVE,NONE,1,STARTER,72,74,GENERATED
JAX_S_02,Nathanial Malbrough,JAX,S,Secondary,6,71,213,24,3,COL0234,Clearwater Ridge Tech,2023,1,1,1,DRAFTED,0,ACTIVE,NONE,2,STARTER,79,89,GENERATED
JAX_S_03,Fritz Roscoe,JAX,S,Secondary,79,73,199,24,2,COL0253,Bramblewood State,2024,6,24,184,DRAFTED,0,ACTIVE,NONE,3,ROTATIONAL,63,68,GENERATED
JAX_S_04,Torin Slocum,JAX,S,Secondary,77,70,195,31,8,COL0194,Pinehurst Valley College,2018,6,9,169,DRAFTED,0,ACTIVE,NONE,4,ROTATIONAL,64,66,GENERATED
JAX_S_05,Magnus Longacre,JAX,S,Secondary,67,70,206,24,2,COL0230,Dunmore Institute,2024,,,,UNDRAFTED,0,PRACTICE_SQUAD_CANDIDATE,NONE,5,DEPTH,66,72,GENERATED
JAX_S_06,Redmond Alcott,JAX,S,Secondary,99,72,199,22,0,COL0019,Ashfield College,2026,,,,UNDRAFTED,1,CAMP_BODY,NONE,6,CAMP,50,56,GENERATED
JAX_S_07,Halsey Tranquill,JAX,S,Secondary,87,69,215,22,0,COL0120,Falcon Ridge State,2026,,,,UNDRAFTED,1,CAMP_BODY,NONE,7,CAMP,52,58,GENERATED
JAX_K_01,Zephyr Middlebrooks,JAX,K,Specialist,71,73,208,31,9,COL0117,Kingsbridge College,2017,,,,UNDRAFTED,0,ACTIVE,NONE,1,STARTER,76,76,GENERATED
JAX_K_02,Cannon Pouncey,JAX,K,Specialist,83,74,201,26,4,COL0068,Silverlake College,2022,6,1,161,DRAFTED,0,PRACTICE_SQUAD_CANDIDATE,NONE,2,DEPTH,59,64,GENERATED
JAX_P_01,Benoit Partridge,JAX,P,Specialist,96,75,205,24,1,COL0172,Harrowgate A&M,2025,2,12,44,DRAFTED,0,ACTIVE,DAY_TO_DAY,1,STARTER,74,81,GENERATED
JAX_P_02,Hudson Garrison,JAX,P,Specialist,91,75,217,24,2,COL0059,Havenport Tech,2024,7,2,194,DRAFTED,0,PRACTICE_SQUAD_CANDIDATE,NONE,2,DEPTH,65,76,GENERATED
JAX_LS_01,Tyrell Walkowiak,JAX,LS,Specialist,19,75,241,27,5,COL0220,Foxcroft Tech,2021,7,11,203,DRAFTED,0,ACTIVE,NONE,1,STARTER,76,76,GENERATED
TEN_QB_01,Griffin Sunderland,TEN,QB,Quarterback,92,72,219,30,7,COL0116,Kingsbridge A&M,2019,3,14,78,DRAFTED,0,ACTIVE,NONE,1,STARTER,87,92,GENERATED
TEN_QB_02,Maddox Kowalski,TEN,QB,Quarterback,36,74,210,24,0,COL0031,Stonewell Tech,2026,6,3,163,DRAFTED,1,ACTIVE,NONE,2,ROTATIONAL,76,80,GENERATED
TEN_QB_03,Mekhi Elmore,TEN,QB,Quarterback,85,76,235,26,3,COL0121,Falcon Ridge University,2023,,,,UNDRAFTED,0,PRACTICE_SQUAD_CANDIDATE,NONE,3,DEPTH,62,64,GENERATED
TEN_QB_04,Easton Teasdale,TEN,QB,Quarterback,60,77,210,23,0,COL0011,Fort Grayson A&M,2026,6,15,175,DRAFTED,1,CAMP_BODY,NONE,4,CAMP,63,67,GENERATED
TEN_RB_01,Fenwick Jorgensen,TEN,RB,Backfield,11,69,227,29,8,COL0029,Stonewell State,2018,3,32,96,DRAFTED,0,ACTIVE,NONE,1,STARTER,77,77,GENERATED
TEN_RB_02,Griffin Fahey,TEN,RB,Backfield,87,70,215,27,6,COL0061,Havenport College,2020,6,32,192,DRAFTED,0,ACTIVE,NONE,2,ROTATIONAL,72,75,GENERATED
TEN_RB_03,Kingston Hennessy,TEN,RB,Backfield,16,68,220,23,1,COL0132,Emberton Institute,2025,5,10,138,DRAFTED,0,ACTIVE,NONE,3,ROTATIONAL,65,72,GENERATED
TEN_RB_04,Heath Corrigan,TEN,RB,Backfield,77,71,207,23,1,COL0103,Thornfield College,2025,6,18,178,DRAFTED,0,PRACTICE_SQUAD_CANDIDATE,NONE,4,DEPTH,67,70,GENERATED
TEN_RB_05,Stryker Roscoe,TEN,RB,Backfield,12,67,197,25,1,COL0062,Havenport Institute,2025,6,25,185,DRAFTED,0,CAMP_BODY,NONE,5,CAMP,63,71,GENERATED
TEN_FB_01,Warner Yeboah,TEN,FB,Backfield,96,70,236,29,5,COL0168,Sablewood State Tech,2021,1,6,6,DRAFTED,0,ACTIVE,NONE,1,STARTER,80,80,GENERATED
TEN_WR_01,Whitaker Cribbs,TEN,WR,Receiver,80,71,198,35,12,COL0114,Kingsbridge University,2014,2,22,54,DRAFTED,0,ACTIVE,NONE,1,STARTER,92,92,GENERATED
TEN_WR_02,Waylon Calderón,TEN,WR,Receiver,74,72,225,26,4,COL0172,Harrowgate A&M,2022,1,4,4,DRAFTED,0,ACTIVE,NONE,2,STARTER,80,84,GENERATED
TEN_WR_03,Ephraim Leavitt,TEN,WR,Receiver,56,68,203,29,5,COL0219,Foxcroft University,2021,1,8,8,DRAFTED,0,ACTIVE,NONE,3,STARTER,91,91,GENERATED
TEN_WR_04,Wendell Minshew,TEN,WR,Receiver,24,71,201,22,0,COL0026,Marbury College,2026,5,15,143,DRAFTED,1,ACTIVE,NONE,4,ROTATIONAL,72,81,GENERATED
TEN_WR_05,Walker Tyree,TEN,WR,Receiver,46,70,204,30,6,COL0149,Cedar Falls University,2020,5,30,158,DRAFTED,0,ACTIVE,NONE,5,ROTATIONAL,78,78,GENERATED
TEN_WR_06,Cade Crockett,TEN,WR,Receiver,18,68,199,29,7,COL0036,Kelvinridge State,2019,,,,UNDRAFTED,0,ACTIVE,NONE,6,ROTATIONAL,66,66,GENERATED
TEN_WR_07,Willem Brightwell,TEN,WR,Receiver,37,73,197,23,1,COL0120,Falcon Ridge State,2025,,,,UNDRAFTED,0,PRACTICE_SQUAD_CANDIDATE,DAY_TO_DAY,7,DEPTH,66,72,GENERATED
TEN_WR_08,Giovanni Jeffcoat,TEN,WR,Receiver,13,72,198,26,2,COL0037,Kelvinridge University,2024,,,,UNDRAFTED,0,PRACTICE_SQUAD_CANDIDATE,NONE,8,DEPTH,63,63,GENERATED
TEN_WR_09,Cato Passmore,TEN,WR,Receiver,5,74,179,21,0,COL0147,Whitepine State Tech,2026,,,,UNDRAFTED,1,CAMP_BODY,NONE,9,CAMP,60,65,GENERATED
TEN_WR_10,Isaias Waddington,TEN,WR,Receiver,27,72,193,23,1,COL0045,Northcrest Tech,2025,,,,UNDRAFTED,0,CAMP_BODY,NFI,10,CAMP,56,62,GENERATED
TEN_WR_11,Pierce Stallworth,TEN,WR,Receiver,48,70,200,22,1,COL0173,Harrowgate College,2025,6,12,172,DRAFTED,0,CAMP_BODY,DAY_TO_DAY,11,CAMP,50,57,GENERATED
TEN_TE_01,Sergio Gathers,TEN,TE,Receiver,44,78,245,24,2,COL0003,Calderwood Tech,2024,4,3,99,DRAFTED,0,ACTIVE,NONE,1,STARTER,75,75,GENERATED
TEN_TE_02,Errol Sabbagh,TEN,TE,Receiver,75,77,262,22,1,COL0229,Dunmore College,2025,5,2,130,DRAFTED,0,ACTIVE,NONE,2,ROTATIONAL,61,67,GENERATED
TEN_TE_03,Salem Tatupu,TEN,TE,Receiver,69,77,260,23,1,COL0016,Ashfield University,2025,2,31,63,DRAFTED,0,ACTIVE,NONE,3,ROTATIONAL,79,86,GENERATED
TEN_TE_04,Marshall Dalrymple,TEN,TE,Receiver,33,77,246,21,0,COL0258,Bramblewood Institute,2026,5,19,147,DRAFTED,1,PRACTICE_SQUAD_CANDIDATE,NONE,4,DEPTH,57,68,GENERATED
TEN_TE_05,Ezekiel Broussard,TEN,TE,Receiver,88,78,252,21,0,COL0224,Foxcroft State Tech,2026,,,,UNDRAFTED,1,CAMP_BODY,NONE,5,CAMP,54,65,GENERATED
TEN_TE_06,Mack Carvalho,TEN,TE,Receiver,35,74,244,23,1,COL0018,Ashfield A&M,2025,,,,UNDRAFTED,0,CAMP_BODY,NONE,6,CAMP,61,61,GENERATED
TEN_OT_01,Killian Windham,TEN,OT,O-Line,78,79,315,25,3,COL0100,Thornfield University,2023,1,22,22,DRAFTED,0,ACTIVE,NONE,1,STARTER,92,95,GENERATED
TEN_OT_02,Larkin Brasher,TEN,OT,O-Line,40,77,333,32,10,COL0096,Bellhaven College,2016,1,29,29,DRAFTED,0,ACTIVE,NONE,2,STARTER,78,78,GENERATED
TEN_OT_03,Fletcher Peebles,TEN,OT,O-Line,2,79,314,28,4,COL0071,Cypress Hollow State,2022,6,29,189,DRAFTED,0,ACTIVE,IR,3,ROTATIONAL,58,64,GENERATED
TEN_OT_04,Madden Bledsoe,TEN,OT,O-Line,84,77,326,27,3,COL0017,Ashfield Tech,2023,2,23,55,DRAFTED,0,ACTIVE,NONE,4,ROTATIONAL,80,80,GENERATED
TEN_OT_05,Galen Hubbard,TEN,OT,O-Line,93,77,313,24,1,COL0220,Foxcroft Tech,2025,5,2,130,DRAFTED,0,PRACTICE_SQUAD_CANDIDATE,NONE,5,DEPTH,64,66,GENERATED
TEN_OT_06,Fabian Judkins,TEN,OT,O-Line,19,77,325,24,0,COL0195,Pinehurst Valley Institute,2026,7,17,209,DRAFTED,1,CAMP_BODY,NONE,6,CAMP,67,71,GENERATED
TEN_OG_01,Arlen Gauthier,TEN,OG,O-Line,9,77,315,25,2,COL0027,Marbury Institute,2024,1,32,32,DRAFTED,0,ACTIVE,NONE,1,STARTER,77,90,GENERATED
TEN_OG_02,Stone Bowersox,TEN,OG,O-Line,98,75,336,29,8,COL0016,Ashfield University,2018,1,30,30,DRAFTED,0,ACTIVE,NONE,2,STARTER,75,77,GENERATED
TEN_OG_03,Reeves Burnell,TEN,OG,O-Line,30,75,321,28,7,COL0140,Larkspur State Tech,2019,4,20,116,DRAFTED,0,ACTIVE,IR,3,ROTATIONAL,70,71,GENERATED
TEN_OG_04,Shepard Greenlaw,TEN,OG,O-Line,25,76,303,24,2,COL0076,Cypress Hollow Institute,2024,5,2,130,DRAFTED,0,ACTIVE,NONE,4,ROTATIONAL,84,91,GENERATED
TEN_OG_05,Cedric Rochell,TEN,OG,O-Line,15,77,319,27,5,COL0208,Lakemont College,2021,,,,UNDRAFTED,0,PRACTICE_SQUAD_CANDIDATE,NONE,5,DEPTH,63,69,GENERATED
TEN_OG_06,Thatcher Vosburgh,TEN,OG,O-Line,47,75,284,25,2,COL0180,Mount Verity College,2024,5,7,135,DRAFTED,0,CAMP_BODY,NONE,6,CAMP,50,53,GENERATED
TEN_C_01,Lowell Woolfolk,TEN,C,O-Line,58,76,305,24,2,COL0189,Sunderland State Tech,2024,5,11,139,DRAFTED,0,ACTIVE,NONE,1,STARTER,87,94,GENERATED
TEN_C_02,Damon Lilliard,TEN,C,O-Line,39,77,304,30,7,COL0018,Ashfield A&M,2019,2,27,59,DRAFTED,0,ACTIVE,NONE,2,ROTATIONAL,67,67,GENERATED
TEN_C_03,Dallas Sunderland,TEN,C,O-Line,3,74,299,23,1,COL0096,Bellhaven College,2025,,,,UNDRAFTED,0,PRACTICE_SQUAD_CANDIDATE,NONE,3,DEPTH,64,71,GENERATED
TEN_EDGE_01,Harrison Markham,TEN,EDGE,Front Seven,52,78,252,25,3,COL0054,Redbluff College,2023,3,11,75,DRAFTED,0,ACTIVE,NONE,1,STARTER,77,77,GENERATED
TEN_EDGE_02,Darian Pouncey,TEN,EDGE,Front Seven,61,75,274,29,6,COL0118,Kingsbridge Institute,2020,2,8,40,DRAFTED,0,ACTIVE,NONE,2,STARTER,83,89,GENERATED
TEN_EDGE_03,Remy Hilliard,TEN,EDGE,Front Seven,99,75,269,28,5,COL0073,Cypress Hollow Tech,2021,5,27,155,DRAFTED,0,ACTIVE,NONE,3,ROTATIONAL,73,74,GENERATED
TEN_EDGE_04,Trey Rudolph,TEN,EDGE,Front Seven,41,77,268,26,4,COL0187,Sunderland College,2022,6,9,169,DRAFTED,0,ACTIVE,NONE,4,ROTATIONAL,73,77,GENERATED
TEN_EDGE_05,Julius Mendenhall,TEN,EDGE,Front Seven,71,76,259,26,2,COL0004,Calderwood A&M,2024,5,32,160,DRAFTED,0,ACTIVE,NONE,5,ROTATIONAL,73,77,GENERATED
TEN_EDGE_06,Pierson Girardi,TEN,EDGE,Front Seven,53,76,243,24,0,COL0132,Emberton Institute,2026,5,15,143,DRAFTED,1,PRACTICE_SQUAD_CANDIDATE,NONE,6,DEPTH,69,70,GENERATED
TEN_EDGE_07,Andre Canfield,TEN,EDGE,Front Seven,90,76,260,27,5,COL0235,Clearwater Ridge A&M,2021,6,25,185,DRAFTED,0,PRACTICE_SQUAD_CANDIDATE,NONE,7,DEPTH,70,70,GENERATED
TEN_EDGE_08,Titus Benavides,TEN,EDGE,Front Seven,42,77,247,22,0,COL0108,Quarry Hill Tech,2026,,,,UNDRAFTED,1,CAMP_BODY,NONE,8,CAMP,57,63,GENERATED
TEN_EDGE_09,Baldwin Crandall,TEN,EDGE,Front Seven,68,76,254,22,1,COL0155,Granite Bay State,2025,,,,UNDRAFTED,0,CAMP_BODY,NONE,9,CAMP,54,61,GENERATED
TEN_DT_01,Zephyr Bancroft,TEN,DT,Front Seven,23,74,302,27,3,COL0156,Granite Bay University,2023,1,14,14,DRAFTED,0,ACTIVE,NONE,1,STARTER,79,90,GENERATED
TEN_DT_02,Juelz Durrant,TEN,DT,Front Seven,54,73,281,24,3,COL0075,Cypress Hollow College,2023,1,15,15,DRAFTED,0,ACTIVE,NONE,2,STARTER,86,86,GENERATED
TEN_DT_03,Osiris Carmody,TEN,DT,Front Seven,89,75,286,24,1,COL0168,Sablewood State Tech,2025,,,,UNDRAFTED,0,ACTIVE,NONE,3,ROTATIONAL,66,69,GENERATED
TEN_DT_04,Benoit Dabney,TEN,DT,Front Seven,1,75,301,27,3,COL0049,Northcrest State Tech,2023,2,13,45,DRAFTED,0,ACTIVE,NONE,4,ROTATIONAL,76,77,GENERATED
TEN_DT_05,Carlisle Thibodeaux,TEN,DT,Front Seven,34,73,324,34,13,COL0100,Thornfield University,2013,6,17,177,DRAFTED,0,ACTIVE,NONE,5,ROTATIONAL,73,75,GENERATED
TEN_DT_06,Andre Gathers,TEN,DT,Front Seven,70,76,336,23,2,COL0193,Pinehurst Valley A&M,2024,7,1,193,DRAFTED,0,PRACTICE_SQUAD_CANDIDATE,NONE,6,DEPTH,69,76,GENERATED
TEN_DT_07,Trace Chenoweth,TEN,DT,Front Seven,83,74,313,24,2,COL0047,Northcrest College,2024,5,9,137,DRAFTED,0,CAMP_BODY,NONE,7,CAMP,55,58,GENERATED
TEN_DT_08,Phelan Tindall,TEN,DT,Front Seven,86,74,302,23,1,COL0040,Kelvinridge College,2025,,,,UNDRAFTED,0,CAMP_BODY,NONE,8,CAMP,58,66,GENERATED
TEN_LB_01,Waylon Appleton,TEN,LB,Front Seven,55,75,223,24,1,COL0075,Cypress Hollow College,2025,1,32,32,DRAFTED,0,ACTIVE,NONE,1,STARTER,87,92,GENERATED
TEN_LB_02,Ibrahim Wyckoff,TEN,LB,Front Seven,67,76,245,29,7,COL0018,Ashfield A&M,2019,2,9,41,DRAFTED,0,ACTIVE,NONE,2,STARTER,76,81,GENERATED
TEN_LB_03,Kolby Kincaid,TEN,LB,Front Seven,64,76,234,22,1,COL0067,Silverlake A&M,2025,,,,UNDRAFTED,0,ACTIVE,NONE,3,ROTATIONAL,69,77,GENERATED
TEN_LB_04,Dorian Vaitai,TEN,LB,Front Seven,6,75,228,29,7,COL0158,Granite Bay A&M,2019,1,19,19,DRAFTED,0,ACTIVE,NONE,4,ROTATIONAL,79,83,GENERATED
TEN_LB_05,Corbin Wilkerson,TEN,LB,Front Seven,45,76,247,23,2,COL0037,Kelvinridge University,2024,3,15,79,DRAFTED,0,ACTIVE,NONE,5,ROTATIONAL,68,73,GENERATED
TEN_LB_06,Quincy Spielman,TEN,LB,Front Seven,91,71,227,26,3,COL0059,Havenport Tech,2023,,,,UNDRAFTED,0,PRACTICE_SQUAD_CANDIDATE,NONE,6,DEPTH,70,74,GENERATED
TEN_LB_07,Tarrell Stanfield,TEN,LB,Front Seven,82,74,226,22,1,COL0074,Cypress Hollow A&M,2025,7,19,211,DRAFTED,0,CAMP_BODY,NONE,7,CAMP,56,69,GENERATED
TEN_LB_08,Shepard Wilkerson,TEN,LB,Front Seven,79,75,218,23,1,COL0083,Iron Gate Institute,2025,5,20,148,DRAFTED,0,CAMP_BODY,NONE,8,CAMP,62,70,GENERATED
TEN_CB_01,Landry Granderson,TEN,CB,Secondary,94,68,194,27,3,COL0246,Winslow State,2023,2,21,53,DRAFTED,0,ACTIVE,NONE,1,STARTER,77,80,GENERATED
TEN_CB_02,Gage Simmerman,TEN,CB,Secondary,38,70,216,30,7,COL0247,Winslow University,2019,3,29,93,DRAFTED,0,ACTIVE,NONE,2,STARTER,86,86,GENERATED
TEN_CB_03,Lazaro Vasher,TEN,CB,Secondary,73,70,200,30,8,COL0040,Kelvinridge College,2018,1,3,3,DRAFTED,0,ACTIVE,NONE,3,STARTER,90,90,GENERATED
TEN_CB_04,Rufus Keeler,TEN,CB,Secondary,22,71,194,24,1,COL0147,Whitepine State Tech,2025,5,4,132,DRAFTED,0,ACTIVE,NONE,4,ROTATIONAL,69,75,GENERATED
TEN_CB_05,Harvey Terrazas,TEN,CB,Secondary,59,70,176,26,2,COL0199,Copper Creek Tech,2024,3,2,66,DRAFTED,0,ACTIVE,NONE,5,ROTATIONAL,71,79,GENERATED
TEN_CB_06,Micah Stoutland,TEN,CB,Secondary,10,71,192,25,4,COL0145,Whitepine College,2022,2,19,51,DRAFTED,0,ACTIVE,NONE,6,ROTATIONAL,74,79,GENERATED
TEN_CB_07,Granger Hammersley,TEN,CB,Secondary,4,72,186,23,1,COL0114,Kingsbridge University,2025,,,,UNDRAFTED,0,PRACTICE_SQUAD_CANDIDATE,NONE,7,DEPTH,71,74,GENERATED
TEN_CB_08,Kavion Sigler,TEN,CB,Secondary,65,69,197,21,0,COL0108,Quarry Hill Tech,2026,6,28,188,DRAFTED,1,PRACTICE_SQUAD_CANDIDATE,NONE,8,DEPTH,68,75,GENERATED
TEN_CB_09,Corbin Siemian,TEN,CB,Secondary,7,72,184,26,3,COL0149,Cedar Falls University,2023,,,,UNDRAFTED,0,CAMP_BODY,NONE,9,CAMP,57,57,GENERATED
TEN_CB_10,Cade Stallworth,TEN,CB,Secondary,17,69,166,23,2,COL0076,Cypress Hollow Institute,2024,5,7,135,DRAFTED,0,CAMP_BODY,NONE,10,CAMP,58,65,GENERATED
TEN_CB_11,Sutton Winovich,TEN,CB,Secondary,95,71,202,22,1,COL0241,Talbot Tech,2025,7,32,224,DRAFTED,0,CAMP_BODY,DAY_TO_DAY,11,CAMP,59,69,GENERATED
TEN_S_01,Kane Crockett,TEN,S,Secondary,66,71,216,22,1,COL0156,Granite Bay University,2025,5,23,151,DRAFTED,0,ACTIVE,DAY_TO_DAY,1,STARTER,91,99,GENERATED
TEN_S_02,Finley Sherfield,TEN,S,Secondary,43,74,203,35,13,COL0001,Calderwood State,2013,1,26,26,DRAFTED,0,ACTIVE,NONE,2,STARTER,89,93,GENERATED
TEN_S_03,Isaias Tenpenny,TEN,S,Secondary,26,71,193,33,10,COL0047,Northcrest College,2016,3,22,86,DRAFTED,0,ACTIVE,DAY_TO_DAY,3,ROTATIONAL,74,75,GENERATED
TEN_S_04,Tomas Zylstra,TEN,S,Secondary,50,71,217,25,3,COL0099,Thornfield State,2023,,,,UNDRAFTED,0,ACTIVE,NONE,4,ROTATIONAL,72,74,GENERATED
TEN_S_05,Augustus Yoshida,TEN,S,Secondary,49,71,192,27,3,COL0123,Falcon Ridge A&M,2023,5,19,147,DRAFTED,0,PRACTICE_SQUAD_CANDIDATE,NONE,5,DEPTH,61,66,GENERATED
TEN_S_06,Sheridan Edelman,TEN,S,Secondary,29,69,212,26,2,COL0111,Quarry Hill Institute,2024,,,,UNDRAFTED,0,CAMP_BODY,NONE,6,CAMP,68,73,GENERATED
TEN_S_07,Amari Babineaux,TEN,S,Secondary,28,69,175,23,1,COL0049,Northcrest State Tech,2025,3,26,90,DRAFTED,0,CAMP_BODY,NONE,7,CAMP,60,67,GENERATED
TEN_K_01,Trace Scarbrough,TEN,K,Specialist,72,73,203,24,1,COL0217,Ravensburg State Tech,2025,3,7,71,DRAFTED,0,ACTIVE,NONE,1,STARTER,75,81,GENERATED
TEN_K_02,Thatcher Sabbagh,TEN,K,Specialist,81,74,191,24,1,COL0172,Harrowgate A&M,2025,,,,UNDRAFTED,0,PRACTICE_SQUAD_CANDIDATE,NONE,2,DEPTH,66,67,GENERATED
TEN_P_01,Rowan Elmore,TEN,P,Specialist,21,75,217,25,3,COL0205,Lakemont University,2023,2,11,43,DRAFTED,0,ACTIVE,NONE,1,STARTER,72,79,GENERATED
TEN_P_02,Amos Soderberg,TEN,P,Specialist,31,74,205,23,1,COL0160,Granite Bay Institute,2025,5,24,152,DRAFTED,0,PRACTICE_SQUAD_CANDIDATE,NONE,2,DEPTH,66,69,GENERATED
TEN_LS_01,Ambrose Cosgrove,TEN,LS,Specialist,62,74,243,32,10,COL0235,Clearwater Ridge A&M,2016,3,17,81,DRAFTED,0,ACTIVE,NONE,1,STARTER,73,78,GENERATED
DEN_QB_01,Sable Kilgore,DEN,QB,Quarterback,19,75,203,24,1,COL0019,Ashfield College,2025,1,7,7,DRAFTED,0,ACTIVE,NONE,1,STARTER,97,98,GENERATED
DEN_QB_02,Ohan Quessenberry,DEN,QB,Quarterback,6,71,221,38,15,COL0169,Harrowgate State,2011,,,,UNDRAFTED,0,ACTIVE,NONE,2,ROTATIONAL,71,74,GENERATED
DEN_QB_03,Damon Paulson,DEN,QB,Quarterback,61,75,220,27,3,COL0159,Granite Bay College,2023,7,3,195,DRAFTED,0,PRACTICE_SQUAD_CANDIDATE,IR,3,DEPTH,63,66,GENERATED
DEN_QB_04,Bryce Escalante,DEN,QB,Quarterback,90,75,233,24,1,COL0183,Sunderland State,2025,,,,UNDRAFTED,0,CAMP_BODY,NONE,4,CAMP,53,60,GENERATED
DEN_RB_01,Jaxon Egbuna,DEN,RB,Backfield,95,71,220,28,5,COL0110,Quarry Hill College,2021,1,19,19,DRAFTED,0,ACTIVE,NONE,1,STARTER,81,85,GENERATED
DEN_RB_02,Byron Ferrante,DEN,RB,Backfield,93,68,214,27,4,COL0253,Bramblewood State,2022,3,24,88,DRAFTED,0,ACTIVE,NONE,2,ROTATIONAL,70,79,GENERATED
DEN_RB_03,Ashton Tenpenny,DEN,RB,Backfield,43,68,216,28,6,COL0206,Lakemont Tech,2020,7,19,211,DRAFTED,0,ACTIVE,NONE,3,ROTATIONAL,68,68,GENERATED
DEN_RB_04,Cato Durrant,DEN,RB,Backfield,47,68,198,24,1,COL0172,Harrowgate A&M,2025,5,4,132,DRAFTED,0,PRACTICE_SQUAD_CANDIDATE,NONE,4,DEPTH,60,65,GENERATED
DEN_RB_05,Callum Ricciardi,DEN,RB,Backfield,52,68,240,23,0,COL0138,Larkspur College,2026,,,,UNDRAFTED,1,CAMP_BODY,NONE,5,CAMP,47,60,GENERATED
DEN_FB_01,Marlon Thorogood,DEN,FB,Backfield,4,71,248,29,5,COL0108,Quarry Hill Tech,2021,3,24,88,DRAFTED,0,ACTIVE,NONE,1,STARTER,74,75,GENERATED
DEN_WR_01,Sutton Escalante,DEN,WR,Receiver,25,73,196,25,4,COL0080,Iron Gate Tech,2022,1,10,10,DRAFTED,0,ACTIVE,NONE,1,STARTER,87,92,GENERATED
DEN_WR_02,Darnell Tavai,DEN,WR,Receiver,92,70,209,28,5,COL0096,Bellhaven College,2021,1,21,21,DRAFTED,0,ACTIVE,NONE,2,STARTER,84,89,GENERATED
DEN_WR_03,Bennie Shackleford,DEN,WR,Receiver,89,70,210,31,8,COL0078,Iron Gate State,2018,1,28,28,DRAFTED,0,ACTIVE,NONE,3,STARTER,84,87,GENERATED
DEN_WR_04,Judah Hawkes,DEN,WR,Receiver,76,70,201,29,7,COL0001,Calderwood State,2019,2,25,57,DRAFTED,0,ACTIVE,NONE,4,ROTATIONAL,73,82,GENERATED
DEN_WR_05,Killian Levasseur,DEN,WR,Receiver,12,73,222,25,3,COL0007,Calderwood State Tech,2023,1,5,5,DRAFTED,0,ACTIVE,NONE,5,ROTATIONAL,70,72,GENERATED
DEN_WR_06,Keegan Heggins,DEN,WR,Receiver,3,72,173,28,5,COL0200,Copper Creek A&M,2021,5,13,141,DRAFTED,0,ACTIVE,NONE,6,ROTATIONAL,68,71,GENERATED
DEN_WR_07,Nikolai Brisco,DEN,WR,Receiver,38,70,229,26,3,COL0132,Emberton Institute,2023,5,31,159,DRAFTED,0,PRACTICE_SQUAD_CANDIDATE,NONE,7,DEPTH,68,73,GENERATED
DEN_WR_08,Cannon Tyree,DEN,WR,Receiver,41,70,205,27,3,COL0204,Lakemont State,2023,6,12,172,DRAFTED,0,PRACTICE_SQUAD_CANDIDATE,NONE,8,DEPTH,66,67,GENERATED
DEN_WR_09,Samson Perryman,DEN,WR,Receiver,23,75,181,24,1,COL0205,Lakemont University,2025,,,,UNDRAFTED,0,CAMP_BODY,NONE,9,CAMP,59,59,GENERATED
DEN_WR_10,Damarion Redmond,DEN,WR,Receiver,20,71,192,24,0,COL0206,Lakemont Tech,2026,,,,UNDRAFTED,1,CAMP_BODY,NONE,10,CAMP,58,70,GENERATED
DEN_WR_11,Trace Maunakea,DEN,WR,Receiver,40,72,192,23,0,COL0107,Quarry Hill University,2026,5,5,133,DRAFTED,1,CAMP_BODY,NONE,11,CAMP,60,65,GENERATED
DEN_TE_01,Palmer Horvath,DEN,TE,Receiver,26,79,245,23,1,COL0145,Whitepine College,2025,1,15,15,DRAFTED,0,ACTIVE,NONE,1,STARTER,87,96,GENERATED
DEN_TE_02,Earl Reinhold,DEN,TE,Receiver,24,79,259,29,5,COL0253,Bramblewood State,2021,7,22,214,DRAFTED,0,ACTIVE,NONE,2,ROTATIONAL,76,76,GENERATED
DEN_TE_03,Jorel Prewitt,DEN,TE,Receiver,87,76,232,28,5,COL0245,Talbot State Tech,2021,4,18,114,DRAFTED,0,ACTIVE,NONE,3,ROTATIONAL,73,73,GENERATED
DEN_TE_04,Thelonious Greaves,DEN,TE,Receiver,66,77,256,22,0,COL0136,Larkspur Tech,2026,3,31,95,DRAFTED,1,PRACTICE_SQUAD_CANDIDATE,NONE,4,DEPTH,68,74,GENERATED
DEN_TE_05,Devante Threadgill,DEN,TE,Receiver,1,77,262,21,0,COL0191,Pinehurst Valley University,2026,,,,UNDRAFTED,1,CAMP_BODY,NONE,5,CAMP,54,62,GENERATED
DEN_TE_06,Roscoe Gaskins,DEN,TE,Receiver,16,79,238,24,0,COL0052,Redbluff Tech,2026,5,7,135,DRAFTED,1,CAMP_BODY,NONE,6,CAMP,63,67,GENERATED
DEN_OT_01,Augustus Rutledge,DEN,OT,O-Line,55,80,335,24,1,COL0079,Iron Gate University,2025,1,27,27,DRAFTED,0,ACTIVE,IR,1,STARTER,77,82,GENERATED
DEN_OT_02,Harrison Nakoa,DEN,OT,O-Line,7,77,320,25,2,COL0061,Havenport College,2024,1,7,7,DRAFTED,0,ACTIVE,NONE,2,STARTER,80,83,GENERATED
DEN_OT_03,Malik Freeney,DEN,OT,O-Line,73,79,302,24,1,COL0024,Marbury Tech,2025,5,14,142,DRAFTED,0,ACTIVE,NONE,3,ROTATIONAL,71,73,GENERATED
DEN_OT_04,Bryce Schreiber,DEN,OT,O-Line,32,79,295,25,3,COL0104,Thornfield Institute,2023,4,22,118,DRAFTED,0,ACTIVE,NONE,4,ROTATIONAL,70,73,GENERATED
DEN_OT_05,Randall Jorgensen,DEN,OT,O-Line,15,77,316,22,0,COL0147,Whitepine State Tech,2026,,,,UNDRAFTED,1,PRACTICE_SQUAD_CANDIDATE,NONE,5,DEPTH,66,73,GENERATED
DEN_OT_06,Rocco Cundiff,DEN,OT,O-Line,69,77,303,24,2,COL0244,Talbot Institute,2024,7,13,205,DRAFTED,0,CAMP_BODY,NONE,6,CAMP,64,68,GENERATED
DEN_OG_01,Kendrick Durrant,DEN,OG,O-Line,37,75,327,26,3,COL0120,Falcon Ridge State,2023,3,19,83,DRAFTED,0,ACTIVE,NONE,1,STARTER,76,82,GENERATED
DEN_OG_02,Stanton Deakins,DEN,OG,O-Line,96,75,310,26,2,COL0111,Quarry Hill Institute,2024,2,23,55,DRAFTED,0,ACTIVE,NONE,2,STARTER,77,80,GENERATED
DEN_OG_03,Lennon Steinkuhler,DEN,OG,O-Line,60,76,307,30,8,COL0075,Cypress Hollow College,2018,2,27,59,DRAFTED,0,ACTIVE,NONE,3,ROTATIONAL,68,68,GENERATED
DEN_OG_04,Malik Gallardo,DEN,OG,O-Line,59,78,318,30,6,COL0196,Pinehurst Valley State Tech,2020,4,16,112,DRAFTED,0,ACTIVE,NONE,4,ROTATIONAL,71,71,GENERATED
DEN_OG_05,Blaise Mostert,DEN,OG,O-Line,48,77,318,24,2,COL0028,Marbury State Tech,2024,,,,UNDRAFTED,0,PRACTICE_SQUAD_CANDIDATE,NONE,5,DEPTH,65,68,GENERATED
DEN_OG_06,Phelan Hamlett,DEN,OG,O-Line,67,74,307,27,6,COL0114,Kingsbridge University,2020,6,2,162,DRAFTED,0,CAMP_BODY,NONE,6,CAMP,62,67,GENERATED
DEN_C_01,Jesse Latimore,DEN,C,O-Line,18,77,315,27,6,COL0109,Quarry Hill A&M,2020,2,28,60,DRAFTED,0,ACTIVE,NONE,1,STARTER,81,81,GENERATED
DEN_C_02,Harvey Emerson,DEN,C,O-Line,2,75,314,33,11,COL0242,Talbot A&M,2015,3,17,81,DRAFTED,0,ACTIVE,DAY_TO_DAY,2,ROTATIONAL,76,79,GENERATED
DEN_C_03,Jamir Tolbert,DEN,C,O-Line,97,74,298,22,1,COL0087,Westmoor Tech,2025,3,23,87,DRAFTED,0,PRACTICE_SQUAD_CANDIDATE,NONE,3,DEPTH,71,81,GENERATED
DEN_EDGE_01,Mekhi Rademacher,DEN,EDGE,Front Seven,14,73,272,27,5,COL0048,Northcrest Institute,2021,1,25,25,DRAFTED,0,ACTIVE,NONE,1,STARTER,90,90,GENERATED
DEN_EDGE_02,Dillon Prendergast,DEN,EDGE,Front Seven,27,73,266,29,6,COL0113,Kingsbridge State,2020,2,22,54,DRAFTED,0,ACTIVE,NONE,2,STARTER,82,84,GENERATED
DEN_EDGE_03,Jaxon Batiste,DEN,EDGE,Front Seven,91,76,253,24,1,COL0004,Calderwood A&M,2025,5,17,145,DRAFTED,0,ACTIVE,NONE,3,ROTATIONAL,65,71,GENERATED
DEN_EDGE_04,Holden Sappington,DEN,EDGE,Front Seven,79,75,253,26,2,COL0238,Clearwater Ridge State Tech,2024,6,1,161,DRAFTED,0,ACTIVE,DAY_TO_DAY,4,ROTATIONAL,71,81,GENERATED
DEN_EDGE_05,Jesse Pflueger,DEN,EDGE,Front Seven,86,78,258,25,4,COL0024,Marbury Tech,2022,,,,UNDRAFTED,0,ACTIVE,NONE,5,ROTATIONAL,61,65,GENERATED
DEN_EDGE_06,Chase Schofield,DEN,EDGE,Front Seven,33,77,257,27,3,COL0147,Whitepine State Tech,2023,,,,UNDRAFTED,0,PRACTICE_SQUAD_CANDIDATE,NONE,6,DEPTH,65,69,GENERATED
DEN_EDGE_07,Caleb Fournette,DEN,EDGE,Front Seven,53,76,243,25,3,COL0116,Kingsbridge A&M,2023,5,12,140,DRAFTED,0,PRACTICE_SQUAD_CANDIDATE,NONE,7,DEPTH,60,71,GENERATED
DEN_EDGE_08,Damon Ramczyk,DEN,EDGE,Front Seven,34,74,276,23,1,COL0217,Ravensburg State Tech,2025,5,8,136,DRAFTED,0,CAMP_BODY,NFI,8,CAMP,54,61,GENERATED
DEN_EDGE_09,Phelan Lemieux,DEN,EDGE,Front Seven,84,76,252,25,1,COL0026,Marbury College,2025,5,20,148,DRAFTED,0,CAMP_BODY,NONE,9,CAMP,58,58,GENERATED
DEN_DT_01,Reginald Henderson,DEN,DT,Front Seven,72,74,309,27,4,COL0235,Clearwater Ridge A&M,2022,1,31,31,DRAFTED,0,ACTIVE,NONE,1,STARTER,84,85,GENERATED
DEN_DT_02,Egan Sessoms,DEN,DT,Front Seven,77,76,313,23,0,COL0214,Ravensburg A&M,2026,1,7,7,DRAFTED,1,ACTIVE,NONE,2,STARTER,95,99,GENERATED
DEN_DT_03,Theo Bradshaw,DEN,DT,Front Seven,83,74,296,25,2,COL0128,Emberton University,2024,,,,UNDRAFTED,0,ACTIVE,NONE,3,ROTATIONAL,66,67,GENERATED
DEN_DT_04,Emerson Paddock,DEN,DT,Front Seven,94,73,294,24,2,COL0028,Marbury State Tech,2024,7,25,217,DRAFTED,0,ACTIVE,NONE,4,ROTATIONAL,73,76,GENERATED
DEN_DT_05,Zephyr Whitlow,DEN,DT,Front Seven,50,74,300,34,10,COL0123,Falcon Ridge A&M,2016,5,2,130,DRAFTED,0,ACTIVE,NONE,5,ROTATIONAL,64,64,GENERATED
DEN_DT_06,Porter Copeland,DEN,DT,Front Seven,28,75,279,23,2,COL0117,Kingsbridge College,2024,5,14,142,DRAFTED,0,PRACTICE_SQUAD_CANDIDATE,NONE,6,DEPTH,58,67,GENERATED
DEN_DT_07,Phineas Breckenridge,DEN,DT,Front Seven,35,78,312,24,0,COL0181,Mount Verity Institute,2026,7,25,217,DRAFTED,1,CAMP_BODY,SUSPENDED,7,CAMP,57,63,GENERATED
DEN_DT_08,Uriah Devereaux,DEN,DT,Front Seven,8,76,290,23,1,COL0242,Talbot A&M,2025,,,,UNDRAFTED,0,CAMP_BODY,NONE,8,CAMP,62,68,GENERATED
DEN_LB_01,Saxon Quarterman,DEN,LB,Front Seven,88,75,250,34,12,COL0243,Talbot College,2014,2,19,51,DRAFTED,0,ACTIVE,NONE,1,STARTER,77,77,GENERATED
DEN_LB_02,Wilkes Ugwoegbu,DEN,LB,Front Seven,65,73,248,25,3,COL0021,Ashfield State Tech,2023,2,13,45,DRAFTED,0,ACTIVE,NONE,2,STARTER,73,74,GENERATED
DEN_LB_03,Ace Hobbs,DEN,LB,Front Seven,11,75,244,25,4,COL0108,Quarry Hill Tech,2022,4,26,122,DRAFTED,0,ACTIVE,NONE,3,ROTATIONAL,71,71,GENERATED
DEN_LB_04,Stanton Kowalski,DEN,LB,Front Seven,63,75,233,28,6,COL0030,Stonewell University,2020,1,11,11,DRAFTED,0,ACTIVE,NFI,4,ROTATIONAL,80,82,GENERATED
DEN_LB_05,Esteban Uche,DEN,LB,Front Seven,62,71,236,25,4,COL0245,Talbot State Tech,2022,,,,UNDRAFTED,0,ACTIVE,NONE,5,ROTATIONAL,66,70,GENERATED
DEN_LB_06,Landry Tartt,DEN,LB,Front Seven,74,74,228,23,0,COL0147,Whitepine State Tech,2026,,,,UNDRAFTED,1,PRACTICE_SQUAD_CANDIDATE,NONE,6,DEPTH,65,69,GENERATED
DEN_LB_07,Hakeem Ridgeway,DEN,LB,Front Seven,81,73,238,23,0,COL0156,Granite Bay University,2026,6,2,162,DRAFTED,1,CAMP_BODY,NONE,7,CAMP,52,56,GENERATED
DEN_LB_08,Ollie Bledsoe,DEN,LB,Front Seven,39,72,232,27,4,COL0259,Bramblewood State Tech,2022,7,23,215,DRAFTED,0,CAMP_BODY,NONE,8,CAMP,57,62,GENERATED
DEN_CB_01,Ryland Verrett,DEN,CB,Secondary,13,69,198,28,6,COL0107,Quarry Hill University,2020,1,17,17,DRAFTED,0,ACTIVE,NONE,1,STARTER,93,93,GENERATED
DEN_CB_02,Ansel Gostkowski,DEN,CB,Secondary,98,73,197,26,4,COL0006,Calderwood Institute,2022,1,21,21,DRAFTED,0,ACTIVE,NONE,2,STARTER,90,92,GENERATED
DEN_CB_03,Kasimir Milfort,DEN,CB,Secondary,51,71,190,25,3,COL0085,Westmoor State,2023,3,10,74,DRAFTED,0,ACTIVE,NONE,3,STARTER,81,86,GENERATED
DEN_CB_04,Chidi Sweatman,DEN,CB,Secondary,75,72,179,24,0,COL0196,Pinehurst Valley State Tech,2026,,,,UNDRAFTED,1,ACTIVE,NONE,4,ROTATIONAL,68,73,GENERATED
DEN_CB_05,Osmond Nangle,DEN,CB,Secondary,9,67,197,24,1,COL0007,Calderwood State Tech,2025,4,26,122,DRAFTED,0,ACTIVE,NONE,5,ROTATIONAL,61,62,GENERATED
DEN_CB_06,Sergio Labriola,DEN,CB,Secondary,99,70,202,27,3,COL0220,Foxcroft Tech,2023,7,28,220,DRAFTED,0,ACTIVE,DAY_TO_DAY,6,ROTATIONAL,63,63,GENERATED
DEN_CB_07,Orion Diallo,DEN,CB,Secondary,85,71,185,29,5,COL0011,Fort Grayson A&M,2021,5,32,160,DRAFTED,0,PRACTICE_SQUAD_CANDIDATE,NONE,7,DEPTH,66,68,GENERATED
DEN_CB_08,Ulises Valdejuli,DEN,CB,Secondary,21,73,192,23,1,COL0048,Northcrest Institute,2025,,,,UNDRAFTED,0,PRACTICE_SQUAD_CANDIDATE,NONE,8,DEPTH,69,75,GENERATED
DEN_CB_09,Laurent Alderman,DEN,CB,Secondary,17,72,204,24,3,COL0148,Cedar Falls State,2023,5,26,154,DRAFTED,0,CAMP_BODY,NONE,9,CAMP,63,69,GENERATED
DEN_CB_10,Horace Holbrook,DEN,CB,Secondary,58,71,201,24,2,COL0180,Mount Verity College,2024,,,,UNDRAFTED,0,CAMP_BODY,NONE,10,CAMP,51,52,GENERATED
DEN_CB_11,Terrance Montgomery,DEN,CB,Secondary,68,67,184,22,1,COL0240,Talbot University,2025,7,26,218,DRAFTED,0,CAMP_BODY,NONE,11,CAMP,60,73,GENERATED
DEN_S_01,Osmond Saffold,DEN,S,Secondary,80,73,210,37,15,COL0168,Sablewood State Tech,2011,2,5,37,DRAFTED,0,ACTIVE,NONE,1,STARTER,89,89,GENERATED
DEN_S_02,Darian Peebles,DEN,S,Secondary,44,73,225,29,7,COL0252,Winslow State Tech,2019,2,8,40,DRAFTED,0,ACTIVE,IR,2,STARTER,79,84,GENERATED
DEN_S_03,Aubrey Sherfield,DEN,S,Secondary,31,73,208,25,2,COL0098,Bellhaven State Tech,2024,5,9,137,DRAFTED,0,ACTIVE,NONE,3,ROTATIONAL,66,73,GENERATED
DEN_S_04,Arch Fraley,DEN,S,Secondary,29,72,185,25,1,COL0194,Pinehurst Valley College,2025,,,,UNDRAFTED,0,ACTIVE,NONE,4,ROTATIONAL,63,65,GENERATED
DEN_S_05,Bandon Herrera,DEN,S,Secondary,64,73,208,24,1,COL0024,Marbury Tech,2025,6,26,186,DRAFTED,0,PRACTICE_SQUAD_CANDIDATE,NONE,5,DEPTH,63,71,GENERATED
DEN_S_06,Dillon Vickers,DEN,S,Secondary,70,72,207,24,1,COL0181,Mount Verity Institute,2025,5,13,141,DRAFTED,0,CAMP_BODY,NONE,6,CAMP,58,64,GENERATED
DEN_S_07,Winston Comeaux,DEN,S,Secondary,78,70,197,21,0,COL0240,Talbot University,2026,,,,UNDRAFTED,1,CAMP_BODY,NONE,7,CAMP,56,58,GENERATED
DEN_K_01,Briggs Pinnock,DEN,K,Specialist,10,70,201,22,1,COL0060,Havenport A&M,2025,5,19,147,DRAFTED,0,ACTIVE,NONE,1,STARTER,78,82,GENERATED
DEN_K_02,Lowell Parham,DEN,K,Specialist,57,73,182,24,1,COL0080,Iron Gate Tech,2025,6,4,164,DRAFTED,0,PRACTICE_SQUAD_CANDIDATE,NONE,2,DEPTH,74,77,GENERATED
DEN_P_01,Yosef Shackleford,DEN,P,Specialist,82,73,203,26,2,COL0248,Winslow Tech,2024,1,17,17,DRAFTED,0,ACTIVE,NONE,1,STARTER,81,82,GENERATED
DEN_P_02,Bronson Pettaway,DEN,P,Specialist,49,73,223,23,1,COL0219,Foxcroft University,2025,,,,UNDRAFTED,0,PRACTICE_SQUAD_CANDIDATE,NONE,2,DEPTH,72,72,GENERATED
DEN_LS_01,Wade Kincaid,DEN,LS,Specialist,56,75,231,34,10,COL0004,Calderwood A&M,2016,2,23,55,DRAFTED,0,ACTIVE,NONE,1,STARTER,76,76,GENERATED
KC_QB_01,Axel Horvath,KC,QB,Quarterback,14,74,222,24,1,COL0038,Kelvinridge Tech,2025,1,31,31,DRAFTED,0,ACTIVE,NONE,1,STARTER,87,87,GENERATED
KC_QB_02,Kelvin Quinones,KC,QB,Quarterback,9,76,238,33,12,COL0140,Larkspur State Tech,2014,3,27,91,DRAFTED,0,ACTIVE,NONE,2,ROTATIONAL,78,85,GENERATED
KC_QB_03,Dexter Osweiler,KC,QB,Quarterback,51,72,223,23,0,COL0192,Pinehurst Valley Tech,2026,3,27,91,DRAFTED,1,PRACTICE_SQUAD_CANDIDATE,NONE,3,DEPTH,64,72,GENERATED
KC_QB_04,Jamir Kelleher,KC,QB,Quarterback,8,76,232,21,0,COL0240,Talbot University,2026,,,,UNDRAFTED,1,CAMP_BODY,NONE,4,CAMP,52,57,GENERATED
KC_RB_01,Hugo Thorogood,KC,RB,Backfield,44,68,203,23,0,COL0061,Havenport College,2026,3,4,68,DRAFTED,1,ACTIVE,NONE,1,STARTER,79,84,GENERATED
KC_RB_02,Sidney Horvath,KC,RB,Backfield,19,66,212,29,6,COL0180,Mount Verity College,2020,3,4,68,DRAFTED,0,ACTIVE,NONE,2,ROTATIONAL,78,79,GENERATED
KC_RB_03,Kelvin Rolle,KC,RB,Backfield,96,69,215,23,1,COL0163,Sablewood University,2025,,,,UNDRAFTED,0,ACTIVE,NONE,3,ROTATIONAL,78,83,GENERATED
KC_RB_04,Harvey Gathers,KC,RB,Backfield,83,70,198,24,3,COL0203,Copper Creek State Tech,2023,,,,UNDRAFTED,0,PRACTICE_SQUAD_CANDIDATE,NONE,4,DEPTH,68,69,GENERATED
KC_RB_05,Thurman Bolduc,KC,RB,Backfield,48,69,227,21,0,COL0240,Talbot University,2026,,,,UNDRAFTED,1,CAMP_BODY,NONE,5,CAMP,57,66,GENERATED
KC_FB_01,Duke Trufant,KC,FB,Backfield,63,69,247,24,2,COL0259,Bramblewood State Tech,2024,1,14,14,DRAFTED,0,ACTIVE,NONE,1,STARTER,80,86,GENERATED
KC_WR_01,Tyrell Creswell,KC,WR,Receiver,60,68,177,22,1,COL0092,Bellhaven State,2025,1,15,15,DRAFTED,0,ACTIVE,NONE,1,STARTER,80,88,GENERATED
KC_WR_02,Barrett Boateng,KC,WR,Receiver,32,71,208,24,3,COL0237,Clearwater Ridge Institute,2023,5,13,141,DRAFTED,0,ACTIVE,NONE,2,STARTER,76,79,GENERATED
KC_WR_03,Wallace Musgrave,KC,WR,Receiver,24,69,193,25,2,COL0087,Westmoor Tech,2024,1,10,10,DRAFTED,0,ACTIVE,NONE,3,STARTER,90,93,GENERATED
KC_WR_04,Ezra Thibodeaux,KC,WR,Receiver,85,71,182,24,1,COL0061,Havenport College,2025,3,23,87,DRAFTED,0,ACTIVE,DAY_TO_DAY,4,ROTATIONAL,70,79,GENERATED
KC_WR_05,Wallace Lowery,KC,WR,Receiver,12,70,175,32,9,COL0012,Fort Grayson College,2017,2,30,62,DRAFTED,0,ACTIVE,NONE,5,ROTATIONAL,73,82,GENERATED
KC_WR_06,Ike Gwaltney,KC,WR,Receiver,41,72,200,26,2,COL0224,Foxcroft State Tech,2024,,,,UNDRAFTED,0,ACTIVE,NONE,6,ROTATIONAL,69,69,GENERATED
KC_WR_07,Halsey Tegeler,KC,WR,Receiver,6,70,179,26,4,COL0217,Ravensburg State Tech,2022,,,,UNDRAFTED,0,PRACTICE_SQUAD_CANDIDATE,NONE,7,DEPTH,68,74,GENERATED
KC_WR_08,Jalen Bordelon,KC,WR,Receiver,65,72,220,21,0,COL0031,Stonewell Tech,2026,,,,UNDRAFTED,1,PRACTICE_SQUAD_CANDIDATE,NONE,8,DEPTH,67,73,GENERATED
KC_WR_09,Alaric Philbeck,KC,WR,Receiver,81,74,208,24,0,COL0002,Calderwood University,2026,,,,UNDRAFTED,1,CAMP_BODY,NONE,9,CAMP,65,73,GENERATED
KC_WR_10,Emmett Fanning,KC,WR,Receiver,64,72,190,22,0,COL0124,Falcon Ridge College,2026,7,5,197,DRAFTED,1,CAMP_BODY,NONE,10,CAMP,59,64,GENERATED
KC_WR_11,Adair Creswell,KC,WR,Receiver,84,75,198,24,1,COL0099,Thornfield State,2025,5,27,155,DRAFTED,0,CAMP_BODY,DAY_TO_DAY,11,CAMP,57,57,GENERATED
KC_TE_01,Marcell Arnett,KC,TE,Receiver,68,76,250,24,3,COL0149,Cedar Falls University,2023,1,28,28,DRAFTED,0,ACTIVE,NONE,1,STARTER,86,92,GENERATED
KC_TE_02,Wallace Sunderland,KC,TE,Receiver,79,78,238,24,2,COL0075,Cypress Hollow College,2024,4,25,121,DRAFTED,0,ACTIVE,NONE,2,ROTATIONAL,76,83,GENERATED
KC_TE_03,Zachariah Ironside,KC,TE,Receiver,58,75,248,24,0,COL0239,Talbot State,2026,5,28,156,DRAFTED,1,ACTIVE,NONE,3,ROTATIONAL,66,73,GENERATED
KC_TE_04,Wesley Cahill,KC,TE,Receiver,98,77,246,24,1,COL0018,Ashfield A&M,2025,,,,UNDRAFTED,0,PRACTICE_SQUAD_CANDIDATE,NONE,4,DEPTH,71,73,GENERATED
KC_TE_05,Seamus Kalapana,KC,TE,Receiver,5,78,244,21,0,COL0061,Havenport College,2026,,,,UNDRAFTED,1,CAMP_BODY,NONE,5,CAMP,56,65,GENERATED
KC_TE_06,Quincy Schofield,KC,TE,Receiver,20,73,251,26,4,COL0183,Sunderland State,2022,,,,UNDRAFTED,0,CAMP_BODY,NONE,6,CAMP,51,58,GENERATED
KC_OT_01,Abram Sullivan,KC,OT,O-Line,95,78,306,30,7,COL0128,Emberton University,2019,1,3,3,DRAFTED,0,ACTIVE,NONE,1,STARTER,83,88,GENERATED
KC_OT_02,Briggs Shepley,KC,OT,O-Line,15,78,309,32,9,COL0092,Bellhaven State,2017,3,27,91,DRAFTED,0,ACTIVE,NONE,2,STARTER,77,82,GENERATED
KC_OT_03,Buck Judkins,KC,OT,O-Line,53,78,296,29,6,COL0224,Foxcroft State Tech,2020,5,5,133,DRAFTED,0,ACTIVE,NONE,3,ROTATIONAL,65,65,GENERATED
KC_OT_04,Forrest Chidozie,KC,OT,O-Line,89,76,310,25,3,COL0139,Larkspur Institute,2023,,,,UNDRAFTED,0,ACTIVE,NONE,4,ROTATIONAL,68,74,GENERATED
KC_OT_05,Gideon Haywood,KC,OT,O-Line,54,80,309,27,4,COL0063,Havenport State Tech,2022,6,16,176,DRAFTED,0,PRACTICE_SQUAD_CANDIDATE,NONE,5,DEPTH,73,77,GENERATED
KC_OT_06,Davion Rathman,KC,OT,O-Line,27,76,316,22,0,COL0001,Calderwood State,2026,,,,UNDRAFTED,1,CAMP_BODY,NONE,6,CAMP,50,53,GENERATED
KC_OG_01,Kelvin Sweatman,KC,OG,O-Line,3,75,333,30,7,COL0107,Quarry Hill University,2019,1,8,8,DRAFTED,0,ACTIVE,NONE,1,STARTER,82,82,GENERATED
KC_OG_02,Randall Siemian,KC,OG,O-Line,78,77,323,23,1,COL0099,Thornfield State,2025,1,17,17,DRAFTED,0,ACTIVE,NONE,2,STARTER,78,83,GENERATED
KC_OG_03,Briggs Brody,KC,OG,O-Line,56,75,311,26,3,COL0242,Talbot A&M,2023,5,13,141,DRAFTED,0,ACTIVE,NONE,3,ROTATIONAL,71,71,GENERATED
KC_OG_04,Theo Castellan,KC,OG,O-Line,42,74,299,23,2,COL0012,Fort Grayson College,2024,6,22,182,DRAFTED,0,ACTIVE,NONE,4,ROTATIONAL,66,74,GENERATED
KC_OG_05,Damon Santoro,KC,OG,O-Line,57,75,321,25,2,COL0044,Northcrest University,2024,,,,UNDRAFTED,0,PRACTICE_SQUAD_CANDIDATE,NONE,5,DEPTH,59,63,GENERATED
KC_OG_06,Lawson Glenn,KC,OG,O-Line,97,76,304,23,1,COL0061,Havenport College,2025,5,27,155,DRAFTED,0,CAMP_BODY,NONE,6,CAMP,66,69,GENERATED
KC_C_01,Lamont Joplin,KC,C,O-Line,17,75,302,23,2,COL0195,Pinehurst Valley Institute,2024,2,28,60,DRAFTED,0,ACTIVE,NONE,1,STARTER,75,84,GENERATED
KC_C_02,Denzel Withersby,KC,C,O-Line,10,75,299,21,0,COL0124,Falcon Ridge College,2026,2,30,62,DRAFTED,1,ACTIVE,NONE,2,ROTATIONAL,69,77,GENERATED
KC_C_03,Quill Danforth,KC,C,O-Line,4,77,304,25,1,COL0116,Kingsbridge A&M,2025,7,5,197,DRAFTED,0,PRACTICE_SQUAD_CANDIDATE,DAY_TO_DAY,3,DEPTH,74,82,GENERATED
KC_EDGE_01,Elian Sanborn,KC,EDGE,Front Seven,43,76,240,27,4,COL0162,Sablewood State,2022,1,29,29,DRAFTED,0,ACTIVE,NONE,1,STARTER,88,88,GENERATED
KC_EDGE_02,Joaquin Dubois,KC,EDGE,Front Seven,22,74,257,30,7,COL0128,Emberton University,2019,3,22,86,DRAFTED,0,ACTIVE,NONE,2,STARTER,84,87,GENERATED
KC_EDGE_03,Phineas Wortham,KC,EDGE,Front Seven,29,76,274,29,8,COL0048,Northcrest Institute,2018,6,22,182,DRAFTED,0,ACTIVE,NONE,3,ROTATIONAL,73,73,GENERATED
KC_EDGE_04,Kalen Stepnoski,KC,EDGE,Front Seven,72,76,273,24,2,COL0194,Pinehurst Valley College,2024,5,31,159,DRAFTED,0,ACTIVE,NONE,4,ROTATIONAL,74,84,GENERATED
KC_EDGE_05,Yardley Howze,KC,EDGE,Front Seven,31,75,269,24,3,COL0007,Calderwood State Tech,2023,5,32,160,DRAFTED,0,ACTIVE,DAY_TO_DAY,5,ROTATIONAL,70,78,GENERATED
KC_EDGE_06,Xander Woodhead,KC,EDGE,Front Seven,21,75,269,28,5,COL0040,Kelvinridge College,2021,,,,UNDRAFTED,0,PRACTICE_SQUAD_CANDIDATE,NONE,6,DEPTH,60,60,GENERATED
KC_EDGE_07,Otis Holliday,KC,EDGE,Front Seven,50,76,248,25,2,COL0108,Quarry Hill Tech,2024,5,1,129,DRAFTED,0,PRACTICE_SQUAD_CANDIDATE,NONE,7,DEPTH,62,67,GENERATED
KC_EDGE_08,Jarrett Casillas,KC,EDGE,Front Seven,71,78,245,28,4,COL0091,Westmoor State Tech,2022,7,12,204,DRAFTED,0,CAMP_BODY,NONE,8,CAMP,57,58,GENERATED
KC_EDGE_09,Samir Sabbagh,KC,EDGE,Front Seven,92,75,264,24,0,COL0224,Foxcroft State Tech,2026,6,8,168,DRAFTED,1,CAMP_BODY,NONE,9,CAMP,56,62,GENERATED
KC_DT_01,Jaxton Comeaux,KC,DT,Front Seven,40,76,306,32,9,COL0063,Havenport State Tech,2017,2,31,63,DRAFTED,0,ACTIVE,NONE,1,STARTER,87,91,GENERATED
KC_DT_02,Merle Brinkley,KC,DT,Front Seven,35,73,306,29,6,COL0170,Harrowgate University,2020,1,25,25,DRAFTED,0,ACTIVE,NONE,2,STARTER,90,94,GENERATED
KC_DT_03,Rowan Rathman,KC,DT,Front Seven,23,78,294,26,3,COL0122,Falcon Ridge Tech,2023,2,1,33,DRAFTED,0,ACTIVE,NONE,3,ROTATIONAL,80,83,GENERATED
KC_DT_04,Antoine Warrick,KC,DT,Front Seven,45,74,305,26,4,COL0127,Emberton State,2022,2,16,48,DRAFTED,0,ACTIVE,NONE,4,ROTATIONAL,71,71,GENERATED
KC_DT_05,Augustus Carlisle,KC,DT,Front Seven,2,74,277,25,1,COL0171,Harrowgate Tech,2025,3,3,67,DRAFTED,0,ACTIVE,NONE,5,ROTATIONAL,69,69,GENERATED
KC_DT_06,Yosef Coulombe,KC,DT,Front Seven,75,73,305,23,0,COL0011,Fort Grayson A&M,2026,,,,UNDRAFTED,1,PRACTICE_SQUAD_CANDIDATE,NONE,6,DEPTH,63,66,GENERATED
KC_DT_07,Vito Nailor,KC,DT,Front Seven,82,76,319,22,0,COL0111,Quarry Hill Institute,2026,,,,UNDRAFTED,1,CAMP_BODY,NONE,7,CAMP,52,57,GENERATED
KC_DT_08,Riordan Wetherall,KC,DT,Front Seven,36,75,287,21,0,COL0080,Iron Gate Tech,2026,7,2,194,DRAFTED,1,CAMP_BODY,NONE,8,CAMP,52,57,GENERATED
KC_LB_01,Ohan Neasman,KC,LB,Front Seven,86,74,237,25,3,COL0246,Winslow State,2023,1,25,25,DRAFTED,0,ACTIVE,NONE,1,STARTER,77,79,GENERATED
KC_LB_02,Luca Ballinger,KC,LB,Front Seven,39,73,243,28,4,COL0124,Falcon Ridge College,2022,1,5,5,DRAFTED,0,ACTIVE,NONE,2,STARTER,81,86,GENERATED
KC_LB_03,Shea Sullivan,KC,LB,Front Seven,62,73,242,30,8,COL0040,Kelvinridge College,2018,4,10,106,DRAFTED,0,ACTIVE,NONE,3,ROTATIONAL,74,74,GENERATED
KC_LB_04,Deion Casillas,KC,LB,Front Seven,61,74,248,26,3,COL0030,Stonewell University,2023,6,32,192,DRAFTED,0,ACTIVE,NONE,4,ROTATIONAL,68,73,GENERATED
KC_LB_05,Quincy Fraley,KC,LB,Front Seven,37,74,223,28,5,COL0144,Whitepine A&M,2021,1,4,4,DRAFTED,0,ACTIVE,NONE,5,ROTATIONAL,74,74,GENERATED
KC_LB_06,Nathanial Milfort,KC,LB,Front Seven,38,77,242,22,0,COL0231,Dunmore State Tech,2026,,,,UNDRAFTED,1,PRACTICE_SQUAD_CANDIDATE,NONE,6,DEPTH,62,66,GENERATED
KC_LB_07,Levi Fennell,KC,LB,Front Seven,30,71,212,23,0,COL0036,Kelvinridge State,2026,5,6,134,DRAFTED,1,CAMP_BODY,NONE,7,CAMP,63,68,GENERATED
KC_LB_08,Riordan Stanback,KC,LB,Front Seven,91,74,238,24,0,COL0051,Redbluff University,2026,,,,UNDRAFTED,1,CAMP_BODY,NONE,8,CAMP,54,63,GENERATED
KC_CB_01,Augustus Wisniewski,KC,CB,Secondary,90,72,196,36,13,COL0028,Marbury State Tech,2013,3,11,75,DRAFTED,0,ACTIVE,NONE,1,STARTER,80,83,GENERATED
KC_CB_02,Wolfgang Bascomb,KC,CB,Secondary,55,69,213,27,6,COL0158,Granite Bay A&M,2020,1,30,30,DRAFTED,0,ACTIVE,NONE,2,STARTER,97,99,GENERATED
KC_CB_03,Chevy Nailor,KC,CB,Secondary,33,74,189,27,4,COL0075,Cypress Hollow College,2022,1,12,12,DRAFTED,0,ACTIVE,NONE,3,STARTER,92,92,GENERATED
KC_CB_04,Buck Tuanigamanuolepola,KC,CB,Secondary,25,71,177,33,9,COL0111,Quarry Hill Institute,2017,,,,UNDRAFTED,0,ACTIVE,NONE,4,ROTATIONAL,75,75,GENERATED
KC_CB_05,Luka Sendejo,KC,CB,Secondary,16,69,190,28,4,COL0036,Kelvinridge State,2022,2,17,49,DRAFTED,0,ACTIVE,NONE,5,ROTATIONAL,75,79,GENERATED
KC_CB_06,Zamir Mullaney,KC,CB,Secondary,76,70,194,28,4,COL0164,Sablewood Tech,2022,2,6,38,DRAFTED,0,ACTIVE,NONE,6,ROTATIONAL,74,77,GENERATED
KC_CB_07,Kelvin Desormeaux,KC,CB,Secondary,70,71,183,28,4,COL0142,Whitepine University,2022,,,,UNDRAFTED,0,PRACTICE_SQUAD_CANDIDATE,NONE,7,DEPTH,58,61,GENERATED
KC_CB_08,Soloman Eckhardt,KC,CB,Secondary,87,70,189,23,1,COL0061,Havenport College,2025,5,15,143,DRAFTED,0,PRACTICE_SQUAD_CANDIDATE,NONE,8,DEPTH,67,70,GENERATED
KC_CB_09,Khalil Howze,KC,CB,Secondary,18,69,210,23,1,COL0218,Foxcroft State,2025,5,1,129,DRAFTED,0,CAMP_BODY,NONE,9,CAMP,55,61,GENERATED
KC_CB_10,Fritz Schreiber,KC,CB,Secondary,93,70,193,23,0,COL0062,Havenport Institute,2026,,,,UNDRAFTED,1,CAMP_BODY,NONE,10,CAMP,57,58,GENERATED
KC_CB_11,Killian Belanger,KC,CB,Secondary,46,74,184,23,1,COL0027,Marbury Institute,2025,,,,UNDRAFTED,0,CAMP_BODY,NONE,11,CAMP,53,60,GENERATED
KC_S_01,Anders Randle,KC,S,Secondary,28,72,206,25,2,COL0135,Larkspur University,2024,1,6,6,DRAFTED,0,ACTIVE,NONE,1,STARTER,87,96,GENERATED
KC_S_02,Arlen Bracken,KC,S,Secondary,77,71,198,24,2,COL0168,Sablewood State Tech,2024,2,2,34,DRAFTED,0,ACTIVE,NONE,2,STARTER,78,79,GENERATED
KC_S_03,Malcolm Burnell,KC,S,Secondary,99,71,211,28,5,COL0047,Northcrest College,2021,7,6,198,DRAFTED,0,ACTIVE,NONE,3,ROTATIONAL,67,68,GENERATED
KC_S_04,Holden Pflueger,KC,S,Secondary,73,70,201,27,4,COL0012,Fort Grayson College,2022,5,2,130,DRAFTED,0,ACTIVE,NONE,4,ROTATIONAL,70,72,GENERATED
KC_S_05,Yosef Vinovich,KC,S,Secondary,80,70,218,24,1,COL0144,Whitepine A&M,2025,,,,UNDRAFTED,0,PRACTICE_SQUAD_CANDIDATE,NONE,5,DEPTH,69,70,GENERATED
KC_S_06,Griffin Leavitt,KC,S,Secondary,49,72,220,25,2,COL0196,Pinehurst Valley State Tech,2024,6,3,163,DRAFTED,0,CAMP_BODY,NONE,6,CAMP,60,63,GENERATED
KC_S_07,Kason Crockett,KC,S,Secondary,88,74,199,24,1,COL0020,Ashfield Institute,2025,6,3,163,DRAFTED,0,CAMP_BODY,NONE,7,CAMP,54,56,GENERATED
KC_K_01,Draven Verrett,KC,K,Specialist,52,73,212,25,3,COL0029,Stonewell State,2023,1,12,12,DRAFTED,0,ACTIVE,DAY_TO_DAY,1,STARTER,87,90,GENERATED
KC_K_02,Roscoe Mortenson,KC,K,Specialist,59,73,188,28,4,COL0012,Fort Grayson College,2022,4,6,102,DRAFTED,0,PRACTICE_SQUAD_CANDIDATE,NONE,2,DEPTH,67,67,GENERATED
KC_P_01,Abram Stanfield,KC,P,Specialist,66,72,197,27,5,COL0114,Kingsbridge University,2021,3,3,67,DRAFTED,0,ACTIVE,NONE,1,STARTER,75,77,GENERATED
KC_P_02,Yardley Ruggiero,KC,P,Specialist,94,73,196,23,1,COL0124,Falcon Ridge College,2025,5,18,146,DRAFTED,0,PRACTICE_SQUAD_CANDIDATE,NONE,2,DEPTH,65,70,GENERATED
KC_LS_01,Alonzo Aguilar,KC,LS,Specialist,13,71,210,26,5,COL0252,Winslow State Tech,2021,1,24,24,DRAFTED,0,ACTIVE,DAY_TO_DAY,1,STARTER,73,78,GENERATED
LV_QB_01,Hamza Urlacher,LV,QB,Quarterback,72,77,243,22,1,COL0235,Clearwater Ridge A&M,2025,1,30,30,DRAFTED,0,ACTIVE,NONE,1,STARTER,86,91,GENERATED
LV_QB_02,Reece Lilliard,LV,QB,Quarterback,29,72,223,26,4,COL0139,Larkspur Institute,2022,,,,UNDRAFTED,0,ACTIVE,NONE,2,ROTATIONAL,68,72,GENERATED
LV_QB_03,Trey Hooker,LV,QB,Quarterback,66,75,225,27,5,COL0001,Calderwood State,2021,,,,UNDRAFTED,0,PRACTICE_SQUAD_CANDIDATE,NONE,3,DEPTH,64,64,GENERATED
LV_QB_04,Joaquin Lemieux,LV,QB,Quarterback,1,75,209,22,1,COL0014,Fort Grayson State Tech,2025,,,,UNDRAFTED,0,CAMP_BODY,DAY_TO_DAY,4,CAMP,52,56,GENERATED
LV_RB_01,Travon Bagwell,LV,RB,Backfield,67,71,209,29,7,COL0001,Calderwood State,2019,1,6,6,DRAFTED,0,ACTIVE,NONE,1,STARTER,77,77,GENERATED
LV_RB_02,Stefano Kaufusi,LV,RB,Backfield,65,72,228,24,1,COL0187,Sunderland College,2025,6,15,175,DRAFTED,0,ACTIVE,NONE,2,ROTATIONAL,70,73,GENERATED
LV_RB_03,Marquise Randle,LV,RB,Backfield,32,70,213,25,1,COL0196,Pinehurst Valley State Tech,2025,3,6,70,DRAFTED,0,ACTIVE,NONE,3,ROTATIONAL,68,73,GENERATED
LV_RB_04,Jamir Woolfolk,LV,RB,Backfield,97,69,231,24,2,COL0181,Mount Verity Institute,2024,1,10,10,DRAFTED,0,PRACTICE_SQUAD_CANDIDATE,NONE,4,DEPTH,67,69,GENERATED
LV_RB_05,Kelvin Lafleur,LV,RB,Backfield,41,69,225,24,0,COL0107,Quarry Hill University,2026,,,,UNDRAFTED,1,CAMP_BODY,NONE,5,CAMP,62,62,GENERATED
LV_FB_01,Lorenzo Lambright,LV,FB,Backfield,81,73,227,27,3,COL0109,Quarry Hill A&M,2023,1,23,23,DRAFTED,0,ACTIVE,NONE,1,STARTER,76,78,GENERATED
LV_WR_01,Xander Granderson,LV,WR,Receiver,70,75,210,27,5,COL0183,Sunderland State,2021,5,7,135,DRAFTED,0,ACTIVE,NONE,1,STARTER,91,95,GENERATED
LV_WR_02,Fletcher Satterfield,LV,WR,Receiver,62,71,189,24,2,COL0219,Foxcroft University,2024,1,10,10,DRAFTED,0,ACTIVE,NONE,2,STARTER,79,89,GENERATED
LV_WR_03,Otis Kanell,LV,WR,Receiver,27,71,195,27,4,COL0061,Havenport College,2022,1,24,24,DRAFTED,0,ACTIVE,NONE,3,STARTER,78,79,GENERATED
LV_WR_04,Ludwig Atwater,LV,WR,Receiver,76,67,197,24,2,COL0205,Lakemont University,2024,,,,UNDRAFTED,0,ACTIVE,NONE,4,ROTATIONAL,68,75,GENERATED
LV_WR_05,Patton Toussaint,LV,WR,Receiver,19,70,184,26,3,COL0196,Pinehurst Valley State Tech,2023,6,13,173,DRAFTED,0,ACTIVE,NONE,5,ROTATIONAL,72,72,GENERATED
LV_WR_06,Hakeem Keeler,LV,WR,Receiver,35,70,186,33,10,COL0205,Lakemont University,2016,6,1,161,DRAFTED,0,ACTIVE,NONE,6,ROTATIONAL,61,63,GENERATED
LV_WR_07,Rowan Yancey,LV,WR,Receiver,64,71,176,24,2,COL0192,Pinehurst Valley Tech,2024,7,13,205,DRAFTED,0,PRACTICE_SQUAD_CANDIDATE,NONE,7,DEPTH,69,76,GENERATED
LV_WR_08,Jethro Zaccheaus,LV,WR,Receiver,23,69,205,23,1,COL0228,Dunmore A&M,2025,7,23,215,DRAFTED,0,PRACTICE_SQUAD_CANDIDATE,NONE,8,DEPTH,67,67,GENERATED
LV_WR_09,Cyrus Kalapana,LV,WR,Receiver,85,67,205,25,1,COL0110,Quarry Hill College,2025,5,9,137,DRAFTED,0,CAMP_BODY,NONE,9,CAMP,58,65,GENERATED
LV_WR_10,Tarrell Crockett,LV,WR,Receiver,88,71,201,23,0,COL0175,Harrowgate State Tech,2026,,,,UNDRAFTED,1,CAMP_BODY,NONE,10,CAMP,59,68,GENERATED
LV_WR_11,Quill Bustamante,LV,WR,Receiver,98,69,205,23,1,COL0204,Lakemont State,2025,,,,UNDRAFTED,0,CAMP_BODY,NONE,11,CAMP,53,58,GENERATED
LV_TE_01,Jaxton Parham,LV,TE,Receiver,95,76,233,27,6,COL0168,Sablewood State Tech,2020,3,10,74,DRAFTED,0,ACTIVE,NONE,1,STARTER,83,83,GENERATED
LV_TE_02,Eli Ledbetter,LV,TE,Receiver,8,76,256,23,2,COL0134,Larkspur State,2024,1,9,9,DRAFTED,0,ACTIVE,NONE,2,ROTATIONAL,74,79,GENERATED
LV_TE_03,Enzo Arceneaux,LV,TE,Receiver,24,77,245,30,8,COL0052,Redbluff Tech,2018,3,5,69,DRAFTED,0,ACTIVE,NONE,3,ROTATIONAL,75,79,GENERATED
LV_TE_04,Holden Stepnoski,LV,TE,Receiver,15,77,250,25,2,COL0145,Whitepine College,2024,,,,UNDRAFTED,0,PRACTICE_SQUAD_CANDIDATE,NONE,4,DEPTH,61,65,GENERATED
LV_TE_05,Cairo Meacham,LV,TE,Receiver,55,77,246,25,3,COL0089,Westmoor College,2023,,,,UNDRAFTED,0,CAMP_BODY,NONE,5,CAMP,52,63,GENERATED
LV_TE_06,Roscoe Fulmer,LV,TE,Receiver,25,79,238,22,0,COL0043,Northcrest State,2026,7,19,211,DRAFTED,1,CAMP_BODY,NONE,6,CAMP,52,62,GENERATED
LV_OT_01,Saxon Harmon,LV,OT,O-Line,43,78,315,23,1,COL0243,Talbot College,2025,3,16,80,DRAFTED,0,ACTIVE,NONE,1,STARTER,81,91,GENERATED
LV_OT_02,Palmer Chatman,LV,OT,O-Line,75,76,307,29,6,COL0014,Fort Grayson State Tech,2020,1,5,5,DRAFTED,0,ACTIVE,NONE,2,STARTER,89,91,GENERATED
LV_OT_03,Beckham Rhodes,LV,OT,O-Line,58,76,309,25,3,COL0073,Cypress Hollow Tech,2023,,,,UNDRAFTED,0,ACTIVE,NONE,3,ROTATIONAL,67,72,GENERATED
LV_OT_04,Warner Hinkley,LV,OT,O-Line,3,77,285,25,2,COL0002,Calderwood University,2024,6,9,169,DRAFTED,0,ACTIVE,DAY_TO_DAY,4,ROTATIONAL,75,76,GENERATED
LV_OT_05,Yannick Ochoa,LV,OT,O-Line,80,78,334,27,6,COL0109,Quarry Hill A&M,2020,6,5,165,DRAFTED,0,PRACTICE_SQUAD_CANDIDATE,NONE,5,DEPTH,65,70,GENERATED
LV_OT_06,Emerson Gostkowski,LV,OT,O-Line,50,79,319,24,1,COL0220,Foxcroft Tech,2025,5,15,143,DRAFTED,0,CAMP_BODY,NONE,6,CAMP,49,58,GENERATED
LV_OG_01,Peyson Metellus,LV,OG,O-Line,82,77,313,25,4,COL0062,Havenport Institute,2022,1,21,21,DRAFTED,0,ACTIVE,NONE,1,STARTER,82,84,GENERATED
LV_OG_02,Wesson Gilliam,LV,OG,O-Line,6,74,315,29,7,COL0011,Fort Grayson A&M,2019,1,16,16,DRAFTED,0,ACTIVE,IR,2,STARTER,79,84,GENERATED
LV_OG_03,Redmond Lanphier,LV,OG,O-Line,61,76,332,22,1,COL0232,Clearwater Ridge State,2025,5,12,140,DRAFTED,0,ACTIVE,DAY_TO_DAY,3,ROTATIONAL,72,81,GENERATED
LV_OG_04,Simeon Tonyan,LV,OG,O-Line,2,73,290,25,4,COL0252,Winslow State Tech,2022,2,4,36,DRAFTED,0,ACTIVE,NONE,4,ROTATIONAL,70,72,GENERATED
LV_OG_05,Flynn Beauchamp,LV,OG,O-Line,34,76,330,23,1,COL0159,Granite Bay College,2025,,,,UNDRAFTED,0,PRACTICE_SQUAD_CANDIDATE,NONE,5,DEPTH,60,68,GENERATED
LV_OG_06,Riordan Waskiewicz,LV,OG,O-Line,28,75,309,23,1,COL0208,Lakemont College,2025,7,24,216,DRAFTED,0,CAMP_BODY,NONE,6,CAMP,51,53,GENERATED
LV_C_01,Clay Hankins,LV,C,O-Line,63,74,300,28,6,COL0050,Redbluff State,2020,1,11,11,DRAFTED,0,ACTIVE,NONE,1,STARTER,84,84,GENERATED
LV_C_02,Lance Meacham,LV,C,O-Line,91,74,299,24,1,COL0047,Northcrest College,2025,,,,UNDRAFTED,0,ACTIVE,NONE,2,ROTATIONAL,77,79,GENERATED
LV_C_03,Rhett Godwin,LV,C,O-Line,45,77,290,23,1,COL0132,Emberton Institute,2025,,,,UNDRAFTED,0,PRACTICE_SQUAD_CANDIDATE,NONE,3,DEPTH,62,69,GENERATED
LV_EDGE_01,Yusuf Arnett,LV,EDGE,Front Seven,94,75,251,25,2,COL0199,Copper Creek Tech,2024,2,28,60,DRAFTED,0,ACTIVE,NONE,1,STARTER,79,80,GENERATED
LV_EDGE_02,Logan Hagerty,LV,EDGE,Front Seven,49,74,251,29,6,COL0155,Granite Bay State,2020,1,14,14,DRAFTED,0,ACTIVE,NONE,2,STARTER,84,88,GENERATED
LV_EDGE_03,Sawyer Langford,LV,EDGE,Front Seven,11,75,264,29,5,COL0163,Sablewood University,2021,6,20,180,DRAFTED,0,ACTIVE,NONE,3,ROTATIONAL,72,79,GENERATED
LV_EDGE_04,Jabari Alcott,LV,EDGE,Front Seven,44,78,256,24,0,COL0220,Foxcroft Tech,2026,5,26,154,DRAFTED,1,ACTIVE,NONE,4,ROTATIONAL,83,88,GENERATED
LV_EDGE_05,Pascal Bedard,LV,EDGE,Front Seven,89,74,281,23,1,COL0239,Talbot State,2025,,,,UNDRAFTED,0,ACTIVE,NONE,5,ROTATIONAL,71,80,GENERATED
LV_EDGE_06,Zico Philbeck,LV,EDGE,Front Seven,46,77,260,24,1,COL0126,Falcon Ridge State Tech,2025,5,18,146,DRAFTED,0,PRACTICE_SQUAD_CANDIDATE,NONE,6,DEPTH,58,64,GENERATED
LV_EDGE_07,Ferris Neasman,LV,EDGE,Front Seven,36,76,279,26,4,COL0033,Stonewell College,2022,,,,UNDRAFTED,0,PRACTICE_SQUAD_CANDIDATE,NONE,7,DEPTH,71,72,GENERATED
LV_EDGE_08,Raylan Finnegan,LV,EDGE,Front Seven,69,76,267,23,1,COL0096,Bellhaven College,2025,7,30,222,DRAFTED,0,CAMP_BODY,NONE,8,CAMP,58,62,GENERATED
LV_EDGE_09,Rashad Whitehurst,LV,EDGE,Front Seven,54,75,279,21,0,COL0071,Cypress Hollow State,2026,5,27,155,DRAFTED,1,CAMP_BODY,DAY_TO_DAY,9,CAMP,52,57,GENERATED
LV_DT_01,Sable Fournette,LV,DT,Front Seven,42,75,298,28,5,COL0084,Iron Gate State Tech,2021,1,6,6,DRAFTED,0,ACTIVE,NONE,1,STARTER,81,84,GENERATED
LV_DT_02,Tavian Rhodes,LV,DT,Front Seven,78,76,287,26,4,COL0172,Harrowgate A&M,2022,3,3,67,DRAFTED,0,ACTIVE,DAY_TO_DAY,2,STARTER,77,82,GENERATED
LV_DT_03,Ford Bledsoe,LV,DT,Front Seven,83,74,358,27,5,COL0020,Ashfield Institute,2021,4,15,111,DRAFTED,0,ACTIVE,NONE,3,ROTATIONAL,75,79,GENERATED
LV_DT_04,Hiram Umenyiora,LV,DT,Front Seven,14,73,316,27,4,COL0086,Westmoor University,2022,5,32,160,DRAFTED,0,ACTIVE,NONE,4,ROTATIONAL,66,70,GENERATED
LV_DT_05,Ladarius Desormeaux,LV,DT,Front Seven,77,74,320,28,5,COL0112,Quarry Hill State Tech,2021,7,14,206,DRAFTED,0,ACTIVE,NONE,5,ROTATIONAL,73,74,GENERATED
LV_DT_06,Winston Cosgrove,LV,DT,Front Seven,7,75,300,25,1,COL0259,Bramblewood State Tech,2025,,,,UNDRAFTED,0,PRACTICE_SQUAD_CANDIDATE,DAY_TO_DAY,6,DEPTH,62,67,GENERATED
LV_DT_07,Damarion Randle,LV,DT,Front Seven,53,76,297,23,1,COL0181,Mount Verity Institute,2025,,,,UNDRAFTED,0,CAMP_BODY,NONE,7,CAMP,48,56,GENERATED
LV_DT_08,Marquise Stallworth,LV,DT,Front Seven,57,75,292,22,0,COL0100,Thornfield University,2026,6,7,167,DRAFTED,1,CAMP_BODY,NONE,8,CAMP,56,67,GENERATED
LV_LB_01,Marcell Girardi,LV,LB,Front Seven,31,74,229,30,7,COL0091,Westmoor State Tech,2019,1,5,5,DRAFTED,0,ACTIVE,NONE,1,STARTER,89,93,GENERATED
LV_LB_02,Granger Peebles,LV,LB,Front Seven,51,73,219,30,6,COL0182,Mount Verity State Tech,2020,2,9,41,DRAFTED,0,ACTIVE,NONE,2,STARTER,79,88,GENERATED
LV_LB_03,Horace Camarillo,LV,LB,Front Seven,68,74,226,30,7,COL0114,Kingsbridge University,2019,3,28,92,DRAFTED,0,ACTIVE,NONE,3,ROTATIONAL,74,78,GENERATED
LV_LB_04,Darian Vaughters,LV,LB,Front Seven,79,74,245,37,15,COL0182,Mount Verity State Tech,2011,3,10,74,DRAFTED,0,ACTIVE,NONE,4,ROTATIONAL,67,69,GENERATED
LV_LB_05,Langston Latimore,LV,LB,Front Seven,33,70,225,25,2,COL0207,Lakemont A&M,2024,4,26,122,DRAFTED,0,ACTIVE,NONE,5,ROTATIONAL,66,74,GENERATED
LV_LB_06,Mason Wattenberg,LV,LB,Front Seven,40,73,237,27,3,COL0001,Calderwood State,2023,,,,UNDRAFTED,0,PRACTICE_SQUAD_CANDIDATE,NONE,6,DEPTH,64,65,GENERATED
LV_LB_07,Herschel Seeley,LV,LB,Front Seven,9,76,224,23,1,COL0192,Pinehurst Valley Tech,2025,5,20,148,DRAFTED,0,CAMP_BODY,NONE,7,CAMP,58,63,GENERATED
LV_LB_08,Wendell Kowalski,LV,LB,Front Seven,96,73,236,26,2,COL0241,Talbot Tech,2024,,,,UNDRAFTED,0,CAMP_BODY,NONE,8,CAMP,59,62,GENERATED
LV_CB_01,Gibson Stenberg,LV,CB,Secondary,16,69,209,27,3,COL0144,Whitepine A&M,2023,3,23,87,DRAFTED,0,ACTIVE,NONE,1,STARTER,82,84,GENERATED
LV_CB_02,Thatcher Girardi,LV,CB,Secondary,99,71,201,33,9,COL0246,Winslow State,2017,1,24,24,DRAFTED,0,ACTIVE,NONE,2,STARTER,81,84,GENERATED
LV_CB_03,Enzo Ugwoegbu,LV,CB,Secondary,92,70,177,23,1,COL0121,Falcon Ridge University,2025,1,10,10,DRAFTED,0,ACTIVE,NONE,3,STARTER,83,88,GENERATED
LV_CB_04,Nikolai Trapasso,LV,CB,Secondary,73,72,184,22,0,COL0241,Talbot Tech,2026,3,12,76,DRAFTED,1,ACTIVE,NFI,4,ROTATIONAL,69,76,GENERATED
LV_CB_05,Nolan Edelman,LV,CB,Secondary,52,71,196,27,3,COL0206,Lakemont Tech,2023,,,,UNDRAFTED,0,ACTIVE,NONE,5,ROTATIONAL,68,74,GENERATED
LV_CB_06,Emory Kanell,LV,CB,Secondary,30,72,195,25,2,COL0072,Cypress Hollow University,2024,3,15,79,DRAFTED,0,ACTIVE,NONE,6,ROTATIONAL,81,82,GENERATED
LV_CB_07,Riordan Hooker,LV,CB,Secondary,20,72,202,22,1,COL0193,Pinehurst Valley A&M,2025,3,6,70,DRAFTED,0,PRACTICE_SQUAD_CANDIDATE,DAY_TO_DAY,7,DEPTH,71,78,GENERATED
LV_CB_08,Mikael Lanphier,LV,CB,Secondary,84,72,205,24,1,COL0242,Talbot A&M,2025,5,2,130,DRAFTED,0,PRACTICE_SQUAD_CANDIDATE,NONE,8,DEPTH,63,63,GENERATED
LV_CB_09,Jelani Jarnigan,LV,CB,Secondary,13,69,185,26,2,COL0252,Winslow State Tech,2024,5,14,142,DRAFTED,0,CAMP_BODY,NONE,9,CAMP,60,66,GENERATED
LV_CB_10,Stefano Zaccheaus,LV,CB,Secondary,5,69,202,24,0,COL0208,Lakemont College,2026,,,,UNDRAFTED,1,CAMP_BODY,NONE,10,CAMP,50,55,GENERATED
LV_CB_11,Tristan Tillotson,LV,CB,Secondary,56,70,198,21,0,COL0100,Thornfield University,2026,,,,UNDRAFTED,1,CAMP_BODY,NONE,11,CAMP,63,78,GENERATED
LV_S_01,Luca Slaughter,LV,S,Secondary,90,71,204,23,0,COL0099,Thornfield State,2026,1,31,31,DRAFTED,1,ACTIVE,NONE,1,STARTER,85,85,GENERATED
LV_S_02,Caleb Vasher,LV,S,Secondary,86,73,231,31,7,COL0067,Silverlake A&M,2019,3,21,85,DRAFTED,0,ACTIVE,NONE,2,STARTER,85,86,GENERATED
LV_S_03,Slade Dunleavy,LV,S,Secondary,47,70,213,26,2,COL0171,Harrowgate Tech,2024,6,15,175,DRAFTED,0,ACTIVE,NONE,3,ROTATIONAL,67,68,GENERATED
LV_S_04,Jaxton Melchior,LV,S,Secondary,74,73,216,28,6,COL0138,Larkspur College,2020,,,,UNDRAFTED,0,ACTIVE,NONE,4,ROTATIONAL,73,73,GENERATED
LV_S_05,Colton Beckwith,LV,S,Secondary,48,72,206,24,1,COL0242,Talbot A&M,2025,,,,UNDRAFTED,0,PRACTICE_SQUAD_CANDIDATE,NONE,5,DEPTH,66,70,GENERATED
LV_S_06,Finnian Iheanacho,LV,S,Secondary,59,70,211,25,2,COL0157,Granite Bay Tech,2024,,,,UNDRAFTED,0,CAMP_BODY,DAY_TO_DAY,6,CAMP,59,63,GENERATED
LV_S_07,Deshaun Landry,LV,S,Secondary,37,73,204,22,0,COL0133,Emberton State Tech,2026,,,,UNDRAFTED,1,CAMP_BODY,DAY_TO_DAY,7,CAMP,58,63,GENERATED
LV_K_01,Milo Fitzhugh,LV,K,Specialist,38,74,195,25,2,COL0020,Ashfield Institute,2024,2,28,60,DRAFTED,0,ACTIVE,NONE,1,STARTER,78,80,GENERATED
LV_K_02,Palmer Rombach,LV,K,Specialist,26,76,201,24,1,COL0085,Westmoor State,2025,,,,UNDRAFTED,0,PRACTICE_SQUAD_CANDIDATE,NONE,2,DEPTH,66,67,GENERATED
LV_P_01,Isaiah Lovelace,LV,P,Specialist,71,74,208,33,11,COL0052,Redbluff Tech,2015,2,26,58,DRAFTED,0,ACTIVE,NONE,1,STARTER,80,85,GENERATED
LV_P_02,Horace Newsome,LV,P,Specialist,87,71,207,24,1,COL0071,Cypress Hollow State,2025,5,24,152,DRAFTED,0,PRACTICE_SQUAD_CANDIDATE,NONE,2,DEPTH,68,68,GENERATED
LV_LS_01,Tomas Grimsley,LV,LS,Specialist,12,74,247,27,4,COL0224,Foxcroft State Tech,2022,1,15,15,DRAFTED,0,ACTIVE,DAY_TO_DAY,1,STARTER,76,83,GENERATED
LAC_QB_01,Nolan Marchand,LAC,QB,Quarterback,28,75,212,27,5,COL0011,Fort Grayson A&M,2021,2,1,33,DRAFTED,0,ACTIVE,NONE,1,STARTER,74,79,GENERATED
LAC_QB_02,Cannon Navarrete,LAC,QB,Quarterback,50,74,187,22,1,COL0145,Whitepine College,2025,6,27,187,DRAFTED,0,ACTIVE,NONE,2,ROTATIONAL,73,74,GENERATED
LAC_QB_03,Emory Freeney,LAC,QB,Quarterback,79,75,237,22,1,COL0017,Ashfield Tech,2025,,,,UNDRAFTED,0,PRACTICE_SQUAD_CANDIDATE,DAY_TO_DAY,3,DEPTH,67,80,GENERATED
LAC_QB_04,Harvey Bradshaw,LAC,QB,Quarterback,11,76,236,21,0,COL0018,Ashfield A&M,2026,,,,UNDRAFTED,1,CAMP_BODY,NONE,4,CAMP,53,60,GENERATED
LAC_RB_01,Gunner Calderón,LAC,RB,Backfield,56,69,206,25,2,COL0158,Granite Bay A&M,2024,1,14,14,DRAFTED,0,ACTIVE,NONE,1,STARTER,74,81,GENERATED
LAC_RB_02,Ridge Casillas,LAC,RB,Backfield,45,72,218,25,1,COL0149,Cedar Falls University,2025,,,,UNDRAFTED,0,ACTIVE,NONE,2,ROTATIONAL,72,78,GENERATED
LAC_RB_03,Fabian Greaves,LAC,RB,Backfield,92,69,197,33,10,COL0058,Havenport University,2016,,,,UNDRAFTED,0,ACTIVE,NONE,3,ROTATIONAL,60,62,GENERATED
LAC_RB_04,Forrest Taliaferro,LAC,RB,Backfield,42,70,200,25,3,COL0218,Foxcroft State,2023,7,4,196,DRAFTED,0,PRACTICE_SQUAD_CANDIDATE,NONE,4,DEPTH,59,62,GENERATED
LAC_RB_05,Yusuf Kaufusi,LAC,RB,Backfield,31,68,223,22,0,COL0028,Marbury State Tech,2026,6,20,180,DRAFTED,1,CAMP_BODY,NONE,5,CAMP,55,60,GENERATED
LAC_FB_01,Kaden Peebles,LAC,FB,Backfield,37,69,250,32,8,COL0080,Iron Gate Tech,2018,5,2,130,DRAFTED,0,ACTIVE,NONE,1,STARTER,67,69,GENERATED
LAC_WR_01,Gerard Panganiban,LAC,WR,Receiver,76,72,205,27,4,COL0033,Stonewell College,2022,2,20,52,DRAFTED,0,ACTIVE,NONE,1,STARTER,88,90,GENERATED
LAC_WR_02,Vince Petitgout,LAC,WR,Receiver,21,72,169,28,7,COL0227,Dunmore Tech,2019,1,24,24,DRAFTED,0,ACTIVE,IR,2,STARTER,85,92,GENERATED
LAC_WR_03,Eli Calloway,LAC,WR,Receiver,47,72,200,26,3,COL0088,Westmoor A&M,2023,2,21,53,DRAFTED,0,ACTIVE,NONE,3,STARTER,71,75,GENERATED
LAC_WR_04,Fitz Ayers,LAC,WR,Receiver,69,73,185,25,4,COL0009,Fort Grayson University,2022,,,,UNDRAFTED,0,ACTIVE,NONE,4,ROTATIONAL,66,67,GENERATED
LAC_WR_05,Lance Lambright,LAC,WR,Receiver,97,72,168,33,9,COL0049,Northcrest State Tech,2017,2,12,44,DRAFTED,0,ACTIVE,DAY_TO_DAY,5,ROTATIONAL,68,68,GENERATED
LAC_WR_06,Auden Klemm,LAC,WR,Receiver,80,72,200,26,3,COL0008,Fort Grayson State,2023,,,,UNDRAFTED,0,ACTIVE,NONE,6,ROTATIONAL,66,74,GENERATED
LAC_WR_07,Jace Langford,LAC,WR,Receiver,20,73,223,23,2,COL0138,Larkspur College,2024,5,3,131,DRAFTED,0,PRACTICE_SQUAD_CANDIDATE,NONE,7,DEPTH,70,78,GENERATED
LAC_WR_08,Winston Dungy,LAC,WR,Receiver,3,70,199,28,6,COL0025,Marbury A&M,2020,,,,UNDRAFTED,0,PRACTICE_SQUAD_CANDIDATE,NONE,8,DEPTH,61,66,GENERATED
LAC_WR_09,Ellis Tuanigamanuolepola,LAC,WR,Receiver,23,72,191,22,0,COL0170,Harrowgate University,2026,5,23,151,DRAFTED,1,CAMP_BODY,NONE,9,CAMP,55,59,GENERATED
LAC_WR_10,Gunnar Kagawa,LAC,WR,Receiver,75,71,184,23,1,COL0205,Lakemont University,2025,,,,UNDRAFTED,0,CAMP_BODY,NONE,10,CAMP,53,60,GENERATED
LAC_WR_11,Cullen Restrepo,LAC,WR,Receiver,71,70,185,23,0,COL0204,Lakemont State,2026,7,30,222,DRAFTED,1,CAMP_BODY,NONE,11,CAMP,52,54,GENERATED
LAC_TE_01,Moses Puglisi,LAC,TE,Receiver,90,77,253,23,1,COL0067,Silverlake A&M,2025,1,6,6,DRAFTED,0,ACTIVE,NONE,1,STARTER,85,90,GENERATED
LAC_TE_02,Basil Shipley,LAC,TE,Receiver,53,76,237,24,0,COL0073,Cypress Hollow Tech,2026,5,23,151,DRAFTED,1,ACTIVE,NONE,2,ROTATIONAL,70,74,GENERATED
LAC_TE_03,Fletcher Oluokun,LAC,TE,Receiver,9,78,262,25,2,COL0030,Stonewell University,2024,6,1,161,DRAFTED,0,ACTIVE,NONE,3,ROTATIONAL,60,61,GENERATED
LAC_TE_04,Winston Pastrana,LAC,TE,Receiver,44,76,262,23,2,COL0209,Lakemont Institute,2024,,,,UNDRAFTED,0,PRACTICE_SQUAD_CANDIDATE,NONE,4,DEPTH,60,61,GENERATED
LAC_TE_05,Leon Bonner,LAC,TE,Receiver,57,76,245,22,0,COL0014,Fort Grayson State Tech,2026,5,10,138,DRAFTED,1,CAMP_BODY,NONE,5,CAMP,62,66,GENERATED
LAC_TE_06,Ivan Diallo,LAC,TE,Receiver,34,77,249,25,3,COL0151,Cedar Falls A&M,2023,,,,UNDRAFTED,0,CAMP_BODY,NONE,6,CAMP,61,72,GENERATED
LAC_OT_01,Cyrus Trevathan,LAC,OT,O-Line,2,76,294,28,5,COL0245,Talbot State Tech,2021,1,15,15,DRAFTED,0,ACTIVE,NONE,1,STARTER,73,73,GENERATED
LAC_OT_02,Arlo Gainer,LAC,OT,O-Line,43,79,312,30,8,COL0041,Kelvinridge Institute,2018,1,6,6,DRAFTED,0,ACTIVE,NONE,2,STARTER,78,78,GENERATED
LAC_OT_03,Samir Goodson,LAC,OT,O-Line,25,80,295,28,4,COL0050,Redbluff State,2022,,,,UNDRAFTED,0,ACTIVE,NONE,3,ROTATIONAL,63,63,GENERATED
LAC_OT_04,Malik Tranquill,LAC,OT,O-Line,98,78,331,32,8,COL0108,Quarry Hill Tech,2018,1,26,26,DRAFTED,0,ACTIVE,NONE,4,ROTATIONAL,78,80,GENERATED
LAC_OT_05,Hank Overstreet,LAC,OT,O-Line,59,75,311,25,2,COL0216,Ravensburg Institute,2024,5,20,148,DRAFTED,0,PRACTICE_SQUAD_CANDIDATE,NONE,5,DEPTH,64,68,GENERATED
LAC_OT_06,Damarion Eldridge,LAC,OT,O-Line,86,78,297,25,2,COL0138,Larkspur College,2024,5,29,157,DRAFTED,0,CAMP_BODY,NONE,6,CAMP,63,68,GENERATED
LAC_OG_01,Lonnie McLendon,LAC,OG,O-Line,96,74,298,26,4,COL0190,Pinehurst Valley State,2022,3,9,73,DRAFTED,0,ACTIVE,NONE,1,STARTER,71,76,GENERATED
LAC_OG_02,Gunnar Skowronek,LAC,OG,O-Line,27,74,314,27,3,COL0019,Ashfield College,2023,1,26,26,DRAFTED,0,ACTIVE,NONE,2,STARTER,84,88,GENERATED
LAC_OG_03,Tillman Zamora,LAC,OG,O-Line,13,75,295,24,3,COL0075,Cypress Hollow College,2023,3,22,86,DRAFTED,0,ACTIVE,DAY_TO_DAY,3,ROTATIONAL,71,77,GENERATED
LAC_OG_04,Enzo Odenigbo,LAC,OG,O-Line,12,75,304,28,4,COL0232,Clearwater Ridge State,2022,6,32,192,DRAFTED,0,ACTIVE,NONE,4,ROTATIONAL,65,68,GENERATED
LAC_OG_05,Onyx Ratliff,LAC,OG,O-Line,74,75,318,22,0,COL0050,Redbluff State,2026,7,15,207,DRAFTED,1,PRACTICE_SQUAD_CANDIDATE,NONE,5,DEPTH,62,68,GENERATED
LAC_OG_06,Fabian Yarborough,LAC,OG,O-Line,38,76,316,23,0,COL0219,Foxcroft University,2026,,,,UNDRAFTED,1,CAMP_BODY,NONE,6,CAMP,65,68,GENERATED
LAC_C_01,Landry Paschall,LAC,C,O-Line,46,77,294,27,3,COL0128,Emberton University,2023,1,27,27,DRAFTED,0,ACTIVE,DAY_TO_DAY,1,STARTER,82,91,GENERATED
LAC_C_02,Vince Littlejohn,LAC,C,O-Line,82,76,307,32,10,COL0073,Cypress Hollow Tech,2016,4,9,105,DRAFTED,0,ACTIVE,NONE,2,ROTATIONAL,65,68,GENERATED
LAC_C_03,Gaspard Sabbagh,LAC,C,O-Line,58,75,319,24,1,COL0124,Falcon Ridge College,2025,3,7,71,DRAFTED,0,PRACTICE_SQUAD_CANDIDATE,NONE,3,DEPTH,67,74,GENERATED
LAC_EDGE_01,Fritz Lanphier,LAC,EDGE,Front Seven,48,76,280,25,2,COL0232,Clearwater Ridge State,2024,1,8,8,DRAFTED,0,ACTIVE,NONE,1,STARTER,76,81,GENERATED
LAC_EDGE_02,Izaiah Dellinger,LAC,EDGE,Front Seven,70,74,270,30,7,COL0224,Foxcroft State Tech,2019,1,3,3,DRAFTED,0,ACTIVE,NONE,2,STARTER,74,74,GENERATED
LAC_EDGE_03,Lars Marinelli,LAC,EDGE,Front Seven,41,76,274,26,4,COL0091,Westmoor State Tech,2022,3,12,76,DRAFTED,0,ACTIVE,NONE,3,ROTATIONAL,72,73,GENERATED
LAC_EDGE_04,Mikael Tyree,LAC,EDGE,Front Seven,93,75,256,33,10,COL0036,Kelvinridge State,2016,3,12,76,DRAFTED,0,ACTIVE,NONE,4,ROTATIONAL,65,65,GENERATED
LAC_EDGE_05,Ulysses McGlinchey,LAC,EDGE,Front Seven,22,73,266,26,2,COL0064,Silverlake State,2024,,,,UNDRAFTED,0,ACTIVE,NONE,5,ROTATIONAL,56,56,GENERATED
LAC_EDGE_06,Keon Tolbert,LAC,EDGE,Front Seven,1,76,275,29,6,COL0086,Westmoor University,2020,6,12,172,DRAFTED,0,PRACTICE_SQUAD_CANDIDATE,NONE,6,DEPTH,57,57,GENERATED
LAC_EDGE_07,Forrest Sweatman,LAC,EDGE,Front Seven,32,74,262,22,0,COL0192,Pinehurst Valley Tech,2026,6,23,183,DRAFTED,1,PRACTICE_SQUAD_CANDIDATE,NONE,7,DEPTH,53,58,GENERATED
LAC_EDGE_08,Zephyr Garrison,LAC,EDGE,Front Seven,66,76,263,23,1,COL0050,Redbluff State,2025,,,,UNDRAFTED,0,CAMP_BODY,NONE,8,CAMP,53,60,GENERATED
LAC_EDGE_09,Devante Petitgout,LAC,EDGE,Front Seven,14,74,253,24,2,COL0026,Marbury College,2024,2,12,44,DRAFTED,0,CAMP_BODY,NONE,9,CAMP,60,65,GENERATED
LAC_DT_01,Patton Middlebrooks,LAC,DT,Front Seven,95,74,281,34,11,COL0134,Larkspur State,2015,3,22,86,DRAFTED,0,ACTIVE,NONE,1,STARTER,74,74,GENERATED
LAC_DT_02,Hudson Kilgore,LAC,DT,Front Seven,24,74,271,26,3,COL0031,Stonewell Tech,2023,1,19,19,DRAFTED,0,ACTIVE,NONE,2,STARTER,78,83,GENERATED
LAC_DT_03,Kalen Cavanaugh,LAC,DT,Front Seven,81,76,297,27,4,COL0131,Emberton College,2022,,,,UNDRAFTED,0,ACTIVE,NONE,3,ROTATIONAL,69,80,GENERATED
LAC_DT_04,Bram Lemieux,LAC,DT,Front Seven,15,76,282,26,4,COL0088,Westmoor A&M,2022,,,,UNDRAFTED,0,ACTIVE,NONE,4,ROTATIONAL,63,68,GENERATED
LAC_DT_05,Xander Mathurin,LAC,DT,Front Seven,29,74,308,26,2,COL0254,Bramblewood University,2024,5,5,133,DRAFTED,0,ACTIVE,NONE,5,ROTATIONAL,69,77,GENERATED
LAC_DT_06,Gage Kemper,LAC,DT,Front Seven,35,75,311,22,0,COL0140,Larkspur State Tech,2026,6,11,171,DRAFTED,1,PRACTICE_SQUAD_CANDIDATE,NONE,6,DEPTH,69,73,GENERATED
LAC_DT_07,Alonzo Hubbard,LAC,DT,Front Seven,77,75,286,23,1,COL0185,Sunderland Tech,2025,,,,UNDRAFTED,0,CAMP_BODY,NONE,7,CAMP,51,60,GENERATED
LAC_DT_08,Mordecai Harkness,LAC,DT,Front Seven,64,72,292,22,0,COL0030,Stonewell University,2026,6,27,187,DRAFTED,1,CAMP_BODY,NONE,8,CAMP,60,60,GENERATED
LAC_LB_01,Carlisle Sagapolutele,LAC,LB,Front Seven,26,73,226,26,2,COL0217,Ravensburg State Tech,2024,2,30,62,DRAFTED,0,ACTIVE,NONE,1,STARTER,78,78,GENERATED
LAC_LB_02,Niles Hockenson,LAC,LB,Front Seven,19,74,246,23,1,COL0162,Sablewood State,2025,1,14,14,DRAFTED,0,ACTIVE,NONE,2,STARTER,80,82,GENERATED
LAC_LB_03,Vance Ferrante,LAC,LB,Front Seven,39,74,238,23,1,COL0047,Northcrest College,2025,5,21,149,DRAFTED,0,ACTIVE,NONE,3,ROTATIONAL,65,72,GENERATED
LAC_LB_04,Hampton Smallwood,LAC,LB,Front Seven,8,74,243,27,4,COL0116,Kingsbridge A&M,2022,3,29,93,DRAFTED,0,ACTIVE,NONE,4,ROTATIONAL,72,78,GENERATED
LAC_LB_05,Kenyon Quinones,LAC,LB,Front Seven,68,75,239,23,0,COL0183,Sunderland State,2026,6,15,175,DRAFTED,1,ACTIVE,DAY_TO_DAY,5,ROTATIONAL,63,73,GENERATED
LAC_LB_06,Harrison Sanjuan,LAC,LB,Front Seven,67,73,231,25,1,COL0232,Clearwater Ridge State,2025,6,30,190,DRAFTED,0,PRACTICE_SQUAD_CANDIDATE,NONE,6,DEPTH,59,60,GENERATED
LAC_LB_07,Tomas Vanderveer,LAC,LB,Front Seven,16,75,234,23,0,COL0216,Ravensburg Institute,2026,4,28,124,DRAFTED,1,CAMP_BODY,NONE,7,CAMP,59,63,GENERATED
LAC_LB_08,Hendrix Shreve,LAC,LB,Front Seven,49,74,245,23,0,COL0027,Marbury Institute,2026,7,28,220,DRAFTED,1,CAMP_BODY,NONE,8,CAMP,54,57,GENERATED
LAC_CB_01,Noel Copeland,LAC,CB,Secondary,78,70,201,28,4,COL0120,Falcon Ridge State,2022,3,8,72,DRAFTED,0,ACTIVE,NONE,1,STARTER,67,68,GENERATED
LAC_CB_02,Damarion Sanjuan,LAC,CB,Secondary,30,71,196,26,4,COL0162,Sablewood State,2022,1,26,26,DRAFTED,0,ACTIVE,NONE,2,STARTER,85,85,GENERATED
LAC_CB_03,Wallace McGlinchey,LAC,CB,Secondary,6,67,191,28,5,COL0001,Calderwood State,2021,1,27,27,DRAFTED,0,ACTIVE,NONE,3,STARTER,78,79,GENERATED
LAC_CB_04,Rigby Hagerty,LAC,CB,Secondary,61,70,192,28,5,COL0205,Lakemont University,2021,1,30,30,DRAFTED,0,ACTIVE,NONE,4,ROTATIONAL,77,78,GENERATED
LAC_CB_05,Heath Schreiber,LAC,CB,Secondary,54,71,198,25,2,COL0144,Whitepine A&M,2024,4,24,120,DRAFTED,0,ACTIVE,NONE,5,ROTATIONAL,67,73,GENERATED
LAC_CB_06,Hampton Ayers,LAC,CB,Secondary,85,68,200,26,4,COL0174,Harrowgate Institute,2022,2,9,41,DRAFTED,0,ACTIVE,NONE,6,ROTATIONAL,67,68,GENERATED
LAC_CB_07,Jamir Brody,LAC,CB,Secondary,87,71,195,25,1,COL0256,Bramblewood A&M,2025,,,,UNDRAFTED,0,PRACTICE_SQUAD_CANDIDATE,NONE,7,DEPTH,64,68,GENERATED
LAC_CB_08,Hudson Fleener,LAC,CB,Secondary,33,71,194,23,0,COL0018,Ashfield A&M,2026,6,29,189,DRAFTED,1,PRACTICE_SQUAD_CANDIDATE,NONE,8,DEPTH,70,78,GENERATED
LAC_CB_09,Willem Eubanks,LAC,CB,Secondary,62,72,178,25,2,COL0258,Bramblewood Institute,2024,6,31,191,DRAFTED,0,CAMP_BODY,NONE,9,CAMP,62,70,GENERATED
LAC_CB_10,Dwight Kaufusi,LAC,CB,Secondary,99,69,207,26,3,COL0048,Northcrest Institute,2023,,,,UNDRAFTED,0,CAMP_BODY,NONE,10,CAMP,53,57,GENERATED
LAC_CB_11,Cortez Roache,LAC,CB,Secondary,89,68,196,24,0,COL0132,Emberton Institute,2026,,,,UNDRAFTED,1,CAMP_BODY,NONE,11,CAMP,62,72,GENERATED
LAC_S_01,Wade Mullaney,LAC,S,Secondary,36,72,197,34,12,COL0043,Northcrest State,2014,5,26,154,DRAFTED,0,ACTIVE,NONE,1,STARTER,77,80,GENERATED
LAC_S_02,Colton Strahan,LAC,S,Secondary,63,71,212,30,9,COL0207,Lakemont A&M,2017,1,7,7,DRAFTED,0,ACTIVE,NONE,2,STARTER,79,79,GENERATED
LAC_S_03,Jabril Fitzhugh,LAC,S,Secondary,18,72,214,27,6,COL0020,Ashfield Institute,2020,3,7,71,DRAFTED,0,ACTIVE,DAY_TO_DAY,3,ROTATIONAL,70,70,GENERATED
LAC_S_04,Luka Newsome,LAC,S,Secondary,4,70,215,25,2,COL0004,Calderwood A&M,2024,4,8,104,DRAFTED,0,ACTIVE,NONE,4,ROTATIONAL,73,73,GENERATED
LAC_S_05,Wilder Morrissey,LAC,S,Secondary,60,71,205,21,0,COL0144,Whitepine A&M,2026,,,,UNDRAFTED,1,PRACTICE_SQUAD_CANDIDATE,NONE,5,DEPTH,60,70,GENERATED
LAC_S_06,Randall Ellington,LAC,S,Secondary,65,72,198,22,0,COL0230,Dunmore Institute,2026,,,,UNDRAFTED,1,CAMP_BODY,NONE,6,CAMP,57,64,GENERATED
LAC_S_07,Boone Waldron,LAC,S,Secondary,91,70,199,24,2,COL0077,Cypress Hollow State Tech,2024,,,,UNDRAFTED,0,CAMP_BODY,NONE,7,CAMP,48,55,GENERATED
LAC_K_01,Quill Bainbridge,LAC,K,Specialist,94,71,195,28,5,COL0227,Dunmore Tech,2021,1,13,13,DRAFTED,0,ACTIVE,NONE,1,STARTER,74,77,GENERATED
LAC_K_02,Atticus Ulbrich,LAC,K,Specialist,7,73,181,25,1,COL0206,Lakemont Tech,2025,7,21,213,DRAFTED,0,PRACTICE_SQUAD_CANDIDATE,DAY_TO_DAY,2,DEPTH,61,65,GENERATED
LAC_P_01,Colby Cribbs,LAC,P,Specialist,55,73,212,28,7,COL0101,Thornfield Tech,2019,1,12,12,DRAFTED,0,ACTIVE,NONE,1,STARTER,73,76,GENERATED
LAC_P_02,Yardley Mundy,LAC,P,Specialist,72,72,212,24,0,COL0147,Whitepine State Tech,2026,7,1,193,DRAFTED,1,PRACTICE_SQUAD_CANDIDATE,NONE,2,DEPTH,66,75,GENERATED
LAC_LS_01,Zeb Hopkins,LAC,LS,Specialist,5,75,251,27,3,COL0150,Cedar Falls Tech,2023,1,1,1,DRAFTED,0,ACTIVE,NONE,1,STARTER,65,70,GENERATED
DAL_QB_01,Camden Radcliffe,DAL,QB,Quarterback,33,75,205,30,6,COL0169,Harrowgate State,2020,2,14,46,DRAFTED,0,ACTIVE,NONE,1,STARTER,76,82,GENERATED
DAL_QB_02,Javon Gaskins,DAL,QB,Quarterback,29,73,221,24,1,COL0222,Foxcroft College,2025,4,28,124,DRAFTED,0,ACTIVE,NONE,2,ROTATIONAL,77,83,GENERATED
DAL_QB_03,Shea Helaire,DAL,QB,Quarterback,83,75,209,23,0,COL0177,Mount Verity University,2026,,,,UNDRAFTED,1,PRACTICE_SQUAD_CANDIDATE,NONE,3,DEPTH,72,76,GENERATED
DAL_QB_04,Warrick Whitehurst,DAL,QB,Quarterback,20,77,224,23,0,COL0020,Ashfield Institute,2026,,,,UNDRAFTED,1,CAMP_BODY,DAY_TO_DAY,4,CAMP,60,66,GENERATED
DAL_RB_01,Ike Brisco,DAL,RB,Backfield,61,67,194,25,2,COL0053,Redbluff A&M,2024,7,14,206,DRAFTED,0,ACTIVE,NONE,1,STARTER,76,79,GENERATED
DAL_RB_02,Auden Greenlaw,DAL,RB,Backfield,16,68,204,27,4,COL0004,Calderwood A&M,2022,,,,UNDRAFTED,0,ACTIVE,DAY_TO_DAY,2,ROTATIONAL,67,77,GENERATED
DAL_RB_03,Mikael Crockett,DAL,RB,Backfield,96,71,221,24,0,COL0101,Thornfield Tech,2026,5,4,132,DRAFTED,1,ACTIVE,SUSPENDED,3,ROTATIONAL,72,80,GENERATED
DAL_RB_04,Jamari Tatupu,DAL,RB,Backfield,65,69,229,22,0,COL0175,Harrowgate State Tech,2026,,,,UNDRAFTED,1,PRACTICE_SQUAD_CANDIDATE,NONE,4,DEPTH,62,68,GENERATED
DAL_RB_05,Bexley Sturdivant,DAL,RB,Backfield,25,70,211,26,2,COL0179,Mount Verity A&M,2024,6,7,167,DRAFTED,0,CAMP_BODY,NONE,5,CAMP,56,59,GENERATED
DAL_FB_01,Adair Cravens,DAL,FB,Backfield,57,70,252,25,2,COL0062,Havenport Institute,2024,4,30,126,DRAFTED,0,ACTIVE,NONE,1,STARTER,70,76,GENERATED
DAL_WR_01,Woodrow Smallwood,DAL,WR,Receiver,84,72,192,23,2,COL0077,Cypress Hollow State Tech,2024,1,22,22,DRAFTED,0,ACTIVE,PUP,1,STARTER,79,85,GENERATED
DAL_WR_02,Tyree McLendon,DAL,WR,Receiver,87,72,218,27,6,COL0072,Cypress Hollow University,2020,1,26,26,DRAFTED,0,ACTIVE,NONE,2,STARTER,81,85,GENERATED
DAL_WR_03,Maxton Torrence,DAL,WR,Receiver,8,72,241,26,3,COL0124,Falcon Ridge College,2023,2,28,60,DRAFTED,0,ACTIVE,NONE,3,STARTER,81,88,GENERATED
DAL_WR_04,Barnes Elmore,DAL,WR,Receiver,15,74,215,30,7,COL0026,Marbury College,2019,,,,UNDRAFTED,0,ACTIVE,NONE,4,ROTATIONAL,58,58,GENERATED
DAL_WR_05,Kellan Jodeci,DAL,WR,Receiver,39,74,207,26,4,COL0102,Thornfield A&M,2022,,,,UNDRAFTED,0,ACTIVE,NONE,5,ROTATIONAL,68,68,GENERATED
DAL_WR_06,Galen Twyman,DAL,WR,Receiver,22,72,216,27,5,COL0185,Sunderland Tech,2021,6,2,162,DRAFTED,0,ACTIVE,NONE,6,ROTATIONAL,69,72,GENERATED
DAL_WR_07,Dillon Pastrana,DAL,WR,Receiver,80,72,180,25,1,COL0026,Marbury College,2025,,,,UNDRAFTED,0,PRACTICE_SQUAD_CANDIDATE,NONE,7,DEPTH,68,70,GENERATED
DAL_WR_08,Camden Vitiello,DAL,WR,Receiver,63,70,206,22,1,COL0255,Bramblewood Tech,2025,,,,UNDRAFTED,0,PRACTICE_SQUAD_CANDIDATE,NONE,8,DEPTH,69,79,GENERATED
DAL_WR_09,Pierson Hilliard,DAL,WR,Receiver,41,75,217,23,0,COL0026,Marbury College,2026,,,,UNDRAFTED,1,CAMP_BODY,NONE,9,CAMP,61,64,GENERATED
DAL_WR_10,Ferris Turpin,DAL,WR,Receiver,42,74,195,23,1,COL0030,Stonewell University,2025,,,,UNDRAFTED,0,CAMP_BODY,NONE,10,CAMP,56,64,GENERATED
DAL_WR_11,Khalil Sweatman,DAL,WR,Receiver,9,72,200,24,1,COL0222,Foxcroft College,2025,5,24,152,DRAFTED,0,CAMP_BODY,NONE,11,CAMP,57,65,GENERATED
DAL_TE_01,Dakari Obadiah,DAL,TE,Receiver,48,77,229,24,2,COL0108,Quarry Hill Tech,2024,3,25,89,DRAFTED,0,ACTIVE,NONE,1,STARTER,68,75,GENERATED
DAL_TE_02,Micah Atwater,DAL,TE,Receiver,81,76,273,24,3,COL0027,Marbury Institute,2023,5,24,152,DRAFTED,0,ACTIVE,NONE,2,ROTATIONAL,60,64,GENERATED
DAL_TE_03,Jamari Rodenberg,DAL,TE,Receiver,6,76,259,29,7,COL0193,Pinehurst Valley A&M,2019,5,30,158,DRAFTED,0,ACTIVE,DAY_TO_DAY,3,ROTATIONAL,68,68,GENERATED
DAL_TE_04,Keon Nunnally,DAL,TE,Receiver,37,77,251,22,1,COL0049,Northcrest State Tech,2025,,,,UNDRAFTED,0,PRACTICE_SQUAD_CANDIDATE,NONE,4,DEPTH,63,67,GENERATED
DAL_TE_05,Yardley Hooker,DAL,TE,Receiver,64,77,267,22,0,COL0187,Sunderland College,2026,5,21,149,DRAFTED,1,CAMP_BODY,NONE,5,CAMP,62,66,GENERATED
DAL_TE_06,Isaias Osweiler,DAL,TE,Receiver,10,77,230,22,0,COL0051,Redbluff University,2026,7,8,200,DRAFTED,1,CAMP_BODY,NONE,6,CAMP,58,65,GENERATED
DAL_OT_01,Lorenzo Farrow,DAL,OT,O-Line,46,78,323,27,5,COL0232,Clearwater Ridge State,2021,1,11,11,DRAFTED,0,ACTIVE,NONE,1,STARTER,90,93,GENERATED
DAL_OT_02,Mekhi Tanguay,DAL,OT,O-Line,27,78,309,25,3,COL0245,Talbot State Tech,2023,1,8,8,DRAFTED,0,ACTIVE,NONE,2,STARTER,88,89,GENERATED
DAL_OT_03,Jeremiah Lutrell,DAL,OT,O-Line,75,76,329,26,3,COL0092,Bellhaven State,2023,,,,UNDRAFTED,0,ACTIVE,NONE,3,ROTATIONAL,68,68,GENERATED
DAL_OT_04,Sawyer McCandless,DAL,OT,O-Line,69,76,296,24,2,COL0083,Iron Gate Institute,2024,,,,UNDRAFTED,0,ACTIVE,NONE,4,ROTATIONAL,72,78,GENERATED
DAL_OT_05,Langston Callender,DAL,OT,O-Line,56,79,320,28,4,COL0042,Kelvinridge State Tech,2022,6,6,166,DRAFTED,0,PRACTICE_SQUAD_CANDIDATE,NONE,5,DEPTH,54,55,GENERATED
DAL_OT_06,Corbin Lafleur,DAL,OT,O-Line,99,78,329,25,2,COL0030,Stonewell University,2024,5,10,138,DRAFTED,0,CAMP_BODY,NONE,6,CAMP,60,63,GENERATED
DAL_OG_01,Esteban Markham,DAL,OG,O-Line,82,76,313,26,3,COL0207,Lakemont A&M,2023,1,20,20,DRAFTED,0,ACTIVE,NONE,1,STARTER,78,85,GENERATED
DAL_OG_02,Soren Atwater,DAL,OG,O-Line,72,75,316,26,5,COL0215,Ravensburg College,2021,1,5,5,DRAFTED,0,ACTIVE,NONE,2,STARTER,81,88,GENERATED
DAL_OG_03,Brennan Macalister,DAL,OG,O-Line,43,74,305,26,5,COL0038,Kelvinridge Tech,2021,5,17,145,DRAFTED,0,ACTIVE,NONE,3,ROTATIONAL,72,74,GENERATED
DAL_OG_04,Lawson Rentschler,DAL,OG,O-Line,79,76,305,24,1,COL0134,Larkspur State,2025,,,,UNDRAFTED,0,ACTIVE,NONE,4,ROTATIONAL,61,68,GENERATED
DAL_OG_05,Seamus Lutrell,DAL,OG,O-Line,4,76,323,27,4,COL0204,Lakemont State,2022,7,30,222,DRAFTED,0,PRACTICE_SQUAD_CANDIDATE,NONE,5,DEPTH,63,67,GENERATED
DAL_OG_06,Rashad Hamlett,DAL,OG,O-Line,59,74,326,23,0,COL0108,Quarry Hill Tech,2026,,,,UNDRAFTED,1,CAMP_BODY,NONE,6,CAMP,48,56,GENERATED
DAL_C_01,Briggs Marinelli,DAL,C,O-Line,44,74,310,29,5,COL0132,Emberton Institute,2021,1,14,14,DRAFTED,0,ACTIVE,NONE,1,STARTER,77,81,GENERATED
DAL_C_02,Sherman Wattenberg,DAL,C,O-Line,60,73,299,27,4,COL0252,Winslow State Tech,2022,7,10,202,DRAFTED,0,ACTIVE,NONE,2,ROTATIONAL,77,77,GENERATED
DAL_C_03,Hampton Landry,DAL,C,O-Line,45,75,311,27,3,COL0187,Sunderland College,2023,6,32,192,DRAFTED,0,PRACTICE_SQUAD_CANDIDATE,NONE,3,DEPTH,65,65,GENERATED
DAL_EDGE_01,Tanner Broadwater,DAL,EDGE,Front Seven,91,76,260,32,9,COL0059,Havenport Tech,2017,1,27,27,DRAFTED,0,ACTIVE,NONE,1,STARTER,72,72,GENERATED
DAL_EDGE_02,Maddox Klemm,DAL,EDGE,Front Seven,40,77,275,40,16,COL0248,Winslow Tech,2010,1,20,20,DRAFTED,0,ACTIVE,NONE,2,STARTER,94,94,GENERATED
DAL_EDGE_03,Derrick Redmond,DAL,EDGE,Front Seven,12,73,261,28,5,COL0060,Havenport A&M,2021,1,17,17,DRAFTED,0,ACTIVE,NONE,3,ROTATIONAL,79,80,GENERATED
DAL_EDGE_04,Radcliffe Hopkins,DAL,EDGE,Front Seven,58,75,245,27,4,COL0062,Havenport Institute,2022,,,,UNDRAFTED,0,ACTIVE,DAY_TO_DAY,4,ROTATIONAL,64,64,GENERATED
DAL_EDGE_05,Zeb Youngblood,DAL,EDGE,Front Seven,14,77,257,23,2,COL0104,Thornfield Institute,2024,5,3,131,DRAFTED,0,ACTIVE,NONE,5,ROTATIONAL,69,77,GENERATED
DAL_EDGE_06,Nasir Carvalho,DAL,EDGE,Front Seven,47,80,248,24,0,COL0196,Pinehurst Valley State Tech,2026,,,,UNDRAFTED,1,PRACTICE_SQUAD_CANDIDATE,NONE,6,DEPTH,68,72,GENERATED
DAL_EDGE_07,Kian Zabransky,DAL,EDGE,Front Seven,21,76,256,25,2,COL0055,Redbluff Institute,2024,,,,UNDRAFTED,0,PRACTICE_SQUAD_CANDIDATE,NONE,7,DEPTH,60,60,GENERATED
DAL_EDGE_08,Ephraim Herrera,DAL,EDGE,Front Seven,52,72,259,23,0,COL0015,Ashfield State,2026,,,,UNDRAFTED,1,CAMP_BODY,DAY_TO_DAY,8,CAMP,59,59,GENERATED
DAL_EDGE_09,Tarik Aguilar,DAL,EDGE,Front Seven,66,75,241,22,0,COL0043,Northcrest State,2026,7,2,194,DRAFTED,1,CAMP_BODY,NONE,9,CAMP,53,59,GENERATED
DAL_DT_01,Tyree Jodeci,DAL,DT,Front Seven,86,76,331,27,4,COL0076,Cypress Hollow Institute,2022,7,19,211,DRAFTED,0,ACTIVE,NONE,1,STARTER,69,70,GENERATED
DAL_DT_02,Blaise Chenoweth,DAL,DT,Front Seven,77,74,278,25,2,COL0088,Westmoor A&M,2024,3,32,96,DRAFTED,0,ACTIVE,NONE,2,STARTER,72,77,GENERATED
DAL_DT_03,Thelonious Wainwright,DAL,DT,Front Seven,13,76,296,34,11,COL0158,Granite Bay A&M,2015,1,25,25,DRAFTED,0,ACTIVE,NONE,3,ROTATIONAL,76,79,GENERATED
DAL_DT_04,Carlisle Hadley,DAL,DT,Front Seven,32,75,324,23,1,COL0002,Calderwood University,2025,6,22,182,DRAFTED,0,ACTIVE,DAY_TO_DAY,4,ROTATIONAL,70,74,GENERATED
DAL_DT_05,Jabari Dockery,DAL,DT,Front Seven,92,74,320,25,1,COL0036,Kelvinridge State,2025,,,,UNDRAFTED,0,ACTIVE,DAY_TO_DAY,5,ROTATIONAL,71,81,GENERATED
DAL_DT_06,Ivan Slaughter,DAL,DT,Front Seven,38,75,276,25,2,COL0079,Iron Gate University,2024,7,15,207,DRAFTED,0,PRACTICE_SQUAD_CANDIDATE,NONE,6,DEPTH,64,66,GENERATED
DAL_DT_07,Chase Deakins,DAL,DT,Front Seven,19,75,306,24,2,COL0076,Cypress Hollow Institute,2024,,,,UNDRAFTED,0,CAMP_BODY,NONE,7,CAMP,58,61,GENERATED
DAL_DT_08,Chandler Brody,DAL,DT,Front Seven,50,77,315,23,1,COL0113,Kingsbridge State,2025,6,24,184,DRAFTED,0,CAMP_BODY,IR,8,CAMP,54,65,GENERATED
DAL_LB_01,Trey Panganiban,DAL,LB,Front Seven,1,74,238,28,6,COL0030,Stonewell University,2020,2,30,62,DRAFTED,0,ACTIVE,NONE,1,STARTER,71,71,GENERATED
DAL_LB_02,Ibrahim Gwaltney,DAL,LB,Front Seven,70,76,232,25,2,COL0159,Granite Bay College,2024,1,18,18,DRAFTED,0,ACTIVE,NONE,2,STARTER,82,82,GENERATED
DAL_LB_03,Paxton Whitlow,DAL,LB,Front Seven,51,75,224,23,1,COL0161,Granite Bay State Tech,2025,7,10,202,DRAFTED,0,ACTIVE,NONE,3,ROTATIONAL,63,70,GENERATED
DAL_LB_04,Murphy Finnegan,DAL,LB,Front Seven,95,71,226,27,5,COL0123,Falcon Ridge A&M,2021,2,14,46,DRAFTED,0,ACTIVE,NONE,4,ROTATIONAL,66,71,GENERATED
DAL_LB_05,Emerson Estrada,DAL,LB,Front Seven,73,73,235,22,1,COL0076,Cypress Hollow Institute,2025,3,25,89,DRAFTED,0,ACTIVE,NONE,5,ROTATIONAL,65,70,GENERATED
DAL_LB_06,Atticus Barsotti,DAL,LB,Front Seven,94,74,231,22,0,COL0081,Iron Gate A&M,2026,,,,UNDRAFTED,1,PRACTICE_SQUAD_CANDIDATE,NONE,6,DEPTH,55,65,GENERATED
DAL_LB_07,Dwight Bracken,DAL,LB,Front Seven,34,72,226,23,0,COL0183,Sunderland State,2026,6,31,191,DRAFTED,1,CAMP_BODY,NONE,7,CAMP,55,62,GENERATED
DAL_LB_08,Parker Doughty,DAL,LB,Front Seven,28,74,226,24,1,COL0087,Westmoor Tech,2025,5,5,133,DRAFTED,0,CAMP_BODY,NONE,8,CAMP,58,61,GENERATED
DAL_CB_01,Arch Harbaugh,DAL,CB,Secondary,5,74,188,30,6,COL0099,Thornfield State,2020,1,7,7,DRAFTED,0,ACTIVE,NONE,1,STARTER,80,80,GENERATED
DAL_CB_02,Grayson Farrow,DAL,CB,Secondary,3,72,190,34,13,COL0186,Sunderland A&M,2013,1,21,21,DRAFTED,0,ACTIVE,NFI,2,STARTER,88,88,GENERATED
DAL_CB_03,Julius Fulmer,DAL,CB,Secondary,89,70,199,21,0,COL0073,Cypress Hollow Tech,2026,1,32,32,DRAFTED,1,ACTIVE,NONE,3,STARTER,92,99,GENERATED
DAL_CB_04,Kenzo Callender,DAL,CB,Secondary,90,73,187,24,2,COL0103,Thornfield College,2024,2,14,46,DRAFTED,0,ACTIVE,NONE,4,ROTATIONAL,70,73,GENERATED
DAL_CB_05,Raylan Sabbagh,DAL,CB,Secondary,74,73,199,28,4,COL0047,Northcrest College,2022,1,9,9,DRAFTED,0,ACTIVE,NONE,5,ROTATIONAL,82,82,GENERATED
DAL_CB_06,Keon Deakins,DAL,CB,Secondary,71,70,197,29,7,COL0001,Calderwood State,2019,,,,UNDRAFTED,0,ACTIVE,DAY_TO_DAY,6,ROTATIONAL,69,73,GENERATED
DAL_CB_07,Ludwig Smallwood,DAL,CB,Secondary,93,70,191,25,3,COL0203,Copper Creek State Tech,2023,,,,UNDRAFTED,0,PRACTICE_SQUAD_CANDIDATE,NONE,7,DEPTH,64,71,GENERATED
DAL_CB_08,Bexley Wolfington,DAL,CB,Secondary,2,72,193,24,1,COL0205,Lakemont University,2025,,,,UNDRAFTED,0,PRACTICE_SQUAD_CANDIDATE,NONE,8,DEPTH,71,79,GENERATED
DAL_CB_09,Nasir Cushing,DAL,CB,Secondary,49,70,197,22,0,COL0136,Larkspur Tech,2026,,,,UNDRAFTED,1,CAMP_BODY,DAY_TO_DAY,9,CAMP,55,62,GENERATED
DAL_CB_10,Jace Bracken,DAL,CB,Secondary,98,69,183,25,2,COL0110,Quarry Hill College,2024,,,,UNDRAFTED,0,CAMP_BODY,NONE,10,CAMP,58,60,GENERATED
DAL_CB_11,Porter Stroman,DAL,CB,Secondary,62,70,213,23,0,COL0217,Ravensburg State Tech,2026,5,6,134,DRAFTED,1,CAMP_BODY,NONE,11,CAMP,60,66,GENERATED
DAL_S_01,Gunnar Worrilow,DAL,S,Secondary,30,70,200,24,2,COL0016,Ashfield University,2024,2,14,46,DRAFTED,0,ACTIVE,NONE,1,STARTER,69,75,GENERATED
DAL_S_02,Samir Finnegan,DAL,S,Secondary,31,70,211,28,4,COL0203,Copper Creek State Tech,2022,2,25,57,DRAFTED,0,ACTIVE,NONE,2,STARTER,74,74,GENERATED
DAL_S_03,Cade Clevenger,DAL,S,Secondary,67,73,195,24,3,COL0006,Calderwood Institute,2023,,,,UNDRAFTED,0,ACTIVE,NONE,3,ROTATIONAL,56,62,GENERATED
DAL_S_04,Thatcher Monfort,DAL,S,Secondary,11,73,207,26,3,COL0205,Lakemont University,2023,5,4,132,DRAFTED,0,ACTIVE,NONE,4,ROTATIONAL,61,65,GENERATED
DAL_S_05,Bram Westbrook,DAL,S,Secondary,36,73,213,25,2,COL0064,Silverlake State,2024,5,8,136,DRAFTED,0,PRACTICE_SQUAD_CANDIDATE,NONE,5,DEPTH,63,64,GENERATED
DAL_S_06,Devante Nakoa,DAL,S,Secondary,26,72,204,23,0,COL0135,Larkspur University,2026,,,,UNDRAFTED,1,CAMP_BODY,NONE,6,CAMP,57,64,GENERATED
DAL_S_07,Diallo Cribbs,DAL,S,Secondary,53,72,204,24,1,COL0096,Bellhaven College,2025,7,24,216,DRAFTED,0,CAMP_BODY,DAY_TO_DAY,7,CAMP,55,55,GENERATED
DAL_K_01,Lockett Comeaux,DAL,K,Specialist,24,74,224,27,5,COL0120,Falcon Ridge State,2021,4,15,111,DRAFTED,0,ACTIVE,NONE,1,STARTER,74,82,GENERATED
DAL_K_02,Woodrow Taliaferro,DAL,K,Specialist,76,73,215,22,0,COL0140,Larkspur State Tech,2026,,,,UNDRAFTED,1,PRACTICE_SQUAD_CANDIDATE,NONE,2,DEPTH,65,68,GENERATED
DAL_P_01,Fletcher Owusu,DAL,P,Specialist,78,72,222,28,6,COL0083,Iron Gate Institute,2020,3,24,88,DRAFTED,0,ACTIVE,DAY_TO_DAY,1,STARTER,72,72,GENERATED
DAL_P_02,Deshaun Crandall,DAL,P,Specialist,7,74,219,25,1,COL0107,Quarry Hill University,2025,6,24,184,DRAFTED,0,PRACTICE_SQUAD_CANDIDATE,NONE,2,DEPTH,65,69,GENERATED
DAL_LS_01,Errol Vinovich,DAL,LS,Specialist,35,76,238,27,5,COL0222,Foxcroft College,2021,3,26,90,DRAFTED,0,ACTIVE,NONE,1,STARTER,67,69,GENERATED
PHI_QB_01,Hamza Boateng,PHI,QB,Quarterback,36,73,220,27,5,COL0182,Mount Verity State Tech,2021,1,25,25,DRAFTED,0,ACTIVE,NONE,1,STARTER,81,84,GENERATED
PHI_QB_02,Kaiden Serrano,PHI,QB,Quarterback,42,72,210,30,8,COL0134,Larkspur State,2018,5,12,140,DRAFTED,0,ACTIVE,NONE,2,ROTATIONAL,66,66,GENERATED
PHI_QB_03,Amari Kalapana,PHI,QB,Quarterback,31,74,214,27,4,COL0101,Thornfield Tech,2022,,,,UNDRAFTED,0,PRACTICE_SQUAD_CANDIDATE,NONE,3,DEPTH,60,60,GENERATED
PHI_QB_04,Phineas Shepley,PHI,QB,Quarterback,47,72,216,21,0,COL0007,Calderwood State Tech,2026,,,,UNDRAFTED,1,CAMP_BODY,NONE,4,CAMP,62,69,GENERATED
PHI_RB_01,Micah Arceneaux,PHI,RB,Backfield,34,72,208,29,6,COL0132,Emberton Institute,2020,2,24,56,DRAFTED,0,ACTIVE,NONE,1,STARTER,92,99,GENERATED
PHI_RB_02,Augustus Hinkley,PHI,RB,Backfield,10,69,203,32,10,COL0001,Calderwood State,2016,3,6,70,DRAFTED,0,ACTIVE,NONE,2,ROTATIONAL,74,75,GENERATED
PHI_RB_03,Clay Vickers,PHI,RB,Backfield,77,69,204,24,2,COL0150,Cedar Falls Tech,2024,3,21,85,DRAFTED,0,ACTIVE,NONE,3,ROTATIONAL,78,89,GENERATED
PHI_RB_04,Terrell Cordray,PHI,RB,Backfield,69,69,212,22,0,COL0026,Marbury College,2026,,,,UNDRAFTED,1,PRACTICE_SQUAD_CANDIDATE,DAY_TO_DAY,4,DEPTH,61,70,GENERATED
PHI_RB_05,Marquise Hollins,PHI,RB,Backfield,60,70,207,28,4,COL0136,Larkspur Tech,2022,,,,UNDRAFTED,0,CAMP_BODY,NONE,5,CAMP,63,66,GENERATED
PHI_FB_01,Thaddeus Weddington,PHI,FB,Backfield,95,70,239,27,4,COL0134,Larkspur State,2022,3,2,66,DRAFTED,0,ACTIVE,NONE,1,STARTER,67,71,GENERATED
PHI_WR_01,Malik Rainsberger,PHI,WR,Receiver,75,73,191,29,5,COL0135,Larkspur University,2021,4,1,97,DRAFTED,0,ACTIVE,NONE,1,STARTER,79,79,GENERATED
PHI_WR_02,Osmond Polamalu,PHI,WR,Receiver,26,72,202,25,3,COL0220,Foxcroft Tech,2023,1,17,17,DRAFTED,0,ACTIVE,NONE,2,STARTER,80,89,GENERATED
PHI_WR_03,Mekhi Trapasso,PHI,WR,Receiver,29,71,167,26,5,COL0066,Silverlake Tech,2021,1,30,30,DRAFTED,0,ACTIVE,NONE,3,STARTER,92,92,GENERATED
PHI_WR_04,Quentin Fontenot,PHI,WR,Receiver,55,76,180,27,4,COL0128,Emberton University,2022,5,6,134,DRAFTED,0,ACTIVE,NONE,4,ROTATIONAL,71,75,GENERATED
PHI_WR_05,Jeremiah Nangle,PHI,WR,Receiver,78,72,210,26,2,COL0174,Harrowgate Institute,2024,,,,UNDRAFTED,0,ACTIVE,IR,5,ROTATIONAL,66,73,GENERATED
PHI_WR_06,Earl Calderón,PHI,WR,Receiver,56,68,205,26,2,COL0001,Calderwood State,2024,,,,UNDRAFTED,0,ACTIVE,NONE,6,ROTATIONAL,61,68,GENERATED
PHI_WR_07,Chidi Tegeler,PHI,WR,Receiver,91,72,190,24,0,COL0220,Foxcroft Tech,2026,,,,UNDRAFTED,1,PRACTICE_SQUAD_CANDIDATE,NONE,7,DEPTH,63,68,GENERATED
PHI_WR_08,Damon Bandele,PHI,WR,Receiver,35,71,197,29,6,COL0094,Bellhaven Tech,2020,7,20,212,DRAFTED,0,PRACTICE_SQUAD_CANDIDATE,NONE,8,DEPTH,69,69,GENERATED
PHI_WR_09,Abram Kessler,PHI,WR,Receiver,72,70,222,23,0,COL0215,Ravensburg College,2026,5,26,154,DRAFTED,1,CAMP_BODY,NONE,9,CAMP,61,64,GENERATED
PHI_WR_10,Stefano Lucchese,PHI,WR,Receiver,19,70,218,24,1,COL0047,Northcrest College,2025,7,1,193,DRAFTED,0,CAMP_BODY,NONE,10,CAMP,63,71,GENERATED
PHI_WR_11,Reece McQuarters,PHI,WR,Receiver,62,69,201,23,1,COL0001,Calderwood State,2025,7,7,199,DRAFTED,0,CAMP_BODY,NONE,11,CAMP,53,62,GENERATED
PHI_TE_01,Samir Dunleavy,PHI,TE,Receiver,59,76,247,26,4,COL0108,Quarry Hill Tech,2022,1,25,25,DRAFTED,0,ACTIVE,NONE,1,STARTER,72,72,GENERATED
PHI_TE_02,Ford Bradshaw,PHI,TE,Receiver,84,76,246,34,10,COL0219,Foxcroft University,2016,6,23,183,DRAFTED,0,ACTIVE,NONE,2,ROTATIONAL,70,74,GENERATED
PHI_TE_03,Kenji Alfaro,PHI,TE,Receiver,7,76,244,22,1,COL0112,Quarry Hill State Tech,2025,1,2,2,DRAFTED,0,ACTIVE,NONE,3,ROTATIONAL,67,78,GENERATED
PHI_TE_04,Legend Smallwood,PHI,TE,Receiver,27,78,267,21,0,COL0180,Mount Verity College,2026,,,,UNDRAFTED,1,PRACTICE_SQUAD_CANDIDATE,NONE,4,DEPTH,64,69,GENERATED
PHI_TE_05,Vance Ironside,PHI,TE,Receiver,74,76,261,21,0,COL0025,Marbury A&M,2026,6,21,181,DRAFTED,1,CAMP_BODY,NONE,5,CAMP,61,68,GENERATED
PHI_TE_06,Dax Eastland,PHI,TE,Receiver,40,74,256,21,0,COL0251,Winslow Institute,2026,7,6,198,DRAFTED,1,CAMP_BODY,NONE,6,CAMP,62,67,GENERATED
PHI_OT_01,Hudson Boykin,PHI,OT,O-Line,5,77,314,26,2,COL0055,Redbluff Institute,2024,1,29,29,DRAFTED,0,ACTIVE,NONE,1,STARTER,77,80,GENERATED
PHI_OT_02,Barnes Beecham,PHI,OT,O-Line,61,79,334,31,7,COL0026,Marbury College,2019,1,31,31,DRAFTED,0,ACTIVE,NONE,2,STARTER,81,85,GENERATED
PHI_OT_03,Walker Dumervil,PHI,OT,O-Line,44,77,294,24,3,COL0107,Quarry Hill University,2023,,,,UNDRAFTED,0,ACTIVE,NONE,3,ROTATIONAL,59,64,GENERATED
PHI_OT_04,Victor Wyckoff,PHI,OT,O-Line,79,78,308,24,1,COL0151,Cedar Falls A&M,2025,6,8,168,DRAFTED,0,ACTIVE,NONE,4,ROTATIONAL,72,72,GENERATED
PHI_OT_05,Wallace Cordray,PHI,OT,O-Line,20,78,314,25,3,COL0196,Pinehurst Valley State Tech,2023,6,21,181,DRAFTED,0,PRACTICE_SQUAD_CANDIDATE,NONE,5,DEPTH,69,69,GENERATED
PHI_OT_06,Kareem Alcott,PHI,OT,O-Line,51,79,329,22,0,COL0026,Marbury College,2026,6,24,184,DRAFTED,1,CAMP_BODY,NONE,6,CAMP,54,62,GENERATED
PHI_OG_01,Kolby Marlowe,PHI,OG,O-Line,92,77,323,25,3,COL0016,Ashfield University,2023,1,16,16,DRAFTED,0,ACTIVE,NONE,1,STARTER,92,95,GENERATED
PHI_OG_02,Eero Delacruz,PHI,OG,O-Line,80,73,333,26,3,COL0101,Thornfield Tech,2023,1,4,4,DRAFTED,0,ACTIVE,NONE,2,STARTER,88,92,GENERATED
PHI_OG_03,Ramsey Rapp,PHI,OG,O-Line,43,77,319,23,1,COL0147,Whitepine State Tech,2025,,,,UNDRAFTED,0,ACTIVE,NONE,3,ROTATIONAL,61,69,GENERATED
PHI_OG_04,Gage Willingham,PHI,OG,O-Line,87,77,338,28,5,COL0138,Larkspur College,2021,5,32,160,DRAFTED,0,ACTIVE,NONE,4,ROTATIONAL,67,69,GENERATED
PHI_OG_05,Dante Joplin,PHI,OG,O-Line,18,76,318,25,3,COL0047,Northcrest College,2023,,,,UNDRAFTED,0,PRACTICE_SQUAD_CANDIDATE,DAY_TO_DAY,5,DEPTH,64,68,GENERATED
PHI_OG_06,Levi Makinen,PHI,OG,O-Line,39,77,290,22,0,COL0243,Talbot College,2026,,,,UNDRAFTED,1,CAMP_BODY,NONE,6,CAMP,48,55,GENERATED
PHI_C_01,Cyrus Cardenas,PHI,C,O-Line,76,72,296,25,1,COL0111,Quarry Hill Institute,2025,3,28,92,DRAFTED,0,ACTIVE,NONE,1,STARTER,76,80,GENERATED
PHI_C_02,Cooper Ferrante,PHI,C,O-Line,33,72,289,26,4,COL0099,Thornfield State,2022,,,,UNDRAFTED,0,ACTIVE,NONE,2,ROTATIONAL,66,68,GENERATED
PHI_C_03,Ambrose Honeycutt,PHI,C,O-Line,24,75,288,22,1,COL0167,Sablewood Institute,2025,7,29,221,DRAFTED,0,PRACTICE_SQUAD_CANDIDATE,NONE,3,DEPTH,57,65,GENERATED
PHI_EDGE_01,Lazaro Hurlburt,PHI,EDGE,Front Seven,32,76,275,26,3,COL0089,Westmoor College,2023,1,11,11,DRAFTED,0,ACTIVE,NONE,1,STARTER,88,90,GENERATED
PHI_EDGE_02,Walker Warrick,PHI,EDGE,Front Seven,2,75,251,30,6,COL0059,Havenport Tech,2020,1,1,1,DRAFTED,0,ACTIVE,NONE,2,STARTER,82,85,GENERATED
PHI_EDGE_03,Giovanni Schaffner,PHI,EDGE,Front Seven,83,75,250,23,1,COL0080,Iron Gate Tech,2025,5,16,144,DRAFTED,0,ACTIVE,NONE,3,ROTATIONAL,72,72,GENERATED
PHI_EDGE_04,Ruben Knighton,PHI,EDGE,Front Seven,70,74,257,23,1,COL0074,Cypress Hollow A&M,2025,,,,UNDRAFTED,0,ACTIVE,NONE,4,ROTATIONAL,67,71,GENERATED
PHI_EDGE_05,Kason Ferrante,PHI,EDGE,Front Seven,30,76,254,35,13,COL0243,Talbot College,2013,5,32,160,DRAFTED,0,ACTIVE,NONE,5,ROTATIONAL,73,74,GENERATED
PHI_EDGE_06,Peyton Grimsley,PHI,EDGE,Front Seven,9,76,257,26,4,COL0037,Kelvinridge University,2022,7,26,218,DRAFTED,0,PRACTICE_SQUAD_CANDIDATE,NONE,6,DEPTH,64,64,GENERATED
PHI_EDGE_07,Gerard Gwaltney,PHI,EDGE,Front Seven,48,75,276,23,1,COL0170,Harrowgate University,2025,2,24,56,DRAFTED,0,PRACTICE_SQUAD_CANDIDATE,NONE,7,DEPTH,64,65,GENERATED
PHI_EDGE_08,Hutch Stanfield,PHI,EDGE,Front Seven,81,75,251,22,0,COL0169,Harrowgate State,2026,,,,UNDRAFTED,1,CAMP_BODY,NONE,8,CAMP,57,65,GENERATED
PHI_EDGE_09,Andre Vanderveer,PHI,EDGE,Front Seven,15,75,254,22,0,COL0048,Northcrest Institute,2026,6,22,182,DRAFTED,1,CAMP_BODY,NONE,9,CAMP,62,67,GENERATED
PHI_DT_01,Lincoln Langford,PHI,DT,Front Seven,57,73,333,27,4,COL0036,Kelvinridge State,2022,1,32,32,DRAFTED,0,ACTIVE,NONE,1,STARTER,87,89,GENERATED
PHI_DT_02,Roscoe Thackeray,PHI,DT,Front Seven,64,76,306,26,2,COL0039,Kelvinridge A&M,2024,2,25,57,DRAFTED,0,ACTIVE,NONE,2,STARTER,75,76,GENERATED
PHI_DT_03,Otto Carrington,PHI,DT,Front Seven,46,75,302,32,10,COL0169,Harrowgate State,2016,7,24,216,DRAFTED,0,ACTIVE,NONE,3,ROTATIONAL,70,71,GENERATED
PHI_DT_04,Duncan Monfort,PHI,DT,Front Seven,85,76,313,24,2,COL0150,Cedar Falls Tech,2024,5,10,138,DRAFTED,0,ACTIVE,NONE,4,ROTATIONAL,65,68,GENERATED
PHI_DT_05,Zuri Farrow,PHI,DT,Front Seven,50,75,291,26,2,COL0243,Talbot College,2024,2,5,37,DRAFTED,0,ACTIVE,NONE,5,ROTATIONAL,74,77,GENERATED
PHI_DT_06,Kaiden Kirkpatrick,PHI,DT,Front Seven,82,74,307,22,0,COL0195,Pinehurst Valley Institute,2026,,,,UNDRAFTED,1,PRACTICE_SQUAD_CANDIDATE,NONE,6,DEPTH,70,76,GENERATED
PHI_DT_07,Avery Sorrentino,PHI,DT,Front Seven,94,76,314,22,0,COL0003,Calderwood Tech,2026,,,,UNDRAFTED,1,CAMP_BODY,NONE,7,CAMP,55,56,GENERATED
PHI_DT_08,Hakeem Beecham,PHI,DT,Front Seven,99,75,300,23,1,COL0064,Silverlake State,2025,7,23,215,DRAFTED,0,CAMP_BODY,NONE,8,CAMP,53,60,GENERATED
PHI_LB_01,Horace Reinhold,PHI,LB,Front Seven,86,75,247,29,7,COL0132,Emberton Institute,2019,2,19,51,DRAFTED,0,ACTIVE,NONE,1,STARTER,88,93,GENERATED
PHI_LB_02,Jarvis Sidibe,PHI,LB,Front Seven,65,74,250,23,2,COL0097,Bellhaven Institute,2024,1,6,6,DRAFTED,0,ACTIVE,NONE,2,STARTER,81,87,GENERATED
PHI_LB_03,Lonnie Bradshaw,PHI,LB,Front Seven,98,74,231,21,0,COL0171,Harrowgate Tech,2026,,,,UNDRAFTED,1,ACTIVE,NONE,3,ROTATIONAL,72,76,GENERATED
PHI_LB_04,Harvey Denham,PHI,LB,Front Seven,11,71,243,23,0,COL0023,Marbury University,2026,6,20,180,DRAFTED,1,ACTIVE,DAY_TO_DAY,4,ROTATIONAL,74,84,GENERATED
PHI_LB_05,Hector Fleener,PHI,LB,Front Seven,38,76,243,26,3,COL0064,Silverlake State,2023,,,,UNDRAFTED,0,ACTIVE,NONE,5,ROTATIONAL,68,73,GENERATED
PHI_LB_06,Dax Eldridge,PHI,LB,Front Seven,28,72,222,23,2,COL0002,Calderwood University,2024,,,,UNDRAFTED,0,PRACTICE_SQUAD_CANDIDATE,NONE,6,DEPTH,68,76,GENERATED
PHI_LB_07,Rafferty Tanguay,PHI,LB,Front Seven,97,71,237,23,0,COL0050,Redbluff State,2026,,,,UNDRAFTED,1,CAMP_BODY,NONE,7,CAMP,55,60,GENERATED
PHI_LB_08,Leland Vinovich,PHI,LB,Front Seven,17,75,238,24,1,COL0217,Ravensburg State Tech,2025,,,,UNDRAFTED,0,CAMP_BODY,NONE,8,CAMP,64,69,GENERATED
PHI_CB_01,Knox Derozan,PHI,CB,Secondary,63,69,202,24,3,COL0219,Foxcroft University,2023,2,2,34,DRAFTED,0,ACTIVE,NFI,1,STARTER,80,80,GENERATED
PHI_CB_02,Tristan Fournette,PHI,CB,Secondary,37,70,177,37,13,COL0147,Whitepine State Tech,2013,1,29,29,DRAFTED,0,ACTIVE,NONE,2,STARTER,78,78,GENERATED
PHI_CB_03,Dakari Yeboah,PHI,CB,Secondary,68,68,219,28,7,COL0144,Whitepine A&M,2019,3,17,81,DRAFTED,0,ACTIVE,NONE,3,STARTER,75,75,GENERATED
PHI_CB_04,Bishop Karras,PHI,CB,Secondary,8,69,190,25,2,COL0214,Ravensburg A&M,2024,3,10,74,DRAFTED,0,ACTIVE,NONE,4,ROTATIONAL,67,67,GENERATED
PHI_CB_05,Neville Marsalis,PHI,CB,Secondary,90,69,187,26,3,COL0180,Mount Verity College,2023,5,27,155,DRAFTED,0,ACTIVE,NONE,5,ROTATIONAL,68,72,GENERATED
PHI_CB_06,Obadiah Whitehurst,PHI,CB,Secondary,71,72,200,27,3,COL0170,Harrowgate University,2023,,,,UNDRAFTED,0,ACTIVE,DAY_TO_DAY,6,ROTATIONAL,66,67,GENERATED
PHI_CB_07,Titus Musgrave,PHI,CB,Secondary,93,70,191,26,5,COL0196,Pinehurst Valley State Tech,2021,7,20,212,DRAFTED,0,PRACTICE_SQUAD_CANDIDATE,DAY_TO_DAY,7,DEPTH,71,71,GENERATED
PHI_CB_08,Pierson Eckhardt,PHI,CB,Secondary,3,71,186,23,0,COL0123,Falcon Ridge A&M,2026,7,3,195,DRAFTED,1,PRACTICE_SQUAD_CANDIDATE,NONE,8,DEPTH,67,69,GENERATED
PHI_CB_09,Mason Mallett,PHI,CB,Secondary,66,71,185,25,2,COL0073,Cypress Hollow Tech,2024,,,,UNDRAFTED,0,CAMP_BODY,NONE,9,CAMP,50,53,GENERATED
PHI_CB_10,Dominik Alcott,PHI,CB,Secondary,13,73,185,23,1,COL0223,Foxcroft Institute,2025,,,,UNDRAFTED,0,CAMP_BODY,NONE,10,CAMP,64,70,GENERATED
PHI_CB_11,Lowell Dabney,PHI,CB,Secondary,96,71,186,22,0,COL0028,Marbury State Tech,2026,7,19,211,DRAFTED,1,CAMP_BODY,NONE,11,CAMP,54,59,GENERATED
PHI_S_01,Jamir Byrd,PHI,S,Secondary,89,72,237,27,3,COL0035,Stonewell State Tech,2023,1,31,31,DRAFTED,0,ACTIVE,NONE,1,STARTER,78,82,GENERATED
PHI_S_02,Royce Vaitai,PHI,S,Secondary,1,70,213,24,1,COL0038,Kelvinridge Tech,2025,1,27,27,DRAFTED,0,ACTIVE,NONE,2,STARTER,89,97,GENERATED
PHI_S_03,Gaspard Cosgrove,PHI,S,Secondary,67,73,207,22,0,COL0068,Silverlake College,2026,1,13,13,DRAFTED,1,ACTIVE,NONE,3,ROTATIONAL,68,74,GENERATED
PHI_S_04,Percival Forsythe,PHI,S,Secondary,52,72,194,28,7,COL0109,Quarry Hill A&M,2019,,,,UNDRAFTED,0,ACTIVE,NONE,4,ROTATIONAL,69,69,GENERATED
PHI_S_05,Devante Garrison,PHI,S,Secondary,21,71,218,25,2,COL0050,Redbluff State,2024,6,7,167,DRAFTED,0,PRACTICE_SQUAD_CANDIDATE,NONE,5,DEPTH,61,64,GENERATED
PHI_S_06,Samson McKissic,PHI,S,Secondary,41,72,208,22,0,COL0002,Calderwood University,2026,,,,UNDRAFTED,1,CAMP_BODY,NONE,6,CAMP,66,66,GENERATED
PHI_S_07,Lachlan Aguilar,PHI,S,Secondary,23,73,192,24,0,COL0134,Larkspur State,2026,6,19,179,DRAFTED,1,CAMP_BODY,NONE,7,CAMP,55,61,GENERATED
PHI_K_01,Darian Noteboom,PHI,K,Specialist,49,72,191,27,6,COL0233,Clearwater Ridge University,2020,2,27,59,DRAFTED,0,ACTIVE,NONE,1,STARTER,72,77,GENERATED
PHI_K_02,Quentin Medearis,PHI,K,Specialist,25,69,197,24,1,COL0253,Bramblewood State,2025,,,,UNDRAFTED,0,PRACTICE_SQUAD_CANDIDATE,NONE,2,DEPTH,69,72,GENERATED
PHI_P_01,Zane Bainbridge,PHI,P,Specialist,88,73,219,25,3,COL0073,Cypress Hollow Tech,2023,3,27,91,DRAFTED,0,ACTIVE,IR,1,STARTER,74,76,GENERATED
PHI_P_02,Kolby Ashby,PHI,P,Specialist,45,75,188,21,0,COL0253,Bramblewood State,2026,,,,UNDRAFTED,1,PRACTICE_SQUAD_CANDIDATE,NONE,2,DEPTH,51,59,GENERATED
PHI_LS_01,Sarkis Tillotson,PHI,LS,Specialist,53,74,254,26,3,COL0100,Thornfield University,2023,3,31,95,DRAFTED,0,ACTIVE,NONE,1,STARTER,75,83,GENERATED
WAS_QB_01,Zion Isbell,WAS,QB,Quarterback,64,71,235,24,1,COL0180,Mount Verity College,2025,2,31,63,DRAFTED,0,ACTIVE,NONE,1,STARTER,78,83,GENERATED
WAS_QB_02,Miles Harrell,WAS,QB,Quarterback,56,75,217,27,5,COL0217,Ravensburg State Tech,2021,,,,UNDRAFTED,0,ACTIVE,NONE,2,ROTATIONAL,63,66,GENERATED
WAS_QB_03,Quincy McCourty,WAS,QB,Quarterback,30,75,234,25,3,COL0007,Calderwood State Tech,2023,,,,UNDRAFTED,0,PRACTICE_SQUAD_CANDIDATE,NONE,3,DEPTH,67,69,GENERATED
WAS_QB_04,Malcolm Rodenberg,WAS,QB,Quarterback,98,77,227,22,0,COL0074,Cypress Hollow A&M,2026,5,31,159,DRAFTED,1,CAMP_BODY,DAY_TO_DAY,4,CAMP,56,67,GENERATED
WAS_RB_01,Tyrell Dumervil,WAS,RB,Backfield,38,68,217,27,5,COL0252,Winslow State Tech,2021,2,6,38,DRAFTED,0,ACTIVE,NONE,1,STARTER,81,81,GENERATED
WAS_RB_02,Harvey Jernigan,WAS,RB,Backfield,89,68,198,23,2,COL0096,Bellhaven College,2024,1,20,20,DRAFTED,0,ACTIVE,NONE,2,ROTATIONAL,75,76,GENERATED
WAS_RB_03,Kasimir Rademacher,WAS,RB,Backfield,58,70,199,27,4,COL0205,Lakemont University,2022,7,25,217,DRAFTED,0,ACTIVE,NONE,3,ROTATIONAL,72,76,GENERATED
WAS_RB_04,Leon Bascomb,WAS,RB,Backfield,39,70,204,25,2,COL0049,Northcrest State Tech,2024,3,7,71,DRAFTED,0,PRACTICE_SQUAD_CANDIDATE,NONE,4,DEPTH,63,66,GENERATED
WAS_RB_05,Zion Fulmer,WAS,RB,Backfield,63,70,200,24,1,COL0027,Marbury Institute,2025,6,18,178,DRAFTED,0,CAMP_BODY,NONE,5,CAMP,54,64,GENERATED
WAS_FB_01,Efrain Byrd,WAS,FB,Backfield,4,72,242,30,6,COL0104,Thornfield Institute,2020,1,28,28,DRAFTED,0,ACTIVE,NONE,1,STARTER,78,80,GENERATED
WAS_WR_01,Bandon Gentry,WAS,WR,Receiver,60,77,196,36,13,COL0060,Havenport A&M,2013,,,,UNDRAFTED,0,ACTIVE,NONE,1,STARTER,76,76,GENERATED
WAS_WR_02,Royce Waterhouse,WAS,WR,Receiver,67,73,209,26,2,COL0102,Thornfield A&M,2024,1,29,29,DRAFTED,0,ACTIVE,PUP,2,STARTER,83,85,GENERATED
WAS_WR_03,Zachariah Ridgeway,WAS,WR,Receiver,34,75,193,26,3,COL0030,Stonewell University,2023,1,12,12,DRAFTED,0,ACTIVE,NONE,3,STARTER,77,78,GENERATED
WAS_WR_04,Kenzo Sorrentino,WAS,WR,Receiver,51,71,195,29,7,COL0050,Redbluff State,2019,3,11,75,DRAFTED,0,ACTIVE,NONE,4,ROTATIONAL,67,67,GENERATED
WAS_WR_05,Hugo Tillotson,WAS,WR,Receiver,15,68,210,28,6,COL0072,Cypress Hollow University,2020,,,,UNDRAFTED,0,ACTIVE,NONE,5,ROTATIONAL,62,62,GENERATED
WAS_WR_06,Vann Sigler,WAS,WR,Receiver,54,72,193,28,5,COL0038,Kelvinridge Tech,2021,4,4,100,DRAFTED,0,ACTIVE,NONE,6,ROTATIONAL,72,72,GENERATED
WAS_WR_07,Kalen Clanton,WAS,WR,Receiver,65,72,203,26,3,COL0234,Clearwater Ridge Tech,2023,3,27,91,DRAFTED,0,PRACTICE_SQUAD_CANDIDATE,NONE,7,DEPTH,65,68,GENERATED
WAS_WR_08,Efrain Kolodziej,WAS,WR,Receiver,97,74,231,22,0,COL0120,Falcon Ridge State,2026,5,15,143,DRAFTED,1,PRACTICE_SQUAD_CANDIDATE,NFI,8,DEPTH,56,63,GENERATED
WAS_WR_09,Warrick Coulombe,WAS,WR,Receiver,24,74,194,22,0,COL0021,Ashfield State Tech,2026,,,,UNDRAFTED,1,CAMP_BODY,NONE,9,CAMP,63,67,GENERATED
WAS_WR_10,Gerard Weddington,WAS,WR,Receiver,6,73,209,22,0,COL0052,Redbluff Tech,2026,,,,UNDRAFTED,1,CAMP_BODY,NONE,10,CAMP,62,68,GENERATED
WAS_WR_11,Jelani Isbell,WAS,WR,Receiver,21,69,204,23,1,COL0225,Dunmore State,2025,6,25,185,DRAFTED,0,CAMP_BODY,NONE,11,CAMP,65,66,GENERATED
WAS_TE_01,Patton Kowalski,WAS,TE,Receiver,83,76,250,24,2,COL0013,Fort Grayson Institute,2024,1,18,18,DRAFTED,0,ACTIVE,NONE,1,STARTER,72,80,GENERATED
WAS_TE_02,Gaspard Tuanigamanuolepola,WAS,TE,Receiver,87,75,240,25,2,COL0090,Westmoor Institute,2024,1,8,8,DRAFTED,0,ACTIVE,DAY_TO_DAY,2,ROTATIONAL,72,75,GENERATED
WAS_TE_03,Heath Estrada,WAS,TE,Receiver,69,76,244,28,6,COL0176,Mount Verity State,2020,7,11,203,DRAFTED,0,ACTIVE,NONE,3,ROTATIONAL,63,65,GENERATED
WAS_TE_04,Jericho Wattenberg,WAS,TE,Receiver,44,76,258,24,2,COL0104,Thornfield Institute,2024,,,,UNDRAFTED,0,PRACTICE_SQUAD_CANDIDATE,NONE,4,DEPTH,66,67,GENERATED
WAS_TE_05,Juelz Owusu,WAS,TE,Receiver,9,75,264,24,2,COL0204,Lakemont State,2024,,,,UNDRAFTED,0,CAMP_BODY,NONE,5,CAMP,54,60,GENERATED
WAS_TE_06,Hollis Ladouceur,WAS,TE,Receiver,77,78,245,24,0,COL0212,Ravensburg University,2026,6,9,169,DRAFTED,1,CAMP_BODY,NONE,6,CAMP,58,63,GENERATED
WAS_OT_01,Beckham Chidozie,WAS,OT,O-Line,52,77,341,27,4,COL0100,Thornfield University,2022,3,1,65,DRAFTED,0,ACTIVE,NONE,1,STARTER,82,83,GENERATED
WAS_OT_02,Creed Linscomb,WAS,OT,O-Line,43,76,324,25,2,COL0131,Emberton College,2024,6,28,188,DRAFTED,0,ACTIVE,NONE,2,STARTER,78,83,GENERATED
WAS_OT_03,Forrest Heggins,WAS,OT,O-Line,10,81,307,27,5,COL0123,Falcon Ridge A&M,2021,5,15,143,DRAFTED,0,ACTIVE,NONE,3,ROTATIONAL,73,75,GENERATED
WAS_OT_04,Eli Loflin,WAS,OT,O-Line,28,79,310,29,5,COL0016,Ashfield University,2021,5,27,155,DRAFTED,0,ACTIVE,NONE,4,ROTATIONAL,73,73,GENERATED
WAS_OT_05,Grady Brinkley,WAS,OT,O-Line,79,77,306,23,1,COL0242,Talbot A&M,2025,,,,UNDRAFTED,0,PRACTICE_SQUAD_CANDIDATE,NONE,5,DEPTH,60,65,GENERATED
WAS_OT_06,Jericho Hennessy,WAS,OT,O-Line,70,78,308,27,6,COL0044,Northcrest University,2020,7,30,222,DRAFTED,0,CAMP_BODY,NONE,6,CAMP,54,54,GENERATED
WAS_OG_01,Hutch Hepburn,WAS,OG,O-Line,19,76,298,38,14,COL0155,Granite Bay State,2012,1,22,22,DRAFTED,0,ACTIVE,DAY_TO_DAY,1,STARTER,74,74,GENERATED
WAS_OG_02,Nehemiah Stonehouse,WAS,OG,O-Line,32,75,310,25,2,COL0158,Granite Bay A&M,2024,2,15,47,DRAFTED,0,ACTIVE,NONE,2,STARTER,88,88,GENERATED
WAS_OG_03,Kermit Shepley,WAS,OG,O-Line,33,75,319,23,0,COL0123,Falcon Ridge A&M,2026,6,4,164,DRAFTED,1,ACTIVE,NONE,3,ROTATIONAL,60,65,GENERATED
WAS_OG_04,Ford Dunleavy,WAS,OG,O-Line,72,75,333,28,5,COL0194,Pinehurst Valley College,2021,1,22,22,DRAFTED,0,ACTIVE,NONE,4,ROTATIONAL,72,74,GENERATED
WAS_OG_05,Rowan Massengale,WAS,OG,O-Line,8,77,316,23,1,COL0072,Cypress Hollow University,2025,5,8,136,DRAFTED,0,PRACTICE_SQUAD_CANDIDATE,NONE,5,DEPTH,66,72,GENERATED
WAS_OG_06,Tavares Melchior,WAS,OG,O-Line,22,75,295,24,2,COL0075,Cypress Hollow College,2024,5,31,159,DRAFTED,0,CAMP_BODY,NONE,6,CAMP,51,53,GENERATED
WAS_C_01,Moses Mullaney,WAS,C,O-Line,23,74,305,30,7,COL0134,Larkspur State,2019,2,29,61,DRAFTED,0,ACTIVE,NONE,1,STARTER,69,69,GENERATED
WAS_C_02,Lowell Shreve,WAS,C,O-Line,90,77,314,36,14,COL0212,Ravensburg University,2012,,,,UNDRAFTED,0,ACTIVE,NONE,2,ROTATIONAL,55,55,GENERATED
WAS_C_03,Sawyer Kanell,WAS,C,O-Line,50,74,303,28,6,COL0027,Marbury Institute,2020,,,,UNDRAFTED,0,PRACTICE_SQUAD_CANDIDATE,NONE,3,DEPTH,61,62,GENERATED
WAS_EDGE_01,Draven Schmitz,WAS,EDGE,Front Seven,71,74,250,32,8,COL0050,Redbluff State,2018,7,10,202,DRAFTED,0,ACTIVE,NONE,1,STARTER,72,77,GENERATED
WAS_EDGE_02,Wesson Langford,WAS,EDGE,Front Seven,75,76,263,31,7,COL0255,Bramblewood Tech,2019,2,3,35,DRAFTED,0,ACTIVE,NONE,2,STARTER,80,80,GENERATED
WAS_EDGE_03,Ephraim Gauthier,WAS,EDGE,Front Seven,61,77,268,23,1,COL0096,Bellhaven College,2025,5,16,144,DRAFTED,0,ACTIVE,NONE,3,ROTATIONAL,66,77,GENERATED
WAS_EDGE_04,Kenyon Turpin,WAS,EDGE,Front Seven,73,76,278,27,5,COL0192,Pinehurst Valley Tech,2021,7,30,222,DRAFTED,0,ACTIVE,NONE,4,ROTATIONAL,63,70,GENERATED
WAS_EDGE_05,Wade Barsotti,WAS,EDGE,Front Seven,80,76,266,27,4,COL0224,Foxcroft State Tech,2022,3,1,65,DRAFTED,0,ACTIVE,NONE,5,ROTATIONAL,71,74,GENERATED
WAS_EDGE_06,Tristan Denham,WAS,EDGE,Front Seven,92,77,275,29,6,COL0232,Clearwater Ridge State,2020,6,5,165,DRAFTED,0,PRACTICE_SQUAD_CANDIDATE,NONE,6,DEPTH,77,83,GENERATED
WAS_EDGE_07,Ellis Wilkerson,WAS,EDGE,Front Seven,48,76,272,24,3,COL0174,Harrowgate Institute,2023,7,31,223,DRAFTED,0,PRACTICE_SQUAD_CANDIDATE,NONE,7,DEPTH,63,66,GENERATED
WAS_EDGE_08,Briggs Underwood,WAS,EDGE,Front Seven,93,76,253,23,0,COL0071,Cypress Hollow State,2026,,,,UNDRAFTED,1,CAMP_BODY,NONE,8,CAMP,52,58,GENERATED
WAS_EDGE_09,Ephraim Gorsuch,WAS,EDGE,Front Seven,53,75,262,26,3,COL0199,Copper Creek Tech,2023,,,,UNDRAFTED,0,CAMP_BODY,NONE,9,CAMP,60,62,GENERATED
WAS_DT_01,Ludwig Hankins,WAS,DT,Front Seven,96,74,323,28,6,COL0136,Larkspur Tech,2020,2,31,63,DRAFTED,0,ACTIVE,NONE,1,STARTER,78,82,GENERATED
WAS_DT_02,Lionel Rutledge,WAS,DT,Front Seven,45,74,321,31,9,COL0128,Emberton University,2017,1,22,22,DRAFTED,0,ACTIVE,NONE,2,STARTER,90,90,GENERATED
WAS_DT_03,Clay Fleener,WAS,DT,Front Seven,12,76,296,27,6,COL0043,Northcrest State,2020,6,28,188,DRAFTED,0,ACTIVE,NONE,3,ROTATIONAL,67,67,GENERATED
WAS_DT_04,Kobi Dalrymple,WAS,DT,Front Seven,85,72,288,25,3,COL0060,Havenport A&M,2023,2,24,56,DRAFTED,0,ACTIVE,NONE,4,ROTATIONAL,70,78,GENERATED
WAS_DT_05,Augustus Winchester,WAS,DT,Front Seven,40,75,312,26,5,COL0036,Kelvinridge State,2021,,,,UNDRAFTED,0,ACTIVE,NONE,5,ROTATIONAL,69,69,GENERATED
WAS_DT_06,Merle Quigley,WAS,DT,Front Seven,13,75,284,23,0,COL0192,Pinehurst Valley Tech,2026,6,30,190,DRAFTED,1,PRACTICE_SQUAD_CANDIDATE,PUP,6,DEPTH,57,60,GENERATED
WAS_DT_07,Jelani Dockery,WAS,DT,Front Seven,25,73,287,23,1,COL0096,Bellhaven College,2025,,,,UNDRAFTED,0,CAMP_BODY,NONE,7,CAMP,48,56,GENERATED
WAS_DT_08,Dashiell Kessler,WAS,DT,Front Seven,94,72,315,21,0,COL0228,Dunmore A&M,2026,6,26,186,DRAFTED,1,CAMP_BODY,NONE,8,CAMP,51,52,GENERATED
WAS_LB_01,Boone Lessard,WAS,LB,Front Seven,84,75,234,30,7,COL0176,Mount Verity State,2019,1,27,27,DRAFTED,0,ACTIVE,NONE,1,STARTER,78,79,GENERATED
WAS_LB_02,Creed Turpin,WAS,LB,Front Seven,26,75,239,23,2,COL0160,Granite Bay Institute,2024,1,20,20,DRAFTED,0,ACTIVE,DAY_TO_DAY,2,STARTER,82,89,GENERATED
WAS_LB_03,Langston Gaddis,WAS,LB,Front Seven,66,75,226,29,5,COL0198,Copper Creek University,2021,5,17,145,DRAFTED,0,ACTIVE,NONE,3,ROTATIONAL,71,72,GENERATED
WAS_LB_04,Kamden Hartline,WAS,LB,Front Seven,42,73,247,23,1,COL0097,Bellhaven Institute,2025,3,12,76,DRAFTED,0,ACTIVE,DAY_TO_DAY,4,ROTATIONAL,71,76,GENERATED
WAS_LB_05,Obadiah Dungy,WAS,LB,Front Seven,16,75,240,29,5,COL0132,Emberton Institute,2021,1,16,16,DRAFTED,0,ACTIVE,DAY_TO_DAY,5,ROTATIONAL,66,73,GENERATED
WAS_LB_06,Langston Jodeci,WAS,LB,Front Seven,55,75,222,23,0,COL0018,Ashfield A&M,2026,7,13,205,DRAFTED,1,PRACTICE_SQUAD_CANDIDATE,DAY_TO_DAY,6,DEPTH,60,69,GENERATED
WAS_LB_07,Odell Bascomb,WAS,LB,Front Seven,14,74,223,23,1,COL0236,Clearwater Ridge College,2025,,,,UNDRAFTED,0,CAMP_BODY,NONE,7,CAMP,57,68,GENERATED
WAS_LB_08,Demarco Wilkerson,WAS,LB,Front Seven,3,76,239,21,0,COL0041,Kelvinridge Institute,2026,7,13,205,DRAFTED,1,CAMP_BODY,NONE,8,CAMP,55,65,GENERATED
WAS_CB_01,Elian Horvath,WAS,CB,Secondary,59,71,188,25,3,COL0234,Clearwater Ridge Tech,2023,2,5,37,DRAFTED,0,ACTIVE,NONE,1,STARTER,78,86,GENERATED
WAS_CB_02,Logan Kraft,WAS,CB,Secondary,46,70,182,23,2,COL0135,Larkspur University,2024,1,15,15,DRAFTED,0,ACTIVE,NONE,2,STARTER,91,99,GENERATED
WAS_CB_03,Kavion Beecham,WAS,CB,Secondary,29,70,189,29,6,COL0240,Talbot University,2020,2,4,36,DRAFTED,0,ACTIVE,NONE,3,STARTER,72,80,GENERATED
WAS_CB_04,Brantley Durrant,WAS,CB,Secondary,74,69,212,24,2,COL0087,Westmoor Tech,2024,1,31,31,DRAFTED,0,ACTIVE,NONE,4,ROTATIONAL,73,74,GENERATED
WAS_CB_05,Yusuf Santoro,WAS,CB,Secondary,2,71,190,34,11,COL0228,Dunmore A&M,2015,,,,UNDRAFTED,0,ACTIVE,NONE,5,ROTATIONAL,68,74,GENERATED
WAS_CB_06,Zeke Legette,WAS,CB,Secondary,11,72,202,25,3,COL0247,Winslow University,2023,,,,UNDRAFTED,0,ACTIVE,NONE,6,ROTATIONAL,71,73,GENERATED
WAS_CB_07,Titus Bagwell,WAS,CB,Secondary,31,69,182,25,2,COL0119,Kingsbridge State Tech,2024,5,28,156,DRAFTED,0,PRACTICE_SQUAD_CANDIDATE,NONE,7,DEPTH,64,67,GENERATED
WAS_CB_08,Ansel Alcott,WAS,CB,Secondary,91,72,210,23,1,COL0239,Talbot State,2025,,,,UNDRAFTED,0,PRACTICE_SQUAD_CANDIDATE,NONE,8,DEPTH,65,74,GENERATED
WAS_CB_09,Holden Brasher,WAS,CB,Secondary,41,72,199,23,1,COL0156,Granite Bay University,2025,,,,UNDRAFTED,0,CAMP_BODY,NONE,9,CAMP,55,64,GENERATED
WAS_CB_10,Kane Mbaka,WAS,CB,Secondary,86,72,198,23,0,COL0232,Clearwater Ridge State,2026,,,,UNDRAFTED,1,CAMP_BODY,NONE,10,CAMP,59,65,GENERATED
WAS_CB_11,Ohan Casillas,WAS,CB,Secondary,95,70,179,21,0,COL0006,Calderwood Institute,2026,7,13,205,DRAFTED,1,CAMP_BODY,NONE,11,CAMP,57,64,GENERATED
WAS_S_01,Jorel Levasseur,WAS,S,Secondary,47,72,197,28,5,COL0206,Lakemont Tech,2021,,,,UNDRAFTED,0,ACTIVE,NONE,1,STARTER,69,70,GENERATED
WAS_S_02,Randall Alcott,WAS,S,Secondary,27,72,205,26,4,COL0048,Northcrest Institute,2022,,,,UNDRAFTED,0,ACTIVE,NONE,2,STARTER,69,71,GENERATED
WAS_S_03,Corbin Courtland,WAS,S,Secondary,20,72,215,28,4,COL0244,Talbot Institute,2022,7,15,207,DRAFTED,0,ACTIVE,NONE,3,ROTATIONAL,71,71,GENERATED
WAS_S_04,Hank Renfrow,WAS,S,Secondary,35,72,202,27,5,COL0187,Sunderland College,2021,5,25,153,DRAFTED,0,ACTIVE,NONE,4,ROTATIONAL,73,77,GENERATED
WAS_S_05,Teagan Klemm,WAS,S,Secondary,81,72,215,26,3,COL0111,Quarry Hill Institute,2023,5,20,148,DRAFTED,0,PRACTICE_SQUAD_CANDIDATE,NONE,5,DEPTH,64,65,GENERATED
WAS_S_06,Spencer Stepnoski,WAS,S,Secondary,62,70,196,23,2,COL0101,Thornfield Tech,2024,,,,UNDRAFTED,0,CAMP_BODY,NONE,6,CAMP,51,54,GENERATED
WAS_S_07,Chandler Schaffner,WAS,S,Secondary,37,72,202,24,2,COL0089,Westmoor College,2024,,,,UNDRAFTED,0,CAMP_BODY,NONE,7,CAMP,53,61,GENERATED
WAS_K_01,Manny Olawale,WAS,K,Specialist,57,75,209,30,8,COL0091,Westmoor State Tech,2018,1,31,31,DRAFTED,0,ACTIVE,NONE,1,STARTER,71,71,GENERATED
WAS_K_02,Julius Whitlow,WAS,K,Specialist,78,71,192,23,1,COL0169,Harrowgate State,2025,,,,UNDRAFTED,0,PRACTICE_SQUAD_CANDIDATE,NONE,2,DEPTH,65,74,GENERATED
WAS_P_01,Salvatore Kenney,WAS,P,Specialist,1,72,203,23,2,COL0028,Marbury State Tech,2024,1,10,10,DRAFTED,0,ACTIVE,NONE,1,STARTER,83,87,GENERATED
WAS_P_02,Rigby Brockman,WAS,P,Specialist,82,72,218,25,2,COL0116,Kingsbridge A&M,2024,,,,UNDRAFTED,0,PRACTICE_SQUAD_CANDIDATE,NONE,2,DEPTH,67,70,GENERATED
WAS_LS_01,Bram Hepburn,WAS,LS,Specialist,76,73,246,28,7,COL0217,Ravensburg State Tech,2019,5,14,142,DRAFTED,0,ACTIVE,NONE,1,STARTER,67,77,GENERATED
NYG_QB_01,Ashton Zeitler,NYG,QB,Quarterback,48,74,236,28,5,COL0227,Dunmore Tech,2021,1,18,18,DRAFTED,0,ACTIVE,NONE,1,STARTER,69,72,GENERATED
NYG_QB_02,Warrick Fraley,NYG,QB,Quarterback,5,74,228,26,4,COL0108,Quarry Hill Tech,2022,5,16,144,DRAFTED,0,ACTIVE,DAY_TO_DAY,2,ROTATIONAL,68,68,GENERATED
NYG_QB_03,Buck Restrepo,NYG,QB,Quarterback,27,73,214,25,3,COL0243,Talbot College,2023,,,,UNDRAFTED,0,PRACTICE_SQUAD_CANDIDATE,NONE,3,DEPTH,54,59,GENERATED
NYG_QB_04,Jaheim Philbeck,NYG,QB,Quarterback,56,76,209,23,0,COL0185,Sunderland Tech,2026,6,20,180,DRAFTED,1,CAMP_BODY,NONE,4,CAMP,62,68,GENERATED
NYG_RB_01,Torin Doughty,NYG,RB,Backfield,23,71,182,25,2,COL0001,Calderwood State,2024,1,25,25,DRAFTED,0,ACTIVE,NONE,1,STARTER,76,83,GENERATED
NYG_RB_02,Tanner Okorafor,NYG,RB,Backfield,88,70,209,26,2,COL0047,Northcrest College,2024,3,10,74,DRAFTED,0,ACTIVE,NONE,2,ROTATIONAL,66,68,GENERATED
NYG_RB_03,Amos Yarborough,NYG,RB,Backfield,43,68,226,25,1,COL0087,Westmoor Tech,2025,6,22,182,DRAFTED,0,ACTIVE,NONE,3,ROTATIONAL,74,77,GENERATED
NYG_RB_04,Gaspard Rapp,NYG,RB,Backfield,74,66,201,23,2,COL0158,Granite Bay A&M,2024,6,18,178,DRAFTED,0,PRACTICE_SQUAD_CANDIDATE,NONE,4,DEPTH,64,70,GENERATED
NYG_RB_05,Dillon Rentschler,NYG,RB,Backfield,18,70,198,23,2,COL0124,Falcon Ridge College,2024,,,,UNDRAFTED,0,CAMP_BODY,NONE,5,CAMP,59,64,GENERATED
NYG_FB_01,Woodrow Killebrew,NYG,FB,Backfield,76,72,222,29,6,COL0147,Whitepine State Tech,2020,,,,UNDRAFTED,0,ACTIVE,NONE,1,STARTER,71,71,GENERATED
NYG_WR_01,Nehemiah Eldridge,NYG,WR,Receiver,70,71,199,25,2,COL0220,Foxcroft Tech,2024,,,,UNDRAFTED,0,ACTIVE,NONE,1,STARTER,69,73,GENERATED
NYG_WR_02,Norwood Thorogood,NYG,WR,Receiver,90,73,174,26,4,COL0050,Redbluff State,2022,5,9,137,DRAFTED,0,ACTIVE,NONE,2,STARTER,80,86,GENERATED
NYG_WR_03,Grayson Musgrave,NYG,WR,Receiver,61,71,222,28,7,COL0193,Pinehurst Valley A&M,2019,1,12,12,DRAFTED,0,ACTIVE,NONE,3,STARTER,82,82,GENERATED
NYG_WR_04,Vicente Granderson,NYG,WR,Receiver,35,73,198,22,0,COL0132,Emberton Institute,2026,6,17,177,DRAFTED,1,ACTIVE,NONE,4,ROTATIONAL,65,69,GENERATED
NYG_WR_05,Cormac Dellinger,NYG,WR,Receiver,72,72,189,24,2,COL0050,Redbluff State,2024,,,,UNDRAFTED,0,ACTIVE,NONE,5,ROTATIONAL,66,66,GENERATED
NYG_WR_06,Conrad Tanguay,NYG,WR,Receiver,28,74,215,24,0,COL0183,Sunderland State,2026,5,8,136,DRAFTED,1,ACTIVE,NONE,6,ROTATIONAL,61,69,GENERATED
NYG_WR_07,Zephyr Hawkes,NYG,WR,Receiver,83,71,184,27,4,COL0182,Mount Verity State Tech,2022,,,,UNDRAFTED,0,PRACTICE_SQUAD_CANDIDATE,NONE,7,DEPTH,60,69,GENERATED
NYG_WR_08,Harvey McQuarters,NYG,WR,Receiver,41,71,200,24,3,COL0124,Falcon Ridge College,2023,,,,UNDRAFTED,0,PRACTICE_SQUAD_CANDIDATE,NONE,8,DEPTH,59,65,GENERATED
NYG_WR_09,Arlo Mahaffey,NYG,WR,Receiver,24,72,217,23,0,COL0157,Granite Bay Tech,2026,4,18,114,DRAFTED,1,CAMP_BODY,NONE,9,CAMP,68,73,GENERATED
NYG_WR_10,Sylas Plunkett,NYG,WR,Receiver,14,68,212,22,0,COL0130,Emberton A&M,2026,6,16,176,DRAFTED,1,CAMP_BODY,NFI,10,CAMP,60,63,GENERATED
NYG_WR_11,Kenyon Sagapolutele,NYG,WR,Receiver,16,74,176,23,0,COL0192,Pinehurst Valley Tech,2026,,,,UNDRAFTED,1,CAMP_BODY,NONE,11,CAMP,64,70,GENERATED
NYG_TE_01,Idris Houghton,NYG,TE,Receiver,4,77,251,23,1,COL0037,Kelvinridge University,2025,1,23,23,DRAFTED,0,ACTIVE,NONE,1,STARTER,70,81,GENERATED
NYG_TE_02,Owen Carlisle,NYG,TE,Receiver,66,78,248,23,2,COL0159,Granite Bay College,2024,2,21,53,DRAFTED,0,ACTIVE,NONE,2,ROTATIONAL,64,74,GENERATED
NYG_TE_03,Idris Kolodziej,NYG,TE,Receiver,63,75,250,29,7,COL0128,Emberton University,2019,5,9,137,DRAFTED,0,ACTIVE,NONE,3,ROTATIONAL,70,71,GENERATED
NYG_TE_04,Soloman Zeitler,NYG,TE,Receiver,6,76,252,23,0,COL0134,Larkspur State,2026,,,,UNDRAFTED,1,PRACTICE_SQUAD_CANDIDATE,NONE,4,DEPTH,58,63,GENERATED
NYG_TE_05,Dominik Cosgrove,NYG,TE,Receiver,75,75,248,24,0,COL0031,Stonewell Tech,2026,5,11,139,DRAFTED,1,CAMP_BODY,NONE,5,CAMP,51,57,GENERATED
NYG_TE_06,Arlen Rapp,NYG,TE,Receiver,67,77,247,24,0,COL0049,Northcrest State Tech,2026,7,6,198,DRAFTED,1,CAMP_BODY,NONE,6,CAMP,52,58,GENERATED
NYG_OT_01,Harvey Rapp,NYG,OT,O-Line,98,76,319,23,1,COL0026,Marbury College,2025,1,31,31,DRAFTED,0,ACTIVE,NONE,1,STARTER,76,84,GENERATED
NYG_OT_02,Dax Musgrave,NYG,OT,O-Line,26,78,318,27,4,COL0008,Fort Grayson State,2022,1,4,4,DRAFTED,0,ACTIVE,NONE,2,STARTER,78,80,GENERATED
NYG_OT_03,Lamont Gorsuch,NYG,OT,O-Line,99,77,316,25,2,COL0192,Pinehurst Valley Tech,2024,5,13,141,DRAFTED,0,ACTIVE,NONE,3,ROTATIONAL,69,77,GENERATED
NYG_OT_04,Diallo Hammersley,NYG,OT,O-Line,80,78,329,29,7,COL0035,Stonewell State Tech,2019,4,11,107,DRAFTED,0,ACTIVE,DAY_TO_DAY,4,ROTATIONAL,70,70,GENERATED
NYG_OT_05,Ezra Ironside,NYG,OT,O-Line,82,79,298,24,1,COL0103,Thornfield College,2025,7,8,200,DRAFTED,0,PRACTICE_SQUAD_CANDIDATE,DAY_TO_DAY,5,DEPTH,56,61,GENERATED
NYG_OT_06,Jomari Lamarque,NYG,OT,O-Line,36,78,301,23,0,COL0031,Stonewell Tech,2026,6,27,187,DRAFTED,1,CAMP_BODY,NONE,6,CAMP,58,64,GENERATED
NYG_OG_01,Kellan Waskiewicz,NYG,OG,O-Line,59,76,329,25,2,COL0076,Cypress Hollow Institute,2024,5,20,148,DRAFTED,0,ACTIVE,NONE,1,STARTER,66,69,GENERATED
NYG_OG_02,Leon Faulkner,NYG,OG,O-Line,62,75,308,27,5,COL0181,Mount Verity Institute,2021,3,4,68,DRAFTED,0,ACTIVE,NONE,2,STARTER,69,71,GENERATED
NYG_OG_03,Jomari Billups,NYG,OG,O-Line,85,74,317,23,1,COL0062,Havenport Institute,2025,6,4,164,DRAFTED,0,ACTIVE,NONE,3,ROTATIONAL,62,71,GENERATED
NYG_OG_04,Emeka Karras,NYG,OG,O-Line,68,77,308,24,3,COL0023,Marbury University,2023,,,,UNDRAFTED,0,ACTIVE,PUP,4,ROTATIONAL,63,69,GENERATED
NYG_OG_05,Ollie McLendon,NYG,OG,O-Line,39,77,330,23,2,COL0126,Falcon Ridge State Tech,2024,5,21,149,DRAFTED,0,PRACTICE_SQUAD_CANDIDATE,NONE,5,DEPTH,57,61,GENERATED
NYG_OG_06,Josiah Hitchens,NYG,OG,O-Line,77,77,315,23,0,COL0049,Northcrest State Tech,2026,5,23,151,DRAFTED,1,CAMP_BODY,NONE,6,CAMP,59,63,GENERATED
NYG_C_01,Lemuel Neasman,NYG,C,O-Line,32,76,313,26,5,COL0108,Quarry Hill Tech,2021,2,1,33,DRAFTED,0,ACTIVE,NONE,1,STARTER,72,77,GENERATED
NYG_C_02,Forrest Macalister,NYG,C,O-Line,13,74,316,25,2,COL0152,Cedar Falls College,2024,7,20,212,DRAFTED,0,ACTIVE,NONE,2,ROTATIONAL,61,65,GENERATED
NYG_C_03,Randall Bonner,NYG,C,O-Line,89,74,306,22,1,COL0013,Fort Grayson Institute,2025,,,,UNDRAFTED,0,PRACTICE_SQUAD_CANDIDATE,NONE,3,DEPTH,69,73,GENERATED
NYG_EDGE_01,Cassian Ladouceur,NYG,EDGE,Front Seven,69,75,250,28,6,COL0047,Northcrest College,2020,1,23,23,DRAFTED,0,ACTIVE,NONE,1,STARTER,77,77,GENERATED
NYG_EDGE_02,Tobias Somerville,NYG,EDGE,Front Seven,31,74,257,24,2,COL0186,Sunderland A&M,2024,2,3,35,DRAFTED,0,ACTIVE,DAY_TO_DAY,2,STARTER,75,80,GENERATED
NYG_EDGE_03,Trace Ricciardi,NYG,EDGE,Front Seven,1,73,255,29,6,COL0121,Falcon Ridge University,2020,,,,UNDRAFTED,0,ACTIVE,NONE,3,ROTATIONAL,66,67,GENERATED
NYG_EDGE_04,Nico Alfaro,NYG,EDGE,Front Seven,9,74,242,24,1,COL0007,Calderwood State Tech,2025,6,5,165,DRAFTED,0,ACTIVE,NONE,4,ROTATIONAL,74,79,GENERATED
NYG_EDGE_05,Armand Torrence,NYG,EDGE,Front Seven,96,76,263,24,2,COL0236,Clearwater Ridge College,2024,3,14,78,DRAFTED,0,ACTIVE,NONE,5,ROTATIONAL,70,80,GENERATED
NYG_EDGE_06,Lamont Reinhold,NYG,EDGE,Front Seven,29,74,270,27,3,COL0099,Thornfield State,2023,5,15,143,DRAFTED,0,PRACTICE_SQUAD_CANDIDATE,NONE,6,DEPTH,69,77,GENERATED
NYG_EDGE_07,Lockett Everhart,NYG,EDGE,Front Seven,33,77,275,21,0,COL0194,Pinehurst Valley College,2026,,,,UNDRAFTED,1,PRACTICE_SQUAD_CANDIDATE,NONE,7,DEPTH,58,61,GENERATED
NYG_EDGE_08,Desmond Babineaux,NYG,EDGE,Front Seven,64,75,288,26,5,COL0097,Bellhaven Institute,2021,,,,UNDRAFTED,0,CAMP_BODY,NONE,8,CAMP,60,62,GENERATED
NYG_EDGE_09,Tadeo Sabbagh,NYG,EDGE,Front Seven,79,75,278,23,2,COL0182,Mount Verity State Tech,2024,,,,UNDRAFTED,0,CAMP_BODY,NONE,9,CAMP,54,57,GENERATED
NYG_DT_01,Denzel Carmody,NYG,DT,Front Seven,2,75,297,25,3,COL0134,Larkspur State,2023,3,23,87,DRAFTED,0,ACTIVE,NONE,1,STARTER,67,67,GENERATED
NYG_DT_02,Saul Ricciardi,NYG,DT,Front Seven,60,77,321,26,2,COL0206,Lakemont Tech,2024,3,27,91,DRAFTED,0,ACTIVE,NONE,2,STARTER,71,71,GENERATED
NYG_DT_03,Gavin Mahaffey,NYG,DT,Front Seven,44,74,285,24,2,COL0232,Clearwater Ridge State,2024,,,,UNDRAFTED,0,ACTIVE,NONE,3,ROTATIONAL,71,79,GENERATED
NYG_DT_04,Amos McClurg,NYG,DT,Front Seven,95,74,321,23,0,COL0160,Granite Bay Institute,2026,5,14,142,DRAFTED,1,ACTIVE,NONE,4,ROTATIONAL,78,86,GENERATED
NYG_DT_05,Neville Lovelace,NYG,DT,Front Seven,93,75,302,30,6,COL0064,Silverlake State,2020,,,,UNDRAFTED,0,ACTIVE,NONE,5,ROTATIONAL,68,70,GENERATED
NYG_DT_06,Amari Tomlinson,NYG,DT,Front Seven,25,77,307,24,2,COL0025,Marbury A&M,2024,,,,UNDRAFTED,0,PRACTICE_SQUAD_CANDIDATE,DAY_TO_DAY,6,DEPTH,59,65,GENERATED
NYG_DT_07,Cato Zylstra,NYG,DT,Front Seven,86,71,309,25,3,COL0252,Winslow State Tech,2023,,,,UNDRAFTED,0,CAMP_BODY,NONE,7,CAMP,55,62,GENERATED
NYG_DT_08,Kareem Gresham,NYG,DT,Front Seven,71,74,329,23,0,COL0240,Talbot University,2026,7,2,194,DRAFTED,1,CAMP_BODY,NONE,8,CAMP,58,63,GENERATED
NYG_LB_01,Salem Rudolph,NYG,LB,Front Seven,3,76,229,23,2,COL0200,Copper Creek A&M,2024,1,11,11,DRAFTED,0,ACTIVE,NONE,1,STARTER,85,91,GENERATED
NYG_LB_02,Anders Sunderland,NYG,LB,Front Seven,91,74,245,25,3,COL0039,Kelvinridge A&M,2023,3,24,88,DRAFTED,0,ACTIVE,NONE,2,STARTER,76,79,GENERATED
NYG_LB_03,Wilder Thistlewood,NYG,LB,Front Seven,92,72,227,27,5,COL0223,Foxcroft Institute,2021,,,,UNDRAFTED,0,ACTIVE,NONE,3,ROTATIONAL,71,71,GENERATED
NYG_LB_04,Dorian Shreve,NYG,LB,Front Seven,38,75,251,25,3,COL0016,Ashfield University,2023,1,3,3,DRAFTED,0,ACTIVE,NONE,4,ROTATIONAL,70,72,GENERATED
NYG_LB_05,Prescott Kolodziej,NYG,LB,Front Seven,34,74,244,25,3,COL0013,Fort Grayson Institute,2023,2,2,34,DRAFTED,0,ACTIVE,NONE,5,ROTATIONAL,67,73,GENERATED
NYG_LB_06,Bexley Thorogood,NYG,LB,Front Seven,42,73,225,24,0,COL0030,Stonewell University,2026,,,,UNDRAFTED,1,PRACTICE_SQUAD_CANDIDATE,NONE,6,DEPTH,65,69,GENERATED
NYG_LB_07,Abram Lessard,NYG,LB,Front Seven,78,75,232,23,1,COL0196,Pinehurst Valley State Tech,2025,,,,UNDRAFTED,0,CAMP_BODY,NONE,7,CAMP,55,62,GENERATED
NYG_LB_08,Tadeo Weatherspoon,NYG,LB,Front Seven,81,73,239,21,0,COL0085,Westmoor State,2026,7,1,193,DRAFTED,1,CAMP_BODY,NONE,8,CAMP,53,60,GENERATED
NYG_CB_01,Rafferty Valentino,NYG,CB,Secondary,55,69,195,23,0,COL0099,Thornfield State,2026,3,1,65,DRAFTED,1,ACTIVE,NONE,1,STARTER,74,76,GENERATED
NYG_CB_02,Bruno Okorafor,NYG,CB,Secondary,65,71,200,30,7,COL0230,Dunmore Institute,2019,1,5,5,DRAFTED,0,ACTIVE,NONE,2,STARTER,82,88,GENERATED
NYG_CB_03,Abram Freeney,NYG,CB,Secondary,47,73,203,27,4,COL0186,Sunderland A&M,2022,2,9,41,DRAFTED,0,ACTIVE,NONE,3,STARTER,73,74,GENERATED
NYG_CB_04,Vito Twyman,NYG,CB,Secondary,15,70,197,27,4,COL0110,Quarry Hill College,2022,6,11,171,DRAFTED,0,ACTIVE,NONE,4,ROTATIONAL,69,73,GENERATED
NYG_CB_05,Arlen Fitzhugh,NYG,CB,Secondary,87,70,188,27,6,COL0153,Cedar Falls Institute,2020,3,25,89,DRAFTED,0,ACTIVE,NONE,5,ROTATIONAL,76,76,GENERATED
NYG_CB_06,Ridge Gholston,NYG,CB,Secondary,45,72,189,21,0,COL0169,Harrowgate State,2026,,,,UNDRAFTED,1,ACTIVE,NONE,6,ROTATIONAL,64,71,GENERATED
NYG_CB_07,Ajani Finnegan,NYG,CB,Secondary,19,71,191,24,1,COL0036,Kelvinridge State,2025,,,,UNDRAFTED,0,PRACTICE_SQUAD_CANDIDATE,NONE,7,DEPTH,59,68,GENERATED
NYG_CB_08,Hank Lafleur,NYG,CB,Secondary,20,72,190,24,1,COL0108,Quarry Hill Tech,2025,6,9,169,DRAFTED,0,PRACTICE_SQUAD_CANDIDATE,NONE,8,DEPTH,68,75,GENERATED
NYG_CB_09,Shaquille Callender,NYG,CB,Secondary,40,69,184,26,4,COL0135,Larkspur University,2022,7,28,220,DRAFTED,0,CAMP_BODY,NONE,9,CAMP,58,64,GENERATED
NYG_CB_10,Aubrey Gallardo,NYG,CB,Secondary,53,73,196,21,0,COL0235,Clearwater Ridge A&M,2026,,,,UNDRAFTED,1,CAMP_BODY,DAY_TO_DAY,10,CAMP,60,66,GENERATED
NYG_CB_11,Zaire Babineaux,NYG,CB,Secondary,10,72,195,26,2,COL0145,Whitepine College,2024,,,,UNDRAFTED,0,CAMP_BODY,NONE,11,CAMP,53,60,GENERATED
NYG_S_01,Clovis Philbeck,NYG,S,Secondary,46,74,212,25,3,COL0218,Foxcroft State,2023,5,27,155,DRAFTED,0,ACTIVE,NONE,1,STARTER,73,78,GENERATED
NYG_S_02,Zion Tanguay,NYG,S,Secondary,17,75,224,33,10,COL0251,Winslow Institute,2016,3,9,73,DRAFTED,0,ACTIVE,NONE,2,STARTER,66,69,GENERATED
NYG_S_03,Hugo Yiadom,NYG,S,Secondary,30,70,206,30,6,COL0062,Havenport Institute,2020,5,16,144,DRAFTED,0,ACTIVE,NONE,3,ROTATIONAL,72,72,GENERATED
NYG_S_04,Blaise Harrell,NYG,S,Secondary,97,71,206,23,1,COL0169,Harrowgate State,2025,,,,UNDRAFTED,0,ACTIVE,DAY_TO_DAY,4,ROTATIONAL,61,68,GENERATED
NYG_S_05,Dominik Kessler,NYG,S,Secondary,7,72,200,22,1,COL0136,Larkspur Tech,2025,6,3,163,DRAFTED,0,PRACTICE_SQUAD_CANDIDATE,NONE,5,DEPTH,63,70,GENERATED
NYG_S_06,Blaise Cadwell,NYG,S,Secondary,11,73,194,21,0,COL0243,Talbot College,2026,,,,UNDRAFTED,1,CAMP_BODY,NONE,6,CAMP,55,55,GENERATED
NYG_S_07,Briggs Dewitt,NYG,S,Secondary,51,71,218,23,0,COL0239,Talbot State,2026,7,30,222,DRAFTED,1,CAMP_BODY,NONE,7,CAMP,55,57,GENERATED
NYG_K_01,Jace Gaddis,NYG,K,Specialist,57,74,204,31,8,COL0232,Clearwater Ridge State,2018,1,12,12,DRAFTED,0,ACTIVE,NONE,1,STARTER,69,71,GENERATED
NYG_K_02,Diallo Colavito,NYG,K,Specialist,21,72,188,26,3,COL0228,Dunmore A&M,2023,,,,UNDRAFTED,0,PRACTICE_SQUAD_CANDIDATE,DAY_TO_DAY,2,DEPTH,58,62,GENERATED
NYG_P_01,Merle Oluokun,NYG,P,Specialist,94,71,202,28,6,COL0045,Northcrest Tech,2020,5,6,134,DRAFTED,0,ACTIVE,NONE,1,STARTER,67,67,GENERATED
NYG_P_02,Demetrius Colavito,NYG,P,Specialist,50,74,186,24,3,COL0109,Quarry Hill A&M,2023,5,5,133,DRAFTED,0,PRACTICE_SQUAD_CANDIDATE,NONE,2,DEPTH,72,72,GENERATED
NYG_LS_01,Murphy Hurlburt,NYG,LS,Specialist,58,70,228,25,3,COL0137,Larkspur A&M,2023,6,24,184,DRAFTED,0,ACTIVE,NONE,1,STARTER,67,72,GENERATED
CHI_QB_01,Joaquin McCandless,CHI,QB,Quarterback,33,75,212,26,3,COL0091,Westmoor State Tech,2023,1,20,20,DRAFTED,0,ACTIVE,NONE,1,STARTER,90,93,GENERATED
CHI_QB_02,Alaric Melchior,CHI,QB,Quarterback,83,76,217,25,2,COL0053,Redbluff A&M,2024,,,,UNDRAFTED,0,ACTIVE,NONE,2,ROTATIONAL,65,73,GENERATED
CHI_QB_03,Kaden Mendenhall,CHI,QB,Quarterback,1,71,203,22,0,COL0063,Havenport State Tech,2026,7,15,207,DRAFTED,1,PRACTICE_SQUAD_CANDIDATE,NONE,3,DEPTH,61,68,GENERATED
CHI_QB_04,Pierce Bonner,CHI,QB,Quarterback,66,76,221,24,1,COL0101,Thornfield Tech,2025,5,3,131,DRAFTED,0,CAMP_BODY,NONE,4,CAMP,59,63,GENERATED
CHI_RB_01,Vernon Dubois,CHI,RB,Backfield,28,68,202,34,13,COL0187,Sunderland College,2013,2,3,35,DRAFTED,0,ACTIVE,PUP,1,STARTER,77,77,GENERATED
CHI_RB_02,Elias Rathman,CHI,RB,Backfield,30,71,192,23,1,COL0149,Cedar Falls University,2025,3,12,76,DRAFTED,0,ACTIVE,NONE,2,ROTATIONAL,70,77,GENERATED
CHI_RB_03,Thurman Markham,CHI,RB,Backfield,15,69,212,23,1,COL0016,Ashfield University,2025,4,13,109,DRAFTED,0,ACTIVE,NONE,3,ROTATIONAL,71,78,GENERATED
CHI_RB_04,Josiah Rutledge,CHI,RB,Backfield,7,68,222,27,3,COL0005,Calderwood College,2023,6,10,170,DRAFTED,0,PRACTICE_SQUAD_CANDIDATE,NONE,4,DEPTH,65,66,GENERATED
CHI_RB_05,Malcolm Siemian,CHI,RB,Backfield,57,70,191,24,1,COL0035,Stonewell State Tech,2025,5,17,145,DRAFTED,0,CAMP_BODY,NONE,5,CAMP,56,63,GENERATED
CHI_FB_01,Brennan Sweatman,CHI,FB,Backfield,72,71,244,34,11,COL0042,Kelvinridge State Tech,2015,1,24,24,DRAFTED,0,ACTIVE,NONE,1,STARTER,80,80,GENERATED
CHI_WR_01,Wolfgang Gerhardt,CHI,WR,Receiver,82,68,213,29,6,COL0073,Cypress Hollow Tech,2020,2,27,59,DRAFTED,0,ACTIVE,NONE,1,STARTER,90,90,GENERATED
CHI_WR_02,Chevy Hufanga,CHI,WR,Receiver,60,72,185,24,2,COL0016,Ashfield University,2024,2,20,52,DRAFTED,0,ACTIVE,IR,2,STARTER,76,83,GENERATED
CHI_WR_03,Xavier Tillotson,CHI,WR,Receiver,80,72,219,29,6,COL0160,Granite Bay Institute,2020,1,23,23,DRAFTED,0,ACTIVE,NONE,3,STARTER,76,77,GENERATED
CHI_WR_04,Damon Sinnott,CHI,WR,Receiver,9,72,174,31,9,COL0117,Kingsbridge College,2017,7,32,224,DRAFTED,0,ACTIVE,NONE,4,ROTATIONAL,72,79,GENERATED
CHI_WR_05,Trey Lanphier,CHI,WR,Receiver,67,71,198,30,8,COL0028,Marbury State Tech,2018,1,32,32,DRAFTED,0,ACTIVE,NONE,5,ROTATIONAL,75,75,GENERATED
CHI_WR_06,Blaise Ruggiero,CHI,WR,Receiver,65,68,201,27,3,COL0256,Bramblewood A&M,2023,5,31,159,DRAFTED,0,ACTIVE,NONE,6,ROTATIONAL,64,65,GENERATED
CHI_WR_07,Hasani Trapasso,CHI,WR,Receiver,77,73,199,26,3,COL0011,Fort Grayson A&M,2023,7,12,204,DRAFTED,0,PRACTICE_SQUAD_CANDIDATE,NONE,7,DEPTH,72,81,GENERATED
CHI_WR_08,Eero Telfer,CHI,WR,Receiver,59,73,196,24,1,COL0084,Iron Gate State Tech,2025,5,2,130,DRAFTED,0,PRACTICE_SQUAD_CANDIDATE,NONE,8,DEPTH,60,67,GENERATED
CHI_WR_09,Brantley Arnett,CHI,WR,Receiver,54,72,194,23,1,COL0205,Lakemont University,2025,7,22,214,DRAFTED,0,CAMP_BODY,NONE,9,CAMP,61,66,GENERATED
CHI_WR_10,Deacon Lilliard,CHI,WR,Receiver,5,70,179,22,0,COL0183,Sunderland State,2026,7,12,204,DRAFTED,1,CAMP_BODY,NONE,10,CAMP,62,68,GENERATED
CHI_WR_11,Vito Morrissey,CHI,WR,Receiver,23,73,199,23,1,COL0232,Clearwater Ridge State,2025,5,8,136,DRAFTED,0,CAMP_BODY,NONE,11,CAMP,53,60,GENERATED
CHI_TE_01,Benoit Southall,CHI,TE,Receiver,61,78,262,24,2,COL0114,Kingsbridge University,2024,1,17,17,DRAFTED,0,ACTIVE,NONE,1,STARTER,82,85,GENERATED
CHI_TE_02,Jethro Waldron,CHI,TE,Receiver,18,77,241,26,5,COL0252,Winslow State Tech,2021,,,,UNDRAFTED,0,ACTIVE,DAY_TO_DAY,2,ROTATIONAL,74,74,GENERATED
CHI_TE_03,Dupree Benavides,CHI,TE,Receiver,35,75,239,23,1,COL0024,Marbury Tech,2025,5,9,137,DRAFTED,0,ACTIVE,NONE,3,ROTATIONAL,70,72,GENERATED
CHI_TE_04,Kavion Reinhold,CHI,TE,Receiver,16,77,243,25,2,COL0208,Lakemont College,2024,5,28,156,DRAFTED,0,PRACTICE_SQUAD_CANDIDATE,NONE,4,DEPTH,66,72,GENERATED
CHI_TE_05,Zuri Tanguay,CHI,TE,Receiver,74,76,255,23,0,COL0169,Harrowgate State,2026,6,3,163,DRAFTED,1,CAMP_BODY,NONE,5,CAMP,54,58,GENERATED
CHI_TE_06,Carsen Lucchese,CHI,TE,Receiver,97,77,250,27,3,COL0134,Larkspur State,2023,,,,UNDRAFTED,0,CAMP_BODY,NONE,6,CAMP,60,69,GENERATED
CHI_OT_01,Lyle Paddock,CHI,OT,O-Line,46,77,310,28,4,COL0108,Quarry Hill Tech,2022,4,18,114,DRAFTED,0,ACTIVE,NONE,1,STARTER,73,75,GENERATED
CHI_OT_02,Ryland Alderman,CHI,OT,O-Line,44,80,314,24,0,COL0231,Dunmore State Tech,2026,1,10,10,DRAFTED,1,ACTIVE,NONE,2,STARTER,78,85,GENERATED
CHI_OT_03,Zeb Hunnicutt,CHI,OT,O-Line,50,75,315,38,14,COL0245,Talbot State Tech,2012,2,15,47,DRAFTED,0,ACTIVE,NONE,3,ROTATIONAL,69,69,GENERATED
CHI_OT_04,Beckham Finnegan,CHI,OT,O-Line,79,78,317,23,1,COL0008,Fort Grayson State,2025,,,,UNDRAFTED,0,ACTIVE,NONE,4,ROTATIONAL,73,84,GENERATED
CHI_OT_05,Sable Yelverton,CHI,OT,O-Line,81,78,293,24,1,COL0075,Cypress Hollow College,2025,,,,UNDRAFTED,0,PRACTICE_SQUAD_CANDIDATE,NONE,5,DEPTH,56,58,GENERATED
CHI_OT_06,Kolby Copeland,CHI,OT,O-Line,21,77,315,24,2,COL0077,Cypress Hollow State Tech,2024,5,21,149,DRAFTED,0,CAMP_BODY,NONE,6,CAMP,58,58,GENERATED
CHI_OG_01,Salem Windham,CHI,OG,O-Line,70,76,307,30,8,COL0032,Stonewell A&M,2018,3,2,66,DRAFTED,0,ACTIVE,NONE,1,STARTER,72,73,GENERATED
CHI_OG_02,Giovanni Hufanga,CHI,OG,O-Line,3,74,312,30,9,COL0019,Ashfield College,2017,2,27,59,DRAFTED,0,ACTIVE,NONE,2,STARTER,69,73,GENERATED
CHI_OG_03,Tyree Wagoner,CHI,OG,O-Line,34,79,321,23,2,COL0073,Cypress Hollow Tech,2024,3,9,73,DRAFTED,0,ACTIVE,NFI,3,ROTATIONAL,73,81,GENERATED
CHI_OG_04,Kwame Ledbetter,CHI,OG,O-Line,13,74,286,30,7,COL0041,Kelvinridge Institute,2019,,,,UNDRAFTED,0,ACTIVE,NONE,4,ROTATIONAL,64,65,GENERATED
CHI_OG_05,Omari Quigley,CHI,OG,O-Line,45,75,329,33,9,COL0249,Winslow A&M,2017,6,19,179,DRAFTED,0,PRACTICE_SQUAD_CANDIDATE,NONE,5,DEPTH,63,68,GENERATED
CHI_OG_06,Griffin Shipley,CHI,OG,O-Line,55,76,314,23,0,COL0182,Mount Verity State Tech,2026,,,,UNDRAFTED,1,CAMP_BODY,NONE,6,CAMP,61,66,GENERATED
CHI_C_01,Grady Lanphier,CHI,C,O-Line,25,76,311,27,4,COL0056,Redbluff State Tech,2022,1,30,30,DRAFTED,0,ACTIVE,NONE,1,STARTER,78,83,GENERATED
CHI_C_02,Lincoln Courtland,CHI,C,O-Line,76,75,311,23,2,COL0241,Talbot Tech,2024,5,7,135,DRAFTED,0,ACTIVE,NONE,2,ROTATIONAL,65,70,GENERATED
CHI_C_03,Carsen Soderberg,CHI,C,O-Line,73,75,316,25,3,COL0107,Quarry Hill University,2023,7,11,203,DRAFTED,0,PRACTICE_SQUAD_CANDIDATE,NONE,3,DEPTH,67,68,GENERATED
CHI_EDGE_01,Arch Edelman,CHI,EDGE,Front Seven,68,75,266,30,7,COL0109,Quarry Hill A&M,2019,3,32,96,DRAFTED,0,ACTIVE,DAY_TO_DAY,1,STARTER,84,84,GENERATED
CHI_EDGE_02,Otto Hennessy,CHI,EDGE,Front Seven,96,75,277,28,5,COL0171,Harrowgate Tech,2021,1,9,9,DRAFTED,0,ACTIVE,NONE,2,STARTER,77,77,GENERATED
CHI_EDGE_03,Slade Mallett,CHI,EDGE,Front Seven,95,73,271,23,2,COL0140,Larkspur State Tech,2024,,,,UNDRAFTED,0,ACTIVE,NONE,3,ROTATIONAL,68,75,GENERATED
CHI_EDGE_04,Judah Buckner,CHI,EDGE,Front Seven,4,76,240,23,2,COL0196,Pinehurst Valley State Tech,2024,,,,UNDRAFTED,0,ACTIVE,NONE,4,ROTATIONAL,62,65,GENERATED
CHI_EDGE_05,Lawson Merriweather,CHI,EDGE,Front Seven,86,77,263,26,3,COL0164,Sablewood Tech,2023,,,,UNDRAFTED,0,ACTIVE,NONE,5,ROTATIONAL,69,77,GENERATED
CHI_EDGE_06,Kyrie Holbrook,CHI,EDGE,Front Seven,14,77,257,23,0,COL0048,Northcrest Institute,2026,,,,UNDRAFTED,1,PRACTICE_SQUAD_CANDIDATE,NONE,6,DEPTH,62,65,GENERATED
CHI_EDGE_07,Rudy Vaughters,CHI,EDGE,Front Seven,53,75,252,28,6,COL0050,Redbluff State,2020,,,,UNDRAFTED,0,PRACTICE_SQUAD_CANDIDATE,NONE,7,DEPTH,63,64,GENERATED
CHI_EDGE_08,Manny Jorgensen,CHI,EDGE,Front Seven,85,77,275,22,0,COL0162,Sablewood State,2026,7,5,197,DRAFTED,1,CAMP_BODY,DAY_TO_DAY,8,CAMP,58,60,GENERATED
CHI_EDGE_09,Nico Corrigan,CHI,EDGE,Front Seven,10,75,264,23,1,COL0209,Lakemont Institute,2025,5,14,142,DRAFTED,0,CAMP_BODY,NONE,9,CAMP,65,72,GENERATED
CHI_DT_01,Darian Rinaldi,CHI,DT,Front Seven,37,75,319,27,5,COL0048,Northcrest Institute,2021,5,16,144,DRAFTED,0,ACTIVE,NONE,1,STARTER,81,82,GENERATED
CHI_DT_02,Remy Boykin,CHI,DT,Front Seven,6,74,324,27,3,COL0019,Ashfield College,2023,1,6,6,DRAFTED,0,ACTIVE,NONE,2,STARTER,88,90,GENERATED
CHI_DT_03,Pierson Okorafor,CHI,DT,Front Seven,17,75,313,25,1,COL0030,Stonewell University,2025,1,26,26,DRAFTED,0,ACTIVE,NONE,3,ROTATIONAL,76,85,GENERATED
CHI_DT_04,Tucker Beecham,CHI,DT,Front Seven,38,73,318,24,3,COL0169,Harrowgate State,2023,5,4,132,DRAFTED,0,ACTIVE,NONE,4,ROTATIONAL,65,70,GENERATED
CHI_DT_05,Vance Iheanacho,CHI,DT,Front Seven,19,75,336,27,5,COL0219,Foxcroft University,2021,6,7,167,DRAFTED,0,ACTIVE,NONE,5,ROTATIONAL,65,72,GENERATED
CHI_DT_06,Gannon Bouchard,CHI,DT,Front Seven,94,75,304,24,2,COL0222,Foxcroft College,2024,,,,UNDRAFTED,0,PRACTICE_SQUAD_CANDIDATE,DAY_TO_DAY,6,DEPTH,53,53,GENERATED
CHI_DT_07,Salvatore Ledbetter,CHI,DT,Front Seven,63,73,275,23,0,COL0159,Granite Bay College,2026,7,6,198,DRAFTED,1,CAMP_BODY,NONE,7,CAMP,53,59,GENERATED
CHI_DT_08,Kieran Bordelon,CHI,DT,Front Seven,56,76,316,21,0,COL0208,Lakemont College,2026,5,11,139,DRAFTED,1,CAMP_BODY,NONE,8,CAMP,63,72,GENERATED
CHI_LB_01,Ibrahim Tonyan,CHI,LB,Front Seven,32,70,246,29,7,COL0183,Sunderland State,2019,4,7,103,DRAFTED,0,ACTIVE,NONE,1,STARTER,71,76,GENERATED
CHI_LB_02,Thurman Teasdale,CHI,LB,Front Seven,11,75,228,25,2,COL0132,Emberton Institute,2024,2,7,39,DRAFTED,0,ACTIVE,NONE,2,STARTER,76,79,GENERATED
CHI_LB_03,Ashton Chatman,CHI,LB,Front Seven,8,73,232,27,5,COL0008,Fort Grayson State,2021,5,32,160,DRAFTED,0,ACTIVE,NONE,3,ROTATIONAL,63,64,GENERATED
CHI_LB_04,Terrell Hooker,CHI,LB,Front Seven,78,76,235,24,2,COL0016,Ashfield University,2024,2,20,52,DRAFTED,0,ACTIVE,NFI,4,ROTATIONAL,73,77,GENERATED
CHI_LB_05,Landry Brody,CHI,LB,Front Seven,29,74,233,30,6,COL0144,Whitepine A&M,2020,6,29,189,DRAFTED,0,ACTIVE,NONE,5,ROTATIONAL,71,71,GENERATED
CHI_LB_06,Thatcher Harkness,CHI,LB,Front Seven,49,73,237,22,0,COL0149,Cedar Falls University,2026,3,14,78,DRAFTED,1,PRACTICE_SQUAD_CANDIDATE,NONE,6,DEPTH,66,68,GENERATED
CHI_LB_07,Malachi Olawale,CHI,LB,Front Seven,22,73,237,23,0,COL0007,Calderwood State Tech,2026,7,15,207,DRAFTED,1,CAMP_BODY,NONE,7,CAMP,52,60,GENERATED
CHI_LB_08,Redmond Sullivan,CHI,LB,Front Seven,88,74,230,25,1,COL0246,Winslow State,2025,,,,UNDRAFTED,0,CAMP_BODY,NONE,8,CAMP,54,56,GENERATED
CHI_CB_01,Barrett Hawkes,CHI,CB,Secondary,69,73,198,29,7,COL0006,Calderwood Institute,2019,1,5,5,DRAFTED,0,ACTIVE,NONE,1,STARTER,79,82,GENERATED
CHI_CB_02,Ryland Pouncey,CHI,CB,Secondary,98,72,202,26,2,COL0024,Marbury Tech,2024,1,26,26,DRAFTED,0,ACTIVE,NONE,2,STARTER,75,77,GENERATED
CHI_CB_03,Idris Quinones,CHI,CB,Secondary,87,70,195,33,12,COL0169,Harrowgate State,2014,2,2,34,DRAFTED,0,ACTIVE,NONE,3,STARTER,78,84,GENERATED
CHI_CB_04,Talon Herrera,CHI,CB,Secondary,89,69,190,23,2,COL0179,Mount Verity A&M,2024,,,,UNDRAFTED,0,ACTIVE,NONE,4,ROTATIONAL,70,71,GENERATED
CHI_CB_05,Stanton Broadwater,CHI,CB,Secondary,91,69,196,25,3,COL0061,Havenport College,2023,3,6,70,DRAFTED,0,ACTIVE,NONE,5,ROTATIONAL,68,74,GENERATED
CHI_CB_06,Kojo Cardenas,CHI,CB,Secondary,47,69,191,27,4,COL0246,Winslow State,2022,,,,UNDRAFTED,0,ACTIVE,NONE,6,ROTATIONAL,66,72,GENERATED
CHI_CB_07,Zachariah Tyree,CHI,CB,Secondary,84,70,203,26,5,COL0207,Lakemont A&M,2021,,,,UNDRAFTED,0,PRACTICE_SQUAD_CANDIDATE,NONE,7,DEPTH,62,66,GENERATED
CHI_CB_08,Ezra Judkins,CHI,CB,Secondary,52,73,203,23,1,COL0155,Granite Bay State,2025,7,29,221,DRAFTED,0,PRACTICE_SQUAD_CANDIDATE,NONE,8,DEPTH,66,72,GENERATED
CHI_CB_09,Osmond Carrington,CHI,CB,Secondary,64,68,172,25,3,COL0171,Harrowgate Tech,2023,,,,UNDRAFTED,0,CAMP_BODY,NONE,9,CAMP,55,63,GENERATED
CHI_CB_10,Yardley Overstreet,CHI,CB,Secondary,40,70,189,22,0,COL0061,Havenport College,2026,5,17,145,DRAFTED,1,CAMP_BODY,NONE,10,CAMP,58,60,GENERATED
CHI_CB_11,Jorel Arceneaux,CHI,CB,Secondary,41,70,195,22,0,COL0083,Iron Gate Institute,2026,,,,UNDRAFTED,1,CAMP_BODY,DAY_TO_DAY,11,CAMP,58,67,GENERATED
CHI_S_01,Ryland Welbourne,CHI,S,Secondary,51,72,220,28,5,COL0179,Mount Verity A&M,2021,1,6,6,DRAFTED,0,ACTIVE,NONE,1,STARTER,88,89,GENERATED
CHI_S_02,Magnus Washburn,CHI,S,Secondary,75,74,201,30,8,COL0083,Iron Gate Institute,2018,,,,UNDRAFTED,0,ACTIVE,NONE,2,STARTER,73,77,GENERATED
CHI_S_03,Ivan Cornish,CHI,S,Secondary,93,72,212,27,3,COL0204,Lakemont State,2023,5,1,129,DRAFTED,0,ACTIVE,NONE,3,ROTATIONAL,66,74,GENERATED
CHI_S_04,Cullen Fraley,CHI,S,Secondary,48,71,205,25,3,COL0050,Redbluff State,2023,5,26,154,DRAFTED,0,ACTIVE,NONE,4,ROTATIONAL,70,76,GENERATED
CHI_S_05,Izaiah Hinkley,CHI,S,Secondary,71,71,202,26,2,COL0076,Cypress Hollow Institute,2024,,,,UNDRAFTED,0,PRACTICE_SQUAD_CANDIDATE,DAY_TO_DAY,5,DEPTH,63,66,GENERATED
CHI_S_06,Kalen Marinelli,CHI,S,Secondary,20,74,215,22,0,COL0097,Bellhaven Institute,2026,,,,UNDRAFTED,1,CAMP_BODY,NONE,6,CAMP,59,59,GENERATED
CHI_S_07,Lennon Holbrook,CHI,S,Secondary,26,72,214,23,1,COL0097,Bellhaven Institute,2025,7,32,224,DRAFTED,0,CAMP_BODY,NONE,7,CAMP,54,64,GENERATED
CHI_K_01,Cyrus Sylvester,CHI,K,Specialist,24,72,209,28,4,COL0116,Kingsbridge A&M,2022,,,,UNDRAFTED,0,ACTIVE,NONE,1,STARTER,72,76,GENERATED
CHI_K_02,Lockett Greaves,CHI,K,Specialist,12,73,200,26,5,COL0048,Northcrest Institute,2021,5,14,142,DRAFTED,0,PRACTICE_SQUAD_CANDIDATE,NONE,2,DEPTH,67,68,GENERATED
CHI_P_01,Orion Sarratt,CHI,P,Specialist,58,71,214,25,1,COL0015,Ashfield State,2025,1,30,30,DRAFTED,0,ACTIVE,NONE,1,STARTER,79,85,GENERATED
CHI_P_02,Ivan Kemper,CHI,P,Specialist,42,74,198,24,1,COL0001,Calderwood State,2025,,,,UNDRAFTED,0,PRACTICE_SQUAD_CANDIDATE,NONE,2,DEPTH,62,64,GENERATED
CHI_LS_01,Bryce Fontenot,CHI,LS,Specialist,92,73,264,27,3,COL0136,Larkspur Tech,2023,1,11,11,DRAFTED,0,ACTIVE,NONE,1,STARTER,70,70,GENERATED
DET_QB_01,Gavin Wamsley,DET,QB,Quarterback,91,74,247,27,4,COL0233,Clearwater Ridge University,2022,1,27,27,DRAFTED,0,ACTIVE,NONE,1,STARTER,93,94,GENERATED
DET_QB_02,Fabian Rowlett,DET,QB,Quarterback,88,77,233,27,3,COL0206,Lakemont Tech,2023,3,26,90,DRAFTED,0,ACTIVE,DAY_TO_DAY,2,ROTATIONAL,70,75,GENERATED
DET_QB_03,Gaspard Hilliard,DET,QB,Quarterback,28,74,236,22,1,COL0064,Silverlake State,2025,5,32,160,DRAFTED,0,PRACTICE_SQUAD_CANDIDATE,NONE,3,DEPTH,68,78,GENERATED
DET_QB_04,Roscoe Westbrook,DET,QB,Quarterback,61,76,216,26,2,COL0143,Whitepine Tech,2024,,,,UNDRAFTED,0,CAMP_BODY,NONE,4,CAMP,48,51,GENERATED
DET_RB_01,Lionel Oakman,DET,RB,Backfield,99,68,202,28,5,COL0167,Sablewood Institute,2021,1,11,11,DRAFTED,0,ACTIVE,NONE,1,STARTER,84,84,GENERATED
DET_RB_02,Kojo Cantrell,DET,RB,Backfield,55,69,214,21,0,COL0038,Kelvinridge Tech,2026,3,25,89,DRAFTED,1,ACTIVE,NONE,2,ROTATIONAL,78,87,GENERATED
DET_RB_03,Kermit Southall,DET,RB,Backfield,82,72,218,24,1,COL0104,Thornfield Institute,2025,6,13,173,DRAFTED,0,ACTIVE,IR,3,ROTATIONAL,71,77,GENERATED
DET_RB_04,Octavio Rombach,DET,RB,Backfield,41,70,221,26,2,COL0091,Westmoor State Tech,2024,5,8,136,DRAFTED,0,PRACTICE_SQUAD_CANDIDATE,DAY_TO_DAY,4,DEPTH,64,71,GENERATED
DET_RB_05,Ramsey Hickenbotham,DET,RB,Backfield,94,72,193,25,1,COL0174,Harrowgate Institute,2025,6,4,164,DRAFTED,0,CAMP_BODY,NONE,5,CAMP,58,60,GENERATED
DET_FB_01,Winston Sullivan,DET,FB,Backfield,58,71,239,25,3,COL0110,Quarry Hill College,2023,1,9,9,DRAFTED,0,ACTIVE,NONE,1,STARTER,80,84,GENERATED
DET_WR_01,Kavion Schmitz,DET,WR,Receiver,30,73,223,23,0,COL0131,Emberton College,2026,1,24,24,DRAFTED,1,ACTIVE,NONE,1,STARTER,83,88,GENERATED
DET_WR_02,Colston Amaechi,DET,WR,Receiver,38,71,194,26,5,COL0074,Cypress Hollow A&M,2021,1,18,18,DRAFTED,0,ACTIVE,NONE,2,STARTER,88,89,GENERATED
DET_WR_03,Lorenzo Sappington,DET,WR,Receiver,66,67,198,28,7,COL0256,Bramblewood A&M,2019,1,5,5,DRAFTED,0,ACTIVE,NONE,3,STARTER,89,92,GENERATED
DET_WR_04,Clay Thackeray,DET,WR,Receiver,72,74,193,27,6,COL0112,Quarry Hill State Tech,2020,3,12,76,DRAFTED,0,ACTIVE,NONE,4,ROTATIONAL,78,79,GENERATED
DET_WR_05,Ulysses Jelks,DET,WR,Receiver,20,71,193,30,6,COL0246,Winslow State,2020,3,18,82,DRAFTED,0,ACTIVE,NONE,5,ROTATIONAL,80,81,GENERATED
DET_WR_06,Saxon Mastrangelo,DET,WR,Receiver,67,70,225,29,5,COL0095,Bellhaven A&M,2021,3,20,84,DRAFTED,0,ACTIVE,NONE,6,ROTATIONAL,78,78,GENERATED
DET_WR_07,Callum Crockett,DET,WR,Receiver,33,71,196,25,2,COL0104,Thornfield Institute,2024,,,,UNDRAFTED,0,PRACTICE_SQUAD_CANDIDATE,NONE,7,DEPTH,67,68,GENERATED
DET_WR_08,Trenton Creswell,DET,WR,Receiver,96,72,209,24,1,COL0064,Silverlake State,2025,3,3,67,DRAFTED,0,PRACTICE_SQUAD_CANDIDATE,NONE,8,DEPTH,70,75,GENERATED
DET_WR_09,Ohan Trevathan,DET,WR,Receiver,8,72,199,22,0,COL0234,Clearwater Ridge Tech,2026,,,,UNDRAFTED,1,CAMP_BODY,NONE,9,CAMP,55,64,GENERATED
DET_WR_10,Clovis Sorrentino,DET,WR,Receiver,42,71,177,22,1,COL0019,Ashfield College,2025,,,,UNDRAFTED,0,CAMP_BODY,NONE,10,CAMP,58,58,GENERATED
DET_WR_11,Vance Keeler,DET,WR,Receiver,2,74,205,24,1,COL0114,Kingsbridge University,2025,6,8,168,DRAFTED,0,CAMP_BODY,NONE,11,CAMP,61,65,GENERATED
DET_TE_01,Dominik Sutherland,DET,TE,Receiver,40,75,245,28,4,COL0228,Dunmore A&M,2022,3,30,94,DRAFTED,0,ACTIVE,NONE,1,STARTER,86,87,GENERATED
DET_TE_02,Roderick Beecham,DET,TE,Receiver,51,77,255,21,0,COL0039,Kelvinridge A&M,2026,6,14,174,DRAFTED,1,ACTIVE,NONE,2,ROTATIONAL,75,81,GENERATED
DET_TE_03,Jericho Slaughter,DET,TE,Receiver,69,77,244,25,2,COL0100,Thornfield University,2024,6,16,176,DRAFTED,0,ACTIVE,NONE,3,ROTATIONAL,79,82,GENERATED
DET_TE_04,Lawson McGlinchey,DET,TE,Receiver,44,80,253,25,1,COL0159,Granite Bay College,2025,7,15,207,DRAFTED,0,PRACTICE_SQUAD_CANDIDATE,NONE,4,DEPTH,59,63,GENERATED
DET_TE_05,Vince Tillotson,DET,TE,Receiver,87,78,272,21,0,COL0052,Redbluff Tech,2026,5,32,160,DRAFTED,1,CAMP_BODY,NONE,5,CAMP,58,61,GENERATED
DET_TE_06,Stone Musgrave,DET,TE,Receiver,10,75,246,22,0,COL0158,Granite Bay A&M,2026,,,,UNDRAFTED,1,CAMP_BODY,NONE,6,CAMP,61,68,GENERATED
DET_OT_01,Woodrow Ennis,DET,OT,O-Line,1,78,285,27,4,COL0104,Thornfield Institute,2022,1,19,19,DRAFTED,0,ACTIVE,NONE,1,STARTER,84,88,GENERATED
DET_OT_02,Bennie Hadley,DET,OT,O-Line,37,80,329,26,5,COL0147,Whitepine State Tech,2021,1,23,23,DRAFTED,0,ACTIVE,NONE,2,STARTER,82,85,GENERATED
DET_OT_03,Torin Ledbetter,DET,OT,O-Line,63,77,293,34,10,COL0200,Copper Creek A&M,2016,3,20,84,DRAFTED,0,ACTIVE,NONE,3,ROTATIONAL,73,76,GENERATED
DET_OT_04,Graham Drayton,DET,OT,O-Line,79,76,304,28,7,COL0146,Whitepine Institute,2019,2,10,42,DRAFTED,0,ACTIVE,NONE,4,ROTATIONAL,75,75,GENERATED
DET_OT_05,Trey Pastrana,DET,OT,O-Line,65,78,312,25,1,COL0217,Ravensburg State Tech,2025,7,24,216,DRAFTED,0,PRACTICE_SQUAD_CANDIDATE,NONE,5,DEPTH,69,71,GENERATED
DET_OT_06,Wendell Wheelwright,DET,OT,O-Line,18,75,312,24,3,COL0086,Westmoor University,2023,6,9,169,DRAFTED,0,CAMP_BODY,NONE,6,CAMP,64,66,GENERATED
DET_OG_01,Kolby Garrison,DET,OG,O-Line,27,76,302,31,7,COL0231,Dunmore State Tech,2019,3,5,69,DRAFTED,0,ACTIVE,NONE,1,STARTER,79,80,GENERATED
DET_OG_02,Blaise Broussard,DET,OG,O-Line,4,77,321,27,3,COL0232,Clearwater Ridge State,2023,1,22,22,DRAFTED,0,ACTIVE,NONE,2,STARTER,89,89,GENERATED
DET_OG_03,Levi Manningham,DET,OG,O-Line,3,77,333,27,5,COL0098,Bellhaven State Tech,2021,3,26,90,DRAFTED,0,ACTIVE,NONE,3,ROTATIONAL,71,75,GENERATED
DET_OG_04,Cassian Calloway,DET,OG,O-Line,16,75,333,25,3,COL0004,Calderwood A&M,2023,5,11,139,DRAFTED,0,ACTIVE,NONE,4,ROTATIONAL,78,80,GENERATED
DET_OG_05,Rocky Hunnicutt,DET,OG,O-Line,35,73,310,24,0,COL0061,Havenport College,2026,7,1,193,DRAFTED,1,PRACTICE_SQUAD_CANDIDATE,NONE,5,DEPTH,68,76,GENERATED
DET_OG_06,Ludwig Zeitler,DET,OG,O-Line,17,72,306,24,1,COL0217,Ravensburg State Tech,2025,6,1,161,DRAFTED,0,CAMP_BODY,IR,6,CAMP,52,53,GENERATED
DET_C_01,Kamden Hovland,DET,C,O-Line,39,75,320,30,6,COL0145,Whitepine College,2020,1,15,15,DRAFTED,0,ACTIVE,NONE,1,STARTER,83,85,GENERATED
DET_C_02,Otis Jimerson,DET,C,O-Line,45,74,304,28,6,COL0002,Calderwood University,2020,3,10,74,DRAFTED,0,ACTIVE,NONE,2,ROTATIONAL,62,62,GENERATED
DET_C_03,Vernon Stenberg,DET,C,O-Line,34,75,321,21,0,COL0205,Lakemont University,2026,5,21,149,DRAFTED,1,PRACTICE_SQUAD_CANDIDATE,DAY_TO_DAY,3,DEPTH,64,78,GENERATED
DET_EDGE_01,Percival Fanning,DET,EDGE,Front Seven,5,73,245,26,2,COL0147,Whitepine State Tech,2024,1,22,22,DRAFTED,0,ACTIVE,NONE,1,STARTER,86,89,GENERATED
DET_EDGE_02,Ferris Birchfield,DET,EDGE,Front Seven,22,77,257,26,4,COL0015,Ashfield State,2022,3,27,91,DRAFTED,0,ACTIVE,NONE,2,STARTER,88,97,GENERATED
DET_EDGE_03,Ollie Hankins,DET,EDGE,Front Seven,23,75,264,26,2,COL0208,Lakemont College,2024,5,6,134,DRAFTED,0,ACTIVE,NONE,3,ROTATIONAL,72,78,GENERATED
DET_EDGE_04,Zamir Mabry,DET,EDGE,Front Seven,95,75,257,28,6,COL0086,Westmoor University,2020,5,8,136,DRAFTED,0,ACTIVE,NONE,4,ROTATIONAL,75,77,GENERATED
DET_EDGE_05,Demarco Overstreet,DET,EDGE,Front Seven,52,75,278,24,1,COL0112,Quarry Hill State Tech,2025,3,13,77,DRAFTED,0,ACTIVE,NONE,5,ROTATIONAL,72,73,GENERATED
DET_EDGE_06,Byron Knighton,DET,EDGE,Front Seven,73,74,241,25,2,COL0224,Foxcroft State Tech,2024,7,32,224,DRAFTED,0,PRACTICE_SQUAD_CANDIDATE,NONE,6,DEPTH,63,63,GENERATED
DET_EDGE_07,Peyson Dabney,DET,EDGE,Front Seven,21,75,296,24,1,COL0197,Copper Creek State,2025,5,11,139,DRAFTED,0,PRACTICE_SQUAD_CANDIDATE,NONE,7,DEPTH,65,67,GENERATED
DET_EDGE_08,Desmond Nakoa,DET,EDGE,Front Seven,36,76,264,22,0,COL0240,Talbot University,2026,,,,UNDRAFTED,1,CAMP_BODY,NONE,8,CAMP,61,62,GENERATED
DET_EDGE_09,Ludwig Alderman,DET,EDGE,Front Seven,62,79,264,29,5,COL0075,Cypress Hollow College,2021,5,8,136,DRAFTED,0,CAMP_BODY,NONE,9,CAMP,58,58,GENERATED
DET_DT_01,Tate Legette,DET,DT,Front Seven,25,75,335,25,3,COL0230,Dunmore Institute,2023,1,12,12,DRAFTED,0,ACTIVE,NONE,1,STARTER,81,85,GENERATED
DET_DT_02,Camden Wheelwright,DET,DT,Front Seven,9,77,316,33,10,COL0230,Dunmore Institute,2016,1,26,26,DRAFTED,0,ACTIVE,NONE,2,STARTER,89,90,GENERATED
DET_DT_03,Kolby Rolle,DET,DT,Front Seven,86,73,328,25,4,COL0030,Stonewell University,2022,5,12,140,DRAFTED,0,ACTIVE,NONE,3,ROTATIONAL,73,78,GENERATED
DET_DT_04,Quade Harkness,DET,DT,Front Seven,98,75,326,26,3,COL0200,Copper Creek A&M,2023,5,20,148,DRAFTED,0,ACTIVE,NONE,4,ROTATIONAL,72,72,GENERATED
DET_DT_05,Avery Beecham,DET,DT,Front Seven,14,75,293,25,4,COL0169,Harrowgate State,2022,3,5,69,DRAFTED,0,ACTIVE,NONE,5,ROTATIONAL,76,76,GENERATED
DET_DT_06,Aubrey Valdejuli,DET,DT,Front Seven,13,75,295,22,0,COL0170,Harrowgate University,2026,6,18,178,DRAFTED,1,PRACTICE_SQUAD_CANDIDATE,NONE,6,DEPTH,62,73,GENERATED
DET_DT_07,Magnus Beecham,DET,DT,Front Seven,54,73,286,26,3,COL0052,Redbluff Tech,2023,,,,UNDRAFTED,0,CAMP_BODY,NONE,7,CAMP,58,64,GENERATED
DET_DT_08,Demarco Helaire,DET,DT,Front Seven,85,76,291,22,0,COL0073,Cypress Hollow Tech,2026,,,,UNDRAFTED,1,CAMP_BODY,NONE,8,CAMP,56,60,GENERATED
DET_LB_01,Jarvis Sherfield,DET,LB,Front Seven,46,77,230,30,8,COL0017,Ashfield Tech,2018,1,10,10,DRAFTED,0,ACTIVE,NONE,1,STARTER,90,97,GENERATED
DET_LB_02,Jericho Chenoweth,DET,LB,Front Seven,80,70,225,28,6,COL0071,Cypress Hollow State,2020,2,6,38,DRAFTED,0,ACTIVE,NONE,2,STARTER,83,87,GENERATED
DET_LB_03,Garland Driscoll,DET,LB,Front Seven,57,73,244,28,7,COL0063,Havenport State Tech,2019,5,5,133,DRAFTED,0,ACTIVE,NONE,3,ROTATIONAL,68,68,GENERATED
DET_LB_04,Quill Sudfeld,DET,LB,Front Seven,81,74,242,26,2,COL0134,Larkspur State,2024,4,15,111,DRAFTED,0,ACTIVE,NONE,4,ROTATIONAL,77,84,GENERATED
DET_LB_05,Reece Rimington,DET,LB,Front Seven,70,74,246,27,4,COL0003,Calderwood Tech,2022,3,26,90,DRAFTED,0,ACTIVE,NONE,5,ROTATIONAL,78,83,GENERATED
DET_LB_06,Talon Harkness,DET,LB,Front Seven,47,73,248,23,1,COL0056,Redbluff State Tech,2025,,,,UNDRAFTED,0,PRACTICE_SQUAD_CANDIDATE,NONE,6,DEPTH,66,76,GENERATED
DET_LB_07,Rocky Mortenson,DET,LB,Front Seven,76,71,242,22,0,COL0054,Redbluff College,2026,6,17,177,DRAFTED,1,CAMP_BODY,NONE,7,CAMP,61,68,GENERATED
DET_LB_08,Ruben Freeney,DET,LB,Front Seven,19,73,250,23,0,COL0164,Sablewood Tech,2026,,,,UNDRAFTED,1,CAMP_BODY,NONE,8,CAMP,51,59,GENERATED
DET_CB_01,Maxton Bhatt,DET,CB,Secondary,97,67,193,22,1,COL0175,Harrowgate State Tech,2025,1,4,4,DRAFTED,0,ACTIVE,NONE,1,STARTER,88,89,GENERATED
DET_CB_02,Laurent Rochell,DET,CB,Secondary,32,72,196,32,9,COL0096,Bellhaven College,2017,1,21,21,DRAFTED,0,ACTIVE,DAY_TO_DAY,2,STARTER,90,92,GENERATED
DET_CB_03,Keon Fahey,DET,CB,Secondary,15,73,195,28,5,COL0037,Kelvinridge University,2021,1,32,32,DRAFTED,0,ACTIVE,NONE,3,STARTER,90,92,GENERATED
DET_CB_04,Salem Dillard,DET,CB,Secondary,77,72,189,25,1,COL0207,Lakemont A&M,2025,2,27,59,DRAFTED,0,ACTIVE,NONE,4,ROTATIONAL,75,80,GENERATED
DET_CB_05,Travon Rowlett,DET,CB,Secondary,59,70,195,26,3,COL0005,Calderwood College,2023,1,14,14,DRAFTED,0,ACTIVE,NONE,5,ROTATIONAL,82,83,GENERATED
DET_CB_06,Arch Carrington,DET,CB,Secondary,92,73,202,28,5,COL0207,Lakemont A&M,2021,,,,UNDRAFTED,0,ACTIVE,NONE,6,ROTATIONAL,78,78,GENERATED
DET_CB_07,Nolan Henderson,DET,CB,Secondary,60,71,203,25,3,COL0064,Silverlake State,2023,,,,UNDRAFTED,0,PRACTICE_SQUAD_CANDIDATE,NONE,7,DEPTH,69,77,GENERATED
DET_CB_08,Ridge Gradkowski,DET,CB,Secondary,49,67,193,22,0,COL0120,Falcon Ridge State,2026,2,22,54,DRAFTED,1,PRACTICE_SQUAD_CANDIDATE,DAY_TO_DAY,8,DEPTH,74,79,GENERATED
DET_CB_09,Randall Egbuna,DET,CB,Secondary,56,71,186,25,1,COL0187,Sunderland College,2025,7,2,194,DRAFTED,0,CAMP_BODY,DAY_TO_DAY,9,CAMP,53,57,GENERATED
DET_CB_10,Whitaker Eldridge,DET,CB,Secondary,68,72,194,25,3,COL0204,Lakemont State,2023,7,7,199,DRAFTED,0,CAMP_BODY,NONE,10,CAMP,46,51,GENERATED
DET_CB_11,Donovan Rhodes,DET,CB,Secondary,43,72,191,23,0,COL0183,Sunderland State,2026,7,12,204,DRAFTED,1,CAMP_BODY,NONE,11,CAMP,55,60,GENERATED
DET_S_01,Colby Harmon,DET,S,Secondary,29,71,193,24,2,COL0026,Marbury College,2024,1,25,25,DRAFTED,0,ACTIVE,NONE,1,STARTER,80,85,GENERATED
DET_S_02,Galen Culpepper,DET,S,Secondary,7,74,195,28,6,COL0120,Falcon Ridge State,2020,1,22,22,DRAFTED,0,ACTIVE,NONE,2,STARTER,94,97,GENERATED
DET_S_03,Ridge Edelman,DET,S,Secondary,26,72,193,29,5,COL0235,Clearwater Ridge A&M,2021,1,28,28,DRAFTED,0,ACTIVE,NONE,3,ROTATIONAL,79,83,GENERATED
DET_S_04,Whitaker Okorafor,DET,S,Secondary,50,73,210,25,3,COL0123,Falcon Ridge A&M,2023,2,32,64,DRAFTED,0,ACTIVE,IR,4,ROTATIONAL,82,82,GENERATED
DET_S_05,Warrick Ansley,DET,S,Secondary,48,73,207,21,0,COL0171,Harrowgate Tech,2026,2,11,43,DRAFTED,1,PRACTICE_SQUAD_CANDIDATE,NONE,5,DEPTH,73,80,GENERATED
DET_S_06,Legend Birchfield,DET,S,Secondary,53,72,195,25,4,COL0169,Harrowgate State,2022,,,,UNDRAFTED,0,CAMP_BODY,NONE,6,CAMP,52,58,GENERATED
DET_S_07,Kaiden Jelks,DET,S,Secondary,78,71,199,22,0,COL0037,Kelvinridge University,2026,6,20,180,DRAFTED,1,CAMP_BODY,NONE,7,CAMP,56,66,GENERATED
DET_K_01,Ulysses Metellus,DET,K,Specialist,74,73,222,27,4,COL0134,Larkspur State,2022,1,11,11,DRAFTED,0,ACTIVE,NONE,1,STARTER,87,90,GENERATED
DET_K_02,Crosby Wanogho,DET,K,Specialist,93,75,193,28,4,COL0209,Lakemont Institute,2022,7,6,198,DRAFTED,0,PRACTICE_SQUAD_CANDIDATE,NONE,2,DEPTH,71,73,GENERATED
DET_P_01,Shepard Bergeron,DET,P,Specialist,83,71,218,27,5,COL0144,Whitepine A&M,2021,1,9,9,DRAFTED,0,ACTIVE,NONE,1,STARTER,85,89,GENERATED
DET_P_02,Newton Leavitt,DET,P,Specialist,24,72,210,25,2,COL0015,Ashfield State,2024,1,30,30,DRAFTED,0,PRACTICE_SQUAD_CANDIDATE,NONE,2,DEPTH,68,68,GENERATED
DET_LS_01,Avery Bedard,DET,LS,Specialist,11,73,258,31,8,COL0241,Talbot Tech,2018,1,10,10,DRAFTED,0,ACTIVE,DAY_TO_DAY,1,STARTER,76,77,GENERATED
GB_QB_01,Micah Satterfield,GB,QB,Quarterback,11,75,223,26,2,COL0175,Harrowgate State Tech,2024,1,29,29,DRAFTED,0,ACTIVE,NONE,1,STARTER,99,99,GENERATED
GB_QB_02,Redmond Chappell,GB,QB,Quarterback,56,72,204,23,1,COL0107,Quarry Hill University,2025,5,17,145,DRAFTED,0,ACTIVE,SUSPENDED,2,ROTATIONAL,73,78,GENERATED
GB_QB_03,Saul Ballinger,GB,QB,Quarterback,94,76,214,24,2,COL0110,Quarry Hill College,2024,6,10,170,DRAFTED,0,PRACTICE_SQUAD_CANDIDATE,NONE,3,DEPTH,67,73,GENERATED
GB_QB_04,Delano Tillotson,GB,QB,Quarterback,87,77,208,22,0,COL0214,Ravensburg A&M,2026,,,,UNDRAFTED,1,CAMP_BODY,NONE,4,CAMP,60,66,GENERATED
GB_RB_01,Lyle Gaskins,GB,RB,Backfield,24,69,219,28,5,COL0257,Bramblewood College,2021,2,9,41,DRAFTED,0,ACTIVE,NONE,1,STARTER,84,87,GENERATED
GB_RB_02,Cade Donnelly,GB,RB,Backfield,47,69,210,28,4,COL0256,Bramblewood A&M,2022,2,9,41,DRAFTED,0,ACTIVE,NONE,2,ROTATIONAL,71,74,GENERATED
GB_RB_03,Titus Ricciardi,GB,RB,Backfield,98,67,210,27,5,COL0083,Iron Gate Institute,2021,3,29,93,DRAFTED,0,ACTIVE,NONE,3,ROTATIONAL,66,68,GENERATED
GB_RB_04,Lonnie Terrazas,GB,RB,Backfield,35,71,216,25,3,COL0160,Granite Bay Institute,2023,,,,UNDRAFTED,0,PRACTICE_SQUAD_CANDIDATE,NONE,4,DEPTH,67,67,GENERATED
GB_RB_05,Otto Mundy,GB,RB,Backfield,61,70,233,23,0,COL0159,Granite Bay College,2026,,,,UNDRAFTED,1,CAMP_BODY,NONE,5,CAMP,57,65,GENERATED
GB_FB_01,Axel Bordelon,GB,FB,Backfield,21,73,235,24,2,COL0221,Foxcroft A&M,2024,3,10,74,DRAFTED,0,ACTIVE,NONE,1,STARTER,75,81,GENERATED
GB_WR_01,Josiah Haywood,GB,WR,Receiver,13,72,176,28,7,COL0050,Redbluff State,2019,1,27,27,DRAFTED,0,ACTIVE,NONE,1,STARTER,87,88,GENERATED
GB_WR_02,Briggs Jelks,GB,WR,Receiver,28,73,213,36,14,COL0018,Ashfield A&M,2012,1,25,25,DRAFTED,0,ACTIVE,DAY_TO_DAY,2,STARTER,83,83,GENERATED
GB_WR_03,Kolby Harmon,GB,WR,Receiver,3,72,213,28,5,COL0056,Redbluff State Tech,2021,1,30,30,DRAFTED,0,ACTIVE,NONE,3,STARTER,82,85,GENERATED
GB_WR_04,Kane Slaughter,GB,WR,Receiver,72,72,205,25,2,COL0061,Havenport College,2024,,,,UNDRAFTED,0,ACTIVE,NONE,4,ROTATIONAL,66,66,GENERATED
GB_WR_05,Corbin Gauthier,GB,WR,Receiver,67,73,189,29,5,COL0038,Kelvinridge Tech,2021,7,10,202,DRAFTED,0,ACTIVE,NONE,5,ROTATIONAL,69,70,GENERATED
GB_WR_06,Denzel Wrighster,GB,WR,Receiver,88,71,200,24,1,COL0052,Redbluff Tech,2025,4,4,100,DRAFTED,0,ACTIVE,NONE,6,ROTATIONAL,76,78,GENERATED
GB_WR_07,Wallace Brightwell,GB,WR,Receiver,74,75,178,27,5,COL0135,Larkspur University,2021,,,,UNDRAFTED,0,PRACTICE_SQUAD_CANDIDATE,NONE,7,DEPTH,67,71,GENERATED
GB_WR_08,Augustus Willingham,GB,WR,Receiver,93,75,195,21,0,COL0114,Kingsbridge University,2026,,,,UNDRAFTED,1,PRACTICE_SQUAD_CANDIDATE,NONE,8,DEPTH,64,74,GENERATED
GB_WR_09,Kaiden Camarillo,GB,WR,Receiver,76,72,199,23,0,COL0242,Talbot A&M,2026,7,9,201,DRAFTED,1,CAMP_BODY,NONE,9,CAMP,60,68,GENERATED
GB_WR_10,Idris Stallworth,GB,WR,Receiver,65,69,215,23,1,COL0114,Kingsbridge University,2025,6,32,192,DRAFTED,0,CAMP_BODY,NONE,10,CAMP,58,65,GENERATED
GB_WR_11,Stefano Harmon,GB,WR,Receiver,8,72,220,24,1,COL0029,Stonewell State,2025,7,21,213,DRAFTED,0,CAMP_BODY,NONE,11,CAMP,58,62,GENERATED
GB_TE_01,Sheridan Hargrave,GB,TE,Receiver,31,75,256,32,8,COL0111,Quarry Hill Institute,2018,2,12,44,DRAFTED,0,ACTIVE,DAY_TO_DAY,1,STARTER,78,83,GENERATED
GB_TE_02,Jace Sinnott,GB,TE,Receiver,89,77,247,25,3,COL0196,Pinehurst Valley State Tech,2023,5,10,138,DRAFTED,0,ACTIVE,NONE,2,ROTATIONAL,61,68,GENERATED
GB_TE_03,Arch Grantham,GB,TE,Receiver,27,77,243,23,1,COL0108,Quarry Hill Tech,2025,2,31,63,DRAFTED,0,ACTIVE,NONE,3,ROTATIONAL,76,85,GENERATED
GB_TE_04,Bandon Amaechi,GB,TE,Receiver,6,77,242,22,1,COL0112,Quarry Hill State Tech,2025,,,,UNDRAFTED,0,PRACTICE_SQUAD_CANDIDATE,NONE,4,DEPTH,66,74,GENERATED
GB_TE_05,Sebastien Cortés,GB,TE,Receiver,37,78,253,22,0,COL0203,Copper Creek State Tech,2026,5,25,153,DRAFTED,1,CAMP_BODY,NONE,5,CAMP,50,55,GENERATED
GB_TE_06,Vince Broadwater,GB,TE,Receiver,39,75,252,23,0,COL0122,Falcon Ridge Tech,2026,,,,UNDRAFTED,1,CAMP_BODY,NONE,6,CAMP,60,67,GENERATED
GB_OT_01,Ezekiel Prewitt,GB,OT,O-Line,42,77,323,28,5,COL0230,Dunmore Institute,2021,1,32,32,DRAFTED,0,ACTIVE,PUP,1,STARTER,83,83,GENERATED
GB_OT_02,Kieran Herrera,GB,OT,O-Line,49,76,330,33,10,COL0183,Sunderland State,2016,2,17,49,DRAFTED,0,ACTIVE,IR,2,STARTER,81,82,GENERATED
GB_OT_03,Odell Kelleher,GB,OT,O-Line,1,76,312,27,4,COL0063,Havenport State Tech,2022,5,26,154,DRAFTED,0,ACTIVE,NONE,3,ROTATIONAL,70,76,GENERATED
GB_OT_04,Otto Elmore,GB,OT,O-Line,12,78,309,30,7,COL0208,Lakemont College,2019,2,1,33,DRAFTED,0,ACTIVE,NONE,4,ROTATIONAL,75,75,GENERATED
GB_OT_05,Houston Poindexter,GB,OT,O-Line,53,80,327,23,2,COL0047,Northcrest College,2024,,,,UNDRAFTED,0,PRACTICE_SQUAD_CANDIDATE,NONE,5,DEPTH,64,71,GENERATED
GB_OT_06,Marquise Stanback,GB,OT,O-Line,10,78,308,21,0,COL0202,Copper Creek Institute,2026,,,,UNDRAFTED,1,CAMP_BODY,NONE,6,CAMP,50,57,GENERATED
GB_OG_01,Lennon Sturdivant,GB,OG,O-Line,60,76,330,24,1,COL0136,Larkspur Tech,2025,1,24,24,DRAFTED,0,ACTIVE,NONE,1,STARTER,80,87,GENERATED
GB_OG_02,Giovanni Satterfield,GB,OG,O-Line,97,77,341,31,8,COL0067,Silverlake A&M,2018,3,10,74,DRAFTED,0,ACTIVE,DAY_TO_DAY,2,STARTER,85,90,GENERATED
GB_OG_03,Granger Ahearn,GB,OG,O-Line,62,77,299,30,8,COL0134,Larkspur State,2018,3,29,93,DRAFTED,0,ACTIVE,NONE,3,ROTATIONAL,68,72,GENERATED
GB_OG_04,Carsen Brockman,GB,OG,O-Line,41,76,318,24,2,COL0122,Falcon Ridge Tech,2024,3,32,96,DRAFTED,0,ACTIVE,NONE,4,ROTATIONAL,68,75,GENERATED
GB_OG_05,Kyrie Vanderveer,GB,OG,O-Line,19,74,327,26,2,COL0052,Redbluff Tech,2024,,,,UNDRAFTED,0,PRACTICE_SQUAD_CANDIDATE,NONE,5,DEPTH,65,68,GENERATED
GB_OG_06,Maxton Marsalis,GB,OG,O-Line,68,76,341,24,1,COL0172,Harrowgate A&M,2025,,,,UNDRAFTED,0,CAMP_BODY,IR,6,CAMP,62,68,GENERATED
GB_C_01,Landry Courtland,GB,C,O-Line,36,75,299,28,4,COL0019,Ashfield College,2022,1,3,3,DRAFTED,0,ACTIVE,NONE,1,STARTER,77,83,GENERATED
GB_C_02,Arch Harrell,GB,C,O-Line,83,74,299,24,0,COL0015,Ashfield State,2026,3,5,69,DRAFTED,1,ACTIVE,NONE,2,ROTATIONAL,78,84,GENERATED
GB_C_03,Kellan Brisco,GB,C,O-Line,70,73,299,23,1,COL0208,Lakemont College,2025,,,,UNDRAFTED,0,PRACTICE_SQUAD_CANDIDATE,NONE,3,DEPTH,67,75,GENERATED
GB_EDGE_01,Beckham Lowery,GB,EDGE,Front Seven,45,78,239,29,6,COL0207,Lakemont A&M,2020,2,22,54,DRAFTED,0,ACTIVE,NONE,1,STARTER,85,86,GENERATED
GB_EDGE_02,Jarrett Bracken,GB,EDGE,Front Seven,75,74,266,30,7,COL0136,Larkspur Tech,2019,1,4,4,DRAFTED,0,ACTIVE,NONE,2,STARTER,79,82,GENERATED
GB_EDGE_03,Tyree Oduya,GB,EDGE,Front Seven,71,74,269,23,1,COL0039,Kelvinridge A&M,2025,1,1,1,DRAFTED,0,ACTIVE,NONE,3,ROTATIONAL,78,86,GENERATED
GB_EDGE_04,Hakeem Dorsett,GB,EDGE,Front Seven,81,77,258,27,3,COL0077,Cypress Hollow State Tech,2023,5,2,130,DRAFTED,0,ACTIVE,NONE,4,ROTATIONAL,76,77,GENERATED
GB_EDGE_05,Galen Kendricks,GB,EDGE,Front Seven,46,79,272,29,7,COL0001,Calderwood State,2019,2,11,43,DRAFTED,0,ACTIVE,NONE,5,ROTATIONAL,69,75,GENERATED
GB_EDGE_06,Lennon Birchfield,GB,EDGE,Front Seven,54,77,248,23,1,COL0049,Northcrest State Tech,2025,6,12,172,DRAFTED,0,PRACTICE_SQUAD_CANDIDATE,NONE,6,DEPTH,69,74,GENERATED
GB_EDGE_07,Buck Fraley,GB,EDGE,Front Seven,4,76,251,24,0,COL0249,Winslow A&M,2026,,,,UNDRAFTED,1,PRACTICE_SQUAD_CANDIDATE,NONE,7,DEPTH,67,73,GENERATED
GB_EDGE_08,Orion Malbrough,GB,EDGE,Front Seven,90,76,276,24,0,COL0162,Sablewood State,2026,,,,UNDRAFTED,1,CAMP_BODY,NONE,8,CAMP,49,56,GENERATED
GB_EDGE_09,Sutton Calloway,GB,EDGE,Front Seven,16,74,264,24,1,COL0129,Emberton Tech,2025,,,,UNDRAFTED,0,CAMP_BODY,NONE,9,CAMP,57,64,GENERATED
GB_DT_01,Jayceon Stroman,GB,DT,Front Seven,84,77,302,27,4,COL0157,Granite Bay Tech,2022,1,21,21,DRAFTED,0,ACTIVE,NONE,1,STARTER,89,89,GENERATED
GB_DT_02,Eli Tullis,GB,DT,Front Seven,48,75,281,24,2,COL0180,Mount Verity College,2024,1,8,8,DRAFTED,0,ACTIVE,NONE,2,STARTER,84,84,GENERATED
GB_DT_03,Manny Gauthier,GB,DT,Front Seven,92,75,292,27,4,COL0123,Falcon Ridge A&M,2022,,,,UNDRAFTED,0,ACTIVE,DAY_TO_DAY,3,ROTATIONAL,71,74,GENERATED
GB_DT_04,Morgan Westbrook,GB,DT,Front Seven,22,72,286,23,0,COL0050,Redbluff State,2026,1,29,29,DRAFTED,1,ACTIVE,NONE,4,ROTATIONAL,83,89,GENERATED
GB_DT_05,Palmer Hamlett,GB,DT,Front Seven,14,75,309,25,2,COL0098,Bellhaven State Tech,2024,6,17,177,DRAFTED,0,ACTIVE,NONE,5,ROTATIONAL,75,79,GENERATED
GB_DT_06,Trenton Holliday,GB,DT,Front Seven,80,72,293,24,2,COL0108,Quarry Hill Tech,2024,,,,UNDRAFTED,0,PRACTICE_SQUAD_CANDIDATE,NONE,6,DEPTH,65,66,GENERATED
GB_DT_07,Ambrose Paddock,GB,DT,Front Seven,96,76,313,25,1,COL0167,Sablewood Institute,2025,,,,UNDRAFTED,0,CAMP_BODY,NONE,7,CAMP,55,63,GENERATED
GB_DT_08,Jabari Serrano,GB,DT,Front Seven,33,76,316,23,0,COL0172,Harrowgate A&M,2026,7,30,222,DRAFTED,1,CAMP_BODY,DAY_TO_DAY,8,CAMP,55,59,GENERATED
GB_LB_01,Hutch Brasher,GB,LB,Front Seven,52,72,226,32,10,COL0208,Lakemont College,2016,1,24,24,DRAFTED,0,ACTIVE,NONE,1,STARTER,74,77,GENERATED
GB_LB_02,Maddox Kamara,GB,LB,Front Seven,29,74,234,26,4,COL0112,Quarry Hill State Tech,2022,1,20,20,DRAFTED,0,ACTIVE,NONE,2,STARTER,79,79,GENERATED
GB_LB_03,Vince Batiste,GB,LB,Front Seven,5,73,207,24,1,COL0252,Winslow State Tech,2025,7,22,214,DRAFTED,0,ACTIVE,NONE,3,ROTATIONAL,75,80,GENERATED
GB_LB_04,Auden Sorrentino,GB,LB,Front Seven,26,72,221,31,7,COL0119,Kingsbridge State Tech,2019,7,30,222,DRAFTED,0,ACTIVE,NONE,4,ROTATIONAL,63,66,GENERATED
GB_LB_05,Garrett Mortenson,GB,LB,Front Seven,69,72,221,24,1,COL0256,Bramblewood A&M,2025,3,28,92,DRAFTED,0,ACTIVE,NONE,5,ROTATIONAL,71,77,GENERATED
GB_LB_06,Baylor Ayers,GB,LB,Front Seven,77,75,227,24,0,COL0231,Dunmore State Tech,2026,7,20,212,DRAFTED,1,PRACTICE_SQUAD_CANDIDATE,NONE,6,DEPTH,59,71,GENERATED
GB_LB_07,Tristan Ingold,GB,LB,Front Seven,63,78,234,22,0,COL0257,Bramblewood College,2026,7,24,216,DRAFTED,1,CAMP_BODY,NONE,7,CAMP,59,71,GENERATED
GB_LB_08,Porter Donnelly,GB,LB,Front Seven,2,75,225,24,2,COL0024,Marbury Tech,2024,,,,UNDRAFTED,0,CAMP_BODY,NONE,8,CAMP,57,65,GENERATED
GB_CB_01,Randall Colwell,GB,CB,Secondary,17,70,204,23,2,COL0027,Marbury Institute,2024,1,13,13,DRAFTED,0,ACTIVE,NONE,1,STARTER,83,89,GENERATED
GB_CB_02,Josiah Hammersley,GB,CB,Secondary,64,70,197,29,7,COL0180,Mount Verity College,2019,1,16,16,DRAFTED,0,ACTIVE,NONE,2,STARTER,77,79,GENERATED
GB_CB_03,Ajani Whitfield,GB,CB,Secondary,86,71,195,24,2,COL0036,Kelvinridge State,2024,1,29,29,DRAFTED,0,ACTIVE,NONE,3,STARTER,87,93,GENERATED
GB_CB_04,Jamari Ruggiero,GB,CB,Secondary,78,68,196,26,3,COL0254,Bramblewood University,2023,2,6,38,DRAFTED,0,ACTIVE,NONE,4,ROTATIONAL,80,85,GENERATED
GB_CB_05,Baylor Gaskins,GB,CB,Secondary,99,71,196,28,4,COL0208,Lakemont College,2022,6,25,185,DRAFTED,0,ACTIVE,NONE,5,ROTATIONAL,75,79,GENERATED
GB_CB_06,Axel Timmerman,GB,CB,Secondary,9,69,193,24,1,COL0164,Sablewood Tech,2025,2,7,39,DRAFTED,0,ACTIVE,NONE,6,ROTATIONAL,79,79,GENERATED
GB_CB_07,Randall Iheanacho,GB,CB,Secondary,18,70,207,25,2,COL0248,Winslow Tech,2024,6,29,189,DRAFTED,0,PRACTICE_SQUAD_CANDIDATE,PUP,7,DEPTH,60,63,GENERATED
GB_CB_08,Samir Kolodziej,GB,CB,Secondary,57,71,189,23,1,COL0053,Redbluff A&M,2025,7,6,198,DRAFTED,0,PRACTICE_SQUAD_CANDIDATE,NONE,8,DEPTH,62,68,GENERATED
GB_CB_09,Terrell Woolfolk,GB,CB,Secondary,44,68,175,25,1,COL0083,Iron Gate Institute,2025,7,31,223,DRAFTED,0,CAMP_BODY,NONE,9,CAMP,53,57,GENERATED
GB_CB_10,Gunnar Westbrook,GB,CB,Secondary,66,73,182,23,0,COL0086,Westmoor University,2026,6,2,162,DRAFTED,1,CAMP_BODY,NONE,10,CAMP,64,71,GENERATED
GB_CB_11,Wendell Chidozie,GB,CB,Secondary,40,68,199,23,0,COL0101,Thornfield Tech,2026,,,,UNDRAFTED,1,CAMP_BODY,NONE,11,CAMP,60,65,GENERATED
GB_S_01,Blaze McDermott,GB,S,Secondary,51,73,204,28,5,COL0147,Whitepine State Tech,2021,,,,UNDRAFTED,0,ACTIVE,NONE,1,STARTER,75,81,GENERATED
GB_S_02,Gannon Monfort,GB,S,Secondary,23,73,202,27,6,COL0020,Ashfield Institute,2020,3,5,69,DRAFTED,0,ACTIVE,NONE,2,STARTER,81,81,GENERATED
GB_S_03,Neville Rinaldi,GB,S,Secondary,59,68,207,23,1,COL0076,Cypress Hollow Institute,2025,5,6,134,DRAFTED,0,ACTIVE,NONE,3,ROTATIONAL,70,78,GENERATED
GB_S_04,Zane Barnhill,GB,S,Secondary,58,72,204,24,2,COL0227,Dunmore Tech,2024,5,13,141,DRAFTED,0,ACTIVE,NONE,4,ROTATIONAL,71,78,GENERATED
GB_S_05,Boone Copeland,GB,S,Secondary,50,71,197,27,4,COL0038,Kelvinridge Tech,2022,,,,UNDRAFTED,0,PRACTICE_SQUAD_CANDIDATE,NONE,5,DEPTH,66,68,GENERATED
GB_S_06,Devante Bordelon,GB,S,Secondary,85,70,183,22,0,COL0255,Bramblewood Tech,2026,,,,UNDRAFTED,1,CAMP_BODY,NONE,6,CAMP,48,50,GENERATED
GB_S_07,Kamari Stoutland,GB,S,Secondary,32,71,203,21,0,COL0205,Lakemont University,2026,,,,UNDRAFTED,1,CAMP_BODY,NONE,7,CAMP,53,56,GENERATED
GB_K_01,Talon Prendergast,GB,K,Specialist,30,70,211,33,12,COL0088,Westmoor A&M,2014,4,29,125,DRAFTED,0,ACTIVE,NONE,1,STARTER,85,86,GENERATED
GB_K_02,Hudson Polamalu,GB,K,Specialist,38,72,202,27,5,COL0051,Redbluff University,2021,5,21,149,DRAFTED,0,PRACTICE_SQUAD_CANDIDATE,NONE,2,DEPTH,62,70,GENERATED
GB_P_01,Vernon Washburn,GB,P,Specialist,43,76,204,28,6,COL0116,Kingsbridge A&M,2020,1,20,20,DRAFTED,0,ACTIVE,PUP,1,STARTER,79,79,GENERATED
GB_P_02,Kobi Clevenger,GB,P,Specialist,25,75,201,25,3,COL0234,Clearwater Ridge Tech,2023,3,21,85,DRAFTED,0,PRACTICE_SQUAD_CANDIDATE,PUP,2,DEPTH,70,75,GENERATED
GB_LS_01,Tarrell Satterfield,GB,LS,Specialist,95,75,240,29,6,COL0020,Ashfield Institute,2020,5,18,146,DRAFTED,0,ACTIVE,NONE,1,STARTER,75,79,GENERATED
MIN_QB_01,Madden Hasselby,MIN,QB,Quarterback,44,74,225,31,10,COL0197,Copper Creek State,2016,1,17,17,DRAFTED,0,ACTIVE,IR,1,STARTER,83,83,GENERATED
MIN_QB_02,Ford Hartline,MIN,QB,Quarterback,78,74,226,28,5,COL0128,Emberton University,2021,1,7,7,DRAFTED,0,ACTIVE,NONE,2,ROTATIONAL,69,73,GENERATED
MIN_QB_03,Thurman Pennington,MIN,QB,Quarterback,65,75,220,23,1,COL0147,Whitepine State Tech,2025,,,,UNDRAFTED,0,PRACTICE_SQUAD_CANDIDATE,NONE,3,DEPTH,63,68,GENERATED
MIN_QB_04,Easton Soderberg,MIN,QB,Quarterback,16,73,220,24,0,COL0097,Bellhaven Institute,2026,,,,UNDRAFTED,1,CAMP_BODY,NONE,4,CAMP,59,67,GENERATED
MIN_RB_01,Cato Kroll,MIN,RB,Backfield,39,68,207,39,17,COL0122,Falcon Ridge Tech,2009,1,17,17,DRAFTED,0,ACTIVE,NONE,1,STARTER,74,74,GENERATED
MIN_RB_02,Asa Cavanaugh,MIN,RB,Backfield,84,69,204,25,3,COL0027,Marbury Institute,2023,,,,UNDRAFTED,0,ACTIVE,NONE,2,ROTATIONAL,66,71,GENERATED
MIN_RB_03,Rocco Ingold,MIN,RB,Backfield,1,67,214,28,5,COL0011,Fort Grayson A&M,2021,,,,UNDRAFTED,0,ACTIVE,NONE,3,ROTATIONAL,67,68,GENERATED
MIN_RB_04,Bandon Jelks,MIN,RB,Backfield,9,72,209,25,4,COL0149,Cedar Falls University,2022,6,20,180,DRAFTED,0,PRACTICE_SQUAD_CANDIDATE,IR,4,DEPTH,64,66,GENERATED
MIN_RB_05,Juelz Holliday,MIN,RB,Backfield,12,71,214,23,0,COL0171,Harrowgate Tech,2026,,,,UNDRAFTED,1,CAMP_BODY,NONE,5,CAMP,57,62,GENERATED
MIN_FB_01,Denzel Gauthier,MIN,FB,Backfield,61,70,261,24,2,COL0242,Talbot A&M,2024,1,21,21,DRAFTED,0,ACTIVE,NONE,1,STARTER,76,80,GENERATED
MIN_WR_01,Stryker Mobley,MIN,WR,Receiver,95,69,201,27,3,COL0052,Redbluff Tech,2023,1,14,14,DRAFTED,0,ACTIVE,NONE,1,STARTER,94,95,GENERATED
MIN_WR_02,Blaze Bainbridge,MIN,WR,Receiver,32,73,196,24,3,COL0036,Kelvinridge State,2023,1,24,24,DRAFTED,0,ACTIVE,NONE,2,STARTER,83,90,GENERATED
MIN_WR_03,Wallace Kerrigan,MIN,WR,Receiver,64,75,181,29,5,COL0157,Granite Bay Tech,2021,7,26,218,DRAFTED,0,ACTIVE,NONE,3,STARTER,77,80,GENERATED
MIN_WR_04,Bryce Medearis,MIN,WR,Receiver,4,72,203,25,2,COL0044,Northcrest University,2024,5,15,143,DRAFTED,0,ACTIVE,NONE,4,ROTATIONAL,71,80,GENERATED
MIN_WR_05,Hakeem Hunnicutt,MIN,WR,Receiver,14,71,187,22,1,COL0121,Falcon Ridge University,2025,2,20,52,DRAFTED,0,ACTIVE,NONE,5,ROTATIONAL,72,75,GENERATED
MIN_WR_06,Zeke Gradkowski,MIN,WR,Receiver,76,68,193,26,4,COL0180,Mount Verity College,2022,6,13,173,DRAFTED,0,ACTIVE,NONE,6,ROTATIONAL,70,75,GENERATED
MIN_WR_07,Dallas Flannery,MIN,WR,Receiver,6,71,181,23,1,COL0021,Ashfield State Tech,2025,,,,UNDRAFTED,0,PRACTICE_SQUAD_CANDIDATE,NONE,7,DEPTH,65,70,GENERATED
MIN_WR_08,Merrick Donnelly,MIN,WR,Receiver,94,72,193,22,0,COL0052,Redbluff Tech,2026,6,6,166,DRAFTED,1,PRACTICE_SQUAD_CANDIDATE,NONE,8,DEPTH,66,69,GENERATED
MIN_WR_09,Milo Onwuasor,MIN,WR,Receiver,48,71,201,22,0,COL0012,Fort Grayson College,2026,,,,UNDRAFTED,1,CAMP_BODY,NONE,9,CAMP,60,67,GENERATED
MIN_WR_10,Pierson Boateng,MIN,WR,Receiver,41,70,191,25,4,COL0026,Marbury College,2022,7,27,219,DRAFTED,0,CAMP_BODY,NONE,10,CAMP,63,66,GENERATED
MIN_WR_11,Jaheim Greenlaw,MIN,WR,Receiver,7,73,202,25,2,COL0168,Sablewood State Tech,2024,,,,UNDRAFTED,0,CAMP_BODY,NONE,11,CAMP,61,63,GENERATED
MIN_TE_01,Ohan Landry,MIN,TE,Receiver,25,76,247,24,2,COL0036,Kelvinridge State,2024,1,25,25,DRAFTED,0,ACTIVE,NONE,1,STARTER,74,81,GENERATED
MIN_TE_02,Colton Kessler,MIN,TE,Receiver,96,79,245,26,3,COL0134,Larkspur State,2023,,,,UNDRAFTED,0,ACTIVE,NONE,2,ROTATIONAL,71,74,GENERATED
MIN_TE_03,Antoine Hooker,MIN,TE,Receiver,46,76,254,32,8,COL0145,Whitepine College,2018,3,21,85,DRAFTED,0,ACTIVE,NONE,3,ROTATIONAL,68,76,GENERATED
MIN_TE_04,Sterling Broadwater,MIN,TE,Receiver,54,77,248,24,1,COL0073,Cypress Hollow Tech,2025,,,,UNDRAFTED,0,PRACTICE_SQUAD_CANDIDATE,NONE,4,DEPTH,65,71,GENERATED
MIN_TE_05,Errol Willingham,MIN,TE,Receiver,68,75,251,21,0,COL0005,Calderwood College,2026,,,,UNDRAFTED,1,CAMP_BODY,NONE,5,CAMP,46,49,GENERATED
MIN_TE_06,Levi Tindall,MIN,TE,Receiver,15,76,222,22,0,COL0116,Kingsbridge A&M,2026,,,,UNDRAFTED,1,CAMP_BODY,NONE,6,CAMP,60,66,GENERATED
MIN_OT_01,Keegan Vaitai,MIN,OT,O-Line,37,76,330,22,0,COL0095,Bellhaven A&M,2026,1,28,28,DRAFTED,1,ACTIVE,NONE,1,STARTER,96,96,GENERATED
MIN_OT_02,Raul Granderson,MIN,OT,O-Line,81,77,310,26,4,COL0161,Granite Bay State Tech,2022,1,10,10,DRAFTED,0,ACTIVE,NONE,2,STARTER,92,92,GENERATED
MIN_OT_03,Ajani Kilgore,MIN,OT,O-Line,66,79,296,26,3,COL0112,Quarry Hill State Tech,2023,6,5,165,DRAFTED,0,ACTIVE,NONE,3,ROTATIONAL,61,67,GENERATED
MIN_OT_04,Santiago Birchfield,MIN,OT,O-Line,73,77,302,24,3,COL0090,Westmoor Institute,2023,6,19,179,DRAFTED,0,ACTIVE,NONE,4,ROTATIONAL,74,77,GENERATED
MIN_OT_05,Raheem Thackeray,MIN,OT,O-Line,36,76,331,21,0,COL0147,Whitepine State Tech,2026,3,21,85,DRAFTED,1,PRACTICE_SQUAD_CANDIDATE,NONE,5,DEPTH,62,66,GENERATED
MIN_OT_06,Granger Ingersoll,MIN,OT,O-Line,77,79,299,24,1,COL0175,Harrowgate State Tech,2025,,,,UNDRAFTED,0,CAMP_BODY,NONE,6,CAMP,60,60,GENERATED
MIN_OG_01,Walker Granderson,MIN,OG,O-Line,55,75,304,27,4,COL0202,Copper Creek Institute,2022,3,17,81,DRAFTED,0,ACTIVE,NONE,1,STARTER,73,73,GENERATED
MIN_OG_02,Yardley Fleener,MIN,OG,O-Line,93,76,309,25,2,COL0101,Thornfield Tech,2024,3,31,95,DRAFTED,0,ACTIVE,DAY_TO_DAY,2,STARTER,74,79,GENERATED
MIN_OG_03,Jordy Appleton,MIN,OG,O-Line,21,76,312,22,0,COL0169,Harrowgate State,2026,5,13,141,DRAFTED,1,ACTIVE,NONE,3,ROTATIONAL,60,69,GENERATED
MIN_OG_04,Wilkes Hartline,MIN,OG,O-Line,89,77,315,28,4,COL0183,Sunderland State,2022,2,26,58,DRAFTED,0,ACTIVE,NONE,4,ROTATIONAL,74,77,GENERATED
MIN_OG_05,Hiram Renfrow,MIN,OG,O-Line,18,75,299,26,4,COL0040,Kelvinridge College,2022,6,28,188,DRAFTED,0,PRACTICE_SQUAD_CANDIDATE,NONE,5,DEPTH,60,65,GENERATED
MIN_OG_06,Darnell Kilgore,MIN,OG,O-Line,83,77,306,23,0,COL0224,Foxcroft State Tech,2026,,,,UNDRAFTED,1,CAMP_BODY,NONE,6,CAMP,52,56,GENERATED
MIN_C_01,Kobi Kanell,MIN,C,O-Line,19,72,307,28,5,COL0147,Whitepine State Tech,2021,1,16,16,DRAFTED,0,ACTIVE,NONE,1,STARTER,87,92,GENERATED
MIN_C_02,Tyree Shanahan,MIN,C,O-Line,87,77,298,37,14,COL0036,Kelvinridge State,2012,1,27,27,DRAFTED,0,ACTIVE,NONE,2,ROTATIONAL,68,73,GENERATED
MIN_C_03,Baylor Coulombe,MIN,C,O-Line,92,73,287,22,0,COL0258,Bramblewood Institute,2026,6,5,165,DRAFTED,1,PRACTICE_SQUAD_CANDIDATE,NONE,3,DEPTH,60,64,GENERATED
MIN_EDGE_01,Grayson Bedard,MIN,EDGE,Front Seven,63,75,262,28,6,COL0027,Marbury Institute,2020,1,30,30,DRAFTED,0,ACTIVE,DAY_TO_DAY,1,STARTER,74,76,GENERATED
MIN_EDGE_02,Norwood Carvalho,MIN,EDGE,Front Seven,31,77,247,23,2,COL0102,Thornfield A&M,2024,1,6,6,DRAFTED,0,ACTIVE,PUP,2,STARTER,90,99,GENERATED
MIN_EDGE_03,Deacon Wetherall,MIN,EDGE,Front Seven,82,76,244,29,6,COL0040,Kelvinridge College,2020,3,15,79,DRAFTED,0,ACTIVE,PUP,3,ROTATIONAL,72,73,GENERATED
MIN_EDGE_04,Casen Hunnicutt,MIN,EDGE,Front Seven,86,76,261,27,6,COL0159,Granite Bay College,2020,5,6,134,DRAFTED,0,ACTIVE,NONE,4,ROTATIONAL,66,67,GENERATED
MIN_EDGE_05,Cassian Holliday,MIN,EDGE,Front Seven,98,76,267,27,6,COL0187,Sunderland College,2020,7,10,202,DRAFTED,0,ACTIVE,NONE,5,ROTATIONAL,63,69,GENERATED
MIN_EDGE_06,Brantley Winovich,MIN,EDGE,Front Seven,30,78,270,25,3,COL0016,Ashfield University,2023,,,,UNDRAFTED,0,PRACTICE_SQUAD_CANDIDATE,NONE,6,DEPTH,63,68,GENERATED
MIN_EDGE_07,Bandon Onwuasor,MIN,EDGE,Front Seven,45,75,258,23,1,COL0073,Cypress Hollow Tech,2025,,,,UNDRAFTED,0,PRACTICE_SQUAD_CANDIDATE,NONE,7,DEPTH,61,63,GENERATED
MIN_EDGE_08,Orson Loflin,MIN,EDGE,Front Seven,59,74,272,22,0,COL0050,Redbluff State,2026,7,17,209,DRAFTED,1,CAMP_BODY,NONE,8,CAMP,64,71,GENERATED
MIN_EDGE_09,Patton Jernigan,MIN,EDGE,Front Seven,17,78,265,23,1,COL0172,Harrowgate A&M,2025,6,29,189,DRAFTED,0,CAMP_BODY,NONE,9,CAMP,60,67,GENERATED
MIN_DT_01,Ruben Radcliffe,MIN,DT,Front Seven,50,72,305,23,2,COL0037,Kelvinridge University,2024,4,24,120,DRAFTED,0,ACTIVE,NONE,1,STARTER,81,84,GENERATED
MIN_DT_02,Killian Rainsberger,MIN,DT,Front Seven,34,77,298,26,2,COL0178,Mount Verity Tech,2024,1,9,9,DRAFTED,0,ACTIVE,NONE,2,STARTER,81,84,GENERATED
MIN_DT_03,Tiberius Simmerman,MIN,DT,Front Seven,57,74,294,27,4,COL0013,Fort Grayson Institute,2022,5,32,160,DRAFTED,0,ACTIVE,NONE,3,ROTATIONAL,75,84,GENERATED
MIN_DT_04,Rhys Selvie,MIN,DT,Front Seven,56,74,307,28,6,COL0112,Quarry Hill State Tech,2020,1,1,1,DRAFTED,0,ACTIVE,NONE,4,ROTATIONAL,78,78,GENERATED
MIN_DT_05,Sebastien Ayers,MIN,DT,Front Seven,90,75,319,24,2,COL0198,Copper Creek University,2024,3,25,89,DRAFTED,0,ACTIVE,NONE,5,ROTATIONAL,64,68,GENERATED
MIN_DT_06,Terrell Osweiler,MIN,DT,Front Seven,13,72,297,25,2,COL0021,Ashfield State Tech,2024,6,26,186,DRAFTED,0,PRACTICE_SQUAD_CANDIDATE,NONE,6,DEPTH,63,64,GENERATED
MIN_DT_07,Odin Clanton,MIN,DT,Front Seven,51,78,297,27,4,COL0097,Bellhaven Institute,2022,7,17,209,DRAFTED,0,CAMP_BODY,NONE,7,CAMP,56,56,GENERATED
MIN_DT_08,Gannon Wilberforce,MIN,DT,Front Seven,91,76,305,22,1,COL0028,Marbury State Tech,2025,7,30,222,DRAFTED,0,CAMP_BODY,NONE,8,CAMP,52,55,GENERATED
MIN_LB_01,Brogan Ludwig,MIN,LB,Front Seven,71,73,253,27,5,COL0144,Whitepine A&M,2021,3,13,77,DRAFTED,0,ACTIVE,NONE,1,STARTER,74,74,GENERATED
MIN_LB_02,Simeon Hepburn,MIN,LB,Front Seven,67,75,235,26,4,COL0166,Sablewood College,2022,1,24,24,DRAFTED,0,ACTIVE,NONE,2,STARTER,80,88,GENERATED
MIN_LB_03,Larkin Hemsley,MIN,LB,Front Seven,29,74,233,24,2,COL0170,Harrowgate University,2024,,,,UNDRAFTED,0,ACTIVE,NONE,3,ROTATIONAL,73,78,GENERATED
MIN_LB_04,Atticus Dalrymple,MIN,LB,Front Seven,40,71,245,26,4,COL0048,Northcrest Institute,2022,5,21,149,DRAFTED,0,ACTIVE,NONE,4,ROTATIONAL,72,74,GENERATED
MIN_LB_05,Roderick Shreve,MIN,LB,Front Seven,23,73,226,24,1,COL0192,Pinehurst Valley Tech,2025,,,,UNDRAFTED,0,ACTIVE,NONE,5,ROTATIONAL,69,78,GENERATED
MIN_LB_06,Sylas Hasselby,MIN,LB,Front Seven,8,73,242,21,0,COL0204,Lakemont State,2026,,,,UNDRAFTED,1,PRACTICE_SQUAD_CANDIDATE,NONE,6,DEPTH,66,73,GENERATED
MIN_LB_07,Rafferty Burrage,MIN,LB,Front Seven,58,73,244,23,2,COL0064,Silverlake State,2024,5,8,136,DRAFTED,0,CAMP_BODY,NONE,7,CAMP,58,67,GENERATED
MIN_LB_08,Cormac Wisniewski,MIN,LB,Front Seven,3,73,248,22,0,COL0186,Sunderland A&M,2026,,,,UNDRAFTED,1,CAMP_BODY,NONE,8,CAMP,72,74,GENERATED
MIN_CB_01,Hutch Pilkington,MIN,CB,Secondary,38,70,189,28,5,COL0024,Marbury Tech,2021,1,15,15,DRAFTED,0,ACTIVE,NONE,1,STARTER,86,87,GENERATED
MIN_CB_02,Kian Burnell,MIN,CB,Secondary,49,73,188,27,4,COL0087,Westmoor Tech,2022,2,20,52,DRAFTED,0,ACTIVE,NONE,2,STARTER,72,79,GENERATED
MIN_CB_03,Paxton Thistlewood,MIN,CB,Secondary,33,72,199,26,3,COL0036,Kelvinridge State,2023,1,15,15,DRAFTED,0,ACTIVE,NONE,3,STARTER,86,90,GENERATED
MIN_CB_04,Tristan Randle,MIN,CB,Secondary,10,68,188,27,5,COL0095,Bellhaven A&M,2021,7,21,213,DRAFTED,0,ACTIVE,NONE,4,ROTATIONAL,74,78,GENERATED
MIN_CB_05,Hugo Oakman,MIN,CB,Secondary,24,69,194,24,2,COL0240,Talbot University,2024,3,4,68,DRAFTED,0,ACTIVE,NONE,5,ROTATIONAL,81,84,GENERATED
MIN_CB_06,Tristan Lyerly,MIN,CB,Secondary,79,72,192,23,2,COL0244,Talbot Institute,2024,1,19,19,DRAFTED,0,ACTIVE,NONE,6,ROTATIONAL,68,76,GENERATED
MIN_CB_07,Cannon Petitgout,MIN,CB,Secondary,5,70,197,30,7,COL0126,Falcon Ridge State Tech,2019,7,15,207,DRAFTED,0,PRACTICE_SQUAD_CANDIDATE,NONE,7,DEPTH,61,63,GENERATED
MIN_CB_08,Emory Jodeci,MIN,CB,Secondary,20,68,208,24,1,COL0132,Emberton Institute,2025,,,,UNDRAFTED,0,PRACTICE_SQUAD_CANDIDATE,NONE,8,DEPTH,57,63,GENERATED
MIN_CB_09,Reece Donnelly,MIN,CB,Secondary,85,71,189,24,0,COL0087,Westmoor Tech,2026,,,,UNDRAFTED,1,CAMP_BODY,NONE,9,CAMP,58,63,GENERATED
MIN_CB_10,Rigby Ledbetter,MIN,CB,Secondary,80,71,180,22,0,COL0076,Cypress Hollow Institute,2026,,,,UNDRAFTED,1,CAMP_BODY,NONE,10,CAMP,54,57,GENERATED
MIN_CB_11,Hiram Crockett,MIN,CB,Secondary,72,72,184,26,2,COL0099,Thornfield State,2024,,,,UNDRAFTED,0,CAMP_BODY,NONE,11,CAMP,61,75,GENERATED
MIN_S_01,Ludwig Marlowe,MIN,S,Secondary,22,74,206,29,6,COL0166,Sablewood College,2020,1,15,15,DRAFTED,0,ACTIVE,IR,1,STARTER,81,82,GENERATED
MIN_S_02,Ace Swearinger,MIN,S,Secondary,42,70,211,30,7,COL0077,Cypress Hollow State Tech,2019,1,25,25,DRAFTED,0,ACTIVE,NONE,2,STARTER,87,88,GENERATED
MIN_S_03,Emmett Avilés,MIN,S,Secondary,47,71,208,25,1,COL0252,Winslow State Tech,2025,7,14,206,DRAFTED,0,ACTIVE,NONE,3,ROTATIONAL,67,70,GENERATED
MIN_S_04,Barrett Adeyemi,MIN,S,Secondary,2,72,190,29,7,COL0052,Redbluff Tech,2019,1,25,25,DRAFTED,0,ACTIVE,NONE,4,ROTATIONAL,64,64,GENERATED
MIN_S_05,Hank Iheanacho,MIN,S,Secondary,88,73,198,24,1,COL0007,Calderwood State Tech,2025,7,24,216,DRAFTED,0,PRACTICE_SQUAD_CANDIDATE,NONE,5,DEPTH,64,74,GENERATED
MIN_S_06,Gibson Cavanaugh,MIN,S,Secondary,28,71,197,26,3,COL0243,Talbot College,2023,,,,UNDRAFTED,0,CAMP_BODY,NONE,6,CAMP,41,49,GENERATED
MIN_S_07,Tarrell Debose,MIN,S,Secondary,60,69,200,23,0,COL0055,Redbluff Institute,2026,7,21,213,DRAFTED,1,CAMP_BODY,NONE,7,CAMP,56,56,GENERATED
MIN_K_01,Jalen Dewitt,MIN,K,Specialist,70,72,203,28,5,COL0230,Dunmore Institute,2021,3,28,92,DRAFTED,0,ACTIVE,NONE,1,STARTER,75,81,GENERATED
MIN_K_02,Ollie Zabransky,MIN,K,Specialist,62,72,162,24,1,COL0087,Westmoor Tech,2025,,,,UNDRAFTED,0,PRACTICE_SQUAD_CANDIDATE,NONE,2,DEPTH,69,72,GENERATED
MIN_P_01,Moses Dellinger,MIN,P,Specialist,97,74,220,22,0,COL0031,Stonewell Tech,2026,1,8,8,DRAFTED,1,ACTIVE,NONE,1,STARTER,78,84,GENERATED
MIN_P_02,Kellan Rutledge,MIN,P,Specialist,53,74,207,23,0,COL0048,Northcrest Institute,2026,,,,UNDRAFTED,1,PRACTICE_SQUAD_CANDIDATE,NONE,2,DEPTH,64,67,GENERATED
MIN_LS_01,Cyrus Dashiell,MIN,LS,Specialist,26,72,245,30,7,COL0108,Quarry Hill Tech,2019,1,32,32,DRAFTED,0,ACTIVE,NONE,1,STARTER,71,71,GENERATED
ATL_QB_01,Giovanni Sagapolutele,ATL,QB,Quarterback,40,71,223,23,0,COL0175,Harrowgate State Tech,2026,4,13,109,DRAFTED,1,ACTIVE,NONE,1,STARTER,87,94,GENERATED
ATL_QB_02,Hampton Youngblood,ATL,QB,Quarterback,95,74,235,24,1,COL0074,Cypress Hollow A&M,2025,5,18,146,DRAFTED,0,ACTIVE,NONE,2,ROTATIONAL,74,81,GENERATED
ATL_QB_03,Boone Yarborough,ATL,QB,Quarterback,38,75,231,23,1,COL0207,Lakemont A&M,2025,,,,UNDRAFTED,0,PRACTICE_SQUAD_CANDIDATE,NONE,3,DEPTH,59,71,GENERATED
ATL_QB_04,Cade Sarratt,ATL,QB,Quarterback,22,74,210,25,3,COL0108,Quarry Hill Tech,2023,6,23,183,DRAFTED,0,CAMP_BODY,NONE,4,CAMP,62,66,GENERATED
ATL_RB_01,Cooper Clevenger,ATL,RB,Backfield,9,71,218,27,4,COL0229,Dunmore College,2022,1,31,31,DRAFTED,0,ACTIVE,NONE,1,STARTER,77,79,GENERATED
ATL_RB_02,Ridge Hartline,ATL,RB,Backfield,15,69,238,26,4,COL0026,Marbury College,2022,7,11,203,DRAFTED,0,ACTIVE,NONE,2,ROTATIONAL,63,68,GENERATED
ATL_RB_03,Woodrow Callender,ATL,RB,Backfield,55,69,219,25,3,COL0229,Dunmore College,2023,,,,UNDRAFTED,0,ACTIVE,IR,3,ROTATIONAL,61,63,GENERATED
ATL_RB_04,Trace Ogletree,ATL,RB,Backfield,17,71,225,26,2,COL0180,Mount Verity College,2024,7,31,223,DRAFTED,0,PRACTICE_SQUAD_CANDIDATE,NONE,4,DEPTH,60,66,GENERATED
ATL_RB_05,Lennox Spielman,ATL,RB,Backfield,72,70,222,23,1,COL0169,Harrowgate State,2025,7,10,202,DRAFTED,0,CAMP_BODY,NONE,5,CAMP,53,53,GENERATED
ATL_FB_01,Ollie Ochoa,ATL,FB,Backfield,1,70,228,26,2,COL0220,Foxcroft Tech,2024,1,9,9,DRAFTED,0,ACTIVE,NONE,1,STARTER,78,80,GENERATED
ATL_WR_01,Mordecai Jorgensen,ATL,WR,Receiver,58,70,210,27,6,COL0092,Bellhaven State,2020,1,11,11,DRAFTED,0,ACTIVE,DAY_TO_DAY,1,STARTER,87,88,GENERATED
ATL_WR_02,Emeka Casillas,ATL,WR,Receiver,43,71,201,24,1,COL0220,Foxcroft Tech,2025,1,10,10,DRAFTED,0,ACTIVE,NONE,2,STARTER,83,90,GENERATED
ATL_WR_03,Lucius Cavanaugh,ATL,WR,Receiver,23,72,216,27,4,COL0220,Foxcroft Tech,2022,1,2,2,DRAFTED,0,ACTIVE,DAY_TO_DAY,3,STARTER,84,89,GENERATED
ATL_WR_04,Patton Hunnicutt,ATL,WR,Receiver,90,74,192,23,0,COL0149,Cedar Falls University,2026,,,,UNDRAFTED,1,ACTIVE,NONE,4,ROTATIONAL,75,80,GENERATED
ATL_WR_05,Asa Vaitai,ATL,WR,Receiver,65,75,166,28,5,COL0139,Larkspur Institute,2021,1,2,2,DRAFTED,0,ACTIVE,NONE,5,ROTATIONAL,79,82,GENERATED
ATL_WR_06,Isaias Daigle,ATL,WR,Receiver,30,71,210,22,1,COL0100,Thornfield University,2025,4,6,102,DRAFTED,0,ACTIVE,NONE,6,ROTATIONAL,76,86,GENERATED
ATL_WR_07,Axel Kinlaw,ATL,WR,Receiver,99,69,210,22,0,COL0249,Winslow A&M,2026,7,18,210,DRAFTED,1,PRACTICE_SQUAD_CANDIDATE,NONE,7,DEPTH,74,79,GENERATED
ATL_WR_08,Lorenzo Brisco,ATL,WR,Receiver,88,72,201,23,1,COL0121,Falcon Ridge University,2025,,,,UNDRAFTED,0,PRACTICE_SQUAD_CANDIDATE,NONE,8,DEPTH,64,72,GENERATED
ATL_WR_09,Ike Jorgensen,ATL,WR,Receiver,56,69,197,21,0,COL0121,Falcon Ridge University,2026,,,,UNDRAFTED,1,CAMP_BODY,NONE,9,CAMP,52,62,GENERATED
ATL_WR_10,Basil Tranquill,ATL,WR,Receiver,59,73,199,24,2,COL0220,Foxcroft Tech,2024,7,7,199,DRAFTED,0,CAMP_BODY,NONE,10,CAMP,44,52,GENERATED
ATL_WR_11,Tavian Prendergast,ATL,WR,Receiver,18,69,212,24,0,COL0040,Kelvinridge College,2026,,,,UNDRAFTED,1,CAMP_BODY,NONE,11,CAMP,64,66,GENERATED
ATL_TE_01,Shaquille Doughty,ATL,TE,Receiver,47,76,254,24,3,COL0002,Calderwood University,2023,6,27,187,DRAFTED,0,ACTIVE,NONE,1,STARTER,85,89,GENERATED
ATL_TE_02,Fritz Morrissey,ATL,TE,Receiver,29,76,270,25,3,COL0256,Bramblewood A&M,2023,3,2,66,DRAFTED,0,ACTIVE,NONE,2,ROTATIONAL,75,75,GENERATED
ATL_TE_03,Parker Hickenbotham,ATL,TE,Receiver,39,75,237,24,2,COL0012,Fort Grayson College,2024,7,22,214,DRAFTED,0,ACTIVE,NONE,3,ROTATIONAL,64,71,GENERATED
ATL_TE_04,Maxton Tranquill,ATL,TE,Receiver,69,77,246,34,10,COL0183,Sunderland State,2016,5,1,129,DRAFTED,0,PRACTICE_SQUAD_CANDIDATE,NONE,4,DEPTH,65,65,GENERATED
ATL_TE_05,Jorel Woolfolk,ATL,TE,Receiver,6,75,237,23,0,COL0079,Iron Gate University,2026,7,1,193,DRAFTED,1,CAMP_BODY,NONE,5,CAMP,58,65,GENERATED
ATL_TE_06,Santiago Cardenas,ATL,TE,Receiver,10,79,245,23,2,COL0158,Granite Bay A&M,2024,5,20,148,DRAFTED,0,CAMP_BODY,NONE,6,CAMP,54,57,GENERATED
ATL_OT_01,Wallace Corrigan,ATL,OT,O-Line,5,78,312,28,5,COL0030,Stonewell University,2021,1,18,18,DRAFTED,0,ACTIVE,NONE,1,STARTER,85,88,GENERATED
ATL_OT_02,Lamont Slocum,ATL,OT,O-Line,67,80,333,36,12,COL0085,Westmoor State,2014,1,10,10,DRAFTED,0,ACTIVE,DAY_TO_DAY,2,STARTER,78,83,GENERATED
ATL_OT_03,Ace Ayers,ATL,OT,O-Line,35,77,312,23,1,COL0182,Mount Verity State Tech,2025,,,,UNDRAFTED,0,ACTIVE,NONE,3,ROTATIONAL,60,68,GENERATED
ATL_OT_04,Ajani Ridgeway,ATL,OT,O-Line,26,77,329,27,3,COL0116,Kingsbridge A&M,2023,7,28,220,DRAFTED,0,ACTIVE,DAY_TO_DAY,4,ROTATIONAL,74,84,GENERATED
ATL_OT_05,Newton Beecham,ATL,OT,O-Line,77,79,326,22,0,COL0114,Kingsbridge University,2026,,,,UNDRAFTED,1,PRACTICE_SQUAD_CANDIDATE,NONE,5,DEPTH,69,71,GENERATED
ATL_OT_06,Holden Joplin,ATL,OT,O-Line,37,76,335,23,1,COL0132,Emberton Institute,2025,,,,UNDRAFTED,0,CAMP_BODY,NONE,6,CAMP,52,58,GENERATED
ATL_OG_01,Jace Thistlewood,ATL,OG,O-Line,94,75,326,25,4,COL0225,Dunmore State,2022,3,14,78,DRAFTED,0,ACTIVE,NONE,1,STARTER,82,83,GENERATED
ATL_OG_02,Judah Brinkley,ATL,OG,O-Line,63,75,322,33,10,COL0042,Kelvinridge State Tech,2016,1,1,1,DRAFTED,0,ACTIVE,NFI,2,STARTER,77,80,GENERATED
ATL_OG_03,Teagan Crandall,ATL,OG,O-Line,98,75,312,29,5,COL0097,Bellhaven Institute,2021,7,16,208,DRAFTED,0,ACTIVE,NONE,3,ROTATIONAL,67,67,GENERATED
ATL_OG_04,Ramsey Ravenel,ATL,OG,O-Line,54,73,332,26,3,COL0246,Winslow State,2023,5,20,148,DRAFTED,0,ACTIVE,NONE,4,ROTATIONAL,72,79,GENERATED
ATL_OG_05,Saul Mathurin,ATL,OG,O-Line,80,76,337,28,4,COL0248,Winslow Tech,2022,6,9,169,DRAFTED,0,PRACTICE_SQUAD_CANDIDATE,NONE,5,DEPTH,69,71,GENERATED
ATL_OG_06,Redmond Holbrook,ATL,OG,O-Line,41,76,308,22,1,COL0218,Foxcroft State,2025,,,,UNDRAFTED,0,CAMP_BODY,NONE,6,CAMP,53,59,GENERATED
ATL_C_01,Nikolai Mortenson,ATL,C,O-Line,57,73,297,26,4,COL0211,Ravensburg State,2022,1,8,8,DRAFTED,0,ACTIVE,DAY_TO_DAY,1,STARTER,77,78,GENERATED
ATL_C_02,Grady Mastrangelo,ATL,C,O-Line,61,74,300,27,4,COL0180,Mount Verity College,2022,1,2,2,DRAFTED,0,ACTIVE,NONE,2,ROTATIONAL,78,79,GENERATED
ATL_C_03,Auden Passmore,ATL,C,O-Line,34,74,301,24,1,COL0100,Thornfield University,2025,6,14,174,DRAFTED,0,PRACTICE_SQUAD_CANDIDATE,NONE,3,DEPTH,70,73,GENERATED
ATL_EDGE_01,Barrett Zapatero,ATL,EDGE,Front Seven,64,74,267,27,3,COL0041,Kelvinridge Institute,2023,1,28,28,DRAFTED,0,ACTIVE,NONE,1,STARTER,89,89,GENERATED
ATL_EDGE_02,Flynn Hemsley,ATL,EDGE,Front Seven,68,73,274,27,4,COL0122,Falcon Ridge Tech,2022,1,25,25,DRAFTED,0,ACTIVE,NONE,2,STARTER,84,90,GENERATED
ATL_EDGE_03,Buck Herrera,ATL,EDGE,Front Seven,14,75,270,32,9,COL0053,Redbluff A&M,2017,3,16,80,DRAFTED,0,ACTIVE,NONE,3,ROTATIONAL,77,77,GENERATED
ATL_EDGE_04,Kendrick Egbuna,ATL,EDGE,Front Seven,50,76,272,27,4,COL0050,Redbluff State,2022,1,30,30,DRAFTED,0,ACTIVE,DAY_TO_DAY,4,ROTATIONAL,82,82,GENERATED
ATL_EDGE_05,Zachariah Vasher,ATL,EDGE,Front Seven,12,76,246,25,2,COL0169,Harrowgate State,2024,5,10,138,DRAFTED,0,ACTIVE,NONE,5,ROTATIONAL,68,72,GENERATED
ATL_EDGE_06,Hakeem Bordelon,ATL,EDGE,Front Seven,96,76,255,32,8,COL0036,Kelvinridge State,2018,6,7,167,DRAFTED,0,PRACTICE_SQUAD_CANDIDATE,DAY_TO_DAY,6,DEPTH,68,69,GENERATED
ATL_EDGE_07,Jericho Adeyemi,ATL,EDGE,Front Seven,97,76,256,25,1,COL0253,Bramblewood State,2025,2,25,57,DRAFTED,0,PRACTICE_SQUAD_CANDIDATE,NONE,7,DEPTH,72,75,GENERATED
ATL_EDGE_08,Spencer Longacre,ATL,EDGE,Front Seven,71,74,262,23,0,COL0044,Northcrest University,2026,,,,UNDRAFTED,1,CAMP_BODY,NONE,8,CAMP,50,56,GENERATED
ATL_EDGE_09,Mason Cromartie,ATL,EDGE,Front Seven,75,75,251,21,0,COL0020,Ashfield Institute,2026,7,22,214,DRAFTED,1,CAMP_BODY,NONE,9,CAMP,49,54,GENERATED
ATL_DT_01,Patton Honeycutt,ATL,DT,Front Seven,2,75,312,23,2,COL0112,Quarry Hill State Tech,2024,1,28,28,DRAFTED,0,ACTIVE,NONE,1,STARTER,81,90,GENERATED
ATL_DT_02,Briggs Butterworth,ATL,DT,Front Seven,86,74,309,37,13,COL0068,Silverlake College,2013,1,27,27,DRAFTED,0,ACTIVE,NONE,2,STARTER,85,88,GENERATED
ATL_DT_03,Damarion Ugwoegbu,ATL,DT,Front Seven,32,72,316,31,7,COL0112,Quarry Hill State Tech,2019,5,19,147,DRAFTED,0,ACTIVE,NONE,3,ROTATIONAL,69,69,GENERATED
ATL_DT_04,Whitaker Gerhardt,ATL,DT,Front Seven,89,77,339,22,1,COL0108,Quarry Hill Tech,2025,1,4,4,DRAFTED,0,ACTIVE,NONE,4,ROTATIONAL,72,79,GENERATED
ATL_DT_05,Cortez Waterhouse,ATL,DT,Front Seven,62,75,272,26,2,COL0045,Northcrest Tech,2024,5,22,150,DRAFTED,0,ACTIVE,NONE,5,ROTATIONAL,68,73,GENERATED
ATL_DT_06,Luca Sanborn,ATL,DT,Front Seven,85,74,295,22,0,COL0113,Kingsbridge State,2026,6,11,171,DRAFTED,1,PRACTICE_SQUAD_CANDIDATE,NONE,6,DEPTH,67,73,GENERATED
ATL_DT_07,Kian Longacre,ATL,DT,Front Seven,52,75,292,23,0,COL0108,Quarry Hill Tech,2026,6,21,181,DRAFTED,1,CAMP_BODY,DAY_TO_DAY,7,CAMP,58,67,GENERATED
ATL_DT_08,Cyrus Mostert,ATL,DT,Front Seven,66,74,304,22,0,COL0079,Iron Gate University,2026,7,6,198,DRAFTED,1,CAMP_BODY,NONE,8,CAMP,59,67,GENERATED
ATL_LB_01,Benoit Killebrew,ATL,LB,Front Seven,4,73,258,28,6,COL0187,Sunderland College,2020,1,6,6,DRAFTED,0,ACTIVE,NONE,1,STARTER,88,90,GENERATED
ATL_LB_02,Diallo Duckworth,ATL,LB,Front Seven,13,72,240,28,5,COL0247,Winslow University,2021,1,23,23,DRAFTED,0,ACTIVE,NONE,2,STARTER,79,84,GENERATED
ATL_LB_03,Halsey Trevathan,ATL,LB,Front Seven,8,75,232,22,0,COL0149,Cedar Falls University,2026,7,32,224,DRAFTED,1,ACTIVE,NONE,3,ROTATIONAL,70,78,GENERATED
ATL_LB_04,Jomari Debose,ATL,LB,Front Seven,53,76,236,24,3,COL0109,Quarry Hill A&M,2023,5,29,157,DRAFTED,0,ACTIVE,NONE,4,ROTATIONAL,73,82,GENERATED
ATL_LB_05,Cannon Darboe,ATL,LB,Front Seven,19,74,237,22,1,COL0169,Harrowgate State,2025,7,21,213,DRAFTED,0,ACTIVE,NONE,5,ROTATIONAL,69,80,GENERATED
ATL_LB_06,Uriah Ulbrich,ATL,LB,Front Seven,48,72,238,22,1,COL0050,Redbluff State,2025,7,14,206,DRAFTED,0,PRACTICE_SQUAD_CANDIDATE,NONE,6,DEPTH,69,79,GENERATED
ATL_LB_07,Draven Polamalu,ATL,LB,Front Seven,21,74,242,23,0,COL0133,Emberton State Tech,2026,7,28,220,DRAFTED,1,CAMP_BODY,NONE,7,CAMP,66,75,GENERATED
ATL_LB_08,Quade Dungy,ATL,LB,Front Seven,92,72,225,23,1,COL0111,Quarry Hill Institute,2025,,,,UNDRAFTED,0,CAMP_BODY,NONE,8,CAMP,56,60,GENERATED
ATL_CB_01,Reginald Fraley,ATL,CB,Secondary,76,70,202,31,9,COL0111,Quarry Hill Institute,2017,1,28,28,DRAFTED,0,ACTIVE,NONE,1,STARTER,80,81,GENERATED
ATL_CB_02,Tate Rowlett,ATL,CB,Secondary,81,70,188,23,2,COL0124,Falcon Ridge College,2024,1,25,25,DRAFTED,0,ACTIVE,NONE,2,STARTER,90,98,GENERATED
ATL_CB_03,Remy Hitchens,ATL,CB,Secondary,44,73,205,32,11,COL0132,Emberton Institute,2015,1,25,25,DRAFTED,0,ACTIVE,NONE,3,STARTER,93,97,GENERATED
ATL_CB_04,Mekai Gaddis,ATL,CB,Secondary,28,71,182,26,2,COL0139,Larkspur Institute,2024,6,14,174,DRAFTED,0,ACTIVE,NONE,4,ROTATIONAL,72,77,GENERATED
ATL_CB_05,Tucker Guilford,ATL,CB,Secondary,49,71,194,26,2,COL0105,Thornfield State Tech,2024,1,2,2,DRAFTED,0,ACTIVE,DAY_TO_DAY,5,ROTATIONAL,74,76,GENERATED
ATL_CB_06,Forrest Copeland,ATL,CB,Secondary,70,70,206,26,4,COL0001,Calderwood State,2022,3,13,77,DRAFTED,0,ACTIVE,NONE,6,ROTATIONAL,72,77,GENERATED
ATL_CB_07,Ladarius Vosburgh,ATL,CB,Secondary,60,69,200,25,1,COL0169,Harrowgate State,2025,,,,UNDRAFTED,0,PRACTICE_SQUAD_CANDIDATE,NONE,7,DEPTH,62,63,GENERATED
ATL_CB_08,Sebastien Stanback,ATL,CB,Secondary,42,69,216,24,3,COL0242,Talbot A&M,2023,7,32,224,DRAFTED,0,PRACTICE_SQUAD_CANDIDATE,NONE,8,DEPTH,66,70,GENERATED
ATL_CB_09,Brogan Humphries,ATL,CB,Secondary,79,71,193,22,0,COL0087,Westmoor Tech,2026,5,8,136,DRAFTED,1,CAMP_BODY,NONE,9,CAMP,57,59,GENERATED
ATL_CB_10,Norwood Conyers,ATL,CB,Secondary,78,72,175,21,0,COL0252,Winslow State Tech,2026,6,15,175,DRAFTED,1,CAMP_BODY,NONE,10,CAMP,55,62,GENERATED
ATL_CB_11,Nathanial Desormeaux,ATL,CB,Secondary,3,70,169,24,1,COL0214,Ravensburg A&M,2025,5,20,148,DRAFTED,0,CAMP_BODY,NONE,11,CAMP,57,58,GENERATED
ATL_S_01,Porter Sherfield,ATL,S,Secondary,83,70,209,30,9,COL0184,Sunderland University,2017,1,12,12,DRAFTED,0,ACTIVE,NONE,1,STARTER,92,92,GENERATED
ATL_S_02,Remy Radcliffe,ATL,S,Secondary,33,72,204,35,11,COL0234,Clearwater Ridge Tech,2015,1,30,30,DRAFTED,0,ACTIVE,NONE,2,STARTER,81,81,GENERATED
ATL_S_03,Lonnie Bowersox,ATL,S,Secondary,7,71,210,22,0,COL0122,Falcon Ridge Tech,2026,6,13,173,DRAFTED,1,ACTIVE,NONE,3,ROTATIONAL,71,77,GENERATED
ATL_S_04,Ephraim Gentry,ATL,S,Secondary,91,71,192,25,1,COL0124,Falcon Ridge College,2025,2,25,57,DRAFTED,0,ACTIVE,NONE,4,ROTATIONAL,75,81,GENERATED
ATL_S_05,Marlon Whitlow,ATL,S,Secondary,84,72,197,22,0,COL0140,Larkspur State Tech,2026,6,24,184,DRAFTED,1,PRACTICE_SQUAD_CANDIDATE,NONE,5,DEPTH,70,77,GENERATED
ATL_S_06,Callum Wheelwright,ATL,S,Secondary,11,73,189,23,1,COL0112,Quarry Hill State Tech,2025,5,29,157,DRAFTED,0,CAMP_BODY,NONE,6,CAMP,53,53,GENERATED
ATL_S_07,Barrett Westbrook,ATL,S,Secondary,93,73,205,23,2,COL0170,Harrowgate University,2024,7,10,202,DRAFTED,0,CAMP_BODY,NONE,7,CAMP,60,66,GENERATED
ATL_K_01,Terrell Merriweather,ATL,K,Specialist,25,73,190,25,3,COL0248,Winslow Tech,2023,3,2,66,DRAFTED,0,ACTIVE,NONE,1,STARTER,76,82,GENERATED
ATL_K_02,Stryker Harrell,ATL,K,Specialist,16,72,178,28,6,COL0040,Kelvinridge College,2020,,,,UNDRAFTED,0,PRACTICE_SQUAD_CANDIDATE,NONE,2,DEPTH,66,66,GENERATED
ATL_P_01,Murphy Grantham,ATL,P,Specialist,24,73,201,26,3,COL0076,Cypress Hollow Institute,2023,4,30,126,DRAFTED,0,ACTIVE,NONE,1,STARTER,85,94,GENERATED
ATL_P_02,Titus Sigler,ATL,P,Specialist,27,73,231,30,7,COL0167,Sablewood Institute,2019,3,14,78,DRAFTED,0,PRACTICE_SQUAD_CANDIDATE,NONE,2,DEPTH,69,70,GENERATED
ATL_LS_01,Merle Restrepo,ATL,LS,Specialist,82,72,233,25,2,COL0239,Talbot State,2024,1,5,5,DRAFTED,0,ACTIVE,NONE,1,STARTER,76,85,GENERATED
CAR_QB_01,Chase Durrant,CAR,QB,Quarterback,64,75,217,26,4,COL0176,Mount Verity State,2022,1,9,9,DRAFTED,0,ACTIVE,NONE,1,STARTER,87,87,GENERATED
CAR_QB_02,Renard Dunleavy,CAR,QB,Quarterback,53,74,220,28,5,COL0089,Westmoor College,2021,1,5,5,DRAFTED,0,ACTIVE,NONE,2,ROTATIONAL,68,68,GENERATED
CAR_QB_03,Moses Stenberg,CAR,QB,Quarterback,50,76,225,22,1,COL0035,Stonewell State Tech,2025,,,,UNDRAFTED,0,PRACTICE_SQUAD_CANDIDATE,NONE,3,DEPTH,72,79,GENERATED
CAR_QB_04,Esteban Fairbanks,CAR,QB,Quarterback,6,74,225,24,3,COL0036,Kelvinridge State,2023,,,,UNDRAFTED,0,CAMP_BODY,NONE,4,CAMP,50,50,GENERATED
CAR_RB_01,Tavian Winovich,CAR,RB,Backfield,80,68,227,27,5,COL0054,Redbluff College,2021,1,6,6,DRAFTED,0,ACTIVE,NONE,1,STARTER,84,84,GENERATED
CAR_RB_02,Eli Landry,CAR,RB,Backfield,91,70,219,26,4,COL0048,Northcrest Institute,2022,,,,UNDRAFTED,0,ACTIVE,NONE,2,ROTATIONAL,59,59,GENERATED
CAR_RB_03,Otto Gholston,CAR,RB,Backfield,71,69,222,24,3,COL0108,Quarry Hill Tech,2023,5,22,150,DRAFTED,0,ACTIVE,NONE,3,ROTATIONAL,71,74,GENERATED
CAR_RB_04,Heath Eldridge,CAR,RB,Backfield,89,68,233,25,2,COL0002,Calderwood University,2024,,,,UNDRAFTED,0,PRACTICE_SQUAD_CANDIDATE,NONE,4,DEPTH,65,66,GENERATED
CAR_RB_05,Gavin Quigley,CAR,RB,Backfield,76,70,202,22,0,COL0036,Kelvinridge State,2026,,,,UNDRAFTED,1,CAMP_BODY,NONE,5,CAMP,60,61,GENERATED
CAR_FB_01,Kieran Gauthier,CAR,FB,Backfield,7,70,230,24,2,COL0170,Harrowgate University,2024,1,21,21,DRAFTED,0,ACTIVE,NONE,1,STARTER,77,81,GENERATED
CAR_WR_01,Jace Dettmer,CAR,WR,Receiver,2,72,190,28,4,COL0182,Mount Verity State Tech,2022,1,9,9,DRAFTED,0,ACTIVE,NONE,1,STARTER,97,99,GENERATED
CAR_WR_02,Marshall Plunkett,CAR,WR,Receiver,54,72,207,31,10,COL0230,Dunmore Institute,2016,3,5,69,DRAFTED,0,ACTIVE,NONE,2,STARTER,81,87,GENERATED
CAR_WR_03,Zeb Quinones,CAR,WR,Receiver,23,70,194,24,1,COL0103,Thornfield College,2025,1,27,27,DRAFTED,0,ACTIVE,NONE,3,STARTER,89,94,GENERATED
CAR_WR_04,Maverick Ayers,CAR,WR,Receiver,92,76,189,24,1,COL0082,Iron Gate College,2025,5,3,131,DRAFTED,0,ACTIVE,NONE,4,ROTATIONAL,59,63,GENERATED
CAR_WR_05,Bodhi Threadgill,CAR,WR,Receiver,63,73,199,24,2,COL0073,Cypress Hollow Tech,2024,,,,UNDRAFTED,0,ACTIVE,NONE,5,ROTATIONAL,80,85,GENERATED
CAR_WR_06,Bronson Ulbrich,CAR,WR,Receiver,88,71,199,23,0,COL0113,Kingsbridge State,2026,5,16,144,DRAFTED,1,ACTIVE,NONE,6,ROTATIONAL,78,85,GENERATED
CAR_WR_07,Levi Jimerson,CAR,WR,Receiver,25,74,179,26,4,COL0135,Larkspur University,2022,5,3,131,DRAFTED,0,PRACTICE_SQUAD_CANDIDATE,NONE,7,DEPTH,63,66,GENERATED
CAR_WR_08,Milo Hankins,CAR,WR,Receiver,39,71,198,22,1,COL0146,Whitepine Institute,2025,,,,UNDRAFTED,0,PRACTICE_SQUAD_CANDIDATE,NONE,8,DEPTH,70,75,GENERATED
CAR_WR_09,Dillon Dewitt,CAR,WR,Receiver,30,71,200,22,0,COL0259,Bramblewood State Tech,2026,5,28,156,DRAFTED,1,CAMP_BODY,NONE,9,CAMP,60,66,GENERATED
CAR_WR_10,Finnian Fetterman,CAR,WR,Receiver,84,72,184,24,0,COL0036,Kelvinridge State,2026,,,,UNDRAFTED,1,CAMP_BODY,NONE,10,CAMP,47,50,GENERATED
CAR_WR_11,Desmond Peebles,CAR,WR,Receiver,96,72,199,21,0,COL0180,Mount Verity College,2026,,,,UNDRAFTED,1,CAMP_BODY,NONE,11,CAMP,52,52,GENERATED
CAR_TE_01,Rashad Restrepo,CAR,TE,Receiver,36,77,261,26,3,COL0097,Bellhaven Institute,2023,3,11,75,DRAFTED,0,ACTIVE,NONE,1,STARTER,81,81,GENERATED
CAR_TE_02,Lamont Flannery,CAR,TE,Receiver,52,77,252,25,1,COL0080,Iron Gate Tech,2025,1,2,2,DRAFTED,0,ACTIVE,NONE,2,ROTATIONAL,76,82,GENERATED
CAR_TE_03,Willem Kessler,CAR,TE,Receiver,74,77,231,25,3,COL0208,Lakemont College,2023,5,17,145,DRAFTED,0,ACTIVE,NONE,3,ROTATIONAL,71,71,GENERATED
CAR_TE_04,Lars Estrada,CAR,TE,Receiver,9,77,258,23,0,COL0135,Larkspur University,2026,7,12,204,DRAFTED,1,PRACTICE_SQUAD_CANDIDATE,NONE,4,DEPTH,69,73,GENERATED
CAR_TE_05,Grayson Wallenstein,CAR,TE,Receiver,45,76,236,21,0,COL0223,Foxcroft Institute,2026,,,,UNDRAFTED,1,CAMP_BODY,NONE,5,CAMP,59,67,GENERATED
CAR_TE_06,Kaiden Tindall,CAR,TE,Receiver,56,78,260,24,2,COL0194,Pinehurst Valley College,2024,,,,UNDRAFTED,0,CAMP_BODY,NONE,6,CAMP,64,71,GENERATED
CAR_OT_01,Simeon Sorrentino,CAR,OT,O-Line,37,77,316,29,5,COL0065,Silverlake University,2021,1,31,31,DRAFTED,0,ACTIVE,NONE,1,STARTER,89,92,GENERATED
CAR_OT_02,Cooper Rochell,CAR,OT,O-Line,68,77,320,27,4,COL0134,Larkspur State,2022,1,14,14,DRAFTED,0,ACTIVE,NONE,2,STARTER,86,89,GENERATED
CAR_OT_03,Saul Treadwell,CAR,OT,O-Line,48,78,304,23,1,COL0206,Lakemont Tech,2025,5,2,130,DRAFTED,0,ACTIVE,NONE,3,ROTATIONAL,75,81,GENERATED
CAR_OT_04,Theo Warrick,CAR,OT,O-Line,42,77,319,25,2,COL0238,Clearwater Ridge State Tech,2024,6,27,187,DRAFTED,0,ACTIVE,NONE,4,ROTATIONAL,72,76,GENERATED
CAR_OT_05,Vance Pflueger,CAR,OT,O-Line,72,78,305,23,1,COL0134,Larkspur State,2025,6,2,162,DRAFTED,0,PRACTICE_SQUAD_CANDIDATE,PUP,5,DEPTH,70,86,GENERATED
CAR_OT_06,Eero Bandele,CAR,OT,O-Line,85,77,297,23,0,COL0053,Redbluff A&M,2026,,,,UNDRAFTED,1,CAMP_BODY,NONE,6,CAMP,53,58,GENERATED
CAR_OG_01,Jorel Copeland,CAR,OG,O-Line,15,76,323,28,6,COL0257,Bramblewood College,2020,1,16,16,DRAFTED,0,ACTIVE,DAY_TO_DAY,1,STARTER,86,92,GENERATED
CAR_OG_02,Rowan Verrett,CAR,OG,O-Line,22,77,336,25,2,COL0151,Cedar Falls A&M,2024,1,31,31,DRAFTED,0,ACTIVE,NONE,2,STARTER,84,84,GENERATED
CAR_OG_03,Clovis Gholston,CAR,OG,O-Line,83,76,328,23,0,COL0130,Emberton A&M,2026,1,11,11,DRAFTED,1,ACTIVE,DAY_TO_DAY,3,ROTATIONAL,69,74,GENERATED
CAR_OG_04,Tillman Madubuike,CAR,OG,O-Line,3,75,317,28,5,COL0231,Dunmore State Tech,2021,3,18,82,DRAFTED,0,ACTIVE,NONE,4,ROTATIONAL,72,75,GENERATED
CAR_OG_05,Bandon Bracken,CAR,OG,O-Line,59,77,310,24,0,COL0056,Redbluff State Tech,2026,7,28,220,DRAFTED,1,PRACTICE_SQUAD_CANDIDATE,NONE,5,DEPTH,68,71,GENERATED
CAR_OG_06,Dashawn Howze,CAR,OG,O-Line,97,75,317,23,0,COL0027,Marbury Institute,2026,5,9,137,DRAFTED,1,CAMP_BODY,NONE,6,CAMP,59,64,GENERATED
CAR_C_01,Asa Ugwoegbu,CAR,C,O-Line,66,73,289,26,2,COL0158,Granite Bay A&M,2024,1,13,13,DRAFTED,0,ACTIVE,NONE,1,STARTER,89,92,GENERATED
CAR_C_02,Thelonious Puglisi,CAR,C,O-Line,95,75,292,26,2,COL0161,Granite Bay State Tech,2024,2,11,43,DRAFTED,0,ACTIVE,NONE,2,ROTATIONAL,80,81,GENERATED
CAR_C_03,Terrell Tegeler,CAR,C,O-Line,51,75,311,25,1,COL0061,Havenport College,2025,,,,UNDRAFTED,0,PRACTICE_SQUAD_CANDIDATE,NONE,3,DEPTH,72,72,GENERATED
CAR_EDGE_01,Chandler Pinnock,CAR,EDGE,Front Seven,34,74,263,31,8,COL0205,Lakemont University,2018,1,12,12,DRAFTED,0,ACTIVE,NONE,1,STARTER,80,82,GENERATED
CAR_EDGE_02,Rocky Tillotson,CAR,EDGE,Front Seven,90,75,259,25,3,COL0037,Kelvinridge University,2023,3,14,78,DRAFTED,0,ACTIVE,NONE,2,STARTER,82,82,GENERATED
CAR_EDGE_03,Jamir Dettmer,CAR,EDGE,Front Seven,19,76,286,23,1,COL0214,Ravensburg A&M,2025,5,24,152,DRAFTED,0,ACTIVE,NONE,3,ROTATIONAL,76,78,GENERATED
CAR_EDGE_04,Lincoln Bolduc,CAR,EDGE,Front Seven,11,76,270,29,5,COL0117,Kingsbridge College,2021,2,25,57,DRAFTED,0,ACTIVE,NONE,4,ROTATIONAL,68,76,GENERATED
CAR_EDGE_05,Titus Ackerley,CAR,EDGE,Front Seven,65,72,262,26,4,COL0150,Cedar Falls Tech,2022,4,18,114,DRAFTED,0,ACTIVE,NONE,5,ROTATIONAL,78,83,GENERATED
CAR_EDGE_06,Walker Toussaint,CAR,EDGE,Front Seven,10,73,266,24,2,COL0252,Winslow State Tech,2024,4,24,120,DRAFTED,0,PRACTICE_SQUAD_CANDIDATE,NONE,6,DEPTH,65,69,GENERATED
CAR_EDGE_07,Joaquin Braithwaite,CAR,EDGE,Front Seven,86,75,260,30,6,COL0198,Copper Creek University,2020,6,26,186,DRAFTED,0,PRACTICE_SQUAD_CANDIDATE,NONE,7,DEPTH,61,61,GENERATED
CAR_EDGE_08,Lance McLendon,CAR,EDGE,Front Seven,29,78,291,22,0,COL0214,Ravensburg A&M,2026,6,27,187,DRAFTED,1,CAMP_BODY,NONE,8,CAMP,55,63,GENERATED
CAR_EDGE_09,Dupree Brockman,CAR,EDGE,Front Seven,24,76,269,24,1,COL0123,Falcon Ridge A&M,2025,7,9,201,DRAFTED,0,CAMP_BODY,NONE,9,CAMP,67,74,GENERATED
CAR_DT_01,Raul Hartline,CAR,DT,Front Seven,26,73,281,28,4,COL0032,Stonewell A&M,2022,3,11,75,DRAFTED,0,ACTIVE,NONE,1,STARTER,85,85,GENERATED
CAR_DT_02,Radcliffe Stoutland,CAR,DT,Front Seven,60,74,305,27,4,COL0040,Kelvinridge College,2022,1,28,28,DRAFTED,0,ACTIVE,NONE,2,STARTER,87,87,GENERATED
CAR_DT_03,Earl Lambright,CAR,DT,Front Seven,49,74,297,28,5,COL0011,Fort Grayson A&M,2021,6,19,179,DRAFTED,0,ACTIVE,DAY_TO_DAY,3,ROTATIONAL,68,69,GENERATED
CAR_DT_04,Mateo Gainer,CAR,DT,Front Seven,87,74,303,25,3,COL0254,Bramblewood University,2023,,,,UNDRAFTED,0,ACTIVE,NONE,4,ROTATIONAL,74,77,GENERATED
CAR_DT_05,Talon Zeitler,CAR,DT,Front Seven,47,75,293,24,1,COL0198,Copper Creek University,2025,6,22,182,DRAFTED,0,ACTIVE,NONE,5,ROTATIONAL,60,64,GENERATED
CAR_DT_06,Lennon Threadgill,CAR,DT,Front Seven,93,73,301,22,1,COL0135,Larkspur University,2025,3,20,84,DRAFTED,0,PRACTICE_SQUAD_CANDIDATE,DAY_TO_DAY,6,DEPTH,68,74,GENERATED
CAR_DT_07,Hayes Plunkett,CAR,DT,Front Seven,13,74,268,25,2,COL0198,Copper Creek University,2024,5,22,150,DRAFTED,0,CAMP_BODY,NONE,7,CAMP,57,63,GENERATED
CAR_DT_08,Neville Mallett,CAR,DT,Front Seven,18,75,313,27,3,COL0170,Harrowgate University,2023,,,,UNDRAFTED,0,CAMP_BODY,NONE,8,CAMP,58,62,GENERATED
CAR_LB_01,Palmer Verrett,CAR,LB,Front Seven,77,74,253,23,1,COL0048,Northcrest Institute,2025,1,19,19,DRAFTED,0,ACTIVE,DAY_TO_DAY,1,STARTER,81,87,GENERATED
CAR_LB_02,Joaquin Weatherspoon,CAR,LB,Front Seven,81,73,241,26,2,COL0132,Emberton Institute,2024,1,18,18,DRAFTED,0,ACTIVE,NONE,2,STARTER,75,80,GENERATED
CAR_LB_03,Flynn Mixson,CAR,LB,Front Seven,41,74,241,31,7,COL0038,Kelvinridge Tech,2019,2,12,44,DRAFTED,0,ACTIVE,NONE,3,ROTATIONAL,76,82,GENERATED
CAR_LB_04,Fitz Lemieux,CAR,LB,Front Seven,46,73,246,28,5,COL0206,Lakemont Tech,2021,1,21,21,DRAFTED,0,ACTIVE,NONE,4,ROTATIONAL,75,81,GENERATED
CAR_LB_05,Griffin Jorgensen,CAR,LB,Front Seven,20,75,234,27,3,COL0145,Whitepine College,2023,2,7,39,DRAFTED,0,ACTIVE,NONE,5,ROTATIONAL,69,71,GENERATED
CAR_LB_06,Antoine Hardison,CAR,LB,Front Seven,94,72,232,22,1,COL0062,Havenport Institute,2025,,,,UNDRAFTED,0,PRACTICE_SQUAD_CANDIDATE,NONE,6,DEPTH,60,64,GENERATED
CAR_LB_07,Quill Medearis,CAR,LB,Front Seven,35,74,242,22,0,COL0228,Dunmore A&M,2026,,,,UNDRAFTED,1,CAMP_BODY,NONE,7,CAMP,54,64,GENERATED
CAR_LB_08,Emerson Zapatero,CAR,LB,Front Seven,61,75,241,22,0,COL0139,Larkspur Institute,2026,7,5,197,DRAFTED,1,CAMP_BODY,PUP,8,CAMP,62,64,GENERATED
CAR_CB_01,Madden Grimsley,CAR,CB,Secondary,44,68,184,23,1,COL0155,Granite Bay State,2025,1,5,5,DRAFTED,0,ACTIVE,NONE,1,STARTER,89,96,GENERATED
CAR_CB_02,Ulises Slaughter,CAR,CB,Secondary,55,72,198,29,6,COL0020,Ashfield Institute,2020,3,5,69,DRAFTED,0,ACTIVE,NONE,2,STARTER,75,77,GENERATED
CAR_CB_03,Soloman Somerville,CAR,CB,Secondary,5,70,202,36,15,COL0019,Ashfield College,2011,1,5,5,DRAFTED,0,ACTIVE,NONE,3,STARTER,78,78,GENERATED
CAR_CB_04,Lawson Ricciardi,CAR,CB,Secondary,78,70,195,24,1,COL0170,Harrowgate University,2025,,,,UNDRAFTED,0,ACTIVE,NONE,4,ROTATIONAL,69,76,GENERATED
CAR_CB_05,Harlan Roache,CAR,CB,Secondary,14,70,176,29,8,COL0253,Bramblewood State,2018,5,13,141,DRAFTED,0,ACTIVE,NONE,5,ROTATIONAL,66,66,GENERATED
CAR_CB_06,Brogan Breckenridge,CAR,CB,Secondary,28,68,179,23,1,COL0182,Mount Verity State Tech,2025,7,13,205,DRAFTED,0,ACTIVE,NONE,6,ROTATIONAL,64,66,GENERATED
CAR_CB_07,Vito Vannett,CAR,CB,Secondary,21,69,191,28,5,COL0002,Calderwood University,2021,,,,UNDRAFTED,0,PRACTICE_SQUAD_CANDIDATE,NONE,7,DEPTH,67,71,GENERATED
CAR_CB_08,Patton Gilliam,CAR,CB,Secondary,62,70,181,23,0,COL0063,Havenport State Tech,2026,,,,UNDRAFTED,1,PRACTICE_SQUAD_CANDIDATE,NONE,8,DEPTH,54,54,GENERATED
CAR_CB_09,Pierce Vanderveer,CAR,CB,Secondary,98,69,179,23,0,COL0111,Quarry Hill Institute,2026,7,2,194,DRAFTED,1,CAMP_BODY,NONE,9,CAMP,60,67,GENERATED
CAR_CB_10,Gerard Iyengar,CAR,CB,Secondary,43,73,206,23,1,COL0228,Dunmore A&M,2025,,,,UNDRAFTED,0,CAMP_BODY,NONE,10,CAMP,65,66,GENERATED
CAR_CB_11,Zico Mayfield,CAR,CB,Secondary,16,69,191,24,0,COL0016,Ashfield University,2026,5,2,130,DRAFTED,1,CAMP_BODY,NONE,11,CAMP,62,62,GENERATED
CAR_S_01,Blaise Rhodes,CAR,S,Secondary,57,70,202,27,5,COL0256,Bramblewood A&M,2021,3,17,81,DRAFTED,0,ACTIVE,NONE,1,STARTER,78,78,GENERATED
CAR_S_02,Ace Brannigan,CAR,S,Secondary,31,72,208,24,3,COL0187,Sunderland College,2023,4,31,127,DRAFTED,0,ACTIVE,NONE,2,STARTER,84,87,GENERATED
CAR_S_03,Devante Sessoms,CAR,S,Secondary,33,70,208,25,2,COL0217,Ravensburg State Tech,2024,4,9,105,DRAFTED,0,ACTIVE,DAY_TO_DAY,3,ROTATIONAL,81,84,GENERATED
CAR_S_04,Luka Bandele,CAR,S,Secondary,79,68,194,27,5,COL0181,Mount Verity Institute,2021,5,4,132,DRAFTED,0,ACTIVE,NONE,4,ROTATIONAL,61,61,GENERATED
CAR_S_05,Legend Urlacher,CAR,S,Secondary,38,71,208,30,7,COL0156,Granite Bay University,2019,5,2,130,DRAFTED,0,PRACTICE_SQUAD_CANDIDATE,NONE,5,DEPTH,65,65,GENERATED
CAR_S_06,Khalil Farrow,CAR,S,Secondary,69,69,190,24,1,COL0155,Granite Bay State,2025,,,,UNDRAFTED,0,CAMP_BODY,NONE,6,CAMP,55,63,GENERATED
CAR_S_07,Tristan Minshew,CAR,S,Secondary,32,72,192,23,1,COL0040,Kelvinridge College,2025,,,,UNDRAFTED,0,CAMP_BODY,NONE,7,CAMP,56,63,GENERATED
CAR_K_01,Eero Thorogood,CAR,K,Specialist,27,73,200,31,8,COL0012,Fort Grayson College,2018,1,19,19,DRAFTED,0,ACTIVE,IR,1,STARTER,76,80,GENERATED
CAR_K_02,Axel Carlisle,CAR,K,Specialist,67,73,211,24,1,COL0134,Larkspur State,2025,,,,UNDRAFTED,0,PRACTICE_SQUAD_CANDIDATE,NONE,2,DEPTH,65,67,GENERATED
CAR_P_01,Denzel Seeley,CAR,P,Specialist,58,70,183,25,2,COL0075,Cypress Hollow College,2024,2,22,54,DRAFTED,0,ACTIVE,NONE,1,STARTER,82,89,GENERATED
CAR_P_02,Cormac Byrd,CAR,P,Specialist,40,72,187,26,3,COL0167,Sablewood Institute,2023,5,28,156,DRAFTED,0,PRACTICE_SQUAD_CANDIDATE,NONE,2,DEPTH,64,65,GENERATED
CAR_LS_01,Nico Galbraith,CAR,LS,Specialist,17,73,235,27,4,COL0177,Mount Verity University,2022,2,18,50,DRAFTED,0,ACTIVE,PUP,1,STARTER,76,79,GENERATED
NO_QB_01,Maddox Mortenson,NO,QB,Quarterback,82,74,232,29,8,COL0214,Ravensburg A&M,2018,2,20,52,DRAFTED,0,ACTIVE,NONE,1,STARTER,77,78,GENERATED
NO_QB_02,Travon Buckhalter,NO,QB,Quarterback,95,72,219,26,4,COL0075,Cypress Hollow College,2022,7,29,221,DRAFTED,0,ACTIVE,NONE,2,ROTATIONAL,72,76,GENERATED
NO_QB_03,Kavon Colavito,NO,QB,Quarterback,99,73,216,26,2,COL0040,Kelvinridge College,2024,7,14,206,DRAFTED,0,PRACTICE_SQUAD_CANDIDATE,NONE,3,DEPTH,67,73,GENERATED
NO_QB_04,Miller Cribbs,NO,QB,Quarterback,45,72,204,23,0,COL0075,Cypress Hollow College,2026,7,6,198,DRAFTED,1,CAMP_BODY,NONE,4,CAMP,52,58,GENERATED
NO_RB_01,Lorenzo Stinnie,NO,RB,Backfield,86,69,203,28,4,COL0115,Kingsbridge Tech,2022,2,13,45,DRAFTED,0,ACTIVE,NONE,1,STARTER,78,78,GENERATED
NO_RB_02,Luca Tullis,NO,RB,Backfield,74,67,212,23,1,COL0110,Quarry Hill College,2025,,,,UNDRAFTED,0,ACTIVE,NONE,2,ROTATIONAL,75,76,GENERATED
NO_RB_03,Winston Wiggington,NO,RB,Backfield,9,69,220,28,5,COL0182,Mount Verity State Tech,2021,3,24,88,DRAFTED,0,ACTIVE,NONE,3,ROTATIONAL,78,80,GENERATED
NO_RB_04,Saxon Fleener,NO,RB,Backfield,29,68,192,23,0,COL0198,Copper Creek University,2026,,,,UNDRAFTED,1,PRACTICE_SQUAD_CANDIDATE,NONE,4,DEPTH,61,69,GENERATED
NO_RB_05,Omari Chidozie,NO,RB,Backfield,14,69,212,23,1,COL0253,Bramblewood State,2025,5,13,141,DRAFTED,0,CAMP_BODY,NONE,5,CAMP,55,60,GENERATED
NO_FB_01,Wyatt Dorsett,NO,FB,Backfield,36,71,249,22,1,COL0136,Larkspur Tech,2025,1,26,26,DRAFTED,0,ACTIVE,DAY_TO_DAY,1,STARTER,79,83,GENERATED
NO_WR_01,Kasimir Serrano,NO,WR,Receiver,84,69,187,23,2,COL0193,Pinehurst Valley A&M,2024,2,17,49,DRAFTED,0,ACTIVE,DAY_TO_DAY,1,STARTER,77,77,GENERATED
NO_WR_02,Mason Ravenel,NO,WR,Receiver,51,71,186,37,13,COL0244,Talbot Institute,2013,3,15,79,DRAFTED,0,ACTIVE,NONE,2,STARTER,78,84,GENERATED
NO_WR_03,Maddox Steinkuhler,NO,WR,Receiver,11,72,211,29,7,COL0004,Calderwood A&M,2019,1,28,28,DRAFTED,0,ACTIVE,NONE,3,STARTER,78,83,GENERATED
NO_WR_04,Trenton Vaitai,NO,WR,Receiver,93,73,202,23,1,COL0123,Falcon Ridge A&M,2025,,,,UNDRAFTED,0,ACTIVE,NONE,4,ROTATIONAL,70,82,GENERATED
NO_WR_05,Dorian Ashby,NO,WR,Receiver,98,69,198,24,3,COL0131,Emberton College,2023,3,29,93,DRAFTED,0,ACTIVE,SUSPENDED,5,ROTATIONAL,70,80,GENERATED
NO_WR_06,Judah Dobbins,NO,WR,Receiver,97,73,203,25,3,COL0107,Quarry Hill University,2023,3,19,83,DRAFTED,0,ACTIVE,IR,6,ROTATIONAL,67,69,GENERATED
NO_WR_07,Emmett Lovelace,NO,WR,Receiver,68,72,202,29,6,COL0158,Granite Bay A&M,2020,,,,UNDRAFTED,0,PRACTICE_SQUAD_CANDIDATE,NONE,7,DEPTH,74,74,GENERATED
NO_WR_08,Brennan Pastrana,NO,WR,Receiver,39,71,174,22,0,COL0180,Mount Verity College,2026,6,13,173,DRAFTED,1,PRACTICE_SQUAD_CANDIDATE,NONE,8,DEPTH,61,71,GENERATED
NO_WR_09,Marshall Delacruz,NO,WR,Receiver,61,76,208,25,3,COL0260,Eastvale State,2023,5,26,154,DRAFTED,0,CAMP_BODY,NONE,9,CAMP,60,66,GENERATED
NO_WR_10,Tomas Rochell,NO,WR,Receiver,46,75,201,27,4,COL0252,Winslow State Tech,2022,7,18,210,DRAFTED,0,CAMP_BODY,DAY_TO_DAY,10,CAMP,50,50,GENERATED
NO_WR_11,Travon Vaughters,NO,WR,Receiver,50,72,213,24,1,COL0116,Kingsbridge A&M,2025,6,15,175,DRAFTED,0,CAMP_BODY,NONE,11,CAMP,55,63,GENERATED
NO_TE_01,Kaleo Sylvester,NO,TE,Receiver,64,77,237,25,2,COL0168,Sablewood State Tech,2024,2,6,38,DRAFTED,0,ACTIVE,NONE,1,STARTER,75,77,GENERATED
NO_TE_02,Lucian Cantrell,NO,TE,Receiver,69,78,243,25,1,COL0113,Kingsbridge State,2025,2,16,48,DRAFTED,0,ACTIVE,NONE,2,ROTATIONAL,77,79,GENERATED
NO_TE_03,Lance Dombrowski,NO,TE,Receiver,7,78,258,24,3,COL0192,Pinehurst Valley Tech,2023,,,,UNDRAFTED,0,ACTIVE,IR,3,ROTATIONAL,73,82,GENERATED
NO_TE_04,Omari Pinnock,NO,TE,Receiver,19,76,248,25,2,COL0149,Cedar Falls University,2024,7,30,222,DRAFTED,0,PRACTICE_SQUAD_CANDIDATE,NONE,4,DEPTH,60,66,GENERATED
NO_TE_05,Shepard Broadwater,NO,TE,Receiver,83,74,235,21,0,COL0205,Lakemont University,2026,5,32,160,DRAFTED,1,CAMP_BODY,NONE,5,CAMP,57,68,GENERATED
NO_TE_06,Clay Brisco,NO,TE,Receiver,28,77,251,23,0,COL0239,Talbot State,2026,,,,UNDRAFTED,1,CAMP_BODY,NONE,6,CAMP,53,60,GENERATED
NO_OT_01,Merle Zabransky,NO,OT,O-Line,71,79,294,36,13,COL0111,Quarry Hill Institute,2013,3,9,73,DRAFTED,0,ACTIVE,NONE,1,STARTER,79,79,GENERATED
NO_OT_02,Joaquin Drayton,NO,OT,O-Line,42,77,310,27,3,COL0146,Whitepine Institute,2023,1,17,17,DRAFTED,0,ACTIVE,IR,2,STARTER,93,93,GENERATED
NO_OT_03,Kenzo Wrighster,NO,OT,O-Line,13,78,325,26,3,COL0172,Harrowgate A&M,2023,5,26,154,DRAFTED,0,ACTIVE,NONE,3,ROTATIONAL,70,76,GENERATED
NO_OT_04,Morgan Hufanga,NO,OT,O-Line,16,79,317,37,13,COL0090,Westmoor Institute,2013,1,28,28,DRAFTED,0,ACTIVE,NONE,4,ROTATIONAL,76,78,GENERATED
NO_OT_05,Sherman Threadgill,NO,OT,O-Line,73,77,311,23,1,COL0179,Mount Verity A&M,2025,5,14,142,DRAFTED,0,PRACTICE_SQUAD_CANDIDATE,NONE,5,DEPTH,62,67,GENERATED
NO_OT_06,Harrison Carlisle,NO,OT,O-Line,77,77,327,23,0,COL0042,Kelvinridge State Tech,2026,,,,UNDRAFTED,1,CAMP_BODY,NONE,6,CAMP,57,64,GENERATED
NO_OG_01,Kenji Sarratt,NO,OG,O-Line,18,75,320,31,8,COL0001,Calderwood State,2018,1,32,32,DRAFTED,0,ACTIVE,NONE,1,STARTER,80,81,GENERATED
NO_OG_02,Colton Buckner,NO,OG,O-Line,35,72,323,25,2,COL0136,Larkspur Tech,2024,2,4,36,DRAFTED,0,ACTIVE,NONE,2,STARTER,73,80,GENERATED
NO_OG_03,Dante Valdejuli,NO,OG,O-Line,25,76,316,23,0,COL0199,Copper Creek Tech,2026,6,29,189,DRAFTED,1,ACTIVE,NONE,3,ROTATIONAL,70,73,GENERATED
NO_OG_04,Vito Upshaw,NO,OG,O-Line,49,75,318,32,8,COL0212,Ravensburg University,2018,,,,UNDRAFTED,0,ACTIVE,NONE,4,ROTATIONAL,78,78,GENERATED
NO_OG_05,Basil Rombach,NO,OG,O-Line,44,75,328,26,4,COL0218,Foxcroft State,2022,5,6,134,DRAFTED,0,PRACTICE_SQUAD_CANDIDATE,NONE,5,DEPTH,69,73,GENERATED
NO_OG_06,Rashad Beauchamp,NO,OG,O-Line,4,73,333,23,1,COL0124,Falcon Ridge College,2025,7,29,221,DRAFTED,0,CAMP_BODY,NONE,6,CAMP,61,67,GENERATED
NO_C_01,Rafferty Timmerman,NO,C,O-Line,60,74,318,29,6,COL0135,Larkspur University,2020,2,30,62,DRAFTED,0,ACTIVE,NONE,1,STARTER,86,87,GENERATED
NO_C_02,Sherman Pellegrini,NO,C,O-Line,2,73,303,27,3,COL0244,Talbot Institute,2023,,,,UNDRAFTED,0,ACTIVE,NONE,2,ROTATIONAL,77,77,GENERATED
NO_C_03,Kwame Metellus,NO,C,O-Line,53,76,292,23,1,COL0148,Cedar Falls State,2025,7,1,193,DRAFTED,0,PRACTICE_SQUAD_CANDIDATE,NONE,3,DEPTH,71,75,GENERATED
NO_EDGE_01,Julius Willingham,NO,EDGE,Front Seven,8,77,259,36,12,COL0049,Northcrest State Tech,2014,1,22,22,DRAFTED,0,ACTIVE,NONE,1,STARTER,84,92,GENERATED
NO_EDGE_02,Tadeo Kaufusi,NO,EDGE,Front Seven,96,78,270,31,8,COL0016,Ashfield University,2018,2,6,38,DRAFTED,0,ACTIVE,NONE,2,STARTER,90,95,GENERATED
NO_EDGE_03,Slade Camarillo,NO,EDGE,Front Seven,37,75,263,22,0,COL0083,Iron Gate Institute,2026,2,9,41,DRAFTED,1,ACTIVE,NONE,3,ROTATIONAL,72,77,GENERATED
NO_EDGE_04,Salvatore Ahearn,NO,EDGE,Front Seven,41,74,252,24,1,COL0196,Pinehurst Valley State Tech,2025,3,17,81,DRAFTED,0,ACTIVE,NONE,4,ROTATIONAL,75,80,GENERATED
NO_EDGE_05,Peyson Stroman,NO,EDGE,Front Seven,21,75,253,25,3,COL0148,Cedar Falls State,2023,5,16,144,DRAFTED,0,ACTIVE,NONE,5,ROTATIONAL,73,73,GENERATED
NO_EDGE_06,Conrad Calderón,NO,EDGE,Front Seven,24,75,270,23,1,COL0196,Pinehurst Valley State Tech,2025,6,25,185,DRAFTED,0,PRACTICE_SQUAD_CANDIDATE,NONE,6,DEPTH,69,76,GENERATED
NO_EDGE_07,Mack Lovelace,NO,EDGE,Front Seven,3,72,275,25,2,COL0193,Pinehurst Valley A&M,2024,7,32,224,DRAFTED,0,PRACTICE_SQUAD_CANDIDATE,NONE,7,DEPTH,62,65,GENERATED
NO_EDGE_08,Madden Thackeray,NO,EDGE,Front Seven,27,77,270,23,2,COL0215,Ravensburg College,2024,,,,UNDRAFTED,0,CAMP_BODY,NONE,8,CAMP,56,62,GENERATED
NO_EDGE_09,Damon Bancroft,NO,EDGE,Front Seven,88,75,262,24,1,COL0097,Bellhaven Institute,2025,,,,UNDRAFTED,0,CAMP_BODY,NONE,9,CAMP,51,56,GENERATED
NO_DT_01,Peyton Simmerman,NO,DT,Front Seven,91,75,334,25,3,COL0124,Falcon Ridge College,2023,4,16,112,DRAFTED,0,ACTIVE,NONE,1,STARTER,76,76,GENERATED
NO_DT_02,Kareem Mathurin,NO,DT,Front Seven,40,76,306,28,4,COL0090,Westmoor Institute,2022,2,15,47,DRAFTED,0,ACTIVE,NONE,2,STARTER,82,84,GENERATED
NO_DT_03,Stefano Rademacher,NO,DT,Front Seven,55,74,309,25,1,COL0181,Mount Verity Institute,2025,,,,UNDRAFTED,0,ACTIVE,NONE,3,ROTATIONAL,62,64,GENERATED
NO_DT_04,Esteban Yancey,NO,DT,Front Seven,62,79,311,27,5,COL0147,Whitepine State Tech,2021,,,,UNDRAFTED,0,ACTIVE,NONE,4,ROTATIONAL,65,67,GENERATED
NO_DT_05,Kwame Veilleux,NO,DT,Front Seven,32,74,306,25,2,COL0019,Ashfield College,2024,2,15,47,DRAFTED,0,ACTIVE,NONE,5,ROTATIONAL,65,72,GENERATED
NO_DT_06,Cassian Merriweather,NO,DT,Front Seven,92,74,301,24,2,COL0228,Dunmore A&M,2024,,,,UNDRAFTED,0,PRACTICE_SQUAD_CANDIDATE,NONE,6,DEPTH,66,67,GENERATED
NO_DT_07,Sebastien Manningham,NO,DT,Front Seven,33,73,325,24,0,COL0122,Falcon Ridge Tech,2026,,,,UNDRAFTED,1,CAMP_BODY,NONE,7,CAMP,55,60,GENERATED
NO_DT_08,Abram Hinkley,NO,DT,Front Seven,70,72,323,24,1,COL0111,Quarry Hill Institute,2025,5,24,152,DRAFTED,0,CAMP_BODY,NONE,8,CAMP,63,72,GENERATED
NO_LB_01,Ansel Rutledge,NO,LB,Front Seven,57,71,233,26,2,COL0126,Falcon Ridge State Tech,2024,2,12,44,DRAFTED,0,ACTIVE,NONE,1,STARTER,78,82,GENERATED
NO_LB_02,Kaden Sigler,NO,LB,Front Seven,58,74,226,26,4,COL0028,Marbury State Tech,2022,1,21,21,DRAFTED,0,ACTIVE,NONE,2,STARTER,84,87,GENERATED
NO_LB_03,Clovis Worrilow,NO,LB,Front Seven,75,72,229,29,6,COL0108,Quarry Hill Tech,2020,2,3,35,DRAFTED,0,ACTIVE,DAY_TO_DAY,3,ROTATIONAL,70,71,GENERATED
NO_LB_04,Byron Gwaltney,NO,LB,Front Seven,79,75,245,30,8,COL0218,Foxcroft State,2018,3,24,88,DRAFTED,0,ACTIVE,NONE,4,ROTATIONAL,76,81,GENERATED
NO_LB_05,Ohan Haywood,NO,LB,Front Seven,47,73,237,30,6,COL0051,Redbluff University,2020,3,30,94,DRAFTED,0,ACTIVE,NONE,5,ROTATIONAL,72,72,GENERATED
NO_LB_06,Sheridan Callender,NO,LB,Front Seven,72,75,222,24,0,COL0031,Stonewell Tech,2026,,,,UNDRAFTED,1,PRACTICE_SQUAD_CANDIDATE,NONE,6,DEPTH,67,69,GENERATED
NO_LB_07,Sergio Greaves,NO,LB,Front Seven,52,75,240,22,0,COL0084,Iron Gate State Tech,2026,,,,UNDRAFTED,1,CAMP_BODY,NONE,7,CAMP,55,60,GENERATED
NO_LB_08,Ivan Tranquill,NO,LB,Front Seven,65,74,244,21,0,COL0252,Winslow State Tech,2026,5,8,136,DRAFTED,1,CAMP_BODY,NONE,8,CAMP,54,61,GENERATED
NO_CB_01,Adair Iyengar,NO,CB,Secondary,43,72,194,29,8,COL0182,Mount Verity State Tech,2018,5,31,159,DRAFTED,0,ACTIVE,NONE,1,STARTER,81,83,GENERATED
NO_CB_02,Odell Fraley,NO,CB,Secondary,48,70,204,28,6,COL0228,Dunmore A&M,2020,1,16,16,DRAFTED,0,ACTIVE,NONE,2,STARTER,84,84,GENERATED
NO_CB_03,Saxon Ramczyk,NO,CB,Secondary,81,71,204,35,13,COL0136,Larkspur Tech,2013,3,16,80,DRAFTED,0,ACTIVE,NONE,3,STARTER,78,82,GENERATED
NO_CB_04,Josiah Prescott,NO,CB,Secondary,10,68,189,26,2,COL0194,Pinehurst Valley College,2024,7,30,222,DRAFTED,0,ACTIVE,NONE,4,ROTATIONAL,70,72,GENERATED
NO_CB_05,Zion Nunnally,NO,CB,Secondary,5,70,194,24,1,COL0016,Ashfield University,2025,1,20,20,DRAFTED,0,ACTIVE,NONE,5,ROTATIONAL,75,75,GENERATED
NO_CB_06,Clay Poindexter,NO,CB,Secondary,15,74,192,26,3,COL0253,Bramblewood State,2023,5,23,151,DRAFTED,0,ACTIVE,NONE,6,ROTATIONAL,71,71,GENERATED
NO_CB_07,Tyree Wetherall,NO,CB,Secondary,6,70,197,21,0,COL0218,Foxcroft State,2026,7,3,195,DRAFTED,1,PRACTICE_SQUAD_CANDIDATE,NONE,7,DEPTH,72,78,GENERATED
NO_CB_08,Laurent Lucchese,NO,CB,Secondary,17,71,189,28,6,COL0168,Sablewood State Tech,2020,5,26,154,DRAFTED,0,PRACTICE_SQUAD_CANDIDATE,DAY_TO_DAY,8,DEPTH,74,79,GENERATED
NO_CB_09,Yusuf Paschall,NO,CB,Secondary,59,71,196,22,0,COL0109,Quarry Hill A&M,2026,5,17,145,DRAFTED,1,CAMP_BODY,NONE,9,CAMP,55,61,GENERATED
NO_CB_10,Julius Coulombe,NO,CB,Secondary,67,70,190,23,1,COL0212,Ravensburg University,2025,5,27,155,DRAFTED,0,CAMP_BODY,NONE,10,CAMP,57,57,GENERATED
NO_CB_11,Noel Priestley,NO,CB,Secondary,22,71,198,23,2,COL0157,Granite Bay Tech,2024,7,25,217,DRAFTED,0,CAMP_BODY,NONE,11,CAMP,59,68,GENERATED
NO_S_01,Theo Beauchamp,NO,S,Secondary,89,72,218,26,4,COL0180,Mount Verity College,2022,1,11,11,DRAFTED,0,ACTIVE,NONE,1,STARTER,78,78,GENERATED
NO_S_02,Marcell Tindall,NO,S,Secondary,31,70,193,31,7,COL0136,Larkspur Tech,2019,7,18,210,DRAFTED,0,ACTIVE,NONE,2,STARTER,74,78,GENERATED
NO_S_03,Rashad Eldridge,NO,S,Secondary,34,71,194,26,2,COL0196,Pinehurst Valley State Tech,2024,3,20,84,DRAFTED,0,ACTIVE,NONE,3,ROTATIONAL,70,75,GENERATED
NO_S_04,Thurman Waldron,NO,S,Secondary,26,74,222,23,1,COL0112,Quarry Hill State Tech,2025,1,22,22,DRAFTED,0,ACTIVE,NONE,4,ROTATIONAL,74,80,GENERATED
NO_S_05,Tyrell Kessler,NO,S,Secondary,1,73,192,27,3,COL0241,Talbot Tech,2023,,,,UNDRAFTED,0,PRACTICE_SQUAD_CANDIDATE,NONE,5,DEPTH,64,66,GENERATED
NO_S_06,Kobe Hartline,NO,S,Secondary,38,69,207,22,0,COL0230,Dunmore Institute,2026,,,,UNDRAFTED,1,CAMP_BODY,NONE,6,CAMP,62,66,GENERATED
NO_S_07,Ulysses Adeyemi,NO,S,Secondary,87,70,207,23,0,COL0006,Calderwood Institute,2026,,,,UNDRAFTED,1,CAMP_BODY,NONE,7,CAMP,56,62,GENERATED
NO_K_01,Riggs Malbrough,NO,K,Specialist,30,75,209,26,2,COL0199,Copper Creek Tech,2024,1,20,20,DRAFTED,0,ACTIVE,NONE,1,STARTER,80,80,GENERATED
NO_K_02,Lionel Havili,NO,K,Specialist,54,73,202,26,5,COL0112,Quarry Hill State Tech,2021,,,,UNDRAFTED,0,PRACTICE_SQUAD_CANDIDATE,NONE,2,DEPTH,55,62,GENERATED
NO_P_01,Gideon Gandy,NO,P,Specialist,78,72,220,27,4,COL0134,Larkspur State,2022,3,5,69,DRAFTED,0,ACTIVE,NONE,1,STARTER,73,73,GENERATED
NO_P_02,Woodrow Udoh,NO,P,Specialist,94,73,203,24,2,COL0011,Fort Grayson A&M,2024,,,,UNDRAFTED,0,PRACTICE_SQUAD_CANDIDATE,NONE,2,DEPTH,64,71,GENERATED
NO_LS_01,Chandler Fowler,NO,LS,Specialist,56,75,255,22,1,COL0150,Cedar Falls Tech,2025,1,24,24,DRAFTED,0,ACTIVE,NONE,1,STARTER,76,82,GENERATED
TB_QB_01,Joaquin Camarillo,TB,QB,Quarterback,41,73,216,25,4,COL0043,Northcrest State,2022,2,30,62,DRAFTED,0,ACTIVE,NONE,1,STARTER,86,86,GENERATED
TB_QB_02,Miles Gathers,TB,QB,Quarterback,35,74,228,25,1,COL0124,Falcon Ridge College,2025,3,21,85,DRAFTED,0,ACTIVE,NONE,2,ROTATIONAL,78,83,GENERATED
TB_QB_03,Peyton Driscoll,TB,QB,Quarterback,90,75,233,23,1,COL0234,Clearwater Ridge Tech,2025,,,,UNDRAFTED,0,PRACTICE_SQUAD_CANDIDATE,NONE,3,DEPTH,58,65,GENERATED
TB_QB_04,Dashiell Rhodes,TB,QB,Quarterback,26,76,211,22,0,COL0198,Copper Creek University,2026,6,28,188,DRAFTED,1,CAMP_BODY,NONE,4,CAMP,59,66,GENERATED
TB_RB_01,Landry Dubois,TB,RB,Backfield,73,69,206,27,4,COL0183,Sunderland State,2022,1,27,27,DRAFTED,0,ACTIVE,NONE,1,STARTER,75,76,GENERATED
TB_RB_02,Rashad Amaechi,TB,RB,Backfield,12,67,202,27,4,COL0002,Calderwood University,2022,4,17,113,DRAFTED,0,ACTIVE,NONE,2,ROTATIONAL,74,76,GENERATED
TB_RB_03,Vernon Ferrante,TB,RB,Backfield,28,72,184,24,1,COL0182,Mount Verity State Tech,2025,7,7,199,DRAFTED,0,ACTIVE,NONE,3,ROTATIONAL,64,67,GENERATED
TB_RB_04,Egan Malbrough,TB,RB,Backfield,10,68,215,25,1,COL0098,Bellhaven State Tech,2025,5,19,147,DRAFTED,0,PRACTICE_SQUAD_CANDIDATE,NONE,4,DEPTH,64,73,GENERATED
TB_RB_05,Terrell Fielder,TB,RB,Backfield,42,70,221,23,0,COL0085,Westmoor State,2026,6,28,188,DRAFTED,1,CAMP_BODY,NONE,5,CAMP,57,66,GENERATED
TB_FB_01,Zachariah Sanjuan,TB,FB,Backfield,82,72,228,23,1,COL0132,Emberton Institute,2025,1,4,4,DRAFTED,0,ACTIVE,NONE,1,STARTER,71,74,GENERATED
TB_WR_01,Clay Lessard,TB,WR,Receiver,39,73,210,30,8,COL0255,Bramblewood Tech,2018,3,12,76,DRAFTED,0,ACTIVE,NONE,1,STARTER,73,75,GENERATED
TB_WR_02,Xander Paddock,TB,WR,Receiver,6,73,186,22,1,COL0049,Northcrest State Tech,2025,2,14,46,DRAFTED,0,ACTIVE,NONE,2,STARTER,72,80,GENERATED
TB_WR_03,Nehemiah Tranquill,TB,WR,Receiver,11,72,212,27,5,COL0171,Harrowgate Tech,2021,2,1,33,DRAFTED,0,ACTIVE,NONE,3,STARTER,74,74,GENERATED
TB_WR_04,Landry McGlinchey,TB,WR,Receiver,2,69,196,26,4,COL0051,Redbluff University,2022,5,10,138,DRAFTED,0,ACTIVE,NONE,4,ROTATIONAL,68,68,GENERATED
TB_WR_05,Ezra Freeney,TB,WR,Receiver,47,74,201,21,0,COL0156,Granite Bay University,2026,,,,UNDRAFTED,1,ACTIVE,NONE,5,ROTATIONAL,66,74,GENERATED
TB_WR_06,Vaughn Brinkley,TB,WR,Receiver,69,71,216,24,0,COL0183,Sunderland State,2026,6,15,175,DRAFTED,1,ACTIVE,DAY_TO_DAY,6,ROTATIONAL,68,70,GENERATED
TB_WR_07,Benoit Gresham,TB,WR,Receiver,74,73,200,24,2,COL0061,Havenport College,2024,,,,UNDRAFTED,0,PRACTICE_SQUAD_CANDIDATE,NONE,7,DEPTH,68,76,GENERATED
TB_WR_08,Quade Cantrell,TB,WR,Receiver,30,75,220,23,0,COL0207,Lakemont A&M,2026,7,21,213,DRAFTED,1,PRACTICE_SQUAD_CANDIDATE,NONE,8,DEPTH,62,68,GENERATED
TB_WR_09,Roman Farrow,TB,WR,Receiver,98,72,181,24,1,COL0066,Silverlake Tech,2025,,,,UNDRAFTED,0,CAMP_BODY,NONE,9,CAMP,59,65,GENERATED
TB_WR_10,Demarco Wozniak,TB,WR,Receiver,25,70,182,22,0,COL0184,Sunderland University,2026,6,27,187,DRAFTED,1,CAMP_BODY,NONE,10,CAMP,45,54,GENERATED
TB_WR_11,Duke Kamara,TB,WR,Receiver,77,75,192,23,1,COL0037,Kelvinridge University,2025,,,,UNDRAFTED,0,CAMP_BODY,NONE,11,CAMP,59,64,GENERATED
TB_TE_01,Lachlan Sutherland,TB,TE,Receiver,40,76,240,27,4,COL0109,Quarry Hill A&M,2022,1,21,21,DRAFTED,0,ACTIVE,NONE,1,STARTER,78,82,GENERATED
TB_TE_02,Lennox Passmore,TB,TE,Receiver,29,78,233,22,1,COL0059,Havenport Tech,2025,5,10,138,DRAFTED,0,ACTIVE,NONE,2,ROTATIONAL,64,64,GENERATED
TB_TE_03,Arch Buckhalter,TB,TE,Receiver,33,76,253,26,5,COL0026,Marbury College,2021,4,26,122,DRAFTED,0,ACTIVE,NFI,3,ROTATIONAL,66,75,GENERATED
TB_TE_04,Trey Kerrigan,TB,TE,Receiver,48,76,268,27,5,COL0096,Bellhaven College,2021,7,15,207,DRAFTED,0,PRACTICE_SQUAD_CANDIDATE,NONE,4,DEPTH,65,66,GENERATED
TB_TE_05,Jordy Hasselby,TB,TE,Receiver,86,75,234,24,2,COL0183,Sunderland State,2024,5,5,133,DRAFTED,0,CAMP_BODY,NONE,5,CAMP,59,62,GENERATED
TB_TE_06,Josiah Clanton,TB,TE,Receiver,54,74,245,24,1,COL0063,Havenport State Tech,2025,3,9,73,DRAFTED,0,CAMP_BODY,NONE,6,CAMP,65,68,GENERATED
TB_OT_01,Jonas Amaechi,TB,OT,O-Line,72,76,282,28,6,COL0205,Lakemont University,2020,2,23,55,DRAFTED,0,ACTIVE,DAY_TO_DAY,1,STARTER,80,80,GENERATED
TB_OT_02,Harlan Humphries,TB,OT,O-Line,60,78,299,30,8,COL0112,Quarry Hill State Tech,2018,1,6,6,DRAFTED,0,ACTIVE,NONE,2,STARTER,89,89,GENERATED
TB_OT_03,Flynn Cadwell,TB,OT,O-Line,55,78,309,26,4,COL0039,Kelvinridge A&M,2022,,,,UNDRAFTED,0,ACTIVE,NONE,3,ROTATIONAL,67,67,GENERATED
TB_OT_04,Nico Seeley,TB,OT,O-Line,1,77,305,24,2,COL0122,Falcon Ridge Tech,2024,4,16,112,DRAFTED,0,ACTIVE,IR,4,ROTATIONAL,72,75,GENERATED
TB_OT_05,Braxton Copeland,TB,OT,O-Line,81,76,319,24,2,COL0231,Dunmore State Tech,2024,5,1,129,DRAFTED,0,PRACTICE_SQUAD_CANDIDATE,NONE,5,DEPTH,67,75,GENERATED
TB_OT_06,Shea Mostert,TB,OT,O-Line,49,77,290,24,1,COL0016,Ashfield University,2025,5,22,150,DRAFTED,0,CAMP_BODY,DAY_TO_DAY,6,CAMP,54,63,GENERATED
TB_OG_01,Wolfgang Wisniewski,TB,OG,O-Line,4,76,308,26,3,COL0074,Cypress Hollow A&M,2023,6,28,188,DRAFTED,0,ACTIVE,NONE,1,STARTER,75,80,GENERATED
TB_OG_02,Ridge Vaitai,TB,OG,O-Line,22,77,333,24,1,COL0156,Granite Bay University,2025,3,19,83,DRAFTED,0,ACTIVE,NONE,2,STARTER,69,77,GENERATED
TB_OG_03,Peyson Broadwater,TB,OG,O-Line,85,75,319,24,0,COL0218,Foxcroft State,2026,7,29,221,DRAFTED,1,ACTIVE,NONE,3,ROTATIONAL,74,76,GENERATED
TB_OG_04,Zeke Cavanaugh,TB,OG,O-Line,70,75,319,26,4,COL0194,Pinehurst Valley College,2022,7,22,214,DRAFTED,0,ACTIVE,DAY_TO_DAY,4,ROTATIONAL,69,76,GENERATED
TB_OG_05,Lemuel Aubert,TB,OG,O-Line,64,74,321,24,1,COL0207,Lakemont A&M,2025,5,14,142,DRAFTED,0,PRACTICE_SQUAD_CANDIDATE,NONE,5,DEPTH,60,63,GENERATED
TB_OG_06,Cortez Welbourne,TB,OG,O-Line,43,76,332,22,0,COL0245,Talbot State Tech,2026,7,30,222,DRAFTED,1,CAMP_BODY,NONE,6,CAMP,54,63,GENERATED
TB_C_01,Malik Canfield,TB,C,O-Line,83,74,298,26,5,COL0177,Mount Verity University,2021,1,5,5,DRAFTED,0,ACTIVE,NONE,1,STARTER,80,84,GENERATED
TB_C_02,Houston Dunleavy,TB,C,O-Line,80,74,278,23,2,COL0205,Lakemont University,2024,3,26,90,DRAFTED,0,ACTIVE,NONE,2,ROTATIONAL,72,79,GENERATED
TB_C_03,Donovan Fielder,TB,C,O-Line,17,74,294,23,2,COL0207,Lakemont A&M,2024,,,,UNDRAFTED,0,PRACTICE_SQUAD_CANDIDATE,NONE,3,DEPTH,58,65,GENERATED
TB_EDGE_01,Kamari Wrighster,TB,EDGE,Front Seven,38,74,264,33,10,COL0032,Stonewell A&M,2016,1,15,15,DRAFTED,0,ACTIVE,NONE,1,STARTER,74,79,GENERATED
TB_EDGE_02,Patton Eubanks,TB,EDGE,Front Seven,84,74,262,28,6,COL0256,Bramblewood A&M,2020,1,1,1,DRAFTED,0,ACTIVE,NONE,2,STARTER,78,78,GENERATED
TB_EDGE_03,Kane Greenlaw,TB,EDGE,Front Seven,5,76,261,27,3,COL0086,Westmoor University,2023,3,1,65,DRAFTED,0,ACTIVE,DAY_TO_DAY,3,ROTATIONAL,73,77,GENERATED
TB_EDGE_04,Maverick Babineaux,TB,EDGE,Front Seven,59,73,260,29,5,COL0180,Mount Verity College,2021,4,17,113,DRAFTED,0,ACTIVE,NONE,4,ROTATIONAL,72,76,GENERATED
TB_EDGE_05,Sutton Harbaugh,TB,EDGE,Front Seven,57,74,259,27,6,COL0206,Lakemont Tech,2020,,,,UNDRAFTED,0,ACTIVE,NONE,5,ROTATIONAL,71,71,GENERATED
TB_EDGE_06,Quill Perryman,TB,EDGE,Front Seven,67,76,259,25,3,COL0170,Harrowgate University,2023,6,4,164,DRAFTED,0,PRACTICE_SQUAD_CANDIDATE,NONE,6,DEPTH,64,71,GENERATED
TB_EDGE_07,Torin Hightower,TB,EDGE,Front Seven,58,79,251,22,0,COL0226,Dunmore University,2026,5,2,130,DRAFTED,1,PRACTICE_SQUAD_CANDIDATE,IR,7,DEPTH,58,65,GENERATED
TB_EDGE_08,Baldwin Tanguay,TB,EDGE,Front Seven,44,76,266,22,0,COL0167,Sablewood Institute,2026,5,5,133,DRAFTED,1,CAMP_BODY,NONE,8,CAMP,54,61,GENERATED
TB_EDGE_09,Khalil Corrigan,TB,EDGE,Front Seven,92,78,272,22,0,COL0095,Bellhaven A&M,2026,5,7,135,DRAFTED,1,CAMP_BODY,NONE,9,CAMP,58,67,GENERATED
TB_DT_01,Grady Nailor,TB,DT,Front Seven,15,76,323,29,5,COL0101,Thornfield Tech,2021,2,8,40,DRAFTED,0,ACTIVE,NONE,1,STARTER,76,80,GENERATED
TB_DT_02,Lyle Manningham,TB,DT,Front Seven,24,78,306,26,4,COL0112,Quarry Hill State Tech,2022,1,25,25,DRAFTED,0,ACTIVE,NONE,2,STARTER,91,91,GENERATED
TB_DT_03,Hutch Rudolph,TB,DT,Front Seven,13,75,300,28,6,COL0062,Havenport Institute,2020,3,11,75,DRAFTED,0,ACTIVE,NONE,3,ROTATIONAL,76,76,GENERATED
TB_DT_04,Nikolai Wilkerson,TB,DT,Front Seven,96,75,307,28,4,COL0123,Falcon Ridge A&M,2022,5,23,151,DRAFTED,0,ACTIVE,NONE,4,ROTATIONAL,66,70,GENERATED
TB_DT_05,Ignacio Sabbagh,TB,DT,Front Seven,66,77,301,31,8,COL0131,Emberton College,2018,1,1,1,DRAFTED,0,ACTIVE,NONE,5,ROTATIONAL,65,65,GENERATED
TB_DT_06,Finley Forsythe,TB,DT,Front Seven,89,74,347,22,0,COL0171,Harrowgate Tech,2026,6,12,172,DRAFTED,1,PRACTICE_SQUAD_CANDIDATE,NONE,6,DEPTH,65,71,GENERATED
TB_DT_07,Kason Diallo,TB,DT,Front Seven,94,73,321,22,0,COL0043,Northcrest State,2026,,,,UNDRAFTED,1,CAMP_BODY,NONE,7,CAMP,54,64,GENERATED
TB_DT_08,Ruben Rochell,TB,DT,Front Seven,78,75,291,24,1,COL0180,Mount Verity College,2025,,,,UNDRAFTED,0,CAMP_BODY,NONE,8,CAMP,51,56,GENERATED
TB_LB_01,Tillman Santoro,TB,LB,Front Seven,93,73,218,22,1,COL0140,Larkspur State Tech,2025,5,29,157,DRAFTED,0,ACTIVE,DAY_TO_DAY,1,STARTER,74,81,GENERATED
TB_LB_02,Otis Latimore,TB,LB,Front Seven,20,73,232,24,2,COL0056,Redbluff State Tech,2024,1,14,14,DRAFTED,0,ACTIVE,NONE,2,STARTER,79,87,GENERATED
TB_LB_03,Camden Washburn,TB,LB,Front Seven,95,74,218,30,7,COL0183,Sunderland State,2019,5,20,148,DRAFTED,0,ACTIVE,NONE,3,ROTATIONAL,64,68,GENERATED
TB_LB_04,Terrance Kenney,TB,LB,Front Seven,61,74,237,30,7,COL0099,Thornfield State,2019,3,31,95,DRAFTED,0,ACTIVE,NONE,4,ROTATIONAL,71,71,GENERATED
TB_LB_05,Abram Harkness,TB,LB,Front Seven,91,75,243,24,2,COL0038,Kelvinridge Tech,2024,3,16,80,DRAFTED,0,ACTIVE,NONE,5,ROTATIONAL,78,83,GENERATED
TB_LB_06,Kaleo Roache,TB,LB,Front Seven,37,73,246,23,0,COL0033,Stonewell College,2026,3,21,85,DRAFTED,1,PRACTICE_SQUAD_CANDIDATE,NONE,6,DEPTH,68,77,GENERATED
TB_LB_07,Jamir Gilliam,TB,LB,Front Seven,97,74,228,24,3,COL0062,Havenport Institute,2023,,,,UNDRAFTED,0,CAMP_BODY,NONE,7,CAMP,56,63,GENERATED
TB_LB_08,Zephyr Carmody,TB,LB,Front Seven,53,74,229,24,0,COL0002,Calderwood University,2026,,,,UNDRAFTED,1,CAMP_BODY,NONE,8,CAMP,54,61,GENERATED
TB_CB_01,Galen Dargan,TB,CB,Secondary,76,70,199,32,10,COL0221,Foxcroft A&M,2016,1,23,23,DRAFTED,0,ACTIVE,NONE,1,STARTER,84,84,GENERATED
TB_CB_02,Murphy Villalobos,TB,CB,Secondary,46,72,198,26,2,COL0254,Bramblewood University,2024,1,10,10,DRAFTED,0,ACTIVE,NONE,2,STARTER,81,82,GENERATED
TB_CB_03,Paxton Meacham,TB,CB,Secondary,34,75,194,26,5,COL0099,Thornfield State,2021,2,28,60,DRAFTED,0,ACTIVE,NONE,3,STARTER,90,96,GENERATED
TB_CB_04,Luka Deakins,TB,CB,Secondary,36,69,184,28,7,COL0144,Whitepine A&M,2019,6,4,164,DRAFTED,0,ACTIVE,NONE,4,ROTATIONAL,68,68,GENERATED
TB_CB_05,Gideon Turpin,TB,CB,Secondary,79,70,196,24,1,COL0012,Fort Grayson College,2025,4,15,111,DRAFTED,0,ACTIVE,NONE,5,ROTATIONAL,71,77,GENERATED
TB_CB_06,Buck Grissom,TB,CB,Secondary,23,70,192,32,9,COL0180,Mount Verity College,2017,5,6,134,DRAFTED,0,ACTIVE,IR,6,ROTATIONAL,65,71,GENERATED
TB_CB_07,Camden Colavito,TB,CB,Secondary,14,69,198,29,5,COL0209,Lakemont Institute,2021,,,,UNDRAFTED,0,PRACTICE_SQUAD_CANDIDATE,NONE,7,DEPTH,64,64,GENERATED
TB_CB_08,Kavon Maunakea,TB,CB,Secondary,68,69,197,21,0,COL0184,Sunderland University,2026,,,,UNDRAFTED,1,PRACTICE_SQUAD_CANDIDATE,NONE,8,DEPTH,62,70,GENERATED
TB_CB_09,Sterling Cahill,TB,CB,Secondary,50,73,203,21,0,COL0072,Cypress Hollow University,2026,,,,UNDRAFTED,1,CAMP_BODY,NONE,9,CAMP,56,64,GENERATED
TB_CB_10,Arlen Pepperell,TB,CB,Secondary,16,71,199,22,0,COL0233,Clearwater Ridge University,2026,7,5,197,DRAFTED,1,CAMP_BODY,NONE,10,CAMP,55,55,GENERATED
TB_CB_11,Riordan Vosburgh,TB,CB,Secondary,45,71,190,21,0,COL0036,Kelvinridge State,2026,,,,UNDRAFTED,1,CAMP_BODY,NONE,11,CAMP,63,66,GENERATED
TB_S_01,Bruno Tindall,TB,S,Secondary,62,67,204,23,2,COL0157,Granite Bay Tech,2024,1,7,7,DRAFTED,0,ACTIVE,DAY_TO_DAY,1,STARTER,92,94,GENERATED
TB_S_02,Rigby Delacruz,TB,S,Secondary,8,71,210,23,1,COL0055,Redbluff Institute,2025,4,3,99,DRAFTED,0,ACTIVE,NONE,2,STARTER,84,91,GENERATED
TB_S_03,Jace Fanning,TB,S,Secondary,9,70,210,25,2,COL0148,Cedar Falls State,2024,6,27,187,DRAFTED,0,ACTIVE,NONE,3,ROTATIONAL,69,70,GENERATED
TB_S_04,Manny Rapp,TB,S,Secondary,65,71,203,26,4,COL0075,Cypress Hollow College,2022,3,23,87,DRAFTED,0,ACTIVE,NONE,4,ROTATIONAL,68,68,GENERATED
TB_S_05,Rigby Zenner,TB,S,Secondary,32,73,196,22,1,COL0037,Kelvinridge University,2025,6,3,163,DRAFTED,0,PRACTICE_SQUAD_CANDIDATE,NONE,5,DEPTH,61,66,GENERATED
TB_S_06,Amos Scarbrough,TB,S,Secondary,31,70,192,23,1,COL0211,Ravensburg State,2025,,,,UNDRAFTED,0,CAMP_BODY,NONE,6,CAMP,60,65,GENERATED
TB_S_07,Bellamy Bracken,TB,S,Secondary,71,72,201,23,0,COL0084,Iron Gate State Tech,2026,3,24,88,DRAFTED,1,CAMP_BODY,NONE,7,CAMP,60,66,GENERATED
TB_K_01,Lionel Ballinger,TB,K,Specialist,51,70,198,32,10,COL0031,Stonewell Tech,2016,5,23,151,DRAFTED,0,ACTIVE,NONE,1,STARTER,69,75,GENERATED
TB_K_02,Parker Karras,TB,K,Specialist,56,73,185,23,2,COL0061,Havenport College,2024,3,25,89,DRAFTED,0,PRACTICE_SQUAD_CANDIDATE,NONE,2,DEPTH,60,69,GENERATED
TB_P_01,Ace Poteat,TB,P,Specialist,19,75,198,23,1,COL0242,Talbot A&M,2025,2,4,36,DRAFTED,0,ACTIVE,NONE,1,STARTER,73,82,GENERATED
TB_P_02,Cortez Pepperell,TB,P,Specialist,87,74,200,22,1,COL0216,Ravensburg Institute,2025,,,,UNDRAFTED,0,PRACTICE_SQUAD_CANDIDATE,DAY_TO_DAY,2,DEPTH,67,83,GENERATED
TB_LS_01,Desmond Manningham,TB,LS,Specialist,7,74,248,25,1,COL0064,Silverlake State,2025,3,27,91,DRAFTED,0,ACTIVE,PUP,1,STARTER,76,79,GENERATED
ARI_QB_01,Tavares Navarrete,ARI,QB,Quarterback,48,76,219,27,3,COL0042,Kelvinridge State Tech,2023,1,14,14,DRAFTED,0,ACTIVE,DAY_TO_DAY,1,STARTER,79,83,GENERATED
ARI_QB_02,Victor Davenport,ARI,QB,Quarterback,88,74,214,26,3,COL0072,Cypress Hollow University,2023,5,19,147,DRAFTED,0,ACTIVE,NONE,2,ROTATIONAL,69,71,GENERATED
ARI_QB_03,Flynn Holyfield,ARI,QB,Quarterback,52,77,216,23,1,COL0177,Mount Verity University,2025,5,9,137,DRAFTED,0,PRACTICE_SQUAD_CANDIDATE,DAY_TO_DAY,3,DEPTH,61,68,GENERATED
ARI_QB_04,Buck Nangle,ARI,QB,Quarterback,85,75,229,25,2,COL0109,Quarry Hill A&M,2024,5,5,133,DRAFTED,0,CAMP_BODY,NONE,4,CAMP,50,56,GENERATED
ARI_RB_01,Ludwig Iyengar,ARI,RB,Backfield,42,68,202,31,9,COL0219,Foxcroft University,2017,3,27,91,DRAFTED,0,ACTIVE,NONE,1,STARTER,77,82,GENERATED
ARI_RB_02,Prescott Markham,ARI,RB,Backfield,66,72,219,22,1,COL0056,Redbluff State Tech,2025,2,10,42,DRAFTED,0,ACTIVE,NONE,2,ROTATIONAL,72,77,GENERATED
ARI_RB_03,Jeremiah Brinkley,ARI,RB,Backfield,76,70,195,26,2,COL0241,Talbot Tech,2024,3,31,95,DRAFTED,0,ACTIVE,NONE,3,ROTATIONAL,72,77,GENERATED
ARI_RB_04,Zebulon Mostert,ARI,RB,Backfield,73,69,202,26,2,COL0026,Marbury College,2024,5,24,152,DRAFTED,0,PRACTICE_SQUAD_CANDIDATE,NONE,4,DEPTH,61,68,GENERATED
ARI_RB_05,Maddox Morrissey,ARI,RB,Backfield,67,68,213,23,0,COL0158,Granite Bay A&M,2026,3,16,80,DRAFTED,1,CAMP_BODY,NONE,5,CAMP,64,68,GENERATED
ARI_FB_01,Wallace Robicheaux,ARI,FB,Backfield,61,71,248,25,2,COL0246,Winslow State,2024,3,23,87,DRAFTED,0,ACTIVE,IR,1,STARTER,72,79,GENERATED
ARI_WR_01,Terrell Halloran,ARI,WR,Receiver,45,74,204,25,2,COL0205,Lakemont University,2024,2,9,41,DRAFTED,0,ACTIVE,NONE,1,STARTER,79,82,GENERATED
ARI_WR_02,Hendrix Kirkpatrick,ARI,WR,Receiver,47,72,188,28,6,COL0101,Thornfield Tech,2020,5,27,155,DRAFTED,0,ACTIVE,NONE,2,STARTER,79,82,GENERATED
ARI_WR_03,Orson Thistlewood,ARI,WR,Receiver,15,74,181,26,4,COL0048,Northcrest Institute,2022,1,29,29,DRAFTED,0,ACTIVE,NONE,3,STARTER,80,85,GENERATED
ARI_WR_04,Moses Ricciardi,ARI,WR,Receiver,25,74,202,29,5,COL0040,Kelvinridge College,2021,2,1,33,DRAFTED,0,ACTIVE,NONE,4,ROTATIONAL,62,67,GENERATED
ARI_WR_05,Enzo Danforth,ARI,WR,Receiver,39,69,222,24,0,COL0039,Kelvinridge A&M,2026,6,2,162,DRAFTED,1,ACTIVE,NONE,5,ROTATIONAL,68,73,GENERATED
ARI_WR_06,Marlon Tomlinson,ARI,WR,Receiver,86,70,197,24,1,COL0024,Marbury Tech,2025,,,,UNDRAFTED,0,ACTIVE,NONE,6,ROTATIONAL,59,66,GENERATED
ARI_WR_07,Idris Joplin,ARI,WR,Receiver,83,73,177,26,4,COL0123,Falcon Ridge A&M,2022,6,12,172,DRAFTED,0,PRACTICE_SQUAD_CANDIDATE,NONE,7,DEPTH,59,64,GENERATED
ARI_WR_08,Kermit Zenner,ARI,WR,Receiver,21,72,222,26,2,COL0235,Clearwater Ridge A&M,2024,,,,UNDRAFTED,0,PRACTICE_SQUAD_CANDIDATE,NONE,8,DEPTH,69,69,GENERATED
ARI_WR_09,Bryce Ludwig,ARI,WR,Receiver,95,73,172,21,0,COL0125,Falcon Ridge Institute,2026,7,20,212,DRAFTED,1,CAMP_BODY,NONE,9,CAMP,49,57,GENERATED
ARI_WR_10,Kamari Zaccheaus,ARI,WR,Receiver,89,72,206,22,0,COL0227,Dunmore Tech,2026,5,6,134,DRAFTED,1,CAMP_BODY,NONE,10,CAMP,59,65,GENERATED
ARI_WR_11,Maverick Telfer,ARI,WR,Receiver,78,70,204,23,0,COL0217,Ravensburg State Tech,2026,7,1,193,DRAFTED,1,CAMP_BODY,NONE,11,CAMP,59,70,GENERATED
ARI_TE_01,Barrett Sutherland,ARI,TE,Receiver,12,77,225,28,4,COL0139,Larkspur Institute,2022,1,19,19,DRAFTED,0,ACTIVE,NONE,1,STARTER,78,86,GENERATED
ARI_TE_02,Knox Colavito,ARI,TE,Receiver,71,77,265,25,1,COL0062,Havenport Institute,2025,6,14,174,DRAFTED,0,ACTIVE,NONE,2,ROTATIONAL,68,73,GENERATED
ARI_TE_03,Asa Markham,ARI,TE,Receiver,97,75,226,34,10,COL0048,Northcrest Institute,2016,5,19,147,DRAFTED,0,ACTIVE,NONE,3,ROTATIONAL,65,67,GENERATED
ARI_TE_04,Remy Fanning,ARI,TE,Receiver,37,78,243,26,4,COL0085,Westmoor State,2022,5,12,140,DRAFTED,0,PRACTICE_SQUAD_CANDIDATE,NONE,4,DEPTH,68,68,GENERATED
ARI_TE_05,Thurman Magnusson,ARI,TE,Receiver,64,76,245,22,1,COL0101,Thornfield Tech,2025,,,,UNDRAFTED,0,CAMP_BODY,NONE,5,CAMP,57,61,GENERATED
ARI_TE_06,Arlen Ashby,ARI,TE,Receiver,80,76,254,22,0,COL0217,Ravensburg State Tech,2026,,,,UNDRAFTED,1,CAMP_BODY,NONE,6,CAMP,55,57,GENERATED
ARI_OT_01,Harvey Winovich,ARI,OT,O-Line,14,74,317,30,6,COL0170,Harrowgate University,2020,1,23,23,DRAFTED,0,ACTIVE,NONE,1,STARTER,85,87,GENERATED
ARI_OT_02,Juelz Prescott,ARI,OT,O-Line,33,79,346,27,5,COL0024,Marbury Tech,2021,3,14,78,DRAFTED,0,ACTIVE,NONE,2,STARTER,75,75,GENERATED
ARI_OT_03,Hayes Hilliard,ARI,OT,O-Line,38,78,313,22,0,COL0192,Pinehurst Valley Tech,2026,3,9,73,DRAFTED,1,ACTIVE,NONE,3,ROTATIONAL,68,73,GENERATED
ARI_OT_04,Colby Philbeck,ARI,OT,O-Line,44,76,323,28,5,COL0170,Harrowgate University,2021,,,,UNDRAFTED,0,ACTIVE,NONE,4,ROTATIONAL,60,63,GENERATED
ARI_OT_05,Odell Tuanigamanuolepola,ARI,OT,O-Line,4,77,334,23,0,COL0194,Pinehurst Valley College,2026,5,4,132,DRAFTED,1,PRACTICE_SQUAD_CANDIDATE,NONE,5,DEPTH,56,61,GENERATED
ARI_OT_06,Clovis Tranquill,ARI,OT,O-Line,46,79,328,21,0,COL0209,Lakemont Institute,2026,,,,UNDRAFTED,1,CAMP_BODY,NONE,6,CAMP,56,66,GENERATED
ARI_OG_01,Ezra Beecham,ARI,OG,O-Line,53,77,330,23,2,COL0124,Falcon Ridge College,2024,1,30,30,DRAFTED,0,ACTIVE,NONE,1,STARTER,75,80,GENERATED
ARI_OG_02,Emmett Philbeck,ARI,OG,O-Line,18,75,308,24,2,COL0126,Falcon Ridge State Tech,2024,1,21,21,DRAFTED,0,ACTIVE,NONE,2,STARTER,76,85,GENERATED
ARI_OG_03,Sebastien Beckwith,ARI,OG,O-Line,75,76,316,24,0,COL0123,Falcon Ridge A&M,2026,,,,UNDRAFTED,1,ACTIVE,NONE,3,ROTATIONAL,68,71,GENERATED
ARI_OG_04,Mateo Flannery,ARI,OG,O-Line,99,75,312,22,0,COL0050,Redbluff State,2026,6,23,183,DRAFTED,1,ACTIVE,DAY_TO_DAY,4,ROTATIONAL,75,80,GENERATED
ARI_OG_05,Tillman Yeboah,ARI,OG,O-Line,59,76,317,24,0,COL0230,Dunmore Institute,2026,7,15,207,DRAFTED,1,PRACTICE_SQUAD_CANDIDATE,NONE,5,DEPTH,69,72,GENERATED
ARI_OG_06,Wade Ingold,ARI,OG,O-Line,8,76,305,25,2,COL0163,Sablewood University,2024,7,24,216,DRAFTED,0,CAMP_BODY,NONE,6,CAMP,59,61,GENERATED
ARI_C_01,Sawyer Robicheaux,ARI,C,O-Line,57,75,299,22,0,COL0208,Lakemont College,2026,1,17,17,DRAFTED,1,ACTIVE,NONE,1,STARTER,89,94,GENERATED
ARI_C_02,Renard Tabaracci,ARI,C,O-Line,72,75,288,27,4,COL0134,Larkspur State,2022,5,7,135,DRAFTED,0,ACTIVE,NONE,2,ROTATIONAL,70,72,GENERATED
ARI_C_03,Hank Umenyiora,ARI,C,O-Line,87,74,310,22,0,COL0217,Ravensburg State Tech,2026,4,21,117,DRAFTED,1,PRACTICE_SQUAD_CANDIDATE,NONE,3,DEPTH,65,70,GENERATED
ARI_EDGE_01,Porter Poteat,ARI,EDGE,Front Seven,79,76,265,30,7,COL0172,Harrowgate A&M,2019,2,13,45,DRAFTED,0,ACTIVE,NONE,1,STARTER,77,82,GENERATED
ARI_EDGE_02,Dax Holbrook,ARI,EDGE,Front Seven,91,73,260,25,3,COL0074,Cypress Hollow A&M,2023,1,21,21,DRAFTED,0,ACTIVE,NONE,2,STARTER,84,87,GENERATED
ARI_EDGE_03,Mordecai Desormeaux,ARI,EDGE,Front Seven,17,75,227,26,4,COL0038,Kelvinridge Tech,2022,7,26,218,DRAFTED,0,ACTIVE,NONE,3,ROTATIONAL,69,76,GENERATED
ARI_EDGE_04,Thaddeus Burrage,ARI,EDGE,Front Seven,68,74,239,25,3,COL0194,Pinehurst Valley College,2023,2,13,45,DRAFTED,0,ACTIVE,NONE,4,ROTATIONAL,66,71,GENERATED
ARI_EDGE_05,Redmond Hufanga,ARI,EDGE,Front Seven,58,75,245,23,1,COL0038,Kelvinridge Tech,2025,7,11,203,DRAFTED,0,ACTIVE,NONE,5,ROTATIONAL,61,66,GENERATED
ARI_EDGE_06,Jalen Godwin,ARI,EDGE,Front Seven,11,75,268,28,6,COL0169,Harrowgate State,2020,6,8,168,DRAFTED,0,PRACTICE_SQUAD_CANDIDATE,NONE,6,DEPTH,59,64,GENERATED
ARI_EDGE_07,Tobias Calloway,ARI,EDGE,Front Seven,69,76,276,27,4,COL0082,Iron Gate College,2022,,,,UNDRAFTED,0,PRACTICE_SQUAD_CANDIDATE,DAY_TO_DAY,7,DEPTH,65,68,GENERATED
ARI_EDGE_08,Logan Crouch,ARI,EDGE,Front Seven,7,76,243,24,0,COL0052,Redbluff Tech,2026,6,31,191,DRAFTED,1,CAMP_BODY,NONE,8,CAMP,57,63,GENERATED
ARI_EDGE_09,Isaiah Sutherland,ARI,EDGE,Front Seven,84,74,256,22,0,COL0138,Larkspur College,2026,,,,UNDRAFTED,1,CAMP_BODY,NONE,9,CAMP,50,55,GENERATED
ARI_DT_01,Lowell Colavito,ARI,DT,Front Seven,51,72,310,27,6,COL0047,Northcrest College,2020,1,13,13,DRAFTED,0,ACTIVE,NONE,1,STARTER,78,81,GENERATED
ARI_DT_02,Bruno Siemian,ARI,DT,Front Seven,43,75,305,25,3,COL0157,Granite Bay Tech,2023,5,12,140,DRAFTED,0,ACTIVE,NONE,2,STARTER,68,75,GENERATED
ARI_DT_03,Chandler Wentworth,ARI,DT,Front Seven,55,75,312,25,3,COL0198,Copper Creek University,2023,3,27,91,DRAFTED,0,ACTIVE,IR,3,ROTATIONAL,68,79,GENERATED
ARI_DT_04,Jaxon Bustamante,ARI,DT,Front Seven,92,73,309,23,1,COL0104,Thornfield Institute,2025,3,19,83,DRAFTED,0,ACTIVE,NONE,4,ROTATIONAL,75,84,GENERATED
ARI_DT_05,Bain Driscoll,ARI,DT,Front Seven,16,74,309,22,1,COL0107,Quarry Hill University,2025,6,24,184,DRAFTED,0,ACTIVE,NONE,5,ROTATIONAL,65,76,GENERATED
ARI_DT_06,Halsey Creswell,ARI,DT,Front Seven,74,76,320,23,0,COL0081,Iron Gate A&M,2026,6,12,172,DRAFTED,1,PRACTICE_SQUAD_CANDIDATE,NONE,6,DEPTH,59,60,GENERATED
ARI_DT_07,Shaquille Creswell,ARI,DT,Front Seven,63,74,323,24,1,COL0108,Quarry Hill Tech,2025,7,12,204,DRAFTED,0,CAMP_BODY,NONE,7,CAMP,47,51,GENERATED
ARI_DT_08,Jaheim Quigley,ARI,DT,Front Seven,27,77,318,23,0,COL0169,Harrowgate State,2026,,,,UNDRAFTED,1,CAMP_BODY,NONE,8,CAMP,58,63,GENERATED
ARI_LB_01,Wendell Camarillo,ARI,LB,Front Seven,41,75,229,27,6,COL0195,Pinehurst Valley Institute,2020,5,17,145,DRAFTED,0,ACTIVE,NONE,1,STARTER,70,77,GENERATED
ARI_LB_02,Pascal Meacham,ARI,LB,Front Seven,82,74,248,29,5,COL0209,Lakemont Institute,2021,4,19,115,DRAFTED,0,ACTIVE,NONE,2,STARTER,82,83,GENERATED
ARI_LB_03,Bennie Spillane,ARI,LB,Front Seven,28,72,235,22,0,COL0026,Marbury College,2026,7,17,209,DRAFTED,1,ACTIVE,NONE,3,ROTATIONAL,70,70,GENERATED
ARI_LB_04,Sawyer McLendon,ARI,LB,Front Seven,35,73,235,29,6,COL0107,Quarry Hill University,2020,4,27,123,DRAFTED,0,ACTIVE,NONE,4,ROTATIONAL,66,67,GENERATED
ARI_LB_05,Judah Reinhold,ARI,LB,Front Seven,70,74,240,26,4,COL0147,Whitepine State Tech,2022,3,16,80,DRAFTED,0,ACTIVE,NONE,5,ROTATIONAL,70,73,GENERATED
ARI_LB_06,Orion Southall,ARI,LB,Front Seven,81,72,220,29,6,COL0120,Falcon Ridge State,2020,6,20,180,DRAFTED,0,PRACTICE_SQUAD_CANDIDATE,NONE,6,DEPTH,66,66,GENERATED
ARI_LB_07,Idris Vitiello,ARI,LB,Front Seven,56,71,226,25,2,COL0193,Pinehurst Valley A&M,2024,,,,UNDRAFTED,0,CAMP_BODY,NONE,7,CAMP,59,66,GENERATED
ARI_LB_08,Fowler Wagoner,ARI,LB,Front Seven,30,73,242,23,0,COL0126,Falcon Ridge State Tech,2026,,,,UNDRAFTED,1,CAMP_BODY,NONE,8,CAMP,52,55,GENERATED
ARI_CB_01,Sawyer Fanning,ARI,CB,Secondary,5,69,190,31,9,COL0224,Foxcroft State Tech,2017,2,8,40,DRAFTED,0,ACTIVE,NONE,1,STARTER,75,75,GENERATED
ARI_CB_02,Keegan Alcott,ARI,CB,Secondary,60,71,181,37,14,COL0026,Marbury College,2012,1,22,22,DRAFTED,0,ACTIVE,NONE,2,STARTER,72,76,GENERATED
ARI_CB_03,Madden Noteboom,ARI,CB,Secondary,3,70,188,26,5,COL0134,Larkspur State,2021,1,32,32,DRAFTED,0,ACTIVE,NONE,3,STARTER,79,81,GENERATED
ARI_CB_04,Raul Stinnie,ARI,CB,Secondary,6,69,196,25,3,COL0040,Kelvinridge College,2023,6,32,192,DRAFTED,0,ACTIVE,NONE,4,ROTATIONAL,75,75,GENERATED
ARI_CB_05,Chandler Wilberforce,ARI,CB,Secondary,36,67,187,24,2,COL0240,Talbot University,2024,,,,UNDRAFTED,0,ACTIVE,NONE,5,ROTATIONAL,58,66,GENERATED
ARI_CB_06,Sheridan Latimore,ARI,CB,Secondary,49,74,174,26,3,COL0145,Whitepine College,2023,2,20,52,DRAFTED,0,ACTIVE,NONE,6,ROTATIONAL,71,72,GENERATED
ARI_CB_07,Sylas Hathaway,ARI,CB,Secondary,20,69,209,23,0,COL0020,Ashfield Institute,2026,,,,UNDRAFTED,1,PRACTICE_SQUAD_CANDIDATE,NONE,7,DEPTH,62,64,GENERATED
ARI_CB_08,Hasani Warrick,ARI,CB,Secondary,29,69,208,23,1,COL0032,Stonewell A&M,2025,,,,UNDRAFTED,0,PRACTICE_SQUAD_CANDIDATE,NONE,8,DEPTH,65,68,GENERATED
ARI_CB_09,Jesse Kinlaw,ARI,CB,Secondary,93,71,196,23,0,COL0031,Stonewell Tech,2026,7,13,205,DRAFTED,1,CAMP_BODY,NONE,9,CAMP,57,62,GENERATED
ARI_CB_10,Augustus Harmon,ARI,CB,Secondary,2,72,174,22,0,COL0114,Kingsbridge University,2026,6,31,191,DRAFTED,1,CAMP_BODY,NONE,10,CAMP,57,58,GENERATED
ARI_CB_11,Bruno Henderson,ARI,CB,Secondary,22,73,181,23,1,COL0155,Granite Bay State,2025,6,23,183,DRAFTED,0,CAMP_BODY,NFI,11,CAMP,57,68,GENERATED
ARI_S_01,Kaiden Perryman,ARI,S,Secondary,24,74,199,22,1,COL0016,Ashfield University,2025,2,23,55,DRAFTED,0,ACTIVE,NONE,1,STARTER,77,87,GENERATED
ARI_S_02,Tristan Sokolowski,ARI,S,Secondary,96,71,205,26,2,COL0206,Lakemont Tech,2024,4,27,123,DRAFTED,0,ACTIVE,NONE,2,STARTER,77,84,GENERATED
ARI_S_03,Kaden Ulbrich,ARI,S,Secondary,1,70,198,27,4,COL0194,Pinehurst Valley College,2022,6,3,163,DRAFTED,0,ACTIVE,NONE,3,ROTATIONAL,65,68,GENERATED
ARI_S_04,Travon Torrence,ARI,S,Secondary,32,73,212,26,2,COL0209,Lakemont Institute,2024,3,21,85,DRAFTED,0,ACTIVE,NONE,4,ROTATIONAL,68,71,GENERATED
ARI_S_05,Renard Dargan,ARI,S,Secondary,19,72,189,21,0,COL0006,Calderwood Institute,2026,7,24,216,DRAFTED,1,PRACTICE_SQUAD_CANDIDATE,NONE,5,DEPTH,67,75,GENERATED
ARI_S_06,Earl Ingold,ARI,S,Secondary,65,71,220,24,1,COL0111,Quarry Hill Institute,2025,5,29,157,DRAFTED,0,CAMP_BODY,NONE,6,CAMP,65,72,GENERATED
ARI_S_07,Rafferty Lockridge,ARI,S,Secondary,31,72,212,21,0,COL0050,Redbluff State,2026,,,,UNDRAFTED,1,CAMP_BODY,NONE,7,CAMP,56,64,GENERATED
ARI_K_01,Lennox Gallardo,ARI,K,Specialist,90,73,215,23,2,COL0135,Larkspur University,2024,4,13,109,DRAFTED,0,ACTIVE,NONE,1,STARTER,77,89,GENERATED
ARI_K_02,Riordan Hopkins,ARI,K,Specialist,34,72,190,25,2,COL0177,Mount Verity University,2024,,,,UNDRAFTED,0,PRACTICE_SQUAD_CANDIDATE,NONE,2,DEPTH,63,69,GENERATED
ARI_P_01,Randall Broadwater,ARI,P,Specialist,23,75,216,27,5,COL0149,Cedar Falls University,2021,,,,UNDRAFTED,0,ACTIVE,NONE,1,STARTER,66,66,GENERATED
ARI_P_02,Shepard Roscoe,ARI,P,Specialist,54,75,205,23,0,COL0144,Whitepine A&M,2026,,,,UNDRAFTED,1,PRACTICE_SQUAD_CANDIDATE,NONE,2,DEPTH,55,61,GENERATED
ARI_LS_01,Lars Spillane,ARI,LS,Specialist,50,78,239,30,7,COL0110,Quarry Hill College,2019,4,19,115,DRAFTED,0,ACTIVE,NONE,1,STARTER,70,73,GENERATED
LAR_QB_01,Vito Haddad,LAR,QB,Quarterback,5,73,223,27,4,COL0085,Westmoor State,2022,1,23,23,DRAFTED,0,ACTIVE,NONE,1,STARTER,83,87,GENERATED
LAR_QB_02,Otis Seabrook,LAR,QB,Quarterback,52,75,220,22,0,COL0160,Granite Bay Institute,2026,1,23,23,DRAFTED,1,ACTIVE,NONE,2,ROTATIONAL,79,85,GENERATED
LAR_QB_03,Hutch Haywood,LAR,QB,Quarterback,35,74,221,25,4,COL0101,Thornfield Tech,2022,,,,UNDRAFTED,0,PRACTICE_SQUAD_CANDIDATE,NONE,3,DEPTH,65,65,GENERATED
LAR_QB_04,Samir Roundtree,LAR,QB,Quarterback,21,75,217,23,0,COL0232,Clearwater Ridge State,2026,,,,UNDRAFTED,1,CAMP_BODY,NONE,4,CAMP,58,64,GENERATED
LAR_RB_01,Riggs Quinones,LAR,RB,Backfield,18,70,206,25,3,COL0160,Granite Bay Institute,2023,1,19,19,DRAFTED,0,ACTIVE,PUP,1,STARTER,86,93,GENERATED
LAR_RB_02,Dillon Rapp,LAR,RB,Backfield,59,67,208,26,4,COL0160,Granite Bay Institute,2022,7,23,215,DRAFTED,0,ACTIVE,NONE,2,ROTATIONAL,63,63,GENERATED
LAR_RB_03,Peyson Hasselby,LAR,RB,Backfield,45,70,215,25,1,COL0170,Harrowgate University,2025,7,10,202,DRAFTED,0,ACTIVE,NONE,3,ROTATIONAL,72,77,GENERATED
LAR_RB_04,Andre Fraley,LAR,RB,Backfield,26,72,224,22,1,COL0109,Quarry Hill A&M,2025,7,19,211,DRAFTED,0,PRACTICE_SQUAD_CANDIDATE,NONE,4,DEPTH,67,77,GENERATED
LAR_RB_05,Dexter Karras,LAR,RB,Backfield,82,69,212,23,1,COL0132,Emberton Institute,2025,,,,UNDRAFTED,0,CAMP_BODY,NONE,5,CAMP,57,64,GENERATED
LAR_FB_01,Ambrose Yancey,LAR,FB,Backfield,3,71,242,28,6,COL0169,Harrowgate State,2020,2,19,51,DRAFTED,0,ACTIVE,NONE,1,STARTER,75,75,GENERATED
LAR_WR_01,Murphy Delacruz,LAR,WR,Receiver,50,76,212,27,5,COL0237,Clearwater Ridge Institute,2021,1,30,30,DRAFTED,0,ACTIVE,NONE,1,STARTER,75,83,GENERATED
LAR_WR_02,Wesson Hartline,LAR,WR,Receiver,30,72,195,26,2,COL0157,Granite Bay Tech,2024,1,30,30,DRAFTED,0,ACTIVE,NONE,2,STARTER,88,88,GENERATED
LAR_WR_03,Ryland Bowersox,LAR,WR,Receiver,54,67,204,30,6,COL0116,Kingsbridge A&M,2020,2,27,59,DRAFTED,0,ACTIVE,NONE,3,STARTER,74,78,GENERATED
LAR_WR_04,Quincy Tonyan,LAR,WR,Receiver,87,75,203,26,3,COL0235,Clearwater Ridge A&M,2023,7,17,209,DRAFTED,0,ACTIVE,NONE,4,ROTATIONAL,66,67,GENERATED
LAR_WR_05,Lamont Hardison,LAR,WR,Receiver,38,72,203,26,2,COL0209,Lakemont Institute,2024,,,,UNDRAFTED,0,ACTIVE,NONE,5,ROTATIONAL,66,68,GENERATED
LAR_WR_06,Dexter Mixson,LAR,WR,Receiver,75,72,226,25,3,COL0084,Iron Gate State Tech,2023,5,21,149,DRAFTED,0,ACTIVE,NONE,6,ROTATIONAL,70,75,GENERATED
LAR_WR_07,Whitaker Selvie,LAR,WR,Receiver,9,70,176,26,3,COL0124,Falcon Ridge College,2023,5,29,157,DRAFTED,0,PRACTICE_SQUAD_CANDIDATE,NONE,7,DEPTH,63,67,GENERATED
LAR_WR_08,Andre Smallwood,LAR,WR,Receiver,36,73,194,22,1,COL0255,Bramblewood Tech,2025,5,6,134,DRAFTED,0,PRACTICE_SQUAD_CANDIDATE,NONE,8,DEPTH,72,77,GENERATED
LAR_WR_09,Maddox Bonner,LAR,WR,Receiver,66,72,211,25,3,COL0063,Havenport State Tech,2023,,,,UNDRAFTED,0,CAMP_BODY,DAY_TO_DAY,9,CAMP,49,55,GENERATED
LAR_WR_10,Ramsey Seeley,LAR,WR,Receiver,56,73,198,24,1,COL0136,Larkspur Tech,2025,,,,UNDRAFTED,0,CAMP_BODY,NONE,10,CAMP,57,64,GENERATED
LAR_WR_11,Milo Yancey,LAR,WR,Receiver,53,68,200,23,2,COL0172,Harrowgate A&M,2024,,,,UNDRAFTED,0,CAMP_BODY,NONE,11,CAMP,56,64,GENERATED
LAR_TE_01,Crosby Kowalski,LAR,TE,Receiver,40,77,247,30,8,COL0100,Thornfield University,2018,1,19,19,DRAFTED,0,ACTIVE,NONE,1,STARTER,72,75,GENERATED
LAR_TE_02,Alonzo Wamsley,LAR,TE,Receiver,78,79,263,24,2,COL0110,Quarry Hill College,2024,,,,UNDRAFTED,0,ACTIVE,NONE,2,ROTATIONAL,71,76,GENERATED
LAR_TE_03,Forrest Maunakea,LAR,TE,Receiver,1,79,260,25,2,COL0076,Cypress Hollow Institute,2024,,,,UNDRAFTED,0,ACTIVE,NONE,3,ROTATIONAL,69,74,GENERATED
LAR_TE_04,Chase Daigle,LAR,TE,Receiver,32,73,243,26,2,COL0185,Sunderland Tech,2024,,,,UNDRAFTED,0,PRACTICE_SQUAD_CANDIDATE,NONE,4,DEPTH,60,67,GENERATED
LAR_TE_05,Tanner Dumervil,LAR,TE,Receiver,17,78,254,25,4,COL0136,Larkspur Tech,2022,7,16,208,DRAFTED,0,CAMP_BODY,DAY_TO_DAY,5,CAMP,59,68,GENERATED
LAR_TE_06,Bandon Zeitler,LAR,TE,Receiver,91,75,241,25,1,COL0182,Mount Verity State Tech,2025,5,20,148,DRAFTED,0,CAMP_BODY,NONE,6,CAMP,63,67,GENERATED
LAR_OT_01,Herschel Hollins,LAR,OT,O-Line,46,78,312,23,1,COL0129,Emberton Tech,2025,2,29,61,DRAFTED,0,ACTIVE,NONE,1,STARTER,81,83,GENERATED
LAR_OT_02,Elian Bradshaw,LAR,OT,O-Line,7,77,317,28,5,COL0076,Cypress Hollow Institute,2021,4,22,118,DRAFTED,0,ACTIVE,NONE,2,STARTER,78,82,GENERATED
LAR_OT_03,Sinclair Tatupu,LAR,OT,O-Line,85,76,311,27,6,COL0075,Cypress Hollow College,2020,3,20,84,DRAFTED,0,ACTIVE,NONE,3,ROTATIONAL,69,69,GENERATED
LAR_OT_04,Gibson Gostkowski,LAR,OT,O-Line,43,76,299,25,3,COL0212,Ravensburg University,2023,,,,UNDRAFTED,0,ACTIVE,NONE,4,ROTATIONAL,62,67,GENERATED
LAR_OT_05,Otto Lombardo,LAR,OT,O-Line,97,75,300,24,2,COL0072,Cypress Hollow University,2024,,,,UNDRAFTED,0,PRACTICE_SQUAD_CANDIDATE,NONE,5,DEPTH,56,57,GENERATED
LAR_OT_06,Brantley Twyman,LAR,OT,O-Line,24,77,314,24,1,COL0038,Kelvinridge Tech,2025,,,,UNDRAFTED,0,CAMP_BODY,NONE,6,CAMP,52,59,GENERATED
LAR_OG_01,Derrick Sullivan,LAR,OG,O-Line,8,76,305,29,6,COL0242,Talbot A&M,2020,1,15,15,DRAFTED,0,ACTIVE,NONE,1,STARTER,91,91,GENERATED
LAR_OG_02,Maurice Wyckoff,LAR,OG,O-Line,23,74,301,26,3,COL0001,Calderwood State,2023,1,8,8,DRAFTED,0,ACTIVE,NONE,2,STARTER,86,88,GENERATED
LAR_OG_03,Adair Jelks,LAR,OG,O-Line,12,75,314,31,8,COL0051,Redbluff University,2018,4,27,123,DRAFTED,0,ACTIVE,NONE,3,ROTATIONAL,75,77,GENERATED
LAR_OG_04,Efrain Bancroft,LAR,OG,O-Line,83,76,304,24,0,COL0108,Quarry Hill Tech,2026,7,4,196,DRAFTED,1,ACTIVE,NONE,4,ROTATIONAL,64,72,GENERATED
LAR_OG_05,Davion Yancey,LAR,OG,O-Line,13,77,310,23,1,COL0109,Quarry Hill A&M,2025,6,7,167,DRAFTED,0,PRACTICE_SQUAD_CANDIDATE,NONE,5,DEPTH,64,69,GENERATED
LAR_OG_06,Ladarius Bowersox,LAR,OG,O-Line,10,74,312,23,1,COL0071,Cypress Hollow State,2025,,,,UNDRAFTED,0,CAMP_BODY,NONE,6,CAMP,62,66,GENERATED
LAR_C_01,Weston Fowler,LAR,C,O-Line,70,75,299,26,2,COL0044,Northcrest University,2024,1,10,10,DRAFTED,0,ACTIVE,NONE,1,STARTER,92,96,GENERATED
LAR_C_02,Chandler Appleton,LAR,C,O-Line,68,74,304,29,6,COL0110,Quarry Hill College,2020,2,28,60,DRAFTED,0,ACTIVE,NONE,2,ROTATIONAL,70,75,GENERATED
LAR_C_03,Cato Parham,LAR,C,O-Line,99,76,291,24,2,COL0170,Harrowgate University,2024,,,,UNDRAFTED,0,PRACTICE_SQUAD_CANDIDATE,NONE,3,DEPTH,58,58,GENERATED
LAR_EDGE_01,Fabian Hockenson,LAR,EDGE,Front Seven,48,74,280,23,1,COL0172,Harrowgate A&M,2025,1,23,23,DRAFTED,0,ACTIVE,NONE,1,STARTER,88,95,GENERATED
LAR_EDGE_02,Madden Madubuike,LAR,EDGE,Front Seven,11,78,269,24,2,COL0181,Mount Verity Institute,2024,1,19,19,DRAFTED,0,ACTIVE,NONE,2,STARTER,79,84,GENERATED
LAR_EDGE_03,Kavon Rademacher,LAR,EDGE,Front Seven,92,75,272,24,0,COL0144,Whitepine A&M,2026,6,5,165,DRAFTED,1,ACTIVE,NONE,3,ROTATIONAL,64,67,GENERATED
LAR_EDGE_04,Merle Kanell,LAR,EDGE,Front Seven,86,74,272,30,8,COL0107,Quarry Hill University,2018,6,23,183,DRAFTED,0,ACTIVE,NONE,4,ROTATIONAL,69,69,GENERATED
LAR_EDGE_05,Easton Bumgarner,LAR,EDGE,Front Seven,31,75,251,26,5,COL0256,Bramblewood A&M,2021,5,2,130,DRAFTED,0,ACTIVE,NONE,5,ROTATIONAL,73,79,GENERATED
LAR_EDGE_06,Jaxon Billups,LAR,EDGE,Front Seven,84,77,264,33,11,COL0176,Mount Verity State,2015,,,,UNDRAFTED,0,PRACTICE_SQUAD_CANDIDATE,NONE,6,DEPTH,64,65,GENERATED
LAR_EDGE_07,Heath Littlejohn,LAR,EDGE,Front Seven,49,76,243,30,6,COL0145,Whitepine College,2020,6,5,165,DRAFTED,0,PRACTICE_SQUAD_CANDIDATE,NONE,7,DEPTH,59,63,GENERATED
LAR_EDGE_08,Grayson Edelman,LAR,EDGE,Front Seven,63,77,258,22,0,COL0204,Lakemont State,2026,,,,UNDRAFTED,1,CAMP_BODY,NONE,8,CAMP,62,64,GENERATED
LAR_EDGE_09,Maddox Teasdale,LAR,EDGE,Front Seven,25,75,269,26,3,COL0145,Whitepine College,2023,3,31,95,DRAFTED,0,CAMP_BODY,NONE,9,CAMP,65,66,GENERATED
LAR_DT_01,Kruz Crockett,LAR,DT,Front Seven,41,74,328,34,10,COL0145,Whitepine College,2016,1,22,22,DRAFTED,0,ACTIVE,NONE,1,STARTER,90,92,GENERATED
LAR_DT_02,Jaxton Hadley,LAR,DT,Front Seven,34,74,309,28,7,COL0179,Mount Verity A&M,2019,1,6,6,DRAFTED,0,ACTIVE,NONE,2,STARTER,85,85,GENERATED
LAR_DT_03,Percival Sendejo,LAR,DT,Front Seven,67,75,314,30,7,COL0113,Kingsbridge State,2019,3,12,76,DRAFTED,0,ACTIVE,NONE,3,ROTATIONAL,69,73,GENERATED
LAR_DT_04,Desmond Fulmer,LAR,DT,Front Seven,77,74,303,23,1,COL0084,Iron Gate State Tech,2025,,,,UNDRAFTED,0,ACTIVE,NONE,4,ROTATIONAL,72,77,GENERATED
LAR_DT_05,Kieran Zabransky,LAR,DT,Front Seven,69,74,324,26,4,COL0075,Cypress Hollow College,2022,6,21,181,DRAFTED,0,ACTIVE,NONE,5,ROTATIONAL,78,78,GENERATED
LAR_DT_06,Yosef Sullivan,LAR,DT,Front Seven,62,73,321,24,2,COL0220,Foxcroft Tech,2024,5,17,145,DRAFTED,0,PRACTICE_SQUAD_CANDIDATE,NONE,6,DEPTH,76,85,GENERATED
LAR_DT_07,Wolfgang Wimbush,LAR,DT,Front Seven,73,74,302,25,1,COL0027,Marbury Institute,2025,5,14,142,DRAFTED,0,CAMP_BODY,NONE,7,CAMP,61,67,GENERATED
LAR_DT_08,Ulysses Shattuck,LAR,DT,Front Seven,16,73,306,23,0,COL0080,Iron Gate Tech,2026,6,7,167,DRAFTED,1,CAMP_BODY,NONE,8,CAMP,54,59,GENERATED
LAR_LB_01,Omari Cornish,LAR,LB,Front Seven,15,75,234,28,6,COL0172,Harrowgate A&M,2020,1,5,5,DRAFTED,0,ACTIVE,NONE,1,STARTER,88,94,GENERATED
LAR_LB_02,Leon Sanjuan,LAR,LB,Front Seven,19,73,237,29,8,COL0111,Quarry Hill Institute,2018,1,21,21,DRAFTED,0,ACTIVE,NONE,2,STARTER,80,84,GENERATED
LAR_LB_03,Fenwick Bowersox,LAR,LB,Front Seven,58,75,232,28,4,COL0027,Marbury Institute,2022,2,30,62,DRAFTED,0,ACTIVE,NONE,3,ROTATIONAL,74,74,GENERATED
LAR_LB_04,Jamir Whitehurst,LAR,LB,Front Seven,90,73,230,24,2,COL0185,Sunderland Tech,2024,1,24,24,DRAFTED,0,ACTIVE,NONE,4,ROTATIONAL,76,83,GENERATED
LAR_LB_05,Vann Shockley,LAR,LB,Front Seven,22,76,234,23,1,COL0151,Cedar Falls A&M,2025,7,32,224,DRAFTED,0,ACTIVE,NONE,5,ROTATIONAL,67,69,GENERATED
LAR_LB_06,Baldwin Oduya,LAR,LB,Front Seven,20,75,222,26,4,COL0248,Winslow Tech,2022,,,,UNDRAFTED,0,PRACTICE_SQUAD_CANDIDATE,NONE,6,DEPTH,62,64,GENERATED
LAR_LB_07,Cyrus Durrant,LAR,LB,Front Seven,76,75,243,23,0,COL0206,Lakemont Tech,2026,,,,UNDRAFTED,1,CAMP_BODY,DAY_TO_DAY,7,CAMP,59,66,GENERATED
LAR_LB_08,Lemuel Kendricks,LAR,LB,Front Seven,89,73,222,26,4,COL0100,Thornfield University,2022,7,17,209,DRAFTED,0,CAMP_BODY,DAY_TO_DAY,8,CAMP,49,51,GENERATED
LAR_CB_01,Forrest Rapp,LAR,CB,Secondary,27,71,209,22,1,COL0230,Dunmore Institute,2025,1,9,9,DRAFTED,0,ACTIVE,NONE,1,STARTER,88,95,GENERATED
LAR_CB_02,Royce Greaves,LAR,CB,Secondary,96,71,205,26,5,COL0124,Falcon Ridge College,2021,2,10,42,DRAFTED,0,ACTIVE,NONE,2,STARTER,91,97,GENERATED
LAR_CB_03,Zeb Dobbins,LAR,CB,Secondary,2,71,204,29,7,COL0191,Pinehurst Valley University,2019,1,19,19,DRAFTED,0,ACTIVE,NONE,3,STARTER,78,78,GENERATED
LAR_CB_04,Reginald Sagapolutele,LAR,CB,Secondary,29,69,183,28,5,COL0209,Lakemont Institute,2021,,,,UNDRAFTED,0,ACTIVE,NONE,4,ROTATIONAL,66,70,GENERATED
LAR_CB_05,Palmer Ludwig,LAR,CB,Secondary,33,73,177,23,0,COL0073,Cypress Hollow Tech,2026,5,12,140,DRAFTED,1,ACTIVE,NONE,5,ROTATIONAL,68,72,GENERATED
LAR_CB_06,Fritz Vaitai,LAR,CB,Secondary,57,73,196,30,8,COL0246,Winslow State,2018,2,4,36,DRAFTED,0,ACTIVE,NONE,6,ROTATIONAL,72,73,GENERATED
LAR_CB_07,Reece Gandy,LAR,CB,Secondary,60,71,184,26,3,COL0144,Whitepine A&M,2023,5,25,153,DRAFTED,0,PRACTICE_SQUAD_CANDIDATE,NONE,7,DEPTH,62,65,GENERATED
LAR_CB_08,Kelvin Holbrook,LAR,CB,Secondary,55,71,184,24,2,COL0124,Falcon Ridge College,2024,,,,UNDRAFTED,0,PRACTICE_SQUAD_CANDIDATE,NONE,8,DEPTH,71,74,GENERATED
LAR_CB_09,Armand Avilés,LAR,CB,Secondary,71,72,196,24,1,COL0051,Redbluff University,2025,7,29,221,DRAFTED,0,CAMP_BODY,DAY_TO_DAY,9,CAMP,57,61,GENERATED
LAR_CB_10,Pierson Corrigan,LAR,CB,Secondary,4,69,170,24,3,COL0224,Foxcroft State Tech,2023,,,,UNDRAFTED,0,CAMP_BODY,NONE,10,CAMP,58,62,GENERATED
LAR_CB_11,Mikael Boateng,LAR,CB,Secondary,39,70,200,23,1,COL0029,Stonewell State,2025,5,20,148,DRAFTED,0,CAMP_BODY,NONE,11,CAMP,66,75,GENERATED
LAR_S_01,Raheem Sorrentino,LAR,S,Secondary,42,69,204,27,5,COL0068,Silverlake College,2021,1,16,16,DRAFTED,0,ACTIVE,NONE,1,STARTER,74,81,GENERATED
LAR_S_02,Kason Fahey,LAR,S,Secondary,79,71,201,27,4,COL0101,Thornfield Tech,2022,1,5,5,DRAFTED,0,ACTIVE,NONE,2,STARTER,79,82,GENERATED
LAR_S_03,Elian Zylstra,LAR,S,Secondary,81,71,203,25,3,COL0055,Redbluff Institute,2023,3,25,89,DRAFTED,0,ACTIVE,NONE,3,ROTATIONAL,66,68,GENERATED
LAR_S_04,Colton Benavides,LAR,S,Secondary,6,72,203,24,1,COL0020,Ashfield Institute,2025,,,,UNDRAFTED,0,ACTIVE,NONE,4,ROTATIONAL,75,81,GENERATED
LAR_S_05,Weston Moorhead,LAR,S,Secondary,44,70,199,22,0,COL0197,Copper Creek State,2026,5,3,131,DRAFTED,1,PRACTICE_SQUAD_CANDIDATE,NONE,5,DEPTH,68,76,GENERATED
LAR_S_06,Kojo McClurg,LAR,S,Secondary,65,72,196,24,1,COL0228,Dunmore A&M,2025,5,10,138,DRAFTED,0,CAMP_BODY,NONE,6,CAMP,56,58,GENERATED
LAR_S_07,Gaspard Amaechi,LAR,S,Secondary,72,70,203,23,1,COL0098,Bellhaven State Tech,2025,,,,UNDRAFTED,0,CAMP_BODY,NONE,7,CAMP,60,66,GENERATED
LAR_K_01,Odin Rombach,LAR,K,Specialist,80,74,189,25,1,COL0104,Thornfield Institute,2025,1,4,4,DRAFTED,0,ACTIVE,NONE,1,STARTER,85,92,GENERATED
LAR_K_02,Redmond Gwaltney,LAR,K,Specialist,64,69,195,23,0,COL0079,Iron Gate University,2026,7,10,202,DRAFTED,1,PRACTICE_SQUAD_CANDIDATE,NONE,2,DEPTH,64,68,GENERATED
LAR_P_01,Sherman Priestley,LAR,P,Specialist,93,74,217,26,4,COL0040,Kelvinridge College,2022,3,1,65,DRAFTED,0,ACTIVE,IR,1,STARTER,73,78,GENERATED
LAR_P_02,Kenyon Morrissey,LAR,P,Specialist,95,75,200,28,5,COL0147,Whitepine State Tech,2021,,,,UNDRAFTED,0,PRACTICE_SQUAD_CANDIDATE,NONE,2,DEPTH,58,58,GENERATED
LAR_LS_01,Salvatore Hurlburt,LAR,LS,Specialist,98,73,243,36,14,COL0014,Fort Grayson State Tech,2012,3,21,85,DRAFTED,0,ACTIVE,NONE,1,STARTER,76,80,GENERATED
SF_QB_01,Cyrus Warrick,SF,QB,Quarterback,39,75,219,28,5,COL0056,Redbluff State Tech,2021,1,22,22,DRAFTED,0,ACTIVE,NONE,1,STARTER,82,88,GENERATED
SF_QB_02,Radcliffe Guilford,SF,QB,Quarterback,58,74,245,26,3,COL0194,Pinehurst Valley College,2023,2,8,40,DRAFTED,0,ACTIVE,NONE,2,ROTATIONAL,77,83,GENERATED
SF_QB_03,Ellis Vitiello,SF,QB,Quarterback,59,73,199,23,1,COL0015,Ashfield State,2025,5,1,129,DRAFTED,0,PRACTICE_SQUAD_CANDIDATE,DAY_TO_DAY,3,DEPTH,68,76,GENERATED
SF_QB_04,Jomari Cornish,SF,QB,Quarterback,16,72,207,24,0,COL0160,Granite Bay Institute,2026,,,,UNDRAFTED,1,CAMP_BODY,PUP,4,CAMP,61,65,GENERATED
SF_RB_01,Mordecai Lilliard,SF,RB,Backfield,43,70,218,27,3,COL0169,Harrowgate State,2023,1,21,21,DRAFTED,0,ACTIVE,NONE,1,STARTER,90,92,GENERATED
SF_RB_02,Duke Bustamante,SF,RB,Backfield,71,72,224,26,5,COL0232,Clearwater Ridge State,2021,,,,UNDRAFTED,0,ACTIVE,DAY_TO_DAY,2,ROTATIONAL,64,67,GENERATED
SF_RB_03,Ruben Withersby,SF,RB,Backfield,98,68,229,24,3,COL0235,Clearwater Ridge A&M,2023,2,30,62,DRAFTED,0,ACTIVE,NONE,3,ROTATIONAL,70,82,GENERATED
SF_RB_04,Clay Mostert,SF,RB,Backfield,79,69,209,22,1,COL0256,Bramblewood A&M,2025,,,,UNDRAFTED,0,PRACTICE_SQUAD_CANDIDATE,NONE,4,DEPTH,71,77,GENERATED
SF_RB_05,Pierce Yoshida,SF,RB,Backfield,63,72,223,24,0,COL0193,Pinehurst Valley A&M,2026,5,20,148,DRAFTED,1,CAMP_BODY,NONE,5,CAMP,62,65,GENERATED
SF_FB_01,Tanner Bracken,SF,FB,Backfield,27,73,246,32,9,COL0196,Pinehurst Valley State Tech,2017,,,,UNDRAFTED,0,ACTIVE,NONE,1,STARTER,72,72,GENERATED
SF_WR_01,Mateo Teasdale,SF,WR,Receiver,12,72,202,28,7,COL0074,Cypress Hollow A&M,2019,1,11,11,DRAFTED,0,ACTIVE,NONE,1,STARTER,84,87,GENERATED
SF_WR_02,Alonzo Fitzhugh,SF,WR,Receiver,84,73,196,24,2,COL0147,Whitepine State Tech,2024,3,4,68,DRAFTED,0,ACTIVE,NONE,2,STARTER,80,86,GENERATED
SF_WR_03,Lonnie Haywood,SF,WR,Receiver,92,71,223,24,3,COL0219,Foxcroft University,2023,1,18,18,DRAFTED,0,ACTIVE,NONE,3,STARTER,86,88,GENERATED
SF_WR_04,Jamir Gwaltney,SF,WR,Receiver,50,74,216,23,1,COL0084,Iron Gate State Tech,2025,4,15,111,DRAFTED,0,ACTIVE,NONE,4,ROTATIONAL,70,70,GENERATED
SF_WR_05,Jethro Tatupu,SF,WR,Receiver,32,67,219,25,2,COL0200,Copper Creek A&M,2024,,,,UNDRAFTED,0,ACTIVE,NONE,5,ROTATIONAL,68,75,GENERATED
SF_WR_06,Lennon Blakeney,SF,WR,Receiver,96,73,218,31,9,COL0098,Bellhaven State Tech,2017,5,15,143,DRAFTED,0,ACTIVE,DAY_TO_DAY,6,ROTATIONAL,76,76,GENERATED
SF_WR_07,Zane Gostkowski,SF,WR,Receiver,77,72,195,31,7,COL0080,Iron Gate Tech,2019,7,16,208,DRAFTED,0,PRACTICE_SQUAD_CANDIDATE,NONE,7,DEPTH,63,68,GENERATED
SF_WR_08,Rufus Iyengar,SF,WR,Receiver,34,70,232,24,1,COL0134,Larkspur State,2025,,,,UNDRAFTED,0,PRACTICE_SQUAD_CANDIDATE,NONE,8,DEPTH,66,69,GENERATED
SF_WR_09,Yusuf Stanfield,SF,WR,Receiver,87,75,196,22,0,COL0109,Quarry Hill A&M,2026,6,4,164,DRAFTED,1,CAMP_BODY,NONE,9,CAMP,53,58,GENERATED
SF_WR_10,Tavian Kilgore,SF,WR,Receiver,29,70,204,24,2,COL0252,Winslow State Tech,2024,6,5,165,DRAFTED,0,CAMP_BODY,NONE,10,CAMP,56,62,GENERATED
SF_WR_11,Hollis Godwin,SF,WR,Receiver,76,74,195,21,0,COL0047,Northcrest College,2026,6,7,167,DRAFTED,1,CAMP_BODY,NONE,11,CAMP,49,57,GENERATED
SF_TE_01,Marshall Vitiello,SF,TE,Receiver,45,80,249,25,2,COL0100,Thornfield University,2024,2,29,61,DRAFTED,0,ACTIVE,NONE,1,STARTER,83,87,GENERATED
SF_TE_02,Redmond McClurg,SF,TE,Receiver,5,77,254,29,5,COL0246,Winslow State,2021,2,2,34,DRAFTED,0,ACTIVE,NONE,2,ROTATIONAL,70,71,GENERATED
SF_TE_03,Tavian Polamalu,SF,TE,Receiver,13,76,245,31,7,COL0055,Redbluff Institute,2019,4,10,106,DRAFTED,0,ACTIVE,NONE,3,ROTATIONAL,73,73,GENERATED
SF_TE_04,Thelonious Kerrigan,SF,TE,Receiver,81,78,237,28,5,COL0002,Calderwood University,2021,,,,UNDRAFTED,0,PRACTICE_SQUAD_CANDIDATE,PUP,4,DEPTH,66,70,GENERATED
SF_TE_05,Roscoe Ratliff,SF,TE,Receiver,20,79,246,22,1,COL0096,Bellhaven College,2025,5,8,136,DRAFTED,0,CAMP_BODY,NONE,5,CAMP,56,62,GENERATED
SF_TE_06,Randall Salvador,SF,TE,Receiver,10,77,245,23,1,COL0181,Mount Verity Institute,2025,4,25,121,DRAFTED,0,CAMP_BODY,NONE,6,CAMP,61,70,GENERATED
SF_OT_01,Antoine Casillas,SF,OT,O-Line,33,77,321,23,2,COL0198,Copper Creek University,2024,1,31,31,DRAFTED,0,ACTIVE,NONE,1,STARTER,91,96,GENERATED
SF_OT_02,Lincoln Mascarenas,SF,OT,O-Line,9,78,311,23,1,COL0127,Emberton State,2025,1,19,19,DRAFTED,0,ACTIVE,NONE,2,STARTER,89,90,GENERATED
SF_OT_03,Lachlan Hubbard,SF,OT,O-Line,70,76,308,26,5,COL0128,Emberton University,2021,1,4,4,DRAFTED,0,ACTIVE,NONE,3,ROTATIONAL,71,72,GENERATED
SF_OT_04,Nash Prescott,SF,OT,O-Line,95,77,308,24,2,COL0035,Stonewell State Tech,2024,,,,UNDRAFTED,0,ACTIVE,NONE,4,ROTATIONAL,65,71,GENERATED
SF_OT_05,Fritz Turpin,SF,OT,O-Line,62,78,325,28,5,COL0051,Redbluff University,2021,7,27,219,DRAFTED,0,PRACTICE_SQUAD_CANDIDATE,NONE,5,DEPTH,68,70,GENERATED
SF_OT_06,Cedric Ladouceur,SF,OT,O-Line,69,76,325,25,2,COL0027,Marbury Institute,2024,,,,UNDRAFTED,0,CAMP_BODY,NONE,6,CAMP,61,61,GENERATED
SF_OG_01,Alonzo Wozniak,SF,OG,O-Line,46,76,305,26,4,COL0244,Talbot Institute,2022,1,17,17,DRAFTED,0,ACTIVE,NONE,1,STARTER,90,91,GENERATED
SF_OG_02,Micah Washburn,SF,OG,O-Line,60,73,302,24,0,COL0255,Bramblewood Tech,2026,1,7,7,DRAFTED,1,ACTIVE,NONE,2,STARTER,89,92,GENERATED
SF_OG_03,Kyrie Copeland,SF,OG,O-Line,31,75,312,25,2,COL0099,Thornfield State,2024,2,15,47,DRAFTED,0,ACTIVE,NONE,3,ROTATIONAL,70,77,GENERATED
SF_OG_04,Zico Durrant,SF,OG,O-Line,18,77,325,25,2,COL0170,Harrowgate University,2024,5,31,159,DRAFTED,0,ACTIVE,NONE,4,ROTATIONAL,71,76,GENERATED
SF_OG_05,Kruz Carvalho,SF,OG,O-Line,40,76,307,23,0,COL0045,Northcrest Tech,2026,,,,UNDRAFTED,1,PRACTICE_SQUAD_CANDIDATE,NONE,5,DEPTH,67,73,GENERATED
SF_OG_06,Wolfgang Sigler,SF,OG,O-Line,56,77,316,27,4,COL0137,Larkspur A&M,2022,6,17,177,DRAFTED,0,CAMP_BODY,NONE,6,CAMP,57,57,GENERATED
SF_C_01,Errol Kirkpatrick,SF,C,O-Line,4,75,300,26,5,COL0016,Ashfield University,2021,1,17,17,DRAFTED,0,ACTIVE,NONE,1,STARTER,86,86,GENERATED
SF_C_02,Easton Zenner,SF,C,O-Line,42,75,309,23,1,COL0147,Whitepine State Tech,2025,3,22,86,DRAFTED,0,ACTIVE,NONE,2,ROTATIONAL,71,78,GENERATED
SF_C_03,Sylas Berrios,SF,C,O-Line,37,74,301,25,2,COL0216,Ravensburg Institute,2024,,,,UNDRAFTED,0,PRACTICE_SQUAD_CANDIDATE,NONE,3,DEPTH,63,64,GENERATED
SF_EDGE_01,Andre Southall,SF,EDGE,Front Seven,86,76,271,30,6,COL0019,Ashfield College,2020,1,1,1,DRAFTED,0,ACTIVE,NONE,1,STARTER,89,89,GENERATED
SF_EDGE_02,Riggs Epperson,SF,EDGE,Front Seven,74,77,248,22,0,COL0234,Clearwater Ridge Tech,2026,1,8,8,DRAFTED,1,ACTIVE,NONE,2,STARTER,84,97,GENERATED
SF_EDGE_03,Vernon Bordelon,SF,EDGE,Front Seven,80,75,267,23,1,COL0169,Harrowgate State,2025,2,28,60,DRAFTED,0,ACTIVE,NONE,3,ROTATIONAL,71,78,GENERATED
SF_EDGE_04,Roderick Sagapolutele,SF,EDGE,Front Seven,54,75,291,27,3,COL0147,Whitepine State Tech,2023,,,,UNDRAFTED,0,ACTIVE,NONE,4,ROTATIONAL,73,73,GENERATED
SF_EDGE_05,Riggs Ovadia,SF,EDGE,Front Seven,61,74,244,32,8,COL0100,Thornfield University,2018,1,20,20,DRAFTED,0,ACTIVE,DAY_TO_DAY,5,ROTATIONAL,76,79,GENERATED
SF_EDGE_06,Cade Obadiah,SF,EDGE,Front Seven,41,77,274,25,3,COL0255,Bramblewood Tech,2023,,,,UNDRAFTED,0,PRACTICE_SQUAD_CANDIDATE,NONE,6,DEPTH,62,64,GENERATED
SF_EDGE_07,Malcolm Thibodeaux,SF,EDGE,Front Seven,8,77,273,23,2,COL0217,Ravensburg State Tech,2024,7,27,219,DRAFTED,0,PRACTICE_SQUAD_CANDIDATE,PUP,7,DEPTH,65,70,GENERATED
SF_EDGE_08,Kareem Hopkins,SF,EDGE,Front Seven,30,77,247,22,0,COL0049,Northcrest State Tech,2026,7,25,217,DRAFTED,1,CAMP_BODY,NONE,8,CAMP,56,65,GENERATED
SF_EDGE_09,Joaquin Stillwagon,SF,EDGE,Front Seven,1,79,260,24,0,COL0137,Larkspur A&M,2026,,,,UNDRAFTED,1,CAMP_BODY,NONE,9,CAMP,58,65,GENERATED
SF_DT_01,Lorenzo Ironside,SF,DT,Front Seven,91,75,290,27,4,COL0168,Sablewood State Tech,2022,,,,UNDRAFTED,0,ACTIVE,NONE,1,STARTER,80,80,GENERATED
SF_DT_02,Odin Yeboah,SF,DT,Front Seven,51,73,307,28,5,COL0096,Bellhaven College,2021,1,7,7,DRAFTED,0,ACTIVE,NONE,2,STARTER,83,83,GENERATED
SF_DT_03,Damarion Klemm,SF,DT,Front Seven,11,76,338,28,4,COL0116,Kingsbridge A&M,2022,2,20,52,DRAFTED,0,ACTIVE,NONE,3,ROTATIONAL,75,77,GENERATED
SF_DT_04,Ollie Gentry,SF,DT,Front Seven,90,75,283,25,4,COL0135,Larkspur University,2022,4,10,106,DRAFTED,0,ACTIVE,NONE,4,ROTATIONAL,72,76,GENERATED
SF_DT_05,Jaxton Beauchamp,SF,DT,Front Seven,22,75,299,25,1,COL0090,Westmoor Institute,2025,6,12,172,DRAFTED,0,ACTIVE,NONE,5,ROTATIONAL,76,76,GENERATED
SF_DT_06,Hutch Winovich,SF,DT,Front Seven,17,72,317,24,1,COL0172,Harrowgate A&M,2025,,,,UNDRAFTED,0,PRACTICE_SQUAD_CANDIDATE,NONE,6,DEPTH,58,66,GENERATED
SF_DT_07,Noel Quessenberry,SF,DT,Front Seven,25,73,301,23,0,COL0101,Thornfield Tech,2026,5,6,134,DRAFTED,1,CAMP_BODY,NONE,7,CAMP,50,60,GENERATED
SF_DT_08,Stanton Navarrete,SF,DT,Front Seven,75,76,290,26,2,COL0113,Kingsbridge State,2024,5,6,134,DRAFTED,0,CAMP_BODY,NONE,8,CAMP,58,60,GENERATED
SF_LB_01,Porter Kortright,SF,LB,Front Seven,48,75,240,25,3,COL0259,Bramblewood State Tech,2023,1,2,2,DRAFTED,0,ACTIVE,NONE,1,STARTER,81,86,GENERATED
SF_LB_02,Tristan Stroman,SF,LB,Front Seven,14,73,240,26,5,COL0192,Pinehurst Valley Tech,2021,1,15,15,DRAFTED,0,ACTIVE,NONE,2,STARTER,83,85,GENERATED
SF_LB_03,Andre Paddock,SF,LB,Front Seven,49,74,225,29,8,COL0016,Ashfield University,2018,3,28,92,DRAFTED,0,ACTIVE,NONE,3,ROTATIONAL,71,71,GENERATED
SF_LB_04,Alonzo Onwuasor,SF,LB,Front Seven,3,71,230,29,6,COL0019,Ashfield College,2020,1,9,9,DRAFTED,0,ACTIVE,NONE,4,ROTATIONAL,73,73,GENERATED
SF_LB_05,Palmer Jorgensen,SF,LB,Front Seven,36,70,245,23,1,COL0160,Granite Bay Institute,2025,3,9,73,DRAFTED,0,ACTIVE,NONE,5,ROTATIONAL,71,76,GENERATED
SF_LB_06,Whitaker Sendejo,SF,LB,Front Seven,82,72,244,24,1,COL0151,Cedar Falls A&M,2025,,,,UNDRAFTED,0,PRACTICE_SQUAD_CANDIDATE,NONE,6,DEPTH,56,65,GENERATED
SF_LB_07,Mateo Poteat,SF,LB,Front Seven,24,72,224,23,2,COL0072,Cypress Hollow University,2024,,,,UNDRAFTED,0,CAMP_BODY,DAY_TO_DAY,7,CAMP,56,62,GENERATED
SF_LB_08,Amari Leavitt,SF,LB,Front Seven,64,76,231,24,1,COL0040,Kelvinridge College,2025,6,19,179,DRAFTED,0,CAMP_BODY,NONE,8,CAMP,55,59,GENERATED
SF_CB_01,Javon Jolliff,SF,CB,Secondary,85,71,194,25,2,COL0203,Copper Creek State Tech,2024,1,6,6,DRAFTED,0,ACTIVE,NONE,1,STARTER,88,90,GENERATED
SF_CB_02,Axel Ravenel,SF,CB,Secondary,44,71,195,38,17,COL0104,Thornfield Institute,2009,2,9,41,DRAFTED,0,ACTIVE,NONE,2,STARTER,77,81,GENERATED
SF_CB_03,Samir Mostert,SF,CB,Secondary,23,72,188,24,2,COL0108,Quarry Hill Tech,2024,1,17,17,DRAFTED,0,ACTIVE,NONE,3,STARTER,94,99,GENERATED
SF_CB_04,Milo Eubanks,SF,CB,Secondary,6,70,178,23,0,COL0218,Foxcroft State,2026,,,,UNDRAFTED,1,ACTIVE,NONE,4,ROTATIONAL,70,78,GENERATED
SF_CB_05,Aubrey Roache,SF,CB,Secondary,35,71,184,30,7,COL0124,Falcon Ridge College,2019,3,6,70,DRAFTED,0,ACTIVE,NONE,5,ROTATIONAL,67,68,GENERATED
SF_CB_06,Zaire Birchfield,SF,CB,Secondary,73,68,188,26,4,COL0109,Quarry Hill A&M,2022,,,,UNDRAFTED,0,ACTIVE,DAY_TO_DAY,6,ROTATIONAL,71,77,GENERATED
SF_CB_07,Tanner Longacre,SF,CB,Secondary,66,73,184,29,6,COL0036,Kelvinridge State,2020,,,,UNDRAFTED,0,PRACTICE_SQUAD_CANDIDATE,NONE,7,DEPTH,60,63,GENERATED
SF_CB_08,Zaire Urlacher,SF,CB,Secondary,52,68,189,28,5,COL0015,Ashfield State,2021,,,,UNDRAFTED,0,PRACTICE_SQUAD_CANDIDATE,NONE,8,DEPTH,61,61,GENERATED
SF_CB_09,Luca Holyfield,SF,CB,Secondary,57,74,183,26,3,COL0200,Copper Creek A&M,2023,,,,UNDRAFTED,0,CAMP_BODY,NONE,9,CAMP,56,58,GENERATED
SF_CB_10,Woodrow Lombardo,SF,CB,Secondary,89,73,195,22,0,COL0075,Cypress Hollow College,2026,6,25,185,DRAFTED,1,CAMP_BODY,NONE,10,CAMP,55,61,GENERATED
SF_CB_11,Obadiah Calderón,SF,CB,Secondary,67,72,204,25,3,COL0242,Talbot A&M,2023,7,14,206,DRAFTED,0,CAMP_BODY,NONE,11,CAMP,49,52,GENERATED
SF_S_01,Lorenzo Colwell,SF,S,Secondary,38,73,215,32,9,COL0110,Quarry Hill College,2017,1,31,31,DRAFTED,0,ACTIVE,NONE,1,STARTER,95,95,GENERATED
SF_S_02,Damarion Brisco,SF,S,Secondary,47,71,204,23,2,COL0136,Larkspur Tech,2024,1,12,12,DRAFTED,0,ACTIVE,NONE,2,STARTER,88,93,GENERATED
SF_S_03,Magnus Scovel,SF,S,Secondary,15,71,209,27,6,COL0198,Copper Creek University,2020,1,30,30,DRAFTED,0,ACTIVE,NONE,3,ROTATIONAL,69,74,GENERATED
SF_S_04,Kobe Kinlaw,SF,S,Secondary,94,72,188,31,7,COL0011,Fort Grayson A&M,2019,3,12,76,DRAFTED,0,ACTIVE,NONE,4,ROTATIONAL,75,75,GENERATED
SF_S_05,Gaspard Mattison,SF,S,Secondary,78,74,191,22,1,COL0253,Bramblewood State,2025,,,,UNDRAFTED,0,PRACTICE_SQUAD_CANDIDATE,NONE,5,DEPTH,63,71,GENERATED
SF_S_06,Andre Tartt,SF,S,Secondary,93,70,201,24,1,COL0007,Calderwood State Tech,2025,5,8,136,DRAFTED,0,CAMP_BODY,NONE,6,CAMP,62,68,GENERATED
SF_S_07,Shepard Castellan,SF,S,Secondary,28,71,214,21,0,COL0216,Ravensburg Institute,2026,,,,UNDRAFTED,1,CAMP_BODY,NONE,7,CAMP,64,73,GENERATED
SF_K_01,Killian Beauchamp,SF,K,Specialist,72,73,195,27,4,COL0016,Ashfield University,2022,1,3,3,DRAFTED,0,ACTIVE,DAY_TO_DAY,1,STARTER,81,88,GENERATED
SF_K_02,Marlon Sappington,SF,K,Specialist,2,72,178,25,2,COL0180,Mount Verity College,2024,6,25,185,DRAFTED,0,PRACTICE_SQUAD_CANDIDATE,NONE,2,DEPTH,75,79,GENERATED
SF_P_01,Ruben Debose,SF,P,Specialist,7,74,199,25,3,COL0182,Mount Verity State Tech,2023,3,11,75,DRAFTED,0,ACTIVE,NONE,1,STARTER,78,78,GENERATED
SF_P_02,Legend Ackerley,SF,P,Specialist,55,74,199,27,3,COL0246,Winslow State,2023,,,,UNDRAFTED,0,PRACTICE_SQUAD_CANDIDATE,DAY_TO_DAY,2,DEPTH,60,60,GENERATED
SF_LS_01,Vance Tucker,SF,LS,Specialist,99,71,242,24,1,COL0009,Fort Grayson University,2025,1,14,14,DRAFTED,0,ACTIVE,NONE,1,STARTER,74,81,GENERATED
SEA_QB_01,Trace Oakman,SEA,QB,Quarterback,86,72,236,29,5,COL0019,Ashfield College,2021,5,19,147,DRAFTED,0,ACTIVE,NONE,1,STARTER,82,86,GENERATED
SEA_QB_02,Aubrey Carvalho,SEA,QB,Quarterback,35,76,228,30,7,COL0015,Ashfield State,2019,,,,UNDRAFTED,0,ACTIVE,NONE,2,ROTATIONAL,61,68,GENERATED
SEA_QB_03,Malachi Hardison,SEA,QB,Quarterback,14,71,210,22,0,COL0024,Marbury Tech,2026,6,7,167,DRAFTED,1,PRACTICE_SQUAD_CANDIDATE,NFI,3,DEPTH,68,76,GENERATED
SEA_QB_04,Brantley Kroll,SEA,QB,Quarterback,21,75,209,21,0,COL0149,Cedar Falls University,2026,6,13,173,DRAFTED,1,CAMP_BODY,NONE,4,CAMP,66,72,GENERATED
SEA_RB_01,Garland McQuarters,SEA,RB,Backfield,94,70,231,34,11,COL0221,Foxcroft A&M,2015,3,15,79,DRAFTED,0,ACTIVE,DAY_TO_DAY,1,STARTER,81,85,GENERATED
SEA_RB_02,Cannon Steinkuhler,SEA,RB,Backfield,36,70,209,27,5,COL0027,Marbury Institute,2021,,,,UNDRAFTED,0,ACTIVE,NONE,2,ROTATIONAL,68,69,GENERATED
SEA_RB_03,Thelonious Overstreet,SEA,RB,Backfield,80,71,220,24,3,COL0018,Ashfield A&M,2023,7,16,208,DRAFTED,0,ACTIVE,NONE,3,ROTATIONAL,64,71,GENERATED
SEA_RB_04,Bodhi Delacruz,SEA,RB,Backfield,51,68,202,23,0,COL0110,Quarry Hill College,2026,4,8,104,DRAFTED,1,PRACTICE_SQUAD_CANDIDATE,NONE,4,DEPTH,64,64,GENERATED
SEA_RB_05,Odell Tindall,SEA,RB,Backfield,59,71,215,22,1,COL0098,Bellhaven State Tech,2025,5,16,144,DRAFTED,0,CAMP_BODY,NONE,5,CAMP,58,66,GENERATED
SEA_FB_01,Horace Escalante,SEA,FB,Backfield,52,72,232,29,6,COL0191,Pinehurst Valley University,2020,1,23,23,DRAFTED,0,ACTIVE,NONE,1,STARTER,75,75,GENERATED
SEA_WR_01,Basil Donnelly,SEA,WR,Receiver,91,70,210,25,3,COL0134,Larkspur State,2023,1,2,2,DRAFTED,0,ACTIVE,NONE,1,STARTER,74,82,GENERATED
SEA_WR_02,Rigby Sagapolutele,SEA,WR,Receiver,29,72,193,22,0,COL0062,Havenport Institute,2026,3,19,83,DRAFTED,1,ACTIVE,NONE,2,STARTER,76,83,GENERATED
SEA_WR_03,Lucian Debose,SEA,WR,Receiver,92,76,204,26,2,COL0252,Winslow State Tech,2024,1,14,14,DRAFTED,0,ACTIVE,NONE,3,STARTER,78,79,GENERATED
SEA_WR_04,Zamir Sandidge,SEA,WR,Receiver,47,72,207,30,7,COL0244,Talbot Institute,2019,7,28,220,DRAFTED,0,ACTIVE,NONE,4,ROTATIONAL,73,73,GENERATED
SEA_WR_05,Adonis Wanogho,SEA,WR,Receiver,53,73,197,28,5,COL0167,Sablewood Institute,2021,2,25,57,DRAFTED,0,ACTIVE,NONE,5,ROTATIONAL,69,73,GENERATED
SEA_WR_06,Amari Hilliard,SEA,WR,Receiver,45,74,189,23,2,COL0085,Westmoor State,2024,2,14,46,DRAFTED,0,ACTIVE,NONE,6,ROTATIONAL,74,82,GENERATED
SEA_WR_07,Xavier Carrington,SEA,WR,Receiver,73,71,192,26,2,COL0207,Lakemont A&M,2024,6,11,171,DRAFTED,0,PRACTICE_SQUAD_CANDIDATE,NONE,7,DEPTH,60,65,GENERATED
SEA_WR_08,Rufus Rathman,SEA,WR,Receiver,20,68,197,23,2,COL0123,Falcon Ridge A&M,2024,6,16,176,DRAFTED,0,PRACTICE_SQUAD_CANDIDATE,NONE,8,DEPTH,63,67,GENERATED
SEA_WR_09,Uriah Fanning,SEA,WR,Receiver,23,69,185,24,1,COL0116,Kingsbridge A&M,2025,6,2,162,DRAFTED,0,CAMP_BODY,NONE,9,CAMP,59,64,GENERATED
SEA_WR_10,Barnes Hargrave,SEA,WR,Receiver,68,74,212,27,4,COL0195,Pinehurst Valley Institute,2022,,,,UNDRAFTED,0,CAMP_BODY,NONE,10,CAMP,57,61,GENERATED
SEA_WR_11,Grady Petitgout,SEA,WR,Receiver,98,71,198,24,1,COL0031,Stonewell Tech,2025,7,6,198,DRAFTED,0,CAMP_BODY,NONE,11,CAMP,54,59,GENERATED
SEA_TE_01,Dillon Lowery,SEA,TE,Receiver,64,76,260,23,1,COL0171,Harrowgate Tech,2025,3,25,89,DRAFTED,0,ACTIVE,DAY_TO_DAY,1,STARTER,71,77,GENERATED
SEA_TE_02,Lucian Bedard,SEA,TE,Receiver,38,75,267,22,1,COL0140,Larkspur State Tech,2025,3,28,92,DRAFTED,0,ACTIVE,NONE,2,ROTATIONAL,75,85,GENERATED
SEA_TE_03,Radcliffe Keeler,SEA,TE,Receiver,54,76,244,26,4,COL0026,Marbury College,2022,6,2,162,DRAFTED,0,ACTIVE,NONE,3,ROTATIONAL,54,56,GENERATED
SEA_TE_04,Rufus Vanderveer,SEA,TE,Receiver,77,74,237,22,0,COL0210,Lakemont State Tech,2026,,,,UNDRAFTED,1,PRACTICE_SQUAD_CANDIDATE,NONE,4,DEPTH,49,52,GENERATED
SEA_TE_05,Forrest Hasselby,SEA,TE,Receiver,17,77,237,22,1,COL0074,Cypress Hollow A&M,2025,,,,UNDRAFTED,0,CAMP_BODY,NONE,5,CAMP,54,61,GENERATED
SEA_TE_06,Randall Ennis,SEA,TE,Receiver,12,77,255,24,0,COL0006,Calderwood Institute,2026,,,,UNDRAFTED,1,CAMP_BODY,NONE,6,CAMP,62,71,GENERATED
SEA_OT_01,Soren Grissom,SEA,OT,O-Line,7,79,335,28,5,COL0168,Sablewood State Tech,2021,2,21,53,DRAFTED,0,ACTIVE,NONE,1,STARTER,81,86,GENERATED
SEA_OT_02,Lincoln Dillard,SEA,OT,O-Line,41,76,314,32,10,COL0217,Ravensburg State Tech,2016,4,20,116,DRAFTED,0,ACTIVE,NONE,2,STARTER,88,88,GENERATED
SEA_OT_03,Hakeem Bumgarner,SEA,OT,O-Line,75,80,304,29,6,COL0036,Kelvinridge State,2020,4,1,97,DRAFTED,0,ACTIVE,NONE,3,ROTATIONAL,72,72,GENERATED
SEA_OT_04,Newton Abernathy,SEA,OT,O-Line,11,76,336,23,1,COL0176,Mount Verity State,2025,5,16,144,DRAFTED,0,ACTIVE,NFI,4,ROTATIONAL,79,85,GENERATED
SEA_OT_05,Sebastien Dellinger,SEA,OT,O-Line,50,78,331,23,0,COL0206,Lakemont Tech,2026,7,5,197,DRAFTED,1,PRACTICE_SQUAD_CANDIDATE,NONE,5,DEPTH,73,80,GENERATED
SEA_OT_06,Ibrahim Telfer,SEA,OT,O-Line,89,78,318,24,1,COL0204,Lakemont State,2025,7,29,221,DRAFTED,0,CAMP_BODY,DAY_TO_DAY,6,CAMP,62,70,GENERATED
SEA_OG_01,Jordy Blakeney,SEA,OG,O-Line,90,74,333,24,1,COL0208,Lakemont College,2025,1,22,22,DRAFTED,0,ACTIVE,NONE,1,STARTER,76,78,GENERATED
SEA_OG_02,Kenyon Jelks,SEA,OG,O-Line,4,78,327,26,4,COL0048,Northcrest Institute,2022,4,12,108,DRAFTED,0,ACTIVE,NONE,2,STARTER,71,73,GENERATED
SEA_OG_03,Laurent Carvalho,SEA,OG,O-Line,60,75,348,26,4,COL0134,Larkspur State,2022,5,2,130,DRAFTED,0,ACTIVE,NONE,3,ROTATIONAL,76,76,GENERATED
SEA_OG_04,Kamden Hasselby,SEA,OG,O-Line,85,76,314,24,2,COL0013,Fort Grayson Institute,2024,5,23,151,DRAFTED,0,ACTIVE,NONE,4,ROTATIONAL,70,78,GENERATED
SEA_OG_05,Khalil Aubert,SEA,OG,O-Line,78,74,310,22,0,COL0101,Thornfield Tech,2026,6,22,182,DRAFTED,1,PRACTICE_SQUAD_CANDIDATE,NONE,5,DEPTH,71,79,GENERATED
SEA_OG_06,Tobias Rathman,SEA,OG,O-Line,82,77,320,23,1,COL0169,Harrowgate State,2025,7,6,198,DRAFTED,0,CAMP_BODY,NONE,6,CAMP,59,62,GENERATED
SEA_C_01,Demetrius Warrick,SEA,C,O-Line,93,75,315,26,3,COL0036,Kelvinridge State,2023,1,2,2,DRAFTED,0,ACTIVE,NONE,1,STARTER,83,85,GENERATED
SEA_C_02,Zion Arnett,SEA,C,O-Line,65,75,281,25,3,COL0167,Sablewood Institute,2023,,,,UNDRAFTED,0,ACTIVE,NONE,2,ROTATIONAL,69,73,GENERATED
SEA_C_03,Yardley Santoro,SEA,C,O-Line,56,75,293,24,1,COL0019,Ashfield College,2025,6,27,187,DRAFTED,0,PRACTICE_SQUAD_CANDIDATE,NONE,3,DEPTH,57,59,GENERATED
SEA_EDGE_01,Willem Marchand,SEA,EDGE,Front Seven,72,76,273,23,1,COL0248,Winslow Tech,2025,5,3,131,DRAFTED,0,ACTIVE,NONE,1,STARTER,73,83,GENERATED
SEA_EDGE_02,Sheridan Boone,SEA,EDGE,Front Seven,99,77,276,25,2,COL0075,Cypress Hollow College,2024,2,29,61,DRAFTED,0,ACTIVE,IR,2,STARTER,84,86,GENERATED
SEA_EDGE_03,Creed Satterfield,SEA,EDGE,Front Seven,13,76,266,33,10,COL0156,Granite Bay University,2016,5,19,147,DRAFTED,0,ACTIVE,NONE,3,ROTATIONAL,63,67,GENERATED
SEA_EDGE_04,Jomari Ridgeway,SEA,EDGE,Front Seven,95,76,275,25,2,COL0025,Marbury A&M,2024,4,30,126,DRAFTED,0,ACTIVE,DAY_TO_DAY,4,ROTATIONAL,75,75,GENERATED
SEA_EDGE_05,Tarrell Fennell,SEA,EDGE,Front Seven,26,75,252,24,2,COL0075,Cypress Hollow College,2024,3,5,69,DRAFTED,0,ACTIVE,NONE,5,ROTATIONAL,62,71,GENERATED
SEA_EDGE_06,Warner Amaechi,SEA,EDGE,Front Seven,22,73,254,24,2,COL0222,Foxcroft College,2024,6,18,178,DRAFTED,0,PRACTICE_SQUAD_CANDIDATE,NONE,6,DEPTH,61,70,GENERATED
SEA_EDGE_07,Isaias Scovel,SEA,EDGE,Front Seven,24,78,247,24,2,COL0075,Cypress Hollow College,2024,,,,UNDRAFTED,0,PRACTICE_SQUAD_CANDIDATE,NONE,7,DEPTH,57,66,GENERATED
SEA_EDGE_08,Gannon Wentworth,SEA,EDGE,Front Seven,46,76,251,22,0,COL0114,Kingsbridge University,2026,7,7,199,DRAFTED,1,CAMP_BODY,NONE,8,CAMP,60,69,GENERATED
SEA_EDGE_09,Ezra Kamara,SEA,EDGE,Front Seven,34,75,230,23,0,COL0001,Calderwood State,2026,,,,UNDRAFTED,1,CAMP_BODY,DAY_TO_DAY,9,CAMP,56,60,GENERATED
SEA_DT_01,Clay Hickenbotham,SEA,DT,Front Seven,6,74,315,28,5,COL0202,Copper Creek Institute,2021,3,18,82,DRAFTED,0,ACTIVE,DAY_TO_DAY,1,STARTER,78,79,GENERATED
SEA_DT_02,Simeon Levasseur,SEA,DT,Front Seven,16,74,316,25,2,COL0038,Kelvinridge Tech,2024,1,23,23,DRAFTED,0,ACTIVE,NONE,2,STARTER,82,89,GENERATED
SEA_DT_03,Onyx Rousseau,SEA,DT,Front Seven,2,76,309,23,0,COL0086,Westmoor University,2026,,,,UNDRAFTED,1,ACTIVE,NONE,3,ROTATIONAL,59,68,GENERATED
SEA_DT_04,Orson Farrow,SEA,DT,Front Seven,15,73,331,23,1,COL0110,Quarry Hill College,2025,,,,UNDRAFTED,0,ACTIVE,NONE,4,ROTATIONAL,72,76,GENERATED
SEA_DT_05,Angus Halloran,SEA,DT,Front Seven,44,73,323,27,4,COL0110,Quarry Hill College,2022,4,17,113,DRAFTED,0,ACTIVE,NONE,5,ROTATIONAL,65,65,GENERATED
SEA_DT_06,Sawyer Appleton,SEA,DT,Front Seven,70,74,291,25,2,COL0215,Ravensburg College,2024,7,15,207,DRAFTED,0,PRACTICE_SQUAD_CANDIDATE,NONE,6,DEPTH,57,60,GENERATED
SEA_DT_07,Weston Brightwell,SEA,DT,Front Seven,69,76,291,24,1,COL0047,Northcrest College,2025,6,5,165,DRAFTED,0,CAMP_BODY,NONE,7,CAMP,53,56,GENERATED
SEA_DT_08,Nico Turpin,SEA,DT,Front Seven,49,73,346,27,4,COL0099,Thornfield State,2022,,,,UNDRAFTED,0,CAMP_BODY,DAY_TO_DAY,8,CAMP,57,60,GENERATED
SEA_LB_01,Darian Appleton,SEA,LB,Front Seven,96,72,245,28,7,COL0243,Talbot College,2019,1,2,2,DRAFTED,0,ACTIVE,NONE,1,STARTER,85,88,GENERATED
SEA_LB_02,Bruno Shreve,SEA,LB,Front Seven,84,74,230,25,2,COL0181,Mount Verity Institute,2024,1,4,4,DRAFTED,0,ACTIVE,NONE,2,STARTER,80,87,GENERATED
SEA_LB_03,Vance Rutledge,SEA,LB,Front Seven,28,73,241,26,4,COL0138,Larkspur College,2022,3,7,71,DRAFTED,0,ACTIVE,DAY_TO_DAY,3,ROTATIONAL,73,73,GENERATED
SEA_LB_04,Hank Hickenbotham,SEA,LB,Front Seven,30,73,262,25,2,COL0235,Clearwater Ridge A&M,2024,2,10,42,DRAFTED,0,ACTIVE,NONE,4,ROTATIONAL,74,79,GENERATED
SEA_LB_05,Mekai Babineaux,SEA,LB,Front Seven,8,74,227,28,6,COL0258,Bramblewood Institute,2020,,,,UNDRAFTED,0,ACTIVE,NONE,5,ROTATIONAL,61,61,GENERATED
SEA_LB_06,Hank Urlacher,SEA,LB,Front Seven,71,76,245,28,5,COL0109,Quarry Hill A&M,2021,7,28,220,DRAFTED,0,PRACTICE_SQUAD_CANDIDATE,NONE,6,DEPTH,61,62,GENERATED
SEA_LB_07,Camden Fielder,SEA,LB,Front Seven,25,75,221,23,0,COL0027,Marbury Institute,2026,7,21,213,DRAFTED,1,CAMP_BODY,NONE,7,CAMP,44,53,GENERATED
SEA_LB_08,Fabian Ratliff,SEA,LB,Front Seven,97,73,226,22,0,COL0136,Larkspur Tech,2026,,,,UNDRAFTED,1,CAMP_BODY,NONE,8,CAMP,57,58,GENERATED
SEA_CB_01,Niles Greenlaw,SEA,CB,Secondary,33,72,194,31,7,COL0125,Falcon Ridge Institute,2019,1,13,13,DRAFTED,0,ACTIVE,NONE,1,STARTER,72,72,GENERATED
SEA_CB_02,Sidney Cravens,SEA,CB,Secondary,81,71,183,25,2,COL0247,Winslow University,2024,5,27,155,DRAFTED,0,ACTIVE,NONE,2,STARTER,81,86,GENERATED
SEA_CB_03,Antoine Benavides,SEA,CB,Secondary,43,72,203,25,3,COL0002,Calderwood University,2023,7,30,222,DRAFTED,0,ACTIVE,NONE,3,STARTER,75,80,GENERATED
SEA_CB_04,Langston Medearis,SEA,CB,Secondary,57,74,200,23,0,COL0229,Dunmore College,2026,,,,UNDRAFTED,1,ACTIVE,NONE,4,ROTATIONAL,71,80,GENERATED
SEA_CB_05,Colston Paulson,SEA,CB,Secondary,48,71,192,23,0,COL0135,Larkspur University,2026,2,10,42,DRAFTED,1,ACTIVE,NONE,5,ROTATIONAL,69,79,GENERATED
SEA_CB_06,Jabari Pepperell,SEA,CB,Secondary,58,70,196,28,6,COL0240,Talbot University,2020,5,32,160,DRAFTED,0,ACTIVE,NONE,6,ROTATIONAL,63,68,GENERATED
SEA_CB_07,Alonzo Makinen,SEA,CB,Secondary,3,72,191,24,3,COL0171,Harrowgate Tech,2023,3,3,67,DRAFTED,0,PRACTICE_SQUAD_CANDIDATE,NONE,7,DEPTH,61,67,GENERATED
SEA_CB_08,Bodhi Trapasso,SEA,CB,Secondary,87,72,185,23,0,COL0156,Granite Bay University,2026,6,17,177,DRAFTED,1,PRACTICE_SQUAD_CANDIDATE,NONE,8,DEPTH,56,60,GENERATED
SEA_CB_09,Alonzo Wharton,SEA,CB,Secondary,83,73,195,23,1,COL0099,Thornfield State,2025,,,,UNDRAFTED,0,CAMP_BODY,DAY_TO_DAY,9,CAMP,55,64,GENERATED
SEA_CB_10,Hank Cordray,SEA,CB,Secondary,79,72,177,22,0,COL0131,Emberton College,2026,,,,UNDRAFTED,1,CAMP_BODY,NONE,10,CAMP,59,65,GENERATED
SEA_CB_11,Soloman Rutledge,SEA,CB,Secondary,31,70,198,22,0,COL0087,Westmoor Tech,2026,,,,UNDRAFTED,1,CAMP_BODY,NONE,11,CAMP,46,54,GENERATED
SEA_S_01,Riggs Benavides,SEA,S,Secondary,55,73,216,34,10,COL0124,Falcon Ridge College,2016,2,30,62,DRAFTED,0,ACTIVE,NONE,1,STARTER,76,83,GENERATED
SEA_S_02,Rowan Debose,SEA,S,Secondary,66,70,214,25,1,COL0172,Harrowgate A&M,2025,7,9,201,DRAFTED,0,ACTIVE,NONE,2,STARTER,79,82,GENERATED
SEA_S_03,Merle Piscopo,SEA,S,Secondary,27,73,196,28,6,COL0085,Westmoor State,2020,,,,UNDRAFTED,0,ACTIVE,NONE,3,ROTATIONAL,62,62,GENERATED
SEA_S_04,Orson Warrick,SEA,S,Secondary,32,72,230,29,5,COL0204,Lakemont State,2021,5,6,134,DRAFTED,0,ACTIVE,NONE,4,ROTATIONAL,66,78,GENERATED
SEA_S_05,Herschel Rousseau,SEA,S,Secondary,10,70,201,23,1,COL0232,Clearwater Ridge State,2025,4,22,118,DRAFTED,0,PRACTICE_SQUAD_CANDIDATE,NONE,5,DEPTH,65,76,GENERATED
SEA_S_06,Tiberius Kamara,SEA,S,Secondary,76,69,200,24,0,COL0013,Fort Grayson Institute,2026,,,,UNDRAFTED,1,CAMP_BODY,NONE,6,CAMP,57,60,GENERATED
SEA_S_07,Amos Halloran,SEA,S,Secondary,9,69,198,27,4,COL0027,Marbury Institute,2022,6,1,161,DRAFTED,0,CAMP_BODY,NONE,7,CAMP,54,58,GENERATED
SEA_K_01,Deshaun Wanogho,SEA,K,Specialist,67,74,190,27,3,COL0060,Havenport A&M,2023,2,21,53,DRAFTED,0,ACTIVE,IR,1,STARTER,73,76,GENERATED
SEA_K_02,Desmond Helaire,SEA,K,Specialist,19,70,206,26,2,COL0205,Lakemont University,2024,,,,UNDRAFTED,0,PRACTICE_SQUAD_CANDIDATE,DAY_TO_DAY,2,DEPTH,63,68,GENERATED
SEA_P_01,Mikael Hathaway,SEA,P,Specialist,63,75,200,22,1,COL0168,Sablewood State Tech,2025,1,12,12,DRAFTED,0,ACTIVE,NONE,1,STARTER,73,81,GENERATED
SEA_P_02,Victor Quarterman,SEA,P,Specialist,1,76,195,27,4,COL0220,Foxcroft Tech,2022,,,,UNDRAFTED,0,PRACTICE_SQUAD_CANDIDATE,NONE,2,DEPTH,60,63,GENERATED
SEA_LS_01,Holden McQuarters,SEA,LS,Specialist,74,73,231,24,3,COL0232,Clearwater Ridge State,2023,1,27,27,DRAFTED,0,ACTIVE,NONE,1,STARTER,74,79,GENERATED
FA_EDGE_001,Zico Estrada,FA,EDGE,Front Seven,,79,262,29,7,COL0208,Lakemont College,2019,,,,UNKNOWN,0,FREE_AGENT,NONE,,FREE_AGENT,68,68,GENERATED
FA_DT_002,Basil Plunkett,FA,DT,Front Seven,,77,310,29,6,COL0064,Silverlake State,2020,,,,UNKNOWN,0,FREE_AGENT,NONE,,FREE_AGENT,57,57,GENERATED
FA_LB_003,Hasani Leblanc,FA,LB,Front Seven,,76,220,24,1,COL0183,Sunderland State,2025,,,,UNKNOWN,0,FREE_AGENT,NONE,,FREE_AGENT,63,66,GENERATED
FA_DT_004,Caleb Honeycutt,FA,DT,Front Seven,,74,325,27,5,COL0193,Pinehurst Valley A&M,2021,,,,UNKNOWN,0,FREE_AGENT,NONE,,FREE_AGENT,68,68,GENERATED
FA_WR_005,Marquise Finnegan,FA,WR,Receiver,,68,201,28,4,COL0215,Ravensburg College,2022,,,,UNKNOWN,0,FREE_AGENT,NONE,,FREE_AGENT,77,77,GENERATED
FA_K_006,Duncan Hilliard,FA,K,Specialist,,73,191,27,5,COL0095,Bellhaven A&M,2021,,,,UNKNOWN,0,FREE_AGENT,NONE,,FREE_AGENT,78,78,GENERATED
FA_CB_007,Porter Blakeney,FA,CB,Secondary,,71,204,29,5,COL0232,Clearwater Ridge State,2021,,,,UNKNOWN,0,FREE_AGENT,NONE,,FREE_AGENT,51,51,GENERATED
FA_CB_008,Carlisle Noteboom,FA,CB,Secondary,,70,187,29,5,COL0039,Kelvinridge A&M,2021,,,,UNKNOWN,0,FREE_AGENT,NONE,,FREE_AGENT,56,56,GENERATED
FA_K_009,Holden Duckworth,FA,K,Specialist,,74,198,27,3,COL0235,Clearwater Ridge A&M,2023,,,,UNKNOWN,0,FREE_AGENT,NONE,,FREE_AGENT,63,63,GENERATED
FA_CB_010,Killian Stallworth,FA,CB,Secondary,,67,208,35,11,COL0160,Granite Bay Institute,2015,,,,UNKNOWN,0,FREE_AGENT,NONE,,FREE_AGENT,50,50,GENERATED
FA_S_011,Stellan Forsythe,FA,S,Secondary,,71,197,27,5,COL0204,Lakemont State,2021,,,,UNKNOWN,0,FREE_AGENT,NONE,,FREE_AGENT,65,65,GENERATED
FA_OT_012,Gerard Charbonnet,FA,OT,O-Line,,77,292,26,4,COL0252,Winslow State Tech,2022,,,,UNKNOWN,0,FREE_AGENT,NONE,,FREE_AGENT,67,68,GENERATED
FA_EDGE_013,Saul Valentino,FA,EDGE,Front Seven,,78,274,26,4,COL0250,Winslow College,2022,,,,UNKNOWN,0,FREE_AGENT,NONE,,FREE_AGENT,65,66,GENERATED
FA_QB_014,Gibson Legette,FA,QB,Quarterback,,76,215,30,7,COL0056,Redbluff State Tech,2019,,,,UNKNOWN,0,FREE_AGENT,NONE,,FREE_AGENT,73,73,GENERATED
FA_S_015,Anders Melchior,FA,S,Secondary,,74,208,27,3,COL0255,Bramblewood Tech,2023,,,,UNKNOWN,0,FREE_AGENT,NONE,,FREE_AGENT,63,63,GENERATED
FA_OG_016,Maddox Onwuasor,FA,OG,O-Line,,76,329,26,4,COL0055,Redbluff Institute,2022,,,,UNKNOWN,0,FREE_AGENT,NONE,,FREE_AGENT,46,47,GENERATED
FA_CB_017,Camden Berrios,FA,CB,Secondary,,70,194,27,4,COL0227,Dunmore Tech,2022,,,,UNKNOWN,0,FREE_AGENT,NONE,,FREE_AGENT,66,66,GENERATED
FA_OG_018,Orion Threadgill,FA,OG,O-Line,,75,317,24,2,COL0191,Pinehurst Valley University,2024,,,,UNKNOWN,0,FREE_AGENT,NONE,,FREE_AGENT,63,66,GENERATED
FA_WR_019,Ollie Greaves,FA,WR,Receiver,,71,207,32,9,COL0163,Sablewood University,2017,,,,UNKNOWN,0,FREE_AGENT,NONE,,FREE_AGENT,58,58,GENERATED
FA_CB_020,Yannick Swaggerty,FA,CB,Secondary,,71,214,31,9,COL0210,Lakemont State Tech,2017,,,,UNKNOWN,0,FREE_AGENT,NONE,,FREE_AGENT,57,57,GENERATED
FA_RB_021,Efrain Teasdale,FA,RB,Backfield,,70,220,24,1,COL0241,Talbot Tech,2025,,,,UNKNOWN,0,FREE_AGENT,NONE,,FREE_AGENT,72,75,GENERATED
FA_QB_022,Sergio Gostkowski,FA,QB,Quarterback,,76,215,26,2,COL0128,Emberton University,2024,,,,UNKNOWN,0,FREE_AGENT,NONE,,FREE_AGENT,69,70,GENERATED
FA_EDGE_023,Baylor Wainwright,FA,EDGE,Front Seven,,75,274,36,12,COL0220,Foxcroft Tech,2014,,,,UNKNOWN,0,FREE_AGENT,NONE,,FREE_AGENT,52,52,GENERATED
FA_DT_024,Arch Oduya,FA,DT,Front Seven,,74,324,27,3,COL0001,Calderwood State,2023,,,,UNKNOWN,0,FREE_AGENT,NONE,,FREE_AGENT,50,50,GENERATED
FA_WR_025,Arlo Helaire,FA,WR,Receiver,,71,188,26,2,COL0189,Sunderland State Tech,2024,,,,UNKNOWN,0,FREE_AGENT,NONE,,FREE_AGENT,58,59,GENERATED
FA_C_026,Miller Panganiban,FA,C,O-Line,,77,302,26,2,COL0126,Falcon Ridge State Tech,2024,,,,UNKNOWN,0,FREE_AGENT,NONE,,FREE_AGENT,62,63,GENERATED
FA_WR_027,Kendrick Tabaracci,FA,WR,Receiver,,73,193,32,8,COL0179,Mount Verity A&M,2018,,,,UNKNOWN,0,FREE_AGENT,NONE,,FREE_AGENT,76,76,GENERATED
FA_OG_028,Warrick Leblanc,FA,OG,O-Line,,74,328,27,3,COL0166,Sablewood College,2023,,,,UNKNOWN,0,FREE_AGENT,NONE,,FREE_AGENT,61,61,GENERATED
FA_CB_029,Tadeo Roundtree,FA,CB,Secondary,,71,190,26,4,COL0248,Winslow Tech,2022,,,,UNKNOWN,0,FREE_AGENT,NONE,,FREE_AGENT,79,80,GENERATED
FA_OT_030,Bexley Redmond,FA,OT,O-Line,,78,286,28,5,COL0213,Ravensburg Tech,2021,,,,UNKNOWN,0,FREE_AGENT,NONE,,FREE_AGENT,52,52,GENERATED
FA_CB_031,Cormac Stallworth,FA,CB,Secondary,,71,188,26,3,COL0043,Northcrest State,2023,,,,UNKNOWN,0,FREE_AGENT,NONE,,FREE_AGENT,62,63,GENERATED
FA_S_032,Fritz Aubert,FA,S,Secondary,,72,199,30,6,COL0079,Iron Gate University,2020,,,,UNKNOWN,0,FREE_AGENT,NONE,,FREE_AGENT,64,64,GENERATED
FA_TE_033,Gage Minshew,FA,TE,Receiver,,77,254,27,4,COL0228,Dunmore A&M,2022,,,,UNKNOWN,0,FREE_AGENT,NONE,,FREE_AGENT,59,59,GENERATED
FA_OT_034,Luka Duckworth,FA,OT,O-Line,,77,286,29,5,COL0069,Silverlake Institute,2021,,,,UNKNOWN,0,FREE_AGENT,NONE,,FREE_AGENT,53,53,GENERATED
FA_FB_035,Brogan Rathman,FA,FB,Backfield,,72,249,32,8,COL0154,Cedar Falls State Tech,2018,,,,UNKNOWN,0,FREE_AGENT,NONE,,FREE_AGENT,57,57,GENERATED
FA_LS_036,Kenyon Wanogho,FA,LS,Specialist,,73,248,28,6,COL0094,Bellhaven Tech,2020,,,,UNKNOWN,0,FREE_AGENT,NONE,,FREE_AGENT,65,65,GENERATED
FA_K_037,Prescott Mbaka,FA,K,Specialist,,71,199,29,7,COL0130,Emberton A&M,2019,,,,UNKNOWN,0,FREE_AGENT,NONE,,FREE_AGENT,64,64,GENERATED
FA_S_038,Duke Gwaltney,FA,S,Secondary,,72,218,26,2,COL0241,Talbot Tech,2024,,,,UNKNOWN,0,FREE_AGENT,NONE,,FREE_AGENT,54,55,GENERATED
FA_WR_039,Reece Brannigan,FA,WR,Receiver,,71,185,27,4,COL0154,Cedar Falls State Tech,2022,,,,UNKNOWN,0,FREE_AGENT,NONE,,FREE_AGENT,68,68,GENERATED
FA_P_040,Isaiah Hathaway,FA,P,Specialist,,74,236,33,11,COL0257,Bramblewood College,2015,,,,UNKNOWN,0,FREE_AGENT,NONE,,FREE_AGENT,65,65,GENERATED
FA_OG_041,Killian Wisniewski,FA,OG,O-Line,,74,316,30,7,COL0079,Iron Gate University,2019,,,,UNKNOWN,0,FREE_AGENT,NONE,,FREE_AGENT,66,66,GENERATED
FA_LB_042,Mekai Lovelace,FA,LB,Front Seven,,75,250,27,4,COL0037,Kelvinridge University,2022,,,,UNKNOWN,0,FREE_AGENT,NONE,,FREE_AGENT,69,69,GENERATED
FA_QB_043,Kane Sagapolutele,FA,QB,Quarterback,,74,224,26,3,COL0182,Mount Verity State Tech,2023,,,,UNKNOWN,0,FREE_AGENT,NONE,,FREE_AGENT,64,65,GENERATED
FA_S_044,Creed Bouchard,FA,S,Secondary,,71,192,28,5,COL0155,Granite Bay State,2021,,,,UNKNOWN,0,FREE_AGENT,NONE,,FREE_AGENT,55,55,GENERATED
FA_WR_045,Zeb Buckhalter,FA,WR,Receiver,,70,199,24,1,COL0077,Cypress Hollow State Tech,2025,,,,UNKNOWN,0,FREE_AGENT,NONE,,FREE_AGENT,51,54,GENERATED
FA_CB_046,Waylon Roache,FA,CB,Secondary,,72,197,31,8,COL0260,Eastvale State,2018,,,,UNKNOWN,0,FREE_AGENT,NONE,,FREE_AGENT,67,67,GENERATED
FA_WR_047,Edison Yoshida,FA,WR,Receiver,,72,189,29,5,COL0214,Ravensburg A&M,2021,,,,UNKNOWN,0,FREE_AGENT,NONE,,FREE_AGENT,70,70,GENERATED
FA_QB_048,Riggs Trevathan,FA,QB,Quarterback,,75,226,33,10,COL0099,Thornfield State,2016,,,,UNKNOWN,0,FREE_AGENT,NONE,,FREE_AGENT,66,66,GENERATED
FA_WR_049,Josiah Benavides,FA,WR,Receiver,,71,202,27,3,COL0221,Foxcroft A&M,2023,,,,UNKNOWN,0,FREE_AGENT,NONE,,FREE_AGENT,73,73,GENERATED
FA_OG_050,Wyatt Gerhardt,FA,OG,O-Line,,74,299,29,7,COL0130,Emberton A&M,2019,,,,UNKNOWN,0,FREE_AGENT,NONE,,FREE_AGENT,61,61,GENERATED
FA_OT_051,Nolan Forsythe,FA,OT,O-Line,,76,312,24,1,COL0031,Stonewell Tech,2025,,,,UNKNOWN,0,FREE_AGENT,NONE,,FREE_AGENT,68,71,GENERATED
FA_C_052,Wolfgang Steinkuhler,FA,C,O-Line,,73,316,28,4,COL0200,Copper Creek A&M,2022,,,,UNKNOWN,0,FREE_AGENT,NONE,,FREE_AGENT,62,62,GENERATED
FA_LB_053,Riggs Cundiff,FA,LB,Front Seven,,73,248,26,2,COL0168,Sablewood State Tech,2024,,,,UNKNOWN,0,FREE_AGENT,NONE,,FREE_AGENT,61,62,GENERATED
FA_LB_054,Jace Tatupu,FA,LB,Front Seven,,74,223,27,3,COL0050,Redbluff State,2023,,,,UNKNOWN,0,FREE_AGENT,NONE,,FREE_AGENT,54,54,GENERATED
FA_DT_055,Roderick Ashby,FA,DT,Front Seven,,73,301,30,8,COL0222,Foxcroft College,2018,,,,UNKNOWN,0,FREE_AGENT,NONE,,FREE_AGENT,55,55,GENERATED
FA_EDGE_056,Nico Hightower,FA,EDGE,Front Seven,,76,269,27,4,COL0230,Dunmore Institute,2022,,,,UNKNOWN,0,FREE_AGENT,NONE,,FREE_AGENT,51,51,GENERATED
FA_RB_057,Malachi Sullivan,FA,RB,Backfield,,69,214,32,9,COL0207,Lakemont A&M,2017,,,,UNKNOWN,0,FREE_AGENT,NONE,,FREE_AGENT,69,69,GENERATED
FA_LS_058,Mikael Kaufusi,FA,LS,Specialist,,77,250,25,2,COL0164,Sablewood Tech,2024,,,,UNKNOWN,0,FREE_AGENT,NONE,,FREE_AGENT,55,57,GENERATED
FA_WR_059,Jericho Steinkuhler,FA,WR,Receiver,,73,207,34,11,COL0218,Foxcroft State,2015,,,,UNKNOWN,0,FREE_AGENT,NONE,,FREE_AGENT,60,60,GENERATED
FA_CB_060,Jaxon Babineaux,FA,CB,Secondary,,71,184,32,8,COL0245,Talbot State Tech,2018,,,,UNKNOWN,0,FREE_AGENT,NONE,,FREE_AGENT,61,61,GENERATED
FA_TE_061,Lowell Wagoner,FA,TE,Receiver,,75,262,25,1,COL0077,Cypress Hollow State Tech,2025,,,,UNKNOWN,0,FREE_AGENT,NONE,,FREE_AGENT,59,61,GENERATED
FA_TE_062,Kavon Schmitz,FA,TE,Receiver,,77,235,25,3,COL0078,Iron Gate State,2023,,,,UNKNOWN,0,FREE_AGENT,NONE,,FREE_AGENT,55,57,GENERATED
FA_WR_063,Simeon Sinnott,FA,WR,Receiver,,70,202,25,1,COL0193,Pinehurst Valley A&M,2025,,,,UNKNOWN,0,FREE_AGENT,NONE,,FREE_AGENT,60,62,GENERATED
FA_OG_064,Sanford Helaire,FA,OG,O-Line,,75,282,35,12,COL0027,Marbury Institute,2014,,,,UNKNOWN,0,FREE_AGENT,NONE,,FREE_AGENT,55,55,GENERATED
FA_LB_065,Santiago Slaughter,FA,LB,Front Seven,,71,241,39,16,COL0210,Lakemont State Tech,2010,,,,UNKNOWN,0,FREE_AGENT,NONE,,FREE_AGENT,61,61,GENERATED
FA_DT_066,Kobe Youngblood,FA,DT,Front Seven,,73,332,30,6,COL0093,Bellhaven University,2020,,,,UNKNOWN,0,FREE_AGENT,NONE,,FREE_AGENT,67,67,GENERATED
FA_S_067,Luca Beauchamp,FA,S,Secondary,,73,209,24,2,COL0197,Copper Creek State,2024,,,,UNKNOWN,0,FREE_AGENT,NONE,,FREE_AGENT,55,58,GENERATED
FA_WR_068,Julius Spielman,FA,WR,Receiver,,68,212,25,1,COL0250,Winslow College,2025,,,,UNKNOWN,0,FREE_AGENT,NONE,,FREE_AGENT,63,65,GENERATED
FA_WR_069,Jabril Doughty,FA,WR,Receiver,,70,191,29,7,COL0165,Sablewood A&M,2019,,,,UNKNOWN,0,FREE_AGENT,NONE,,FREE_AGENT,62,62,GENERATED
FA_P_070,Shaquille Latimore,FA,P,Specialist,,73,195,38,14,COL0075,Cypress Hollow College,2012,,,,UNKNOWN,0,FREE_AGENT,NONE,,FREE_AGENT,76,76,GENERATED
FA_CB_071,Cassian Hockenson,FA,CB,Secondary,,70,198,29,5,COL0118,Kingsbridge Institute,2021,,,,UNKNOWN,0,FREE_AGENT,NONE,,FREE_AGENT,56,56,GENERATED
FA_EDGE_072,Creed Cromartie,FA,EDGE,Front Seven,,78,271,32,8,COL0220,Foxcroft Tech,2018,,,,UNKNOWN,0,FREE_AGENT,NONE,,FREE_AGENT,73,73,GENERATED
FA_CB_073,Fabian Mascarenas,FA,CB,Secondary,,69,195,29,5,COL0001,Calderwood State,2021,,,,UNKNOWN,0,FREE_AGENT,NONE,,FREE_AGENT,70,70,GENERATED
FA_CB_074,Zamir Stallworth,FA,CB,Secondary,,70,212,29,7,COL0173,Harrowgate College,2019,,,,UNKNOWN,0,FREE_AGENT,NONE,,FREE_AGENT,72,72,GENERATED
FA_DT_075,Joaquin Kelleher,FA,DT,Front Seven,,74,314,33,10,COL0143,Whitepine Tech,2016,,,,UNKNOWN,0,FREE_AGENT,NONE,,FREE_AGENT,62,62,GENERATED
FA_EDGE_076,Jamari Winchester,FA,EDGE,Front Seven,,74,245,29,7,COL0112,Quarry Hill State Tech,2019,,,,UNKNOWN,0,FREE_AGENT,NONE,,FREE_AGENT,54,54,GENERATED
FA_CB_077,Odin Hepburn,FA,CB,Secondary,,71,205,39,16,COL0088,Westmoor A&M,2010,,,,UNKNOWN,0,FREE_AGENT,NONE,,FREE_AGENT,67,67,GENERATED
FA_CB_078,Chase Trevathan,FA,CB,Secondary,,68,190,32,8,COL0209,Lakemont Institute,2018,,,,UNKNOWN,0,FREE_AGENT,NONE,,FREE_AGENT,70,70,GENERATED
FA_WR_079,Redmond Flannery,FA,WR,Receiver,,69,182,32,8,COL0134,Larkspur State,2018,,,,UNKNOWN,0,FREE_AGENT,NONE,,FREE_AGENT,54,54,GENERATED
FA_OT_080,Tyree Berrios,FA,OT,O-Line,,77,303,27,5,COL0058,Havenport University,2021,,,,UNKNOWN,0,FREE_AGENT,NONE,,FREE_AGENT,63,63,GENERATED
FA_EDGE_081,Kwame Cadwell,FA,EDGE,Front Seven,,74,241,26,2,COL0164,Sablewood Tech,2024,,,,UNKNOWN,0,FREE_AGENT,NONE,,FREE_AGENT,68,69,GENERATED
FA_TE_082,Zebulon Radcliffe,FA,TE,Receiver,,76,243,26,3,COL0244,Talbot Institute,2023,,,,UNKNOWN,0,FREE_AGENT,NONE,,FREE_AGENT,59,60,GENERATED
FA_WR_083,Kavion Lanphier,FA,WR,Receiver,,73,193,24,1,COL0047,Northcrest College,2025,,,,UNKNOWN,0,FREE_AGENT,NONE,,FREE_AGENT,71,74,GENERATED
FA_WR_084,Ibrahim Crouch,FA,WR,Receiver,,73,225,37,15,COL0259,Bramblewood State Tech,2011,,,,UNKNOWN,0,FREE_AGENT,NONE,,FREE_AGENT,68,68,GENERATED
FA_DT_085,Forrest Lindstrom,FA,DT,Front Seven,,72,290,31,7,COL0189,Sunderland State Tech,2019,,,,UNKNOWN,0,FREE_AGENT,NONE,,FREE_AGENT,56,56,GENERATED
FA_DT_086,Grady Fleener,FA,DT,Front Seven,,76,303,25,3,COL0186,Sunderland A&M,2023,,,,UNKNOWN,0,FREE_AGENT,NONE,,FREE_AGENT,60,62,GENERATED
FA_QB_087,Ivan Fulmer,FA,QB,Quarterback,,73,218,30,6,COL0128,Emberton University,2020,,,,UNKNOWN,0,FREE_AGENT,NONE,,FREE_AGENT,60,60,GENERATED
FA_CB_088,Kamari Saffold,FA,CB,Secondary,,73,184,29,7,COL0174,Harrowgate Institute,2019,,,,UNKNOWN,0,FREE_AGENT,NONE,,FREE_AGENT,69,69,GENERATED
FA_QB_089,Zico Kirkpatrick,FA,QB,Quarterback,,72,231,38,14,COL0024,Marbury Tech,2012,,,,UNKNOWN,0,FREE_AGENT,NONE,,FREE_AGENT,60,60,GENERATED
FA_S_090,Hutch Helaire,FA,S,Secondary,,71,194,25,2,COL0044,Northcrest University,2024,,,,UNKNOWN,0,FREE_AGENT,NONE,,FREE_AGENT,59,61,GENERATED
FA_OG_091,Uriah Verrett,FA,OG,O-Line,,75,316,25,2,COL0146,Whitepine Institute,2024,,,,UNKNOWN,0,FREE_AGENT,NONE,,FREE_AGENT,56,58,GENERATED
FA_WR_092,Stellan Tonyan,FA,WR,Receiver,,70,186,29,7,COL0103,Thornfield College,2019,,,,UNKNOWN,0,FREE_AGENT,NONE,,FREE_AGENT,68,68,GENERATED
FA_WR_093,Jarrett Haddad,FA,WR,Receiver,,69,185,30,6,COL0095,Bellhaven A&M,2020,,,,UNKNOWN,0,FREE_AGENT,NONE,,FREE_AGENT,64,64,GENERATED
FA_OG_094,Wesson Owusu,FA,OG,O-Line,,76,318,31,7,COL0131,Emberton College,2019,,,,UNKNOWN,0,FREE_AGENT,NONE,,FREE_AGENT,66,66,GENERATED
FA_EDGE_095,Peyson Killebrew,FA,EDGE,Front Seven,,77,243,27,3,COL0219,Foxcroft University,2023,,,,UNKNOWN,0,FREE_AGENT,NONE,,FREE_AGENT,58,58,GENERATED
FA_QB_096,Sable Hightower,FA,QB,Quarterback,,73,215,24,2,COL0231,Dunmore State Tech,2024,,,,UNKNOWN,0,FREE_AGENT,NONE,,FREE_AGENT,61,64,GENERATED
FA_DT_097,Chase Markham,FA,DT,Front Seven,,76,314,36,12,COL0055,Redbluff Institute,2014,,,,UNKNOWN,0,FREE_AGENT,NONE,,FREE_AGENT,62,62,GENERATED
FA_TE_098,Tanner Maunakea,FA,TE,Receiver,,77,252,37,14,COL0154,Cedar Falls State Tech,2012,,,,UNKNOWN,0,FREE_AGENT,NONE,,FREE_AGENT,58,58,GENERATED
FA_WR_099,Auden Yancey,FA,WR,Receiver,,71,202,28,6,COL0035,Stonewell State Tech,2020,,,,UNKNOWN,0,FREE_AGENT,NONE,,FREE_AGENT,59,59,GENERATED
FA_OG_100,Sable Longacre,FA,OG,O-Line,,75,342,29,5,COL0189,Sunderland State Tech,2021,,,,UNKNOWN,0,FREE_AGENT,NONE,,FREE_AGENT,69,69,GENERATED
FA_P_101,Nolan Skowronek,FA,P,Specialist,,75,209,39,15,COL0137,Larkspur A&M,2011,,,,UNKNOWN,0,FREE_AGENT,NONE,,FREE_AGENT,68,68,GENERATED
FA_LB_102,Granger Brannigan,FA,LB,Front Seven,,72,252,27,4,COL0176,Mount Verity State,2022,,,,UNKNOWN,0,FREE_AGENT,NONE,,FREE_AGENT,67,67,GENERATED
FA_DT_103,Knox Delacruz,FA,DT,Front Seven,,77,332,28,6,COL0084,Iron Gate State Tech,2020,,,,UNKNOWN,0,FREE_AGENT,NONE,,FREE_AGENT,52,52,GENERATED
FA_CB_104,Juelz Priestley,FA,CB,Secondary,,68,165,30,6,COL0210,Lakemont State Tech,2020,,,,UNKNOWN,0,FREE_AGENT,NONE,,FREE_AGENT,66,66,GENERATED
FA_DT_105,Emeka Fetterman,FA,DT,Front Seven,,76,297,24,2,COL0026,Marbury College,2024,,,,UNKNOWN,0,FREE_AGENT,NONE,,FREE_AGENT,60,63,GENERATED
FA_EDGE_106,Ludwig Schmitz,FA,EDGE,Front Seven,,76,270,29,5,COL0221,Foxcroft A&M,2021,,,,UNKNOWN,0,FREE_AGENT,NONE,,FREE_AGENT,65,65,GENERATED
FA_RB_107,Jomari Purifoy,FA,RB,Backfield,,67,211,26,2,COL0055,Redbluff Institute,2024,,,,UNKNOWN,0,FREE_AGENT,NONE,,FREE_AGENT,58,59,GENERATED
FA_C_108,Jabril Judkins,FA,C,O-Line,,73,307,28,4,COL0144,Whitepine A&M,2022,,,,UNKNOWN,0,FREE_AGENT,NONE,,FREE_AGENT,58,58,GENERATED
FA_C_109,Maverick Belanger,FA,C,O-Line,,75,292,32,10,COL0172,Harrowgate A&M,2016,,,,UNKNOWN,0,FREE_AGENT,NONE,,FREE_AGENT,61,61,GENERATED
FA_S_110,Nikolai Dumervil,FA,S,Secondary,,74,224,32,8,COL0118,Kingsbridge Institute,2018,,,,UNKNOWN,0,FREE_AGENT,NONE,,FREE_AGENT,71,71,GENERATED
FA_CB_111,Thelonious Dupree,FA,CB,Secondary,,70,195,26,4,COL0096,Bellhaven College,2022,,,,UNKNOWN,0,FREE_AGENT,NONE,,FREE_AGENT,69,70,GENERATED
FA_WR_112,Palmer Dashiell,FA,WR,Receiver,,73,196,31,7,COL0090,Westmoor Institute,2019,,,,UNKNOWN,0,FREE_AGENT,NONE,,FREE_AGENT,67,67,GENERATED
FA_S_113,Neville Smallwood,FA,S,Secondary,,72,212,39,16,COL0067,Silverlake A&M,2010,,,,UNKNOWN,0,FREE_AGENT,NONE,,FREE_AGENT,70,70,GENERATED
FA_RB_114,Briggs Ovadia,FA,RB,Backfield,,68,216,28,4,COL0067,Silverlake A&M,2022,,,,UNKNOWN,0,FREE_AGENT,NONE,,FREE_AGENT,72,72,GENERATED
FA_EDGE_115,Finnian Colwell,FA,EDGE,Front Seven,,74,286,32,8,COL0163,Sablewood University,2018,,,,UNKNOWN,0,FREE_AGENT,NONE,,FREE_AGENT,65,65,GENERATED
FA_C_116,Cooper Ledbetter,FA,C,O-Line,,74,318,26,4,COL0146,Whitepine Institute,2022,,,,UNKNOWN,0,FREE_AGENT,NONE,,FREE_AGENT,64,65,GENERATED
FA_TE_117,Milo Desormeaux,FA,TE,Receiver,,79,244,24,2,COL0052,Redbluff Tech,2024,,,,UNKNOWN,0,FREE_AGENT,NONE,,FREE_AGENT,59,62,GENERATED
FA_LB_118,Vicente Tindall,FA,LB,Front Seven,,75,242,24,1,COL0072,Cypress Hollow University,2025,,,,UNKNOWN,0,FREE_AGENT,NONE,,FREE_AGENT,73,76,GENERATED
FA_EDGE_119,Damarion Prioleau,FA,EDGE,Front Seven,,73,268,29,5,COL0099,Thornfield State,2021,,,,UNKNOWN,0,FREE_AGENT,NONE,,FREE_AGENT,62,62,GENERATED
FA_WR_120,Sergio Stockton,FA,WR,Receiver,,71,167,26,4,COL0070,Silverlake State Tech,2022,,,,UNKNOWN,0,FREE_AGENT,NONE,,FREE_AGENT,66,67,GENERATED
FA_LS_121,Garland Brockman,FA,LS,Specialist,,74,250,25,3,COL0244,Talbot Institute,2023,,,,UNKNOWN,0,FREE_AGENT,NONE,,FREE_AGENT,68,70,GENERATED
FA_P_122,Garrett Wagoner,FA,P,Specialist,,73,208,39,16,COL0202,Copper Creek Institute,2010,,,,UNKNOWN,0,FREE_AGENT,NONE,,FREE_AGENT,60,60,GENERATED
FA_TE_123,Riordan Weatherspoon,FA,TE,Receiver,,77,224,25,3,COL0243,Talbot College,2023,,,,UNKNOWN,0,FREE_AGENT,NONE,,FREE_AGENT,62,64,GENERATED
FA_LB_124,Dashawn Philbeck,FA,LB,Front Seven,,77,231,27,4,COL0094,Bellhaven Tech,2022,,,,UNKNOWN,0,FREE_AGENT,NONE,,FREE_AGENT,59,59,GENERATED
FA_EDGE_125,Rocky Drayton,FA,EDGE,Front Seven,,76,272,28,6,COL0153,Cedar Falls Institute,2020,,,,UNKNOWN,0,FREE_AGENT,NONE,,FREE_AGENT,53,53,GENERATED
FA_CB_126,Percival Verrett,FA,CB,Secondary,,70,195,32,8,COL0174,Harrowgate Institute,2018,,,,UNKNOWN,0,FREE_AGENT,NONE,,FREE_AGENT,69,69,GENERATED
FA_WR_127,Saul Whitehurst,FA,WR,Receiver,,71,198,25,2,COL0021,Ashfield State Tech,2024,,,,UNKNOWN,0,FREE_AGENT,NONE,,FREE_AGENT,64,66,GENERATED
FA_LB_128,Redmond Whitcomb,FA,LB,Front Seven,,74,215,29,6,COL0125,Falcon Ridge Institute,2020,,,,UNKNOWN,0,FREE_AGENT,NONE,,FREE_AGENT,64,64,GENERATED
FA_DT_129,Pierson Lenoir,FA,DT,Front Seven,,73,303,39,16,COL0085,Westmoor State,2010,,,,UNKNOWN,0,FREE_AGENT,NONE,,FREE_AGENT,62,62,GENERATED
FA_S_130,Lonnie Kanell,FA,S,Secondary,,71,195,35,11,COL0027,Marbury Institute,2015,,,,UNKNOWN,0,FREE_AGENT,NONE,,FREE_AGENT,57,57,GENERATED
FA_DT_131,Fitz Carmody,FA,DT,Front Seven,,77,323,32,8,COL0103,Thornfield College,2018,,,,UNKNOWN,0,FREE_AGENT,NONE,,FREE_AGENT,65,65,GENERATED
FA_WR_132,Gaspard Varnadore,FA,WR,Receiver,,73,202,35,11,COL0012,Fort Grayson College,2015,,,,UNKNOWN,0,FREE_AGENT,NONE,,FREE_AGENT,73,73,GENERATED
FA_LB_133,Tyrell Warrick,FA,LB,Front Seven,,72,231,25,1,COL0053,Redbluff A&M,2025,,,,UNKNOWN,0,FREE_AGENT,NONE,,FREE_AGENT,69,71,GENERATED
FA_OG_134,Stefano Colavito,FA,OG,O-Line,,78,318,39,16,COL0259,Bramblewood State Tech,2010,,,,UNKNOWN,0,FREE_AGENT,NONE,,FREE_AGENT,60,60,GENERATED
FA_QB_135,Orion Restrepo,FA,QB,Quarterback,,72,225,25,3,COL0025,Marbury A&M,2023,,,,UNKNOWN,0,FREE_AGENT,NONE,,FREE_AGENT,59,61,GENERATED
FA_EDGE_136,Simeon Thistlewood,FA,EDGE,Front Seven,,74,278,30,7,COL0243,Talbot College,2019,,,,UNKNOWN,0,FREE_AGENT,NONE,,FREE_AGENT,56,56,GENERATED
FA_DT_137,Esteban Maunakea,FA,DT,Front Seven,,75,309,30,7,COL0256,Bramblewood A&M,2019,,,,UNKNOWN,0,FREE_AGENT,NONE,,FREE_AGENT,66,66,GENERATED
FA_OG_138,Rowan Callender,FA,OG,O-Line,,76,334,24,1,COL0135,Larkspur University,2025,,,,UNKNOWN,0,FREE_AGENT,NONE,,FREE_AGENT,62,65,GENERATED
FA_RB_139,Arch Ashby,FA,RB,Backfield,,67,232,24,2,COL0076,Cypress Hollow Institute,2024,,,,UNKNOWN,0,FREE_AGENT,NONE,,FREE_AGENT,69,72,GENERATED
FA_RB_140,Teagan Braithwaite,FA,RB,Backfield,,70,213,26,2,COL0253,Bramblewood State,2024,,,,UNKNOWN,0,FREE_AGENT,NONE,,FREE_AGENT,49,50,GENERATED
FA_DT_141,Bodhi Slocum,FA,DT,Front Seven,,75,288,31,7,COL0072,Cypress Hollow University,2019,,,,UNKNOWN,0,FREE_AGENT,NONE,,FREE_AGENT,66,66,GENERATED
FA_OT_142,Radcliffe Lombardo,FA,OT,O-Line,,77,297,33,10,COL0039,Kelvinridge A&M,2016,,,,UNKNOWN,0,FREE_AGENT,NONE,,FREE_AGENT,65,65,GENERATED
FA_LB_143,Tavian Selvie,FA,LB,Front Seven,,75,234,26,4,COL0034,Stonewell Institute,2022,,,,UNKNOWN,0,FREE_AGENT,NONE,,FREE_AGENT,65,66,GENERATED
FA_TE_144,Lawson Fitzhugh,FA,TE,Receiver,,77,251,27,3,COL0142,Whitepine University,2023,,,,UNKNOWN,0,FREE_AGENT,NONE,,FREE_AGENT,62,62,GENERATED
FA_WR_145,Trenton Hammersley,FA,WR,Receiver,,70,175,26,4,COL0085,Westmoor State,2022,,,,UNKNOWN,0,FREE_AGENT,NONE,,FREE_AGENT,62,63,GENERATED
FA_CB_146,Jesse Billups,FA,CB,Secondary,,70,193,30,6,COL0123,Falcon Ridge A&M,2020,,,,UNKNOWN,0,FREE_AGENT,NONE,,FREE_AGENT,70,70,GENERATED
FA_RB_147,Uriah Prioleau,FA,RB,Backfield,,70,203,26,3,COL0141,Whitepine State,2023,,,,UNKNOWN,0,FREE_AGENT,NONE,,FREE_AGENT,61,62,GENERATED
FA_EDGE_148,Jaheim Dillard,FA,EDGE,Front Seven,,77,250,30,8,COL0148,Cedar Falls State,2018,,,,UNKNOWN,0,FREE_AGENT,NONE,,FREE_AGENT,56,56,GENERATED
FA_QB_149,Lars Darboe,FA,QB,Quarterback,,75,229,29,5,COL0015,Ashfield State,2021,,,,UNKNOWN,0,FREE_AGENT,NONE,,FREE_AGENT,50,50,GENERATED
FA_EDGE_150,Roderick Bagwell,FA,EDGE,Front Seven,,78,256,27,4,COL0042,Kelvinridge State Tech,2022,,,,UNKNOWN,0,FREE_AGENT,NONE,,FREE_AGENT,52,52,GENERATED
FA_CB_151,Brogan Pastrana,FA,CB,Secondary,,73,184,33,9,COL0198,Copper Creek University,2017,,,,UNKNOWN,0,FREE_AGENT,NONE,,FREE_AGENT,84,84,GENERATED
FA_S_152,Hadley Dunleavy,FA,S,Secondary,,71,205,30,6,COL0077,Cypress Hollow State Tech,2020,,,,UNKNOWN,0,FREE_AGENT,NONE,,FREE_AGENT,75,75,GENERATED
FA_DT_153,Dupree Casillas,FA,DT,Front Seven,,76,316,28,4,COL0180,Mount Verity College,2022,,,,UNKNOWN,0,FREE_AGENT,NONE,,FREE_AGENT,67,67,GENERATED
FA_FB_154,Bishop Wyckoff,FA,FB,Backfield,,70,236,33,10,COL0196,Pinehurst Valley State Tech,2016,,,,UNKNOWN,0,FREE_AGENT,NONE,,FREE_AGENT,65,65,GENERATED
FA_WR_155,Emory Puglisi,FA,WR,Receiver,,70,226,28,6,COL0254,Bramblewood University,2020,,,,UNKNOWN,0,FREE_AGENT,NONE,,FREE_AGENT,60,60,GENERATED
FA_EDGE_156,Chevy Berrios,FA,EDGE,Front Seven,,74,243,28,5,COL0219,Foxcroft University,2021,,,,UNKNOWN,0,FREE_AGENT,NONE,,FREE_AGENT,57,57,GENERATED
FA_TE_157,Carlisle Wamsley,FA,TE,Receiver,,77,242,26,4,COL0050,Redbluff State,2022,,,,UNKNOWN,0,FREE_AGENT,NONE,,FREE_AGENT,66,67,GENERATED
FA_CB_158,Adair Withersby,FA,CB,Secondary,,72,180,27,3,COL0200,Copper Creek A&M,2023,,,,UNKNOWN,0,FREE_AGENT,NONE,,FREE_AGENT,54,54,GENERATED
FA_LB_159,Finnian Bowersox,FA,LB,Front Seven,,75,243,23,1,COL0077,Cypress Hollow State Tech,2025,,,,UNKNOWN,0,FREE_AGENT,NONE,,FREE_AGENT,73,77,GENERATED
FA_TE_160,Ambrose Linscomb,FA,TE,Receiver,,76,253,29,5,COL0175,Harrowgate State Tech,2021,,,,UNKNOWN,0,FREE_AGENT,NONE,,FREE_AGENT,69,69,GENERATED
FA_WR_161,Malcolm Milliner,FA,WR,Receiver,,69,213,26,2,COL0108,Quarry Hill Tech,2024,,,,UNKNOWN,0,FREE_AGENT,NONE,,FREE_AGENT,71,72,GENERATED
FA_CB_162,Lucian Waskiewicz,FA,CB,Secondary,,70,184,25,2,COL0022,Marbury State,2024,,,,UNKNOWN,0,FREE_AGENT,NONE,,FREE_AGENT,57,59,GENERATED
FA_OG_163,Roscoe Rathman,FA,OG,O-Line,,74,314,32,9,COL0175,Harrowgate State Tech,2017,,,,UNKNOWN,0,FREE_AGENT,NONE,,FREE_AGENT,58,58,GENERATED
FA_EDGE_164,Antoine Bledsoe,FA,EDGE,Front Seven,,73,259,29,5,COL0001,Calderwood State,2021,,,,UNKNOWN,0,FREE_AGENT,NONE,,FREE_AGENT,58,58,GENERATED
FA_DT_165,Alden Lowery,FA,DT,Front Seven,,73,269,27,3,COL0006,Calderwood Institute,2023,,,,UNKNOWN,0,FREE_AGENT,NONE,,FREE_AGENT,58,58,GENERATED
FA_OG_166,Octavio Vinovich,FA,OG,O-Line,,75,336,30,8,COL0185,Sunderland Tech,2018,,,,UNKNOWN,0,FREE_AGENT,NONE,,FREE_AGENT,73,73,GENERATED
FA_CB_167,Wilder Ratliff,FA,CB,Secondary,,70,188,31,7,COL0150,Cedar Falls Tech,2019,,,,UNKNOWN,0,FREE_AGENT,NONE,,FREE_AGENT,61,61,GENERATED
FA_RB_168,Tillman Hinkley,FA,RB,Backfield,,69,218,26,2,COL0104,Thornfield Institute,2024,,,,UNKNOWN,0,FREE_AGENT,NONE,,FREE_AGENT,71,72,GENERATED
FA_DT_169,Ruben Hagerty,FA,DT,Front Seven,,74,307,27,3,COL0168,Sablewood State Tech,2023,,,,UNKNOWN,0,FREE_AGENT,NONE,,FREE_AGENT,60,60,GENERATED
FA_DT_170,Lowell Cavanaugh,FA,DT,Front Seven,,76,290,33,10,COL0059,Havenport Tech,2016,,,,UNKNOWN,0,FREE_AGENT,NONE,,FREE_AGENT,57,57,GENERATED
FA_WR_171,Onyx Hathaway,FA,WR,Receiver,,70,243,28,5,COL0148,Cedar Falls State,2021,,,,UNKNOWN,0,FREE_AGENT,NONE,,FREE_AGENT,59,59,GENERATED
FA_WR_172,Wilkes Waterhouse,FA,WR,Receiver,,68,200,31,9,COL0045,Northcrest Tech,2017,,,,UNKNOWN,0,FREE_AGENT,NONE,,FREE_AGENT,66,66,GENERATED
FA_OG_173,Elian Estrada,FA,OG,O-Line,,77,323,23,1,COL0168,Sablewood State Tech,2025,,,,UNKNOWN,0,FREE_AGENT,NONE,,FREE_AGENT,60,64,GENERATED
FA_OG_174,Conrad Whitehurst,FA,OG,O-Line,,75,316,30,8,COL0091,Westmoor State Tech,2018,,,,UNKNOWN,0,FREE_AGENT,NONE,,FREE_AGENT,69,69,GENERATED
FA_TE_175,Emory Melchior,FA,TE,Receiver,,76,273,31,8,COL0025,Marbury A&M,2018,,,,UNKNOWN,0,FREE_AGENT,NONE,,FREE_AGENT,66,66,GENERATED
FA_OG_176,Simeon Danforth,FA,OG,O-Line,,74,296,26,3,COL0221,Foxcroft A&M,2023,,,,UNKNOWN,0,FREE_AGENT,NONE,,FREE_AGENT,59,60,GENERATED
FA_WR_177,Houston Egbuna,FA,WR,Receiver,,71,216,28,6,COL0253,Bramblewood State,2020,,,,UNKNOWN,0,FREE_AGENT,NONE,,FREE_AGENT,58,58,GENERATED
FA_C_178,Creed Plunkett,FA,C,O-Line,,74,300,33,10,COL0079,Iron Gate University,2016,,,,UNKNOWN,0,FREE_AGENT,NONE,,FREE_AGENT,54,54,GENERATED
FA_OT_179,Augustus Vanderveer,FA,OT,O-Line,,78,322,30,7,COL0169,Harrowgate State,2019,,,,UNKNOWN,0,FREE_AGENT,NONE,,FREE_AGENT,66,66,GENERATED
FA_RB_180,Monte Dalrymple,FA,RB,Backfield,,70,187,30,6,COL0173,Harrowgate College,2020,,,,UNKNOWN,0,FREE_AGENT,NONE,,FREE_AGENT,52,52,GENERATED
FA_S_181,Duncan Lessard,FA,S,Secondary,,73,210,26,3,COL0002,Calderwood University,2023,,,,UNKNOWN,0,FREE_AGENT,NONE,,FREE_AGENT,74,75,GENERATED
FA_EDGE_182,Hakeem Merriweather,FA,EDGE,Front Seven,,75,294,27,4,COL0166,Sablewood College,2022,,,,UNKNOWN,0,FREE_AGENT,NONE,,FREE_AGENT,76,76,GENERATED
FA_OG_183,Camden Tegeler,FA,OG,O-Line,,78,338,28,4,COL0196,Pinehurst Valley State Tech,2022,,,,UNKNOWN,0,FREE_AGENT,NONE,,FREE_AGENT,56,56,GENERATED
FA_DT_184,Augustus Judkins,FA,DT,Front Seven,,75,310,38,16,COL0040,Kelvinridge College,2010,,,,UNKNOWN,0,FREE_AGENT,NONE,,FREE_AGENT,61,61,GENERATED
FA_TE_185,Eli Mascarenas,FA,TE,Receiver,,77,249,27,3,COL0130,Emberton A&M,2023,,,,UNKNOWN,0,FREE_AGENT,NONE,,FREE_AGENT,69,69,GENERATED
FA_RB_186,Ridge Alderman,FA,RB,Backfield,,70,214,26,2,COL0078,Iron Gate State,2024,,,,UNKNOWN,0,FREE_AGENT,NONE,,FREE_AGENT,60,61,GENERATED
