team_id,player_id,position,jersey_number,roster_status,designation,depth_rank,acquisition_type,acquisition_year,active_status,data_class
BUF,BUF_QB_01,QB,59,ACTIVE,NONE,1,FREE_AGENCY,2013,1,GENERATED
BUF,BUF_QB_02,QB,93,ACTIVE,NONE,2,WAIVER_CLAIM,2026,1,GENERATED
BUF,BUF_QB_03,QB,99,PRACTICE_SQUAD_CANDIDATE,NONE,3,DRAFT,2024,0,GENERATED
BUF,BUF_QB_04,QB,12,CAMP_BODY,NONE,4,FREE_AGENCY,2022,0,GENERATED
BUF,BUF_RB_01,RB,63,ACTIVE,NONE,1,FREE_AGENCY,2020,1,GENERATED
BUF,BUF_RB_02,RB,85,ACTIVE,NONE,2,FREE_AGENCY,2026,1,GENERATED
BUF,BUF_RB_03,RB,60,ACTIVE,NONE,3,DRAFT,2026,1,GENERATED
BUF,BUF_RB_04,RB,62,PRACTICE_SQUAD_CANDIDATE,NONE,4,DRAFT,2026,0,GENERATED
BUF,BUF_RB_05,RB,10,CAMP_BODY,PUP,5,UDFA_SIGNING,2026,0,GENERATED
BUF,BUF_FB_01,FB,80,ACTIVE,NONE,1,FREE_AGENCY,2024,1,GENERATED
BUF,BUF_WR_01,WR,90,ACTIVE,DAY_TO_DAY,1,WAIVER_CLAIM,2018,1,GENERATED
BUF,BUF_WR_02,WR,77,ACTIVE,NONE,2,DRAFT,2025,1,GENERATED
BUF,BUF_WR_03,WR,6,ACTIVE,NONE,3,DRAFT,2025,1,GENERATED
BUF,BUF_WR_04,WR,19,ACTIVE,DAY_TO_DAY,4,DRAFT,2023,1,GENERATED
BUF,BUF_WR_05,WR,44,ACTIVE,NONE,5,DRAFT,2024,1,GENERATED
BUF,BUF_WR_06,WR,76,ACTIVE,NONE,6,DRAFT,2025,1,GENERATED
BUF,BUF_WR_07,WR,52,PRACTICE_SQUAD_CANDIDATE,NONE,7,DRAFT,2025,0,GENERATED
BUF,BUF_WR_08,WR,96,PRACTICE_SQUAD_CANDIDATE,NONE,8,UDFA_SIGNING,2026,0,GENERATED
BUF,BUF_WR_09,WR,31,CAMP_BODY,NONE,9,DRAFT,2026,0,GENERATED
BUF,BUF_WR_10,WR,26,CAMP_BODY,NONE,10,UDFA_SIGNING,2026,0,GENERATED
BUF,BUF_WR_11,WR,16,CAMP_BODY,NONE,11,UDFA_SIGNING,2025,0,GENERATED
BUF,BUF_TE_01,TE,67,ACTIVE,NONE,1,FREE_AGENCY,2019,1,GENERATED
BUF,BUF_TE_02,TE,98,ACTIVE,NONE,2,DRAFT,2025,1,GENERATED
BUF,BUF_TE_03,TE,56,ACTIVE,NONE,3,WAIVER_CLAIM,2025,1,GENERATED
BUF,BUF_TE_04,TE,79,PRACTICE_SQUAD_CANDIDATE,NONE,4,DRAFT,2024,0,GENERATED
BUF,BUF_TE_05,TE,33,CAMP_BODY,NONE,5,DRAFT,2024,0,GENERATED
BUF,BUF_TE_06,TE,2,CAMP_BODY,NONE,6,UDFA_SIGNING,2026,0,GENERATED
BUF,BUF_OT_01,OT,8,ACTIVE,NONE,1,DRAFT,2026,1,GENERATED
BUF,BUF_OT_02,OT,38,ACTIVE,NONE,2,FREE_AGENCY,2021,1,GENERATED
BUF,BUF_OT_03,OT,36,ACTIVE,NONE,3,DRAFT,2024,1,GENERATED
BUF,BUF_OT_04,OT,3,ACTIVE,DAY_TO_DAY,4,FREE_AGENCY,2024,1,GENERATED
BUF,BUF_OT_05,OT,83,PRACTICE_SQUAD_CANDIDATE,NONE,5,TRADE,2025,0,GENERATED
BUF,BUF_OT_06,OT,46,CAMP_BODY,PUP,6,DRAFT,2025,0,GENERATED
BUF,BUF_OG_01,OG,58,ACTIVE,NONE,1,DRAFT,2025,1,GENERATED
BUF,BUF_OG_02,OG,87,ACTIVE,NONE,2,DRAFT,2026,1,GENERATED
BUF,BUF_OG_03,OG,74,ACTIVE,NONE,3,WAIVER_CLAIM,2025,1,GENERATED
BUF,BUF_OG_04,OG,86,ACTIVE,IR,4,WAIVER_CLAIM,2023,0,GENERATED
BUF,BUF_OG_05,OG,11,PRACTICE_SQUAD_CANDIDATE,NONE,5,UDFA_SIGNING,2025,0,GENERATED
BUF,BUF_OG_06,OG,57,CAMP_BODY,NONE,6,DRAFT,2025,0,GENERATED
BUF,BUF_C_01,C,55,ACTIVE,NONE,1,DRAFT,2025,1,GENERATED
BUF,BUF_C_02,C,88,ACTIVE,NONE,2,UDFA_SIGNING,2026,1,GENERATED
BUF,BUF_C_03,C,21,PRACTICE_SQUAD_CANDIDATE,PUP,3,FREE_AGENCY,2021,0,GENERATED
BUF,BUF_EDGE_01,EDGE,72,ACTIVE,NONE,1,DRAFT,2025,1,GENERATED
BUF,BUF_EDGE_02,EDGE,95,ACTIVE,NONE,2,DRAFT,2026,1,GENERATED
BUF,BUF_EDGE_03,EDGE,13,ACTIVE,NONE,3,RE_SIGNED,2026,1,GENERATED
BUF,BUF_EDGE_04,EDGE,66,ACTIVE,IR,4,FREE_AGENCY,2025,0,GENERATED
BUF,BUF_EDGE_05,EDGE,4,ACTIVE,NONE,5,DRAFT,2025,1,GENERATED
BUF,BUF_EDGE_06,EDGE,32,PRACTICE_SQUAD_CANDIDATE,NONE,6,UDFA_SIGNING,2025,0,GENERATED
BUF,BUF_EDGE_07,EDGE,97,PRACTICE_SQUAD_CANDIDATE,NONE,7,DRAFT,2024,0,GENERATED
BUF,BUF_EDGE_08,EDGE,89,CAMP_BODY,NONE,8,DRAFT,2025,0,GENERATED
BUF,BUF_EDGE_09,EDGE,68,CAMP_BODY,NONE,9,UDFA_SIGNING,2025,0,GENERATED
BUF,BUF_DT_01,DT,91,ACTIVE,NONE,1,FREE_AGENCY,2021,1,GENERATED
BUF,BUF_DT_02,DT,29,ACTIVE,NONE,2,DRAFT,2024,1,GENERATED
BUF,BUF_DT_03,DT,1,ACTIVE,DAY_TO_DAY,3,DRAFT,2025,1,GENERATED
BUF,BUF_DT_04,DT,61,ACTIVE,NONE,4,RE_SIGNED,2022,1,GENERATED
BUF,BUF_DT_05,DT,27,ACTIVE,NONE,5,DRAFT,2025,1,GENERATED
BUF,BUF_DT_06,DT,43,PRACTICE_SQUAD_CANDIDATE,NONE,6,DRAFT,2024,0,GENERATED
BUF,BUF_DT_07,DT,81,CAMP_BODY,NONE,7,UDFA_SIGNING,2026,0,GENERATED
BUF,BUF_DT_08,DT,78,CAMP_BODY,NONE,8,DRAFT,2026,0,GENERATED
BUF,BUF_LB_01,LB,5,ACTIVE,NONE,1,TRADE,2024,1,GENERATED
BUF,BUF_LB_02,LB,15,ACTIVE,NONE,2,DRAFT,2025,1,GENERATED
BUF,BUF_LB_03,LB,42,ACTIVE,NONE,3,UDFA_SIGNING,2025,1,GENERATED
BUF,BUF_LB_04,LB,9,ACTIVE,NONE,4,DRAFT,2026,1,GENERATED
BUF,BUF_LB_05,LB,82,ACTIVE,NONE,5,WAIVER_CLAIM,2021,1,GENERATED
BUF,BUF_LB_06,LB,84,PRACTICE_SQUAD_CANDIDATE,NONE,6,DRAFT,2025,0,GENERATED
BUF,BUF_LB_07,LB,17,CAMP_BODY,DAY_TO_DAY,7,UDFA_SIGNING,2026,0,GENERATED
BUF,BUF_LB_08,LB,35,CAMP_BODY,DAY_TO_DAY,8,DRAFT,2026,0,GENERATED
BUF,BUF_CB_01,CB,51,ACTIVE,NONE,1,WAIVER_CLAIM,2021,1,GENERATED
BUF,BUF_CB_02,CB,75,ACTIVE,NONE,2,DRAFT,2025,1,GENERATED
BUF,BUF_CB_03,CB,48,ACTIVE,NONE,3,DRAFT,2022,1,GENERATED
BUF,BUF_CB_04,CB,50,ACTIVE,DAY_TO_DAY,4,DRAFT,2023,1,GENERATED
BUF,BUF_CB_05,CB,65,ACTIVE,NONE,5,FREE_AGENCY,2024,1,GENERATED
BUF,BUF_CB_06,CB,24,ACTIVE,NONE,6,RE_SIGNED,2026,1,GENERATED
BUF,BUF_CB_07,CB,40,PRACTICE_SQUAD_CANDIDATE,NONE,7,FREE_AGENCY,2024,0,GENERATED
BUF,BUF_CB_08,CB,20,PRACTICE_SQUAD_CANDIDATE,NONE,8,FREE_AGENCY,2026,0,GENERATED
BUF,BUF_CB_09,CB,53,CAMP_BODY,NONE,9,DRAFT,2026,0,GENERATED
BUF,BUF_CB_10,CB,23,CAMP_BODY,NONE,10,DRAFT,2025,0,GENERATED
BUF,BUF_CB_11,CB,22,CAMP_BODY,NONE,11,UDFA_SIGNING,2026,0,GENERATED
BUF,BUF_S_01,S,14,ACTIVE,NONE,1,DRAFT,2025,1,GENERATED
BUF,BUF_S_02,S,37,ACTIVE,NONE,2,DRAFT,2026,1,GENERATED
BUF,BUF_S_03,S,64,ACTIVE,NONE,3,DRAFT,2024,1,GENERATED
BUF,BUF_S_04,S,34,ACTIVE,PUP,4,TRADE,2024,0,GENERATED
BUF,BUF_S_05,S,41,PRACTICE_SQUAD_CANDIDATE,NONE,5,UDFA_SIGNING,2026,0,GENERATED
BUF,BUF_S_06,S,73,CAMP_BODY,NONE,6,DRAFT,2026,0,GENERATED
BUF,BUF_S_07,S,69,CAMP_BODY,NONE,7,DRAFT,2026,0,GENERATED
BUF,BUF_K_01,K,47,ACTIVE,NONE,1,FREE_AGENCY,2021,1,GENERATED
BUF,BUF_K_02,K,71,PRACTICE_SQUAD_CANDIDATE,NONE,2,DRAFT,2023,0,GENERATED
BUF,BUF_P_01,P,25,ACTIVE,NONE,1,TRADE,2025,1,GENERATED
BUF,BUF_P_02,P,92,PRACTICE_SQUAD_CANDIDATE,NONE,2,UDFA_SIGNING,2025,0,GENERATED
BUF,BUF_LS_01,LS,30,ACTIVE,NONE,1,RE_SIGNED,2020,1,GENERATED
MIA,MIA_QB_01,QB,96,ACTIVE,NONE,1,WAIVER_CLAIM,2026,1,GENERATED
MIA,MIA_QB_02,QB,81,ACTIVE,NONE,2,FREE_AGENCY,2023,1,GENERATED
MIA,MIA_QB_03,QB,14,PRACTICE_SQUAD_CANDIDATE,NONE,3,UDFA_SIGNING,2025,0,GENERATED
MIA,MIA_QB_04,QB,43,CAMP_BODY,NONE,4,DRAFT,2025,0,GENERATED
MIA,MIA_RB_01,RB,85,ACTIVE,NONE,1,WAIVER_CLAIM,2021,1,GENERATED
MIA,MIA_RB_02,RB,3,ACTIVE,NONE,2,DRAFT,2025,1,GENERATED
MIA,MIA_RB_03,RB,45,ACTIVE,NONE,3,UDFA_SIGNING,2025,1,GENERATED
MIA,MIA_RB_04,RB,70,PRACTICE_SQUAD_CANDIDATE,NONE,4,DRAFT,2025,0,GENERATED
MIA,MIA_RB_05,RB,66,CAMP_BODY,IR,5,UDFA_SIGNING,2026,0,GENERATED
MIA,MIA_FB_01,FB,57,ACTIVE,NONE,1,FREE_AGENCY,2022,1,GENERATED
MIA,MIA_WR_01,WR,27,ACTIVE,NONE,1,RE_SIGNED,2019,1,GENERATED
MIA,MIA_WR_02,WR,90,ACTIVE,NONE,2,DRAFT,2024,1,GENERATED
MIA,MIA_WR_03,WR,64,ACTIVE,NONE,3,WAIVER_CLAIM,2024,1,GENERATED
MIA,MIA_WR_04,WR,86,ACTIVE,NONE,4,FREE_AGENCY,2019,1,GENERATED
MIA,MIA_WR_05,WR,16,ACTIVE,NONE,5,FREE_AGENCY,2020,1,GENERATED
MIA,MIA_WR_06,WR,1,ACTIVE,NONE,6,RE_SIGNED,2025,1,GENERATED
MIA,MIA_WR_07,WR,36,PRACTICE_SQUAD_CANDIDATE,NONE,7,FREE_AGENCY,2023,0,GENERATED
MIA,MIA_WR_08,WR,67,PRACTICE_SQUAD_CANDIDATE,NONE,8,FREE_AGENCY,2025,0,GENERATED
MIA,MIA_WR_09,WR,63,CAMP_BODY,NONE,9,UDFA_SIGNING,2026,0,GENERATED
MIA,MIA_WR_10,WR,76,CAMP_BODY,NONE,10,DRAFT,2026,0,GENERATED
MIA,MIA_WR_11,WR,42,CAMP_BODY,NONE,11,DRAFT,2025,0,GENERATED
MIA,MIA_TE_01,TE,74,ACTIVE,NONE,1,DRAFT,2026,1,GENERATED
MIA,MIA_TE_02,TE,4,ACTIVE,NONE,2,RE_SIGNED,2022,1,GENERATED
MIA,MIA_TE_03,TE,48,ACTIVE,NONE,3,DRAFT,2025,1,GENERATED
MIA,MIA_TE_04,TE,55,PRACTICE_SQUAD_CANDIDATE,NONE,4,DRAFT,2026,0,GENERATED
MIA,MIA_TE_05,TE,12,CAMP_BODY,NONE,5,DRAFT,2025,0,GENERATED
MIA,MIA_TE_06,TE,59,CAMP_BODY,NONE,6,UDFA_SIGNING,2026,0,GENERATED
MIA,MIA_OT_01,OT,28,ACTIVE,NONE,1,UDFA_SIGNING,2026,1,GENERATED
MIA,MIA_OT_02,OT,30,ACTIVE,NONE,2,WAIVER_CLAIM,2023,1,GENERATED
MIA,MIA_OT_03,OT,89,ACTIVE,NONE,3,TRADE,2025,1,GENERATED
MIA,MIA_OT_04,OT,18,ACTIVE,NONE,4,DRAFT,2026,1,GENERATED
MIA,MIA_OT_05,OT,69,PRACTICE_SQUAD_CANDIDATE,NONE,5,DRAFT,2026,0,GENERATED
MIA,MIA_OT_06,OT,62,CAMP_BODY,NONE,6,DRAFT,2026,0,GENERATED
MIA,MIA_OG_01,OG,21,ACTIVE,NONE,1,DRAFT,2025,1,GENERATED
MIA,MIA_OG_02,OG,35,ACTIVE,NONE,2,TRADE,2023,1,GENERATED
MIA,MIA_OG_03,OG,84,ACTIVE,NONE,3,FREE_AGENCY,2024,1,GENERATED
MIA,MIA_OG_04,OG,49,ACTIVE,NONE,4,TRADE,2023,1,GENERATED
MIA,MIA_OG_05,OG,78,PRACTICE_SQUAD_CANDIDATE,NONE,5,DRAFT,2025,0,GENERATED
MIA,MIA_OG_06,OG,23,CAMP_BODY,NONE,6,DRAFT,2025,0,GENERATED
MIA,MIA_C_01,C,10,ACTIVE,NONE,1,WAIVER_CLAIM,2016,1,GENERATED
MIA,MIA_C_02,C,13,ACTIVE,NONE,2,UDFA_SIGNING,2025,1,GENERATED
MIA,MIA_C_03,C,65,PRACTICE_SQUAD_CANDIDATE,NONE,3,FREE_AGENCY,2026,0,GENERATED
MIA,MIA_EDGE_01,EDGE,47,ACTIVE,NONE,1,DRAFT,2026,1,GENERATED
MIA,MIA_EDGE_02,EDGE,61,ACTIVE,NONE,2,WAIVER_CLAIM,2017,1,GENERATED
MIA,MIA_EDGE_03,EDGE,22,ACTIVE,NONE,3,FREE_AGENCY,2024,1,GENERATED
MIA,MIA_EDGE_04,EDGE,72,ACTIVE,NONE,4,DRAFT,2022,1,GENERATED
MIA,MIA_EDGE_05,EDGE,92,ACTIVE,NONE,5,DRAFT,2026,1,GENERATED
MIA,MIA_EDGE_06,EDGE,7,PRACTICE_SQUAD_CANDIDATE,NONE,6,DRAFT,2025,0,GENERATED
MIA,MIA_EDGE_07,EDGE,24,PRACTICE_SQUAD_CANDIDATE,NONE,7,UDFA_SIGNING,2025,0,GENERATED
MIA,MIA_EDGE_08,EDGE,29,CAMP_BODY,NONE,8,DRAFT,2026,0,GENERATED
MIA,MIA_EDGE_09,EDGE,15,CAMP_BODY,NONE,9,UDFA_SIGNING,2026,0,GENERATED
MIA,MIA_DT_01,DT,82,ACTIVE,NONE,1,DRAFT,2024,1,GENERATED
MIA,MIA_DT_02,DT,11,ACTIVE,NONE,2,DRAFT,2025,1,GENERATED
MIA,MIA_DT_03,DT,44,ACTIVE,NONE,3,TRADE,2022,1,GENERATED
MIA,MIA_DT_04,DT,95,ACTIVE,NONE,4,DRAFT,2026,1,GENERATED
MIA,MIA_DT_05,DT,20,ACTIVE,NONE,5,WAIVER_CLAIM,2020,1,GENERATED
MIA,MIA_DT_06,DT,98,PRACTICE_SQUAD_CANDIDATE,NONE,6,UDFA_SIGNING,2026,0,GENERATED
MIA,MIA_DT_07,DT,25,CAMP_BODY,IR,7,DRAFT,2024,0,GENERATED
MIA,MIA_DT_08,DT,39,CAMP_BODY,NONE,8,DRAFT,2026,0,GENERATED
MIA,MIA_LB_01,LB,97,ACTIVE,NONE,1,DRAFT,2026,1,GENERATED
MIA,MIA_LB_02,LB,19,ACTIVE,NONE,2,RE_SIGNED,2023,1,GENERATED
MIA,MIA_LB_03,LB,93,ACTIVE,NONE,3,DRAFT,2026,1,GENERATED
MIA,MIA_LB_04,LB,77,ACTIVE,NONE,4,DRAFT,2026,1,GENERATED
MIA,MIA_LB_05,LB,2,ACTIVE,NONE,5,DRAFT,2024,1,GENERATED
MIA,MIA_LB_06,LB,38,PRACTICE_SQUAD_CANDIDATE,NONE,6,UDFA_SIGNING,2026,0,GENERATED
MIA,MIA_LB_07,LB,40,CAMP_BODY,DAY_TO_DAY,7,DRAFT,2025,0,GENERATED
MIA,MIA_LB_08,LB,94,CAMP_BODY,NONE,8,DRAFT,2025,0,GENERATED
MIA,MIA_CB_01,CB,71,ACTIVE,NONE,1,FREE_AGENCY,2025,1,GENERATED
MIA,MIA_CB_02,CB,5,ACTIVE,NONE,2,WAIVER_CLAIM,2025,1,GENERATED
MIA,MIA_CB_03,CB,99,ACTIVE,NONE,3,TRADE,2025,1,GENERATED
MIA,MIA_CB_04,CB,50,ACTIVE,NONE,4,FREE_AGENCY,2026,1,GENERATED
MIA,MIA_CB_05,CB,8,ACTIVE,NONE,5,DRAFT,2025,1,GENERATED
MIA,MIA_CB_06,CB,26,ACTIVE,NONE,6,DRAFT,2026,1,GENERATED
MIA,MIA_CB_07,CB,34,PRACTICE_SQUAD_CANDIDATE,DAY_TO_DAY,7,FREE_AGENCY,2023,0,GENERATED
MIA,MIA_CB_08,CB,58,PRACTICE_SQUAD_CANDIDATE,NONE,8,FREE_AGENCY,2025,0,GENERATED
MIA,MIA_CB_09,CB,60,CAMP_BODY,NONE,9,UDFA_SIGNING,2026,0,GENERATED
MIA,MIA_CB_10,CB,68,CAMP_BODY,NONE,10,DRAFT,2026,0,GENERATED
MIA,MIA_CB_11,CB,9,CAMP_BODY,NONE,11,UDFA_SIGNING,2026,0,GENERATED
MIA,MIA_S_01,S,51,ACTIVE,IR,1,DRAFT,2023,0,GENERATED
MIA,MIA_S_02,S,33,ACTIVE,NONE,2,DRAFT,2025,1,GENERATED
MIA,MIA_S_03,S,52,ACTIVE,NONE,3,FREE_AGENCY,2022,1,GENERATED
MIA,MIA_S_04,S,87,ACTIVE,NONE,4,UDFA_SIGNING,2025,1,GENERATED
MIA,MIA_S_05,S,17,PRACTICE_SQUAD_CANDIDATE,NONE,5,DRAFT,2023,0,GENERATED
MIA,MIA_S_06,S,83,CAMP_BODY,NONE,6,DRAFT,2025,0,GENERATED
MIA,MIA_S_07,S,32,CAMP_BODY,NONE,7,DRAFT,2025,0,GENERATED
MIA,MIA_K_01,K,41,ACTIVE,NONE,1,DRAFT,2026,1,GENERATED
MIA,MIA_K_02,K,56,PRACTICE_SQUAD_CANDIDATE,NONE,2,DRAFT,2026,0,GENERATED
MIA,MIA_P_01,P,79,ACTIVE,NONE,1,DRAFT,2025,1,GENERATED
MIA,MIA_P_02,P,53,PRACTICE_SQUAD_CANDIDATE,NONE,2,FREE_AGENCY,2025,0,GENERATED
MIA,MIA_LS_01,LS,6,ACTIVE,IR,1,DRAFT,2025,0,GENERATED
NE,NE_QB_01,QB,58,ACTIVE,NONE,1,DRAFT,2025,1,GENERATED
NE,NE_QB_02,QB,30,ACTIVE,DAY_TO_DAY,2,DRAFT,2023,1,GENERATED
NE,NE_QB_03,QB,11,PRACTICE_SQUAD_CANDIDATE,NONE,3,UDFA_SIGNING,2026,0,GENERATED
NE,NE_QB_04,QB,79,CAMP_BODY,NONE,4,UDFA_SIGNING,2025,0,GENERATED
NE,NE_RB_01,RB,43,ACTIVE,NONE,1,DRAFT,2024,1,GENERATED
NE,NE_RB_02,RB,41,ACTIVE,NONE,2,FREE_AGENCY,2024,1,GENERATED
NE,NE_RB_03,RB,32,ACTIVE,NONE,3,DRAFT,2025,1,GENERATED
NE,NE_RB_04,RB,17,PRACTICE_SQUAD_CANDIDATE,NONE,4,FREE_AGENCY,2023,0,GENERATED
NE,NE_RB_05,RB,78,CAMP_BODY,NONE,5,DRAFT,2025,0,GENERATED
NE,NE_FB_01,FB,31,ACTIVE,NFI,1,DRAFT,2024,0,GENERATED
NE,NE_WR_01,WR,81,ACTIVE,NONE,1,TRADE,2019,1,GENERATED
NE,NE_WR_02,WR,88,ACTIVE,NONE,2,DRAFT,2024,1,GENERATED
NE,NE_WR_03,WR,49,ACTIVE,NONE,3,RE_SIGNED,2021,1,GENERATED
NE,NE_WR_04,WR,94,ACTIVE,NONE,4,DRAFT,2024,1,GENERATED
NE,NE_WR_05,WR,1,ACTIVE,NONE,5,UDFA_SIGNING,2025,1,GENERATED
NE,NE_WR_06,WR,82,ACTIVE,NONE,6,FREE_AGENCY,2026,1,GENERATED
NE,NE_WR_07,WR,92,PRACTICE_SQUAD_CANDIDATE,NONE,7,DRAFT,2025,0,GENERATED
NE,NE_WR_08,WR,74,PRACTICE_SQUAD_CANDIDATE,NONE,8,UDFA_SIGNING,2026,0,GENERATED
NE,NE_WR_09,WR,61,CAMP_BODY,NONE,9,DRAFT,2026,0,GENERATED
NE,NE_WR_10,WR,93,CAMP_BODY,NONE,10,UDFA_SIGNING,2025,0,GENERATED
NE,NE_WR_11,WR,27,CAMP_BODY,NONE,11,DRAFT,2025,0,GENERATED
NE,NE_TE_01,TE,96,ACTIVE,NONE,1,FREE_AGENCY,2025,1,GENERATED
NE,NE_TE_02,TE,51,ACTIVE,NONE,2,FREE_AGENCY,2022,1,GENERATED
NE,NE_TE_03,TE,95,ACTIVE,NONE,3,DRAFT,2026,1,GENERATED
NE,NE_TE_04,TE,69,PRACTICE_SQUAD_CANDIDATE,NONE,4,DRAFT,2025,0,GENERATED
NE,NE_TE_05,TE,48,CAMP_BODY,NONE,5,FREE_AGENCY,2025,0,GENERATED
NE,NE_TE_06,TE,28,CAMP_BODY,NONE,6,UDFA_SIGNING,2026,0,GENERATED
NE,NE_OT_01,OT,5,ACTIVE,NONE,1,FREE_AGENCY,2024,1,GENERATED
NE,NE_OT_02,OT,16,ACTIVE,NONE,2,DRAFT,2022,1,GENERATED
NE,NE_OT_03,OT,64,ACTIVE,NONE,3,DRAFT,2026,1,GENERATED
NE,NE_OT_04,OT,99,ACTIVE,NONE,4,DRAFT,2026,1,GENERATED
NE,NE_OT_05,OT,7,PRACTICE_SQUAD_CANDIDATE,NONE,5,DRAFT,2025,0,GENERATED
NE,NE_OT_06,OT,29,CAMP_BODY,NONE,6,UDFA_SIGNING,2026,0,GENERATED
NE,NE_OG_01,OG,18,ACTIVE,NONE,1,DRAFT,2025,1,GENERATED
NE,NE_OG_02,OG,54,ACTIVE,NONE,2,RE_SIGNED,2023,1,GENERATED
NE,NE_OG_03,OG,60,ACTIVE,NONE,3,DRAFT,2025,1,GENERATED
NE,NE_OG_04,OG,47,ACTIVE,NONE,4,RE_SIGNED,2025,1,GENERATED
NE,NE_OG_05,OG,66,PRACTICE_SQUAD_CANDIDATE,DAY_TO_DAY,5,DRAFT,2025,0,GENERATED
NE,NE_OG_06,OG,85,CAMP_BODY,NONE,6,RE_SIGNED,2024,0,GENERATED
NE,NE_C_01,C,23,ACTIVE,NONE,1,RE_SIGNED,2024,1,GENERATED
NE,NE_C_02,C,71,ACTIVE,NONE,2,DRAFT,2024,1,GENERATED
NE,NE_C_03,C,57,PRACTICE_SQUAD_CANDIDATE,NONE,3,DRAFT,2026,0,GENERATED
NE,NE_EDGE_01,EDGE,73,ACTIVE,NONE,1,DRAFT,2025,1,GENERATED
NE,NE_EDGE_02,EDGE,15,ACTIVE,NONE,2,DRAFT,2024,1,GENERATED
NE,NE_EDGE_03,EDGE,83,ACTIVE,NONE,3,FREE_AGENCY,2017,1,GENERATED
NE,NE_EDGE_04,EDGE,80,ACTIVE,NONE,4,DRAFT,2025,1,GENERATED
NE,NE_EDGE_05,EDGE,4,ACTIVE,NONE,5,DRAFT,2025,1,GENERATED
NE,NE_EDGE_06,EDGE,34,PRACTICE_SQUAD_CANDIDATE,NONE,6,UDFA_SIGNING,2025,0,GENERATED
NE,NE_EDGE_07,EDGE,19,PRACTICE_SQUAD_CANDIDATE,SUSPENDED,7,DRAFT,2026,0,GENERATED
NE,NE_EDGE_08,EDGE,50,CAMP_BODY,NONE,8,UDFA_SIGNING,2026,0,GENERATED
NE,NE_EDGE_09,EDGE,21,CAMP_BODY,PUP,9,UDFA_SIGNING,2025,0,GENERATED
NE,NE_DT_01,DT,25,ACTIVE,NONE,1,DRAFT,2026,1,GENERATED
NE,NE_DT_02,DT,26,ACTIVE,NONE,2,DRAFT,2026,1,GENERATED
NE,NE_DT_03,DT,46,ACTIVE,NONE,3,DRAFT,2025,1,GENERATED
NE,NE_DT_04,DT,72,ACTIVE,NONE,4,UDFA_SIGNING,2025,1,GENERATED
NE,NE_DT_05,DT,6,ACTIVE,NONE,5,RE_SIGNED,2023,1,GENERATED
NE,NE_DT_06,DT,24,PRACTICE_SQUAD_CANDIDATE,NONE,6,DRAFT,2025,0,GENERATED
NE,NE_DT_07,DT,70,CAMP_BODY,NONE,7,UDFA_SIGNING,2025,0,GENERATED
NE,NE_DT_08,DT,40,CAMP_BODY,NONE,8,UDFA_SIGNING,2026,0,GENERATED
NE,NE_LB_01,LB,10,ACTIVE,NONE,1,DRAFT,2026,1,GENERATED
NE,NE_LB_02,LB,2,ACTIVE,NONE,2,DRAFT,2024,1,GENERATED
NE,NE_LB_03,LB,3,ACTIVE,NONE,3,DRAFT,2023,1,GENERATED
NE,NE_LB_04,LB,65,ACTIVE,NONE,4,DRAFT,2025,1,GENERATED
NE,NE_LB_05,LB,67,ACTIVE,NONE,5,DRAFT,2025,1,GENERATED
NE,NE_LB_06,LB,52,PRACTICE_SQUAD_CANDIDATE,NONE,6,DRAFT,2026,0,GENERATED
NE,NE_LB_07,LB,13,CAMP_BODY,NONE,7,RE_SIGNED,2025,0,GENERATED
NE,NE_LB_08,LB,76,CAMP_BODY,NONE,8,DRAFT,2025,0,GENERATED
NE,NE_CB_01,CB,9,ACTIVE,NONE,1,FREE_AGENCY,2022,1,GENERATED
NE,NE_CB_02,CB,91,ACTIVE,NONE,2,DRAFT,2026,1,GENERATED
NE,NE_CB_03,CB,97,ACTIVE,DAY_TO_DAY,3,FREE_AGENCY,2017,1,GENERATED
NE,NE_CB_04,CB,68,ACTIVE,NONE,4,FREE_AGENCY,2026,1,GENERATED
NE,NE_CB_05,CB,44,ACTIVE,NONE,5,FREE_AGENCY,2023,1,GENERATED
NE,NE_CB_06,CB,22,ACTIVE,NONE,6,FREE_AGENCY,2025,1,GENERATED
NE,NE_CB_07,CB,98,PRACTICE_SQUAD_CANDIDATE,NONE,7,UDFA_SIGNING,2025,0,GENERATED
NE,NE_CB_08,CB,12,PRACTICE_SQUAD_CANDIDATE,NONE,8,DRAFT,2026,0,GENERATED
NE,NE_CB_09,CB,62,CAMP_BODY,NONE,9,UDFA_SIGNING,2025,0,GENERATED
NE,NE_CB_10,CB,89,CAMP_BODY,NONE,10,DRAFT,2026,0,GENERATED
NE,NE_CB_11,CB,45,CAMP_BODY,NONE,11,FREE_AGENCY,2023,0,GENERATED
NE,NE_S_01,S,39,ACTIVE,NONE,1,TRADE,2026,1,GENERATED
NE,NE_S_02,S,8,ACTIVE,PUP,2,DRAFT,2024,0,GENERATED
NE,NE_S_03,S,63,ACTIVE,NONE,3,DRAFT,2025,1,GENERATED
NE,NE_S_04,S,14,ACTIVE,NONE,4,DRAFT,2024,1,GENERATED
NE,NE_S_05,S,38,PRACTICE_SQUAD_CANDIDATE,NONE,5,DRAFT,2026,0,GENERATED
NE,NE_S_06,S,42,CAMP_BODY,NONE,6,UDFA_SIGNING,2026,0,GENERATED
NE,NE_S_07,S,87,CAMP_BODY,NONE,7,UDFA_SIGNING,2025,0,GENERATED
NE,NE_K_01,K,77,ACTIVE,NONE,1,DRAFT,2024,1,GENERATED
NE,NE_K_02,K,75,PRACTICE_SQUAD_CANDIDATE,NONE,2,DRAFT,2024,0,GENERATED
NE,NE_P_01,P,35,ACTIVE,NONE,1,DRAFT,2026,1,GENERATED
NE,NE_P_02,P,86,PRACTICE_SQUAD_CANDIDATE,NONE,2,DRAFT,2025,0,GENERATED
NE,NE_LS_01,LS,84,ACTIVE,NONE,1,DRAFT,2025,1,GENERATED
NYJ,NYJ_QB_01,QB,17,ACTIVE,NONE,1,DRAFT,2025,1,GENERATED
NYJ,NYJ_QB_02,QB,30,ACTIVE,SUSPENDED,2,UDFA_SIGNING,2025,0,GENERATED
NYJ,NYJ_QB_03,QB,9,PRACTICE_SQUAD_CANDIDATE,NONE,3,WAIVER_CLAIM,2025,0,GENERATED
NYJ,NYJ_QB_04,QB,85,CAMP_BODY,NFI,4,DRAFT,2025,0,GENERATED
NYJ,NYJ_RB_01,RB,77,ACTIVE,NONE,1,FREE_AGENCY,2023,1,GENERATED
NYJ,NYJ_RB_02,RB,47,ACTIVE,NONE,2,FREE_AGENCY,2026,1,GENERATED
NYJ,NYJ_RB_03,RB,79,ACTIVE,NONE,3,DRAFT,2024,1,GENERATED
NYJ,NYJ_RB_04,RB,63,PRACTICE_SQUAD_CANDIDATE,NONE,4,UDFA_SIGNING,2025,0,GENERATED
NYJ,NYJ_RB_05,RB,96,CAMP_BODY,IR,5,DRAFT,2026,0,GENERATED
NYJ,NYJ_FB_01,FB,80,ACTIVE,NONE,1,FREE_AGENCY,2025,1,GENERATED
NYJ,NYJ_WR_01,WR,36,ACTIVE,NONE,1,FREE_AGENCY,2025,1,GENERATED
NYJ,NYJ_WR_02,WR,40,ACTIVE,NONE,2,DRAFT,2026,1,GENERATED
NYJ,NYJ_WR_03,WR,74,ACTIVE,NONE,3,DRAFT,2023,1,GENERATED
NYJ,NYJ_WR_04,WR,39,ACTIVE,NONE,4,DRAFT,2025,1,GENERATED
NYJ,NYJ_WR_05,WR,98,ACTIVE,NONE,5,FREE_AGENCY,2021,1,GENERATED
NYJ,NYJ_WR_06,WR,89,ACTIVE,NONE,6,DRAFT,2024,1,GENERATED
NYJ,NYJ_WR_07,WR,20,PRACTICE_SQUAD_CANDIDATE,NONE,7,DRAFT,2025,0,GENERATED
NYJ,NYJ_WR_08,WR,58,PRACTICE_SQUAD_CANDIDATE,NONE,8,DRAFT,2023,0,GENERATED
NYJ,NYJ_WR_09,WR,21,CAMP_BODY,NONE,9,DRAFT,2026,0,GENERATED
NYJ,NYJ_WR_10,WR,56,CAMP_BODY,NONE,10,DRAFT,2024,0,GENERATED
NYJ,NYJ_WR_11,WR,37,CAMP_BODY,NONE,11,UDFA_SIGNING,2025,0,GENERATED
NYJ,NYJ_TE_01,TE,33,ACTIVE,NONE,1,FREE_AGENCY,2020,1,GENERATED
NYJ,NYJ_TE_02,TE,67,ACTIVE,NONE,2,RE_SIGNED,2023,1,GENERATED
NYJ,NYJ_TE_03,TE,61,ACTIVE,NONE,3,DRAFT,2025,1,GENERATED
NYJ,NYJ_TE_04,TE,62,PRACTICE_SQUAD_CANDIDATE,NONE,4,FREE_AGENCY,2022,0,GENERATED
NYJ,NYJ_TE_05,TE,4,CAMP_BODY,NONE,5,DRAFT,2026,0,GENERATED
NYJ,NYJ_TE_06,TE,83,CAMP_BODY,NONE,6,DRAFT,2026,0,GENERATED
NYJ,NYJ_OT_01,OT,46,ACTIVE,IR,1,RE_SIGNED,2023,0,GENERATED
NYJ,NYJ_OT_02,OT,22,ACTIVE,NONE,2,DRAFT,2026,1,GENERATED
NYJ,NYJ_OT_03,OT,91,ACTIVE,NONE,3,WAIVER_CLAIM,2023,1,GENERATED
NYJ,NYJ_OT_04,OT,35,ACTIVE,NONE,4,RE_SIGNED,2025,1,GENERATED
NYJ,NYJ_OT_05,OT,3,PRACTICE_SQUAD_CANDIDATE,NONE,5,UDFA_SIGNING,2025,0,GENERATED
NYJ,NYJ_OT_06,OT,48,CAMP_BODY,NONE,6,UDFA_SIGNING,2025,0,GENERATED
NYJ,NYJ_OG_01,OG,45,ACTIVE,NONE,1,DRAFT,2025,1,GENERATED
NYJ,NYJ_OG_02,OG,12,ACTIVE,NONE,2,DRAFT,2026,1,GENERATED
NYJ,NYJ_OG_03,OG,93,ACTIVE,IR,3,FREE_AGENCY,2025,0,GENERATED
NYJ,NYJ_OG_04,OG,26,ACTIVE,NONE,4,WAIVER_CLAIM,2023,1,GENERATED
NYJ,NYJ_OG_05,OG,52,PRACTICE_SQUAD_CANDIDATE,NONE,5,DRAFT,2026,0,GENERATED
NYJ,NYJ_OG_06,OG,95,CAMP_BODY,NONE,6,DRAFT,2026,0,GENERATED
NYJ,NYJ_C_01,C,5,ACTIVE,NONE,1,DRAFT,2025,1,GENERATED
NYJ,NYJ_C_02,C,27,ACTIVE,DAY_TO_DAY,2,FREE_AGENCY,2014,1,GENERATED
NYJ,NYJ_C_03,C,15,PRACTICE_SQUAD_CANDIDATE,NONE,3,DRAFT,2024,0,GENERATED
NYJ,NYJ_EDGE_01,EDGE,54,ACTIVE,NONE,1,DRAFT,2026,1,GENERATED
NYJ,NYJ_EDGE_02,EDGE,84,ACTIVE,SUSPENDED,2,DRAFT,2025,0,GENERATED
NYJ,NYJ_EDGE_03,EDGE,38,ACTIVE,NONE,3,DRAFT,2023,1,GENERATED
NYJ,NYJ_EDGE_04,EDGE,10,ACTIVE,NONE,4,DRAFT,2023,1,GENERATED
NYJ,NYJ_EDGE_05,EDGE,57,ACTIVE,NONE,5,DRAFT,2026,1,GENERATED
NYJ,NYJ_EDGE_06,EDGE,71,PRACTICE_SQUAD_CANDIDATE,NONE,6,FREE_AGENCY,2023,0,GENERATED
NYJ,NYJ_EDGE_07,EDGE,34,PRACTICE_SQUAD_CANDIDATE,NONE,7,UDFA_SIGNING,2026,0,GENERATED
NYJ,NYJ_EDGE_08,EDGE,28,CAMP_BODY,NONE,8,UDFA_SIGNING,2026,0,GENERATED
NYJ,NYJ_EDGE_09,EDGE,44,CAMP_BODY,NONE,9,DRAFT,2025,0,GENERATED
NYJ,NYJ_DT_01,DT,70,ACTIVE,NONE,1,FREE_AGENCY,2025,1,GENERATED
NYJ,NYJ_DT_02,DT,81,ACTIVE,NONE,2,RE_SIGNED,2022,1,GENERATED
NYJ,NYJ_DT_03,DT,88,ACTIVE,DAY_TO_DAY,3,DRAFT,2023,1,GENERATED
NYJ,NYJ_DT_04,DT,99,ACTIVE,NONE,4,FREE_AGENCY,2023,1,GENERATED
NYJ,NYJ_DT_05,DT,49,ACTIVE,NONE,5,DRAFT,2025,1,GENERATED
NYJ,NYJ_DT_06,DT,29,PRACTICE_SQUAD_CANDIDATE,NONE,6,DRAFT,2025,0,GENERATED
NYJ,NYJ_DT_07,DT,76,CAMP_BODY,NONE,7,DRAFT,2026,0,GENERATED
NYJ,NYJ_DT_08,DT,59,CAMP_BODY,NONE,8,UDFA_SIGNING,2026,0,GENERATED
NYJ,NYJ_LB_01,LB,14,ACTIVE,NONE,1,DRAFT,2023,1,GENERATED
NYJ,NYJ_LB_02,LB,11,ACTIVE,NONE,2,FREE_AGENCY,2025,1,GENERATED
NYJ,NYJ_LB_03,LB,23,ACTIVE,NONE,3,FREE_AGENCY,2023,1,GENERATED
NYJ,NYJ_LB_04,LB,87,ACTIVE,NONE,4,TRADE,2023,1,GENERATED
NYJ,NYJ_LB_05,LB,6,ACTIVE,NONE,5,DRAFT,2026,1,GENERATED
NYJ,NYJ_LB_06,LB,16,PRACTICE_SQUAD_CANDIDATE,NFI,6,UDFA_SIGNING,2026,0,GENERATED
NYJ,NYJ_LB_07,LB,94,CAMP_BODY,NONE,7,UDFA_SIGNING,2025,0,GENERATED
NYJ,NYJ_LB_08,LB,73,CAMP_BODY,NONE,8,DRAFT,2026,0,GENERATED
NYJ,NYJ_CB_01,CB,68,ACTIVE,NONE,1,FREE_AGENCY,2026,1,GENERATED
NYJ,NYJ_CB_02,CB,86,ACTIVE,NONE,2,DRAFT,2025,1,GENERATED
NYJ,NYJ_CB_03,CB,53,ACTIVE,NONE,3,DRAFT,2025,1,GENERATED
NYJ,NYJ_CB_04,CB,90,ACTIVE,NONE,4,TRADE,2020,1,GENERATED
NYJ,NYJ_CB_05,CB,7,ACTIVE,NONE,5,DRAFT,2026,1,GENERATED
NYJ,NYJ_CB_06,CB,2,ACTIVE,NONE,6,FREE_AGENCY,2024,1,GENERATED
NYJ,NYJ_CB_07,CB,8,PRACTICE_SQUAD_CANDIDATE,NONE,7,DRAFT,2023,0,GENERATED
NYJ,NYJ_CB_08,CB,97,PRACTICE_SQUAD_CANDIDATE,NONE,8,UDFA_SIGNING,2026,0,GENERATED
NYJ,NYJ_CB_09,CB,82,CAMP_BODY,NONE,9,DRAFT,2025,0,GENERATED
NYJ,NYJ_CB_10,CB,72,CAMP_BODY,NONE,10,FREE_AGENCY,2025,0,GENERATED
NYJ,NYJ_CB_11,CB,32,CAMP_BODY,NONE,11,DRAFT,2025,0,GENERATED
NYJ,NYJ_S_01,S,43,ACTIVE,NONE,1,FREE_AGENCY,2024,1,GENERATED
NYJ,NYJ_S_02,S,92,ACTIVE,NONE,2,TRADE,2019,1,GENERATED
NYJ,NYJ_S_03,S,31,ACTIVE,NONE,3,TRADE,2025,1,GENERATED
NYJ,NYJ_S_04,S,69,ACTIVE,NONE,4,DRAFT,2025,1,GENERATED
NYJ,NYJ_S_05,S,64,PRACTICE_SQUAD_CANDIDATE,NONE,5,FREE_AGENCY,2017,0,GENERATED
NYJ,NYJ_S_06,S,19,CAMP_BODY,NFI,6,DRAFT,2025,0,GENERATED
NYJ,NYJ_S_07,S,25,CAMP_BODY,NONE,7,UDFA_SIGNING,2025,0,GENERATED
NYJ,NYJ_K_01,K,66,ACTIVE,NONE,1,FREE_AGENCY,2022,1,GENERATED
NYJ,NYJ_K_02,K,50,PRACTICE_SQUAD_CANDIDATE,NONE,2,FREE_AGENCY,2025,0,GENERATED
NYJ,NYJ_P_01,P,1,ACTIVE,NONE,1,DRAFT,2025,1,GENERATED
NYJ,NYJ_P_02,P,65,PRACTICE_SQUAD_CANDIDATE,NONE,2,DRAFT,2026,0,GENERATED
NYJ,NYJ_LS_01,LS,41,ACTIVE,PUP,1,DRAFT,2026,0,GENERATED
BAL,BAL_QB_01,QB,16,ACTIVE,NONE,1,DRAFT,2025,1,GENERATED
BAL,BAL_QB_02,QB,90,ACTIVE,NONE,2,UDFA_SIGNING,2026,1,GENERATED
BAL,BAL_QB_03,QB,89,PRACTICE_SQUAD_CANDIDATE,DAY_TO_DAY,3,FREE_AGENCY,2026,0,GENERATED
BAL,BAL_QB_04,QB,10,CAMP_BODY,NONE,4,UDFA_SIGNING,2026,0,GENERATED
BAL,BAL_RB_01,RB,26,ACTIVE,NONE,1,TRADE,2024,1,GENERATED
BAL,BAL_RB_02,RB,87,ACTIVE,NONE,2,DRAFT,2024,1,GENERATED
BAL,BAL_RB_03,RB,13,ACTIVE,NONE,3,DRAFT,2026,1,GENERATED
BAL,BAL_RB_04,RB,70,PRACTICE_SQUAD_CANDIDATE,NONE,4,RE_SIGNED,2026,0,GENERATED
BAL,BAL_RB_05,RB,30,CAMP_BODY,NONE,5,UDFA_SIGNING,2025,0,GENERATED
BAL,BAL_FB_01,FB,85,ACTIVE,NONE,1,DRAFT,2023,1,GENERATED
BAL,BAL_WR_01,WR,46,ACTIVE,NONE,1,FREE_AGENCY,2026,1,GENERATED
BAL,BAL_WR_02,WR,45,ACTIVE,NONE,2,DRAFT,2026,1,GENERATED
BAL,BAL_WR_03,WR,53,ACTIVE,NONE,3,FREE_AGENCY,2024,1,GENERATED
BAL,BAL_WR_04,WR,9,ACTIVE,NONE,4,DRAFT,2026,1,GENERATED
BAL,BAL_WR_05,WR,15,ACTIVE,NONE,5,DRAFT,2026,1,GENERATED
BAL,BAL_WR_06,WR,93,ACTIVE,PUP,6,FREE_AGENCY,2024,0,GENERATED
BAL,BAL_WR_07,WR,33,PRACTICE_SQUAD_CANDIDATE,NONE,7,WAIVER_CLAIM,2023,0,GENERATED
BAL,BAL_WR_08,WR,92,PRACTICE_SQUAD_CANDIDATE,NONE,8,WAIVER_CLAIM,2025,0,GENERATED
BAL,BAL_WR_09,WR,2,CAMP_BODY,NONE,9,UDFA_SIGNING,2025,0,GENERATED
BAL,BAL_WR_10,WR,73,CAMP_BODY,NONE,10,DRAFT,2026,0,GENERATED
BAL,BAL_WR_11,WR,67,CAMP_BODY,NONE,11,UDFA_SIGNING,2026,0,GENERATED
BAL,BAL_TE_01,TE,20,ACTIVE,NONE,1,WAIVER_CLAIM,2023,1,GENERATED
BAL,BAL_TE_02,TE,83,ACTIVE,NONE,2,FREE_AGENCY,2021,1,GENERATED
BAL,BAL_TE_03,TE,72,ACTIVE,NONE,3,RE_SIGNED,2021,1,GENERATED
BAL,BAL_TE_04,TE,80,PRACTICE_SQUAD_CANDIDATE,NONE,4,UDFA_SIGNING,2025,0,GENERATED
BAL,BAL_TE_05,TE,29,CAMP_BODY,NONE,5,DRAFT,2026,0,GENERATED
BAL,BAL_TE_06,TE,50,CAMP_BODY,NONE,6,UDFA_SIGNING,2025,0,GENERATED
BAL,BAL_OT_01,OT,98,ACTIVE,NONE,1,DRAFT,2025,1,GENERATED
BAL,BAL_OT_02,OT,58,ACTIVE,NONE,2,FREE_AGENCY,2024,1,GENERATED
BAL,BAL_OT_03,OT,27,ACTIVE,NONE,3,DRAFT,2025,1,GENERATED
BAL,BAL_OT_04,OT,47,ACTIVE,NONE,4,RE_SIGNED,2022,1,GENERATED
BAL,BAL_OT_05,OT,1,PRACTICE_SQUAD_CANDIDATE,NONE,5,UDFA_SIGNING,2026,0,GENERATED
BAL,BAL_OT_06,OT,25,CAMP_BODY,NONE,6,UDFA_SIGNING,2025,0,GENERATED
BAL,BAL_OG_01,OG,19,ACTIVE,NONE,1,TRADE,2019,1,GENERATED
BAL,BAL_OG_02,OG,5,ACTIVE,NFI,2,FREE_AGENCY,2021,0,GENERATED
BAL,BAL_OG_03,OG,41,ACTIVE,NONE,3,DRAFT,2026,1,GENERATED
BAL,BAL_OG_04,OG,18,ACTIVE,NONE,4,DRAFT,2025,1,GENERATED
BAL,BAL_OG_05,OG,12,PRACTICE_SQUAD_CANDIDATE,NONE,5,RE_SIGNED,2018,0,GENERATED
BAL,BAL_OG_06,OG,28,CAMP_BODY,NONE,6,DRAFT,2024,0,GENERATED
BAL,BAL_C_01,C,39,ACTIVE,NONE,1,DRAFT,2026,1,GENERATED
BAL,BAL_C_02,C,8,ACTIVE,NONE,2,TRADE,2026,1,GENERATED
BAL,BAL_C_03,C,54,PRACTICE_SQUAD_CANDIDATE,NONE,3,DRAFT,2026,0,GENERATED
BAL,BAL_EDGE_01,EDGE,88,ACTIVE,NONE,1,DRAFT,2025,1,GENERATED
BAL,BAL_EDGE_02,EDGE,36,ACTIVE,NONE,2,FREE_AGENCY,2024,1,GENERATED
BAL,BAL_EDGE_03,EDGE,62,ACTIVE,DAY_TO_DAY,3,FREE_AGENCY,2017,1,GENERATED
BAL,BAL_EDGE_04,EDGE,52,ACTIVE,NONE,4,DRAFT,2023,1,GENERATED
BAL,BAL_EDGE_05,EDGE,11,ACTIVE,NONE,5,DRAFT,2025,1,GENERATED
BAL,BAL_EDGE_06,EDGE,51,PRACTICE_SQUAD_CANDIDATE,NONE,6,UDFA_SIGNING,2025,0,GENERATED
BAL,BAL_EDGE_07,EDGE,56,PRACTICE_SQUAD_CANDIDATE,NONE,7,DRAFT,2025,0,GENERATED
BAL,BAL_EDGE_08,EDGE,64,CAMP_BODY,NONE,8,WAIVER_CLAIM,2024,0,GENERATED
BAL,BAL_EDGE_09,EDGE,59,CAMP_BODY,NONE,9,DRAFT,2026,0,GENERATED
BAL,BAL_DT_01,DT,7,ACTIVE,NONE,1,DRAFT,2026,1,GENERATED
BAL,BAL_DT_02,DT,69,ACTIVE,NONE,2,DRAFT,2026,1,GENERATED
BAL,BAL_DT_03,DT,86,ACTIVE,NONE,3,DRAFT,2026,1,GENERATED
BAL,BAL_DT_04,DT,99,ACTIVE,NONE,4,DRAFT,2026,1,GENERATED
BAL,BAL_DT_05,DT,61,ACTIVE,NONE,5,UDFA_SIGNING,2026,1,GENERATED
BAL,BAL_DT_06,DT,81,PRACTICE_SQUAD_CANDIDATE,NONE,6,DRAFT,2026,0,GENERATED
BAL,BAL_DT_07,DT,76,CAMP_BODY,NONE,7,UDFA_SIGNING,2025,0,GENERATED
BAL,BAL_DT_08,DT,91,CAMP_BODY,IR,8,RE_SIGNED,2024,0,GENERATED
BAL,BAL_LB_01,LB,97,ACTIVE,NONE,1,WAIVER_CLAIM,2022,1,GENERATED
BAL,BAL_LB_02,LB,37,ACTIVE,NONE,2,WAIVER_CLAIM,2020,1,GENERATED
BAL,BAL_LB_03,LB,95,ACTIVE,NONE,3,FREE_AGENCY,2025,1,GENERATED
BAL,BAL_LB_04,LB,57,ACTIVE,NFI,4,RE_SIGNED,2025,0,GENERATED
BAL,BAL_LB_05,LB,96,ACTIVE,NONE,5,TRADE,2023,1,GENERATED
BAL,BAL_LB_06,LB,32,PRACTICE_SQUAD_CANDIDATE,NONE,6,DRAFT,2026,0,GENERATED
BAL,BAL_LB_07,LB,35,CAMP_BODY,NONE,7,DRAFT,2025,0,GENERATED
BAL,BAL_LB_08,LB,71,CAMP_BODY,NONE,8,UDFA_SIGNING,2025,0,GENERATED
BAL,BAL_CB_01,CB,34,ACTIVE,NONE,1,FREE_AGENCY,2023,1,GENERATED
BAL,BAL_CB_02,CB,48,ACTIVE,DAY_TO_DAY,2,DRAFT,2026,1,GENERATED
BAL,BAL_CB_03,CB,74,ACTIVE,NONE,3,DRAFT,2022,1,GENERATED
BAL,BAL_CB_04,CB,65,ACTIVE,NONE,4,DRAFT,2024,1,GENERATED
BAL,BAL_CB_05,CB,79,ACTIVE,NONE,5,WAIVER_CLAIM,2016,1,GENERATED
BAL,BAL_CB_06,CB,21,ACTIVE,NONE,6,DRAFT,2024,1,GENERATED
BAL,BAL_CB_07,CB,82,PRACTICE_SQUAD_CANDIDATE,NONE,7,DRAFT,2026,0,GENERATED
BAL,BAL_CB_08,CB,55,PRACTICE_SQUAD_CANDIDATE,NONE,8,DRAFT,2026,0,GENERATED
BAL,BAL_CB_09,CB,14,CAMP_BODY,NONE,9,DRAFT,2026,0,GENERATED
BAL,BAL_CB_10,CB,77,CAMP_BODY,NONE,10,UDFA_SIGNING,2025,0,GENERATED
BAL,BAL_CB_11,CB,94,CAMP_BODY,PUP,11,DRAFT,2026,0,GENERATED
BAL,BAL_S_01,S,40,ACTIVE,NONE,1,DRAFT,2025,1,GENERATED
BAL,BAL_S_02,S,84,ACTIVE,NONE,2,FREE_AGENCY,2023,1,GENERATED
BAL,BAL_S_03,S,42,ACTIVE,NONE,3,TRADE,2022,1,GENERATED
BAL,BAL_S_04,S,60,ACTIVE,NONE,4,DRAFT,2026,1,GENERATED
BAL,BAL_S_05,S,17,PRACTICE_SQUAD_CANDIDATE,DAY_TO_DAY,5,DRAFT,2025,0,GENERATED
BAL,BAL_S_06,S,49,CAMP_BODY,NONE,6,UDFA_SIGNING,2026,0,GENERATED
BAL,BAL_S_07,S,66,CAMP_BODY,NONE,7,UDFA_SIGNING,2025,0,GENERATED
BAL,BAL_K_01,K,68,ACTIVE,NONE,1,RE_SIGNED,2024,1,GENERATED
BAL,BAL_K_02,K,63,PRACTICE_SQUAD_CANDIDATE,NONE,2,DRAFT,2025,0,GENERATED
BAL,BAL_P_01,P,78,ACTIVE,NONE,1,DRAFT,2026,1,GENERATED
BAL,BAL_P_02,P,38,PRACTICE_SQUAD_CANDIDATE,NONE,2,TRADE,2023,0,GENERATED
BAL,BAL_LS_01,LS,44,ACTIVE,NONE,1,FREE_AGENCY,2025,1,GENERATED
PIT,PIT_QB_01,QB,52,ACTIVE,NONE,1,DRAFT,2025,1,GENERATED
PIT,PIT_QB_02,QB,86,ACTIVE,NONE,2,DRAFT,2023,1,GENERATED
PIT,PIT_QB_03,QB,25,PRACTICE_SQUAD_CANDIDATE,NONE,3,DRAFT,2025,0,GENERATED
PIT,PIT_QB_04,QB,64,CAMP_BODY,DAY_TO_DAY,4,DRAFT,2026,0,GENERATED
PIT,PIT_RB_01,RB,43,ACTIVE,NONE,1,RE_SIGNED,2025,1,GENERATED
PIT,PIT_RB_02,RB,2,ACTIVE,NONE,2,TRADE,2023,1,GENERATED
PIT,PIT_RB_03,RB,7,ACTIVE,NONE,3,FREE_AGENCY,2026,1,GENERATED
PIT,PIT_RB_04,RB,32,PRACTICE_SQUAD_CANDIDATE,NONE,4,DRAFT,2025,0,GENERATED
PIT,PIT_RB_05,RB,36,CAMP_BODY,DAY_TO_DAY,5,DRAFT,2026,0,GENERATED
PIT,PIT_FB_01,FB,33,ACTIVE,NONE,1,RE_SIGNED,2021,1,GENERATED
PIT,PIT_WR_01,WR,88,ACTIVE,NONE,1,TRADE,2021,1,GENERATED
PIT,PIT_WR_02,WR,41,ACTIVE,NONE,2,DRAFT,2025,1,GENERATED
PIT,PIT_WR_03,WR,56,ACTIVE,NONE,3,DRAFT,2023,1,GENERATED
PIT,PIT_WR_04,WR,12,ACTIVE,DAY_TO_DAY,4,RE_SIGNED,2024,1,GENERATED
PIT,PIT_WR_05,WR,84,ACTIVE,DAY_TO_DAY,5,DRAFT,2026,1,GENERATED
PIT,PIT_WR_06,WR,95,ACTIVE,NONE,6,DRAFT,2026,1,GENERATED
PIT,PIT_WR_07,WR,11,PRACTICE_SQUAD_CANDIDATE,NONE,7,DRAFT,2026,0,GENERATED
PIT,PIT_WR_08,WR,97,PRACTICE_SQUAD_CANDIDATE,NONE,8,UDFA_SIGNING,2026,0,GENERATED
PIT,PIT_WR_09,WR,23,CAMP_BODY,NONE,9,DRAFT,2025,0,GENERATED
PIT,PIT_WR_10,WR,6,CAMP_BODY,NONE,10,DRAFT,2025,0,GENERATED
PIT,PIT_WR_11,WR,94,CAMP_BODY,NONE,11,FREE_AGENCY,2023,0,GENERATED
PIT,PIT_TE_01,TE,46,ACTIVE,NONE,1,RE_SIGNED,2018,1,GENERATED
PIT,PIT_TE_02,TE,5,ACTIVE,NONE,2,DRAFT,2024,1,GENERATED
PIT,PIT_TE_03,TE,45,ACTIVE,NONE,3,TRADE,2025,1,GENERATED
PIT,PIT_TE_04,TE,91,PRACTICE_SQUAD_CANDIDATE,NONE,4,DRAFT,2025,0,GENERATED
PIT,PIT_TE_05,TE,10,CAMP_BODY,NONE,5,UDFA_SIGNING,2025,0,GENERATED
PIT,PIT_TE_06,TE,16,CAMP_BODY,NONE,6,WAIVER_CLAIM,2025,0,GENERATED
PIT,PIT_OT_01,OT,30,ACTIVE,NONE,1,DRAFT,2025,1,GENERATED
PIT,PIT_OT_02,OT,69,ACTIVE,NONE,2,DRAFT,2023,1,GENERATED
PIT,PIT_OT_03,OT,19,ACTIVE,NONE,3,DRAFT,2025,1,GENERATED
PIT,PIT_OT_04,OT,38,ACTIVE,NONE,4,DRAFT,2026,1,GENERATED
PIT,PIT_OT_05,OT,87,PRACTICE_SQUAD_CANDIDATE,NONE,5,DRAFT,2025,0,GENERATED
PIT,PIT_OT_06,OT,27,CAMP_BODY,NONE,6,UDFA_SIGNING,2025,0,GENERATED
PIT,PIT_OG_01,OG,31,ACTIVE,NONE,1,DRAFT,2026,1,GENERATED
PIT,PIT_OG_02,OG,70,ACTIVE,DAY_TO_DAY,2,DRAFT,2026,1,GENERATED
PIT,PIT_OG_03,OG,82,ACTIVE,NONE,3,DRAFT,2022,1,GENERATED
PIT,PIT_OG_04,OG,4,ACTIVE,IR,4,WAIVER_CLAIM,2021,0,GENERATED
PIT,PIT_OG_05,OG,49,PRACTICE_SQUAD_CANDIDATE,NONE,5,DRAFT,2026,0,GENERATED
PIT,PIT_OG_06,OG,57,CAMP_BODY,NONE,6,UDFA_SIGNING,2026,0,GENERATED
PIT,PIT_C_01,C,8,ACTIVE,NONE,1,DRAFT,2026,1,GENERATED
PIT,PIT_C_02,C,35,ACTIVE,DAY_TO_DAY,2,DRAFT,2026,1,GENERATED
PIT,PIT_C_03,C,68,PRACTICE_SQUAD_CANDIDATE,NONE,3,DRAFT,2025,0,GENERATED
PIT,PIT_EDGE_01,EDGE,85,ACTIVE,NONE,1,FREE_AGENCY,2024,1,GENERATED
PIT,PIT_EDGE_02,EDGE,18,ACTIVE,NONE,2,DRAFT,2023,1,GENERATED
PIT,PIT_EDGE_03,EDGE,17,ACTIVE,NONE,3,DRAFT,2025,1,GENERATED
PIT,PIT_EDGE_04,EDGE,76,ACTIVE,NONE,4,FREE_AGENCY,2024,1,GENERATED
PIT,PIT_EDGE_05,EDGE,78,ACTIVE,IR,5,DRAFT,2026,0,GENERATED
PIT,PIT_EDGE_06,EDGE,74,PRACTICE_SQUAD_CANDIDATE,NONE,6,UDFA_SIGNING,2025,0,GENERATED
PIT,PIT_EDGE_07,EDGE,3,PRACTICE_SQUAD_CANDIDATE,NONE,7,FREE_AGENCY,2026,0,GENERATED
PIT,PIT_EDGE_08,EDGE,89,CAMP_BODY,NONE,8,UDFA_SIGNING,2026,0,GENERATED
PIT,PIT_EDGE_09,EDGE,40,CAMP_BODY,NONE,9,UDFA_SIGNING,2026,0,GENERATED
PIT,PIT_DT_01,DT,50,ACTIVE,NONE,1,DRAFT,2022,1,GENERATED
PIT,PIT_DT_02,DT,15,ACTIVE,NONE,2,FREE_AGENCY,2023,1,GENERATED
PIT,PIT_DT_03,DT,28,ACTIVE,NONE,3,FREE_AGENCY,2023,1,GENERATED
PIT,PIT_DT_04,DT,93,ACTIVE,IR,4,DRAFT,2024,0,GENERATED
PIT,PIT_DT_05,DT,92,ACTIVE,PUP,5,RE_SIGNED,2020,0,GENERATED
PIT,PIT_DT_06,DT,20,PRACTICE_SQUAD_CANDIDATE,NONE,6,UDFA_SIGNING,2025,0,GENERATED
PIT,PIT_DT_07,DT,26,CAMP_BODY,NONE,7,DRAFT,2026,0,GENERATED
PIT,PIT_DT_08,DT,9,CAMP_BODY,NONE,8,UDFA_SIGNING,2025,0,GENERATED
PIT,PIT_LB_01,LB,81,ACTIVE,NONE,1,RE_SIGNED,2026,1,GENERATED
PIT,PIT_LB_02,LB,71,ACTIVE,NONE,2,DRAFT,2023,1,GENERATED
PIT,PIT_LB_03,LB,65,ACTIVE,NONE,3,FREE_AGENCY,2015,1,GENERATED
PIT,PIT_LB_04,LB,79,ACTIVE,NONE,4,DRAFT,2024,1,GENERATED
PIT,PIT_LB_05,LB,47,ACTIVE,NONE,5,FREE_AGENCY,2026,1,GENERATED
PIT,PIT_LB_06,LB,61,PRACTICE_SQUAD_CANDIDATE,NONE,6,FREE_AGENCY,2025,0,GENERATED
PIT,PIT_LB_07,LB,58,CAMP_BODY,NONE,7,DRAFT,2025,0,GENERATED
PIT,PIT_LB_08,LB,66,CAMP_BODY,NONE,8,DRAFT,2026,0,GENERATED
PIT,PIT_CB_01,CB,51,ACTIVE,NONE,1,DRAFT,2023,1,GENERATED
PIT,PIT_CB_02,CB,75,ACTIVE,NONE,2,RE_SIGNED,2022,1,GENERATED
PIT,PIT_CB_03,CB,67,ACTIVE,NONE,3,DRAFT,2026,1,GENERATED
PIT,PIT_CB_04,CB,55,ACTIVE,NONE,4,DRAFT,2026,1,GENERATED
PIT,PIT_CB_05,CB,60,ACTIVE,DAY_TO_DAY,5,DRAFT,2026,1,GENERATED
PIT,PIT_CB_06,CB,42,ACTIVE,NONE,6,DRAFT,2025,1,GENERATED
PIT,PIT_CB_07,CB,98,PRACTICE_SQUAD_CANDIDATE,NONE,7,DRAFT,2025,0,GENERATED
PIT,PIT_CB_08,CB,83,PRACTICE_SQUAD_CANDIDATE,NONE,8,WAIVER_CLAIM,2026,0,GENERATED
PIT,PIT_CB_09,CB,63,CAMP_BODY,NONE,9,UDFA_SIGNING,2025,0,GENERATED
PIT,PIT_CB_10,CB,39,CAMP_BODY,NONE,10,WAIVER_CLAIM,2025,0,GENERATED
PIT,PIT_CB_11,CB,34,CAMP_BODY,NONE,11,DRAFT,2025,0,GENERATED
PIT,PIT_S_01,S,14,ACTIVE,NONE,1,DRAFT,2025,1,GENERATED
PIT,PIT_S_02,S,90,ACTIVE,NONE,2,DRAFT,2023,1,GENERATED
PIT,PIT_S_03,S,21,ACTIVE,NONE,3,DRAFT,2025,1,GENERATED
PIT,PIT_S_04,S,62,ACTIVE,NONE,4,FREE_AGENCY,2021,1,GENERATED
PIT,PIT_S_05,S,13,PRACTICE_SQUAD_CANDIDATE,NONE,5,UDFA_SIGNING,2025,0,GENERATED
PIT,PIT_S_06,S,73,CAMP_BODY,NONE,6,UDFA_SIGNING,2026,0,GENERATED
PIT,PIT_S_07,S,1,CAMP_BODY,NONE,7,UDFA_SIGNING,2025,0,GENERATED
PIT,PIT_K_01,K,54,ACTIVE,NONE,1,WAIVER_CLAIM,2024,1,GENERATED
PIT,PIT_K_02,K,59,PRACTICE_SQUAD_CANDIDATE,NONE,2,DRAFT,2026,0,GENERATED
PIT,PIT_P_01,P,22,ACTIVE,NONE,1,WAIVER_CLAIM,2022,1,GENERATED
PIT,PIT_P_02,P,48,PRACTICE_SQUAD_CANDIDATE,NONE,2,DRAFT,2023,0,GENERATED
PIT,PIT_LS_01,LS,24,ACTIVE,NONE,1,FREE_AGENCY,2026,1,GENERATED
CLE,CLE_QB_01,QB,99,ACTIVE,NONE,1,DRAFT,2026,1,GENERATED
CLE,CLE_QB_02,QB,27,ACTIVE,NONE,2,FREE_AGENCY,2023,1,GENERATED
CLE,CLE_QB_03,QB,10,PRACTICE_SQUAD_CANDIDATE,NONE,3,DRAFT,2026,0,GENERATED
CLE,CLE_QB_04,QB,85,CAMP_BODY,NONE,4,DRAFT,2026,0,GENERATED
CLE,CLE_RB_01,RB,21,ACTIVE,NONE,1,FREE_AGENCY,2020,1,GENERATED
CLE,CLE_RB_02,RB,76,ACTIVE,NONE,2,DRAFT,2026,1,GENERATED
CLE,CLE_RB_03,RB,70,ACTIVE,NONE,3,RE_SIGNED,2025,1,GENERATED
CLE,CLE_RB_04,RB,92,PRACTICE_SQUAD_CANDIDATE,NONE,4,RE_SIGNED,2024,0,GENERATED
CLE,CLE_RB_05,RB,38,CAMP_BODY,NONE,5,FREE_AGENCY,2025,0,GENERATED
CLE,CLE_FB_01,FB,15,ACTIVE,DAY_TO_DAY,1,FREE_AGENCY,2016,1,GENERATED
CLE,CLE_WR_01,WR,60,ACTIVE,PUP,1,TRADE,2014,0,GENERATED
CLE,CLE_WR_02,WR,48,ACTIVE,NONE,2,DRAFT,2025,1,GENERATED
CLE,CLE_WR_03,WR,55,ACTIVE,NONE,3,FREE_AGENCY,2025,1,GENERATED
CLE,CLE_WR_04,WR,32,ACTIVE,NONE,4,DRAFT,2024,1,GENERATED
CLE,CLE_WR_05,WR,72,ACTIVE,NONE,5,DRAFT,2026,1,GENERATED
CLE,CLE_WR_06,WR,4,ACTIVE,NONE,6,DRAFT,2025,1,GENERATED
CLE,CLE_WR_07,WR,77,PRACTICE_SQUAD_CANDIDATE,NONE,7,DRAFT,2026,0,GENERATED
CLE,CLE_WR_08,WR,63,PRACTICE_SQUAD_CANDIDATE,NONE,8,FREE_AGENCY,2024,0,GENERATED
CLE,CLE_WR_09,WR,84,CAMP_BODY,NONE,9,FREE_AGENCY,2025,0,GENERATED
CLE,CLE_WR_10,WR,20,CAMP_BODY,NONE,10,DRAFT,2026,0,GENERATED
CLE,CLE_WR_11,WR,78,CAMP_BODY,NONE,11,DRAFT,2026,0,GENERATED
CLE,CLE_TE_01,TE,93,ACTIVE,NONE,1,DRAFT,2026,1,GENERATED
CLE,CLE_TE_02,TE,37,ACTIVE,NONE,2,DRAFT,2025,1,GENERATED
CLE,CLE_TE_03,TE,47,ACTIVE,NONE,3,DRAFT,2024,1,GENERATED
CLE,CLE_TE_04,TE,56,PRACTICE_SQUAD_CANDIDATE,NONE,4,DRAFT,2025,0,GENERATED
CLE,CLE_TE_05,TE,28,CAMP_BODY,NONE,5,DRAFT,2026,0,GENERATED
CLE,CLE_TE_06,TE,89,CAMP_BODY,NONE,6,DRAFT,2026,0,GENERATED
CLE,CLE_OT_01,OT,33,ACTIVE,NONE,1,RE_SIGNED,2019,1,GENERATED
CLE,CLE_OT_02,OT,45,ACTIVE,NONE,2,DRAFT,2026,1,GENERATED
CLE,CLE_OT_03,OT,62,ACTIVE,NONE,3,FREE_AGENCY,2021,1,GENERATED
CLE,CLE_OT_04,OT,97,ACTIVE,NONE,4,DRAFT,2026,1,GENERATED
CLE,CLE_OT_05,OT,24,PRACTICE_SQUAD_CANDIDATE,NONE,5,UDFA_SIGNING,2026,0,GENERATED
CLE,CLE_OT_06,OT,74,CAMP_BODY,NONE,6,DRAFT,2025,0,GENERATED
CLE,CLE_OG_01,OG,69,ACTIVE,NONE,1,FREE_AGENCY,2024,1,GENERATED
CLE,CLE_OG_02,OG,82,ACTIVE,NONE,2,DRAFT,2025,1,GENERATED
CLE,CLE_OG_03,OG,68,ACTIVE,NONE,3,DRAFT,2024,1,GENERATED
CLE,CLE_OG_04,OG,51,ACTIVE,IR,4,DRAFT,2025,0,GENERATED
CLE,CLE_OG_05,OG,88,PRACTICE_SQUAD_CANDIDATE,NONE,5,DRAFT,2025,0,GENERATED
CLE,CLE_OG_06,OG,14,CAMP_BODY,NONE,6,DRAFT,2025,0,GENERATED
CLE,CLE_C_01,C,80,ACTIVE,NONE,1,FREE_AGENCY,2023,1,GENERATED
CLE,CLE_C_02,C,53,ACTIVE,DAY_TO_DAY,2,DRAFT,2026,1,GENERATED
CLE,CLE_C_03,C,8,PRACTICE_SQUAD_CANDIDATE,NONE,3,TRADE,2023,0,GENERATED
CLE,CLE_EDGE_01,EDGE,6,ACTIVE,DAY_TO_DAY,1,DRAFT,2023,1,GENERATED
CLE,CLE_EDGE_02,EDGE,57,ACTIVE,NONE,2,RE_SIGNED,2023,1,GENERATED
CLE,CLE_EDGE_03,EDGE,46,ACTIVE,DAY_TO_DAY,3,DRAFT,2026,1,GENERATED
CLE,CLE_EDGE_04,EDGE,7,ACTIVE,NONE,4,FREE_AGENCY,2025,1,GENERATED
CLE,CLE_EDGE_05,EDGE,2,ACTIVE,NONE,5,TRADE,2023,1,GENERATED
CLE,CLE_EDGE_06,EDGE,71,PRACTICE_SQUAD_CANDIDATE,NONE,6,WAIVER_CLAIM,2025,0,GENERATED
CLE,CLE_EDGE_07,EDGE,5,PRACTICE_SQUAD_CANDIDATE,DAY_TO_DAY,7,DRAFT,2026,0,GENERATED
CLE,CLE_EDGE_08,EDGE,75,CAMP_BODY,NONE,8,UDFA_SIGNING,2025,0,GENERATED
CLE,CLE_EDGE_09,EDGE,9,CAMP_BODY,NONE,9,DRAFT,2025,0,GENERATED
CLE,CLE_DT_01,DT,16,ACTIVE,NONE,1,FREE_AGENCY,2021,1,GENERATED
CLE,CLE_DT_02,DT,42,ACTIVE,NONE,2,DRAFT,2025,1,GENERATED
CLE,CLE_DT_03,DT,12,ACTIVE,NONE,3,FREE_AGENCY,2025,1,GENERATED
CLE,CLE_DT_04,DT,86,ACTIVE,NONE,4,DRAFT,2026,1,GENERATED
CLE,CLE_DT_05,DT,59,ACTIVE,NONE,5,TRADE,2019,1,GENERATED
CLE,CLE_DT_06,DT,41,PRACTICE_SQUAD_CANDIDATE,NONE,6,DRAFT,2025,0,GENERATED
CLE,CLE_DT_07,DT,22,CAMP_BODY,NONE,7,UDFA_SIGNING,2026,0,GENERATED
CLE,CLE_DT_08,DT,58,CAMP_BODY,NONE,8,UDFA_SIGNING,2026,0,GENERATED
CLE,CLE_LB_01,LB,34,ACTIVE,NONE,1,DRAFT,2023,1,GENERATED
CLE,CLE_LB_02,LB,79,ACTIVE,NONE,2,DRAFT,2024,1,GENERATED
CLE,CLE_LB_03,LB,11,ACTIVE,NONE,3,FREE_AGENCY,2026,1,GENERATED
CLE,CLE_LB_04,LB,3,ACTIVE,NONE,4,TRADE,2023,1,GENERATED
CLE,CLE_LB_05,LB,25,ACTIVE,NONE,5,RE_SIGNED,2019,1,GENERATED
CLE,CLE_LB_06,LB,30,PRACTICE_SQUAD_CANDIDATE,NONE,6,DRAFT,2026,0,GENERATED
CLE,CLE_LB_07,LB,31,CAMP_BODY,NONE,7,UDFA_SIGNING,2026,0,GENERATED
CLE,CLE_LB_08,LB,73,CAMP_BODY,NONE,8,DRAFT,2025,0,GENERATED
CLE,CLE_CB_01,CB,29,ACTIVE,NONE,1,DRAFT,2022,1,GENERATED
CLE,CLE_CB_02,CB,26,ACTIVE,NONE,2,DRAFT,2024,1,GENERATED
CLE,CLE_CB_03,CB,43,ACTIVE,NONE,3,DRAFT,2025,1,GENERATED
CLE,CLE_CB_04,CB,81,ACTIVE,NONE,4,DRAFT,2024,1,GENERATED
CLE,CLE_CB_05,CB,17,ACTIVE,NONE,5,FREE_AGENCY,2022,1,GENERATED
CLE,CLE_CB_06,CB,98,ACTIVE,NONE,6,FREE_AGENCY,2015,1,GENERATED
CLE,CLE_CB_07,CB,54,PRACTICE_SQUAD_CANDIDATE,NONE,7,DRAFT,2026,0,GENERATED
CLE,CLE_CB_08,CB,61,PRACTICE_SQUAD_CANDIDATE,NONE,8,UDFA_SIGNING,2025,0,GENERATED
CLE,CLE_CB_09,CB,52,CAMP_BODY,NONE,9,FREE_AGENCY,2026,0,GENERATED
CLE,CLE_CB_10,CB,87,CAMP_BODY,NONE,10,UDFA_SIGNING,2026,0,GENERATED
CLE,CLE_CB_11,CB,95,CAMP_BODY,NONE,11,UDFA_SIGNING,2025,0,GENERATED
CLE,CLE_S_01,S,83,ACTIVE,NONE,1,DRAFT,2025,1,GENERATED
CLE,CLE_S_02,S,18,ACTIVE,NONE,2,WAIVER_CLAIM,2023,1,GENERATED
CLE,CLE_S_03,S,50,ACTIVE,NONE,3,DRAFT,2023,1,GENERATED
CLE,CLE_S_04,S,40,ACTIVE,NONE,4,UDFA_SIGNING,2025,1,GENERATED
CLE,CLE_S_05,S,65,PRACTICE_SQUAD_CANDIDATE,NONE,5,DRAFT,2025,0,GENERATED
CLE,CLE_S_06,S,66,CAMP_BODY,NONE,6,DRAFT,2026,0,GENERATED
CLE,CLE_S_07,S,13,CAMP_BODY,NONE,7,UDFA_SIGNING,2025,0,GENERATED
CLE,CLE_K_01,K,36,ACTIVE,NONE,1,DRAFT,2025,1,GENERATED
CLE,CLE_K_02,K,35,PRACTICE_SQUAD_CANDIDATE,NONE,2,DRAFT,2025,0,GENERATED
CLE,CLE_P_01,P,1,ACTIVE,NONE,1,FREE_AGENCY,2024,1,GENERATED
CLE,CLE_P_02,P,94,PRACTICE_SQUAD_CANDIDATE,NONE,2,UDFA_SIGNING,2025,0,GENERATED
CLE,CLE_LS_01,LS,67,ACTIVE,NONE,1,DRAFT,2024,1,GENERATED
CIN,CIN_QB_01,QB,96,ACTIVE,DAY_TO_DAY,1,DRAFT,2025,1,GENERATED
CIN,CIN_QB_02,QB,95,ACTIVE,NONE,2,DRAFT,2024,1,GENERATED
CIN,CIN_QB_03,QB,32,PRACTICE_SQUAD_CANDIDATE,NONE,3,DRAFT,2026,0,GENERATED
CIN,CIN_QB_04,QB,57,CAMP_BODY,NONE,4,DRAFT,2026,0,GENERATED
CIN,CIN_RB_01,RB,1,ACTIVE,NONE,1,DRAFT,2025,1,GENERATED
CIN,CIN_RB_02,RB,34,ACTIVE,NONE,2,DRAFT,2025,1,GENERATED
CIN,CIN_RB_03,RB,92,ACTIVE,NONE,3,FREE_AGENCY,2023,1,GENERATED
CIN,CIN_RB_04,RB,25,PRACTICE_SQUAD_CANDIDATE,NONE,4,DRAFT,2025,0,GENERATED
CIN,CIN_RB_05,RB,14,CAMP_BODY,NONE,5,DRAFT,2025,0,GENERATED
CIN,CIN_FB_01,FB,62,ACTIVE,NONE,1,DRAFT,2026,1,GENERATED
CIN,CIN_WR_01,WR,19,ACTIVE,NONE,1,DRAFT,2024,1,GENERATED
CIN,CIN_WR_02,WR,43,ACTIVE,NONE,2,DRAFT,2024,1,GENERATED
CIN,CIN_WR_03,WR,12,ACTIVE,NONE,3,FREE_AGENCY,2022,1,GENERATED
CIN,CIN_WR_04,WR,76,ACTIVE,NONE,4,DRAFT,2025,1,GENERATED
CIN,CIN_WR_05,WR,47,ACTIVE,NONE,5,TRADE,2023,1,GENERATED
CIN,CIN_WR_06,WR,20,ACTIVE,NONE,6,DRAFT,2025,1,GENERATED
CIN,CIN_WR_07,WR,44,PRACTICE_SQUAD_CANDIDATE,NONE,7,WAIVER_CLAIM,2025,0,GENERATED
CIN,CIN_WR_08,WR,42,PRACTICE_SQUAD_CANDIDATE,NONE,8,DRAFT,2026,0,GENERATED
CIN,CIN_WR_09,WR,82,CAMP_BODY,DAY_TO_DAY,9,UDFA_SIGNING,2026,0,GENERATED
CIN,CIN_WR_10,WR,35,CAMP_BODY,PUP,10,WAIVER_CLAIM,2023,0,GENERATED
CIN,CIN_WR_11,WR,75,CAMP_BODY,NONE,11,DRAFT,2025,0,GENERATED
CIN,CIN_TE_01,TE,99,ACTIVE,DAY_TO_DAY,1,DRAFT,2025,1,GENERATED
CIN,CIN_TE_02,TE,67,ACTIVE,NONE,2,DRAFT,2025,1,GENERATED
CIN,CIN_TE_03,TE,33,ACTIVE,NONE,3,DRAFT,2025,1,GENERATED
CIN,CIN_TE_04,TE,72,PRACTICE_SQUAD_CANDIDATE,NONE,4,DRAFT,2026,0,GENERATED
CIN,CIN_TE_05,TE,60,CAMP_BODY,NONE,5,UDFA_SIGNING,2025,0,GENERATED
CIN,CIN_TE_06,TE,24,CAMP_BODY,NONE,6,DRAFT,2025,0,GENERATED
CIN,CIN_OT_01,OT,13,ACTIVE,NONE,1,FREE_AGENCY,2024,1,GENERATED
CIN,CIN_OT_02,OT,9,ACTIVE,NONE,2,FREE_AGENCY,2024,1,GENERATED
CIN,CIN_OT_03,OT,31,ACTIVE,DAY_TO_DAY,3,DRAFT,2024,1,GENERATED
CIN,CIN_OT_04,OT,53,ACTIVE,NONE,4,DRAFT,2024,1,GENERATED
CIN,CIN_OT_05,OT,94,PRACTICE_SQUAD_CANDIDATE,DAY_TO_DAY,5,UDFA_SIGNING,2025,0,GENERATED
CIN,CIN_OT_06,OT,83,CAMP_BODY,NONE,6,UDFA_SIGNING,2025,0,GENERATED
CIN,CIN_OG_01,OG,30,ACTIVE,NONE,1,WAIVER_CLAIM,2021,1,GENERATED
CIN,CIN_OG_02,OG,22,ACTIVE,NONE,2,DRAFT,2026,1,GENERATED
CIN,CIN_OG_03,OG,81,ACTIVE,NONE,3,DRAFT,2025,1,GENERATED
CIN,CIN_OG_04,OG,21,ACTIVE,NONE,4,DRAFT,2023,1,GENERATED
CIN,CIN_OG_05,OG,6,PRACTICE_SQUAD_CANDIDATE,NONE,5,DRAFT,2026,0,GENERATED
CIN,CIN_OG_06,OG,80,CAMP_BODY,NONE,6,DRAFT,2026,0,GENERATED
CIN,CIN_C_01,C,87,ACTIVE,NONE,1,DRAFT,2026,1,GENERATED
CIN,CIN_C_02,C,40,ACTIVE,NONE,2,RE_SIGNED,2026,1,GENERATED
CIN,CIN_C_03,C,98,PRACTICE_SQUAD_CANDIDATE,NONE,3,DRAFT,2025,0,GENERATED
CIN,CIN_EDGE_01,EDGE,63,ACTIVE,NONE,1,TRADE,2025,1,GENERATED
CIN,CIN_EDGE_02,EDGE,65,ACTIVE,NONE,2,FREE_AGENCY,2026,1,GENERATED
CIN,CIN_EDGE_03,EDGE,68,ACTIVE,NONE,3,DRAFT,2022,1,GENERATED
CIN,CIN_EDGE_04,EDGE,74,ACTIVE,IR,4,UDFA_SIGNING,2025,0,GENERATED
CIN,CIN_EDGE_05,EDGE,37,ACTIVE,NONE,5,DRAFT,2024,1,GENERATED
CIN,CIN_EDGE_06,EDGE,84,PRACTICE_SQUAD_CANDIDATE,NONE,6,RE_SIGNED,2023,0,GENERATED
CIN,CIN_EDGE_07,EDGE,38,PRACTICE_SQUAD_CANDIDATE,NONE,7,UDFA_SIGNING,2026,0,GENERATED
CIN,CIN_EDGE_08,EDGE,56,CAMP_BODY,NONE,8,UDFA_SIGNING,2026,0,GENERATED
CIN,CIN_EDGE_09,EDGE,73,CAMP_BODY,NONE,9,UDFA_SIGNING,2026,0,GENERATED
CIN,CIN_DT_01,DT,58,ACTIVE,NONE,1,WAIVER_CLAIM,2026,1,GENERATED
CIN,CIN_DT_02,DT,78,ACTIVE,NONE,2,DRAFT,2024,1,GENERATED
CIN,CIN_DT_03,DT,91,ACTIVE,DAY_TO_DAY,3,FREE_AGENCY,2026,1,GENERATED
CIN,CIN_DT_04,DT,55,ACTIVE,NONE,4,FREE_AGENCY,2026,1,GENERATED
CIN,CIN_DT_05,DT,10,ACTIVE,NONE,5,DRAFT,2026,1,GENERATED
CIN,CIN_DT_06,DT,88,PRACTICE_SQUAD_CANDIDATE,NONE,6,DRAFT,2023,0,GENERATED
CIN,CIN_DT_07,DT,71,CAMP_BODY,NONE,7,UDFA_SIGNING,2026,0,GENERATED
CIN,CIN_DT_08,DT,50,CAMP_BODY,NONE,8,UDFA_SIGNING,2025,0,GENERATED
CIN,CIN_LB_01,LB,11,ACTIVE,NONE,1,WAIVER_CLAIM,2024,1,GENERATED
CIN,CIN_LB_02,LB,66,ACTIVE,NONE,2,DRAFT,2026,1,GENERATED
CIN,CIN_LB_03,LB,18,ACTIVE,NONE,3,RE_SIGNED,2024,1,GENERATED
CIN,CIN_LB_04,LB,17,ACTIVE,NONE,4,DRAFT,2025,1,GENERATED
CIN,CIN_LB_05,LB,85,ACTIVE,NONE,5,TRADE,2024,1,GENERATED
CIN,CIN_LB_06,LB,79,PRACTICE_SQUAD_CANDIDATE,DAY_TO_DAY,6,DRAFT,2026,0,GENERATED
CIN,CIN_LB_07,LB,23,CAMP_BODY,NONE,7,UDFA_SIGNING,2026,0,GENERATED
CIN,CIN_LB_08,LB,5,CAMP_BODY,NONE,8,FREE_AGENCY,2022,0,GENERATED
CIN,CIN_CB_01,CB,45,ACTIVE,NONE,1,DRAFT,2026,1,GENERATED
CIN,CIN_CB_02,CB,54,ACTIVE,NONE,2,FREE_AGENCY,2021,1,GENERATED
CIN,CIN_CB_03,CB,97,ACTIVE,NONE,3,DRAFT,2026,1,GENERATED
CIN,CIN_CB_04,CB,46,ACTIVE,NONE,4,FREE_AGENCY,2026,1,GENERATED
CIN,CIN_CB_05,CB,59,ACTIVE,PUP,5,FREE_AGENCY,2023,0,GENERATED
CIN,CIN_CB_06,CB,69,ACTIVE,NONE,6,UDFA_SIGNING,2025,1,GENERATED
CIN,CIN_CB_07,CB,28,PRACTICE_SQUAD_CANDIDATE,NONE,7,DRAFT,2026,0,GENERATED
CIN,CIN_CB_08,CB,90,PRACTICE_SQUAD_CANDIDATE,NONE,8,UDFA_SIGNING,2026,0,GENERATED
CIN,CIN_CB_09,CB,2,CAMP_BODY,NONE,9,UDFA_SIGNING,2026,0,GENERATED
CIN,CIN_CB_10,CB,7,CAMP_BODY,NONE,10,UDFA_SIGNING,2025,0,GENERATED
CIN,CIN_CB_11,CB,36,CAMP_BODY,NONE,11,UDFA_SIGNING,2025,0,GENERATED
CIN,CIN_S_01,S,27,ACTIVE,NONE,1,DRAFT,2025,1,GENERATED
CIN,CIN_S_02,S,29,ACTIVE,NONE,2,TRADE,2023,1,GENERATED
CIN,CIN_S_03,S,52,ACTIVE,NONE,3,DRAFT,2022,1,GENERATED
CIN,CIN_S_04,S,39,ACTIVE,NONE,4,RE_SIGNED,2026,1,GENERATED
CIN,CIN_S_05,S,16,PRACTICE_SQUAD_CANDIDATE,NONE,5,DRAFT,2025,0,GENERATED
CIN,CIN_S_06,S,86,CAMP_BODY,NONE,6,DRAFT,2025,0,GENERATED
CIN,CIN_S_07,S,48,CAMP_BODY,NONE,7,UDFA_SIGNING,2026,0,GENERATED
CIN,CIN_K_01,K,89,ACTIVE,NONE,1,DRAFT,2022,1,GENERATED
CIN,CIN_K_02,K,41,PRACTICE_SQUAD_CANDIDATE,NONE,2,FREE_AGENCY,2024,0,GENERATED
CIN,CIN_P_01,P,77,ACTIVE,IR,1,DRAFT,2024,0,GENERATED
CIN,CIN_P_02,P,8,PRACTICE_SQUAD_CANDIDATE,NONE,2,DRAFT,2022,0,GENERATED
CIN,CIN_LS_01,LS,3,ACTIVE,NONE,1,FREE_AGENCY,2020,1,GENERATED
HOU,HOU_QB_01,QB,48,ACTIVE,NONE,1,WAIVER_CLAIM,2022,1,GENERATED
HOU,HOU_QB_02,QB,31,ACTIVE,DAY_TO_DAY,2,FREE_AGENCY,2025,1,GENERATED
HOU,HOU_QB_03,QB,72,PRACTICE_SQUAD_CANDIDATE,NONE,3,UDFA_SIGNING,2026,0,GENERATED
HOU,HOU_QB_04,QB,17,CAMP_BODY,NONE,4,DRAFT,2024,0,GENERATED
HOU,HOU_RB_01,RB,54,ACTIVE,NONE,1,RE_SIGNED,2021,1,GENERATED
HOU,HOU_RB_02,RB,85,ACTIVE,NONE,2,DRAFT,2025,1,GENERATED
HOU,HOU_RB_03,RB,94,ACTIVE,NONE,3,DRAFT,2024,1,GENERATED
HOU,HOU_RB_04,RB,4,PRACTICE_SQUAD_CANDIDATE,NONE,4,DRAFT,2025,0,GENERATED
HOU,HOU_RB_05,RB,62,CAMP_BODY,NONE,5,DRAFT,2026,0,GENERATED
HOU,HOU_FB_01,FB,79,ACTIVE,IR,1,FREE_AGENCY,2025,0,GENERATED
HOU,HOU_WR_01,WR,15,ACTIVE,NONE,1,DRAFT,2025,1,GENERATED
HOU,HOU_WR_02,WR,19,ACTIVE,NONE,2,TRADE,2021,1,GENERATED
HOU,HOU_WR_03,WR,80,ACTIVE,NONE,3,FREE_AGENCY,2021,1,GENERATED
HOU,HOU_WR_04,WR,69,ACTIVE,NONE,4,FREE_AGENCY,2020,1,GENERATED
HOU,HOU_WR_05,WR,98,ACTIVE,NONE,5,DRAFT,2026,1,GENERATED
HOU,HOU_WR_06,WR,38,ACTIVE,NONE,6,DRAFT,2026,1,GENERATED
HOU,HOU_WR_07,WR,95,PRACTICE_SQUAD_CANDIDATE,NONE,7,FREE_AGENCY,2026,0,GENERATED
HOU,HOU_WR_08,WR,66,PRACTICE_SQUAD_CANDIDATE,NONE,8,RE_SIGNED,2021,0,GENERATED
HOU,HOU_WR_09,WR,25,CAMP_BODY,NONE,9,RE_SIGNED,2025,0,GENERATED
HOU,HOU_WR_10,WR,84,CAMP_BODY,NONE,10,DRAFT,2025,0,GENERATED
HOU,HOU_WR_11,WR,40,CAMP_BODY,NONE,11,DRAFT,2026,0,GENERATED
HOU,HOU_TE_01,TE,29,ACTIVE,NONE,1,FREE_AGENCY,2026,1,GENERATED
HOU,HOU_TE_02,TE,45,ACTIVE,NONE,2,FREE_AGENCY,2022,1,GENERATED
HOU,HOU_TE_03,TE,75,ACTIVE,NONE,3,FREE_AGENCY,2024,1,GENERATED
HOU,HOU_TE_04,TE,49,PRACTICE_SQUAD_CANDIDATE,NONE,4,UDFA_SIGNING,2025,0,GENERATED
HOU,HOU_TE_05,TE,3,CAMP_BODY,NONE,5,DRAFT,2026,0,GENERATED
HOU,HOU_TE_06,TE,47,CAMP_BODY,NONE,6,UDFA_SIGNING,2026,0,GENERATED
HOU,HOU_OT_01,OT,23,ACTIVE,NONE,1,DRAFT,2026,1,GENERATED
HOU,HOU_OT_02,OT,10,ACTIVE,NONE,2,DRAFT,2024,1,GENERATED
HOU,HOU_OT_03,OT,83,ACTIVE,NONE,3,DRAFT,2026,1,GENERATED
HOU,HOU_OT_04,OT,1,ACTIVE,NONE,4,DRAFT,2025,1,GENERATED
HOU,HOU_OT_05,OT,51,PRACTICE_SQUAD_CANDIDATE,NONE,5,DRAFT,2025,0,GENERATED
HOU,HOU_OT_06,OT,57,CAMP_BODY,NONE,6,DRAFT,2026,0,GENERATED
HOU,HOU_OG_01,OG,93,ACTIVE,NONE,1,TRADE,2019,1,GENERATED
HOU,HOU_OG_02,OG,55,ACTIVE,NONE,2,RE_SIGNED,2020,1,GENERATED
HOU,HOU_OG_03,OG,46,ACTIVE,NONE,3,DRAFT,2023,1,GENERATED
HOU,HOU_OG_04,OG,52,ACTIVE,NONE,4,FREE_AGENCY,2023,1,GENERATED
HOU,HOU_OG_05,OG,90,PRACTICE_SQUAD_CANDIDATE,NONE,5,UDFA_SIGNING,2025,0,GENERATED
HOU,HOU_OG_06,OG,39,CAMP_BODY,NONE,6,UDFA_SIGNING,2026,0,GENERATED
HOU,HOU_C_01,C,61,ACTIVE,NONE,1,DRAFT,2025,1,GENERATED
HOU,HOU_C_02,C,64,ACTIVE,NONE,2,UDFA_SIGNING,2026,1,GENERATED
HOU,HOU_C_03,C,77,PRACTICE_SQUAD_CANDIDATE,NONE,3,DRAFT,2025,0,GENERATED
HOU,HOU_EDGE_01,EDGE,11,ACTIVE,DAY_TO_DAY,1,FREE_AGENCY,2022,1,GENERATED
HOU,HOU_EDGE_02,EDGE,35,ACTIVE,NONE,2,FREE_AGENCY,2026,1,GENERATED
HOU,HOU_EDGE_03,EDGE,9,ACTIVE,NONE,3,FREE_AGENCY,2015,1,GENERATED
HOU,HOU_EDGE_04,EDGE,20,ACTIVE,NONE,4,RE_SIGNED,2025,1,GENERATED
HOU,HOU_EDGE_05,EDGE,67,ACTIVE,NONE,5,DRAFT,2025,1,GENERATED
HOU,HOU_EDGE_06,EDGE,97,PRACTICE_SQUAD_CANDIDATE,NONE,6,DRAFT,2025,0,GENERATED
HOU,HOU_EDGE_07,EDGE,89,PRACTICE_SQUAD_CANDIDATE,NONE,7,FREE_AGENCY,2021,0,GENERATED
HOU,HOU_EDGE_08,EDGE,56,CAMP_BODY,DAY_TO_DAY,8,UDFA_SIGNING,2025,0,GENERATED
HOU,HOU_EDGE_09,EDGE,41,CAMP_BODY,DAY_TO_DAY,9,DRAFT,2025,0,GENERATED
HOU,HOU_DT_01,DT,14,ACTIVE,IR,1,DRAFT,2025,0,GENERATED
HOU,HOU_DT_02,DT,13,ACTIVE,NONE,2,DRAFT,2024,1,GENERATED
HOU,HOU_DT_03,DT,73,ACTIVE,NONE,3,FREE_AGENCY,2022,1,GENERATED
HOU,HOU_DT_04,DT,22,ACTIVE,NONE,4,DRAFT,2025,1,GENERATED
HOU,HOU_DT_05,DT,18,ACTIVE,NONE,5,DRAFT,2025,1,GENERATED
HOU,HOU_DT_06,DT,8,PRACTICE_SQUAD_CANDIDATE,NONE,6,DRAFT,2026,0,GENERATED
HOU,HOU_DT_07,DT,92,CAMP_BODY,NONE,7,FREE_AGENCY,2021,0,GENERATED
HOU,HOU_DT_08,DT,2,CAMP_BODY,NONE,8,DRAFT,2025,0,GENERATED
HOU,HOU_LB_01,LB,63,ACTIVE,NONE,1,DRAFT,2026,1,GENERATED
HOU,HOU_LB_02,LB,87,ACTIVE,NONE,2,DRAFT,2024,1,GENERATED
HOU,HOU_LB_03,LB,50,ACTIVE,NONE,3,DRAFT,2025,1,GENERATED
HOU,HOU_LB_04,LB,96,ACTIVE,DAY_TO_DAY,4,DRAFT,2023,1,GENERATED
HOU,HOU_LB_05,LB,42,ACTIVE,NONE,5,FREE_AGENCY,2018,1,GENERATED
HOU,HOU_LB_06,LB,74,PRACTICE_SQUAD_CANDIDATE,NONE,6,DRAFT,2025,0,GENERATED
HOU,HOU_LB_07,LB,58,CAMP_BODY,NONE,7,DRAFT,2025,0,GENERATED
HOU,HOU_LB_08,LB,21,CAMP_BODY,NONE,8,UDFA_SIGNING,2025,0,GENERATED
HOU,HOU_CB_01,CB,76,ACTIVE,NONE,1,FREE_AGENCY,2019,1,GENERATED
HOU,HOU_CB_02,CB,27,ACTIVE,NONE,2,RE_SIGNED,2025,1,GENERATED
HOU,HOU_CB_03,CB,82,ACTIVE,NONE,3,DRAFT,2025,1,GENERATED
HOU,HOU_CB_04,CB,44,ACTIVE,NONE,4,DRAFT,2026,1,GENERATED
HOU,HOU_CB_05,CB,65,ACTIVE,NONE,5,DRAFT,2022,1,GENERATED
HOU,HOU_CB_06,CB,6,ACTIVE,DAY_TO_DAY,6,DRAFT,2025,1,GENERATED
HOU,HOU_CB_07,CB,59,PRACTICE_SQUAD_CANDIDATE,NONE,7,UDFA_SIGNING,2025,0,GENERATED
HOU,HOU_CB_08,CB,53,PRACTICE_SQUAD_CANDIDATE,NONE,8,DRAFT,2023,0,GENERATED
HOU,HOU_CB_09,CB,88,CAMP_BODY,NONE,9,DRAFT,2024,0,GENERATED
HOU,HOU_CB_10,CB,60,CAMP_BODY,NONE,10,UDFA_SIGNING,2026,0,GENERATED
HOU,HOU_CB_11,CB,78,CAMP_BODY,NONE,11,DRAFT,2025,0,GENERATED
HOU,HOU_S_01,S,12,ACTIVE,NONE,1,DRAFT,2024,1,GENERATED
HOU,HOU_S_02,S,32,ACTIVE,NONE,2,RE_SIGNED,2020,1,GENERATED
HOU,HOU_S_03,S,71,ACTIVE,NONE,3,DRAFT,2023,1,GENERATED
HOU,HOU_S_04,S,81,ACTIVE,NONE,4,DRAFT,2025,1,GENERATED
HOU,HOU_S_05,S,86,PRACTICE_SQUAD_CANDIDATE,NONE,5,WAIVER_CLAIM,2023,0,GENERATED
HOU,HOU_S_06,S,68,CAMP_BODY,NONE,6,FREE_AGENCY,2026,0,GENERATED
HOU,HOU_S_07,S,33,CAMP_BODY,NONE,7,DRAFT,2025,0,GENERATED
HOU,HOU_K_01,K,5,ACTIVE,NONE,1,DRAFT,2022,1,GENERATED
HOU,HOU_K_02,K,99,PRACTICE_SQUAD_CANDIDATE,NONE,2,DRAFT,2026,0,GENERATED
HOU,HOU_P_01,P,16,ACTIVE,NONE,1,TRADE,2025,1,GENERATED
HOU,HOU_P_02,P,28,PRACTICE_SQUAD_CANDIDATE,IR,2,WAIVER_CLAIM,2023,0,GENERATED
HOU,HOU_LS_01,LS,70,ACTIVE,NONE,1,TRADE,2015,1,GENERATED
IND,IND_QB_01,QB,4,ACTIVE,NONE,1,DRAFT,2026,1,GENERATED
IND,IND_QB_02,QB,10,ACTIVE,NONE,2,WAIVER_CLAIM,2026,1,GENERATED
IND,IND_QB_03,QB,61,PRACTICE_SQUAD_CANDIDATE,DAY_TO_DAY,3,DRAFT,2024,0,GENERATED
IND,IND_QB_04,QB,72,CAMP_BODY,NONE,4,FREE_AGENCY,2024,0,GENERATED
IND,IND_RB_01,RB,97,ACTIVE,DAY_TO_DAY,1,DRAFT,2025,1,GENERATED
IND,IND_RB_02,RB,66,ACTIVE,NONE,2,DRAFT,2025,1,GENERATED
IND,IND_RB_03,RB,68,ACTIVE,DAY_TO_DAY,3,DRAFT,2024,1,GENERATED
IND,IND_RB_04,RB,87,PRACTICE_SQUAD_CANDIDATE,NONE,4,DRAFT,2025,0,GENERATED
IND,IND_RB_05,RB,39,CAMP_BODY,NONE,5,RE_SIGNED,2026,0,GENERATED
IND,IND_FB_01,FB,89,ACTIVE,DAY_TO_DAY,1,FREE_AGENCY,2023,1,GENERATED
IND,IND_WR_01,WR,30,ACTIVE,NONE,1,DRAFT,2025,1,GENERATED
IND,IND_WR_02,WR,47,ACTIVE,NONE,2,DRAFT,2025,1,GENERATED
IND,IND_WR_03,WR,80,ACTIVE,NONE,3,RE_SIGNED,2019,1,GENERATED
IND,IND_WR_04,WR,38,ACTIVE,DAY_TO_DAY,4,DRAFT,2025,1,GENERATED
IND,IND_WR_05,WR,2,ACTIVE,DAY_TO_DAY,5,DRAFT,2026,1,GENERATED
IND,IND_WR_06,WR,65,ACTIVE,NONE,6,DRAFT,2026,1,GENERATED
IND,IND_WR_07,WR,84,PRACTICE_SQUAD_CANDIDATE,PUP,7,DRAFT,2026,0,GENERATED
IND,IND_WR_08,WR,14,PRACTICE_SQUAD_CANDIDATE,NONE,8,FREE_AGENCY,2025,0,GENERATED
IND,IND_WR_09,WR,60,CAMP_BODY,NONE,9,DRAFT,2026,0,GENERATED
IND,IND_WR_10,WR,94,CAMP_BODY,NONE,10,DRAFT,2026,0,GENERATED
IND,IND_WR_11,WR,18,CAMP_BODY,NONE,11,UDFA_SIGNING,2026,0,GENERATED
IND,IND_TE_01,TE,55,ACTIVE,NONE,1,FREE_AGENCY,2022,1,GENERATED
IND,IND_TE_02,TE,71,ACTIVE,NONE,2,UDFA_SIGNING,2026,1,GENERATED
IND,IND_TE_03,TE,90,ACTIVE,NONE,3,DRAFT,2024,1,GENERATED
IND,IND_TE_04,TE,64,PRACTICE_SQUAD_CANDIDATE,NONE,4,UDFA_SIGNING,2025,0,GENERATED
IND,IND_TE_05,TE,3,CAMP_BODY,NONE,5,UDFA_SIGNING,2025,0,GENERATED
IND,IND_TE_06,TE,1,CAMP_BODY,NONE,6,DRAFT,2026,0,GENERATED
IND,IND_OT_01,OT,56,ACTIVE,NONE,1,DRAFT,2025,1,GENERATED
IND,IND_OT_02,OT,22,ACTIVE,DAY_TO_DAY,2,RE_SIGNED,2026,1,GENERATED
IND,IND_OT_03,OT,20,ACTIVE,NONE,3,DRAFT,2025,1,GENERATED
IND,IND_OT_04,OT,93,ACTIVE,NONE,4,DRAFT,2023,1,GENERATED
IND,IND_OT_05,OT,51,PRACTICE_SQUAD_CANDIDATE,NONE,5,FREE_AGENCY,2023,0,GENERATED
IND,IND_OT_06,OT,26,CAMP_BODY,NONE,6,DRAFT,2026,0,GENERATED
IND,IND_OG_01,OG,78,ACTIVE,NONE,1,DRAFT,2022,1,GENERATED
IND,IND_OG_02,OG,52,ACTIVE,NONE,2,DRAFT,2022,1,GENERATED
IND,IND_OG_03,OG,50,ACTIVE,NONE,3,WAIVER_CLAIM,2025,1,GENERATED
IND,IND_OG_04,OG,41,ACTIVE,DAY_TO_DAY,4,DRAFT,2026,1,GENERATED
IND,IND_OG_05,OG,70,PRACTICE_SQUAD_CANDIDATE,DAY_TO_DAY,5,UDFA_SIGNING,2026,0,GENERATED
IND,IND_OG_06,OG,29,CAMP_BODY,NONE,6,DRAFT,2026,0,GENERATED
IND,IND_C_01,C,36,ACTIVE,NONE,1,DRAFT,2024,1,GENERATED
IND,IND_C_02,C,81,ACTIVE,NONE,2,FREE_AGENCY,2025,1,GENERATED
IND,IND_C_03,C,95,PRACTICE_SQUAD_CANDIDATE,NONE,3,UDFA_SIGNING,2025,0,GENERATED
IND,IND_EDGE_01,EDGE,13,ACTIVE,NONE,1,DRAFT,2025,1,GENERATED
IND,IND_EDGE_02,EDGE,12,ACTIVE,NONE,2,DRAFT,2023,1,GENERATED
IND,IND_EDGE_03,EDGE,99,ACTIVE,NONE,3,FREE_AGENCY,2024,1,GENERATED
IND,IND_EDGE_04,EDGE,46,ACTIVE,NONE,4,UDFA_SIGNING,2026,1,GENERATED
IND,IND_EDGE_05,EDGE,17,ACTIVE,NONE,5,DRAFT,2024,1,GENERATED
IND,IND_EDGE_06,EDGE,54,PRACTICE_SQUAD_CANDIDATE,NONE,6,WAIVER_CLAIM,2026,0,GENERATED
IND,IND_EDGE_07,EDGE,92,PRACTICE_SQUAD_CANDIDATE,NONE,7,TRADE,2023,0,GENERATED
IND,IND_EDGE_08,EDGE,5,CAMP_BODY,NONE,8,DRAFT,2025,0,GENERATED
IND,IND_EDGE_09,EDGE,44,CAMP_BODY,NONE,9,UDFA_SIGNING,2026,0,GENERATED
IND,IND_DT_01,DT,67,ACTIVE,NONE,1,DRAFT,2024,1,GENERATED
IND,IND_DT_02,DT,58,ACTIVE,NONE,2,FREE_AGENCY,2019,1,GENERATED
IND,IND_DT_03,DT,19,ACTIVE,NONE,3,DRAFT,2025,1,GENERATED
IND,IND_DT_04,DT,83,ACTIVE,NONE,4,FREE_AGENCY,2022,1,GENERATED
IND,IND_DT_05,DT,77,ACTIVE,NONE,5,DRAFT,2026,1,GENERATED
IND,IND_DT_06,DT,85,PRACTICE_SQUAD_CANDIDATE,NONE,6,DRAFT,2024,0,GENERATED
IND,IND_DT_07,DT,79,CAMP_BODY,NONE,7,DRAFT,2025,0,GENERATED
IND,IND_DT_08,DT,59,CAMP_BODY,NONE,8,DRAFT,2025,0,GENERATED
IND,IND_LB_01,LB,63,ACTIVE,NONE,1,DRAFT,2026,1,GENERATED
IND,IND_LB_02,LB,74,ACTIVE,NONE,2,DRAFT,2024,1,GENERATED
IND,IND_LB_03,LB,53,ACTIVE,NONE,3,FREE_AGENCY,2021,1,GENERATED
IND,IND_LB_04,LB,75,ACTIVE,NONE,4,DRAFT,2026,1,GENERATED
IND,IND_LB_05,LB,35,ACTIVE,DAY_TO_DAY,5,DRAFT,2026,1,GENERATED
IND,IND_LB_06,LB,45,PRACTICE_SQUAD_CANDIDATE,NONE,6,UDFA_SIGNING,2026,0,GENERATED
IND,IND_LB_07,LB,21,CAMP_BODY,PUP,7,DRAFT,2025,0,GENERATED
IND,IND_LB_08,LB,8,CAMP_BODY,NONE,8,UDFA_SIGNING,2026,0,GENERATED
IND,IND_CB_01,CB,27,ACTIVE,IR,1,DRAFT,2026,0,GENERATED
IND,IND_CB_02,CB,32,ACTIVE,NONE,2,DRAFT,2026,1,GENERATED
IND,IND_CB_03,CB,62,ACTIVE,NONE,3,DRAFT,2025,1,GENERATED
IND,IND_CB_04,CB,31,ACTIVE,NONE,4,WAIVER_CLAIM,2026,1,GENERATED
IND,IND_CB_05,CB,33,ACTIVE,NONE,5,DRAFT,2026,1,GENERATED
IND,IND_CB_06,CB,16,ACTIVE,NONE,6,DRAFT,2024,1,GENERATED
IND,IND_CB_07,CB,48,PRACTICE_SQUAD_CANDIDATE,DAY_TO_DAY,7,UDFA_SIGNING,2025,0,GENERATED
IND,IND_CB_08,CB,86,PRACTICE_SQUAD_CANDIDATE,NONE,8,DRAFT,2026,0,GENERATED
IND,IND_CB_09,CB,76,CAMP_BODY,PUP,9,UDFA_SIGNING,2026,0,GENERATED
IND,IND_CB_10,CB,9,CAMP_BODY,NONE,10,UDFA_SIGNING,2025,0,GENERATED
IND,IND_CB_11,CB,88,CAMP_BODY,NONE,11,UDFA_SIGNING,2025,0,GENERATED
IND,IND_S_01,S,24,ACTIVE,NONE,1,FREE_AGENCY,2018,1,GENERATED
IND,IND_S_02,S,91,ACTIVE,NONE,2,DRAFT,2022,1,GENERATED
IND,IND_S_03,S,11,ACTIVE,NONE,3,DRAFT,2025,1,GENERATED
IND,IND_S_04,S,49,ACTIVE,NONE,4,DRAFT,2024,1,GENERATED
IND,IND_S_05,S,37,PRACTICE_SQUAD_CANDIDATE,NONE,5,RE_SIGNED,2018,0,GENERATED
IND,IND_S_06,S,57,CAMP_BODY,NONE,6,UDFA_SIGNING,2025,0,GENERATED
IND,IND_S_07,S,28,CAMP_BODY,NONE,7,DRAFT,2026,0,GENERATED
IND,IND_K_01,K,34,ACTIVE,NONE,1,DRAFT,2025,1,GENERATED
IND,IND_K_02,K,7,PRACTICE_SQUAD_CANDIDATE,NONE,2,DRAFT,2025,0,GENERATED
IND,IND_P_01,P,98,ACTIVE,NONE,1,DRAFT,2026,1,GENERATED
IND,IND_P_02,P,6,PRACTICE_SQUAD_CANDIDATE,NONE,2,FREE_AGENCY,2026,0,GENERATED
IND,IND_LS_01,LS,40,ACTIVE,NONE,1,DRAFT,2025,1,GENERATED
JAX,JAX_QB_01,QB,70,ACTIVE,NONE,1,DRAFT,2026,1,GENERATED
JAX,JAX_QB_02,QB,11,ACTIVE,NONE,2,DRAFT,2026,1,GENERATED
JAX,JAX_QB_03,QB,98,PRACTICE_SQUAD_CANDIDATE,NONE,3,DRAFT,2024,0,GENERATED
JAX,JAX_QB_04,QB,92,CAMP_BODY,PUP,4,UDFA_SIGNING,2025,0,GENERATED
JAX,JAX_RB_01,RB,75,ACTIVE,NONE,1,DRAFT,2024,1,GENERATED
JAX,JAX_RB_02,RB,59,ACTIVE,NONE,2,DRAFT,2023,1,GENERATED
JAX,JAX_RB_03,RB,2,ACTIVE,IR,3,DRAFT,2026,0,GENERATED
JAX,JAX_RB_04,RB,72,PRACTICE_SQUAD_CANDIDATE,NONE,4,DRAFT,2024,0,GENERATED
JAX,JAX_RB_05,RB,34,CAMP_BODY,NONE,5,DRAFT,2026,0,GENERATED
JAX,JAX_FB_01,FB,81,ACTIVE,NONE,1,FREE_AGENCY,2019,1,GENERATED
JAX,JAX_WR_01,WR,30,ACTIVE,NONE,1,UDFA_SIGNING,2025,1,GENERATED
JAX,JAX_WR_02,WR,7,ACTIVE,NONE,2,DRAFT,2026,1,GENERATED
JAX,JAX_WR_03,WR,29,ACTIVE,NONE,3,WAIVER_CLAIM,2022,1,GENERATED
JAX,JAX_WR_04,WR,82,ACTIVE,NONE,4,DRAFT,2025,1,GENERATED
JAX,JAX_WR_05,WR,36,ACTIVE,NONE,5,UDFA_SIGNING,2025,1,GENERATED
JAX,JAX_WR_06,WR,69,ACTIVE,NONE,6,DRAFT,2026,1,GENERATED
JAX,JAX_WR_07,WR,44,PRACTICE_SQUAD_CANDIDATE,NONE,7,DRAFT,2026,0,GENERATED
JAX,JAX_WR_08,WR,33,PRACTICE_SQUAD_CANDIDATE,NONE,8,DRAFT,2026,0,GENERATED
JAX,JAX_WR_09,WR,43,CAMP_BODY,NONE,9,DRAFT,2025,0,GENERATED
JAX,JAX_WR_10,WR,60,CAMP_BODY,NFI,10,DRAFT,2026,0,GENERATED
JAX,JAX_WR_11,WR,54,CAMP_BODY,NONE,11,RE_SIGNED,2025,0,GENERATED
JAX,JAX_TE_01,TE,31,ACTIVE,NONE,1,FREE_AGENCY,2026,1,GENERATED
JAX,JAX_TE_02,TE,56,ACTIVE,NONE,2,DRAFT,2026,1,GENERATED
JAX,JAX_TE_03,TE,76,ACTIVE,NONE,3,TRADE,2020,1,GENERATED
JAX,JAX_TE_04,TE,84,PRACTICE_SQUAD_CANDIDATE,NONE,4,DRAFT,2025,0,GENERATED
JAX,JAX_TE_05,TE,15,CAMP_BODY,NONE,5,DRAFT,2025,0,GENERATED
JAX,JAX_TE_06,TE,16,CAMP_BODY,NONE,6,UDFA_SIGNING,2025,0,GENERATED
JAX,JAX_OT_01,OT,57,ACTIVE,NONE,1,RE_SIGNED,2025,1,GENERATED
JAX,JAX_OT_02,OT,61,ACTIVE,NONE,2,DRAFT,2025,1,GENERATED
JAX,JAX_OT_03,OT,37,ACTIVE,NONE,3,FREE_AGENCY,2019,1,GENERATED
JAX,JAX_OT_04,OT,64,ACTIVE,DAY_TO_DAY,4,WAIVER_CLAIM,2023,1,GENERATED
JAX,JAX_OT_05,OT,13,PRACTICE_SQUAD_CANDIDATE,NONE,5,DRAFT,2026,0,GENERATED
JAX,JAX_OT_06,OT,48,CAMP_BODY,NONE,6,UDFA_SIGNING,2025,0,GENERATED
JAX,JAX_OG_01,OG,4,ACTIVE,NONE,1,DRAFT,2024,1,GENERATED
JAX,JAX_OG_02,OG,39,ACTIVE,DAY_TO_DAY,2,DRAFT,2025,1,GENERATED
JAX,JAX_OG_03,OG,50,ACTIVE,NONE,3,DRAFT,2023,1,GENERATED
JAX,JAX_OG_04,OG,80,ACTIVE,NFI,4,FREE_AGENCY,2018,0,GENERATED
JAX,JAX_OG_05,OG,89,PRACTICE_SQUAD_CANDIDATE,NONE,5,RE_SIGNED,2025,0,GENERATED
JAX,JAX_OG_06,OG,73,CAMP_BODY,DAY_TO_DAY,6,WAIVER_CLAIM,2026,0,GENERATED
JAX,JAX_C_01,C,12,ACTIVE,NONE,1,FREE_AGENCY,2026,1,GENERATED
JAX,JAX_C_02,C,10,ACTIVE,NONE,2,DRAFT,2022,1,GENERATED
JAX,JAX_C_03,C,3,PRACTICE_SQUAD_CANDIDATE,NONE,3,DRAFT,2026,0,GENERATED
JAX,JAX_EDGE_01,EDGE,24,ACTIVE,NONE,1,DRAFT,2025,1,GENERATED
JAX,JAX_EDGE_02,EDGE,32,ACTIVE,NONE,2,WAIVER_CLAIM,2019,1,GENERATED
JAX,JAX_EDGE_03,EDGE,58,ACTIVE,NONE,3,FREE_AGENCY,2024,1,GENERATED
JAX,JAX_EDGE_04,EDGE,93,ACTIVE,NONE,4,RE_SIGNED,2020,1,GENERATED
JAX,JAX_EDGE_05,EDGE,5,ACTIVE,PUP,5,FREE_AGENCY,2022,0,GENERATED
JAX,JAX_EDGE_06,EDGE,52,PRACTICE_SQUAD_CANDIDATE,NONE,6,FREE_AGENCY,2026,0,GENERATED
JAX,JAX_EDGE_07,EDGE,14,PRACTICE_SQUAD_CANDIDATE,NONE,7,FREE_AGENCY,2025,0,GENERATED
JAX,JAX_EDGE_08,EDGE,38,CAMP_BODY,NONE,8,UDFA_SIGNING,2026,0,GENERATED
JAX,JAX_EDGE_09,EDGE,51,CAMP_BODY,NONE,9,UDFA_SIGNING,2026,0,GENERATED
JAX,JAX_DT_01,DT,20,ACTIVE,NONE,1,FREE_AGENCY,2025,1,GENERATED
JAX,JAX_DT_02,DT,23,ACTIVE,NONE,2,DRAFT,2024,1,GENERATED
JAX,JAX_DT_03,DT,68,ACTIVE,NONE,3,DRAFT,2023,1,GENERATED
JAX,JAX_DT_04,DT,62,ACTIVE,NONE,4,WAIVER_CLAIM,2023,1,GENERATED
JAX,JAX_DT_05,DT,18,ACTIVE,NONE,5,DRAFT,2024,1,GENERATED
JAX,JAX_DT_06,DT,94,PRACTICE_SQUAD_CANDIDATE,NONE,6,DRAFT,2025,0,GENERATED
JAX,JAX_DT_07,DT,25,CAMP_BODY,NONE,7,FREE_AGENCY,2025,0,GENERATED
JAX,JAX_DT_08,DT,97,CAMP_BODY,NONE,8,UDFA_SIGNING,2025,0,GENERATED
JAX,JAX_LB_01,LB,26,ACTIVE,NONE,1,DRAFT,2024,1,GENERATED
JAX,JAX_LB_02,LB,86,ACTIVE,NONE,2,DRAFT,2025,1,GENERATED
JAX,JAX_LB_03,LB,21,ACTIVE,NONE,3,DRAFT,2026,1,GENERATED
JAX,JAX_LB_04,LB,63,ACTIVE,NONE,4,DRAFT,2024,1,GENERATED
JAX,JAX_LB_05,LB,78,ACTIVE,PUP,5,DRAFT,2025,0,GENERATED
JAX,JAX_LB_06,LB,41,PRACTICE_SQUAD_CANDIDATE,NONE,6,DRAFT,2025,0,GENERATED
JAX,JAX_LB_07,LB,8,CAMP_BODY,NONE,7,DRAFT,2025,0,GENERATED
JAX,JAX_LB_08,LB,53,CAMP_BODY,NONE,8,DRAFT,2026,0,GENERATED
JAX,JAX_CB_01,CB,88,ACTIVE,NONE,1,DRAFT,2024,1,GENERATED
JAX,JAX_CB_02,CB,46,ACTIVE,NONE,2,DRAFT,2026,1,GENERATED
JAX,JAX_CB_03,CB,45,ACTIVE,NONE,3,DRAFT,2025,1,GENERATED
JAX,JAX_CB_04,CB,95,ACTIVE,NONE,4,FREE_AGENCY,2017,1,GENERATED
JAX,JAX_CB_05,CB,27,ACTIVE,NONE,5,FREE_AGENCY,2025,1,GENERATED
JAX,JAX_CB_06,CB,65,ACTIVE,NONE,6,FREE_AGENCY,2019,1,GENERATED
JAX,JAX_CB_07,CB,42,PRACTICE_SQUAD_CANDIDATE,NONE,7,DRAFT,2026,0,GENERATED
JAX,JAX_CB_08,CB,1,PRACTICE_SQUAD_CANDIDATE,NONE,8,DRAFT,2024,0,GENERATED
JAX,JAX_CB_09,CB,9,CAMP_BODY,NONE,9,DRAFT,2025,0,GENERATED
JAX,JAX_CB_10,CB,66,CAMP_BODY,NONE,10,DRAFT,2026,0,GENERATED
JAX,JAX_CB_11,CB,74,CAMP_BODY,NONE,11,UDFA_SIGNING,2025,0,GENERATED
JAX,JAX_S_01,S,49,ACTIVE,NONE,1,RE_SIGNED,2026,1,GENERATED
JAX,JAX_S_02,S,6,ACTIVE,NONE,2,DRAFT,2024,1,GENERATED
JAX,JAX_S_03,S,79,ACTIVE,NONE,3,DRAFT,2025,1,GENERATED
JAX,JAX_S_04,S,77,ACTIVE,NONE,4,FREE_AGENCY,2022,1,GENERATED
JAX,JAX_S_05,S,67,PRACTICE_SQUAD_CANDIDATE,NONE,5,RE_SIGNED,2024,0,GENERATED
JAX,JAX_S_06,S,99,CAMP_BODY,NONE,6,UDFA_SIGNING,2025,0,GENERATED
JAX,JAX_S_07,S,87,CAMP_BODY,NONE,7,UDFA_SIGNING,2025,0,GENERATED
JAX,JAX_K_01,K,71,ACTIVE,NONE,1,FREE_AGENCY,2021,1,GENERATED
JAX,JAX_K_02,K,83,PRACTICE_SQUAD_CANDIDATE,NONE,2,DRAFT,2025,0,GENERATED
JAX,JAX_P_01,P,96,ACTIVE,DAY_TO_DAY,1,DRAFT,2026,1,GENERATED
JAX,JAX_P_02,P,91,PRACTICE_SQUAD_CANDIDATE,NONE,2,DRAFT,2024,0,GENERATED
JAX,JAX_LS_01,LS,19,ACTIVE,NONE,1,FREE_AGENCY,2024,1,GENERATED
TEN,TEN_QB_01,QB,92,ACTIVE,NONE,1,FREE_AGENCY,2020,1,GENERATED
TEN,TEN_QB_02,QB,36,ACTIVE,NONE,2,DRAFT,2026,1,GENERATED
TEN,TEN_QB_03,QB,85,PRACTICE_SQUAD_CANDIDATE,NONE,3,TRADE,2026,0,GENERATED
TEN,TEN_QB_04,QB,60,CAMP_BODY,NONE,4,DRAFT,2026,0,GENERATED
TEN,TEN_RB_01,RB,11,ACTIVE,NONE,1,TRADE,2019,1,GENERATED
TEN,TEN_RB_02,RB,87,ACTIVE,NONE,2,TRADE,2024,1,GENERATED
TEN,TEN_RB_03,RB,16,ACTIVE,NONE,3,DRAFT,2025,1,GENERATED
TEN,TEN_RB_04,RB,77,PRACTICE_SQUAD_CANDIDATE,NONE,4,DRAFT,2025,0,GENERATED
TEN,TEN_RB_05,RB,12,CAMP_BODY,NONE,5,DRAFT,2026,0,GENERATED
TEN,TEN_FB_01,FB,96,ACTIVE,NONE,1,TRADE,2024,1,GENERATED
TEN,TEN_WR_01,WR,80,ACTIVE,NONE,1,RE_SIGNED,2023,1,GENERATED
TEN,TEN_WR_02,WR,74,ACTIVE,NONE,2,DRAFT,2026,1,GENERATED
TEN,TEN_WR_03,WR,56,ACTIVE,NONE,3,WAIVER_CLAIM,2022,1,GENERATED
TEN,TEN_WR_04,WR,24,ACTIVE,NONE,4,DRAFT,2026,1,GENERATED
TEN,TEN_WR_05,WR,46,ACTIVE,NONE,5,RE_SIGNED,2022,1,GENERATED
TEN,TEN_WR_06,WR,18,ACTIVE,NONE,6,WAIVER_CLAIM,2023,1,GENERATED
TEN,TEN_WR_07,WR,37,PRACTICE_SQUAD_CANDIDATE,DAY_TO_DAY,7,UDFA_SIGNING,2026,0,GENERATED
TEN,TEN_WR_08,WR,13,PRACTICE_SQUAD_CANDIDATE,NONE,8,RE_SIGNED,2024,0,GENERATED
TEN,TEN_WR_09,WR,5,CAMP_BODY,NONE,9,UDFA_SIGNING,2026,0,GENERATED
TEN,TEN_WR_10,WR,27,CAMP_BODY,NFI,10,UDFA_SIGNING,2025,0,GENERATED
TEN,TEN_WR_11,WR,48,CAMP_BODY,DAY_TO_DAY,11,DRAFT,2025,0,GENERATED
TEN,TEN_TE_01,TE,44,ACTIVE,NONE,1,DRAFT,2025,1,GENERATED
TEN,TEN_TE_02,TE,75,ACTIVE,NONE,2,DRAFT,2026,1,GENERATED
TEN,TEN_TE_03,TE,69,ACTIVE,NONE,3,DRAFT,2025,1,GENERATED
TEN,TEN_TE_04,TE,33,PRACTICE_SQUAD_CANDIDATE,NONE,4,DRAFT,2025,0,GENERATED
TEN,TEN_TE_05,TE,88,CAMP_BODY,NONE,5,UDFA_SIGNING,2026,0,GENERATED
TEN,TEN_TE_06,TE,35,CAMP_BODY,NONE,6,UDFA_SIGNING,2025,0,GENERATED
TEN,TEN_OT_01,OT,78,ACTIVE,NONE,1,DRAFT,2024,1,GENERATED
TEN,TEN_OT_02,OT,40,ACTIVE,NONE,2,FREE_AGENCY,2016,1,GENERATED
TEN,TEN_OT_03,OT,2,ACTIVE,IR,3,DRAFT,2026,0,GENERATED
TEN,TEN_OT_04,OT,84,ACTIVE,NONE,4,DRAFT,2025,1,GENERATED
TEN,TEN_OT_05,OT,93,PRACTICE_SQUAD_CANDIDATE,NONE,5,DRAFT,2026,0,GENERATED
TEN,TEN_OT_06,OT,19,CAMP_BODY,NONE,6,DRAFT,2026,0,GENERATED
TEN,TEN_OG_01,OG,9,ACTIVE,NONE,1,DRAFT,2025,1,GENERATED
TEN,TEN_OG_02,OG,98,ACTIVE,NONE,2,TRADE,2022,1,GENERATED
TEN,TEN_OG_03,OG,30,ACTIVE,IR,3,FREE_AGENCY,2020,0,GENERATED
TEN,TEN_OG_04,OG,25,ACTIVE,NONE,4,DRAFT,2026,1,GENERATED
TEN,TEN_OG_05,OG,15,PRACTICE_SQUAD_CANDIDATE,NONE,5,FREE_AGENCY,2023,0,GENERATED
TEN,TEN_OG_06,OG,47,CAMP_BODY,NONE,6,DRAFT,2025,0,GENERATED
TEN,TEN_C_01,C,58,ACTIVE,NONE,1,DRAFT,2025,1,GENERATED
TEN,TEN_C_02,C,39,ACTIVE,NONE,2,TRADE,2020,1,GENERATED
TEN,TEN_C_03,C,3,PRACTICE_SQUAD_CANDIDATE,NONE,3,UDFA_SIGNING,2026,0,GENERATED
TEN,TEN_EDGE_01,EDGE,52,ACTIVE,NONE,1,DRAFT,2023,1,GENERATED
TEN,TEN_EDGE_02,EDGE,61,ACTIVE,NONE,2,FREE_AGENCY,2022,1,GENERATED
TEN,TEN_EDGE_03,EDGE,99,ACTIVE,NONE,3,WAIVER_CLAIM,2022,1,GENERATED
TEN,TEN_EDGE_04,EDGE,41,ACTIVE,NONE,4,DRAFT,2025,1,GENERATED
TEN,TEN_EDGE_05,EDGE,71,ACTIVE,NONE,5,DRAFT,2024,1,GENERATED
TEN,TEN_EDGE_06,EDGE,53,PRACTICE_SQUAD_CANDIDATE,NONE,6,DRAFT,2026,0,GENERATED
TEN,TEN_EDGE_07,EDGE,90,PRACTICE_SQUAD_CANDIDATE,NONE,7,FREE_AGENCY,2022,0,GENERATED
TEN,TEN_EDGE_08,EDGE,42,CAMP_BODY,NONE,8,UDFA_SIGNING,2026,0,GENERATED
TEN,TEN_EDGE_09,EDGE,68,CAMP_BODY,NONE,9,UDFA_SIGNING,2026,0,GENERATED
TEN,TEN_DT_01,DT,23,ACTIVE,NONE,1,DRAFT,2026,1,GENERATED
TEN,TEN_DT_02,DT,54,ACTIVE,NONE,2,DRAFT,2023,1,GENERATED
TEN,TEN_DT_03,DT,89,ACTIVE,NONE,3,UDFA_SIGNING,2026,1,GENERATED
TEN,TEN_DT_04,DT,1,ACTIVE,NONE,4,DRAFT,2025,1,GENERATED
TEN,TEN_DT_05,DT,34,ACTIVE,NONE,5,FREE_AGENCY,2025,1,GENERATED
TEN,TEN_DT_06,DT,70,PRACTICE_SQUAD_CANDIDATE,NONE,6,DRAFT,2026,0,GENERATED
TEN,TEN_DT_07,DT,83,CAMP_BODY,NONE,7,DRAFT,2026,0,GENERATED
TEN,TEN_DT_08,DT,86,CAMP_BODY,NONE,8,UDFA_SIGNING,2025,0,GENERATED
TEN,TEN_LB_01,LB,55,ACTIVE,NONE,1,DRAFT,2025,1,GENERATED
TEN,TEN_LB_02,LB,67,ACTIVE,NONE,2,WAIVER_CLAIM,2019,1,GENERATED
TEN,TEN_LB_03,LB,64,ACTIVE,NONE,3,UDFA_SIGNING,2025,1,GENERATED
TEN,TEN_LB_04,LB,6,ACTIVE,NONE,4,FREE_AGENCY,2021,1,GENERATED
TEN,TEN_LB_05,LB,45,ACTIVE,NONE,5,DRAFT,2026,1,GENERATED
TEN,TEN_LB_06,LB,91,PRACTICE_SQUAD_CANDIDATE,NONE,6,RE_SIGNED,2024,0,GENERATED
TEN,TEN_LB_07,LB,82,CAMP_BODY,NONE,7,DRAFT,2025,0,GENERATED
TEN,TEN_LB_08,LB,79,CAMP_BODY,NONE,8,DRAFT,2026,0,GENERATED
TEN,TEN_CB_01,CB,94,ACTIVE,NONE,1,DRAFT,2025,1,GENERATED
TEN,TEN_CB_02,CB,38,ACTIVE,NONE,2,FREE_AGENCY,2019,1,GENERATED
TEN,TEN_CB_03,CB,73,ACTIVE,NONE,3,FREE_AGENCY,2022,1,GENERATED
TEN,TEN_CB_04,CB,22,ACTIVE,NONE,4,DRAFT,2026,1,GENERATED
TEN,TEN_CB_05,CB,59,ACTIVE,NONE,5,DRAFT,2025,1,GENERATED
TEN,TEN_CB_06,CB,10,ACTIVE,NONE,6,DRAFT,2024,1,GENERATED
TEN,TEN_CB_07,CB,4,PRACTICE_SQUAD_CANDIDATE,NONE,7,UDFA_SIGNING,2026,0,GENERATED
TEN,TEN_CB_08,CB,65,PRACTICE_SQUAD_CANDIDATE,NONE,8,DRAFT,2025,0,GENERATED
TEN,TEN_CB_09,CB,7,CAMP_BODY,NONE,9,FREE_AGENCY,2024,0,GENERATED
TEN,TEN_CB_10,CB,17,CAMP_BODY,NONE,10,DRAFT,2024,0,GENERATED
TEN,TEN_CB_11,CB,95,CAMP_BODY,DAY_TO_DAY,11,DRAFT,2026,0,GENERATED
TEN,TEN_S_01,S,66,ACTIVE,DAY_TO_DAY,1,DRAFT,2025,1,GENERATED
TEN,TEN_S_02,S,43,ACTIVE,NONE,2,FREE_AGENCY,2015,1,GENERATED
TEN,TEN_S_03,S,26,ACTIVE,DAY_TO_DAY,3,RE_SIGNED,2024,1,GENERATED
TEN,TEN_S_04,S,50,ACTIVE,NONE,4,FREE_AGENCY,2024,1,GENERATED
TEN,TEN_S_05,S,49,PRACTICE_SQUAD_CANDIDATE,NONE,5,DRAFT,2026,0,GENERATED
TEN,TEN_S_06,S,29,CAMP_BODY,NONE,6,RE_SIGNED,2025,0,GENERATED
TEN,TEN_S_07,S,28,CAMP_BODY,NONE,7,DRAFT,2025,0,GENERATED
TEN,TEN_K_01,K,72,ACTIVE,NONE,1,DRAFT,2026,1,GENERATED
TEN,TEN_K_02,K,81,PRACTICE_SQUAD_CANDIDATE,NONE,2,UDFA_SIGNING,2026,0,GENERATED
TEN,TEN_P_01,P,21,ACTIVE,NONE,1,DRAFT,2023,1,GENERATED
TEN,TEN_P_02,P,31,PRACTICE_SQUAD_CANDIDATE,NONE,2,DRAFT,2026,0,GENERATED
TEN,TEN_LS_01,LS,62,ACTIVE,NONE,1,FREE_AGENCY,2023,1,GENERATED
DEN,DEN_QB_01,QB,19,ACTIVE,NONE,1,DRAFT,2025,1,GENERATED
DEN,DEN_QB_02,QB,6,ACTIVE,NONE,2,FREE_AGENCY,2025,1,GENERATED
DEN,DEN_QB_03,QB,61,PRACTICE_SQUAD_CANDIDATE,IR,3,DRAFT,2026,0,GENERATED
DEN,DEN_QB_04,QB,90,CAMP_BODY,NONE,4,UDFA_SIGNING,2025,0,GENERATED
DEN,DEN_RB_01,RB,95,ACTIVE,NONE,1,RE_SIGNED,2023,1,GENERATED
DEN,DEN_RB_02,RB,93,ACTIVE,NONE,2,DRAFT,2024,1,GENERATED
DEN,DEN_RB_03,RB,43,ACTIVE,NONE,3,FREE_AGENCY,2023,1,GENERATED
DEN,DEN_RB_04,RB,47,PRACTICE_SQUAD_CANDIDATE,NONE,4,DRAFT,2025,0,GENERATED
DEN,DEN_RB_05,RB,52,CAMP_BODY,NONE,5,UDFA_SIGNING,2026,0,GENERATED
DEN,DEN_FB_01,FB,4,ACTIVE,NONE,1,WAIVER_CLAIM,2021,1,GENERATED
DEN,DEN_WR_01,WR,25,ACTIVE,NONE,1,DRAFT,2026,1,GENERATED
DEN,DEN_WR_02,WR,92,ACTIVE,NONE,2,FREE_AGENCY,2025,1,GENERATED
DEN,DEN_WR_03,WR,89,ACTIVE,NONE,3,FREE_AGENCY,2023,1,GENERATED
DEN,DEN_WR_04,WR,76,ACTIVE,NONE,4,FREE_AGENCY,2023,1,GENERATED
DEN,DEN_WR_05,WR,12,ACTIVE,NONE,5,DRAFT,2025,1,GENERATED
DEN,DEN_WR_06,WR,3,ACTIVE,NONE,6,TRADE,2021,1,GENERATED
DEN,DEN_WR_07,WR,38,PRACTICE_SQUAD_CANDIDATE,NONE,7,DRAFT,2023,0,GENERATED
DEN,DEN_WR_08,WR,41,PRACTICE_SQUAD_CANDIDATE,NONE,8,DRAFT,2025,0,GENERATED
DEN,DEN_WR_09,WR,23,CAMP_BODY,NONE,9,UDFA_SIGNING,2026,0,GENERATED
DEN,DEN_WR_10,WR,20,CAMP_BODY,NONE,10,UDFA_SIGNING,2026,0,GENERATED
DEN,DEN_WR_11,WR,40,CAMP_BODY,NONE,11,DRAFT,2025,0,GENERATED
DEN,DEN_TE_01,TE,26,ACTIVE,NONE,1,DRAFT,2025,1,GENERATED
DEN,DEN_TE_02,TE,24,ACTIVE,NONE,2,FREE_AGENCY,2024,1,GENERATED
DEN,DEN_TE_03,TE,87,ACTIVE,NONE,3,FREE_AGENCY,2026,1,GENERATED
DEN,DEN_TE_04,TE,66,PRACTICE_SQUAD_CANDIDATE,NONE,4,DRAFT,2025,0,GENERATED
DEN,DEN_TE_05,TE,1,CAMP_BODY,NONE,5,UDFA_SIGNING,2025,0,GENERATED
DEN,DEN_TE_06,TE,16,CAMP_BODY,NONE,6,DRAFT,2025,0,GENERATED
DEN,DEN_OT_01,OT,55,ACTIVE,IR,1,DRAFT,2026,0,GENERATED
DEN,DEN_OT_02,OT,7,ACTIVE,NONE,2,DRAFT,2025,1,GENERATED
DEN,DEN_OT_03,OT,73,ACTIVE,NONE,3,DRAFT,2025,1,GENERATED
DEN,DEN_OT_04,OT,32,ACTIVE,NONE,4,DRAFT,2026,1,GENERATED
DEN,DEN_OT_05,OT,15,PRACTICE_SQUAD_CANDIDATE,NONE,5,UDFA_SIGNING,2026,0,GENERATED
DEN,DEN_OT_06,OT,69,CAMP_BODY,NONE,6,DRAFT,2025,0,GENERATED
DEN,DEN_OG_01,OG,37,ACTIVE,NONE,1,DRAFT,2026,1,GENERATED
DEN,DEN_OG_02,OG,96,ACTIVE,NONE,2,DRAFT,2026,1,GENERATED
DEN,DEN_OG_03,OG,60,ACTIVE,NONE,3,TRADE,2022,1,GENERATED
DEN,DEN_OG_04,OG,59,ACTIVE,NONE,4,FREE_AGENCY,2021,1,GENERATED
DEN,DEN_OG_05,OG,48,PRACTICE_SQUAD_CANDIDATE,NONE,5,FREE_AGENCY,2025,0,GENERATED
DEN,DEN_OG_06,OG,67,CAMP_BODY,NONE,6,FREE_AGENCY,2024,0,GENERATED
DEN,DEN_C_01,C,18,ACTIVE,NONE,1,FREE_AGENCY,2022,1,GENERATED
DEN,DEN_C_02,C,2,ACTIVE,DAY_TO_DAY,2,WAIVER_CLAIM,2015,1,GENERATED
DEN,DEN_C_03,C,97,PRACTICE_SQUAD_CANDIDATE,NONE,3,DRAFT,2026,0,GENERATED
DEN,DEN_EDGE_01,EDGE,14,ACTIVE,NONE,1,FREE_AGENCY,2024,1,GENERATED
DEN,DEN_EDGE_02,EDGE,27,ACTIVE,NONE,2,FREE_AGENCY,2020,1,GENERATED
DEN,DEN_EDGE_03,EDGE,91,ACTIVE,NONE,3,DRAFT,2026,1,GENERATED
DEN,DEN_EDGE_04,EDGE,79,ACTIVE,DAY_TO_DAY,4,DRAFT,2024,1,GENERATED
DEN,DEN_EDGE_05,EDGE,86,ACTIVE,NONE,5,FREE_AGENCY,2025,1,GENERATED
DEN,DEN_EDGE_06,EDGE,33,PRACTICE_SQUAD_CANDIDATE,NONE,6,FREE_AGENCY,2023,0,GENERATED
DEN,DEN_EDGE_07,EDGE,53,PRACTICE_SQUAD_CANDIDATE,NONE,7,DRAFT,2026,0,GENERATED
DEN,DEN_EDGE_08,EDGE,34,CAMP_BODY,NFI,8,DRAFT,2026,0,GENERATED
DEN,DEN_EDGE_09,EDGE,84,CAMP_BODY,NONE,9,DRAFT,2026,0,GENERATED
DEN,DEN_DT_01,DT,72,ACTIVE,NONE,1,DRAFT,2023,1,GENERATED
DEN,DEN_DT_02,DT,77,ACTIVE,NONE,2,DRAFT,2025,1,GENERATED
DEN,DEN_DT_03,DT,83,ACTIVE,NONE,3,TRADE,2026,1,GENERATED
DEN,DEN_DT_04,DT,94,ACTIVE,NONE,4,DRAFT,2026,1,GENERATED
DEN,DEN_DT_05,DT,50,ACTIVE,NONE,5,FREE_AGENCY,2018,1,GENERATED
DEN,DEN_DT_06,DT,28,PRACTICE_SQUAD_CANDIDATE,NONE,6,DRAFT,2026,0,GENERATED
DEN,DEN_DT_07,DT,35,CAMP_BODY,SUSPENDED,7,DRAFT,2025,0,GENERATED
DEN,DEN_DT_08,DT,8,CAMP_BODY,NONE,8,UDFA_SIGNING,2026,0,GENERATED
DEN,DEN_LB_01,LB,88,ACTIVE,NONE,1,TRADE,2020,1,GENERATED
DEN,DEN_LB_02,LB,65,ACTIVE,NONE,2,DRAFT,2024,1,GENERATED
DEN,DEN_LB_03,LB,11,ACTIVE,NONE,3,DRAFT,2023,1,GENERATED
DEN,DEN_LB_04,LB,63,ACTIVE,NFI,4,FREE_AGENCY,2024,0,GENERATED
DEN,DEN_LB_05,LB,62,ACTIVE,NONE,5,FREE_AGENCY,2022,1,GENERATED
DEN,DEN_LB_06,LB,74,PRACTICE_SQUAD_CANDIDATE,NONE,6,UDFA_SIGNING,2025,0,GENERATED
DEN,DEN_LB_07,LB,81,CAMP_BODY,NONE,7,DRAFT,2025,0,GENERATED
DEN,DEN_LB_08,LB,39,CAMP_BODY,NONE,8,DRAFT,2023,0,GENERATED
DEN,DEN_CB_01,CB,13,ACTIVE,NONE,1,FREE_AGENCY,2025,1,GENERATED
DEN,DEN_CB_02,CB,98,ACTIVE,NONE,2,DRAFT,2025,1,GENERATED
DEN,DEN_CB_03,CB,51,ACTIVE,NONE,3,DRAFT,2023,1,GENERATED
DEN,DEN_CB_04,CB,75,ACTIVE,NONE,4,UDFA_SIGNING,2026,1,GENERATED
DEN,DEN_CB_05,CB,9,ACTIVE,NONE,5,DRAFT,2026,1,GENERATED
DEN,DEN_CB_06,CB,99,ACTIVE,DAY_TO_DAY,6,DRAFT,2024,1,GENERATED
DEN,DEN_CB_07,CB,85,PRACTICE_SQUAD_CANDIDATE,NONE,7,FREE_AGENCY,2023,0,GENERATED
DEN,DEN_CB_08,CB,21,PRACTICE_SQUAD_CANDIDATE,NONE,8,UDFA_SIGNING,2025,0,GENERATED
DEN,DEN_CB_09,CB,17,CAMP_BODY,NONE,9,DRAFT,2024,0,GENERATED
DEN,DEN_CB_10,CB,58,CAMP_BODY,NONE,10,WAIVER_CLAIM,2025,0,GENERATED
DEN,DEN_CB_11,CB,68,CAMP_BODY,NONE,11,DRAFT,2026,0,GENERATED
DEN,DEN_S_01,S,80,ACTIVE,NONE,1,WAIVER_CLAIM,2018,1,GENERATED
DEN,DEN_S_02,S,44,ACTIVE,IR,2,FREE_AGENCY,2022,0,GENERATED
DEN,DEN_S_03,S,31,ACTIVE,NONE,3,DRAFT,2025,1,GENERATED
DEN,DEN_S_04,S,29,ACTIVE,NONE,4,UDFA_SIGNING,2025,1,GENERATED
DEN,DEN_S_05,S,64,PRACTICE_SQUAD_CANDIDATE,NONE,5,DRAFT,2026,0,GENERATED
DEN,DEN_S_06,S,70,CAMP_BODY,NONE,6,DRAFT,2025,0,GENERATED
DEN,DEN_S_07,S,78,CAMP_BODY,NONE,7,UDFA_SIGNING,2025,0,GENERATED
DEN,DEN_K_01,K,10,ACTIVE,NONE,1,DRAFT,2026,1,GENERATED
DEN,DEN_K_02,K,57,PRACTICE_SQUAD_CANDIDATE,NONE,2,DRAFT,2025,0,GENERATED
DEN,DEN_P_01,P,82,ACTIVE,NONE,1,DRAFT,2026,1,GENERATED
DEN,DEN_P_02,P,49,PRACTICE_SQUAD_CANDIDATE,NONE,2,UDFA_SIGNING,2026,0,GENERATED
DEN,DEN_LS_01,LS,56,ACTIVE,NONE,1,FREE_AGENCY,2022,1,GENERATED
KC,KC_QB_01,QB,14,ACTIVE,NONE,1,DRAFT,2026,1,GENERATED
KC,KC_QB_02,QB,9,ACTIVE,NONE,2,RE_SIGNED,2024,1,GENERATED
KC,KC_QB_03,QB,51,PRACTICE_SQUAD_CANDIDATE,NONE,3,DRAFT,2025,0,GENERATED
KC,KC_QB_04,QB,8,CAMP_BODY,NONE,4,UDFA_SIGNING,2025,0,GENERATED
KC,KC_RB_01,RB,44,ACTIVE,NONE,1,DRAFT,2025,1,GENERATED
KC,KC_RB_02,RB,19,ACTIVE,NONE,2,WAIVER_CLAIM,2024,1,GENERATED
KC,KC_RB_03,RB,96,ACTIVE,NONE,3,UDFA_SIGNING,2026,1,GENERATED
KC,KC_RB_04,RB,83,PRACTICE_SQUAD_CANDIDATE,NONE,4,WAIVER_CLAIM,2024,0,GENERATED
KC,KC_RB_05,RB,48,CAMP_BODY,NONE,5,UDFA_SIGNING,2026,0,GENERATED
KC,KC_FB_01,FB,63,ACTIVE,NONE,1,DRAFT,2026,1,GENERATED
KC,KC_WR_01,WR,60,ACTIVE,NONE,1,DRAFT,2026,1,GENERATED
KC,KC_WR_02,WR,32,ACTIVE,NONE,2,DRAFT,2025,1,GENERATED
KC,KC_WR_03,WR,24,ACTIVE,NONE,3,DRAFT,2025,1,GENERATED
KC,KC_WR_04,WR,85,ACTIVE,DAY_TO_DAY,4,DRAFT,2025,1,GENERATED
KC,KC_WR_05,WR,12,ACTIVE,NONE,5,FREE_AGENCY,2018,1,GENERATED
KC,KC_WR_06,WR,41,ACTIVE,NONE,6,TRADE,2025,1,GENERATED
KC,KC_WR_07,WR,6,PRACTICE_SQUAD_CANDIDATE,NONE,7,RE_SIGNED,2022,0,GENERATED
KC,KC_WR_08,WR,65,PRACTICE_SQUAD_CANDIDATE,NONE,8,UDFA_SIGNING,2025,0,GENERATED
KC,KC_WR_09,WR,81,CAMP_BODY,NONE,9,UDFA_SIGNING,2026,0,GENERATED
KC,KC_WR_10,WR,64,CAMP_BODY,NONE,10,DRAFT,2026,0,GENERATED
KC,KC_WR_11,WR,84,CAMP_BODY,DAY_TO_DAY,11,DRAFT,2025,0,GENERATED
KC,KC_TE_01,TE,68,ACTIVE,NONE,1,DRAFT,2024,1,GENERATED
KC,KC_TE_02,TE,79,ACTIVE,NONE,2,DRAFT,2025,1,GENERATED
KC,KC_TE_03,TE,58,ACTIVE,NONE,3,DRAFT,2026,1,GENERATED
KC,KC_TE_04,TE,98,PRACTICE_SQUAD_CANDIDATE,NONE,4,UDFA_SIGNING,2026,0,GENERATED
KC,KC_TE_05,TE,5,CAMP_BODY,NONE,5,UDFA_SIGNING,2025,0,GENERATED
KC,KC_TE_06,TE,20,CAMP_BODY,NONE,6,TRADE,2026,0,GENERATED
KC,KC_OT_01,OT,95,ACTIVE,NONE,1,FREE_AGENCY,2019,1,GENERATED
KC,KC_OT_02,OT,15,ACTIVE,NONE,2,FREE_AGENCY,2021,1,GENERATED
KC,KC_OT_03,OT,53,ACTIVE,NONE,3,FREE_AGENCY,2022,1,GENERATED
KC,KC_OT_04,OT,89,ACTIVE,NONE,4,TRADE,2025,1,GENERATED
KC,KC_OT_05,OT,54,PRACTICE_SQUAD_CANDIDATE,NONE,5,DRAFT,2023,0,GENERATED
KC,KC_OT_06,OT,27,CAMP_BODY,NONE,6,UDFA_SIGNING,2026,0,GENERATED
KC,KC_OG_01,OG,3,ACTIVE,NONE,1,RE_SIGNED,2020,1,GENERATED
KC,KC_OG_02,OG,78,ACTIVE,NONE,2,DRAFT,2025,1,GENERATED
KC,KC_OG_03,OG,56,ACTIVE,NONE,3,DRAFT,2023,1,GENERATED
KC,KC_OG_04,OG,42,ACTIVE,NONE,4,DRAFT,2024,1,GENERATED
KC,KC_OG_05,OG,57,PRACTICE_SQUAD_CANDIDATE,NONE,5,FREE_AGENCY,2024,0,GENERATED
KC,KC_OG_06,OG,97,CAMP_BODY,NONE,6,DRAFT,2026,0,GENERATED
KC,KC_C_01,C,17,ACTIVE,NONE,1,DRAFT,2024,1,GENERATED
KC,KC_C_02,C,10,ACTIVE,NONE,2,DRAFT,2026,1,GENERATED
KC,KC_C_03,C,4,PRACTICE_SQUAD_CANDIDATE,DAY_TO_DAY,3,DRAFT,2025,0,GENERATED
KC,KC_EDGE_01,EDGE,43,ACTIVE,NONE,1,DRAFT,2026,1,GENERATED
KC,KC_EDGE_02,EDGE,22,ACTIVE,NONE,2,RE_SIGNED,2026,1,GENERATED
KC,KC_EDGE_03,EDGE,29,ACTIVE,NONE,3,FREE_AGENCY,2024,1,GENERATED
KC,KC_EDGE_04,EDGE,72,ACTIVE,NONE,4,DRAFT,2025,1,GENERATED
KC,KC_EDGE_05,EDGE,31,ACTIVE,DAY_TO_DAY,5,DRAFT,2023,1,GENERATED
KC,KC_EDGE_06,EDGE,21,PRACTICE_SQUAD_CANDIDATE,NONE,6,TRADE,2022,0,GENERATED
KC,KC_EDGE_07,EDGE,50,PRACTICE_SQUAD_CANDIDATE,NONE,7,DRAFT,2024,0,GENERATED
KC,KC_EDGE_08,EDGE,71,CAMP_BODY,NONE,8,DRAFT,2025,0,GENERATED
KC,KC_EDGE_09,EDGE,92,CAMP_BODY,NONE,9,DRAFT,2026,0,GENERATED
KC,KC_DT_01,DT,40,ACTIVE,NONE,1,FREE_AGENCY,2026,1,GENERATED
KC,KC_DT_02,DT,35,ACTIVE,NONE,2,FREE_AGENCY,2023,1,GENERATED
KC,KC_DT_03,DT,23,ACTIVE,NONE,3,DRAFT,2023,1,GENERATED
KC,KC_DT_04,DT,45,ACTIVE,NONE,4,DRAFT,2024,1,GENERATED
KC,KC_DT_05,DT,2,ACTIVE,NONE,5,DRAFT,2026,1,GENERATED
KC,KC_DT_06,DT,75,PRACTICE_SQUAD_CANDIDATE,NONE,6,UDFA_SIGNING,2025,0,GENERATED
KC,KC_DT_07,DT,82,CAMP_BODY,NONE,7,UDFA_SIGNING,2025,0,GENERATED
KC,KC_DT_08,DT,36,CAMP_BODY,NONE,8,DRAFT,2026,0,GENERATED
KC,KC_LB_01,LB,86,ACTIVE,NONE,1,DRAFT,2024,1,GENERATED
KC,KC_LB_02,LB,39,ACTIVE,NONE,2,DRAFT,2023,1,GENERATED
KC,KC_LB_03,LB,62,ACTIVE,NONE,3,RE_SIGNED,2024,1,GENERATED
KC,KC_LB_04,LB,61,ACTIVE,NONE,4,DRAFT,2024,1,GENERATED
KC,KC_LB_05,LB,37,ACTIVE,NONE,5,WAIVER_CLAIM,2025,1,GENERATED
KC,KC_LB_06,LB,38,PRACTICE_SQUAD_CANDIDATE,NONE,6,UDFA_SIGNING,2026,0,GENERATED
KC,KC_LB_07,LB,30,CAMP_BODY,NONE,7,DRAFT,2025,0,GENERATED
KC,KC_LB_08,LB,91,CAMP_BODY,NONE,8,UDFA_SIGNING,2025,0,GENERATED
KC,KC_CB_01,CB,90,ACTIVE,NONE,1,RE_SIGNED,2016,1,GENERATED
KC,KC_CB_02,CB,55,ACTIVE,NONE,2,FREE_AGENCY,2022,1,GENERATED
KC,KC_CB_03,CB,33,ACTIVE,NONE,3,DRAFT,2025,1,GENERATED
KC,KC_CB_04,CB,25,ACTIVE,NONE,4,FREE_AGENCY,2021,1,GENERATED
KC,KC_CB_05,CB,16,ACTIVE,NONE,5,DRAFT,2023,1,GENERATED
KC,KC_CB_06,CB,76,ACTIVE,NONE,6,DRAFT,2024,1,GENERATED
KC,KC_CB_07,CB,70,PRACTICE_SQUAD_CANDIDATE,NONE,7,WAIVER_CLAIM,2026,0,GENERATED
KC,KC_CB_08,CB,87,PRACTICE_SQUAD_CANDIDATE,NONE,8,DRAFT,2025,0,GENERATED
KC,KC_CB_09,CB,18,CAMP_BODY,NONE,9,DRAFT,2025,0,GENERATED
KC,KC_CB_10,CB,93,CAMP_BODY,NONE,10,UDFA_SIGNING,2025,0,GENERATED
KC,KC_CB_11,CB,46,CAMP_BODY,NONE,11,UDFA_SIGNING,2026,0,GENERATED
KC,KC_S_01,S,28,ACTIVE,NONE,1,DRAFT,2024,1,GENERATED
KC,KC_S_02,S,77,ACTIVE,NONE,2,DRAFT,2026,1,GENERATED
KC,KC_S_03,S,99,ACTIVE,NONE,3,RE_SIGNED,2024,1,GENERATED
KC,KC_S_04,S,73,ACTIVE,NONE,4,DRAFT,2022,1,GENERATED
KC,KC_S_05,S,80,PRACTICE_SQUAD_CANDIDATE,NONE,5,UDFA_SIGNING,2026,0,GENERATED
KC,KC_S_06,S,49,CAMP_BODY,NONE,6,DRAFT,2025,0,GENERATED
KC,KC_S_07,S,88,CAMP_BODY,NONE,7,DRAFT,2026,0,GENERATED
KC,KC_K_01,K,52,ACTIVE,DAY_TO_DAY,1,DRAFT,2026,1,GENERATED
KC,KC_K_02,K,59,PRACTICE_SQUAD_CANDIDATE,NONE,2,DRAFT,2022,0,GENERATED
KC,KC_P_01,P,66,ACTIVE,NONE,1,FREE_AGENCY,2024,1,GENERATED
KC,KC_P_02,P,94,PRACTICE_SQUAD_CANDIDATE,NONE,2,DRAFT,2026,0,GENERATED
KC,KC_LS_01,LS,13,ACTIVE,DAY_TO_DAY,1,FREE_AGENCY,2025,1,GENERATED
LV,LV_QB_01,QB,72,ACTIVE,NONE,1,DRAFT,2026,1,GENERATED
LV,LV_QB_02,QB,29,ACTIVE,NONE,2,FREE_AGENCY,2022,1,GENERATED
LV,LV_QB_03,QB,66,PRACTICE_SQUAD_CANDIDATE,NONE,3,WAIVER_CLAIM,2024,0,GENERATED
LV,LV_QB_04,QB,1,CAMP_BODY,DAY_TO_DAY,4,UDFA_SIGNING,2026,0,GENERATED
LV,LV_RB_01,RB,67,ACTIVE,NONE,1,TRADE,2026,1,GENERATED
LV,LV_RB_02,RB,65,ACTIVE,NONE,2,DRAFT,2026,1,GENERATED
LV,LV_RB_03,RB,32,ACTIVE,NONE,3,DRAFT,2026,1,GENERATED
LV,LV_RB_04,RB,97,PRACTICE_SQUAD_CANDIDATE,NONE,4,DRAFT,2025,0,GENERATED
LV,LV_RB_05,RB,41,CAMP_BODY,NONE,5,UDFA_SIGNING,2026,0,GENERATED
LV,LV_FB_01,FB,81,ACTIVE,NONE,1,DRAFT,2025,1,GENERATED
LV,LV_WR_01,WR,70,ACTIVE,NONE,1,FREE_AGENCY,2021,1,GENERATED
LV,LV_WR_02,WR,62,ACTIVE,NONE,2,DRAFT,2024,1,GENERATED
LV,LV_WR_03,WR,27,ACTIVE,NONE,3,DRAFT,2025,1,GENERATED
LV,LV_WR_04,WR,76,ACTIVE,NONE,4,WAIVER_CLAIM,2024,1,GENERATED
LV,LV_WR_05,WR,19,ACTIVE,NONE,5,DRAFT,2024,1,GENERATED
LV,LV_WR_06,WR,35,ACTIVE,NONE,6,FREE_AGENCY,2021,1,GENERATED
LV,LV_WR_07,WR,64,PRACTICE_SQUAD_CANDIDATE,NONE,7,DRAFT,2025,0,GENERATED
LV,LV_WR_08,WR,23,PRACTICE_SQUAD_CANDIDATE,NONE,8,DRAFT,2025,0,GENERATED
LV,LV_WR_09,WR,85,CAMP_BODY,NONE,9,DRAFT,2025,0,GENERATED
LV,LV_WR_10,WR,88,CAMP_BODY,NONE,10,UDFA_SIGNING,2026,0,GENERATED
LV,LV_WR_11,WR,98,CAMP_BODY,NONE,11,UDFA_SIGNING,2026,0,GENERATED
LV,LV_TE_01,TE,95,ACTIVE,NONE,1,RE_SIGNED,2022,1,GENERATED
LV,LV_TE_02,TE,8,ACTIVE,NONE,2,DRAFT,2024,1,GENERATED
LV,LV_TE_03,TE,24,ACTIVE,NONE,3,RE_SIGNED,2019,1,GENERATED
LV,LV_TE_04,TE,15,PRACTICE_SQUAD_CANDIDATE,NONE,4,TRADE,2024,0,GENERATED
LV,LV_TE_05,TE,55,CAMP_BODY,NONE,5,FREE_AGENCY,2024,0,GENERATED
LV,LV_TE_06,TE,25,CAMP_BODY,NONE,6,DRAFT,2026,0,GENERATED
LV,LV_OT_01,OT,43,ACTIVE,NONE,1,DRAFT,2025,1,GENERATED
LV,LV_OT_02,OT,75,ACTIVE,NONE,2,WAIVER_CLAIM,2024,1,GENERATED
LV,LV_OT_03,OT,58,ACTIVE,NONE,3,WAIVER_CLAIM,2023,1,GENERATED
LV,LV_OT_04,OT,3,ACTIVE,DAY_TO_DAY,4,DRAFT,2025,1,GENERATED
LV,LV_OT_05,OT,80,PRACTICE_SQUAD_CANDIDATE,NONE,5,TRADE,2025,0,GENERATED
LV,LV_OT_06,OT,50,CAMP_BODY,NONE,6,DRAFT,2025,0,GENERATED
LV,LV_OG_01,OG,82,ACTIVE,NONE,1,DRAFT,2026,1,GENERATED
LV,LV_OG_02,OG,6,ACTIVE,IR,2,FREE_AGENCY,2026,0,GENERATED
LV,LV_OG_03,OG,61,ACTIVE,DAY_TO_DAY,3,DRAFT,2025,1,GENERATED
LV,LV_OG_04,OG,2,ACTIVE,NONE,4,DRAFT,2022,1,GENERATED
LV,LV_OG_05,OG,34,PRACTICE_SQUAD_CANDIDATE,NONE,5,UDFA_SIGNING,2026,0,GENERATED
LV,LV_OG_06,OG,28,CAMP_BODY,NONE,6,DRAFT,2026,0,GENERATED
LV,LV_C_01,C,63,ACTIVE,NONE,1,FREE_AGENCY,2020,1,GENERATED
LV,LV_C_02,C,91,ACTIVE,NONE,2,UDFA_SIGNING,2026,1,GENERATED
LV,LV_C_03,C,45,PRACTICE_SQUAD_CANDIDATE,NONE,3,UDFA_SIGNING,2026,0,GENERATED
LV,LV_EDGE_01,EDGE,94,ACTIVE,NONE,1,DRAFT,2026,1,GENERATED
LV,LV_EDGE_02,EDGE,49,ACTIVE,NONE,2,TRADE,2024,1,GENERATED
LV,LV_EDGE_03,EDGE,11,ACTIVE,NONE,3,FREE_AGENCY,2024,1,GENERATED
LV,LV_EDGE_04,EDGE,44,ACTIVE,NONE,4,DRAFT,2026,1,GENERATED
LV,LV_EDGE_05,EDGE,89,ACTIVE,NONE,5,UDFA_SIGNING,2025,1,GENERATED
LV,LV_EDGE_06,EDGE,46,PRACTICE_SQUAD_CANDIDATE,NONE,6,DRAFT,2025,0,GENERATED
LV,LV_EDGE_07,EDGE,36,PRACTICE_SQUAD_CANDIDATE,NONE,7,FREE_AGENCY,2024,0,GENERATED
LV,LV_EDGE_08,EDGE,69,CAMP_BODY,NONE,8,DRAFT,2025,0,GENERATED
LV,LV_EDGE_09,EDGE,54,CAMP_BODY,DAY_TO_DAY,9,DRAFT,2025,0,GENERATED
LV,LV_DT_01,DT,42,ACTIVE,NONE,1,FREE_AGENCY,2026,1,GENERATED
LV,LV_DT_02,DT,78,ACTIVE,DAY_TO_DAY,2,DRAFT,2025,1,GENERATED
LV,LV_DT_03,DT,83,ACTIVE,NONE,3,FREE_AGENCY,2026,1,GENERATED
LV,LV_DT_04,DT,14,ACTIVE,NONE,4,DRAFT,2022,1,GENERATED
LV,LV_DT_05,DT,77,ACTIVE,NONE,5,FREE_AGENCY,2021,1,GENERATED
LV,LV_DT_06,DT,7,PRACTICE_SQUAD_CANDIDATE,DAY_TO_DAY,6,UDFA_SIGNING,2025,0,GENERATED
LV,LV_DT_07,DT,53,CAMP_BODY,NONE,7,UDFA_SIGNING,2025,0,GENERATED
LV,LV_DT_08,DT,57,CAMP_BODY,NONE,8,DRAFT,2026,0,GENERATED
LV,LV_LB_01,LB,31,ACTIVE,NONE,1,FREE_AGENCY,2022,1,GENERATED
LV,LV_LB_02,LB,51,ACTIVE,NONE,2,FREE_AGENCY,2022,1,GENERATED
LV,LV_LB_03,LB,68,ACTIVE,NONE,3,WAIVER_CLAIM,2024,1,GENERATED
LV,LV_LB_04,LB,79,ACTIVE,NONE,4,TRADE,2023,1,GENERATED
LV,LV_LB_05,LB,33,ACTIVE,NONE,5,DRAFT,2024,1,GENERATED
LV,LV_LB_06,LB,40,PRACTICE_SQUAD_CANDIDATE,NONE,6,FREE_AGENCY,2026,0,GENERATED
LV,LV_LB_07,LB,9,CAMP_BODY,NONE,7,DRAFT,2026,0,GENERATED
LV,LV_LB_08,LB,96,CAMP_BODY,NONE,8,RE_SIGNED,2026,0,GENERATED
LV,LV_CB_01,CB,16,ACTIVE,NONE,1,DRAFT,2025,1,GENERATED
LV,LV_CB_02,CB,99,ACTIVE,NONE,2,TRADE,2026,1,GENERATED
LV,LV_CB_03,CB,92,ACTIVE,NONE,3,DRAFT,2026,1,GENERATED
LV,LV_CB_04,CB,73,ACTIVE,NFI,4,DRAFT,2025,0,GENERATED
LV,LV_CB_05,CB,52,ACTIVE,NONE,5,WAIVER_CLAIM,2024,1,GENERATED
LV,LV_CB_06,CB,30,ACTIVE,NONE,6,DRAFT,2024,1,GENERATED
LV,LV_CB_07,CB,20,PRACTICE_SQUAD_CANDIDATE,DAY_TO_DAY,7,DRAFT,2025,0,GENERATED
LV,LV_CB_08,CB,84,PRACTICE_SQUAD_CANDIDATE,NONE,8,DRAFT,2025,0,GENERATED
LV,LV_CB_09,CB,13,CAMP_BODY,NONE,9,DRAFT,2026,0,GENERATED
LV,LV_CB_10,CB,5,CAMP_BODY,NONE,10,UDFA_SIGNING,2025,0,GENERATED
LV,LV_CB_11,CB,56,CAMP_BODY,NONE,11,UDFA_SIGNING,2025,0,GENERATED
LV,LV_S_01,S,90,ACTIVE,NONE,1,DRAFT,2025,1,GENERATED
LV,LV_S_02,S,86,ACTIVE,NONE,2,FREE_AGENCY,2024,1,GENERATED
LV,LV_S_03,S,47,ACTIVE,NONE,3,DRAFT,2024,1,GENERATED
LV,LV_S_04,S,74,ACTIVE,NONE,4,WAIVER_CLAIM,2022,1,GENERATED
LV,LV_S_05,S,48,PRACTICE_SQUAD_CANDIDATE,NONE,5,UDFA_SIGNING,2026,0,GENERATED
LV,LV_S_06,S,59,CAMP_BODY,DAY_TO_DAY,6,TRADE,2026,0,GENERATED
LV,LV_S_07,S,37,CAMP_BODY,DAY_TO_DAY,7,UDFA_SIGNING,2025,0,GENERATED
LV,LV_K_01,K,38,ACTIVE,NONE,1,DRAFT,2024,1,GENERATED
LV,LV_K_02,K,26,PRACTICE_SQUAD_CANDIDATE,NONE,2,UDFA_SIGNING,2025,0,GENERATED
LV,LV_P_01,P,71,ACTIVE,NONE,1,FREE_AGENCY,2022,1,GENERATED
LV,LV_P_02,P,87,PRACTICE_SQUAD_CANDIDATE,NONE,2,DRAFT,2025,0,GENERATED
LV,LV_LS_01,LS,12,ACTIVE,DAY_TO_DAY,1,DRAFT,2024,1,GENERATED
LAC,LAC_QB_01,QB,28,ACTIVE,NONE,1,FREE_AGENCY,2026,1,GENERATED
LAC,LAC_QB_02,QB,50,ACTIVE,NONE,2,DRAFT,2025,1,GENERATED
LAC,LAC_QB_03,QB,79,PRACTICE_SQUAD_CANDIDATE,DAY_TO_DAY,3,UDFA_SIGNING,2025,0,GENERATED
LAC,LAC_QB_04,QB,11,CAMP_BODY,NONE,4,UDFA_SIGNING,2025,0,GENERATED
LAC,LAC_RB_01,RB,56,ACTIVE,NONE,1,DRAFT,2024,1,GENERATED
LAC,LAC_RB_02,RB,45,ACTIVE,NONE,2,UDFA_SIGNING,2025,1,GENERATED
LAC,LAC_RB_03,RB,92,ACTIVE,NONE,3,FREE_AGENCY,2018,1,GENERATED
LAC,LAC_RB_04,RB,42,PRACTICE_SQUAD_CANDIDATE,NONE,4,DRAFT,2024,0,GENERATED
LAC,LAC_RB_05,RB,31,CAMP_BODY,NONE,5,DRAFT,2025,0,GENERATED
LAC,LAC_FB_01,FB,37,ACTIVE,NONE,1,FREE_AGENCY,2026,1,GENERATED
LAC,LAC_WR_01,WR,76,ACTIVE,NONE,1,DRAFT,2022,1,GENERATED
LAC,LAC_WR_02,WR,21,ACTIVE,IR,2,TRADE,2019,0,GENERATED
LAC,LAC_WR_03,WR,47,ACTIVE,NONE,3,DRAFT,2023,1,GENERATED
LAC,LAC_WR_04,WR,69,ACTIVE,NONE,4,FREE_AGENCY,2022,1,GENERATED
LAC,LAC_WR_05,WR,97,ACTIVE,DAY_TO_DAY,5,WAIVER_CLAIM,2017,1,GENERATED
LAC,LAC_WR_06,WR,80,ACTIVE,NONE,6,RE_SIGNED,2024,1,GENERATED
LAC,LAC_WR_07,WR,20,PRACTICE_SQUAD_CANDIDATE,NONE,7,DRAFT,2026,0,GENERATED
LAC,LAC_WR_08,WR,3,PRACTICE_SQUAD_CANDIDATE,NONE,8,FREE_AGENCY,2025,0,GENERATED
LAC,LAC_WR_09,WR,23,CAMP_BODY,NONE,9,DRAFT,2026,0,GENERATED
LAC,LAC_WR_10,WR,75,CAMP_BODY,NONE,10,UDFA_SIGNING,2026,0,GENERATED
LAC,LAC_WR_11,WR,71,CAMP_BODY,NONE,11,DRAFT,2025,0,GENERATED
LAC,LAC_TE_01,TE,90,ACTIVE,NONE,1,DRAFT,2026,1,GENERATED
LAC,LAC_TE_02,TE,53,ACTIVE,NONE,2,DRAFT,2026,1,GENERATED
LAC,LAC_TE_03,TE,9,ACTIVE,NONE,3,DRAFT,2024,1,GENERATED
LAC,LAC_TE_04,TE,44,PRACTICE_SQUAD_CANDIDATE,NONE,4,TRADE,2026,0,GENERATED
LAC,LAC_TE_05,TE,57,CAMP_BODY,NONE,5,DRAFT,2025,0,GENERATED
LAC,LAC_TE_06,TE,34,CAMP_BODY,NONE,6,RE_SIGNED,2023,0,GENERATED
LAC,LAC_OT_01,OT,2,ACTIVE,NONE,1,TRADE,2021,1,GENERATED
LAC,LAC_OT_02,OT,43,ACTIVE,NONE,2,RE_SIGNED,2019,1,GENERATED
LAC,LAC_OT_03,OT,25,ACTIVE,NONE,3,TRADE,2023,1,GENERATED
LAC,LAC_OT_04,OT,98,ACTIVE,NONE,4,FREE_AGENCY,2023,1,GENERATED
LAC,LAC_OT_05,OT,59,PRACTICE_SQUAD_CANDIDATE,NONE,5,DRAFT,2024,0,GENERATED
LAC,LAC_OT_06,OT,86,CAMP_BODY,NONE,6,DRAFT,2025,0,GENERATED
LAC,LAC_OG_01,OG,96,ACTIVE,NONE,1,DRAFT,2026,1,GENERATED
LAC,LAC_OG_02,OG,27,ACTIVE,NONE,2,DRAFT,2024,1,GENERATED
LAC,LAC_OG_03,OG,13,ACTIVE,DAY_TO_DAY,3,DRAFT,2026,1,GENERATED
LAC,LAC_OG_04,OG,12,ACTIVE,NONE,4,DRAFT,2024,1,GENERATED
LAC,LAC_OG_05,OG,74,PRACTICE_SQUAD_CANDIDATE,NONE,5,DRAFT,2025,0,GENERATED
LAC,LAC_OG_06,OG,38,CAMP_BODY,NONE,6,UDFA_SIGNING,2026,0,GENERATED
LAC,LAC_C_01,C,46,ACTIVE,DAY_TO_DAY,1,DRAFT,2026,1,GENERATED
LAC,LAC_C_02,C,82,ACTIVE,NONE,2,FREE_AGENCY,2022,1,GENERATED
LAC,LAC_C_03,C,58,PRACTICE_SQUAD_CANDIDATE,NONE,3,DRAFT,2025,0,GENERATED
LAC,LAC_EDGE_01,EDGE,48,ACTIVE,NONE,1,DRAFT,2024,1,GENERATED
LAC,LAC_EDGE_02,EDGE,70,ACTIVE,NONE,2,WAIVER_CLAIM,2025,1,GENERATED
LAC,LAC_EDGE_03,EDGE,41,ACTIVE,NONE,3,DRAFT,2025,1,GENERATED
LAC,LAC_EDGE_04,EDGE,93,ACTIVE,NONE,4,TRADE,2021,1,GENERATED
LAC,LAC_EDGE_05,EDGE,22,ACTIVE,NONE,5,FREE_AGENCY,2024,1,GENERATED
LAC,LAC_EDGE_06,EDGE,1,PRACTICE_SQUAD_CANDIDATE,NONE,6,FREE_AGENCY,2025,0,GENERATED
LAC,LAC_EDGE_07,EDGE,32,PRACTICE_SQUAD_CANDIDATE,NONE,7,DRAFT,2026,0,GENERATED
LAC,LAC_EDGE_08,EDGE,66,CAMP_BODY,NONE,8,UDFA_SIGNING,2025,0,GENERATED
LAC,LAC_EDGE_09,EDGE,14,CAMP_BODY,NONE,9,DRAFT,2025,0,GENERATED
LAC,LAC_DT_01,DT,95,ACTIVE,NONE,1,WAIVER_CLAIM,2024,1,GENERATED
LAC,LAC_DT_02,DT,24,ACTIVE,NONE,2,DRAFT,2023,1,GENERATED
LAC,LAC_DT_03,DT,81,ACTIVE,NONE,3,RE_SIGNED,2025,1,GENERATED
LAC,LAC_DT_04,DT,15,ACTIVE,NONE,4,FREE_AGENCY,2024,1,GENERATED
LAC,LAC_DT_05,DT,29,ACTIVE,NONE,5,DRAFT,2024,1,GENERATED
LAC,LAC_DT_06,DT,35,PRACTICE_SQUAD_CANDIDATE,NONE,6,DRAFT,2025,0,GENERATED
LAC,LAC_DT_07,DT,77,CAMP_BODY,NONE,7,UDFA_SIGNING,2026,0,GENERATED
LAC,LAC_DT_08,DT,64,CAMP_BODY,NONE,8,DRAFT,2026,0,GENERATED
LAC,LAC_LB_01,LB,26,ACTIVE,NONE,1,DRAFT,2024,1,GENERATED
LAC,LAC_LB_02,LB,19,ACTIVE,NONE,2,DRAFT,2025,1,GENERATED
LAC,LAC_LB_03,LB,39,ACTIVE,NONE,3,DRAFT,2026,1,GENERATED
LAC,LAC_LB_04,LB,8,ACTIVE,NONE,4,DRAFT,2024,1,GENERATED
LAC,LAC_LB_05,LB,68,ACTIVE,DAY_TO_DAY,5,DRAFT,2025,1,GENERATED
LAC,LAC_LB_06,LB,67,PRACTICE_SQUAD_CANDIDATE,NONE,6,DRAFT,2025,0,GENERATED
LAC,LAC_LB_07,LB,16,CAMP_BODY,NONE,7,DRAFT,2026,0,GENERATED
LAC,LAC_LB_08,LB,49,CAMP_BODY,NONE,8,DRAFT,2025,0,GENERATED
LAC,LAC_CB_01,CB,78,ACTIVE,NONE,1,DRAFT,2025,1,GENERATED
LAC,LAC_CB_02,CB,30,ACTIVE,NONE,2,DRAFT,2023,1,GENERATED
LAC,LAC_CB_03,CB,6,ACTIVE,NONE,3,RE_SIGNED,2024,1,GENERATED
LAC,LAC_CB_04,CB,61,ACTIVE,NONE,4,FREE_AGENCY,2025,1,GENERATED
LAC,LAC_CB_05,CB,54,ACTIVE,NONE,5,DRAFT,2026,1,GENERATED
LAC,LAC_CB_06,CB,85,ACTIVE,NONE,6,DRAFT,2024,1,GENERATED
LAC,LAC_CB_07,CB,87,PRACTICE_SQUAD_CANDIDATE,NONE,7,UDFA_SIGNING,2026,0,GENERATED
LAC,LAC_CB_08,CB,33,PRACTICE_SQUAD_CANDIDATE,NONE,8,DRAFT,2025,0,GENERATED
LAC,LAC_CB_09,CB,62,CAMP_BODY,NONE,9,DRAFT,2026,0,GENERATED
LAC,LAC_CB_10,CB,99,CAMP_BODY,NONE,10,RE_SIGNED,2026,0,GENERATED
LAC,LAC_CB_11,CB,89,CAMP_BODY,NONE,11,UDFA_SIGNING,2025,0,GENERATED
LAC,LAC_S_01,S,36,ACTIVE,NONE,1,RE_SIGNED,2017,1,GENERATED
LAC,LAC_S_02,S,63,ACTIVE,NONE,2,FREE_AGENCY,2017,1,GENERATED
LAC,LAC_S_03,S,18,ACTIVE,DAY_TO_DAY,3,FREE_AGENCY,2020,1,GENERATED
LAC,LAC_S_04,S,4,ACTIVE,NONE,4,DRAFT,2024,1,GENERATED
LAC,LAC_S_05,S,60,PRACTICE_SQUAD_CANDIDATE,NONE,5,UDFA_SIGNING,2025,0,GENERATED
LAC,LAC_S_06,S,65,CAMP_BODY,NONE,6,UDFA_SIGNING,2026,0,GENERATED
LAC,LAC_S_07,S,91,CAMP_BODY,NONE,7,WAIVER_CLAIM,2025,0,GENERATED
LAC,LAC_K_01,K,94,ACTIVE,NONE,1,FREE_AGENCY,2025,1,GENERATED
LAC,LAC_K_02,K,7,PRACTICE_SQUAD_CANDIDATE,DAY_TO_DAY,2,DRAFT,2026,0,GENERATED
LAC,LAC_P_01,P,55,ACTIVE,NONE,1,TRADE,2025,1,GENERATED
LAC,LAC_P_02,P,72,PRACTICE_SQUAD_CANDIDATE,NONE,2,DRAFT,2025,0,GENERATED
LAC,LAC_LS_01,LS,5,ACTIVE,NONE,1,DRAFT,2025,1,GENERATED
DAL,DAL_QB_01,QB,33,ACTIVE,NONE,1,WAIVER_CLAIM,2021,1,GENERATED
DAL,DAL_QB_02,QB,29,ACTIVE,NONE,2,DRAFT,2026,1,GENERATED
DAL,DAL_QB_03,QB,83,PRACTICE_SQUAD_CANDIDATE,NONE,3,UDFA_SIGNING,2025,0,GENERATED
DAL,DAL_QB_04,QB,20,CAMP_BODY,DAY_TO_DAY,4,UDFA_SIGNING,2026,0,GENERATED
DAL,DAL_RB_01,RB,61,ACTIVE,NONE,1,DRAFT,2025,1,GENERATED
DAL,DAL_RB_02,RB,16,ACTIVE,DAY_TO_DAY,2,WAIVER_CLAIM,2023,1,GENERATED
DAL,DAL_RB_03,RB,96,ACTIVE,SUSPENDED,3,DRAFT,2026,0,GENERATED
DAL,DAL_RB_04,RB,65,PRACTICE_SQUAD_CANDIDATE,NONE,4,UDFA_SIGNING,2026,0,GENERATED
DAL,DAL_RB_05,RB,25,CAMP_BODY,NONE,5,DRAFT,2025,0,GENERATED
DAL,DAL_FB_01,FB,57,ACTIVE,NONE,1,DRAFT,2024,1,GENERATED
DAL,DAL_WR_01,WR,84,ACTIVE,PUP,1,DRAFT,2025,0,GENERATED
DAL,DAL_WR_02,WR,87,ACTIVE,NONE,2,FREE_AGENCY,2024,1,GENERATED
DAL,DAL_WR_03,WR,8,ACTIVE,NONE,3,DRAFT,2026,1,GENERATED
DAL,DAL_WR_04,WR,15,ACTIVE,NONE,4,TRADE,2020,1,GENERATED
DAL,DAL_WR_05,WR,39,ACTIVE,NONE,5,FREE_AGENCY,2023,1,GENERATED
DAL,DAL_WR_06,WR,22,ACTIVE,NONE,6,FREE_AGENCY,2025,1,GENERATED
DAL,DAL_WR_07,WR,80,PRACTICE_SQUAD_CANDIDATE,NONE,7,UDFA_SIGNING,2025,0,GENERATED
DAL,DAL_WR_08,WR,63,PRACTICE_SQUAD_CANDIDATE,NONE,8,UDFA_SIGNING,2025,0,GENERATED
DAL,DAL_WR_09,WR,41,CAMP_BODY,NONE,9,UDFA_SIGNING,2026,0,GENERATED
DAL,DAL_WR_10,WR,42,CAMP_BODY,NONE,10,UDFA_SIGNING,2026,0,GENERATED
DAL,DAL_WR_11,WR,9,CAMP_BODY,NONE,11,DRAFT,2026,0,GENERATED
DAL,DAL_TE_01,TE,48,ACTIVE,NONE,1,DRAFT,2026,1,GENERATED
DAL,DAL_TE_02,TE,81,ACTIVE,NONE,2,DRAFT,2026,1,GENERATED
DAL,DAL_TE_03,TE,6,ACTIVE,DAY_TO_DAY,3,FREE_AGENCY,2026,1,GENERATED
DAL,DAL_TE_04,TE,37,PRACTICE_SQUAD_CANDIDATE,NONE,4,UDFA_SIGNING,2025,0,GENERATED
DAL,DAL_TE_05,TE,64,CAMP_BODY,NONE,5,DRAFT,2025,0,GENERATED
DAL,DAL_TE_06,TE,10,CAMP_BODY,NONE,6,DRAFT,2026,0,GENERATED
DAL,DAL_OT_01,OT,46,ACTIVE,NONE,1,FREE_AGENCY,2022,1,GENERATED
DAL,DAL_OT_02,OT,27,ACTIVE,NONE,2,DRAFT,2026,1,GENERATED
DAL,DAL_OT_03,OT,75,ACTIVE,NONE,3,RE_SIGNED,2026,1,GENERATED
DAL,DAL_OT_04,OT,69,ACTIVE,NONE,4,FREE_AGENCY,2025,1,GENERATED
DAL,DAL_OT_05,OT,56,PRACTICE_SQUAD_CANDIDATE,NONE,5,DRAFT,2023,0,GENERATED
DAL,DAL_OT_06,OT,99,CAMP_BODY,NONE,6,DRAFT,2026,0,GENERATED
DAL,DAL_OG_01,OG,82,ACTIVE,NONE,1,DRAFT,2024,1,GENERATED
DAL,DAL_OG_02,OG,72,ACTIVE,NONE,2,RE_SIGNED,2025,1,GENERATED
DAL,DAL_OG_03,OG,43,ACTIVE,NONE,3,WAIVER_CLAIM,2025,1,GENERATED
DAL,DAL_OG_04,OG,79,ACTIVE,NONE,4,UDFA_SIGNING,2026,1,GENERATED
DAL,DAL_OG_05,OG,4,PRACTICE_SQUAD_CANDIDATE,NONE,5,DRAFT,2026,0,GENERATED
DAL,DAL_OG_06,OG,59,CAMP_BODY,NONE,6,UDFA_SIGNING,2025,0,GENERATED
DAL,DAL_C_01,C,44,ACTIVE,NONE,1,RE_SIGNED,2021,1,GENERATED
DAL,DAL_C_02,C,60,ACTIVE,NONE,2,DRAFT,2022,1,GENERATED
DAL,DAL_C_03,C,45,PRACTICE_SQUAD_CANDIDATE,NONE,3,DRAFT,2023,0,GENERATED
DAL,DAL_EDGE_01,EDGE,91,ACTIVE,NONE,1,FREE_AGENCY,2022,1,GENERATED
DAL,DAL_EDGE_02,EDGE,40,ACTIVE,NONE,2,FREE_AGENCY,2020,1,GENERATED
DAL,DAL_EDGE_03,EDGE,12,ACTIVE,NONE,3,RE_SIGNED,2026,1,GENERATED
DAL,DAL_EDGE_04,EDGE,58,ACTIVE,DAY_TO_DAY,4,FREE_AGENCY,2025,1,GENERATED
DAL,DAL_EDGE_05,EDGE,14,ACTIVE,NONE,5,DRAFT,2026,1,GENERATED
DAL,DAL_EDGE_06,EDGE,47,PRACTICE_SQUAD_CANDIDATE,NONE,6,UDFA_SIGNING,2025,0,GENERATED
DAL,DAL_EDGE_07,EDGE,21,PRACTICE_SQUAD_CANDIDATE,NONE,7,FREE_AGENCY,2024,0,GENERATED
DAL,DAL_EDGE_08,EDGE,52,CAMP_BODY,DAY_TO_DAY,8,UDFA_SIGNING,2026,0,GENERATED
DAL,DAL_EDGE_09,EDGE,66,CAMP_BODY,NONE,9,DRAFT,2025,0,GENERATED
DAL,DAL_DT_01,DT,86,ACTIVE,NONE,1,DRAFT,2023,1,GENERATED
DAL,DAL_DT_02,DT,77,ACTIVE,NONE,2,DRAFT,2026,1,GENERATED
DAL,DAL_DT_03,DT,13,ACTIVE,NONE,3,FREE_AGENCY,2024,1,GENERATED
DAL,DAL_DT_04,DT,32,ACTIVE,DAY_TO_DAY,4,DRAFT,2026,1,GENERATED
DAL,DAL_DT_05,DT,92,ACTIVE,DAY_TO_DAY,5,UDFA_SIGNING,2025,1,GENERATED
DAL,DAL_DT_06,DT,38,PRACTICE_SQUAD_CANDIDATE,NONE,6,DRAFT,2026,0,GENERATED
DAL,DAL_DT_07,DT,19,CAMP_BODY,NONE,7,FREE_AGENCY,2024,0,GENERATED
DAL,DAL_DT_08,DT,50,CAMP_BODY,IR,8,DRAFT,2025,0,GENERATED
DAL,DAL_LB_01,LB,1,ACTIVE,NONE,1,TRADE,2023,1,GENERATED
DAL,DAL_LB_02,LB,70,ACTIVE,NONE,2,DRAFT,2025,1,GENERATED
DAL,DAL_LB_03,LB,51,ACTIVE,NONE,3,DRAFT,2025,1,GENERATED
DAL,DAL_LB_04,LB,95,ACTIVE,NONE,4,WAIVER_CLAIM,2021,1,GENERATED
DAL,DAL_LB_05,LB,73,ACTIVE,NONE,5,DRAFT,2025,1,GENERATED
DAL,DAL_LB_06,LB,94,PRACTICE_SQUAD_CANDIDATE,NONE,6,UDFA_SIGNING,2025,0,GENERATED
DAL,DAL_LB_07,LB,34,CAMP_BODY,NONE,7,DRAFT,2026,0,GENERATED
DAL,DAL_LB_08,LB,28,CAMP_BODY,NONE,8,DRAFT,2026,0,GENERATED
DAL,DAL_CB_01,CB,5,ACTIVE,NONE,1,RE_SIGNED,2021,1,GENERATED
DAL,DAL_CB_02,CB,3,ACTIVE,NFI,2,FREE_AGENCY,2014,0,GENERATED
DAL,DAL_CB_03,CB,89,ACTIVE,NONE,3,DRAFT,2026,1,GENERATED
DAL,DAL_CB_04,CB,90,ACTIVE,NONE,4,DRAFT,2025,1,GENERATED
DAL,DAL_CB_05,CB,74,ACTIVE,NONE,5,DRAFT,2023,1,GENERATED
DAL,DAL_CB_06,CB,71,ACTIVE,DAY_TO_DAY,6,FREE_AGENCY,2020,1,GENERATED
DAL,DAL_CB_07,CB,93,PRACTICE_SQUAD_CANDIDATE,NONE,7,FREE_AGENCY,2023,0,GENERATED
DAL,DAL_CB_08,CB,2,PRACTICE_SQUAD_CANDIDATE,NONE,8,UDFA_SIGNING,2025,0,GENERATED
DAL,DAL_CB_09,CB,49,CAMP_BODY,DAY_TO_DAY,9,UDFA_SIGNING,2026,0,GENERATED
DAL,DAL_CB_10,CB,98,CAMP_BODY,NONE,10,RE_SIGNED,2026,0,GENERATED
DAL,DAL_CB_11,CB,62,CAMP_BODY,NONE,11,DRAFT,2026,0,GENERATED
DAL,DAL_S_01,S,30,ACTIVE,NONE,1,DRAFT,2026,1,GENERATED
DAL,DAL_S_02,S,31,ACTIVE,NONE,2,DRAFT,2026,1,GENERATED
DAL,DAL_S_03,S,67,ACTIVE,NONE,3,WAIVER_CLAIM,2025,1,GENERATED
DAL,DAL_S_04,S,11,ACTIVE,NONE,4,DRAFT,2025,1,GENERATED
DAL,DAL_S_05,S,36,PRACTICE_SQUAD_CANDIDATE,NONE,5,DRAFT,2026,0,GENERATED
DAL,DAL_S_06,S,26,CAMP_BODY,NONE,6,UDFA_SIGNING,2025,0,GENERATED
DAL,DAL_S_07,S,53,CAMP_BODY,DAY_TO_DAY,7,DRAFT,2025,0,GENERATED
DAL,DAL_K_01,K,24,ACTIVE,NONE,1,RE_SIGNED,2021,1,GENERATED
DAL,DAL_K_02,K,76,PRACTICE_SQUAD_CANDIDATE,NONE,2,UDFA_SIGNING,2025,0,GENERATED
DAL,DAL_P_01,P,78,ACTIVE,DAY_TO_DAY,1,WAIVER_CLAIM,2021,1,GENERATED
DAL,DAL_P_02,P,7,PRACTICE_SQUAD_CANDIDATE,NONE,2,DRAFT,2025,0,GENERATED
DAL,DAL_LS_01,LS,35,ACTIVE,NONE,1,TRADE,2024,1,GENERATED
PHI,PHI_QB_01,QB,36,ACTIVE,NONE,1,TRADE,2025,1,GENERATED
PHI,PHI_QB_02,QB,42,ACTIVE,NONE,2,RE_SIGNED,2019,1,GENERATED
PHI,PHI_QB_03,QB,31,PRACTICE_SQUAD_CANDIDATE,NONE,3,FREE_AGENCY,2025,0,GENERATED
PHI,PHI_QB_04,QB,47,CAMP_BODY,NONE,4,UDFA_SIGNING,2026,0,GENERATED
PHI,PHI_RB_01,RB,34,ACTIVE,NONE,1,RE_SIGNED,2025,1,GENERATED
PHI,PHI_RB_02,RB,10,ACTIVE,NONE,2,RE_SIGNED,2022,1,GENERATED
PHI,PHI_RB_03,RB,77,ACTIVE,NONE,3,DRAFT,2026,1,GENERATED
PHI,PHI_RB_04,RB,69,PRACTICE_SQUAD_CANDIDATE,DAY_TO_DAY,4,UDFA_SIGNING,2026,0,GENERATED
PHI,PHI_RB_05,RB,60,CAMP_BODY,NONE,5,RE_SIGNED,2026,0,GENERATED
PHI,PHI_FB_01,FB,95,ACTIVE,NONE,1,DRAFT,2022,1,GENERATED
PHI,PHI_WR_01,WR,75,ACTIVE,NONE,1,TRADE,2023,1,GENERATED
PHI,PHI_WR_02,WR,26,ACTIVE,NONE,2,DRAFT,2024,1,GENERATED
PHI,PHI_WR_03,WR,29,ACTIVE,NONE,3,WAIVER_CLAIM,2026,1,GENERATED
PHI,PHI_WR_04,WR,55,ACTIVE,NONE,4,DRAFT,2024,1,GENERATED
PHI,PHI_WR_05,WR,78,ACTIVE,IR,5,RE_SIGNED,2024,0,GENERATED
PHI,PHI_WR_06,WR,56,ACTIVE,NONE,6,FREE_AGENCY,2024,1,GENERATED
PHI,PHI_WR_07,WR,91,PRACTICE_SQUAD_CANDIDATE,NONE,7,UDFA_SIGNING,2026,0,GENERATED
PHI,PHI_WR_08,WR,35,PRACTICE_SQUAD_CANDIDATE,NONE,8,WAIVER_CLAIM,2024,0,GENERATED
PHI,PHI_WR_09,WR,72,CAMP_BODY,NONE,9,DRAFT,2025,0,GENERATED
PHI,PHI_WR_10,WR,19,CAMP_BODY,NONE,10,DRAFT,2025,0,GENERATED
PHI,PHI_WR_11,WR,62,CAMP_BODY,NONE,11,DRAFT,2025,0,GENERATED
PHI,PHI_TE_01,TE,59,ACTIVE,NONE,1,DRAFT,2023,1,GENERATED
PHI,PHI_TE_02,TE,84,ACTIVE,NONE,2,FREE_AGENCY,2016,1,GENERATED
PHI,PHI_TE_03,TE,7,ACTIVE,NONE,3,DRAFT,2026,1,GENERATED
PHI,PHI_TE_04,TE,27,PRACTICE_SQUAD_CANDIDATE,NONE,4,UDFA_SIGNING,2025,0,GENERATED
PHI,PHI_TE_05,TE,74,CAMP_BODY,NONE,5,DRAFT,2025,0,GENERATED
PHI,PHI_TE_06,TE,40,CAMP_BODY,NONE,6,DRAFT,2025,0,GENERATED
PHI,PHI_OT_01,OT,5,ACTIVE,NONE,1,DRAFT,2026,1,GENERATED
PHI,PHI_OT_02,OT,61,ACTIVE,NONE,2,FREE_AGENCY,2024,1,GENERATED
PHI,PHI_OT_03,OT,44,ACTIVE,NONE,3,FREE_AGENCY,2026,1,GENERATED
PHI,PHI_OT_04,OT,79,ACTIVE,NONE,4,DRAFT,2025,1,GENERATED
PHI,PHI_OT_05,OT,20,PRACTICE_SQUAD_CANDIDATE,NONE,5,DRAFT,2023,0,GENERATED
PHI,PHI_OT_06,OT,51,CAMP_BODY,NONE,6,DRAFT,2026,0,GENERATED
PHI,PHI_OG_01,OG,92,ACTIVE,NONE,1,DRAFT,2024,1,GENERATED
PHI,PHI_OG_02,OG,80,ACTIVE,NONE,2,DRAFT,2024,1,GENERATED
PHI,PHI_OG_03,OG,43,ACTIVE,NONE,3,UDFA_SIGNING,2026,1,GENERATED
PHI,PHI_OG_04,OG,87,ACTIVE,NONE,4,FREE_AGENCY,2024,1,GENERATED
PHI,PHI_OG_05,OG,18,PRACTICE_SQUAD_CANDIDATE,DAY_TO_DAY,5,FREE_AGENCY,2026,0,GENERATED
PHI,PHI_OG_06,OG,39,CAMP_BODY,NONE,6,UDFA_SIGNING,2025,0,GENERATED
PHI,PHI_C_01,C,76,ACTIVE,NONE,1,DRAFT,2025,1,GENERATED
PHI,PHI_C_02,C,33,ACTIVE,NONE,2,FREE_AGENCY,2026,1,GENERATED
PHI,PHI_C_03,C,24,PRACTICE_SQUAD_CANDIDATE,NONE,3,DRAFT,2025,0,GENERATED
PHI,PHI_EDGE_01,EDGE,32,ACTIVE,NONE,1,DRAFT,2023,1,GENERATED
PHI,PHI_EDGE_02,EDGE,2,ACTIVE,NONE,2,RE_SIGNED,2022,1,GENERATED
PHI,PHI_EDGE_03,EDGE,83,ACTIVE,NONE,3,DRAFT,2025,1,GENERATED
PHI,PHI_EDGE_04,EDGE,70,ACTIVE,NONE,4,UDFA_SIGNING,2025,1,GENERATED
PHI,PHI_EDGE_05,EDGE,30,ACTIVE,NONE,5,RE_SIGNED,2020,1,GENERATED
PHI,PHI_EDGE_06,EDGE,9,PRACTICE_SQUAD_CANDIDATE,NONE,6,DRAFT,2026,0,GENERATED
PHI,PHI_EDGE_07,EDGE,48,PRACTICE_SQUAD_CANDIDATE,NONE,7,DRAFT,2025,0,GENERATED
PHI,PHI_EDGE_08,EDGE,81,CAMP_BODY,NONE,8,UDFA_SIGNING,2025,0,GENERATED
PHI,PHI_EDGE_09,EDGE,15,CAMP_BODY,NONE,9,DRAFT,2025,0,GENERATED
PHI,PHI_DT_01,DT,57,ACTIVE,NONE,1,DRAFT,2023,1,GENERATED
PHI,PHI_DT_02,DT,64,ACTIVE,NONE,2,DRAFT,2025,1,GENERATED
PHI,PHI_DT_03,DT,46,ACTIVE,NONE,3,TRADE,2020,1,GENERATED
PHI,PHI_DT_04,DT,85,ACTIVE,NONE,4,DRAFT,2024,1,GENERATED
PHI,PHI_DT_05,DT,50,ACTIVE,NONE,5,DRAFT,2025,1,GENERATED
PHI,PHI_DT_06,DT,82,PRACTICE_SQUAD_CANDIDATE,NONE,6,UDFA_SIGNING,2026,0,GENERATED
PHI,PHI_DT_07,DT,94,CAMP_BODY,NONE,7,UDFA_SIGNING,2026,0,GENERATED
PHI,PHI_DT_08,DT,99,CAMP_BODY,NONE,8,DRAFT,2025,0,GENERATED
PHI,PHI_LB_01,LB,86,ACTIVE,NONE,1,TRADE,2023,1,GENERATED
PHI,PHI_LB_02,LB,65,ACTIVE,NONE,2,DRAFT,2025,1,GENERATED
PHI,PHI_LB_03,LB,98,ACTIVE,NONE,3,UDFA_SIGNING,2025,1,GENERATED
PHI,PHI_LB_04,LB,11,ACTIVE,DAY_TO_DAY,4,DRAFT,2026,1,GENERATED
PHI,PHI_LB_05,LB,38,ACTIVE,NONE,5,WAIVER_CLAIM,2024,1,GENERATED
PHI,PHI_LB_06,LB,28,PRACTICE_SQUAD_CANDIDATE,NONE,6,FREE_AGENCY,2025,0,GENERATED
PHI,PHI_LB_07,LB,97,CAMP_BODY,NONE,7,UDFA_SIGNING,2025,0,GENERATED
PHI,PHI_LB_08,LB,17,CAMP_BODY,NONE,8,UDFA_SIGNING,2025,0,GENERATED
PHI,PHI_CB_01,CB,63,ACTIVE,NFI,1,DRAFT,2023,0,GENERATED
PHI,PHI_CB_02,CB,37,ACTIVE,NONE,2,TRADE,2015,1,GENERATED
PHI,PHI_CB_03,CB,68,ACTIVE,NONE,3,RE_SIGNED,2024,1,GENERATED
PHI,PHI_CB_04,CB,8,ACTIVE,NONE,4,DRAFT,2026,1,GENERATED
PHI,PHI_CB_05,CB,90,ACTIVE,NONE,5,DRAFT,2025,1,GENERATED
PHI,PHI_CB_06,CB,71,ACTIVE,DAY_TO_DAY,6,FREE_AGENCY,2025,1,GENERATED
PHI,PHI_CB_07,CB,93,PRACTICE_SQUAD_CANDIDATE,DAY_TO_DAY,7,FREE_AGENCY,2024,0,GENERATED
PHI,PHI_CB_08,CB,3,PRACTICE_SQUAD_CANDIDATE,NONE,8,DRAFT,2025,0,GENERATED
PHI,PHI_CB_09,CB,66,CAMP_BODY,NONE,9,TRADE,2024,0,GENERATED
PHI,PHI_CB_10,CB,13,CAMP_BODY,NONE,10,UDFA_SIGNING,2025,0,GENERATED
PHI,PHI_CB_11,CB,96,CAMP_BODY,NONE,11,DRAFT,2026,0,GENERATED
PHI,PHI_S_01,S,89,ACTIVE,NONE,1,DRAFT,2026,1,GENERATED
PHI,PHI_S_02,S,1,ACTIVE,NONE,2,DRAFT,2025,1,GENERATED
PHI,PHI_S_03,S,67,ACTIVE,NONE,3,DRAFT,2025,1,GENERATED
PHI,PHI_S_04,S,52,ACTIVE,NONE,4,FREE_AGENCY,2019,1,GENERATED
PHI,PHI_S_05,S,21,PRACTICE_SQUAD_CANDIDATE,NONE,5,DRAFT,2024,0,GENERATED
PHI,PHI_S_06,S,41,CAMP_BODY,NONE,6,UDFA_SIGNING,2025,0,GENERATED
PHI,PHI_S_07,S,23,CAMP_BODY,NONE,7,DRAFT,2026,0,GENERATED
PHI,PHI_K_01,K,49,ACTIVE,NONE,1,WAIVER_CLAIM,2020,1,GENERATED
PHI,PHI_K_02,K,25,PRACTICE_SQUAD_CANDIDATE,NONE,2,UDFA_SIGNING,2025,0,GENERATED
PHI,PHI_P_01,P,88,ACTIVE,IR,1,DRAFT,2024,0,GENERATED
PHI,PHI_P_02,P,45,PRACTICE_SQUAD_CANDIDATE,NONE,2,UDFA_SIGNING,2025,0,GENERATED
PHI,PHI_LS_01,LS,53,ACTIVE,NONE,1,DRAFT,2025,1,GENERATED
WAS,WAS_QB_01,QB,64,ACTIVE,NONE,1,DRAFT,2026,1,GENERATED
WAS,WAS_QB_02,QB,56,ACTIVE,NONE,2,FREE_AGENCY,2026,1,GENERATED
WAS,WAS_QB_03,QB,30,PRACTICE_SQUAD_CANDIDATE,NONE,3,FREE_AGENCY,2025,0,GENERATED
WAS,WAS_QB_04,QB,98,CAMP_BODY,DAY_TO_DAY,4,DRAFT,2025,0,GENERATED
WAS,WAS_RB_01,RB,38,ACTIVE,NONE,1,FREE_AGENCY,2025,1,GENERATED
WAS,WAS_RB_02,RB,89,ACTIVE,NONE,2,DRAFT,2026,1,GENERATED
WAS,WAS_RB_03,RB,58,ACTIVE,NONE,3,DRAFT,2022,1,GENERATED
WAS,WAS_RB_04,RB,39,PRACTICE_SQUAD_CANDIDATE,NONE,4,DRAFT,2025,0,GENERATED
WAS,WAS_RB_05,RB,63,CAMP_BODY,NONE,5,DRAFT,2025,0,GENERATED
WAS,WAS_FB_01,FB,4,ACTIVE,NONE,1,FREE_AGENCY,2022,1,GENERATED
WAS,WAS_WR_01,WR,60,ACTIVE,NONE,1,RE_SIGNED,2013,1,GENERATED
WAS,WAS_WR_02,WR,67,ACTIVE,PUP,2,DRAFT,2024,0,GENERATED
WAS,WAS_WR_03,WR,34,ACTIVE,NONE,3,DRAFT,2026,1,GENERATED
WAS,WAS_WR_04,WR,51,ACTIVE,NONE,4,FREE_AGENCY,2019,1,GENERATED
WAS,WAS_WR_05,WR,15,ACTIVE,NONE,5,FREE_AGENCY,2020,1,GENERATED
WAS,WAS_WR_06,WR,54,ACTIVE,NONE,6,FREE_AGENCY,2023,1,GENERATED
WAS,WAS_WR_07,WR,65,PRACTICE_SQUAD_CANDIDATE,NONE,7,DRAFT,2026,0,GENERATED
WAS,WAS_WR_08,WR,97,PRACTICE_SQUAD_CANDIDATE,NFI,8,DRAFT,2026,0,GENERATED
WAS,WAS_WR_09,WR,24,CAMP_BODY,NONE,9,UDFA_SIGNING,2025,0,GENERATED
WAS,WAS_WR_10,WR,6,CAMP_BODY,NONE,10,UDFA_SIGNING,2025,0,GENERATED
WAS,WAS_WR_11,WR,21,CAMP_BODY,NONE,11,DRAFT,2026,0,GENERATED
WAS,WAS_TE_01,TE,83,ACTIVE,NONE,1,DRAFT,2024,1,GENERATED
WAS,WAS_TE_02,TE,87,ACTIVE,DAY_TO_DAY,2,DRAFT,2024,1,GENERATED
WAS,WAS_TE_03,TE,69,ACTIVE,NONE,3,RE_SIGNED,2025,1,GENERATED
WAS,WAS_TE_04,TE,44,PRACTICE_SQUAD_CANDIDATE,NONE,4,WAIVER_CLAIM,2024,0,GENERATED
WAS,WAS_TE_05,TE,9,CAMP_BODY,NONE,5,FREE_AGENCY,2025,0,GENERATED
WAS,WAS_TE_06,TE,77,CAMP_BODY,NONE,6,DRAFT,2025,0,GENERATED
WAS,WAS_OT_01,OT,52,ACTIVE,NONE,1,DRAFT,2022,1,GENERATED
WAS,WAS_OT_02,OT,43,ACTIVE,NONE,2,DRAFT,2024,1,GENERATED
WAS,WAS_OT_03,OT,10,ACTIVE,NONE,3,FREE_AGENCY,2026,1,GENERATED
WAS,WAS_OT_04,OT,28,ACTIVE,NONE,4,FREE_AGENCY,2021,1,GENERATED
WAS,WAS_OT_05,OT,79,PRACTICE_SQUAD_CANDIDATE,NONE,5,UDFA_SIGNING,2025,0,GENERATED
WAS,WAS_OT_06,OT,70,CAMP_BODY,NONE,6,FREE_AGENCY,2024,0,GENERATED
WAS,WAS_OG_01,OG,19,ACTIVE,DAY_TO_DAY,1,TRADE,2014,1,GENERATED
WAS,WAS_OG_02,OG,32,ACTIVE,NONE,2,DRAFT,2025,1,GENERATED
WAS,WAS_OG_03,OG,33,ACTIVE,NONE,3,DRAFT,2025,1,GENERATED
WAS,WAS_OG_04,OG,72,ACTIVE,NONE,4,WAIVER_CLAIM,2024,1,GENERATED
WAS,WAS_OG_05,OG,8,PRACTICE_SQUAD_CANDIDATE,NONE,5,DRAFT,2026,0,GENERATED
WAS,WAS_OG_06,OG,22,CAMP_BODY,NONE,6,DRAFT,2024,0,GENERATED
WAS,WAS_C_01,C,23,ACTIVE,NONE,1,RE_SIGNED,2026,1,GENERATED
WAS,WAS_C_02,C,90,ACTIVE,NONE,2,FREE_AGENCY,2022,1,GENERATED
WAS,WAS_C_03,C,50,PRACTICE_SQUAD_CANDIDATE,NONE,3,RE_SIGNED,2021,0,GENERATED
WAS,WAS_EDGE_01,EDGE,71,ACTIVE,NONE,1,FREE_AGENCY,2021,1,GENERATED
WAS,WAS_EDGE_02,EDGE,75,ACTIVE,NONE,2,FREE_AGENCY,2019,1,GENERATED
WAS,WAS_EDGE_03,EDGE,61,ACTIVE,NONE,3,DRAFT,2026,1,GENERATED
WAS,WAS_EDGE_04,EDGE,73,ACTIVE,NONE,4,FREE_AGENCY,2023,1,GENERATED
WAS,WAS_EDGE_05,EDGE,80,ACTIVE,NONE,5,DRAFT,2023,1,GENERATED
WAS,WAS_EDGE_06,EDGE,92,PRACTICE_SQUAD_CANDIDATE,NONE,6,FREE_AGENCY,2024,0,GENERATED
WAS,WAS_EDGE_07,EDGE,48,PRACTICE_SQUAD_CANDIDATE,NONE,7,DRAFT,2024,0,GENERATED
WAS,WAS_EDGE_08,EDGE,93,CAMP_BODY,NONE,8,UDFA_SIGNING,2025,0,GENERATED
WAS,WAS_EDGE_09,EDGE,53,CAMP_BODY,NONE,9,FREE_AGENCY,2025,0,GENERATED
WAS,WAS_DT_01,DT,96,ACTIVE,NONE,1,FREE_AGENCY,2022,1,GENERATED
WAS,WAS_DT_02,DT,45,ACTIVE,NONE,2,FREE_AGENCY,2023,1,GENERATED
WAS,WAS_DT_03,DT,12,ACTIVE,NONE,3,FREE_AGENCY,2024,1,GENERATED
WAS,WAS_DT_04,DT,85,ACTIVE,NONE,4,DRAFT,2023,1,GENERATED
WAS,WAS_DT_05,DT,40,ACTIVE,NONE,5,FREE_AGENCY,2026,1,GENERATED
WAS,WAS_DT_06,DT,13,PRACTICE_SQUAD_CANDIDATE,PUP,6,DRAFT,2025,0,GENERATED
WAS,WAS_DT_07,DT,25,CAMP_BODY,NONE,7,UDFA_SIGNING,2026,0,GENERATED
WAS,WAS_DT_08,DT,94,CAMP_BODY,NONE,8,DRAFT,2026,0,GENERATED
WAS,WAS_LB_01,LB,84,ACTIVE,NONE,1,FREE_AGENCY,2026,1,GENERATED
WAS,WAS_LB_02,LB,26,ACTIVE,DAY_TO_DAY,2,DRAFT,2024,1,GENERATED
WAS,WAS_LB_03,LB,66,ACTIVE,NONE,3,WAIVER_CLAIM,2024,1,GENERATED
WAS,WAS_LB_04,LB,42,ACTIVE,DAY_TO_DAY,4,DRAFT,2025,1,GENERATED
WAS,WAS_LB_05,LB,16,ACTIVE,DAY_TO_DAY,5,WAIVER_CLAIM,2022,1,GENERATED
WAS,WAS_LB_06,LB,55,PRACTICE_SQUAD_CANDIDATE,DAY_TO_DAY,6,DRAFT,2026,0,GENERATED
WAS,WAS_LB_07,LB,14,CAMP_BODY,NONE,7,UDFA_SIGNING,2025,0,GENERATED
WAS,WAS_LB_08,LB,3,CAMP_BODY,NONE,8,DRAFT,2026,0,GENERATED
WAS,WAS_CB_01,CB,59,ACTIVE,NONE,1,DRAFT,2024,1,GENERATED
WAS,WAS_CB_02,CB,46,ACTIVE,NONE,2,DRAFT,2026,1,GENERATED
WAS,WAS_CB_03,CB,29,ACTIVE,NONE,3,FREE_AGENCY,2024,1,GENERATED
WAS,WAS_CB_04,CB,74,ACTIVE,NONE,4,DRAFT,2025,1,GENERATED
WAS,WAS_CB_05,CB,2,ACTIVE,NONE,5,RE_SIGNED,2020,1,GENERATED
WAS,WAS_CB_06,CB,11,ACTIVE,NONE,6,TRADE,2023,1,GENERATED
WAS,WAS_CB_07,CB,31,PRACTICE_SQUAD_CANDIDATE,NONE,7,DRAFT,2026,0,GENERATED
WAS,WAS_CB_08,CB,91,PRACTICE_SQUAD_CANDIDATE,NONE,8,UDFA_SIGNING,2026,0,GENERATED
WAS,WAS_CB_09,CB,41,CAMP_BODY,NONE,9,UDFA_SIGNING,2026,0,GENERATED
WAS,WAS_CB_10,CB,86,CAMP_BODY,NONE,10,UDFA_SIGNING,2026,0,GENERATED
WAS,WAS_CB_11,CB,95,CAMP_BODY,NONE,11,DRAFT,2026,0,GENERATED
WAS,WAS_S_01,S,47,ACTIVE,NONE,1,WAIVER_CLAIM,2022,1,GENERATED
WAS,WAS_S_02,S,27,ACTIVE,NONE,2,RE_SIGNED,2025,1,GENERATED
WAS,WAS_S_03,S,20,ACTIVE,NONE,3,DRAFT,2026,1,GENERATED
WAS,WAS_S_04,S,35,ACTIVE,NONE,4,FREE_AGENCY,2025,1,GENERATED
WAS,WAS_S_05,S,81,PRACTICE_SQUAD_CANDIDATE,NONE,5,DRAFT,2024,0,GENERATED
WAS,WAS_S_06,S,62,CAMP_BODY,NONE,6,WAIVER_CLAIM,2024,0,GENERATED
WAS,WAS_S_07,S,37,CAMP_BODY,NONE,7,RE_SIGNED,2026,0,GENERATED
WAS,WAS_K_01,K,57,ACTIVE,NONE,1,FREE_AGENCY,2022,1,GENERATED
WAS,WAS_K_02,K,78,PRACTICE_SQUAD_CANDIDATE,NONE,2,UDFA_SIGNING,2026,0,GENERATED
WAS,WAS_P_01,P,1,ACTIVE,NONE,1,DRAFT,2026,1,GENERATED
WAS,WAS_P_02,P,82,PRACTICE_SQUAD_CANDIDATE,NONE,2,FREE_AGENCY,2025,0,GENERATED
WAS,WAS_LS_01,LS,76,ACTIVE,NONE,1,FREE_AGENCY,2020,1,GENERATED
NYG,NYG_QB_01,QB,48,ACTIVE,NONE,1,FREE_AGENCY,2024,1,GENERATED
NYG,NYG_QB_02,QB,5,ACTIVE,DAY_TO_DAY,2,DRAFT,2023,1,GENERATED
NYG,NYG_QB_03,QB,27,PRACTICE_SQUAD_CANDIDATE,NONE,3,FREE_AGENCY,2024,0,GENERATED
NYG,NYG_QB_04,QB,56,CAMP_BODY,NONE,4,DRAFT,2025,0,GENERATED
NYG,NYG_RB_01,RB,23,ACTIVE,NONE,1,DRAFT,2026,1,GENERATED
NYG,NYG_RB_02,RB,88,ACTIVE,NONE,2,DRAFT,2026,1,GENERATED
NYG,NYG_RB_03,RB,43,ACTIVE,NONE,3,DRAFT,2026,1,GENERATED
NYG,NYG_RB_04,RB,74,PRACTICE_SQUAD_CANDIDATE,NONE,4,DRAFT,2025,0,GENERATED
NYG,NYG_RB_05,RB,18,CAMP_BODY,NONE,5,RE_SIGNED,2024,0,GENERATED
NYG,NYG_FB_01,FB,76,ACTIVE,NONE,1,WAIVER_CLAIM,2021,1,GENERATED
NYG,NYG_WR_01,WR,70,ACTIVE,NONE,1,RE_SIGNED,2024,1,GENERATED
NYG,NYG_WR_02,WR,90,ACTIVE,NONE,2,DRAFT,2025,1,GENERATED
NYG,NYG_WR_03,WR,61,ACTIVE,NONE,3,FREE_AGENCY,2022,1,GENERATED
NYG,NYG_WR_04,WR,35,ACTIVE,NONE,4,DRAFT,2026,1,GENERATED
NYG,NYG_WR_05,WR,72,ACTIVE,NONE,5,TRADE,2025,1,GENERATED
NYG,NYG_WR_06,WR,28,ACTIVE,NONE,6,DRAFT,2026,1,GENERATED
NYG,NYG_WR_07,WR,83,PRACTICE_SQUAD_CANDIDATE,NONE,7,FREE_AGENCY,2022,0,GENERATED
NYG,NYG_WR_08,WR,41,PRACTICE_SQUAD_CANDIDATE,NONE,8,FREE_AGENCY,2024,0,GENERATED
NYG,NYG_WR_09,WR,24,CAMP_BODY,NONE,9,DRAFT,2026,0,GENERATED
NYG,NYG_WR_10,WR,14,CAMP_BODY,NFI,10,DRAFT,2025,0,GENERATED
NYG,NYG_WR_11,WR,16,CAMP_BODY,NONE,11,UDFA_SIGNING,2025,0,GENERATED
NYG,NYG_TE_01,TE,4,ACTIVE,NONE,1,DRAFT,2026,1,GENERATED
NYG,NYG_TE_02,TE,66,ACTIVE,NONE,2,DRAFT,2025,1,GENERATED
NYG,NYG_TE_03,TE,63,ACTIVE,NONE,3,WAIVER_CLAIM,2020,1,GENERATED
NYG,NYG_TE_04,TE,6,PRACTICE_SQUAD_CANDIDATE,NONE,4,UDFA_SIGNING,2026,0,GENERATED
NYG,NYG_TE_05,TE,75,CAMP_BODY,NONE,5,DRAFT,2025,0,GENERATED
NYG,NYG_TE_06,TE,67,CAMP_BODY,NONE,6,DRAFT,2026,0,GENERATED
NYG,NYG_OT_01,OT,98,ACTIVE,NONE,1,DRAFT,2025,1,GENERATED
NYG,NYG_OT_02,OT,26,ACTIVE,NONE,2,DRAFT,2023,1,GENERATED
NYG,NYG_OT_03,OT,99,ACTIVE,NONE,3,DRAFT,2026,1,GENERATED
NYG,NYG_OT_04,OT,80,ACTIVE,DAY_TO_DAY,4,RE_SIGNED,2020,1,GENERATED
NYG,NYG_OT_05,OT,82,PRACTICE_SQUAD_CANDIDATE,DAY_TO_DAY,5,DRAFT,2025,0,GENERATED
NYG,NYG_OT_06,OT,36,CAMP_BODY,NONE,6,DRAFT,2026,0,GENERATED
NYG,NYG_OG_01,OG,59,ACTIVE,NONE,1,DRAFT,2026,1,GENERATED
NYG,NYG_OG_02,OG,62,ACTIVE,NONE,2,RE_SIGNED,2024,1,GENERATED
NYG,NYG_OG_03,OG,85,ACTIVE,NONE,3,DRAFT,2026,1,GENERATED
NYG,NYG_OG_04,OG,68,ACTIVE,PUP,4,RE_SIGNED,2025,0,GENERATED
NYG,NYG_OG_05,OG,39,PRACTICE_SQUAD_CANDIDATE,NONE,5,DRAFT,2026,0,GENERATED
NYG,NYG_OG_06,OG,77,CAMP_BODY,NONE,6,DRAFT,2026,0,GENERATED
NYG,NYG_C_01,C,32,ACTIVE,NONE,1,FREE_AGENCY,2022,1,GENERATED
NYG,NYG_C_02,C,13,ACTIVE,NONE,2,DRAFT,2024,1,GENERATED
NYG,NYG_C_03,C,89,PRACTICE_SQUAD_CANDIDATE,NONE,3,UDFA_SIGNING,2026,0,GENERATED
NYG,NYG_EDGE_01,EDGE,69,ACTIVE,NONE,1,TRADE,2021,1,GENERATED
NYG,NYG_EDGE_02,EDGE,31,ACTIVE,DAY_TO_DAY,2,DRAFT,2025,1,GENERATED
NYG,NYG_EDGE_03,EDGE,1,ACTIVE,NONE,3,RE_SIGNED,2020,1,GENERATED
NYG,NYG_EDGE_04,EDGE,9,ACTIVE,NONE,4,DRAFT,2026,1,GENERATED
NYG,NYG_EDGE_05,EDGE,96,ACTIVE,NONE,5,DRAFT,2025,1,GENERATED
NYG,NYG_EDGE_06,EDGE,29,PRACTICE_SQUAD_CANDIDATE,NONE,6,DRAFT,2024,0,GENERATED
NYG,NYG_EDGE_07,EDGE,33,PRACTICE_SQUAD_CANDIDATE,NONE,7,UDFA_SIGNING,2026,0,GENERATED
NYG,NYG_EDGE_08,EDGE,64,CAMP_BODY,NONE,8,FREE_AGENCY,2026,0,GENERATED
NYG,NYG_EDGE_09,EDGE,79,CAMP_BODY,NONE,9,FREE_AGENCY,2024,0,GENERATED
NYG,NYG_DT_01,DT,2,ACTIVE,NONE,1,DRAFT,2024,1,GENERATED
NYG,NYG_DT_02,DT,60,ACTIVE,NONE,2,DRAFT,2025,1,GENERATED
NYG,NYG_DT_03,DT,44,ACTIVE,NONE,3,FREE_AGENCY,2025,1,GENERATED
NYG,NYG_DT_04,DT,95,ACTIVE,NONE,4,DRAFT,2026,1,GENERATED
NYG,NYG_DT_05,DT,93,ACTIVE,NONE,5,FREE_AGENCY,2021,1,GENERATED
NYG,NYG_DT_06,DT,25,PRACTICE_SQUAD_CANDIDATE,DAY_TO_DAY,6,WAIVER_CLAIM,2024,0,GENERATED
NYG,NYG_DT_07,DT,86,CAMP_BODY,NONE,7,FREE_AGENCY,2024,0,GENERATED
NYG,NYG_DT_08,DT,71,CAMP_BODY,NONE,8,DRAFT,2025,0,GENERATED
NYG,NYG_LB_01,LB,3,ACTIVE,NONE,1,DRAFT,2026,1,GENERATED
NYG,NYG_LB_02,LB,91,ACTIVE,NONE,2,DRAFT,2025,1,GENERATED
NYG,NYG_LB_03,LB,92,ACTIVE,NONE,3,RE_SIGNED,2025,1,GENERATED
NYG,NYG_LB_04,LB,38,ACTIVE,NONE,4,DRAFT,2023,1,GENERATED
NYG,NYG_LB_05,LB,34,ACTIVE,NONE,5,DRAFT,2026,1,GENERATED
NYG,NYG_LB_06,LB,42,PRACTICE_SQUAD_CANDIDATE,NONE,6,UDFA_SIGNING,2026,0,GENERATED
NYG,NYG_LB_07,LB,78,CAMP_BODY,NONE,7,UDFA_SIGNING,2026,0,GENERATED
NYG,NYG_LB_08,LB,81,CAMP_BODY,NONE,8,DRAFT,2025,0,GENERATED
NYG,NYG_CB_01,CB,55,ACTIVE,NONE,1,DRAFT,2026,1,GENERATED
NYG,NYG_CB_02,CB,65,ACTIVE,NONE,2,FREE_AGENCY,2019,1,GENERATED
NYG,NYG_CB_03,CB,47,ACTIVE,NONE,3,DRAFT,2023,1,GENERATED
NYG,NYG_CB_04,CB,15,ACTIVE,NONE,4,DRAFT,2022,1,GENERATED
NYG,NYG_CB_05,CB,87,ACTIVE,NONE,5,TRADE,2026,1,GENERATED
NYG,NYG_CB_06,CB,45,ACTIVE,NONE,6,UDFA_SIGNING,2026,1,GENERATED
NYG,NYG_CB_07,CB,19,PRACTICE_SQUAD_CANDIDATE,NONE,7,UDFA_SIGNING,2025,0,GENERATED
NYG,NYG_CB_08,CB,20,PRACTICE_SQUAD_CANDIDATE,NONE,8,DRAFT,2025,0,GENERATED
NYG,NYG_CB_09,CB,40,CAMP_BODY,NONE,9,DRAFT,2025,0,GENERATED
NYG,NYG_CB_10,CB,53,CAMP_BODY,DAY_TO_DAY,10,UDFA_SIGNING,2025,0,GENERATED
NYG,NYG_CB_11,CB,10,CAMP_BODY,NONE,11,FREE_AGENCY,2025,0,GENERATED
NYG,NYG_S_01,S,46,ACTIVE,NONE,1,DRAFT,2026,1,GENERATED
NYG,NYG_S_02,S,17,ACTIVE,NONE,2,TRADE,2019,1,GENERATED
NYG,NYG_S_03,S,30,ACTIVE,NONE,3,RE_SIGNED,2021,1,GENERATED
NYG,NYG_S_04,S,97,ACTIVE,DAY_TO_DAY,4,UDFA_SIGNING,2025,1,GENERATED
NYG,NYG_S_05,S,7,PRACTICE_SQUAD_CANDIDATE,NONE,5,DRAFT,2026,0,GENERATED
NYG,NYG_S_06,S,11,CAMP_BODY,NONE,6,UDFA_SIGNING,2026,0,GENERATED
NYG,NYG_S_07,S,51,CAMP_BODY,NONE,7,DRAFT,2026,0,GENERATED
NYG,NYG_K_01,K,57,ACTIVE,NONE,1,FREE_AGENCY,2018,1,GENERATED
NYG,NYG_K_02,K,21,PRACTICE_SQUAD_CANDIDATE,DAY_TO_DAY,2,FREE_AGENCY,2025,0,GENERATED
NYG,NYG_P_01,P,94,ACTIVE,NONE,1,RE_SIGNED,2024,1,GENERATED
NYG,NYG_P_02,P,50,PRACTICE_SQUAD_CANDIDATE,NONE,2,DRAFT,2026,0,GENERATED
NYG,NYG_LS_01,LS,58,ACTIVE,NONE,1,DRAFT,2024,1,GENERATED
CHI,CHI_QB_01,QB,33,ACTIVE,NONE,1,DRAFT,2024,1,GENERATED
CHI,CHI_QB_02,QB,83,ACTIVE,NONE,2,WAIVER_CLAIM,2025,1,GENERATED
CHI,CHI_QB_03,QB,1,PRACTICE_SQUAD_CANDIDATE,NONE,3,DRAFT,2025,0,GENERATED
CHI,CHI_QB_04,QB,66,CAMP_BODY,NONE,4,DRAFT,2025,0,GENERATED
CHI,CHI_RB_01,RB,28,ACTIVE,PUP,1,WAIVER_CLAIM,2017,0,GENERATED
CHI,CHI_RB_02,RB,30,ACTIVE,NONE,2,DRAFT,2026,1,GENERATED
CHI,CHI_RB_03,RB,15,ACTIVE,NONE,3,DRAFT,2025,1,GENERATED
CHI,CHI_RB_04,RB,7,PRACTICE_SQUAD_CANDIDATE,NONE,4,DRAFT,2025,0,GENERATED
CHI,CHI_RB_05,RB,57,CAMP_BODY,NONE,5,DRAFT,2025,0,GENERATED
CHI,CHI_FB_01,FB,72,ACTIVE,NONE,1,WAIVER_CLAIM,2023,1,GENERATED
CHI,CHI_WR_01,WR,82,ACTIVE,NONE,1,TRADE,2025,1,GENERATED
CHI,CHI_WR_02,WR,60,ACTIVE,IR,2,DRAFT,2025,0,GENERATED
CHI,CHI_WR_03,WR,80,ACTIVE,NONE,3,FREE_AGENCY,2023,1,GENERATED
CHI,CHI_WR_04,WR,9,ACTIVE,NONE,4,FREE_AGENCY,2024,1,GENERATED
CHI,CHI_WR_05,WR,67,ACTIVE,NONE,5,FREE_AGENCY,2024,1,GENERATED
CHI,CHI_WR_06,WR,65,ACTIVE,NONE,6,DRAFT,2024,1,GENERATED
CHI,CHI_WR_07,WR,77,PRACTICE_SQUAD_CANDIDATE,NONE,7,DRAFT,2026,0,GENERATED
CHI,CHI_WR_08,WR,59,PRACTICE_SQUAD_CANDIDATE,NONE,8,DRAFT,2025,0,GENERATED
CHI,CHI_WR_09,WR,54,CAMP_BODY,NONE,9,DRAFT,2025,0,GENERATED
CHI,CHI_WR_10,WR,5,CAMP_BODY,NONE,10,DRAFT,2025,0,GENERATED
CHI,CHI_WR_11,WR,23,CAMP_BODY,NONE,11,DRAFT,2025,0,GENERATED
CHI,CHI_TE_01,TE,61,ACTIVE,NONE,1,DRAFT,2025,1,GENERATED
CHI,CHI_TE_02,TE,18,ACTIVE,DAY_TO_DAY,2,FREE_AGENCY,2021,1,GENERATED
CHI,CHI_TE_03,TE,35,ACTIVE,NONE,3,DRAFT,2026,1,GENERATED
CHI,CHI_TE_04,TE,16,PRACTICE_SQUAD_CANDIDATE,NONE,4,DRAFT,2025,0,GENERATED
CHI,CHI_TE_05,TE,74,CAMP_BODY,NONE,5,DRAFT,2025,0,GENERATED
CHI,CHI_TE_06,TE,97,CAMP_BODY,NONE,6,TRADE,2026,0,GENERATED
CHI,CHI_OT_01,OT,46,ACTIVE,NONE,1,DRAFT,2024,1,GENERATED
CHI,CHI_OT_02,OT,44,ACTIVE,NONE,2,DRAFT,2026,1,GENERATED
CHI,CHI_OT_03,OT,50,ACTIVE,NONE,3,FREE_AGENCY,2023,1,GENERATED
CHI,CHI_OT_04,OT,79,ACTIVE,NONE,4,UDFA_SIGNING,2026,1,GENERATED
CHI,CHI_OT_05,OT,81,PRACTICE_SQUAD_CANDIDATE,NONE,5,UDFA_SIGNING,2026,0,GENERATED
CHI,CHI_OT_06,OT,21,CAMP_BODY,NONE,6,DRAFT,2026,0,GENERATED
CHI,CHI_OG_01,OG,70,ACTIVE,NONE,1,FREE_AGENCY,2021,1,GENERATED
CHI,CHI_OG_02,OG,3,ACTIVE,NONE,2,RE_SIGNED,2018,1,GENERATED
CHI,CHI_OG_03,OG,34,ACTIVE,NFI,3,DRAFT,2025,0,GENERATED
CHI,CHI_OG_04,OG,13,ACTIVE,NONE,4,FREE_AGENCY,2024,1,GENERATED
CHI,CHI_OG_05,OG,45,PRACTICE_SQUAD_CANDIDATE,NONE,5,FREE_AGENCY,2025,0,GENERATED
CHI,CHI_OG_06,OG,55,CAMP_BODY,NONE,6,UDFA_SIGNING,2025,0,GENERATED
CHI,CHI_C_01,C,25,ACTIVE,NONE,1,DRAFT,2025,1,GENERATED
CHI,CHI_C_02,C,76,ACTIVE,NONE,2,DRAFT,2024,1,GENERATED
CHI,CHI_C_03,C,73,PRACTICE_SQUAD_CANDIDATE,NONE,3,DRAFT,2026,0,GENERATED
CHI,CHI_EDGE_01,EDGE,68,ACTIVE,DAY_TO_DAY,1,TRADE,2026,1,GENERATED
CHI,CHI_EDGE_02,EDGE,96,ACTIVE,NONE,2,RE_SIGNED,2024,1,GENERATED
CHI,CHI_EDGE_03,EDGE,95,ACTIVE,NONE,3,RE_SIGNED,2026,1,GENERATED
CHI,CHI_EDGE_04,EDGE,4,ACTIVE,NONE,4,WAIVER_CLAIM,2024,1,GENERATED
CHI,CHI_EDGE_05,EDGE,86,ACTIVE,NONE,5,FREE_AGENCY,2026,1,GENERATED
CHI,CHI_EDGE_06,EDGE,14,PRACTICE_SQUAD_CANDIDATE,NONE,6,UDFA_SIGNING,2025,0,GENERATED
CHI,CHI_EDGE_07,EDGE,53,PRACTICE_SQUAD_CANDIDATE,NONE,7,FREE_AGENCY,2024,0,GENERATED
CHI,CHI_EDGE_08,EDGE,85,CAMP_BODY,DAY_TO_DAY,8,DRAFT,2025,0,GENERATED
CHI,CHI_EDGE_09,EDGE,10,CAMP_BODY,NONE,9,DRAFT,2025,0,GENERATED
CHI,CHI_DT_01,DT,37,ACTIVE,NONE,1,FREE_AGENCY,2025,1,GENERATED
CHI,CHI_DT_02,DT,6,ACTIVE,NONE,2,DRAFT,2025,1,GENERATED
CHI,CHI_DT_03,DT,17,ACTIVE,NONE,3,DRAFT,2025,1,GENERATED
CHI,CHI_DT_04,DT,38,ACTIVE,NONE,4,DRAFT,2025,1,GENERATED
CHI,CHI_DT_05,DT,19,ACTIVE,NONE,5,FREE_AGENCY,2022,1,GENERATED
CHI,CHI_DT_06,DT,94,PRACTICE_SQUAD_CANDIDATE,DAY_TO_DAY,6,FREE_AGENCY,2024,0,GENERATED
CHI,CHI_DT_07,DT,63,CAMP_BODY,NONE,7,DRAFT,2025,0,GENERATED
CHI,CHI_DT_08,DT,56,CAMP_BODY,NONE,8,DRAFT,2026,0,GENERATED
CHI,CHI_LB_01,LB,32,ACTIVE,NONE,1,TRADE,2025,1,GENERATED
CHI,CHI_LB_02,LB,11,ACTIVE,NONE,2,DRAFT,2024,1,GENERATED
CHI,CHI_LB_03,LB,8,ACTIVE,NONE,3,RE_SIGNED,2023,1,GENERATED
CHI,CHI_LB_04,LB,78,ACTIVE,NFI,4,DRAFT,2024,0,GENERATED
CHI,CHI_LB_05,LB,29,ACTIVE,NONE,5,FREE_AGENCY,2024,1,GENERATED
CHI,CHI_LB_06,LB,49,PRACTICE_SQUAD_CANDIDATE,NONE,6,DRAFT,2026,0,GENERATED
CHI,CHI_LB_07,LB,22,CAMP_BODY,NONE,7,DRAFT,2026,0,GENERATED
CHI,CHI_LB_08,LB,88,CAMP_BODY,NONE,8,UDFA_SIGNING,2026,0,GENERATED
CHI,CHI_CB_01,CB,69,ACTIVE,NONE,1,TRADE,2021,1,GENERATED
CHI,CHI_CB_02,CB,98,ACTIVE,NONE,2,DRAFT,2026,1,GENERATED
CHI,CHI_CB_03,CB,87,ACTIVE,NONE,3,FREE_AGENCY,2026,1,GENERATED
CHI,CHI_CB_04,CB,89,ACTIVE,NONE,4,FREE_AGENCY,2024,1,GENERATED
CHI,CHI_CB_05,CB,91,ACTIVE,NONE,5,DRAFT,2023,1,GENERATED
CHI,CHI_CB_06,CB,47,ACTIVE,NONE,6,RE_SIGNED,2025,1,GENERATED
CHI,CHI_CB_07,CB,84,PRACTICE_SQUAD_CANDIDATE,NONE,7,FREE_AGENCY,2022,0,GENERATED
CHI,CHI_CB_08,CB,52,PRACTICE_SQUAD_CANDIDATE,NONE,8,DRAFT,2026,0,GENERATED
CHI,CHI_CB_09,CB,64,CAMP_BODY,NONE,9,RE_SIGNED,2026,0,GENERATED
CHI,CHI_CB_10,CB,40,CAMP_BODY,NONE,10,DRAFT,2025,0,GENERATED
CHI,CHI_CB_11,CB,41,CAMP_BODY,DAY_TO_DAY,11,UDFA_SIGNING,2025,0,GENERATED
CHI,CHI_S_01,S,51,ACTIVE,NONE,1,FREE_AGENCY,2025,1,GENERATED
CHI,CHI_S_02,S,75,ACTIVE,NONE,2,FREE_AGENCY,2024,1,GENERATED
CHI,CHI_S_03,S,93,ACTIVE,NONE,3,DRAFT,2023,1,GENERATED
CHI,CHI_S_04,S,48,ACTIVE,NONE,4,DRAFT,2023,1,GENERATED
CHI,CHI_S_05,S,71,PRACTICE_SQUAD_CANDIDATE,DAY_TO_DAY,5,WAIVER_CLAIM,2026,0,GENERATED
CHI,CHI_S_06,S,20,CAMP_BODY,NONE,6,UDFA_SIGNING,2025,0,GENERATED
CHI,CHI_S_07,S,26,CAMP_BODY,NONE,7,DRAFT,2025,0,GENERATED
CHI,CHI_K_01,K,24,ACTIVE,NONE,1,TRADE,2023,1,GENERATED
CHI,CHI_K_02,K,12,PRACTICE_SQUAD_CANDIDATE,NONE,2,FREE_AGENCY,2021,0,GENERATED
CHI,CHI_P_01,P,58,ACTIVE,NONE,1,DRAFT,2026,1,GENERATED
CHI,CHI_P_02,P,42,PRACTICE_SQUAD_CANDIDATE,NONE,2,UDFA_SIGNING,2025,0,GENERATED
CHI,CHI_LS_01,LS,92,ACTIVE,NONE,1,DRAFT,2023,1,GENERATED
DET,DET_QB_01,QB,91,ACTIVE,NONE,1,DRAFT,2024,1,GENERATED
DET,DET_QB_02,QB,88,ACTIVE,DAY_TO_DAY,2,DRAFT,2023,1,GENERATED
DET,DET_QB_03,QB,28,PRACTICE_SQUAD_CANDIDATE,NONE,3,DRAFT,2026,0,GENERATED
DET,DET_QB_04,QB,61,CAMP_BODY,NONE,4,FREE_AGENCY,2026,0,GENERATED
DET,DET_RB_01,RB,99,ACTIVE,NONE,1,RE_SIGNED,2022,1,GENERATED
DET,DET_RB_02,RB,55,ACTIVE,NONE,2,DRAFT,2025,1,GENERATED
DET,DET_RB_03,RB,82,ACTIVE,IR,3,DRAFT,2026,0,GENERATED
DET,DET_RB_04,RB,41,PRACTICE_SQUAD_CANDIDATE,DAY_TO_DAY,4,DRAFT,2024,0,GENERATED
DET,DET_RB_05,RB,94,CAMP_BODY,NONE,5,DRAFT,2026,0,GENERATED
DET,DET_FB_01,FB,58,ACTIVE,NONE,1,DRAFT,2026,1,GENERATED
DET,DET_WR_01,WR,30,ACTIVE,NONE,1,DRAFT,2026,1,GENERATED
DET,DET_WR_02,WR,38,ACTIVE,NONE,2,RE_SIGNED,2025,1,GENERATED
DET,DET_WR_03,WR,66,ACTIVE,NONE,3,RE_SIGNED,2022,1,GENERATED
DET,DET_WR_04,WR,72,ACTIVE,NONE,4,TRADE,2023,1,GENERATED
DET,DET_WR_05,WR,20,ACTIVE,NONE,5,FREE_AGENCY,2024,1,GENERATED
DET,DET_WR_06,WR,67,ACTIVE,NONE,6,FREE_AGENCY,2022,1,GENERATED
DET,DET_WR_07,WR,33,PRACTICE_SQUAD_CANDIDATE,NONE,7,FREE_AGENCY,2026,0,GENERATED
DET,DET_WR_08,WR,96,PRACTICE_SQUAD_CANDIDATE,NONE,8,DRAFT,2026,0,GENERATED
DET,DET_WR_09,WR,8,CAMP_BODY,NONE,9,UDFA_SIGNING,2025,0,GENERATED
DET,DET_WR_10,WR,42,CAMP_BODY,NONE,10,UDFA_SIGNING,2025,0,GENERATED
DET,DET_WR_11,WR,2,CAMP_BODY,NONE,11,DRAFT,2025,0,GENERATED
DET,DET_TE_01,TE,40,ACTIVE,NONE,1,DRAFT,2024,1,GENERATED
DET,DET_TE_02,TE,51,ACTIVE,NONE,2,DRAFT,2025,1,GENERATED
DET,DET_TE_03,TE,69,ACTIVE,NONE,3,DRAFT,2024,1,GENERATED
DET,DET_TE_04,TE,44,PRACTICE_SQUAD_CANDIDATE,NONE,4,DRAFT,2025,0,GENERATED
DET,DET_TE_05,TE,87,CAMP_BODY,NONE,5,DRAFT,2025,0,GENERATED
DET,DET_TE_06,TE,10,CAMP_BODY,NONE,6,UDFA_SIGNING,2025,0,GENERATED
DET,DET_OT_01,OT,1,ACTIVE,NONE,1,DRAFT,2024,1,GENERATED
DET,DET_OT_02,OT,37,ACTIVE,NONE,2,RE_SIGNED,2025,1,GENERATED
DET,DET_OT_03,OT,63,ACTIVE,NONE,3,FREE_AGENCY,2018,1,GENERATED
DET,DET_OT_04,OT,79,ACTIVE,NONE,4,FREE_AGENCY,2019,1,GENERATED
DET,DET_OT_05,OT,65,PRACTICE_SQUAD_CANDIDATE,NONE,5,DRAFT,2025,0,GENERATED
DET,DET_OT_06,OT,18,CAMP_BODY,NONE,6,DRAFT,2025,0,GENERATED
DET,DET_OG_01,OG,27,ACTIVE,NONE,1,FREE_AGENCY,2022,1,GENERATED
DET,DET_OG_02,OG,4,ACTIVE,NONE,2,DRAFT,2024,1,GENERATED
DET,DET_OG_03,OG,3,ACTIVE,NONE,3,FREE_AGENCY,2024,1,GENERATED
DET,DET_OG_04,OG,16,ACTIVE,NONE,4,DRAFT,2024,1,GENERATED
DET,DET_OG_05,OG,35,PRACTICE_SQUAD_CANDIDATE,NONE,5,DRAFT,2026,0,GENERATED
DET,DET_OG_06,OG,17,CAMP_BODY,IR,6,DRAFT,2025,0,GENERATED
DET,DET_C_01,C,39,ACTIVE,NONE,1,RE_SIGNED,2026,1,GENERATED
DET,DET_C_02,C,45,ACTIVE,NONE,2,FREE_AGENCY,2021,1,GENERATED
DET,DET_C_03,C,34,PRACTICE_SQUAD_CANDIDATE,DAY_TO_DAY,3,DRAFT,2026,0,GENERATED
DET,DET_EDGE_01,EDGE,5,ACTIVE,NONE,1,DRAFT,2026,1,GENERATED
DET,DET_EDGE_02,EDGE,22,ACTIVE,NONE,2,DRAFT,2022,1,GENERATED
DET,DET_EDGE_03,EDGE,23,ACTIVE,NONE,3,DRAFT,2025,1,GENERATED
DET,DET_EDGE_04,EDGE,95,ACTIVE,NONE,4,WAIVER_CLAIM,2024,1,GENERATED
DET,DET_EDGE_05,EDGE,52,ACTIVE,NONE,5,DRAFT,2026,1,GENERATED
DET,DET_EDGE_06,EDGE,73,PRACTICE_SQUAD_CANDIDATE,NONE,6,DRAFT,2024,0,GENERATED
DET,DET_EDGE_07,EDGE,21,PRACTICE_SQUAD_CANDIDATE,NONE,7,DRAFT,2025,0,GENERATED
DET,DET_EDGE_08,EDGE,36,CAMP_BODY,NONE,8,UDFA_SIGNING,2026,0,GENERATED
DET,DET_EDGE_09,EDGE,62,CAMP_BODY,NONE,9,RE_SIGNED,2026,0,GENERATED
DET,DET_DT_01,DT,25,ACTIVE,NONE,1,DRAFT,2024,1,GENERATED
DET,DET_DT_02,DT,9,ACTIVE,NONE,2,FREE_AGENCY,2019,1,GENERATED
DET,DET_DT_03,DT,86,ACTIVE,NONE,3,DRAFT,2026,1,GENERATED
DET,DET_DT_04,DT,98,ACTIVE,NONE,4,DRAFT,2026,1,GENERATED
DET,DET_DT_05,DT,14,ACTIVE,NONE,5,DRAFT,2026,1,GENERATED
DET,DET_DT_06,DT,13,PRACTICE_SQUAD_CANDIDATE,NONE,6,DRAFT,2026,0,GENERATED
DET,DET_DT_07,DT,54,CAMP_BODY,NONE,7,TRADE,2026,0,GENERATED
DET,DET_DT_08,DT,85,CAMP_BODY,NONE,8,UDFA_SIGNING,2025,0,GENERATED
DET,DET_LB_01,LB,46,ACTIVE,NONE,1,RE_SIGNED,2020,1,GENERATED
DET,DET_LB_02,LB,80,ACTIVE,NONE,2,TRADE,2022,1,GENERATED
DET,DET_LB_03,LB,57,ACTIVE,NONE,3,FREE_AGENCY,2021,1,GENERATED
DET,DET_LB_04,LB,81,ACTIVE,NONE,4,DRAFT,2024,1,GENERATED
DET,DET_LB_05,LB,70,ACTIVE,NONE,5,DRAFT,2025,1,GENERATED
DET,DET_LB_06,LB,47,PRACTICE_SQUAD_CANDIDATE,NONE,6,UDFA_SIGNING,2026,0,GENERATED
DET,DET_LB_07,LB,76,CAMP_BODY,NONE,7,DRAFT,2026,0,GENERATED
DET,DET_LB_08,LB,19,CAMP_BODY,NONE,8,UDFA_SIGNING,2026,0,GENERATED
DET,DET_CB_01,CB,97,ACTIVE,NONE,1,DRAFT,2026,1,GENERATED
DET,DET_CB_02,CB,32,ACTIVE,DAY_TO_DAY,2,WAIVER_CLAIM,2023,1,GENERATED
DET,DET_CB_03,CB,15,ACTIVE,NONE,3,RE_SIGNED,2021,1,GENERATED
DET,DET_CB_04,CB,77,ACTIVE,NONE,4,DRAFT,2025,1,GENERATED
DET,DET_CB_05,CB,59,ACTIVE,NONE,5,DRAFT,2024,1,GENERATED
DET,DET_CB_06,CB,92,ACTIVE,NONE,6,FREE_AGENCY,2021,1,GENERATED
DET,DET_CB_07,CB,60,PRACTICE_SQUAD_CANDIDATE,NONE,7,RE_SIGNED,2024,0,GENERATED
DET,DET_CB_08,CB,49,PRACTICE_SQUAD_CANDIDATE,DAY_TO_DAY,8,DRAFT,2025,0,GENERATED
DET,DET_CB_09,CB,56,CAMP_BODY,DAY_TO_DAY,9,DRAFT,2026,0,GENERATED
DET,DET_CB_10,CB,68,CAMP_BODY,NONE,10,DRAFT,2024,0,GENERATED
DET,DET_CB_11,CB,43,CAMP_BODY,NONE,11,DRAFT,2025,0,GENERATED
DET,DET_S_01,S,29,ACTIVE,NONE,1,DRAFT,2025,1,GENERATED
DET,DET_S_02,S,7,ACTIVE,NONE,2,FREE_AGENCY,2025,1,GENERATED
DET,DET_S_03,S,26,ACTIVE,NONE,3,FREE_AGENCY,2025,1,GENERATED
DET,DET_S_04,S,50,ACTIVE,IR,4,DRAFT,2026,0,GENERATED
DET,DET_S_05,S,48,PRACTICE_SQUAD_CANDIDATE,NONE,5,DRAFT,2025,0,GENERATED
DET,DET_S_06,S,53,CAMP_BODY,NONE,6,WAIVER_CLAIM,2023,0,GENERATED
DET,DET_S_07,S,78,CAMP_BODY,NONE,7,DRAFT,2026,0,GENERATED
DET,DET_K_01,K,74,ACTIVE,NONE,1,DRAFT,2022,1,GENERATED
DET,DET_K_02,K,93,PRACTICE_SQUAD_CANDIDATE,NONE,2,DRAFT,2024,0,GENERATED
DET,DET_P_01,P,83,ACTIVE,NONE,1,RE_SIGNED,2024,1,GENERATED
DET,DET_P_02,P,24,PRACTICE_SQUAD_CANDIDATE,NONE,2,DRAFT,2025,0,GENERATED
DET,DET_LS_01,LS,11,ACTIVE,DAY_TO_DAY,1,TRADE,2018,1,GENERATED
GB,GB_QB_01,QB,11,ACTIVE,NONE,1,DRAFT,2024,1,GENERATED
GB,GB_QB_02,QB,56,ACTIVE,SUSPENDED,2,DRAFT,2026,0,GENERATED
GB,GB_QB_03,QB,94,PRACTICE_SQUAD_CANDIDATE,NONE,3,DRAFT,2025,0,GENERATED
GB,GB_QB_04,QB,87,CAMP_BODY,NONE,4,UDFA_SIGNING,2025,0,GENERATED
GB,GB_RB_01,RB,24,ACTIVE,NONE,1,FREE_AGENCY,2023,1,GENERATED
GB,GB_RB_02,RB,47,ACTIVE,NONE,2,DRAFT,2022,1,GENERATED
GB,GB_RB_03,RB,98,ACTIVE,NONE,3,FREE_AGENCY,2022,1,GENERATED
GB,GB_RB_04,RB,35,PRACTICE_SQUAD_CANDIDATE,NONE,4,RE_SIGNED,2025,0,GENERATED
GB,GB_RB_05,RB,61,CAMP_BODY,NONE,5,UDFA_SIGNING,2025,0,GENERATED
GB,GB_FB_01,FB,21,ACTIVE,NONE,1,DRAFT,2025,1,GENERATED
GB,GB_WR_01,WR,13,ACTIVE,NONE,1,FREE_AGENCY,2024,1,GENERATED
GB,GB_WR_02,WR,28,ACTIVE,DAY_TO_DAY,2,TRADE,2013,1,GENERATED
GB,GB_WR_03,WR,3,ACTIVE,NONE,3,FREE_AGENCY,2022,1,GENERATED
GB,GB_WR_04,WR,72,ACTIVE,NONE,4,FREE_AGENCY,2025,1,GENERATED
GB,GB_WR_05,WR,67,ACTIVE,NONE,5,FREE_AGENCY,2021,1,GENERATED
GB,GB_WR_06,WR,88,ACTIVE,NONE,6,DRAFT,2026,1,GENERATED
GB,GB_WR_07,WR,74,PRACTICE_SQUAD_CANDIDATE,NONE,7,FREE_AGENCY,2021,0,GENERATED
GB,GB_WR_08,WR,93,PRACTICE_SQUAD_CANDIDATE,NONE,8,UDFA_SIGNING,2026,0,GENERATED
GB,GB_WR_09,WR,76,CAMP_BODY,NONE,9,DRAFT,2025,0,GENERATED
GB,GB_WR_10,WR,65,CAMP_BODY,NONE,10,DRAFT,2025,0,GENERATED
GB,GB_WR_11,WR,8,CAMP_BODY,NONE,11,DRAFT,2026,0,GENERATED
GB,GB_TE_01,TE,31,ACTIVE,DAY_TO_DAY,1,TRADE,2024,1,GENERATED
GB,GB_TE_02,TE,89,ACTIVE,NONE,2,DRAFT,2024,1,GENERATED
GB,GB_TE_03,TE,27,ACTIVE,NONE,3,DRAFT,2026,1,GENERATED
GB,GB_TE_04,TE,6,PRACTICE_SQUAD_CANDIDATE,NONE,4,UDFA_SIGNING,2026,0,GENERATED
GB,GB_TE_05,TE,37,CAMP_BODY,NONE,5,DRAFT,2026,0,GENERATED
GB,GB_TE_06,TE,39,CAMP_BODY,NONE,6,UDFA_SIGNING,2026,0,GENERATED
GB,GB_OT_01,OT,42,ACTIVE,PUP,1,TRADE,2026,0,GENERATED
GB,GB_OT_02,OT,49,ACTIVE,IR,2,RE_SIGNED,2023,0,GENERATED
GB,GB_OT_03,OT,1,ACTIVE,NONE,3,DRAFT,2025,1,GENERATED
GB,GB_OT_04,OT,12,ACTIVE,NONE,4,FREE_AGENCY,2023,1,GENERATED
GB,GB_OT_05,OT,53,PRACTICE_SQUAD_CANDIDATE,NONE,5,FREE_AGENCY,2025,0,GENERATED
GB,GB_OT_06,OT,10,CAMP_BODY,NONE,6,UDFA_SIGNING,2026,0,GENERATED
GB,GB_OG_01,OG,60,ACTIVE,NONE,1,DRAFT,2025,1,GENERATED
GB,GB_OG_02,OG,97,ACTIVE,DAY_TO_DAY,2,FREE_AGENCY,2023,1,GENERATED
GB,GB_OG_03,OG,62,ACTIVE,NONE,3,FREE_AGENCY,2020,1,GENERATED
GB,GB_OG_04,OG,41,ACTIVE,NONE,4,DRAFT,2025,1,GENERATED
GB,GB_OG_05,OG,19,PRACTICE_SQUAD_CANDIDATE,NONE,5,TRADE,2026,0,GENERATED
GB,GB_OG_06,OG,68,CAMP_BODY,IR,6,UDFA_SIGNING,2026,0,GENERATED
GB,GB_C_01,C,36,ACTIVE,NONE,1,DRAFT,2026,1,GENERATED
GB,GB_C_02,C,83,ACTIVE,NONE,2,DRAFT,2025,1,GENERATED
GB,GB_C_03,C,70,PRACTICE_SQUAD_CANDIDATE,NONE,3,UDFA_SIGNING,2025,0,GENERATED
GB,GB_EDGE_01,EDGE,45,ACTIVE,NONE,1,FREE_AGENCY,2023,1,GENERATED
GB,GB_EDGE_02,EDGE,75,ACTIVE,NONE,2,FREE_AGENCY,2019,1,GENERATED
GB,GB_EDGE_03,EDGE,71,ACTIVE,NONE,3,DRAFT,2025,1,GENERATED
GB,GB_EDGE_04,EDGE,81,ACTIVE,NONE,4,DRAFT,2026,1,GENERATED
GB,GB_EDGE_05,EDGE,46,ACTIVE,NONE,5,FREE_AGENCY,2020,1,GENERATED
GB,GB_EDGE_06,EDGE,54,PRACTICE_SQUAD_CANDIDATE,NONE,6,DRAFT,2025,0,GENERATED
GB,GB_EDGE_07,EDGE,4,PRACTICE_SQUAD_CANDIDATE,NONE,7,UDFA_SIGNING,2025,0,GENERATED
GB,GB_EDGE_08,EDGE,90,CAMP_BODY,NONE,8,UDFA_SIGNING,2025,0,GENERATED
GB,GB_EDGE_09,EDGE,16,CAMP_BODY,NONE,9,UDFA_SIGNING,2026,0,GENERATED
GB,GB_DT_01,DT,84,ACTIVE,NONE,1,DRAFT,2023,1,GENERATED
GB,GB_DT_02,DT,48,ACTIVE,NONE,2,DRAFT,2024,1,GENERATED
GB,GB_DT_03,DT,92,ACTIVE,DAY_TO_DAY,3,RE_SIGNED,2026,1,GENERATED
GB,GB_DT_04,DT,22,ACTIVE,NONE,4,DRAFT,2025,1,GENERATED
GB,GB_DT_05,DT,14,ACTIVE,NONE,5,DRAFT,2025,1,GENERATED
GB,GB_DT_06,DT,80,PRACTICE_SQUAD_CANDIDATE,NONE,6,FREE_AGENCY,2024,0,GENERATED
GB,GB_DT_07,DT,96,CAMP_BODY,NONE,7,UDFA_SIGNING,2026,0,GENERATED
GB,GB_DT_08,DT,33,CAMP_BODY,DAY_TO_DAY,8,DRAFT,2025,0,GENERATED
GB,GB_LB_01,LB,52,ACTIVE,NONE,1,RE_SIGNED,2016,1,GENERATED
GB,GB_LB_02,LB,29,ACTIVE,NONE,2,DRAFT,2026,1,GENERATED
GB,GB_LB_03,LB,5,ACTIVE,NONE,3,DRAFT,2025,1,GENERATED
GB,GB_LB_04,LB,26,ACTIVE,NONE,4,FREE_AGENCY,2024,1,GENERATED
GB,GB_LB_05,LB,69,ACTIVE,NONE,5,DRAFT,2025,1,GENERATED
GB,GB_LB_06,LB,77,PRACTICE_SQUAD_CANDIDATE,NONE,6,DRAFT,2026,0,GENERATED
GB,GB_LB_07,LB,63,CAMP_BODY,NONE,7,DRAFT,2026,0,GENERATED
GB,GB_LB_08,LB,2,CAMP_BODY,NONE,8,FREE_AGENCY,2025,0,GENERATED
GB,GB_CB_01,CB,17,ACTIVE,NONE,1,DRAFT,2025,1,GENERATED
GB,GB_CB_02,CB,64,ACTIVE,NONE,2,FREE_AGENCY,2026,1,GENERATED
GB,GB_CB_03,CB,86,ACTIVE,NONE,3,DRAFT,2024,1,GENERATED
GB,GB_CB_04,CB,78,ACTIVE,NONE,4,DRAFT,2026,1,GENERATED
GB,GB_CB_05,CB,99,ACTIVE,NONE,5,DRAFT,2024,1,GENERATED
GB,GB_CB_06,CB,9,ACTIVE,NONE,6,DRAFT,2025,1,GENERATED
GB,GB_CB_07,CB,18,PRACTICE_SQUAD_CANDIDATE,PUP,7,DRAFT,2026,0,GENERATED
GB,GB_CB_08,CB,57,PRACTICE_SQUAD_CANDIDATE,NONE,8,DRAFT,2026,0,GENERATED
GB,GB_CB_09,CB,44,CAMP_BODY,NONE,9,DRAFT,2026,0,GENERATED
GB,GB_CB_10,CB,66,CAMP_BODY,NONE,10,DRAFT,2025,0,GENERATED
GB,GB_CB_11,CB,40,CAMP_BODY,NONE,11,UDFA_SIGNING,2026,0,GENERATED
GB,GB_S_01,S,51,ACTIVE,NONE,1,RE_SIGNED,2021,1,GENERATED
GB,GB_S_02,S,23,ACTIVE,NONE,2,FREE_AGENCY,2020,1,GENERATED
GB,GB_S_03,S,59,ACTIVE,NONE,3,DRAFT,2025,1,GENERATED
GB,GB_S_04,S,58,ACTIVE,NONE,4,DRAFT,2026,1,GENERATED
GB,GB_S_05,S,50,PRACTICE_SQUAD_CANDIDATE,NONE,5,FREE_AGENCY,2023,0,GENERATED
GB,GB_S_06,S,85,CAMP_BODY,NONE,6,UDFA_SIGNING,2025,0,GENERATED
GB,GB_S_07,S,32,CAMP_BODY,NONE,7,UDFA_SIGNING,2026,0,GENERATED
GB,GB_K_01,K,30,ACTIVE,NONE,1,TRADE,2020,1,GENERATED
GB,GB_K_02,K,38,PRACTICE_SQUAD_CANDIDATE,NONE,2,FREE_AGENCY,2022,0,GENERATED
GB,GB_P_01,P,43,ACTIVE,PUP,1,FREE_AGENCY,2026,0,GENERATED
GB,GB_P_02,P,25,PRACTICE_SQUAD_CANDIDATE,PUP,2,DRAFT,2026,0,GENERATED
GB,GB_LS_01,LS,95,ACTIVE,NONE,1,TRADE,2020,1,GENERATED
MIN,MIN_QB_01,QB,44,ACTIVE,IR,1,TRADE,2018,0,GENERATED
MIN,MIN_QB_02,QB,78,ACTIVE,NONE,2,TRADE,2025,1,GENERATED
MIN,MIN_QB_03,QB,65,PRACTICE_SQUAD_CANDIDATE,NONE,3,UDFA_SIGNING,2025,0,GENERATED
MIN,MIN_QB_04,QB,16,CAMP_BODY,NONE,4,UDFA_SIGNING,2026,0,GENERATED
MIN,MIN_RB_01,RB,39,ACTIVE,NONE,1,RE_SIGNED,2025,1,GENERATED
MIN,MIN_RB_02,RB,84,ACTIVE,NONE,2,FREE_AGENCY,2023,1,GENERATED
MIN,MIN_RB_03,RB,1,ACTIVE,NONE,3,TRADE,2022,1,GENERATED
MIN,MIN_RB_04,RB,9,PRACTICE_SQUAD_CANDIDATE,IR,4,DRAFT,2023,0,GENERATED
MIN,MIN_RB_05,RB,12,CAMP_BODY,NONE,5,UDFA_SIGNING,2026,0,GENERATED
MIN,MIN_FB_01,FB,61,ACTIVE,NONE,1,DRAFT,2026,1,GENERATED
MIN,MIN_WR_01,WR,95,ACTIVE,NONE,1,DRAFT,2026,1,GENERATED
MIN,MIN_WR_02,WR,32,ACTIVE,NONE,2,DRAFT,2025,1,GENERATED
MIN,MIN_WR_03,WR,64,ACTIVE,NONE,3,FREE_AGENCY,2022,1,GENERATED
MIN,MIN_WR_04,WR,4,ACTIVE,NONE,4,DRAFT,2025,1,GENERATED
MIN,MIN_WR_05,WR,14,ACTIVE,NONE,5,DRAFT,2025,1,GENERATED
MIN,MIN_WR_06,WR,76,ACTIVE,NONE,6,DRAFT,2022,1,GENERATED
MIN,MIN_WR_07,WR,6,PRACTICE_SQUAD_CANDIDATE,NONE,7,UDFA_SIGNING,2026,0,GENERATED
MIN,MIN_WR_08,WR,94,PRACTICE_SQUAD_CANDIDATE,NONE,8,DRAFT,2026,0,GENERATED
MIN,MIN_WR_09,WR,48,CAMP_BODY,NONE,9,UDFA_SIGNING,2025,0,GENERATED
MIN,MIN_WR_10,WR,41,CAMP_BODY,NONE,10,DRAFT,2025,0,GENERATED
MIN,MIN_WR_11,WR,7,CAMP_BODY,NONE,11,FREE_AGENCY,2024,0,GENERATED
MIN,MIN_TE_01,TE,25,ACTIVE,NONE,1,DRAFT,2025,1,GENERATED
MIN,MIN_TE_02,TE,96,ACTIVE,NONE,2,RE_SIGNED,2024,1,GENERATED
MIN,MIN_TE_03,TE,46,ACTIVE,NONE,3,FREE_AGENCY,2023,1,GENERATED
MIN,MIN_TE_04,TE,54,PRACTICE_SQUAD_CANDIDATE,NONE,4,UDFA_SIGNING,2026,0,GENERATED
MIN,MIN_TE_05,TE,68,CAMP_BODY,NONE,5,UDFA_SIGNING,2026,0,GENERATED
MIN,MIN_TE_06,TE,15,CAMP_BODY,NONE,6,UDFA_SIGNING,2025,0,GENERATED
MIN,MIN_OT_01,OT,37,ACTIVE,NONE,1,DRAFT,2025,1,GENERATED
MIN,MIN_OT_02,OT,81,ACTIVE,NONE,2,DRAFT,2022,1,GENERATED
MIN,MIN_OT_03,OT,66,ACTIVE,NONE,3,DRAFT,2024,1,GENERATED
MIN,MIN_OT_04,OT,73,ACTIVE,NONE,4,DRAFT,2023,1,GENERATED
MIN,MIN_OT_05,OT,36,PRACTICE_SQUAD_CANDIDATE,NONE,5,DRAFT,2026,0,GENERATED
MIN,MIN_OT_06,OT,77,CAMP_BODY,NONE,6,UDFA_SIGNING,2025,0,GENERATED
MIN,MIN_OG_01,OG,55,ACTIVE,NONE,1,DRAFT,2024,1,GENERATED
MIN,MIN_OG_02,OG,93,ACTIVE,DAY_TO_DAY,2,DRAFT,2024,1,GENERATED
MIN,MIN_OG_03,OG,21,ACTIVE,NONE,3,DRAFT,2025,1,GENERATED
MIN,MIN_OG_04,OG,89,ACTIVE,NONE,4,DRAFT,2022,1,GENERATED
MIN,MIN_OG_05,OG,18,PRACTICE_SQUAD_CANDIDATE,NONE,5,DRAFT,2023,0,GENERATED
MIN,MIN_OG_06,OG,83,CAMP_BODY,NONE,6,UDFA_SIGNING,2026,0,GENERATED
MIN,MIN_C_01,C,19,ACTIVE,NONE,1,FREE_AGENCY,2025,1,GENERATED
MIN,MIN_C_02,C,87,ACTIVE,NONE,2,FREE_AGENCY,2020,1,GENERATED
MIN,MIN_C_03,C,92,PRACTICE_SQUAD_CANDIDATE,NONE,3,DRAFT,2025,0,GENERATED
MIN,MIN_EDGE_01,EDGE,63,ACTIVE,DAY_TO_DAY,1,FREE_AGENCY,2020,1,GENERATED
MIN,MIN_EDGE_02,EDGE,31,ACTIVE,PUP,2,DRAFT,2026,0,GENERATED
MIN,MIN_EDGE_03,EDGE,82,ACTIVE,PUP,3,TRADE,2023,0,GENERATED
MIN,MIN_EDGE_04,EDGE,86,ACTIVE,NONE,4,WAIVER_CLAIM,2020,1,GENERATED
MIN,MIN_EDGE_05,EDGE,98,ACTIVE,NONE,5,FREE_AGENCY,2026,1,GENERATED
MIN,MIN_EDGE_06,EDGE,30,PRACTICE_SQUAD_CANDIDATE,NONE,6,WAIVER_CLAIM,2023,0,GENERATED
MIN,MIN_EDGE_07,EDGE,45,PRACTICE_SQUAD_CANDIDATE,NONE,7,UDFA_SIGNING,2026,0,GENERATED
MIN,MIN_EDGE_08,EDGE,59,CAMP_BODY,NONE,8,DRAFT,2026,0,GENERATED
MIN,MIN_EDGE_09,EDGE,17,CAMP_BODY,NONE,9,DRAFT,2026,0,GENERATED
MIN,MIN_DT_01,DT,50,ACTIVE,NONE,1,DRAFT,2025,1,GENERATED
MIN,MIN_DT_02,DT,34,ACTIVE,NONE,2,DRAFT,2026,1,GENERATED
MIN,MIN_DT_03,DT,57,ACTIVE,NONE,3,DRAFT,2022,1,GENERATED
MIN,MIN_DT_04,DT,56,ACTIVE,NONE,4,FREE_AGENCY,2021,1,GENERATED
MIN,MIN_DT_05,DT,90,ACTIVE,NONE,5,DRAFT,2025,1,GENERATED
MIN,MIN_DT_06,DT,13,PRACTICE_SQUAD_CANDIDATE,NONE,6,DRAFT,2025,0,GENERATED
MIN,MIN_DT_07,DT,51,CAMP_BODY,NONE,7,DRAFT,2025,0,GENERATED
MIN,MIN_DT_08,DT,91,CAMP_BODY,NONE,8,DRAFT,2025,0,GENERATED
MIN,MIN_LB_01,LB,71,ACTIVE,NONE,1,FREE_AGENCY,2024,1,GENERATED
MIN,MIN_LB_02,LB,67,ACTIVE,NONE,2,DRAFT,2024,1,GENERATED
MIN,MIN_LB_03,LB,29,ACTIVE,NONE,3,RE_SIGNED,2025,1,GENERATED
MIN,MIN_LB_04,LB,40,ACTIVE,NONE,4,DRAFT,2024,1,GENERATED
MIN,MIN_LB_05,LB,23,ACTIVE,NONE,5,UDFA_SIGNING,2025,1,GENERATED
MIN,MIN_LB_06,LB,8,PRACTICE_SQUAD_CANDIDATE,NONE,6,UDFA_SIGNING,2025,0,GENERATED
MIN,MIN_LB_07,LB,58,CAMP_BODY,NONE,7,DRAFT,2024,0,GENERATED
MIN,MIN_LB_08,LB,3,CAMP_BODY,NONE,8,UDFA_SIGNING,2025,0,GENERATED
MIN,MIN_CB_01,CB,38,ACTIVE,NONE,1,WAIVER_CLAIM,2021,1,GENERATED
MIN,MIN_CB_02,CB,49,ACTIVE,NONE,2,DRAFT,2022,1,GENERATED
MIN,MIN_CB_03,CB,33,ACTIVE,NONE,3,DRAFT,2023,1,GENERATED
MIN,MIN_CB_04,CB,10,ACTIVE,NONE,4,FREE_AGENCY,2021,1,GENERATED
MIN,MIN_CB_05,CB,24,ACTIVE,NONE,5,DRAFT,2024,1,GENERATED
MIN,MIN_CB_06,CB,79,ACTIVE,NONE,6,DRAFT,2024,1,GENERATED
MIN,MIN_CB_07,CB,5,PRACTICE_SQUAD_CANDIDATE,NONE,7,FREE_AGENCY,2021,0,GENERATED
MIN,MIN_CB_08,CB,20,PRACTICE_SQUAD_CANDIDATE,NONE,8,UDFA_SIGNING,2025,0,GENERATED
MIN,MIN_CB_09,CB,85,CAMP_BODY,NONE,9,UDFA_SIGNING,2026,0,GENERATED
MIN,MIN_CB_10,CB,80,CAMP_BODY,NONE,10,UDFA_SIGNING,2025,0,GENERATED
MIN,MIN_CB_11,CB,72,CAMP_BODY,NONE,11,RE_SIGNED,2025,0,GENERATED
MIN,MIN_S_01,S,22,ACTIVE,IR,1,TRADE,2020,0,GENERATED
MIN,MIN_S_02,S,42,ACTIVE,NONE,2,RE_SIGNED,2026,1,GENERATED
MIN,MIN_S_03,S,47,ACTIVE,NONE,3,DRAFT,2026,1,GENERATED
MIN,MIN_S_04,S,2,ACTIVE,NONE,4,TRADE,2020,1,GENERATED
MIN,MIN_S_05,S,88,PRACTICE_SQUAD_CANDIDATE,NONE,5,DRAFT,2025,0,GENERATED
MIN,MIN_S_06,S,28,CAMP_BODY,NONE,6,FREE_AGENCY,2025,0,GENERATED
MIN,MIN_S_07,S,60,CAMP_BODY,NONE,7,DRAFT,2026,0,GENERATED
MIN,MIN_K_01,K,70,ACTIVE,NONE,1,RE_SIGNED,2025,1,GENERATED
MIN,MIN_K_02,K,62,PRACTICE_SQUAD_CANDIDATE,NONE,2,UDFA_SIGNING,2026,0,GENERATED
MIN,MIN_P_01,P,97,ACTIVE,NONE,1,DRAFT,2025,1,GENERATED
MIN,MIN_P_02,P,53,PRACTICE_SQUAD_CANDIDATE,NONE,2,UDFA_SIGNING,2026,0,GENERATED
MIN,MIN_LS_01,LS,26,ACTIVE,NONE,1,RE_SIGNED,2021,1,GENERATED
ATL,ATL_QB_01,QB,40,ACTIVE,NONE,1,DRAFT,2026,1,GENERATED
ATL,ATL_QB_02,QB,95,ACTIVE,NONE,2,DRAFT,2026,1,GENERATED
ATL,ATL_QB_03,QB,38,PRACTICE_SQUAD_CANDIDATE,NONE,3,UDFA_SIGNING,2025,0,GENERATED
ATL,ATL_QB_04,QB,22,CAMP_BODY,NONE,4,DRAFT,2025,0,GENERATED
ATL,ATL_RB_01,RB,9,ACTIVE,NONE,1,DRAFT,2026,1,GENERATED
ATL,ATL_RB_02,RB,15,ACTIVE,NONE,2,DRAFT,2026,1,GENERATED
ATL,ATL_RB_03,RB,55,ACTIVE,IR,3,RE_SIGNED,2026,0,GENERATED
ATL,ATL_RB_04,RB,17,PRACTICE_SQUAD_CANDIDATE,NONE,4,DRAFT,2026,0,GENERATED
ATL,ATL_RB_05,RB,72,CAMP_BODY,NONE,5,DRAFT,2026,0,GENERATED
ATL,ATL_FB_01,FB,1,ACTIVE,NONE,1,DRAFT,2026,1,GENERATED
ATL,ATL_WR_01,WR,58,ACTIVE,DAY_TO_DAY,1,FREE_AGENCY,2022,1,GENERATED
ATL,ATL_WR_02,WR,43,ACTIVE,NONE,2,DRAFT,2026,1,GENERATED
ATL,ATL_WR_03,WR,23,ACTIVE,DAY_TO_DAY,3,DRAFT,2024,1,GENERATED
ATL,ATL_WR_04,WR,90,ACTIVE,NONE,4,UDFA_SIGNING,2026,1,GENERATED
ATL,ATL_WR_05,WR,65,ACTIVE,NONE,5,WAIVER_CLAIM,2021,1,GENERATED
ATL,ATL_WR_06,WR,30,ACTIVE,NONE,6,DRAFT,2025,1,GENERATED
ATL,ATL_WR_07,WR,99,PRACTICE_SQUAD_CANDIDATE,NONE,7,DRAFT,2025,0,GENERATED
ATL,ATL_WR_08,WR,88,PRACTICE_SQUAD_CANDIDATE,NONE,8,UDFA_SIGNING,2026,0,GENERATED
ATL,ATL_WR_09,WR,56,CAMP_BODY,NONE,9,UDFA_SIGNING,2026,0,GENERATED
ATL,ATL_WR_10,WR,59,CAMP_BODY,NONE,10,DRAFT,2025,0,GENERATED
ATL,ATL_WR_11,WR,18,CAMP_BODY,NONE,11,UDFA_SIGNING,2026,0,GENERATED
ATL,ATL_TE_01,TE,47,ACTIVE,NONE,1,DRAFT,2024,1,GENERATED
ATL,ATL_TE_02,TE,29,ACTIVE,NONE,2,DRAFT,2025,1,GENERATED
ATL,ATL_TE_03,TE,39,ACTIVE,NONE,3,DRAFT,2024,1,GENERATED
ATL,ATL_TE_04,TE,69,PRACTICE_SQUAD_CANDIDATE,NONE,4,FREE_AGENCY,2016,0,GENERATED
ATL,ATL_TE_05,TE,6,CAMP_BODY,NONE,5,DRAFT,2025,0,GENERATED
ATL,ATL_TE_06,TE,10,CAMP_BODY,NONE,6,DRAFT,2024,0,GENERATED
ATL,ATL_OT_01,OT,5,ACTIVE,NONE,1,FREE_AGENCY,2024,1,GENERATED
ATL,ATL_OT_02,OT,67,ACTIVE,DAY_TO_DAY,2,TRADE,2015,1,GENERATED
ATL,ATL_OT_03,OT,35,ACTIVE,NONE,3,UDFA_SIGNING,2025,1,GENERATED
ATL,ATL_OT_04,OT,26,ACTIVE,DAY_TO_DAY,4,DRAFT,2025,1,GENERATED
ATL,ATL_OT_05,OT,77,PRACTICE_SQUAD_CANDIDATE,NONE,5,UDFA_SIGNING,2025,0,GENERATED
ATL,ATL_OT_06,OT,37,CAMP_BODY,NONE,6,UDFA_SIGNING,2025,0,GENERATED
ATL,ATL_OG_01,OG,94,ACTIVE,NONE,1,DRAFT,2022,1,GENERATED
ATL,ATL_OG_02,OG,63,ACTIVE,NFI,2,FREE_AGENCY,2026,0,GENERATED
ATL,ATL_OG_03,OG,98,ACTIVE,NONE,3,RE_SIGNED,2025,1,GENERATED
ATL,ATL_OG_04,OG,54,ACTIVE,NONE,4,DRAFT,2024,1,GENERATED
ATL,ATL_OG_05,OG,80,PRACTICE_SQUAD_CANDIDATE,NONE,5,DRAFT,2022,0,GENERATED
ATL,ATL_OG_06,OG,41,CAMP_BODY,NONE,6,UDFA_SIGNING,2025,0,GENERATED
ATL,ATL_C_01,C,57,ACTIVE,DAY_TO_DAY,1,DRAFT,2024,1,GENERATED
ATL,ATL_C_02,C,61,ACTIVE,NONE,2,DRAFT,2023,1,GENERATED
ATL,ATL_C_03,C,34,PRACTICE_SQUAD_CANDIDATE,NONE,3,DRAFT,2026,0,GENERATED
ATL,ATL_EDGE_01,EDGE,64,ACTIVE,NONE,1,DRAFT,2025,1,GENERATED
ATL,ATL_EDGE_02,EDGE,68,ACTIVE,NONE,2,DRAFT,2022,1,GENERATED
ATL,ATL_EDGE_03,EDGE,14,ACTIVE,NONE,3,FREE_AGENCY,2021,1,GENERATED
ATL,ATL_EDGE_04,EDGE,50,ACTIVE,DAY_TO_DAY,4,DRAFT,2023,1,GENERATED
ATL,ATL_EDGE_05,EDGE,12,ACTIVE,NONE,5,DRAFT,2026,1,GENERATED
ATL,ATL_EDGE_06,EDGE,96,PRACTICE_SQUAD_CANDIDATE,DAY_TO_DAY,6,TRADE,2022,0,GENERATED
ATL,ATL_EDGE_07,EDGE,97,PRACTICE_SQUAD_CANDIDATE,NONE,7,DRAFT,2026,0,GENERATED
ATL,ATL_EDGE_08,EDGE,71,CAMP_BODY,NONE,8,UDFA_SIGNING,2025,0,GENERATED
ATL,ATL_EDGE_09,EDGE,75,CAMP_BODY,NONE,9,DRAFT,2026,0,GENERATED
ATL,ATL_DT_01,DT,2,ACTIVE,NONE,1,DRAFT,2024,1,GENERATED
ATL,ATL_DT_02,DT,86,ACTIVE,NONE,2,FREE_AGENCY,2016,1,GENERATED
ATL,ATL_DT_03,DT,32,ACTIVE,NONE,3,FREE_AGENCY,2025,1,GENERATED
ATL,ATL_DT_04,DT,89,ACTIVE,NONE,4,DRAFT,2025,1,GENERATED
ATL,ATL_DT_05,DT,62,ACTIVE,NONE,5,DRAFT,2025,1,GENERATED
ATL,ATL_DT_06,DT,85,PRACTICE_SQUAD_CANDIDATE,NONE,6,DRAFT,2026,0,GENERATED
ATL,ATL_DT_07,DT,52,CAMP_BODY,DAY_TO_DAY,7,DRAFT,2026,0,GENERATED
ATL,ATL_DT_08,DT,66,CAMP_BODY,NONE,8,DRAFT,2025,0,GENERATED
ATL,ATL_LB_01,LB,4,ACTIVE,NONE,1,FREE_AGENCY,2020,1,GENERATED
ATL,ATL_LB_02,LB,13,ACTIVE,NONE,2,RE_SIGNED,2021,1,GENERATED
ATL,ATL_LB_03,LB,8,ACTIVE,NONE,3,DRAFT,2026,1,GENERATED
ATL,ATL_LB_04,LB,53,ACTIVE,NONE,4,DRAFT,2023,1,GENERATED
ATL,ATL_LB_05,LB,19,ACTIVE,NONE,5,DRAFT,2025,1,GENERATED
ATL,ATL_LB_06,LB,48,PRACTICE_SQUAD_CANDIDATE,NONE,6,DRAFT,2025,0,GENERATED
ATL,ATL_LB_07,LB,21,CAMP_BODY,NONE,7,DRAFT,2026,0,GENERATED
ATL,ATL_LB_08,LB,92,CAMP_BODY,NONE,8,UDFA_SIGNING,2025,0,GENERATED
ATL,ATL_CB_01,CB,76,ACTIVE,NONE,1,WAIVER_CLAIM,2021,1,GENERATED
ATL,ATL_CB_02,CB,81,ACTIVE,NONE,2,DRAFT,2026,1,GENERATED
ATL,ATL_CB_03,CB,44,ACTIVE,NONE,3,RE_SIGNED,2026,1,GENERATED
ATL,ATL_CB_04,CB,28,ACTIVE,NONE,4,DRAFT,2025,1,GENERATED
ATL,ATL_CB_05,CB,49,ACTIVE,DAY_TO_DAY,5,DRAFT,2024,1,GENERATED
ATL,ATL_CB_06,CB,70,ACTIVE,NONE,6,DRAFT,2023,1,GENERATED
ATL,ATL_CB_07,CB,60,PRACTICE_SQUAD_CANDIDATE,NONE,7,UDFA_SIGNING,2025,0,GENERATED
ATL,ATL_CB_08,CB,42,PRACTICE_SQUAD_CANDIDATE,NONE,8,DRAFT,2024,0,GENERATED
ATL,ATL_CB_09,CB,79,CAMP_BODY,NONE,9,DRAFT,2026,0,GENERATED
ATL,ATL_CB_10,CB,78,CAMP_BODY,NONE,10,DRAFT,2025,0,GENERATED
ATL,ATL_CB_11,CB,3,CAMP_BODY,NONE,11,DRAFT,2026,0,GENERATED
ATL,ATL_S_01,S,83,ACTIVE,NONE,1,WAIVER_CLAIM,2019,1,GENERATED
ATL,ATL_S_02,S,33,ACTIVE,NONE,2,RE_SIGNED,2015,1,GENERATED
ATL,ATL_S_03,S,7,ACTIVE,NONE,3,DRAFT,2026,1,GENERATED
ATL,ATL_S_04,S,91,ACTIVE,NONE,4,DRAFT,2026,1,GENERATED
ATL,ATL_S_05,S,84,PRACTICE_SQUAD_CANDIDATE,NONE,5,DRAFT,2025,0,GENERATED
ATL,ATL_S_06,S,11,CAMP_BODY,NONE,6,DRAFT,2025,0,GENERATED
ATL,ATL_S_07,S,93,CAMP_BODY,NONE,7,DRAFT,2025,0,GENERATED
ATL,ATL_K_01,K,25,ACTIVE,NONE,1,DRAFT,2025,1,GENERATED
ATL,ATL_K_02,K,16,PRACTICE_SQUAD_CANDIDATE,NONE,2,FREE_AGENCY,2021,0,GENERATED
ATL,ATL_P_01,P,24,ACTIVE,NONE,1,DRAFT,2026,1,GENERATED
ATL,ATL_P_02,P,27,PRACTICE_SQUAD_CANDIDATE,NONE,2,WAIVER_CLAIM,2024,0,GENERATED
ATL,ATL_LS_01,LS,82,ACTIVE,NONE,1,DRAFT,2025,1,GENERATED
CAR,CAR_QB_01,QB,64,ACTIVE,NONE,1,DRAFT,2023,1,GENERATED
CAR,CAR_QB_02,QB,53,ACTIVE,NONE,2,RE_SIGNED,2025,1,GENERATED
CAR,CAR_QB_03,QB,50,PRACTICE_SQUAD_CANDIDATE,NONE,3,UDFA_SIGNING,2026,0,GENERATED
CAR,CAR_QB_04,QB,6,CAMP_BODY,NONE,4,FREE_AGENCY,2024,0,GENERATED
CAR,CAR_RB_01,RB,80,ACTIVE,NONE,1,TRADE,2023,1,GENERATED
CAR,CAR_RB_02,RB,91,ACTIVE,NONE,2,RE_SIGNED,2022,1,GENERATED
CAR,CAR_RB_03,RB,71,ACTIVE,NONE,3,DRAFT,2023,1,GENERATED
CAR,CAR_RB_04,RB,89,PRACTICE_SQUAD_CANDIDATE,NONE,4,FREE_AGENCY,2024,0,GENERATED
CAR,CAR_RB_05,RB,76,CAMP_BODY,NONE,5,UDFA_SIGNING,2025,0,GENERATED
CAR,CAR_FB_01,FB,7,ACTIVE,NONE,1,DRAFT,2025,1,GENERATED
CAR,CAR_WR_01,WR,2,ACTIVE,NONE,1,DRAFT,2024,1,GENERATED
CAR,CAR_WR_02,WR,54,ACTIVE,NONE,2,FREE_AGENCY,2023,1,GENERATED
CAR,CAR_WR_03,WR,23,ACTIVE,NONE,3,DRAFT,2026,1,GENERATED
CAR,CAR_WR_04,WR,92,ACTIVE,NONE,4,DRAFT,2025,1,GENERATED
CAR,CAR_WR_05,WR,63,ACTIVE,NONE,5,WAIVER_CLAIM,2024,1,GENERATED
CAR,CAR_WR_06,WR,88,ACTIVE,NONE,6,DRAFT,2026,1,GENERATED
CAR,CAR_WR_07,WR,25,PRACTICE_SQUAD_CANDIDATE,NONE,7,DRAFT,2026,0,GENERATED
CAR,CAR_WR_08,WR,39,PRACTICE_SQUAD_CANDIDATE,NONE,8,UDFA_SIGNING,2026,0,GENERATED
CAR,CAR_WR_09,WR,30,CAMP_BODY,NONE,9,DRAFT,2026,0,GENERATED
CAR,CAR_WR_10,WR,84,CAMP_BODY,NONE,10,UDFA_SIGNING,2026,0,GENERATED
CAR,CAR_WR_11,WR,96,CAMP_BODY,NONE,11,UDFA_SIGNING,2025,0,GENERATED
CAR,CAR_TE_01,TE,36,ACTIVE,NONE,1,DRAFT,2025,1,GENERATED
CAR,CAR_TE_02,TE,52,ACTIVE,NONE,2,DRAFT,2025,1,GENERATED
CAR,CAR_TE_03,TE,74,ACTIVE,NONE,3,DRAFT,2026,1,GENERATED
CAR,CAR_TE_04,TE,9,PRACTICE_SQUAD_CANDIDATE,NONE,4,DRAFT,2026,0,GENERATED
CAR,CAR_TE_05,TE,45,CAMP_BODY,NONE,5,UDFA_SIGNING,2025,0,GENERATED
CAR,CAR_TE_06,TE,56,CAMP_BODY,NONE,6,FREE_AGENCY,2024,0,GENERATED
CAR,CAR_OT_01,OT,37,ACTIVE,NONE,1,FREE_AGENCY,2025,1,GENERATED
CAR,CAR_OT_02,OT,68,ACTIVE,NONE,2,DRAFT,2026,1,GENERATED
CAR,CAR_OT_03,OT,48,ACTIVE,NONE,3,DRAFT,2026,1,GENERATED
CAR,CAR_OT_04,OT,42,ACTIVE,NONE,4,DRAFT,2026,1,GENERATED
CAR,CAR_OT_05,OT,72,PRACTICE_SQUAD_CANDIDATE,PUP,5,DRAFT,2026,0,GENERATED
CAR,CAR_OT_06,OT,85,CAMP_BODY,NONE,6,UDFA_SIGNING,2025,0,GENERATED
CAR,CAR_OG_01,OG,15,ACTIVE,DAY_TO_DAY,1,RE_SIGNED,2021,1,GENERATED
CAR,CAR_OG_02,OG,22,ACTIVE,NONE,2,DRAFT,2026,1,GENERATED
CAR,CAR_OG_03,OG,83,ACTIVE,DAY_TO_DAY,3,DRAFT,2025,1,GENERATED
CAR,CAR_OG_04,OG,3,ACTIVE,NONE,4,TRADE,2026,1,GENERATED
CAR,CAR_OG_05,OG,59,PRACTICE_SQUAD_CANDIDATE,NONE,5,DRAFT,2026,0,GENERATED
CAR,CAR_OG_06,OG,97,CAMP_BODY,NONE,6,DRAFT,2025,0,GENERATED
CAR,CAR_C_01,C,66,ACTIVE,NONE,1,DRAFT,2025,1,GENERATED
CAR,CAR_C_02,C,95,ACTIVE,NONE,2,DRAFT,2026,1,GENERATED
CAR,CAR_C_03,C,51,PRACTICE_SQUAD_CANDIDATE,NONE,3,UDFA_SIGNING,2025,0,GENERATED
CAR,CAR_EDGE_01,EDGE,34,ACTIVE,NONE,1,TRADE,2026,1,GENERATED
CAR,CAR_EDGE_02,EDGE,90,ACTIVE,NONE,2,DRAFT,2026,1,GENERATED
CAR,CAR_EDGE_03,EDGE,19,ACTIVE,NONE,3,DRAFT,2026,1,GENERATED
CAR,CAR_EDGE_04,EDGE,11,ACTIVE,NONE,4,FREE_AGENCY,2021,1,GENERATED
CAR,CAR_EDGE_05,EDGE,65,ACTIVE,NONE,5,DRAFT,2023,1,GENERATED
CAR,CAR_EDGE_06,EDGE,10,PRACTICE_SQUAD_CANDIDATE,NONE,6,DRAFT,2026,0,GENERATED
CAR,CAR_EDGE_07,EDGE,86,PRACTICE_SQUAD_CANDIDATE,NONE,7,FREE_AGENCY,2020,0,GENERATED
CAR,CAR_EDGE_08,EDGE,29,CAMP_BODY,NONE,8,DRAFT,2026,0,GENERATED
CAR,CAR_EDGE_09,EDGE,24,CAMP_BODY,NONE,9,DRAFT,2026,0,GENERATED
CAR,CAR_DT_01,DT,26,ACTIVE,NONE,1,DRAFT,2024,1,GENERATED
CAR,CAR_DT_02,DT,60,ACTIVE,NONE,2,DRAFT,2025,1,GENERATED
CAR,CAR_DT_03,DT,49,ACTIVE,DAY_TO_DAY,3,FREE_AGENCY,2021,1,GENERATED
CAR,CAR_DT_04,DT,87,ACTIVE,NONE,4,RE_SIGNED,2026,1,GENERATED
CAR,CAR_DT_05,DT,47,ACTIVE,NONE,5,DRAFT,2025,1,GENERATED
CAR,CAR_DT_06,DT,93,PRACTICE_SQUAD_CANDIDATE,DAY_TO_DAY,6,DRAFT,2026,0,GENERATED
CAR,CAR_DT_07,DT,13,CAMP_BODY,NONE,7,DRAFT,2025,0,GENERATED
CAR,CAR_DT_08,DT,18,CAMP_BODY,NONE,8,FREE_AGENCY,2025,0,GENERATED
CAR,CAR_LB_01,LB,77,ACTIVE,DAY_TO_DAY,1,DRAFT,2025,1,GENERATED
CAR,CAR_LB_02,LB,81,ACTIVE,NONE,2,DRAFT,2025,1,GENERATED
CAR,CAR_LB_03,LB,41,ACTIVE,NONE,3,RE_SIGNED,2026,1,GENERATED
CAR,CAR_LB_04,LB,46,ACTIVE,NONE,4,WAIVER_CLAIM,2026,1,GENERATED
CAR,CAR_LB_05,LB,20,ACTIVE,NONE,5,DRAFT,2024,1,GENERATED
CAR,CAR_LB_06,LB,94,PRACTICE_SQUAD_CANDIDATE,NONE,6,UDFA_SIGNING,2026,0,GENERATED
CAR,CAR_LB_07,LB,35,CAMP_BODY,NONE,7,UDFA_SIGNING,2025,0,GENERATED
CAR,CAR_LB_08,LB,61,CAMP_BODY,PUP,8,DRAFT,2025,0,GENERATED
CAR,CAR_CB_01,CB,44,ACTIVE,NONE,1,DRAFT,2025,1,GENERATED
CAR,CAR_CB_02,CB,55,ACTIVE,NONE,2,WAIVER_CLAIM,2025,1,GENERATED
CAR,CAR_CB_03,CB,5,ACTIVE,NONE,3,TRADE,2022,1,GENERATED
CAR,CAR_CB_04,CB,78,ACTIVE,NONE,4,UDFA_SIGNING,2025,1,GENERATED
CAR,CAR_CB_05,CB,14,ACTIVE,NONE,5,RE_SIGNED,2021,1,GENERATED
CAR,CAR_CB_06,CB,28,ACTIVE,NONE,6,DRAFT,2025,1,GENERATED
CAR,CAR_CB_07,CB,21,PRACTICE_SQUAD_CANDIDATE,NONE,7,RE_SIGNED,2021,0,GENERATED
CAR,CAR_CB_08,CB,62,PRACTICE_SQUAD_CANDIDATE,NONE,8,UDFA_SIGNING,2026,0,GENERATED
CAR,CAR_CB_09,CB,98,CAMP_BODY,NONE,9,DRAFT,2026,0,GENERATED
CAR,CAR_CB_10,CB,43,CAMP_BODY,NONE,10,UDFA_SIGNING,2025,0,GENERATED
CAR,CAR_CB_11,CB,16,CAMP_BODY,NONE,11,DRAFT,2026,0,GENERATED
CAR,CAR_S_01,S,57,ACTIVE,NONE,1,WAIVER_CLAIM,2026,1,GENERATED
CAR,CAR_S_02,S,31,ACTIVE,NONE,2,DRAFT,2025,1,GENERATED
CAR,CAR_S_03,S,33,ACTIVE,DAY_TO_DAY,3,DRAFT,2026,1,GENERATED
CAR,CAR_S_04,S,79,ACTIVE,NONE,4,FREE_AGENCY,2021,1,GENERATED
CAR,CAR_S_05,S,38,PRACTICE_SQUAD_CANDIDATE,NONE,5,RE_SIGNED,2022,0,GENERATED
CAR,CAR_S_06,S,69,CAMP_BODY,NONE,6,UDFA_SIGNING,2026,0,GENERATED
CAR,CAR_S_07,S,32,CAMP_BODY,NONE,7,UDFA_SIGNING,2025,0,GENERATED
CAR,CAR_K_01,K,27,ACTIVE,IR,1,FREE_AGENCY,2018,0,GENERATED
CAR,CAR_K_02,K,67,PRACTICE_SQUAD_CANDIDATE,NONE,2,UDFA_SIGNING,2026,0,GENERATED
CAR,CAR_P_01,P,58,ACTIVE,NONE,1,DRAFT,2025,1,GENERATED
CAR,CAR_P_02,P,40,PRACTICE_SQUAD_CANDIDATE,NONE,2,DRAFT,2026,0,GENERATED
CAR,CAR_LS_01,LS,17,ACTIVE,PUP,1,DRAFT,2022,0,GENERATED
NO,NO_QB_01,QB,82,ACTIVE,NONE,1,WAIVER_CLAIM,2021,1,GENERATED
NO,NO_QB_02,QB,95,ACTIVE,NONE,2,DRAFT,2024,1,GENERATED
NO,NO_QB_03,QB,99,PRACTICE_SQUAD_CANDIDATE,NONE,3,DRAFT,2026,0,GENERATED
NO,NO_QB_04,QB,45,CAMP_BODY,NONE,4,DRAFT,2026,0,GENERATED
NO,NO_RB_01,RB,86,ACTIVE,NONE,1,DRAFT,2023,1,GENERATED
NO,NO_RB_02,RB,74,ACTIVE,NONE,2,UDFA_SIGNING,2026,1,GENERATED
NO,NO_RB_03,RB,9,ACTIVE,NONE,3,FREE_AGENCY,2024,1,GENERATED
NO,NO_RB_04,RB,29,PRACTICE_SQUAD_CANDIDATE,NONE,4,UDFA_SIGNING,2026,0,GENERATED
NO,NO_RB_05,RB,14,CAMP_BODY,NONE,5,DRAFT,2026,0,GENERATED
NO,NO_FB_01,FB,36,ACTIVE,DAY_TO_DAY,1,DRAFT,2025,1,GENERATED
NO,NO_WR_01,WR,84,ACTIVE,DAY_TO_DAY,1,DRAFT,2026,1,GENERATED
NO,NO_WR_02,WR,51,ACTIVE,NONE,2,RE_SIGNED,2025,1,GENERATED
NO,NO_WR_03,WR,11,ACTIVE,NONE,3,WAIVER_CLAIM,2025,1,GENERATED
NO,NO_WR_04,WR,93,ACTIVE,NONE,4,UDFA_SIGNING,2026,1,GENERATED
NO,NO_WR_05,WR,98,ACTIVE,SUSPENDED,5,DRAFT,2024,0,GENERATED
NO,NO_WR_06,WR,97,ACTIVE,IR,6,DRAFT,2024,0,GENERATED
NO,NO_WR_07,WR,68,PRACTICE_SQUAD_CANDIDATE,NONE,7,RE_SIGNED,2021,0,GENERATED
NO,NO_WR_08,WR,39,PRACTICE_SQUAD_CANDIDATE,NONE,8,DRAFT,2026,0,GENERATED
NO,NO_WR_09,WR,61,CAMP_BODY,NONE,9,DRAFT,2024,0,GENERATED
NO,NO_WR_10,WR,46,CAMP_BODY,DAY_TO_DAY,10,DRAFT,2023,0,GENERATED
NO,NO_WR_11,WR,50,CAMP_BODY,NONE,11,DRAFT,2026,0,GENERATED
NO,NO_TE_01,TE,64,ACTIVE,NONE,1,DRAFT,2025,1,GENERATED
NO,NO_TE_02,TE,69,ACTIVE,NONE,2,DRAFT,2025,1,GENERATED
NO,NO_TE_03,TE,7,ACTIVE,IR,3,WAIVER_CLAIM,2023,0,GENERATED
NO,NO_TE_04,TE,19,PRACTICE_SQUAD_CANDIDATE,NONE,4,DRAFT,2025,0,GENERATED
NO,NO_TE_05,TE,83,CAMP_BODY,NONE,5,DRAFT,2025,0,GENERATED
NO,NO_TE_06,TE,28,CAMP_BODY,NONE,6,UDFA_SIGNING,2026,0,GENERATED
NO,NO_OT_01,OT,71,ACTIVE,NONE,1,FREE_AGENCY,2021,1,GENERATED
NO,NO_OT_02,OT,42,ACTIVE,IR,2,DRAFT,2026,0,GENERATED
NO,NO_OT_03,OT,13,ACTIVE,NONE,3,DRAFT,2025,1,GENERATED
NO,NO_OT_04,OT,16,ACTIVE,NONE,4,FREE_AGENCY,2024,1,GENERATED
NO,NO_OT_05,OT,73,PRACTICE_SQUAD_CANDIDATE,NONE,5,DRAFT,2025,0,GENERATED
NO,NO_OT_06,OT,77,CAMP_BODY,NONE,6,UDFA_SIGNING,2025,0,GENERATED
NO,NO_OG_01,OG,18,ACTIVE,NONE,1,WAIVER_CLAIM,2020,1,GENERATED
NO,NO_OG_02,OG,35,ACTIVE,NONE,2,DRAFT,2025,1,GENERATED
NO,NO_OG_03,OG,25,ACTIVE,NONE,3,DRAFT,2025,1,GENERATED
NO,NO_OG_04,OG,49,ACTIVE,NONE,4,TRADE,2023,1,GENERATED
NO,NO_OG_05,OG,44,PRACTICE_SQUAD_CANDIDATE,NONE,5,DRAFT,2025,0,GENERATED
NO,NO_OG_06,OG,4,CAMP_BODY,NONE,6,DRAFT,2026,0,GENERATED
NO,NO_C_01,C,60,ACTIVE,NONE,1,RE_SIGNED,2021,1,GENERATED
NO,NO_C_02,C,2,ACTIVE,NONE,2,FREE_AGENCY,2023,1,GENERATED
NO,NO_C_03,C,53,PRACTICE_SQUAD_CANDIDATE,NONE,3,DRAFT,2026,0,GENERATED
NO,NO_EDGE_01,EDGE,8,ACTIVE,NONE,1,TRADE,2021,1,GENERATED
NO,NO_EDGE_02,EDGE,96,ACTIVE,NONE,2,RE_SIGNED,2019,1,GENERATED
NO,NO_EDGE_03,EDGE,37,ACTIVE,NONE,3,DRAFT,2026,1,GENERATED
NO,NO_EDGE_04,EDGE,41,ACTIVE,NONE,4,DRAFT,2026,1,GENERATED
NO,NO_EDGE_05,EDGE,21,ACTIVE,NONE,5,DRAFT,2026,1,GENERATED
NO,NO_EDGE_06,EDGE,24,PRACTICE_SQUAD_CANDIDATE,NONE,6,DRAFT,2025,0,GENERATED
NO,NO_EDGE_07,EDGE,3,PRACTICE_SQUAD_CANDIDATE,NONE,7,DRAFT,2024,0,GENERATED
NO,NO_EDGE_08,EDGE,27,CAMP_BODY,NONE,8,WAIVER_CLAIM,2024,0,GENERATED
NO,NO_EDGE_09,EDGE,88,CAMP_BODY,NONE,9,UDFA_SIGNING,2026,0,GENERATED
NO,NO_DT_01,DT,91,ACTIVE,NONE,1,DRAFT,2023,1,GENERATED
NO,NO_DT_02,DT,40,ACTIVE,NONE,2,DRAFT,2023,1,GENERATED
NO,NO_DT_03,DT,55,ACTIVE,NONE,3,UDFA_SIGNING,2025,1,GENERATED
NO,NO_DT_04,DT,62,ACTIVE,NONE,4,FREE_AGENCY,2025,1,GENERATED
NO,NO_DT_05,DT,32,ACTIVE,NONE,5,DRAFT,2026,1,GENERATED
NO,NO_DT_06,DT,92,PRACTICE_SQUAD_CANDIDATE,NONE,6,FREE_AGENCY,2025,0,GENERATED
NO,NO_DT_07,DT,33,CAMP_BODY,NONE,7,UDFA_SIGNING,2026,0,GENERATED
NO,NO_DT_08,DT,70,CAMP_BODY,NONE,8,DRAFT,2026,0,GENERATED
NO,NO_LB_01,LB,57,ACTIVE,NONE,1,DRAFT,2024,1,GENERATED
NO,NO_LB_02,LB,58,ACTIVE,NONE,2,DRAFT,2026,1,GENERATED
NO,NO_LB_03,LB,75,ACTIVE,DAY_TO_DAY,3,FREE_AGENCY,2021,1,GENERATED
NO,NO_LB_04,LB,79,ACTIVE,NONE,4,FREE_AGENCY,2022,1,GENERATED
NO,NO_LB_05,LB,47,ACTIVE,NONE,5,FREE_AGENCY,2023,1,GENERATED
NO,NO_LB_06,LB,72,PRACTICE_SQUAD_CANDIDATE,NONE,6,UDFA_SIGNING,2026,0,GENERATED
NO,NO_LB_07,LB,52,CAMP_BODY,NONE,7,UDFA_SIGNING,2026,0,GENERATED
NO,NO_LB_08,LB,65,CAMP_BODY,NONE,8,DRAFT,2026,0,GENERATED
NO,NO_CB_01,CB,43,ACTIVE,NONE,1,FREE_AGENCY,2019,1,GENERATED
NO,NO_CB_02,CB,48,ACTIVE,NONE,2,TRADE,2023,1,GENERATED
NO,NO_CB_03,CB,81,ACTIVE,NONE,3,RE_SIGNED,2019,1,GENERATED
NO,NO_CB_04,CB,10,ACTIVE,NONE,4,DRAFT,2024,1,GENERATED
NO,NO_CB_05,CB,5,ACTIVE,NONE,5,DRAFT,2026,1,GENERATED
NO,NO_CB_06,CB,15,ACTIVE,NONE,6,DRAFT,2024,1,GENERATED
NO,NO_CB_07,CB,6,PRACTICE_SQUAD_CANDIDATE,NONE,7,DRAFT,2025,0,GENERATED
NO,NO_CB_08,CB,17,PRACTICE_SQUAD_CANDIDATE,DAY_TO_DAY,8,TRADE,2021,0,GENERATED
NO,NO_CB_09,CB,59,CAMP_BODY,NONE,9,DRAFT,2026,0,GENERATED
NO,NO_CB_10,CB,67,CAMP_BODY,NONE,10,DRAFT,2025,0,GENERATED
NO,NO_CB_11,CB,22,CAMP_BODY,NONE,11,DRAFT,2026,0,GENERATED
NO,NO_S_01,S,89,ACTIVE,NONE,1,DRAFT,2024,1,GENERATED
NO,NO_S_02,S,31,ACTIVE,NONE,2,FREE_AGENCY,2019,1,GENERATED
NO,NO_S_03,S,34,ACTIVE,NONE,3,DRAFT,2026,1,GENERATED
NO,NO_S_04,S,26,ACTIVE,NONE,4,DRAFT,2025,1,GENERATED
NO,NO_S_05,S,1,PRACTICE_SQUAD_CANDIDATE,NONE,5,FREE_AGENCY,2024,0,GENERATED
NO,NO_S_06,S,38,CAMP_BODY,NONE,6,UDFA_SIGNING,2025,0,GENERATED
NO,NO_S_07,S,87,CAMP_BODY,NONE,7,UDFA_SIGNING,2026,0,GENERATED
NO,NO_K_01,K,30,ACTIVE,NONE,1,DRAFT,2025,1,GENERATED
NO,NO_K_02,K,54,PRACTICE_SQUAD_CANDIDATE,NONE,2,FREE_AGENCY,2024,0,GENERATED
NO,NO_P_01,P,78,ACTIVE,NONE,1,DRAFT,2022,1,GENERATED
NO,NO_P_02,P,94,PRACTICE_SQUAD_CANDIDATE,NONE,2,WAIVER_CLAIM,2025,0,GENERATED
NO,NO_LS_01,LS,56,ACTIVE,NONE,1,DRAFT,2026,1,GENERATED
TB,TB_QB_01,QB,41,ACTIVE,NONE,1,DRAFT,2024,1,GENERATED
TB,TB_QB_02,QB,35,ACTIVE,NONE,2,DRAFT,2025,1,GENERATED
TB,TB_QB_03,QB,90,PRACTICE_SQUAD_CANDIDATE,NONE,3,UDFA_SIGNING,2025,0,GENERATED
TB,TB_QB_04,QB,26,CAMP_BODY,NONE,4,DRAFT,2025,0,GENERATED
TB,TB_RB_01,RB,73,ACTIVE,NONE,1,DRAFT,2023,1,GENERATED
TB,TB_RB_02,RB,12,ACTIVE,NONE,2,DRAFT,2022,1,GENERATED
TB,TB_RB_03,RB,28,ACTIVE,NONE,3,DRAFT,2026,1,GENERATED
TB,TB_RB_04,RB,10,PRACTICE_SQUAD_CANDIDATE,NONE,4,DRAFT,2026,0,GENERATED
TB,TB_RB_05,RB,42,CAMP_BODY,NONE,5,DRAFT,2025,0,GENERATED
TB,TB_FB_01,FB,82,ACTIVE,NONE,1,DRAFT,2026,1,GENERATED
TB,TB_WR_01,WR,39,ACTIVE,NONE,1,FREE_AGENCY,2024,1,GENERATED
TB,TB_WR_02,WR,6,ACTIVE,NONE,2,DRAFT,2025,1,GENERATED
TB,TB_WR_03,WR,11,ACTIVE,NONE,3,FREE_AGENCY,2022,1,GENERATED
TB,TB_WR_04,WR,2,ACTIVE,NONE,4,DRAFT,2025,1,GENERATED
TB,TB_WR_05,WR,47,ACTIVE,NONE,5,UDFA_SIGNING,2026,1,GENERATED
TB,TB_WR_06,WR,69,ACTIVE,DAY_TO_DAY,6,DRAFT,2026,1,GENERATED
TB,TB_WR_07,WR,74,PRACTICE_SQUAD_CANDIDATE,NONE,7,WAIVER_CLAIM,2025,0,GENERATED
TB,TB_WR_08,WR,30,PRACTICE_SQUAD_CANDIDATE,NONE,8,DRAFT,2026,0,GENERATED
TB,TB_WR_09,WR,98,CAMP_BODY,NONE,9,UDFA_SIGNING,2025,0,GENERATED
TB,TB_WR_10,WR,25,CAMP_BODY,NONE,10,DRAFT,2025,0,GENERATED
TB,TB_WR_11,WR,77,CAMP_BODY,NONE,11,UDFA_SIGNING,2025,0,GENERATED
TB,TB_TE_01,TE,40,ACTIVE,NONE,1,DRAFT,2026,1,GENERATED
TB,TB_TE_02,TE,29,ACTIVE,NONE,2,DRAFT,2026,1,GENERATED
TB,TB_TE_03,TE,33,ACTIVE,NFI,3,RE_SIGNED,2024,0,GENERATED
TB,TB_TE_04,TE,48,PRACTICE_SQUAD_CANDIDATE,NONE,4,FREE_AGENCY,2025,0,GENERATED
TB,TB_TE_05,TE,86,CAMP_BODY,NONE,5,DRAFT,2024,0,GENERATED
TB,TB_TE_06,TE,54,CAMP_BODY,NONE,6,DRAFT,2025,0,GENERATED
TB,TB_OT_01,OT,72,ACTIVE,DAY_TO_DAY,1,TRADE,2023,1,GENERATED
TB,TB_OT_02,OT,60,ACTIVE,NONE,2,FREE_AGENCY,2025,1,GENERATED
TB,TB_OT_03,OT,55,ACTIVE,NONE,3,TRADE,2026,1,GENERATED
TB,TB_OT_04,OT,1,ACTIVE,IR,4,DRAFT,2024,0,GENERATED
TB,TB_OT_05,OT,81,PRACTICE_SQUAD_CANDIDATE,NONE,5,DRAFT,2026,0,GENERATED
TB,TB_OT_06,OT,49,CAMP_BODY,DAY_TO_DAY,6,DRAFT,2025,0,GENERATED
TB,TB_OG_01,OG,4,ACTIVE,NONE,1,DRAFT,2025,1,GENERATED
TB,TB_OG_02,OG,22,ACTIVE,NONE,2,DRAFT,2026,1,GENERATED
TB,TB_OG_03,OG,85,ACTIVE,NONE,3,DRAFT,2026,1,GENERATED
TB,TB_OG_04,OG,70,ACTIVE,DAY_TO_DAY,4,DRAFT,2025,1,GENERATED
TB,TB_OG_05,OG,64,PRACTICE_SQUAD_CANDIDATE,NONE,5,DRAFT,2025,0,GENERATED
TB,TB_OG_06,OG,43,CAMP_BODY,NONE,6,DRAFT,2026,0,GENERATED
TB,TB_C_01,C,83,ACTIVE,NONE,1,TRADE,2025,1,GENERATED
TB,TB_C_02,C,80,ACTIVE,NONE,2,DRAFT,2025,1,GENERATED
TB,TB_C_03,C,17,PRACTICE_SQUAD_CANDIDATE,NONE,3,TRADE,2026,0,GENERATED
TB,TB_EDGE_01,EDGE,38,ACTIVE,NONE,1,TRADE,2016,1,GENERATED
TB,TB_EDGE_02,EDGE,84,ACTIVE,NONE,2,FREE_AGENCY,2020,1,GENERATED
TB,TB_EDGE_03,EDGE,5,ACTIVE,DAY_TO_DAY,3,DRAFT,2026,1,GENERATED
TB,TB_EDGE_04,EDGE,59,ACTIVE,NONE,4,RE_SIGNED,2023,1,GENERATED
TB,TB_EDGE_05,EDGE,57,ACTIVE,NONE,5,FREE_AGENCY,2024,1,GENERATED
TB,TB_EDGE_06,EDGE,67,PRACTICE_SQUAD_CANDIDATE,NONE,6,DRAFT,2023,0,GENERATED
TB,TB_EDGE_07,EDGE,58,PRACTICE_SQUAD_CANDIDATE,IR,7,DRAFT,2026,0,GENERATED
TB,TB_EDGE_08,EDGE,44,CAMP_BODY,NONE,8,DRAFT,2025,0,GENERATED
TB,TB_EDGE_09,EDGE,92,CAMP_BODY,NONE,9,DRAFT,2025,0,GENERATED
TB,TB_DT_01,DT,15,ACTIVE,NONE,1,WAIVER_CLAIM,2023,1,GENERATED
TB,TB_DT_02,DT,24,ACTIVE,NONE,2,DRAFT,2022,1,GENERATED
TB,TB_DT_03,DT,13,ACTIVE,NONE,3,RE_SIGNED,2023,1,GENERATED
TB,TB_DT_04,DT,96,ACTIVE,NONE,4,DRAFT,2024,1,GENERATED
TB,TB_DT_05,DT,66,ACTIVE,NONE,5,FREE_AGENCY,2021,1,GENERATED
TB,TB_DT_06,DT,89,PRACTICE_SQUAD_CANDIDATE,NONE,6,DRAFT,2026,0,GENERATED
TB,TB_DT_07,DT,94,CAMP_BODY,NONE,7,UDFA_SIGNING,2025,0,GENERATED
TB,TB_DT_08,DT,78,CAMP_BODY,NONE,8,UDFA_SIGNING,2025,0,GENERATED
TB,TB_LB_01,LB,93,ACTIVE,DAY_TO_DAY,1,DRAFT,2026,1,GENERATED
TB,TB_LB_02,LB,20,ACTIVE,NONE,2,DRAFT,2024,1,GENERATED
TB,TB_LB_03,LB,95,ACTIVE,NONE,3,RE_SIGNED,2023,1,GENERATED
TB,TB_LB_04,LB,61,ACTIVE,NONE,4,RE_SIGNED,2022,1,GENERATED
TB,TB_LB_05,LB,91,ACTIVE,NONE,5,DRAFT,2024,1,GENERATED
TB,TB_LB_06,LB,37,PRACTICE_SQUAD_CANDIDATE,NONE,6,DRAFT,2026,0,GENERATED
TB,TB_LB_07,LB,97,CAMP_BODY,NONE,7,FREE_AGENCY,2025,0,GENERATED
TB,TB_LB_08,LB,53,CAMP_BODY,NONE,8,UDFA_SIGNING,2025,0,GENERATED
TB,TB_CB_01,CB,76,ACTIVE,NONE,1,FREE_AGENCY,2023,1,GENERATED
TB,TB_CB_02,CB,46,ACTIVE,NONE,2,DRAFT,2025,1,GENERATED
TB,TB_CB_03,CB,34,ACTIVE,NONE,3,FREE_AGENCY,2021,1,GENERATED
TB,TB_CB_04,CB,36,ACTIVE,NONE,4,WAIVER_CLAIM,2021,1,GENERATED
TB,TB_CB_05,CB,79,ACTIVE,NONE,5,DRAFT,2026,1,GENERATED
TB,TB_CB_06,CB,23,ACTIVE,IR,6,WAIVER_CLAIM,2024,0,GENERATED
TB,TB_CB_07,CB,14,PRACTICE_SQUAD_CANDIDATE,NONE,7,FREE_AGENCY,2025,0,GENERATED
TB,TB_CB_08,CB,68,PRACTICE_SQUAD_CANDIDATE,NONE,8,UDFA_SIGNING,2026,0,GENERATED
TB,TB_CB_09,CB,50,CAMP_BODY,NONE,9,UDFA_SIGNING,2026,0,GENERATED
TB,TB_CB_10,CB,16,CAMP_BODY,NONE,10,DRAFT,2025,0,GENERATED
TB,TB_CB_11,CB,45,CAMP_BODY,NONE,11,UDFA_SIGNING,2025,0,GENERATED
TB,TB_S_01,S,62,ACTIVE,DAY_TO_DAY,1,DRAFT,2025,1,GENERATED
TB,TB_S_02,S,8,ACTIVE,NONE,2,DRAFT,2026,1,GENERATED
TB,TB_S_03,S,9,ACTIVE,NONE,3,DRAFT,2026,1,GENERATED
TB,TB_S_04,S,65,ACTIVE,NONE,4,DRAFT,2024,1,GENERATED
TB,TB_S_05,S,32,PRACTICE_SQUAD_CANDIDATE,NONE,5,DRAFT,2026,0,GENERATED
TB,TB_S_06,S,31,CAMP_BODY,NONE,6,UDFA_SIGNING,2025,0,GENERATED
TB,TB_S_07,S,71,CAMP_BODY,NONE,7,DRAFT,2026,0,GENERATED
TB,TB_K_01,K,51,ACTIVE,NONE,1,FREE_AGENCY,2024,1,GENERATED
TB,TB_K_02,K,56,PRACTICE_SQUAD_CANDIDATE,NONE,2,DRAFT,2024,0,GENERATED
TB,TB_P_01,P,19,ACTIVE,NONE,1,DRAFT,2026,1,GENERATED
TB,TB_P_02,P,87,PRACTICE_SQUAD_CANDIDATE,DAY_TO_DAY,2,UDFA_SIGNING,2026,0,GENERATED
TB,TB_LS_01,LS,7,ACTIVE,PUP,1,DRAFT,2025,0,GENERATED
ARI,ARI_QB_01,QB,48,ACTIVE,DAY_TO_DAY,1,DRAFT,2024,1,GENERATED
ARI,ARI_QB_02,QB,88,ACTIVE,NONE,2,DRAFT,2025,1,GENERATED
ARI,ARI_QB_03,QB,52,PRACTICE_SQUAD_CANDIDATE,DAY_TO_DAY,3,DRAFT,2026,0,GENERATED
ARI,ARI_QB_04,QB,85,CAMP_BODY,NONE,4,DRAFT,2025,0,GENERATED
ARI,ARI_RB_01,RB,42,ACTIVE,NONE,1,TRADE,2023,1,GENERATED
ARI,ARI_RB_02,RB,66,ACTIVE,NONE,2,DRAFT,2026,1,GENERATED
ARI,ARI_RB_03,RB,76,ACTIVE,NONE,3,DRAFT,2025,1,GENERATED
ARI,ARI_RB_04,RB,73,PRACTICE_SQUAD_CANDIDATE,NONE,4,DRAFT,2026,0,GENERATED
ARI,ARI_RB_05,RB,67,CAMP_BODY,NONE,5,DRAFT,2025,0,GENERATED
ARI,ARI_FB_01,FB,61,ACTIVE,IR,1,DRAFT,2026,0,GENERATED
ARI,ARI_WR_01,WR,45,ACTIVE,NONE,1,DRAFT,2025,1,GENERATED
ARI,ARI_WR_02,WR,47,ACTIVE,NONE,2,RE_SIGNED,2024,1,GENERATED
ARI,ARI_WR_03,WR,15,ACTIVE,NONE,3,DRAFT,2026,1,GENERATED
ARI,ARI_WR_04,WR,25,ACTIVE,NONE,4,FREE_AGENCY,2021,1,GENERATED
ARI,ARI_WR_05,WR,39,ACTIVE,NONE,5,DRAFT,2026,1,GENERATED
ARI,ARI_WR_06,WR,86,ACTIVE,NONE,6,UDFA_SIGNING,2025,1,GENERATED
ARI,ARI_WR_07,WR,83,PRACTICE_SQUAD_CANDIDATE,NONE,7,DRAFT,2025,0,GENERATED
ARI,ARI_WR_08,WR,21,PRACTICE_SQUAD_CANDIDATE,NONE,8,RE_SIGNED,2025,0,GENERATED
ARI,ARI_WR_09,WR,95,CAMP_BODY,NONE,9,DRAFT,2026,0,GENERATED
ARI,ARI_WR_10,WR,89,CAMP_BODY,NONE,10,DRAFT,2026,0,GENERATED
ARI,ARI_WR_11,WR,78,CAMP_BODY,NONE,11,DRAFT,2025,0,GENERATED
ARI,ARI_TE_01,TE,12,ACTIVE,NONE,1,DRAFT,2022,1,GENERATED
ARI,ARI_TE_02,TE,71,ACTIVE,NONE,2,DRAFT,2025,1,GENERATED
ARI,ARI_TE_03,TE,97,ACTIVE,NONE,3,TRADE,2021,1,GENERATED
ARI,ARI_TE_04,TE,37,PRACTICE_SQUAD_CANDIDATE,NONE,4,DRAFT,2025,0,GENERATED
ARI,ARI_TE_05,TE,64,CAMP_BODY,NONE,5,UDFA_SIGNING,2025,0,GENERATED
ARI,ARI_TE_06,TE,80,CAMP_BODY,NONE,6,UDFA_SIGNING,2026,0,GENERATED
ARI,ARI_OT_01,OT,14,ACTIVE,NONE,1,FREE_AGENCY,2024,1,GENERATED
ARI,ARI_OT_02,OT,33,ACTIVE,NONE,2,WAIVER_CLAIM,2024,1,GENERATED
ARI,ARI_OT_03,OT,38,ACTIVE,NONE,3,DRAFT,2025,1,GENERATED
ARI,ARI_OT_04,OT,44,ACTIVE,NONE,4,RE_SIGNED,2025,1,GENERATED
ARI,ARI_OT_05,OT,4,PRACTICE_SQUAD_CANDIDATE,NONE,5,DRAFT,2026,0,GENERATED
ARI,ARI_OT_06,OT,46,CAMP_BODY,NONE,6,UDFA_SIGNING,2025,0,GENERATED
ARI,ARI_OG_01,OG,53,ACTIVE,NONE,1,DRAFT,2025,1,GENERATED
ARI,ARI_OG_02,OG,18,ACTIVE,NONE,2,DRAFT,2025,1,GENERATED
ARI,ARI_OG_03,OG,75,ACTIVE,NONE,3,UDFA_SIGNING,2025,1,GENERATED
ARI,ARI_OG_04,OG,99,ACTIVE,DAY_TO_DAY,4,DRAFT,2025,1,GENERATED
ARI,ARI_OG_05,OG,59,PRACTICE_SQUAD_CANDIDATE,NONE,5,DRAFT,2025,0,GENERATED
ARI,ARI_OG_06,OG,8,CAMP_BODY,NONE,6,DRAFT,2026,0,GENERATED
ARI,ARI_C_01,C,57,ACTIVE,NONE,1,DRAFT,2026,1,GENERATED
ARI,ARI_C_02,C,72,ACTIVE,NONE,2,DRAFT,2026,1,GENERATED
ARI,ARI_C_03,C,87,PRACTICE_SQUAD_CANDIDATE,NONE,3,DRAFT,2025,0,GENERATED
ARI,ARI_EDGE_01,EDGE,79,ACTIVE,NONE,1,FREE_AGENCY,2019,1,GENERATED
ARI,ARI_EDGE_02,EDGE,91,ACTIVE,NONE,2,DRAFT,2026,1,GENERATED
ARI,ARI_EDGE_03,EDGE,17,ACTIVE,NONE,3,DRAFT,2025,1,GENERATED
ARI,ARI_EDGE_04,EDGE,68,ACTIVE,NONE,4,DRAFT,2026,1,GENERATED
ARI,ARI_EDGE_05,EDGE,58,ACTIVE,NONE,5,DRAFT,2025,1,GENERATED
ARI,ARI_EDGE_06,EDGE,11,PRACTICE_SQUAD_CANDIDATE,NONE,6,FREE_AGENCY,2026,0,GENERATED
ARI,ARI_EDGE_07,EDGE,69,PRACTICE_SQUAD_CANDIDATE,DAY_TO_DAY,7,FREE_AGENCY,2025,0,GENERATED
ARI,ARI_EDGE_08,EDGE,7,CAMP_BODY,NONE,8,DRAFT,2026,0,GENERATED
ARI,ARI_EDGE_09,EDGE,84,CAMP_BODY,NONE,9,UDFA_SIGNING,2026,0,GENERATED
ARI,ARI_DT_01,DT,51,ACTIVE,NONE,1,FREE_AGENCY,2024,1,GENERATED
ARI,ARI_DT_02,DT,43,ACTIVE,NONE,2,DRAFT,2026,1,GENERATED
ARI,ARI_DT_03,DT,55,ACTIVE,IR,3,DRAFT,2024,0,GENERATED
ARI,ARI_DT_04,DT,92,ACTIVE,NONE,4,DRAFT,2025,1,GENERATED
ARI,ARI_DT_05,DT,16,ACTIVE,NONE,5,DRAFT,2025,1,GENERATED
ARI,ARI_DT_06,DT,74,PRACTICE_SQUAD_CANDIDATE,NONE,6,DRAFT,2025,0,GENERATED
ARI,ARI_DT_07,DT,63,CAMP_BODY,NONE,7,DRAFT,2026,0,GENERATED
ARI,ARI_DT_08,DT,27,CAMP_BODY,NONE,8,UDFA_SIGNING,2025,0,GENERATED
ARI,ARI_LB_01,LB,41,ACTIVE,NONE,1,FREE_AGENCY,2020,1,GENERATED
ARI,ARI_LB_02,LB,82,ACTIVE,NONE,2,WAIVER_CLAIM,2024,1,GENERATED
ARI,ARI_LB_03,LB,28,ACTIVE,NONE,3,DRAFT,2025,1,GENERATED
ARI,ARI_LB_04,LB,35,ACTIVE,NONE,4,FREE_AGENCY,2026,1,GENERATED
ARI,ARI_LB_05,LB,70,ACTIVE,NONE,5,DRAFT,2024,1,GENERATED
ARI,ARI_LB_06,LB,81,PRACTICE_SQUAD_CANDIDATE,NONE,6,FREE_AGENCY,2025,0,GENERATED
ARI,ARI_LB_07,LB,56,CAMP_BODY,NONE,7,WAIVER_CLAIM,2025,0,GENERATED
ARI,ARI_LB_08,LB,30,CAMP_BODY,NONE,8,UDFA_SIGNING,2026,0,GENERATED
ARI,ARI_CB_01,CB,5,ACTIVE,NONE,1,FREE_AGENCY,2023,1,GENERATED
ARI,ARI_CB_02,CB,60,ACTIVE,NONE,2,FREE_AGENCY,2026,1,GENERATED
ARI,ARI_CB_03,CB,3,ACTIVE,NONE,3,FREE_AGENCY,2026,1,GENERATED
ARI,ARI_CB_04,CB,6,ACTIVE,NONE,4,DRAFT,2026,1,GENERATED
ARI,ARI_CB_05,CB,36,ACTIVE,NONE,5,FREE_AGENCY,2026,1,GENERATED
ARI,ARI_CB_06,CB,49,ACTIVE,NONE,6,DRAFT,2026,1,GENERATED
ARI,ARI_CB_07,CB,20,PRACTICE_SQUAD_CANDIDATE,NONE,7,UDFA_SIGNING,2026,0,GENERATED
ARI,ARI_CB_08,CB,29,PRACTICE_SQUAD_CANDIDATE,NONE,8,UDFA_SIGNING,2025,0,GENERATED
ARI,ARI_CB_09,CB,93,CAMP_BODY,NONE,9,DRAFT,2026,0,GENERATED
ARI,ARI_CB_10,CB,2,CAMP_BODY,NONE,10,DRAFT,2025,0,GENERATED
ARI,ARI_CB_11,CB,22,CAMP_BODY,NFI,11,DRAFT,2026,0,GENERATED
ARI,ARI_S_01,S,24,ACTIVE,NONE,1,DRAFT,2025,1,GENERATED
ARI,ARI_S_02,S,96,ACTIVE,NONE,2,DRAFT,2025,1,GENERATED
ARI,ARI_S_03,S,1,ACTIVE,NONE,3,DRAFT,2023,1,GENERATED
ARI,ARI_S_04,S,32,ACTIVE,NONE,4,DRAFT,2025,1,GENERATED
ARI,ARI_S_05,S,19,PRACTICE_SQUAD_CANDIDATE,NONE,5,DRAFT,2025,0,GENERATED
ARI,ARI_S_06,S,65,CAMP_BODY,NONE,6,DRAFT,2026,0,GENERATED
ARI,ARI_S_07,S,31,CAMP_BODY,NONE,7,UDFA_SIGNING,2025,0,GENERATED
ARI,ARI_K_01,K,90,ACTIVE,NONE,1,DRAFT,2024,1,GENERATED
ARI,ARI_K_02,K,34,PRACTICE_SQUAD_CANDIDATE,NONE,2,TRADE,2025,0,GENERATED
ARI,ARI_P_01,P,23,ACTIVE,NONE,1,FREE_AGENCY,2021,1,GENERATED
ARI,ARI_P_02,P,54,PRACTICE_SQUAD_CANDIDATE,NONE,2,UDFA_SIGNING,2026,0,GENERATED
ARI,ARI_LS_01,LS,50,ACTIVE,NONE,1,WAIVER_CLAIM,2019,1,GENERATED
LAR,LAR_QB_01,QB,5,ACTIVE,NONE,1,DRAFT,2022,1,GENERATED
LAR,LAR_QB_02,QB,52,ACTIVE,NONE,2,DRAFT,2026,1,GENERATED
LAR,LAR_QB_03,QB,35,PRACTICE_SQUAD_CANDIDATE,NONE,3,FREE_AGENCY,2025,0,GENERATED
LAR,LAR_QB_04,QB,21,CAMP_BODY,NONE,4,UDFA_SIGNING,2025,0,GENERATED
LAR,LAR_RB_01,RB,18,ACTIVE,PUP,1,DRAFT,2026,0,GENERATED
LAR,LAR_RB_02,RB,59,ACTIVE,NONE,2,DRAFT,2023,1,GENERATED
LAR,LAR_RB_03,RB,45,ACTIVE,NONE,3,DRAFT,2025,1,GENERATED
LAR,LAR_RB_04,RB,26,PRACTICE_SQUAD_CANDIDATE,NONE,4,DRAFT,2026,0,GENERATED
LAR,LAR_RB_05,RB,82,CAMP_BODY,NONE,5,UDFA_SIGNING,2025,0,GENERATED
LAR,LAR_FB_01,FB,3,ACTIVE,NONE,1,FREE_AGENCY,2026,1,GENERATED
LAR,LAR_WR_01,WR,50,ACTIVE,NONE,1,FREE_AGENCY,2026,1,GENERATED
LAR,LAR_WR_02,WR,30,ACTIVE,NONE,2,DRAFT,2024,1,GENERATED
LAR,LAR_WR_03,WR,54,ACTIVE,NONE,3,FREE_AGENCY,2025,1,GENERATED
LAR,LAR_WR_04,WR,87,ACTIVE,NONE,4,DRAFT,2023,1,GENERATED
LAR,LAR_WR_05,WR,38,ACTIVE,NONE,5,TRADE,2026,1,GENERATED
LAR,LAR_WR_06,WR,75,ACTIVE,NONE,6,DRAFT,2024,1,GENERATED
LAR,LAR_WR_07,WR,9,PRACTICE_SQUAD_CANDIDATE,NONE,7,DRAFT,2023,0,GENERATED
LAR,LAR_WR_08,WR,36,PRACTICE_SQUAD_CANDIDATE,NONE,8,DRAFT,2026,0,GENERATED
LAR,LAR_WR_09,WR,66,CAMP_BODY,DAY_TO_DAY,9,RE_SIGNED,2026,0,GENERATED
LAR,LAR_WR_10,WR,56,CAMP_BODY,NONE,10,UDFA_SIGNING,2025,0,GENERATED
LAR,LAR_WR_11,WR,53,CAMP_BODY,NONE,11,WAIVER_CLAIM,2024,0,GENERATED
LAR,LAR_TE_01,TE,40,ACTIVE,NONE,1,FREE_AGENCY,2023,1,GENERATED
LAR,LAR_TE_02,TE,78,ACTIVE,NONE,2,FREE_AGENCY,2025,1,GENERATED
LAR,LAR_TE_03,TE,1,ACTIVE,NONE,3,TRADE,2026,1,GENERATED
LAR,LAR_TE_04,TE,32,PRACTICE_SQUAD_CANDIDATE,NONE,4,WAIVER_CLAIM,2024,0,GENERATED
LAR,LAR_TE_05,TE,17,CAMP_BODY,DAY_TO_DAY,5,DRAFT,2025,0,GENERATED
LAR,LAR_TE_06,TE,91,CAMP_BODY,NONE,6,DRAFT,2026,0,GENERATED
LAR,LAR_OT_01,OT,46,ACTIVE,NONE,1,DRAFT,2025,1,GENERATED
LAR,LAR_OT_02,OT,7,ACTIVE,NONE,2,FREE_AGENCY,2026,1,GENERATED
LAR,LAR_OT_03,OT,85,ACTIVE,NONE,3,WAIVER_CLAIM,2026,1,GENERATED
LAR,LAR_OT_04,OT,43,ACTIVE,NONE,4,WAIVER_CLAIM,2026,1,GENERATED
LAR,LAR_OT_05,OT,97,PRACTICE_SQUAD_CANDIDATE,NONE,5,FREE_AGENCY,2025,0,GENERATED
LAR,LAR_OT_06,OT,24,CAMP_BODY,NONE,6,UDFA_SIGNING,2025,0,GENERATED
LAR,LAR_OG_01,OG,8,ACTIVE,NONE,1,FREE_AGENCY,2022,1,GENERATED
LAR,LAR_OG_02,OG,23,ACTIVE,NONE,2,DRAFT,2024,1,GENERATED
LAR,LAR_OG_03,OG,12,ACTIVE,NONE,3,FREE_AGENCY,2018,1,GENERATED
LAR,LAR_OG_04,OG,83,ACTIVE,NONE,4,DRAFT,2025,1,GENERATED
LAR,LAR_OG_05,OG,13,PRACTICE_SQUAD_CANDIDATE,NONE,5,DRAFT,2025,0,GENERATED
LAR,LAR_OG_06,OG,10,CAMP_BODY,NONE,6,UDFA_SIGNING,2025,0,GENERATED
LAR,LAR_C_01,C,70,ACTIVE,NONE,1,DRAFT,2024,1,GENERATED
LAR,LAR_C_02,C,68,ACTIVE,NONE,2,FREE_AGENCY,2025,1,GENERATED
LAR,LAR_C_03,C,99,PRACTICE_SQUAD_CANDIDATE,NONE,3,WAIVER_CLAIM,2025,0,GENERATED
LAR,LAR_EDGE_01,EDGE,48,ACTIVE,NONE,1,DRAFT,2025,1,GENERATED
LAR,LAR_EDGE_02,EDGE,11,ACTIVE,NONE,2,DRAFT,2024,1,GENERATED
LAR,LAR_EDGE_03,EDGE,92,ACTIVE,NONE,3,DRAFT,2026,1,GENERATED
LAR,LAR_EDGE_04,EDGE,86,ACTIVE,NONE,4,RE_SIGNED,2018,1,GENERATED
LAR,LAR_EDGE_05,EDGE,31,ACTIVE,NONE,5,WAIVER_CLAIM,2026,1,GENERATED
LAR,LAR_EDGE_06,EDGE,84,PRACTICE_SQUAD_CANDIDATE,NONE,6,FREE_AGENCY,2021,0,GENERATED
LAR,LAR_EDGE_07,EDGE,49,PRACTICE_SQUAD_CANDIDATE,NONE,7,WAIVER_CLAIM,2020,0,GENERATED
LAR,LAR_EDGE_08,EDGE,63,CAMP_BODY,NONE,8,UDFA_SIGNING,2025,0,GENERATED
LAR,LAR_EDGE_09,EDGE,25,CAMP_BODY,NONE,9,DRAFT,2025,0,GENERATED
LAR,LAR_DT_01,DT,41,ACTIVE,NONE,1,FREE_AGENCY,2021,1,GENERATED
LAR,LAR_DT_02,DT,34,ACTIVE,NONE,2,FREE_AGENCY,2024,1,GENERATED
LAR,LAR_DT_03,DT,67,ACTIVE,NONE,3,FREE_AGENCY,2021,1,GENERATED
LAR,LAR_DT_04,DT,77,ACTIVE,NONE,4,UDFA_SIGNING,2025,1,GENERATED
LAR,LAR_DT_05,DT,69,ACTIVE,NONE,5,DRAFT,2025,1,GENERATED
LAR,LAR_DT_06,DT,62,PRACTICE_SQUAD_CANDIDATE,NONE,6,DRAFT,2025,0,GENERATED
LAR,LAR_DT_07,DT,73,CAMP_BODY,NONE,7,DRAFT,2025,0,GENERATED
LAR,LAR_DT_08,DT,16,CAMP_BODY,NONE,8,DRAFT,2025,0,GENERATED
LAR,LAR_LB_01,LB,15,ACTIVE,NONE,1,FREE_AGENCY,2023,1,GENERATED
LAR,LAR_LB_02,LB,19,ACTIVE,NONE,2,FREE_AGENCY,2026,1,GENERATED
LAR,LAR_LB_03,LB,58,ACTIVE,NONE,3,DRAFT,2023,1,GENERATED
LAR,LAR_LB_04,LB,90,ACTIVE,NONE,4,DRAFT,2026,1,GENERATED
LAR,LAR_LB_05,LB,22,ACTIVE,NONE,5,DRAFT,2025,1,GENERATED
LAR,LAR_LB_06,LB,20,PRACTICE_SQUAD_CANDIDATE,NONE,6,FREE_AGENCY,2025,0,GENERATED
LAR,LAR_LB_07,LB,76,CAMP_BODY,DAY_TO_DAY,7,UDFA_SIGNING,2025,0,GENERATED
LAR,LAR_LB_08,LB,89,CAMP_BODY,DAY_TO_DAY,8,DRAFT,2024,0,GENERATED
LAR,LAR_CB_01,CB,27,ACTIVE,NONE,1,DRAFT,2026,1,GENERATED
LAR,LAR_CB_02,CB,96,ACTIVE,NONE,2,WAIVER_CLAIM,2026,1,GENERATED
LAR,LAR_CB_03,CB,2,ACTIVE,NONE,3,RE_SIGNED,2024,1,GENERATED
LAR,LAR_CB_04,CB,29,ACTIVE,NONE,4,FREE_AGENCY,2022,1,GENERATED
LAR,LAR_CB_05,CB,33,ACTIVE,NONE,5,DRAFT,2025,1,GENERATED
LAR,LAR_CB_06,CB,57,ACTIVE,NONE,6,FREE_AGENCY,2023,1,GENERATED
LAR,LAR_CB_07,CB,60,PRACTICE_SQUAD_CANDIDATE,NONE,7,DRAFT,2025,0,GENERATED
LAR,LAR_CB_08,CB,55,PRACTICE_SQUAD_CANDIDATE,NONE,8,FREE_AGENCY,2026,0,GENERATED
LAR,LAR_CB_09,CB,71,CAMP_BODY,DAY_TO_DAY,9,DRAFT,2025,0,GENERATED
LAR,LAR_CB_10,CB,4,CAMP_BODY,NONE,10,TRADE,2025,0,GENERATED
LAR,LAR_CB_11,CB,39,CAMP_BODY,NONE,11,DRAFT,2025,0,GENERATED
LAR,LAR_S_01,S,42,ACTIVE,NONE,1,TRADE,2025,1,GENERATED
LAR,LAR_S_02,S,79,ACTIVE,NONE,2,DRAFT,2025,1,GENERATED
LAR,LAR_S_03,S,81,ACTIVE,NONE,3,DRAFT,2025,1,GENERATED
LAR,LAR_S_04,S,6,ACTIVE,NONE,4,UDFA_SIGNING,2026,1,GENERATED
LAR,LAR_S_05,S,44,PRACTICE_SQUAD_CANDIDATE,NONE,5,DRAFT,2025,0,GENERATED
LAR,LAR_S_06,S,65,CAMP_BODY,NONE,6,DRAFT,2025,0,GENERATED
LAR,LAR_S_07,S,72,CAMP_BODY,NONE,7,UDFA_SIGNING,2025,0,GENERATED
LAR,LAR_K_01,K,80,ACTIVE,NONE,1,DRAFT,2026,1,GENERATED
LAR,LAR_K_02,K,64,PRACTICE_SQUAD_CANDIDATE,NONE,2,DRAFT,2025,0,GENERATED
LAR,LAR_P_01,P,93,ACTIVE,IR,1,DRAFT,2023,0,GENERATED
LAR,LAR_P_02,P,95,PRACTICE_SQUAD_CANDIDATE,NONE,2,FREE_AGENCY,2021,0,GENERATED
LAR,LAR_LS_01,LS,98,ACTIVE,NONE,1,RE_SIGNED,2022,1,GENERATED
SF,SF_QB_01,QB,39,ACTIVE,NONE,1,FREE_AGENCY,2023,1,GENERATED
SF,SF_QB_02,QB,58,ACTIVE,NONE,2,DRAFT,2025,1,GENERATED
SF,SF_QB_03,QB,59,PRACTICE_SQUAD_CANDIDATE,DAY_TO_DAY,3,DRAFT,2025,0,GENERATED
SF,SF_QB_04,QB,16,CAMP_BODY,PUP,4,UDFA_SIGNING,2025,0,GENERATED
SF,SF_RB_01,RB,43,ACTIVE,NONE,1,DRAFT,2025,1,GENERATED
SF,SF_RB_02,RB,71,ACTIVE,DAY_TO_DAY,2,TRADE,2023,1,GENERATED
SF,SF_RB_03,RB,98,ACTIVE,NONE,3,DRAFT,2025,1,GENERATED
SF,SF_RB_04,RB,79,PRACTICE_SQUAD_CANDIDATE,NONE,4,UDFA_SIGNING,2026,0,GENERATED
SF,SF_RB_05,RB,63,CAMP_BODY,NONE,5,DRAFT,2025,0,GENERATED
SF,SF_FB_01,FB,27,ACTIVE,NONE,1,FREE_AGENCY,2017,1,GENERATED
SF,SF_WR_01,WR,12,ACTIVE,NONE,1,FREE_AGENCY,2022,1,GENERATED
SF,SF_WR_02,WR,84,ACTIVE,NONE,2,DRAFT,2025,1,GENERATED
SF,SF_WR_03,WR,92,ACTIVE,NONE,3,DRAFT,2025,1,GENERATED
SF,SF_WR_04,WR,50,ACTIVE,NONE,4,DRAFT,2025,1,GENERATED
SF,SF_WR_05,WR,32,ACTIVE,NONE,5,RE_SIGNED,2026,1,GENERATED
SF,SF_WR_06,WR,96,ACTIVE,DAY_TO_DAY,6,FREE_AGENCY,2017,1,GENERATED
SF,SF_WR_07,WR,77,PRACTICE_SQUAD_CANDIDATE,NONE,7,TRADE,2025,0,GENERATED
SF,SF_WR_08,WR,34,PRACTICE_SQUAD_CANDIDATE,NONE,8,UDFA_SIGNING,2026,0,GENERATED
SF,SF_WR_09,WR,87,CAMP_BODY,NONE,9,DRAFT,2026,0,GENERATED
SF,SF_WR_10,WR,29,CAMP_BODY,NONE,10,DRAFT,2026,0,GENERATED
SF,SF_WR_11,WR,76,CAMP_BODY,NONE,11,DRAFT,2026,0,GENERATED
SF,SF_TE_01,TE,45,ACTIVE,NONE,1,DRAFT,2026,1,GENERATED
SF,SF_TE_02,TE,5,ACTIVE,NONE,2,TRADE,2026,1,GENERATED
SF,SF_TE_03,TE,13,ACTIVE,NONE,3,RE_SIGNED,2023,1,GENERATED
SF,SF_TE_04,TE,81,PRACTICE_SQUAD_CANDIDATE,PUP,4,FREE_AGENCY,2021,0,GENERATED
SF,SF_TE_05,TE,20,CAMP_BODY,NONE,5,DRAFT,2026,0,GENERATED
SF,SF_TE_06,TE,10,CAMP_BODY,NONE,6,DRAFT,2026,0,GENERATED
SF,SF_OT_01,OT,33,ACTIVE,NONE,1,DRAFT,2026,1,GENERATED
SF,SF_OT_02,OT,9,ACTIVE,NONE,2,DRAFT,2025,1,GENERATED
SF,SF_OT_03,OT,70,ACTIVE,NONE,3,RE_SIGNED,2025,1,GENERATED
SF,SF_OT_04,OT,95,ACTIVE,NONE,4,FREE_AGENCY,2025,1,GENERATED
SF,SF_OT_05,OT,62,PRACTICE_SQUAD_CANDIDATE,NONE,5,RE_SIGNED,2022,0,GENERATED
SF,SF_OT_06,OT,69,CAMP_BODY,NONE,6,WAIVER_CLAIM,2024,0,GENERATED
SF,SF_OG_01,OG,46,ACTIVE,NONE,1,DRAFT,2023,1,GENERATED
SF,SF_OG_02,OG,60,ACTIVE,NONE,2,DRAFT,2025,1,GENERATED
SF,SF_OG_03,OG,31,ACTIVE,NONE,3,DRAFT,2025,1,GENERATED
SF,SF_OG_04,OG,18,ACTIVE,NONE,4,DRAFT,2024,1,GENERATED
SF,SF_OG_05,OG,40,PRACTICE_SQUAD_CANDIDATE,NONE,5,UDFA_SIGNING,2025,0,GENERATED
SF,SF_OG_06,OG,56,CAMP_BODY,NONE,6,DRAFT,2025,0,GENERATED
SF,SF_C_01,C,4,ACTIVE,NONE,1,RE_SIGNED,2026,1,GENERATED
SF,SF_C_02,C,42,ACTIVE,NONE,2,DRAFT,2025,1,GENERATED
SF,SF_C_03,C,37,PRACTICE_SQUAD_CANDIDATE,NONE,3,WAIVER_CLAIM,2026,0,GENERATED
SF,SF_EDGE_01,EDGE,86,ACTIVE,NONE,1,FREE_AGENCY,2026,1,GENERATED
SF,SF_EDGE_02,EDGE,74,ACTIVE,NONE,2,DRAFT,2025,1,GENERATED
SF,SF_EDGE_03,EDGE,80,ACTIVE,NONE,3,DRAFT,2026,1,GENERATED
SF,SF_EDGE_04,EDGE,54,ACTIVE,NONE,4,WAIVER_CLAIM,2024,1,GENERATED
SF,SF_EDGE_05,EDGE,61,ACTIVE,DAY_TO_DAY,5,FREE_AGENCY,2018,1,GENERATED
SF,SF_EDGE_06,EDGE,41,PRACTICE_SQUAD_CANDIDATE,NONE,6,FREE_AGENCY,2026,0,GENERATED
SF,SF_EDGE_07,EDGE,8,PRACTICE_SQUAD_CANDIDATE,PUP,7,DRAFT,2025,0,GENERATED
SF,SF_EDGE_08,EDGE,30,CAMP_BODY,NONE,8,DRAFT,2026,0,GENERATED
SF,SF_EDGE_09,EDGE,1,CAMP_BODY,NONE,9,UDFA_SIGNING,2026,0,GENERATED
SF,SF_DT_01,DT,91,ACTIVE,NONE,1,FREE_AGENCY,2025,1,GENERATED
SF,SF_DT_02,DT,51,ACTIVE,NONE,2,TRADE,2023,1,GENERATED
SF,SF_DT_03,DT,11,ACTIVE,NONE,3,DRAFT,2025,1,GENERATED
SF,SF_DT_04,DT,90,ACTIVE,NONE,4,DRAFT,2024,1,GENERATED
SF,SF_DT_05,DT,22,ACTIVE,NONE,5,DRAFT,2025,1,GENERATED
SF,SF_DT_06,DT,17,PRACTICE_SQUAD_CANDIDATE,NONE,6,UDFA_SIGNING,2026,0,GENERATED
SF,SF_DT_07,DT,25,CAMP_BODY,NONE,7,DRAFT,2026,0,GENERATED
SF,SF_DT_08,DT,75,CAMP_BODY,NONE,8,DRAFT,2024,0,GENERATED
SF,SF_LB_01,LB,48,ACTIVE,NONE,1,DRAFT,2026,1,GENERATED
SF,SF_LB_02,LB,14,ACTIVE,NONE,2,FREE_AGENCY,2025,1,GENERATED
SF,SF_LB_03,LB,49,ACTIVE,NONE,3,WAIVER_CLAIM,2025,1,GENERATED
SF,SF_LB_04,LB,3,ACTIVE,NONE,4,FREE_AGENCY,2020,1,GENERATED
SF,SF_LB_05,LB,36,ACTIVE,NONE,5,DRAFT,2025,1,GENERATED
SF,SF_LB_06,LB,82,PRACTICE_SQUAD_CANDIDATE,NONE,6,UDFA_SIGNING,2026,0,GENERATED
SF,SF_LB_07,LB,24,CAMP_BODY,DAY_TO_DAY,7,RE_SIGNED,2024,0,GENERATED
SF,SF_LB_08,LB,64,CAMP_BODY,NONE,8,DRAFT,2026,0,GENERATED
SF,SF_CB_01,CB,85,ACTIVE,NONE,1,DRAFT,2026,1,GENERATED
SF,SF_CB_02,CB,44,ACTIVE,NONE,2,TRADE,2013,1,GENERATED
SF,SF_CB_03,CB,23,ACTIVE,NONE,3,DRAFT,2026,1,GENERATED
SF,SF_CB_04,CB,6,ACTIVE,NONE,4,UDFA_SIGNING,2025,1,GENERATED
SF,SF_CB_05,CB,35,ACTIVE,NONE,5,FREE_AGENCY,2026,1,GENERATED
SF,SF_CB_06,CB,73,ACTIVE,DAY_TO_DAY,6,WAIVER_CLAIM,2026,1,GENERATED
SF,SF_CB_07,CB,66,PRACTICE_SQUAD_CANDIDATE,NONE,7,RE_SIGNED,2023,0,GENERATED
SF,SF_CB_08,CB,52,PRACTICE_SQUAD_CANDIDATE,NONE,8,FREE_AGENCY,2025,0,GENERATED
SF,SF_CB_09,CB,57,CAMP_BODY,NONE,9,WAIVER_CLAIM,2026,0,GENERATED
SF,SF_CB_10,CB,89,CAMP_BODY,NONE,10,DRAFT,2025,0,GENERATED
SF,SF_CB_11,CB,67,CAMP_BODY,NONE,11,DRAFT,2026,0,GENERATED
SF,SF_S_01,S,38,ACTIVE,NONE,1,FREE_AGENCY,2023,1,GENERATED
SF,SF_S_02,S,47,ACTIVE,NONE,2,DRAFT,2026,1,GENERATED
SF,SF_S_03,S,15,ACTIVE,NONE,3,WAIVER_CLAIM,2026,1,GENERATED
SF,SF_S_04,S,94,ACTIVE,NONE,4,RE_SIGNED,2023,1,GENERATED
SF,SF_S_05,S,78,PRACTICE_SQUAD_CANDIDATE,NONE,5,UDFA_SIGNING,2026,0,GENERATED
SF,SF_S_06,S,93,CAMP_BODY,NONE,6,DRAFT,2025,0,GENERATED
SF,SF_S_07,S,28,CAMP_BODY,NONE,7,UDFA_SIGNING,2026,0,GENERATED
SF,SF_K_01,K,72,ACTIVE,DAY_TO_DAY,1,DRAFT,2026,1,GENERATED
SF,SF_K_02,K,2,PRACTICE_SQUAD_CANDIDATE,NONE,2,DRAFT,2024,0,GENERATED
SF,SF_P_01,P,7,ACTIVE,NONE,1,DRAFT,2024,1,GENERATED
SF,SF_P_02,P,55,PRACTICE_SQUAD_CANDIDATE,DAY_TO_DAY,2,TRADE,2025,0,GENERATED
SF,SF_LS_01,LS,99,ACTIVE,NONE,1,DRAFT,2026,1,GENERATED
SEA,SEA_QB_01,QB,86,ACTIVE,NONE,1,RE_SIGNED,2026,1,GENERATED
SEA,SEA_QB_02,QB,35,ACTIVE,NONE,2,FREE_AGENCY,2026,1,GENERATED
SEA,SEA_QB_03,QB,14,PRACTICE_SQUAD_CANDIDATE,NFI,3,DRAFT,2026,0,GENERATED
SEA,SEA_QB_04,QB,21,CAMP_BODY,NONE,4,DRAFT,2025,0,GENERATED
SEA,SEA_RB_01,RB,94,ACTIVE,DAY_TO_DAY,1,FREE_AGENCY,2016,1,GENERATED
SEA,SEA_RB_02,RB,36,ACTIVE,NONE,2,FREE_AGENCY,2024,1,GENERATED
SEA,SEA_RB_03,RB,80,ACTIVE,NONE,3,DRAFT,2024,1,GENERATED
SEA,SEA_RB_04,RB,51,PRACTICE_SQUAD_CANDIDATE,NONE,4,DRAFT,2026,0,GENERATED
SEA,SEA_RB_05,RB,59,CAMP_BODY,NONE,5,DRAFT,2025,0,GENERATED
SEA,SEA_FB_01,FB,52,ACTIVE,NONE,1,WAIVER_CLAIM,2026,1,GENERATED
SEA,SEA_WR_01,WR,91,ACTIVE,NONE,1,DRAFT,2023,1,GENERATED
SEA,SEA_WR_02,WR,29,ACTIVE,NONE,2,DRAFT,2026,1,GENERATED
SEA,SEA_WR_03,WR,92,ACTIVE,NONE,3,DRAFT,2026,1,GENERATED
SEA,SEA_WR_04,WR,47,ACTIVE,NONE,4,FREE_AGENCY,2024,1,GENERATED
SEA,SEA_WR_05,WR,53,ACTIVE,NONE,5,FREE_AGENCY,2024,1,GENERATED
SEA,SEA_WR_06,WR,45,ACTIVE,NONE,6,DRAFT,2026,1,GENERATED
SEA,SEA_WR_07,WR,73,PRACTICE_SQUAD_CANDIDATE,NONE,7,DRAFT,2025,0,GENERATED
SEA,SEA_WR_08,WR,20,PRACTICE_SQUAD_CANDIDATE,NONE,8,DRAFT,2024,0,GENERATED
SEA,SEA_WR_09,WR,23,CAMP_BODY,NONE,9,DRAFT,2026,0,GENERATED
SEA,SEA_WR_10,WR,68,CAMP_BODY,NONE,10,FREE_AGENCY,2025,0,GENERATED
SEA,SEA_WR_11,WR,98,CAMP_BODY,NONE,11,DRAFT,2025,0,GENERATED
SEA,SEA_TE_01,TE,64,ACTIVE,DAY_TO_DAY,1,DRAFT,2026,1,GENERATED
SEA,SEA_TE_02,TE,38,ACTIVE,NONE,2,DRAFT,2026,1,GENERATED
SEA,SEA_TE_03,TE,54,ACTIVE,NONE,3,DRAFT,2024,1,GENERATED
SEA,SEA_TE_04,TE,77,PRACTICE_SQUAD_CANDIDATE,NONE,4,UDFA_SIGNING,2026,0,GENERATED
SEA,SEA_TE_05,TE,17,CAMP_BODY,NONE,5,UDFA_SIGNING,2026,0,GENERATED
SEA,SEA_TE_06,TE,12,CAMP_BODY,NONE,6,UDFA_SIGNING,2025,0,GENERATED
SEA,SEA_OT_01,OT,7,ACTIVE,NONE,1,RE_SIGNED,2023,1,GENERATED
SEA,SEA_OT_02,OT,41,ACTIVE,NONE,2,RE_SIGNED,2019,1,GENERATED
SEA,SEA_OT_03,OT,75,ACTIVE,NONE,3,RE_SIGNED,2025,1,GENERATED
SEA,SEA_OT_04,OT,11,ACTIVE,NFI,4,DRAFT,2026,0,GENERATED
SEA,SEA_OT_05,OT,50,PRACTICE_SQUAD_CANDIDATE,NONE,5,DRAFT,2026,0,GENERATED
SEA,SEA_OT_06,OT,89,CAMP_BODY,DAY_TO_DAY,6,DRAFT,2025,0,GENERATED
SEA,SEA_OG_01,OG,90,ACTIVE,NONE,1,DRAFT,2025,1,GENERATED
SEA,SEA_OG_02,OG,4,ACTIVE,NONE,2,DRAFT,2023,1,GENERATED
SEA,SEA_OG_03,OG,60,ACTIVE,NONE,3,DRAFT,2022,1,GENERATED
SEA,SEA_OG_04,OG,85,ACTIVE,NONE,4,DRAFT,2024,1,GENERATED
SEA,SEA_OG_05,OG,78,PRACTICE_SQUAD_CANDIDATE,NONE,5,DRAFT,2026,0,GENERATED
SEA,SEA_OG_06,OG,82,CAMP_BODY,NONE,6,DRAFT,2026,0,GENERATED
SEA,SEA_C_01,C,93,ACTIVE,NONE,1,DRAFT,2024,1,GENERATED
SEA,SEA_C_02,C,65,ACTIVE,NONE,2,RE_SIGNED,2024,1,GENERATED
SEA,SEA_C_03,C,56,PRACTICE_SQUAD_CANDIDATE,NONE,3,DRAFT,2025,0,GENERATED
SEA,SEA_EDGE_01,EDGE,72,ACTIVE,NONE,1,DRAFT,2025,1,GENERATED
SEA,SEA_EDGE_02,EDGE,99,ACTIVE,IR,2,DRAFT,2024,0,GENERATED
SEA,SEA_EDGE_03,EDGE,13,ACTIVE,NONE,3,WAIVER_CLAIM,2016,1,GENERATED
SEA,SEA_EDGE_04,EDGE,95,ACTIVE,DAY_TO_DAY,4,DRAFT,2024,1,GENERATED
SEA,SEA_EDGE_05,EDGE,26,ACTIVE,NONE,5,DRAFT,2024,1,GENERATED
SEA,SEA_EDGE_06,EDGE,22,PRACTICE_SQUAD_CANDIDATE,NONE,6,DRAFT,2026,0,GENERATED
SEA,SEA_EDGE_07,EDGE,24,PRACTICE_SQUAD_CANDIDATE,NONE,7,TRADE,2025,0,GENERATED
SEA,SEA_EDGE_08,EDGE,46,CAMP_BODY,NONE,8,DRAFT,2026,0,GENERATED
SEA,SEA_EDGE_09,EDGE,34,CAMP_BODY,DAY_TO_DAY,9,UDFA_SIGNING,2025,0,GENERATED
SEA,SEA_DT_01,DT,6,ACTIVE,DAY_TO_DAY,1,FREE_AGENCY,2025,1,GENERATED
SEA,SEA_DT_02,DT,16,ACTIVE,NONE,2,DRAFT,2025,1,GENERATED
SEA,SEA_DT_03,DT,2,ACTIVE,NONE,3,UDFA_SIGNING,2026,1,GENERATED
SEA,SEA_DT_04,DT,15,ACTIVE,NONE,4,UDFA_SIGNING,2026,1,GENERATED
SEA,SEA_DT_05,DT,44,ACTIVE,NONE,5,DRAFT,2025,1,GENERATED
SEA,SEA_DT_06,DT,70,PRACTICE_SQUAD_CANDIDATE,NONE,6,DRAFT,2024,0,GENERATED
SEA,SEA_DT_07,DT,69,CAMP_BODY,NONE,7,DRAFT,2025,0,GENERATED
SEA,SEA_DT_08,DT,49,CAMP_BODY,DAY_TO_DAY,8,FREE_AGENCY,2023,0,GENERATED
SEA,SEA_LB_01,LB,96,ACTIVE,NONE,1,FREE_AGENCY,2019,1,GENERATED
SEA,SEA_LB_02,LB,84,ACTIVE,NONE,2,DRAFT,2026,1,GENERATED
SEA,SEA_LB_03,LB,28,ACTIVE,DAY_TO_DAY,3,DRAFT,2023,1,GENERATED
SEA,SEA_LB_04,LB,30,ACTIVE,NONE,4,DRAFT,2025,1,GENERATED
SEA,SEA_LB_05,LB,8,ACTIVE,NONE,5,RE_SIGNED,2021,1,GENERATED
SEA,SEA_LB_06,LB,71,PRACTICE_SQUAD_CANDIDATE,NONE,6,WAIVER_CLAIM,2023,0,GENERATED
SEA,SEA_LB_07,LB,25,CAMP_BODY,NONE,7,DRAFT,2026,0,GENERATED
SEA,SEA_LB_08,LB,97,CAMP_BODY,NONE,8,UDFA_SIGNING,2025,0,GENERATED
SEA,SEA_CB_01,CB,33,ACTIVE,NONE,1,FREE_AGENCY,2021,1,GENERATED
SEA,SEA_CB_02,CB,81,ACTIVE,NONE,2,DRAFT,2026,1,GENERATED
SEA,SEA_CB_03,CB,43,ACTIVE,NONE,3,DRAFT,2026,1,GENERATED
SEA,SEA_CB_04,CB,57,ACTIVE,NONE,4,UDFA_SIGNING,2026,1,GENERATED
SEA,SEA_CB_05,CB,48,ACTIVE,NONE,5,DRAFT,2026,1,GENERATED
SEA,SEA_CB_06,CB,58,ACTIVE,NONE,6,FREE_AGENCY,2025,1,GENERATED
SEA,SEA_CB_07,CB,3,PRACTICE_SQUAD_CANDIDATE,NONE,7,DRAFT,2025,0,GENERATED
SEA,SEA_CB_08,CB,87,PRACTICE_SQUAD_CANDIDATE,NONE,8,DRAFT,2026,0,GENERATED
SEA,SEA_CB_09,CB,83,CAMP_BODY,DAY_TO_DAY,9,UDFA_SIGNING,2025,0,GENERATED
SEA,SEA_CB_10,CB,79,CAMP_BODY,NONE,10,UDFA_SIGNING,2025,0,GENERATED
SEA,SEA_CB_11,CB,31,CAMP_BODY,NONE,11,UDFA_SIGNING,2026,0,GENERATED
SEA,SEA_S_01,S,55,ACTIVE,NONE,1,RE_SIGNED,2026,1,GENERATED
SEA,SEA_S_02,S,66,ACTIVE,NONE,2,DRAFT,2025,1,GENERATED
SEA,SEA_S_03,S,27,ACTIVE,NONE,3,FREE_AGENCY,2026,1,GENERATED
SEA,SEA_S_04,S,32,ACTIVE,NONE,4,TRADE,2026,1,GENERATED
SEA,SEA_S_05,S,10,PRACTICE_SQUAD_CANDIDATE,NONE,5,DRAFT,2025,0,GENERATED
SEA,SEA_S_06,S,76,CAMP_BODY,NONE,6,UDFA_SIGNING,2025,0,GENERATED
SEA,SEA_S_07,S,9,CAMP_BODY,NONE,7,DRAFT,2023,0,GENERATED
SEA,SEA_K_01,K,67,ACTIVE,IR,1,DRAFT,2026,0,GENERATED
SEA,SEA_K_02,K,19,PRACTICE_SQUAD_CANDIDATE,DAY_TO_DAY,2,TRADE,2026,0,GENERATED
SEA,SEA_P_01,P,63,ACTIVE,NONE,1,DRAFT,2026,1,GENERATED
SEA,SEA_P_02,P,1,PRACTICE_SQUAD_CANDIDATE,NONE,2,FREE_AGENCY,2024,0,GENERATED
SEA,SEA_LS_01,LS,74,ACTIVE,NONE,1,DRAFT,2024,1,GENERATED
